Tempo(s),Fila1,Fila2,Fila3,TotalSistema,ServidorOcupado,E[N],E[W],PerdasF1,PerdasF2,PerdasF3
10,3,3,7,14,1,4.678460,0.429217,0,0,0
20,0,2,10,13,1,10.737974,0.976179,0,0,2
30,1,5,20,27,1,15.621898,1.487800,0,0,33
40,0,2,18,21,1,15.730103,1.530910,0,0,41
50,0,1,13,15,1,15.074103,1.486598,0,0,41
60,0,0,0,0,0,14.405144,1.457519,0,0,41
70,2,0,11,14,1,13.177226,1.358477,0,0,41
80,0,0,3,4,1,12.328617,1.279234,0,0,41
90,0,2,4,7,1,11.632248,1.214504,0,0,41
100,4,4,14,23,1,12.318094,1.279137,0,0,46
110,3,2,8,14,1,12.112877,1.272604,0,0,46
120,2,1,15,19,1,12.872992,1.343269,0,0,64
130,4,1,18,24,1,12.964013,1.346104,0,0,64
140,4,1,14,20,1,13.288945,1.391513,0,0,71
150,1,3,11,16,1,13.771463,1.433532,0,0,87
160,3,2,11,17,1,13.518782,1.400003,0,0,87
170,0,0,3,4,1,13.257323,1.375913,0,0,87
180,1,0,15,17,1,12.888478,1.337133,0,0,87
190,3,2,19,25,1,13.364073,1.395918,0,0,97
200,0,1,16,18,1,13.647843,1.426107,0,0,104
210,0,0,8,9,1,13.369625,1.399612,0,0,104
220,0,0,0,0,0,12.918407,1.352069,0,0,104
230,0,0,5,6,1,12.661403,1.332170,0,0,104
240,1,1,15,18,1,12.384169,1.302454,0,0,104
250,0,6,9,16,1,12.572298,1.326192,0,0,107
260,2,3,12,18,1,12.907207,1.363068,0,0,111
270,0,2,0,3,1,12.893975,1.366853,0,0,111
280,0,0,5,6,1,12.575551,1.327235,0,0,111
290,0,0,0,0,0,12.219273,1.298494,0,0,111
300,1,0,9,11,1,12.070584,1.280925,0,0,111
310,1,1,10,13,1,12.275643,1.297018,0,0,117
320,0,1,16,18,1,12.480675,1.310737,0,0,128
330,0,1,19,21,1,12.597952,1.316442,0,0,130
340,1,0,15,17,1,12.763917,1.339010,0,0,136
350,3,2,7,13,1,12.724873,1.335444,0,0,136
360,1,1,12,15,1,12.785615,1.339587,0,0,137
370,3,0,8,12,1,12.728491,1.331884,0,0,137
380,3,3,16,23,1,12.847631,1.344931,0,0,144
390,1,0,19,21,1,12.941044,1.358914,0,0,154
400,0,4,15,20,1,12.933202,1.361031,0,0,156
410,0,0,3,4,1,12.935032,1.363683,0,0,156
420,2,0,10,13,1,12.744071,1.341817,0,0,156
430,3,2,9,15,1,12.736069,1.337692,0,0,156
440,1,1,9,12,1,12.843950,1.350057,0,0,157
450,1,0,6,8,1,12.744394,1.342143,0,0,157
460,0,0,1,2,1,12.588895,1.328491,0,0,157
470,1,0,11,13,1,12.471527,1.314854,0,0,157
480,0,0,14,15,1,12.537697,1.321787,0,0,157
490,1,0,3,5,1,12.466540,1.313961,0,0,157
500,0,1,4,6,1,12.422059,1.306760,0,0,157
510,1,3,15,20,1,12.433089,1.305513,0,0,161
520,1,1,18,21,1,12.521215,1.313767,0,0,162
530,0,1,5,7,1,12.584139,1.320712,0,0,167
540,0,0,0,1,1,12.453204,1.308059,0,0,167
550,0,0,4,5,1,12.290693,1.289315,0,0,167
560,0,0,3,4,1,12.207379,1.277543,0,0,167
570,2,0,19,22,1,12.224673,1.276436,0,0,171
580,0,0,3,4,1,12.315383,1.285623,0,0,177
590,0,5,9,15,1,12.258166,1.277343,0,0,177
600,2,0,15,18,1,12.373788,1.288265,0,0,189
610,0,0,18,19,1,12.552400,1.305313,0,0,204
620,3,0,6,10,1,12.570821,1.308361,0,0,204
630,0,0,1,2,1,12.435521,1.294939,0,0,204
640,0,0,3,4,1,12.276113,1.281055,0,0,204
650,0,1,5,7,1,12.158204,1.269327,0,0,204
660,0,3,10,14,1,12.089127,1.261674,0,0,204
670,3,6,19,29,1,12.221989,1.275503,0,0,217
680,2,2,19,24,1,12.399392,1.296170,0,0,247
690,0,0,12,13,1,12.439714,1.302094,0,0,253
700,0,1,3,5,1,12.393561,1.296785,0,0,253
710,3,1,11,16,1,12.312190,1.285159,0,0,253
720,0,0,0,0,0,12.263173,1.278709,0,0,253
730,4,1,8,14,1,12.196661,1.270123,0,0,253
740,1,0,19,21,1,12.301452,1.281582,0,0,264
750,3,1,20,25,1,12.397455,1.289789,0,0,273
760,1,1,4,7,1,12.452140,1.297276,0,0,285
770,2,2,12,17,1,12.464326,1.295213,0,0,285
780,0,0,4,5,1,12.379407,1.290556,0,0,285
790,0,0,3,4,1,12.342094,1.286653,0,0,285
800,0,0,4,5,1,12.290855,1.282803,0,0,285
810,2,1,5,9,1,12.268178,1.280240,0,0,285
820,1,0,14,16,1,12.321318,1.283634,0,0,285
830,0,1,6,8,1,12.282014,1.279055,0,0,285
840,0,2,10,13,1,12.207720,1.271322,0,0,285
850,0,0,3,4,1,12.163797,1.267995,0,0,285
860,0,1,11,13,1,12.115122,1.260313,0,0,285
870,1,0,18,20,1,12.186774,1.267028,0,0,287
880,1,1,14,17,1,12.298540,1.277921,0,0,305
890,0,1,4,6,1,12.244540,1.272792,0,0,305
900,1,1,11,14,1,12.280036,1.275185,0,0,308
910,2,2,20,25,1,12.318732,1.277789,0,0,311
920,0,0,0,1,1,12.348548,1.282676,0,0,314
930,0,0,0,0,0,12.250240,1.273926,0,0,314
940,0,0,0,0,0,12.151980,1.266814,0,0,314
950,0,1,0,2,1,12.064272,1.257660,0,0,314
960,1,1,4,7,1,12.071826,1.256391,0,0,314
970,1,1,6,9,1,12.052144,1.253681,0,0,314
980,0,0,17,18,1,12.092908,1.258073,0,0,331
990,3,0,19,23,1,12.119221,1.260562,0,0,341
1000,0,0,5,6,1,12.167696,1.265359,0,0,341
1010,1,1,20,23,1,12.164798,1.263518,0,0,342
1020,2,2,15,20,1,12.251158,1.273691,0,0,354
1030,1,1,20,23,1,12.365223,1.285574,0,0,376
1040,0,3,17,21,1,12.439046,1.293531,0,0,384
1050,1,2,16,20,1,12.533607,1.303515,0,0,398
1060,1,1,17,20,1,12.583564,1.308730,0,0,399
1070,0,0,0,1,1,12.598140,1.310647,0,0,405
1080,0,4,9,14,1,12.555377,1.306214,0,0,405
1090,0,1,14,16,1,12.510991,1.300866,0,0,405
1100,5,1,12,19,1,12.511025,1.299540,0,0,405
1110,2,1,6,10,1,12.544166,1.303016,0,0,405
1120,0,0,3,4,1,12.494493,1.298732,0,0,405
1130,0,2,4,7,1,12.442656,1.293606,0,0,405
1140,0,2,13,16,1,12.391449,1.287365,0,0,405
1150,0,5,18,24,1,12.468407,1.294805,0,0,419
1160,2,1,6,10,1,12.522864,1.300494,0,0,428
1170,0,1,8,10,1,12.540304,1.301646,0,0,431
1180,1,0,15,17,1,12.544884,1.301245,0,0,431
1190,3,5,19,28,1,12.610369,1.306717,0,0,436
1200,1,0,17,19,1,12.685457,1.313874,0,0,445
1210,1,1,12,15,1,12.760748,1.322414,0,0,472
1220,0,1,17,19,1,12.751527,1.321177,0,0,472
1230,1,0,4,6,1,12.729093,1.319466,0,0,472
1240,0,0,2,3,1,12.658821,1.313551,0,0,472
1250,2,2,17,22,1,12.631112,1.311043,0,0,476
1260,3,0,15,19,1,12.679858,1.317659,0,0,485
1270,0,1,10,12,1,12.653736,1.316154,0,0,485
1280,3,0,14,18,1,12.694825,1.319157,0,0,488
1290,0,0,15,16,1,12.732250,1.322112,0,0,490
1300,0,0,9,10,1,12.735944,1.321051,0,0,490
1310,1,2,9,13,1,12.785913,1.325018,0,0,506
1320,0,1,15,17,1,12.843956,1.330667,0,0,512
1330,2,2,13,18,1,12.895979,1.335486,0,0,519
1340,0,4,11,16,1,12.859222,1.331841,0,0,519
1350,0,1,8,10,1,12.892989,1.336010,0,0,521
1360,2,1,17,21,1,12.923230,1.340114,0,0,535
1370,4,4,13,22,1,12.968427,1.344540,0,0,537
1380,1,1,9,12,1,13.006475,1.348631,0,0,538
1390,0,0,18,19,1,13.016669,1.347622,0,0,538
1400,2,2,17,22,1,13.079560,1.353491,0,0,561
1410,2,1,20,24,1,13.125968,1.357759,0,0,579
1420,0,1,7,9,1,13.174937,1.363289,0,0,587
1430,0,1,16,18,1,13.170143,1.362067,0,0,587
1440,2,6,18,27,1,13.255099,1.371414,0,0,608
1450,0,1,19,21,1,13.333001,1.380918,0,0,627
1460,2,3,11,17,1,13.394830,1.387278,0,0,656
1470,0,1,9,11,1,13.425535,1.390316,0,0,659
1480,0,1,7,9,1,13.392938,1.386898,0,0,659
1490,1,1,5,8,1,13.339972,1.381564,0,0,659
1500,0,1,8,10,1,13.283883,1.375238,0,0,659
1510,2,1,9,13,1,13.259023,1.371592,0,0,659
1520,0,1,1,3,1,13.254789,1.371963,0,0,659
1530,0,1,13,15,1,13.243837,1.369219,0,0,659
1540,0,1,6,8,1,13.207804,1.367120,0,0,659
1550,0,4,16,21,1,13.197858,1.365599,0,0,659
1560,0,0,19,20,1,13.207319,1.366728,0,0,659
1570,4,2,18,25,1,13.250399,1.371605,0,0,668
1580,0,8,20,29,1,13.310792,1.378182,0,0,688
1590,0,1,8,10,1,13.322934,1.381110,0,0,694
1600,2,1,12,16,1,13.350628,1.383216,0,0,694
1610,0,0,8,9,1,13.341812,1.381993,0,0,694
1620,0,0,1,2,1,13.287613,1.376338,0,0,694
1630,2,0,8,11,1,13.249611,1.370881,0,0,694
1640,0,0,8,9,1,13.246301,1.370595,0,0,697
1650,0,2,17,20,1,13.241898,1.369937,0,0,697
1660,3,4,14,22,1,13.308360,1.377127,0,0,711
1670,1,1,5,8,1,13.300730,1.376478,0,0,711
1680,4,1,19,25,1,13.318736,1.377715,0,0,727
1690,1,0,10,12,1,13.362618,1.384685,0,0,746
1700,2,0,10,13,1,13.373188,1.385316,0,0,746
1710,1,0,17,19,1,13.339155,1.381919,0,0,746
1720,1,0,5,7,1,13.319619,1.379939,0,0,746
1730,0,2,2,5,1,13.261464,1.373710,0,0,746
1740,0,0,7,8,1,13.214199,1.369510,0,0,746
1750,1,1,8,11,1,13.184091,1.366591,0,0,746
1760,1,0,13,15,1,13.165147,1.364505,0,0,746
1770,0,1,7,9,1,13.154484,1.364157,0,0,746
1780,0,0,1,2,1,13.114189,1.359458,0,0,746
1790,0,0,6,7,1,13.054935,1.353274,0,0,746
1800,0,0,6,7,1,13.045776,1.353062,0,0,746
1810,1,2,17,21,1,13.049778,1.353045,0,0,757
1820,0,0,8,9,1,13.026862,1.351011,0,0,757
1830,0,1,4,6,1,12.996439,1.347583,0,0,757
1840,0,0,4,5,1,12.960576,1.343746,0,0,757
1850,0,1,7,9,1,12.904254,1.338466,0,0,757
1860,0,0,12,13,1,12.885691,1.336645,0,0,757
1870,1,0,15,17,1,12.913336,1.339766,0,0,759
1880,0,0,2,3,1,12.932322,1.342431,0,0,766
1890,0,0,8,9,1,12.903938,1.338921,0,0,766
1900,1,0,0,2,1,12.892768,1.338886,0,0,773
1910,0,0,5,6,1,12.846280,1.334080,0,0,773
1920,1,1,7,10,1,12.803418,1.329865,0,0,773
1930,2,0,6,9,1,12.787901,1.328416,0,0,773
1940,1,0,12,14,1,12.788812,1.328316,0,0,773
1950,1,0,2,4,1,12.784339,1.327589,0,0,773
1960,0,0,0,1,1,12.766009,1.325917,0,0,773
1970,4,2,7,14,1,12.758039,1.324620,0,0,773
1980,0,0,7,8,1,12.744013,1.322769,0,0,773
1990,0,1,0,2,1,12.715693,1.320404,0,0,773
2000,0,0,1,2,1,12.669335,1.316089,0,0,773
2010,2,2,17,22,1,12.648856,1.313573,0,0,775
2020,4,2,15,22,1,12.703664,1.319488,0,0,798
2030,0,1,7,9,1,12.723946,1.321546,0,0,806
2040,1,1,3,6,1,12.686793,1.319318,0,0,806
2050,0,1,17,19,1,12.696026,1.319486,0,0,806
2060,0,0,4,5,1,12.666061,1.317516,0,0,806
2070,1,1,14,17,1,12.658288,1.315262,0,0,806
2080,0,2,15,18,1,12.690941,1.317618,0,0,807
2090,0,1,19,21,1,12.694734,1.317051,0,0,807
2100,0,2,16,19,1,12.734561,1.322254,0,0,816
2110,0,1,1,3,1,12.710474,1.319838,0,0,817
2120,1,4,11,17,1,12.698621,1.318433,0,0,817
2130,0,1,13,15,1,12.702114,1.318944,0,0,819
2140,0,1,16,18,1,12.736115,1.322879,0,0,826
2150,2,3,17,23,1,12.743212,1.322867,0,0,826
2160,0,1,20,22,1,12.783515,1.327008,0,0,841
2170,0,2,10,13,1,12.811163,1.330154,0,0,845
2180,0,0,8,9,1,12.779944,1.326869,0,0,845
2190,0,0,1,2,1,12.775996,1.326165,0,0,845
2200,0,0,4,5,1,12.736147,1.322112,0,0,845
2210,3,2,14,20,1,12.728347,1.320331,0,0,845
2220,2,4,13,20,1,12.759113,1.322867,0,0,847
2230,1,0,2,4,1,12.776247,1.325596,0,0,851
2240,0,0,1,2,1,12.741765,1.321858,0,0,851
2250,0,0,13,14,1,12.722506,1.319336,0,0,851
2260,2,0,14,17,1,12.749782,1.322130,0,0,857
2270,2,2,15,20,1,12.776885,1.324785,0,0,862
2280,0,0,0,1,1,12.772264,1.325539,0,0,866
2290,3,3,18,25,1,12.769744,1.325179,0,0,866
2300,0,4,15,20,1,12.822144,1.331479,0,0,896
2310,7,0,20,28,1,12.849422,1.333850,0,0,908
2320,0,0,8,9,1,12.891630,1.339330,0,0,936
2330,0,0,0,0,0,12.854055,1.335859,0,0,936
2340,0,2,15,18,1,12.829909,1.332356,0,0,936
2350,2,1,8,12,1,12.819920,1.331572,0,0,936
2360,3,1,5,10,1,12.813285,1.331133,0,0,936
2370,0,0,4,5,1,12.784374,1.327446,0,0,936
2380,0,0,13,14,1,12.774810,1.326298,0,0,936
2390,3,0,13,17,1,12.793775,1.327190,0,0,937
2400,3,1,10,15,1,12.815584,1.329245,0,0,938
2410,0,0,8,9,1,12.826931,1.329816,0,0,938
2420,0,0,7,8,1,12.785338,1.325700,0,0,938
2430,1,1,1,4,1,12.762531,1.322740,0,0,938
2440,3,1,13,18,1,12.763127,1.321369,0,0,941
2450,0,0,12,13,1,12.784820,1.324152,0,0,944
2460,3,1,13,18,1,12.783523,1.324160,0,0,944
2470,7,3,20,31,1,12.838652,1.329956,0,0,975
2480,4,1,16,22,1,12.881483,1.335036,0,0,987
2490,2,0,18,21,1,12.910225,1.337819,0,0,997
2500,2,5,18,26,1,12.933432,1.340641,0,0,1012
2510,3,0,10,14,1,12.966569,1.345046,0,0,1028
2520,0,0,15,16,1,12.982139,1.346185,0,0,1034
2530,1,0,19,21,1,13.018368,1.350686,0,0,1045
2540,0,0,6,7,1,13.023163,1.351425,0,0,1048
2550,2,3,16,22,1,13.042885,1.352996,0,0,1054
2560,3,1,20,25,1,13.054599,1.354727,0,0,1061
2570,2,6,17,26,1,13.115303,1.361102,0,0,1079
2580,5,4,19,29,1,13.151748,1.364465,0,0,1080
2590,0,1,0,2,1,13.160760,1.366351,0,0,1098
2600,1,1,12,15,1,13.147641,1.364680,0,0,1098
2610,0,3,9,13,1,13.127921,1.362977,0,0,1098
2620,1,1,6,9,1,13.145710,1.364949,0,0,1099
2630,0,0,8,9,1,13.114202,1.361211,0,0,1099
2640,0,0,4,5,1,13.090466,1.358605,0,0,1099
2650,0,2,9,12,1,13.069299,1.356427,0,0,1099
2660,1,0,15,17,1,13.095850,1.359413,0,0,1117
2670,0,0,0,1,1,13.058641,1.355885,0,0,1117
2680,0,2,16,19,1,13.056586,1.355110,0,0,1118
2690,1,4,19,25,1,13.067815,1.355823,0,0,1120
2700,2,0,11,14,1,13.094208,1.358999,0,0,1134
2710,0,1,12,14,1,13.113006,1.360500,0,0,1153
2720,0,1,18,20,1,13.099074,1.359489,0,0,1153
2730,2,1,20,24,1,13.122306,1.361918,0,0,1162
2740,2,0,18,21,1,13.159479,1.366208,0,0,1187
2750,2,1,17,21,1,13.189437,1.369594,0,0,1207
2760,1,1,9,12,1,13.198680,1.370054,0,0,1208
2770,0,1,1,3,1,13.174110,1.367674,0,0,1208
2780,0,0,3,4,1,13.140267,1.364381,0,0,1208
2790,1,1,3,6,1,13.105293,1.361272,0,0,1208
2800,0,0,1,2,1,13.078996,1.359210,0,0,1208
2810,0,0,9,10,1,13.044162,1.356303,0,0,1208
2820,2,0,6,9,1,13.057817,1.357281,0,0,1213
2830,0,0,4,5,1,13.032973,1.355008,0,0,1213
2840,0,0,0,1,1,13.004539,1.352061,0,0,1213
2850,1,1,3,6,1,12.965524,1.348309,0,0,1213
2860,0,2,13,16,1,12.939107,1.344934,0,0,1213
2870,6,1,18,26,1,12.970946,1.348595,0,0,1223
2880,0,0,5,6,1,12.995047,1.352086,0,0,1246
2890,0,0,5,6,1,12.965919,1.348915,0,0,1246
2900,4,1,19,25,1,12.994275,1.351871,0,0,1265
2910,1,1,3,6,1,12.979809,1.350227,0,0,1265
2920,1,3,20,25,1,12.991883,1.350960,0,0,1273
2930,4,1,17,23,1,13.009544,1.352372,0,0,1280
2940,0,0,4,5,1,13.010366,1.352898,0,0,1284
2950,1,0,5,7,1,12.992961,1.350762,0,0,1284
2960,0,2,10,13,1,12.972681,1.348900,0,0,1284
2970,0,0,18,19,1,12.971745,1.348905,0,0,1284
2980,0,1,8,10,1,12.987639,1.350189,0,0,1286
2990,2,1,18,22,1,13.003607,1.350731,0,0,1286
3000,2,2,10,15,1,13.028763,1.353357,0,0,1294
3010,0,0,11,12,1,13.018756,1.351677,0,0,1294
3020,1,0,18,20,1,13.042543,1.354394,0,0,1309
3030,0,0,2,3,1,13.039373,1.354264,0,0,1309
3040,4,1,16,22,1,13.031108,1.353003,0,0,1322
3050,0,2,17,20,1,13.060131,1.356031,0,0,1341
3060,0,4,14,19,1,13.080715,1.357952,0,0,1351
3070,2,0,1,4,1,13.081703,1.358621,0,0,1352
3080,2,0,13,16,1,13.059847,1.355815,0,0,1352
3090,0,0,0,1,1,13.056404,1.355245,0,0,1352
3100,0,0,2,3,1,13.025418,1.352542,0,0,1352
3110,0,0,12,13,1,13.025834,1.352238,0,0,1352
3120,1,0,3,5,1,13.030604,1.351983,0,0,1352
3130,1,0,13,15,1,13.010218,1.349393,0,0,1352
3140,0,0,5,6,1,12.983429,1.347211,0,0,1352
3150,1,1,14,17,1,12.995087,1.348127,0,0,1357
3160,0,0,1,2,1,12.987467,1.347309,0,0,1357
3170,0,0,0,1,1,12.959766,1.344321,0,0,1357
3180,0,0,12,13,1,12.941022,1.341957,0,0,1357
3190,1,1,3,6,1,12.916740,1.339066,0,0,1357
3200,3,2,11,17,1,12.918605,1.338629,0,0,1357
3210,0,0,15,16,1,12.919578,1.338752,0,0,1357
3220,0,0,3,4,1,12.910969,1.338140,0,0,1357
3230,0,6,17,24,1,12.897513,1.336208,0,0,1364
3240,4,1,20,26,1,12.927780,1.340181,0,0,1379
3250,2,1,16,20,1,12.952640,1.343249,0,0,1385
3260,2,2,15,20,1,12.972392,1.344973,0,0,1392
3270,1,0,11,13,1,12.989226,1.346610,0,0,1410
3280,1,2,16,20,1,13.002894,1.347748,0,0,1417
3290,3,2,18,24,1,13.025894,1.350238,0,0,1428
3300,5,4,18,28,1,13.048199,1.352612,0,0,1436
3310,1,4,16,22,1,13.068195,1.355002,0,0,1445
3320,0,1,15,17,1,13.068272,1.355367,0,0,1446
3330,0,0,3,4,1,13.076302,1.356260,0,0,1447
3340,0,0,2,3,1,13.053535,1.353244,0,0,1447
3350,5,0,18,24,1,13.056354,1.352718,0,0,1455
3360,4,0,7,12,1,13.077283,1.354950,0,0,1467
3370,0,0,1,2,1,13.066493,1.353853,0,0,1467
3380,0,0,2,3,1,13.047018,1.352147,0,0,1467
3390,3,3,16,23,1,13.066980,1.354153,0,0,1474
3400,0,2,19,22,1,13.093698,1.357315,0,0,1500
3410,0,0,19,20,1,13.116166,1.359746,0,0,1508
3420,0,0,6,7,1,13.111336,1.359800,0,0,1508
3430,0,0,1,2,1,13.080070,1.357190,0,0,1508
3440,1,1,2,5,1,13.052391,1.354456,0,0,1508
3450,0,1,3,5,1,13.023450,1.351143,0,0,1508
3460,1,0,6,8,1,13.004447,1.348783,0,0,1508
3470,2,1,3,7,1,12.984319,1.346671,0,0,1508
3480,4,1,10,16,1,12.995021,1.347718,0,0,1512
3490,0,1,6,8,1,13.007113,1.348989,0,0,1512
3500,4,0,14,19,1,12.995923,1.347645,0,0,1513
3510,0,2,20,23,1,13.023991,1.350055,0,0,1520
3520,0,2,9,12,1,13.022683,1.349541,0,0,1526
3530,1,4,19,25,1,13.041928,1.351237,0,0,1545
3540,7,4,20,32,1,13.066286,1.353980,0,0,1564
3550,1,0,15,17,1,13.108688,1.359266,0,0,1616
3560,1,1,9,12,1,13.126448,1.361601,0,0,1620
3570,0,0,1,2,1,13.096502,1.358787,0,0,1620
3580,2,0,11,14,1,13.075559,1.356629,0,0,1620
3590,2,1,20,24,1,13.094800,1.358445,0,0,1633
3600,1,1,18,21,1,13.105312,1.359590,0,0,1638
3610,2,6,19,28,1,13.129456,1.361797,0,0,1648
3620,1,1,16,19,1,13.150563,1.364315,0,0,1662
3630,6,6,13,26,1,13.171957,1.366120,0,0,1678
3640,3,0,17,21,1,13.200357,1.369316,0,0,1692
3650,1,2,13,17,1,13.194783,1.368870,0,0,1692
3660,0,1,16,18,1,13.194165,1.369442,0,0,1692
3670,1,0,12,14,1,13.198405,1.370051,0,0,1692
3680,10,6,20,37,1,13.226017,1.372272,0,0,1709
3690,1,1,13,16,1,13.248523,1.374892,0,0,1717
3700,1,3,18,23,1,13.251195,1.374914,0,0,1718
3710,0,0,7,8,1,13.245925,1.374651,0,0,1724
3720,0,0,3,4,1,13.219639,1.372089,0,0,1724
3730,1,0,12,14,1,13.200242,1.369975,0,0,1724
3740,0,1,5,7,1,13.176380,1.367588,0,0,1724
3750,2,1,11,15,1,13.162948,1.365867,0,0,1724
3760,7,0,20,28,1,13.180555,1.367330,0,0,1738
3770,4,1,19,25,1,13.203842,1.370100,0,0,1755
3780,4,1,11,17,1,13.227389,1.373198,0,0,1764
3790,1,0,2,4,1,13.216940,1.371976,0,0,1764
3800,3,0,18,22,1,13.213415,1.371547,0,0,1768
3810,0,0,2,3,1,13.219171,1.372644,0,0,1773
3820,2,0,6,9,1,13.201514,1.370784,0,0,1773
3830,0,0,10,11,1,13.190058,1.369458,0,0,1773
3840,1,0,10,12,1,13.195020,1.370170,0,0,1773
3850,2,2,17,22,1,13.201390,1.370768,0,0,1773
3860,3,0,8,12,1,13.215933,1.372327,0,0,1780
3870,0,1,16,18,1,13.214179,1.371714,0,0,1782
3880,2,2,19,24,1,13.234274,1.374143,0,0,1792
3890,0,2,19,22,1,13.253982,1.376201,0,0,1800
3900,0,0,0,0,0,13.255457,1.377025,0,0,1806
3910,1,1,10,13,1,13.246542,1.375743,0,0,1806
3920,0,4,19,24,1,13.263968,1.377454,0,0,1819
3930,0,0,18,19,1,13.281328,1.379814,0,0,1835
3940,1,3,5,10,1,13.293477,1.381596,0,0,1844
3950,1,0,14,16,1,13.308573,1.383136,0,0,1855
3960,1,0,14,16,1,13.297115,1.381809,0,0,1855
3970,3,2,20,26,1,13.307804,1.382638,0,0,1861
3980,0,0,6,7,1,13.314566,1.383494,0,0,1864
3990,0,0,18,19,1,13.306891,1.382705,0,0,1864
4000,0,3,7,11,1,13.313344,1.383528,0,0,1868
4010,2,0,15,18,1,13.314607,1.383094,0,0,1868
4020,1,0,14,16,1,13.323470,1.383702,0,0,1868
4030,2,2,11,16,1,13.337189,1.385280,0,0,1870
4040,1,1,12,15,1,13.343059,1.385722,0,0,1874
4050,1,0,8,10,1,13.333929,1.384961,0,0,1874
4060,3,1,9,14,1,13.307773,1.382113,0,0,1874
4070,0,1,14,16,1,13.322654,1.383351,0,0,1885
4080,1,0,7,9,1,13.313675,1.382887,0,0,1885
4090,1,1,5,8,1,13.295211,1.380348,0,0,1885
4100,0,0,4,5,1,13.271142,1.377616,0,0,1885
4110,1,0,8,10,1,13.273983,1.377226,0,0,1887
4120,0,0,0,1,1,13.262182,1.376397,0,0,1887
4130,0,0,5,6,1,13.238056,1.373870,0,0,1887
4140,0,0,5,6,1,13.216600,1.371587,0,0,1887
4150,4,0,13,18,1,13.202681,1.370018,0,0,1887
4160,0,0,10,11,1,13.212886,1.371055,0,0,1894
4170,0,3,8,12,1,13.212162,1.370618,0,0,1894
4180,5,1,20,27,1,13.209908,1.370193,0,0,1899
4190,1,0,17,19,1,13.227524,1.372272,0,0,1915
4200,0,0,6,7,1,13.239930,1.374082,0,0,1918
4210,2,0,7,10,1,13.218309,1.372019,0,0,1918
4220,2,1,6,10,1,13.201141,1.370282,0,0,1918
4230,2,1,15,19,1,13.202900,1.370409,0,0,1920
4240,1,0,4,6,1,13.210098,1.371268,0,0,1922
4250,1,1,12,15,1,13.203329,1.370309,0,0,1924
4260,1,3,20,25,1,13.205741,1.370337,0,0,1934
4270,1,0,1,3,1,13.211111,1.371240,0,0,1937
4280,0,0,2,3,1,13.188049,1.369555,0,0,1937
4290,0,0,1,2,1,13.167597,1.367408,0,0,1937
4300,0,4,14,19,1,13.152327,1.365173,0,0,1937
4310,2,1,13,17,1,13.162198,1.365551,0,0,1944
4320,2,1,13,17,1,13.185179,1.367915,0,0,1967
4330,1,0,7,9,1,13.180104,1.367172,0,0,1967
4340,0,0,6,7,1,13.161886,1.365360,0,0,1967
4350,0,0,0,1,1,13.136677,1.363311,0,0,1967
4360,1,0,4,6,1,13.114483,1.361279,0,0,1967
4370,1,2,16,20,1,13.113278,1.361229,0,0,1970
4380,0,1,6,8,1,13.119378,1.362067,0,0,1976
4390,0,0,6,7,1,13.107648,1.360505,0,0,1976
4400,0,0,0,1,1,13.100045,1.359631,0,0,1976
4410,0,0,0,1,1,13.079727,1.357597,0,0,1976
4420,0,1,13,15,1,13.059726,1.355819,0,0,1976
4430,0,0,9,10,1,13.058087,1.355468,0,0,1981
4440,0,0,0,0,0,13.037686,1.353456,0,0,1981
4450,1,1,5,8,1,13.025819,1.352014,0,0,1981
4460,0,0,6,7,1,13.009064,1.349940,0,0,1981
4470,0,3,9,13,1,13.001581,1.349144,0,0,1981
4480,0,0,19,20,1,13.017782,1.351055,0,0,2010
4490,2,2,13,18,1,13.029997,1.352741,0,0,2016
4500,3,0,13,17,1,13.038116,1.353250,0,0,2025
4510,0,0,9,10,1,13.030616,1.352638,0,0,2025
4520,0,0,7,8,1,13.020259,1.351791,0,0,2025
4530,0,2,13,16,1,13.011153,1.350732,0,0,2025
4540,3,0,1,5,1,13.009572,1.350269,0,0,2028
4550,1,2,4,8,1,12.991914,1.348508,0,0,2028
4560,0,1,0,2,1,12.972545,1.346784,0,0,2028
4570,0,0,18,19,1,12.964848,1.345598,0,0,2028
4580,2,0,4,7,1,12.965800,1.345585,0,0,2029
4590,1,5,16,23,1,12.966220,1.345518,0,0,2046
4600,0,1,12,14,1,12.986490,1.347724,0,0,2060
4610,1,2,6,10,1,12.974430,1.346574,0,0,2060
4620,1,3,13,18,1,12.986368,1.347945,0,0,2074
4630,0,3,9,13,1,12.998510,1.349155,0,0,2076
4640,0,0,7,8,1,12.989534,1.347962,0,0,2076
4650,0,0,5,6,1,12.972189,1.346083,0,0,2076
4660,0,0,0,0,0,12.960039,1.344804,0,0,2076
4670,0,3,7,11,1,12.963694,1.345015,0,0,2078
4680,0,0,4,5,1,12.964539,1.344667,0,0,2082
4690,0,0,0,1,1,12.941823,1.342234,0,0,2082
4700,0,2,12,15,1,12.940147,1.341983,0,0,2082
4710,0,4,12,17,1,12.958348,1.344032,0,0,2099
4720,5,3,19,28,1,12.981805,1.346773,0,0,2114
4730,4,1,20,26,1,13.006025,1.349445,0,0,2130
4740,2,1,18,22,1,13.027516,1.351745,0,0,2142
4750,0,0,7,8,1,13.031707,1.352339,0,0,2142
4760,0,0,0,0,0,13.009886,1.350380,0,0,2142
4770,0,0,4,5,1,12.996034,1.349245,0,0,2142
4780,4,0,18,23,1,13.008347,1.350504,0,0,2150
4790,1,1,10,13,1,13.016016,1.351456,0,0,2152
4800,3,4,17,25,1,13.023095,1.351966,0,0,2156
4810,3,1,14,19,1,13.046726,1.354546,0,0,2165
4820,3,1,19,24,1,13.058285,1.355346,0,0,2168
4830,2,5,16,24,1,13.078532,1.357662,0,0,2175
4840,1,0,9,11,1,13.086964,1.358897,0,0,2181
4850,0,4,19,24,1,13.087188,1.358725,0,0,2189
4860,1,3,17,22,1,13.100362,1.360219,0,0,2197
4870,1,5,16,23,1,13.125110,1.362943,0,0,2217
4880,0,1,20,22,1,13.147256,1.365338,0,0,2241
4890,5,0,15,21,1,13.166638,1.367476,0,0,2257
4900,0,0,0,0,0,13.162584,1.367353,0,0,2257
4910,0,2,10,13,1,13.157143,1.366188,0,0,2257
4920,0,1,7,9,1,13.149190,1.365458,0,0,2257
4930,0,0,13,14,1,13.142267,1.364575,0,0,2257
4940,0,0,1,2,1,13.133670,1.363261,0,0,2257
4950,0,0,0,0,0,13.114462,1.360821,0,0,2257
4960,1,1,18,21,1,13.111175,1.360120,0,0,2259
4970,3,1,9,14,1,13.117874,1.360684,0,0,2261
4980,0,1,6,8,1,13.099582,1.359195,0,0,2261
4990,0,2,10,13,1,13.094984,1.358390,0,0,2261
5000,0,0,5,6,1,13.097395,1.358566,0,0,2261
5010,0,1,11,13,1,13.087819,1.357472,0,0,2261
5020,0,4,12,17,1,13.079864,1.356715,0,0,2261
5030,1,0,17,19,1,13.093317,1.358374,0,0,2262
5040,4,0,19,24,1,13.091262,1.357808,0,0,2272
5050,0,1,19,21,1,13.104194,1.359524,0,0,2280
5060,1,2,13,17,1,13.116376,1.360715,0,0,2287
5070,4,0,15,20,1,13.128546,1.362072,0,0,2300
5080,2,0,11,14,1,13.150807,1.364643,0,0,2317
5090,0,2,13,16,1,13.164219,1.366017,0,0,2318
5100,1,1,9,12,1,13.173071,1.366835,0,0,2323
5110,3,2,13,19,1,13.178610,1.367420,0,0,2323
5120,0,0,0,0,0,13.166896,1.366630,0,0,2323
5130,0,1,1,3,1,13.146139,1.364651,0,0,2323
5140,0,1,4,6,1,13.130321,1.363128,0,0,2323
5150,0,1,7,9,1,13.131266,1.362576,0,0,2325
5160,4,2,18,25,1,13.133029,1.362441,0,0,2327
5170,3,6,20,30,1,13.157055,1.365327,0,0,2372
5180,0,0,2,3,1,13.162939,1.366386,0,0,2384
5190,0,0,6,7,1,13.145895,1.364653,0,0,2384
5200,0,0,3,4,1,13.126494,1.362757,0,0,2384
5210,2,0,15,18,1,13.126832,1.362584,0,0,2384
5220,1,0,18,20,1,13.129228,1.362354,0,0,2386
5230,2,3,13,19,1,13.143972,1.363704,0,0,2387
5240,1,1,17,20,1,13.156716,1.365199,0,0,2388
5250,2,2,19,24,1,13.163738,1.365668,0,0,2390
5260,2,3,16,22,1,13.180736,1.367739,0,0,2407
5270,1,0,10,12,1,13.179481,1.367511,0,0,2407
5280,0,1,3,5,1,13.167142,1.366428,0,0,2407
5290,2,3,14,20,1,13.176502,1.367275,0,0,2410
5300,0,2,13,16,1,13.183199,1.367766,0,0,2410
5310,1,1,4,7,1,13.193263,1.368767,0,0,2419
5320,0,2,9,12,1,13.188725,1.368146,0,0,2419
5330,1,0,8,10,1,13.194778,1.368678,0,0,2419
5340,1,3,20,25,1,13.200145,1.369007,0,0,2423
5350,2,0,16,19,1,13.221079,1.371401,0,0,2448
5360,1,1,9,12,1,13.224838,1.371776,0,0,2455
5370,0,0,20,21,1,13.238374,1.373058,0,0,2461
5380,0,1,13,15,1,13.247648,1.374190,0,0,2468
5390,0,0,4,5,1,13.236025,1.373180,0,0,2468
5400,0,0,0,1,1,13.215503,1.371693,0,0,2468
5410,0,0,9,10,1,13.200077,1.369970,0,0,2468
5420,3,3,15,22,1,13.208006,1.370461,0,0,2481
5430,0,0,15,16,1,13.216909,1.371211,0,0,2489
5440,0,0,1,2,1,13.212988,1.371050,0,0,2489
5450,1,1,7,10,1,13.195284,1.369614,0,0,2489
5460,0,1,12,14,1,13.192656,1.370001,0,0,2489
5470,1,0,5,7,1,13.182101,1.368912,0,0,2489
5480,0,2,11,14,1,13.170246,1.367637,0,0,2489
5490,0,0,3,4,1,13.160501,1.366840,0,0,2489
5500,1,3,12,17,1,13.148402,1.365436,0,0,2489
5510,7,0,19,27,1,13.166694,1.367137,0,0,2512
5520,1,0,20,22,1,13.178176,1.368028,0,0,2516
5530,5,2,13,21,1,13.195683,1.370060,0,0,2540
5540,0,0,11,12,1,13.211600,1.371849,0,0,2560
5550,0,0,0,1,1,13.201011,1.370809,0,0,2560
5560,0,1,5,7,1,13.182226,1.368942,0,0,2560
5570,0,0,3,4,1,13.171996,1.368143,0,0,2560
5580,0,1,1,3,1,13.151243,1.366528,0,0,2560
5590,1,1,2,5,1,13.142591,1.365305,0,0,2560
5600,0,1,11,13,1,13.126166,1.363505,0,0,2560
5610,0,0,2,3,1,13.114444,1.362470,0,0,2560
5620,0,0,7,8,1,13.103754,1.361517,0,0,2560
5630,5,4,15,25,1,13.112633,1.361843,0,0,2562
5640,0,0,3,4,1,13.113696,1.362010,0,0,2571
5650,0,0,7,8,1,13.099010,1.360292,0,0,2571
5660,0,0,3,4,1,13.086504,1.359200,0,0,2571
5670,1,1,2,5,1,13.069008,1.357166,0,0,2571
5680,2,1,19,23,1,13.071135,1.357196,0,0,2571
5690,2,1,15,19,1,13.080796,1.358430,0,0,2580
5700,1,0,16,18,1,13.083654,1.358734,0,0,2584
5710,3,0,18,22,1,13.093889,1.359853,0,0,2584
5720,2,1,12,16,1,13.093798,1.359654,0,0,2588
5730,1,1,13,16,1,13.099584,1.360188,0,0,2597
5740,1,3,13,18,1,13.110494,1.361575,0,0,2614
5750,1,2,7,11,1,13.121679,1.362768,0,0,2624
5760,0,0,0,1,1,13.122202,1.363124,0,0,2629
5770,1,2,12,16,1,13.118671,1.362347,0,0,2630
5780,1,2,15,19,1,13.132499,1.363619,0,0,2633
5790,0,1,6,8,1,13.123734,1.363058,0,0,2633
5800,0,0,0,1,1,13.106871,1.361485,0,0,2633
5810,1,1,2,5,1,13.093475,1.360027,0,0,2633
5820,1,0,9,11,1,13.079926,1.358650,0,0,2633
5830,0,1,8,10,1,13.062797,1.357119,0,0,2633
5840,0,0,0,1,1,13.051645,1.356160,0,0,2633
5850,0,0,8,9,1,13.036674,1.354610,0,0,2633
5860,0,0,11,12,1,13.039288,1.354695,0,0,2633
5870,2,0,20,23,1,13.052052,1.356003,0,0,2647
5880,0,0,10,11,1,13.063354,1.357399,0,0,2653
5890,0,0,16,17,1,13.065699,1.357170,0,0,2653
5900,0,2,6,9,1,13.061125,1.356725,0,0,2653
5910,0,0,9,10,1,13.044978,1.355054,0,0,2653
5920,0,0,0,1,1,13.033036,1.353868,0,0,2653
5930,0,0,2,3,1,13.019427,1.352223,0,0,2653
5940,0,0,0,1,1,13.001725,1.350486,0,0,2653
5950,0,0,0,0,0,12.985919,1.348827,0,0,2653
5960,2,5,17,25,1,12.977291,1.347257,0,0,2653
5970,0,0,0,0,0,12.977115,1.347480,0,0,2656
5980,0,0,5,6,1,12.962007,1.345802,0,0,2656
5990,2,3,17,23,1,12.968418,1.346265,0,0,2667
6000,3,3,19,26,1,12.970349,1.346310,0,0,2674
6010,3,0,8,12,1,12.984215,1.347850,0,0,2695
6020,0,3,18,22,1,12.991649,1.348560,0,0,2696
6030,2,2,2,7,1,13.000198,1.349966,0,0,2699
6040,0,0,2,3,1,12.984830,1.348215,0,0,2699
6050,1,0,1,3,1,12.972181,1.346817,0,0,2699
6060,0,2,8,11,1,12.963316,1.345719,0,0,2699
6070,0,0,0,0,0,12.959434,1.345301,0,0,2699
6080,0,0,0,1,1,12.941021,1.343741,0,0,2699
6090,1,1,4,7,1,12.927363,1.342696,0,0,2699
6100,0,3,8,12,1,12.919893,1.342132,0,0,2699
6110,2,3,19,25,1,12.912555,1.341285,0,0,2699
6120,0,0,1,2,1,12.910487,1.341577,0,0,2700
6130,1,1,12,15,1,12.912938,1.341655,0,0,2700
6140,0,0,0,1,1,12.900134,1.340421,0,0,2700
6150,1,2,20,24,1,12.897736,1.340245,0,0,2707
6160,0,0,12,13,1,12.905282,1.341238,0,0,2715
6170,0,1,3,5,1,12.911912,1.341774,0,0,2723
6180,3,2,17,23,1,12.905149,1.340716,0,0,2723
6190,1,2,4,8,1,12.914091,1.341696,0,0,2732
6200,0,1,2,4,1,12.901518,1.340642,0,0,2732
6210,0,0,2,3,1,12.886357,1.339206,0,0,2732
6220,5,1,10,17,1,12.890710,1.339350,0,0,2739
6230,0,2,7,10,1,12.899209,1.340306,0,0,2746
6240,3,0,15,19,1,12.904110,1.340397,0,0,2747
6250,2,0,20,23,1,12.917762,1.341999,0,0,2773
6260,0,0,6,7,1,12.913713,1.341874,0,0,2773
6270,0,0,2,3,1,12.897605,1.340316,0,0,2773
6280,1,0,10,12,1,12.893672,1.339846,0,0,2773
6290,0,0,2,3,1,12.877770,1.338685,0,0,2773
6300,3,5,17,26,1,12.888748,1.339632,0,0,2800
6310,2,1,18,22,1,12.890677,1.339992,0,0,2800
6320,1,1,18,21,1,12.904458,1.341186,0,0,2811
6330,0,0,2,3,1,12.914895,1.342738,0,0,2830
6340,1,2,9,13,1,12.905951,1.341703,0,0,2830
6350,0,0,9,10,1,12.918444,1.343181,0,0,2848
6360,1,0,9,11,1,12.911411,1.342630,0,0,2848
6370,0,1,13,15,1,12.911274,1.342444,0,0,2848
6380,1,0,5,7,1,12.907820,1.342110,0,0,2848
6390,1,3,17,22,1,12.913387,1.342715,0,0,2855
6400,1,3,2,7,1,12.905171,1.342017,0,0,2855
6410,0,1,1,3,1,12.890979,1.340762,0,0,2855
6420,0,0,14,15,1,12.884965,1.339923,0,0,2855
6430,0,0,0,1,1,12.878648,1.339356,0,0,2855
6440,3,1,15,20,1,12.891047,1.340389,0,0,2866
6450,0,0,11,12,1,12.905214,1.341736,0,0,2877
6460,0,2,17,20,1,12.901938,1.341205,0,0,2877
6470,1,4,18,24,1,12.912177,1.341951,0,0,2878
6480,0,0,2,3,1,12.905754,1.341697,0,0,2885
6490,0,0,3,4,1,12.891887,1.340152,0,0,2885
6500,3,1,1,6,1,12.880464,1.339011,0,0,2885
6510,2,2,7,12,1,12.867444,1.337512,0,0,2885
6520,0,0,1,2,1,12.857332,1.336572,0,0,2885
6530,3,1,15,20,1,12.852430,1.335663,0,0,2885
6540,4,0,16,21,1,12.864219,1.336893,0,0,2894
6550,0,1,6,8,1,12.861794,1.336879,0,0,2897
6560,3,1,10,15,1,12.848821,1.335387,0,0,2897
6570,3,1,12,17,1,12.855309,1.335812,0,0,2902
6580,0,0,14,15,1,12.857787,1.336011,0,0,2902
6590,0,0,2,3,1,12.849058,1.335446,0,0,2902
6600,0,0,0,1,1,12.834711,1.333875,0,0,2902
6610,4,0,17,22,1,12.824749,1.332635,0,0,2902
6620,0,0,1,2,1,12.815291,1.332034,0,0,2902
6630,1,1,16,19,1,12.806036,1.330763,0,0,2902
6640,3,5,20,29,1,12.820312,1.332001,0,0,2914
6650,3,0,14,18,1,12.832747,1.333444,0,0,2929
6660,2,0,6,9,1,12.827280,1.333027,0,0,2929
6670,3,1,18,23,1,12.834887,1.333552,0,0,2931
6680,2,2,20,25,1,12.847111,1.334765,0,0,2940
6690,3,1,18,23,1,12.860894,1.336285,0,0,2957
6700,1,6,19,27,1,12.875144,1.337854,0,0,2981
6710,2,2,11,16,1,12.879751,1.338234,0,0,2981
6720,1,0,12,14,1,12.890283,1.339416,0,0,2993
6730,0,0,3,4,1,12.881971,1.338516,0,0,2993
6740,0,0,2,3,1,12.872455,1.337614,0,0,2993
6750,0,1,3,5,1,12.864578,1.336862,0,0,2993
6760,0,0,4,5,1,12.863629,1.336686,0,0,2993
6770,2,0,5,8,1,12.851133,1.335188,0,0,2993
6780,0,0,0,0,0,12.844236,1.334701,0,0,2993
6790,0,6,14,21,1,12.848636,1.335020,0,0,2993
6800,0,1,13,15,1,12.856178,1.335768,0,0,3000
6810,6,2,19,28,1,12.868506,1.336687,0,0,3009
6820,2,0,0,3,1,12.864114,1.336338,0,0,3009
6830,0,2,8,11,1,12.850093,1.334968,0,0,3009
6840,0,7,14,22,1,12.857286,1.335416,0,0,3023
6850,0,0,2,3,1,12.863919,1.336192,0,0,3029
6860,1,0,3,5,1,12.855703,1.335405,0,0,3029
6870,0,0,6,7,1,12.842413,1.333929,0,0,3029
6880,2,1,10,14,1,12.837703,1.333203,0,0,3029
6890,0,0,0,0,0,12.834153,1.332780,0,0,3029
6900,0,0,10,11,1,12.821908,1.331515,0,0,3029
6910,4,0,13,18,1,12.825137,1.331616,0,0,3030
6920,7,0,11,19,1,12.835004,1.332707,0,0,3030
6930,2,0,16,19,1,12.836384,1.332477,0,0,3030
6940,0,0,2,3,1,12.832070,1.332175,0,0,3030
6950,2,5,9,17,1,12.831576,1.331872,0,0,3033
6960,2,0,8,11,1,12.834918,1.332285,0,0,3039
6970,1,0,6,8,1,12.838804,1.332556,0,0,3045
6980,0,2,4,7,1,12.824317,1.331277,0,0,3045
6990,6,3,17,27,1,12.830857,1.331844,0,0,3053
7000,0,1,7,9,1,12.837557,1.332724,0,0,3057
7010,3,0,10,14,1,12.838924,1.332872,0,0,3058
7020,3,0,9,13,1,12.849230,1.333771,0,0,3069
7030,1,2,10,14,1,12.847596,1.333470,0,0,3069
7040,0,0,0,1,1,12.837448,1.332758,0,0,3069
7050,0,1,9,11,1,12.825428,1.331379,0,0,3069
7060,2,3,14,20,1,12.841680,1.333053,0,0,3082
7070,1,0,4,6,1,12.832172,1.332346,0,0,3082
7080,0,0,5,6,1,12.824032,1.331214,0,0,3082
7090,3,3,16,23,1,12.828218,1.331441,0,0,3082
7100,2,2,15,20,1,12.835319,1.332126,0,0,3083
7110,0,2,10,13,1,12.841023,1.332822,0,0,3087
7120,0,0,2,3,1,12.828866,1.331664,0,0,3087
7130,1,0,4,6,1,12.817465,1.330487,0,0,3087
7140,0,8,17,26,1,12.825197,1.331045,0,0,3090
7150,0,0,18,19,1,12.843734,1.333518,0,0,3121
7160,1,3,8,13,1,12.846892,1.334123,0,0,3131
7170,1,1,11,14,1,12.846949,1.334231,0,0,3131
7180,0,0,0,1,1,12.840895,1.333357,0,0,3131
7190,1,2,5,9,1,12.843183,1.333408,0,0,3133
7200,0,3,13,17,1,12.838083,1.332615,0,0,3134
7210,1,0,11,13,1,12.847480,1.333770,0,0,3141
7220,1,1,17,20,1,12.854086,1.334193,0,0,3145
7230,0,1,9,11,1,12.856725,1.334474,0,0,3148
7240,0,0,2,3,1,12.845687,1.333411,0,0,3148
7250,1,0,18,20,1,12.843627,1.333032,0,0,3149
7260,5,2,16,24,1,12.850580,1.333799,0,0,3154
7270,1,2,14,18,1,12.860983,1.335057,0,0,3158
7280,2,1,8,12,1,12.871346,1.336234,0,0,3178
7290,1,3,17,22,1,12.879989,1.337023,0,0,3187
7300,1,0,16,18,1,12.888788,1.338247,0,0,3191
7310,0,0,4,5,1,12.883942,1.338054,0,0,3191
7320,0,0,0,0,0,12.874132,1.337193,0,0,3191
7330,3,0,9,13,1,12.873056,1.337276,0,0,3198
7340,0,0,7,8,1,12.864366,1.336416,0,0,3198
7350,4,3,14,22,1,12.856777,1.335519,0,0,3198
7360,1,0,13,15,1,12.866473,1.336852,0,0,3203
7370,2,0,5,8,1,12.871290,1.337470,0,0,3205
7380,1,1,7,10,1,12.879221,1.338355,0,0,3209
7390,1,2,14,18,1,12.890940,1.339540,0,0,3213
7400,0,0,13,14,1,12.892122,1.339836,0,0,3216
7410,1,1,17,20,1,12.901006,1.340801,0,0,3221
7420,0,3,17,21,1,12.909355,1.341899,0,0,3224
7430,2,0,17,20,1,12.912331,1.342343,0,0,3231
7440,1,0,7,9,1,12.909177,1.342282,0,0,3231
7450,0,5,13,19,1,12.910849,1.342196,0,0,3233
7460,0,0,0,0,0,12.911780,1.342503,0,0,3234
7470,1,0,1,3,1,12.901235,1.341484,0,0,3234
7480,0,0,0,1,1,12.887795,1.340090,0,0,3234
7490,0,1,12,14,1,12.881860,1.339290,0,0,3234
7500,2,3,18,24,1,12.890205,1.340087,0,0,3240
7510,3,1,12,17,1,12.901915,1.341345,0,0,3247
7520,0,0,2,3,1,12.895098,1.340621,0,0,3247
7530,0,0,0,1,1,12.885119,1.339679,0,0,3247
7540,1,0,4,6,1,12.873649,1.338490,0,0,3247
7550,0,3,16,20,1,12.877045,1.338810,0,0,3264
7560,0,1,20,22,1,12.889698,1.340350,0,0,3272
7570,0,0,7,8,1,12.895574,1.341093,0,0,3279
7580,1,1,13,16,1,12.891150,1.340673,0,0,3279
7590,0,0,0,0,0,12.887694,1.340647,0,0,3279
7600,0,0,8,9,1,12.877773,1.339544,0,0,3279
7610,1,0,7,9,1,12.866535,1.338359,0,0,3279
7620,0,0,16,17,1,12.864360,1.337861,0,0,3279
7630,0,1,7,9,1,12.856676,1.337174,0,0,3279
7640,0,3,15,19,1,12.864039,1.337870,0,0,3284
7650,1,0,0,2,1,12.853058,1.337058,0,0,3284
7660,0,2,12,15,1,12.854630,1.337315,0,0,3287
7670,0,1,11,13,1,12.855508,1.337462,0,0,3292
7680,1,1,9,12,1,12.862410,1.338255,0,0,3303
7690,0,0,12,13,1,12.874499,1.339406,0,0,3316
7700,0,0,8,9,1,12.872945,1.339193,0,0,3320
7710,0,0,4,5,1,12.862080,1.337992,0,0,3320
7720,1,1,7,10,1,12.859135,1.337670,0,0,3320
7730,0,1,8,10,1,12.850588,1.336909,0,0,3320
7740,0,0,0,0,0,12.839567,1.335837,0,0,3320
7750,1,0,3,5,1,12.826389,1.334629,0,0,3320
7760,0,1,9,11,1,12.814829,1.333518,0,0,3320
7770,2,1,17,21,1,12.815769,1.333581,0,0,3322
7780,0,3,18,22,1,12.821794,1.334139,0,0,3326
7790,0,1,14,16,1,12.827552,1.334775,0,0,3332
7800,1,1,14,17,1,12.821122,1.334126,0,0,3332
7810,0,0,11,12,1,12.828017,1.334756,0,0,3336
7820,0,0,15,16,1,12.821394,1.333998,0,0,3336
7830,2,1,10,14,1,12.826782,1.334330,0,0,3336
7840,1,0,8,10,1,12.827293,1.334333,0,0,3336
7850,2,0,1,4,1,12.816296,1.333279,0,0,3336
7860,2,1,8,12,1,12.813299,1.332705,0,0,3336
7870,0,2,19,22,1,12.821023,1.333494,0,0,3340
7880,2,0,19,22,1,12.828694,1.334382,0,0,3352
7890,1,1,20,23,1,12.842331,1.335944,0,0,3390
7900,3,1,17,22,1,12.846772,1.336302,0,0,3395
7910,0,0,3,4,1,12.841906,1.335764,0,0,3395
7920,0,0,0,0,0,12.836091,1.335389,0,0,3395
7930,0,0,7,8,1,12.830695,1.334690,0,0,3395
7940,0,2,8,11,1,12.834754,1.335027,0,0,3396
7950,0,1,11,13,1,12.826644,1.334256,0,0,3396
7960,4,1,6,12,1,12.829113,1.334637,0,0,3400
7970,1,0,16,18,1,12.828424,1.334445,0,0,3400
7980,0,2,11,14,1,12.826092,1.334153,0,0,3400
7990,1,2,5,9,1,12.818173,1.333384,0,0,3400
8000,0,1,9,11,1,12.822120,1.333866,0,0,3400
8010,1,1,6,9,1,12.819490,1.333854,0,0,3400
8020,4,0,14,19,1,12.823120,1.334061,0,0,3400
8030,1,2,7,11,1,12.825449,1.334426,0,0,3400
8040,4,2,14,21,1,12.825695,1.334091,0,0,3400
8050,3,1,14,19,1,12.833445,1.334865,0,0,3404
8060,4,3,18,26,1,12.844470,1.335980,0,0,3419
8070,5,0,8,14,1,12.851898,1.336910,0,0,3419
8080,2,0,17,20,1,12.862394,1.337901,0,0,3437
8090,0,1,2,4,1,12.857945,1.337561,0,0,3437
8100,0,0,2,3,1,12.849417,1.336453,0,0,3437
8110,0,2,3,6,1,12.841689,1.335532,0,0,3437
8120,0,0,9,10,1,12.830540,1.334375,0,0,3437
8130,0,1,14,16,1,12.832586,1.334351,0,0,3437
8140,0,0,0,0,0,12.835057,1.334730,0,0,3443
8150,0,0,10,11,1,12.823703,1.333655,0,0,3443
8160,5,2,17,25,1,12.831909,1.334358,0,0,3448
8170,0,0,11,12,1,12.843929,1.335627,0,0,3457
8180,0,0,0,1,1,12.844075,1.335764,0,0,3462
8190,0,0,0,1,1,12.837387,1.335004,0,0,3462
8200,3,1,15,20,1,12.836118,1.334722,0,0,3462
8210,2,2,19,24,1,12.848360,1.335795,0,0,3476
8220,0,1,6,8,1,12.857057,1.336854,0,0,3481
8230,0,0,2,3,1,12.851285,1.336105,0,0,3481
8240,1,0,10,12,1,12.849282,1.335731,0,0,3481
8250,1,2,18,22,1,12.857992,1.336455,0,0,3487
8260,3,7,20,31,1,12.866515,1.337193,0,0,3492
8270,1,2,19,23,1,12.886375,1.339496,0,0,3516
8280,0,2,15,18,1,12.898104,1.340853,0,0,3532
8290,2,2,19,24,1,12.906751,1.341722,0,0,3541
8300,1,0,18,20,1,12.914635,1.342461,0,0,3543
8310,0,1,7,9,1,12.917013,1.342711,0,0,3543
8320,0,0,7,8,1,12.916886,1.342702,0,0,3550
8330,3,1,12,17,1,12.911989,1.342062,0,0,3550
8340,1,1,4,7,1,12.914806,1.342475,0,0,3556
8350,1,0,14,16,1,12.917700,1.342579,0,0,3560
8360,0,0,2,3,1,12.906409,1.341342,0,0,3560
8370,1,2,2,6,1,12.896179,1.340433,0,0,3560
8380,0,0,11,12,1,12.887866,1.339522,0,0,3560
8390,0,1,8,10,1,12.880244,1.338667,0,0,3560
8400,0,1,7,9,1,12.874974,1.337957,0,0,3560
8410,0,0,19,20,1,12.876195,1.337807,0,0,3562
8420,0,0,0,0,0,12.877481,1.337978,0,0,3569
8430,0,0,0,0,0,12.865178,1.337033,0,0,3569
8440,1,1,7,10,1,12.862317,1.336657,0,0,3569
8450,0,0,2,3,1,12.861643,1.336591,0,0,3569
8460,0,0,5,6,1,12.849720,1.335405,0,0,3569
8470,1,0,11,13,1,12.854711,1.335714,0,0,3573
8480,2,2,10,15,1,12.863196,1.336714,0,0,3582
8490,0,0,19,20,1,12.864405,1.336795,0,0,3583
8500,0,1,20,22,1,12.869838,1.337412,0,0,3600
8510,2,3,17,23,1,12.880073,1.338627,0,0,3615
8520,2,0,14,17,1,12.883230,1.339024,0,0,3617
8530,0,0,0,0,0,12.884093,1.339296,0,0,3618
8540,1,3,12,17,1,12.882738,1.339289,0,0,3622
8550,0,1,16,18,1,12.889248,1.339920,0,0,3622
8560,2,0,10,13,1,12.891176,1.340075,0,0,3622
8570,0,2,15,18,1,12.894066,1.340313,0,0,3622
8580,0,3,18,22,1,12.896660,1.340489,0,0,3628
8590,0,0,1,2,1,12.893262,1.340350,0,0,3628
8600,0,2,17,20,1,12.886971,1.339553,0,0,3628
8610,1,0,20,22,1,12.896440,1.340703,0,0,3646
8620,2,3,12,18,1,12.904958,1.341931,0,0,3655
8630,0,0,18,19,1,12.917448,1.343249,0,0,3677
8640,1,3,11,16,1,12.929386,1.344639,0,0,3698
8650,0,0,2,3,1,12.926752,1.344448,0,0,3703
8660,0,0,5,6,1,12.915553,1.343383,0,0,3703
8670,4,0,15,20,1,12.923117,1.344139,0,0,3718
8680,2,2,7,12,1,12.929074,1.344681,0,0,3724
8690,1,3,9,14,1,12.921941,1.343780,0,0,3724
8700,0,1,4,6,1,12.914933,1.342862,0,0,3724
8710,0,0,8,9,1,12.903476,1.341641,0,0,3724
8720,2,0,16,19,1,12.909680,1.342209,0,0,3730
8730,1,1,15,18,1,12.903497,1.341617,0,0,3730
8740,0,2,4,7,1,12.898247,1.341138,0,0,3730
8750,0,0,12,13,1,12.897331,1.341077,0,0,3730
8760,0,2,4,7,1,12.902433,1.341722,0,0,3736
8770,1,1,8,11,1,12.901391,1.341616,0,0,3736
8780,1,3,20,25,1,12.899417,1.341159,0,0,3737
8790,1,1,15,18,1,12.909572,1.342170,0,0,3744
8800,0,3,15,19,1,12.912837,1.342497,0,0,3750
8810,1,3,16,21,1,12.919456,1.343283,0,0,3751
8820,1,0,2,4,1,12.913537,1.342845,0,0,3751
8830,0,1,15,17,1,12.907243,1.342082,0,0,3751
8840,0,8,18,27,1,12.918835,1.343448,0,0,3775
8850,0,0,0,0,0,12.926037,1.344689,0,0,3787
8860,1,0,8,10,1,12.921234,1.344302,0,0,3787
8870,0,0,0,0,0,12.909577,1.343470,0,0,3787
8880,0,0,7,8,1,12.899413,1.342508,0,0,3787
8890,0,0,3,4,1,12.897329,1.342229,0,0,3787
8900,1,0,14,16,1,12.904553,1.342763,0,0,3793
8910,0,0,10,11,1,12.910100,1.343342,0,0,3800
8920,1,1,4,7,1,12.910507,1.343401,0,0,3808
8930,0,0,8,9,1,12.901826,1.342531,0,0,3808
8940,3,0,17,21,1,12.902981,1.342824,0,0,3814
8950,3,1,17,22,1,12.911875,1.343908,0,0,3819
8960,2,1,8,12,1,12.912666,1.344023,0,0,3819
8970,2,0,14,17,1,12.915628,1.344254,0,0,3819
8980,0,1,15,17,1,12.917002,1.344398,0,0,3819
8990,0,1,1,3,1,12.914122,1.344037,0,0,3819
9000,0,0,2,3,1,12.904648,1.343084,0,0,3819
9010,1,2,15,19,1,12.903093,1.342458,0,0,3819
9020,0,1,6,8,1,12.906010,1.342825,0,0,3819
9030,0,1,12,14,1,12.901462,1.342338,0,0,3819
9040,2,1,20,24,1,12.904119,1.342431,0,0,3820
9050,3,1,8,13,1,12.912648,1.343459,0,0,3831
9060,3,2,19,25,1,12.921289,1.344623,0,0,3835
9070,2,1,14,18,1,12.929344,1.345540,0,0,3844
9080,1,0,3,5,1,12.929074,1.345605,0,0,3844
9090,0,0,10,11,1,12.925777,1.345140,0,0,3844
9100,0,3,20,24,1,12.930420,1.345548,0,0,3846
9110,0,0,8,9,1,12.932164,1.345931,0,0,3854
9120,3,1,6,11,1,12.931610,1.345782,0,0,3854
9130,0,0,11,12,1,12.938269,1.346538,0,0,3864
9140,0,0,0,0,0,12.936902,1.346397,0,0,3864
9150,0,0,0,0,0,12.932278,1.345611,0,0,3864
9160,0,0,6,7,1,12.922883,1.344742,0,0,3864
9170,0,1,10,12,1,12.914044,1.343809,0,0,3864
9180,2,6,18,27,1,12.923944,1.344825,0,0,3876
9190,1,5,20,27,1,12.934092,1.345959,0,0,3893
9200,1,0,16,18,1,12.942337,1.347047,0,0,3901
9210,1,0,12,14,1,12.949469,1.347805,0,0,3910
9220,0,2,17,20,1,12.955744,1.348368,0,0,3918
9230,0,1,6,8,1,12.955972,1.348439,0,0,3926
9240,1,2,13,17,1,12.949355,1.347645,0,0,3926
9250,2,0,18,21,1,12.955727,1.348310,0,0,3936
9260,1,1,12,15,1,12.961855,1.348828,0,0,3941
9270,0,0,3,4,1,12.957585,1.348476,0,0,3941
9280,0,1,16,18,1,12.954002,1.347998,0,0,3941
9290,0,1,18,20,1,12.960952,1.348738,0,0,3953
9300,1,3,16,21,1,12.970841,1.349784,0,0,3963
9310,1,0,4,6,1,12.979513,1.350763,0,0,3978
9320,0,4,19,24,1,12.985590,1.351397,0,0,3981
9330,1,0,18,20,1,12.994485,1.352505,0,0,3989
9340,4,0,16,21,1,13.003942,1.353687,0,0,4014
9350,1,2,14,18,1,13.006788,1.353863,0,0,4014
9360,1,0,1,3,1,13.005725,1.354025,0,0,4017
9370,1,1,4,7,1,12.993307,1.352793,0,0,4017
9380,0,1,6,8,1,12.982720,1.351856,0,0,4017
9390,0,0,5,6,1,12.974005,1.351099,0,0,4017
9400,0,0,4,5,1,12.964141,1.350312,0,0,4017
9410,0,0,6,7,1,12.956397,1.349655,0,0,4017
9420,1,0,8,10,1,12.957029,1.349601,0,0,4018
9430,0,0,8,9,1,12.956376,1.349518,0,0,4018
9440,0,0,10,11,1,12.954186,1.349112,0,0,4018
9450,0,0,0,0,0,12.947627,1.348622,0,0,4018
9460,0,3,13,17,1,12.947249,1.348538,0,0,4027
9470,1,3,16,21,1,12.951938,1.348923,0,0,4027
9480,0,0,7,8,1,12.951681,1.349133,0,0,4029
9490,0,0,1,2,1,12.941668,1.348298,0,0,4029
9500,2,0,10,13,1,12.938464,1.347727,0,0,4029
9510,0,0,2,3,1,12.930645,1.347001,0,0,4029
9520,0,0,7,8,1,12.924538,1.346085,0,0,4029
9530,3,2,20,26,1,12.927801,1.346263,0,0,4046
9540,2,3,15,21,1,12.938868,1.347622,0,0,4069
9550,0,1,3,5,1,12.932058,1.347016,0,0,4069
9560,0,1,18,20,1,12.925944,1.346159,0,0,4069
9570,1,1,6,9,1,12.927128,1.346327,0,0,4072
9580,0,0,0,1,1,12.926824,1.346310,0,0,4072
9590,0,2,10,13,1,12.924391,1.345881,0,0,4072
9600,1,2,7,11,1,12.915724,1.344994,0,0,4072
9610,1,0,16,18,1,12.919234,1.345462,0,0,4074
9620,2,1,2,6,1,12.911245,1.344543,0,0,4074
9630,0,0,3,4,1,12.914402,1.344916,0,0,4077
9640,0,1,14,16,1,12.909968,1.344541,0,0,4077
9650,3,0,5,9,1,12.907149,1.344190,0,0,4079
9660,1,0,10,12,1,12.906508,1.343906,0,0,4079
9670,0,0,3,4,1,12.897227,1.342955,0,0,4079
9680,0,0,3,4,1,12.892595,1.342329,0,0,4079
9690,0,0,4,5,1,12.885545,1.341610,0,0,4079
9700,0,0,1,2,1,12.881466,1.340984,0,0,4079
9710,0,0,0,1,1,12.869881,1.339880,0,0,4079
9720,0,0,2,3,1,12.861153,1.339058,0,0,4079
9730,0,0,13,14,1,12.852312,1.338038,0,0,4079
9740,1,1,14,17,1,12.853668,1.338065,0,0,4079
9750,2,3,20,26,1,12.854949,1.338299,0,0,4081
9760,0,3,15,19,1,12.868864,1.339920,0,0,4122
9770,0,0,5,6,1,12.875161,1.340748,0,0,4138
9780,1,0,11,13,1,12.872887,1.340497,0,0,4138
9790,0,2,10,13,1,12.865930,1.339716,0,0,4138
9800,1,1,7,10,1,12.870565,1.339986,0,0,4141
9810,1,3,10,15,1,12.874130,1.340372,0,0,4147
9820,0,1,5,7,1,12.876675,1.340680,0,0,4150
9830,0,0,11,12,1,12.870145,1.339760,0,0,4150
9840,0,4,16,21,1,12.878364,1.340531,0,0,4153
9850,0,1,14,16,1,12.887039,1.341648,0,0,4168
9860,0,0,15,16,1,12.893624,1.342292,0,0,4175
9870,0,0,11,12,1,12.890763,1.342051,0,0,4175
9880,5,5,20,31,1,12.900431,1.343172,0,0,4204
9890,0,1,12,14,1,12.908231,1.343914,0,0,4214
9900,1,0,4,6,1,12.902328,1.343413,0,0,4214
9910,3,3,10,17,1,12.897034,1.342806,0,0,4214
9920,0,1,12,14,1,12.896844,1.342787,0,0,4214
9930,3,0,5,9,1,12.902222,1.343390,0,0,4220
9940,0,1,7,9,1,12.893271,1.342500,0,0,4220
9950,0,0,2,3,1,12.889882,1.342148,0,0,4220
9960,0,1,7,9,1,12.888265,1.341938,0,0,4220
9970,0,2,14,17,1,12.884910,1.341659,0,0,4220
9980,0,0,5,6,1,12.884906,1.341940,0,0,4220
9990,2,1,9,13,1,12.875971,1.340814,0,0,4220
10000,1,0,7,9,1,12.876371,1.340926,0,0,4220
10010,0,1,10,12,1,12.869819,1.340257,0,0,4220
10020,1,2,19,23,1,12.879351,1.341195,0,0,4243
10030,0,2,6,9,1,12.881588,1.341456,0,0,4253
10040,0,0,1,2,1,12.875341,1.340583,0,0,4253
10050,4,2,17,24,1,12.873532,1.340035,0,0,4255
10060,3,0,20,24,1,12.882738,1.341035,0,0,4269
10070,0,1,15,17,1,12.891880,1.342113,0,0,4273
10080,4,0,17,22,1,12.901339,1.343168,0,0,4303
10090,1,0,7,9,1,12.903566,1.343359,0,0,4308
10100,0,0,16,17,1,12.901543,1.343163,0,0,4308
10110,1,1,10,13,1,12.902412,1.343171,0,0,4308
10120,2,1,8,12,1,12.902592,1.343342,0,0,4308
10130,0,1,2,4,1,12.895137,1.342457,0,0,4308
10140,0,1,7,9,1,12.886584,1.341429,0,0,4308
10150,1,1,9,12,1,12.885412,1.341171,0,0,4308
10160,0,0,10,11,1,12.890773,1.341702,0,0,4311
10170,0,3,6,10,1,12.891523,1.341658,0,0,4311
10180,4,0,11,16,1,12.896958,1.342266,0,0,4315
10190,1,0,0,2,1,12.888902,1.341456,0,0,4315
10200,0,0,6,7,1,12.878038,1.340408,0,0,4315
10210,0,0,0,1,1,12.869256,1.339673,0,0,4315
10220,0,0,0,0,0,12.859865,1.338751,0,0,4315
10230,1,0,2,4,1,12.858089,1.338675,0,0,4315
10240,0,0,11,12,1,12.849072,1.337656,0,0,4315
10250,2,2,9,14,1,12.853150,1.338040,0,0,4320
10260,2,4,18,25,1,12.862351,1.338836,0,0,4330
10270,0,2,12,15,1,12.868518,1.339574,0,0,4332
10280,0,0,7,8,1,12.871195,1.340152,0,0,4337
10290,3,0,16,20,1,12.870636,1.339918,0,0,4338
10300,1,0,15,17,1,12.878062,1.340597,0,0,4342
10310,0,1,8,10,1,12.878648,1.340672,0,0,4342
10320,0,0,2,3,1,12.870099,1.339810,0,0,4342
10330,0,0,0,0,0,12.866010,1.339439,0,0,4342
10340,0,0,13,14,1,12.860762,1.338786,0,0,4342
10350,0,0,20,21,1,12.865299,1.339111,0,0,4353
10360,3,5,19,28,1,12.871110,1.339852,0,0,4377
10370,0,1,3,5,1,12.876407,1.340606,0,0,4391
10380,1,4,9,15,1,12.869789,1.339931,0,0,4391
10390,2,2,13,18,1,12.872621,1.340132,0,0,4392
10400,0,2,10,13,1,12.868944,1.339737,0,0,4392
10410,0,0,0,1,1,12.862485,1.339078,0,0,4392
10420,0,0,5,6,1,12.855723,1.338509,0,0,4392
10430,1,3,10,15,1,12.850358,1.337831,0,0,4392
10440,0,0,2,3,1,12.848103,1.337503,0,0,4392
10450,0,4,9,14,1,12.844921,1.337093,0,0,4392
10460,1,0,4,6,1,12.841068,1.336693,0,0,4392
10470,0,1,11,13,1,12.835232,1.335993,0,0,4392
10480,1,1,2,5,1,12.828634,1.335241,0,0,4392
10490,4,1,16,22,1,12.824380,1.334627,0,0,4392
10500,0,0,20,21,1,12.833935,1.335742,0,0,4417
10510,2,0,14,17,1,12.839996,1.336625,0,0,4431
10520,0,3,5,9,1,12.836867,1.336300,0,0,4431
10530,2,4,20,27,1,12.843135,1.336980,0,0,4440
10540,1,1,9,12,1,12.854513,1.338231,0,0,4459
10550,2,2,6,11,1,12.848349,1.337511,0,0,4459
10560,0,0,0,0,0,12.843070,1.336765,0,0,4459
10570,0,0,0,1,1,12.834104,1.335872,0,0,4459
10580,0,0,0,1,1,12.826728,1.335197,0,0,4459
10590,2,0,3,6,1,12.819848,1.334482,0,0,4459
10600,1,3,4,9,1,12.818977,1.334274,0,0,4459
10610,3,1,14,19,1,12.816455,1.333908,0,0,4459
10620,2,1,5,9,1,12.821561,1.334480,0,0,4467
10630,0,1,1,3,1,12.813035,1.333672,0,0,4467
10640,1,1,9,12,1,12.811031,1.333216,0,0,4467
10650,0,0,9,10,1,12.815571,1.333690,0,0,4469
10660,1,4,19,25,1,12.819050,1.333975,0,0,4472
10670,0,0,5,6,1,12.826439,1.334941,0,0,4505
10680,0,0,0,1,1,12.819058,1.334056,0,0,4505
10690,3,2,8,14,1,12.810445,1.333278,0,0,4505
10700,0,0,0,1,1,12.807951,1.332968,0,0,4506
10710,0,2,6,9,1,12.799620,1.331972,0,0,4506
10720,0,0,18,19,1,12.795398,1.331444,0,0,4506
10730,1,1,13,16,1,12.801593,1.332167,0,0,4513
10740,4,1,7,13,1,12.796869,1.331703,0,0,4513
10750,1,6,20,28,1,12.801741,1.332095,0,0,4524
10760,0,2,19,22,1,12.811018,1.333152,0,0,4536
10770,0,1,18,20,1,12.808023,1.332867,0,0,4545
10780,0,0,12,13,1,12.808304,1.333000,0,0,4554
10790,0,2,5,8,1,12.809988,1.333460,0,0,4561
10800,0,1,3,5,1,12.807919,1.333284,0,0,4561
10810,0,0,6,7,1,12.799533,1.332476,0,0,4561
10820,0,3,3,7,1,12.790197,1.331556,0,0,4561
10830,0,0,3,4,1,12.786445,1.331025,0,0,4561
10840,1,1,12,15,1,12.786052,1.330947,0,0,4561
10850,0,0,1,2,1,12.782456,1.330701,0,0,4561
10860,1,1,10,13,1,12.775823,1.329794,0,0,4561
10870,4,1,12,18,1,12.773887,1.329479,0,0,4561
10880,1,2,7,11,1,12.778188,1.329890,0,0,4570
10890,2,0,1,4,1,12.770520,1.329322,0,0,4570
10900,3,3,12,19,1,12.768603,1.329047,0,0,4572
10910,0,0,2,3,1,12.765336,1.328733,0,0,4572
10920,1,0,11,13,1,12.761004,1.328004,0,0,4572
10930,0,0,3,4,1,12.763788,1.328308,0,0,4575
10940,0,0,4,5,1,12.755291,1.327589,0,0,4575
10950,1,3,14,19,1,12.754480,1.327468,0,0,4575
10960,1,1,15,18,1,12.758290,1.327752,0,0,4584
10970,2,2,9,14,1,12.762206,1.328085,0,0,4592
10980,0,1,12,14,1,12.769222,1.328741,0,0,4611
10990,0,1,7,9,1,12.767989,1.328551,0,0,4611
11000,0,1,5,7,1,12.759552,1.327750,0,0,4611
11010,0,1,15,17,1,12.755532,1.327282,0,0,4611
11020,0,2,16,19,1,12.762332,1.328041,0,0,4616
11030,2,0,0,3,1,12.764475,1.328416,0,0,4616
11040,0,0,0,0,0,12.756620,1.327600,0,0,4616
11050,0,0,0,0,0,12.748611,1.326655,0,0,4616
11060,0,0,0,1,1,12.745650,1.326323,0,0,4616
11070,0,0,0,0,0,12.738892,1.325608,0,0,4616
11080,0,0,2,3,1,12.729108,1.324641,0,0,4616
11090,2,0,11,14,1,12.728991,1.324382,0,0,4619
11100,0,2,10,13,1,12.733341,1.324749,0,0,4623
11110,1,1,20,23,1,12.735028,1.324802,0,0,4624
11120,1,1,16,19,1,12.737617,1.325035,0,0,4629
11130,1,0,16,18,1,12.742538,1.325499,0,0,4637
11140,0,0,6,7,1,12.742751,1.325585,0,0,4637
11150,1,1,0,3,1,12.736693,1.324907,0,0,4637
11160,1,2,7,11,1,12.732326,1.324208,0,0,4637
11170,3,2,18,24,1,12.735159,1.324307,0,0,4638
11180,1,1,11,14,1,12.737976,1.324626,0,0,4643
11190,2,0,20,23,1,12.744503,1.325295,0,0,4659
11200,0,0,7,8,1,12.740727,1.325089,0,0,4664
11210,2,0,4,7,1,12.734235,1.324354,0,0,4664
11220,0,1,7,9,1,12.731175,1.323976,0,0,4664
11230,1,0,9,11,1,12.733822,1.324339,0,0,4667
11240,0,0,5,6,1,12.728279,1.323850,0,0,4667
11250,1,0,12,14,1,12.724057,1.323376,0,0,4667
11260,0,1,8,10,1,12.725014,1.323355,0,0,4667
11270,0,3,16,20,1,12.727573,1.323526,0,0,4669
11280,3,3,10,17,1,12.734977,1.324273,0,0,4681
11290,0,1,5,7,1,12.734185,1.324205,0,0,4690
11300,0,0,0,0,0,12.727082,1.323627,0,0,4690
11310,0,0,0,1,1,12.722742,1.323104,0,0,4690
11320,2,1,6,10,1,12.714412,1.322301,0,0,4690
11330,0,0,0,0,0,12.715423,1.322517,0,0,4690
11340,0,0,5,6,1,12.707254,1.321633,0,0,4690
11350,3,2,17,23,1,12.709106,1.321730,0,0,4692
11360,0,1,12,14,1,12.717533,1.322730,0,0,4706
11370,1,1,12,15,1,12.720930,1.323109,0,0,4708
11380,0,1,10,12,1,12.717068,1.322721,0,0,4708
11390,1,0,11,13,1,12.719497,1.322975,0,0,4709
11400,1,0,3,5,1,12.712747,1.322432,0,0,4709
11410,0,0,0,0,0,12.704903,1.321654,0,0,4709
11420,5,3,18,27,1,12.702504,1.321093,0,0,4709
11430,0,1,19,21,1,12.705884,1.321458,0,0,4711
11440,6,2,18,27,1,12.710464,1.321936,0,0,4722
11450,4,0,18,23,1,12.721385,1.323242,0,0,4752
11460,0,0,0,1,1,12.715470,1.322917,0,0,4758
11470,0,0,0,0,0,12.706267,1.322057,0,0,4758
11480,0,0,2,3,1,12.699755,1.321404,0,0,4758
11490,0,1,8,10,1,12.696412,1.320938,0,0,4758
11500,4,0,12,17,1,12.694766,1.320637,0,0,4758
11510,0,0,8,9,1,12.694421,1.320495,0,0,4758
11520,0,1,6,8,1,12.687812,1.319821,0,0,4758
11530,3,0,18,22,1,12.689922,1.319816,0,0,4758
11540,0,0,0,1,1,12.694566,1.320610,0,0,4770
11550,0,2,17,20,1,12.698976,1.320963,0,0,4782
11560,0,1,11,13,1,12.699425,1.321154,0,0,4783
11570,0,0,0,1,1,12.697538,1.321055,0,0,4783
11580,0,0,8,9,1,12.691731,1.320476,0,0,4783
11590,1,4,16,22,1,12.689718,1.320030,0,0,4783
11600,2,1,17,21,1,12.696696,1.320770,0,0,4796
11610,0,0,12,13,1,12.700342,1.321245,0,0,4807
11620,1,0,16,18,1,12.708179,1.322133,0,0,4825
11630,0,0,11,12,1,12.702984,1.321582,0,0,4825
11640,2,5,13,21,1,12.711198,1.322462,0,0,4834
11650,0,0,1,2,1,12.711542,1.322664,0,0,4834
11660,0,0,3,4,1,12.704073,1.321877,0,0,4834
11670,2,1,16,20,1,12.706426,1.321934,0,0,4836
11680,0,0,10,11,1,12.713932,1.322822,0,0,4850
11690,1,0,2,4,1,12.709260,1.322326,0,0,4850
11700,0,1,15,17,1,12.709950,1.322329,0,0,4850
11710,1,0,11,13,1,12.714219,1.322868,0,0,4856
11720,0,0,2,3,1,12.709729,1.322379,0,0,4856
11730,0,0,4,5,1,12.704719,1.321812,0,0,4856
11740,0,1,6,8,1,12.697891,1.321114,0,0,4856
11750,1,1,12,15,1,12.692821,1.320729,0,0,4856
11760,0,0,0,0,0,12.691375,1.320650,0,0,4859
11770,0,1,8,10,1,12.686130,1.320152,0,0,4859
11780,1,0,4,6,1,12.684002,1.320013,0,0,4859
11790,0,6,19,26,1,12.683847,1.319858,0,0,4866
11800,1,0,16,18,1,12.691876,1.320869,0,0,4885
11810,3,0,10,14,1,12.692466,1.320978,0,0,4888
11820,0,1,10,12,1,12.690453,1.320747,0,0,4888
11830,2,1,19,23,1,12.693918,1.321131,0,0,4893
11840,2,3,14,20,1,12.700049,1.321759,0,0,4896
11850,0,0,2,3,1,12.700395,1.321912,0,0,4896
11860,0,0,2,3,1,12.692608,1.321044,0,0,4896
11870,0,0,19,20,1,12.696749,1.321326,0,0,4903
11880,4,0,11,16,1,12.703968,1.322055,0,0,4908
11890,0,0,8,9,1,12.701130,1.321691,0,0,4908
11900,0,0,1,2,1,12.693878,1.321088,0,0,4908
11910,1,2,8,12,1,12.691377,1.320713,0,0,4908
11920,0,0,0,1,1,12.684911,1.320041,0,0,4908
11930,2,2,19,24,1,12.684410,1.319749,0,0,4912
11940,2,2,18,23,1,12.694751,1.321079,0,0,4934
11950,1,2,12,16,1,12.699798,1.321801,0,0,4935
11960,1,0,11,13,1,12.698266,1.321516,0,0,4935
11970,1,1,8,11,1,12.695607,1.321229,0,0,4935
11980,1,0,0,2,1,12.698013,1.321492,0,0,4939
11990,2,2,15,20,1,12.695207,1.321075,0,0,4939
12000,1,0,6,8,1,12.699660,1.321631,0,0,4945
12010,0,0,1,2,1,12.691549,1.320788,0,0,4945
12020,0,0,2,3,1,12.685998,1.320120,0,0,4945
12030,2,2,16,21,1,12.692699,1.320898,0,0,4972
12040,1,4,15,21,1,12.698210,1.321564,0,0,4987
12050,0,0,8,9,1,12.700964,1.321966,0,0,4990
12060,0,1,9,11,1,12.703333,1.322270,0,0,4990
12070,2,1,8,12,1,12.698098,1.321646,0,0,4990
12080,2,2,16,21,1,12.701658,1.321927,0,0,4999
12090,4,3,14,22,1,12.707403,1.322435,0,0,4999
12100,3,1,19,24,1,12.712766,1.322914,0,0,5005
12110,1,3,11,16,1,12.715429,1.323238,0,0,5008
12120,0,0,19,20,1,12.722417,1.324068,0,0,5017
12130,1,0,19,21,1,12.726280,1.324437,0,0,5019
12140,2,0,8,11,1,12.730939,1.325014,0,0,5028
12150,0,0,11,12,1,12.730791,1.324931,0,0,5028
12160,2,1,18,22,1,12.732257,1.324972,0,0,5036
12170,1,1,7,10,1,12.732256,1.324927,0,0,5046
12180,2,0,17,20,1,12.732842,1.324921,0,0,5049
12190,1,1,7,10,1,12.737658,1.325503,0,0,5049
12200,2,2,11,16,1,12.736915,1.325223,0,0,5051
12210,2,0,0,3,1,12.737932,1.325421,0,0,5059
12220,1,0,9,11,1,12.731531,1.324711,0,0,5059
12230,0,0,3,4,1,12.725797,1.324228,0,0,5059
12240,0,0,0,1,1,12.719780,1.323637,0,0,5059
12250,0,6,20,27,1,12.723328,1.323906,0,0,5074
12260,0,0,12,13,1,12.729444,1.324611,0,0,5086
12270,0,0,9,10,1,12.725685,1.324232,0,0,5086
12280,0,0,18,19,1,12.728378,1.324356,0,0,5096
12290,1,0,2,4,1,12.726845,1.324332,0,0,5097
12300,1,3,9,14,1,12.727753,1.324439,0,0,5097
12310,1,2,11,15,1,12.729172,1.324599,0,0,5100
12320,2,0,16,19,1,12.729345,1.324473,0,0,5100
12330,0,2,5,8,1,12.727037,1.324323,0,0,5100
12340,2,1,1,5,1,12.722984,1.323903,0,0,5100
12350,1,0,2,4,1,12.721741,1.323797,0,0,5100
12360,1,2,7,11,1,12.714874,1.323005,0,0,5100
12370,0,4,5,10,1,12.709025,1.322431,0,0,5100
12380,1,2,11,15,1,12.707556,1.322146,0,0,5100
12390,0,2,15,18,1,12.702903,1.321619,0,0,5100
12400,1,1,15,18,1,12.699278,1.321121,0,0,5100
12410,0,1,12,14,1,12.700106,1.321242,0,0,5100
12420,1,3,13,18,1,12.702826,1.321526,0,0,5105
12430,2,1,16,20,1,12.710264,1.322158,0,0,5118
12440,3,1,12,17,1,12.717212,1.322948,0,0,5132
12450,0,0,13,14,1,12.717138,1.322898,0,0,5132
12460,1,0,4,6,1,12.713498,1.322476,0,0,5132
12470,0,0,1,2,1,12.708256,1.321899,0,0,5133
12480,0,0,4,5,1,12.699767,1.321073,0,0,5133
12490,3,1,9,14,1,12.692869,1.320346,0,0,5133
12500,4,0,19,24,1,12.699620,1.321083,0,0,5156
12510,0,3,18,22,1,12.707149,1.321889,0,0,5175
12520,3,1,13,18,1,12.713122,1.322589,0,0,5180
12530,2,3,11,17,1,12.714843,1.322736,0,0,5180
12540,0,0,10,11,1,12.715296,1.322884,0,0,5186
12550,0,0,3,4,1,12.708043,1.322240,0,0,5186
12560,0,0,16,17,1,12.710888,1.322417,0,0,5190
12570,1,0,0,2,1,12.706037,1.321946,0,0,5190
12580,2,5,17,25,1,12.705556,1.321755,0,0,5194
12590,2,1,10,14,1,12.709989,1.322218,0,0,5201
12600,5,0,18,24,1,12.711929,1.322224,0,0,5201
12610,0,3,15,19,1,12.715774,1.322724,0,0,5210
12620,0,0,0,1,1,12.713274,1.322531,0,0,5210
12630,0,0,8,9,1,12.707204,1.321934,0,0,5210
12640,0,3,6,10,1,12.701583,1.321405,0,0,5210
12650,1,1,6,9,1,12.698221,1.321078,0,0,5210
12660,1,1,16,19,1,12.699998,1.321242,0,0,5210
12670,0,0,8,9,1,12.701765,1.321493,0,0,5211
12680,3,2,17,23,1,12.705591,1.321859,0,0,5212
12690,1,2,13,17,1,12.712110,1.322756,0,0,5223
12700,0,0,0,1,1,12.709474,1.322602,0,0,5223
12710,1,2,14,18,1,12.705018,1.321955,0,0,5223
12720,2,1,11,15,1,12.709669,1.322419,0,0,5232
12730,1,1,5,8,1,12.703600,1.321810,0,0,5232
12740,0,0,14,15,1,12.706221,1.321954,0,0,5238
12750,0,0,4,5,1,12.705756,1.321972,0,0,5244
12760,0,1,3,5,1,12.699528,1.321379,0,0,5244
12770,3,0,13,17,1,12.694556,1.320798,0,0,5244
12780,0,1,7,9,1,12.693964,1.320770,0,0,5244
12790,1,2,18,22,1,12.697517,1.321044,0,0,5252
12800,2,1,12,16,1,12.705504,1.321866,0,0,5267
12810,3,1,19,24,1,12.711905,1.322651,0,0,5278
12820,0,1,5,7,1,12.711546,1.322744,0,0,5280
12830,0,0,2,3,1,12.705923,1.322085,0,0,5280
12840,2,0,6,9,1,12.700203,1.321469,0,0,5280
12850,0,0,11,12,1,12.703225,1.321731,0,0,5282
12860,1,4,20,26,1,12.710573,1.322390,0,0,5298
12870,0,0,1,2,1,12.710277,1.322585,0,0,5310
12880,0,0,2,3,1,12.704676,1.322067,0,0,5310
12890,7,3,16,27,1,12.706158,1.322254,0,0,5314
12900,2,0,10,13,1,12.710685,1.322897,0,0,5321
12910,6,6,17,30,1,12.717392,1.323522,0,0,5332
12920,1,0,7,9,1,12.725827,1.324560,0,0,5354
12930,0,0,20,21,1,12.729447,1.324778,0,0,5355
12940,0,0,0,1,1,12.728688,1.324721,0,0,5361
12950,0,5,18,24,1,12.727478,1.324490,0,0,5361
12960,0,0,2,3,1,12.732710,1.325131,0,0,5382
12970,1,1,6,9,1,12.727412,1.324549,0,0,5382
12980,3,4,11,19,1,12.730175,1.324731,0,0,5383
12990,1,1,15,18,1,12.734742,1.325218,0,0,5383
13000,5,3,18,27,1,12.742496,1.325973,0,0,5400
13010,0,1,8,10,1,12.747063,1.326534,0,0,5409
13020,0,1,14,16,1,12.743993,1.326131,0,0,5409
13030,0,1,5,7,1,12.744343,1.326242,0,0,5409
13040,0,0,7,8,1,12.736455,1.325645,0,0,5409
13050,0,0,5,6,1,12.730032,1.324935,0,0,5409
13060,0,0,4,5,1,12.722694,1.324267,0,0,5409
13070,0,1,18,20,1,12.725709,1.324381,0,0,5414
13080,0,3,10,14,1,12.731271,1.325098,0,0,5425
13090,1,2,2,6,1,12.732067,1.325139,0,0,5425
13100,0,0,20,21,1,12.729180,1.324787,0,0,5430
13110,2,0,2,5,1,12.728720,1.324971,0,0,5440
13120,1,0,15,17,1,12.730553,1.325089,0,0,5440
13130,0,2,11,14,1,12.735610,1.325522,0,0,5445
13140,0,0,4,5,1,12.735117,1.325471,0,0,5445
13150,1,2,7,11,1,12.730253,1.324903,0,0,5445
13160,3,11,19,34,1,12.740503,1.325992,0,0,5460
13170,2,2,18,23,1,12.748273,1.326791,0,0,5480
13180,1,1,12,15,1,12.753170,1.327322,0,0,5491
13190,1,0,11,13,1,12.752125,1.327204,0,0,5491
13200,0,0,4,5,1,12.750919,1.327173,0,0,5491
13210,0,1,6,8,1,12.744944,1.326479,0,0,5491
13220,0,0,1,2,1,12.744923,1.326384,0,0,5496
13230,0,0,2,3,1,12.737258,1.325597,0,0,5496
13240,1,0,4,6,1,12.729469,1.324840,0,0,5496
13250,0,6,12,19,1,12.725693,1.324520,0,0,5496
13260,1,0,4,6,1,12.725106,1.324606,0,0,5496
13270,3,2,10,16,1,12.718853,1.323810,0,0,5496
13280,1,5,18,25,1,12.724052,1.324363,0,0,5501
13290,0,0,7,8,1,12.727766,1.324905,0,0,5506
13300,1,0,14,16,1,12.722642,1.324331,0,0,5506
13310,0,0,0,1,1,12.722098,1.324369,0,0,5506
13320,0,0,0,1,1,12.713908,1.323630,0,0,5506
13330,0,0,3,4,1,12.709010,1.323152,0,0,5506
13340,3,0,7,11,1,12.707549,1.322980,0,0,5506
13350,5,0,15,21,1,12.713401,1.323538,0,0,5521
13360,0,0,3,4,1,12.711510,1.323507,0,0,5521
13370,5,2,13,21,1,12.712076,1.323412,0,0,5525
13380,0,0,8,9,1,12.716596,1.323872,0,0,5538
13390,0,0,12,13,1,12.713261,1.323485,0,0,5538
13400,5,1,14,21,1,12.719314,1.323982,0,0,5546
13410,2,2,12,17,1,12.727511,1.324928,0,0,5567
13420,3,1,18,23,1,12.735667,1.325809,0,0,5580
13430,1,1,14,17,1,12.737929,1.326035,0,0,5583
13440,1,1,11,14,1,12.735254,1.325777,0,0,5583
13450,0,0,2,3,1,12.727759,1.325059,0,0,5583
13460,0,0,2,3,1,12.722467,1.324509,0,0,5583
13470,1,1,8,11,1,12.714661,1.323635,0,0,5583
13480,0,0,3,4,1,12.712048,1.323415,0,0,5583
13490,0,0,8,9,1,12.713207,1.323454,0,0,5583
13500,1,0,4,6,1,12.707068,1.322816,0,0,5583
13510,2,0,15,18,1,12.706584,1.322573,0,0,5583
13520,1,3,20,25,1,12.714047,1.323360,0,0,5610
13530,5,0,19,25,1,12.722491,1.324321,0,0,5643
13540,0,1,16,18,1,12.728490,1.325028,0,0,5649
13550,2,0,4,7,1,12.731132,1.325487,0,0,5656
13560,1,1,20,23,1,12.732946,1.325626,0,0,5669
13570,4,1,14,20,1,12.734858,1.325693,0,0,5671
13580,0,2,13,16,1,12.739780,1.326338,0,0,5689
13590,0,1,18,20,1,12.744363,1.326806,0,0,5696
13600,0,1,8,10,1,12.746304,1.327079,0,0,5697
13610,2,0,13,16,1,12.750637,1.327490,0,0,5701
13620,0,0,4,5,1,12.744650,1.326908,0,0,5701
13630,3,0,9,13,1,12.740198,1.326374,0,0,5701
13640,0,2,18,21,1,12.747345,1.327261,0,0,5720
13650,0,0,12,13,1,12.745778,1.327159,0,0,5723
13660,0,2,12,15,1,12.746190,1.327131,0,0,5723
13670,2,0,6,9,1,12.747447,1.327283,0,0,5723
13680,0,0,16,17,1,12.749056,1.327430,0,0,5723
13690,0,0,11,12,1,12.749879,1.327577,0,0,5723
13700,0,1,3,5,1,12.746023,1.327226,0,0,5723
13710,0,0,1,2,1,12.740462,1.326617,0,0,5723
13720,0,0,0,0,0,12.732926,1.325833,0,0,5723
13730,2,0,7,10,1,12.729751,1.325443,0,0,5723
13740,1,0,8,10,1,12.726444,1.325239,0,0,5723
13750,0,0,14,15,1,12.729820,1.325430,0,0,5732
13760,2,1,13,17,1,12.731814,1.325619,0,0,5733
13770,2,1,13,17,1,12.731080,1.325583,0,0,5733
13780,2,0,4,7,1,12.728163,1.325349,0,0,5733
13790,1,1,4,7,1,12.728295,1.325303,0,0,5733
13800,0,2,1,4,1,12.722538,1.324654,0,0,5733
13810,3,0,11,15,1,12.721307,1.324367,0,0,5733
13820,0,0,0,1,1,12.721091,1.324385,0,0,5733
13830,0,2,6,9,1,12.715275,1.323710,0,0,5733
13840,1,2,12,16,1,12.713580,1.323594,0,0,5733
13850,1,2,16,20,1,12.717352,1.323948,0,0,5741
13860,1,1,13,16,1,12.720917,1.324419,0,0,5745
13870,2,1,15,19,1,12.720037,1.324308,0,0,5745
13880,3,0,14,18,1,12.725168,1.324852,0,0,5748
13890,2,3,11,17,1,12.722170,1.324451,0,0,5748
13900,0,3,5,9,1,12.721231,1.324394,0,0,5753
13910,0,1,4,6,1,12.716758,1.323909,0,0,5753
13920,2,0,18,21,1,12.711583,1.323242,0,0,5755
13930,0,1,13,15,1,12.718845,1.324078,0,0,5765
13940,0,0,0,0,0,12.719184,1.324252,0,0,5766
13950,2,0,6,9,1,12.715028,1.323741,0,0,5766
13960,1,0,2,4,1,12.711443,1.323338,0,0,5766
13970,1,0,3,5,1,12.706590,1.322863,0,0,5766
13980,0,0,0,0,0,12.698957,1.322099,0,0,5766
13990,1,0,13,15,1,12.696703,1.321786,0,0,5766
14000,1,0,6,8,1,12.697209,1.321790,0,0,5768
14010,0,0,2,3,1,12.690648,1.321068,0,0,5768
14020,0,1,10,12,1,12.693181,1.321176,0,0,5772
14030,1,1,5,8,1,12.688136,1.320642,0,0,5772
14040,0,0,1,2,1,12.684916,1.320405,0,0,5772
14050,0,0,0,1,1,12.679870,1.319831,0,0,5772
14060,0,0,3,4,1,12.673690,1.319150,0,0,5772
14070,0,1,7,9,1,12.669049,1.318638,0,0,5772
14080,0,0,1,2,1,12.663431,1.318200,0,0,5772
14090,2,0,8,11,1,12.658336,1.317534,0,0,5772
14100,0,1,3,5,1,12.656460,1.317340,0,0,5772
14110,3,0,18,22,1,12.658760,1.317318,0,0,5773
14120,0,4,7,12,1,12.662571,1.317560,0,0,5775
14130,0,0,7,8,1,12.658703,1.317129,0,0,5775
14140,0,2,19,22,1,12.659954,1.317115,0,0,5778
14150,3,1,7,12,1,12.664177,1.317652,0,0,5791
14160,9,0,10,20,1,12.668166,1.318049,0,0,5799
14170,0,0,4,5,1,12.663230,1.317595,0,0,5799
14180,0,0,11,12,1,12.660623,1.317334,0,0,5799
14190,4,2,19,26,1,12.665119,1.317716,0,0,5806
14200,0,0,0,0,0,12.664116,1.317854,0,0,5811
14210,0,0,1,2,1,12.659530,1.317320,0,0,5811
14220,0,0,5,6,1,12.654267,1.316831,0,0,5811
14230,0,0,2,3,1,12.649852,1.316325,0,0,5811
14240,0,1,1,3,1,12.642116,1.315674,0,0,5811
14250,2,0,7,10,1,12.637888,1.315168,0,0,5811
14260,0,0,9,10,1,12.634162,1.314791,0,0,5811
14270,0,0,2,3,1,12.633557,1.314690,0,0,5819
14280,0,0,4,5,1,12.627971,1.314177,0,0,5819
14290,1,1,15,18,1,12.626816,1.313905,0,0,5819
14300,1,0,15,17,1,12.635008,1.314930,0,0,5857
14310,0,2,7,10,1,12.636596,1.315230,0,0,5859
14320,0,0,5,6,1,12.633600,1.314967,0,0,5859
14330,2,5,15,23,1,12.635384,1.315106,0,0,5860
14340,0,0,14,15,1,12.637653,1.315428,0,0,5870
14350,1,1,14,17,1,12.642791,1.315935,0,0,5870
14360,0,2,20,23,1,12.648139,1.316454,0,0,5874
14370,2,1,16,20,1,12.652418,1.316891,0,0,5882
14380,3,1,5,10,1,12.649552,1.316651,0,0,5882
14390,0,0,10,11,1,12.646211,1.316418,0,0,5882
14400,0,0,0,1,1,12.644523,1.316243,0,0,5882
14410,0,1,10,12,1,12.642769,1.315823,0,0,5882
14420,2,2,17,22,1,12.648460,1.316388,0,0,5894
14430,3,4,20,28,1,12.653502,1.316913,0,0,5912
14440,0,0,0,1,1,12.652979,1.317068,0,0,5915
14450,0,0,13,14,1,12.648652,1.316524,0,0,5915
14460,1,1,16,19,1,12.649792,1.316605,0,0,5916
14470,0,0,17,18,1,12.650622,1.316636,0,0,5917
14480,4,1,9,15,1,12.654710,1.317109,0,0,5924
14490,1,0,7,9,1,12.649994,1.316600,0,0,5924
14500,3,1,13,18,1,12.647692,1.316380,0,0,5924
14510,1,1,12,15,1,12.650748,1.316737,0,0,5931
14520,4,1,19,25,1,12.655715,1.317217,0,0,5936
14530,0,3,20,24,1,12.662180,1.318013,0,0,5959
14540,0,0,6,7,1,12.667413,1.318776,0,0,5971
14550,1,1,11,14,1,12.664868,1.318408,0,0,5971
14560,1,0,9,11,1,12.664141,1.318351,0,0,5973
14570,4,1,16,22,1,12.665770,1.318390,0,0,5975
14580,0,2,19,22,1,12.668627,1.318754,0,0,5982
14590,2,2,10,15,1,12.673101,1.319342,0,0,5987
14600,2,2,14,19,1,12.671920,1.319182,0,0,5987
14610,0,0,2,3,1,12.672509,1.319225,0,0,5988
14620,1,0,15,17,1,12.667965,1.318753,0,0,5988
14630,2,4,20,27,1,12.671599,1.319057,0,0,5993
14640,0,2,12,15,1,12.675800,1.319598,0,0,6000
14650,1,1,14,17,1,12.679880,1.319986,0,0,6006
14660,0,0,13,14,1,12.683394,1.320314,0,0,6014
14670,1,3,15,20,1,12.686725,1.320746,0,0,6025
14680,0,2,17,20,1,12.694295,1.321507,0,0,6033
14690,0,0,1,2,1,12.692377,1.321364,0,0,6033
14700,0,0,1,2,1,12.684818,1.320764,0,0,6033
14710,1,0,9,11,1,12.678548,1.320196,0,0,6033
14720,1,2,20,24,1,12.685808,1.320952,0,0,6058
14730,5,1,15,22,1,12.690590,1.321544,0,0,6068
14740,2,1,17,21,1,12.694339,1.321879,0,0,6069
14750,4,0,12,17,1,12.698725,1.322466,0,0,6075
14760,1,0,12,14,1,12.703047,1.322926,0,0,6081
14770,2,3,12,18,1,12.701845,1.322838,0,0,6081
14780,0,0,4,5,1,12.708545,1.323564,0,0,6097
14790,0,0,5,6,1,12.703541,1.323071,0,0,6097
14800,1,1,19,22,1,12.707175,1.323487,0,0,6106
14810,3,2,18,24,1,12.713751,1.324275,0,0,6137
14820,1,4,7,13,1,12.716006,1.324565,0,0,6139
14830,0,0,6,7,1,12.714049,1.324436,0,0,6139
14840,4,1,14,20,1,12.715491,1.324474,0,0,6142
14850,3,1,13,18,1,12.721016,1.325032,0,0,6153
14860,0,2,4,7,1,12.721621,1.325141,0,0,6153
14870,1,0,13,15,1,12.719149,1.324809,0,0,6153
14880,1,0,6,8,1,12.718025,1.324794,0,0,6153
14890,1,0,15,17,1,12.720277,1.324890,0,0,6162
14900,2,3,16,22,1,12.721624,1.324928,0,0,6163
14910,2,0,5,8,1,12.721077,1.324844,0,0,6163
14920,0,1,2,4,1,12.716748,1.324402,0,0,6163
14930,1,0,5,7,1,12.712741,1.324013,0,0,6163
14940,0,1,1,3,1,12.706839,1.323463,0,0,6163
14950,0,1,16,18,1,12.703318,1.323170,0,0,6163
14960,2,1,10,14,1,12.708959,1.323887,0,0,6168
14970,1,2,6,10,1,12.712233,1.324191,0,0,6170
14980,4,1,10,16,1,12.710458,1.323997,0,0,6170
14990,0,0,7,8,1,12.712617,1.324249,0,0,6170
15000,0,0,3,4,1,12.708831,1.324011,0,0,6170
15010,1,1,1,4,1,12.704775,1.323524,0,0,6170
15020,0,0,11,12,1,12.701291,1.323226,0,0,6170
15030,0,2,17,20,1,12.699850,1.323002,0,0,6170
15040,0,0,0,0,0,12.699126,1.323119,0,0,6171
15050,1,2,12,16,1,12.694663,1.322617,0,0,6171
15060,0,0,1,2,1,12.689966,1.322210,0,0,6171
15070,0,0,1,2,1,12.683533,1.321631,0,0,6171
15080,1,0,11,13,1,12.680129,1.321221,0,0,6171
15090,3,2,17,23,1,12.682020,1.321427,0,0,6171
15100,1,4,20,26,1,12.690559,1.322398,0,0,6186
15110,0,0,13,14,1,12.693494,1.322722,0,0,6187
15120,0,1,8,10,1,12.690830,1.322435,0,0,6187
15130,0,1,2,4,1,12.686179,1.321987,0,0,6187
15140,1,0,6,8,1,12.682109,1.321508,0,0,6187
15150,0,0,1,2,1,12.676394,1.320939,0,0,6187
15160,0,0,4,5,1,12.672115,1.320447,0,0,6187
15170,1,0,19,21,1,12.673072,1.320402,0,0,6187
15180,6,2,14,23,1,12.676843,1.320695,0,0,6191
15190,0,3,12,16,1,12.681958,1.321246,0,0,6200
15200,4,0,15,20,1,12.687586,1.321796,0,0,6208
15210,3,2,17,23,1,12.694242,1.322426,0,0,6221
15220,3,1,6,11,1,12.694114,1.322430,0,0,6221
15230,2,2,13,18,1,12.693406,1.322284,0,0,6221
15240,0,0,3,4,1,12.691350,1.322242,0,0,6221
15250,2,2,18,23,1,12.690321,1.322089,0,0,6221
15260,1,1,17,20,1,12.697389,1.322952,0,0,6248
15270,2,1,13,17,1,12.702446,1.323542,0,0,6259
15280,0,2,10,13,1,12.703146,1.323668,0,0,6259
15290,0,1,7,9,1,12.698543,1.323243,0,0,6259
15300,3,1,10,15,1,12.700714,1.323324,0,0,6261
15310,0,0,4,5,1,12.702169,1.323386,0,0,6263
15320,0,0,0,0,0,12.695690,1.322800,0,0,6263
15330,4,1,16,22,1,12.694948,1.322597,0,0,6263
15340,7,0,17,25,1,12.701448,1.323274,0,0,6275
15350,2,3,16,22,1,12.706645,1.323824,0,0,6294
15360,3,4,19,27,1,12.711320,1.324275,0,0,6308
15370,0,0,1,2,1,12.712270,1.324500,0,0,6309
15380,1,2,20,24,1,12.714039,1.324496,0,0,6313
15390,0,0,9,10,1,12.718764,1.325167,0,0,6328
15400,0,1,0,2,1,12.714015,1.324735,0,0,6328
15410,0,0,9,10,1,12.713043,1.324759,0,0,6328
15420,3,2,20,26,1,12.714247,1.324812,0,0,6340
15430,0,1,17,19,1,12.718761,1.325256,0,0,6350
15440,4,1,20,26,1,12.725682,1.326057,0,0,6368
15450,3,2,17,23,1,12.731300,1.326741,0,0,6378
15460,0,4,17,22,1,12.739074,1.327515,0,0,6394
15470,0,1,4,6,1,12.744617,1.328262,0,0,6409
15480,0,0,6,7,1,12.738391,1.327684,0,0,6409
15490,0,1,12,14,1,12.735304,1.327362,0,0,6409
15500,0,0,1,2,1,12.735134,1.327451,0,0,6409
15510,0,0,4,5,1,12.728538,1.326932,0,0,6409
15520,0,0,7,8,1,12.723213,1.326439,0,0,6409
15530,4,3,13,21,1,12.723018,1.326355,0,0,6409
15540,2,2,9,14,1,12.728186,1.326911,0,0,6425
15550,2,3,15,21,1,12.728937,1.326909,0,0,6427
15560,0,0,2,3,1,12.728294,1.326983,0,0,6427
15570,3,1,16,21,1,12.725938,1.326719,0,0,6428
15580,0,1,9,11,1,12.725652,1.326751,0,0,6428
15590,2,0,12,15,1,12.724394,1.326566,0,0,6428
15600,7,2,18,28,1,12.730803,1.327180,0,0,6445
15610,3,4,18,26,1,12.741169,1.328384,0,0,6471
15620,0,2,20,23,1,12.745398,1.328895,0,0,6476
15630,1,2,14,18,1,12.749799,1.329566,0,0,6493
15640,7,1,18,27,1,12.752842,1.329847,0,0,6506
15650,3,0,14,18,1,12.759346,1.330595,0,0,6521
15660,3,0,18,22,1,12.765319,1.331253,0,0,6534
15670,1,0,16,18,1,12.769301,1.331587,0,0,6535
15680,0,2,4,7,1,12.765786,1.331246,0,0,6535
15690,0,1,4,6,1,12.763132,1.330845,0,0,6535
15700,0,0,0,1,1,12.757907,1.330458,0,0,6535
15710,0,0,7,8,1,12.755986,1.330230,0,0,6535
15720,0,0,1,2,1,12.749371,1.329575,0,0,6535
15730,4,1,11,17,1,12.749476,1.329444,0,0,6535
15740,2,0,14,17,1,12.751957,1.329658,0,0,6543
15750,0,0,0,1,1,12.750139,1.329529,0,0,6543
15760,0,2,14,17,1,12.745084,1.328992,0,0,6543
15770,0,0,6,7,1,12.742734,1.328808,0,0,6544
15780,3,1,18,23,1,12.740534,1.328489,0,0,6544
15790,0,0,8,9,1,12.744240,1.328989,0,0,6557
15800,0,0,14,15,1,12.744340,1.328955,0,0,6557
15810,0,0,3,4,1,12.740877,1.328698,0,0,6557
15820,0,0,0,0,0,12.734235,1.328031,0,0,6557
15830,2,1,14,18,1,12.730412,1.327482,0,0,6557
15840,0,0,15,16,1,12.734023,1.327875,0,0,6561
15850,0,0,1,2,1,12.729207,1.327407,0,0,6561
15860,1,2,3,7,1,12.724148,1.326800,0,0,6561
15870,0,0,0,1,1,12.718762,1.326281,0,0,6561
15880,0,3,18,22,1,12.715313,1.325999,0,0,6561
15890,1,2,12,16,1,12.720275,1.326672,0,0,6572
15900,0,4,16,21,1,12.724444,1.327097,0,0,6580
15910,0,0,9,10,1,12.724588,1.327042,0,0,6585
15920,3,3,19,26,1,12.727475,1.327246,0,0,6592
15930,3,1,20,25,1,12.731796,1.327679,0,0,6594
15940,0,1,11,13,1,12.736153,1.328219,0,0,6603
15950,0,0,1,2,1,12.734371,1.328180,0,0,6605
15960,1,2,10,14,1,12.731125,1.327823,0,0,6605
15970,1,0,8,10,1,12.727906,1.327417,0,0,6605
15980,0,0,15,16,1,12.726343,1.327157,0,0,6605
15990,1,0,10,12,1,12.726061,1.327066,0,0,6605
16000,2,2,18,23,1,12.727097,1.327087,0,0,6605
16010,1,1,8,11,1,12.731248,1.327675,0,0,6615
16020,0,0,13,14,1,12.726478,1.327211,0,0,6615
16030,2,1,17,21,1,12.728298,1.327374,0,0,6615
16040,3,5,15,24,1,12.732347,1.327752,0,0,6615
16050,0,0,5,6,1,12.734572,1.328078,0,0,6630
16060,0,0,0,1,1,12.729180,1.327644,0,0,6630
16070,0,2,20,23,1,12.729036,1.327559,0,0,6630
16080,0,4,19,24,1,12.735043,1.328202,0,0,6651
16090,0,0,4,5,1,12.738137,1.328678,0,0,6656
16100,2,2,20,25,1,12.738803,1.328626,0,0,6658
16110,0,1,15,17,1,12.741628,1.328885,0,0,6660
16120,1,0,10,12,1,12.742140,1.328929,0,0,6660
16130,0,0,0,0,0,12.738401,1.328650,0,0,6660
16140,0,0,3,4,1,12.734855,1.328210,0,0,6660
16150,0,0,2,3,1,12.732421,1.327793,0,0,6660
16160,1,4,18,24,1,12.733772,1.327821,0,0,6661
16170,2,0,20,23,1,12.741011,1.328584,0,0,6677
16180,0,1,4,6,1,12.741466,1.328733,0,0,6679
16190,0,0,0,0,0,12.735210,1.328200,0,0,6679
16200,1,0,2,4,1,12.729811,1.327652,0,0,6679
16210,2,2,16,21,1,12.732074,1.327802,0,0,6680
16220,0,2,17,20,1,12.735228,1.328011,0,0,6686
16230,2,0,20,23,1,12.736912,1.328151,0,0,6686
16240,1,0,6,8,1,12.740571,1.328592,0,0,6692
16250,0,1,2,4,1,12.735133,1.327972,0,0,6692
16260,0,0,0,0,0,12.728471,1.327294,0,0,6692
16270,0,0,3,4,1,12.722423,1.326781,0,0,6692
16280,1,0,2,4,1,12.719177,1.326433,0,0,6692
16290,1,1,4,7,1,12.715095,1.326041,0,0,6692
16300,0,0,0,1,1,12.708672,1.325446,0,0,6692
16310,0,0,2,3,1,12.708888,1.325417,0,0,6692
16320,3,0,5,9,1,12.706728,1.325030,0,0,6692
16330,2,2,14,19,1,12.705375,1.324905,0,0,6698
16340,1,3,17,22,1,12.712058,1.325609,0,0,6723
16350,0,0,3,4,1,12.713223,1.325705,0,0,6723
16360,0,0,4,5,1,12.707938,1.325161,0,0,6723
16370,0,0,5,6,1,12.704116,1.324795,0,0,6723
16380,2,0,20,23,1,12.703564,1.324627,0,0,6723
16390,5,4,18,28,1,12.708034,1.325076,0,0,6742
16400,3,0,12,16,1,12.713438,1.325714,0,0,6754
16410,1,2,10,14,1,12.715069,1.325900,0,0,6754
16420,0,0,2,3,1,12.713419,1.325761,0,0,6754
16430,0,2,15,18,1,12.713080,1.325666,0,0,6754
16440,4,0,15,20,1,12.717547,1.326022,0,0,6765
16450,1,0,3,5,1,12.718920,1.326223,0,0,6769
16460,1,0,7,9,1,12.714215,1.325757,0,0,6769
16470,1,0,9,11,1,12.709535,1.325243,0,0,6769
16480,0,0,20,21,1,12.711796,1.325469,0,0,6781
16490,1,0,1,3,1,12.711394,1.325452,0,0,6782
16500,0,4,9,14,1,12.706404,1.324997,0,0,6782
16510,3,2,10,16,1,12.702908,1.324649,0,0,6782
16520,2,3,14,20,1,12.707802,1.325108,0,0,6789
16530,0,0,0,1,1,12.707066,1.325072,0,0,6789
16540,1,0,1,3,1,12.701821,1.324474,0,0,6789
16550,0,0,2,3,1,12.699171,1.324072,0,0,6789
16560,4,1,13,19,1,12.695352,1.323606,0,0,6789
16570,1,0,12,14,1,12.697469,1.323826,0,0,6799
16580,0,1,6,8,1,12.698443,1.323936,0,0,6800
16590,4,0,10,15,1,12.700543,1.324187,0,0,6800
16600,2,3,6,12,1,12.701523,1.324397,0,0,6800
16610,0,0,6,7,1,12.698024,1.324064,0,0,6800
16620,0,0,1,2,1,12.692706,1.323534,0,0,6800
16630,0,0,0,0,0,12.686602,1.322988,0,0,6800
16640,3,0,9,13,1,12.683708,1.322677,0,0,6800
16650,0,1,5,7,1,12.680283,1.322228,0,0,6800
16660,0,0,1,2,1,12.675867,1.321775,0,0,6800
16670,0,0,3,4,1,12.670347,1.321173,0,0,6800
16680,0,1,6,8,1,12.670957,1.321228,0,0,6800
16690,1,0,4,6,1,12.667197,1.320860,0,0,6800
16700,0,3,12,16,1,12.662254,1.320228,0,0,6800
16710,2,0,19,22,1,12.666229,1.320543,0,0,6820
16720,2,2,19,24,1,12.671454,1.321005,0,0,6834
16730,4,0,8,13,1,12.675175,1.321499,0,0,6836
16740,3,1,9,14,1,12.676516,1.321605,0,0,6841
16750,1,0,5,7,1,12.675152,1.321504,0,0,6841
16760,2,1,19,23,1,12.673789,1.321147,0,0,6841
16770,0,3,16,20,1,12.679336,1.321675,0,0,6851
16780,0,2,11,14,1,12.679881,1.321691,0,0,6851
16790,0,1,10,12,1,12.680797,1.321753,0,0,6851
16800,0,0,0,1,1,12.678024,1.321553,0,0,6851
16810,0,0,8,9,1,12.673299,1.321134,0,0,6851
16820,0,0,15,16,1,12.672212,1.320947,0,0,6851
16830,1,2,11,15,1,12.671681,1.320923,0,0,6851
16840,4,0,19,24,1,12.672288,1.321011,0,0,6851
16850,6,0,13,20,1,12.676108,1.321531,0,0,6859
16860,0,4,18,23,1,12.680245,1.321961,0,0,6862
16870,0,2,14,17,1,12.682206,1.322214,0,0,6867
16880,1,3,19,24,1,12.686602,1.322696,0,0,6871
16890,1,2,20,24,1,12.691677,1.323266,0,0,6886
16900,0,0,5,6,1,12.690219,1.323227,0,0,6889
16910,0,0,0,0,0,12.685160,1.322626,0,0,6889
16920,2,0,5,8,1,12.682924,1.322384,0,0,6889
16930,0,1,3,5,1,12.677643,1.321800,0,0,6889
16940,0,0,3,4,1,12.673893,1.321392,0,0,6889
16950,1,0,17,19,1,12.675668,1.321584,0,0,6899
16960,0,0,5,6,1,12.675685,1.321610,0,0,6902
16970,1,0,2,4,1,12.671058,1.321208,0,0,6902
16980,1,0,1,3,1,12.665062,1.320687,0,0,6902
16990,0,0,1,2,1,12.660235,1.320223,0,0,6902
17000,1,1,13,16,1,12.660412,1.320022,0,0,6902
17010,0,0,4,5,1,12.658467,1.319803,0,0,6902
17020,0,0,4,5,1,12.655596,1.319389,0,0,6902
17030,3,0,8,12,1,12.654754,1.319244,0,0,6902
17040,1,0,16,18,1,12.656825,1.319419,0,0,6902
17050,3,6,20,30,1,12.660319,1.319710,0,0,6910
17060,2,0,2,5,1,12.660266,1.319850,0,0,6914
17070,0,0,3,4,1,12.657215,1.319547,0,0,6914
17080,0,0,0,0,0,12.651705,1.319101,0,0,6914
17090,0,0,13,14,1,12.649648,1.318918,0,0,6914
17100,0,0,6,7,1,12.650384,1.319090,0,0,6914
17110,0,1,5,7,1,12.651234,1.319178,0,0,6915
17120,0,0,2,3,1,12.645624,1.318681,0,0,6915
17130,0,1,7,9,1,12.639523,1.318124,0,0,6915
17140,3,4,9,17,1,12.638192,1.317872,0,0,6915
17150,0,0,0,1,1,12.637533,1.317875,0,0,6915
17160,0,0,2,3,1,12.631609,1.317264,0,0,6915
17170,0,0,0,1,1,12.626105,1.316641,0,0,6915
17180,2,0,3,6,1,12.621000,1.316156,0,0,6915
17190,0,0,0,0,0,12.618457,1.316049,0,0,6915
17200,0,0,9,10,1,12.615027,1.315763,0,0,6915
17210,0,0,0,0,0,12.613297,1.315613,0,0,6915
17220,2,1,7,11,1,12.608010,1.315069,0,0,6915
17230,1,0,9,11,1,12.602785,1.314594,0,0,6915
17240,0,2,6,9,1,12.602256,1.314546,0,0,6915
17250,2,2,20,25,1,12.605276,1.314884,0,0,6944
17260,4,2,17,24,1,12.610460,1.315495,0,0,6953
17270,2,1,4,8,1,12.611811,1.315690,0,0,6955
17280,0,0,1,2,1,12.607973,1.315329,0,0,6955
17290,0,2,7,10,1,12.603353,1.314774,0,0,6955
17300,1,3,10,15,1,12.604681,1.314919,0,0,6967
17310,0,0,5,6,1,12.602351,1.314770,0,0,6967
17320,1,0,0,2,1,12.600044,1.314457,0,0,6967
17330,0,0,0,0,0,12.594691,1.313985,0,0,6967
17340,0,0,2,3,1,12.589458,1.313414,0,0,6967
17350,2,1,14,18,1,12.587771,1.313102,0,0,6967
17360,2,1,11,15,1,12.592553,1.313640,0,0,6979
17370,0,5,13,19,1,12.597036,1.314248,0,0,6996
17380,0,0,9,10,1,12.598280,1.314385,0,0,6996
17390,0,0,5,6,1,12.598456,1.314363,0,0,6996
17400,0,0,1,2,1,12.593047,1.313844,0,0,6996
17410,2,2,12,17,1,12.591740,1.313691,0,0,6996
17420,0,0,0,0,0,12.589849,1.313658,0,0,6996
17430,0,0,2,3,1,12.586075,1.313278,0,0,6996
17440,0,1,12,14,1,12.584312,1.312999,0,0,6996
17450,0,0,8,9,1,12.582028,1.312728,0,0,6996
17460,0,0,2,3,1,12.577835,1.312305,0,0,6996
17470,0,0,0,1,1,12.572963,1.311615,0,0,6996
17480,1,0,14,16,1,12.568583,1.311259,0,0,6996
17490,0,0,4,5,1,12.569187,1.311407,0,0,6996
17500,3,2,17,23,1,12.567959,1.311137,0,0,6998
17510,1,4,7,13,1,12.568565,1.311230,0,0,7003
17520,0,0,0,0,0,12.567197,1.311118,0,0,7003
17530,0,0,0,1,1,12.562427,1.310697,0,0,7003
17540,3,3,20,27,1,12.561107,1.310449,0,0,7007
17550,6,1,17,25,1,12.568177,1.311271,0,0,7040
17560,0,0,0,1,1,12.569286,1.311510,0,0,7040
17570,2,0,8,11,1,12.566586,1.311149,0,0,7040
17580,3,0,18,22,1,12.571650,1.311622,0,0,7052
17590,3,1,18,23,1,12.574642,1.311824,0,0,7055
17600,0,0,2,3,1,12.571691,1.311531,0,0,7055
17610,0,0,2,3,1,12.565983,1.311097,0,0,7055
17620,0,1,6,8,1,12.561469,1.310633,0,0,7055
17630,1,0,7,9,1,12.556903,1.310202,0,0,7055
17640,3,3,17,24,1,12.558073,1.310369,0,0,7061
17650,3,0,17,21,1,12.563598,1.310898,0,0,7065
17660,0,3,15,19,1,12.562362,1.310698,0,0,7065
17670,1,3,18,23,1,12.564807,1.310959,0,0,7066
17680,3,0,17,21,1,12.568966,1.311485,0,0,7080
17690,2,0,18,21,1,12.572913,1.311787,0,0,7093
17700,0,1,4,6,1,12.572581,1.311767,0,0,7093
17710,0,0,0,1,1,12.567757,1.311285,0,0,7093
17720,1,0,2,4,1,12.564236,1.310863,0,0,7093
17730,1,2,16,20,1,12.563673,1.310849,0,0,7099
17740,0,0,14,15,1,12.564400,1.310885,0,0,7100
17750,2,1,8,12,1,12.566345,1.311087,0,0,7100
17760,0,2,14,17,1,12.563717,1.310858,0,0,7100
17770,1,1,7,10,1,12.561640,1.310540,0,0,7100
17780,0,0,3,4,1,12.556640,1.309986,0,0,7100
17790,1,0,9,11,1,12.552963,1.309540,0,0,7100
17800,0,0,10,11,1,12.549199,1.309116,0,0,7100
17810,0,0,13,14,1,12.546501,1.308833,0,0,7100
17820,2,2,12,17,1,12.549786,1.309183,0,0,7104
17830,2,0,8,11,1,12.550467,1.309322,0,0,7104
17840,0,1,9,11,1,12.547145,1.308920,0,0,7104
17850,0,1,4,6,1,12.543254,1.308666,0,0,7104
17860,1,3,9,14,1,12.539022,1.308147,0,0,7104
17870,0,0,16,17,1,12.535934,1.307847,0,0,7104
17880,5,0,20,26,1,12.540474,1.308335,0,0,7110
17890,0,1,16,18,1,12.542256,1.308527,0,0,7120
17900,1,0,20,22,1,12.549158,1.309383,0,0,7141
17910,5,0,20,26,1,12.554446,1.309941,0,0,7158
17920,0,1,3,5,1,12.559228,1.310599,0,0,7168
17930,0,0,2,3,1,12.553640,1.310068,0,0,7168
17940,0,0,2,3,1,12.547692,1.309560,0,0,7168
17950,1,1,10,13,1,12.544002,1.309182,0,0,7168
17960,3,4,11,19,1,12.546863,1.309448,0,0,7168
17970,0,1,13,15,1,12.550027,1.309770,0,0,7189
17980,0,0,19,20,1,12.551399,1.309942,0,0,7203
17990,0,0,4,5,1,12.550487,1.309898,0,0,7204
18000,1,0,3,5,1,12.545817,1.309531,0,0,7204
18010,1,0,8,10,1,12.542934,1.309274,0,0,7204
18020,2,0,7,10,1,12.544425,1.309375,0,0,7205
18030,0,0,11,12,1,12.542786,1.309059,0,0,7205
18040,0,0,19,20,1,12.542695,1.308980,0,0,7207
18050,2,3,11,17,1,12.546411,1.309404,0,0,7207
18060,0,0,0,0,0,12.543189,1.309210,0,0,7207
18070,0,0,9,10,1,12.541412,1.308948,0,0,7207
18080,1,1,16,19,1,12.544311,1.309294,0,0,7209
18090,0,0,12,13,1,12.545851,1.309408,0,0,7212
18100,0,0,1,2,1,12.545739,1.309380,0,0,7212
18110,1,2,4,8,1,12.541011,1.308870,0,0,7212
18120,1,1,20,23,1,12.541865,1.308905,0,0,7216
18130,0,0,0,0,0,12.541976,1.309111,0,0,7225
18140,0,0,0,0,0,12.536500,1.308613,0,0,7225
18150,0,0,11,12,1,12.533498,1.308359,0,0,7225
18160,0,0,2,3,1,12.529847,1.307998,0,0,7225
18170,2,1,9,13,1,12.529825,1.307957,0,0,7228
18180,0,0,16,17,1,12.531456,1.308081,0,0,7233
18190,1,3,10,15,1,12.532934,1.308294,0,0,7233
18200,0,1,0,2,1,12.531833,1.308260,0,0,7233
18210,0,0,0,0,0,12.526208,1.307723,0,0,7233
18220,1,0,10,12,1,12.524113,1.307413,0,0,7233
18230,0,1,14,16,1,12.528938,1.308013,0,0,7256
18240,0,1,5,7,1,12.528157,1.307914,0,0,7256
18250,0,0,3,4,1,12.526195,1.307745,0,0,7256
18260,0,2,6,9,1,12.520971,1.307236,0,0,7256
18270,0,0,7,8,1,12.518583,1.307000,0,0,7256
18280,1,4,19,25,1,12.517681,1.306837,0,0,7256
18290,0,2,16,19,1,12.524164,1.307646,0,0,7286
18300,0,1,19,21,1,12.527405,1.308013,0,0,7296
18310,4,0,14,19,1,12.532048,1.308444,0,0,7302
18320,0,5,17,23,1,12.534682,1.308717,0,0,7309
18330,1,0,7,9,1,12.532390,1.308566,0,0,7309
18340,2,1,8,12,1,12.529040,1.308110,0,0,7309
18350,1,0,2,4,1,12.525899,1.307832,0,0,7309
18360,0,1,18,20,1,12.525533,1.307733,0,0,7309
18370,3,2,20,26,1,12.529280,1.308019,0,0,7311
18380,3,3,18,25,1,12.533296,1.308466,0,0,7324
18390,2,2,19,24,1,12.538966,1.309153,0,0,7336
18400,3,2,14,20,1,12.542028,1.309345,0,0,7336
18410,1,1,20,23,1,12.546931,1.309803,0,0,7352
18420,1,1,14,17,1,12.549985,1.310113,0,0,7358
18430,1,1,4,7,1,12.548138,1.310008,0,0,7358
18440,1,2,10,14,1,12.548130,1.309894,0,0,7358
18450,6,0,20,27,1,12.552221,1.310312,0,0,7371
18460,2,0,18,21,1,12.557471,1.310888,0,0,7386
18470,2,4,20,27,1,12.563295,1.311561,0,0,7420
18480,0,1,14,16,1,12.566593,1.311934,0,0,7424
18490,0,0,8,9,1,12.565280,1.311825,0,0,7424
18500,0,0,1,2,1,12.561218,1.311429,0,0,7424
18510,2,0,4,7,1,12.557254,1.310924,0,0,7424
18520,1,0,9,11,1,12.554752,1.310544,0,0,7424
18530,1,0,19,21,1,12.555788,1.310650,0,0,7431
18540,0,1,3,5,1,12.554786,1.310684,0,0,7431
18550,1,2,15,19,1,12.557295,1.310804,0,0,7436
18560,3,0,19,23,1,12.559947,1.311028,0,0,7446
18570,0,2,16,19,1,12.563430,1.311442,0,0,7447
18580,3,2,3,9,1,12.564192,1.311513,0,0,7447
18590,0,0,0,1,1,12.559456,1.311120,0,0,7447
18600,0,0,3,4,1,12.557434,1.310996,0,0,7447
18610,0,0,13,14,1,12.555537,1.310627,0,0,7447
18620,3,3,19,26,1,12.558671,1.310901,0,0,7448
18630,0,1,15,17,1,12.563687,1.311519,0,0,7462
18640,5,0,10,16,1,12.566513,1.311783,0,0,7470
18650,0,2,15,18,1,12.569225,1.312035,0,0,7481
18660,1,1,12,15,1,12.571305,1.312265,0,0,7484
18670,0,0,3,4,1,12.567863,1.311934,0,0,7484
18680,4,0,12,17,1,12.571077,1.312158,0,0,7489
18690,0,0,12,13,1,12.571086,1.312216,0,0,7489
18700,1,3,18,23,1,12.576946,1.312782,0,0,7510
18710,2,2,20,25,1,12.583835,1.313544,0,0,7535
18720,1,0,4,6,1,12.580551,1.313310,0,0,7535
18730,0,0,6,7,1,12.576710,1.312973,0,0,7535
18740,0,0,2,3,1,12.573018,1.312637,0,0,7535
18750,0,1,10,12,1,12.574637,1.312775,0,0,7542
18760,1,0,10,12,1,12.573032,1.312687,0,0,7542
18770,0,0,0,1,1,12.568008,1.312212,0,0,7542
18780,4,2,11,18,1,12.567908,1.312134,0,0,7547
18790,0,3,20,24,1,12.572181,1.312542,0,0,7553
18800,0,0,17,18,1,12.577570,1.313125,0,0,7575
18810,0,1,10,12,1,12.578941,1.313303,0,0,7578
18820,0,1,10,12,1,12.577209,1.313055,0,0,7578
18830,0,0,2,3,1,12.572099,1.312498,0,0,7578
18840,1,0,11,13,1,12.567493,1.312088,0,0,7578
18850,3,0,18,22,1,12.571311,1.312485,0,0,7586
18860,0,0,11,12,1,12.572620,1.312599,0,0,7588
18870,1,0,5,7,1,12.573643,1.312726,0,0,7590
18880,0,0,6,7,1,12.571585,1.312487,0,0,7590
18890,0,0,0,0,0,12.568114,1.312225,0,0,7590
18900,0,1,3,5,1,12.565568,1.311863,0,0,7590
18910,0,2,11,14,1,12.561587,1.311417,0,0,7590
18920,1,0,9,11,1,12.560443,1.311340,0,0,7590
18930,3,0,12,16,1,12.562376,1.311460,0,0,7593
18940,1,4,17,23,1,12.562611,1.311440,0,0,7593
18950,0,0,5,6,1,12.565440,1.311763,0,0,7609
18960,0,0,0,0,0,12.560367,1.311260,0,0,7609
18970,0,0,8,9,1,12.555571,1.310708,0,0,7609
18980,0,0,0,1,1,12.553185,1.310493,0,0,7609
18990,2,0,14,17,1,12.553212,1.310430,0,0,7609
19000,2,0,20,23,1,12.556201,1.310647,0,0,7614
19010,1,2,11,15,1,12.558364,1.310957,0,0,7621
19020,2,1,12,16,1,12.558472,1.310910,0,0,7621
19030,5,0,18,24,1,12.561653,1.311190,0,0,7625
19040,0,0,2,3,1,12.562176,1.311358,0,0,7633
19050,4,2,14,21,1,12.560382,1.311133,0,0,7634
19060,0,0,8,9,1,12.562922,1.311390,0,0,7639
19070,0,0,2,3,1,12.558285,1.310854,0,0,7639
19080,1,0,11,13,1,12.554538,1.310376,0,0,7639
19090,0,0,4,5,1,12.557057,1.310694,0,0,7644
19100,1,1,10,13,1,12.557211,1.310673,0,0,7644
19110,3,7,19,30,1,12.559853,1.310912,0,0,7645
19120,2,0,18,21,1,12.565051,1.311603,0,0,7661
19130,0,3,16,20,1,12.569672,1.312013,0,0,7676
19140,0,1,3,5,1,12.572096,1.312372,0,0,7683
19150,1,0,2,4,1,12.569520,1.312037,0,0,7683
19160,0,0,0,1,1,12.564668,1.311643,0,0,7683
19170,0,1,2,4,1,12.560615,1.311290,0,0,7683
19180,2,6,20,29,1,12.561554,1.311258,0,0,7693
19190,2,1,1,5,1,12.562521,1.311515,0,0,7707
19200,0,0,12,13,1,12.560178,1.311176,0,0,7707
19210,1,0,11,13,1,12.559659,1.311120,0,0,7707
19220,0,0,13,14,1,12.555544,1.310675,0,0,7707
19230,1,0,2,4,1,12.555059,1.310687,0,0,7707
19240,1,0,12,14,1,12.554099,1.310607,0,0,7708
19250,0,2,15,18,1,12.553077,1.310406,0,0,7708
19260,4,1,14,20,1,12.555312,1.310617,0,0,7708
19270,1,2,11,15,1,12.560052,1.311103,0,0,7723
19280,3,1,3,8,1,12.557973,1.310877,0,0,7723
19290,1,0,3,5,1,12.553411,1.310385,0,0,7723
19300,0,0,5,6,1,12.552138,1.310258,0,0,7723
19310,0,2,3,6,1,12.552982,1.310253,0,0,7724
19320,0,0,0,1,1,12.548242,1.309693,0,0,7724
19330,1,0,10,12,1,12.545970,1.309454,0,0,7724
19340,1,1,17,20,1,12.548651,1.309740,0,0,7741
19350,1,0,6,8,1,12.552148,1.310118,0,0,7752
19360,0,0,4,5,1,12.547505,1.309738,0,0,7752
19370,0,0,0,0,0,12.542669,1.309253,0,0,7752
19380,0,0,6,7,1,12.538152,1.308815,0,0,7752
19390,1,0,1,3,1,12.534732,1.308464,0,0,7752
19400,0,0,0,1,1,12.529559,1.307922,0,0,7752
19410,0,1,10,12,1,12.526134,1.307514,0,0,7752
19420,0,0,0,0,0,12.523810,1.307298,0,0,7752
19430,1,1,12,15,1,12.519800,1.306787,0,0,7752
19440,0,0,8,9,1,12.516318,1.306415,0,0,7752
19450,0,0,0,1,1,12.511385,1.305885,0,0,7752
19460,1,1,11,14,1,12.510706,1.305750,0,0,7752
19470,0,0,16,17,1,12.512078,1.305836,0,0,7752
19480,2,2,14,19,1,12.512886,1.305898,0,0,7756
19490,2,5,16,24,1,12.517365,1.306357,0,0,7768
19500,0,0,1,2,1,12.518031,1.306411,0,0,7776
19510,0,0,4,5,1,12.513058,1.305982,0,0,7776
19520,0,2,3,6,1,12.508273,1.305523,0,0,7776
19530,2,0,8,11,1,12.508655,1.305527,0,0,7784
19540,0,0,15,16,1,12.505724,1.305170,0,0,7784
19550,1,2,9,13,1,12.502746,1.304872,0,0,7784
19560,0,3,11,15,1,12.501803,1.304752,0,0,7784
19570,0,0,6,7,1,12.498993,1.304471,0,0,7784
19580,0,0,18,19,1,12.498667,1.304408,0,0,7784
19590,1,0,5,7,1,12.498164,1.304403,0,0,7788
19600,0,0,0,0,0,12.496171,1.304152,0,0,7788
19610,0,0,3,4,1,12.492149,1.303662,0,0,7788
19620,1,0,12,14,1,12.492575,1.303684,0,0,7788
19630,2,2,12,17,1,12.495720,1.303969,0,0,7790
19640,1,5,12,19,1,12.500961,1.304487,0,0,7806
19650,1,4,13,19,1,12.503750,1.304673,0,0,7808
19660,1,0,20,22,1,12.508371,1.305182,0,0,7818
19670,0,0,13,14,1,12.510505,1.305445,0,0,7821
19680,0,3,13,17,1,12.511190,1.305488,0,0,7821
19690,0,0,5,6,1,12.511107,1.305443,0,0,7821
19700,2,0,9,12,1,12.507936,1.305104,0,0,7821
19710,0,1,19,21,1,12.510170,1.305337,0,0,7825
19720,4,1,15,21,1,12.513668,1.305673,0,0,7828
19730,0,3,7,11,1,12.516769,1.306016,0,0,7836
19740,1,1,18,21,1,12.517231,1.305946,0,0,7837
19750,3,2,7,13,1,12.520830,1.306223,0,0,7842
19760,1,4,3,9,1,12.518407,1.305928,0,0,7842
19770,4,4,18,27,1,12.521301,1.306098,0,0,7845
19780,0,4,18,23,1,12.526069,1.306684,0,0,7862
19790,0,0,15,16,1,12.529576,1.307042,0,0,7864
19800,0,0,3,4,1,12.526269,1.306710,0,0,7864
19810,1,0,13,15,1,12.524512,1.306437,0,0,7864
19820,0,0,5,6,1,12.521104,1.306149,0,0,7864
19830,3,1,20,25,1,12.521012,1.306166,0,0,7864
19840,1,1,15,18,1,12.525886,1.306749,0,0,7879
19850,0,0,4,5,1,12.524235,1.306631,0,0,7879
19860,0,0,2,3,1,12.519405,1.306215,0,0,7879
19870,0,3,9,13,1,12.514688,1.305701,0,0,7879
19880,1,4,11,17,1,12.518246,1.306037,0,0,7882
19890,0,0,11,12,1,12.521003,1.306317,0,0,7896
19900,1,0,1,3,1,12.517396,1.305980,0,0,7896
19910,1,2,10,14,1,12.515865,1.305738,0,0,7896
19920,0,0,2,3,1,12.512487,1.305370,0,0,7896
19930,0,2,16,19,1,12.508249,1.305030,0,0,7896
19940,3,3,15,22,1,12.512627,1.305602,0,0,7903
19950,1,0,17,19,1,12.516890,1.306100,0,0,7910
19960,0,1,16,18,1,12.520838,1.306361,0,0,7918
19970,0,0,0,1,1,12.520108,1.306345,0,0,7922
19980,1,1,7,10,1,12.516369,1.305906,0,0,7922
19990,3,1,18,23,1,12.517697,1.306030,0,0,7924
20000,1,1,4,7,1,12.519751,1.306284,0,0,7936
20010,0,2,11,14,1,12.519466,1.306226,0,0,7939
20020,0,0,1,2,1,12.515400,1.305869,0,0,7939
20030,0,1,9,11,1,12.516484,1.305851,0,0,7941
20040,0,1,12,14,1,12.518603,1.306017,0,0,7943
20050,3,2,17,23,1,12.517220,1.305831,0,0,7943
20060,2,2,9,14,1,12.519830,1.306157,0,0,7948
20070,2,1,15,19,1,12.523804,1.306584,0,0,7969
20080,0,1,19,21,1,12.528187,1.306938,0,0,7984
20090,0,0,2,3,1,12.528171,1.307024,0,0,7986
20100,2,0,18,21,1,12.527209,1.306861,0,0,7986
20110,5,1,19,26,1,12.531809,1.307245,0,0,7999
20120,0,0,3,4,1,12.534169,1.307552,0,0,8007
20130,0,0,10,11,1,12.532683,1.307409,0,0,8007
20140,0,0,1,2,1,12.530757,1.307234,0,0,8007
20150,1,1,11,14,1,12.529348,1.307032,0,0,8007
20160,0,0,20,21,1,12.530745,1.307123,0,0,8008
20170,5,0,14,20,1,12.533874,1.307462,0,0,8022
20180,4,0,14,19,1,12.535016,1.307587,0,0,8024
20190,0,0,1,2,1,12.535611,1.307608,0,0,8029
20200,0,0,0,1,1,12.530743,1.307139,0,0,8029
20210,0,0,7,8,1,12.528775,1.306819,0,0,8029
20220,0,1,12,14,1,12.525824,1.306463,0,0,8029
20230,0,0,20,21,1,12.524641,1.306352,0,0,8031
20240,0,0,9,10,1,12.525021,1.306411,0,0,8033
20250,2,0,19,22,1,12.526980,1.306493,0,0,8043
20260,0,0,1,2,1,12.525902,1.306541,0,0,8048
20270,0,0,0,0,0,12.520706,1.306046,0,0,8048
20280,1,0,19,21,1,12.518206,1.305757,0,0,8050
20290,2,0,14,17,1,12.522101,1.306176,0,0,8065
20300,2,0,17,20,1,12.525068,1.306491,0,0,8073
20310,4,0,15,20,1,12.527828,1.306704,0,0,8085
20320,0,0,8,9,1,12.529351,1.306836,0,0,8085
20330,0,2,14,17,1,12.526544,1.306542,0,0,8085
20340,1,3,10,15,1,12.530051,1.306974,0,0,8089
20350,3,5,19,28,1,12.532790,1.307219,0,0,8092
20360,2,4,17,24,1,12.537593,1.307752,0,0,8108
20370,1,0,3,5,1,12.538899,1.307988,0,0,8108
20380,1,2,15,19,1,12.539989,1.308014,0,0,8108
20390,1,0,16,18,1,12.542758,1.308262,0,0,8114
20400,0,3,20,24,1,12.545364,1.308472,0,0,8119
20410,1,4,16,22,1,12.549443,1.308850,0,0,8122
20420,0,0,0,0,0,12.548489,1.308777,0,0,8122
20430,0,2,13,16,1,12.547012,1.308555,0,0,8122
20440,1,0,10,12,1,12.548791,1.308733,0,0,8123
20450,2,3,14,20,1,12.546969,1.308462,0,0,8123
20460,3,1,14,19,1,12.551773,1.308989,0,0,8129
20470,1,4,11,17,1,12.553960,1.309190,0,0,8134
20480,1,2,14,18,1,12.557807,1.309570,0,0,8143
20490,2,1,18,22,1,12.562585,1.310128,0,0,8168
20500,1,3,8,13,1,12.565786,1.310521,0,0,8173
20510,0,0,2,3,1,12.564758,1.310433,0,0,8173
20520,0,2,19,22,1,12.563435,1.310268,0,0,8173
20530,1,0,5,7,1,12.566121,1.310554,0,0,8173
20540,1,1,4,7,1,12.564934,1.310442,0,0,8173
20550,0,0,0,0,0,12.560242,1.310032,0,0,8173
20560,1,0,0,2,1,12.556450,1.309669,0,0,8173
20570,1,1,8,11,1,12.551856,1.309269,0,0,8173
20580,0,2,18,21,1,12.549986,1.309073,0,0,8173
20590,3,2,17,23,1,12.553590,1.309434,0,0,8176
20600,1,2,14,18,1,12.558763,1.309993,0,0,8195
20610,0,3,19,23,1,12.562847,1.310431,0,0,8208
20620,0,0,19,20,1,12.565483,1.310659,0,0,8213
20630,0,0,0,0,0,12.563919,1.310555,0,0,8213
20640,0,0,12,13,1,12.562049,1.310332,0,0,8213
20650,1,1,10,13,1,12.566271,1.310752,0,0,8228
20660,3,0,5,9,1,12.567057,1.310813,0,0,8228
20670,0,0,4,5,1,12.564634,1.310566,0,0,8228
20680,0,1,3,5,1,12.560132,1.310076,0,0,8228
20690,1,0,7,9,1,12.556698,1.309578,0,0,8228
20700,3,0,20,24,1,12.554370,1.309216,0,0,8232
20710,1,2,18,22,1,12.559342,1.309839,0,0,8248
20720,0,0,9,10,1,12.559903,1.309844,0,0,8248
20730,1,1,16,19,1,12.562240,1.310081,0,0,8254
20740,1,2,4,8,1,12.559947,1.309900,0,0,8254
20750,0,0,6,7,1,12.559985,1.309884,0,0,8259
20760,3,0,7,11,1,12.560778,1.309860,0,0,8263
20770,1,1,11,14,1,12.562788,1.310056,0,0,8265
20780,0,1,5,7,1,12.562647,1.310034,0,0,8265
20790,1,4,18,24,1,12.560994,1.309710,0,0,8265
20800,2,3,13,19,1,12.563685,1.309918,0,0,8273
20810,0,0,0,1,1,12.563487,1.309975,0,0,8278
20820,0,0,2,3,1,12.560361,1.309649,0,0,8278
20830,0,0,13,14,1,12.556219,1.309242,0,0,8278
20840,1,2,15,19,1,12.555841,1.309098,0,0,8278
20850,0,1,9,11,1,12.558709,1.309442,0,0,8282
20860,5,2,16,24,1,12.560520,1.309571,0,0,8288
20870,4,1,14,20,1,12.563730,1.309938,0,0,8294
20880,0,0,2,3,1,12.562764,1.309850,0,0,8298
20890,1,0,15,17,1,12.560709,1.309596,0,0,8298
20900,1,1,14,17,1,12.560750,1.309547,0,0,8298
20910,0,2,17,20,1,12.562303,1.309728,0,0,8301
20920,1,0,6,8,1,12.565086,1.309992,0,0,8305
20930,0,1,13,15,1,12.564538,1.309934,0,0,8305
20940,0,0,15,16,1,12.567732,1.310306,0,0,8313
20950,0,1,12,14,1,12.569871,1.310489,0,0,8314
20960,0,1,18,20,1,12.573433,1.310879,0,0,8326
20970,0,0,12,13,1,12.577294,1.311405,0,0,8329
20980,0,1,11,13,1,12.578035,1.311501,0,0,8329
20990,1,0,1,3,1,12.578316,1.311608,0,0,8329
21000,2,0,7,10,1,12.574232,1.311110,0,0,8329
21010,4,0,20,25,1,12.577764,1.311452,0,0,8344
21020,0,1,1,3,1,12.578824,1.311640,0,0,8352
21030,0,1,6,8,1,12.573836,1.311158,0,0,8352
21040,0,0,4,5,1,12.573077,1.311072,0,0,8352
21050,2,0,20,23,1,12.571295,1.310814,0,0,8356
21060,1,0,18,20,1,12.576141,1.311468,0,0,8390
21070,1,0,19,21,1,12.580067,1.311799,0,0,8395
21080,0,2,2,5,1,12.581672,1.312024,0,0,8395
21090,1,0,11,13,1,12.580141,1.311837,0,0,8395
21100,0,0,7,8,1,12.578136,1.311628,0,0,8395
21110,0,1,13,15,1,12.577220,1.311551,0,0,8409
21120,5,1,16,23,1,12.581279,1.311941,0,0,8428
21130,1,2,20,24,1,12.585483,1.312437,0,0,8442
21140,0,1,3,5,1,12.586283,1.312617,0,0,8443
21150,4,0,20,25,1,12.585498,1.312424,0,0,8444
21160,0,0,11,12,1,12.585584,1.312497,0,0,8446
21170,0,4,13,18,1,12.589788,1.312987,0,0,8453
21180,1,0,5,7,1,12.591450,1.313218,0,0,8458
21190,1,1,2,5,1,12.587889,1.312774,0,0,8458
21200,0,0,6,7,1,12.587197,1.312708,0,0,8458
21210,1,1,2,5,1,12.585179,1.312419,0,0,8458
21220,1,0,17,19,1,12.585369,1.312477,0,0,8458
21230,1,1,15,18,1,12.590288,1.312983,0,0,8474
21240,0,0,0,1,1,12.589129,1.312913,0,0,8474
21250,1,1,19,22,1,12.586704,1.312479,0,0,8474
21260,1,0,9,11,1,12.590290,1.312930,0,0,8489
21270,1,0,15,17,1,12.590037,1.312844,0,0,8489
21280,0,0,0,1,1,12.590198,1.312899,0,0,8491
21290,2,2,6,11,1,12.589544,1.312862,0,0,8491
21300,0,0,8,9,1,12.588665,1.312790,0,0,8491
21310,0,0,1,2,1,12.586044,1.312509,0,0,8491
21320,0,0,0,0,0,12.581410,1.312076,0,0,8491
21330,0,0,1,2,1,12.577637,1.311695,0,0,8491
21340,0,0,2,3,1,12.573113,1.311126,0,0,8491
21350,1,0,8,10,1,12.568757,1.310736,0,0,8491
21360,1,2,7,11,1,12.566116,1.310536,0,0,8491
21370,1,0,18,20,1,12.567618,1.310622,0,0,8495
21380,0,2,18,21,1,12.570496,1.310928,0,0,8503
21390,0,5,18,24,1,12.572616,1.311135,0,0,8512
21400,3,2,17,23,1,12.578088,1.311795,0,0,8552
21410,2,1,18,22,1,12.581525,1.312210,0,0,8559
21420,1,1,14,17,1,12.582321,1.312215,0,0,8559
21430,0,1,12,14,1,12.582433,1.312265,0,0,8559
21440,2,5,18,26,1,12.586098,1.312614,0,0,8564
21450,3,4,19,27,1,12.591653,1.313321,0,0,8587
21460,1,1,10,13,1,12.594743,1.313661,0,0,8591
21470,0,0,0,1,1,12.591235,1.313384,0,0,8591
21480,1,2,12,16,1,12.588744,1.313021,0,0,8591
21490,0,0,14,15,1,12.591219,1.313221,0,0,8592
21500,2,2,19,24,1,12.588852,1.312923,0,0,8594
21510,2,1,11,15,1,12.588162,1.312824,0,0,8594
21520,5,2,17,25,1,12.590036,1.313006,0,0,8594
21530,0,0,17,18,1,12.595001,1.313606,0,0,8616
21540,0,0,6,7,1,12.596269,1.313725,0,0,8628
21550,1,1,20,23,1,12.594385,1.313496,0,0,8634
21560,3,3,18,25,1,12.596863,1.313760,0,0,8640
21570,6,2,16,25,1,12.602061,1.314384,0,0,8653
21580,1,1,18,21,1,12.607001,1.314924,0,0,8680
21590,1,1,16,19,1,12.610010,1.315167,0,0,8681
21600,1,2,15,19,1,12.613299,1.315528,0,0,8695
21610,0,0,8,9,1,12.616014,1.315931,0,0,8705
21620,0,2,6,9,1,12.613047,1.315583,0,0,8705
21630,3,0,16,20,1,12.611899,1.315348,0,0,8705
21640,0,1,4,6,1,12.611622,1.315274,0,0,8705
21650,0,1,15,17,1,12.609322,1.314901,0,0,8705
21660,0,0,8,9,1,12.606786,1.314591,0,0,8705
21670,2,0,6,9,1,12.602838,1.314223,0,0,8705
21680,0,0,19,20,1,12.603795,1.314291,0,0,8713
21690,2,1,17,21,1,12.607248,1.314650,0,0,8718
21700,2,0,4,7,1,12.606101,1.314669,0,0,8718
21710,0,0,3,4,1,12.604467,1.314466,0,0,8718
21720,3,1,14,19,1,12.605520,1.314487,0,0,8719
21730,0,1,19,21,1,12.610013,1.314968,0,0,8734
21740,2,1,13,17,1,12.614705,1.315513,0,0,8763
21750,1,0,6,8,1,12.612024,1.315346,0,0,8763
21760,0,0,0,0,0,12.608526,1.315056,0,0,8763
21770,0,0,1,2,1,12.606417,1.314766,0,0,8763
21780,1,0,9,11,1,12.604547,1.314520,0,0,8763
21790,0,0,7,8,1,12.602491,1.314311,0,0,8763
21800,0,4,13,18,1,12.600779,1.314138,0,0,8763
21810,3,0,4,8,1,12.603106,1.314343,0,0,8768
21820,0,2,16,19,1,12.601077,1.314093,0,0,8768
21830,0,0,14,15,1,12.603121,1.314374,0,0,8771
21840,0,2,9,12,1,12.603422,1.314430,0,0,8771
21850,1,2,6,10,1,12.605611,1.314658,0,0,8776
21860,0,0,3,4,1,12.604371,1.314553,0,0,8776
21870,0,1,2,4,1,12.600455,1.314162,0,0,8776
21880,0,0,6,7,1,12.597529,1.313869,0,0,8776
21890,2,1,19,23,1,12.598340,1.313890,0,0,8787
21900,7,1,14,23,1,12.602172,1.314277,0,0,8793
21910,0,0,0,1,1,12.600743,1.314227,0,0,8793
21920,3,3,16,23,1,12.599256,1.313946,0,0,8793
21930,6,1,14,22,1,12.602486,1.314307,0,0,8794
21940,0,0,3,4,1,12.602938,1.314347,0,0,8794
21950,0,3,13,17,1,12.600848,1.314023,0,0,8794
21960,0,1,1,3,1,12.599366,1.313824,0,0,8794
21970,1,2,9,13,1,12.598498,1.313670,0,0,8794
21980,0,2,12,15,1,12.598609,1.313706,0,0,8794
21990,0,3,8,12,1,12.598124,1.313630,0,0,8794
22000,0,0,0,1,1,12.598767,1.313715,0,0,8797
22010,3,0,9,13,1,12.594824,1.313241,0,0,8797
22020,0,0,8,9,1,12.594580,1.313203,0,0,8797
22030,1,0,6,8,1,12.591969,1.312899,0,0,8797
22040,0,0,0,1,1,12.588251,1.312585,0,0,8797
22050,0,0,0,1,1,12.583500,1.312182,0,0,8797
22060,0,0,8,9,1,12.582518,1.312116,0,0,8797
22070,0,1,7,9,1,12.580191,1.311811,0,0,8797
22080,0,0,5,6,1,12.577926,1.311624,0,0,8797
22090,0,0,8,9,1,12.576511,1.311426,0,0,8797
22100,0,0,0,1,1,12.573301,1.311146,0,0,8797
22110,1,1,6,9,1,12.569238,1.310722,0,0,8797
22120,0,0,2,3,1,12.564933,1.310353,0,0,8797
22130,0,1,15,17,1,12.563342,1.310180,0,0,8799
22140,0,0,6,7,1,12.560374,1.309814,0,0,8799
22150,0,0,20,21,1,12.563020,1.310176,0,0,8817
22160,0,0,5,6,1,12.563654,1.310285,0,0,8825
22170,0,2,7,10,1,12.559947,1.309879,0,0,8825
22180,0,0,0,1,1,12.555824,1.309522,0,0,8825
22190,1,1,3,6,1,12.551112,1.309067,0,0,8825
22200,0,0,12,13,1,12.547285,1.308618,0,0,8825
22210,0,1,12,14,1,12.549183,1.308821,0,0,8826
22220,3,0,7,11,1,12.546727,1.308632,0,0,8826
22230,1,1,19,22,1,12.545701,1.308426,0,0,8826
22240,1,2,6,10,1,12.547892,1.308653,0,0,8832
22250,1,0,7,9,1,12.545231,1.308357,0,0,8832
22260,3,1,12,17,1,12.548530,1.308731,0,0,8847
22270,10,1,19,31,1,12.550731,1.308806,0,0,8849
22280,0,0,9,10,1,12.553509,1.309108,0,0,8855
22290,1,1,6,9,1,12.552870,1.308991,0,0,8863
22300,0,4,14,19,1,12.553407,1.309053,0,0,8863
22310,1,0,4,6,1,12.555067,1.309281,0,0,8870
22320,0,0,11,12,1,12.552589,1.309046,0,0,8870
22330,0,0,6,7,1,12.548763,1.308720,0,0,8870
22340,0,0,16,17,1,12.546093,1.308355,0,0,8870
22350,1,0,6,8,1,12.545929,1.308288,0,0,8870
22360,1,1,2,5,1,12.542179,1.307915,0,0,8870
22370,0,0,1,2,1,12.537728,1.307493,0,0,8870
22380,2,1,5,9,1,12.535448,1.307114,0,0,8870
22390,0,1,20,22,1,12.534808,1.307035,0,0,8875
22400,0,1,15,17,1,12.537858,1.307437,0,0,8903
22410,0,0,3,4,1,12.536984,1.307340,0,0,8903
22420,2,3,11,17,1,12.537526,1.307377,0,0,8903
22430,0,4,10,15,1,12.542553,1.307974,0,0,8927
22440,0,0,5,6,1,12.540451,1.307766,0,0,8927
22450,0,0,19,20,1,12.540720,1.307648,0,0,8927
22460,0,0,17,18,1,12.541870,1.307700,0,0,8929
22470,0,1,13,15,1,12.546506,1.308189,0,0,8947
22480,0,0,2,3,1,12.543820,1.308042,0,0,8947
22490,1,3,18,23,1,12.542191,1.307896,0,0,8947
22500,0,0,1,2,1,12.543548,1.308103,0,0,8948
22510,0,0,0,0,0,12.539104,1.307688,0,0,8948
22520,1,2,5,9,1,12.538928,1.307638,0,0,8948
22530,0,0,12,13,1,12.536691,1.307404,0,0,8948
22540,1,3,4,9,1,12.537636,1.307454,0,0,8950
22550,0,0,0,0,0,12.534038,1.307102,0,0,8950
22560,3,1,14,19,1,12.532609,1.306892,0,0,8952
22570,3,2,20,26,1,12.537452,1.307366,0,0,8977
22580,0,0,17,18,1,12.541312,1.307829,0,0,8988
22590,1,2,7,11,1,12.542606,1.307993,0,0,8991
22600,2,1,10,14,1,12.542370,1.307944,0,0,8991
22610,0,1,20,22,1,12.544001,1.308089,0,0,8995
22620,0,0,9,10,1,12.543325,1.307988,0,0,8997
22630,1,0,13,15,1,12.542579,1.307897,0,0,8997
22640,0,0,6,7,1,12.541890,1.307741,0,0,8997
22650,0,1,2,4,1,12.537856,1.307331,0,0,8997
22660,0,0,2,3,1,12.533585,1.306843,0,0,8997
22670,1,1,20,23,1,12.531723,1.306583,0,0,8998
22680,0,0,13,14,1,12.532096,1.306645,0,0,8998
22690,0,2,18,21,1,12.531790,1.306576,0,0,8998
22700,1,0,16,18,1,12.535849,1.307125,0,0,9022
22710,4,0,20,25,1,12.538787,1.307419,0,0,9037
22720,0,0,14,15,1,12.542902,1.307901,0,0,9062
22730,1,0,4,6,1,12.541858,1.307804,0,0,9062
22740,0,1,15,17,1,12.543396,1.307874,0,0,9073
22750,2,2,20,25,1,12.544043,1.307815,0,0,9073
22760,1,0,13,15,1,12.547880,1.308244,0,0,9085
22770,0,1,4,6,1,12.546523,1.308090,0,0,9085
22780,1,2,19,23,1,12.547710,1.308112,0,0,9085
22790,1,4,20,26,1,12.551971,1.308633,0,0,9108
22800,1,3,16,21,1,12.555409,1.309015,0,0,9123
22810,0,1,6,8,1,12.553925,1.308914,0,0,9123
22820,0,0,0,0,0,12.549742,1.308585,0,0,9123
22830,0,0,7,8,1,12.545391,1.308101,0,0,9123
22840,0,0,0,1,1,12.542128,1.307706,0,0,9123
22850,0,0,1,2,1,12.537824,1.307382,0,0,9123
22860,1,0,3,5,1,12.537618,1.307318,0,0,9123
22870,0,5,13,19,1,12.536155,1.307022,0,0,9123
22880,1,1,13,16,1,12.539985,1.307445,0,0,9141
22890,0,0,5,6,1,12.536314,1.307133,0,0,9141
22900,1,2,15,19,1,12.536228,1.307046,0,0,9141
22910,2,0,14,17,1,12.538522,1.307368,0,0,9153
22920,0,0,17,18,1,12.540686,1.307599,0,0,9158
22930,0,1,9,11,1,12.541580,1.307692,0,0,9158
22940,0,4,8,13,1,12.543834,1.307932,0,0,9158
22950,0,2,3,6,1,12.542721,1.307899,0,0,9158
22960,0,0,2,3,1,12.540632,1.307645,0,0,9158
22970,1,0,14,16,1,12.541003,1.307689,0,0,9164
22980,0,1,12,14,1,12.538405,1.307364,0,0,9164
22990,0,0,5,6,1,12.536899,1.307111,0,0,9164
23000,0,1,1,3,1,12.534312,1.306818,0,0,9164
23010,0,0,0,1,1,12.531829,1.306523,0,0,9164
23020,4,1,13,19,1,12.531612,1.306440,0,0,9167
23030,1,2,13,17,1,12.531443,1.306387,0,0,9167
23040,1,1,15,18,1,12.534718,1.306710,0,0,9175
23050,1,0,10,12,1,12.533759,1.306598,0,0,9175
23060,0,0,1,2,1,12.532622,1.306556,0,0,9175
23070,1,0,3,5,1,12.529949,1.306288,0,0,9175
23080,0,1,6,8,1,12.526293,1.305877,0,0,9175
23090,2,5,17,25,1,12.527208,1.305919,0,0,9175
23100,2,3,18,24,1,12.532585,1.306562,0,0,9201
23110,1,4,17,23,1,12.535390,1.306942,0,0,9213
23120,0,2,17,20,1,12.538167,1.307243,0,0,9219
23130,4,0,18,23,1,12.542082,1.307680,0,0,9242
23140,0,2,8,11,1,12.544261,1.307977,0,0,9244
23150,0,0,6,7,1,12.540792,1.307592,0,0,9244
23160,0,1,7,9,1,12.537996,1.307264,0,0,9244
23170,1,2,16,20,1,12.538292,1.307148,0,0,9244
23180,3,0,19,23,1,12.542480,1.307584,0,0,9258
23190,2,1,12,16,1,12.546860,1.308075,0,0,9280
23200,0,0,7,8,1,12.548441,1.308275,0,0,9286
23210,1,1,14,17,1,12.549634,1.308352,0,0,9286
23220,0,1,15,17,1,12.552676,1.308698,0,0,9293
23230,0,1,0,2,1,12.551608,1.308639,0,0,9293
23240,0,0,0,0,0,12.550892,1.308569,0,0,9293
23250,0,0,0,1,1,12.547987,1.308207,0,0,9293
23260,0,0,0,1,1,12.544125,1.307904,0,0,9293
23270,0,0,0,0,0,12.542726,1.307722,0,0,9293
23280,3,1,10,15,1,12.541303,1.307527,0,0,9295
23290,2,1,13,17,1,12.543566,1.307721,0,0,9301
23300,2,0,2,5,1,12.542801,1.307658,0,0,9302
23310,3,3,10,17,1,12.539963,1.307339,0,0,9302
23320,0,0,17,18,1,12.543295,1.307656,0,0,9307
23330,1,1,7,10,1,12.544429,1.307786,0,0,9316
23340,1,2,3,7,1,12.542146,1.307501,0,0,9316
23350,0,0,2,3,1,12.538002,1.307121,0,0,9316
23360,0,1,5,7,1,12.533530,1.306666,0,0,9316
23370,0,0,2,3,1,12.529478,1.306348,0,0,9316
23380,3,3,14,21,1,12.527639,1.306080,0,0,9316
23390,3,0,6,10,1,12.529367,1.306312,0,0,9320
23400,1,2,14,18,1,12.530741,1.306402,0,0,9320
23410,0,2,14,17,1,12.530627,1.306396,0,0,9320
23420,0,0,5,6,1,12.528506,1.306197,0,0,9320
23430,0,0,4,5,1,12.524628,1.305839,0,0,9320
23440,0,0,7,8,1,12.519945,1.305391,0,0,9320
23450,1,0,2,4,1,12.516984,1.305128,0,0,9320
23460,1,1,18,21,1,12.518479,1.305254,0,0,9326
23470,1,0,2,4,1,12.518853,1.305229,0,0,9329
23480,0,0,3,4,1,12.516326,1.304953,0,0,9329
23490,0,0,1,2,1,12.513240,1.304620,0,0,9329
23500,0,0,5,6,1,12.508619,1.304241,0,0,9329
23510,0,0,4,5,1,12.506089,1.303931,0,0,9329
23520,3,1,18,23,1,12.508680,1.304172,0,0,9339
23530,2,1,19,23,1,12.511015,1.304345,0,0,9346
23540,1,4,9,15,1,12.513944,1.304719,0,0,9352
23550,0,2,15,18,1,12.515986,1.304915,0,0,9352
23560,5,2,19,27,1,12.519577,1.305196,0,0,9363
23570,0,1,6,8,1,12.522679,1.305542,0,0,9372
23580,0,1,12,14,1,12.520313,1.305226,0,0,9372
23590,1,0,2,4,1,12.519177,1.305049,0,0,9372
23600,0,0,10,11,1,12.516976,1.304790,0,0,9372
23610,0,0,0,1,1,12.514461,1.304591,0,0,9372
23620,0,0,0,1,1,12.510239,1.304208,0,0,9372
23630,1,0,11,13,1,12.506508,1.303819,0,0,9372
23640,1,1,12,15,1,12.507248,1.303884,0,0,9372
23650,0,0,19,20,1,12.507171,1.303910,0,0,9372
23660,0,0,16,17,1,12.508316,1.304058,0,0,9376
23670,0,2,18,21,1,12.511356,1.304288,0,0,9382
23680,0,0,4,5,1,12.511945,1.304389,0,0,9388
23690,2,1,0,4,1,12.509932,1.304150,0,0,9388
23700,0,2,6,9,1,12.510264,1.304070,0,0,9390
23710,0,0,1,2,1,12.509114,1.303886,0,0,9391
23720,0,0,1,2,1,12.504853,1.303482,0,0,9391
23730,0,0,6,7,1,12.501104,1.303136,0,0,9391
23740,0,0,7,8,1,12.497617,1.302755,0,0,9391
23750,0,0,0,0,0,12.494465,1.302484,0,0,9391
23760,0,0,7,8,1,12.491329,1.302185,0,0,9391
23770,1,1,13,16,1,12.489524,1.302059,0,0,9391
23780,0,0,15,16,1,12.492537,1.302396,0,0,9399
23790,1,3,9,14,1,12.494361,1.302591,0,0,9399
23800,1,0,1,3,1,12.493147,1.302561,0,0,9399
23810,1,0,8,10,1,12.493406,1.302451,0,0,9399
23820,1,1,11,14,1,12.491877,1.302245,0,0,9399
23830,0,0,0,1,1,12.489861,1.302114,0,0,9399
23840,2,1,15,19,1,12.486555,1.301729,0,0,9399
23850,4,0,19,24,1,12.488751,1.301901,0,0,9408
23860,3,3,19,26,1,12.493057,1.302361,0,0,9427
23870,3,2,11,17,1,12.498263,1.302971,0,0,9454
23880,2,0,8,11,1,12.495109,1.302688,0,0,9454
23890,0,0,4,5,1,12.492097,1.302402,0,0,9454
23900,2,0,12,15,1,12.492725,1.302450,0,0,9454
23910,0,0,2,3,1,12.490122,1.302251,0,0,9454
23920,1,1,2,5,1,12.486393,1.301947,0,0,9454
23930,3,1,17,22,1,12.490007,1.302295,0,0,9479
23940,0,0,13,14,1,12.493510,1.302717,0,0,9493
23950,2,1,5,9,1,12.494341,1.302825,0,0,9493
23960,3,1,9,14,1,12.495182,1.302850,0,0,9493
23970,1,2,6,10,1,12.492493,1.302603,0,0,9493
23980,3,0,9,13,1,12.490647,1.302444,0,0,9493
23990,2,0,8,11,1,12.491379,1.302492,0,0,9493
24000,0,1,13,15,1,12.489819,1.302300,0,0,9493
24010,2,2,18,23,1,12.491909,1.302421,0,0,9493
24020,0,0,3,4,1,12.493039,1.302561,0,0,9493
24030,0,4,14,19,1,12.493705,1.302613,0,0,9498
24040,1,2,13,17,1,12.497315,1.303051,0,0,9518
24050,0,0,0,1,1,12.498539,1.303292,0,0,9534
24060,1,0,1,3,1,12.495784,1.302981,0,0,9534
24070,4,2,18,25,1,12.499028,1.303341,0,0,9547
24080,0,0,3,4,1,12.499714,1.303537,0,0,9549
24090,1,3,15,20,1,12.497994,1.303345,0,0,9549
24100,3,3,17,24,1,12.501742,1.303741,0,0,9563
24110,0,0,17,18,1,12.502526,1.303755,0,0,9563
24120,0,0,11,12,1,12.505185,1.304060,0,0,9568
24130,0,0,13,14,1,12.504583,1.303962,0,0,9568
24140,3,0,19,23,1,12.507836,1.304295,0,0,9580
24150,1,0,20,22,1,12.512314,1.304869,0,0,9608
24160,2,5,19,27,1,12.516670,1.305356,0,0,9620
24170,0,0,12,13,1,12.518750,1.305635,0,0,9628
24180,0,0,0,1,1,12.516108,1.305353,0,0,9628
24190,0,5,18,24,1,12.514410,1.305136,0,0,9631
24200,0,2,14,17,1,12.515523,1.305212,0,0,9632
24210,1,0,17,19,1,12.519412,1.305617,0,0,9653
24220,1,0,13,15,1,12.520255,1.305636,0,0,9653
24230,2,0,18,21,1,12.521567,1.305750,0,0,9653
24240,2,0,12,15,1,12.525402,1.306099,0,0,9669
24250,3,0,4,8,1,12.522574,1.305826,0,0,9669
24260,0,0,1,2,1,12.520909,1.305697,0,0,9669
24270,1,0,10,12,1,12.518727,1.305446,0,0,9669
24280,1,0,8,10,1,12.520021,1.305569,0,0,9669
24290,0,1,4,6,1,12.517941,1.305374,0,0,9669
24300,0,0,11,12,1,12.517833,1.305323,0,0,9669
24310,1,2,12,16,1,12.518456,1.305376,0,0,9669
24320,1,2,13,17,1,12.520258,1.305547,0,0,9675
24330,0,0,10,11,1,12.518148,1.305315,0,0,9675
24340,0,0,0,0,0,12.514600,1.305073,0,0,9675
24350,0,0,0,1,1,12.510918,1.304744,0,0,9675
24360,0,1,4,6,1,12.508480,1.304478,0,0,9675
24370,0,0,0,1,1,12.504551,1.304146,0,0,9675
24380,1,3,10,15,1,12.502832,1.303927,0,0,9677
24390,1,1,20,23,1,12.506448,1.304343,0,0,9690
24400,0,0,5,6,1,12.507538,1.304461,0,0,9694
24410,1,1,9,12,1,12.507556,1.304407,0,0,9694
24420,1,2,12,16,1,12.505713,1.304102,0,0,9694
24430,1,0,8,10,1,12.507117,1.304259,0,0,9697
24440,0,0,0,1,1,12.505839,1.304076,0,0,9697
24450,3,0,14,18,1,12.504190,1.303831,0,0,9697
24460,1,0,3,5,1,12.503933,1.303809,0,0,9697
24470,1,4,14,20,1,12.504124,1.303801,0,0,9701
24480,0,0,4,5,1,12.501780,1.303611,0,0,9701
24490,3,2,11,17,1,12.500896,1.303513,0,0,9701
24500,1,0,3,5,1,12.499193,1.303379,0,0,9701
24510,0,1,8,10,1,12.495939,1.303028,0,0,9701
24520,2,0,7,10,1,12.492739,1.302688,0,0,9701
24530,1,0,0,2,1,12.490005,1.302403,0,0,9701
24540,3,0,14,18,1,12.490944,1.302472,0,0,9709
24550,2,1,17,21,1,12.493403,1.302728,0,0,9713
24560,0,2,14,17,1,12.497738,1.303213,0,0,9723
24570,0,0,1,2,1,12.495703,1.303022,0,0,9723
24580,0,0,3,4,1,12.492442,1.302698,0,0,9723
24590,2,0,12,15,1,12.490400,1.302441,0,0,9723
24600,0,3,10,14,1,12.493376,1.302750,0,0,9732
24610,0,0,2,3,1,12.491246,1.302506,0,0,9732
24620,1,1,3,6,1,12.488379,1.302201,0,0,9732
24630,0,0,15,16,1,12.487883,1.302132,0,0,9732
24640,0,0,7,8,1,12.487125,1.302080,0,0,9732
24650,0,0,1,2,1,12.484200,1.301774,0,0,9732
24660,1,4,14,20,1,12.483851,1.301677,0,0,9733
24670,1,2,20,24,1,12.487732,1.302153,0,0,9754
24680,1,1,8,11,1,12.488014,1.302176,0,0,9754
24690,3,2,13,19,1,12.487678,1.302080,0,0,9754
24700,2,2,14,19,1,12.490742,1.302377,0,0,9762
24710,2,0,16,19,1,12.492972,1.302653,0,0,9762
24720,2,1,19,23,1,12.497098,1.303077,0,0,9784
24730,1,3,16,21,1,12.497916,1.303112,0,0,9784
24740,2,2,12,17,1,12.500274,1.303264,0,0,9788
24750,2,1,11,15,1,12.502199,1.303470,0,0,9799
24760,5,2,9,17,1,12.503815,1.303638,0,0,9799
24770,1,1,8,11,1,12.503318,1.303641,0,0,9799
24780,0,0,7,8,1,12.500692,1.303372,0,0,9799
24790,0,0,11,12,1,12.499544,1.303235,0,0,9799
24800,0,0,11,12,1,12.497190,1.302989,0,0,9799
24810,0,0,9,10,1,12.494911,1.302773,0,0,9799
24820,0,1,9,11,1,12.496918,1.302900,0,0,9801
24830,0,1,6,8,1,12.498771,1.303054,0,0,9804
24840,0,0,0,0,0,12.494949,1.302699,0,0,9804
24850,0,0,13,14,1,12.495038,1.302669,0,0,9804
24860,0,1,6,8,1,12.491737,1.302298,0,0,9804
24870,1,2,12,16,1,12.490334,1.302107,0,0,9804
24880,2,1,8,12,1,12.488877,1.301955,0,0,9804
24890,1,0,13,15,1,12.489841,1.302137,0,0,9804
24900,4,0,6,11,1,12.489604,1.302095,0,0,9804
24910,0,0,12,13,1,12.490826,1.302211,0,0,9804
24920,0,1,13,15,1,12.494596,1.302566,0,0,9813
24930,0,1,19,21,1,12.496217,1.302631,0,0,9813
24940,1,2,15,19,1,12.500168,1.303102,0,0,9825
24950,1,0,15,17,1,12.503499,1.303509,0,0,9845
24960,3,1,16,21,1,12.507238,1.303926,0,0,9860
24970,0,0,5,6,1,12.505807,1.303830,0,0,9871
24980,0,0,4,5,1,12.502233,1.303441,0,0,9871
24990,2,2,3,8,1,12.498345,1.303057,0,0,9871
25000,1,2,6,10,1,12.495708,1.302765,0,0,9871
25010,3,0,13,17,1,12.494319,1.302587,0,0,9871
25020,0,1,19,21,1,12.495877,1.302777,0,0,9872
25030,0,0,7,8,1,12.496707,1.302879,0,0,9872
25040,2,2,13,18,1,12.496215,1.302746,0,0,9874
25050,0,0,1,2,1,12.494201,1.302611,0,0,9874
25060,1,2,11,15,1,12.491278,1.302290,0,0,9874
25070,0,1,8,10,1,12.489889,1.302183,0,0,9874
25080,0,1,8,10,1,12.490933,1.302345,0,0,9881
25090,2,0,5,8,1,12.488440,1.301987,0,0,9881
25100,3,0,16,20,1,12.490374,1.302156,0,0,9883
25110,0,3,17,21,1,12.491718,1.302279,0,0,9887
25120,0,3,19,23,1,12.493932,1.302505,0,0,9893
25130,3,2,19,25,1,12.497719,1.302915,0,0,9916
25140,0,1,13,15,1,12.499774,1.303118,0,0,9924
25150,0,0,6,7,1,12.497338,1.302842,0,0,9924
25160,1,0,14,16,1,12.495961,1.302623,0,0,9924
25170,1,0,10,12,1,12.498755,1.302967,0,0,9940
25180,2,0,10,13,1,12.502425,1.303301,0,0,9954
25190,2,1,5,9,1,12.501004,1.303223,0,0,9954
25200,3,2,5,11,1,12.500936,1.303199,0,0,9958
25210,1,0,9,11,1,12.501874,1.303253,0,0,9961
25220,0,0,16,17,1,12.504639,1.303530,0,0,9973
25230,1,0,7,9,1,12.505375,1.303580,0,0,9973
25240,0,0,4,5,1,12.502240,1.303285,0,0,9973
25250,0,1,10,12,1,12.501487,1.303136,0,0,9973
25260,0,0,10,11,1,12.503086,1.303308,0,0,9976
25270,1,1,13,16,1,12.500997,1.303074,0,0,9976
25280,2,1,8,12,1,12.502529,1.303276,0,0,9976
25290,0,0,0,0,0,12.499641,1.303007,0,0,9976
25300,0,2,12,15,1,12.497668,1.302801,0,0,9976
25310,0,0,10,11,1,12.498925,1.302953,0,0,9976
25320,0,1,6,8,1,12.495846,1.302674,0,0,9976
25330,4,3,14,22,1,12.495646,1.302605,0,0,9976
25340,4,1,7,13,1,12.498280,1.302954,0,0,9992
25350,0,1,19,21,1,12.500495,1.303201,0,0,10011
25360,0,0,1,2,1,12.500192,1.303222,0,0,10012
25370,0,0,3,4,1,12.499416,1.303146,0,0,10012
25380,1,0,12,14,1,12.499341,1.303138,0,0,10018
25390,3,1,15,20,1,12.499999,1.303185,0,0,10018
25400,4,0,11,16,1,12.499250,1.303090,0,0,10018
25410,1,1,17,20,1,12.500725,1.303201,0,0,10025
25420,5,0,13,19,1,12.503564,1.303534,0,0,10025
25430,1,1,20,23,1,12.505404,1.303773,0,0,10029
25440,0,2,9,12,1,12.508170,1.304088,0,0,10040
25450,1,0,5,7,1,12.506980,1.303990,0,0,10040
25460,0,2,15,18,1,12.509131,1.304182,0,0,10044
25470,2,1,14,18,1,12.512436,1.304515,0,0,10054
25480,0,0,18,19,1,12.512388,1.304478,0,0,10054
25490,0,0,1,2,1,12.510491,1.304370,0,0,10054
25500,0,1,6,8,1,12.507290,1.304015,0,0,10054
25510,1,0,1,3,1,12.503110,1.303600,0,0,10054
25520,0,0,1,2,1,12.499163,1.303177,0,0,10054
25530,1,0,2,4,1,12.495353,1.302769,0,0,10054
25540,1,0,3,5,1,12.492637,1.302427,0,0,10054
25550,1,0,3,5,1,12.489309,1.302085,0,0,10054
25560,2,0,10,13,1,12.488649,1.301973,0,0,10054
25570,0,0,7,8,1,12.490384,1.302143,0,0,10060
25580,0,0,0,1,1,12.487324,1.301866,0,0,10060
25590,2,0,8,11,1,12.484889,1.301537,0,0,10060
25600,1,3,10,15,1,12.485194,1.301563,0,0,10060
25610,0,0,9,10,1,12.487971,1.301884,0,0,10068
25620,1,6,13,21,1,12.490428,1.302135,0,0,10069
25630,2,0,19,22,1,12.493339,1.302395,0,0,10075
25640,1,2,18,22,1,12.497314,1.302830,0,0,10093
25650,0,1,12,14,1,12.496779,1.302822,0,0,10093
25660,0,0,2,3,1,12.498559,1.303039,0,0,10097
25670,0,0,0,1,1,12.494785,1.302682,0,0,10097
25680,3,0,9,13,1,12.491501,1.302355,0,0,10097
25690,1,1,8,11,1,12.490262,1.302167,0,0,10097
25700,1,2,8,12,1,12.491710,1.302307,0,0,10097
25710,1,2,5,9,1,12.491220,1.302277,0,0,10099
25720,4,0,17,22,1,12.493006,1.302415,0,0,10110
25730,1,3,11,16,1,12.495461,1.302686,0,0,10115
25740,0,0,1,2,1,12.494456,1.302645,0,0,10115
25750,0,1,5,7,1,12.493064,1.302425,0,0,10115
25760,1,0,7,9,1,12.491539,1.302255,0,0,10115
25770,2,3,8,14,1,12.493548,1.302390,0,0,10116
25780,1,0,19,21,1,12.495402,1.302520,0,0,10123
25790,2,4,20,27,1,12.500087,1.303024,0,0,10147
25800,4,1,16,22,1,12.504900,1.303562,0,0,10166
25810,0,0,2,3,1,12.503630,1.303471,0,0,10167
25820,1,1,2,5,1,12.501559,1.303313,0,0,10167
25830,2,4,19,26,1,12.502215,1.303286,0,0,10173
25840,2,1,17,21,1,12.506848,1.303843,0,0,10199
25850,1,1,18,21,1,12.508865,1.304079,0,0,10209
25860,0,0,4,5,1,12.509616,1.304194,0,0,10220
25870,3,0,19,23,1,12.509123,1.304147,0,0,10225
25880,0,0,0,0,0,12.510701,1.304385,0,0,10227
25890,4,0,10,15,1,12.507675,1.304011,0,0,10227
25900,0,0,5,6,1,12.506960,1.303904,0,0,10227
25910,0,0,5,6,1,12.505128,1.303708,0,0,10227
25920,1,1,19,22,1,12.504340,1.303599,0,0,10227
25930,0,6,17,24,1,12.507478,1.303905,0,0,10235
25940,1,1,15,18,1,12.510348,1.304245,0,0,10252
25950,0,0,7,8,1,12.511993,1.304417,0,0,10259
25960,3,0,13,17,1,12.512589,1.304431,0,0,10259
25970,0,0,0,0,0,12.512702,1.304416,0,0,10260
25980,2,2,4,9,1,12.509651,1.304140,0,0,10260
25990,1,1,14,17,1,12.507045,1.303868,0,0,10260
26000,0,0,0,1,1,12.505212,1.303707,0,0,10260
26010,0,0,0,0,0,12.501527,1.303323,0,0,10260
26020,2,1,3,7,1,12.501579,1.303317,0,0,10260
26030,3,2,16,22,1,12.499654,1.303049,0,0,10260
26040,2,0,10,13,1,12.501612,1.303263,0,0,10270
26050,2,0,11,14,1,12.503665,1.303471,0,0,10273
26060,0,2,7,10,1,12.502636,1.303389,0,0,10273
26070,0,0,3,4,1,12.502222,1.303320,0,0,10273
26080,0,1,8,10,1,12.498908,1.302995,0,0,10273
26090,1,1,5,8,1,12.497968,1.302881,0,0,10273
26100,1,0,15,17,1,12.499357,1.303036,0,0,10283
26110,0,0,8,9,1,12.498657,1.303014,0,0,10283
26120,3,1,16,21,1,12.500977,1.303199,0,0,10286
26130,1,0,7,9,1,12.503660,1.303478,0,0,10288
26140,1,1,10,13,1,12.502543,1.303351,0,0,10288
26150,0,1,5,7,1,12.500771,1.303176,0,0,10288
26160,1,1,10,13,1,12.498406,1.302939,0,0,10288
26170,1,0,6,8,1,12.499134,1.303051,0,0,10288
26180,1,0,5,7,1,12.496129,1.302712,0,0,10288
26190,0,1,8,10,1,12.494090,1.302499,0,0,10288
26200,0,0,10,11,1,12.491935,1.302232,0,0,10288
26210,0,3,16,20,1,12.490292,1.302055,0,0,10288
26220,3,0,12,16,1,12.490937,1.302112,0,0,10288
26230,2,6,15,24,1,12.493996,1.302441,0,0,10289
26240,2,1,19,23,1,12.494273,1.302417,0,0,10289
26250,1,2,20,24,1,12.496972,1.302719,0,0,10302
26260,1,1,15,18,1,12.500780,1.303131,0,0,10316
26270,2,0,20,23,1,12.502470,1.303276,0,0,10321
26280,1,0,16,18,1,12.507212,1.303770,0,0,10346
26290,0,3,11,15,1,12.508704,1.303977,0,0,10346
26300,0,0,7,8,1,12.508518,1.303962,0,0,10346
26310,3,0,2,6,1,12.506088,1.303729,0,0,10346
26320,4,4,18,27,1,12.506984,1.303734,0,0,10352
26330,1,1,17,20,1,12.511393,1.304209,0,0,10370
26340,3,0,14,18,1,12.514549,1.304553,0,0,10381
26350,0,0,9,10,1,12.517735,1.304875,0,0,10398
26360,0,1,1,3,1,12.516971,1.304795,0,0,10398
26370,1,1,10,13,1,12.514142,1.304453,0,0,10398
26380,0,1,13,15,1,12.516710,1.304736,0,0,10405
26390,1,2,12,16,1,12.517126,1.304733,0,0,10405
26400,1,1,20,23,1,12.519527,1.304946,0,0,10417
26410,0,1,16,18,1,12.520917,1.305081,0,0,10418
26420,2,1,20,24,1,12.522974,1.305243,0,0,10419
26430,1,1,12,15,1,12.525093,1.305407,0,0,10421
26440,0,0,9,10,1,12.526554,1.305539,0,0,10421
26450,1,1,6,9,1,12.525186,1.305432,0,0,10421
26460,1,0,13,15,1,12.524052,1.305313,0,0,10421
26470,0,2,19,22,1,12.525951,1.305511,0,0,10426
26480,0,0,4,5,1,12.527394,1.305692,0,0,10440
26490,1,1,8,11,1,12.525731,1.305462,0,0,10440
26500,3,1,13,18,1,12.526902,1.305543,0,0,10445
26510,0,1,4,6,1,12.528167,1.305695,0,0,10456
26520,2,1,8,12,1,12.525648,1.305447,0,0,10456
26530,0,0,0,0,0,12.523385,1.305216,0,0,10456
26540,3,0,18,22,1,12.522154,1.304934,0,0,10456
26550,0,2,13,16,1,12.523892,1.305141,0,0,10460
26560,3,2,13,19,1,12.527106,1.305496,0,0,10472
26570,0,0,15,16,1,12.528712,1.305668,0,0,10475
26580,1,0,7,9,1,12.528859,1.305704,0,0,10475
26590,0,1,9,11,1,12.527347,1.305587,0,0,10475
26600,0,0,4,5,1,12.526816,1.305511,0,0,10475
26610,1,0,11,13,1,12.526611,1.305458,0,0,10475
26620,1,0,7,9,1,12.524172,1.305199,0,0,10475
26630,0,0,0,1,1,12.521476,1.304964,0,0,10475
26640,3,2,17,23,1,12.523723,1.305157,0,0,10491
26650,0,0,4,5,1,12.522742,1.305100,0,0,10494
26660,1,0,1,3,1,12.519244,1.304710,0,0,10494
26670,2,2,12,17,1,12.519591,1.304730,0,0,10494
26680,0,1,7,9,1,12.517231,1.304515,0,0,10494
26690,0,0,4,5,1,12.516195,1.304366,0,0,10494
26700,0,0,0,1,1,12.512401,1.304001,0,0,10494
26710,0,0,0,1,1,12.509860,1.303721,0,0,10494
26720,2,0,8,11,1,12.506471,1.303321,0,0,10494
26730,1,0,12,14,1,12.505660,1.303272,0,0,10494
26740,5,0,4,10,1,12.503549,1.302986,0,0,10494
26750,0,2,11,14,1,12.502667,1.302889,0,0,10494
26760,3,2,16,22,1,12.505468,1.303175,0,0,10501
26770,0,0,3,4,1,12.505504,1.303209,0,0,10510
26780,1,1,9,12,1,12.502190,1.302762,0,0,10510
26790,6,4,14,25,1,12.504182,1.302919,0,0,10513
26800,3,4,9,17,1,12.505885,1.303107,0,0,10520
26810,0,0,10,11,1,12.507785,1.303320,0,0,10528
26820,1,0,1,3,1,12.506794,1.303236,0,0,10528
26830,1,0,5,7,1,12.505226,1.302997,0,0,10528
26840,0,0,9,10,1,12.501718,1.302662,0,0,10528
26850,3,1,13,18,1,12.498802,1.302363,0,0,10528
26860,0,1,11,13,1,12.498117,1.302271,0,0,10528
26870,0,0,0,0,0,12.496123,1.302169,0,0,10528
26880,0,0,0,0,0,12.493022,1.301891,0,0,10528
26890,2,3,11,17,1,12.490548,1.301578,0,0,10528
26900,0,0,14,15,1,12.491495,1.301646,0,0,10528
26910,2,5,20,28,1,12.495634,1.302027,0,0,10550
26920,2,1,19,23,1,12.498263,1.302321,0,0,10560
26930,3,4,16,24,1,12.500952,1.302611,0,0,10563
26940,0,1,8,10,1,12.501437,1.302737,0,0,10568
26950,0,0,6,7,1,12.498426,1.302433,0,0,10568
26960,1,0,12,14,1,12.499364,1.302520,0,0,10568
26970,0,0,2,3,1,12.497863,1.302364,0,0,10568
26980,0,0,9,10,1,12.495117,1.302072,0,0,10568
26990,0,0,17,18,1,12.496077,1.302132,0,0,10577
27000,4,4,18,27,1,12.498116,1.302329,0,0,10578
27010,1,0,14,16,1,12.500941,1.302654,0,0,10584
27020,0,1,8,10,1,12.500423,1.302554,0,0,10584
27030,2,1,5,9,1,12.500364,1.302533,0,0,10584
27040,0,0,11,12,1,12.500399,1.302516,0,0,10584
27050,0,0,2,3,1,12.498258,1.302343,0,0,10584
27060,1,0,2,4,1,12.496220,1.302131,0,0,10584
27070,2,1,19,23,1,12.496360,1.302085,0,0,10584
27080,0,0,2,3,1,12.496499,1.302109,0,0,10587
27090,1,0,6,8,1,12.497116,1.302148,0,0,10587
27100,0,0,5,6,1,12.495492,1.301974,0,0,10587
27110,1,0,8,10,1,12.492134,1.301679,0,0,10587
27120,2,3,20,26,1,12.492402,1.301622,0,0,10595
27130,1,1,15,18,1,12.494916,1.301879,0,0,10607
27140,1,0,7,9,1,12.495367,1.301916,0,0,10607
27150,1,2,3,7,1,12.495274,1.301956,0,0,10607
27160,1,0,2,4,1,12.491800,1.301589,0,0,10607
27170,1,0,1,3,1,12.489087,1.301311,0,0,10607
27180,0,1,1,3,1,12.486115,1.301061,0,0,10607
27190,1,1,8,11,1,12.485904,1.301039,0,0,10616
27200,0,0,0,0,0,12.483325,1.300780,0,0,10616
27210,2,5,20,28,1,12.483404,1.300748,0,0,10627
27220,2,1,19,23,1,12.488417,1.301335,0,0,10654
27230,3,0,16,20,1,12.492771,1.301853,0,0,10670
27240,2,5,12,20,1,12.496844,1.302268,0,0,10688
27250,2,0,16,19,1,12.499095,1.302472,0,0,10696
27260,0,0,0,0,0,12.498827,1.302484,0,0,10696
27270,0,0,5,6,1,12.495999,1.302184,0,0,10696
27280,2,0,18,21,1,12.495812,1.302124,0,0,10701
27290,0,1,20,22,1,12.498166,1.302355,0,0,10716
27300,0,0,3,4,1,12.498665,1.302392,0,0,10717
27310,0,0,0,1,1,12.498576,1.302367,0,0,10717
27320,1,1,1,4,1,12.495530,1.302055,0,0,10717
27330,1,0,12,14,1,12.494457,1.301903,0,0,10717
27340,1,1,12,15,1,12.494390,1.301866,0,0,10717
27350,1,0,8,10,1,12.495107,1.301990,0,0,10720
27360,2,0,9,12,1,12.494357,1.301907,0,0,10720
27370,0,0,2,3,1,12.491949,1.301715,0,0,10720
27380,1,5,18,25,1,12.493833,1.301778,0,0,10734
27390,1,0,1,3,1,12.493684,1.301787,0,0,10734
27400,3,0,13,17,1,12.492380,1.301626,0,0,10734
27410,2,1,11,15,1,12.493565,1.301690,0,0,10736
27420,1,0,6,8,1,12.491911,1.301532,0,0,10736
27430,0,0,6,7,1,12.491604,1.301510,0,0,10736
27440,2,1,8,12,1,12.489153,1.301240,0,0,10736
27450,1,0,6,8,1,12.486114,1.300943,0,0,10736
27460,0,0,11,12,1,12.484069,1.300695,0,0,10736
27470,0,1,16,18,1,12.486357,1.300889,0,0,10741
27480,1,0,2,4,1,12.485989,1.300930,0,0,10748
27490,0,0,0,1,1,12.484531,1.300778,0,0,10748
27500,2,0,8,11,1,12.481555,1.300433,0,0,10748
27510,0,0,5,6,1,12.483753,1.300691,0,0,10762
27520,3,1,9,14,1,12.484222,1.300745,0,0,10767
27530,0,1,2,4,1,12.482082,1.300601,0,0,10767
27540,2,1,17,21,1,12.480739,1.300372,0,0,10767
27550,1,2,18,22,1,12.484336,1.300752,0,0,10775
27560,1,0,10,12,1,12.484854,1.300840,0,0,10777
27570,1,0,0,2,1,12.483186,1.300656,0,0,10777
27580,0,0,9,10,1,12.480475,1.300349,0,0,10777
27590,0,0,4,5,1,12.478104,1.300126,0,0,10777
27600,0,1,15,17,1,12.479385,1.300250,0,0,10780
27610,0,1,14,16,1,12.479939,1.300322,0,0,10780
27620,1,0,17,19,1,12.480823,1.300370,0,0,10780
27630,1,1,9,12,1,12.483980,1.300792,0,0,10802
27640,0,0,17,18,1,12.484915,1.300826,0,0,10804
27650,2,0,11,14,1,12.488030,1.301145,0,0,10811
27660,2,1,16,20,1,12.489473,1.301359,0,0,10816
27670,0,0,0,1,1,12.488415,1.301278,0,0,10816
27680,0,1,6,8,1,12.485903,1.300963,0,0,10816
27690,0,1,9,11,1,12.482876,1.300657,0,0,10816
27700,0,1,17,19,1,12.485185,1.300809,0,0,10820
27710,0,0,2,3,1,12.484777,1.300796,0,0,10822
27720,0,1,5,7,1,12.481296,1.300413,0,0,10822
27730,1,1,11,14,1,12.478099,1.300115,0,0,10822
27740,1,2,16,20,1,12.481118,1.300409,0,0,10837
27750,1,3,13,18,1,12.481170,1.300405,0,0,10837
27760,1,2,14,18,1,12.484472,1.300734,0,0,10845
27770,0,0,7,8,1,12.484183,1.300680,0,0,10845
27780,2,0,6,9,1,12.482033,1.300446,0,0,10845
27790,4,0,6,11,1,12.480074,1.300222,0,0,10845
27800,0,1,2,4,1,12.478731,1.300141,0,0,10845
27810,0,1,7,9,1,12.477932,1.299984,0,0,10845
27820,0,1,20,22,1,12.479519,1.300072,0,0,10853
27830,1,3,20,25,1,12.481662,1.300290,0,0,10855
27840,3,1,10,15,1,12.481933,1.300303,0,0,10859
27850,0,1,0,2,1,12.481068,1.300286,0,0,10859
27860,0,1,5,7,1,12.478701,1.300059,0,0,10859
27870,0,0,0,1,1,12.475570,1.299767,0,0,10859
27880,0,0,7,8,1,12.473521,1.299524,0,0,10859
27890,0,2,5,8,1,12.471897,1.299345,0,0,10859
27900,1,1,16,19,1,12.471064,1.299215,0,0,10859
27910,0,0,0,0,0,12.470761,1.299173,0,0,10859
27920,0,2,2,5,1,12.467139,1.298825,0,0,10859
27930,0,0,10,11,1,12.465609,1.298651,0,0,10859
27940,1,0,8,10,1,12.466669,1.298849,0,0,10859
27950,0,1,4,6,1,12.465103,1.298705,0,0,10859
27960,0,0,18,19,1,12.465734,1.298756,0,0,10860
27970,1,2,9,13,1,12.465314,1.298659,0,0,10861
27980,4,2,17,24,1,12.466564,1.298707,0,0,10861
27990,1,2,6,10,1,12.466718,1.298752,0,0,10861
28000,0,0,3,4,1,12.463681,1.298411,0,0,10861
28010,1,2,12,16,1,12.462028,1.298152,0,0,10861
28020,0,1,12,14,1,12.461042,1.298035,0,0,10861
28030,0,1,8,10,1,12.459772,1.297927,0,0,10861
28040,3,3,20,27,1,12.460623,1.297938,0,0,10862
28050,1,1,8,11,1,12.463617,1.298274,0,0,10872
28060,0,0,6,7,1,12.463879,1.298297,0,0,10873
28070,1,0,5,7,1,12.460472,1.297961,0,0,10873
28080,0,2,0,3,1,12.461611,1.298094,0,0,10883
28090,0,0,0,1,1,12.458168,1.297726,0,0,10883
28100,0,0,0,1,1,12.455163,1.297389,0,0,10883
28110,0,0,0,0,0,12.452200,1.297128,0,0,10883
28120,0,2,12,15,1,12.449923,1.296934,0,0,10883
28130,0,0,0,1,1,12.447091,1.296692,0,0,10883
28140,4,3,17,25,1,12.448568,1.296745,0,0,10899
28150,3,2,20,26,1,12.452294,1.297114,0,0,10912
28160,1,3,14,19,1,12.455394,1.297509,0,0,10939
28170,1,3,13,18,1,12.458220,1.297856,0,0,10948
28180,0,0,1,2,1,12.456297,1.297713,0,0,10948
28190,5,0,3,9,1,12.456875,1.297725,0,0,10950
28200,1,0,14,16,1,12.456248,1.297646,0,0,10950
28210,0,0,0,1,1,12.453983,1.297424,0,0,10950
28220,1,2,12,16,1,12.452672,1.297263,0,0,10950
28230,3,1,11,16,1,12.452154,1.297157,0,0,10950
28240,0,2,12,15,1,12.454669,1.297381,0,0,10951
28250,0,0,1,2,1,12.452955,1.297240,0,0,10951
28260,0,0,1,2,1,12.450904,1.297050,0,0,10951
28270,0,3,20,24,1,12.451821,1.297127,0,0,10962
28280,1,0,14,16,1,12.455223,1.297539,0,0,10980
28290,1,0,4,6,1,12.456052,1.297596,0,0,10986
28300,1,2,16,20,1,12.455342,1.297503,0,0,10986
28310,1,0,5,7,1,12.455005,1.297516,0,0,10987
28320,1,1,2,5,1,12.451930,1.297176,0,0,10987
28330,0,2,8,11,1,12.448887,1.296840,0,0,10987
28340,0,1,2,4,1,12.446116,1.296566,0,0,10987
28350,0,1,5,7,1,12.443414,1.296265,0,0,10987
28360,0,0,3,4,1,12.443025,1.296206,0,0,10987
28370,0,0,0,1,1,12.439488,1.295880,0,0,10987
28380,0,0,20,21,1,12.438197,1.295693,0,0,10988
28390,0,1,0,2,1,12.436956,1.295611,0,0,10990
28400,1,0,11,13,1,12.437093,1.295597,0,0,10990
28410,1,0,6,8,1,12.435104,1.295361,0,0,10990
28420,0,0,5,6,1,12.433173,1.295127,0,0,10990
28430,1,0,3,5,1,12.429984,1.294866,0,0,10990
28440,0,0,7,8,1,12.428208,1.294671,0,0,10990
28450,1,2,4,8,1,12.427909,1.294598,0,0,10990
28460,1,0,11,13,1,12.429297,1.294752,0,0,10995
28470,1,0,16,18,1,12.429654,1.294689,0,0,10999
28480,0,0,0,0,0,12.427837,1.294576,0,0,10999
28490,0,0,3,4,1,12.426029,1.294383,0,0,10999
28500,2,2,12,17,1,12.425551,1.294272,0,0,10999
28510,0,0,8,9,1,12.425343,1.294245,0,0,10999
28520,0,2,9,12,1,12.423759,1.294066,0,0,10999
28530,1,0,5,7,1,12.425841,1.294311,0,0,11008
28540,0,0,2,3,1,12.422933,1.294046,0,0,11008
28550,0,3,11,15,1,12.424405,1.294129,0,0,11011
28560,2,2,18,23,1,12.427317,1.294394,0,0,11015
28570,1,0,12,14,1,12.429821,1.294707,0,0,11027
28580,0,2,4,7,1,12.428334,1.294590,0,0,11027
28590,0,0,19,20,1,12.429786,1.294642,0,0,11027
28600,0,3,10,14,1,12.432008,1.294907,0,0,11038
28610,1,0,10,12,1,12.434948,1.295203,0,0,11047
28620,0,2,10,13,1,12.435178,1.295199,0,0,11049
28630,0,1,2,4,1,12.434949,1.295218,0,0,11050
28640,1,0,15,17,1,12.433086,1.294981,0,0,11050
28650,0,1,2,4,1,12.431053,1.294784,0,0,11050
28660,1,0,7,9,1,12.428330,1.294561,0,0,11050
28670,0,0,9,10,1,12.429001,1.294664,0,0,11050
28680,0,1,0,2,1,12.428291,1.294585,0,0,11050
28690,3,2,13,19,1,12.429001,1.294584,0,0,11052
28700,1,1,10,13,1,12.431152,1.294818,0,0,11061
28710,2,4,18,25,1,12.432943,1.294981,0,0,11069
28720,1,1,5,8,1,12.433899,1.295104,0,0,11071
28730,0,1,2,4,1,12.431103,1.294836,0,0,11071
28740,3,2,18,24,1,12.431455,1.294835,0,0,11078
28750,1,3,19,24,1,12.433928,1.295130,0,0,11091
28760,5,2,19,27,1,12.437171,1.295543,0,0,11113
28770,0,0,15,16,1,12.440257,1.295935,0,0,11123
28780,0,1,9,11,1,12.441772,1.296121,0,0,11126
28790,1,0,8,10,1,12.441859,1.296116,0,0,11126
28800,1,1,15,18,1,12.442338,1.296128,0,0,11126
28810,2,2,11,16,1,12.444841,1.296389,0,0,11128
28820,1,0,8,10,1,12.442713,1.296196,0,0,11128
28830,1,0,14,16,1,12.441624,1.296101,0,0,11128
28840,0,1,6,8,1,12.439618,1.295845,0,0,11128
28850,2,2,16,21,1,12.441957,1.296047,0,0,11135
28860,4,0,13,18,1,12.443382,1.296209,0,0,11143
28870,4,1,17,23,1,12.446497,1.296566,0,0,11170
28880,2,5,20,28,1,12.450594,1.296960,0,0,11186
28890,1,1,17,20,1,12.454059,1.297307,0,0,11194
28900,1,0,4,6,1,12.453033,1.297144,0,0,11195
28910,1,1,17,20,1,12.452481,1.297035,0,0,11195
28920,0,0,0,1,1,12.454631,1.297306,0,0,11217
28930,4,0,6,11,1,12.451774,1.296952,0,0,11217
28940,1,2,17,21,1,12.452007,1.296902,0,0,11219
28950,1,1,15,18,1,12.457233,1.297493,0,0,11238
28960,1,0,2,4,1,12.458597,1.297631,0,0,11239
28970,1,2,2,6,1,12.456062,1.297394,0,0,11239
28980,2,0,13,16,1,12.455305,1.297297,0,0,11241
28990,0,1,18,20,1,12.457986,1.297544,0,0,11251
29000,0,1,1,3,1,12.456982,1.297504,0,0,11258
29010,0,3,8,12,1,12.454225,1.297166,0,0,11258
29020,3,0,17,21,1,12.457210,1.297416,0,0,11263
29030,0,0,3,4,1,12.457961,1.297527,0,0,11263
29040,0,0,3,4,1,12.454979,1.297282,0,0,11263
29050,0,0,5,6,1,12.453011,1.297040,0,0,11263
29060,2,3,16,22,1,12.452244,1.296927,0,0,11263
29070,2,1,7,11,1,12.454342,1.297211,0,0,11269
29080,0,0,6,7,1,12.454661,1.297226,0,0,11269
29090,2,0,7,10,1,12.454944,1.297246,0,0,11269
29100,0,3,20,24,1,12.456182,1.297343,0,0,11269
29110,0,2,6,9,1,12.457852,1.297526,0,0,11286
29120,1,0,3,5,1,12.454803,1.297227,0,0,11286
29130,0,0,1,2,1,12.451845,1.296928,0,0,11286
29140,2,1,9,13,1,12.451554,1.296884,0,0,11291
29150,0,3,17,21,1,12.453318,1.297082,0,0,11296
29160,0,1,18,20,1,12.457798,1.297567,0,0,11321
29170,0,0,3,4,1,12.456570,1.297499,0,0,11321
29180,0,0,4,5,1,12.454747,1.297268,0,0,11321
29190,0,2,10,13,1,12.453693,1.297186,0,0,11321
29200,0,0,3,4,1,12.450546,1.296890,0,0,11321
29210,0,0,0,1,1,12.447641,1.296611,0,0,11321
29220,2,0,14,17,1,12.445037,1.296316,0,0,11321
29230,1,1,7,10,1,12.444312,1.296259,0,0,11324
29240,0,0,0,0,0,12.441886,1.296108,0,0,11324
29250,0,1,15,17,1,12.439535,1.295790,0,0,11324
29260,1,0,16,18,1,12.441531,1.295942,0,0,11330
29270,7,2,18,28,1,12.445216,1.296298,0,0,11352
29280,1,3,13,18,1,12.448891,1.296750,0,0,11378
29290,0,1,3,5,1,12.450075,1.296883,0,0,11381
29300,1,0,2,4,1,12.447743,1.296626,0,0,11381
29310,1,6,17,25,1,12.448854,1.296682,0,0,11389
29320,1,2,16,20,1,12.452158,1.297095,0,0,11405
29330,2,1,4,8,1,12.452117,1.297151,0,0,11407
29340,4,0,10,15,1,12.450753,1.296986,0,0,11407
29350,1,1,14,17,1,12.449677,1.296851,0,0,11407
29360,0,1,3,5,1,12.448306,1.296754,0,0,11407
29370,0,0,13,14,1,12.448641,1.296743,0,0,11407
29380,0,2,18,21,1,12.450971,1.296999,0,0,11416
29390,1,1,19,22,1,12.453794,1.297316,0,0,11431
29400,0,0,6,7,1,12.454400,1.297379,0,0,11433
29410,6,1,20,28,1,12.453821,1.297342,0,0,11434
29420,0,1,5,7,1,12.454873,1.297474,0,0,11436
29430,0,0,0,1,1,12.452280,1.297181,0,0,11436
29440,0,0,0,0,0,12.449309,1.296867,0,0,11436
29450,0,0,2,3,1,12.446891,1.296625,0,0,11436
29460,2,1,8,12,1,12.443976,1.296316,0,0,11436
29470,2,0,19,22,1,12.445554,1.296467,0,0,11450
29480,2,4,13,20,1,12.446801,1.296583,0,0,11453
29490,1,0,15,17,1,12.448937,1.296737,0,0,11461
29500,5,3,17,26,1,12.449426,1.296710,0,0,11461
29510,2,0,13,16,1,12.452664,1.297038,0,0,11472
29520,0,0,17,18,1,12.453014,1.297152,0,0,11472
29530,2,1,12,16,1,12.454431,1.297250,0,0,11476
29540,1,0,11,13,1,12.456332,1.297443,0,0,11479
29550,0,0,3,4,1,12.453655,1.297242,0,0,11479
29560,1,0,18,20,1,12.457085,1.297540,0,0,11490
29570,0,0,3,4,1,12.459156,1.297774,0,0,11502
29580,2,0,8,11,1,12.456853,1.297566,0,0,11502
29590,1,0,1,3,1,12.455667,1.297529,0,0,11502
29600,3,0,20,24,1,12.454233,1.297362,0,0,11502
29610,3,0,20,24,1,12.456296,1.297613,0,0,11509
29620,0,0,1,2,1,12.456059,1.297634,0,0,11509
29630,0,3,16,20,1,12.456497,1.297689,0,0,11516
29640,0,0,7,8,1,12.456945,1.297785,0,0,11523
29650,1,2,10,14,1,12.456183,1.297619,0,0,11523
29660,2,0,17,20,1,12.457645,1.297740,0,0,11528
29670,2,0,14,17,1,12.459248,1.297929,0,0,11533
29680,1,0,10,12,1,12.459716,1.297969,0,0,11533
29690,0,0,4,5,1,12.456571,1.297660,0,0,11533
29700,0,0,7,8,1,12.453886,1.297394,0,0,11533
29710,2,2,19,24,1,12.455849,1.297548,0,0,11541
29720,3,1,17,22,1,12.459025,1.297911,0,0,11546
29730,0,0,0,0,0,12.457667,1.297851,0,0,11546
29740,2,0,9,12,1,12.454487,1.297533,0,0,11546
29750,0,0,0,0,0,12.452263,1.297270,0,0,11546
29760,0,1,0,2,1,12.448697,1.296907,0,0,11546
29770,0,2,18,21,1,12.450465,1.297046,0,0,11556
29780,0,1,4,6,1,12.450154,1.297050,0,0,11556
29790,0,0,3,4,1,12.450694,1.297129,0,0,11556
29800,3,0,18,22,1,12.449743,1.296966,0,0,11556
29810,1,0,8,10,1,12.453743,1.297492,0,0,11572
29820,1,2,1,5,1,12.452985,1.297408,0,0,11572
29830,1,0,14,16,1,12.452284,1.297335,0,0,11572
29840,1,1,9,12,1,12.453002,1.297401,0,0,11572
29850,3,1,16,21,1,12.453847,1.297430,0,0,11577
29860,3,3,17,24,1,12.455111,1.297548,0,0,11583
29870,2,0,20,23,1,12.458229,1.297922,0,0,11591
29880,4,0,19,24,1,12.460791,1.298212,0,0,11602
29890,0,3,20,24,1,12.465421,1.298739,0,0,11628
29900,2,4,20,27,1,12.468626,1.299150,0,0,11644
29910,0,2,15,18,1,12.472623,1.299616,0,0,11670
29920,0,0,3,4,1,12.471898,1.299545,0,0,11670
29930,1,0,4,6,1,12.469167,1.299188,0,0,11670
29940,0,0,0,0,0,12.466296,1.298961,0,0,11670
29950,6,6,19,32,1,12.467989,1.299106,0,0,11683
29960,0,2,11,14,1,12.470802,1.299417,0,0,11690
29970,0,2,15,18,1,12.472173,1.299451,0,0,11690
29980,1,0,9,11,1,12.473561,1.299668,0,0,11696
29990,1,4,4,10,1,12.473057,1.299620,0,0,11696
30000,0,0,1,2,1,12.470135,1.299360,0,0,11696
30010,0,0,0,1,1,12.467124,1.299051,0,0,11696
30020,0,0,4,5,1,12.464169,1.298702,0,0,11696
30030,0,0,0,0,0,12.461456,1.298433,0,0,11696
30040,0,0,6,7,1,12.459141,1.298201,0,0,11696
30050,0,1,1,3,1,12.459944,1.298280,0,0,11701
30060,0,0,1,2,1,12.457661,1.298019,0,0,11701
30070,1,0,7,9,1,12.456209,1.297810,0,0,11701
30080,0,0,0,1,1,12.453643,1.297506,0,0,11701
30090,0,0,1,2,1,12.451714,1.297323,0,0,11701
30100,2,4,20,27,1,12.453571,1.297471,0,0,11711
30110,2,0,14,17,1,12.454598,1.297578,0,0,11719
30120,0,2,7,10,1,12.457681,1.297891,0,0,11734
30130,1,0,17,19,1,12.458962,1.297979,0,0,11734
30140,2,1,8,12,1,12.460105,1.298089,0,0,11737
30150,0,3,9,13,1,12.462245,1.298343,0,0,11746
30160,0,0,11,12,1,12.460224,1.298048,0,0,11746
30170,0,1,15,17,1,12.461823,1.298201,0,0,11748
30180,3,1,20,25,1,12.465125,1.298554,0,0,11763
30190,0,2,3,6,1,12.466612,1.298744,0,0,11765
30200,1,1,20,23,1,12.465745,1.298605,0,0,11766
30210,2,0,9,12,1,12.467712,1.298836,0,0,11773
30220,3,2,15,21,1,12.468393,1.298845,0,0,11778
30230,4,0,15,20,1,12.472059,1.299294,0,0,11807
30240,2,2,18,23,1,12.473622,1.299416,0,0,11809
30250,2,0,7,10,1,12.477365,1.299864,0,0,11822
30260,0,0,7,8,1,12.474358,1.299560,0,0,11822
30270,0,0,11,12,1,12.473112,1.299421,0,0,11822
30280,7,1,13,22,1,12.475988,1.299685,0,0,11836
30290,0,0,9,10,1,12.477554,1.299915,0,0,11836
30300,0,0,5,6,1,12.474929,1.299664,0,0,11836
30310,1,1,14,17,1,12.474910,1.299595,0,0,11836
30320,5,3,18,27,1,12.476691,1.299758,0,0,11842
30330,0,0,17,18,1,12.479707,1.300139,0,0,11865
30340,5,4,17,27,1,12.483447,1.300551,0,0,11886
30350,1,1,20,23,1,12.486533,1.300881,0,0,11907
30360,1,0,7,9,1,12.487853,1.301010,0,0,11913
30370,2,0,17,20,1,12.486320,1.300801,0,0,11913
30380,0,0,6,7,1,12.486609,1.300876,0,0,11916
30390,0,0,0,0,0,12.485308,1.300722,0,0,11916
30400,2,0,15,18,1,12.484957,1.300663,0,0,11916
30410,0,0,20,21,1,12.486757,1.300900,0,0,11925
30420,3,0,13,17,1,12.488675,1.301140,0,0,11926
30430,0,7,16,24,1,12.490805,1.301317,0,0,11933
30440,0,3,13,17,1,12.494599,1.301726,0,0,11958
30450,1,1,9,12,1,12.493022,1.301548,0,0,11958
30460,1,0,18,20,1,12.492381,1.301396,0,0,11958
30470,1,0,13,15,1,12.494943,1.301726,0,0,11982
30480,1,3,6,11,1,12.497137,1.301950,0,0,11992
30490,3,0,16,20,1,12.497063,1.301862,0,0,11994
30500,2,2,20,25,1,12.498828,1.302046,0,0,12006
30510,2,0,1,4,1,12.500691,1.302298,0,0,12020
30520,3,3,20,27,1,12.501907,1.302380,0,0,12025
30530,3,0,19,23,1,12.505631,1.302817,0,0,12044
30540,2,1,12,16,1,12.507740,1.303027,0,0,12045
30550,2,1,10,14,1,12.510435,1.303321,0,0,12050
30560,1,0,10,12,1,12.511900,1.303438,0,0,12053
30570,0,0,0,0,0,12.511909,1.303430,0,0,12053
30580,0,0,8,9,1,12.509988,1.303270,0,0,12053
30590,3,0,12,16,1,12.512140,1.303463,0,0,12055
30600,3,0,12,16,1,12.511432,1.303332,0,0,12056
30610,0,0,5,6,1,12.510354,1.303224,0,0,12059
30620,1,1,14,17,1,12.510428,1.303170,0,0,12063
30630,0,1,17,19,1,12.510321,1.303136,0,0,12064
30640,1,1,7,10,1,12.511714,1.303299,0,0,12078
30650,0,0,0,0,0,12.509315,1.303071,0,0,12078
30660,3,1,9,14,1,12.506853,1.302788,0,0,12078
30670,0,1,16,18,1,12.507886,1.302883,0,0,12082
30680,2,0,10,13,1,12.510339,1.303156,0,0,12093
30690,0,0,6,7,1,12.509191,1.303036,0,0,12093
30700,2,0,6,9,1,12.507684,1.302915,0,0,12093
30710,0,1,2,4,1,12.504789,1.302657,0,0,12093
30720,0,0,4,5,1,12.503697,1.302491,0,0,12093
30730,0,1,2,4,1,12.502244,1.302357,0,0,12093
30740,0,1,8,10,1,12.499046,1.302077,0,0,12093
30750,0,0,0,1,1,12.497360,1.301945,0,0,12093
30760,1,0,6,8,1,12.494915,1.301708,0,0,12093
30770,1,0,13,15,1,12.496436,1.301844,0,0,12099
30780,0,0,5,6,1,12.495815,1.301784,0,0,12099
30790,3,0,5,9,1,12.493289,1.301534,0,0,12099
30800,1,3,16,21,1,12.492747,1.301411,0,0,12100
30810,2,3,20,26,1,12.495236,1.301688,0,0,12115
30820,0,0,7,8,1,12.498307,1.302070,0,0,12127
30830,1,2,8,12,1,12.497873,1.302051,0,0,12127
30840,0,0,1,2,1,12.496411,1.301859,0,0,12127
30850,0,0,7,8,1,12.495040,1.301681,0,0,12127
30860,0,0,4,5,1,12.494812,1.301666,0,0,12127
30870,2,0,4,7,1,12.491936,1.301366,0,0,12127
30880,1,0,11,13,1,12.490152,1.301163,0,0,12127
30890,0,0,7,8,1,12.488471,1.300992,0,0,12127
30900,0,2,14,17,1,12.489247,1.301033,0,0,12127
30910,0,0,16,17,1,12.488009,1.300852,0,0,12127
30920,0,3,18,22,1,12.490100,1.301096,0,0,12127
30930,1,2,15,19,1,12.493126,1.301398,0,0,12141
30940,0,0,14,15,1,12.495218,1.301660,0,0,12152
30950,0,1,9,11,1,12.496490,1.301766,0,0,12152
30960,1,0,3,5,1,12.494752,1.301616,0,0,12152
30970,0,3,12,16,1,12.493080,1.301398,0,0,12152
30980,0,0,0,1,1,12.492742,1.301354,0,0,12153
30990,1,0,6,8,1,12.491007,1.301147,0,0,12153
31000,3,1,16,21,1,12.490334,1.301046,0,0,12153
31010,0,0,4,5,1,12.492927,1.301403,0,0,12173
31020,0,2,18,21,1,12.491590,1.301242,0,0,12173
31030,0,3,20,24,1,12.492970,1.301382,0,0,12180
31040,0,0,0,0,0,12.492600,1.301365,0,0,12183
31050,0,1,4,6,1,12.489840,1.301082,0,0,12183
31060,0,0,0,1,1,12.487371,1.300851,0,0,12183
31070,0,0,0,0,0,12.485309,1.300732,0,0,12183
31080,3,0,15,19,1,12.485233,1.300698,0,0,12189
31090,1,0,10,12,1,12.485615,1.300751,0,0,12189
31100,1,0,3,5,1,12.483647,1.300559,0,0,12189
31110,0,0,11,12,1,12.483763,1.300536,0,0,12189
31120,0,1,4,6,1,12.484021,1.300589,0,0,12189
31130,0,0,11,12,1,12.484319,1.300633,0,0,12199
31140,2,0,1,4,1,12.484797,1.300687,0,0,12199
31150,2,0,8,11,1,12.482294,1.300474,0,0,12199
31160,0,1,3,5,1,12.480080,1.300226,0,0,12199
31170,0,2,15,18,1,12.480713,1.300239,0,0,12201
31180,4,2,13,20,1,12.481474,1.300301,0,0,12204
31190,0,1,7,9,1,12.482257,1.300383,0,0,12204
31200,0,0,2,3,1,12.479404,1.300138,0,0,12204
31210,0,1,15,17,1,12.478385,1.299914,0,0,12204
31220,3,0,6,10,1,12.477100,1.299785,0,0,12204
31230,0,0,4,5,1,12.475461,1.299614,0,0,12204
31240,0,1,7,9,1,12.472534,1.299292,0,0,12204
31250,0,3,17,21,1,12.472843,1.299250,0,0,12204
31260,0,0,3,4,1,12.473788,1.299396,0,0,12224
31270,7,1,14,23,1,12.473790,1.299340,0,0,12224
31280,0,0,0,0,0,12.472464,1.299250,0,0,12224
31290,0,2,5,8,1,12.470645,1.299017,0,0,12224
31300,0,2,17,20,1,12.471205,1.299045,0,0,12224
31310,1,1,4,7,1,12.472759,1.299211,0,0,12224
31320,2,0,5,8,1,12.469762,1.298873,0,0,12224
31330,2,0,9,12,1,12.469300,1.298812,0,0,12224
31340,2,0,20,23,1,12.470313,1.298883,0,0,12224
31350,3,2,14,20,1,12.472695,1.299157,0,0,12247
31360,2,0,10,13,1,12.474740,1.299400,0,0,12265
31370,1,1,6,9,1,12.475753,1.299519,0,0,12265
31380,0,0,0,0,0,12.474538,1.299409,0,0,12265
31390,0,1,9,11,1,12.473417,1.299267,0,0,12265
31400,0,1,5,7,1,12.473088,1.299215,0,0,12265
31410,2,1,9,13,1,12.474331,1.299315,0,0,12275
31420,1,4,20,26,1,12.476535,1.299587,0,0,12286
31430,0,0,9,10,1,12.476044,1.299558,0,0,12290
31440,2,1,9,13,1,12.474575,1.299387,0,0,12290
31450,0,0,1,2,1,12.471537,1.299075,0,0,12290
31460,3,1,9,14,1,12.470900,1.298949,0,0,12290
31470,4,0,19,24,1,12.473235,1.299171,0,0,12295
31480,0,1,10,12,1,12.475175,1.299420,0,0,12296
31490,0,0,12,13,1,12.474516,1.299343,0,0,12296
31500,0,1,2,4,1,12.473982,1.299334,0,0,12296
31510,0,0,2,3,1,12.471677,1.299056,0,0,12296
31520,0,0,2,3,1,12.469185,1.298800,0,0,12296
31530,1,3,16,21,1,12.468566,1.298740,0,0,12297
31540,1,1,18,21,1,12.469328,1.298820,0,0,12307
31550,1,0,10,12,1,12.472967,1.299259,0,0,12338
31560,1,0,15,17,1,12.473394,1.299260,0,0,12338
31570,1,2,18,22,1,12.475658,1.299453,0,0,12350
31580,0,0,0,0,0,12.475793,1.299472,0,0,12350
31590,0,2,14,17,1,12.475022,1.299391,0,0,12350
31600,0,0,9,10,1,12.474482,1.299322,0,0,12350
31610,1,1,16,19,1,12.472230,1.299096,0,0,12350
31620,0,1,9,11,1,12.474027,1.299262,0,0,12357
31630,0,0,2,3,1,12.475402,1.299435,0,0,12372
31640,0,0,1,2,1,12.471846,1.299146,0,0,12372
31650,0,1,6,8,1,12.471768,1.299100,0,0,12372
31660,2,0,1,4,1,12.469819,1.298905,0,0,12372
31670,0,0,14,15,1,12.471475,1.299078,0,0,12379
31680,2,5,17,25,1,12.474535,1.299379,0,0,12389
31690,0,1,2,4,1,12.473639,1.299290,0,0,12389
31700,0,0,8,9,1,12.473112,1.299120,0,0,12389
31710,0,0,2,3,1,12.471475,1.298929,0,0,12389
31720,0,5,12,18,1,12.469222,1.298707,0,0,12389
31730,1,1,6,9,1,12.471074,1.298891,0,0,12394
31740,1,0,1,3,1,12.468582,1.298670,0,0,12394
31750,0,0,4,5,1,12.465438,1.298398,0,0,12394
31760,0,0,4,5,1,12.462775,1.298121,0,0,12394
31770,0,1,10,12,1,12.461692,1.297965,0,0,12394
31780,1,2,18,22,1,12.464157,1.298150,0,0,12404
31790,3,3,7,14,1,12.465441,1.298254,0,0,12404
31800,1,0,13,15,1,12.467534,1.298472,0,0,12411
31810,0,0,14,15,1,12.469010,1.298643,0,0,12414
31820,1,0,15,17,1,12.471164,1.298888,0,0,12427
31830,1,0,9,11,1,12.470151,1.298770,0,0,12427
31840,0,2,16,19,1,12.471856,1.298952,0,0,12436
31850,0,0,4,5,1,12.472034,1.298949,0,0,12436
31860,1,2,13,17,1,12.474061,1.299131,0,0,12444
31870,0,1,8,10,1,12.475497,1.299314,0,0,12450
31880,0,1,6,8,1,12.472953,1.299045,0,0,12450
31890,4,0,16,21,1,12.471526,1.298863,0,0,12450
31900,0,2,9,12,1,12.473059,1.299052,0,0,12452
31910,0,0,1,2,1,12.473368,1.299110,0,0,12452
31920,1,0,18,20,1,12.471639,1.298887,0,0,12452
31930,2,2,14,19,1,12.473665,1.299111,0,0,12452
31940,2,0,16,19,1,12.475122,1.299238,0,0,12455
31950,3,3,14,21,1,12.476574,1.299368,0,0,12457
31960,1,1,19,22,1,12.478966,1.299596,0,0,12465
31970,0,2,2,5,1,12.479959,1.299729,0,0,12470
31980,0,1,8,10,1,12.478752,1.299608,0,0,12470
31990,1,1,5,8,1,12.476624,1.299424,0,0,12470
32000,0,2,19,22,1,12.476210,1.299339,0,0,12476
32010,1,1,17,20,1,12.479109,1.299653,0,0,12496
32020,2,4,18,25,1,12.481633,1.299933,0,0,12506
32030,0,0,13,14,1,12.483091,1.300178,0,0,12506
32040,2,5,11,19,1,12.482889,1.300157,0,0,12506
32050,0,0,4,5,1,12.481417,1.300025,0,0,12506
32060,2,0,15,18,1,12.478995,1.299769,0,0,12506
32070,2,0,10,13,1,12.480717,1.300011,0,0,12508
32080,1,1,13,16,1,12.481341,1.300021,0,0,12517
32090,0,0,2,3,1,12.479945,1.299935,0,0,12517
32100,0,2,15,18,1,12.478158,1.299703,0,0,12517
32110,0,0,5,6,1,12.477146,1.299618,0,0,12517
32120,0,0,3,4,1,12.473845,1.299380,0,0,12517
32130,0,1,1,3,1,12.470836,1.299130,0,0,12517
32140,0,0,3,4,1,12.468032,1.298871,0,0,12517
32150,0,0,7,8,1,12.465600,1.298584,0,0,12517
32160,1,4,14,20,1,12.466537,1.298715,0,0,12526
32170,1,0,10,12,1,12.466015,1.298657,0,0,12526
32180,1,1,11,14,1,12.465631,1.298604,0,0,12526
32190,0,1,18,20,1,12.467845,1.298852,0,0,12535
32200,5,1,19,26,1,12.470013,1.299073,0,0,12539
32210,4,2,20,27,1,12.473431,1.299488,0,0,12565
32220,2,0,11,14,1,12.476577,1.299900,0,0,12591
32230,0,0,14,15,1,12.478001,1.300069,0,0,12591
32240,0,0,3,4,1,12.476853,1.299962,0,0,12591
32250,1,0,2,4,1,12.474926,1.299778,0,0,12591
32260,0,0,9,10,1,12.472556,1.299527,0,0,12591
32270,2,0,12,15,1,12.472959,1.299552,0,0,12591
32280,0,1,10,12,1,12.474679,1.299706,0,0,12593
32290,1,0,3,5,1,12.473871,1.299647,0,0,12593
32300,2,1,9,13,1,12.472139,1.299433,0,0,12593
32310,1,2,17,21,1,12.474782,1.299725,0,0,12613
32320,1,2,17,21,1,12.477854,1.300061,0,0,12631
32330,0,0,14,15,1,12.479112,1.300209,0,0,12631
32340,0,0,0,1,1,12.476980,1.300087,0,0,12631
32350,0,0,10,11,1,12.475581,1.299958,0,0,12631
32360,1,0,6,8,1,12.473619,1.299796,0,0,12631
32370,0,0,1,2,1,12.470693,1.299557,0,0,12631
32380,0,0,5,6,1,12.468620,1.299304,0,0,12631
32390,0,1,1,3,1,12.466018,1.298995,0,0,12631
32400,0,0,12,13,1,12.463414,1.298744,0,0,12631
32410,1,0,9,11,1,12.464741,1.298920,0,0,12633
32420,0,0,1,2,1,12.461986,1.298679,0,0,12633
32430,0,0,13,14,1,12.459554,1.298450,0,0,12633
32440,4,0,8,13,1,12.458167,1.298280,0,0,12634
32450,0,1,12,14,1,12.457301,1.298194,0,0,12634
32460,0,1,11,13,1,12.457037,1.298158,0,0,12634
32470,0,0,6,7,1,12.456136,1.298072,0,0,12634
32480,0,0,0,0,0,12.453397,1.297824,0,0,12634
32490,0,0,7,8,1,12.450530,1.297571,0,0,12634
32500,0,0,12,13,1,12.449622,1.297459,0,0,12634
32510,3,0,18,22,1,12.452828,1.297764,0,0,12656
32520,1,0,13,15,1,12.453325,1.297803,0,0,12656
32530,2,1,10,14,1,12.453078,1.297794,0,0,12656
32540,1,0,6,8,1,12.451814,1.297637,0,0,12656
32550,0,0,9,10,1,12.450930,1.297483,0,0,12656
32560,0,1,8,10,1,12.450674,1.297447,0,0,12656
32570,1,0,4,6,1,12.448519,1.297219,0,0,12656
32580,0,0,1,2,1,12.445530,1.296940,0,0,12656
32590,3,0,15,19,1,12.445610,1.296870,0,0,12656
32600,3,0,12,16,1,12.449171,1.297207,0,0,12685
32610,2,3,18,24,1,12.451210,1.297416,0,0,12691
32620,0,0,0,1,1,12.450813,1.297391,0,0,12691
32630,4,1,13,19,1,12.449137,1.297199,0,0,12691
32640,0,0,4,5,1,12.447862,1.297120,0,0,12693
32650,0,2,10,13,1,12.447009,1.296985,0,0,12693
32660,1,2,17,21,1,12.449424,1.297204,0,0,12705
32670,0,1,3,5,1,12.449294,1.297248,0,0,12708
32680,0,0,17,18,1,12.448107,1.297075,0,0,12708
32690,2,6,16,25,1,12.450331,1.297294,0,0,12713
32700,1,0,19,21,1,12.452386,1.297566,0,0,12726
32710,1,5,15,22,1,12.454875,1.297875,0,0,12747
32720,0,0,0,1,1,12.454300,1.297819,0,0,12747
32730,0,1,1,3,1,12.451629,1.297511,0,0,12747
32740,1,1,20,23,1,12.451044,1.297421,0,0,12749
32750,1,0,7,9,1,12.453306,1.297678,0,0,12756
32760,3,1,16,21,1,12.452934,1.297618,0,0,12756
32770,1,0,7,9,1,12.454930,1.297855,0,0,12770
32780,0,4,5,10,1,12.456342,1.297981,0,0,12776
32790,1,0,12,14,1,12.454380,1.297752,0,0,12776
32800,0,0,0,0,0,12.451928,1.297566,0,0,12776
32810,0,1,13,15,1,12.452477,1.297603,0,0,12785
32820,1,9,17,28,1,12.455642,1.297924,0,0,12803
32830,3,2,20,26,1,12.458680,1.298212,0,0,12810
32840,1,5,18,25,1,12.462475,1.298673,0,0,12826
32850,2,5,19,27,1,12.465690,1.299033,0,0,12843
32860,3,1,20,25,1,12.469154,1.299443,0,0,12860
32870,3,3,20,27,1,12.471252,1.299583,0,0,12863
32880,0,0,0,0,0,12.469794,1.299526,0,0,12864
32890,0,1,16,18,1,12.469518,1.299484,0,0,12865
32900,0,1,5,7,1,12.470002,1.299522,0,0,12867
32910,0,0,5,6,1,12.467372,1.299240,0,0,12867
32920,0,0,2,3,1,12.466094,1.299111,0,0,12867
32930,3,3,18,25,1,12.464905,1.298933,0,0,12877
32940,0,4,16,21,1,12.467265,1.299199,0,0,12882
32950,0,1,8,10,1,12.468961,1.299359,0,0,12894
32960,0,0,4,5,1,12.467042,1.299192,0,0,12894
32970,1,0,0,2,1,12.466387,1.299087,0,0,12894
32980,0,0,8,9,1,12.463965,1.298867,0,0,12894
32990,1,0,14,16,1,12.461708,1.298693,0,0,12894
33000,1,2,12,16,1,12.462986,1.298839,0,0,12900
33010,0,1,6,8,1,12.461270,1.298688,0,0,12900
33020,1,1,20,23,1,12.462922,1.298827,0,0,12903
33030,0,1,14,16,1,12.462851,1.298836,0,0,12909
33040,1,4,7,13,1,12.463162,1.298823,0,0,12909
33050,0,0,2,3,1,12.465052,1.299065,0,0,12915
33060,1,0,1,3,1,12.464434,1.299033,0,0,12924
33070,1,0,5,7,1,12.461746,1.298716,0,0,12924
33080,0,0,1,2,1,12.460867,1.298588,0,0,12924
33090,0,0,1,2,1,12.458804,1.298348,0,0,12924
33100,0,0,10,11,1,12.456139,1.298050,0,0,12924
33110,1,1,4,7,1,12.454186,1.297887,0,0,12924
33120,0,1,15,17,1,12.453486,1.297801,0,0,12924
33130,2,2,19,24,1,12.455320,1.298000,0,0,12935
33140,1,5,17,24,1,12.457586,1.298245,0,0,12946
33150,0,0,6,7,1,12.458650,1.298347,0,0,12948
33160,0,0,1,2,1,12.455759,1.298074,0,0,12948
33170,3,0,6,10,1,12.453503,1.297819,0,0,12948
33180,1,1,5,8,1,12.452248,1.297684,0,0,12948
33190,0,0,1,2,1,12.450073,1.297436,0,0,12948
33200,2,1,3,7,1,12.447989,1.297215,0,0,12948
33210,3,1,6,11,1,12.445643,1.296958,0,0,12948
33220,2,2,20,25,1,12.444844,1.296863,0,0,12951
33230,0,1,5,7,1,12.446188,1.297047,0,0,12960
33240,2,0,14,17,1,12.446282,1.297036,0,0,12965
33250,2,0,12,15,1,12.448567,1.297278,0,0,12970
33260,0,3,9,13,1,12.451805,1.297648,0,0,12981
33270,0,0,5,6,1,12.451656,1.297677,0,0,12981
33280,1,4,16,22,1,12.452443,1.297735,0,0,12984
33290,0,3,14,18,1,12.455125,1.298063,0,0,13001
33300,0,0,6,7,1,12.455978,1.298119,0,0,13001
33310,0,0,0,0,0,12.454971,1.297989,0,0,13001
33320,0,0,0,1,1,12.451796,1.297711,0,0,13001
33330,0,1,7,9,1,12.448998,1.297415,0,0,13001
33340,0,1,6,8,1,12.449015,1.297376,0,0,13001
33350,0,1,3,5,1,12.447411,1.297221,0,0,13001
33360,0,1,3,5,1,12.446399,1.297132,0,0,13001
33370,1,1,20,23,1,12.447227,1.297214,0,0,13003
33380,0,0,0,1,1,12.447735,1.297327,0,0,13017
33390,1,0,0,2,1,12.444683,1.297001,0,0,13017
33400,1,0,9,11,1,12.441961,1.296681,0,0,13017
33410,1,1,18,21,1,12.443357,1.296842,0,0,13025
33420,0,0,19,20,1,12.445387,1.297094,0,0,13034
33430,1,0,9,11,1,12.446713,1.297248,0,0,13034
33440,2,0,6,9,1,12.448450,1.297417,0,0,13041
33450,1,1,6,9,1,12.446890,1.297218,0,0,13041
33460,0,2,16,19,1,12.449250,1.297463,0,0,13051
33470,0,0,0,1,1,12.450466,1.297582,0,0,13052
33480,0,0,3,4,1,12.447563,1.297259,0,0,13052
33490,1,0,14,16,1,12.445090,1.296944,0,0,13052
33500,0,0,11,12,1,12.445967,1.297011,0,0,13052
33510,0,0,0,0,0,12.445333,1.296973,0,0,13052
33520,1,1,3,6,1,12.443118,1.296714,0,0,13052
33530,0,0,0,1,1,12.441931,1.296586,0,0,13052
33540,0,0,4,5,1,12.439212,1.296287,0,0,13052
33550,0,0,6,7,1,12.437658,1.296129,0,0,13052
33560,0,0,5,6,1,12.434678,1.295830,0,0,13052
33570,2,2,17,22,1,12.434046,1.295740,0,0,13052
33580,0,2,20,23,1,12.437304,1.296099,0,0,13061
33590,3,4,14,22,1,12.438919,1.296239,0,0,13062
33600,4,2,16,23,1,12.440752,1.296450,0,0,13063
33610,1,1,5,8,1,12.441201,1.296509,0,0,13063
33620,0,0,6,7,1,12.439168,1.296257,0,0,13063
33630,0,1,0,2,1,12.437857,1.296108,0,0,13063
33640,1,2,8,12,1,12.437165,1.296044,0,0,13063
33650,1,0,10,12,1,12.436561,1.296005,0,0,13063
33660,3,0,9,13,1,12.436954,1.296054,0,0,13064
33670,0,1,4,6,1,12.436363,1.295980,0,0,13064
33680,1,3,20,25,1,12.435406,1.295824,0,0,13064
33690,1,0,5,7,1,12.435705,1.295831,0,0,13065
33700,0,1,0,2,1,12.432653,1.295533,0,0,13065
33710,0,0,1,2,1,12.430348,1.295316,0,0,13065
33720,1,0,18,20,1,12.428706,1.295065,0,0,13065
33730,0,3,9,13,1,12.430288,1.295270,0,0,13071
33740,2,1,15,19,1,12.430066,1.295222,0,0,13071
33750,1,4,13,19,1,12.431964,1.295400,0,0,13074
33760,0,0,9,10,1,12.432893,1.295529,0,0,13074
33770,0,0,1,2,1,12.431255,1.295386,0,0,13074
33780,0,0,2,3,1,12.429498,1.295151,0,0,13074
33790,3,1,9,14,1,12.426645,1.294805,0,0,13074
33800,0,1,9,11,1,12.425373,1.294653,0,0,13074
33810,1,0,5,7,1,12.425080,1.294630,0,0,13074
33820,0,0,4,5,1,12.423628,1.294467,0,0,13074
33830,0,1,6,8,1,12.421109,1.294172,0,0,13074
33840,3,1,19,24,1,12.423533,1.294429,0,0,13088
33850,3,3,19,26,1,12.425359,1.294623,0,0,13092
33860,2,3,13,19,1,12.429168,1.295056,0,0,13108
33870,0,0,0,0,0,12.428581,1.295038,0,0,13108
33880,0,0,1,2,1,12.427190,1.294913,0,0,13108
33890,0,3,7,11,1,12.424896,1.294698,0,0,13108
33900,5,6,19,31,1,12.427800,1.294933,0,0,13120
33910,0,4,18,23,1,12.431493,1.295353,0,0,13134
33920,3,1,17,22,1,12.432456,1.295469,0,0,13141
33930,0,4,20,25,1,12.435189,1.295758,0,0,13157
33940,0,0,10,11,1,12.436861,1.296008,0,0,13170
33950,0,0,11,12,1,12.435928,1.295898,0,0,13170
33960,0,0,3,4,1,12.434126,1.295754,0,0,13170
33970,3,1,16,21,1,12.432746,1.295578,0,0,13170
33980,1,1,13,16,1,12.435382,1.295881,0,0,13186
33990,2,1,16,20,1,12.437991,1.296184,0,0,13207
34000,0,1,8,10,1,12.440219,1.296432,0,0,13213
34010,0,0,9,10,1,12.440476,1.296463,0,0,13213
34020,3,3,17,24,1,12.439483,1.296299,0,0,13213
34030,5,0,20,26,1,12.442387,1.296622,0,0,13225
34040,0,0,18,19,1,12.444714,1.296820,0,0,13234
34050,2,0,20,23,1,12.447787,1.297172,0,0,13255
34060,0,0,0,1,1,12.449845,1.297446,0,0,13269
34070,0,0,4,5,1,12.447195,1.297150,0,0,13269
34080,0,0,1,2,1,12.444686,1.296904,0,0,13269
34090,0,0,7,8,1,12.443056,1.296734,0,0,13269
34100,0,0,4,5,1,12.442279,1.296594,0,0,13269
34110,2,0,11,14,1,12.442182,1.296544,0,0,13269
34120,0,1,8,10,1,12.440727,1.296360,0,0,13269
34130,0,1,1,3,1,12.439354,1.296265,0,0,13269
34140,0,0,0,1,1,12.436512,1.295992,0,0,13269
34150,0,0,6,7,1,12.433331,1.295708,0,0,13269
34160,0,0,3,4,1,12.431114,1.295477,0,0,13269
34170,0,0,1,2,1,12.428187,1.295254,0,0,13269
34180,0,0,0,1,1,12.426059,1.295048,0,0,13269
34190,1,0,10,12,1,12.424505,1.294878,0,0,13269
34200,1,0,2,4,1,12.422930,1.294690,0,0,13269
34210,0,3,20,24,1,12.423220,1.294681,0,0,13269
34220,1,0,14,16,1,12.425294,1.294952,0,0,13285
34230,2,1,9,13,1,12.424268,1.294884,0,0,13285
34240,0,0,0,1,1,12.423997,1.294828,0,0,13285
34250,0,0,11,12,1,12.421661,1.294565,0,0,13285
34260,0,0,0,1,1,12.419989,1.294410,0,0,13285
34270,2,4,17,24,1,12.419856,1.294317,0,0,13287
34280,0,0,0,1,1,12.420450,1.294418,0,0,13287
34290,1,4,16,22,1,12.420924,1.294432,0,0,13300
34300,2,1,19,23,1,12.422693,1.294632,0,0,13310
34310,3,1,20,25,1,12.425847,1.295008,0,0,13356
34320,0,2,6,9,1,12.426239,1.295064,0,0,13359
34330,0,1,5,7,1,12.423521,1.294863,0,0,13359
34340,0,0,1,2,1,12.422155,1.294736,0,0,13359
34350,2,3,19,25,1,12.422482,1.294739,0,0,13361
34360,0,2,13,16,1,12.423620,1.294881,0,0,13367
34370,2,0,16,19,1,12.423210,1.294779,0,0,13367
34380,1,2,12,16,1,12.425841,1.295061,0,0,13386
34390,0,0,1,2,1,12.425215,1.295027,0,0,13387
34400,1,1,6,9,1,12.425066,1.295011,0,0,13387
34410,0,0,3,4,1,12.422083,1.294759,0,0,13387
34420,0,0,0,1,1,12.419687,1.294536,0,0,13387
34430,2,2,4,9,1,12.417032,1.294279,0,0,13387
34440,0,0,8,9,1,12.415558,1.294125,0,0,13387
34450,1,2,15,19,1,12.416162,1.294141,0,0,13388
34460,0,1,4,6,1,12.415669,1.294046,0,0,13388
34470,0,0,2,3,1,12.413146,1.293826,0,0,13388
34480,1,0,7,9,1,12.411645,1.293669,0,0,13388
34490,5,3,13,22,1,12.413641,1.293873,0,0,13396
34500,4,4,4,13,1,12.414609,1.293985,0,0,13408
34510,0,5,16,22,1,12.416505,1.294167,0,0,13414
34520,3,1,13,18,1,12.418396,1.294376,0,0,13419
34530,0,0,0,1,1,12.416139,1.294203,0,0,13419
34540,2,0,11,14,1,12.414689,1.294087,0,0,13419
34550,0,2,8,11,1,12.413751,1.293961,0,0,13419
34560,1,2,20,24,1,12.414307,1.293972,0,0,13425
34570,1,1,14,17,1,12.416875,1.294282,0,0,13448
34580,0,0,11,12,1,12.417118,1.294272,0,0,13448
34590,0,0,13,14,1,12.415638,1.294102,0,0,13448
34600,2,0,17,20,1,12.416572,1.294160,0,0,13448
34610,1,0,15,17,1,12.418869,1.294407,0,0,13464
34620,2,0,2,5,1,12.417419,1.294334,0,0,13465
34630,1,0,0,2,1,12.417232,1.294291,0,0,13465
34640,3,3,16,23,1,12.416888,1.294169,0,0,13465
34650,0,0,0,0,0,12.417932,1.294352,0,0,13468
34660,0,0,0,0,0,12.414828,1.294078,0,0,13468
34670,0,0,4,5,1,12.412293,1.293818,0,0,13468
34680,3,0,19,23,1,12.413773,1.293952,0,0,13484
34690,0,3,6,10,1,12.415806,1.294191,0,0,13491
34700,3,4,13,21,1,12.415552,1.294122,0,0,13491
34710,1,3,16,21,1,12.417559,1.294304,0,0,13505
34720,0,2,3,6,1,12.418678,1.294482,0,0,13506
34730,0,0,2,3,1,12.416599,1.294285,0,0,13506
34740,1,1,13,16,1,12.414966,1.294068,0,0,13506
34750,1,1,16,19,1,12.416911,1.294259,0,0,13514
34760,2,0,16,19,1,12.419140,1.294514,0,0,13523
34770,1,1,13,16,1,12.420918,1.294769,0,0,13541
34780,2,1,13,17,1,12.422109,1.294893,0,0,13541
34790,1,1,17,20,1,12.423981,1.295053,0,0,13545
34800,0,0,10,11,1,12.425824,1.295283,0,0,13555
34810,0,0,8,9,1,12.423797,1.295130,0,0,13555
34820,1,6,16,24,1,12.425373,1.295228,0,0,13574
34830,0,0,1,2,1,12.425152,1.295259,0,0,13575
34840,0,0,13,14,1,12.423873,1.295118,0,0,13575
34850,0,0,1,2,1,12.422452,1.295016,0,0,13575
34860,0,2,4,7,1,12.421435,1.294863,0,0,13575
34870,0,0,0,1,1,12.420235,1.294745,0,0,13575
34880,2,0,9,12,1,12.418611,1.294568,0,0,13575
34890,1,1,18,21,1,12.419608,1.294594,0,0,13582
34900,1,1,12,15,1,12.421247,1.294811,0,0,13587
34910,3,3,15,22,1,12.422139,1.294908,0,0,13587
34920,1,0,6,8,1,12.423058,1.295034,0,0,13598
34930,0,1,13,15,1,12.422818,1.294986,0,0,13599
34940,3,2,9,15,1,12.421878,1.294857,0,0,13599
34950,1,1,11,14,1,12.422739,1.294973,0,0,13599
34960,0,0,0,0,0,12.422595,1.294977,0,0,13599
34970,3,0,18,22,1,12.422532,1.294963,0,0,13599
34980,0,0,1,2,1,12.423761,1.295148,0,0,13622
34990,0,0,12,13,1,12.421996,1.294956,0,0,13622
35000,0,3,18,22,1,12.424426,1.295136,0,0,13632
35010,1,3,9,14,1,12.426455,1.295359,0,0,13638
35020,0,0,1,2,1,12.425437,1.295264,0,0,13638
35030,2,0,14,17,1,12.426148,1.295338,0,0,13641
35040,1,1,16,19,1,12.427319,1.295467,0,0,13645
35050,1,0,10,12,1,12.429085,1.295659,0,0,13651
35060,2,2,17,22,1,12.429256,1.295600,0,0,13651
35070,0,0,2,3,1,12.427472,1.295456,0,0,13651
35080,1,0,19,21,1,12.427590,1.295410,0,0,13651
35090,1,0,17,19,1,12.429461,1.295639,0,0,13661
35100,2,1,20,24,1,12.432246,1.295937,0,0,13681
35110,5,0,17,23,1,12.434177,1.296150,0,0,13697
35120,0,1,6,8,1,12.433114,1.296073,0,0,13697
35130,1,1,17,20,1,12.433894,1.296104,0,0,13697
35140,4,0,18,23,1,12.437244,1.296449,0,0,13732
35150,1,0,16,18,1,12.439635,1.296725,0,0,13740
35160,6,2,10,19,1,12.441554,1.296940,0,0,13753
35170,0,0,3,4,1,12.441121,1.296937,0,0,13753
35180,4,1,7,13,1,12.439378,1.296740,0,0,13753
35190,0,0,10,11,1,12.440451,1.296821,0,0,13753
35200,2,0,7,10,1,12.439288,1.296680,0,0,13753
35210,0,0,1,2,1,12.438609,1.296647,0,0,13753
35220,0,0,5,6,1,12.435640,1.296399,0,0,13753
35230,1,2,9,13,1,12.436322,1.296424,0,0,13753
35240,0,0,17,18,1,12.436146,1.296405,0,0,13753
35250,1,0,16,18,1,12.437164,1.296538,0,0,13753
35260,1,3,9,14,1,12.436977,1.296518,0,0,13753
35270,0,0,3,4,1,12.436104,1.296492,0,0,13753
35280,3,0,5,9,1,12.434493,1.296243,0,0,13753
35290,0,0,7,8,1,12.433260,1.296122,0,0,13753
35300,0,2,15,18,1,12.435295,1.296261,0,0,13757
35310,1,3,10,15,1,12.437578,1.296491,0,0,13759
35320,2,0,2,5,1,12.435143,1.296218,0,0,13759
35330,1,0,1,3,1,12.432575,1.295920,0,0,13759
35340,6,1,20,28,1,12.432539,1.295881,0,0,13766
35350,1,2,16,20,1,12.434619,1.296113,0,0,13777
35360,1,1,1,4,1,12.435992,1.296267,0,0,13791
35370,0,0,2,3,1,12.433516,1.295998,0,0,13791
35380,3,4,14,22,1,12.432479,1.295851,0,0,13791
35390,0,0,18,19,1,12.435043,1.296160,0,0,13806
35400,0,0,16,17,1,12.435649,1.296227,0,0,13816
35410,1,2,15,19,1,12.437255,1.296405,0,0,13819
35420,0,0,16,17,1,12.437241,1.296385,0,0,13819
35430,3,2,16,22,1,12.439347,1.296634,0,0,13828
35440,0,0,12,13,1,12.440990,1.296825,0,0,13837
35450,0,0,0,0,0,12.438801,1.296615,0,0,13837
35460,0,1,18,20,1,12.437518,1.296485,0,0,13837
35470,0,1,12,14,1,12.437112,1.296431,0,0,13837
35480,0,0,17,18,1,12.439468,1.296653,0,0,13850
35490,0,5,20,26,1,12.439714,1.296641,0,0,13850
35500,0,1,14,16,1,12.442295,1.296921,0,0,13868
35510,0,4,17,22,1,12.444367,1.297167,0,0,13881
35520,1,1,6,9,1,12.447106,1.297479,0,0,13888
35530,1,1,2,5,1,12.445783,1.297368,0,0,13888
35540,0,1,1,3,1,12.445485,1.297329,0,0,13889
35550,1,0,13,15,1,12.444373,1.297163,0,0,13889
35560,1,1,7,10,1,12.445143,1.297239,0,0,13889
35570,0,2,17,20,1,12.446248,1.297328,0,0,13889
35580,1,1,20,23,1,12.448923,1.297675,0,0,13908
35590,1,0,15,17,1,12.451198,1.297919,0,0,13912
35600,2,1,18,22,1,12.453535,1.298086,0,0,13915
35610,0,0,1,2,1,12.453428,1.298094,0,0,13928
35620,0,3,19,23,1,12.454301,1.298113,0,0,13941
35630,0,1,10,12,1,12.455427,1.298207,0,0,13941
35640,0,3,18,22,1,12.453854,1.298016,0,0,13941
35650,1,3,20,25,1,12.456746,1.298310,0,0,13946
35660,0,0,9,10,1,12.456780,1.298344,0,0,13955
35670,0,0,3,4,1,12.454270,1.298154,0,0,13955
35680,0,0,0,1,1,12.451710,1.297902,0,0,13955
35690,3,1,4,9,1,12.449811,1.297662,0,0,13955
35700,1,0,16,18,1,12.450077,1.297648,0,0,13957
35710,1,0,5,7,1,12.448138,1.297491,0,0,13957
35720,2,3,16,22,1,12.449412,1.297608,0,0,13966
35730,0,0,0,0,0,12.450220,1.297730,0,0,13972
35740,2,2,19,24,1,12.449486,1.297604,0,0,13975
35750,2,0,13,16,1,12.452649,1.297907,0,0,13991
35760,1,1,6,9,1,12.453380,1.297998,0,0,13993
35770,1,1,9,12,1,12.452394,1.297876,0,0,13993
35780,0,0,2,3,1,12.450411,1.297673,0,0,13993
35790,2,0,16,19,1,12.450659,1.297692,0,0,13993
35800,0,0,9,10,1,12.451154,1.297747,0,0,13993
35810,0,0,2,3,1,12.449555,1.297602,0,0,13993
35820,0,2,12,15,1,12.449072,1.297537,0,0,13993
35830,0,0,3,4,1,12.449345,1.297542,0,0,13995
35840,0,1,9,11,1,12.448155,1.297456,0,0,13995
35850,0,2,7,10,1,12.446625,1.297307,0,0,13995
35860,0,1,7,9,1,12.446615,1.297314,0,0,13995
35870,0,0,0,0,0,12.445238,1.297166,0,0,13995
35880,0,0,0,0,0,12.444908,1.297120,0,0,13995
35890,0,0,1,2,1,12.443237,1.296961,0,0,13995
35900,0,1,7,9,1,12.441614,1.296792,0,0,13995
35910,0,0,0,1,1,12.441305,1.296797,0,0,13995
35920,0,0,13,14,1,12.439206,1.296555,0,0,13995
35930,1,0,4,6,1,12.437673,1.296425,0,0,13995
35940,1,2,6,10,1,12.437547,1.296374,0,0,13995
35950,1,1,9,12,1,12.436405,1.296225,0,0,13995
35960,2,0,5,8,1,12.435928,1.296171,0,0,14001
35970,0,0,0,0,0,12.434182,1.296015,0,0,14001
35980,0,2,4,7,1,12.433601,1.295902,0,0,14001
35990,3,0,4,8,1,12.431220,1.295669,0,0,14001
36000,0,0,0,0,0,12.429291,1.295505,0,0,14001
36010,0,0,1,2,1,12.426999,1.295318,0,0,14001
36020,0,0,0,0,0,12.424877,1.295074,0,0,14001
36030,0,1,6,8,1,12.424353,1.294986,0,0,14001
36040,0,0,2,3,1,12.422670,1.294844,0,0,14001
36050,0,0,6,7,1,12.420351,1.294595,0,0,14001
36060,0,1,6,8,1,12.418589,1.294392,0,0,14001
36070,0,2,8,11,1,12.416342,1.294199,0,0,14001
36080,0,0,15,16,1,12.416711,1.294229,0,0,14001
36090,0,0,1,2,1,12.415926,1.294136,0,0,14001
36100,2,0,10,13,1,12.414859,1.294017,0,0,14004
36110,1,2,8,12,1,12.413842,1.293904,0,0,14004
36120,0,0,3,4,1,12.412489,1.293751,0,0,14004
36130,2,1,18,22,1,12.411889,1.293625,0,0,14013
36140,6,1,19,27,1,12.414519,1.293873,0,0,14024
36150,1,0,16,18,1,12.417346,1.294152,0,0,14041
36160,0,0,13,14,1,12.417289,1.294072,0,0,14041
36170,0,0,0,0,0,12.416648,1.294016,0,0,14041
36180,0,2,13,16,1,12.415038,1.293889,0,0,14041
36190,5,0,16,22,1,12.417264,1.294106,0,0,14051
36200,0,0,3,4,1,12.416252,1.294041,0,0,14051
36210,0,0,4,5,1,12.413725,1.293792,0,0,14051
36220,2,0,16,19,1,12.413977,1.293763,0,0,14051
36230,0,0,11,12,1,12.414255,1.293762,0,0,14051
36240,1,0,18,20,1,12.414231,1.293774,0,0,14058
36250,0,1,10,12,1,12.413425,1.293678,0,0,14058
36260,1,1,2,5,1,12.411388,1.293492,0,0,14058
36270,0,0,8,9,1,12.410559,1.293365,0,0,14058
36280,0,0,1,2,1,12.409692,1.293322,0,0,14058
36290,0,0,4,5,1,12.407638,1.293078,0,0,14058
36300,2,0,14,17,1,12.406744,1.292933,0,0,14058
36310,1,0,3,5,1,12.405985,1.292861,0,0,14059
36320,6,1,20,28,1,12.405198,1.292712,0,0,14064
36330,0,0,11,12,1,12.408943,1.293158,0,0,14091
36340,3,3,11,18,1,12.406839,1.292946,0,0,14091
36350,0,1,5,7,1,12.407937,1.293079,0,0,14098
36360,0,0,9,10,1,12.407561,1.293036,0,0,14098
36370,0,0,14,15,1,12.406741,1.292880,0,0,14098
36380,1,0,6,8,1,12.404487,1.292652,0,0,14098
36390,1,1,8,11,1,12.403170,1.292515,0,0,14098
36400,0,0,4,5,1,12.402385,1.292411,0,0,14098
36410,1,0,0,2,1,12.400136,1.292180,0,0,14098
36420,0,0,0,1,1,12.397879,1.291915,0,0,14098
36430,1,0,9,11,1,12.397153,1.291839,0,0,14098
36440,2,1,18,22,1,12.398276,1.291949,0,0,14106
36450,4,1,18,24,1,12.400592,1.292183,0,0,14110
36460,2,0,10,13,1,12.403705,1.292525,0,0,14134
36470,2,3,11,17,1,12.402029,1.292343,0,0,14134
36480,1,1,10,13,1,12.403177,1.292477,0,0,14134
36490,0,3,8,12,1,12.402194,1.292345,0,0,14134
36500,0,0,1,2,1,12.401698,1.292279,0,0,14134
36510,0,0,2,3,1,12.399022,1.292007,0,0,14134
36520,0,1,4,6,1,12.396858,1.291752,0,0,14134
36530,0,0,20,21,1,12.394866,1.291555,0,0,14136
36540,1,1,14,17,1,12.396444,1.291679,0,0,14137
36550,4,1,14,20,1,12.400017,1.292066,0,0,14164
36560,0,0,10,11,1,12.401052,1.292170,0,0,14165
36570,0,1,12,14,1,12.400871,1.292133,0,0,14165
36580,0,0,0,0,0,12.399983,1.292070,0,0,14165
36590,0,0,2,3,1,12.397200,1.291813,0,0,14165
36600,1,0,4,6,1,12.396211,1.291695,0,0,14165
36610,3,1,7,12,1,12.394244,1.291512,0,0,14165
36620,1,1,17,20,1,12.395521,1.291659,0,0,14170
36630,0,1,9,11,1,12.394746,1.291571,0,0,14170
36640,0,0,0,1,1,12.392806,1.291391,0,0,14170
36650,1,6,13,21,1,12.390678,1.291099,0,0,14170
36660,2,1,20,24,1,12.392787,1.291330,0,0,14176
36670,2,1,17,21,1,12.395367,1.291635,0,0,14210
36680,2,0,14,17,1,12.395977,1.291728,0,0,14210
36690,0,1,7,9,1,12.395694,1.291717,0,0,14210
36700,1,1,9,12,1,12.394736,1.291606,0,0,14210
36710,0,1,16,18,1,12.395290,1.291663,0,0,14211
36720,0,1,11,13,1,12.396094,1.291714,0,0,14218
36730,3,0,12,16,1,12.395794,1.291686,0,0,14218
36740,0,3,8,12,1,12.395580,1.291642,0,0,14218
36750,2,1,17,21,1,12.396520,1.291700,0,0,14218
36760,1,0,19,21,1,12.399060,1.292052,0,0,14242
36770,2,0,16,19,1,12.399865,1.292125,0,0,14244
36780,1,0,16,18,1,12.401078,1.292255,0,0,14245
36790,2,0,9,12,1,12.402142,1.292343,0,0,14249
36800,0,1,13,15,1,12.402824,1.292422,0,0,14249
36810,2,1,18,22,1,12.405709,1.292733,0,0,14271
36820,3,0,20,24,1,12.407085,1.292873,0,0,14277
36830,2,0,11,14,1,12.408926,1.293123,0,0,14294
36840,2,0,13,16,1,12.407833,1.293024,0,0,14294
36850,0,1,2,4,1,12.406199,1.292839,0,0,14294
36860,0,1,6,8,1,12.403432,1.292550,0,0,14294
36870,0,0,0,0,0,12.401772,1.292381,0,0,14294
36880,0,0,1,2,1,12.399743,1.292158,0,0,14294
36890,0,0,6,7,1,12.398479,1.292059,0,0,14294
36900,0,0,0,1,1,12.396527,1.291914,0,0,14294
36910,3,0,16,20,1,12.395988,1.291854,0,0,14299
36920,0,0,0,1,1,12.395334,1.291797,0,0,14299
36930,3,3,2,9,1,12.393515,1.291603,0,0,14299
36940,2,0,12,15,1,12.392046,1.291395,0,0,14299
36950,0,0,0,0,0,12.391033,1.291268,0,0,14299
36960,0,0,0,1,1,12.389081,1.291097,0,0,14299
36970,1,0,5,7,1,12.387452,1.290876,0,0,14299
36980,0,1,16,18,1,12.388595,1.291002,0,0,14299
36990,1,1,11,14,1,12.388041,1.290919,0,0,14299
37000,0,0,3,4,1,12.385729,1.290682,0,0,14299
37010,0,0,4,5,1,12.383213,1.290477,0,0,14299
37020,1,2,16,20,1,12.383534,1.290485,0,0,14304
37030,2,0,6,9,1,12.382934,1.290448,0,0,14304
37040,1,1,17,20,1,12.384065,1.290526,0,0,14304
37050,0,0,0,1,1,12.384248,1.290603,0,0,14304
37060,0,0,3,4,1,12.382140,1.290394,0,0,14304
37070,1,0,8,10,1,12.380001,1.290135,0,0,14304
37080,1,1,7,10,1,12.379016,1.290014,0,0,14304
37090,0,0,2,3,1,12.377146,1.289866,0,0,14304
37100,1,1,2,5,1,12.374948,1.289655,0,0,14304
37110,0,1,9,11,1,12.373891,1.289555,0,0,14304
37120,5,1,16,23,1,12.374957,1.289637,0,0,14306
37130,1,2,4,8,1,12.376259,1.289802,0,0,14307
37140,0,0,5,6,1,12.374300,1.289594,0,0,14307
37150,5,4,12,22,1,12.376359,1.289768,0,0,14317
37160,0,0,10,11,1,12.378377,1.290015,0,0,14323
37170,0,4,10,15,1,12.377660,1.289936,0,0,14323
37180,0,0,1,2,1,12.377699,1.289922,0,0,14323
37190,0,1,12,14,1,12.377189,1.289872,0,0,14323
37200,1,1,17,20,1,12.379437,1.290081,0,0,14337
37210,0,0,6,7,1,12.380751,1.290225,0,0,14338
37220,3,0,12,16,1,12.380746,1.290174,0,0,14338
37230,0,1,18,20,1,12.382010,1.290294,0,0,14338
37240,2,0,6,9,1,12.381830,1.290276,0,0,14338
37250,0,0,3,4,1,12.381340,1.290268,0,0,14338
37260,2,0,6,9,1,12.378816,1.290026,0,0,14338
37270,0,0,0,1,1,12.379007,1.290096,0,0,14339
37280,1,1,18,21,1,12.377597,1.289931,0,0,14339
37290,1,1,3,6,1,12.378528,1.290053,0,0,14342
37300,0,0,3,4,1,12.376645,1.289857,0,0,14342
37310,2,5,20,28,1,12.376161,1.289788,0,0,14343
37320,1,1,4,7,1,12.377290,1.289920,0,0,14358
37330,0,2,8,11,1,12.375897,1.289743,0,0,14358
37340,0,0,0,1,1,12.374062,1.289569,0,0,14358
37350,1,0,1,3,1,12.371932,1.289336,0,0,14358
37360,1,5,8,15,1,12.369968,1.289059,0,0,14358
37370,0,0,7,8,1,12.368564,1.288938,0,0,14358
37380,1,0,19,21,1,12.370451,1.289128,0,0,14371
37390,0,4,13,18,1,12.372790,1.289364,0,0,14376
37400,0,1,1,3,1,12.371407,1.289238,0,0,14376
37410,1,1,4,7,1,12.370486,1.289098,0,0,14376
37420,0,0,4,5,1,12.368789,1.288900,0,0,14376
37430,0,0,13,14,1,12.367745,1.288769,0,0,14376
37440,0,0,3,4,1,12.365656,1.288591,0,0,14376
37450,0,0,1,2,1,12.363161,1.288331,0,0,14376
37460,0,1,8,10,1,12.362649,1.288206,0,0,14376
37470,6,0,19,26,1,12.363319,1.288225,0,0,14381
37480,2,2,10,15,1,12.365405,1.288496,0,0,14388
37490,0,1,4,6,1,12.366387,1.288613,0,0,14389
37500,1,0,10,12,1,12.364966,1.288404,0,0,14389
37510,0,2,16,19,1,12.365990,1.288510,0,0,14389
37520,0,1,11,13,1,12.367194,1.288646,0,0,14391
37530,0,0,0,1,1,12.365562,1.288480,0,0,14391
37540,0,1,7,9,1,12.364096,1.288331,0,0,14391
37550,1,0,3,5,1,12.361868,1.288095,0,0,14391
37560,0,2,3,6,1,12.362960,1.288212,0,0,14396
37570,0,0,4,5,1,12.362235,1.288108,0,0,14396
37580,0,1,0,2,1,12.361109,1.287976,0,0,14396
37590,0,1,14,16,1,12.360549,1.287868,0,0,14399
37600,0,0,17,18,1,12.361933,1.288026,0,0,14399
37610,3,1,8,13,1,12.363940,1.288242,0,0,14415
37620,0,0,2,3,1,12.363238,1.288162,0,0,14415
37630,0,0,17,18,1,12.365191,1.288358,0,0,14437
37640,2,5,15,23,1,12.367928,1.288625,0,0,14456
37650,1,2,20,24,1,12.371279,1.289017,0,0,14487
37660,1,3,17,22,1,12.373045,1.289187,0,0,14496
37670,2,1,14,18,1,12.374984,1.289382,0,0,14500
37680,0,0,0,0,0,12.375602,1.289492,0,0,14501
37690,0,1,0,2,1,12.373212,1.289261,0,0,14501
37700,0,0,3,4,1,12.371189,1.289011,0,0,14501
37710,0,0,3,4,1,12.369371,1.288807,0,0,14501
37720,0,3,13,17,1,12.368045,1.288626,0,0,14501
37730,0,1,10,12,1,12.367660,1.288583,0,0,14501
37740,0,0,14,15,1,12.367567,1.288566,0,0,14501
37750,1,1,8,11,1,12.369014,1.288741,0,0,14505
37760,2,4,19,26,1,12.370603,1.288914,0,0,14519
37770,0,1,17,19,1,12.373872,1.289333,0,0,14547
37780,0,1,3,5,1,12.375195,1.289485,0,0,14547
37790,1,0,4,6,1,12.372956,1.289294,0,0,14547
37800,0,3,4,8,1,12.370660,1.289115,0,0,14547
37810,0,4,9,14,1,12.369342,1.288949,0,0,14547
37820,3,0,14,18,1,12.367770,1.288785,0,0,14547
37830,2,0,14,17,1,12.369814,1.289019,0,0,14564
37840,1,2,14,18,1,12.371606,1.289220,0,0,14568
37850,3,1,14,19,1,12.371832,1.289215,0,0,14568
37860,3,3,14,21,1,12.373170,1.289400,0,0,14573
37870,2,3,13,19,1,12.373451,1.289401,0,0,14573
37880,0,3,12,16,1,12.375853,1.289669,0,0,14586
37890,0,0,8,9,1,12.374953,1.289565,0,0,14589
37900,3,2,17,23,1,12.376431,1.289651,0,0,14595
37910,0,1,7,9,1,12.378207,1.289850,0,0,14607
37920,0,0,1,2,1,12.377212,1.289736,0,0,14609
37930,1,2,5,9,1,12.375330,1.289522,0,0,14609
37940,3,3,20,27,1,12.376283,1.289571,0,0,14618
37950,1,0,0,2,1,12.376345,1.289638,0,0,14621
37960,3,2,14,20,1,12.375274,1.289445,0,0,14621
37970,0,0,13,14,1,12.376894,1.289670,0,0,14629
37980,0,0,0,0,0,12.375260,1.289457,0,0,14629
37990,0,3,16,20,1,12.373383,1.289290,0,0,14629
38000,3,3,20,27,1,12.375938,1.289524,0,0,14646
38010,3,0,20,24,1,12.378378,1.289810,0,0,14666
38020,0,0,0,0,0,12.380170,1.290011,0,0,14678
38030,0,1,0,2,1,12.377844,1.289804,0,0,14678
38040,0,0,1,2,1,12.377290,1.289725,0,0,14678
38050,0,0,0,1,1,12.374493,1.289423,0,0,14678
38060,0,0,8,9,1,12.372840,1.289250,0,0,14678
38070,1,0,4,6,1,12.373328,1.289259,0,0,14678
38080,1,2,5,9,1,12.371342,1.289055,0,0,14678
38090,0,1,13,15,1,12.371105,1.288967,0,0,14678
38100,0,0,9,10,1,12.370236,1.288883,0,0,14678
38110,0,0,7,8,1,12.369454,1.288855,0,0,14678
38120,0,0,1,2,1,12.366869,1.288649,0,0,14678
38130,1,5,20,27,1,12.367309,1.288649,0,0,14689
38140,2,0,20,23,1,12.368425,1.288768,0,0,14689
38150,4,0,15,20,1,12.370634,1.289034,0,0,14701
38160,1,4,7,13,1,12.370203,1.288989,0,0,14701
38170,0,0,2,3,1,12.369057,1.288883,0,0,14701
38180,0,0,7,8,1,12.366410,1.288600,0,0,14701
38190,0,3,20,24,1,12.367383,1.288680,0,0,14706
38200,0,4,5,10,1,12.369927,1.288994,0,0,14724
38210,4,4,16,25,1,12.370712,1.289055,0,0,14727
38220,0,0,8,9,1,12.372371,1.289221,0,0,14735
38230,0,0,6,7,1,12.371036,1.289082,0,0,14735
38240,0,0,5,6,1,12.371554,1.289086,0,0,14735
38250,0,0,0,0,0,12.369225,1.288854,0,0,14735
38260,0,0,2,3,1,12.366470,1.288567,0,0,14735
38270,1,1,13,16,1,12.366000,1.288476,0,0,14735
38280,4,2,11,18,1,12.368295,1.288739,0,0,14744
38290,1,3,7,12,1,12.367800,1.288698,0,0,14744
38300,0,1,19,21,1,12.369578,1.288845,0,0,14750
38310,4,1,14,20,1,12.371181,1.289008,0,0,14754
38320,0,0,4,5,1,12.371125,1.288964,0,0,14754
38330,1,0,5,7,1,12.370448,1.288886,0,0,14754
38340,0,0,1,2,1,12.368711,1.288712,0,0,14754
38350,2,2,16,21,1,12.370248,1.288879,0,0,14760
38360,2,0,18,21,1,12.370923,1.288956,0,0,14760
38370,0,3,13,17,1,12.372799,1.289141,0,0,14763
38380,3,1,14,19,1,12.374430,1.289269,0,0,14767
38390,2,1,13,17,1,12.375715,1.289371,0,0,14769
38400,0,2,18,21,1,12.378020,1.289636,0,0,14787
38410,0,0,5,6,1,12.378778,1.289736,0,0,14787
38420,0,1,1,3,1,12.376644,1.289510,0,0,14787
38430,0,0,0,0,0,12.373805,1.289298,0,0,14787
38440,0,0,0,0,0,12.374016,1.289264,0,0,14787
38450,1,0,7,9,1,12.373030,1.289119,0,0,14787
38460,0,0,0,1,1,12.370348,1.288906,0,0,14787
38470,0,0,1,2,1,12.368600,1.288769,0,0,14787
38480,3,2,5,11,1,12.366242,1.288502,0,0,14787
38490,0,3,20,24,1,12.367679,1.288596,0,0,14788
38500,0,1,4,6,1,12.369421,1.288820,0,0,14799
38510,0,0,0,0,0,12.367349,1.288621,0,0,14799
38520,2,0,6,9,1,12.364881,1.288367,0,0,14799
38530,0,3,7,11,1,12.365514,1.288437,0,0,14799
38540,2,0,7,10,1,12.363508,1.288255,0,0,14799
38550,3,1,14,19,1,12.365314,1.288430,0,0,14800
38560,1,1,6,9,1,12.365259,1.288472,0,0,14800
38570,0,1,1,3,1,12.363243,1.288269,0,0,14800
38580,0,1,18,20,1,12.363143,1.288245,0,0,14802
38590,3,1,13,18,1,12.364559,1.288410,0,0,14806
38600,0,3,14,18,1,12.366942,1.288658,0,0,14818
38610,2,2,11,16,1,12.366319,1.288586,0,0,14818
38620,0,0,9,10,1,12.364993,1.288465,0,0,14818
38630,0,2,5,8,1,12.363280,1.288300,0,0,14818
38640,0,1,3,5,1,12.362457,1.288253,0,0,14818
38650,0,0,3,4,1,12.360486,1.288044,0,0,14818
38660,0,4,11,16,1,12.360811,1.288053,0,0,14823
38670,0,0,6,7,1,12.361375,1.288139,0,0,14834
38680,0,0,0,1,1,12.359090,1.287925,0,0,14834
38690,0,0,0,0,0,12.357961,1.287808,0,0,14834
38700,0,0,0,0,0,12.355422,1.287588,0,0,14834
38710,0,0,0,0,0,12.353040,1.287385,0,0,14834
38720,0,0,18,19,1,12.351221,1.287153,0,0,14834
38730,0,1,4,6,1,12.352215,1.287302,0,0,14841
38740,0,2,6,9,1,12.352743,1.287388,0,0,14841
38750,0,0,9,10,1,12.352330,1.287334,0,0,14841
38760,0,0,0,0,0,12.350490,1.287153,0,0,14841
38770,0,0,3,4,1,12.348308,1.286939,0,0,14841
38780,3,1,16,21,1,12.348218,1.286902,0,0,14843
38790,1,1,3,6,1,12.348109,1.286908,0,0,14843
38800,1,0,19,21,1,12.346840,1.286730,0,0,14843
38810,1,3,12,17,1,12.350029,1.287111,0,0,14858
38820,0,0,0,0,0,12.348856,1.287033,0,0,14858
38830,0,0,1,2,1,12.347572,1.286906,0,0,14858
38840,0,0,6,7,1,12.347477,1.286848,0,0,14858
38850,1,3,20,25,1,12.346871,1.286719,0,0,14858
38860,2,3,19,25,1,12.350196,1.287114,0,0,14888
38870,0,1,13,15,1,12.350527,1.287141,0,0,14893
38880,0,0,0,1,1,12.349225,1.287067,0,0,14893
38890,2,1,1,5,1,12.346823,1.286800,0,0,14893
38900,0,1,5,7,1,12.344434,1.286602,0,0,14893
38910,0,0,7,8,1,12.344199,1.286564,0,0,14893
38920,0,0,5,6,1,12.342884,1.286468,0,0,14893
38930,1,0,7,9,1,12.341596,1.286285,0,0,14893
38940,1,0,3,5,1,12.340460,1.286208,0,0,14893
38950,2,1,14,18,1,12.340358,1.286142,0,0,14893
38960,1,0,12,14,1,12.340512,1.286182,0,0,14893
38970,0,1,12,14,1,12.341363,1.286236,0,0,14898
38980,0,1,6,8,1,12.341062,1.286215,0,0,14898
38990,2,3,13,19,1,12.342792,1.286364,0,0,14910
39000,0,1,2,4,1,12.342866,1.286433,0,0,14915
39010,0,0,6,7,1,12.340146,1.286191,0,0,14915
39020,3,3,19,26,1,12.340089,1.286140,0,0,14915
39030,1,0,20,22,1,12.341908,1.286350,0,0,14918
39040,1,2,15,19,1,12.343728,1.286540,0,0,14923
39050,2,2,15,20,1,12.345131,1.286720,0,0,14923
39060,0,1,7,9,1,12.345663,1.286792,0,0,14930
39070,0,1,11,13,1,12.345598,1.286830,0,0,14930
39080,0,1,6,8,1,12.346294,1.286899,0,0,14932
39090,2,3,13,19,1,12.346538,1.286900,0,0,14932
39100,1,5,16,23,1,12.348254,1.287065,0,0,14939
39110,1,1,20,23,1,12.349925,1.287270,0,0,14945
39120,3,0,16,20,1,12.350878,1.287314,0,0,14946
39130,0,0,12,13,1,12.352122,1.287474,0,0,14952
39140,2,1,8,12,1,12.351567,1.287413,0,0,14952
39150,1,2,20,24,1,12.353392,1.287528,0,0,14955
39160,0,0,7,8,1,12.353142,1.287519,0,0,14956
39170,1,3,10,15,1,12.353323,1.287551,0,0,14956
39180,0,1,12,14,1,12.353438,1.287573,0,0,14956
39190,6,0,16,23,1,12.355808,1.287799,0,0,14967
39200,1,0,20,22,1,12.358327,1.288096,0,0,14982
39210,2,0,0,3,1,12.357165,1.288053,0,0,14993
39220,0,0,9,10,1,12.355785,1.287916,0,0,14993
39230,6,0,13,20,1,12.354778,1.287753,0,0,14993
39240,3,3,14,21,1,12.356057,1.287896,0,0,14997
39250,1,0,19,21,1,12.357028,1.288004,0,0,14998
39260,0,1,11,13,1,12.358741,1.288189,0,0,15004
39270,1,0,4,6,1,12.357363,1.288045,0,0,15004
39280,4,1,18,24,1,12.355963,1.287865,0,0,15005
39290,4,5,13,23,1,12.358244,1.288123,0,0,15009
39300,1,0,5,7,1,12.357354,1.288068,0,0,15009
39310,0,1,16,18,1,12.358920,1.288258,0,0,15029
39320,3,0,19,23,1,12.360932,1.288447,0,0,15035
39330,0,1,10,12,1,12.362016,1.288529,0,0,15037
39340,0,0,6,7,1,12.361795,1.288543,0,0,15037
39350,1,2,7,11,1,12.359951,1.288389,0,0,15037
39360,3,1,8,13,1,12.361308,1.288519,0,0,15040
39370,0,0,0,0,0,12.359306,1.288338,0,0,15040
39380,0,0,0,1,1,12.356736,1.288090,0,0,15040
39390,0,0,0,0,0,12.353875,1.287850,0,0,15040
39400,2,0,6,9,1,12.351774,1.287593,0,0,15040
39410,0,1,11,13,1,12.351214,1.287470,0,0,15040
39420,0,0,11,12,1,12.352820,1.287650,0,0,15046
39430,1,2,13,17,1,12.352770,1.287601,0,0,15046
39440,0,0,6,7,1,12.354254,1.287718,0,0,15050
39450,0,2,4,7,1,12.352203,1.287528,0,0,15050
39460,0,0,3,4,1,12.350042,1.287329,0,0,15050
39470,0,1,6,8,1,12.349621,1.287309,0,0,15050
39480,0,0,0,1,1,12.348727,1.287256,0,0,15050
39490,3,0,9,13,1,12.346640,1.287045,0,0,15050
39500,0,0,0,0,0,12.344892,1.286887,0,0,15050
39510,0,2,9,12,1,12.342886,1.286626,0,0,15050
39520,1,0,5,7,1,12.342162,1.286561,0,0,15050
39530,0,1,3,5,1,12.341607,1.286523,0,0,15050
39540,0,0,1,2,1,12.339581,1.286291,0,0,15050
39550,0,0,12,13,1,12.337604,1.286061,0,0,15050
39560,0,1,4,6,1,12.335555,1.285905,0,0,15050
39570,3,2,17,23,1,12.335799,1.285883,0,0,15050
39580,1,2,16,20,1,12.338205,1.286140,0,0,15062
39590,0,0,17,18,1,12.339559,1.286264,0,0,15063
39600,1,0,11,13,1,12.339319,1.286222,0,0,15063
39610,0,0,1,2,1,12.337828,1.286107,0,0,15063
39620,0,1,20,22,1,12.337198,1.286007,0,0,15065
39630,2,0,19,22,1,12.339469,1.286288,0,0,15083
39640,0,1,19,21,1,12.340411,1.286359,0,0,15086
39650,0,0,3,4,1,12.340537,1.286375,0,0,15096
39660,1,0,3,5,1,12.339527,1.286239,0,0,15096
39670,1,0,5,7,1,12.337065,1.285965,0,0,15096
39680,0,1,2,4,1,12.336758,1.285923,0,0,15096
39690,1,5,18,25,1,12.338746,1.286089,0,0,15107
39700,4,1,8,14,1,12.341124,1.286401,0,0,15123
39710,7,1,20,29,1,12.343757,1.286645,0,0,15138
39720,1,1,10,13,1,12.346216,1.286925,0,0,15153
39730,0,1,11,13,1,12.348071,1.287125,0,0,15167
39740,0,0,0,1,1,12.347707,1.287076,0,0,15167
39750,0,0,6,7,1,12.345432,1.286879,0,0,15167
39760,0,0,0,1,1,12.344992,1.286806,0,0,15167
39770,0,1,6,8,1,12.343755,1.286701,0,0,15167
39780,1,1,3,6,1,12.342878,1.286633,0,0,15167
39790,0,0,0,1,1,12.341187,1.286450,0,0,15167
39800,0,0,0,0,0,12.339002,1.286211,0,0,15167
39810,0,0,2,3,1,12.336472,1.285954,0,0,15167
39820,1,0,11,13,1,12.334477,1.285776,0,0,15167
39830,0,0,5,6,1,12.334437,1.285735,0,0,15167
39840,2,1,20,24,1,12.333946,1.285599,0,0,15170
39850,5,3,18,27,1,12.336778,1.285945,0,0,15191
39860,0,0,11,12,1,12.338589,1.286113,0,0,15193
39870,0,0,0,1,1,12.336894,1.285950,0,0,15193
39880,0,0,2,3,1,12.336251,1.285899,0,0,15193
39890,1,0,17,19,1,12.335221,1.285795,0,0,15193
39900,1,0,3,5,1,12.334485,1.285708,0,0,15193
39910,0,0,2,3,1,12.332512,1.285509,0,0,15193
39920,3,2,7,13,1,12.332481,1.285459,0,0,15193
39930,0,0,6,7,1,12.333061,1.285529,0,0,15193
39940,0,0,2,3,1,12.332142,1.285416,0,0,15193
39950,0,0,0,1,1,12.330402,1.285214,0,0,15193
39960,1,2,8,12,1,12.328174,1.284992,0,0,15193
39970,1,1,8,11,1,12.328259,1.285007,0,0,15193
39980,1,2,11,15,1,12.326803,1.284842,0,0,15193
39990,0,0,5,6,1,12.325024,1.284690,0,0,15193
40000,0,5,13,19,1,12.324105,1.284591,0,0,15193
40010,0,0,4,5,1,12.323278,1.284491,0,0,15193
40020,1,0,14,16,1,12.323432,1.284473,0,0,15193
40030,1,1,20,23,1,12.325638,1.284679,0,0,15202
40040,4,2,10,17,1,12.327658,1.284893,0,0,15210
40050,1,1,1,4,1,12.327844,1.284943,0,0,15218
40060,0,2,18,21,1,12.328736,1.284995,0,0,15222
40070,0,0,8,9,1,12.329110,1.285051,0,0,15225
40080,1,0,11,13,1,12.328820,1.284987,0,0,15225
40090,3,0,10,14,1,12.327685,1.284868,0,0,15225
40100,1,2,8,12,1,12.327744,1.284848,0,0,15225
40110,0,1,5,7,1,12.326787,1.284748,0,0,15225
40120,2,0,15,18,1,12.327083,1.284742,0,0,15232
40130,2,1,5,9,1,12.326829,1.284665,0,0,15232
40140,4,2,19,26,1,12.328749,1.284822,0,0,15243
40150,0,1,2,4,1,12.329264,1.284885,0,0,15246
40160,0,0,20,21,1,12.328140,1.284754,0,0,15248
40170,2,0,15,18,1,12.329569,1.284927,0,0,15257
40180,0,0,1,2,1,12.330355,1.284988,0,0,15257
40190,0,0,4,5,1,12.329084,1.284829,0,0,15265
40200,0,0,0,1,1,12.327872,1.284713,0,0,15265
40210,5,2,18,26,1,12.328804,1.284780,0,0,15284
40220,1,1,16,19,1,12.331327,1.285066,0,0,15305
40230,0,0,2,3,1,12.331454,1.285092,0,0,15306
40240,0,0,5,6,1,12.329175,1.284884,0,0,15306
40250,0,1,9,11,1,12.327020,1.284666,0,0,15306
40260,0,1,0,2,1,12.325809,1.284567,0,0,15306
40270,0,0,16,17,1,12.324718,1.284436,0,0,15306
40280,0,1,7,9,1,12.324679,1.284415,0,0,15306
40290,0,1,17,19,1,12.325237,1.284424,0,0,15307
40300,2,0,13,16,1,12.325439,1.284451,0,0,15307
40310,0,0,0,1,1,12.325219,1.284445,0,0,15307
40320,3,1,5,10,1,12.325418,1.284455,0,0,15310
40330,0,0,8,9,1,12.323196,1.284237,0,0,15310
40340,0,0,2,3,1,12.320937,1.283985,0,0,15310
40350,1,1,16,19,1,12.320030,1.283850,0,0,15310
40360,0,3,12,16,1,12.321694,1.284023,0,0,15313
40370,1,0,8,10,1,12.321906,1.284049,0,0,15318
40380,0,1,6,8,1,12.321466,1.283980,0,0,15318
40390,1,3,20,25,1,12.322029,1.283995,0,0,15319
40400,0,0,0,0,0,12.322340,1.284064,0,0,15329
40410,0,0,2,3,1,12.319811,1.283830,0,0,15329
40420,0,1,7,9,1,12.318464,1.283623,0,0,15329
40430,0,0,5,6,1,12.316743,1.283480,0,0,15329
40440,2,1,2,6,1,12.315182,1.283317,0,0,15329
40450,0,0,0,0,0,12.313234,1.283127,0,0,15329
40460,0,0,0,0,0,12.311225,1.282941,0,0,15329
40470,0,0,5,6,1,12.310846,1.282865,0,0,15332
40480,0,0,2,3,1,12.308864,1.282678,0,0,15332
40490,0,0,0,1,1,12.306306,1.282488,0,0,15332
40500,0,0,6,7,1,12.304040,1.282268,0,0,15332
40510,0,2,10,13,1,12.303661,1.282212,0,0,15332
40520,4,5,20,30,1,12.306081,1.282480,0,0,15343
40530,1,0,7,9,1,12.306374,1.282576,0,0,15351
40540,1,0,14,16,1,12.307074,1.282663,0,0,15351
40550,2,2,20,25,1,12.309435,1.282915,0,0,15364
40560,6,3,6,16,1,12.311640,1.283138,0,0,15369
40570,1,1,13,16,1,12.314134,1.283424,0,0,15397
40580,0,0,4,5,1,12.312630,1.283307,0,0,15397
40590,1,1,10,13,1,12.310895,1.283113,0,0,15397
40600,0,0,0,1,1,12.308880,1.282916,0,0,15397
40610,1,1,8,11,1,12.308588,1.282882,0,0,15397
40620,0,1,8,10,1,12.307580,1.282770,0,0,15397
40630,0,0,0,1,1,12.305725,1.282583,0,0,15397
40640,0,1,3,5,1,12.304266,1.282427,0,0,15397
40650,1,0,7,9,1,12.302125,1.282211,0,0,15397
40660,0,0,8,9,1,12.300355,1.282042,0,0,15397
40670,0,0,4,5,1,12.300496,1.282064,0,0,15400
40680,0,0,1,2,1,12.298763,1.281879,0,0,15400
40690,0,1,8,10,1,12.296986,1.281638,0,0,15400
40700,0,1,10,12,1,12.298182,1.281759,0,0,15409
40710,1,2,15,19,1,12.299333,1.281853,0,0,15417
40720,0,0,3,4,1,12.298781,1.281798,0,0,15417
40730,0,0,0,1,1,12.296890,1.281647,0,0,15417
40740,3,1,12,17,1,12.294804,1.281403,0,0,15417
40750,0,0,4,5,1,12.295361,1.281478,0,0,15431
40760,0,0,4,5,1,12.293020,1.281253,0,0,15431
40770,0,1,1,3,1,12.291240,1.281064,0,0,15431
40780,0,2,11,14,1,12.290531,1.280967,0,0,15431
40790,0,0,0,1,1,12.288787,1.280824,0,0,15431
40800,0,0,1,2,1,12.287757,1.280704,0,0,15431
40810,1,0,6,8,1,12.286129,1.280547,0,0,15431
40820,0,0,8,9,1,12.285713,1.280474,0,0,15431
40830,0,0,0,1,1,12.284010,1.280296,0,0,15431
40840,1,2,17,21,1,12.285577,1.280427,0,0,15444
40850,0,4,20,25,1,12.287422,1.280635,0,0,15455
40860,3,0,4,8,1,12.286674,1.280570,0,0,15457
40870,1,1,6,9,1,12.287940,1.280741,0,0,15464
40880,2,0,10,13,1,12.287037,1.280634,0,0,15464
40890,1,0,19,21,1,12.288399,1.280759,0,0,15469
40900,1,2,15,19,1,12.290469,1.280965,0,0,15478
40910,2,1,15,19,1,12.291365,1.281055,0,0,15478
40920,1,0,17,19,1,12.293730,1.281292,0,0,15499
40930,0,1,15,17,1,12.295343,1.281447,0,0,15505
40940,2,0,10,13,1,12.296118,1.281540,0,0,15505
40950,0,1,7,9,1,12.294645,1.281403,0,0,15505
40960,3,0,19,23,1,12.294571,1.281372,0,0,15508
40970,2,2,13,18,1,12.296750,1.281576,0,0,15518
40980,1,4,20,26,1,12.298372,1.281729,0,0,15523
40990,2,0,17,20,1,12.300325,1.281958,0,0,15525
41000,2,0,11,14,1,12.302948,1.282280,0,0,15538
41010,1,1,9,12,1,12.302933,1.282285,0,0,15538
41020,0,0,17,18,1,12.305093,1.282517,0,0,15548
41030,1,3,7,12,1,12.306356,1.282612,0,0,15553
41040,0,0,3,4,1,12.305121,1.282493,0,0,15553
41050,2,1,4,8,1,12.303789,1.282302,0,0,15553
41060,3,2,7,13,1,12.302191,1.282142,0,0,15553
41070,0,0,4,5,1,12.300006,1.281979,0,0,15553
41080,0,1,1,3,1,12.297883,1.281806,0,0,15553
41090,0,1,2,4,1,12.295457,1.281553,0,0,15553
41100,3,0,15,19,1,12.295671,1.281562,0,0,15558
41110,3,0,19,23,1,12.297373,1.281743,0,0,15567
41120,2,2,17,22,1,12.299555,1.282012,0,0,15590
41130,0,0,3,4,1,12.298640,1.281975,0,0,15594
41140,0,2,6,9,1,12.296675,1.281744,0,0,15594
41150,0,1,19,21,1,12.297480,1.281815,0,0,15598
41160,0,1,5,7,1,12.297147,1.281767,0,0,15598
41170,1,2,20,24,1,12.298560,1.281898,0,0,15610
41180,3,2,12,18,1,12.300646,1.282115,0,0,15627
41190,4,2,11,18,1,12.302792,1.282358,0,0,15639
41200,3,9,19,32,1,12.305602,1.282654,0,0,15657
41210,3,1,13,18,1,12.307496,1.282848,0,0,15679
41220,6,0,10,17,1,12.309463,1.283069,0,0,15687
41230,2,3,20,26,1,12.310034,1.283132,0,0,15697
41240,0,0,3,4,1,12.312790,1.283471,0,0,15717
41250,2,0,19,22,1,12.313770,1.283563,0,0,15729
41260,0,3,18,22,1,12.316415,1.283871,0,0,15752
41270,0,0,6,7,1,12.315913,1.283867,0,0,15754
41280,3,0,3,7,1,12.313821,1.283652,0,0,15754
41290,4,7,20,32,1,12.313991,1.283608,0,0,15757
41300,0,1,20,22,1,12.316629,1.283954,0,0,15791
41310,0,0,6,7,1,12.316484,1.283977,0,0,15795
41320,0,2,7,10,1,12.315205,1.283821,0,0,15795
41330,1,0,1,3,1,12.314210,1.283727,0,0,15795
41340,0,0,5,6,1,12.311791,1.283491,0,0,15795
41350,0,3,6,10,1,12.311265,1.283465,0,0,15795
41360,0,1,9,11,1,12.310044,1.283327,0,0,15795
41370,0,0,14,15,1,12.310046,1.283340,0,0,15795
41380,1,2,20,24,1,12.311149,1.283442,0,0,15806
41390,3,1,13,18,1,12.313070,1.283610,0,0,15815
41400,1,4,20,26,1,12.315380,1.283841,0,0,15825
41410,1,1,13,16,1,12.316724,1.283997,0,0,15829
41420,1,3,18,23,1,12.318600,1.284185,0,0,15850
41430,1,0,9,11,1,12.319343,1.284276,0,0,15850
41440,0,0,0,1,1,12.319081,1.284232,0,0,15850
41450,0,0,13,14,1,12.317258,1.284038,0,0,15850
41460,3,2,10,16,1,12.317100,1.283986,0,0,15850
41470,0,0,1,2,1,12.315968,1.283868,0,0,15850
41480,1,2,13,17,1,12.314431,1.283727,0,0,15850
41490,2,2,18,23,1,12.316356,1.283905,0,0,15852
41500,0,0,19,20,1,12.318602,1.284148,0,0,15870
41510,0,0,3,4,1,12.319494,1.284231,0,0,15873
41520,0,1,14,16,1,12.318158,1.284066,0,0,15873
41530,0,0,8,9,1,12.317375,1.283949,0,0,15873
41540,6,2,14,23,1,12.319241,1.284146,0,0,15891
41550,2,2,8,13,1,12.321724,1.284418,0,0,15903
41560,0,1,12,14,1,12.320233,1.284285,0,0,15903
41570,1,2,5,9,1,12.320295,1.284313,0,0,15903
41580,1,0,10,12,1,12.318470,1.284100,0,0,15903
41590,2,4,15,22,1,12.317386,1.283978,0,0,15903
41600,1,0,8,10,1,12.318156,1.284070,0,0,15909
41610,2,1,19,23,1,12.319481,1.284199,0,0,15919
41620,1,2,10,14,1,12.320185,1.284259,0,0,15919
41630,1,3,14,19,1,12.320188,1.284256,0,0,15923
41640,0,4,11,16,1,12.321668,1.284429,0,0,15924
41650,0,0,1,2,1,12.321115,1.284394,0,0,15924
41660,2,2,9,14,1,12.320399,1.284306,0,0,15924
41670,0,1,9,11,1,12.321123,1.284346,0,0,15925
41680,1,0,15,17,1,12.320937,1.284298,0,0,15930
41690,2,2,14,19,1,12.321970,1.284411,0,0,15932
41700,3,1,10,15,1,12.323247,1.284564,0,0,15935
41710,2,2,9,14,1,12.324245,1.284651,0,0,15943
41720,0,0,0,1,1,12.322224,1.284479,0,0,15943
41730,2,1,9,13,1,12.322097,1.284427,0,0,15943
41740,4,1,19,25,1,12.320998,1.284293,0,0,15943
41750,0,2,13,16,1,12.323394,1.284571,0,0,15953
41760,0,2,6,9,1,12.325026,1.284722,0,0,15957
41770,1,3,20,25,1,12.326080,1.284829,0,0,15963
41780,0,1,7,9,1,12.326991,1.284939,0,0,15964
41790,2,4,20,27,1,12.326737,1.284881,0,0,15964
41800,2,1,16,20,1,12.329123,1.285168,0,0,15983
41810,0,2,17,20,1,12.331379,1.285422,0,0,15998
41820,1,0,1,3,1,12.330343,1.285365,0,0,15998
41830,0,1,7,9,1,12.328842,1.285202,0,0,15998
41840,1,0,3,5,1,12.329090,1.285205,0,0,16000
41850,0,0,16,17,1,12.328309,1.285114,0,0,16000
41860,0,0,1,2,1,12.326937,1.285041,0,0,16004
41870,0,0,8,9,1,12.327692,1.285110,0,0,16007
41880,2,3,9,15,1,12.326200,1.284948,0,0,16007
41890,0,2,6,9,1,12.326703,1.285016,0,0,16009
41900,2,0,4,7,1,12.324818,1.284809,0,0,16009
41910,1,1,11,14,1,12.324920,1.284817,0,0,16014
41920,3,1,11,16,1,12.326444,1.284953,0,0,16017
41930,0,0,0,1,1,12.325371,1.284857,0,0,16017
41940,1,0,9,11,1,12.325037,1.284809,0,0,16017
41950,0,1,7,9,1,12.323470,1.284636,0,0,16017
41960,1,0,20,22,1,12.324998,1.284804,0,0,16040
41970,1,3,7,12,1,12.326051,1.284895,0,0,16041
41980,0,1,9,11,1,12.324428,1.284760,0,0,16041
41990,0,0,8,9,1,12.323525,1.284673,0,0,16041
42000,1,0,19,21,1,12.322986,1.284597,0,0,16041
42010,4,1,19,25,1,12.325820,1.284902,0,0,16071
42020,0,0,11,12,1,12.327018,1.285023,0,0,16074
42030,0,4,7,12,1,12.326396,1.284901,0,0,16074
42040,0,0,6,7,1,12.327629,1.285058,0,0,16082
42050,0,0,5,6,1,12.326104,1.284902,0,0,16082
42060,0,0,0,0,0,12.323828,1.284703,0,0,16082
42070,0,0,0,0,0,12.321534,1.284511,0,0,16082
42080,1,2,12,16,1,12.320450,1.284334,0,0,16082
42090,0,0,10,11,1,12.321056,1.284375,0,0,16082
42100,0,0,6,7,1,12.319994,1.284242,0,0,16082
42110,0,1,4,6,1,12.318220,1.284044,0,0,16082
42120,0,0,4,5,1,12.316308,1.283863,0,0,16082
42130,1,2,18,22,1,12.317315,1.283876,0,0,16085
42140,0,2,15,18,1,12.319091,1.284080,0,0,16096
42150,1,0,9,11,1,12.318913,1.284077,0,0,16097
42160,3,2,18,24,1,12.320724,1.284237,0,0,16113
42170,2,1,17,21,1,12.322843,1.284477,0,0,16120
42180,1,1,13,16,1,12.324747,1.284672,0,0,16127
42190,0,1,2,4,1,12.324119,1.284597,0,0,16127
42200,1,1,6,9,1,12.322055,1.284435,0,0,16127
42210,0,0,1,2,1,12.319822,1.284275,0,0,16127
42220,0,1,5,7,1,12.318235,1.284094,0,0,16127
42230,0,1,19,21,1,12.320461,1.284294,0,0,16135
42240,1,0,3,5,1,12.320672,1.284382,0,0,16143
42250,1,3,16,21,1,12.321798,1.284486,0,0,16146
42260,3,3,14,21,1,12.324323,1.284772,0,0,16162
42270,0,2,3,6,1,12.324773,1.284847,0,0,16162
42280,2,1,6,10,1,12.323406,1.284676,0,0,16162
42290,0,0,17,18,1,12.324031,1.284750,0,0,16166
42300,0,0,5,6,1,12.326287,1.285020,0,0,16192
42310,0,0,9,10,1,12.325391,1.284895,0,0,16192
42320,1,0,7,9,1,12.323559,1.284716,0,0,16192
42330,0,0,14,15,1,12.321875,1.284486,0,0,16192
42340,0,0,0,0,0,12.320684,1.284353,0,0,16192
42350,1,0,9,11,1,12.320850,1.284322,0,0,16192
42360,0,0,1,2,1,12.320694,1.284322,0,0,16192
42370,0,1,9,11,1,12.318618,1.284121,0,0,16192
42380,1,3,16,21,1,12.320032,1.284274,0,0,16199
42390,1,2,17,21,1,12.322977,1.284613,0,0,16228
42400,7,2,19,29,1,12.324016,1.284676,0,0,16228
42410,2,3,10,16,1,12.325584,1.284890,0,0,16231
42420,3,0,9,13,1,12.327223,1.285070,0,0,16244
42430,0,4,20,25,1,12.328364,1.285186,0,0,16251
42440,0,6,20,27,1,12.331057,1.285482,0,0,16277
42450,1,0,2,4,1,12.329891,1.285367,0,0,16278
42460,0,0,0,0,0,12.329687,1.285329,0,0,16281
42470,1,1,13,16,1,12.329291,1.285234,0,0,16282
42480,3,0,8,12,1,12.329284,1.285243,0,0,16282
42490,0,3,16,20,1,12.328430,1.285135,0,0,16282
42500,6,2,11,20,1,12.329974,1.285305,0,0,16285
42510,0,0,0,1,1,12.329332,1.285260,0,0,16285
42520,1,1,3,6,1,12.326989,1.284999,0,0,16285
42530,1,2,4,8,1,12.326255,1.284904,0,0,16285
42540,1,1,5,8,1,12.324932,1.284785,0,0,16285
42550,0,0,8,9,1,12.326032,1.284871,0,0,16285
42560,1,0,6,8,1,12.324719,1.284737,0,0,16285
42570,2,0,5,8,1,12.323456,1.284586,0,0,16285
42580,0,0,0,1,1,12.322308,1.284466,0,0,16285
42590,0,0,2,3,1,12.320316,1.284246,0,0,16285
42600,0,0,0,1,1,12.318806,1.284060,0,0,16285
42610,5,0,5,11,1,12.316898,1.283833,0,0,16285
42620,0,2,14,17,1,12.317315,1.283860,0,0,16285
42630,0,0,0,0,0,12.316715,1.283816,0,0,16285
42640,0,3,13,17,1,12.316584,1.283865,0,0,16285
42650,2,6,18,27,1,12.319090,1.284092,0,0,16297
42660,0,1,13,15,1,12.321123,1.284357,0,0,16308
42670,0,0,0,0,0,12.319723,1.284254,0,0,16308
42680,0,0,0,1,1,12.317578,1.284037,0,0,16308
42690,2,1,8,12,1,12.315671,1.283825,0,0,16308
42700,0,2,8,11,1,12.316051,1.283852,0,0,16308
42710,1,0,1,3,1,12.313919,1.283686,0,0,16308
42720,0,0,0,1,1,12.311564,1.283469,0,0,16308
42730,0,0,9,10,1,12.310394,1.283356,0,0,16308
42740,1,0,4,6,1,12.308128,1.283160,0,0,16308
42750,1,1,6,9,1,12.308827,1.283223,0,0,16314
42760,0,0,11,12,1,12.308558,1.283192,0,0,16314
42770,0,0,1,2,1,12.307339,1.283024,0,0,16314
42780,0,2,12,15,1,12.306522,1.282932,0,0,16314
42790,1,3,14,19,1,12.308026,1.283086,0,0,16314
42800,1,0,7,9,1,12.309496,1.283223,0,0,16317
42810,1,0,10,12,1,12.307569,1.283003,0,0,16317
42820,0,3,0,4,1,12.306660,1.282883,0,0,16317
42830,0,0,3,4,1,12.304781,1.282650,0,0,16317
42840,0,0,1,2,1,12.302806,1.282490,0,0,16317
42850,0,0,1,2,1,12.300600,1.282273,0,0,16317
42860,4,0,11,16,1,12.298811,1.282023,0,0,16317
42870,2,1,9,13,1,12.300512,1.282229,0,0,16324
42880,0,0,0,1,1,12.301877,1.282421,0,0,16334
42890,0,0,4,5,1,12.299404,1.282203,0,0,16334
42900,1,2,10,14,1,12.297371,1.281982,0,0,16334
42910,0,0,4,5,1,12.296593,1.281966,0,0,16334
42920,0,1,13,15,1,12.296115,1.281869,0,0,16334
42930,0,0,0,0,0,12.295733,1.281816,0,0,16334
42940,5,0,18,24,1,12.296470,1.281902,0,0,16340
42950,0,2,15,18,1,12.298991,1.282184,0,0,16367
42960,0,1,18,20,1,12.300774,1.282382,0,0,16381
42970,2,1,20,24,1,12.303704,1.282724,0,0,16420
42980,2,0,15,18,1,12.305621,1.282949,0,0,16434
42990,1,4,12,18,1,12.307214,1.283108,0,0,16439
43000,1,2,19,23,1,12.307692,1.283167,0,0,16441
43010,5,5,14,25,1,12.310415,1.283488,0,0,16460
43020,4,2,16,23,1,12.312306,1.283704,0,0,16478
43030,1,0,2,4,1,12.312911,1.283785,0,0,16478
43040,0,1,18,20,1,12.312072,1.283666,0,0,16479
43050,0,1,9,11,1,12.313804,1.283884,0,0,16491
43060,0,1,2,4,1,12.311471,1.283678,0,0,16491
43070,3,1,18,23,1,12.312377,1.283716,0,0,16498
43080,3,1,20,25,1,12.314799,1.284002,0,0,16527
43090,1,0,16,18,1,12.316216,1.284193,0,0,16535
43100,2,0,11,14,1,12.316577,1.284212,0,0,16535
43110,0,3,4,8,1,12.316183,1.284130,0,0,16535
43120,2,1,16,20,1,12.317032,1.284181,0,0,16539
43130,0,0,7,8,1,12.317627,1.284277,0,0,16550
43140,2,0,8,11,1,12.316029,1.284107,0,0,16550
43150,0,0,2,3,1,12.314897,1.283973,0,0,16550
43160,0,0,0,1,1,12.312991,1.283750,0,0,16550
43170,0,1,0,2,1,12.310803,1.283577,0,0,16550
43180,0,0,4,5,1,12.309566,1.283479,0,0,16550
43190,1,0,5,7,1,12.308211,1.283328,0,0,16550
43200,1,2,10,14,1,12.307196,1.283169,0,0,16550
43210,4,3,8,16,1,12.308338,1.283279,0,0,16551
43220,2,3,17,23,1,12.309658,1.283438,0,0,16556
43230,1,1,7,10,1,12.311207,1.283648,0,0,16567
43240,2,0,6,9,1,12.311966,1.283668,0,0,16567
43250,0,0,0,1,1,12.310065,1.283507,0,0,16567
43260,0,4,13,18,1,12.308972,1.283380,0,0,16567
43270,3,0,9,13,1,12.310304,1.283513,0,0,16568
43280,0,0,9,10,1,12.310698,1.283566,0,0,16571
43290,0,1,17,19,1,12.311017,1.283574,0,0,16571
43300,0,0,6,7,1,12.312446,1.283711,0,0,16572
43310,0,0,9,10,1,12.311973,1.283636,0,0,16572
43320,0,3,8,12,1,12.311632,1.283604,0,0,16572
43330,0,0,1,2,1,12.309250,1.283395,0,0,16572
43340,1,0,0,2,1,12.307601,1.283201,0,0,16572
43350,1,1,11,14,1,12.308473,1.283308,0,0,16575
43360,1,1,18,21,1,12.308599,1.283302,0,0,16575
43370,1,1,20,23,1,12.310415,1.283482,0,0,16590
43380,1,2,19,23,1,12.312571,1.283765,0,0,16616
43390,0,0,17,18,1,12.313231,1.283836,0,0,16620
43400,5,2,19,27,1,12.314759,1.283977,0,0,16622
43410,3,0,17,21,1,12.316955,1.284224,0,0,16636
43420,0,0,17,18,1,12.318713,1.284401,0,0,16641
43430,0,0,1,2,1,12.319132,1.284478,0,0,16646
43440,1,2,7,11,1,12.317306,1.284266,0,0,16646
43450,0,2,7,10,1,12.316314,1.284175,0,0,16646
43460,0,0,9,10,1,12.314578,1.284000,0,0,16646
43470,2,2,17,22,1,12.315753,1.284076,0,0,16655
43480,1,0,11,13,1,12.316915,1.284175,0,0,16661
43490,1,0,5,7,1,12.315472,1.284064,0,0,16661
43500,1,0,3,5,1,12.313897,1.283931,0,0,16661
43510,0,0,3,4,1,12.311986,1.283777,0,0,16661
43520,2,1,13,17,1,12.310252,1.283596,0,0,16661
43530,3,1,19,24,1,12.311474,1.283699,0,0,16664
43540,0,0,8,9,1,12.311774,1.283699,0,0,16664
43550,0,0,16,17,1,12.312712,1.283790,0,0,16676
43560,2,0,7,10,1,12.314490,1.283966,0,0,16679
43570,0,0,0,0,0,12.312879,1.283807,0,0,16679
43580,0,1,9,11,1,12.311943,1.283731,0,0,16679
43590,0,0,3,4,1,12.311130,1.283676,0,0,16679
43600,1,0,0,2,1,12.309826,1.283534,0,0,16679
43610,2,0,8,11,1,12.308885,1.283389,0,0,16679
43620,1,2,20,24,1,12.309889,1.283475,0,0,16679
43630,1,1,12,15,1,12.311455,1.283660,0,0,16693
43640,1,1,6,9,1,12.311432,1.283679,0,0,16693
43650,1,1,9,12,1,12.310987,1.283666,0,0,16693
43660,0,2,11,14,1,12.309381,1.283489,0,0,16693
43670,0,1,3,5,1,12.308317,1.283347,0,0,16693
43680,1,1,15,18,1,12.306499,1.283127,0,0,16693
43690,0,1,12,14,1,12.305079,1.282944,0,0,16693
43700,1,0,7,9,1,12.304328,1.282878,0,0,16693
43710,0,0,2,3,1,12.303519,1.282836,0,0,16693
43720,0,2,12,15,1,12.303330,1.282770,0,0,16693
43730,2,2,7,12,1,12.301911,1.282607,0,0,16693
43740,1,2,8,12,1,12.302480,1.282654,0,0,16693
43750,5,2,15,23,1,12.304526,1.282855,0,0,16706
43760,2,3,20,26,1,12.306721,1.283092,0,0,16722
43770,0,0,12,13,1,12.309273,1.283419,0,0,16752
43780,1,0,3,5,1,12.309779,1.283472,0,0,16752
43790,0,2,14,17,1,12.308987,1.283374,0,0,16752
43800,2,1,18,22,1,12.310282,1.283512,0,0,16755
43810,0,1,12,14,1,12.311331,1.283624,0,0,16758
43820,2,1,19,23,1,12.312680,1.283685,0,0,16761
43830,1,1,12,15,1,12.313843,1.283790,0,0,16768
43840,1,1,5,8,1,12.314882,1.283880,0,0,16777
43850,1,1,12,15,1,12.315582,1.283950,0,0,16782
43860,1,0,17,19,1,12.316987,1.284050,0,0,16782
43870,0,0,12,13,1,12.318713,1.284233,0,0,16794
43880,0,0,3,4,1,12.317259,1.284109,0,0,16794
43890,0,0,3,4,1,12.315148,1.283922,0,0,16794
43900,0,2,19,22,1,12.315586,1.283897,0,0,16797
43910,5,0,15,21,1,12.317701,1.284133,0,0,16809
43920,1,0,3,5,1,12.317191,1.284070,0,0,16816
43930,0,1,17,19,1,12.317784,1.284129,0,0,16821
43940,1,0,5,7,1,12.319249,1.284296,0,0,16829
43950,2,0,9,12,1,12.317432,1.284067,0,0,16829
43960,0,3,12,16,1,12.318502,1.284181,0,0,16839
43970,1,2,7,11,1,12.317383,1.284080,0,0,16839
43980,0,0,9,10,1,12.317300,1.284056,0,0,16839
43990,2,0,19,22,1,12.318725,1.284171,0,0,16849
44000,1,3,13,18,1,12.318977,1.284191,0,0,16854
44010,0,5,20,26,1,12.320278,1.284329,0,0,16857
44020,3,6,17,27,1,12.323456,1.284675,0,0,16872
44030,2,1,8,12,1,12.325408,1.284909,0,0,16886
44040,1,0,0,2,1,12.323622,1.284732,0,0,16886
44050,1,1,19,22,1,12.322713,1.284594,0,0,16886
44060,0,0,1,2,1,12.323784,1.284724,0,0,16890
44070,0,0,0,0,0,12.321781,1.284530,0,0,16890
44080,2,0,9,12,1,12.320911,1.284442,0,0,16890
44090,0,0,0,0,0,12.320041,1.284397,0,0,16890
44100,2,1,8,12,1,12.318700,1.284275,0,0,16890
44110,0,0,20,21,1,12.319188,1.284365,0,0,16900
44120,1,2,14,18,1,12.321421,1.284619,0,0,16931
44130,2,0,4,7,1,12.319945,1.284510,0,0,16931
44140,0,0,7,8,1,12.319756,1.284463,0,0,16931
44150,1,0,18,20,1,12.319407,1.284417,0,0,16931
44160,0,0,1,2,1,12.318506,1.284383,0,0,16931
44170,0,1,4,6,1,12.316380,1.284192,0,0,16931
44180,0,2,15,18,1,12.314858,1.284033,0,0,16931
44190,1,1,12,15,1,12.316812,1.284261,0,0,16938
44200,2,1,19,23,1,12.317051,1.284237,0,0,16940
44210,0,1,16,18,1,12.318530,1.284354,0,0,16946
44220,2,1,17,21,1,12.320040,1.284508,0,0,16948
44230,4,1,11,17,1,12.321651,1.284700,0,0,16950
44240,1,1,4,7,1,12.321047,1.284649,0,0,16950
44250,0,0,3,4,1,12.319885,1.284504,0,0,16950
44260,0,0,0,0,0,12.318432,1.284355,0,0,16950
44270,0,0,1,2,1,12.316665,1.284158,0,0,16950
44280,1,0,4,6,1,12.314601,1.283910,0,0,16950
44290,0,0,0,1,1,12.312626,1.283749,0,0,16950
44300,0,0,0,0,0,12.310499,1.283524,0,0,16950
44310,0,0,12,13,1,12.309201,1.283358,0,0,16950
44320,0,2,10,13,1,12.310150,1.283429,0,0,16950
44330,0,0,4,5,1,12.310258,1.283389,0,0,16950
44340,2,4,12,19,1,12.310952,1.283440,0,0,16962
44350,0,1,19,21,1,12.311092,1.283457,0,0,16962
44360,1,0,8,10,1,12.311074,1.283458,0,0,16965
44370,0,0,15,16,1,12.310213,1.283359,0,0,16965
44380,0,0,2,3,1,12.308402,1.283194,0,0,16965
44390,3,0,7,11,1,12.307955,1.283136,0,0,16969
44400,2,1,14,18,1,12.309409,1.283257,0,0,16973
44410,1,0,20,22,1,12.309754,1.283302,0,0,16979
44420,1,3,15,20,1,12.311856,1.283535,0,0,16990
44430,0,0,0,0,0,12.312732,1.283678,0,0,16997
44440,0,0,12,13,1,12.312785,1.283626,0,0,17003
44450,0,0,2,3,1,12.312122,1.283584,0,0,17003
44460,0,0,4,5,1,12.312041,1.283602,0,0,17003
44470,3,1,12,17,1,12.311689,1.283538,0,0,17005
44480,0,0,0,1,1,12.310054,1.283391,0,0,17005
44490,0,0,7,8,1,12.308729,1.283199,0,0,17005
44500,5,1,19,26,1,12.310410,1.283386,0,0,17032
44510,0,4,19,24,1,12.312530,1.283631,0,0,17049
44520,0,1,17,19,1,12.314004,1.283790,0,0,17053
44530,2,2,14,19,1,12.315874,1.284012,0,0,17070
44540,0,1,9,11,1,12.316495,1.284058,0,0,17070
44550,0,0,0,1,1,12.314810,1.283903,0,0,17070
44560,1,0,12,14,1,12.314589,1.283823,0,0,17070
44570,2,7,18,28,1,12.317464,1.284120,0,0,17088
44580,1,0,19,21,1,12.320925,1.284531,0,0,17109
44590,2,1,17,21,1,12.322498,1.284659,0,0,17111
44600,1,1,16,19,1,12.323447,1.284743,0,0,17111
44610,1,0,12,14,1,12.323076,1.284686,0,0,17111
44620,1,3,15,20,1,12.324641,1.284855,0,0,17119
44630,3,2,14,20,1,12.326242,1.285009,0,0,17119
44640,0,0,3,4,1,12.326039,1.285024,0,0,17121
44650,0,0,5,6,1,12.323765,1.284832,0,0,17121
44660,1,3,16,21,1,12.324511,1.284915,0,0,17126
44670,1,0,14,16,1,12.325951,1.285122,0,0,17137
44680,2,1,17,21,1,12.327717,1.285312,0,0,17149
44690,1,1,16,19,1,12.329591,1.285558,0,0,17165
44700,0,1,18,20,1,12.331218,1.285724,0,0,17173
44710,0,4,14,19,1,12.333148,1.285922,0,0,17180
44720,1,0,13,15,1,12.333597,1.285966,0,0,17180
44730,5,4,14,24,1,12.335143,1.286079,0,0,17180
44740,1,1,17,20,1,12.337610,1.286369,0,0,17189
44750,2,4,16,23,1,12.340327,1.286673,0,0,17205
44760,1,1,12,15,1,12.342143,1.286847,0,0,17215
44770,0,0,3,4,1,12.341124,1.286791,0,0,17215
44780,5,0,18,24,1,12.341129,1.286800,0,0,17229
44790,3,2,14,20,1,12.342136,1.286923,0,0,17236
44800,2,2,15,20,1,12.342198,1.286923,0,0,17236
44810,1,0,6,8,1,12.342848,1.287015,0,0,17236
44820,0,0,2,3,1,12.341394,1.286878,0,0,17236
44830,3,0,4,8,1,12.339331,1.286686,0,0,17236
44840,0,1,5,7,1,12.337942,1.286565,0,0,17236
44850,0,0,0,0,0,12.335922,1.286381,0,0,17236
44860,0,2,14,17,1,12.334261,1.286157,0,0,17236
44870,2,1,20,24,1,12.336056,1.286338,0,0,17243
44880,0,0,10,11,1,12.337704,1.286566,0,0,17246
44890,0,2,7,10,1,12.337046,1.286455,0,0,17246
44900,0,0,5,6,1,12.336341,1.286399,0,0,17246
44910,2,0,16,19,1,12.335381,1.286254,0,0,17246
44920,3,3,14,21,1,12.336342,1.286336,0,0,17250
44930,0,0,8,9,1,12.336048,1.286320,0,0,17250
44940,1,1,6,9,1,12.335981,1.286301,0,0,17250
44950,2,3,20,26,1,12.335846,1.286293,0,0,17252
44960,2,6,12,21,1,12.338083,1.286609,0,0,17269
44970,1,2,15,19,1,12.339504,1.286748,0,0,17273
44980,3,5,10,19,1,12.339978,1.286755,0,0,17273
44990,0,2,14,17,1,12.340447,1.286810,0,0,17273
45000,3,0,18,22,1,12.339936,1.286756,0,0,17274
45010,0,2,6,9,1,12.340592,1.286824,0,0,17275
45020,6,1,11,19,1,12.341059,1.286864,0,0,17281
45030,0,3,8,12,1,12.342326,1.287011,0,0,17288
45040,0,0,0,0,0,12.341531,1.286930,0,0,17288
45050,0,2,2,5,1,12.339807,1.286747,0,0,17288
45060,0,0,5,6,1,12.339628,1.286708,0,0,17288
45070,2,1,18,22,1,12.339742,1.286663,0,0,17302
45080,0,0,20,21,1,12.341635,1.286860,0,0,17312
45090,0,0,14,15,1,12.343235,1.287050,0,0,17316
45100,1,0,17,19,1,12.345144,1.287258,0,0,17338
45110,1,3,11,16,1,12.346780,1.287401,0,0,17353
45120,3,2,17,23,1,12.347410,1.287446,0,0,17353
45130,0,1,15,17,1,12.348142,1.287510,0,0,17360
45140,1,0,19,21,1,12.349400,1.287626,0,0,17364
45150,0,2,16,19,1,12.351640,1.287898,0,0,17390
45160,1,2,15,19,1,12.352797,1.287977,0,0,17390
45170,0,1,2,4,1,12.352640,1.287987,0,0,17390
45180,0,0,0,1,1,12.351047,1.287847,0,0,17390
45190,1,0,16,18,1,12.351598,1.287881,0,0,17391
45200,0,2,19,22,1,12.354149,1.288128,0,0,17411
45210,0,0,12,13,1,12.353832,1.288107,0,0,17411
45220,0,0,2,3,1,12.352029,1.287931,0,0,17411
45230,2,3,15,21,1,12.352090,1.287934,0,0,17413
45240,4,4,13,22,1,12.354584,1.288196,0,0,17425
45250,4,1,15,21,1,12.356116,1.288365,0,0,17434
45260,0,3,8,12,1,12.357659,1.288531,0,0,17442
45270,1,2,7,11,1,12.357878,1.288524,0,0,17445
45280,1,1,4,7,1,12.356682,1.288420,0,0,17445
45290,0,0,10,11,1,12.356405,1.288379,0,0,17445
45300,0,0,0,1,1,12.354540,1.288181,0,0,17445
45310,0,0,0,0,0,12.352590,1.287993,0,0,17445
45320,0,0,4,5,1,12.351368,1.287865,0,0,17445
45330,2,0,15,18,1,12.351465,1.287848,0,0,17449
45340,0,2,20,23,1,12.353265,1.288038,0,0,17461
45350,2,0,10,13,1,12.354115,1.288153,0,0,17461
45360,0,1,12,14,1,12.354140,1.288138,0,0,17461
45370,3,3,4,11,1,12.352924,1.288017,0,0,17461
45380,3,3,18,25,1,12.354134,1.288134,0,0,17468
45390,0,0,2,3,1,12.354291,1.288182,0,0,17474
45400,0,0,0,1,1,12.352560,1.287981,0,0,17474
45410,3,0,5,9,1,12.351009,1.287837,0,0,17474
45420,1,0,9,11,1,12.350002,1.287717,0,0,17474
45430,0,1,4,6,1,12.348026,1.287519,0,0,17474
45440,0,0,0,0,0,12.346090,1.287347,0,0,17474
45450,0,1,3,5,1,12.343894,1.287097,0,0,17474
45460,0,0,0,0,0,12.341791,1.286927,0,0,17474
45470,0,0,0,1,1,12.339503,1.286712,0,0,17474
45480,2,2,15,20,1,12.339057,1.286621,0,0,17475
45490,1,0,7,9,1,12.340145,1.286725,0,0,17478
45500,0,0,0,0,0,12.338114,1.286554,0,0,17478
45510,1,3,18,23,1,12.337261,1.286430,0,0,17478
45520,0,0,4,5,1,12.336772,1.286414,0,0,17478
45530,2,0,10,13,1,12.337521,1.286456,0,0,17483
45540,0,0,0,0,0,12.335644,1.286325,0,0,17483
45550,0,1,8,10,1,12.334086,1.286171,0,0,17483
45560,0,0,8,9,1,12.333306,1.286087,0,0,17483
45570,0,1,9,11,1,12.333109,1.286036,0,0,17483
45580,3,0,6,10,1,12.332760,1.286011,0,0,17483
45590,0,2,20,23,1,12.334746,1.286177,0,0,17502
45600,0,0,3,4,1,12.334093,1.286156,0,0,17507
45610,0,2,14,17,1,12.332316,1.285958,0,0,17507
45620,3,0,8,12,1,12.331992,1.285921,0,0,17507
45630,4,2,20,27,1,12.333547,1.286010,0,0,17510
45640,5,3,19,28,1,12.336522,1.286343,0,0,17539
45650,2,2,19,24,1,12.339452,1.286675,0,0,17556
45660,0,0,13,14,1,12.340192,1.286743,0,0,17562
45670,0,0,0,1,1,12.339798,1.286710,0,0,17562
45680,0,2,3,6,1,12.337872,1.286468,0,0,17562
45690,0,1,1,3,1,12.336548,1.286318,0,0,17562
45700,0,0,5,6,1,12.335217,1.286173,0,0,17562
45710,2,3,13,19,1,12.335732,1.286186,0,0,17562
45720,2,4,19,26,1,12.338232,1.286458,0,0,17582
45730,3,2,13,19,1,12.340458,1.286736,0,0,17600
45740,0,0,0,1,1,12.339568,1.286661,0,0,17600
45750,0,0,2,3,1,12.337480,1.286478,0,0,17600
45760,0,0,12,13,1,12.336006,1.286315,0,0,17600
45770,1,1,6,9,1,12.337601,1.286476,0,0,17603
45780,1,1,3,6,1,12.335658,1.286328,0,0,17603
45790,4,1,16,22,1,12.336082,1.286349,0,0,17604
45800,0,0,3,4,1,12.336824,1.286470,0,0,17610
45810,0,2,3,6,1,12.334938,1.286273,0,0,17610
45820,2,1,20,24,1,12.334906,1.286263,0,0,17611
45830,1,0,5,7,1,12.334450,1.286227,0,0,17611
45840,1,0,11,13,1,12.335355,1.286333,0,0,17615
45850,5,4,16,26,1,12.336712,1.286442,0,0,17618
45860,3,0,9,13,1,12.338222,1.286620,0,0,17624
45870,0,0,6,7,1,12.336641,1.286498,0,0,17624
45880,0,0,0,0,0,12.335208,1.286354,0,0,17624
45890,1,0,4,6,1,12.333609,1.286176,0,0,17624
45900,2,3,17,23,1,12.334239,1.286241,0,0,17646
45910,0,5,14,20,1,12.336648,1.286515,0,0,17658
45920,2,1,15,19,1,12.338281,1.286685,0,0,17663
45930,3,3,20,27,1,12.340322,1.286872,0,0,17678
45940,2,8,20,31,1,12.342866,1.287154,0,0,17707
45950,0,0,13,14,1,12.345420,1.287464,0,0,17731
45960,1,0,9,11,1,12.345596,1.287482,0,0,17731
45970,0,1,2,4,1,12.345177,1.287420,0,0,17731
45980,0,2,5,8,1,12.343533,1.287237,0,0,17731
45990,1,1,6,9,1,12.342904,1.287162,0,0,17731
46000,0,1,3,5,1,12.341415,1.287039,0,0,17731
46010,1,0,11,13,1,12.339485,1.286875,0,0,17731
46020,0,0,12,13,1,12.337993,1.286751,0,0,17731
46030,0,0,0,0,0,12.336200,1.286576,0,0,17731
46040,5,4,7,17,1,12.336039,1.286518,0,0,17731
46050,0,0,10,11,1,12.336945,1.286626,0,0,17731
46060,1,0,12,14,1,12.335374,1.286442,0,0,17731
46070,0,0,2,3,1,12.336277,1.286550,0,0,17735
46080,0,0,0,0,0,12.334333,1.286388,0,0,17735
46090,0,0,0,1,1,12.332067,1.286183,0,0,17735
46100,1,0,4,6,1,12.329957,1.285963,0,0,17735
46110,4,2,16,23,1,12.329655,1.285911,0,0,17737
46120,0,0,7,8,1,12.329571,1.285902,0,0,17742
46130,0,0,0,0,0,12.328096,1.285776,0,0,17742
46140,2,4,10,17,1,12.329186,1.285864,0,0,17744
46150,1,0,9,11,1,12.329762,1.285906,0,0,17744
46160,0,0,7,8,1,12.328278,1.285759,0,0,17744
46170,0,1,18,20,1,12.328559,1.285783,0,0,17744
46180,1,0,12,14,1,12.329962,1.285900,0,0,17755
46190,1,0,1,3,1,12.327997,1.285715,0,0,17755
46200,0,0,0,1,1,12.325751,1.285518,0,0,17755
46210,0,0,8,9,1,12.324087,1.285353,0,0,17755
46220,4,2,17,24,1,12.324115,1.285312,0,0,17760
46230,0,1,1,3,1,12.325657,1.285516,0,0,17787
46240,0,1,7,9,1,12.324175,1.285323,0,0,17787
46250,0,0,2,3,1,12.322344,1.285126,0,0,17787
46260,0,0,0,1,1,12.320831,1.284971,0,0,17787
46270,1,3,12,17,1,12.320133,1.284860,0,0,17787
46280,0,0,0,1,1,12.319276,1.284817,0,0,17787
46290,1,0,20,22,1,12.320024,1.284845,0,0,17803
46300,2,1,19,23,1,12.321518,1.285009,0,0,17808
46310,5,1,18,25,1,12.323443,1.285201,0,0,17816
46320,2,1,20,24,1,12.325500,1.285427,0,0,17834
46330,0,0,11,12,1,12.326268,1.285515,0,0,17841
46340,2,5,14,22,1,12.327703,1.285641,0,0,17841
46350,2,0,3,6,1,12.327740,1.285651,0,0,17841
46360,1,0,13,15,1,12.327153,1.285595,0,0,17841
46370,0,1,11,13,1,12.329019,1.285801,0,0,17855
46380,1,1,10,13,1,12.329635,1.285853,0,0,17858
46390,0,0,0,0,0,12.328206,1.285762,0,0,17858
46400,0,0,0,1,1,12.326310,1.285549,0,0,17858
46410,0,2,4,7,1,12.324661,1.285380,0,0,17858
46420,2,2,14,19,1,12.323879,1.285275,0,0,17858
46430,3,1,13,18,1,12.325555,1.285452,0,0,17869
46440,2,4,15,22,1,12.327525,1.285611,0,0,17878
46450,0,0,4,5,1,12.326713,1.285569,0,0,17878
46460,1,2,13,17,1,12.326423,1.285501,0,0,17878
46470,0,0,5,6,1,12.326069,1.285493,0,0,17878
46480,1,0,7,9,1,12.324793,1.285342,0,0,17878
46490,0,0,3,4,1,12.323104,1.285206,0,0,17878
46500,0,0,1,2,1,12.321767,1.285069,0,0,17878
46510,2,1,19,23,1,12.321507,1.284993,0,0,17880
46520,2,2,16,21,1,12.322830,1.285148,0,0,17887
46530,0,0,0,0,0,12.323057,1.285203,0,0,17893
46540,1,2,17,21,1,12.323018,1.285143,0,0,17893
46550,1,0,15,17,1,12.323903,1.285209,0,0,17896
46560,1,0,1,3,1,12.323452,1.285185,0,0,17896
46570,1,0,5,7,1,12.323078,1.285120,0,0,17896
46580,2,1,8,12,1,12.322450,1.285043,0,0,17896
46590,2,3,6,12,1,12.321217,1.284928,0,0,17896
46600,0,2,2,5,1,12.322543,1.285063,0,0,17906
46610,0,0,0,1,1,12.320750,1.284905,0,0,17906
46620,0,0,0,0,0,12.318770,1.284706,0,0,17906
46630,0,1,1,3,1,12.317975,1.284635,0,0,17906
46640,5,1,11,18,1,12.316876,1.284482,0,0,17906
46650,0,1,11,13,1,12.317549,1.284549,0,0,17908
46660,2,1,19,23,1,12.319783,1.284773,0,0,17930
46670,0,0,1,2,1,12.319579,1.284789,0,0,17940
46680,2,0,9,12,1,12.319050,1.284688,0,0,17940
46690,2,0,17,20,1,12.319298,1.284665,0,0,17942
46700,0,1,6,8,1,12.320473,1.284836,0,0,17963
46710,6,0,15,22,1,12.321699,1.284943,0,0,17967
46720,0,0,5,6,1,12.321855,1.284985,0,0,17971
46730,0,1,10,12,1,12.320423,1.284795,0,0,17971
46740,1,0,9,11,1,12.321391,1.284890,0,0,17977
46750,0,1,5,7,1,12.319913,1.284750,0,0,17977
46760,0,0,0,1,1,12.318428,1.284589,0,0,17977
46770,0,1,12,14,1,12.318425,1.284514,0,0,17977
46780,1,3,20,25,1,12.320943,1.284791,0,0,18014
46790,1,1,12,15,1,12.322909,1.285047,0,0,18031
46800,1,1,13,16,1,12.321640,1.284917,0,0,18031
46810,0,0,3,4,1,12.320950,1.284842,0,0,18031
46820,1,0,9,11,1,12.319360,1.284690,0,0,18031
46830,2,0,9,12,1,12.319508,1.284711,0,0,18031
46840,0,2,2,5,1,12.318532,1.284606,0,0,18031
46850,2,1,17,21,1,12.317922,1.284511,0,0,18031
46860,3,1,11,16,1,12.318964,1.284619,0,0,18032
46870,0,1,9,11,1,12.320458,1.284792,0,0,18035
46880,0,0,0,0,0,12.319207,1.284689,0,0,18035
46890,2,0,4,7,1,12.317370,1.284463,0,0,18035
46900,4,0,16,21,1,12.316952,1.284359,0,0,18035
46910,1,0,8,10,1,12.316148,1.284298,0,0,18035
46920,1,0,8,10,1,12.315905,1.284261,0,0,18035
46930,1,0,4,6,1,12.316817,1.284342,0,0,18040
46940,0,1,0,2,1,12.315278,1.284187,0,0,18040
46950,1,0,8,10,1,12.313779,1.284021,0,0,18040
46960,0,2,7,10,1,12.313260,1.283947,0,0,18040
46970,0,3,9,13,1,12.311997,1.283792,0,0,18040
46980,0,0,6,7,1,12.312668,1.283865,0,0,18045
46990,0,2,16,19,1,12.313152,1.283892,0,0,18053
47000,1,2,7,11,1,12.313738,1.283942,0,0,18053
47010,0,0,6,7,1,12.313048,1.283881,0,0,18056
47020,2,0,5,8,1,12.313091,1.283865,0,0,18056
47030,2,0,19,22,1,12.313336,1.283870,0,0,18062
47040,2,3,19,25,1,12.314790,1.284022,0,0,18067
47050,0,0,2,3,1,12.316025,1.284187,0,0,18075
47060,2,0,7,10,1,12.314881,1.284059,0,0,18075
47070,0,0,0,0,0,12.313619,1.283950,0,0,18075
47080,4,8,16,29,1,12.314072,1.283986,0,0,18083
47090,1,0,8,10,1,12.315461,1.284179,0,0,18086
47100,4,0,8,13,1,12.314623,1.284091,0,0,18086
47110,1,2,16,20,1,12.315857,1.284228,0,0,18094
47120,0,0,3,4,1,12.316140,1.284254,0,0,18094
47130,2,1,11,15,1,12.315851,1.284210,0,0,18094
47140,0,0,10,11,1,12.315965,1.284216,0,0,18094
47150,1,1,15,18,1,12.316000,1.284208,0,0,18094
47160,2,1,16,20,1,12.316304,1.284225,0,0,18094
47170,0,0,16,17,1,12.317161,1.284317,0,0,18095
47180,1,0,8,10,1,12.316885,1.284308,0,0,18095
47190,0,0,4,5,1,12.315436,1.284097,0,0,18095
47200,0,0,4,5,1,12.313736,1.283905,0,0,18095
47210,0,0,5,6,1,12.312689,1.283781,0,0,18095
47220,6,4,18,29,1,12.313436,1.283819,0,0,18101
47230,2,0,14,17,1,12.315183,1.284015,0,0,18114
47240,1,0,2,4,1,12.313813,1.283875,0,0,18114
47250,2,2,18,23,1,12.314518,1.283894,0,0,18114
47260,6,1,5,13,1,12.315177,1.283974,0,0,18119
47270,3,0,15,19,1,12.315862,1.284045,0,0,18120
47280,2,0,18,21,1,12.317978,1.284255,0,0,18138
47290,1,0,9,11,1,12.319288,1.284428,0,0,18151
47300,1,0,16,18,1,12.320314,1.284514,0,0,18151
47310,2,4,17,24,1,12.321258,1.284604,0,0,18153
47320,0,1,15,17,1,12.322756,1.284766,0,0,18168
47330,0,0,14,15,1,12.322957,1.284770,0,0,18168
47340,0,0,0,0,0,12.321666,1.284632,0,0,18168
47350,0,0,3,4,1,12.320734,1.284534,0,0,18168
47360,0,0,4,5,1,12.319594,1.284446,0,0,18168
47370,0,2,3,6,1,12.319033,1.284359,0,0,18168
47380,0,0,2,3,1,12.317088,1.284165,0,0,18168
47390,0,0,0,0,0,12.315647,1.284012,0,0,18168
47400,0,0,1,2,1,12.315079,1.283966,0,0,18168
47410,1,0,20,22,1,12.315187,1.283918,0,0,18168
47420,0,3,20,24,1,12.315903,1.283998,0,0,18168
47430,1,0,1,3,1,12.315663,1.284021,0,0,18178
47440,0,0,10,11,1,12.314641,1.283917,0,0,18178
47450,2,1,15,19,1,12.314718,1.283891,0,0,18182
47460,0,0,6,7,1,12.315409,1.283951,0,0,18182
47470,0,0,14,15,1,12.315557,1.283972,0,0,18185
47480,0,0,0,1,1,12.314708,1.283909,0,0,18185
47490,2,1,15,19,1,12.315019,1.283910,0,0,18185
47500,0,0,2,3,1,12.314513,1.283882,0,0,18185
47510,1,2,14,18,1,12.313104,1.283704,0,0,18185
47520,2,0,13,16,1,12.313507,1.283726,0,0,18185
47530,0,2,13,16,1,12.314232,1.283793,0,0,18185
47540,1,0,18,20,1,12.316582,1.284086,0,0,18204
47550,0,0,15,16,1,12.317550,1.284192,0,0,18205
47560,0,2,18,21,1,12.318668,1.284331,0,0,18212
47570,2,2,10,15,1,12.320245,1.284515,0,0,18222
47580,0,0,1,2,1,12.319173,1.284408,0,0,18222
47590,0,0,6,7,1,12.318393,1.284327,0,0,18222
47600,0,0,15,16,1,12.319132,1.284378,0,0,18222
47610,1,2,13,17,1,12.319345,1.284336,0,0,18222
47620,3,2,16,22,1,12.321019,1.284493,0,0,18234
47630,0,1,12,14,1,12.321507,1.284521,0,0,18234
47640,1,1,15,18,1,12.322376,1.284620,0,0,18234
47650,0,2,2,5,1,12.322441,1.284613,0,0,18234
47660,1,0,5,7,1,12.320861,1.284465,0,0,18234
47670,0,3,13,17,1,12.320721,1.284405,0,0,18234
47680,0,0,0,1,1,12.320928,1.284474,0,0,18234
47690,1,0,11,13,1,12.319197,1.284279,0,0,18234
47700,1,0,3,5,1,12.318638,1.284218,0,0,18234
47710,0,0,4,5,1,12.317092,1.284076,0,0,18234
47720,0,2,8,11,1,12.316680,1.284050,0,0,18234
47730,2,0,10,13,1,12.316737,1.284042,0,0,18234
47740,0,2,17,20,1,12.317132,1.284082,0,0,18235
47750,0,1,16,18,1,12.318644,1.284257,0,0,18245
47760,1,1,16,19,1,12.320512,1.284465,0,0,18260
47770,2,0,17,20,1,12.321897,1.284615,0,0,18265
47780,1,0,13,15,1,12.323420,1.284830,0,0,18279
47790,0,0,1,2,1,12.322415,1.284730,0,0,18279
47800,4,4,3,12,1,12.322724,1.284743,0,0,18288
47810,0,0,0,0,0,12.321784,1.284633,0,0,18288
47820,0,3,2,6,1,12.320058,1.284473,0,0,18288
47830,1,2,7,11,1,12.319714,1.284439,0,0,18288
47840,0,0,3,4,1,12.319880,1.284445,0,0,18288
47850,5,0,7,13,1,12.319934,1.284439,0,0,18288
47860,1,0,6,8,1,12.319290,1.284397,0,0,18288
47870,0,0,1,2,1,12.317802,1.284270,0,0,18288
47880,1,0,2,4,1,12.315849,1.284083,0,0,18288
47890,0,4,15,20,1,12.314615,1.283909,0,0,18288
47900,0,0,3,4,1,12.314107,1.283875,0,0,18288
47910,0,1,3,5,1,12.312728,1.283723,0,0,18288
47920,3,3,13,20,1,12.313711,1.283803,0,0,18300
47930,1,0,5,7,1,12.313154,1.283739,0,0,18300
47940,1,3,19,24,1,12.314002,1.283836,0,0,18308
47950,1,5,15,22,1,12.316058,1.284066,0,0,18323
47960,3,0,18,22,1,12.317804,1.284234,0,0,18342
47970,2,0,16,19,1,12.319368,1.284408,0,0,18348
47980,0,2,16,19,1,12.319545,1.284426,0,0,18348
47990,1,2,18,22,1,12.321074,1.284566,0,0,18361
48000,0,0,11,12,1,12.322279,1.284694,0,0,18372
48010,3,2,18,24,1,12.324038,1.284903,0,0,18377
48020,0,1,2,4,1,12.324409,1.284941,0,0,18379
48030,1,1,8,11,1,12.323539,1.284842,0,0,18379
48040,0,1,2,4,1,12.322627,1.284785,0,0,18379
48050,3,0,5,9,1,12.321987,1.284716,0,0,18379
48060,0,0,10,11,1,12.320122,1.284521,0,0,18379
48070,5,1,16,23,1,12.321276,1.284616,0,0,18382
48080,0,1,7,9,1,12.322424,1.284744,0,0,18385
48090,3,0,17,21,1,12.322450,1.284735,0,0,18385
48100,0,0,0,0,0,12.322888,1.284822,0,0,18390
48110,3,3,9,16,1,12.321062,1.284640,0,0,18390
48120,0,0,7,8,1,12.321219,1.284662,0,0,18390
48130,2,2,14,19,1,12.321014,1.284598,0,0,18390
48140,1,0,2,4,1,12.319946,1.284498,0,0,18390
48150,0,0,6,7,1,12.318812,1.284368,0,0,18390
48160,1,1,11,14,1,12.318470,1.284313,0,0,18390
48170,2,0,14,17,1,12.319615,1.284404,0,0,18395
48180,2,1,8,12,1,12.320444,1.284527,0,0,18398
48190,2,0,16,19,1,12.321525,1.284642,0,0,18405
48200,0,0,10,11,1,12.322363,1.284701,0,0,18411
48210,4,3,19,27,1,12.322990,1.284725,0,0,18415
48220,2,3,8,14,1,12.325745,1.285048,0,0,18439
48230,0,0,13,14,1,12.325840,1.285060,0,0,18439
48240,1,1,17,20,1,12.326182,1.285062,0,0,18446
48250,0,2,10,13,1,12.327047,1.285158,0,0,18455
48260,2,4,19,26,1,12.328161,1.285221,0,0,18463
48270,0,0,16,17,1,12.330044,1.285442,0,0,18478
48280,0,0,8,9,1,12.329736,1.285446,0,0,18478
48290,0,0,3,4,1,12.327802,1.285244,0,0,18478
48300,0,0,1,2,1,12.326288,1.285083,0,0,18478
48310,1,2,16,20,1,12.326381,1.285087,0,0,18479
48320,3,4,18,26,1,12.328226,1.285246,0,0,18491
48330,1,3,7,12,1,12.328351,1.285267,0,0,18495
48340,1,1,8,11,1,12.327026,1.285112,0,0,18495
48350,0,0,2,3,1,12.325757,1.284988,0,0,18495
48360,1,0,13,15,1,12.324578,1.284848,0,0,18495
48370,0,0,4,5,1,12.324773,1.284863,0,0,18495
48380,0,3,19,23,1,12.325349,1.284903,0,0,18501
48390,0,0,1,2,1,12.325273,1.284898,0,0,18503
48400,1,2,7,11,1,12.323605,1.284688,0,0,18503
48410,0,0,4,5,1,12.322927,1.284611,0,0,18503
48420,4,4,19,28,1,12.323555,1.284643,0,0,18509
48430,2,2,15,20,1,12.325234,1.284846,0,0,18527
48440,1,1,16,19,1,12.324012,1.284696,0,0,18527
48450,0,0,17,18,1,12.325123,1.284820,0,0,18532
48460,1,2,14,18,1,12.327683,1.285112,0,0,18557
48470,0,0,10,11,1,12.329318,1.285304,0,0,18573
48480,0,1,3,5,1,12.328953,1.285296,0,0,18573
48490,0,2,10,13,1,12.328174,1.285187,0,0,18573
48500,0,0,2,3,1,12.326477,1.285026,0,0,18573
48510,2,1,4,8,1,12.324428,1.284815,0,0,18573
48520,1,0,2,4,1,12.324025,1.284751,0,0,18573
48530,0,0,0,0,0,12.321811,1.284561,0,0,18573
48540,0,0,0,0,0,12.320165,1.284362,0,0,18573
48550,1,0,4,6,1,12.318099,1.284155,0,0,18573
48560,0,1,6,8,1,12.316767,1.284032,0,0,18573
48570,0,6,14,21,1,12.317834,1.284135,0,0,18583
48580,2,3,15,21,1,12.319622,1.284340,0,0,18592
48590,1,1,9,12,1,12.320321,1.284419,0,0,18602
48600,1,0,3,5,1,12.320757,1.284461,0,0,18609
48610,0,1,7,9,1,12.321127,1.284455,0,0,18609
48620,0,0,1,2,1,12.320737,1.284409,0,0,18609
48630,0,3,4,8,1,12.320405,1.284355,0,0,18609
48640,0,1,10,12,1,12.319726,1.284289,0,0,18609
48650,0,2,17,20,1,12.320381,1.284363,0,0,18609
48660,0,1,20,22,1,12.322004,1.284565,0,0,18617
48670,2,2,10,15,1,12.322751,1.284634,0,0,18618
48680,0,0,0,0,0,12.322064,1.284598,0,0,18618
48690,0,0,9,10,1,12.320620,1.284426,0,0,18618
48700,0,0,7,8,1,12.320698,1.284425,0,0,18618
48710,0,0,0,1,1,12.320263,1.284388,0,0,18618
48720,1,1,16,19,1,12.320486,1.284386,0,0,18619
48730,0,1,11,13,1,12.321430,1.284528,0,0,18623
48740,7,4,20,32,1,12.323936,1.284803,0,0,18652
48750,1,2,19,23,1,12.325237,1.284977,0,0,18670
48760,1,0,20,22,1,12.326920,1.285141,0,0,18690
48770,0,0,0,1,1,12.326623,1.285118,0,0,18690
48780,0,2,13,16,1,12.325510,1.284986,0,0,18690
48790,0,1,10,12,1,12.325315,1.284913,0,0,18690
48800,0,0,11,12,1,12.324994,1.284909,0,0,18695
48810,0,0,3,4,1,12.323178,1.284734,0,0,18695
48820,2,5,15,23,1,12.324091,1.284798,0,0,18698
48830,1,0,10,12,1,12.325622,1.284980,0,0,18704
48840,2,3,16,22,1,12.325155,1.284909,0,0,18708
48850,3,0,9,13,1,12.327018,1.285089,0,0,18721
48860,0,3,16,20,1,12.327607,1.285142,0,0,18731
48870,2,0,6,9,1,12.327224,1.285102,0,0,18731
48880,1,1,16,19,1,12.326703,1.285023,0,0,18731
48890,1,4,18,24,1,12.328441,1.285198,0,0,18739
48900,4,0,15,20,1,12.330136,1.285378,0,0,18747
48910,2,1,19,23,1,12.331733,1.285533,0,0,18750
48920,0,3,20,24,1,12.333831,1.285746,0,0,18770
48930,4,1,19,25,1,12.336778,1.286110,0,0,18815
48940,0,0,0,1,1,12.335855,1.286072,0,0,18815
48950,0,2,9,12,1,12.334310,1.285910,0,0,18815
48960,0,1,17,19,1,12.334395,1.285875,0,0,18819
48970,1,1,12,15,1,12.335408,1.285981,0,0,18819
48980,1,2,11,15,1,12.336213,1.286075,0,0,18819
48990,0,0,1,2,1,12.336437,1.286107,0,0,18819
49000,0,1,6,8,1,12.336411,1.286095,0,0,18819
49010,0,1,19,21,1,12.337283,1.286178,0,0,18828
49020,1,2,18,22,1,12.339482,1.286407,0,0,18848
49030,0,0,0,1,1,12.340064,1.286519,0,0,18860
49040,0,0,2,3,1,12.339355,1.286432,0,0,18860
49050,1,1,15,18,1,12.337841,1.286282,0,0,18860
49060,1,0,18,20,1,12.339327,1.286458,0,0,18864
49070,0,1,18,20,1,12.340779,1.286593,0,0,18869
49080,0,0,0,0,0,12.340489,1.286579,0,0,18870
49090,1,3,12,17,1,12.341193,1.286625,0,0,18872
49100,3,1,13,18,1,12.340184,1.286541,0,0,18872
49110,0,1,15,17,1,12.341702,1.286677,0,0,18876
49120,2,1,11,15,1,12.342289,1.286708,0,0,18876
49130,0,1,13,15,1,12.341952,1.286670,0,0,18876
49140,0,1,0,2,1,12.342907,1.286819,0,0,18881
49150,0,1,7,9,1,12.341616,1.286700,0,0,18881
49160,0,0,0,0,0,12.339958,1.286554,0,0,18881
49170,3,0,9,13,1,12.339116,1.286423,0,0,18881
49180,0,0,3,4,1,12.338285,1.286333,0,0,18881
49190,2,1,20,24,1,12.337506,1.286227,0,0,18888
49200,1,1,9,12,1,12.337569,1.286234,0,0,18892
49210,0,0,1,2,1,12.336193,1.286071,0,0,18892
49220,2,4,16,23,1,12.335557,1.285996,0,0,18901
49230,0,2,20,23,1,12.336278,1.286058,0,0,18907
49240,2,2,18,23,1,12.337845,1.286207,0,0,18920
49250,3,1,13,18,1,12.338685,1.286330,0,0,18921
49260,1,1,18,21,1,12.340754,1.286548,0,0,18927
49270,1,0,18,20,1,12.342201,1.286710,0,0,18936
49280,0,0,5,6,1,12.343351,1.286854,0,0,18939
49290,1,1,3,6,1,12.341232,1.286679,0,0,18939
49300,0,0,0,0,0,12.339811,1.286536,0,0,18939
49310,1,0,9,11,1,12.337974,1.286347,0,0,18939
49320,2,1,18,22,1,12.338951,1.286408,0,0,18945
49330,1,0,14,16,1,12.339013,1.286419,0,0,18945
49340,0,2,10,13,1,12.339009,1.286402,0,0,18945
49350,3,1,16,21,1,12.340592,1.286559,0,0,18955
49360,4,0,12,17,1,12.341850,1.286698,0,0,18959
49370,1,3,20,25,1,12.343949,1.286914,0,0,18987
49380,0,5,12,18,1,12.344763,1.287007,0,0,18995
49390,3,1,5,10,1,12.345510,1.287082,0,0,18997
49400,0,0,2,3,1,12.345617,1.287093,0,0,19000
49410,1,1,6,9,1,12.346112,1.287109,0,0,19007
49420,1,0,3,5,1,12.345110,1.286999,0,0,19007
49430,1,0,9,11,1,12.343517,1.286830,0,0,19007
49440,0,1,20,22,1,12.343524,1.286822,0,0,19008
49450,0,1,2,4,1,12.342528,1.286770,0,0,19009
49460,0,0,0,1,1,12.340623,1.286606,0,0,19009
49470,2,2,12,17,1,12.339378,1.286433,0,0,19009
49480,1,0,4,6,1,12.340427,1.286569,0,0,19023
49490,0,0,16,17,1,12.340394,1.286541,0,0,19024
49500,1,0,17,19,1,12.341669,1.286693,0,0,19034
49510,0,1,12,14,1,12.342957,1.286824,0,0,19042
49520,2,3,12,18,1,12.342963,1.286819,0,0,19042
49530,3,0,20,24,1,12.343227,1.286852,0,0,19045
49540,0,0,12,13,1,12.344880,1.286999,0,0,19056
49550,4,0,19,24,1,12.346616,1.287142,0,0,19070
49560,0,0,2,3,1,12.345989,1.287125,0,0,19070
49570,0,0,5,6,1,12.344284,1.286969,0,0,19070
49580,2,1,13,17,1,12.344623,1.286999,0,0,19077
49590,2,1,18,22,1,12.345981,1.287116,0,0,19083
49600,0,0,12,13,1,12.347672,1.287303,0,0,19091
49610,0,1,7,9,1,12.348481,1.287373,0,0,19091
49620,0,0,0,0,0,12.347944,1.287339,0,0,19091
49630,5,8,15,29,1,12.347960,1.287308,0,0,19099
49640,0,0,18,19,1,12.350167,1.287546,0,0,19108
49650,0,1,17,19,1,12.351563,1.287680,0,0,19116
49660,0,0,11,12,1,12.352330,1.287757,0,0,19123
49670,1,6,11,19,1,12.353552,1.287922,0,0,19133
49680,0,0,4,5,1,12.353379,1.287888,0,0,19133
49690,0,1,10,12,1,12.353556,1.287865,0,0,19140
49700,0,0,11,12,1,12.354207,1.287955,0,0,19146
49710,0,1,1,3,1,12.352478,1.287791,0,0,19146
49720,0,1,1,3,1,12.351682,1.287702,0,0,19146
49730,0,2,9,12,1,12.351358,1.287641,0,0,19146
49740,0,2,19,22,1,12.353388,1.287863,0,0,19169
49750,1,0,18,20,1,12.354730,1.288019,0,0,19187
49760,0,0,8,9,1,12.355738,1.288132,0,0,19200
49770,1,0,5,7,1,12.354876,1.288039,0,0,19200
49780,1,0,10,12,1,12.353651,1.287898,0,0,19200
49790,1,0,3,5,1,12.352484,1.287816,0,0,19200
49800,3,2,14,20,1,12.353147,1.287891,0,0,19201
49810,1,0,11,13,1,12.353710,1.287979,0,0,19206
49820,0,0,0,1,1,12.352183,1.287825,0,0,19206
49830,1,3,12,17,1,12.351495,1.287710,0,0,19206
49840,1,0,3,5,1,12.351418,1.287683,0,0,19206
49850,0,0,2,3,1,12.350084,1.287594,0,0,19206
49860,2,0,7,10,1,12.348919,1.287465,0,0,19206
49870,0,1,7,9,1,12.348089,1.287351,0,0,19206
49880,0,0,3,4,1,12.347294,1.287246,0,0,19206
49890,0,0,6,7,1,12.345954,1.287112,0,0,19206
49900,0,0,9,10,1,12.346783,1.287168,0,0,19208
49910,0,2,19,22,1,12.347711,1.287276,0,0,19211
49920,0,0,13,14,1,12.349195,1.287473,0,0,19224
49930,0,0,0,1,1,12.347288,1.287312,0,0,19224
49940,1,0,5,7,1,12.345827,1.287132,0,0,19224
49950,1,3,15,20,1,12.347007,1.287234,0,0,19233
49960,0,2,19,22,1,12.347366,1.287258,0,0,19233
49970,3,0,15,19,1,12.348633,1.287403,0,0,19234
49980,0,0,14,15,1,12.348492,1.287380,0,0,19240
49990,0,2,12,15,1,12.349176,1.287419,0,0,19240
50000,2,4,17,24,1,12.350482,1.287552,0,0,19249
50010,0,1,13,15,1,12.352689,1.287857,0,0,19269
50020,0,0,10,11,1,12.351709,1.287744,0,0,19269
50030,0,0,1,2,1,12.350369,1.287623,0,0,19269
50040,0,0,4,5,1,12.348673,1.287422,0,0,19269
50050,0,0,3,4,1,12.347093,1.287275,0,0,19269
50060,0,1,4,6,1,12.345391,1.287114,0,0,19269
50070,1,0,8,10,1,12.346840,1.287257,0,0,19278
50080,0,1,7,9,1,12.345477,1.287101,0,0,19278
50090,0,4,8,13,1,12.345685,1.287082,0,0,19278
50100,0,0,0,0,0,12.344481,1.286954,0,0,19278
50110,0,0,3,4,1,12.342987,1.286790,0,0,19278
50120,2,1,20,24,1,12.343747,1.286842,0,0,19286
50130,4,0,9,14,1,12.345153,1.287018,0,0,19297
50140,2,0,10,13,1,12.344706,1.286958,0,0,19297
50150,0,0,0,1,1,12.343747,1.286833,0,0,19297
50160,0,0,0,0,0,12.341921,1.286651,0,0,19297
50170,0,0,7,8,1,12.340195,1.286428,0,0,19297
50180,1,0,16,18,1,12.339355,1.286361,0,0,19297
50190,1,0,5,7,1,12.338899,1.286311,0,0,19297
50200,1,1,11,14,1,12.337389,1.286100,0,0,19297
50210,5,3,19,28,1,12.338969,1.286233,0,0,19307
50220,0,0,1,2,1,12.338861,1.286275,0,0,19314
50230,0,0,0,1,1,12.336992,1.286087,0,0,19314
50240,0,1,15,17,1,12.336049,1.285981,0,0,19314
50250,1,0,16,18,1,12.337849,1.286176,0,0,19338
50260,0,0,10,11,1,12.337506,1.286149,0,0,19338
50270,0,2,16,19,1,12.338475,1.286196,0,0,19341
50280,0,0,3,4,1,12.337284,1.286109,0,0,19341
50290,1,3,17,22,1,12.337494,1.286133,0,0,19341
50300,0,0,0,1,1,12.336715,1.286063,0,0,19341
50310,2,0,3,6,1,12.335208,1.285911,0,0,19341
50320,0,0,3,4,1,12.333509,1.285725,0,0,19341
50330,0,0,0,1,1,12.331895,1.285559,0,0,19341
50340,0,0,0,0,0,12.330003,1.285367,0,0,19341
50350,0,1,16,18,1,12.329401,1.285270,0,0,19346
50360,0,0,4,5,1,12.328601,1.285229,0,0,19347
50370,0,1,5,7,1,12.326877,1.285012,0,0,19347
50380,3,4,11,19,1,12.326068,1.284906,0,0,19347
50390,0,0,10,11,1,12.326175,1.284946,0,0,19347
50400,1,1,3,6,1,12.325929,1.284910,0,0,19347
50410,0,0,0,0,0,12.324746,1.284794,0,0,19347
50420,0,2,11,14,1,12.323149,1.284590,0,0,19347
50430,0,0,8,9,1,12.323096,1.284518,0,0,19347
50440,2,3,16,22,1,12.323356,1.284508,0,0,19347
50450,1,2,18,22,1,12.324318,1.284576,0,0,19347
50460,2,1,19,23,1,12.326145,1.284769,0,0,19359
50470,1,0,2,4,1,12.326523,1.284864,0,0,19360
50480,0,0,0,1,1,12.324896,1.284702,0,0,19360
50490,1,4,15,21,1,12.324028,1.284601,0,0,19360
50500,1,1,12,15,1,12.325022,1.284720,0,0,19363
50510,4,1,10,16,1,12.325819,1.284817,0,0,19365
50520,3,0,18,22,1,12.326864,1.284941,0,0,19366
50530,0,2,18,21,1,12.327993,1.285075,0,0,19369
50540,3,2,8,14,1,12.329370,1.285215,0,0,19377
50550,4,2,13,20,1,12.330651,1.285365,0,0,19385
50560,0,0,11,12,1,12.331132,1.285407,0,0,19385
50570,0,0,1,2,1,12.329256,1.285251,0,0,19385
50580,2,2,13,18,1,12.329205,1.285211,0,0,19385
50590,1,4,14,20,1,12.330339,1.285305,0,0,19387
50600,0,1,3,5,1,12.329089,1.285222,0,0,19387
50610,1,2,6,10,1,12.327626,1.285046,0,0,19387
50620,0,0,5,6,1,12.326474,1.284904,0,0,19387
50630,0,2,4,7,1,12.325060,1.284749,0,0,19387
50640,0,1,3,5,1,12.323393,1.284604,0,0,19387
50650,1,2,8,12,1,12.322603,1.284542,0,0,19387
50660,2,0,7,10,1,12.320953,1.284391,0,0,19387
50670,2,3,20,26,1,12.321921,1.284447,0,0,19389
50680,0,0,19,20,1,12.323736,1.284647,0,0,19402
50690,0,0,0,0,0,12.323927,1.284706,0,0,19408
50700,1,0,8,10,1,12.323190,1.284634,0,0,19408
50710,0,4,15,20,1,12.324397,1.284749,0,0,19415
50720,1,2,16,20,1,12.326154,1.284922,0,0,19422
50730,0,0,8,9,1,12.327335,1.285061,0,0,19427
50740,0,2,16,19,1,12.327774,1.285098,0,0,19430
50750,4,1,14,20,1,12.327801,1.285088,0,0,19430
50760,5,3,16,25,1,12.329348,1.285243,0,0,19444
50770,0,0,16,17,1,12.331045,1.285412,0,0,19456
50780,0,0,13,14,1,12.330929,1.285326,0,0,19456
50790,0,1,0,2,1,12.330329,1.285266,0,0,19456
50800,1,3,8,13,1,12.329381,1.285156,0,0,19456
50810,0,1,10,12,1,12.327863,1.285009,0,0,19456
50820,1,2,20,24,1,12.329153,1.285140,0,0,19465
50830,0,0,13,14,1,12.330110,1.285264,0,0,19469
50840,0,5,19,25,1,12.331870,1.285468,0,0,19498
50850,0,0,0,1,1,12.331911,1.285464,0,0,19503
50860,0,0,4,5,1,12.330249,1.285306,0,0,19503
50870,5,0,18,24,1,12.331701,1.285439,0,0,19510
50880,0,1,14,16,1,12.332765,1.285550,0,0,19518
50890,0,0,18,19,1,12.333237,1.285588,0,0,19520
50900,0,1,0,2,1,12.332381,1.285560,0,0,19520
50910,1,0,13,15,1,12.332666,1.285579,0,0,19529
50920,0,1,8,10,1,12.332066,1.285516,0,0,19529
50930,1,0,13,15,1,12.331362,1.285421,0,0,19529
50940,0,0,2,3,1,12.330864,1.285411,0,0,19529
50950,0,0,2,3,1,12.329081,1.285207,0,0,19529
50960,0,0,0,0,0,12.327118,1.285007,0,0,19529
50970,0,0,0,0,0,12.325380,1.284842,0,0,19529
50980,0,0,1,2,1,12.323333,1.284636,0,0,19529
50990,2,1,8,12,1,12.322448,1.284528,0,0,19529
51000,0,0,4,5,1,12.321702,1.284437,0,0,19529
51010,2,2,5,10,1,12.320523,1.284285,0,0,19529
51020,2,2,7,12,1,12.319123,1.284131,0,0,19529
51030,0,0,3,4,1,12.320223,1.284271,0,0,19537
51040,0,1,15,17,1,12.321586,1.284426,0,0,19547
51050,1,1,16,19,1,12.322392,1.284482,0,0,19548
51060,1,0,18,20,1,12.323894,1.284669,0,0,19553
51070,4,1,18,24,1,12.325062,1.284783,0,0,19555
51080,0,2,10,13,1,12.325919,1.284878,0,0,19562
51090,1,0,14,16,1,12.326991,1.285000,0,0,19569
51100,0,0,16,17,1,12.327979,1.285121,0,0,19572
51110,2,0,18,21,1,12.329494,1.285252,0,0,19580
51120,2,2,13,18,1,12.330068,1.285314,0,0,19588
51130,1,3,0,5,1,12.329803,1.285287,0,0,19589
51140,3,1,8,13,1,12.331242,1.285402,0,0,19589
51150,2,1,18,22,1,12.332805,1.285591,0,0,19606
51160,0,1,8,10,1,12.333079,1.285649,0,0,19609
51170,0,1,15,17,1,12.333885,1.285688,0,0,19610
51180,0,0,8,9,1,12.334876,1.285801,0,0,19613
51190,1,1,13,16,1,12.333580,1.285671,0,0,19613
51200,0,0,2,3,1,12.334257,1.285739,0,0,19619
51210,0,3,17,21,1,12.333712,1.285664,0,0,19619
51220,2,1,15,19,1,12.334804,1.285783,0,0,19625
51230,3,0,18,22,1,12.336110,1.285934,0,0,19634
51240,6,2,18,27,1,12.337902,1.286145,0,0,19661
51250,1,0,2,4,1,12.339360,1.286307,0,0,19663
51260,0,0,8,9,1,12.337674,1.286128,0,0,19663
51270,0,1,4,6,1,12.337359,1.286080,0,0,19663
51280,0,0,3,4,1,12.337782,1.286103,0,0,19663
51290,0,2,7,10,1,12.336503,1.285953,0,0,19663
51300,0,0,6,7,1,12.334733,1.285808,0,0,19663
51310,5,1,17,24,1,12.335672,1.285853,0,0,19663
51320,1,0,19,21,1,12.337327,1.286036,0,0,19663
51330,1,1,7,10,1,12.338443,1.286150,0,0,19672
51340,0,0,5,6,1,12.336754,1.285968,0,0,19672
51350,1,0,11,13,1,12.337242,1.286029,0,0,19676
51360,0,0,0,1,1,12.336156,1.285919,0,0,19676
51370,1,0,4,6,1,12.336020,1.285891,0,0,19676
51380,0,0,0,0,0,12.334026,1.285709,0,0,19676
51390,0,0,1,2,1,12.333331,1.285624,0,0,19676
51400,3,2,11,17,1,12.333035,1.285551,0,0,19676
51410,0,2,19,22,1,12.334527,1.285701,0,0,19683
51420,0,2,15,18,1,12.335787,1.285835,0,0,19694
51430,1,0,20,22,1,12.337460,1.285991,0,0,19704
51440,2,0,11,14,1,12.337870,1.286054,0,0,19705
51450,1,2,16,20,1,12.338328,1.286065,0,0,19707
51460,2,1,17,21,1,12.339980,1.286232,0,0,19719
51470,2,0,17,20,1,12.341450,1.286388,0,0,19726
51480,0,4,16,21,1,12.342421,1.286489,0,0,19726
51490,0,2,1,4,1,12.342287,1.286477,0,0,19726
51500,1,4,20,26,1,12.343737,1.286600,0,0,19742
51510,5,4,19,29,1,12.345479,1.286781,0,0,19753
51520,1,0,9,11,1,12.346945,1.286981,0,0,19764
51530,2,1,10,14,1,12.348307,1.287138,0,0,19786
51540,0,2,19,22,1,12.349755,1.287307,0,0,19797
51550,0,0,4,5,1,12.350497,1.287369,0,0,19803
51560,0,0,7,8,1,12.348952,1.287213,0,0,19803
51570,4,0,20,25,1,12.349784,1.287273,0,0,19803
51580,1,5,17,24,1,12.350723,1.287345,0,0,19804
51590,4,0,19,24,1,12.352531,1.287528,0,0,19820
51600,2,0,8,11,1,12.352690,1.287555,0,0,19823
51610,0,5,16,22,1,12.353764,1.287664,0,0,19824
51620,1,3,14,19,1,12.355921,1.287922,0,0,19837
51630,0,0,9,10,1,12.358010,1.288153,0,0,19856
51640,0,0,0,0,0,12.356647,1.288016,0,0,19856
51650,0,2,9,12,1,12.355132,1.287853,0,0,19856
51660,0,0,4,5,1,12.353897,1.287773,0,0,19856
51670,0,1,8,10,1,12.352227,1.287599,0,0,19856
51680,0,0,5,6,1,12.352286,1.287613,0,0,19856
51690,0,2,1,4,1,12.350510,1.287417,0,0,19856
51700,2,0,5,8,1,12.348962,1.287271,0,0,19856
51710,0,0,0,0,0,12.348308,1.287216,0,0,19856
51720,2,1,7,11,1,12.346928,1.287051,0,0,19856
51730,2,1,19,23,1,12.348405,1.287202,0,0,19863
51740,0,2,10,13,1,12.349042,1.287268,0,0,19865
51750,0,0,0,1,1,12.349800,1.287337,0,0,19869
51760,0,0,0,1,1,12.347837,1.287135,0,0,19869
51770,2,1,9,13,1,12.347021,1.287039,0,0,19869
51780,0,1,17,19,1,12.347304,1.287024,0,0,19870
51790,2,3,12,18,1,12.347922,1.287107,0,0,19870
51800,1,1,19,22,1,12.349664,1.287285,0,0,19879
51810,2,2,17,22,1,12.350942,1.287411,0,0,19883
51820,0,3,15,19,1,12.352715,1.287606,0,0,19893
51830,1,1,8,11,1,12.352923,1.287627,0,0,19893
51840,1,1,3,6,1,12.352810,1.287589,0,0,19893
51850,1,0,5,7,1,12.351387,1.287467,0,0,19893
51860,0,0,1,2,1,12.349527,1.287273,0,0,19893
51870,0,0,10,11,1,12.347860,1.287094,0,0,19893
51880,0,0,0,1,1,12.346228,1.286962,0,0,19893
51890,0,0,0,1,1,12.344254,1.286761,0,0,19893
51900,1,1,7,10,1,12.342647,1.286583,0,0,19893
51910,0,0,4,5,1,12.341644,1.286476,0,0,19893
51920,5,0,6,12,1,12.340754,1.286344,0,0,19893
51930,0,0,0,1,1,12.340739,1.286355,0,0,19893
51940,2,0,6,9,1,12.339673,1.286255,0,0,19893
51950,1,0,13,15,1,12.339818,1.286257,0,0,19893
51960,1,0,12,14,1,12.341122,1.286348,0,0,19900
51970,0,0,2,3,1,12.340349,1.286247,0,0,19901
51980,0,1,11,13,1,12.340035,1.286191,0,0,19901
51990,1,2,17,21,1,12.341544,1.286315,0,0,19911
52000,1,1,10,13,1,12.342599,1.286448,0,0,19917
52010,0,2,7,10,1,12.342605,1.286464,0,0,19917
52020,5,0,20,26,1,12.343875,1.286565,0,0,19926
52030,2,1,15,19,1,12.344389,1.286611,0,0,19929
52040,0,2,6,9,1,12.344059,1.286584,0,0,19929
52050,2,2,14,19,1,12.344926,1.286633,0,0,19933
52060,1,1,10,13,1,12.346363,1.286831,0,0,19945
52070,0,0,4,5,1,12.345039,1.286714,0,0,19945
52080,0,2,4,7,1,12.344133,1.286596,0,0,19945
52090,0,1,10,12,1,12.345322,1.286717,0,0,19956
52100,0,0,1,2,1,12.344405,1.286627,0,0,19956
52110,1,1,4,7,1,12.343139,1.286489,0,0,19956
52120,0,2,1,4,1,12.341537,1.286369,0,0,19956
52130,0,0,1,2,1,12.340525,1.286281,0,0,19956
52140,0,0,1,2,1,12.338681,1.286102,0,0,19956
52150,1,0,5,7,1,12.338323,1.286005,0,0,19956
52160,1,1,13,16,1,12.336752,1.285859,0,0,19956
52170,2,0,5,8,1,12.337219,1.285946,0,0,19958
52180,1,0,3,5,1,12.337138,1.285922,0,0,19958
52190,0,1,3,5,1,12.337525,1.285975,0,0,19958
52200,0,3,10,14,1,12.336957,1.285905,0,0,19967
52210,0,0,0,0,0,12.337352,1.285939,0,0,19974
52220,1,2,14,18,1,12.336763,1.285877,0,0,19974
52230,3,9,18,31,1,12.338281,1.286022,0,0,19980
52240,0,1,8,10,1,12.339955,1.286238,0,0,20004
52250,2,3,13,19,1,12.340992,1.286310,0,0,20004
52260,0,1,8,10,1,12.341989,1.286432,0,0,20010
52270,3,2,10,16,1,12.343268,1.286552,0,0,20020
52280,0,2,18,21,1,12.344601,1.286704,0,0,20031
52290,4,2,20,27,1,12.346191,1.286861,0,0,20039
52300,0,4,6,11,1,12.348069,1.287113,0,0,20055
52310,2,0,5,8,1,12.348172,1.287116,0,0,20055
52320,0,0,2,3,1,12.347209,1.287018,0,0,20055
52330,1,0,7,9,1,12.348179,1.287104,0,0,20060
52340,1,0,16,18,1,12.347584,1.287011,0,0,20060
52350,1,0,5,7,1,12.348486,1.287102,0,0,20066
52360,0,1,20,22,1,12.348009,1.287037,0,0,20070
52370,5,1,15,22,1,12.349754,1.287214,0,0,20083
52380,1,2,7,11,1,12.348419,1.287095,0,0,20083
52390,3,0,17,21,1,12.349447,1.287184,0,0,20085
52400,4,0,12,17,1,12.351843,1.287467,0,0,20107
52410,0,0,0,1,1,12.351103,1.287415,0,0,20107
52420,0,1,8,10,1,12.349470,1.287247,0,0,20107
52430,1,1,10,13,1,12.349860,1.287270,0,0,20107
52440,3,0,16,20,1,12.350977,1.287368,0,0,20112
52450,2,0,14,17,1,12.352878,1.287582,0,0,20125
52460,4,2,10,17,1,12.353725,1.287688,0,0,20125
52470,0,0,8,9,1,12.354433,1.287782,0,0,20127
52480,1,0,12,14,1,12.354554,1.287781,0,0,20127
52490,1,2,12,16,1,12.355918,1.287888,0,0,20130
52500,0,0,0,1,1,12.356111,1.287925,0,0,20130
52510,2,1,13,17,1,12.355471,1.287861,0,0,20130
52520,1,0,20,22,1,12.356643,1.287968,0,0,20134
52530,1,0,20,22,1,12.358355,1.288143,0,0,20143
52540,2,0,16,19,1,12.359676,1.288284,0,0,20161
52550,0,0,1,2,1,12.358577,1.288197,0,0,20161
52560,0,0,19,20,1,12.357206,1.288046,0,0,20161
52570,1,5,15,22,1,12.359360,1.288294,0,0,20183
52580,1,0,1,3,1,12.360214,1.288403,0,0,20203
52590,1,0,5,7,1,12.359198,1.288294,0,0,20203
52600,0,1,11,13,1,12.358328,1.288191,0,0,20203
52610,0,0,1,2,1,12.357918,1.288127,0,0,20203
52620,0,0,1,2,1,12.357744,1.288094,0,0,20203
52630,0,0,0,0,0,12.356232,1.287926,0,0,20203
52640,0,0,5,6,1,12.355239,1.287812,0,0,20203
52650,0,1,5,7,1,12.354078,1.287642,0,0,20203
52660,1,0,19,21,1,12.353903,1.287581,0,0,20203
52670,2,3,7,13,1,12.353352,1.287559,0,0,20203
52680,3,1,6,11,1,12.352116,1.287458,0,0,20203
52690,0,5,14,20,1,12.353465,1.287555,0,0,20212
52700,0,0,0,0,0,12.353878,1.287600,0,0,20212
52710,0,1,5,7,1,12.352365,1.287432,0,0,20212
52720,0,0,0,0,0,12.351689,1.287374,0,0,20212
52730,1,0,12,14,1,12.351863,1.287344,0,0,20212
52740,0,0,0,1,1,12.352043,1.287386,0,0,20212
52750,0,0,1,2,1,12.350783,1.287226,0,0,20212
52760,0,1,4,6,1,12.349555,1.287111,0,0,20212
52770,1,0,10,12,1,12.349075,1.287020,0,0,20212
52780,0,0,0,1,1,12.347648,1.286866,0,0,20212
52790,0,1,4,6,1,12.345726,1.286673,0,0,20212
52800,1,0,5,7,1,12.345521,1.286626,0,0,20212
52810,1,0,9,11,1,12.345013,1.286566,0,0,20212
52820,3,0,10,14,1,12.344428,1.286502,0,0,20212
52830,1,0,16,18,1,12.345491,1.286628,0,0,20212
52840,1,1,15,18,1,12.346619,1.286702,0,0,20218
52850,3,1,20,25,1,12.348285,1.286850,0,0,20221
52860,0,0,1,2,1,12.347839,1.286819,0,0,20225
52870,0,1,17,19,1,12.346740,1.286699,0,0,20225
52880,0,1,15,17,1,12.348453,1.286883,0,0,20237
52890,1,0,18,20,1,12.350003,1.287044,0,0,20241
52900,0,1,17,19,1,12.351470,1.287197,0,0,20247
52910,0,0,4,5,1,12.351628,1.287231,0,0,20256
52920,0,0,3,4,1,12.350793,1.287167,0,0,20256
52930,1,0,17,19,1,12.349513,1.286993,0,0,20256
52940,1,0,2,4,1,12.348518,1.286912,0,0,20259
52950,0,0,0,0,0,12.347063,1.286760,0,0,20259
52960,1,0,4,6,1,12.345286,1.286595,0,0,20259
52970,0,0,0,1,1,12.343464,1.286445,0,0,20259
52980,0,1,5,7,1,12.342481,1.286305,0,0,20259
52990,0,0,0,0,0,12.340876,1.286127,0,0,20259
53000,2,1,16,20,1,12.339572,1.285941,0,0,20259
53010,1,2,20,24,1,12.341303,1.286144,0,0,20273
53020,0,0,16,17,1,12.342968,1.286322,0,0,20289
53030,4,1,12,18,1,12.343614,1.286374,0,0,20290
53040,0,1,1,3,1,12.343767,1.286375,0,0,20292
53050,1,2,15,19,1,12.343683,1.286333,0,0,20292
53060,1,0,16,18,1,12.343984,1.286362,0,0,20292
53070,1,0,4,6,1,12.344172,1.286397,0,0,20292
53080,1,0,1,3,1,12.342359,1.286220,0,0,20292
53090,0,0,10,11,1,12.341144,1.286053,0,0,20292
53100,1,0,7,9,1,12.341241,1.286058,0,0,20292
53110,0,0,6,7,1,12.340356,1.285996,0,0,20292
53120,0,0,0,0,0,12.338930,1.285835,0,0,20292
53130,1,1,5,8,1,12.337271,1.285659,0,0,20292
53140,0,3,9,13,1,12.336577,1.285602,0,0,20292
53150,2,0,8,11,1,12.335069,1.285462,0,0,20292
53160,0,1,2,4,1,12.334621,1.285393,0,0,20292
53170,0,0,5,6,1,12.333191,1.285246,0,0,20292
53180,0,1,8,10,1,12.332089,1.285129,0,0,20292
53190,2,3,20,26,1,12.333579,1.285279,0,0,20308
53200,0,1,16,18,1,12.334865,1.285430,0,0,20314
53210,0,1,8,10,1,12.334198,1.285331,0,0,20314
53220,1,4,11,17,1,12.334344,1.285305,0,0,20314
53230,0,0,5,6,1,12.333903,1.285234,0,0,20314
53240,6,0,18,25,1,12.335440,1.285377,0,0,20331
53250,2,0,2,5,1,12.334457,1.285317,0,0,20332
53260,0,0,2,3,1,12.332730,1.285147,0,0,20332
53270,0,0,1,2,1,12.331782,1.285053,0,0,20332
53280,0,2,11,14,1,12.331437,1.285005,0,0,20332
53290,0,0,0,1,1,12.330053,1.284898,0,0,20332
53300,1,0,8,10,1,12.328808,1.284761,0,0,20332
53310,0,2,18,21,1,12.328965,1.284779,0,0,20332
53320,0,0,0,0,0,12.329144,1.284831,0,0,20332
53330,0,0,0,0,0,12.327349,1.284633,0,0,20332
53340,1,0,10,12,1,12.325804,1.284455,0,0,20332
53350,0,0,13,14,1,12.325460,1.284419,0,0,20332
53360,3,0,3,7,1,12.325512,1.284409,0,0,20332
53370,0,0,15,16,1,12.325610,1.284429,0,0,20332
53380,0,0,12,13,1,12.326644,1.284542,0,0,20333
53390,0,1,10,12,1,12.325644,1.284443,0,0,20333
53400,3,0,18,22,1,12.325849,1.284441,0,0,20333
53410,3,2,16,22,1,12.327403,1.284608,0,0,20353
53420,0,2,15,18,1,12.328993,1.284754,0,0,20361
53430,1,0,3,5,1,12.328173,1.284698,0,0,20361
53440,0,0,0,1,1,12.327227,1.284572,0,0,20361
53450,2,0,8,11,1,12.326240,1.284454,0,0,20361
53460,1,2,15,19,1,12.325742,1.284387,0,0,20361
53470,2,3,15,21,1,12.327129,1.284554,0,0,20370
53480,0,0,10,11,1,12.328141,1.284667,0,0,20380
53490,1,1,2,5,1,12.326387,1.284506,0,0,20380
53500,1,0,20,22,1,12.327700,1.284603,0,0,20397
53510,0,0,3,4,1,12.326784,1.284553,0,0,20398
53520,0,1,2,4,1,12.326263,1.284483,0,0,20398
53530,0,0,0,1,1,12.324504,1.284297,0,0,20398
53540,0,0,3,4,1,12.322613,1.284115,0,0,20398
53550,2,1,20,24,1,12.323191,1.284173,0,0,20411
53560,0,0,5,6,1,12.322521,1.284153,0,0,20412
53570,1,0,5,7,1,12.321528,1.284069,0,0,20412
53580,1,2,9,13,1,12.319901,1.283895,0,0,20412
53590,1,1,12,15,1,12.319516,1.283849,0,0,20412
53600,0,2,14,17,1,12.320884,1.284007,0,0,20417
53610,0,0,12,13,1,12.320947,1.284018,0,0,20417
53620,1,1,6,9,1,12.319959,1.283940,0,0,20417
53630,1,0,4,6,1,12.318513,1.283767,0,0,20417
53640,0,0,16,17,1,12.318690,1.283763,0,0,20418
53650,3,1,19,24,1,12.320653,1.283965,0,0,20433
53660,2,7,18,28,1,12.322885,1.284210,0,0,20462
53670,0,0,0,0,0,12.323014,1.284245,0,0,20471
53680,2,0,12,15,1,12.322885,1.284192,0,0,20471
53690,0,0,16,17,1,12.323287,1.284239,0,0,20471
53700,0,6,14,21,1,12.324238,1.284335,0,0,20481
53710,1,2,8,12,1,12.324974,1.284390,0,0,20491
53720,0,0,10,11,1,12.325004,1.284410,0,0,20495
53730,0,1,5,7,1,12.324537,1.284366,0,0,20495
53740,0,1,19,21,1,12.323424,1.284200,0,0,20495
53750,2,1,12,16,1,12.324947,1.284359,0,0,20497
53760,4,1,4,10,1,12.325341,1.284440,0,0,20501
53770,2,0,6,9,1,12.325212,1.284421,0,0,20501
53780,0,0,5,6,1,12.324025,1.284297,0,0,20501
53790,2,3,12,18,1,12.323217,1.284176,0,0,20501
53800,0,1,20,22,1,12.324493,1.284334,0,0,20519
53810,0,0,2,3,1,12.324306,1.284329,0,0,20520
53820,1,3,6,11,1,12.323579,1.284248,0,0,20520
53830,0,1,3,5,1,12.323248,1.284243,0,0,20520
53840,2,0,10,13,1,12.322262,1.284140,0,0,20520
53850,0,0,0,1,1,12.322701,1.284201,0,0,20522
53860,0,0,5,6,1,12.320910,1.284024,0,0,20522
53870,4,0,6,11,1,12.320217,1.283905,0,0,20522
53880,1,1,3,6,1,12.319808,1.283854,0,0,20522
53890,3,1,3,8,1,12.320038,1.283851,0,0,20522
53900,0,0,0,1,1,12.319518,1.283777,0,0,20522
53910,0,0,5,6,1,12.317802,1.283610,0,0,20522
53920,1,1,4,7,1,12.317528,1.283587,0,0,20524
53930,0,0,1,2,1,12.316368,1.283456,0,0,20524
53940,2,2,12,17,1,12.315056,1.283312,0,0,20524
53950,3,4,18,26,1,12.316472,1.283474,0,0,20532
53960,1,2,19,23,1,12.319232,1.283811,0,0,20568
53970,1,3,15,20,1,12.319996,1.283900,0,0,20579
53980,0,1,17,19,1,12.321356,1.284067,0,0,20598
53990,0,0,1,2,1,12.320511,1.284003,0,0,20598
54000,0,0,1,2,1,12.318898,1.283843,0,0,20598
54010,0,0,0,1,1,12.317130,1.283676,0,0,20598
54020,0,0,9,10,1,12.315491,1.283475,0,0,20598
54030,0,0,5,6,1,12.314835,1.283411,0,0,20598
54040,1,0,19,21,1,12.314292,1.283325,0,0,20600
54050,3,0,11,15,1,12.313646,1.283300,0,0,20600
54060,4,2,19,26,1,12.315740,1.283503,0,0,20619
54070,2,1,14,18,1,12.317183,1.283666,0,0,20632
54080,1,0,12,14,1,12.317849,1.283730,0,0,20632
54090,1,0,16,18,1,12.319065,1.283894,0,0,20637
54100,0,0,0,0,0,12.317866,1.283788,0,0,20637
54110,0,0,3,4,1,12.316015,1.283618,0,0,20637
54120,4,1,16,22,1,12.316046,1.283542,0,0,20637
54130,0,1,3,5,1,12.316093,1.283569,0,0,20637
54140,0,5,14,20,1,12.315391,1.283500,0,0,20637
54150,0,2,14,17,1,12.316494,1.283647,0,0,20639
54160,5,1,11,18,1,12.316815,1.283641,0,0,20639
54170,5,2,18,26,1,12.318386,1.283780,0,0,20646
54180,3,3,18,25,1,12.319714,1.283906,0,0,20656
54190,1,2,18,22,1,12.322056,1.284202,0,0,20676
54200,0,4,18,23,1,12.323717,1.284394,0,0,20683
54210,3,6,19,29,1,12.325654,1.284618,0,0,20696
54220,0,2,17,20,1,12.327215,1.284801,0,0,20712
54230,0,1,17,19,1,12.328428,1.284917,0,0,20717
54240,1,1,16,19,1,12.330167,1.285088,0,0,20742
54250,1,1,14,17,1,12.331358,1.285203,0,0,20742
54260,2,0,12,15,1,12.331125,1.285181,0,0,20742
54270,0,0,18,19,1,12.332518,1.285336,0,0,20749
54280,2,0,14,17,1,12.334182,1.285509,0,0,20772
54290,0,2,12,15,1,12.335439,1.285635,0,0,20773
54300,0,0,11,12,1,12.336417,1.285751,0,0,20775
54310,0,1,16,18,1,12.337458,1.285828,0,0,20779
54320,2,1,19,23,1,12.339207,1.285988,0,0,20790
54330,3,2,17,23,1,12.340566,1.286112,0,0,20797
54340,0,3,10,14,1,12.341290,1.286187,0,0,20800
54350,0,1,11,13,1,12.342088,1.286243,0,0,20805
54360,0,0,2,3,1,12.341333,1.286152,0,0,20805
54370,2,0,13,16,1,12.341269,1.286153,0,0,20805
54380,0,0,11,12,1,12.341196,1.286147,0,0,20805
54390,0,0,0,0,0,12.341098,1.286164,0,0,20805
54400,3,0,19,23,1,12.340389,1.286068,0,0,20807
54410,2,6,11,20,1,12.342809,1.286342,0,0,20829
54420,2,3,17,23,1,12.344695,1.286536,0,0,20844
54430,0,0,0,1,1,12.345938,1.286700,0,0,20861
54440,0,2,13,16,1,12.346224,1.286725,0,0,20863
54450,4,2,19,26,1,12.347755,1.286860,0,0,20866
54460,6,4,18,29,1,12.350099,1.287116,0,0,20886
54470,1,0,17,19,1,12.351993,1.287321,0,0,20910
54480,0,0,8,9,1,12.352936,1.287439,0,0,20916
54490,2,0,12,15,1,12.352439,1.287397,0,0,20916
54500,0,1,10,12,1,12.352531,1.287436,0,0,20916
54510,0,1,2,4,1,12.353267,1.287500,0,0,20924
54520,1,3,18,23,1,12.352631,1.287409,0,0,20925
54530,1,5,18,25,1,12.353667,1.287492,0,0,20926
54540,0,1,17,19,1,12.355538,1.287712,0,0,20938
54550,3,3,19,26,1,12.356920,1.287841,0,0,20956
54560,4,1,11,17,1,12.358131,1.287947,0,0,20960
54570,2,1,13,17,1,12.358864,1.288001,0,0,20963
54580,0,0,18,19,1,12.359635,1.288069,0,0,20967
54590,0,0,3,4,1,12.359492,1.288076,0,0,20967
54600,0,1,4,6,1,12.358395,1.287957,0,0,20967
54610,0,2,6,9,1,12.357961,1.287907,0,0,20967
54620,1,1,3,6,1,12.356823,1.287817,0,0,20967
54630,2,1,17,21,1,12.356638,1.287739,0,0,20967
54640,3,3,19,26,1,12.358506,1.287921,0,0,20978
54650,0,1,14,16,1,12.358876,1.287970,0,0,20988
54660,1,0,11,13,1,12.360251,1.288108,0,0,20998
54670,0,1,1,3,1,12.359082,1.288003,0,0,20998
54680,1,2,14,18,1,12.358754,1.287935,0,0,20998
54690,3,1,12,17,1,12.360029,1.288087,0,0,21002
54700,0,5,7,13,1,12.361756,1.288269,0,0,21014
54710,0,5,20,26,1,12.363192,1.288431,0,0,21030
54720,1,1,9,12,1,12.363475,1.288492,0,0,21030
54730,1,2,6,10,1,12.362258,1.288380,0,0,21030
54740,0,1,13,15,1,12.361879,1.288323,0,0,21030
54750,0,0,7,8,1,12.361816,1.288297,0,0,21030
54760,0,2,19,22,1,12.362258,1.288299,0,0,21030
54770,1,0,17,19,1,12.362994,1.288366,0,0,21033
54780,0,0,1,2,1,12.363511,1.288429,0,0,21033
54790,4,3,20,28,1,12.364774,1.288536,0,0,21045
54800,1,1,13,16,1,12.365636,1.288641,0,0,21052
54810,3,2,18,24,1,12.367227,1.288801,0,0,21068
54820,2,4,15,22,1,12.368538,1.288950,0,0,21074
54830,0,3,19,23,1,12.369572,1.289048,0,0,21083
54840,0,1,1,3,1,12.370669,1.289157,0,0,21085
54850,2,2,6,11,1,12.369461,1.289039,0,0,21085
54860,1,3,11,16,1,12.368843,1.288989,0,0,21085
54870,0,0,1,2,1,12.369330,1.289022,0,0,21088
54880,1,0,4,6,1,12.367906,1.288896,0,0,21088
54890,0,3,13,17,1,12.367665,1.288868,0,0,21088
54900,0,0,3,4,1,12.368108,1.288929,0,0,21088
54910,1,0,19,21,1,12.366698,1.288770,0,0,21088
54920,0,0,3,4,1,12.367847,1.288936,0,0,21105
54930,0,1,14,16,1,12.367485,1.288896,0,0,21105
54940,0,0,6,7,1,12.366728,1.288848,0,0,21105
54950,0,0,0,0,0,12.365008,1.288696,0,0,21105
54960,1,3,13,18,1,12.365198,1.288694,0,0,21105
54970,1,0,5,7,1,12.365035,1.288694,0,0,21108
54980,3,2,15,21,1,12.365271,1.288679,0,0,21111
54990,2,1,18,22,1,12.366496,1.288811,0,0,21115
55000,0,2,9,12,1,12.367372,1.288886,0,0,21127
55010,0,1,11,13,1,12.367756,1.288908,0,0,21127
55020,2,1,7,11,1,12.368411,1.288950,0,0,21127
55030,0,1,2,4,1,12.367518,1.288842,0,0,21127
55040,0,0,0,1,1,12.365856,1.288683,0,0,21127
55050,1,1,9,12,1,12.365209,1.288625,0,0,21127
55060,0,0,1,2,1,12.363827,1.288491,0,0,21127
55070,0,0,5,6,1,12.363001,1.288368,0,0,21127
55080,0,1,12,14,1,12.362390,1.288295,0,0,21127
55090,0,0,0,1,1,12.361601,1.288227,0,0,21127
55100,1,1,9,12,1,12.360780,1.288124,0,0,21127
55110,0,4,10,15,1,12.360525,1.288098,0,0,21127
55120,0,1,9,11,1,12.362171,1.288284,0,0,21139
55130,0,0,1,2,1,12.360869,1.288141,0,0,21139
55140,0,0,0,1,1,12.359647,1.288008,0,0,21139
55150,0,1,6,8,1,12.359242,1.287944,0,0,21139
55160,0,0,17,18,1,12.359250,1.287913,0,0,21139
55170,0,0,1,2,1,12.358941,1.287937,0,0,21139
55180,2,2,13,18,1,12.357467,1.287747,0,0,21139
55190,1,0,20,22,1,12.358032,1.287788,0,0,21139
55200,0,0,6,7,1,12.358193,1.287827,0,0,21143
55210,0,4,10,15,1,12.357958,1.287790,0,0,21143
55220,1,2,16,20,1,12.358415,1.287818,0,0,21143
55230,0,2,6,9,1,12.358899,1.287869,0,0,21150
55240,0,0,7,8,1,12.357463,1.287714,0,0,21150
55250,1,0,12,14,1,12.356666,1.287609,0,0,21150
55260,2,0,12,15,1,12.356680,1.287594,0,0,21150
55270,0,0,10,11,1,12.356867,1.287644,0,0,21150
55280,2,0,20,23,1,12.357008,1.287647,0,0,21152
55290,2,5,20,28,1,12.358694,1.287849,0,0,21173
55300,2,0,19,22,1,12.360527,1.288047,0,0,21188
55310,1,1,17,20,1,12.361488,1.288167,0,0,21190
55320,0,1,4,6,1,12.361187,1.288152,0,0,21191
55330,2,0,7,10,1,12.361503,1.288176,0,0,21208
55340,0,0,0,1,1,12.359952,1.288040,0,0,21208
55350,1,3,14,19,1,12.358902,1.287933,0,0,21208
55360,1,0,19,21,1,12.359815,1.288041,0,0,21212
55370,2,3,19,25,1,12.361874,1.288267,0,0,21233
55380,2,0,12,15,1,12.363717,1.288491,0,0,21244
55390,0,0,4,5,1,12.362738,1.288415,0,0,21244
55400,1,2,5,9,1,12.363038,1.288437,0,0,21246
55410,0,2,7,10,1,12.363101,1.288431,0,0,21246
55420,0,1,3,5,1,12.361758,1.288288,0,0,21246
55430,0,0,6,7,1,12.360085,1.288165,0,0,21246
55440,0,0,1,2,1,12.358593,1.288041,0,0,21246
55450,0,0,3,4,1,12.357645,1.287942,0,0,21246
55460,1,1,3,6,1,12.355786,1.287758,0,0,21246
55470,1,2,13,17,1,12.355668,1.287726,0,0,21246
55480,0,2,5,8,1,12.356400,1.287773,0,0,21247
55490,0,0,20,21,1,12.357119,1.287845,0,0,21252
55500,1,0,20,22,1,12.358233,1.287949,0,0,21259
55510,6,1,16,24,1,12.360225,1.288179,0,0,21284
55520,1,3,12,17,1,12.361747,1.288349,0,0,21291
55530,2,0,19,22,1,12.362570,1.288406,0,0,21291
55540,0,0,2,3,1,12.362708,1.288430,0,0,21291
55550,0,3,7,11,1,12.362386,1.288377,0,0,21291
55560,0,0,5,6,1,12.361522,1.288262,0,0,21291
55570,1,2,6,10,1,12.360662,1.288132,0,0,21291
55580,0,0,1,2,1,12.359574,1.288040,0,0,21291
55590,2,2,10,15,1,12.358234,1.287871,0,0,21291
55600,3,2,19,25,1,12.360412,1.288079,0,0,21308
55610,3,0,12,16,1,12.361810,1.288227,0,0,21314
55620,3,1,19,24,1,12.363307,1.288358,0,0,21324
55630,0,2,11,14,1,12.364569,1.288507,0,0,21341
55640,2,1,16,20,1,12.364718,1.288539,0,0,21341
55650,3,3,20,27,1,12.366229,1.288699,0,0,21350
55660,0,0,0,0,0,12.366236,1.288753,0,0,21352
55670,1,1,1,4,1,12.364625,1.288558,0,0,21352
55680,1,0,1,3,1,12.363314,1.288390,0,0,21352
55690,2,0,13,16,1,12.362191,1.288249,0,0,21352
55700,0,0,8,9,1,12.363679,1.288440,0,0,21355
55710,1,3,5,10,1,12.362518,1.288292,0,0,21355
55720,0,1,0,2,1,12.361048,1.288168,0,0,21355
55730,0,3,0,4,1,12.360051,1.288054,0,0,21355
55740,0,1,9,11,1,12.358487,1.287881,0,0,21355
55750,2,3,15,21,1,12.359447,1.287933,0,0,21356
55760,0,0,3,4,1,12.360012,1.288004,0,0,21356
55770,3,0,18,22,1,12.359077,1.287902,0,0,21356
55780,0,1,13,15,1,12.360009,1.287992,0,0,21356
55790,0,0,1,2,1,12.358898,1.287878,0,0,21356
55800,0,0,3,4,1,12.357201,1.287694,0,0,21356
55810,0,0,1,2,1,12.355473,1.287567,0,0,21356
55820,0,1,1,3,1,12.353851,1.287419,0,0,21356
55830,0,0,9,10,1,12.352619,1.287281,0,0,21356
55840,0,0,4,5,1,12.351587,1.287186,0,0,21356
55850,0,0,0,0,0,12.349849,1.287023,0,0,21356
55860,0,0,1,2,1,12.348083,1.286878,0,0,21356
55870,0,0,8,9,1,12.347397,1.286823,0,0,21356
55880,0,0,4,5,1,12.346221,1.286662,0,0,21356
55890,1,2,19,23,1,12.346525,1.286657,0,0,21361
55900,0,0,6,7,1,12.347556,1.286794,0,0,21367
55910,1,0,6,8,1,12.346149,1.286666,0,0,21367
55920,0,1,7,9,1,12.344470,1.286527,0,0,21367
55930,2,1,6,10,1,12.343212,1.286381,0,0,21367
55940,0,0,5,6,1,12.342278,1.286286,0,0,21367
55950,1,1,2,5,1,12.341122,1.286149,0,0,21367
55960,1,2,15,19,1,12.342084,1.286242,0,0,21381
55970,4,2,13,20,1,12.342518,1.286299,0,0,21381
55980,2,0,14,17,1,12.344595,1.286542,0,0,21392
55990,1,0,1,3,1,12.343767,1.286494,0,0,21392
56000,3,3,13,20,1,12.343669,1.286454,0,0,21392
56010,0,0,7,8,1,12.343853,1.286481,0,0,21392
56020,0,0,5,6,1,12.342811,1.286360,0,0,21392
56030,0,0,16,17,1,12.343089,1.286379,0,0,21392
56040,1,3,20,25,1,12.344375,1.286499,0,0,21415
56050,2,1,11,15,1,12.345887,1.286702,0,0,21432
56060,0,0,5,6,1,12.344742,1.286573,0,0,21432
56070,0,1,8,10,1,12.343946,1.286502,0,0,21432
56080,0,0,4,5,1,12.344219,1.286537,0,0,21434
56090,1,1,16,19,1,12.344108,1.286516,0,0,21434
56100,2,0,15,18,1,12.345581,1.286693,0,0,21449
56110,3,3,19,26,1,12.347519,1.286876,0,0,21461
56120,2,0,16,19,1,12.349021,1.287056,0,0,21476
56130,1,1,11,14,1,12.350664,1.287227,0,0,21499
56140,1,0,8,10,1,12.349767,1.287151,0,0,21499
56150,0,2,0,3,1,12.348858,1.287049,0,0,21499
56160,0,0,10,11,1,12.347967,1.286946,0,0,21499
56170,0,1,19,21,1,12.349585,1.287110,0,0,21515
56180,0,1,13,15,1,12.351153,1.287273,0,0,21521
56190,1,0,7,9,1,12.350609,1.287207,0,0,21521
56200,4,6,19,30,1,12.352257,1.287383,0,0,21543
56210,1,1,19,22,1,12.353594,1.287537,0,0,21552
56220,1,0,13,15,1,12.355221,1.287716,0,0,21562
56230,4,1,14,20,1,12.356356,1.287843,0,0,21569
56240,1,1,10,13,1,12.356557,1.287867,0,0,21569
56250,1,1,19,22,1,12.357580,1.287959,0,0,21578
56260,0,2,13,16,1,12.358625,1.288096,0,0,21596
56270,0,1,3,5,1,12.357508,1.287994,0,0,21596
56280,0,0,6,7,1,12.355989,1.287826,0,0,21596
56290,1,1,11,14,1,12.355376,1.287776,0,0,21596
56300,4,4,20,29,1,12.356846,1.287913,0,0,21613
56310,2,1,14,18,1,12.358648,1.288148,0,0,21637
56320,2,3,15,21,1,12.358830,1.288143,0,0,21637
56330,1,0,11,13,1,12.359935,1.288270,0,0,21643
56340,3,3,18,25,1,12.360759,1.288336,0,0,21644
56350,1,0,8,10,1,12.361438,1.288438,0,0,21650
56360,2,0,10,13,1,12.361727,1.288466,0,0,21650
56370,1,2,4,8,1,12.361369,1.288400,0,0,21650
56380,0,0,16,17,1,12.361490,1.288365,0,0,21650
56390,2,3,11,17,1,12.362334,1.288448,0,0,21650
56400,3,1,16,21,1,12.363522,1.288567,0,0,21653
56410,2,0,16,19,1,12.365070,1.288723,0,0,21655
56420,3,1,14,19,1,12.366595,1.288875,0,0,21665
56430,1,4,20,26,1,12.367800,1.289017,0,0,21678
56440,0,1,7,9,1,12.368677,1.289141,0,0,21690
56450,0,0,5,6,1,12.367458,1.289031,0,0,21690
56460,1,1,10,13,1,12.367313,1.289006,0,0,21690
56470,0,0,5,6,1,12.366816,1.288959,0,0,21690
56480,1,0,12,14,1,12.365847,1.288858,0,0,21690
56490,1,1,12,15,1,12.366019,1.288895,0,0,21690
56500,0,0,0,1,1,12.364688,1.288801,0,0,21690
56510,2,4,16,23,1,12.365424,1.288847,0,0,21694
56520,0,0,6,7,1,12.365110,1.288830,0,0,21694
56530,0,2,17,20,1,12.365721,1.288908,0,0,21694
56540,0,1,7,9,1,12.366996,1.289074,0,0,21700
56550,0,1,3,5,1,12.366433,1.288994,0,0,21700
56560,1,0,2,4,1,12.365445,1.288900,0,0,21700
56570,0,0,3,4,1,12.363814,1.288747,0,0,21700
56580,0,1,2,4,1,12.362154,1.288576,0,0,21700
56590,0,1,12,14,1,12.360822,1.288442,0,0,21700
56600,2,2,9,14,1,12.361051,1.288454,0,0,21709
56610,0,1,9,11,1,12.361010,1.288459,0,0,21709
56620,0,0,1,2,1,12.359337,1.288298,0,0,21709
56630,1,0,17,19,1,12.358323,1.288159,0,0,21709
56640,3,2,13,19,1,12.359582,1.288279,0,0,21711
56650,0,0,15,16,1,12.359859,1.288286,0,0,21711
56660,1,2,16,20,1,12.360162,1.288306,0,0,21714
56670,0,0,14,15,1,12.361583,1.288465,0,0,21726
56680,2,2,18,23,1,12.362779,1.288606,0,0,21735
56690,0,1,8,10,1,12.364400,1.288830,0,0,21758
56700,0,0,2,3,1,12.364430,1.288804,0,0,21758
56710,2,1,3,7,1,12.363049,1.288667,0,0,21758
56720,1,3,12,17,1,12.364191,1.288789,0,0,21766
56730,1,0,16,18,1,12.365426,1.288908,0,0,21771
56740,0,0,2,3,1,12.365832,1.288959,0,0,21776
56750,0,0,4,5,1,12.364300,1.288814,0,0,21776
56760,4,0,10,15,1,12.363851,1.288729,0,0,21776
56770,0,0,3,4,1,12.364131,1.288756,0,0,21781
56780,3,1,20,25,1,12.363942,1.288684,0,0,21782
56790,3,1,16,21,1,12.365845,1.288922,0,0,21805
56800,0,1,12,14,1,12.367322,1.289088,0,0,21817
56810,0,0,1,2,1,12.366180,1.288992,0,0,21817
56820,0,0,6,7,1,12.364676,1.288849,0,0,21817
56830,0,1,4,6,1,12.363026,1.288673,0,0,21817
56840,1,1,10,13,1,12.362342,1.288596,0,0,21817
56850,0,1,19,21,1,12.362473,1.288586,0,0,21818
56860,1,0,8,10,1,12.362273,1.288551,0,0,21818
56870,0,3,12,16,1,12.362985,1.288604,0,0,21818
56880,0,0,3,4,1,12.362449,1.288560,0,0,21818
56890,3,1,17,22,1,12.364057,1.288715,0,0,21836
56900,1,1,18,21,1,12.365933,1.288923,0,0,21859
56910,3,0,20,24,1,12.367820,1.289140,0,0,21880
56920,0,1,12,14,1,12.369427,1.289357,0,0,21898
56930,1,2,12,16,1,12.369473,1.289360,0,0,21898
56940,0,0,14,15,1,12.369517,1.289369,0,0,21898
56950,0,0,2,3,1,12.368952,1.289319,0,0,21898
56960,2,0,11,14,1,12.367997,1.289222,0,0,21898
56970,0,3,3,7,1,12.367717,1.289200,0,0,21898
56980,0,0,0,1,1,12.366985,1.289104,0,0,21898
56990,0,0,12,13,1,12.366854,1.289081,0,0,21898
57000,0,0,11,12,1,12.367248,1.289103,0,0,21898
57010,0,0,9,10,1,12.366449,1.289043,0,0,21898
57020,0,0,10,11,1,12.367021,1.289089,0,0,21900
57030,1,0,2,4,1,12.366377,1.289040,0,0,21900
57040,0,0,16,17,1,12.366075,1.289001,0,0,21900
57050,2,1,9,13,1,12.366505,1.289063,0,0,21900
57060,7,2,18,28,1,12.367257,1.289138,0,0,21902
57070,0,0,19,20,1,12.368725,1.289294,0,0,21911
57080,0,1,8,10,1,12.367960,1.289230,0,0,21916
57090,3,2,14,20,1,12.367390,1.289166,0,0,21916
57100,1,0,3,5,1,12.367867,1.289272,0,0,21917
57110,1,0,1,3,1,12.366607,1.289141,0,0,21917
57120,2,0,13,16,1,12.365680,1.289032,0,0,21917
57130,0,0,0,1,1,12.365214,1.288988,0,0,21917
57140,0,2,4,7,1,12.363981,1.288845,0,0,21917
57150,0,0,9,10,1,12.364682,1.288953,0,0,21925
57160,0,0,0,1,1,12.363190,1.288826,0,0,21925
57170,5,0,19,25,1,12.363691,1.288861,0,0,21930
57180,1,2,19,23,1,12.364870,1.288996,0,0,21935
57190,0,0,12,13,1,12.364968,1.288994,0,0,21940
57200,0,0,14,15,1,12.365192,1.289017,0,0,21945
57210,5,0,18,24,1,12.366785,1.289169,0,0,21963
57220,0,1,20,22,1,12.367937,1.289289,0,0,21965
57230,1,2,13,17,1,12.369301,1.289448,0,0,21979
57240,1,0,8,10,1,12.368355,1.289328,0,0,21979
57250,4,2,17,24,1,12.369309,1.289396,0,0,21980
57260,2,3,17,23,1,12.371333,1.289649,0,0,22004
57270,2,5,20,28,1,12.373455,1.289878,0,0,22014
57280,0,0,1,2,1,12.372921,1.289838,0,0,22019
57290,0,0,0,1,1,12.371359,1.289710,0,0,22019
57300,2,2,5,10,1,12.370984,1.289671,0,0,22019
57310,0,0,0,1,1,12.370892,1.289628,0,0,22019
57320,0,0,0,0,0,12.369173,1.289463,0,0,22019
57330,0,3,17,21,1,12.368482,1.289346,0,0,22021
57340,3,1,19,24,1,12.370270,1.289558,0,0,22046
57350,2,1,15,19,1,12.370498,1.289573,0,0,22050
57360,0,3,11,15,1,12.372117,1.289758,0,0,22073
57370,1,2,17,21,1,12.372802,1.289841,0,0,22073
57380,1,0,10,12,1,12.373632,1.289950,0,0,22075
57390,1,0,17,19,1,12.375620,1.290179,0,0,22101
57400,1,0,6,8,1,12.375945,1.290226,0,0,22107
57410,3,2,19,25,1,12.377348,1.290335,0,0,22110
57420,0,1,14,16,1,12.378160,1.290391,0,0,22114
57430,1,0,3,5,1,12.377251,1.290313,0,0,22114
57440,0,0,2,3,1,12.375444,1.290166,0,0,22114
57450,0,0,6,7,1,12.374498,1.290063,0,0,22114
57460,0,0,7,8,1,12.373086,1.289920,0,0,22114
57470,0,0,5,6,1,12.373219,1.289913,0,0,22114
57480,0,0,8,9,1,12.371614,1.289748,0,0,22114
57490,0,0,6,7,1,12.370957,1.289684,0,0,22114
57500,0,0,0,1,1,12.369940,1.289577,0,0,22114
57510,0,0,0,1,1,12.368337,1.289401,0,0,22114
57520,1,0,2,4,1,12.366891,1.289245,0,0,22114
57530,0,0,2,3,1,12.366350,1.289196,0,0,22114
57540,5,2,12,20,1,12.365978,1.289133,0,0,22114
57550,0,0,10,11,1,12.367435,1.289301,0,0,22129
57560,2,0,14,17,1,12.367227,1.289275,0,0,22129
57570,0,3,10,14,1,12.368295,1.289358,0,0,22133
57580,3,0,15,19,1,12.367490,1.289278,0,0,22133
57590,0,0,20,21,1,12.368558,1.289397,0,0,22140
57600,0,0,6,7,1,12.369506,1.289488,0,0,22143
57610,0,1,6,8,1,12.368140,1.289355,0,0,22143
57620,1,0,6,8,1,12.366948,1.289228,0,0,22143
57630,0,0,6,7,1,12.365548,1.289071,0,0,22143
57640,1,2,12,16,1,12.364604,1.288946,0,0,22143
57650,1,0,9,11,1,12.363718,1.288842,0,0,22143
57660,0,1,5,7,1,12.362374,1.288713,0,0,22143
57670,1,0,0,2,1,12.361313,1.288612,0,0,22143
57680,2,4,16,23,1,12.362358,1.288714,0,0,22150
57690,1,4,13,19,1,12.363438,1.288822,0,0,22155
57700,0,1,18,20,1,12.364635,1.288935,0,0,22157
57710,1,2,15,19,1,12.365581,1.289014,0,0,22174
57720,0,0,20,21,1,12.366102,1.289048,0,0,22179
57730,0,0,0,1,1,12.365263,1.289009,0,0,22185
57740,0,1,8,10,1,12.363688,1.288856,0,0,22185
57750,1,4,20,26,1,12.364996,1.289002,0,0,22195
57760,1,1,14,17,1,12.365398,1.289027,0,0,22198
57770,1,0,18,20,1,12.365726,1.289035,0,0,22199
57780,1,3,18,23,1,12.365820,1.289040,0,0,22205
57790,4,0,17,22,1,12.367056,1.289171,0,0,22212
57800,0,0,3,4,1,12.365807,1.289083,0,0,22212
57810,0,0,5,6,1,12.364151,1.288947,0,0,22212
57820,1,1,0,3,1,12.363029,1.288823,0,0,22212
57830,0,0,2,3,1,12.361169,1.288669,0,0,22212
57840,1,0,5,7,1,12.359875,1.288554,0,0,22212
57850,1,0,7,9,1,12.360367,1.288596,0,0,22212
57860,4,1,18,24,1,12.361679,1.288726,0,0,22224
57870,2,0,17,20,1,12.362933,1.288840,0,0,22231
57880,1,2,12,16,1,12.362761,1.288836,0,0,22231
57890,0,1,1,3,1,12.361983,1.288773,0,0,22231
57900,1,0,2,4,1,12.360725,1.288609,0,0,22231
57910,1,1,9,12,1,12.359953,1.288492,0,0,22231
57920,0,0,1,2,1,12.359040,1.288389,0,0,22231
57930,1,2,5,9,1,12.357586,1.288228,0,0,22231
57940,0,0,1,2,1,12.356264,1.288093,0,0,22231
57950,2,3,12,18,1,12.356428,1.288080,0,0,22233
57960,1,1,19,22,1,12.358259,1.288298,0,0,22261
57970,2,0,13,16,1,12.358124,1.288300,0,0,22266
57980,0,0,12,13,1,12.357585,1.288221,0,0,22266
57990,2,2,1,6,1,12.357736,1.288243,0,0,22268
58000,0,0,0,1,1,12.356532,1.288136,0,0,22268
58010,0,0,11,12,1,12.356106,1.288075,0,0,22268
58020,0,0,8,9,1,12.356219,1.288073,0,0,22268
58030,0,0,0,0,0,12.356323,1.288090,0,0,22268
58040,0,0,13,14,1,12.355424,1.287969,0,0,22268
58050,0,3,10,14,1,12.354759,1.287874,0,0,22268
58060,3,3,11,18,1,12.355691,1.287962,0,0,22271
58070,0,2,2,5,1,12.355056,1.287911,0,0,22271
58080,1,2,4,8,1,12.353516,1.287737,0,0,22271
58090,0,0,3,4,1,12.352527,1.287627,0,0,22271
58100,0,0,0,1,1,12.351077,1.287492,0,0,22271
58110,0,2,6,9,1,12.349471,1.287333,0,0,22271
58120,0,1,17,19,1,12.349611,1.287341,0,0,22274
58130,2,0,7,10,1,12.349745,1.287357,0,0,22276
58140,1,1,19,22,1,12.349613,1.287306,0,0,22276
58150,1,3,18,23,1,12.352141,1.287592,0,0,22287
58160,2,2,11,16,1,12.353096,1.287696,0,0,22289
58170,1,2,20,24,1,12.354603,1.287842,0,0,22299
58180,2,1,2,6,1,12.354346,1.287806,0,0,22303
58190,0,0,0,0,0,12.352832,1.287662,0,0,22303
58200,1,0,10,12,1,12.351659,1.287525,0,0,22303
58210,1,0,5,7,1,12.351805,1.287529,0,0,22304
58220,0,1,3,5,1,12.350574,1.287405,0,0,22304
58230,0,0,5,6,1,12.349165,1.287263,0,0,22304
58240,1,4,16,22,1,12.348649,1.287218,0,0,22305
58250,0,0,4,5,1,12.348099,1.287179,0,0,22305
58260,2,2,19,24,1,12.349107,1.287247,0,0,22310
58270,2,0,15,18,1,12.350167,1.287366,0,0,22317
58280,0,0,3,4,1,12.349098,1.287259,0,0,22317
58290,1,0,4,6,1,12.347752,1.287096,0,0,22317
58300,0,0,0,0,0,12.346502,1.286977,0,0,22317
58310,2,0,19,22,1,12.346882,1.286957,0,0,22320
58320,0,0,0,1,1,12.345854,1.286884,0,0,22321
58330,0,1,10,12,1,12.344371,1.286727,0,0,22321
58340,0,0,11,12,1,12.342946,1.286594,0,0,22321
58350,0,0,10,11,1,12.343824,1.286688,0,0,22333
58360,5,0,16,22,1,12.344370,1.286735,0,0,22336
58370,3,0,11,15,1,12.344670,1.286769,0,0,22336
58380,1,1,9,12,1,12.344502,1.286749,0,0,22336
58390,0,0,3,4,1,12.343318,1.286644,0,0,22336
58400,1,1,17,20,1,12.343696,1.286688,0,0,22347
58410,1,0,18,20,1,12.345178,1.286853,0,0,22352
58420,0,0,20,21,1,12.345941,1.286935,0,0,22360
58430,0,0,0,1,1,12.345498,1.286891,0,0,22363
58440,0,1,5,7,1,12.343930,1.286730,0,0,22363
58450,0,0,6,7,1,12.343279,1.286671,0,0,22363
58460,1,0,7,9,1,12.342787,1.286610,0,0,22363
58470,2,4,20,27,1,12.344208,1.286728,0,0,22370
58480,0,1,2,4,1,12.343951,1.286729,0,0,22379
58490,0,0,7,8,1,12.342586,1.286584,0,0,22379
58500,0,1,4,6,1,12.343170,1.286638,0,0,22383
58510,3,1,16,21,1,12.343260,1.286668,0,0,22389
58520,5,3,19,28,1,12.345215,1.286849,0,0,22401
58530,1,2,12,16,1,12.346603,1.287007,0,0,22415
58540,2,1,19,23,1,12.347800,1.287122,0,0,22418
58550,1,0,13,15,1,12.348203,1.287134,0,0,22421
58560,1,0,7,9,1,12.348127,1.287138,0,0,22421
58570,3,1,12,17,1,12.348883,1.287201,0,0,22421
58580,6,1,17,25,1,12.349113,1.287215,0,0,22421
58590,3,0,16,20,1,12.350646,1.287398,0,0,22429
58600,2,2,20,25,1,12.352055,1.287533,0,0,22438
58610,4,4,16,25,1,12.353646,1.287708,0,0,22446
58620,2,0,16,19,1,12.355335,1.287858,0,0,22451
58630,0,1,15,17,1,12.355919,1.287910,0,0,22451
58640,0,0,0,0,0,12.356531,1.287960,0,0,22456
58650,1,0,8,10,1,12.356025,1.287877,0,0,22456
58660,0,1,13,15,1,12.355659,1.287839,0,0,22456
58670,3,0,9,13,1,12.355816,1.287837,0,0,22456
58680,0,0,3,4,1,12.354998,1.287740,0,0,22456
58690,0,0,4,5,1,12.354677,1.287702,0,0,22456
58700,0,0,4,5,1,12.353424,1.287574,0,0,22456
58710,2,1,20,24,1,12.354599,1.287703,0,0,22483
58720,0,0,19,20,1,12.356153,1.287883,0,0,22497
58730,2,0,16,19,1,12.357282,1.288005,0,0,22508
58740,1,1,14,17,1,12.358077,1.288102,0,0,22509
58750,2,3,15,21,1,12.359538,1.288240,0,0,22514
58760,2,2,20,25,1,12.361584,1.288476,0,0,22528
58770,6,1,13,21,1,12.363847,1.288721,0,0,22542
58780,2,2,9,14,1,12.364445,1.288787,0,0,22546
58790,1,1,14,17,1,12.364312,1.288760,0,0,22546
58800,1,1,8,11,1,12.365497,1.288895,0,0,22560
58810,5,3,20,29,1,12.367347,1.289112,0,0,22592
58820,4,0,16,21,1,12.369516,1.289366,0,0,22604
58830,0,1,19,21,1,12.371068,1.289534,0,0,22614
58840,0,3,20,24,1,12.372440,1.289682,0,0,22631
58850,0,0,0,0,0,12.372915,1.289756,0,0,22633
58860,0,0,9,10,1,12.371682,1.289630,0,0,22633
58870,4,0,17,22,1,12.372623,1.289707,0,0,22633
58880,1,0,11,13,1,12.374296,1.289875,0,0,22647
58890,0,0,2,3,1,12.374108,1.289846,0,0,22649
58900,0,0,4,5,1,12.372777,1.289732,0,0,22649
58910,0,0,14,15,1,12.372078,1.289650,0,0,22649
58920,2,1,8,12,1,12.372089,1.289632,0,0,22649
58930,0,0,9,10,1,12.371773,1.289590,0,0,22649
58940,2,5,17,25,1,12.372876,1.289687,0,0,22657
58950,0,0,19,20,1,12.374258,1.289854,0,0,22675
58960,1,2,19,23,1,12.375704,1.290009,0,0,22686
58970,0,0,7,8,1,12.376277,1.290080,0,0,22687
58980,0,2,8,11,1,12.376575,1.290117,0,0,22687
58990,4,4,8,17,1,12.377669,1.290229,0,0,22702
59000,0,0,3,4,1,12.377330,1.290200,0,0,22702
59010,2,1,2,6,1,12.375812,1.290042,0,0,22702
59020,0,1,4,6,1,12.374395,1.289890,0,0,22702
59030,0,3,11,15,1,12.374135,1.289835,0,0,22702
59040,1,0,8,10,1,12.374372,1.289851,0,0,22703
59050,0,2,3,6,1,12.373128,1.289743,0,0,22703
59060,0,0,0,1,1,12.371715,1.289564,0,0,22703
59070,0,0,0,0,0,12.370207,1.289411,0,0,22703
59080,0,1,11,13,1,12.368933,1.289251,0,0,22703
59090,3,0,8,12,1,12.369139,1.289279,0,0,22712
59100,0,0,0,0,0,12.368376,1.289216,0,0,22712
59110,0,0,2,3,1,12.366693,1.289065,0,0,22712
59120,1,0,6,8,1,12.365107,1.288927,0,0,22712
59130,1,0,12,14,1,12.365358,1.288923,0,0,22715
59140,3,1,11,16,1,12.366248,1.289061,0,0,22717
59150,0,0,1,2,1,12.365460,1.289013,0,0,22717
59160,1,1,7,10,1,12.365038,1.288953,0,0,22717
59170,0,0,4,5,1,12.364449,1.288910,0,0,22717
59180,0,0,7,8,1,12.363880,1.288834,0,0,22717
59190,0,1,11,13,1,12.364205,1.288848,0,0,22717
59200,0,1,13,15,1,12.364846,1.288910,0,0,22720
59210,1,1,2,5,1,12.364350,1.288842,0,0,22720
59220,0,0,0,1,1,12.362768,1.288686,0,0,22720
59230,0,1,11,13,1,12.361643,1.288557,0,0,22720
59240,0,1,7,9,1,12.360692,1.288465,0,0,22720
59250,2,0,18,21,1,12.361065,1.288476,0,0,22724
59260,0,1,2,4,1,12.360150,1.288433,0,0,22726
59270,0,2,12,15,1,12.360176,1.288449,0,0,22726
59280,0,3,2,6,1,12.359823,1.288435,0,0,22726
59290,1,1,9,12,1,12.358890,1.288319,0,0,22726
59300,0,1,1,3,1,12.357304,1.288174,0,0,22726
59310,0,1,15,17,1,12.356719,1.288099,0,0,22726
59320,1,3,19,24,1,12.358025,1.288217,0,0,22731
59330,2,0,20,23,1,12.359532,1.288388,0,0,22749
59340,0,3,19,23,1,12.360790,1.288514,0,0,22761
59350,0,0,18,19,1,12.361627,1.288601,0,0,22761
59360,1,2,16,20,1,12.363011,1.288764,0,0,22773
59370,0,0,0,1,1,12.363091,1.288781,0,0,22773
59380,0,0,0,0,0,12.361504,1.288613,0,0,22773
59390,1,0,1,3,1,12.360597,1.288518,0,0,22773
59400,0,0,0,0,0,12.359615,1.288422,0,0,22773
59410,0,3,10,14,1,12.359479,1.288401,0,0,22774
59420,2,4,12,19,1,12.361202,1.288624,0,0,22812
59430,0,2,8,11,1,12.362290,1.288732,0,0,22825
59440,0,0,2,3,1,12.362222,1.288748,0,0,22825
59450,3,3,20,27,1,12.361561,1.288661,0,0,22825
59460,0,0,6,7,1,12.361941,1.288705,0,0,22833
59470,0,0,1,2,1,12.362356,1.288727,0,0,22833
59480,1,0,13,15,1,12.361686,1.288637,0,0,22833
59490,1,2,4,8,1,12.360360,1.288510,0,0,22833
59500,1,1,9,12,1,12.359559,1.288417,0,0,22833
59510,0,0,0,1,1,12.359394,1.288436,0,0,22833
59520,0,2,6,9,1,12.358888,1.288358,0,0,22833
59530,0,1,4,6,1,12.358891,1.288358,0,0,22833
59540,1,1,6,9,1,12.359139,1.288346,0,0,22833
59550,1,0,9,11,1,12.359003,1.288300,0,0,22833
59560,0,0,0,0,0,12.358950,1.288285,0,0,22837
59570,0,0,8,9,1,12.358790,1.288244,0,0,22837
59580,0,0,0,0,0,12.357118,1.288067,0,0,22837
59590,0,0,4,5,1,12.355342,1.287931,0,0,22837
59600,0,0,8,9,1,12.354103,1.287845,0,0,22837
59610,1,1,10,13,1,12.353175,1.287739,0,0,22837
59620,0,0,3,4,1,12.352202,1.287637,0,0,22837
59630,4,1,13,19,1,12.351575,1.287549,0,0,22837
59640,3,1,10,15,1,12.351586,1.287557,0,0,22837
59650,0,0,3,4,1,12.351293,1.287513,0,0,22837
59660,0,1,1,3,1,12.349662,1.287369,0,0,22837
59670,0,0,1,2,1,12.347982,1.287223,0,0,22837
59680,1,0,20,22,1,12.347087,1.287148,0,0,22838
59690,2,0,6,9,1,12.348131,1.287268,0,0,22847
59700,0,2,8,11,1,12.348253,1.287271,0,0,22847
59710,0,0,9,10,1,12.347393,1.287177,0,0,22847
59720,1,0,7,9,1,12.347724,1.287193,0,0,22848
59730,0,0,1,2,1,12.346749,1.287119,0,0,22848
59740,0,0,1,2,1,12.346480,1.287072,0,0,22848
59750,0,0,0,0,0,12.345264,1.286943,0,0,22848
59760,0,0,0,1,1,12.343599,1.286781,0,0,22848
59770,1,0,5,7,1,12.342573,1.286658,0,0,22848
59780,4,4,13,22,1,12.343254,1.286704,0,0,22853
59790,1,1,12,15,1,12.344918,1.286873,0,0,22862
59800,2,8,19,30,1,12.345697,1.286943,0,0,22868
59810,0,1,14,16,1,12.345594,1.286954,0,0,22870
59820,1,2,15,19,1,12.345432,1.286910,0,0,22870
59830,3,0,6,10,1,12.346079,1.287018,0,0,22875
59840,0,0,1,2,1,12.345994,1.287009,0,0,22875
59850,0,1,8,10,1,12.344985,1.286890,0,0,22875
59860,1,1,12,15,1,12.345675,1.286924,0,0,22879
59870,0,1,12,14,1,12.345621,1.286907,0,0,22880
59880,1,1,7,10,1,12.346880,1.287033,0,0,22900
59890,1,3,17,22,1,12.347573,1.287092,0,0,22904
59900,0,3,7,11,1,12.348712,1.287244,0,0,22919
59910,2,0,9,12,1,12.348191,1.287154,0,0,22919
59920,1,0,5,7,1,12.347179,1.287042,0,0,22919
59930,0,0,9,10,1,12.347706,1.287112,0,0,22919
59940,0,0,8,9,1,12.346667,1.287008,0,0,22919
59950,0,1,19,21,1,12.347683,1.287089,0,0,22928
59960,0,0,12,13,1,12.348165,1.287106,0,0,22933
59970,5,0,7,13,1,12.349343,1.287217,0,0,22940
59980,0,0,1,2,1,12.349473,1.287235,0,0,22940
59990,0,0,8,9,1,12.348502,1.287123,0,0,22940
60000,1,4,6,12,1,12.347434,1.287020,0,0,22940
60010,0,2,19,22,1,12.348350,1.287093,0,0,22941
60020,2,0,17,20,1,12.349106,1.287176,0,0,22945
60030,0,0,5,6,1,12.348480,1.287142,0,0,22948
60040,3,5,16,25,1,12.348482,1.287117,0,0,22959
60050,1,2,15,19,1,12.349705,1.287267,0,0,22962
60060,4,4,20,29,1,12.350490,1.287336,0,0,22967
60070,0,0,10,11,1,12.350857,1.287394,0,0,22974
60080,0,2,12,15,1,12.350790,1.287398,0,0,22974
60090,5,6,20,32,1,12.351321,1.287410,0,0,22977
60100,2,5,13,21,1,12.353331,1.287647,0,0,22999
60110,1,0,17,19,1,12.355403,1.287914,0,0,23028
60120,1,4,9,15,1,12.355344,1.287896,0,0,23028
60130,2,1,9,13,1,12.356762,1.288031,0,0,23041
60140,1,3,15,20,1,12.357594,1.288093,0,0,23048
60150,4,2,7,14,1,12.358235,1.288180,0,0,23048
60160,1,1,18,21,1,12.358821,1.288218,0,0,23055
60170,2,2,7,12,1,12.359536,1.288257,0,0,23055
60180,0,1,3,5,1,12.359677,1.288280,0,0,23055
60190,0,0,0,0,0,12.358195,1.288155,0,0,23055
60200,0,0,0,1,1,12.356489,1.288003,0,0,23055
60210,1,0,1,3,1,12.355436,1.287909,0,0,23055
60220,1,2,9,13,1,12.354405,1.287797,0,0,23055
60230,1,3,13,18,1,12.354117,1.287762,0,0,23055
60240,0,0,2,3,1,12.353880,1.287755,0,0,23055
60250,4,1,11,17,1,12.353264,1.287655,0,0,23055
60260,0,0,1,2,1,12.353923,1.287720,0,0,23066
60270,5,3,19,28,1,12.355179,1.287817,0,0,23081
60280,0,0,12,13,1,12.357190,1.288058,0,0,23100
60290,0,0,9,10,1,12.356301,1.287951,0,0,23100
60300,1,0,4,6,1,12.355681,1.287884,0,0,23100
60310,0,3,6,10,1,12.354839,1.287794,0,0,23100
60320,0,0,0,1,1,12.354427,1.287753,0,0,23100
60330,1,2,6,10,1,12.353533,1.287620,0,0,23100
60340,1,3,18,23,1,12.354672,1.287730,0,0,23108
60350,2,0,4,7,1,12.355029,1.287798,0,0,23112
60360,0,1,15,17,1,12.354076,1.287694,0,0,23112
60370,4,0,20,25,1,12.355858,1.287906,0,0,23145
60380,2,2,20,25,1,12.358295,1.288205,0,0,23172
60390,1,3,3,8,1,12.358931,1.288293,0,0,23176
60400,0,2,7,10,1,12.358442,1.288222,0,0,23176
60410,2,5,8,16,1,12.359041,1.288253,0,0,23177
60420,0,0,7,8,1,12.359236,1.288278,0,0,23186
60430,0,0,6,7,1,12.358361,1.288184,0,0,23186
60440,0,0,10,11,1,12.358925,1.288207,0,0,23193
60450,0,1,0,2,1,12.357899,1.288129,0,0,23193
60460,1,1,2,5,1,12.356580,1.288007,0,0,23193
60470,0,0,11,12,1,12.356388,1.287985,0,0,23193
60480,3,7,15,26,1,12.357653,1.288114,0,0,23205
60490,1,0,18,20,1,12.358795,1.288235,0,0,23208
60500,0,2,13,16,1,12.359857,1.288379,0,0,23210
60510,0,0,17,18,1,12.361975,1.288629,0,0,23234
60520,0,1,13,15,1,12.362268,1.288679,0,0,23236
60530,0,0,10,11,1,12.362579,1.288722,0,0,23236
60540,2,0,8,11,1,12.362345,1.288664,0,0,23236
60550,0,0,6,7,1,12.361652,1.288596,0,0,23236
60560,0,0,0,0,0,12.360033,1.288472,0,0,23236
60570,1,4,13,19,1,12.359582,1.288431,0,0,23236
60580,0,2,6,9,1,12.359472,1.288433,0,0,23241
60590,2,1,19,23,1,12.360099,1.288498,0,0,23247
60600,1,1,11,14,1,12.361297,1.288641,0,0,23257
60610,0,1,19,21,1,12.362220,1.288712,0,0,23262
60620,0,0,7,8,1,12.362792,1.288836,0,0,23264
60630,1,3,10,15,1,12.362821,1.288819,0,0,23264
60640,1,1,19,22,1,12.363848,1.288919,0,0,23267
60650,4,2,15,22,1,12.364779,1.289018,0,0,23269
60660,1,1,14,17,1,12.366304,1.289208,0,0,23292
60670,0,1,11,13,1,12.366250,1.289220,0,0,23292
60680,1,1,17,20,1,12.366679,1.289262,0,0,23292
60690,1,0,2,4,1,12.366279,1.289214,0,0,23292
60700,0,0,11,12,1,12.366858,1.289276,0,0,23296
60710,0,1,8,10,1,12.366887,1.289264,0,0,23296
60720,1,4,18,24,1,12.368047,1.289371,0,0,23303
60730,1,0,3,5,1,12.367986,1.289354,0,0,23304
60740,0,0,16,17,1,12.367289,1.289290,0,0,23304
60750,3,2,20,26,1,12.368996,1.289494,0,0,23323
60760,1,0,14,16,1,12.370044,1.289636,0,0,23325
60770,1,0,11,13,1,12.371275,1.289795,0,0,23332
60780,0,0,2,3,1,12.370435,1.289710,0,0,23332
60790,0,0,13,14,1,12.369639,1.289620,0,0,23332
60800,3,0,20,24,1,12.370478,1.289707,0,0,23336
60810,4,1,6,12,1,12.371493,1.289817,0,0,23347
60820,0,1,5,7,1,12.371232,1.289783,0,0,23347
60830,3,0,15,19,1,12.371560,1.289778,0,0,23353
60840,2,3,14,20,1,12.373118,1.289975,0,0,23380
60850,0,0,0,0,0,12.373118,1.290002,0,0,23388
60860,0,0,4,5,1,12.371526,1.289853,0,0,23388
60870,0,0,0,1,1,12.369889,1.289704,0,0,23388
60880,0,0,1,2,1,12.368956,1.289576,0,0,23388
60890,0,0,6,7,1,12.367689,1.289413,0,0,23388
60900,0,0,1,2,1,12.366973,1.289331,0,0,23388
60910,0,0,5,6,1,12.365307,1.289155,0,0,23388
60920,0,0,1,2,1,12.364215,1.289028,0,0,23388
60930,0,0,10,11,1,12.363597,1.288950,0,0,23388
60940,0,3,18,22,1,12.362590,1.288818,0,0,23388
60950,1,1,17,20,1,12.363756,1.288951,0,0,23392
60960,2,6,11,20,1,12.365284,1.289121,0,0,23417
60970,1,0,2,4,1,12.365447,1.289153,0,0,23417
60980,0,0,0,1,1,12.363914,1.289013,0,0,23417
60990,0,0,12,13,1,12.363670,1.288957,0,0,23417
61000,0,0,0,1,1,12.363358,1.288902,0,0,23417
61010,3,2,12,18,1,12.362993,1.288850,0,0,23422
61020,0,0,3,4,1,12.361972,1.288753,0,0,23422
61030,1,0,14,16,1,12.361578,1.288687,0,0,23422
61040,1,0,17,19,1,12.360690,1.288590,0,0,23422
61050,6,1,15,23,1,12.362214,1.288758,0,0,23435
61060,1,0,17,19,1,12.363568,1.288887,0,0,23449
61070,0,1,11,13,1,12.364322,1.288968,0,0,23451
61080,3,1,17,22,1,12.365666,1.289110,0,0,23456
61090,1,1,20,23,1,12.367200,1.289285,0,0,23473
61100,1,0,6,8,1,12.367580,1.289318,0,0,23476
61110,1,1,8,11,1,12.366838,1.289232,0,0,23476
61120,1,0,9,11,1,12.367631,1.289312,0,0,23490
61130,4,3,9,17,1,12.368116,1.289356,0,0,23491
61140,1,2,12,16,1,12.367856,1.289305,0,0,23491
61150,0,1,5,7,1,12.368102,1.289321,0,0,23491
61160,0,0,7,8,1,12.366883,1.289203,0,0,23491
61170,1,0,9,11,1,12.366441,1.289157,0,0,23491
61180,0,0,13,14,1,12.365769,1.289073,0,0,23491
61190,0,0,0,1,1,12.365262,1.288992,0,0,23491
61200,0,0,0,0,0,12.364029,1.288845,0,0,23491
61210,0,0,1,2,1,12.362303,1.288676,0,0,23491
61220,0,0,4,5,1,12.361196,1.288556,0,0,23491
61230,0,1,5,7,1,12.359870,1.288416,0,0,23491
61240,0,0,16,17,1,12.360754,1.288486,0,0,23499
61250,0,0,0,1,1,12.360816,1.288503,0,0,23499
61260,0,0,2,3,1,12.359918,1.288412,0,0,23499
61270,0,0,2,3,1,12.358586,1.288270,0,0,23499
61280,1,0,0,2,1,12.357023,1.288125,0,0,23499
61290,0,0,5,6,1,12.356316,1.288058,0,0,23499
61300,0,3,5,9,1,12.355202,1.287913,0,0,23499
61310,1,2,15,19,1,12.354694,1.287862,0,0,23499
61320,0,0,1,2,1,12.353917,1.287807,0,0,23499
61330,0,0,7,8,1,12.352254,1.287660,0,0,23499
61340,0,0,2,3,1,12.351025,1.287551,0,0,23499
61350,0,0,1,2,1,12.349698,1.287413,0,0,23499
61360,2,0,2,5,1,12.348099,1.287239,0,0,23499
61370,0,0,3,4,1,12.346708,1.287101,0,0,23499
61380,1,1,10,13,1,12.346653,1.287093,0,0,23500
61390,0,0,14,15,1,12.346606,1.287079,0,0,23500
61400,1,0,10,12,1,12.345365,1.286973,0,0,23500
61410,0,0,10,11,1,12.345220,1.286936,0,0,23503
61420,0,0,0,1,1,12.343563,1.286787,0,0,23503
61430,1,0,14,16,1,12.342715,1.286692,0,0,23503
61440,1,2,10,14,1,12.342724,1.286702,0,0,23503
61450,1,0,15,17,1,12.343684,1.286819,0,0,23512
61460,0,0,0,0,0,12.342934,1.286745,0,0,23512
61470,0,0,0,1,1,12.341960,1.286646,0,0,23512
61480,0,1,4,6,1,12.340293,1.286483,0,0,23512
61490,0,0,1,2,1,12.338924,1.286353,0,0,23512
61500,0,0,0,1,1,12.337581,1.286228,0,0,23512
61510,0,1,14,16,1,12.336339,1.286065,0,0,23512
61520,0,0,3,4,1,12.335420,1.285991,0,0,23512
61530,0,0,8,9,1,12.334103,1.285839,0,0,23512
61540,0,0,8,9,1,12.333178,1.285727,0,0,23512
61550,2,1,11,15,1,12.333661,1.285753,0,0,23512
61560,2,1,17,21,1,12.334660,1.285813,0,0,23512
61570,1,1,10,13,1,12.334899,1.285847,0,0,23512
61580,0,0,1,2,1,12.334391,1.285813,0,0,23512
61590,1,0,5,7,1,12.332766,1.285681,0,0,23512
61600,0,0,0,1,1,12.331207,1.285555,0,0,23512
61610,1,0,15,17,1,12.331273,1.285555,0,0,23512
61620,0,0,4,5,1,12.330554,1.285500,0,0,23512
61630,1,0,9,11,1,12.330990,1.285552,0,0,23521
61640,5,0,19,25,1,12.331292,1.285559,0,0,23521
61650,1,0,5,7,1,12.332160,1.285677,0,0,23536
61660,1,0,9,11,1,12.332241,1.285681,0,0,23536
61670,0,0,9,10,1,12.332722,1.285714,0,0,23536
61680,2,0,15,18,1,12.333001,1.285734,0,0,23538
61690,1,0,4,6,1,12.333740,1.285833,0,0,23558
61700,0,1,3,5,1,12.332537,1.285716,0,0,23558
61710,2,1,20,24,1,12.332739,1.285709,0,0,23558
61720,1,0,14,16,1,12.334350,1.285887,0,0,23572
61730,0,2,9,12,1,12.335347,1.286000,0,0,23588
61740,1,4,16,22,1,12.335283,1.285971,0,0,23593
61750,3,4,11,19,1,12.336266,1.286056,0,0,23593
61760,1,1,14,17,1,12.336618,1.286053,0,0,23593
61770,0,0,1,2,1,12.335547,1.285992,0,0,23593
61780,1,0,2,4,1,12.335243,1.285958,0,0,23598
61790,3,2,18,24,1,12.335006,1.285885,0,0,23601
61800,0,1,2,4,1,12.335851,1.286003,0,0,23614
61810,0,0,16,17,1,12.335208,1.285930,0,0,23615
61820,0,1,19,21,1,12.335716,1.285963,0,0,23616
61830,2,2,10,15,1,12.336087,1.286019,0,0,23622
61840,2,1,18,22,1,12.337555,1.286189,0,0,23634
61850,5,2,14,22,1,12.339453,1.286417,0,0,23651
61860,1,1,12,15,1,12.340227,1.286502,0,0,23668
61870,0,0,3,4,1,12.339595,1.286434,0,0,23668
61880,2,0,0,3,1,12.338323,1.286303,0,0,23668
61890,0,0,1,2,1,12.337061,1.286171,0,0,23668
61900,0,0,2,3,1,12.335522,1.286026,0,0,23668
61910,0,0,3,4,1,12.334174,1.285918,0,0,23668
61920,0,0,1,2,1,12.332650,1.285767,0,0,23668
61930,1,1,4,7,1,12.331253,1.285617,0,0,23668
61940,0,0,10,11,1,12.330698,1.285550,0,0,23668
61950,1,1,13,16,1,12.331617,1.285629,0,0,23669
61960,0,1,9,11,1,12.332026,1.285656,0,0,23682
61970,0,0,0,1,1,12.332707,1.285738,0,0,23684
61980,0,0,2,3,1,12.331502,1.285603,0,0,23684
61990,0,0,12,13,1,12.330619,1.285502,0,0,23684
62000,0,0,1,2,1,12.330667,1.285477,0,0,23684
62010,0,0,0,1,1,12.330060,1.285426,0,0,23684
62020,0,2,9,12,1,12.329170,1.285320,0,0,23684
62030,2,0,16,19,1,12.329784,1.285386,0,0,23690
62040,1,1,13,16,1,12.331073,1.285525,0,0,23694
62050,0,0,15,16,1,12.331439,1.285533,0,0,23695
62060,0,2,14,17,1,12.331403,1.285529,0,0,23695
62070,1,2,15,19,1,12.332662,1.285656,0,0,23710
62080,0,0,1,2,1,12.331969,1.285635,0,0,23710
62090,1,0,16,18,1,12.331288,1.285564,0,0,23710
62100,4,4,20,29,1,12.332954,1.285718,0,0,23729
62110,0,1,18,20,1,12.334579,1.285879,0,0,23741
62120,0,0,8,9,1,12.334595,1.285867,0,0,23741
62130,2,1,15,19,1,12.335568,1.285962,0,0,23747
62140,2,1,17,21,1,12.337010,1.286112,0,0,23755
62150,3,0,3,7,1,12.337163,1.286147,0,0,23755
62160,0,3,16,20,1,12.337087,1.286120,0,0,23755
62170,1,0,2,4,1,12.336581,1.286069,0,0,23755
62180,1,1,19,22,1,12.336654,1.286055,0,0,23756
62190,0,3,18,22,1,12.337928,1.286162,0,0,23769
62200,0,2,19,22,1,12.339320,1.286341,0,0,23787
62210,3,0,19,23,1,12.341487,1.286571,0,0,23816
62220,0,0,5,6,1,12.342115,1.286658,0,0,23820
62230,2,0,2,5,1,12.340495,1.286502,0,0,23820
62240,1,0,15,17,1,12.339633,1.286418,0,0,23821
62250,3,5,17,26,1,12.341037,1.286560,0,0,23837
62260,1,0,17,19,1,12.342265,1.286716,0,0,23846
62270,2,0,2,5,1,12.341456,1.286664,0,0,23846
62280,0,0,5,6,1,12.340203,1.286533,0,0,23846
62290,0,1,4,6,1,12.338876,1.286386,0,0,23846
62300,3,2,19,25,1,12.338538,1.286342,0,0,23846
62310,1,0,10,12,1,12.339456,1.286414,0,0,23848
62320,0,0,1,2,1,12.338320,1.286295,0,0,23848
62330,6,0,4,11,1,12.337315,1.286175,0,0,23848
62340,0,0,0,0,0,12.336380,1.286112,0,0,23848
62350,0,0,0,0,0,12.334911,1.285937,0,0,23848
62360,0,0,0,0,0,12.333557,1.285809,0,0,23848
62370,0,2,7,10,1,12.332663,1.285707,0,0,23848
62380,1,2,19,23,1,12.333462,1.285775,0,0,23852
62390,4,1,15,21,1,12.335108,1.285970,0,0,23872
62400,1,0,16,18,1,12.335636,1.286012,0,0,23876
62410,0,0,0,0,0,12.335649,1.286024,0,0,23876
62420,1,1,17,20,1,12.335786,1.286016,0,0,23881
62430,0,0,2,3,1,12.335524,1.286004,0,0,23881
62440,1,0,10,12,1,12.334344,1.285849,0,0,23881
62450,0,1,6,8,1,12.333162,1.285729,0,0,23881
62460,2,0,4,7,1,12.331615,1.285536,0,0,23881
62470,0,0,0,1,1,12.330439,1.285432,0,0,23881
62480,1,1,13,16,1,12.330465,1.285407,0,0,23881
62490,0,1,12,14,1,12.331078,1.285447,0,0,23881
62500,0,0,6,7,1,12.329988,1.285342,0,0,23881
62510,1,0,3,5,1,12.329146,1.285241,0,0,23881
62520,1,2,15,19,1,12.328675,1.285173,0,0,23885
62530,1,1,13,16,1,12.329567,1.285255,0,0,23887
62540,3,3,12,19,1,12.329444,1.285220,0,0,23887
62550,0,1,10,12,1,12.330536,1.285353,0,0,23900
62560,0,0,14,15,1,12.331312,1.285413,0,0,23906
62570,2,5,6,14,1,12.331109,1.285361,0,0,23906
62580,2,2,7,12,1,12.332533,1.285518,0,0,23921
62590,0,1,6,8,1,12.331275,1.285359,0,0,23921
62600,1,0,10,12,1,12.330783,1.285310,0,0,23921
62610,0,0,10,11,1,12.331644,1.285412,0,0,23926
62620,0,0,0,0,0,12.330047,1.285271,0,0,23926
62630,0,0,1,2,1,12.328867,1.285131,0,0,23926
62640,2,1,14,18,1,12.329405,1.285151,0,0,23929
62650,2,1,6,10,1,12.330177,1.285261,0,0,23934
62660,1,0,8,10,1,12.329283,1.285127,0,0,23934
62670,0,0,6,7,1,12.328526,1.285044,0,0,23934
62680,1,1,20,23,1,12.328504,1.285037,0,0,23936
62690,1,2,18,22,1,12.329790,1.285177,0,0,23950
62700,0,3,19,23,1,12.330973,1.285303,0,0,23961
62710,1,0,16,18,1,12.332243,1.285441,0,0,23968
62720,4,1,19,25,1,12.333717,1.285576,0,0,23978
62730,0,2,15,18,1,12.333691,1.285566,0,0,23980
62740,2,0,11,14,1,12.333722,1.285567,0,0,23980
62750,2,1,17,21,1,12.334828,1.285653,0,0,23986
62760,0,0,0,1,1,12.334741,1.285661,0,0,23989
62770,0,0,3,4,1,12.333260,1.285500,0,0,23989
62780,1,0,11,13,1,12.332491,1.285415,0,0,23989
62790,0,0,4,5,1,12.331485,1.285340,0,0,23989
62800,1,0,1,3,1,12.330927,1.285256,0,0,23989
62810,1,2,9,13,1,12.329878,1.285155,0,0,23989
62820,2,1,13,17,1,12.330956,1.285246,0,0,23996
62830,2,0,8,11,1,12.330687,1.285222,0,0,23996
62840,1,0,4,6,1,12.329460,1.285101,0,0,23996
62850,0,4,18,23,1,12.329070,1.285051,0,0,24000
62860,0,0,5,6,1,12.330235,1.285166,0,0,24006
62870,0,0,0,1,1,12.328676,1.285029,0,0,24006
62880,2,0,9,12,1,12.327825,1.284936,0,0,24006
62890,0,2,17,20,1,12.328227,1.284961,0,0,24009
62900,1,0,16,18,1,12.329094,1.285032,0,0,24013
62910,1,3,16,21,1,12.330002,1.285114,0,0,24017
62920,2,0,20,23,1,12.330987,1.285208,0,0,24027
62930,0,0,9,10,1,12.330849,1.285212,0,0,24034
62940,0,1,16,18,1,12.330309,1.285158,0,0,24034
62950,1,0,2,4,1,12.329549,1.285083,0,0,24034
62960,0,0,0,0,0,12.328015,1.284953,0,0,24034
62970,4,2,12,19,1,12.328698,1.285007,0,0,24045
62980,1,0,18,20,1,12.328794,1.285006,0,0,24047
62990,0,1,9,11,1,12.328529,1.284997,0,0,24047
63000,2,0,6,9,1,12.327891,1.284901,0,0,24047
63010,0,0,1,2,1,12.326580,1.284773,0,0,24047
63020,0,0,7,8,1,12.325027,1.284617,0,0,24047
63030,0,0,3,4,1,12.324172,1.284509,0,0,24047
63040,0,2,6,9,1,12.323548,1.284422,0,0,24047
63050,1,0,13,15,1,12.322792,1.284348,0,0,24047
63060,1,2,19,23,1,12.323517,1.284402,0,0,24051
63070,2,0,9,12,1,12.324580,1.284494,0,0,24055
63080,4,2,17,24,1,12.325999,1.284618,0,0,24067
63090,1,3,18,23,1,12.327522,1.284791,0,0,24084
63100,1,5,9,16,1,12.328730,1.284915,0,0,24095
63110,6,2,20,29,1,12.329694,1.285018,0,0,24097
63120,1,2,9,13,1,12.329725,1.285016,0,0,24098
63130,1,0,9,11,1,12.328755,1.284941,0,0,24098
63140,2,2,20,25,1,12.329686,1.285040,0,0,24108
63150,0,0,15,16,1,12.331693,1.285293,0,0,24135
63160,0,3,12,16,1,12.331236,1.285258,0,0,24135
63170,1,0,3,5,1,12.330189,1.285164,0,0,24135
63180,0,0,6,7,1,12.328950,1.285026,0,0,24135
63190,1,0,0,2,1,12.327539,1.284887,0,0,24135
63200,1,0,4,6,1,12.326119,1.284746,0,0,24135
63210,2,2,18,23,1,12.326754,1.284782,0,0,24146
63220,2,0,13,16,1,12.328137,1.284958,0,0,24153
63230,0,1,18,20,1,12.329578,1.285112,0,0,24161
63240,2,0,13,16,1,12.330084,1.285171,0,0,24161
63250,0,0,12,13,1,12.330922,1.285265,0,0,24164
63260,3,0,8,12,1,12.330920,1.285260,0,0,24164
63270,0,1,1,3,1,12.330719,1.285233,0,0,24164
63280,0,0,2,3,1,12.329410,1.285107,0,0,24164
63290,0,0,6,7,1,12.328749,1.285023,0,0,24164
63300,0,0,0,1,1,12.327528,1.284915,0,0,24164
63310,2,1,9,13,1,12.327235,1.284884,0,0,24164
63320,1,1,15,18,1,12.327125,1.284883,0,0,24164
63330,1,0,1,3,1,12.326282,1.284810,0,0,24164
63340,1,0,8,10,1,12.325232,1.284679,0,0,24164
63350,0,0,5,6,1,12.324158,1.284567,0,0,24164
63360,0,1,6,8,1,12.323911,1.284528,0,0,24164
63370,0,0,17,18,1,12.324762,1.284604,0,0,24173
63380,0,0,7,8,1,12.325496,1.284670,0,0,24173
63390,0,1,4,6,1,12.324316,1.284526,0,0,24173
63400,4,1,14,20,1,12.324889,1.284560,0,0,24182
63410,0,1,20,22,1,12.325468,1.284610,0,0,24185
63420,3,1,10,15,1,12.325852,1.284624,0,0,24193
63430,2,2,3,8,1,12.326339,1.284705,0,0,24207
63440,4,1,13,19,1,12.326648,1.284735,0,0,24207
63450,1,1,16,19,1,12.328077,1.284909,0,0,24218
63460,0,1,10,12,1,12.329789,1.285119,0,0,24245
63470,2,2,18,23,1,12.331128,1.285239,0,0,24253
63480,1,2,20,24,1,12.332163,1.285374,0,0,24257
63490,0,0,13,14,1,12.332741,1.285428,0,0,24264
63500,0,1,11,13,1,12.332255,1.285392,0,0,24264
63510,1,1,8,11,1,12.332541,1.285422,0,0,24264
63520,0,0,15,16,1,12.332142,1.285361,0,0,24265
63530,4,2,20,27,1,12.332315,1.285392,0,0,24274
63540,0,0,12,13,1,12.333419,1.285517,0,0,24288
63550,0,0,6,7,1,12.332415,1.285406,0,0,24288
63560,3,1,12,17,1,12.332575,1.285421,0,0,24288
63570,5,2,17,25,1,12.333590,1.285514,0,0,24292
63580,0,0,18,19,1,12.335361,1.285734,0,0,24312
63590,0,0,12,13,1,12.335399,1.285736,0,0,24312
63600,0,0,0,1,1,12.334753,1.285696,0,0,24312
63610,1,1,12,15,1,12.334568,1.285663,0,0,24312
63620,0,0,9,10,1,12.335302,1.285719,0,0,24319
63630,3,0,20,24,1,12.336194,1.285791,0,0,24324
63640,0,0,7,8,1,12.336445,1.285817,0,0,24329
63650,0,0,0,1,1,12.335504,1.285737,0,0,24329
63660,0,2,16,19,1,12.334691,1.285657,0,0,24329
63670,2,0,16,19,1,12.336173,1.285834,0,0,24351
63680,2,2,11,16,1,12.337258,1.285951,0,0,24356
63690,1,0,8,10,1,12.337676,1.285995,0,0,24361
63700,0,3,15,19,1,12.339286,1.286146,0,0,24371
63710,3,1,13,18,1,12.340109,1.286231,0,0,24371
63720,3,1,9,14,1,12.340782,1.286314,0,0,24371
63730,0,0,2,3,1,12.339689,1.286225,0,0,24371
63740,0,0,1,2,1,12.338221,1.286089,0,0,24371
63750,1,2,6,10,1,12.337068,1.285952,0,0,24371
63760,0,1,16,18,1,12.337639,1.285996,0,0,24371
63770,0,0,6,7,1,12.337117,1.285957,0,0,24371
63780,0,0,7,8,1,12.335933,1.285854,0,0,24371
63790,7,1,17,26,1,12.336991,1.285935,0,0,24380
63800,3,1,19,24,1,12.338911,1.286160,0,0,24407
63810,0,2,18,21,1,12.340614,1.286358,0,0,24421
63820,0,2,8,11,1,12.341105,1.286412,0,0,24422
63830,0,0,12,13,1,12.340063,1.286286,0,0,24422
63840,0,0,2,3,1,12.339405,1.286232,0,0,24422
63850,1,3,15,20,1,12.339323,1.286209,0,0,24427
63860,0,0,0,0,0,12.339517,1.286252,0,0,24429
63870,1,1,11,14,1,12.338299,1.286104,0,0,24429
63880,0,2,5,8,1,12.338400,1.286108,0,0,24429
63890,0,0,12,13,1,12.338738,1.286139,0,0,24429
63900,1,3,16,21,1,12.339843,1.286237,0,0,24437
63910,2,0,11,14,1,12.340423,1.286314,0,0,24444
63920,0,0,3,4,1,12.339556,1.286240,0,0,24444
63930,0,0,0,0,0,12.338064,1.286091,0,0,24444
63940,0,0,18,19,1,12.337284,1.285978,0,0,24444
63950,1,3,9,14,1,12.338350,1.286085,0,0,24461
63960,1,1,16,19,1,12.339010,1.286160,0,0,24461
63970,4,2,17,24,1,12.339722,1.286232,0,0,24465
63980,1,3,20,25,1,12.341105,1.286386,0,0,24483
63990,0,1,4,6,1,12.341466,1.286413,0,0,24499
64000,0,2,6,9,1,12.340263,1.286290,0,0,24499
64010,0,0,7,8,1,12.339701,1.286246,0,0,24499
64020,0,0,3,4,1,12.338600,1.286133,0,0,24499
64030,1,0,5,7,1,12.338305,1.286104,0,0,24499
64040,2,1,2,6,1,12.336729,1.285944,0,0,24499
64050,0,0,2,3,1,12.335589,1.285823,0,0,24499
64060,1,0,20,22,1,12.335634,1.285813,0,0,24500
64070,0,0,5,6,1,12.335803,1.285868,0,0,24508
64080,0,0,10,11,1,12.335480,1.285838,0,0,24508
64090,0,0,8,9,1,12.335128,1.285810,0,0,24508
64100,4,1,19,25,1,12.335292,1.285795,0,0,24509
64110,3,5,19,28,1,12.336636,1.285958,0,0,24541
64120,1,1,17,20,1,12.338413,1.286131,0,0,24556
64130,3,2,20,26,1,12.339164,1.286194,0,0,24557
64140,1,1,11,14,1,12.340429,1.286376,0,0,24582
64150,0,0,3,4,1,12.339473,1.286285,0,0,24582
64160,0,1,11,13,1,12.338899,1.286212,0,0,24582
64170,1,1,1,4,1,12.337538,1.286096,0,0,24582
64180,0,2,11,14,1,12.336484,1.285967,0,0,24582
64190,2,2,16,21,1,12.337850,1.286117,0,0,24588
64200,4,3,9,17,1,12.339309,1.286261,0,0,24606
64210,2,1,8,12,1,12.339000,1.286220,0,0,24606
64220,1,1,14,17,1,12.338600,1.286174,0,0,24606
64230,0,3,6,10,1,12.339579,1.286268,0,0,24607
64240,3,0,10,14,1,12.338919,1.286190,0,0,24607
64250,3,0,16,20,1,12.339946,1.286314,0,0,24626
64260,1,2,17,21,1,12.340826,1.286408,0,0,24633
64270,0,2,8,11,1,12.342070,1.286591,0,0,24658
64280,0,0,5,6,1,12.341553,1.286517,0,0,24658
64290,0,0,1,2,1,12.340432,1.286395,0,0,24658
64300,1,0,4,6,1,12.339263,1.286286,0,0,24658
64310,0,0,5,6,1,12.337902,1.286123,0,0,24658
64320,0,0,0,0,0,12.336648,1.286019,0,0,24658
64330,0,0,2,3,1,12.335085,1.285892,0,0,24658
64340,1,0,13,15,1,12.334157,1.285778,0,0,24658
64350,5,3,20,29,1,12.335103,1.285849,0,0,24666
64360,3,2,18,24,1,12.336947,1.286037,0,0,24688
64370,1,0,9,11,1,12.337833,1.286155,0,0,24696
64380,0,0,0,1,1,12.336973,1.286083,0,0,24696
64390,1,2,18,22,1,12.337081,1.286090,0,0,24699
64400,1,0,19,21,1,12.338087,1.286185,0,0,24702
64410,3,3,6,13,1,12.338945,1.286272,0,0,24702
64420,4,2,7,14,1,12.340122,1.286397,0,0,24721
64430,1,4,17,23,1,12.340481,1.286413,0,0,24721
64440,0,2,19,22,1,12.341402,1.286517,0,0,24728
64450,0,0,2,3,1,12.341241,1.286529,0,0,24731
64460,1,0,5,7,1,12.340416,1.286448,0,0,24731
64470,1,1,11,14,1,12.340455,1.286422,0,0,24731
64480,0,5,9,15,1,12.341500,1.286527,0,0,24739
64490,1,4,5,11,1,12.341554,1.286520,0,0,24739
64500,0,2,11,14,1,12.340593,1.286426,0,0,24739
64510,0,3,14,18,1,12.341376,1.286522,0,0,24742
64520,0,1,7,9,1,12.340545,1.286435,0,0,24742
64530,0,0,12,13,1,12.339531,1.286308,0,0,24742
64540,0,0,0,0,0,12.338619,1.286253,0,0,24742
64550,1,1,9,12,1,12.338184,1.286226,0,0,24742
64560,2,3,5,11,1,12.337617,1.286169,0,0,24742
64570,0,0,5,6,1,12.336761,1.286086,0,0,24742
64580,3,0,12,16,1,12.336574,1.286024,0,0,24742
64590,1,5,17,24,1,12.337984,1.286167,0,0,24759
64600,2,0,9,12,1,12.338122,1.286202,0,0,24759
64610,0,1,3,5,1,12.337693,1.286151,0,0,24759
64620,0,0,0,1,1,12.336271,1.286030,0,0,24759
64630,0,0,0,1,1,12.334744,1.285905,0,0,24759
64640,0,1,15,17,1,12.333421,1.285755,0,0,24759
64650,0,0,11,12,1,12.334099,1.285842,0,0,24760
64660,0,0,3,4,1,12.333942,1.285825,0,0,24760
64670,0,1,11,13,1,12.333165,1.285732,0,0,24760
64680,0,0,6,7,1,12.332192,1.285641,0,0,24760
64690,1,0,20,22,1,12.333458,1.285772,0,0,24779
64700,2,4,13,20,1,12.334479,1.285883,0,0,24784
64710,0,0,10,11,1,12.334606,1.285894,0,0,24787
64720,0,2,11,14,1,12.334242,1.285848,0,0,24787
64730,0,0,18,19,1,12.335172,1.285942,0,0,24787
64740,1,2,9,13,1,12.335866,1.286012,0,0,24792
64750,0,0,0,1,1,12.336384,1.286041,0,0,24799
64760,0,0,0,1,1,12.335278,1.285930,0,0,24799
64770,0,0,0,0,0,12.333679,1.285792,0,0,24799
64780,0,3,1,5,1,12.332417,1.285667,0,0,24799
64790,0,0,1,2,1,12.331201,1.285554,0,0,24799
64800,2,1,5,9,1,12.329855,1.285405,0,0,24799
64810,2,0,2,5,1,12.329155,1.285328,0,0,24799
64820,0,0,4,5,1,12.328366,1.285238,0,0,24799
64830,0,1,11,13,1,12.328053,1.285178,0,0,24799
64840,2,0,10,13,1,12.327963,1.285183,0,0,24799
64850,0,0,3,4,1,12.326760,1.285063,0,0,24799
64860,1,0,3,5,1,12.325299,1.284915,0,0,24799
64870,5,1,20,27,1,12.326252,1.284987,0,0,24811
64880,2,0,1,4,1,12.327827,1.285176,0,0,24831
64890,0,1,2,4,1,12.326885,1.285070,0,0,24831
64900,1,3,18,23,1,12.327245,1.285086,0,0,24832
64910,2,1,17,21,1,12.328538,1.285229,0,0,24844
64920,1,2,14,18,1,12.329444,1.285352,0,0,24860
64930,0,0,20,21,1,12.329643,1.285361,0,0,24863
64940,3,0,10,14,1,12.329109,1.285319,0,0,24868
64950,6,2,19,28,1,12.330366,1.285427,0,0,24880
64960,4,3,14,22,1,12.332775,1.285697,0,0,24907
64970,1,0,11,13,1,12.333496,1.285805,0,0,24908
64980,2,4,15,22,1,12.334057,1.285855,0,0,24915
64990,0,0,4,5,1,12.333673,1.285854,0,0,24919
65000,1,0,5,7,1,12.332352,1.285718,0,0,24919
65010,0,2,16,19,1,12.332662,1.285744,0,0,24919
65020,7,3,16,27,1,12.333447,1.285809,0,0,24921
65030,3,5,17,26,1,12.335652,1.286056,0,0,24938
65040,2,1,13,17,1,12.337023,1.286186,0,0,24949
65050,0,4,20,25,1,12.337266,1.286191,0,0,24950
65060,0,1,10,12,1,12.337682,1.286267,0,0,24956
65070,0,3,5,9,1,12.337447,1.286261,0,0,24956
65080,0,0,0,0,0,12.335964,1.286114,0,0,24956
65090,0,0,1,2,1,12.334857,1.285998,0,0,24956
65100,2,0,10,13,1,12.333842,1.285901,0,0,24956
65110,0,4,19,24,1,12.335264,1.286051,0,0,24968
65120,0,0,6,7,1,12.336691,1.286234,0,0,24986
65130,5,2,15,23,1,12.337404,1.286267,0,0,24997
65140,0,1,9,11,1,12.338348,1.286388,0,0,25005
65150,2,0,4,7,1,12.338630,1.286418,0,0,25005
65160,0,0,4,5,1,12.337595,1.286309,0,0,25005
65170,1,0,19,21,1,12.336867,1.286221,0,0,25007
65180,0,3,14,18,1,12.337424,1.286281,0,0,25012
65190,0,1,8,10,1,12.338120,1.286378,0,0,25012
65200,0,0,16,17,1,12.338426,1.286416,0,0,25012
65210,1,2,20,24,1,12.339259,1.286494,0,0,25021
65220,2,0,19,22,1,12.340255,1.286610,0,0,25023
65230,0,1,11,13,1,12.341671,1.286772,0,0,25043
65240,0,0,1,2,1,12.341651,1.286784,0,0,25044
65250,1,3,18,23,1,12.342420,1.286860,0,0,25048
65260,3,0,20,24,1,12.343618,1.287010,0,0,25059
65270,3,0,17,21,1,12.344163,1.287046,0,0,25064
65280,0,1,4,6,1,12.343915,1.287042,0,0,25076
65290,1,2,9,13,1,12.344402,1.287081,0,0,25076
65300,0,0,10,11,1,12.343161,1.286965,0,0,25076
65310,0,0,7,8,1,12.342217,1.286869,0,0,25076
65320,1,0,4,6,1,12.341770,1.286818,0,0,25076
65330,0,0,7,8,1,12.340401,1.286644,0,0,25076
65340,2,0,3,6,1,12.339999,1.286598,0,0,25076
65350,1,4,14,20,1,12.341141,1.286688,0,0,25084
65360,0,4,12,17,1,12.342323,1.286811,0,0,25088
65370,0,1,2,4,1,12.342211,1.286812,0,0,25088
65380,0,0,8,9,1,12.341966,1.286753,0,0,25088
65390,0,0,0,1,1,12.340751,1.286630,0,0,25088
65400,2,0,1,4,1,12.339334,1.286474,0,0,25088
65410,1,1,14,17,1,12.339976,1.286537,0,0,25102
65420,1,1,4,7,1,12.339699,1.286500,0,0,25102
65430,0,0,2,3,1,12.338365,1.286360,0,0,25102
65440,4,3,9,17,1,12.338916,1.286401,0,0,25110
65450,2,1,15,19,1,12.340155,1.286541,0,0,25127
65460,1,0,20,22,1,12.341358,1.286654,0,0,25128
65470,0,3,17,21,1,12.343035,1.286842,0,0,25140
65480,1,0,6,8,1,12.343178,1.286878,0,0,25152
65490,0,2,3,6,1,12.342058,1.286736,0,0,25152
65500,0,0,0,0,0,12.341010,1.286629,0,0,25152
65510,1,0,13,15,1,12.339680,1.286486,0,0,25152
65520,0,0,0,1,1,12.339668,1.286511,0,0,25154
65530,0,0,1,2,1,12.338990,1.286444,0,0,25154
65540,0,2,8,11,1,12.338100,1.286333,0,0,25154
65550,1,1,16,19,1,12.339097,1.286447,0,0,25158
65560,0,0,9,10,1,12.340215,1.286578,0,0,25170
65570,0,0,12,13,1,12.341154,1.286659,0,0,25174
65580,0,1,8,10,1,12.341152,1.286632,0,0,25174
65590,0,0,2,3,1,12.340184,1.286549,0,0,25174
65600,0,0,5,6,1,12.339392,1.286469,0,0,25174
65610,1,3,2,7,1,12.337962,1.286328,0,0,25174
65620,0,1,9,11,1,12.337224,1.286251,0,0,25174
65630,0,0,6,7,1,12.336937,1.286220,0,0,25174
65640,1,0,2,4,1,12.335454,1.286074,0,0,25174
65650,1,0,1,3,1,12.334096,1.285942,0,0,25174
65660,4,2,14,21,1,12.333880,1.285891,0,0,25174
65670,0,0,2,3,1,12.333364,1.285860,0,0,25177
65680,0,1,6,8,1,12.331903,1.285697,0,0,25177
65690,1,1,2,5,1,12.332280,1.285734,0,0,25184
65700,0,1,11,13,1,12.332844,1.285770,0,0,25184
65710,1,2,20,24,1,12.333525,1.285851,0,0,25187
65720,2,1,17,21,1,12.334494,1.285946,0,0,25191
65730,1,4,19,25,1,12.336525,1.286157,0,0,25230
65740,2,2,20,25,1,12.337786,1.286285,0,0,25243
65750,0,0,5,6,1,12.338159,1.286323,0,0,25245
65760,0,0,5,6,1,12.336791,1.286193,0,0,25245
65770,1,0,19,21,1,12.337083,1.286209,0,0,25255
65780,3,2,20,26,1,12.337566,1.286265,0,0,25260
65790,0,0,20,21,1,12.338442,1.286340,0,0,25269
65800,1,0,13,15,1,12.338690,1.286364,0,0,25277
65810,0,3,6,10,1,12.338722,1.286373,0,0,25279
65820,0,0,4,5,1,12.338043,1.286304,0,0,25279
65830,0,0,1,2,1,12.336613,1.286177,0,0,25279
65840,0,0,0,1,1,12.336104,1.286106,0,0,25279
65850,0,1,3,5,1,12.334928,1.285971,0,0,25279
65860,0,0,0,1,1,12.333309,1.285808,0,0,25279
65870,3,3,16,23,1,12.332902,1.285741,0,0,25279
65880,3,3,16,23,1,12.333761,1.285810,0,0,25279
65890,1,1,13,16,1,12.334737,1.285921,0,0,25285
65900,0,0,0,0,0,12.333336,1.285806,0,0,25285
65910,0,0,9,10,1,12.332476,1.285696,0,0,25285
65920,3,3,19,26,1,12.333094,1.285729,0,0,25303
65930,0,0,7,8,1,12.333798,1.285811,0,0,25307
65940,0,0,2,3,1,12.332624,1.285696,0,0,25307
65950,0,0,0,1,1,12.331215,1.285547,0,0,25307
65960,0,0,8,9,1,12.330025,1.285427,0,0,25307
65970,0,1,11,13,1,12.329133,1.285332,0,0,25307
65980,1,0,12,14,1,12.329969,1.285390,0,0,25317
65990,2,0,11,14,1,12.329155,1.285306,0,0,25317
66000,0,3,16,20,1,12.329677,1.285331,0,0,25324
66010,2,0,2,5,1,12.329885,1.285369,0,0,25329
66020,4,0,10,15,1,12.330304,1.285380,0,0,25329
66030,1,0,4,6,1,12.331251,1.285473,0,0,25339
66040,0,1,10,12,1,12.329956,1.285366,0,0,25339
66050,0,0,5,6,1,12.329042,1.285285,0,0,25340
66060,2,3,19,25,1,12.329075,1.285280,0,0,25351
66070,1,2,15,19,1,12.330233,1.285415,0,0,25361
66080,0,0,2,3,1,12.329706,1.285374,0,0,25361
66090,0,0,0,0,0,12.328464,1.285246,0,0,25361
66100,0,0,3,4,1,12.327397,1.285129,0,0,25361
66110,0,0,3,4,1,12.326494,1.285028,0,0,25361
66120,0,2,5,8,1,12.325434,1.284936,0,0,25361
66130,0,0,1,2,1,12.324648,1.284819,0,0,25361
66140,0,0,0,0,0,12.323139,1.284678,0,0,25361
66150,0,1,3,5,1,12.322069,1.284568,0,0,25361
66160,1,0,13,15,1,12.322931,1.284658,0,0,25377
66170,0,0,9,10,1,12.322522,1.284646,0,0,25377
66180,1,1,9,12,1,12.323000,1.284711,0,0,25387
66190,1,0,4,6,1,12.321835,1.284598,0,0,25387
66200,1,2,16,20,1,12.321663,1.284556,0,0,25387
66210,1,0,13,15,1,12.322219,1.284595,0,0,25396
66220,1,2,3,7,1,12.322156,1.284586,0,0,25396
66230,1,2,10,14,1,12.322300,1.284597,0,0,25398
66240,0,0,16,17,1,12.323319,1.284699,0,0,25405
66250,0,4,11,16,1,12.324037,1.284794,0,0,25408
66260,0,0,7,8,1,12.324005,1.284807,0,0,25408
66270,0,0,0,1,1,12.323216,1.284718,0,0,25408
66280,0,0,0,1,1,12.322441,1.284603,0,0,25408
66290,2,0,4,7,1,12.321486,1.284507,0,0,25408
66300,0,0,0,0,0,12.320326,1.284386,0,0,25408
66310,1,0,2,4,1,12.319542,1.284306,0,0,25408
66320,0,0,7,8,1,12.318672,1.284216,0,0,25408
66330,3,1,19,24,1,12.318757,1.284182,0,0,25408
66340,1,2,19,23,1,12.320184,1.284359,0,0,25417
66350,2,0,17,20,1,12.321622,1.284525,0,0,25442
66360,0,0,18,19,1,12.322570,1.284646,0,0,25448
66370,1,0,4,6,1,12.323352,1.284747,0,0,25451
66380,0,0,2,3,1,12.321928,1.284631,0,0,25451
66390,1,1,3,6,1,12.321021,1.284496,0,0,25451
66400,0,0,0,0,0,12.319559,1.284353,0,0,25451
66410,1,1,20,23,1,12.320043,1.284357,0,0,25458
66420,0,0,7,8,1,12.320950,1.284494,0,0,25466
66430,4,5,11,21,1,12.321092,1.284501,0,0,25474
66440,3,0,9,13,1,12.322238,1.284624,0,0,25483
66450,0,1,17,19,1,12.323183,1.284724,0,0,25492
66460,0,1,3,5,1,12.323584,1.284770,0,0,25493
66470,0,1,8,10,1,12.322174,1.284621,0,0,25493
66480,1,1,14,17,1,12.322195,1.284595,0,0,25493
66490,0,1,15,17,1,12.323576,1.284750,0,0,25514
66500,0,1,6,8,1,12.323966,1.284807,0,0,25514
66510,1,0,3,5,1,12.322659,1.284675,0,0,25514
66520,1,2,11,15,1,12.323140,1.284709,0,0,25514
66530,1,1,10,13,1,12.322615,1.284642,0,0,25514
66540,0,0,18,19,1,12.322401,1.284595,0,0,25514
66550,0,1,11,13,1,12.321650,1.284531,0,0,25514
66560,3,0,20,24,1,12.322954,1.284648,0,0,25536
66570,1,2,3,7,1,12.323558,1.284729,0,0,25543
66580,2,2,19,24,1,12.324564,1.284820,0,0,25560
66590,4,2,20,27,1,12.326551,1.285055,0,0,25585
66600,0,0,13,14,1,12.327636,1.285150,0,0,25591
66610,2,2,19,24,1,12.328578,1.285252,0,0,25599
66620,2,1,12,16,1,12.329388,1.285334,0,0,25607
66630,3,0,9,13,1,12.328282,1.285223,0,0,25607
66640,2,0,9,12,1,12.329886,1.285380,0,0,25629
66650,0,0,10,11,1,12.329162,1.285294,0,0,25629
66660,0,0,7,8,1,12.329138,1.285277,0,0,25629
66670,1,0,5,7,1,12.329597,1.285303,0,0,25629
66680,0,0,0,1,1,12.328194,1.285183,0,0,25629
66690,1,2,11,15,1,12.327137,1.285030,0,0,25629
66700,0,0,19,20,1,12.328274,1.285133,0,0,25636
66710,1,1,10,13,1,12.329320,1.285241,0,0,25644
66720,1,3,15,20,1,12.330566,1.285345,0,0,25660
66730,0,0,1,2,1,12.330284,1.285336,0,0,25668
66740,3,1,16,21,1,12.330292,1.285348,0,0,25676
66750,4,2,20,27,1,12.331910,1.285531,0,0,25696
66760,2,4,16,23,1,12.333154,1.285678,0,0,25710
66770,5,3,20,29,1,12.334769,1.285819,0,0,25725
66780,0,0,11,12,1,12.335559,1.285913,0,0,25731
66790,9,1,20,31,1,12.336418,1.285976,0,0,25734
66800,0,3,8,12,1,12.337303,1.286086,0,0,25739
66810,0,0,1,2,1,12.337554,1.286096,0,0,25739
66820,0,0,1,2,1,12.335919,1.285954,0,0,25739
66830,0,0,4,5,1,12.335191,1.285888,0,0,25739
66840,1,0,8,10,1,12.334052,1.285769,0,0,25739
66850,3,0,17,21,1,12.334236,1.285790,0,0,25739
66860,1,1,16,19,1,12.335584,1.285946,0,0,25745
66870,2,0,7,10,1,12.335656,1.285952,0,0,25747
66880,3,2,15,21,1,12.335792,1.285936,0,0,25747
66890,0,0,12,13,1,12.336697,1.286038,0,0,25762
66900,2,1,11,15,1,12.336945,1.286042,0,0,25762
66910,0,1,0,2,1,12.337705,1.286113,0,0,25771
66920,1,0,13,15,1,12.337011,1.286014,0,0,25771
66930,1,0,8,10,1,12.337099,1.286033,0,0,25773
66940,3,4,16,24,1,12.337037,1.286021,0,0,25773
66950,0,8,11,20,1,12.338544,1.286181,0,0,25791
66960,0,1,3,5,1,12.339229,1.286285,0,0,25793
66970,1,0,7,9,1,12.338074,1.286176,0,0,25793
66980,0,1,20,22,1,12.338726,1.286240,0,0,25800
66990,0,0,10,11,1,12.339231,1.286297,0,0,25800
67000,6,2,19,28,1,12.340103,1.286371,0,0,25805
67010,3,3,16,23,1,12.342290,1.286625,0,0,25827
67020,0,4,15,20,1,12.342670,1.286669,0,0,25828
67030,1,0,12,14,1,12.343942,1.286809,0,0,25838
67040,0,0,7,8,1,12.343999,1.286831,0,0,25839
67050,0,0,17,18,1,12.343133,1.286725,0,0,25839
67060,0,0,12,13,1,12.344260,1.286872,0,0,25854
67070,0,0,0,0,0,12.343482,1.286785,0,0,25854
67080,3,3,7,14,1,12.342581,1.286683,0,0,25854
67090,1,3,17,22,1,12.343098,1.286714,0,0,25856
67100,0,0,18,19,1,12.343459,1.286746,0,0,25857
67110,2,0,16,19,1,12.343029,1.286701,0,0,25857
67120,1,0,15,17,1,12.344375,1.286855,0,0,25870
67130,2,0,8,11,1,12.345464,1.286972,0,0,25882
67140,6,0,19,26,1,12.346650,1.287084,0,0,25891
67150,0,0,10,11,1,12.347526,1.287179,0,0,25905
67160,0,0,3,4,1,12.347874,1.287219,0,0,25905
67170,0,0,8,9,1,12.347128,1.287141,0,0,25905
67180,0,1,5,7,1,12.346564,1.287096,0,0,25905
67190,0,0,2,3,1,12.345771,1.287017,0,0,25905
67200,0,0,12,13,1,12.344477,1.286882,0,0,25905
67210,3,0,12,16,1,12.344716,1.286945,0,0,25905
67220,0,0,18,19,1,12.345608,1.287046,0,0,25912
67230,1,1,14,17,1,12.346832,1.287177,0,0,25915
67240,5,3,16,25,1,12.347812,1.287259,0,0,25915
67250,0,3,18,22,1,12.349043,1.287408,0,0,25930
67260,0,1,9,11,1,12.348618,1.287365,0,0,25930
67270,0,0,0,0,0,12.348128,1.287338,0,0,25930
67280,2,2,19,24,1,12.348116,1.287310,0,0,25932
67290,3,5,19,28,1,12.349338,1.287424,0,0,25938
67300,3,2,16,22,1,12.351122,1.287639,0,0,25956
67310,0,1,14,16,1,12.351396,1.287684,0,0,25962
67320,2,0,17,20,1,12.352333,1.287769,0,0,25974
67330,1,0,18,20,1,12.353744,1.287936,0,0,25996
67340,1,2,12,16,1,12.354228,1.287996,0,0,25997
67350,0,0,7,8,1,12.355164,1.288076,0,0,26005
67360,0,0,10,11,1,12.354207,1.287950,0,0,26005
67370,0,0,0,0,0,12.352796,1.287829,0,0,26005
67380,0,0,3,4,1,12.351303,1.287689,0,0,26005
67390,3,0,5,9,1,12.350162,1.287554,0,0,26005
67400,1,0,18,20,1,12.351079,1.287635,0,0,26005
67410,2,0,14,17,1,12.352046,1.287732,0,0,26014
67420,0,0,1,2,1,12.351210,1.287625,0,0,26014
67430,2,1,9,13,1,12.350815,1.287564,0,0,26014
67440,4,2,17,24,1,12.350974,1.287560,0,0,26016
67450,2,0,18,21,1,12.351780,1.287640,0,0,26023
67460,0,7,19,27,1,12.352615,1.287719,0,0,26027
67470,0,0,4,5,1,12.351843,1.287668,0,0,26027
67480,1,0,2,4,1,12.350344,1.287528,0,0,26027
67490,0,0,18,19,1,12.350960,1.287570,0,0,26031
67500,0,0,0,1,1,12.350770,1.287552,0,0,26031
67510,0,0,4,5,1,12.349614,1.287391,0,0,26031
67520,1,0,6,8,1,12.348989,1.287318,0,0,26031
67530,4,0,20,25,1,12.348636,1.287251,0,0,26031
67540,2,3,15,21,1,12.349538,1.287357,0,0,26038
67550,1,1,13,16,1,12.349901,1.287383,0,0,26039
67560,1,0,11,13,1,12.349912,1.287380,0,0,26039
67570,0,1,8,10,1,12.349786,1.287355,0,0,26039
67580,2,3,18,24,1,12.350471,1.287410,0,0,26042
67590,2,0,13,16,1,12.351202,1.287480,0,0,26049
67600,2,1,4,8,1,12.350158,1.287371,0,0,26050
67610,0,0,11,12,1,12.349707,1.287312,0,0,26050
67620,0,0,0,1,1,12.348342,1.287198,0,0,26050
67630,0,0,2,3,1,12.347540,1.287098,0,0,26050
67640,0,0,8,9,1,12.347068,1.287019,0,0,26050
67650,1,0,12,14,1,12.346762,1.286969,0,0,26050
67660,5,0,14,20,1,12.346779,1.286941,0,0,26053
67670,0,0,1,2,1,12.345840,1.286869,0,0,26053
67680,0,1,12,14,1,12.345076,1.286805,0,0,26053
67690,0,0,4,5,1,12.344549,1.286756,0,0,26053
67700,0,0,4,5,1,12.343253,1.286627,0,0,26053
67710,0,0,10,11,1,12.342747,1.286546,0,0,26053
67720,0,0,12,13,1,12.342526,1.286513,0,0,26053
67730,2,3,16,22,1,12.343115,1.286570,0,0,26053
67740,0,0,7,8,1,12.344095,1.286684,0,0,26062
67750,2,1,4,8,1,12.344051,1.286654,0,0,26062
67760,3,0,15,19,1,12.344573,1.286674,0,0,26063
67770,1,3,14,19,1,12.345626,1.286762,0,0,26064
67780,5,2,11,19,1,12.346218,1.286828,0,0,26069
67790,0,0,8,9,1,12.347316,1.286950,0,0,26077
67800,0,1,11,13,1,12.347775,1.286998,0,0,26082
67810,0,1,7,9,1,12.348319,1.287052,0,0,26082
67820,1,1,16,19,1,12.348998,1.287113,0,0,26091
67830,3,1,16,21,1,12.350542,1.287274,0,0,26103
67840,1,1,2,5,1,12.351112,1.287359,0,0,26108
67850,0,0,0,0,0,12.350053,1.287250,0,0,26108
67860,0,1,5,7,1,12.348631,1.287092,0,0,26108
67870,3,0,9,13,1,12.348461,1.287053,0,0,26108
67880,0,0,4,5,1,12.347835,1.286983,0,0,26108
67890,0,0,8,9,1,12.346636,1.286874,0,0,26108
67900,0,0,19,20,1,12.347120,1.286895,0,0,26112
67910,2,1,12,16,1,12.347931,1.287003,0,0,26126
67920,5,1,20,27,1,12.347774,1.286973,0,0,26132
67930,0,0,8,9,1,12.347581,1.286990,0,0,26135
67940,3,1,18,23,1,12.348379,1.287037,0,0,26139
67950,0,0,16,17,1,12.349636,1.287160,0,0,26161
67960,0,0,7,8,1,12.349205,1.287123,0,0,26161
67970,1,0,2,4,1,12.348083,1.287012,0,0,26161
67980,0,1,15,17,1,12.347700,1.286964,0,0,26162
67990,2,2,16,21,1,12.348071,1.286971,0,0,26164
68000,0,0,14,15,1,12.348307,1.287002,0,0,26166
68010,1,0,15,17,1,12.349561,1.287118,0,0,26174
68020,1,2,3,7,1,12.348593,1.287063,0,0,26174
68030,0,0,10,11,1,12.347666,1.286984,0,0,26174
68040,1,3,5,10,1,12.346784,1.286890,0,0,26174
68050,3,1,15,20,1,12.346988,1.286869,0,0,26174
68060,0,0,3,4,1,12.347058,1.286890,0,0,26174
68070,0,1,4,6,1,12.345964,1.286772,0,0,26174
68080,0,0,1,2,1,12.345003,1.286682,0,0,26174
68090,1,0,11,13,1,12.345152,1.286682,0,0,26175
68100,0,0,0,0,0,12.345002,1.286674,0,0,26175
68110,1,1,6,9,1,12.344163,1.286580,0,0,26175
68120,2,1,16,20,1,12.345323,1.286699,0,0,26190
68130,0,1,20,22,1,12.346189,1.286803,0,0,26194
68140,0,1,7,9,1,12.347033,1.286885,0,0,26200
68150,0,2,5,8,1,12.346755,1.286824,0,0,26200
68160,2,0,17,20,1,12.346825,1.286824,0,0,26211
68170,0,1,4,6,1,12.347551,1.286919,0,0,26230
68180,0,2,20,23,1,12.347340,1.286879,0,0,26236
68190,0,1,14,16,1,12.347574,1.286898,0,0,26241
68200,1,3,17,22,1,12.348464,1.286975,0,0,26252
68210,0,0,4,5,1,12.348328,1.287003,0,0,26253
68220,2,0,6,9,1,12.347278,1.286910,0,0,26253
68230,1,0,5,7,1,12.346187,1.286798,0,0,26253
68240,1,1,1,4,1,12.345097,1.286676,0,0,26253
68250,1,0,12,14,1,12.344240,1.286579,0,0,26253
68260,2,3,9,15,1,12.343533,1.286493,0,0,26253
68270,0,3,11,15,1,12.343568,1.286481,0,0,26253
68280,0,0,3,4,1,12.342730,1.286406,0,0,26253
68290,4,3,15,23,1,12.343204,1.286447,0,0,26255
68300,0,1,19,21,1,12.344616,1.286586,0,0,26259
68310,4,1,7,13,1,12.344127,1.286535,0,0,26262
68320,0,0,3,4,1,12.343766,1.286484,0,0,26262
68330,4,5,20,30,1,12.343705,1.286456,0,0,26265
68340,0,0,14,15,1,12.345002,1.286602,0,0,26286
68350,2,0,12,15,1,12.346095,1.286691,0,0,26295
68360,1,0,0,2,1,12.345342,1.286618,0,0,26295
68370,0,0,2,3,1,12.344240,1.286529,0,0,26295
68380,1,0,10,12,1,12.343647,1.286451,0,0,26295
68390,0,0,5,6,1,12.342648,1.286386,0,0,26295
68400,0,0,0,0,0,12.341082,1.286272,0,0,26295
68410,2,1,3,7,1,12.340911,1.286238,0,0,26295
68420,0,1,10,12,1,12.339929,1.286120,0,0,26295
68430,1,0,11,13,1,12.340976,1.286253,0,0,26313
68440,0,1,1,3,1,12.339888,1.286139,0,0,26313
68450,1,2,16,20,1,12.339087,1.286024,0,0,26313
68460,6,0,8,15,1,12.339874,1.286118,0,0,26319
68470,0,0,6,7,1,12.339603,1.286089,0,0,26319
68480,0,3,15,19,1,12.339636,1.286081,0,0,26319
68490,1,1,14,17,1,12.340124,1.286136,0,0,26323
68500,1,4,20,26,1,12.341416,1.286251,0,0,26336
68510,1,1,3,6,1,12.341562,1.286272,0,0,26338
68520,5,0,14,20,1,12.341639,1.286268,0,0,26338
68530,0,0,7,8,1,12.340910,1.286209,0,0,26339
68540,1,1,16,19,1,12.340818,1.286178,0,0,26340
68550,0,2,10,13,1,12.341402,1.286239,0,0,26340
68560,2,2,20,25,1,12.341773,1.286264,0,0,26342
68570,3,0,5,9,1,12.342197,1.286312,0,0,26345
68580,1,0,16,18,1,12.342923,1.286372,0,0,26348
68590,2,0,17,20,1,12.343889,1.286478,0,0,26349
68600,2,4,20,27,1,12.345173,1.286596,0,0,26359
68610,0,2,7,10,1,12.345960,1.286680,0,0,26362
68620,2,1,13,17,1,12.346750,1.286725,0,0,26366
68630,0,1,8,10,1,12.346786,1.286717,0,0,26366
68640,1,2,10,14,1,12.346795,1.286708,0,0,26366
68650,2,3,4,10,1,12.346788,1.286737,0,0,26366
68660,0,0,0,0,0,12.346245,1.286723,0,0,26366
68670,0,0,2,3,1,12.345090,1.286587,0,0,26366
68680,0,2,9,12,1,12.343991,1.286463,0,0,26366
68690,1,0,10,12,1,12.344609,1.286527,0,0,26371
68700,1,1,4,7,1,12.344931,1.286551,0,0,26374
68710,2,2,14,19,1,12.346103,1.286684,0,0,26382
68720,1,0,1,3,1,12.345099,1.286609,0,0,26382
68730,2,1,1,5,1,12.344013,1.286496,0,0,26382
68740,1,0,7,9,1,12.342940,1.286378,0,0,26382
68750,4,0,20,25,1,12.343211,1.286398,0,0,26385
68760,1,0,12,14,1,12.344406,1.286536,0,0,26400
68770,0,0,1,2,1,12.343674,1.286489,0,0,26400
68780,0,0,4,5,1,12.342429,1.286367,0,0,26400
68790,0,2,11,14,1,12.343211,1.286439,0,0,26401
68800,0,1,13,15,1,12.344421,1.286602,0,0,26419
68810,2,1,5,9,1,12.345387,1.286710,0,0,26430
68820,0,1,9,11,1,12.344458,1.286586,0,0,26430
68830,0,0,5,6,1,12.344006,1.286550,0,0,26430
68840,0,3,16,20,1,12.343222,1.286451,0,0,26430
68850,1,0,19,21,1,12.344413,1.286573,0,0,26442
68860,2,1,14,18,1,12.346012,1.286744,0,0,26461
68870,2,0,10,13,1,12.346996,1.286856,0,0,26470
68880,1,0,5,7,1,12.347890,1.286966,0,0,26473
68890,2,1,8,12,1,12.347605,1.286931,0,0,26473
68900,2,3,18,24,1,12.347398,1.286878,0,0,26473
68910,0,0,5,6,1,12.348194,1.286986,0,0,26477
68920,4,2,15,22,1,12.348514,1.286992,0,0,26477
68930,0,1,9,11,1,12.349430,1.287089,0,0,26480
68940,1,0,10,12,1,12.349918,1.287160,0,0,26490
68950,0,0,4,5,1,12.349259,1.287097,0,0,26490
68960,0,1,3,5,1,12.348182,1.286984,0,0,26490
68970,0,0,0,0,0,12.346967,1.286848,0,0,26490
68980,2,2,12,17,1,12.346882,1.286821,0,0,26492
68990,0,2,13,16,1,12.347256,1.286866,0,0,26492
69000,0,0,4,5,1,12.347343,1.286895,0,0,26492
69010,0,0,11,12,1,12.346886,1.286829,0,0,26492
69020,3,2,20,26,1,12.348012,1.286927,0,0,26507
69030,2,2,10,15,1,12.348195,1.286944,0,0,26514
69040,3,0,10,14,1,12.348886,1.287014,0,0,26514
69050,0,0,15,16,1,12.350083,1.287151,0,0,26529
69060,1,0,20,22,1,12.351189,1.287258,0,0,26539
69070,2,2,8,13,1,12.351757,1.287334,0,0,26546
69080,0,0,5,6,1,12.351404,1.287294,0,0,26546
69090,3,0,9,13,1,12.350673,1.287204,0,0,26546
69100,5,3,12,21,1,12.351607,1.287299,0,0,26553
69110,0,0,15,16,1,12.352748,1.287435,0,0,26577
69120,0,0,5,6,1,12.352154,1.287381,0,0,26577
69130,0,0,12,13,1,12.351060,1.287267,0,0,26577
69140,0,0,4,5,1,12.350810,1.287266,0,0,26577
69150,1,1,9,12,1,12.350140,1.287169,0,0,26577
69160,2,0,17,20,1,12.350478,1.287196,0,0,26577
69170,2,2,10,15,1,12.350301,1.287168,0,0,26578
69180,0,1,15,17,1,12.350721,1.287202,0,0,26578
69190,0,6,20,27,1,12.352109,1.287351,0,0,26595
69200,0,0,1,2,1,12.352346,1.287402,0,0,26602
69210,1,1,14,17,1,12.351702,1.287337,0,0,26602
69220,1,1,16,19,1,12.352222,1.287393,0,0,26603
69230,1,2,13,17,1,12.353140,1.287493,0,0,26603
69240,1,0,6,8,1,12.352848,1.287450,0,0,26603
69250,1,1,20,23,1,12.352400,1.287388,0,0,26604
69260,0,1,17,19,1,12.353625,1.287541,0,0,26612
69270,0,1,13,15,1,12.354633,1.287621,0,0,26615
69280,0,1,0,2,1,12.353706,1.287549,0,0,26615
69290,0,0,2,3,1,12.352326,1.287407,0,0,26615
69300,0,0,0,0,0,12.351327,1.287326,0,0,26615
69310,0,0,0,1,1,12.350251,1.287214,0,0,26615
69320,0,0,14,15,1,12.349605,1.287114,0,0,26622
69330,0,6,14,21,1,12.350438,1.287198,0,0,26624
69340,4,0,9,14,1,12.351014,1.287268,0,0,26628
69350,4,1,9,15,1,12.352018,1.287359,0,0,26634
69360,0,1,5,7,1,12.351258,1.287272,0,0,26634
69370,3,0,2,6,1,12.349942,1.287136,0,0,26634
69380,0,3,2,6,1,12.349764,1.287126,0,0,26634
69390,0,0,13,14,1,12.349748,1.287112,0,0,26634
69400,0,2,6,9,1,12.350501,1.287198,0,0,26637
69410,0,0,0,0,0,12.350143,1.287174,0,0,26637
69420,1,0,11,13,1,12.349015,1.287070,0,0,26637
69430,2,0,7,10,1,12.348684,1.287045,0,0,26637
69440,2,0,10,13,1,12.348481,1.287009,0,0,26637
69450,0,2,6,9,1,12.348623,1.287004,0,0,26637
69460,0,0,0,0,0,12.348014,1.286933,0,0,26637
69470,2,0,7,10,1,12.347139,1.286845,0,0,26637
69480,0,0,5,6,1,12.347230,1.286851,0,0,26637
69490,0,0,15,16,1,12.348058,1.286906,0,0,26641
69500,0,1,4,6,1,12.347683,1.286875,0,0,26641
69510,1,1,7,10,1,12.347051,1.286803,0,0,26641
69520,1,1,8,11,1,12.347164,1.286811,0,0,26641
69530,0,1,1,3,1,12.346018,1.286697,0,0,26641
69540,4,1,10,16,1,12.345514,1.286633,0,0,26641
69550,1,0,20,22,1,12.346339,1.286684,0,0,26645
69560,0,0,15,16,1,12.347794,1.286820,0,0,26658
69570,1,2,13,17,1,12.348285,1.286850,0,0,26662
69580,1,0,2,4,1,12.347280,1.286743,0,0,26662
69590,1,0,4,6,1,12.345978,1.286633,0,0,26662
69600,3,3,18,25,1,12.346716,1.286682,0,0,26667
69610,3,0,20,24,1,12.348377,1.286863,0,0,26682
69620,0,0,10,11,1,12.348956,1.286920,0,0,26686
69630,2,2,19,24,1,12.349427,1.286922,0,0,26687
69640,0,1,14,16,1,12.351268,1.287118,0,0,26707
69650,3,3,8,15,1,12.352065,1.287209,0,0,26714
69660,1,0,20,22,1,12.353130,1.287294,0,0,26720
69670,5,2,18,26,1,12.354423,1.287416,0,0,26729
69680,0,1,5,7,1,12.355462,1.287557,0,0,26740
69690,0,0,1,2,1,12.355821,1.287590,0,0,26741
69700,0,0,0,1,1,12.354303,1.287457,0,0,26741
69710,1,0,20,22,1,12.353902,1.287394,0,0,26745
69720,2,1,19,23,1,12.354932,1.287507,0,0,26752
69730,0,3,15,19,1,12.355941,1.287620,0,0,26761
69740,0,3,13,17,1,12.356655,1.287700,0,0,26765
69750,0,0,11,12,1,12.357630,1.287774,0,0,26768
69760,0,0,0,1,1,12.356811,1.287712,0,0,26768
69770,3,1,14,19,1,12.356873,1.287684,0,0,26770
69780,5,0,19,25,1,12.357547,1.287735,0,0,26770
69790,4,2,19,26,1,12.358546,1.287821,0,0,26775
69800,2,1,14,18,1,12.359868,1.287994,0,0,26789
69810,2,0,19,22,1,12.360989,1.288101,0,0,26800
69820,1,1,16,19,1,12.362458,1.288242,0,0,26824
69830,0,1,5,7,1,12.362683,1.288277,0,0,26824
69840,1,1,12,15,1,12.362338,1.288241,0,0,26824
69850,1,0,6,8,1,12.362744,1.288283,0,0,26824
69860,0,0,0,0,0,12.362225,1.288233,0,0,26824
69870,0,0,2,3,1,12.360663,1.288076,0,0,26824
69880,1,1,20,23,1,12.360152,1.287980,0,0,26826
69890,2,2,9,14,1,12.360760,1.288044,0,0,26829
69900,0,1,0,2,1,12.359932,1.287984,0,0,26829
69910,0,0,1,2,1,12.358765,1.287891,0,0,26829
69920,1,3,11,16,1,12.358595,1.287866,0,0,26831
69930,2,0,16,19,1,12.359660,1.287983,0,0,26838
69940,1,1,0,3,1,12.359356,1.287941,0,0,26838
69950,1,0,4,6,1,12.358518,1.287860,0,0,26838
69960,1,2,19,23,1,12.358839,1.287881,0,0,26848
69970,0,0,10,11,1,12.359117,1.287905,0,0,26850
69980,2,0,18,21,1,12.359424,1.287883,0,0,26853
69990,3,3,20,27,1,12.361085,1.288077,0,0,26878
70000,0,4,18,23,1,12.361721,1.288122,0,0,26882
70010,6,2,17,26,1,12.362878,1.288258,0,0,26895
70020,1,0,14,16,1,12.364572,1.288448,0,0,26916
70030,1,0,16,18,1,12.365256,1.288500,0,0,26918
70040,0,0,10,11,1,12.366181,1.288610,0,0,26930
70050,2,1,19,23,1,12.366364,1.288609,0,0,26934
70060,1,1,9,12,1,12.367245,1.288703,0,0,26934
70070,1,1,17,20,1,12.367792,1.288756,0,0,26934
70080,0,0,6,7,1,12.367439,1.288733,0,0,26934
70090,0,0,0,1,1,12.366382,1.288621,0,0,26934
70100,3,1,17,22,1,12.367168,1.288685,0,0,26942
70110,2,2,13,18,1,12.368015,1.288762,0,0,26945
70120,0,2,18,21,1,12.368878,1.288867,0,0,26950
70130,1,1,2,5,1,12.367909,1.288787,0,0,26950
70140,5,0,16,22,1,12.367960,1.288775,0,0,26951
70150,4,3,20,28,1,12.369157,1.288892,0,0,26965
70160,0,1,3,5,1,12.369317,1.288936,0,0,26967
70170,0,0,5,6,1,12.368610,1.288852,0,0,26967
70180,0,1,11,13,1,12.368817,1.288845,0,0,26967
70190,0,0,0,0,0,12.369248,1.288890,0,0,26978
70200,1,3,10,15,1,12.369023,1.288853,0,0,26978
70210,0,0,16,17,1,12.370228,1.288982,0,0,26995
70220,3,1,19,24,1,12.371675,1.289144,0,0,27020
70230,2,0,5,8,1,12.371032,1.289089,0,0,27020
70240,0,1,0,2,1,12.370418,1.289029,0,0,27020
70250,1,2,11,15,1,12.370549,1.289014,0,0,27020
70260,0,0,8,9,1,12.370728,1.289026,0,0,27020
70270,0,1,9,11,1,12.369435,1.288909,0,0,27020
70280,2,4,19,26,1,12.369965,1.288943,0,0,27024
70290,3,0,18,22,1,12.371532,1.289122,0,0,27038
70300,0,0,16,17,1,12.371906,1.289160,0,0,27038
70310,2,1,12,16,1,12.372271,1.289185,0,0,27038
70320,0,0,6,7,1,12.372417,1.289208,0,0,27038
70330,0,0,2,3,1,12.371613,1.289095,0,0,27038
70340,1,0,5,7,1,12.370615,1.288978,0,0,27038
70350,0,0,12,13,1,12.371440,1.289041,0,0,27043
70360,4,1,10,16,1,12.371895,1.289073,0,0,27048
70370,2,0,8,11,1,12.372415,1.289127,0,0,27050
70380,0,0,1,2,1,12.372372,1.289127,0,0,27050
70390,4,2,19,26,1,12.372667,1.289136,0,0,27056
70400,0,0,4,5,1,12.373206,1.289208,0,0,27070
70410,2,0,3,6,1,12.373559,1.289229,0,0,27074
70420,0,0,6,7,1,12.372731,1.289158,0,0,27074
70430,1,0,5,7,1,12.372655,1.289148,0,0,27074
70440,1,0,0,2,1,12.371554,1.289047,0,0,27074
70450,1,0,5,7,1,12.370979,1.288981,0,0,27074
70460,1,0,6,8,1,12.369909,1.288892,0,0,27074
70470,1,0,9,11,1,12.369206,1.288796,0,0,27074
70480,1,0,18,20,1,12.369918,1.288859,0,0,27076
70490,2,2,6,11,1,12.370752,1.288950,0,0,27077
70500,2,3,14,20,1,12.371528,1.289009,0,0,27078
70510,1,0,7,9,1,12.372106,1.289085,0,0,27083
70520,2,1,13,17,1,12.371946,1.289049,0,0,27083
70530,0,1,5,7,1,12.371950,1.289032,0,0,27087
70540,0,3,12,16,1,12.372609,1.289114,0,0,27089
70550,1,0,5,7,1,12.371840,1.289070,0,0,27089
70560,2,1,12,16,1,12.371265,1.288999,0,0,27089
70570,0,0,2,3,1,12.370326,1.288907,0,0,27089
70580,0,0,4,5,1,12.369064,1.288771,0,0,27089
70590,1,1,4,7,1,12.368181,1.288676,0,0,27089
70600,0,0,2,3,1,12.366788,1.288559,0,0,27089
70610,0,1,7,9,1,12.366052,1.288501,0,0,27089
70620,0,0,7,8,1,12.365540,1.288429,0,0,27089
70630,2,1,20,24,1,12.366493,1.288539,0,0,27103
70640,1,4,10,16,1,12.366989,1.288587,0,0,27106
70650,0,0,1,2,1,12.367139,1.288618,0,0,27106
70660,1,0,15,17,1,12.366967,1.288589,0,0,27106
70670,0,2,19,22,1,12.367587,1.288649,0,0,27108
70680,0,1,3,5,1,12.366538,1.288582,0,0,27108
70690,1,1,13,16,1,12.366789,1.288583,0,0,27108
70700,1,0,4,6,1,12.367248,1.288642,0,0,27111
70710,3,0,4,8,1,12.365910,1.288527,0,0,27111
70720,0,0,1,2,1,12.364607,1.288409,0,0,27111
70730,0,0,8,9,1,12.363919,1.288316,0,0,27111
70740,0,2,13,16,1,12.364249,1.288332,0,0,27111
70750,0,0,3,4,1,12.364049,1.288328,0,0,27111
70760,0,2,20,23,1,12.365058,1.288427,0,0,27123
70770,2,3,10,16,1,12.365508,1.288497,0,0,27125
70780,3,1,15,20,1,12.366562,1.288610,0,0,27137
70790,7,0,20,28,1,12.367819,1.288756,0,0,27156
70800,5,2,20,28,1,12.369430,1.288928,0,0,27176
70810,2,0,11,14,1,12.370168,1.289029,0,0,27188
70820,1,4,16,22,1,12.370629,1.289062,0,0,27198
70830,3,2,11,17,1,12.370804,1.289080,0,0,27204
70840,4,3,20,28,1,12.372637,1.289279,0,0,27214
70850,0,0,11,12,1,12.373225,1.289351,0,0,27217
70860,0,0,10,11,1,12.373819,1.289391,0,0,27223
70870,1,2,7,11,1,12.373537,1.289359,0,0,27223
70880,1,0,10,12,1,12.374238,1.289417,0,0,27232
70890,0,0,0,0,0,12.373505,1.289356,0,0,27232
70900,0,0,3,4,1,12.372697,1.289251,0,0,27232
70910,0,0,2,3,1,12.372153,1.289209,0,0,27232
70920,0,0,0,0,0,12.370892,1.289083,0,0,27232
70930,0,0,3,4,1,12.369388,1.288938,0,0,27232
70940,0,0,0,1,1,12.368107,1.288819,0,0,27232
70950,0,0,4,5,1,12.366906,1.288692,0,0,27232
70960,0,3,19,23,1,12.366266,1.288588,0,0,27233
70970,0,0,1,2,1,12.366247,1.288588,0,0,27234
70980,1,0,8,10,1,12.365632,1.288516,0,0,27234
70990,0,0,5,6,1,12.364833,1.288431,0,0,27234
71000,2,0,10,13,1,12.365673,1.288516,0,0,27246
71010,1,1,8,11,1,12.364647,1.288406,0,0,27246
71020,0,0,7,8,1,12.363655,1.288306,0,0,27246
71030,2,0,13,16,1,12.364063,1.288343,0,0,27247
71040,1,2,18,22,1,12.364280,1.288343,0,0,27251
71050,3,2,3,9,1,12.364738,1.288420,0,0,27253
71060,0,0,1,2,1,12.363362,1.288298,0,0,27253
71070,1,0,2,4,1,12.362278,1.288185,0,0,27253
71080,1,0,5,7,1,12.361001,1.288067,0,0,27253
71090,2,1,1,5,1,12.360602,1.288019,0,0,27253
71100,0,0,18,19,1,12.359497,1.287906,0,0,27253
71110,1,0,16,18,1,12.360091,1.287957,0,0,27258
71120,0,4,19,24,1,12.360834,1.288013,0,0,27258
71130,1,0,18,20,1,12.362140,1.288178,0,0,27277
71140,4,2,20,27,1,12.363663,1.288351,0,0,27311
71150,1,3,19,24,1,12.364494,1.288436,0,0,27315
71160,1,2,14,18,1,12.365545,1.288540,0,0,27330
71170,0,0,0,1,1,12.365015,1.288483,0,0,27330
71180,1,0,13,15,1,12.363981,1.288352,0,0,27330
71190,0,2,20,23,1,12.364599,1.288388,0,0,27331
71200,0,1,15,17,1,12.366013,1.288554,0,0,27345
71210,1,2,17,21,1,12.366455,1.288598,0,0,27345
71220,3,4,17,25,1,12.367399,1.288674,0,0,27349
71230,0,4,18,23,1,12.368672,1.288809,0,0,27366
71240,0,0,0,1,1,12.369630,1.288937,0,0,27386
71250,1,1,18,21,1,12.369159,1.288867,0,0,27386
71260,0,1,15,17,1,12.370226,1.288980,0,0,27391
71270,0,2,7,10,1,12.369654,1.288929,0,0,27391
71280,0,0,8,9,1,12.369856,1.288971,0,0,27391
71290,2,5,16,24,1,12.371116,1.289108,0,0,27409
71300,1,1,13,16,1,12.372455,1.289278,0,0,27420
71310,0,0,1,2,1,12.372621,1.289299,0,0,27425
71320,2,1,18,22,1,12.372744,1.289293,0,0,27429
71330,0,3,18,22,1,12.374287,1.289453,0,0,27449
71340,2,2,13,18,1,12.375559,1.289595,0,0,27463
71350,2,0,16,19,1,12.376977,1.289739,0,0,27470
71360,0,0,6,7,1,12.377528,1.289813,0,0,27486
71370,0,2,18,21,1,12.377431,1.289794,0,0,27488
71380,1,0,12,14,1,12.378213,1.289875,0,0,27490
71390,1,0,13,15,1,12.378540,1.289922,0,0,27490
71400,2,3,5,11,1,12.378947,1.289971,0,0,27490
71410,0,0,1,2,1,12.377837,1.289859,0,0,27490
71420,2,2,12,17,1,12.377058,1.289747,0,0,27490
71430,1,0,4,6,1,12.376859,1.289726,0,0,27490
71440,1,0,7,9,1,12.375909,1.289648,0,0,27490
71450,1,0,10,12,1,12.374991,1.289552,0,0,27490
71460,0,2,16,19,1,12.375597,1.289613,0,0,27500
71470,0,1,13,15,1,12.376823,1.289747,0,0,27519
71480,0,0,0,0,0,12.375989,1.289690,0,0,27519
71490,1,0,1,3,1,12.375262,1.289616,0,0,27519
71500,0,1,6,8,1,12.374416,1.289501,0,0,27519
71510,0,0,1,2,1,12.373957,1.289472,0,0,27519
71520,0,0,0,1,1,12.372902,1.289390,0,0,27519
71530,1,1,4,7,1,12.372395,1.289328,0,0,27519
71540,0,0,0,1,1,12.371225,1.289240,0,0,27519
71550,3,0,10,14,1,12.370236,1.289154,0,0,27519
71560,1,2,10,14,1,12.371686,1.289312,0,0,27527
71570,0,0,4,5,1,12.372091,1.289358,0,0,27527
71580,0,0,2,3,1,12.370629,1.289241,0,0,27527
71590,0,1,12,14,1,12.371141,1.289293,0,0,27535
71600,0,0,2,3,1,12.369826,1.289180,0,0,27535
71610,1,0,1,3,1,12.368650,1.289065,0,0,27535
71620,4,2,19,26,1,12.369411,1.289125,0,0,27545
71630,0,0,9,10,1,12.370260,1.289261,0,0,27557
71640,1,0,13,15,1,12.370979,1.289337,0,0,27566
71650,6,1,20,28,1,12.372004,1.289418,0,0,27568
71660,0,1,13,15,1,12.373002,1.289552,0,0,27584
71670,1,2,4,8,1,12.373746,1.289644,0,0,27589
71680,5,2,19,27,1,12.374709,1.289729,0,0,27593
71690,1,2,19,23,1,12.375774,1.289842,0,0,27604
71700,1,0,13,15,1,12.376282,1.289893,0,0,27607
71710,1,2,14,18,1,12.375686,1.289837,0,0,27607
71720,0,0,12,13,1,12.376552,1.289929,0,0,27619
71730,3,6,18,28,1,12.376825,1.289918,0,0,27619
71740,0,2,20,23,1,12.378209,1.290077,0,0,27643
71750,0,1,6,8,1,12.378757,1.290158,0,0,27645
71760,0,0,0,0,0,12.377552,1.290034,0,0,27645
71770,1,3,2,7,1,12.376149,1.289912,0,0,27645
71780,2,0,16,19,1,12.375288,1.289815,0,0,27645
71790,0,1,3,5,1,12.375103,1.289807,0,0,27645
71800,0,0,2,3,1,12.375200,1.289813,0,0,27645
71810,1,3,5,10,1,12.374026,1.289708,0,0,27645
71820,0,0,2,3,1,12.373365,1.289657,0,0,27645
71830,0,0,0,1,1,12.372104,1.289511,0,0,27645
71840,1,2,19,23,1,12.371601,1.289430,0,0,27646
71850,2,1,15,19,1,12.372949,1.289584,0,0,27658
71860,3,1,18,23,1,12.374124,1.289719,0,0,27678
71870,1,1,10,13,1,12.375129,1.289841,0,0,27680
71880,2,0,5,8,1,12.374526,1.289770,0,0,27680
71890,1,0,4,6,1,12.373764,1.289719,0,0,27680
71900,1,1,11,14,1,12.372957,1.289638,0,0,27680
71910,1,1,8,11,1,12.373330,1.289701,0,0,27680
71920,5,5,19,30,1,12.373666,1.289717,0,0,27688
71930,0,1,1,3,1,12.373464,1.289724,0,0,27691
71940,0,0,3,4,1,12.372488,1.289637,0,0,27691
71950,1,5,17,24,1,12.372855,1.289648,0,0,27692
71960,1,2,20,24,1,12.374432,1.289819,0,0,27708
71970,0,1,20,22,1,12.376051,1.290027,0,0,27736
71980,0,1,8,10,1,12.376675,1.290100,0,0,27739
71990,0,0,2,3,1,12.375781,1.290006,0,0,27739
72000,1,1,12,15,1,12.374780,1.289900,0,0,27739
72010,1,0,20,22,1,12.375635,1.289981,0,0,27742
72020,0,0,3,4,1,12.375383,1.289953,0,0,27742
72030,0,0,10,11,1,12.375350,1.289948,0,0,27743
72040,0,0,8,9,1,12.376031,1.290024,0,0,27752
72050,0,0,9,10,1,12.374983,1.289928,0,0,27752
72060,0,1,6,8,1,12.374240,1.289849,0,0,27752
72070,0,0,6,7,1,12.373163,1.289751,0,0,27752
72080,0,1,4,6,1,12.372163,1.289630,0,0,27752
72090,1,2,20,24,1,12.371663,1.289535,0,0,27753
72100,0,0,0,0,0,12.371638,1.289547,0,0,27753
72110,0,0,5,6,1,12.370329,1.289403,0,0,27753
72120,2,1,14,18,1,12.370816,1.289431,0,0,27753
72130,5,0,10,16,1,12.371646,1.289523,0,0,27755
72140,3,0,20,24,1,12.372189,1.289576,0,0,27768
72150,0,0,3,4,1,12.371293,1.289505,0,0,27768
72160,0,0,1,2,1,12.370221,1.289386,0,0,27768
72170,0,0,15,16,1,12.369613,1.289298,0,0,27768
72180,0,0,3,4,1,12.368784,1.289211,0,0,27768
72190,0,0,12,13,1,12.367937,1.289084,0,0,27768
72200,0,0,5,6,1,12.368644,1.289178,0,0,27775
72210,2,1,4,8,1,12.367397,1.289053,0,0,27775
72220,1,0,9,11,1,12.367208,1.289034,0,0,27775
72230,0,0,12,13,1,12.366441,1.288957,0,0,27775
72240,0,0,6,7,1,12.366302,1.288943,0,0,27775
72250,0,0,3,4,1,12.365263,1.288840,0,0,27775
72260,0,0,0,1,1,12.365093,1.288818,0,0,27775
72270,0,0,14,15,1,12.365106,1.288833,0,0,27779
72280,0,1,7,9,1,12.365546,1.288886,0,0,27779
72290,0,0,11,12,1,12.365945,1.288927,0,0,27779
72300,2,1,14,18,1,12.366922,1.289038,0,0,27799
72310,0,1,11,13,1,12.366161,1.288948,0,0,27799
72320,1,1,11,14,1,12.367158,1.289053,0,0,27802
72330,1,1,10,13,1,12.366489,1.288978,0,0,27802
72340,0,1,9,11,1,12.366493,1.288976,0,0,27802
72350,1,0,18,20,1,12.367199,1.289011,0,0,27805
72360,0,0,0,1,1,12.366703,1.288953,0,0,27805
72370,0,1,7,9,1,12.365971,1.288875,0,0,27805
72380,0,0,12,13,1,12.366149,1.288886,0,0,27805
72390,1,1,2,5,1,12.365004,1.288780,0,0,27805
72400,1,0,4,6,1,12.365179,1.288766,0,0,27805
72410,2,1,20,24,1,12.365582,1.288784,0,0,27806
72420,1,0,12,14,1,12.366334,1.288870,0,0,27809
72430,6,4,15,26,1,12.366880,1.288897,0,0,27809
72440,0,1,9,11,1,12.368091,1.289027,0,0,27818
72450,1,0,2,4,1,12.367808,1.288992,0,0,27818
72460,1,1,6,9,1,12.367178,1.288933,0,0,27818
72470,1,3,6,11,1,12.366531,1.288870,0,0,27818
72480,0,0,6,7,1,12.366726,1.288895,0,0,27818
72490,1,0,3,5,1,12.365555,1.288786,0,0,27818
72500,0,0,0,0,0,12.364886,1.288727,0,0,27818
72510,0,0,0,1,1,12.363481,1.288579,0,0,27818
72520,0,0,2,3,1,12.362403,1.288478,0,0,27818
72530,1,0,17,19,1,12.363127,1.288527,0,0,27819
72540,2,1,8,12,1,12.363305,1.288531,0,0,27819
72550,1,2,7,11,1,12.363743,1.288569,0,0,27819
72560,1,0,12,14,1,12.363419,1.288526,0,0,27819
72570,0,2,6,9,1,12.362473,1.288433,0,0,27819
72580,0,0,3,4,1,12.362162,1.288398,0,0,27819
72590,0,0,3,4,1,12.361879,1.288361,0,0,27819
72600,0,1,3,5,1,12.360765,1.288241,0,0,27819
72610,2,1,13,17,1,12.360804,1.288232,0,0,27820
72620,2,1,13,17,1,12.361875,1.288353,0,0,27831
72630,1,0,18,20,1,12.362368,1.288410,0,0,27833
72640,1,0,18,20,1,12.363420,1.288534,0,0,27849
72650,1,2,11,15,1,12.363929,1.288580,0,0,27850
72660,2,0,7,10,1,12.363796,1.288544,0,0,27850
72670,0,0,0,0,0,12.362770,1.288452,0,0,27850
72680,0,0,0,0,0,12.361377,1.288341,0,0,27850
72690,1,2,15,19,1,12.360918,1.288299,0,0,27850
72700,2,2,16,21,1,12.361733,1.288360,0,0,27860
72710,2,0,17,20,1,12.362620,1.288460,0,0,27874
72720,0,2,14,17,1,12.363042,1.288516,0,0,27874
72730,2,1,17,21,1,12.364290,1.288646,0,0,27889
72740,0,2,7,10,1,12.365269,1.288791,0,0,27890
72750,0,1,14,16,1,12.365615,1.288818,0,0,27890
72760,1,0,14,16,1,12.366264,1.288880,0,0,27890
72770,3,6,18,28,1,12.367894,1.289064,0,0,27909
72780,0,3,4,8,1,12.369033,1.289227,0,0,27925
72790,0,2,9,12,1,12.368478,1.289156,0,0,27925
72800,0,2,12,15,1,12.369065,1.289208,0,0,27930
72810,5,3,17,26,1,12.369934,1.289284,0,0,27936
72820,1,1,7,10,1,12.370250,1.289359,0,0,27944
72830,0,0,3,4,1,12.369071,1.289243,0,0,27944
72840,0,0,2,3,1,12.367937,1.289127,0,0,27944
72850,4,0,10,15,1,12.367801,1.289089,0,0,27944
72860,1,1,14,17,1,12.367827,1.289069,0,0,27946
72870,0,2,7,10,1,12.368565,1.289144,0,0,27946
72880,0,0,0,1,1,12.367901,1.289095,0,0,27946
72890,0,0,8,9,1,12.366581,1.288943,0,0,27946
72900,1,0,8,10,1,12.367632,1.289041,0,0,27950
72910,0,1,13,15,1,12.368428,1.289133,0,0,27956
72920,2,1,12,16,1,12.369019,1.289178,0,0,27959
72930,6,2,18,27,1,12.369871,1.289298,0,0,27973
72940,3,6,20,30,1,12.371149,1.289424,0,0,27982
72950,1,2,16,20,1,12.372588,1.289601,0,0,28006
72960,1,0,9,11,1,12.373381,1.289691,0,0,28019
72970,0,1,2,4,1,12.373071,1.289666,0,0,28019
72980,3,2,12,18,1,12.372958,1.289627,0,0,28019
72990,1,3,14,19,1,12.373796,1.289710,0,0,28020
73000,2,2,12,17,1,12.375368,1.289874,0,0,28036
73010,1,2,16,20,1,12.375590,1.289884,0,0,28036
73020,7,1,8,17,1,12.376729,1.290008,0,0,28050
73030,0,1,15,17,1,12.377347,1.290061,0,0,28050
73040,1,2,16,20,1,12.378134,1.290147,0,0,28057
73050,0,2,18,21,1,12.378905,1.290218,0,0,28058
73060,2,0,10,13,1,12.380203,1.290381,0,0,28076
73070,1,2,15,19,1,12.380027,1.290348,0,0,28076
73080,0,1,2,4,1,12.379638,1.290305,0,0,28076
73090,4,1,14,20,1,12.379084,1.290229,0,0,28076
73100,1,1,3,6,1,12.379426,1.290281,0,0,28076
73110,0,1,3,5,1,12.378164,1.290137,0,0,28076
73120,0,0,0,0,0,12.377474,1.290074,0,0,28076
73130,0,2,4,7,1,12.376204,1.289932,0,0,28076
73140,5,4,18,28,1,12.377032,1.290005,0,0,28094
73150,0,0,6,7,1,12.377538,1.290069,0,0,28101
73160,0,1,11,13,1,12.376562,1.289951,0,0,28101
73170,6,0,19,26,1,12.377515,1.290041,0,0,28122
73180,3,0,19,23,1,12.379066,1.290235,0,0,28142
73190,0,0,11,12,1,12.380174,1.290380,0,0,28155
73200,1,2,10,14,1,12.379237,1.290249,0,0,28155
73210,2,1,14,18,1,12.379958,1.290310,0,0,28165
73220,0,0,11,12,1,12.379784,1.290297,0,0,28165
73230,2,2,18,23,1,12.380662,1.290359,0,0,28173
73240,1,2,9,13,1,12.381656,1.290470,0,0,28179
73250,2,2,17,22,1,12.382271,1.290545,0,0,28184
73260,1,1,12,15,1,12.382311,1.290545,0,0,28184
73270,1,1,15,18,1,12.382762,1.290566,0,0,28185
73280,0,1,1,3,1,12.381917,1.290500,0,0,28185
73290,0,0,12,13,1,12.381254,1.290411,0,0,28185
73300,0,0,1,2,1,12.380295,1.290305,0,0,28185
73310,0,0,9,10,1,12.379283,1.290170,0,0,28185
73320,0,0,1,2,1,12.377998,1.290047,0,0,28185
73330,0,0,4,5,1,12.376771,1.289925,0,0,28185
73340,0,0,2,3,1,12.375796,1.289816,0,0,28185
73350,0,0,4,5,1,12.375098,1.289749,0,0,28185
73360,1,0,3,5,1,12.373986,1.289640,0,0,28185
73370,0,0,0,0,0,12.374085,1.289636,0,0,28185
73380,1,0,6,8,1,12.372859,1.289513,0,0,28185
73390,1,1,14,17,1,12.373686,1.289590,0,0,28189
73400,2,0,9,12,1,12.374586,1.289667,0,0,28194
73410,0,3,14,18,1,12.375632,1.289774,0,0,28204
73420,2,0,19,22,1,12.376662,1.289878,0,0,28224
73430,3,2,13,19,1,12.376883,1.289884,0,0,28227
73440,0,1,7,9,1,12.377222,1.289918,0,0,28227
73450,3,0,18,22,1,12.378101,1.290006,0,0,28233
73460,4,0,11,16,1,12.379585,1.290171,0,0,28247
73470,0,0,16,17,1,12.380488,1.290254,0,0,28256
73480,3,1,13,18,1,12.380698,1.290258,0,0,28256
73490,1,1,20,23,1,12.381717,1.290362,0,0,28265
73500,1,1,15,18,1,12.381746,1.290347,0,0,28267
73510,0,0,0,1,1,12.382365,1.290419,0,0,28275
73520,0,0,0,1,1,12.381497,1.290343,0,0,28275
73530,4,1,20,26,1,12.381821,1.290356,0,0,28275
73540,0,0,8,9,1,12.383068,1.290534,0,0,28309
73550,2,3,18,24,1,12.383742,1.290591,0,0,28316
73560,0,0,3,4,1,12.384010,1.290630,0,0,28319
73570,0,0,1,2,1,12.382869,1.290516,0,0,28319
73580,0,1,9,11,1,12.382341,1.290463,0,0,28319
73590,2,0,2,5,1,12.381337,1.290349,0,0,28319
73600,0,0,0,0,0,12.380169,1.290231,0,0,28319
73610,0,0,4,5,1,12.379397,1.290112,0,0,28319
73620,0,0,0,0,0,12.378200,1.289987,0,0,28319
73630,0,3,11,15,1,12.378244,1.289948,0,0,28319
73640,1,0,7,9,1,12.377836,1.289916,0,0,28319
73650,0,2,9,12,1,12.376833,1.289830,0,0,28319
73660,1,2,14,18,1,12.377318,1.289860,0,0,28322
73670,0,0,1,2,1,12.377638,1.289892,0,0,28322
73680,0,0,14,15,1,12.377947,1.289911,0,0,28326
73690,2,3,13,19,1,12.378090,1.289904,0,0,28326
73700,0,1,12,14,1,12.378993,1.290000,0,0,28349
73710,0,2,19,22,1,12.379458,1.290059,0,0,28353
73720,0,0,4,5,1,12.380297,1.290167,0,0,28365
73730,1,0,7,9,1,12.380384,1.290194,0,0,28365
73740,1,0,11,13,1,12.379410,1.290100,0,0,28365
73750,1,3,18,23,1,12.379064,1.290065,0,0,28366
73760,1,0,20,22,1,12.380439,1.290227,0,0,28385
73770,0,0,3,4,1,12.380541,1.290265,0,0,28394
73780,1,1,11,14,1,12.379314,1.290128,0,0,28394
73790,0,1,18,20,1,12.379918,1.290183,0,0,28397
73800,1,0,0,2,1,12.379026,1.290097,0,0,28397
73810,0,0,0,1,1,12.378153,1.290026,0,0,28397
73820,1,0,15,17,1,12.377141,1.289904,0,0,28397
73830,1,0,16,18,1,12.377254,1.289907,0,0,28397
73840,1,0,3,5,1,12.376121,1.289801,0,0,28397
73850,2,0,17,20,1,12.375313,1.289701,0,0,28399
73860,0,0,2,3,1,12.374692,1.289640,0,0,28400
73870,1,0,1,3,1,12.374518,1.289634,0,0,28400
73880,1,1,20,23,1,12.374444,1.289597,0,0,28404
73890,1,7,18,27,1,12.376264,1.289798,0,0,28425
73900,1,0,20,22,1,12.377854,1.289956,0,0,28451
73910,0,2,18,21,1,12.379035,1.290079,0,0,28459
73920,0,0,11,12,1,12.378912,1.290081,0,0,28460
73930,2,2,17,22,1,12.379292,1.290135,0,0,28460
73940,0,0,19,20,1,12.380324,1.290255,0,0,28479
73950,0,2,3,6,1,12.381360,1.290376,0,0,28492
73960,0,1,9,11,1,12.380281,1.290269,0,0,28492
73970,0,0,4,5,1,12.379631,1.290226,0,0,28492
73980,0,0,6,7,1,12.378230,1.290100,0,0,28492
73990,1,1,9,12,1,12.377636,1.290025,0,0,28492
74000,1,0,5,7,1,12.377527,1.290016,0,0,28492
74010,0,0,1,2,1,12.376549,1.289937,0,0,28492
74020,0,2,15,18,1,12.376622,1.289947,0,0,28494
74030,1,0,2,4,1,12.375798,1.289875,0,0,28494
74040,0,0,3,4,1,12.374453,1.289750,0,0,28494
74050,0,0,1,2,1,12.373238,1.289635,0,0,28494
74060,0,1,3,5,1,12.372201,1.289502,0,0,28494
74070,0,3,13,17,1,12.372458,1.289518,0,0,28494
74080,2,0,14,17,1,12.373124,1.289592,0,0,28494
74090,0,1,19,21,1,12.374127,1.289711,0,0,28507
74100,1,0,12,14,1,12.374990,1.289783,0,0,28509
74110,2,1,12,16,1,12.375712,1.289851,0,0,28514
74120,2,0,17,20,1,12.376662,1.289968,0,0,28530
74130,2,3,7,13,1,12.376904,1.290000,0,0,28530
74140,1,2,15,19,1,12.377921,1.290097,0,0,28538
74150,1,0,0,2,1,12.378731,1.290185,0,0,28544
74160,0,0,0,1,1,12.377617,1.290083,0,0,28544
74170,3,0,13,17,1,12.376681,1.289977,0,0,28544
74180,0,1,7,9,1,12.375599,1.289897,0,0,28544
74190,0,0,1,2,1,12.374690,1.289809,0,0,28544
74200,0,1,7,9,1,12.373575,1.289685,0,0,28544
74210,4,2,19,26,1,12.372854,1.289603,0,0,28544
74220,0,4,15,20,1,12.373447,1.289663,0,0,28549
74230,0,2,13,16,1,12.374419,1.289778,0,0,28570
74240,1,2,17,21,1,12.375512,1.289890,0,0,28577
74250,0,0,2,3,1,12.375919,1.289938,0,0,28582
74260,0,0,1,2,1,12.374665,1.289820,0,0,28582
74270,2,0,15,18,1,12.373886,1.289704,0,0,28582
74280,1,0,19,21,1,12.375137,1.289840,0,0,28593
74290,0,0,5,6,1,12.375003,1.289821,0,0,28598
74300,2,1,15,19,1,12.375074,1.289839,0,0,28598
74310,1,0,10,12,1,12.375623,1.289894,0,0,28598
74320,0,1,4,6,1,12.375553,1.289876,0,0,28598
74330,4,2,11,18,1,12.375248,1.289824,0,0,28598
74340,1,0,5,7,1,12.375469,1.289843,0,0,28601
74350,2,1,4,8,1,12.374382,1.289725,0,0,28601
74360,1,0,15,17,1,12.374732,1.289759,0,0,28602
74370,1,0,13,15,1,12.375353,1.289827,0,0,28603
74380,1,0,6,8,1,12.374656,1.289762,0,0,28603
74390,0,0,0,1,1,12.374137,1.289715,0,0,28603
74400,1,0,7,9,1,12.372997,1.289580,0,0,28603
74410,0,3,16,20,1,12.372710,1.289550,0,0,28610
74420,1,5,10,17,1,12.373440,1.289644,0,0,28615
74430,1,5,20,27,1,12.374964,1.289802,0,0,28627
74440,6,0,17,24,1,12.375920,1.289895,0,0,28636
74450,0,0,13,14,1,12.376930,1.290011,0,0,28650
74460,0,0,17,18,1,12.377765,1.290100,0,0,28671
74470,0,1,5,7,1,12.376975,1.290041,0,0,28671
74480,0,0,10,11,1,12.376453,1.289990,0,0,28671
74490,0,0,0,0,0,12.375756,1.289931,0,0,28671
74500,0,0,0,0,0,12.374617,1.289816,0,0,28671
74510,0,0,2,3,1,12.373507,1.289704,0,0,28671
74520,0,2,2,5,1,12.372198,1.289569,0,0,28671
74530,2,0,1,4,1,12.371581,1.289494,0,0,28671
74540,2,0,20,23,1,12.371215,1.289441,0,0,28671
74550,2,4,13,20,1,12.372448,1.289597,0,0,28684
74560,0,2,15,18,1,12.373231,1.289696,0,0,28687
74570,0,0,2,3,1,12.373192,1.289690,0,0,28687
74580,0,0,14,15,1,12.373237,1.289662,0,0,28687
74590,2,0,19,22,1,12.373635,1.289671,0,0,28687
74600,3,0,6,10,1,12.373986,1.289684,0,0,28687
74610,2,2,10,15,1,12.374665,1.289714,0,0,28692
74620,1,0,20,22,1,12.375334,1.289763,0,0,28693
74630,0,1,20,22,1,12.376588,1.289925,0,0,28713
74640,0,0,0,1,1,12.376104,1.289903,0,0,28713
74650,0,0,9,10,1,12.375288,1.289807,0,0,28713
74660,1,1,10,13,1,12.375518,1.289829,0,0,28713
74670,0,3,16,20,1,12.375889,1.289864,0,0,28713
74680,2,0,18,21,1,12.377023,1.289975,0,0,28732
74690,0,0,8,9,1,12.377355,1.290024,0,0,28732
74700,1,1,20,23,1,12.376615,1.289950,0,0,28734
74710,1,0,18,20,1,12.377817,1.290090,0,0,28737
74720,0,4,11,16,1,12.378446,1.290153,0,0,28742
74730,1,0,18,20,1,12.379543,1.290251,0,0,28760
74740,5,4,20,30,1,12.381088,1.290425,0,0,28767
74750,0,3,16,20,1,12.382168,1.290539,0,0,28767
74760,2,0,20,23,1,12.383327,1.290669,0,0,28796
74770,0,0,11,12,1,12.384051,1.290743,0,0,28800
74780,2,3,19,25,1,12.385048,1.290859,0,0,28817
74790,0,3,5,9,1,12.386258,1.291007,0,0,28833
74800,0,0,0,1,1,12.384998,1.290891,0,0,28833
74810,0,1,0,2,1,12.383583,1.290749,0,0,28833
74820,0,0,0,0,0,12.382925,1.290657,0,0,28833
74830,0,0,0,0,0,12.381802,1.290552,0,0,28833
74840,1,1,12,15,1,12.381037,1.290453,0,0,28833
74850,0,0,7,8,1,12.380655,1.290427,0,0,28833
74860,4,0,8,13,1,12.381225,1.290474,0,0,28839
74870,0,0,0,0,0,12.380089,1.290386,0,0,28839
74880,0,0,1,2,1,12.379006,1.290270,0,0,28839
74890,1,0,6,8,1,12.378734,1.290243,0,0,28845
74900,1,1,14,17,1,12.377889,1.290148,0,0,28845
74910,0,0,10,11,1,12.377726,1.290129,0,0,28846
74920,0,2,11,14,1,12.377244,1.290068,0,0,28846
74930,0,1,1,3,1,12.376283,1.289971,0,0,28846
74940,0,0,0,0,0,12.375083,1.289853,0,0,28846
74950,0,0,17,18,1,12.375161,1.289856,0,0,28847
74960,1,0,10,12,1,12.375534,1.289900,0,0,28849
74970,0,0,7,8,1,12.374804,1.289829,0,0,28849
74980,4,2,19,26,1,12.375469,1.289860,0,0,28864
74990,0,0,9,10,1,12.375760,1.289918,0,0,28869
75000,0,0,9,10,1,12.374767,1.289812,0,0,28869
75010,2,0,4,7,1,12.374066,1.289737,0,0,28869
75020,3,3,6,13,1,12.373449,1.289657,0,0,28869
75030,2,1,16,20,1,12.373301,1.289625,0,0,28869
75040,3,1,8,13,1,12.373220,1.289608,0,0,28869
75050,0,0,0,0,0,12.372419,1.289506,0,0,28869
75060,0,0,7,8,1,12.371401,1.289409,0,0,28869
75070,0,1,3,5,1,12.370829,1.289344,0,0,28869
75080,1,1,12,15,1,12.370148,1.289246,0,0,28869
75090,0,0,1,2,1,12.369744,1.289218,0,0,28869
75100,0,0,0,1,1,12.368566,1.289100,0,0,28869
75110,1,0,2,4,1,12.367209,1.288978,0,0,28869
75120,0,1,5,7,1,12.366952,1.288936,0,0,28869
75130,0,2,3,6,1,12.365855,1.288835,0,0,28869
75140,2,4,16,23,1,12.366760,1.288872,0,0,28877
75150,2,0,6,9,1,12.366612,1.288855,0,0,28877
75160,0,0,4,5,1,12.365798,1.288770,0,0,28877
75170,0,0,4,5,1,12.365117,1.288699,0,0,28877
75180,2,2,7,12,1,12.365024,1.288663,0,0,28877
75190,2,2,11,16,1,12.365549,1.288719,0,0,28884
75200,1,0,8,10,1,12.366228,1.288775,0,0,28885
75210,5,1,17,24,1,12.366836,1.288830,0,0,28891
75220,1,1,0,3,1,12.366466,1.288793,0,0,28891
75230,0,0,1,2,1,12.365870,1.288736,0,0,28891
75240,0,1,5,7,1,12.364781,1.288631,0,0,28891
75250,1,2,8,12,1,12.364294,1.288575,0,0,28891
75260,2,2,16,21,1,12.364774,1.288597,0,0,28895
75270,5,1,16,23,1,12.366161,1.288739,0,0,28898
75280,0,3,7,11,1,12.366617,1.288796,0,0,28905
75290,0,0,7,8,1,12.366956,1.288820,0,0,28907
75300,0,1,2,4,1,12.366867,1.288811,0,0,28907
75310,0,4,4,9,1,12.365745,1.288719,0,0,28907
75320,0,2,8,11,1,12.365146,1.288647,0,0,28907
75330,2,3,18,24,1,12.365787,1.288691,0,0,28914
75340,1,1,5,8,1,12.365533,1.288679,0,0,28921
75350,0,0,0,0,0,12.364985,1.288634,0,0,28921
75360,0,0,0,0,0,12.363617,1.288514,0,0,28921
75370,0,0,0,1,1,12.362561,1.288418,0,0,28921
75380,0,0,3,4,1,12.361637,1.288320,0,0,28921
75390,1,0,6,8,1,12.360534,1.288175,0,0,28921
75400,2,1,16,20,1,12.360907,1.288198,0,0,28921
75410,2,2,12,17,1,12.361845,1.288311,0,0,28934
75420,3,4,15,23,1,12.362847,1.288421,0,0,28943
75430,5,1,15,22,1,12.364216,1.288571,0,0,28955
75440,5,0,18,24,1,12.364989,1.288639,0,0,28958
75450,2,1,15,19,1,12.365215,1.288670,0,0,28963
75460,4,1,19,25,1,12.366694,1.288825,0,0,28978
75470,1,0,12,14,1,12.367980,1.288986,0,0,28994
75480,4,0,16,21,1,12.368567,1.289031,0,0,28994
75490,0,0,19,20,1,12.369850,1.289174,0,0,29010
75500,0,0,6,7,1,12.369696,1.289138,0,0,29012
75510,1,1,8,11,1,12.368896,1.289049,0,0,29012
75520,0,1,17,19,1,12.369064,1.289058,0,0,29012
75530,0,0,9,10,1,12.369526,1.289125,0,0,29013
75540,0,0,4,5,1,12.368874,1.289047,0,0,29013
75550,1,0,5,7,1,12.368152,1.288966,0,0,29013
75560,0,0,11,12,1,12.368327,1.288947,0,0,29013
75570,0,0,14,15,1,12.367685,1.288901,0,0,29013
75580,2,1,5,9,1,12.366924,1.288847,0,0,29013
75590,0,0,0,0,0,12.366811,1.288827,0,0,29013
75600,0,0,2,3,1,12.365449,1.288702,0,0,29013
75610,0,1,5,7,1,12.365178,1.288664,0,0,29013
75620,0,0,3,4,1,12.364767,1.288621,0,0,29013
75630,1,2,12,16,1,12.364298,1.288565,0,0,29013
75640,1,2,9,13,1,12.364145,1.288578,0,0,29013
75650,0,1,7,9,1,12.364267,1.288573,0,0,29013
75660,0,1,8,10,1,12.364530,1.288598,0,0,29015
75670,2,3,9,15,1,12.363438,1.288484,0,0,29015
75680,2,0,16,19,1,12.364448,1.288588,0,0,29021
75690,0,0,15,16,1,12.365743,1.288724,0,0,29035
75700,1,0,20,22,1,12.366875,1.288846,0,0,29056
75710,1,0,8,10,1,12.367596,1.288942,0,0,29069
75720,0,0,7,8,1,12.366961,1.288863,0,0,29069
75730,2,0,9,12,1,12.366374,1.288809,0,0,29069
75740,0,0,1,2,1,12.365795,1.288763,0,0,29069
75750,1,0,4,6,1,12.365012,1.288664,0,0,29069
75760,0,0,2,3,1,12.363693,1.288553,0,0,29069
75770,0,0,2,3,1,12.362265,1.288439,0,0,29069
75780,1,1,15,18,1,12.361704,1.288374,0,0,29071
75790,0,0,11,12,1,12.362160,1.288417,0,0,29075
75800,2,5,19,27,1,12.362619,1.288440,0,0,29075
75810,1,2,11,15,1,12.363794,1.288563,0,0,29098
75820,0,3,7,11,1,12.364287,1.288612,0,0,29102
75830,0,0,0,0,0,12.363488,1.288527,0,0,29102
75840,2,2,8,13,1,12.362476,1.288381,0,0,29102
75850,0,0,1,2,1,12.362493,1.288388,0,0,29102
75860,0,0,1,2,1,12.361483,1.288309,0,0,29102
75870,0,0,0,0,0,12.360339,1.288206,0,0,29102
75880,0,0,2,3,1,12.359182,1.288087,0,0,29102
75890,0,0,4,5,1,12.358230,1.287982,0,0,29102
75900,2,0,13,16,1,12.357434,1.287878,0,0,29102
75910,0,1,5,7,1,12.356833,1.287822,0,0,29102
75920,0,0,0,0,0,12.355471,1.287719,0,0,29102
75930,0,0,0,1,1,12.354744,1.287641,0,0,29102
75940,0,0,3,4,1,12.353852,1.287557,0,0,29102
75950,0,0,19,20,1,12.353927,1.287576,0,0,29108
75960,2,0,6,9,1,12.353108,1.287492,0,0,29110
75970,0,0,9,10,1,12.353038,1.287467,0,0,29110
75980,2,1,13,17,1,12.352787,1.287402,0,0,29110
75990,0,2,10,13,1,12.353515,1.287481,0,0,29118
76000,0,0,2,3,1,12.353293,1.287458,0,0,29118
76010,0,0,5,6,1,12.352584,1.287394,0,0,29118
76020,1,1,9,12,1,12.352066,1.287337,0,0,29118
76030,4,0,16,21,1,12.353390,1.287469,0,0,29134
76040,1,0,17,19,1,12.354385,1.287575,0,0,29139
76050,1,0,14,16,1,12.355001,1.287635,0,0,29143
76060,4,3,19,27,1,12.356811,1.287808,0,0,29165
76070,3,1,11,16,1,12.357654,1.287917,0,0,29174
76080,1,0,4,6,1,12.357106,1.287844,0,0,29174
76090,4,1,15,21,1,12.357380,1.287835,0,0,29174
76100,2,1,10,14,1,12.357221,1.287847,0,0,29176
76110,0,1,2,4,1,12.356527,1.287790,0,0,29176
76120,2,0,13,16,1,12.356101,1.287732,0,0,29176
76130,0,1,6,8,1,12.356860,1.287795,0,0,29177
76140,2,0,2,5,1,12.355684,1.287693,0,0,29177
76150,0,1,2,4,1,12.354613,1.287580,0,0,29177
76160,3,2,15,21,1,12.354115,1.287533,0,0,29177
76170,3,9,20,33,1,12.356226,1.287766,0,0,29210
76180,0,1,14,16,1,12.357541,1.287931,0,0,29222
76190,3,3,16,23,1,12.357971,1.287970,0,0,29229
76200,2,0,9,12,1,12.359408,1.288143,0,0,29247
76210,2,2,8,13,1,12.359058,1.288108,0,0,29247
76220,1,0,8,10,1,12.358342,1.288063,0,0,29247
76230,4,1,20,26,1,12.358831,1.288121,0,0,29248
76240,0,1,3,5,1,12.359282,1.288177,0,0,29258
76250,2,1,9,13,1,12.358512,1.288079,0,0,29258
76260,0,0,8,9,1,12.357690,1.287986,0,0,29258
76270,4,0,14,19,1,12.358225,1.288026,0,0,29260
76280,1,0,2,4,1,12.357740,1.287979,0,0,29260
76290,0,5,16,22,1,12.358424,1.288032,0,0,29264
76300,0,0,16,17,1,12.359780,1.288184,0,0,29270
76310,3,0,7,11,1,12.360633,1.288280,0,0,29274
76320,1,1,5,8,1,12.360060,1.288218,0,0,29274
76330,3,0,9,13,1,12.359806,1.288165,0,0,29274
76340,0,0,7,8,1,12.359107,1.288092,0,0,29274
76350,2,1,13,17,1,12.359536,1.288113,0,0,29279
76360,0,0,0,0,0,12.359056,1.288087,0,0,29279
76370,2,0,12,15,1,12.358234,1.287998,0,0,29279
76380,0,0,6,7,1,12.358081,1.287994,0,0,29279
76390,0,0,1,2,1,12.356983,1.287893,0,0,29279
76400,1,0,10,12,1,12.355833,1.287768,0,0,29279
76410,0,0,0,1,1,12.355033,1.287704,0,0,29279
76420,1,0,2,4,1,12.353785,1.287584,0,0,29279
76430,0,0,4,5,1,12.352552,1.287458,0,0,29279
76440,3,0,12,16,1,12.352634,1.287438,0,0,29279
76450,7,2,16,26,1,12.354271,1.287605,0,0,29293
76460,0,0,11,12,1,12.355033,1.287683,0,0,29301
76470,1,0,4,6,1,12.354434,1.287638,0,0,29301
76480,0,0,19,20,1,12.354182,1.287569,0,0,29303
76490,0,0,17,18,1,12.354998,1.287642,0,0,29307
76500,0,1,11,13,1,12.355076,1.287648,0,0,29307
76510,5,0,20,26,1,12.355913,1.287726,0,0,29308
76520,0,1,5,7,1,12.356433,1.287782,0,0,29313
76530,0,0,5,6,1,12.355415,1.287688,0,0,29313
76540,1,0,1,3,1,12.354151,1.287569,0,0,29313
76550,0,1,11,13,1,12.353306,1.287479,0,0,29313
76560,1,0,20,22,1,12.353655,1.287503,0,0,29319
76570,1,0,19,21,1,12.354958,1.287658,0,0,29333
76580,0,2,8,11,1,12.354894,1.287662,0,0,29334
76590,4,1,19,25,1,12.355398,1.287702,0,0,29334
76600,5,4,19,29,1,12.356611,1.287853,0,0,29347
76610,2,1,19,23,1,12.358542,1.288064,0,0,29369
76620,0,3,14,18,1,12.359825,1.288244,0,0,29402
76630,0,0,0,0,0,12.358851,1.288165,0,0,29402
76640,0,0,4,5,1,12.358123,1.288092,0,0,29402
76650,0,0,9,10,1,12.357349,1.288005,0,0,29402
76660,0,0,1,2,1,12.357591,1.288019,0,0,29402
76670,0,1,6,8,1,12.356908,1.287948,0,0,29402
76680,2,0,16,19,1,12.357789,1.288024,0,0,29411
76690,2,1,8,12,1,12.359117,1.288194,0,0,29431
76700,0,3,9,13,1,12.359294,1.288194,0,0,29433
76710,0,0,2,3,1,12.359348,1.288219,0,0,29436
76720,0,0,8,9,1,12.358115,1.288089,0,0,29436
76730,1,3,7,12,1,12.357802,1.288042,0,0,29436
76740,5,0,16,22,1,12.357737,1.288018,0,0,29437
76750,1,1,11,14,1,12.358989,1.288160,0,0,29456
76760,1,0,3,5,1,12.359170,1.288162,0,0,29456
76770,0,0,2,3,1,12.358152,1.288068,0,0,29456
76780,0,0,0,1,1,12.357111,1.287963,0,0,29456
76790,0,0,0,0,0,12.356312,1.287867,0,0,29456
76800,0,1,8,10,1,12.355769,1.287774,0,0,29456
76810,0,3,9,13,1,12.355899,1.287792,0,0,29456
76820,1,3,2,7,1,12.356359,1.287852,0,0,29456
76830,0,0,1,2,1,12.355126,1.287729,0,0,29456
76840,0,0,13,14,1,12.354155,1.287619,0,0,29456
76850,0,1,6,8,1,12.353699,1.287585,0,0,29456
76860,2,2,10,15,1,12.352857,1.287492,0,0,29456
76870,0,0,0,0,0,12.351983,1.287410,0,0,29456
76880,3,3,9,16,1,12.350916,1.287293,0,0,29456
76890,2,0,10,13,1,12.350378,1.287263,0,0,29456
76900,0,0,20,21,1,12.350569,1.287276,0,0,29457
76910,0,1,0,2,1,12.350682,1.287302,0,0,29458
76920,0,0,6,7,1,12.349493,1.287172,0,0,29458
76930,0,1,7,9,1,12.349597,1.287178,0,0,29458
76940,2,0,13,16,1,12.350294,1.287244,0,0,29458
76950,0,0,8,9,1,12.350547,1.287270,0,0,29460
76960,1,0,0,2,1,12.350297,1.287259,0,0,29460
76970,4,1,19,25,1,12.351402,1.287353,0,0,29467
76980,0,1,6,8,1,12.352370,1.287491,0,0,29485
76990,1,4,20,26,1,12.352898,1.287528,0,0,29486
77000,0,0,4,5,1,12.353406,1.287580,0,0,29491
77010,2,2,9,14,1,12.353911,1.287613,0,0,29497
77020,1,0,17,19,1,12.354533,1.287651,0,0,29499
77030,1,0,13,15,1,12.355266,1.287728,0,0,29505
77040,0,2,14,17,1,12.356003,1.287822,0,0,29511
77050,6,3,15,25,1,12.357352,1.287983,0,0,29526
77060,2,4,11,18,1,12.358510,1.288109,0,0,29546
77070,1,1,9,12,1,12.358213,1.288097,0,0,29546
77080,1,2,13,17,1,12.359178,1.288208,0,0,29562
77090,3,0,13,17,1,12.360201,1.288311,0,0,29567
77100,1,0,14,16,1,12.360765,1.288353,0,0,29570
77110,0,2,7,10,1,12.360423,1.288310,0,0,29575
77120,0,2,20,23,1,12.360241,1.288272,0,0,29578
77130,1,2,19,23,1,12.361327,1.288392,0,0,29592
77140,1,2,20,24,1,12.362919,1.288559,0,0,29606
77150,1,1,11,14,1,12.363662,1.288654,0,0,29629
77160,1,1,15,18,1,12.363591,1.288640,0,0,29629
77170,0,1,14,16,1,12.364902,1.288788,0,0,29636
77180,0,2,2,5,1,12.364550,1.288762,0,0,29636
77190,0,0,0,1,1,12.363594,1.288673,0,0,29636
77200,0,1,6,8,1,12.363315,1.288638,0,0,29636
77210,0,0,0,0,0,12.362401,1.288546,0,0,29636
77220,3,0,7,11,1,12.361124,1.288431,0,0,29636
77230,0,1,12,14,1,12.360515,1.288360,0,0,29636
77240,0,4,9,14,1,12.360318,1.288331,0,0,29636
77250,1,1,18,21,1,12.360545,1.288339,0,0,29641
77260,1,0,10,12,1,12.361850,1.288506,0,0,29662
77270,3,5,12,21,1,12.362657,1.288560,0,0,29664
77280,3,0,14,18,1,12.363666,1.288674,0,0,29675
77290,0,1,10,12,1,12.364768,1.288777,0,0,29677
77300,3,1,15,20,1,12.364021,1.288692,0,0,29677
77310,1,1,1,4,1,12.363471,1.288636,0,0,29677
77320,0,1,15,17,1,12.363744,1.288631,0,0,29677
77330,3,0,6,10,1,12.363957,1.288638,0,0,29687
77340,2,1,14,18,1,12.364230,1.288670,0,0,29687
77350,2,1,4,8,1,12.365382,1.288826,0,0,29699
77360,0,0,1,2,1,12.364055,1.288719,0,0,29699
77370,2,1,16,20,1,12.363633,1.288657,0,0,29699
77380,0,0,0,1,1,12.363050,1.288610,0,0,29699
77390,1,0,6,8,1,12.362650,1.288555,0,0,29699
77400,1,0,1,3,1,12.362422,1.288531,0,0,29699
77410,0,1,12,14,1,12.362067,1.288473,0,0,29699
77420,1,4,12,18,1,12.362560,1.288535,0,0,29699
77430,0,0,0,0,0,12.362728,1.288566,0,0,29699
77440,0,0,0,0,0,12.361442,1.288460,0,0,29699
77450,2,1,11,15,1,12.360534,1.288372,0,0,29699
77460,1,0,14,16,1,12.360479,1.288330,0,0,29700
77470,2,3,20,26,1,12.361186,1.288396,0,0,29700
77480,2,5,19,27,1,12.362570,1.288546,0,0,29726
77490,1,0,14,16,1,12.362434,1.288523,0,0,29732
77500,2,2,15,20,1,12.363579,1.288651,0,0,29742
77510,0,0,5,6,1,12.363252,1.288622,0,0,29742
77520,0,2,1,4,1,12.362204,1.288519,0,0,29742
77530,0,0,5,6,1,12.361037,1.288401,0,0,29742
77540,0,0,4,5,1,12.360230,1.288325,0,0,29742
77550,0,1,4,6,1,12.359409,1.288236,0,0,29742
77560,0,1,2,4,1,12.358141,1.288126,0,0,29742
77570,0,0,0,0,0,12.357153,1.288041,0,0,29742
77580,1,0,6,8,1,12.355934,1.287912,0,0,29742
77590,0,0,2,3,1,12.355850,1.287894,0,0,29742
77600,1,5,9,16,1,12.355071,1.287780,0,0,29742
77610,0,1,18,20,1,12.355224,1.287784,0,0,29743
77620,1,1,19,22,1,12.355331,1.287821,0,0,29743
77630,1,0,20,22,1,12.356525,1.287962,0,0,29759
77640,0,3,18,22,1,12.357668,1.288081,0,0,29784
77650,4,4,12,21,1,12.358865,1.288194,0,0,29801
77660,1,0,4,6,1,12.358843,1.288179,0,0,29801
77670,2,0,10,13,1,12.358177,1.288107,0,0,29801
77680,0,1,6,8,1,12.358694,1.288157,0,0,29801
77690,1,2,14,18,1,12.358137,1.288107,0,0,29802
77700,2,0,11,14,1,12.358199,1.288119,0,0,29802
77710,0,0,11,12,1,12.358051,1.288108,0,0,29802
77720,0,1,14,16,1,12.358168,1.288098,0,0,29802
77730,0,1,19,21,1,12.359059,1.288187,0,0,29803
77740,0,0,19,20,1,12.359965,1.288302,0,0,29811
77750,0,0,2,3,1,12.359259,1.288262,0,0,29811
77760,0,4,16,21,1,12.359574,1.288267,0,0,29817
77770,6,3,18,28,1,12.361059,1.288427,0,0,29843
77780,0,3,18,22,1,12.362144,1.288540,0,0,29861
77790,3,0,7,11,1,12.362570,1.288605,0,0,29873
77800,0,0,8,9,1,12.362143,1.288544,0,0,29873
77810,0,3,16,20,1,12.362784,1.288609,0,0,29885
77820,0,0,0,1,1,12.362435,1.288583,0,0,29887
77830,0,0,0,0,0,12.361139,1.288458,0,0,29887
77840,1,1,9,12,1,12.360101,1.288355,0,0,29887
77850,1,4,15,21,1,12.360606,1.288406,0,0,29890
77860,2,0,20,23,1,12.362013,1.288573,0,0,29924
77870,0,0,0,0,0,12.362282,1.288631,0,0,29937
77880,0,0,0,1,1,12.361287,1.288530,0,0,29937
77890,0,0,0,0,0,12.360259,1.288421,0,0,29937
77900,0,0,10,11,1,12.359193,1.288312,0,0,29937
77910,2,2,14,19,1,12.358950,1.288271,0,0,29937
77920,2,1,16,20,1,12.359919,1.288360,0,0,29950
77930,3,1,12,17,1,12.360597,1.288422,0,0,29951
77940,0,3,13,17,1,12.360699,1.288403,0,0,29951
77950,0,1,5,7,1,12.359750,1.288311,0,0,29951
77960,0,6,19,26,1,12.359892,1.288284,0,0,29954
77970,0,0,0,1,1,12.359252,1.288246,0,0,29960
77980,0,0,3,4,1,12.358159,1.288132,0,0,29960
77990,0,3,17,21,1,12.358596,1.288142,0,0,29963
78000,0,1,17,19,1,12.359622,1.288250,0,0,29968
78010,1,1,12,15,1,12.359839,1.288274,0,0,29970
78020,2,1,15,19,1,12.360002,1.288271,0,0,29971
78030,0,0,3,4,1,12.360876,1.288379,0,0,29976
78040,3,1,16,21,1,12.361418,1.288399,0,0,29976
78050,0,1,17,19,1,12.362161,1.288480,0,0,29990
78060,3,1,5,10,1,12.362757,1.288559,0,0,29992
78070,0,0,0,1,1,12.361505,1.288427,0,0,29992
78080,0,0,1,2,1,12.360332,1.288313,0,0,29992
78090,0,1,6,8,1,12.359244,1.288195,0,0,29992
78100,0,1,2,4,1,12.358000,1.288082,0,0,29992
78110,0,0,4,5,1,12.356826,1.287971,0,0,29992
78120,0,0,7,8,1,12.355918,1.287875,0,0,29992
78130,0,0,8,9,1,12.355631,1.287855,0,0,29992
78140,1,2,16,20,1,12.355413,1.287817,0,0,29997
78150,0,1,13,15,1,12.356965,1.287999,0,0,30018
78160,0,1,14,16,1,12.357873,1.288087,0,0,30029
78170,1,1,11,14,1,12.358274,1.288125,0,0,30029
78180,0,0,12,13,1,12.358557,1.288146,0,0,30030
78190,0,2,18,21,1,12.358897,1.288169,0,0,30030
78200,0,0,3,4,1,12.358505,1.288139,0,0,30033
78210,0,1,10,12,1,12.357383,1.288017,0,0,30033
78220,1,1,13,16,1,12.357669,1.288039,0,0,30033
78230,0,0,3,4,1,12.356653,1.287956,0,0,30033
78240,2,1,7,11,1,12.355563,1.287821,0,0,30033
78250,4,3,18,26,1,12.355872,1.287857,0,0,30039
78260,0,1,5,7,1,12.356199,1.287922,0,0,30049
78270,1,0,1,3,1,12.355061,1.287810,0,0,30049
78280,0,0,0,0,0,12.355599,1.287850,0,0,30050
78290,1,0,5,7,1,12.354847,1.287779,0,0,30050
78300,2,0,13,16,1,12.353994,1.287698,0,0,30050
78310,3,2,16,22,1,12.355309,1.287853,0,0,30072
78320,1,0,9,11,1,12.356172,1.287951,0,0,30074
78330,1,1,2,5,1,12.356239,1.287956,0,0,30074
78340,0,0,0,1,1,12.355622,1.287898,0,0,30074
78350,1,0,11,13,1,12.354770,1.287794,0,0,30074
78360,4,0,14,19,1,12.355505,1.287871,0,0,30075
78370,0,0,9,10,1,12.355669,1.287891,0,0,30075
78380,2,0,12,15,1,12.355264,1.287838,0,0,30075
78390,0,1,12,14,1,12.356089,1.287926,0,0,30087
78400,6,1,18,26,1,12.357519,1.288070,0,0,30102
78410,2,1,15,19,1,12.358481,1.288179,0,0,30103
78420,0,2,15,18,1,12.358970,1.288216,0,0,30106
78430,0,0,11,12,1,12.359031,1.288203,0,0,30106
78440,3,2,9,15,1,12.358447,1.288139,0,0,30106
78450,0,0,1,2,1,12.357666,1.288085,0,0,30106
78460,2,0,14,17,1,12.356772,1.287985,0,0,30106
78470,1,1,17,20,1,12.357658,1.288087,0,0,30117
78480,3,2,20,26,1,12.358415,1.288159,0,0,30121
78490,1,1,10,13,1,12.358741,1.288196,0,0,30124
78500,0,3,15,19,1,12.359140,1.288238,0,0,30124
78510,2,0,9,12,1,12.359301,1.288266,0,0,30124
78520,1,3,17,22,1,12.359481,1.288265,0,0,30130
78530,0,0,1,2,1,12.359823,1.288329,0,0,30136
78540,0,1,18,20,1,12.359364,1.288264,0,0,30137
78550,3,0,19,23,1,12.360265,1.288348,0,0,30145
78560,3,2,18,24,1,12.361195,1.288443,0,0,30154
78570,1,6,8,16,1,12.361788,1.288503,0,0,30160
78580,0,0,7,8,1,12.361239,1.288447,0,0,30160
78590,0,1,7,9,1,12.361030,1.288391,0,0,30160
78600,2,0,19,22,1,12.361546,1.288443,0,0,30162
78610,2,1,14,18,1,12.361932,1.288461,0,0,30162
78620,0,1,16,18,1,12.363048,1.288570,0,0,30178
78630,0,0,0,1,1,12.363000,1.288570,0,0,30179
78640,0,0,4,5,1,12.362020,1.288480,0,0,30179
78650,0,0,5,6,1,12.361371,1.288409,0,0,30179
78660,0,0,15,16,1,12.360790,1.288350,0,0,30181
78670,2,2,14,19,1,12.361569,1.288431,0,0,30196
78680,2,0,12,15,1,12.362002,1.288471,0,0,30196
78690,1,1,13,16,1,12.361640,1.288408,0,0,30196
78700,0,0,8,9,1,12.362365,1.288481,0,0,30196
78710,0,0,2,3,1,12.361447,1.288387,0,0,30196
78720,1,2,10,14,1,12.360268,1.288268,0,0,30196
78730,2,1,14,18,1,12.360653,1.288308,0,0,30196
78740,1,0,15,17,1,12.360807,1.288329,0,0,30196
78750,1,1,5,8,1,12.361157,1.288381,0,0,30196
78760,2,2,7,12,1,12.360993,1.288358,0,0,30196
78770,2,1,13,17,1,12.361550,1.288415,0,0,30196
78780,0,0,0,1,1,12.360813,1.288353,0,0,30196
78790,1,2,9,13,1,12.359841,1.288238,0,0,30196
78800,1,0,2,4,1,12.359272,1.288182,0,0,30196
78810,0,0,6,7,1,12.358107,1.288057,0,0,30196
78820,0,0,0,0,0,12.357095,1.287938,0,0,30196
78830,0,2,9,12,1,12.356300,1.287850,0,0,30196
78840,0,0,10,11,1,12.355602,1.287779,0,0,30196
78850,0,3,7,11,1,12.355493,1.287759,0,0,30196
78860,1,1,15,18,1,12.355408,1.287722,0,0,30196
78870,0,1,16,18,1,12.355363,1.287714,0,0,30196
78880,1,0,18,20,1,12.356541,1.287868,0,0,30211
78890,0,0,12,13,1,12.357341,1.287948,0,0,30217
78900,0,1,3,5,1,12.357150,1.287928,0,0,30217
78910,1,3,15,20,1,12.356602,1.287850,0,0,30217
78920,6,0,10,17,1,12.357509,1.287955,0,0,30220
78930,0,1,5,7,1,12.357032,1.287912,0,0,30220
78940,3,0,8,12,1,12.357233,1.287915,0,0,30220
78950,0,1,13,15,1,12.357548,1.287950,0,0,30220
78960,1,1,17,20,1,12.357139,1.287895,0,0,30221
78970,1,2,11,15,1,12.356800,1.287862,0,0,30221
78980,5,3,16,25,1,12.358076,1.287984,0,0,30248
78990,0,1,7,9,1,12.358205,1.288001,0,0,30254
79000,1,1,15,18,1,12.357792,1.287951,0,0,30254
79010,0,0,0,1,1,12.356938,1.287887,0,0,30254
79020,1,2,17,21,1,12.356977,1.287879,0,0,30254
79030,1,1,15,18,1,12.358319,1.288031,0,0,30264
79040,1,4,20,26,1,12.359510,1.288171,0,0,30290
79050,5,1,18,25,1,12.360780,1.288335,0,0,30307
79060,1,0,7,9,1,12.361760,1.288469,0,0,30326
79070,0,1,2,4,1,12.360799,1.288357,0,0,30326
79080,1,0,3,5,1,12.359933,1.288267,0,0,30326
79090,2,0,7,10,1,12.360210,1.288297,0,0,30326
79100,1,1,16,19,1,12.360960,1.288389,0,0,30342
79110,0,2,20,23,1,12.362428,1.288537,0,0,30360
79120,0,0,13,14,1,12.363130,1.288623,0,0,30365
79130,1,0,6,8,1,12.362629,1.288588,0,0,30365
79140,1,0,11,13,1,12.363358,1.288681,0,0,30376
79150,2,1,10,14,1,12.362663,1.288629,0,0,30376
79160,0,0,0,0,0,12.362210,1.288598,0,0,30376
79170,0,0,5,6,1,12.361335,1.288519,0,0,30376
79180,0,0,1,2,1,12.360470,1.288435,0,0,30376
79190,0,2,8,11,1,12.360697,1.288456,0,0,30379
79200,2,4,6,13,1,12.360164,1.288395,0,0,30379
79210,0,0,7,8,1,12.360511,1.288422,0,0,30379
79220,1,2,15,19,1,12.360514,1.288401,0,0,30379
79230,1,0,19,21,1,12.361263,1.288453,0,0,30382
79240,1,2,11,15,1,12.362303,1.288590,0,0,30398
79250,0,0,0,1,1,12.362003,1.288574,0,0,30398
79260,1,0,6,8,1,12.361354,1.288513,0,0,30398
79270,0,0,1,2,1,12.360021,1.288416,0,0,30398
79280,1,0,5,7,1,12.359346,1.288354,0,0,30398
79290,1,3,10,15,1,12.359072,1.288288,0,0,30398
79300,1,0,13,15,1,12.359997,1.288376,0,0,30403
79310,1,1,14,17,1,12.360600,1.288427,0,0,30406
79320,0,2,12,15,1,12.361227,1.288487,0,0,30412
79330,0,2,15,18,1,12.361767,1.288532,0,0,30413
79340,0,0,3,4,1,12.361638,1.288508,0,0,30416
79350,0,0,14,15,1,12.360707,1.288421,0,0,30416
79360,0,0,0,0,0,12.361748,1.288541,0,0,30427
79370,0,0,19,20,1,12.362206,1.288560,0,0,30434
79380,0,1,5,7,1,12.361813,1.288529,0,0,30435
79390,0,1,9,11,1,12.361958,1.288515,0,0,30436
79400,0,0,7,8,1,12.362163,1.288533,0,0,30438
79410,1,5,14,21,1,12.362294,1.288544,0,0,30438
79420,0,0,10,11,1,12.362663,1.288585,0,0,30440
79430,0,0,0,0,0,12.361742,1.288476,0,0,30440
79440,0,0,1,2,1,12.360656,1.288376,0,0,30440
79450,0,0,0,0,0,12.359614,1.288274,0,0,30440
79460,0,0,1,2,1,12.358909,1.288192,0,0,30440
79470,1,0,2,4,1,12.358084,1.288108,0,0,30440
79480,1,0,5,7,1,12.356850,1.287982,0,0,30440
79490,0,0,5,6,1,12.356209,1.287930,0,0,30440
79500,1,1,6,9,1,12.355034,1.287823,0,0,30440
79510,0,2,14,17,1,12.355350,1.287849,0,0,30440
79520,1,0,2,4,1,12.355000,1.287826,0,0,30440
79530,0,1,8,10,1,12.354138,1.287728,0,0,30440
79540,1,0,3,5,1,12.353299,1.287630,0,0,30440
79550,2,0,6,9,1,12.352934,1.287593,0,0,30440
79560,2,0,14,17,1,12.352447,1.287526,0,0,30441
79570,1,0,18,20,1,12.353452,1.287620,0,0,30450
79580,2,1,16,20,1,12.354448,1.287738,0,0,30459
79590,0,0,11,12,1,12.354751,1.287761,0,0,30459
79600,0,0,0,0,0,12.354339,1.287724,0,0,30459
79610,0,2,16,19,1,12.354147,1.287699,0,0,30466
79620,0,1,5,7,1,12.353860,1.287657,0,0,30468
79630,0,0,19,20,1,12.354440,1.287687,0,0,30479
79640,1,5,14,21,1,12.354960,1.287738,0,0,30479
79650,0,0,0,1,1,12.354037,1.287691,0,0,30479
79660,0,1,11,13,1,12.353214,1.287600,0,0,30479
79670,0,1,0,2,1,12.352721,1.287558,0,0,30479
79680,1,3,9,14,1,12.351729,1.287467,0,0,30479
79690,1,0,9,11,1,12.352071,1.287499,0,0,30483
79700,0,4,18,23,1,12.353294,1.287643,0,0,30510
79710,1,0,10,12,1,12.353877,1.287736,0,0,30514
79720,1,0,12,14,1,12.353970,1.287737,0,0,30514
79730,0,2,17,20,1,12.353433,1.287652,0,0,30514
79740,0,1,19,21,1,12.353811,1.287690,0,0,30514
79750,0,0,19,20,1,12.355269,1.287848,0,0,30531
79760,1,0,17,19,1,12.355474,1.287849,0,0,30531
79770,1,2,16,20,1,12.356637,1.287962,0,0,30539
79780,2,1,18,22,1,12.357450,1.288033,0,0,30541
79790,0,2,5,8,1,12.357170,1.288007,0,0,30541
79800,0,2,3,6,1,12.356018,1.287896,0,0,30541
79810,1,1,11,14,1,12.355057,1.287809,0,0,30541
79820,1,1,1,4,1,12.354776,1.287778,0,0,30541
79830,0,0,2,3,1,12.354033,1.287680,0,0,30541
79840,0,0,4,5,1,12.353497,1.287653,0,0,30541
79850,0,0,1,2,1,12.352841,1.287599,0,0,30541
79860,0,0,11,12,1,12.351812,1.287490,0,0,30541
79870,1,0,10,12,1,12.351555,1.287463,0,0,30541
79880,2,2,13,18,1,12.351616,1.287446,0,0,30541
79890,3,1,20,25,1,12.352333,1.287509,0,0,30549
79900,1,0,4,6,1,12.353253,1.287621,0,0,30561
79910,0,1,6,8,1,12.352238,1.287495,0,0,30561
79920,0,0,10,11,1,12.351782,1.287451,0,0,30561
79930,2,3,15,21,1,12.352410,1.287506,0,0,30567
79940,0,0,8,9,1,12.352067,1.287491,0,0,30567
79950,0,0,0,1,1,12.351500,1.287415,0,0,30567
79960,3,2,12,18,1,12.350829,1.287350,0,0,30570
79970,1,2,15,19,1,12.351975,1.287467,0,0,30585
79980,1,0,12,14,1,12.353402,1.287608,0,0,30603
79990,0,1,8,10,1,12.352674,1.287548,0,0,30603
80000,0,0,0,0,0,12.351686,1.287449,0,0,30603
80010,3,0,11,15,1,12.351658,1.287439,0,0,30603
80020,0,1,11,13,1,12.350942,1.287378,0,0,30603
80030,0,0,2,3,1,12.350233,1.287322,0,0,30603
80040,0,1,7,9,1,12.349665,1.287274,0,0,30603
80050,0,0,2,3,1,12.348772,1.287176,0,0,30603
80060,1,0,6,8,1,12.347500,1.287052,0,0,30603
80070,0,0,1,2,1,12.346621,1.286962,0,0,30603
80080,0,0,0,0,0,12.345529,1.286865,0,0,30603
80090,1,0,1,3,1,12.344511,1.286775,0,0,30603
80100,0,1,9,11,1,12.343724,1.286686,0,0,30603
80110,0,0,0,1,1,12.343067,1.286638,0,0,30603
80120,0,0,14,15,1,12.342487,1.286579,0,0,30603
80130,0,2,18,21,1,12.343364,1.286674,0,0,30609
80140,0,1,18,20,1,12.344580,1.286830,0,0,30628
80150,0,0,0,1,1,12.343907,1.286780,0,0,30628
80160,0,0,0,1,1,12.342647,1.286645,0,0,30628
80170,0,1,3,5,1,12.341716,1.286523,0,0,30628
80180,0,0,1,2,1,12.340513,1.286431,0,0,30628
80190,0,0,0,1,1,12.339210,1.286307,0,0,30628
80200,5,0,7,13,1,12.338312,1.286223,0,0,30628
80210,0,1,2,4,1,12.337419,1.286123,0,0,30628
80220,0,0,3,4,1,12.337516,1.286145,0,0,30628
80230,0,1,11,13,1,12.336733,1.286058,0,0,30628
80240,2,1,7,11,1,12.335667,1.285944,0,0,30628
80250,1,4,8,14,1,12.335784,1.285974,0,0,30629
80260,0,0,7,8,1,12.335822,1.285966,0,0,30629
80270,0,0,12,13,1,12.336156,1.285989,0,0,30633
80280,0,0,0,0,0,12.336334,1.286024,0,0,30635
80290,1,1,4,7,1,12.335176,1.285925,0,0,30635
80300,0,5,19,25,1,12.336339,1.286015,0,0,30649
80310,0,0,0,1,1,12.336031,1.285991,0,0,30651
80320,0,1,9,11,1,12.334943,1.285872,0,0,30651
80330,0,0,1,2,1,12.334306,1.285822,0,0,30651
80340,0,1,5,7,1,12.333429,1.285711,0,0,30651
80350,0,0,3,4,1,12.332369,1.285593,0,0,30651
80360,0,0,1,2,1,12.331157,1.285472,0,0,30651
80370,2,5,16,24,1,12.331651,1.285520,0,0,30654
80380,1,3,16,21,1,12.332666,1.285636,0,0,30660
80390,0,1,10,12,1,12.334079,1.285795,0,0,30673
80400,0,1,1,3,1,12.333455,1.285736,0,0,30673
80410,0,1,10,12,1,12.332845,1.285666,0,0,30673
80420,2,3,13,19,1,12.332276,1.285586,0,0,30673
80430,0,0,1,2,1,12.332562,1.285643,0,0,30676
80440,0,0,19,20,1,12.332737,1.285631,0,0,30683
80450,0,1,13,15,1,12.332929,1.285649,0,0,30685
80460,0,1,3,5,1,12.332198,1.285601,0,0,30685
80470,2,3,9,15,1,12.331306,1.285519,0,0,30685
80480,1,1,4,7,1,12.331092,1.285497,0,0,30685
80490,0,3,12,16,1,12.330377,1.285402,0,0,30685
80500,1,0,15,17,1,12.331218,1.285498,0,0,30697
80510,0,1,5,7,1,12.330479,1.285424,0,0,30697
80520,0,1,13,15,1,12.330791,1.285427,0,0,30697
80530,1,0,12,14,1,12.330441,1.285400,0,0,30697
80540,4,2,19,26,1,12.331520,1.285534,0,0,30712
80550,0,1,10,12,1,12.332227,1.285626,0,0,30712
80560,0,0,1,2,1,12.332108,1.285607,0,0,30712
80570,0,2,11,14,1,12.331494,1.285536,0,0,30712
80580,0,2,13,16,1,12.331469,1.285555,0,0,30720
80590,0,0,19,20,1,12.332640,1.285670,0,0,30735
80600,1,1,6,9,1,12.332359,1.285628,0,0,30736
80610,2,0,5,8,1,12.331130,1.285516,0,0,30736
80620,0,0,7,8,1,12.330440,1.285439,0,0,30736
80630,1,1,1,4,1,12.329437,1.285344,0,0,30736
80640,0,0,0,1,1,12.328362,1.285249,0,0,30736
80650,0,2,9,12,1,12.327450,1.285143,0,0,30736
80660,1,1,5,8,1,12.326308,1.285044,0,0,30736
80670,0,0,11,12,1,12.327129,1.285125,0,0,30743
80680,0,0,12,13,1,12.328078,1.285242,0,0,30763
80690,1,2,16,20,1,12.329066,1.285348,0,0,30774
80700,2,1,19,23,1,12.330114,1.285445,0,0,30783
80710,0,0,0,1,1,12.330238,1.285480,0,0,30794
80720,0,0,2,3,1,12.328891,1.285358,0,0,30794
80730,2,1,11,15,1,12.328202,1.285267,0,0,30794
80740,0,0,4,5,1,12.327466,1.285210,0,0,30794
80750,0,1,4,6,1,12.326978,1.285154,0,0,30794
80760,0,2,18,21,1,12.326993,1.285162,0,0,30795
80770,0,0,4,5,1,12.327035,1.285182,0,0,30795
80780,1,0,19,21,1,12.327447,1.285233,0,0,30799
80790,0,0,10,11,1,12.328410,1.285330,0,0,30802
80800,2,1,13,17,1,12.328278,1.285314,0,0,30802
80810,0,5,17,23,1,12.329607,1.285466,0,0,30817
80820,0,0,11,12,1,12.330343,1.285576,0,0,30825
80830,2,1,1,5,1,12.329740,1.285498,0,0,30825
80840,0,2,17,20,1,12.329363,1.285440,0,0,30825
80850,4,1,18,24,1,12.330229,1.285522,0,0,30836
80860,4,3,19,27,1,12.331304,1.285634,0,0,30851
80870,0,0,6,7,1,12.332266,1.285742,0,0,30863
80880,2,3,15,21,1,12.332763,1.285781,0,0,30866
80890,0,0,0,0,0,12.333279,1.285854,0,0,30878
80900,0,0,10,11,1,12.333465,1.285900,0,0,30884
80910,1,0,19,21,1,12.334114,1.285951,0,0,30888
80920,6,0,18,25,1,12.335445,1.286103,0,0,30910
80930,3,2,13,19,1,12.336686,1.286239,0,0,30926
80940,0,0,10,11,1,12.337451,1.286328,0,0,30935
80950,1,0,1,3,1,12.336572,1.286246,0,0,30935
80960,0,0,0,1,1,12.335349,1.286137,0,0,30935
80970,3,1,20,25,1,12.335830,1.286165,0,0,30956
80980,1,1,18,21,1,12.337078,1.286307,0,0,30978
80990,0,2,6,9,1,12.337135,1.286326,0,0,30978
81000,0,1,13,15,1,12.337751,1.286398,0,0,30985
81010,0,1,2,4,1,12.337070,1.286312,0,0,30985
81020,3,1,17,22,1,12.337357,1.286321,0,0,30994
81030,1,0,8,10,1,12.338008,1.286393,0,0,31000
81040,1,3,8,13,1,12.337476,1.286348,0,0,31000
81050,1,1,17,20,1,12.337608,1.286356,0,0,31000
81060,0,0,6,7,1,12.338315,1.286450,0,0,31005
81070,0,0,13,14,1,12.338246,1.286442,0,0,31005
81080,0,0,11,12,1,12.337690,1.286369,0,0,31005
81090,0,1,5,7,1,12.337598,1.286350,0,0,31005
81100,1,0,6,8,1,12.336743,1.286254,0,0,31005
81110,2,0,5,8,1,12.335880,1.286150,0,0,31005
81120,1,1,2,5,1,12.335191,1.286096,0,0,31005
81130,0,0,9,10,1,12.334180,1.285988,0,0,31005
81140,0,1,9,11,1,12.334539,1.286032,0,0,31010
81150,0,2,8,11,1,12.335012,1.286077,0,0,31012
81160,2,0,10,13,1,12.334142,1.285977,0,0,31012
81170,0,0,12,13,1,12.333459,1.285910,0,0,31012
81180,2,0,7,10,1,12.333768,1.285942,0,0,31017
81190,0,0,0,0,0,12.333453,1.285923,0,0,31017
81200,1,0,13,15,1,12.333719,1.285927,0,0,31019
81210,0,0,0,1,1,12.333265,1.285894,0,0,31019
81220,0,1,7,9,1,12.332420,1.285795,0,0,31019
81230,2,1,8,12,1,12.332462,1.285804,0,0,31019
81240,1,0,7,9,1,12.332301,1.285779,0,0,31019
81250,0,2,12,15,1,12.331759,1.285714,0,0,31019
81260,0,0,0,0,0,12.330833,1.285642,0,0,31019
81270,0,3,13,17,1,12.330662,1.285596,0,0,31019
81280,1,0,15,17,1,12.331462,1.285677,0,0,31023
81290,0,2,19,22,1,12.332258,1.285757,0,0,31024
81300,7,3,15,26,1,12.333532,1.285898,0,0,31039
81310,0,2,19,22,1,12.334673,1.286025,0,0,31043
81320,0,3,18,22,1,12.335217,1.286100,0,0,31046
81330,0,0,3,4,1,12.335191,1.286113,0,0,31046
81340,0,1,6,8,1,12.335554,1.286139,0,0,31054
81350,0,0,6,7,1,12.335137,1.286094,0,0,31054
81360,0,0,4,5,1,12.334228,1.285989,0,0,31054
81370,2,1,14,18,1,12.334713,1.286017,0,0,31064
81380,2,1,15,19,1,12.335595,1.286110,0,0,31066
81390,3,0,15,19,1,12.336880,1.286247,0,0,31083
81400,1,1,16,19,1,12.337719,1.286330,0,0,31091
81410,0,2,12,15,1,12.337252,1.286286,0,0,31091
81420,0,2,18,21,1,12.337841,1.286326,0,0,31095
81430,1,0,8,10,1,12.337719,1.286333,0,0,31095
81440,0,0,4,5,1,12.337154,1.286278,0,0,31095
81450,0,0,0,1,1,12.335819,1.286170,0,0,31095
81460,0,0,1,2,1,12.334529,1.286044,0,0,31095
81470,0,0,0,0,0,12.333232,1.285948,0,0,31095
81480,1,1,16,19,1,12.333462,1.285929,0,0,31098
81490,1,0,10,12,1,12.333715,1.285949,0,0,31098
81500,0,0,9,10,1,12.334076,1.285990,0,0,31098
81510,1,2,6,10,1,12.333766,1.285951,0,0,31098
81520,1,4,17,23,1,12.334107,1.285979,0,0,31101
81530,1,1,7,10,1,12.335018,1.286094,0,0,31110
81540,4,1,20,26,1,12.335765,1.286173,0,0,31123
81550,1,0,17,19,1,12.336267,1.286222,0,0,31129
81560,1,0,11,13,1,12.336526,1.286259,0,0,31129
81570,0,7,20,28,1,12.337740,1.286366,0,0,31143
81580,0,0,12,13,1,12.338635,1.286467,0,0,31154
81590,0,0,9,10,1,12.338698,1.286485,0,0,31154
81600,1,1,17,20,1,12.338968,1.286483,0,0,31154
81610,0,0,4,5,1,12.339236,1.286523,0,0,31155
81620,0,0,9,10,1,12.338283,1.286420,0,0,31155
81630,0,0,2,3,1,12.337449,1.286321,0,0,31155
81640,0,0,6,7,1,12.337356,1.286284,0,0,31155
81650,1,1,18,21,1,12.337122,1.286238,0,0,31155
81660,0,1,10,12,1,12.337128,1.286241,0,0,31155
81670,0,0,10,11,1,12.336477,1.286180,0,0,31155
81680,2,0,16,19,1,12.337559,1.286278,0,0,31159
81690,3,1,15,20,1,12.337379,1.286247,0,0,31159
81700,0,0,0,1,1,12.337177,1.286241,0,0,31161
81710,0,0,3,4,1,12.335931,1.286116,0,0,31161
81720,0,0,2,3,1,12.335215,1.286056,0,0,31161
81730,0,2,7,10,1,12.334374,1.285955,0,0,31161
81740,0,3,11,15,1,12.334801,1.285986,0,0,31163
81750,5,1,13,20,1,12.335338,1.286044,0,0,31166
81760,0,1,9,11,1,12.335697,1.286088,0,0,31184
81770,0,0,1,2,1,12.334978,1.285999,0,0,31184
81780,0,0,2,3,1,12.334410,1.285943,0,0,31184
81790,0,0,0,1,1,12.333720,1.285863,0,0,31184
81800,0,0,14,15,1,12.333094,1.285807,0,0,31184
81810,2,0,16,19,1,12.334196,1.285917,0,0,31189
81820,4,0,18,23,1,12.334818,1.285985,0,0,31194
81830,2,0,13,16,1,12.335158,1.286016,0,0,31197
81840,1,0,6,8,1,12.335552,1.286055,0,0,31199
81850,0,0,0,1,1,12.334923,1.285994,0,0,31199
81860,0,0,12,13,1,12.334289,1.285915,0,0,31199
81870,3,1,16,21,1,12.334791,1.285962,0,0,31210
81880,0,4,18,23,1,12.336312,1.286147,0,0,31239
81890,0,0,1,2,1,12.335888,1.286134,0,0,31244
81900,1,0,8,10,1,12.335912,1.286128,0,0,31244
81910,5,0,18,24,1,12.336930,1.286240,0,0,31264
81920,0,0,9,10,1,12.337028,1.286262,0,0,31264
81930,1,2,17,21,1,12.337508,1.286277,0,0,31264
81940,4,1,19,25,1,12.338946,1.286452,0,0,31287
81950,1,0,0,2,1,12.338814,1.286446,0,0,31292
81960,0,0,1,2,1,12.337863,1.286342,0,0,31292
81970,1,0,18,20,1,12.337584,1.286288,0,0,31297
81980,1,1,15,18,1,12.338845,1.286436,0,0,31327
81990,3,0,16,20,1,12.339671,1.286523,0,0,31350
82000,1,0,3,5,1,12.339026,1.286469,0,0,31350
82010,0,1,6,8,1,12.337818,1.286356,0,0,31350
82020,1,1,20,23,1,12.338448,1.286399,0,0,31364
82030,0,2,16,19,1,12.339196,1.286465,0,0,31377
82040,1,0,10,12,1,12.339443,1.286494,0,0,31377
82050,1,1,19,22,1,12.339017,1.286449,0,0,31377
82060,0,2,14,17,1,12.340094,1.286560,0,0,31401
82070,0,2,8,11,1,12.339557,1.286512,0,0,31401
82080,4,1,18,24,1,12.340310,1.286590,0,0,31408
82090,0,0,7,8,1,12.340349,1.286589,0,0,31411
82100,0,0,14,15,1,12.340622,1.286609,0,0,31412
82110,3,1,2,7,1,12.340433,1.286578,0,0,31412
82120,0,0,0,1,1,12.340161,1.286561,0,0,31412
82130,4,1,19,25,1,12.339997,1.286510,0,0,31412
82140,0,0,18,19,1,12.341376,1.286668,0,0,31436
82150,1,0,12,14,1,12.342075,1.286742,0,0,31445
82160,0,1,0,2,1,12.342400,1.286776,0,0,31447
82170,1,1,17,20,1,12.342541,1.286781,0,0,31449
82180,1,0,1,3,1,12.342166,1.286758,0,0,31449
82190,0,0,0,1,1,12.341565,1.286695,0,0,31449
82200,0,0,0,0,0,12.340648,1.286580,0,0,31449
82210,5,2,14,22,1,12.340540,1.286552,0,0,31449
82220,0,0,9,10,1,12.340984,1.286603,0,0,31449
82230,4,3,16,24,1,12.341375,1.286629,0,0,31449
82240,2,0,20,23,1,12.342182,1.286710,0,0,31456
82250,0,0,9,10,1,12.342604,1.286767,0,0,31466
82260,0,0,11,12,1,12.342163,1.286711,0,0,31466
82270,2,1,10,14,1,12.343219,1.286836,0,0,31478
82280,1,1,9,12,1,12.343963,1.286901,0,0,31490
82290,0,2,12,15,1,12.343712,1.286875,0,0,31490
82300,0,0,3,4,1,12.342939,1.286798,0,0,31490
82310,1,2,7,11,1,12.341799,1.286685,0,0,31490
82320,0,1,11,13,1,12.341755,1.286664,0,0,31490
82330,0,3,17,21,1,12.342151,1.286699,0,0,31494
82340,0,0,5,6,1,12.342140,1.286725,0,0,31494
82350,1,1,13,16,1,12.341119,1.286627,0,0,31494
82360,1,0,10,12,1,12.340428,1.286573,0,0,31494
82370,0,0,3,4,1,12.339924,1.286531,0,0,31494
82380,0,2,11,14,1,12.338755,1.286385,0,0,31494
82390,0,0,18,19,1,12.339864,1.286520,0,0,31516
82400,1,0,15,17,1,12.340757,1.286624,0,0,31535
82410,0,0,0,1,1,12.339853,1.286561,0,0,31535
82420,0,2,5,8,1,12.338830,1.286454,0,0,31535
82430,0,0,7,8,1,12.339336,1.286515,0,0,31537
82440,0,0,4,5,1,12.338523,1.286432,0,0,31537
82450,1,0,9,11,1,12.338481,1.286416,0,0,31537
82460,0,4,8,13,1,12.338112,1.286383,0,0,31537
82470,4,0,18,23,1,12.339023,1.286452,0,0,31541
82480,4,2,19,26,1,12.340199,1.286576,0,0,31548
82490,4,5,20,30,1,12.341488,1.286748,0,0,31578
82500,0,0,0,1,1,12.342184,1.286856,0,0,31596
82510,0,0,3,4,1,12.341177,1.286743,0,0,31596
82520,0,0,15,16,1,12.340836,1.286696,0,0,31596
82530,0,0,2,3,1,12.341214,1.286748,0,0,31604
82540,2,2,18,23,1,12.341141,1.286724,0,0,31607
82550,0,0,10,11,1,12.340974,1.286710,0,0,31610
82560,0,0,10,11,1,12.341380,1.286744,0,0,31610
82570,0,0,9,10,1,12.341002,1.286695,0,0,31610
82580,0,0,2,3,1,12.339991,1.286592,0,0,31610
82590,0,0,9,10,1,12.338970,1.286481,0,0,31610
82600,0,1,13,15,1,12.339685,1.286576,0,0,31619
82610,0,0,0,0,0,12.340083,1.286616,0,0,31621
82620,2,0,10,13,1,12.339567,1.286554,0,0,31621
82630,0,2,15,18,1,12.340144,1.286611,0,0,31625
82640,4,1,11,17,1,12.339965,1.286600,0,0,31625
82650,0,4,18,23,1,12.341015,1.286721,0,0,31646
82660,0,0,5,6,1,12.340952,1.286725,0,0,31655
82670,0,0,8,9,1,12.339901,1.286598,0,0,31655
82680,3,3,19,26,1,12.339871,1.286580,0,0,31662
82690,4,1,8,14,1,12.341180,1.286729,0,0,31680
82700,1,1,4,7,1,12.341808,1.286801,0,0,31690
82710,0,0,6,7,1,12.340883,1.286701,0,0,31690
82720,0,0,0,0,0,12.339753,1.286617,0,0,31690
82730,0,0,16,17,1,12.339691,1.286599,0,0,31690
82740,1,1,7,10,1,12.340891,1.286742,0,0,31708
82750,2,2,8,13,1,12.340910,1.286746,0,0,31708
82760,0,0,1,2,1,12.339923,1.286672,0,0,31708
82770,2,4,11,18,1,12.339614,1.286635,0,0,31708
82780,2,1,14,18,1,12.340076,1.286671,0,0,31708
82790,2,2,15,20,1,12.340863,1.286729,0,0,31718
82800,2,4,12,19,1,12.341197,1.286739,0,0,31726
82810,0,2,12,15,1,12.341987,1.286846,0,0,31733
82820,0,2,4,7,1,12.342037,1.286874,0,0,31733
82830,1,1,16,19,1,12.342956,1.286963,0,0,31736
82840,0,0,11,12,1,12.342751,1.286953,0,0,31736
82850,1,2,20,24,1,12.344023,1.287088,0,0,31765
82860,2,0,5,8,1,12.344804,1.287183,0,0,31779
82870,0,2,16,19,1,12.344911,1.287185,0,0,31782
82880,0,0,4,5,1,12.345122,1.287227,0,0,31782
82890,0,2,19,22,1,12.345531,1.287255,0,0,31786
82900,2,2,11,16,1,12.346168,1.287357,0,0,31797
82910,1,0,6,8,1,12.346815,1.287430,0,0,31811
82920,0,2,11,14,1,12.346821,1.287432,0,0,31811
82930,2,0,20,23,1,12.347044,1.287457,0,0,31817
82940,1,3,8,13,1,12.347318,1.287477,0,0,31819
82950,5,3,20,29,1,12.348354,1.287582,0,0,31830
82960,0,3,20,24,1,12.349838,1.287751,0,0,31865
82970,2,4,18,25,1,12.350828,1.287869,0,0,31876
82980,0,2,6,9,1,12.351348,1.287933,0,0,31878
82990,1,0,0,2,1,12.350246,1.287830,0,0,31878
83000,0,2,4,7,1,12.350267,1.287834,0,0,31878
83010,0,0,8,9,1,12.349739,1.287761,0,0,31878
83020,1,3,3,8,1,12.349317,1.287723,0,0,31878
83030,1,2,13,17,1,12.349745,1.287755,0,0,31887
83040,1,1,13,16,1,12.350030,1.287772,0,0,31891
83050,1,0,4,6,1,12.349888,1.287768,0,0,31900
83060,2,2,9,14,1,12.349295,1.287706,0,0,31900
83070,0,2,6,9,1,12.348618,1.287642,0,0,31900
83080,1,0,12,14,1,12.348167,1.287585,0,0,31900
83090,2,2,8,13,1,12.348609,1.287637,0,0,31911
83100,3,3,17,24,1,12.348403,1.287590,0,0,31911
83110,2,0,3,6,1,12.348647,1.287612,0,0,31912
83120,3,0,6,10,1,12.348065,1.287544,0,0,31912
83130,0,0,0,1,1,12.347208,1.287457,0,0,31912
83140,0,0,1,2,1,12.345903,1.287336,0,0,31912
83150,0,0,1,2,1,12.344607,1.287227,0,0,31912
83160,0,0,0,1,1,12.343814,1.287134,0,0,31912
83170,0,0,0,0,0,12.342679,1.287017,0,0,31912
83180,0,0,2,3,1,12.341664,1.286903,0,0,31912
83190,0,0,8,9,1,12.340666,1.286785,0,0,31912
83200,0,2,6,9,1,12.340724,1.286787,0,0,31912
83210,0,2,5,8,1,12.339878,1.286696,0,0,31912
83220,0,0,0,1,1,12.338765,1.286588,0,0,31912
83230,0,0,3,4,1,12.337771,1.286482,0,0,31912
83240,0,0,2,3,1,12.336693,1.286370,0,0,31912
83250,2,0,7,10,1,12.336001,1.286280,0,0,31912
83260,1,0,5,7,1,12.335451,1.286251,0,0,31912
83270,0,0,2,3,1,12.334903,1.286205,0,0,31912
83280,0,0,0,0,0,12.333568,1.286100,0,0,31912
83290,1,2,18,22,1,12.333311,1.286053,0,0,31912
83300,0,1,2,4,1,12.333392,1.286070,0,0,31918
83310,2,0,6,9,1,12.332588,1.285974,0,0,31918
83320,4,1,8,14,1,12.332816,1.286014,0,0,31920
83330,1,0,20,22,1,12.333563,1.286092,0,0,31923
83340,0,1,18,20,1,12.334247,1.286166,0,0,31931
83350,2,0,6,9,1,12.335228,1.286280,0,0,31943
83360,0,1,4,6,1,12.334877,1.286240,0,0,31943
83370,1,4,17,23,1,12.335055,1.286244,0,0,31943
83380,2,1,7,11,1,12.335464,1.286289,0,0,31945
83390,3,0,13,17,1,12.335891,1.286297,0,0,31946
83400,2,2,19,24,1,12.336586,1.286380,0,0,31953
83410,3,0,12,16,1,12.337569,1.286497,0,0,31960
83420,3,3,20,27,1,12.338397,1.286570,0,0,31970
83430,3,3,11,18,1,12.339228,1.286663,0,0,31995
83440,1,2,19,23,1,12.340054,1.286731,0,0,32004
83450,0,0,3,4,1,12.339717,1.286686,0,0,32005
83460,0,0,0,0,0,12.338841,1.286568,0,0,32005
83470,1,1,13,16,1,12.337831,1.286438,0,0,32005
83480,2,1,15,19,1,12.338534,1.286519,0,0,32005
83490,3,1,14,19,1,12.338105,1.286466,0,0,32005
83500,0,0,18,19,1,12.338684,1.286530,0,0,32013
83510,0,1,5,7,1,12.339753,1.286643,0,0,32033
83520,1,2,7,11,1,12.339101,1.286552,0,0,32033
83530,1,4,11,17,1,12.339164,1.286542,0,0,32033
83540,1,0,12,14,1,12.339644,1.286581,0,0,32039
83550,1,1,12,15,1,12.339574,1.286571,0,0,32039
83560,2,6,20,29,1,12.340866,1.286702,0,0,32049
83570,3,2,17,23,1,12.342086,1.286830,0,0,32064
83580,1,4,13,19,1,12.343054,1.286943,0,0,32072
83590,2,1,18,22,1,12.344166,1.287050,0,0,32088
83600,0,4,16,21,1,12.345347,1.287165,0,0,32108
83610,1,0,14,16,1,12.346450,1.287282,0,0,32112
83620,3,3,14,21,1,12.347199,1.287342,0,0,32116
83630,0,0,12,13,1,12.347580,1.287398,0,0,32124
83640,1,0,9,11,1,12.346624,1.287288,0,0,32124
83650,0,0,2,3,1,12.345765,1.287189,0,0,32124
83660,0,0,0,0,0,12.344900,1.287103,0,0,32124
83670,1,0,8,10,1,12.344480,1.287053,0,0,32124
83680,1,1,15,18,1,12.345000,1.287097,0,0,32126
83690,0,0,6,7,1,12.346056,1.287211,0,0,32137
83700,1,1,11,14,1,12.345621,1.287165,0,0,32137
83710,0,0,11,12,1,12.345800,1.287185,0,0,32141
83720,2,2,10,15,1,12.346003,1.287213,0,0,32141
83730,1,0,3,5,1,12.346677,1.287270,0,0,32141
83740,3,1,18,23,1,12.346208,1.287200,0,0,32141
83750,0,1,12,14,1,12.346800,1.287260,0,0,32143
83760,0,0,0,0,0,12.346009,1.287190,0,0,32143
83770,5,0,10,16,1,12.345572,1.287116,0,0,32143
83780,0,1,7,9,1,12.345290,1.287112,0,0,32143
83790,0,2,7,10,1,12.345011,1.287091,0,0,32143
83800,0,0,9,10,1,12.344640,1.287044,0,0,32143
83810,0,1,15,17,1,12.344962,1.287069,0,0,32149
83820,0,1,5,7,1,12.345051,1.287088,0,0,32158
83830,0,0,0,0,0,12.344047,1.286982,0,0,32158
83840,0,0,1,2,1,12.342973,1.286874,0,0,32158
83850,0,0,1,2,1,12.342316,1.286809,0,0,32158
83860,0,1,18,20,1,12.342379,1.286801,0,0,32158
83870,0,0,0,1,1,12.342612,1.286843,0,0,32160
83880,0,0,13,14,1,12.342966,1.286887,0,0,32165
83890,5,0,16,22,1,12.343605,1.286957,0,0,32172
83900,0,2,15,18,1,12.344416,1.287054,0,0,32179
83910,2,3,18,24,1,12.345092,1.287120,0,0,32194
83920,2,0,1,4,1,12.345287,1.287158,0,0,32194
83930,0,0,0,0,0,12.344509,1.287097,0,0,32194
83940,0,0,0,1,1,12.343355,1.286962,0,0,32194
83950,0,0,3,4,1,12.342263,1.286861,0,0,32194
83960,2,0,3,6,1,12.341390,1.286754,0,0,32194
83970,1,2,5,9,1,12.340415,1.286667,0,0,32194
83980,0,1,18,20,1,12.340124,1.286617,0,0,32199
83990,1,1,15,18,1,12.341496,1.286782,0,0,32218
84000,2,0,9,12,1,12.341672,1.286799,0,0,32218
84010,6,2,20,29,1,12.342538,1.286879,0,0,32233
84020,3,0,15,19,1,12.343969,1.287040,0,0,32256
84030,3,6,17,27,1,12.345170,1.287184,0,0,32270
84040,3,4,11,19,1,12.346233,1.287298,0,0,32277
84050,2,1,18,22,1,12.346831,1.287357,0,0,32288
84060,0,1,20,22,1,12.347970,1.287479,0,0,32309
84070,2,1,18,22,1,12.348610,1.287545,0,0,32330
84080,2,0,8,11,1,12.348367,1.287534,0,0,32330
84090,0,2,4,7,1,12.348269,1.287511,0,0,32330
84100,0,0,8,9,1,12.347895,1.287465,0,0,32330
84110,1,0,10,12,1,12.347777,1.287466,0,0,32330
84120,2,0,7,10,1,12.346986,1.287396,0,0,32330
84130,7,1,17,26,1,12.347371,1.287421,0,0,32333
84140,4,2,17,24,1,12.348807,1.287582,0,0,32359
84150,1,4,17,23,1,12.349525,1.287644,0,0,32361
84160,4,0,20,25,1,12.350569,1.287750,0,0,32364
84170,0,1,5,7,1,12.350422,1.287749,0,0,32367
84180,0,0,2,3,1,12.349203,1.287637,0,0,32367
84190,0,0,6,7,1,12.348192,1.287537,0,0,32367
84200,0,0,0,0,0,12.347487,1.287474,0,0,32367
84210,3,0,2,6,1,12.346244,1.287357,0,0,32367
84220,0,0,0,1,1,12.345113,1.287236,0,0,32367
84230,0,0,4,5,1,12.344093,1.287143,0,0,32367
84240,0,1,9,11,1,12.343617,1.287084,0,0,32367
84250,3,2,11,17,1,12.344665,1.287190,0,0,32371
84260,2,2,18,23,1,12.345268,1.287248,0,0,32373
84270,4,0,16,21,1,12.345825,1.287308,0,0,32374
84280,3,3,10,17,1,12.346466,1.287376,0,0,32375
84290,3,5,12,21,1,12.346967,1.287430,0,0,32375
84300,2,0,18,21,1,12.347710,1.287518,0,0,32390
84310,0,0,4,5,1,12.348518,1.287628,0,0,32401
84320,1,0,2,4,1,12.347652,1.287544,0,0,32401
84330,0,2,14,17,1,12.346972,1.287472,0,0,32401
84340,0,1,12,14,1,12.347832,1.287565,0,0,32407
84350,2,7,18,28,1,12.348775,1.287646,0,0,32418
84360,0,0,0,1,1,12.348755,1.287669,0,0,32418
84370,0,0,2,3,1,12.347672,1.287562,0,0,32418
84380,2,2,15,20,1,12.347599,1.287532,0,0,32418
84390,0,0,1,2,1,12.347007,1.287482,0,0,32418
84400,0,0,1,2,1,12.346022,1.287383,0,0,32418
84410,0,1,4,6,1,12.345278,1.287304,0,0,32418
84420,0,1,6,8,1,12.344351,1.287196,0,0,32418
84430,1,2,16,20,1,12.344606,1.287207,0,0,32419
84440,0,0,17,18,1,12.345751,1.287348,0,0,32430
84450,3,1,12,17,1,12.346353,1.287417,0,0,32436
84460,0,1,17,19,1,12.346792,1.287448,0,0,32436
84470,2,2,11,16,1,12.347351,1.287508,0,0,32436
84480,6,1,18,26,1,12.348090,1.287583,0,0,32452
84490,1,0,2,4,1,12.347981,1.287581,0,0,32453
84500,0,0,0,1,1,12.346873,1.287482,0,0,32453
84510,0,0,0,1,1,12.345688,1.287356,0,0,32453
84520,1,0,10,12,1,12.345117,1.287298,0,0,32453
84530,0,0,2,3,1,12.345440,1.287324,0,0,32454
84540,1,1,3,6,1,12.344426,1.287216,0,0,32454
84550,3,1,7,12,1,12.344549,1.287224,0,0,32457
84560,0,1,8,10,1,12.343897,1.287161,0,0,32457
84570,0,4,14,19,1,12.343389,1.287093,0,0,32457
84580,2,2,12,17,1,12.344565,1.287219,0,0,32469
84590,0,0,0,1,1,12.344313,1.287213,0,0,32471
84600,0,0,0,0,0,12.343015,1.287095,0,0,32471
84610,0,0,9,10,1,12.342438,1.287021,0,0,32471
84620,0,0,18,19,1,12.342548,1.287035,0,0,32472
84630,2,1,17,21,1,12.343309,1.287119,0,0,32479
84640,1,2,4,8,1,12.343969,1.287194,0,0,32495
84650,1,0,9,11,1,12.342862,1.287063,0,0,32495
84660,0,0,0,0,0,12.342424,1.287010,0,0,32495
84670,1,0,0,2,1,12.341142,1.286900,0,0,32495
84680,5,2,18,26,1,12.341715,1.286958,0,0,32508
84690,0,0,12,13,1,12.342625,1.287058,0,0,32523
84700,1,0,19,21,1,12.342417,1.287014,0,0,32523
84710,1,0,13,15,1,12.342983,1.287071,0,0,32524
84720,1,2,19,23,1,12.343915,1.287170,0,0,32535
84730,0,0,6,7,1,12.344444,1.287237,0,0,32541
84740,0,0,11,12,1,12.343963,1.287184,0,0,32541
84750,1,0,18,20,1,12.344159,1.287173,0,0,32541
84760,0,2,16,19,1,12.344722,1.287225,0,0,32554
84770,1,4,13,19,1,12.345447,1.287276,0,0,32557
84780,0,0,10,11,1,12.346075,1.287342,0,0,32560
84790,2,2,13,18,1,12.347189,1.287461,0,0,32572
84800,2,3,19,25,1,12.348316,1.287569,0,0,32577
84810,0,0,0,1,1,12.348935,1.287638,0,0,32578
84820,0,2,14,17,1,12.348609,1.287569,0,0,32578
84830,2,0,18,21,1,12.349628,1.287678,0,0,32584
84840,0,3,18,22,1,12.350445,1.287774,0,0,32587
84850,1,1,18,21,1,12.351362,1.287887,0,0,32596
84860,1,0,9,11,1,12.351205,1.287890,0,0,32596
84870,0,4,19,24,1,12.351210,1.287881,0,0,32598
84880,0,1,7,9,1,12.350453,1.287819,0,0,32598
84890,0,0,3,4,1,12.349611,1.287734,0,0,32598
84900,0,0,7,8,1,12.348834,1.287648,0,0,32598
84910,0,0,18,19,1,12.349259,1.287672,0,0,32610
84920,0,0,15,16,1,12.349677,1.287692,0,0,32612
84930,2,2,10,15,1,12.349959,1.287710,0,0,32612
84940,3,2,17,23,1,12.350828,1.287822,0,0,32616
84950,0,0,10,11,1,12.351433,1.287887,0,0,32616
84960,2,0,20,23,1,12.352172,1.287959,0,0,32619
84970,1,0,6,8,1,12.352630,1.288040,0,0,32631
84980,0,0,16,17,1,12.352925,1.288047,0,0,32638
84990,0,0,2,3,1,12.353174,1.288077,0,0,32638
85000,2,1,2,6,1,12.352524,1.288017,0,0,32638
85010,1,1,13,16,1,12.352389,1.287974,0,0,32638
85020,0,0,0,0,0,12.352388,1.287977,0,0,32638
85030,0,0,0,0,0,12.351609,1.287896,0,0,32638
85040,4,1,8,14,1,12.351677,1.287892,0,0,32641
85050,0,0,1,2,1,12.351014,1.287826,0,0,32641
85060,0,1,12,14,1,12.350690,1.287768,0,0,32641
85070,2,0,20,23,1,12.351785,1.287893,0,0,32659
85080,1,0,7,9,1,12.351649,1.287877,0,0,32662
85090,1,2,13,17,1,12.351329,1.287842,0,0,32662
85100,1,1,16,19,1,12.352046,1.287912,0,0,32675
85110,2,4,20,27,1,12.352941,1.288005,0,0,32694
85120,0,1,13,15,1,12.354066,1.288146,0,0,32707
85130,0,0,1,2,1,12.353460,1.288064,0,0,32707
85140,1,1,3,6,1,12.352479,1.287969,0,0,32707
85150,0,0,1,2,1,12.351750,1.287892,0,0,32707
85160,1,0,5,7,1,12.350688,1.287779,0,0,32707
85170,0,0,0,0,0,12.350116,1.287718,0,0,32707
85180,0,0,14,15,1,12.349690,1.287662,0,0,32707
85190,6,1,13,21,1,12.350838,1.287788,0,0,32728
85200,1,0,9,11,1,12.350887,1.287791,0,0,32728
85210,1,1,8,11,1,12.350765,1.287764,0,0,32728
85220,0,0,9,10,1,12.349747,1.287644,0,0,32728
85230,0,0,9,10,1,12.350224,1.287687,0,0,32729
85240,0,0,5,6,1,12.349287,1.287589,0,0,32729
85250,0,1,7,9,1,12.349151,1.287555,0,0,32729
85260,2,1,20,24,1,12.348590,1.287483,0,0,32732
85270,1,1,14,17,1,12.349512,1.287587,0,0,32752
85280,0,3,9,13,1,12.348992,1.287530,0,0,32752
85290,1,0,3,5,1,12.348822,1.287502,0,0,32752
85300,0,5,13,19,1,12.348261,1.287417,0,0,32752
85310,0,1,10,12,1,12.349090,1.287516,0,0,32757
85320,1,1,3,6,1,12.348739,1.287504,0,0,32757
85330,1,0,14,16,1,12.348425,1.287462,0,0,32757
85340,2,2,15,20,1,12.349331,1.287541,0,0,32768
85350,8,1,20,30,1,12.350469,1.287653,0,0,32769
85360,1,0,16,18,1,12.351032,1.287733,0,0,32789
85370,0,0,0,1,1,12.351293,1.287751,0,0,32797
85380,1,1,17,20,1,12.351272,1.287711,0,0,32797
85390,1,3,19,24,1,12.352127,1.287786,0,0,32803
85400,5,1,8,15,1,12.353155,1.287882,0,0,32809
85410,1,2,20,24,1,12.354588,1.288047,0,0,32827
85420,2,4,15,22,1,12.355780,1.288193,0,0,32848
85430,0,0,1,2,1,12.355858,1.288222,0,0,32848
85440,2,1,4,8,1,12.355423,1.288159,0,0,32848
85450,0,0,4,5,1,12.355808,1.288186,0,0,32852
85460,1,0,3,5,1,12.354884,1.288093,0,0,32852
85470,3,0,6,10,1,12.354380,1.288026,0,0,32852
85480,1,0,17,19,1,12.354696,1.288046,0,0,32852
85490,2,0,12,15,1,12.355291,1.288124,0,0,32852
85500,0,0,11,12,1,12.355484,1.288119,0,0,32852
85510,4,2,16,23,1,12.356108,1.288173,0,0,32858
85520,5,2,20,28,1,12.357276,1.288286,0,0,32874
85530,0,0,0,1,1,12.356672,1.288237,0,0,32874
85540,0,1,0,2,1,12.355968,1.288169,0,0,32874
85550,1,2,11,15,1,12.355358,1.288080,0,0,32874
85560,3,1,17,22,1,12.356240,1.288184,0,0,32887
85570,0,1,17,19,1,12.356893,1.288235,0,0,32890
85580,4,1,18,24,1,12.357998,1.288344,0,0,32909
85590,1,4,14,20,1,12.358051,1.288338,0,0,32911
85600,3,0,16,20,1,12.358569,1.288395,0,0,32911
85610,1,4,16,22,1,12.359533,1.288499,0,0,32918
85620,1,0,20,22,1,12.360443,1.288595,0,0,32931
85630,1,0,11,13,1,12.361181,1.288675,0,0,32933
85640,2,2,15,20,1,12.361693,1.288722,0,0,32936
85650,0,1,2,4,1,12.360970,1.288681,0,0,32936
85660,0,2,14,17,1,12.360539,1.288630,0,0,32936
85670,3,1,14,19,1,12.360511,1.288619,0,0,32936
85680,1,1,7,10,1,12.361338,1.288686,0,0,32943
85690,0,0,5,6,1,12.360629,1.288604,0,0,32943
85700,1,0,3,5,1,12.359580,1.288495,0,0,32943
85710,0,0,0,0,0,12.358794,1.288427,0,0,32943
85720,0,0,0,0,0,12.357603,1.288332,0,0,32943
85730,0,0,2,3,1,12.356404,1.288221,0,0,32943
85740,0,0,4,5,1,12.355837,1.288152,0,0,32943
85750,0,0,19,20,1,12.356072,1.288160,0,0,32943
85760,0,3,20,24,1,12.356990,1.288283,0,0,32947
85770,0,2,14,17,1,12.357907,1.288390,0,0,32958
85780,1,0,14,16,1,12.358243,1.288422,0,0,32963
85790,1,1,7,10,1,12.358648,1.288486,0,0,32980
85800,0,0,1,2,1,12.357632,1.288403,0,0,32980
85810,1,2,7,11,1,12.356826,1.288313,0,0,32980
85820,2,1,10,14,1,12.356846,1.288282,0,0,32983
85830,0,0,0,1,1,12.356283,1.288245,0,0,32983
85840,0,2,8,11,1,12.355335,1.288141,0,0,32983
85850,0,3,1,5,1,12.354544,1.288058,0,0,32983
85860,0,0,10,11,1,12.354204,1.288017,0,0,32983
85870,2,0,12,15,1,12.354500,1.288021,0,0,32983
85880,4,2,19,26,1,12.355212,1.288082,0,0,32987
85890,0,0,0,0,0,12.354823,1.288051,0,0,32987
85900,0,1,5,7,1,12.353852,1.287942,0,0,32987
85910,2,6,13,22,1,12.353915,1.287944,0,0,32989
85920,2,0,8,11,1,12.353993,1.287956,0,0,32991
85930,0,0,1,2,1,12.353431,1.287898,0,0,32991
85940,0,1,20,22,1,12.353692,1.287915,0,0,32998
85950,0,0,3,4,1,12.353992,1.287957,0,0,33003
85960,0,0,4,5,1,12.353345,1.287882,0,0,33003
85970,1,0,7,9,1,12.352863,1.287827,0,0,33003
85980,0,0,6,7,1,12.351892,1.287712,0,0,33003
85990,0,1,5,7,1,12.351125,1.287613,0,0,33003
86000,0,0,4,5,1,12.350564,1.287540,0,0,33003
86010,0,0,7,8,1,12.350129,1.287477,0,0,33003
86020,0,1,9,11,1,12.349882,1.287427,0,0,33003
86030,0,0,15,16,1,12.350099,1.287454,0,0,33003
86040,1,0,18,20,1,12.350934,1.287538,0,0,33007
86050,0,0,2,3,1,12.350864,1.287538,0,0,33008
86060,0,2,10,13,1,12.350012,1.287463,0,0,33008
86070,0,2,20,23,1,12.350281,1.287488,0,0,33012
86080,2,3,18,24,1,12.350587,1.287518,0,0,33012
86090,1,1,5,8,1,12.350441,1.287515,0,0,33012
86100,0,0,10,11,1,12.349769,1.287440,0,0,33012
86110,0,0,1,2,1,12.349014,1.287371,0,0,33012
86120,1,0,1,3,1,12.348025,1.287276,0,0,33012
86130,0,0,4,5,1,12.347317,1.287219,0,0,33012
86140,0,0,4,5,1,12.346232,1.287115,0,0,33012
86150,1,4,14,20,1,12.345758,1.287051,0,0,33012
86160,5,0,14,20,1,12.347059,1.287195,0,0,33044
86170,0,0,2,3,1,12.346710,1.287164,0,0,33044
86180,2,5,7,15,1,12.345930,1.287064,0,0,33044
86190,0,0,9,10,1,12.346270,1.287110,0,0,33052
86200,0,0,2,3,1,12.345570,1.287045,0,0,33052
86210,0,1,2,4,1,12.345073,1.286995,0,0,33052
86220,0,0,11,12,1,12.344769,1.286951,0,0,33052
86230,1,0,18,20,1,12.345080,1.286963,0,0,33055
86240,1,0,9,11,1,12.344616,1.286906,0,0,33055
86250,0,1,9,11,1,12.344522,1.286870,0,0,33055
86260,1,3,15,20,1,12.344377,1.286855,0,0,33055
86270,1,2,9,13,1,12.344579,1.286883,0,0,33055
86280,1,2,16,20,1,12.345044,1.286922,0,0,33055
86290,0,5,13,19,1,12.345998,1.287009,0,0,33059
86300,6,0,18,25,1,12.347295,1.287141,0,0,33082
86310,0,0,16,17,1,12.348464,1.287266,0,0,33099
86320,6,1,15,23,1,12.349419,1.287352,0,0,33113
86330,1,0,12,14,1,12.349741,1.287388,0,0,33121
86340,2,2,19,24,1,12.350814,1.287514,0,0,33138
86350,2,4,10,17,1,12.351456,1.287576,0,0,33141
86360,0,0,9,10,1,12.351133,1.287550,0,0,33141
86370,0,0,16,17,1,12.350814,1.287520,0,0,33141
86380,0,0,12,13,1,12.351607,1.287609,0,0,33144
86390,1,3,15,20,1,12.352564,1.287694,0,0,33149
86400,0,0,3,4,1,12.352502,1.287697,0,0,33150
