Tempo(s),Fila1,Fila2,Fila3,TotalSistema,ServidorOcupado,E[N],E[W],PerdasF1,PerdasF2,PerdasF3
10,4,0,1,6,1,5.303552,0.530355,0,0,0
20,5,0,0,6,1,5.807202,0.601783,0,0,0
30,11,1,0,13,1,7.783433,0.786205,0,0,0
40,19,0,2,22,1,9.395750,0.939575,0,0,0
50,15,2,0,18,1,11.403511,1.144931,6,0,0
60,6,2,0,9,1,10.766533,1.059003,6,0,0
70,4,1,1,7,1,9.807761,0.973820,6,0,0
80,17,1,2,21,1,10.007593,0.979936,9,0,0
90,13,0,0,14,1,10.968860,1.083642,10,0,0
100,17,0,5,23,1,12.105003,1.215362,25,0,0
110,2,0,2,5,1,11.680534,1.186388,25,0,0
120,7,0,2,10,1,11.142846,1.118947,25,0,0
130,3,2,0,6,1,10.903827,1.092905,25,0,0
140,10,2,1,14,1,10.491739,1.049924,25,0,0
150,20,2,2,25,1,10.917208,1.092449,33,0,0
160,11,1,0,13,1,11.654643,1.172057,62,0,0
170,12,0,0,13,1,11.557623,1.162601,62,0,0
180,0,0,0,1,1,11.501732,1.164405,62,0,0
190,5,0,1,7,1,11.130339,1.129682,62,0,0
200,15,7,1,24,1,11.161057,1.130806,62,0,0
210,3,1,1,6,1,11.452609,1.174340,67,0,0
220,2,0,0,3,1,11.356837,1.174109,67,0,0
230,5,0,1,7,1,11.185358,1.154682,67,0,0
240,3,0,0,4,1,10.864583,1.121505,67,0,0
250,0,0,0,1,1,10.548268,1.086554,67,0,0
260,4,0,0,5,1,10.279160,1.059707,67,0,0
270,12,0,1,14,1,10.187024,1.051413,67,0,0
280,11,0,3,15,1,10.424213,1.069934,72,0,0
290,19,1,0,21,1,10.554173,1.081905,73,0,0
300,9,0,1,11,1,10.576433,1.086620,74,0,0
310,0,0,0,0,0,10.496829,1.079634,74,0,0
320,8,1,0,10,1,10.469807,1.076933,74,0,0
330,16,0,0,17,1,10.763358,1.107203,77,0,0
340,0,0,0,0,0,10.855039,1.117044,79,0,0
350,2,0,1,4,1,10.668295,1.099177,79,0,0
360,14,2,0,17,1,10.838823,1.115169,83,0,0
370,7,1,1,10,1,11.088411,1.143773,88,0,0
380,17,1,3,22,1,11.232011,1.156058,88,0,0
390,15,0,1,17,1,11.589252,1.200161,116,0,0
400,6,0,0,7,1,11.799308,1.223677,121,0,0
410,7,0,0,8,1,11.730943,1.217334,121,0,0
420,17,0,2,20,1,11.830180,1.223510,125,0,0
430,11,1,1,14,1,11.899277,1.233532,125,0,0
440,4,0,0,5,1,11.871370,1.230773,128,0,0
450,0,0,0,1,1,11.765215,1.217091,128,0,0
460,4,0,1,6,1,11.612719,1.200416,128,0,0
470,0,0,0,0,0,11.415748,1.184415,128,0,0
480,14,0,3,18,1,11.375477,1.177535,128,0,0
490,12,1,1,15,1,11.555195,1.200094,138,0,0
500,10,0,1,12,1,11.575385,1.204515,138,0,0
510,12,2,0,15,1,11.640444,1.213042,138,0,0
520,5,0,0,6,1,11.621728,1.212540,138,0,0
530,3,1,0,5,1,11.514219,1.201050,138,0,0
540,8,0,1,10,1,11.391973,1.186893,138,0,0
550,17,0,1,19,1,11.525382,1.197838,148,0,0
560,12,2,3,18,1,11.601342,1.206677,151,0,0
570,15,1,0,17,1,11.714984,1.217197,157,0,0
580,18,1,2,22,1,11.875786,1.235508,168,0,0
590,14,3,5,23,1,11.962946,1.243506,174,0,0
600,4,3,2,10,1,12.038993,1.254715,175,0,0
610,0,0,0,1,1,11.918060,1.244227,175,0,0
620,8,0,1,10,1,11.834186,1.231073,175,0,0
630,3,0,1,5,1,11.753303,1.224100,175,0,0
640,0,0,0,1,1,11.649787,1.214508,175,0,0
650,15,1,0,17,1,11.585298,1.205836,175,0,0
660,16,0,1,18,1,11.735407,1.222824,179,0,0
670,6,1,1,9,1,11.704356,1.221102,179,0,0
680,11,0,1,13,1,11.788218,1.232092,181,0,0
690,3,0,0,4,1,11.720995,1.225934,181,0,0
700,14,0,0,15,1,11.770073,1.226962,181,0,0
710,20,0,2,23,1,11.871919,1.235208,191,0,0
720,2,0,0,3,1,11.920002,1.240411,191,0,0
730,14,0,2,17,1,11.916693,1.239024,198,0,0
740,12,0,2,15,1,12.059079,1.256685,212,0,0
750,0,0,0,0,0,12.043865,1.254918,212,0,0
760,13,1,2,17,1,12.043736,1.252324,212,0,0
770,4,0,1,6,1,11.982797,1.245512,212,0,0
780,13,0,1,15,1,11.902012,1.233697,212,0,0
790,1,1,0,3,1,11.864506,1.229402,212,0,0
800,12,0,0,13,1,11.895417,1.229183,212,0,0
810,0,0,0,1,1,11.856054,1.225862,212,0,0
820,15,1,1,18,1,11.873569,1.226856,215,0,0
830,0,0,0,0,0,11.870323,1.230162,221,0,0
840,7,2,0,10,1,11.762751,1.217286,221,0,0
850,0,0,0,1,1,11.676719,1.210096,221,0,0
860,8,2,2,13,1,11.677283,1.208334,221,0,0
870,10,1,1,13,1,11.713814,1.211774,222,0,0
880,12,2,0,15,1,11.761603,1.216241,223,0,0
890,11,0,2,14,1,11.817748,1.220020,233,0,0
900,0,0,0,0,0,11.808553,1.221153,236,0,0
910,1,0,0,2,1,11.756445,1.216414,236,0,0
920,10,4,2,17,1,11.750514,1.215069,237,0,0
930,6,0,2,9,1,11.726604,1.214989,237,0,0
940,14,0,1,16,1,11.805410,1.224033,252,0,0
950,14,3,0,18,1,11.811796,1.224087,252,0,0
960,1,0,0,2,1,11.781264,1.222176,255,0,0
970,8,1,0,10,1,11.782626,1.221324,255,0,0
980,9,0,0,10,1,11.704123,1.213504,255,0,0
990,13,2,0,16,1,11.654435,1.206135,255,0,0
1000,11,1,0,13,1,11.614515,1.200715,255,0,0
1010,4,0,1,6,1,11.598198,1.198750,255,0,0
1020,0,0,0,1,1,11.512701,1.190124,255,0,0
1030,6,2,0,9,1,11.522713,1.188980,258,0,0
1040,1,0,0,2,1,11.465788,1.184623,258,0,0
1050,12,2,0,15,1,11.507406,1.188431,261,0,0
1060,1,0,0,2,1,11.481205,1.186630,261,0,0
1070,8,0,0,9,1,11.396238,1.178503,261,0,0
1080,14,0,0,15,1,11.366047,1.174448,261,0,0
1090,19,0,0,20,1,11.439245,1.181651,273,0,0
1100,17,1,1,20,1,11.532245,1.192804,284,0,0
1110,7,2,2,12,1,11.568942,1.195339,288,0,0
1120,15,1,2,19,1,11.619792,1.201345,292,0,0
1130,6,0,0,7,1,11.593208,1.198895,292,0,0
1140,4,0,0,5,1,11.514124,1.191008,292,0,0
1150,0,0,0,0,0,11.430821,1.186733,292,0,0
1160,8,1,0,10,1,11.400981,1.182928,292,0,0
1170,3,0,0,4,1,11.340325,1.177823,292,0,0
1180,15,0,1,17,1,11.349082,1.176691,292,0,0
1190,12,2,0,15,1,11.373944,1.179212,292,0,0
1200,7,0,1,9,1,11.370963,1.179153,292,0,0
1210,2,0,0,3,1,11.428676,1.185080,309,0,0
1220,12,0,0,13,1,11.432413,1.185512,309,0,0
1230,2,0,0,3,1,11.373060,1.179997,309,0,0
1240,17,2,0,20,1,11.355511,1.176639,309,0,0
1250,12,0,1,14,1,11.449967,1.186378,327,0,0
1260,9,1,0,11,1,11.475740,1.188316,327,0,0
1270,7,2,2,12,1,11.435521,1.183242,327,0,0
1280,11,0,6,18,1,11.495584,1.188942,335,0,0
1290,11,0,2,14,1,11.566919,1.196386,348,0,0
1300,2,0,0,3,1,11.543269,1.194955,348,0,0
1310,9,0,0,10,1,11.503299,1.190028,348,0,0
1320,13,2,1,17,1,11.464350,1.186339,348,0,0
1330,1,0,0,2,1,11.509856,1.190181,360,0,0
1340,0,0,0,1,1,11.440726,1.182732,360,0,0
1350,5,2,1,9,1,11.408013,1.178784,360,0,0
1360,15,2,1,19,1,11.377291,1.175501,360,0,0
1370,13,0,0,14,1,11.404052,1.178247,360,0,0
1380,18,0,0,19,1,11.452615,1.183334,370,0,0
1390,4,0,0,5,1,11.474808,1.186137,372,0,0
1400,5,1,1,8,1,11.430136,1.181846,372,0,0
1410,7,1,0,9,1,11.378394,1.177421,372,0,0
1420,9,1,1,12,1,11.383138,1.177623,372,0,0
1430,1,0,0,2,1,11.355175,1.175467,372,0,0
1440,0,0,0,1,1,11.301693,1.170991,372,0,0
1450,8,2,0,11,1,11.314308,1.172341,372,0,0
1460,2,0,0,3,1,11.274932,1.168968,372,0,0
1470,5,1,0,7,1,11.304228,1.170721,382,0,0
1480,0,0,0,1,1,11.264892,1.167101,382,0,0
1490,14,2,0,17,1,11.212483,1.161148,382,0,0
1500,0,0,0,1,1,11.163027,1.156870,382,0,0
1510,7,1,0,9,1,11.138721,1.155104,382,0,0
1520,0,0,0,1,1,11.106091,1.151204,382,0,0
1530,3,1,0,5,1,11.059003,1.146205,382,0,0
1540,13,1,0,15,1,11.075237,1.147075,382,0,0
1550,13,1,0,15,1,11.133837,1.153264,393,0,0
1560,9,1,2,13,1,11.175808,1.157730,406,0,0
1570,2,1,0,4,1,11.172200,1.157092,406,0,0
1580,16,4,3,24,1,11.221756,1.162266,413,0,0
1590,19,1,2,23,1,11.274845,1.167275,414,0,0
1600,0,0,0,1,1,11.317273,1.172547,426,0,0
1610,17,1,1,20,1,11.276532,1.167388,426,0,0
1620,4,0,1,6,1,11.294505,1.169592,431,0,0
1630,2,0,0,3,1,11.290236,1.169489,431,0,0
1640,15,0,1,17,1,11.293160,1.169758,431,0,0
1650,15,0,1,17,1,11.318917,1.172834,443,0,0
1660,16,5,5,27,1,11.385110,1.180025,463,0,0
1670,18,1,3,23,1,11.457969,1.188202,480,0,0
1680,11,0,0,12,1,11.499727,1.193154,489,0,0
1690,15,1,0,17,1,11.511345,1.194387,489,0,0
1700,0,0,0,0,0,11.486884,1.193260,489,0,0
1710,6,0,1,8,1,11.441029,1.188588,489,0,0
1720,0,0,0,0,0,11.393250,1.184430,489,0,0
1730,0,0,0,1,1,11.389840,1.184445,489,0,0
1740,8,1,0,10,1,11.393475,1.184339,489,0,0
1750,20,1,6,28,1,11.445112,1.189014,497,0,0
1760,14,1,1,17,1,11.513659,1.197143,510,0,0
1770,12,0,1,14,1,11.535987,1.199477,510,0,0
1780,13,2,2,18,1,11.554529,1.200506,518,0,0
1790,1,0,0,2,1,11.549652,1.199946,519,0,0
1800,6,0,0,7,1,11.503935,1.195973,519,0,0
1810,5,0,0,6,1,11.473139,1.192374,519,0,0
1820,7,1,2,11,1,11.436683,1.188464,519,0,0
1830,8,1,0,10,1,11.423086,1.187269,519,0,0
1840,0,0,0,0,0,11.410242,1.185948,519,0,0
1850,19,4,1,25,1,11.430615,1.188013,526,0,0
1860,20,2,0,23,1,11.480725,1.193169,534,0,0
1870,0,0,1,2,1,11.487829,1.193789,540,0,0
1880,11,1,2,15,1,11.493325,1.193518,540,0,0
1890,18,0,5,24,1,11.484546,1.192560,540,0,0
1900,6,2,0,9,1,11.529199,1.197675,546,0,0
1910,3,1,1,6,1,11.500109,1.194800,546,0,0
1920,0,0,0,1,1,11.507737,1.195415,553,0,0
1930,8,0,0,9,1,11.471936,1.191841,553,0,0
1940,13,2,1,17,1,11.453848,1.189596,553,0,0
1950,6,0,1,8,1,11.490822,1.193772,557,0,0
1960,6,0,0,7,1,11.475785,1.192163,557,0,0
1970,0,0,0,1,1,11.450213,1.189335,557,0,0
1980,6,1,2,10,1,11.445013,1.188438,557,0,0
1990,6,0,0,7,1,11.418939,1.185316,557,0,0
2000,1,0,0,2,1,11.424840,1.185518,557,0,0
2010,17,1,0,19,1,11.431959,1.185668,562,0,0
2020,6,0,1,8,1,11.452936,1.188296,562,0,0
2030,0,0,0,1,1,11.418131,1.184889,562,0,0
2040,6,0,0,7,1,11.397588,1.182238,562,0,0
2050,12,2,3,18,1,11.412203,1.183719,569,0,0
2060,12,2,0,15,1,11.438178,1.186557,572,0,0
2070,11,2,0,14,1,11.444680,1.187374,572,0,0
2080,1,0,0,2,1,11.459973,1.188984,572,0,0
2090,1,0,0,2,1,11.415214,1.184951,572,0,0
2100,3,1,0,5,1,11.387631,1.182224,572,0,0
2110,0,0,0,1,1,11.354724,1.179116,572,0,0
2120,11,0,3,15,1,11.320924,1.175509,572,0,0
2130,8,3,0,12,1,11.339514,1.177284,572,0,0
2140,11,1,0,13,1,11.360103,1.179612,582,0,0
2150,6,2,0,9,1,11.343620,1.177804,582,0,0
2160,15,1,0,17,1,11.374643,1.180872,585,0,0
2170,2,0,1,4,1,11.391395,1.182234,585,0,0
2180,11,2,3,17,1,11.382440,1.180313,585,0,0
2190,8,1,0,10,1,11.372270,1.178948,585,0,0
2200,19,0,3,23,1,11.392623,1.179638,594,0,0
2210,14,1,2,18,1,11.434047,1.184403,601,0,0
2220,0,0,0,0,0,11.418722,1.182790,601,0,0
2230,15,2,2,20,1,11.404654,1.180431,601,0,0
2240,1,1,2,5,1,11.419912,1.182535,601,0,0
2250,8,1,0,10,1,11.396626,1.180318,601,0,0
2260,12,3,1,17,1,11.385852,1.178314,601,0,0
2270,9,1,0,11,1,11.425801,1.182590,606,0,0
2280,7,0,0,8,1,11.424072,1.182230,606,0,0
2290,2,0,0,3,1,11.408681,1.180244,606,0,0
2300,0,0,0,1,1,11.369172,1.176403,606,0,0
2310,5,0,0,6,1,11.352286,1.174637,606,0,0
2320,2,0,0,3,1,11.324766,1.171771,606,0,0
2330,10,2,1,14,1,11.335345,1.172795,606,0,0
2340,14,0,1,16,1,11.357471,1.174963,606,0,0
2350,0,0,0,1,1,11.344041,1.174176,606,0,0
2360,17,0,0,18,1,11.342938,1.173116,606,0,0
2370,5,2,1,9,1,11.334732,1.172303,606,0,0
2380,0,0,1,2,1,11.306336,1.169553,606,0,0
2390,12,0,1,14,1,11.281976,1.167168,606,0,0
2400,17,2,3,23,1,11.332191,1.172245,619,0,0
2410,18,3,5,27,1,11.384078,1.178506,645,0,0
2420,1,0,0,2,1,11.398516,1.180587,656,0,0
2430,7,1,0,9,1,11.366515,1.177601,656,0,0
2440,1,0,1,3,1,11.353249,1.176502,656,0,0
2450,2,1,1,5,1,11.320710,1.173751,656,0,0
2460,3,0,0,4,1,11.283355,1.170492,656,0,0
2470,18,0,3,22,1,11.296139,1.171641,659,0,0
2480,15,1,1,18,1,11.307890,1.172733,659,0,0
2490,19,0,0,20,1,11.319054,1.173374,664,0,0
2500,7,2,0,10,1,11.318724,1.173703,669,0,0
2510,14,2,0,17,1,11.330064,1.174415,669,0,0
2520,15,1,0,17,1,11.362743,1.177874,670,0,0
2530,17,1,0,19,1,11.397048,1.181307,680,0,0
2540,20,4,3,28,1,11.436465,1.185223,692,0,0
2550,0,0,0,1,1,11.429799,1.184893,696,0,0
2560,2,0,1,4,1,11.407774,1.182536,696,0,0
2570,5,0,0,6,1,11.393592,1.181374,696,0,0
2580,2,1,0,4,1,11.361892,1.178345,696,0,0
2590,4,0,0,5,1,11.339152,1.175441,696,0,0
2600,11,0,0,12,1,11.330157,1.174250,696,0,0
2610,20,5,3,29,1,11.332528,1.174052,698,0,0
2620,16,5,1,23,1,11.375337,1.178465,714,0,0
2630,11,0,2,14,1,11.406587,1.181913,730,0,0
2640,20,5,3,29,1,11.454727,1.186460,753,0,0
2650,15,1,1,18,1,11.482725,1.189385,760,0,0
2660,10,1,0,12,1,11.493679,1.190684,760,0,0
2670,14,1,5,21,1,11.517259,1.192827,764,0,0
2680,18,0,3,22,1,11.540223,1.194769,769,0,0
2690,16,0,1,18,1,11.569089,1.198200,770,0,0
2700,0,0,0,1,1,11.569243,1.198379,770,0,0
2710,5,0,1,7,1,11.566496,1.198028,770,0,0
2720,11,1,0,13,1,11.545696,1.196217,770,0,0
2730,5,1,3,10,1,11.531474,1.194949,770,0,0
2740,4,0,0,5,1,11.511732,1.193016,770,0,0
2750,11,0,1,13,1,11.493206,1.190759,770,0,0
2760,2,0,0,3,1,11.497904,1.191269,773,0,0
2770,2,0,2,5,1,11.474512,1.188913,773,0,0
2780,13,1,0,15,1,11.456987,1.186810,773,0,0
2790,2,0,1,4,1,11.426739,1.183964,773,0,0
2800,6,0,1,8,1,11.400949,1.180528,773,0,0
2810,18,3,1,23,1,11.413627,1.181692,775,0,0
2820,1,0,2,4,1,11.420611,1.183309,775,0,0
2830,16,1,2,20,1,11.404949,1.181319,779,0,0
2840,18,1,2,22,1,11.445576,1.186113,800,0,0
2850,10,1,0,12,1,11.447550,1.186210,806,0,0
2860,3,0,1,5,1,11.417301,1.183397,806,0,0
2870,20,3,0,24,1,11.454240,1.187375,822,0,0
2880,6,0,1,8,1,11.467348,1.189310,826,0,0
2890,1,0,0,2,1,11.443780,1.187182,826,0,0
2900,0,0,0,1,1,11.413256,1.184371,826,0,0
2910,7,0,3,11,1,11.398903,1.182518,826,0,0
2920,14,2,1,18,1,11.416087,1.184696,834,0,0
2930,12,5,2,20,1,11.438748,1.186937,837,0,0
2940,19,0,1,21,1,11.468132,1.189917,843,0,0
2950,6,0,1,8,1,11.467971,1.190503,844,0,0
2960,15,0,1,17,1,11.464161,1.189620,844,0,0
2970,11,0,0,12,1,11.477873,1.191142,844,0,0
2980,9,0,0,10,1,11.490015,1.192334,844,0,0
2990,19,1,2,23,1,11.471503,1.189437,844,0,0
3000,11,0,0,12,1,11.480811,1.190544,846,0,0
3010,7,2,1,11,1,11.473557,1.189932,846,0,0
3020,10,0,1,12,1,11.462409,1.189120,846,0,0
3030,18,4,3,26,1,11.481030,1.190375,851,0,0
3040,6,2,0,9,1,11.493017,1.191758,854,0,0
3050,9,0,0,10,1,11.497314,1.191452,854,0,0
3060,16,2,1,20,1,11.518411,1.193335,860,0,0
3070,9,0,1,11,1,11.519466,1.193949,863,0,0
3080,17,0,2,20,1,11.524733,1.194233,863,0,0
3090,4,0,0,5,1,11.517349,1.193528,863,0,0
3100,3,1,0,5,1,11.492631,1.191225,863,0,0
3110,12,1,1,15,1,11.481230,1.190419,863,0,0
3120,5,0,0,6,1,11.502058,1.192636,865,0,0
3130,15,1,0,17,1,11.486320,1.191219,865,0,0
3140,20,0,2,23,1,11.504894,1.193004,873,0,0
3150,3,0,1,5,1,11.520189,1.195473,883,0,0
3160,1,0,0,2,1,11.506672,1.193811,883,0,0
3170,1,0,0,2,1,11.477861,1.190759,883,0,0
3180,3,0,1,5,1,11.492732,1.192083,889,0,0
3190,20,1,1,23,1,11.506367,1.192621,891,0,0
3200,13,0,2,16,1,11.537477,1.195903,917,0,0
3210,15,1,0,17,1,11.542916,1.196524,917,0,0
3220,4,1,0,6,1,11.555042,1.197491,917,0,0
3230,17,3,4,25,1,11.582817,1.200311,930,0,0
3240,19,2,1,23,1,11.612260,1.203535,935,0,0
3250,9,0,0,10,1,11.633066,1.206134,939,0,0
3260,13,0,1,15,1,11.644915,1.206842,945,0,0
3270,16,2,2,21,1,11.655502,1.207575,948,0,0
3280,11,1,1,14,1,11.679944,1.210395,953,0,0
3290,15,1,0,17,1,11.689290,1.211421,953,0,0
3300,5,0,3,9,1,11.697664,1.212460,953,0,0
3310,10,0,0,11,1,11.689438,1.211739,953,0,0
3320,8,0,1,10,1,11.675593,1.210548,953,0,0
3330,0,0,0,1,1,11.654173,1.208834,953,0,0
3340,4,1,0,6,1,11.637469,1.206629,953,0,0
3350,18,1,1,21,1,11.637461,1.206272,953,0,0
3360,10,3,2,16,1,11.659595,1.208695,956,0,0
3370,14,0,0,15,1,11.666091,1.209535,958,0,0
3380,9,0,1,11,1,11.675304,1.209913,958,0,0
3390,11,1,0,13,1,11.675297,1.210079,958,0,0
3400,7,1,2,11,1,11.663902,1.208916,958,0,0
3410,19,0,1,21,1,11.665934,1.208777,958,0,0
3420,19,1,1,22,1,11.692753,1.211721,969,0,0
3430,9,0,3,13,1,11.711299,1.213808,971,0,0
3440,16,3,0,20,1,11.720947,1.215118,977,0,0
3450,16,1,1,19,1,11.740662,1.216631,982,0,0
3460,20,1,2,24,1,11.770460,1.219956,998,0,0
3470,11,3,0,15,1,11.796532,1.222785,1015,0,0
3480,6,0,2,9,1,11.817324,1.225104,1028,0,0
3490,16,1,1,19,1,11.826237,1.225462,1032,0,0
3500,18,0,2,21,1,11.842218,1.227246,1040,0,0
3510,8,1,0,10,1,11.859382,1.229405,1043,0,0
3520,9,0,0,10,1,11.866671,1.229924,1043,0,0
3530,17,2,0,20,1,11.878102,1.230909,1055,0,0
3540,16,2,0,19,1,11.888731,1.231957,1055,0,0
3550,10,0,1,12,1,11.896290,1.233190,1055,0,0
3560,13,0,0,14,1,11.886953,1.232239,1055,0,0
3570,0,0,0,1,1,11.872872,1.230832,1055,0,0
3580,17,1,0,19,1,11.877050,1.231067,1055,0,0
3590,18,7,1,27,1,11.917300,1.235685,1082,0,0
3600,5,2,0,8,1,11.911858,1.234994,1082,0,0
3610,17,3,1,22,1,11.912981,1.235055,1082,0,0
3620,20,1,4,26,1,11.940443,1.237564,1099,0,0
3630,19,1,3,24,1,11.972035,1.240997,1115,0,0
3640,14,0,1,16,1,11.987581,1.242803,1117,0,0
3650,6,0,0,7,1,11.995367,1.243838,1119,0,0
3660,0,0,0,0,0,11.977034,1.242234,1119,0,0
3670,11,0,2,14,1,11.972972,1.241757,1123,0,0
3680,13,3,0,17,1,11.988422,1.243444,1124,0,0
3690,14,2,0,17,1,12.001992,1.244901,1124,0,0
3700,20,8,1,30,1,12.030703,1.248068,1145,0,0
3710,20,0,1,22,1,12.059839,1.251630,1166,0,0
3720,0,0,0,1,1,12.064153,1.252334,1171,0,0
3730,14,1,2,18,1,12.069308,1.252393,1171,0,0
3740,16,1,0,18,1,12.093309,1.255105,1181,0,0
3750,5,0,0,6,1,12.101639,1.255947,1185,0,0
3760,7,0,0,8,1,12.078268,1.253638,1185,0,0
3770,19,0,3,23,1,12.081199,1.254023,1191,0,0
3780,18,4,0,23,1,12.114141,1.257489,1218,0,0
3790,8,1,5,15,1,12.135747,1.259674,1222,0,0
3800,18,3,0,22,1,12.127124,1.258859,1222,0,0
3810,17,0,1,19,1,12.142307,1.260413,1225,0,0
3820,2,0,0,3,1,12.136273,1.260209,1228,0,0
3830,1,0,0,2,1,12.117013,1.258390,1228,0,0
3840,4,0,0,5,1,12.094880,1.256067,1228,0,0
3850,2,0,0,3,1,12.078800,1.254373,1228,0,0
3860,10,0,1,12,1,12.064598,1.253515,1228,0,0
3870,4,1,0,6,1,12.061773,1.253701,1228,0,0
3880,5,0,0,6,1,12.050198,1.252371,1228,0,0
3890,1,0,0,2,1,12.029972,1.250577,1228,0,0
3900,3,0,0,4,1,12.005493,1.248105,1228,0,0
3910,14,0,2,17,1,11.991279,1.246336,1228,0,0
3920,13,0,0,14,1,12.019645,1.249523,1245,0,0
3930,3,0,0,4,1,12.018020,1.249294,1245,0,0
3940,8,0,1,10,1,11.997347,1.246954,1245,0,0
3950,6,0,0,7,1,11.989266,1.246384,1245,0,0
3960,5,0,1,7,1,11.970022,1.244455,1245,0,0
3970,2,0,1,4,1,11.960788,1.243306,1245,0,0
3980,4,0,0,5,1,11.958089,1.243194,1245,0,0
3990,0,0,0,0,0,11.941246,1.241611,1245,0,0
4000,8,0,0,9,1,11.927750,1.240374,1245,0,0
4010,18,2,0,21,1,11.944379,1.241980,1253,0,0
4020,1,0,3,5,1,11.944653,1.241886,1257,0,0
4030,3,2,1,7,1,11.926193,1.240100,1257,0,0
4040,17,0,0,18,1,11.941584,1.241674,1259,0,0
4050,4,0,0,5,1,11.946520,1.242576,1259,0,0
4060,11,0,0,12,1,11.937686,1.241661,1259,0,0
4070,7,0,1,9,1,11.933835,1.241360,1259,0,0
4080,12,1,1,15,1,11.949741,1.242861,1268,0,0
4090,18,4,1,24,1,11.960032,1.243335,1269,0,0
4100,10,2,2,15,1,11.981789,1.245540,1271,0,0
4110,19,1,2,23,1,11.988755,1.245388,1276,0,0
4120,3,0,0,4,1,11.994575,1.246567,1283,0,0
4130,4,0,0,5,1,11.994070,1.246239,1283,0,0
4140,1,0,0,2,1,11.977652,1.244916,1283,0,0
4150,12,2,0,15,1,11.966372,1.243625,1284,0,0
4160,2,0,0,3,1,11.974715,1.244126,1284,0,0
4170,12,1,0,14,1,11.966426,1.243211,1284,0,0
4180,7,0,0,8,1,11.964356,1.243158,1284,0,0
4190,3,0,0,4,1,11.966612,1.243462,1286,0,0
4200,4,2,0,7,1,11.948389,1.241698,1286,0,0
4210,16,2,1,20,1,11.961440,1.242939,1288,0,0
4220,18,5,4,28,1,11.985255,1.245298,1305,0,0
4230,13,1,6,21,1,11.999853,1.247129,1308,0,0
4240,0,0,0,0,0,12.002404,1.247859,1316,0,0
4250,0,0,0,1,1,11.994783,1.247103,1316,0,0
4260,5,1,1,8,1,11.984003,1.245805,1316,0,0
4270,3,3,0,7,1,11.977586,1.245265,1316,0,0
4280,0,0,0,1,1,11.962237,1.243675,1316,0,0
4290,15,2,4,22,1,11.967443,1.244041,1323,0,0
4300,6,2,1,10,1,11.981323,1.245550,1336,0,0
4310,6,1,0,8,1,11.968635,1.244477,1336,0,0
4320,18,5,0,24,1,11.987390,1.245863,1341,0,0
4330,19,3,1,24,1,12.006441,1.247789,1352,0,0
4340,16,2,2,21,1,12.034534,1.250536,1363,0,0
4350,17,0,1,19,1,12.046721,1.252258,1364,0,0
4360,3,0,0,4,1,12.042542,1.252337,1364,0,0
4370,0,0,0,0,0,12.018998,1.250370,1364,0,0
4380,0,0,0,0,0,12.005466,1.249262,1364,0,0
4390,14,2,1,18,1,12.006778,1.249194,1366,0,0
4400,12,1,2,16,1,12.023286,1.250649,1380,0,0
4410,12,4,0,17,1,12.039332,1.251850,1392,0,0
4420,18,3,0,22,1,12.038704,1.251319,1397,0,0
4430,20,3,4,28,1,12.050194,1.252401,1398,0,0
4440,16,2,0,19,1,12.070110,1.254478,1419,0,0
4450,2,0,0,3,1,12.067032,1.254692,1419,0,0
4460,5,2,1,9,1,12.046558,1.252831,1419,0,0
4470,5,0,0,6,1,12.026687,1.250827,1419,0,0
4480,4,2,0,7,1,12.020764,1.249838,1419,0,0
4490,11,0,0,12,1,12.005400,1.248246,1419,0,0
4500,6,0,0,7,1,11.986530,1.246606,1419,0,0
4510,17,0,4,22,1,11.985274,1.246221,1419,0,0
4520,19,6,0,26,1,11.996247,1.247223,1425,0,0
4530,4,0,4,9,1,11.993676,1.247019,1425,0,0
4540,0,0,0,1,1,11.972062,1.245119,1425,0,0
4550,19,3,3,26,1,11.970228,1.244477,1427,0,0
4560,4,3,0,8,1,11.978417,1.245334,1452,0,0
4570,4,0,0,5,1,11.966419,1.244063,1452,0,0
4580,19,0,1,21,1,11.960068,1.243154,1456,0,0
4590,3,1,0,5,1,11.966372,1.243562,1456,0,0
4600,13,0,0,14,1,11.948693,1.241675,1456,0,0
4610,2,0,0,3,1,11.937071,1.240530,1456,0,0
4620,5,0,0,6,1,11.928300,1.239792,1458,0,0
4630,9,1,1,12,1,11.919066,1.238532,1458,0,0
4640,15,1,7,24,1,11.938621,1.240321,1466,0,0
4650,14,4,0,19,1,11.942310,1.240572,1466,0,0
4660,18,3,0,22,1,11.939588,1.240297,1468,0,0
4670,15,1,1,18,1,11.961192,1.242659,1480,0,0
4680,19,1,1,22,1,11.973269,1.243783,1482,0,0
4690,12,3,0,16,1,11.987282,1.245080,1487,0,0
4700,9,0,3,13,1,11.997357,1.246382,1495,0,0
4710,15,0,1,17,1,12.004735,1.247211,1503,0,0
4720,8,2,0,11,1,11.997439,1.246542,1504,0,0
4730,9,0,3,13,1,11.993515,1.246360,1504,0,0
4740,17,2,0,20,1,11.985841,1.245432,1504,0,0
4750,13,0,0,14,1,11.988978,1.245574,1504,0,0
4760,2,1,0,4,1,11.971475,1.244143,1504,0,0
4770,7,0,0,8,1,11.958356,1.242677,1504,0,0
4780,8,0,1,10,1,11.952044,1.242027,1504,0,0
4790,15,3,2,21,1,11.959157,1.242422,1508,0,0
4800,9,1,0,11,1,11.972797,1.243765,1508,0,0
4810,1,0,0,2,1,11.973907,1.243915,1509,0,0
4820,14,0,2,17,1,11.957484,1.241975,1509,0,0
4830,18,0,1,20,1,11.975761,1.243720,1517,0,0
4840,5,1,0,7,1,11.970759,1.243262,1517,0,0
4850,8,0,0,9,1,11.950325,1.241227,1517,0,0
4860,11,0,0,12,1,11.942856,1.240193,1517,0,0
4870,2,0,0,3,1,11.930480,1.238942,1517,0,0
4880,14,0,7,22,1,11.930477,1.238423,1525,0,0
4890,14,1,0,16,1,11.940340,1.239035,1532,0,0
4900,2,0,0,3,1,11.940984,1.239321,1534,0,0
4910,4,0,5,10,1,11.930433,1.237921,1534,0,0
4920,6,2,0,9,1,11.915044,1.236256,1534,0,0
4930,5,0,1,7,1,11.907813,1.235619,1534,0,0
4940,8,0,1,10,1,11.913078,1.235864,1534,0,0
4950,9,0,1,11,1,11.911925,1.235625,1534,0,0
4960,13,2,1,17,1,11.925511,1.237019,1540,0,0
4970,10,1,0,12,1,11.928449,1.237231,1540,0,0
4980,0,0,0,1,1,11.917434,1.236022,1540,0,0
4990,4,0,1,6,1,11.900344,1.234440,1540,0,0
5000,15,2,6,24,1,11.891588,1.233439,1540,0,0
5010,16,2,0,19,1,11.914768,1.236059,1561,0,0
5020,0,0,1,2,1,11.910880,1.235844,1562,0,0
5030,4,1,0,6,1,11.896070,1.234292,1562,0,0
5040,13,1,0,15,1,11.884297,1.233004,1562,0,0
5050,10,2,0,13,1,11.887858,1.233282,1562,0,0
5060,16,2,1,20,1,11.897059,1.234094,1567,0,0
5070,3,1,0,5,1,11.909989,1.235876,1585,0,0
5080,5,0,1,7,1,11.899111,1.234731,1585,0,0
5090,9,1,1,12,1,11.886787,1.233461,1585,0,0
5100,7,3,1,12,1,11.886430,1.233333,1585,0,0
5110,14,1,2,18,1,11.882071,1.232715,1585,0,0
5120,12,1,2,16,1,11.889511,1.233322,1585,0,0
5130,4,0,0,5,1,11.882736,1.232878,1585,0,0
5140,12,6,3,22,1,11.902403,1.235003,1602,0,0
5150,17,2,1,21,1,11.918679,1.236826,1604,0,0
5160,17,1,5,24,1,11.945727,1.239617,1619,0,0
5170,15,1,2,19,1,11.960569,1.241366,1637,0,0
5180,19,3,1,24,1,11.969636,1.242216,1641,0,0
5190,16,2,2,21,1,11.984122,1.243827,1651,0,0
5200,13,1,5,20,1,12.005043,1.246331,1665,0,0
5210,18,3,3,25,1,12.031197,1.249079,1685,0,0
5220,20,1,2,24,1,12.047999,1.250881,1704,0,0
5230,1,1,0,3,1,12.054089,1.251472,1709,0,0
5240,7,1,1,10,1,12.043388,1.250270,1709,0,0
5250,5,1,1,8,1,12.050908,1.250885,1709,0,0
5260,4,0,0,5,1,12.044699,1.250274,1709,0,0
5270,10,4,0,15,1,12.036045,1.249384,1709,0,0
5280,2,0,0,3,1,12.041275,1.250107,1709,0,0
5290,0,0,0,0,0,12.029240,1.248816,1709,0,0
5300,2,0,0,3,1,12.019475,1.247810,1709,0,0
5310,16,0,5,22,1,12.022894,1.248003,1709,0,0
5320,9,0,0,10,1,12.036950,1.249714,1716,0,0
5330,3,0,2,6,1,12.026031,1.248539,1716,0,0
5340,18,1,0,20,1,12.013279,1.247320,1716,0,0
5350,13,2,0,16,1,12.027734,1.248877,1722,0,0
5360,6,4,0,11,1,12.018777,1.247930,1722,0,0
5370,13,4,2,20,1,12.019643,1.247666,1722,0,0
5380,14,1,2,18,1,12.032397,1.249118,1737,0,0
5390,13,1,1,16,1,12.032930,1.249278,1737,0,0
5400,18,0,0,19,1,12.040440,1.249392,1738,0,0
5410,4,0,0,5,1,12.042900,1.249632,1738,0,0
5420,3,0,0,4,1,12.031876,1.248665,1738,0,0
5430,16,0,0,17,1,12.021989,1.247433,1738,0,0
5440,11,0,3,15,1,12.036943,1.249041,1760,0,0
5450,7,0,0,8,1,12.022865,1.247613,1760,0,0
5460,7,0,0,8,1,12.010176,1.246447,1760,0,0
5470,9,0,4,14,1,12.011269,1.246238,1760,0,0
5480,10,3,0,14,1,12.002751,1.245339,1760,0,0
5490,1,0,0,2,1,11.991242,1.244460,1760,0,0
5500,0,0,0,0,0,11.974365,1.242951,1760,0,0
5510,0,0,0,1,1,11.957743,1.241397,1760,0,0
5520,6,0,0,7,1,11.939878,1.239760,1760,0,0
5530,5,1,0,7,1,11.943399,1.240273,1769,0,0
5540,0,0,0,0,0,11.932273,1.238985,1769,0,0
5550,2,1,0,4,1,11.917119,1.237488,1769,0,0
5560,20,1,2,24,1,11.907143,1.236228,1769,0,0
5570,3,0,0,4,1,11.908438,1.236508,1773,0,0
5580,7,1,1,10,1,11.899862,1.235717,1773,0,0
5590,3,0,0,4,1,11.901283,1.235963,1773,0,0
5600,0,0,0,0,0,11.891460,1.235270,1773,0,0
5610,7,2,0,10,1,11.882660,1.234088,1773,0,0
5620,16,0,0,17,1,11.873002,1.233114,1773,0,0
5630,9,0,2,12,1,11.882389,1.234187,1773,0,0
5640,12,1,2,16,1,11.873723,1.233247,1773,0,0
5650,20,1,1,23,1,11.891174,1.235134,1784,0,0
5660,2,0,0,3,1,11.894227,1.235616,1791,0,0
5670,2,0,1,4,1,11.880172,1.234185,1791,0,0
5680,12,0,3,16,1,11.878247,1.233968,1791,0,0
5690,8,1,0,10,1,11.879281,1.234014,1798,0,0
5700,19,4,3,27,1,11.872582,1.233122,1798,0,0
5710,6,0,1,8,1,11.882714,1.234270,1802,0,0
5720,14,4,1,20,1,11.876968,1.233388,1802,0,0
5730,4,1,0,6,1,11.873542,1.233285,1802,0,0
5740,2,0,0,3,1,11.864367,1.232405,1802,0,0
5750,9,0,0,10,1,11.866491,1.232498,1808,0,0
5760,16,0,3,20,1,11.869167,1.232649,1808,0,0
5770,4,0,0,5,1,11.876675,1.233546,1811,0,0
5780,11,1,1,14,1,11.869980,1.232635,1811,0,0
5790,11,0,0,12,1,11.880735,1.233759,1822,0,0
5800,6,0,0,7,1,11.881125,1.233938,1822,0,0
5810,15,3,1,20,1,11.873459,1.232774,1823,0,0
5820,14,0,3,18,1,11.889932,1.234579,1825,0,0
5830,3,0,0,4,1,11.880188,1.233838,1825,0,0
5840,12,2,1,16,1,11.876478,1.233415,1825,0,0
5850,0,0,0,1,1,11.867928,1.232709,1825,0,0
5860,19,1,2,23,1,11.873311,1.233077,1837,0,0
5870,20,2,2,25,1,11.893237,1.235065,1852,0,0
5880,2,0,0,3,1,11.895308,1.235461,1854,0,0
5890,11,1,0,13,1,11.882933,1.234095,1854,0,0
5900,19,3,2,25,1,11.892066,1.234724,1857,0,0
5910,2,0,0,3,1,11.901140,1.235955,1879,0,0
5920,10,1,0,12,1,11.903709,1.236250,1879,0,0
5930,12,0,1,14,1,11.914900,1.237397,1888,0,0
5940,20,2,4,27,1,11.918396,1.237550,1893,0,0
5950,4,1,1,7,1,11.918717,1.237806,1901,0,0
5960,4,0,1,6,1,11.907730,1.236930,1901,0,0
5970,3,2,0,6,1,11.894997,1.235742,1901,0,0
5980,3,0,0,4,1,11.880889,1.234110,1901,0,0
5990,3,2,0,6,1,11.870890,1.232928,1901,0,0
6000,20,1,0,22,1,11.867865,1.232449,1906,0,0
6010,17,3,3,24,1,11.886091,1.234390,1922,0,0
6020,17,4,5,27,1,11.908196,1.236948,1946,0,0
6030,15,2,0,18,1,11.926141,1.239032,1960,0,0
6040,8,0,0,9,1,11.928776,1.239225,1964,0,0
6050,18,3,1,23,1,11.944432,1.240900,1978,0,0
6060,17,3,3,24,1,11.957195,1.242189,1987,0,0
6070,10,0,0,11,1,11.968211,1.243466,2011,0,0
6080,16,3,3,23,1,11.965145,1.242707,2011,0,0
6090,14,0,1,16,1,11.982086,1.244621,2029,0,0
6100,13,1,0,15,1,11.982508,1.244607,2029,0,0
6110,7,0,2,10,1,11.985585,1.244785,2029,0,0
6120,5,0,0,6,1,11.981744,1.244265,2029,0,0
6130,2,0,0,3,1,11.973737,1.243482,2029,0,0
6140,3,2,0,6,1,11.959397,1.241894,2029,0,0
6150,19,5,3,28,1,11.972193,1.242893,2039,0,0
6160,16,1,1,19,1,11.990787,1.245040,2057,0,0
6170,3,0,0,4,1,11.987095,1.244915,2057,0,0
6180,7,0,0,8,1,11.989594,1.245138,2064,0,0
6190,12,2,1,16,1,11.987365,1.244662,2064,0,0
6200,1,0,1,3,1,11.987108,1.244621,2066,0,0
6210,0,0,0,0,0,11.971131,1.243218,2066,0,0
6220,11,0,3,15,1,11.967471,1.242616,2066,0,0
6230,4,0,1,6,1,11.956862,1.241562,2066,0,0
6240,6,0,0,7,1,11.946512,1.240432,2066,0,0
6250,11,0,2,14,1,11.947485,1.240354,2066,0,0
6260,8,0,1,10,1,11.953853,1.241145,2070,0,0
6270,11,1,0,13,1,11.960934,1.241825,2074,0,0
6280,8,1,0,10,1,11.963533,1.242430,2075,0,0
6290,14,1,0,16,1,11.970487,1.243117,2075,0,0
6300,4,0,1,6,1,11.982449,1.244591,2079,0,0
6310,11,0,1,13,1,11.983546,1.244608,2079,0,0
6320,10,3,0,14,1,11.975942,1.243804,2079,0,0
6330,2,0,2,5,1,11.974150,1.243358,2079,0,0
6340,0,0,0,1,1,11.970902,1.243190,2079,0,0
6350,3,1,0,5,1,11.955638,1.241997,2079,0,0
6360,8,1,1,11,1,11.951018,1.241117,2079,0,0
6370,0,0,0,0,0,11.940576,1.240281,2079,0,0
6380,9,0,1,11,1,11.938894,1.240112,2079,0,0
6390,10,0,0,11,1,11.931102,1.239550,2079,0,0
6400,11,0,1,13,1,11.936135,1.240058,2079,0,0
6410,0,0,0,1,1,11.923798,1.239082,2079,0,0
6420,12,1,1,15,1,11.918197,1.238405,2079,0,0
6430,11,0,2,14,1,11.923900,1.239022,2083,0,0
6440,14,0,1,16,1,11.929222,1.239360,2086,0,0
6450,20,4,4,29,1,11.942080,1.240681,2094,0,0
6460,11,1,2,15,1,11.953970,1.241961,2103,0,0
6470,18,1,2,22,1,11.965458,1.242940,2110,0,0
6480,8,0,2,11,1,11.972114,1.243916,2114,0,0
6490,12,4,0,17,1,11.980756,1.244699,2123,0,0
6500,2,0,0,3,1,11.984244,1.245126,2130,0,0
6510,0,0,0,0,0,11.976342,1.244429,2130,0,0
6520,14,1,1,17,1,11.966652,1.243288,2130,0,0
6530,3,0,0,4,1,11.959615,1.242483,2130,0,0
6540,2,0,0,3,1,11.950110,1.241619,2130,0,0
6550,9,2,0,12,1,11.943732,1.240883,2130,0,0
6560,7,2,1,11,1,11.934109,1.239927,2130,0,0
6570,10,0,1,12,1,11.927181,1.238859,2130,0,0
6580,10,2,1,14,1,11.929293,1.238889,2130,0,0
6590,11,2,1,15,1,11.930370,1.238752,2130,0,0
6600,12,1,0,14,1,11.939780,1.239755,2136,0,0
6610,11,2,1,15,1,11.937914,1.239665,2140,0,0
6620,11,1,1,14,1,11.943720,1.240351,2140,0,0
6630,3,1,1,6,1,11.931662,1.239143,2140,0,0
6640,14,1,6,22,1,11.939080,1.239745,2155,0,0
6650,15,0,0,16,1,11.945849,1.240396,2156,0,0
6660,11,1,1,14,1,11.943965,1.240341,2156,0,0
6670,10,0,2,13,1,11.935095,1.239426,2156,0,0
6680,12,2,3,18,1,11.939631,1.239729,2157,0,0
6690,12,2,3,18,1,11.949021,1.240691,2163,0,0
6700,3,0,1,5,1,11.939098,1.240032,2163,0,0
6710,9,0,0,10,1,11.932761,1.239187,2163,0,0
6720,1,0,0,2,1,11.925662,1.238609,2163,0,0
6730,6,0,0,7,1,11.915056,1.237512,2163,0,0
6740,17,2,2,22,1,11.913219,1.237155,2168,0,0
6750,20,2,2,25,1,11.922183,1.238206,2176,0,0
6760,16,2,2,21,1,11.940052,1.240144,2191,0,0
6770,14,1,0,16,1,11.950614,1.241265,2195,0,0
6780,0,0,0,1,1,11.940510,1.240259,2195,0,0
6790,4,0,0,5,1,11.930318,1.239130,2195,0,0
6800,10,1,1,13,1,11.923645,1.238442,2195,0,0
6810,9,0,2,12,1,11.918415,1.237810,2195,0,0
6820,8,0,0,9,1,11.922934,1.238303,2195,0,0
6830,0,0,0,1,1,11.915586,1.237602,2195,0,0
6840,19,4,1,25,1,11.918290,1.237662,2196,0,0
6850,13,1,2,17,1,11.927217,1.238802,2206,0,0
6860,17,1,0,19,1,11.937866,1.239763,2215,0,0
6870,0,1,0,2,1,11.937597,1.239684,2215,0,0
6880,5,2,0,8,1,11.923599,1.238460,2215,0,0
6890,3,1,0,5,1,11.914109,1.237909,2215,0,0
6900,11,0,2,14,1,11.910124,1.237015,2215,0,0
6910,3,0,0,4,1,11.908997,1.236736,2215,0,0
6920,0,0,0,1,1,11.897978,1.235653,2215,0,0
6930,4,2,0,7,1,11.884002,1.234614,2215,0,0
6940,3,0,0,4,1,11.877811,1.234123,2215,0,0
6950,4,0,0,5,1,11.868354,1.233053,2215,0,0
6960,9,1,0,11,1,11.862916,1.232621,2215,0,0
6970,12,0,2,15,1,11.864783,1.232764,2215,0,0
6980,13,2,0,16,1,11.867042,1.232949,2215,0,0
6990,14,1,2,18,1,11.873794,1.233581,2218,0,0
7000,7,0,1,9,1,11.865910,1.232858,2218,0,0
7010,12,1,0,14,1,11.870760,1.233275,2219,0,0
7020,8,1,0,10,1,11.877621,1.233847,2219,0,0
7030,20,4,5,30,1,11.887740,1.234848,2235,0,0
7040,4,1,2,8,1,11.900895,1.236639,2260,0,0
7050,18,1,2,22,1,11.914392,1.238064,2280,0,0
7060,9,1,0,11,1,11.921977,1.239075,2284,0,0
7070,17,0,0,18,1,11.922045,1.239032,2288,0,0
7080,4,0,0,5,1,11.922210,1.239126,2289,0,0
7090,8,1,1,11,1,11.911898,1.238258,2289,0,0
7100,20,2,1,24,1,11.925464,1.239853,2319,0,0
7110,12,0,1,14,1,11.940465,1.241616,2331,0,0
7120,7,2,0,10,1,11.936417,1.241198,2331,0,0
7130,0,0,0,0,0,11.929372,1.240396,2331,0,0
7140,6,0,0,7,1,11.916821,1.239220,2331,0,0
7150,2,1,0,4,1,11.909292,1.238206,2331,0,0
7160,14,2,1,18,1,11.906519,1.237813,2331,0,0
7170,2,0,0,3,1,11.900890,1.237537,2331,0,0
7180,4,1,0,6,1,11.893727,1.236830,2331,0,0
7190,10,0,0,11,1,11.886604,1.235968,2331,0,0
7200,6,0,0,7,1,11.884472,1.235713,2331,0,0
7210,2,0,0,3,1,11.892181,1.236447,2333,0,0
7220,1,0,0,2,1,11.880133,1.235215,2333,0,0
7230,1,0,0,2,1,11.867036,1.233910,2333,0,0
7240,10,2,0,13,1,11.856280,1.232617,2333,0,0
7250,10,1,3,15,1,11.863271,1.233029,2335,0,0
7260,11,1,0,13,1,11.862726,1.232976,2335,0,0
7270,15,0,2,18,1,11.864938,1.233069,2335,0,0
7280,0,0,0,1,1,11.864034,1.233155,2336,0,0
7290,18,2,4,25,1,11.860069,1.232553,2336,0,0
7300,14,0,6,21,1,11.877995,1.234508,2357,0,0
7310,9,3,1,14,1,11.885685,1.235364,2365,0,0
7320,15,1,0,17,1,11.896779,1.236450,2373,0,0
7330,6,2,1,10,1,11.900968,1.237117,2378,0,0
7340,13,3,1,18,1,11.906737,1.237615,2381,0,0
7350,17,3,1,22,1,11.917356,1.238635,2391,0,0
7360,19,3,2,25,1,11.930793,1.240158,2409,0,0
7370,14,1,0,16,1,11.942905,1.241596,2430,0,0
7380,20,0,2,23,1,11.947036,1.241854,2430,0,0
7390,20,1,0,22,1,11.962481,1.243725,2459,0,0
7400,19,1,0,21,1,11.973983,1.244784,2472,0,0
7410,19,3,4,27,1,11.976481,1.245135,2474,0,0
7420,12,2,3,18,1,11.981620,1.245794,2483,0,0
7430,14,0,1,16,1,11.975198,1.245077,2483,0,0
7440,11,1,4,17,1,11.977346,1.245252,2483,0,0
7450,10,2,0,13,1,11.976651,1.245183,2483,0,0
7460,0,0,0,0,0,11.967909,1.244711,2483,0,0
7470,13,1,0,15,1,11.968851,1.244811,2483,0,0
7480,9,0,0,10,1,11.970377,1.244799,2483,0,0
7490,11,0,1,13,1,11.963978,1.244189,2483,0,0
7500,0,0,0,1,1,11.964513,1.244316,2483,0,0
7510,8,0,0,9,1,11.955801,1.243172,2483,0,0
7520,3,1,0,5,1,11.948280,1.242289,2483,0,0
7530,1,0,0,2,1,11.936421,1.241077,2483,0,0
7540,5,0,0,6,1,11.929509,1.240224,2483,0,0
7550,10,1,1,13,1,11.923313,1.239498,2483,0,0
7560,16,1,0,18,1,11.918449,1.238961,2483,0,0
7570,5,0,1,7,1,11.910923,1.238301,2483,0,0
7580,9,3,1,14,1,11.918955,1.239157,2486,0,0
7590,2,0,0,3,1,11.923183,1.239752,2488,0,0
7600,10,0,1,12,1,11.920429,1.239249,2488,0,0
7610,7,1,1,10,1,11.927908,1.240097,2502,0,0
7620,13,4,0,18,1,11.925637,1.239729,2502,0,0
7630,5,3,0,9,1,11.923227,1.239515,2502,0,0
7640,19,0,3,23,1,11.924862,1.239587,2502,0,0
7650,20,2,1,24,1,11.936595,1.240962,2510,0,0
7660,10,3,0,14,1,11.949778,1.242572,2528,0,0
7670,1,0,0,2,1,11.952620,1.243039,2537,0,0
7680,5,1,0,7,1,11.940152,1.241678,2537,0,0
7690,1,0,0,2,1,11.933152,1.241070,2537,0,0
7700,16,1,0,18,1,11.925702,1.240180,2537,0,0
7710,7,0,1,9,1,11.921058,1.239733,2537,0,0
7720,18,1,2,22,1,11.924797,1.239941,2537,0,0
7730,0,0,0,1,1,11.932545,1.241134,2547,0,0
7740,19,0,2,22,1,11.931920,1.240754,2547,0,0
7750,9,1,0,11,1,11.943282,1.242072,2548,0,0
7760,4,0,0,5,1,11.933980,1.241290,2548,0,0
7770,17,0,2,20,1,11.930382,1.240686,2548,0,0
7780,2,0,0,3,1,11.923148,1.239886,2548,0,0
7790,3,0,1,5,1,11.916075,1.239120,2548,0,0
7800,9,0,0,10,1,11.916172,1.239018,2548,0,0
7810,11,2,1,15,1,11.914637,1.238811,2548,0,0
7820,5,0,0,6,1,11.915936,1.239065,2548,0,0
7830,12,0,1,14,1,11.912977,1.238645,2548,0,0
7840,13,4,0,18,1,11.924117,1.239707,2549,0,0
7850,4,0,0,5,1,11.927201,1.240031,2550,0,0
7860,18,0,2,21,1,11.924916,1.239829,2559,0,0
7870,20,3,0,24,1,11.927472,1.239836,2566,0,0
7880,2,0,1,4,1,11.937482,1.240880,2580,0,0
7890,14,0,3,18,1,11.941898,1.241031,2582,0,0
7900,15,1,2,19,1,11.951351,1.242132,2592,0,0
7910,5,3,0,9,1,11.955419,1.242542,2594,0,0
7920,9,1,0,11,1,11.953455,1.242211,2594,0,0
7930,17,0,2,20,1,11.960494,1.242783,2600,0,0
7940,4,3,0,8,1,11.956934,1.242336,2601,0,0
7950,14,3,4,22,1,11.957864,1.242453,2601,0,0
7960,9,1,0,11,1,11.963669,1.243254,2606,0,0
7970,3,0,0,4,1,11.952265,1.242154,2606,0,0
7980,4,0,0,5,1,11.939407,1.240886,2606,0,0
7990,5,0,0,6,1,11.938351,1.240844,2606,0,0
8000,0,0,0,1,1,11.935245,1.240493,2606,0,0
8010,17,2,1,21,1,11.930395,1.239912,2612,0,0
8020,9,1,0,11,1,11.930788,1.239795,2614,0,0
8030,0,0,0,1,1,11.923288,1.238923,2614,0,0
8040,0,0,0,0,0,11.913973,1.237943,2614,0,0
8050,7,0,0,8,1,11.909935,1.237464,2614,0,0
8060,1,0,0,2,1,11.904382,1.237018,2614,0,0
8070,0,0,0,0,0,11.895353,1.236004,2614,0,0
8080,0,0,0,0,0,11.884729,1.234952,2614,0,0
8090,0,0,1,2,1,11.873488,1.233962,2614,0,0
8100,3,1,0,5,1,11.864033,1.232777,2614,0,0
8110,2,0,2,5,1,11.858984,1.232240,2614,0,0
8120,5,0,0,6,1,11.852060,1.231493,2614,0,0
8130,14,1,2,18,1,11.856595,1.231921,2614,0,0
8140,13,1,1,16,1,11.857675,1.231943,2614,0,0
8150,2,1,0,4,1,11.852347,1.231487,2614,0,0
8160,0,0,0,0,0,11.847433,1.231075,2614,0,0
8170,5,1,0,7,1,11.846802,1.230856,2614,0,0
8180,13,0,0,14,1,11.847766,1.230913,2616,0,0
8190,20,0,0,21,1,11.855566,1.231821,2634,0,0
8200,13,0,1,15,1,11.864031,1.232861,2648,0,0
8210,7,1,0,9,1,11.865490,1.233157,2652,0,0
8220,7,0,1,9,1,11.854819,1.232394,2652,0,0
8230,2,0,1,4,1,11.846070,1.231410,2652,0,0
8240,13,0,3,17,1,11.842374,1.231044,2652,0,0
8250,4,1,0,6,1,11.846469,1.231612,2668,0,0
8260,11,4,0,16,1,11.841465,1.230909,2668,0,0
8270,2,0,0,3,1,11.842638,1.231034,2668,0,0
8280,2,0,0,3,1,11.831127,1.229763,2668,0,0
8290,0,0,0,1,1,11.822722,1.229047,2668,0,0
8300,15,0,1,17,1,11.822968,1.228814,2672,0,0
8310,0,0,0,1,1,11.826185,1.229290,2677,0,0
8320,8,2,1,12,1,11.821074,1.228655,2677,0,0
8330,0,0,0,0,0,11.820941,1.228583,2677,0,0
8340,4,0,0,5,1,11.809987,1.227447,2677,0,0
8350,14,1,2,18,1,11.802981,1.226662,2677,0,0
8360,8,0,0,9,1,11.808291,1.227232,2680,0,0
8370,13,1,1,16,1,11.810237,1.227300,2680,0,0
8380,13,0,0,14,1,11.809527,1.227215,2680,0,0
8390,13,1,2,17,1,11.821046,1.228476,2694,0,0
8400,0,0,0,0,0,11.819938,1.228365,2694,0,0
8410,1,0,0,2,1,11.809389,1.227408,2694,0,0
8420,5,1,2,9,1,11.799952,1.226597,2694,0,0
8430,18,2,0,21,1,11.800619,1.226564,2697,0,0
8440,2,0,0,3,1,11.806435,1.227247,2698,0,0
8450,17,1,1,20,1,11.811178,1.227577,2703,0,0
8460,13,0,0,14,1,11.812906,1.227639,2703,0,0
8470,6,3,0,10,1,11.808091,1.227097,2703,0,0
8480,5,1,0,7,1,11.805335,1.226889,2703,0,0
8490,7,0,1,9,1,11.803500,1.226597,2703,0,0
8500,4,0,0,5,1,11.791576,1.225841,2703,0,0
8510,0,0,0,0,0,11.781712,1.224773,2703,0,0
8520,20,1,3,25,1,11.782075,1.224634,2706,0,0
8530,3,1,0,5,1,11.783147,1.224779,2713,0,0
8540,11,1,1,14,1,11.781828,1.224451,2713,0,0
8550,12,4,2,19,1,11.781675,1.224275,2714,0,0
8560,10,2,2,15,1,11.790113,1.225051,2725,0,0
8570,13,4,3,21,1,11.789553,1.224803,2725,0,0
8580,8,2,1,12,1,11.798142,1.225788,2741,0,0
8590,11,3,0,15,1,11.809277,1.226919,2761,0,0
8600,7,1,0,9,1,11.805094,1.226459,2761,0,0
8610,0,0,0,0,0,11.803118,1.226390,2761,0,0
8620,4,1,0,6,1,11.793858,1.225565,2761,0,0
8630,10,1,1,13,1,11.787627,1.224906,2761,0,0
8640,13,3,3,20,1,11.797109,1.225821,2780,0,0
8650,15,1,1,18,1,11.807167,1.226708,2793,0,0
8660,3,0,0,4,1,11.806733,1.226534,2793,0,0
8670,13,0,3,17,1,11.802952,1.225895,2793,0,0
8680,7,0,0,8,1,11.809396,1.226554,2794,0,0
8690,0,0,0,0,0,11.810319,1.226683,2795,0,0
8700,7,0,0,8,1,11.802693,1.225793,2795,0,0
8710,11,0,1,13,1,11.798622,1.225330,2801,0,0
8720,5,0,1,7,1,11.798389,1.225223,2801,0,0
8730,7,0,0,8,1,11.789173,1.224401,2801,0,0
8740,5,1,1,8,1,11.781340,1.223490,2801,0,0
8750,19,3,4,27,1,11.793971,1.224690,2834,0,0
8760,9,0,0,10,1,11.802144,1.225615,2845,0,0
8770,0,0,0,0,0,11.795360,1.225002,2845,0,0
8780,16,2,1,20,1,11.795139,1.224998,2845,0,0
8790,0,0,0,1,1,11.800029,1.225669,2852,0,0
8800,5,1,0,7,1,11.792236,1.224690,2852,0,0
8810,19,0,3,23,1,11.801588,1.225565,2859,0,0
8820,8,0,0,9,1,11.809310,1.226414,2864,0,0
8830,20,0,0,21,1,11.813213,1.226535,2866,0,0
8840,16,1,4,22,1,11.820007,1.227245,2872,0,0
8850,15,0,0,16,1,11.832739,1.228701,2878,0,0
8860,14,2,3,20,1,11.839911,1.229465,2878,0,0
8870,10,0,4,15,1,11.848952,1.230581,2885,0,0
8880,8,1,2,12,1,11.854222,1.231219,2894,0,0
8890,9,1,0,11,1,11.856502,1.231330,2894,0,0
8900,9,1,1,12,1,11.847686,1.230677,2894,0,0
8910,17,0,0,18,1,11.844626,1.230392,2894,0,0
8920,3,1,0,5,1,11.841874,1.230282,2894,0,0
8930,4,0,0,5,1,11.835452,1.229575,2894,0,0
8940,11,0,0,12,1,11.828991,1.228907,2894,0,0
8950,14,1,1,17,1,11.830601,1.228893,2894,0,0
8960,14,0,2,17,1,11.836254,1.229413,2898,0,0
8970,13,2,0,16,1,11.839595,1.229792,2898,0,0
8980,14,1,1,17,1,11.840965,1.229882,2899,0,0
8990,6,1,2,10,1,11.842688,1.230164,2899,0,0
9000,12,1,2,16,1,11.846403,1.230426,2899,0,0
9010,15,1,1,18,1,11.850930,1.230815,2899,0,0
9020,7,0,1,9,1,11.854776,1.231275,2901,0,0
9030,0,0,0,0,0,11.850183,1.230944,2901,0,0
9040,15,2,2,20,1,11.846728,1.230475,2901,0,0
9050,19,3,1,24,1,11.858150,1.231708,2922,0,0
9060,19,0,0,20,1,11.867474,1.232850,2941,0,0
9070,4,0,2,7,1,11.871701,1.233279,2945,0,0
9080,9,0,0,10,1,11.864216,1.232491,2945,0,0
9090,4,0,0,5,1,11.853615,1.231632,2945,0,0
9100,15,0,3,19,1,11.854298,1.231552,2945,0,0
9110,0,0,0,1,1,11.853821,1.231408,2945,0,0
9120,2,0,0,3,1,11.844262,1.230362,2945,0,0
9130,16,5,1,23,1,11.842148,1.229867,2946,0,0
9140,19,1,2,23,1,11.849930,1.230581,2947,0,0
9150,4,0,0,5,1,11.849076,1.230678,2954,0,0
9160,17,8,4,30,1,11.857897,1.231500,2976,0,0
9170,13,3,2,19,1,11.868925,1.232748,2989,0,0
9180,0,0,0,0,0,11.867351,1.232672,2989,0,0
9190,2,1,0,4,1,11.860388,1.231924,2989,0,0
9200,10,1,0,12,1,11.859299,1.231773,2989,0,0
9210,12,0,3,16,1,11.866912,1.232637,2995,0,0
9220,15,0,3,19,1,11.869976,1.232918,2995,0,0
9230,5,0,0,6,1,11.875642,1.233510,3000,0,0
9240,8,1,1,11,1,11.878234,1.233631,3005,0,0
9250,4,1,1,7,1,11.883279,1.234117,3016,0,0
9260,2,0,0,3,1,11.876034,1.233313,3016,0,0
9270,11,1,6,19,1,11.877142,1.233322,3016,0,0
9280,20,4,2,27,1,11.888388,1.234632,3038,0,0
9290,18,0,1,20,1,11.900397,1.235952,3055,0,0
9300,18,2,4,25,1,11.908597,1.236835,3065,0,0
9310,15,4,2,22,1,11.918760,1.237950,3083,0,0
9320,1,0,1,3,1,11.922772,1.238384,3086,0,0
9330,9,2,0,12,1,11.922485,1.238207,3086,0,0
9340,12,2,3,18,1,11.930157,1.238994,3089,0,0
9350,8,0,1,10,1,11.930311,1.238972,3089,0,0
9360,14,0,2,17,1,11.936767,1.239757,3093,0,0
9370,19,2,0,22,1,11.946460,1.240823,3113,0,0
9380,18,4,2,25,1,11.957254,1.242154,3135,0,0
9390,11,3,2,17,1,11.967834,1.243380,3142,0,0
9400,10,1,2,14,1,11.965421,1.243257,3142,0,0
9410,12,0,1,14,1,11.969462,1.243708,3142,0,0
9420,5,0,0,6,1,11.967685,1.243650,3142,0,0
9430,6,0,0,7,1,11.959350,1.242814,3142,0,0
9440,2,0,0,3,1,11.952533,1.242259,3142,0,0
9450,2,0,3,6,1,11.942033,1.241335,3142,0,0
9460,12,1,2,16,1,11.945725,1.241544,3144,0,0
9470,0,0,0,0,0,11.946044,1.241716,3148,0,0
9480,4,2,1,8,1,11.940813,1.241026,3148,0,0
9490,10,1,1,13,1,11.938211,1.240663,3148,0,0
9500,3,2,0,6,1,11.948263,1.241588,3160,0,0
9510,6,0,1,8,1,11.947432,1.241437,3160,0,0
9520,10,0,5,16,1,11.953550,1.241941,3168,0,0
9530,17,0,1,19,1,11.956601,1.242221,3175,0,0
9540,1,0,0,2,1,11.958659,1.242384,3180,0,0
9550,1,0,0,2,1,11.949302,1.241469,3180,0,0
9560,8,1,1,11,1,11.943569,1.240809,3180,0,0
9570,8,0,0,9,1,11.944277,1.240832,3180,0,0
9580,16,2,0,19,1,11.944708,1.240760,3180,0,0
9590,14,2,0,17,1,11.942287,1.240418,3180,0,0
9600,18,4,2,25,1,11.953216,1.241637,3197,0,0
9610,15,2,2,20,1,11.962541,1.242636,3208,0,0
9620,12,3,2,18,1,11.970684,1.243553,3214,0,0
9630,14,0,1,16,1,11.975971,1.244092,3217,0,0
9640,6,1,0,8,1,11.976999,1.244109,3217,0,0
9650,4,0,0,5,1,11.969142,1.243390,3217,0,0
9660,3,0,1,5,1,11.969550,1.243543,3217,0,0
9670,5,1,0,7,1,11.962317,1.242755,3217,0,0
9680,20,1,0,22,1,11.964087,1.242755,3221,0,0
9690,7,0,0,8,1,11.971342,1.243552,3231,0,0
9700,14,1,0,16,1,11.978346,1.244350,3237,0,0
9710,12,0,0,13,1,11.981925,1.244859,3237,0,0
9720,7,1,1,10,1,11.978704,1.244660,3237,0,0
9730,19,5,2,27,1,11.988314,1.245569,3254,0,0
9740,5,1,1,8,1,11.997429,1.246865,3275,0,0
9750,0,0,0,1,1,11.988520,1.246248,3275,0,0
9760,16,2,2,21,1,11.990026,1.246301,3277,0,0
9770,4,0,0,5,1,11.996158,1.247007,3290,0,0
9780,18,2,0,21,1,12.002317,1.247491,3290,0,0
9790,14,2,1,18,1,12.013109,1.248682,3300,0,0
9800,16,2,0,19,1,12.015522,1.248750,3300,0,0
9810,2,0,0,3,1,12.014742,1.248672,3300,0,0
9820,0,0,0,1,1,12.008992,1.248064,3300,0,0
9830,12,3,3,19,1,12.004602,1.247505,3300,0,0
9840,15,3,3,22,1,12.013787,1.248581,3324,0,0
9850,1,0,0,2,1,12.009401,1.248247,3324,0,0
9860,20,0,3,24,1,12.013399,1.248468,3335,0,0
9870,6,1,0,8,1,12.012575,1.248477,3339,0,0
9880,17,0,3,21,1,12.013553,1.248503,3342,0,0
9890,3,0,2,6,1,12.016455,1.248820,3347,0,0
9900,0,0,0,1,1,12.010050,1.248131,3347,0,0
9910,0,0,0,0,0,12.000045,1.247252,3347,0,0
9920,3,0,0,4,1,11.994283,1.246799,3347,0,0
9930,1,0,0,2,1,11.986283,1.245853,3347,0,0
9940,7,2,0,10,1,11.982773,1.245334,3347,0,0
9950,2,0,1,4,1,11.981897,1.245207,3347,0,0
9960,14,2,3,20,1,11.980582,1.244996,3354,0,0
9970,15,1,0,17,1,11.987834,1.245674,3363,0,0
9980,15,2,0,18,1,11.983232,1.245095,3363,0,0
9990,18,4,0,23,1,11.991246,1.245802,3378,0,0
10000,9,1,1,12,1,11.995824,1.246177,3379,0,0
10010,20,1,2,24,1,12.000117,1.246303,3380,0,0
10020,12,0,0,13,1,12.009791,1.247389,3384,0,0
10030,1,1,0,3,1,12.003208,1.246709,3384,0,0
10040,4,1,2,8,1,11.994933,1.245827,3384,0,0
10050,3,1,2,7,1,11.987446,1.244860,3384,0,0
10060,3,2,0,6,1,11.980716,1.244268,3384,0,0
10070,12,2,2,17,1,11.983754,1.244459,3389,0,0
10080,14,1,0,16,1,11.990791,1.245322,3401,0,0
10090,13,0,0,14,1,11.990833,1.245330,3401,0,0
10100,7,0,2,10,1,11.993287,1.245588,3401,0,0
10110,7,1,4,13,1,11.989216,1.245297,3401,0,0
10120,9,1,3,14,1,11.991404,1.245477,3401,0,0
10130,6,2,0,9,1,11.983106,1.244746,3401,0,0
10140,0,0,0,0,0,11.975564,1.243953,3401,0,0
10150,4,0,0,5,1,11.966877,1.243131,3401,0,0
10160,4,1,0,6,1,11.963852,1.242807,3401,0,0
10170,6,0,1,8,1,11.964652,1.242982,3412,0,0
10180,0,0,0,0,0,11.954953,1.242143,3412,0,0
10190,0,0,0,0,0,11.947866,1.241523,3412,0,0
10200,14,1,1,17,1,11.947906,1.241404,3417,0,0
10210,10,1,1,13,1,11.954341,1.241937,3418,0,0
10220,20,2,2,25,1,11.961868,1.242697,3427,0,0
10230,20,4,1,26,1,11.970266,1.243674,3436,0,0
10240,9,3,1,14,1,11.972007,1.243858,3437,0,0
10250,11,1,0,13,1,11.974588,1.244028,3439,0,0
10260,15,0,2,18,1,11.976317,1.244160,3439,0,0
10270,17,3,5,26,1,11.979059,1.244524,3439,0,0
10280,17,2,0,20,1,11.988731,1.245633,3460,0,0
10290,17,2,5,25,1,11.998867,1.246790,3477,0,0
10300,11,2,0,14,1,12.006831,1.247721,3486,0,0
10310,6,1,1,9,1,12.009817,1.248034,3493,0,0
10320,9,0,0,10,1,12.006977,1.247729,3493,0,0
10330,14,0,2,17,1,12.002112,1.247164,3493,0,0
10340,0,1,0,2,1,12.002088,1.247139,3497,0,0
10350,1,0,0,2,1,12.002931,1.247205,3498,0,0
10360,2,0,0,3,1,11.997443,1.246663,3498,0,0
10370,2,0,0,3,1,11.989785,1.245870,3498,0,0
10380,17,2,0,20,1,11.989389,1.245857,3498,0,0
10390,12,2,2,17,1,11.996583,1.246707,3507,0,0
10400,7,0,1,9,1,11.995079,1.246416,3507,0,0
10410,3,0,1,5,1,11.994558,1.246365,3507,0,0
10420,5,0,0,6,1,11.988426,1.245868,3507,0,0
10430,19,2,0,22,1,11.995041,1.246384,3515,0,0
10440,6,1,1,9,1,11.997206,1.246674,3515,0,0
10450,19,1,3,24,1,11.997247,1.246508,3521,0,0
10460,16,7,0,24,1,12.007363,1.247636,3543,0,0
10470,14,0,2,17,1,12.012181,1.248276,3544,0,0
10480,8,1,0,10,1,12.018002,1.248945,3545,0,0
10490,0,0,0,0,0,12.010160,1.248146,3545,0,0
10500,4,0,0,5,1,12.002015,1.247388,3545,0,0
10510,0,0,0,1,1,11.992370,1.246549,3545,0,0
10520,11,2,0,14,1,11.989329,1.246211,3545,0,0
10530,2,0,0,3,1,11.986704,1.245990,3545,0,0
10540,12,0,3,16,1,11.978871,1.245227,3545,0,0
10550,15,2,0,18,1,11.982409,1.245597,3546,0,0
10560,0,0,0,0,0,11.977912,1.245206,3546,0,0
10570,5,2,0,8,1,11.971607,1.244504,3546,0,0
10580,0,0,0,1,1,11.963682,1.243804,3546,0,0
10590,0,0,0,0,0,11.957919,1.243293,3546,0,0
10600,15,3,0,19,1,11.953750,1.242691,3546,0,0
10610,4,0,0,5,1,11.957755,1.243158,3546,0,0
10620,12,0,0,13,1,11.954753,1.242800,3546,0,0
10630,0,0,0,0,0,11.950480,1.242370,3546,0,0
10640,0,0,0,1,1,11.942359,1.241443,3546,0,0
10650,0,0,0,1,1,11.934861,1.240678,3546,0,0
10660,2,0,0,3,1,11.926427,1.239744,3546,0,0
10670,1,1,0,3,1,11.919113,1.239070,3546,0,0
10680,0,0,0,1,1,11.915323,1.238606,3546,0,0
10690,9,0,1,11,1,11.909867,1.237885,3546,0,0
10700,15,2,3,21,1,11.915677,1.238419,3551,0,0
10710,9,2,1,13,1,11.919610,1.238915,3557,0,0
10720,9,0,2,12,1,11.922392,1.239002,3557,0,0
10730,8,0,2,11,1,11.928206,1.239597,3561,0,0
10740,12,0,1,14,1,11.924610,1.239166,3561,0,0
10750,1,0,0,2,1,11.918744,1.238679,3561,0,0
10760,0,0,1,2,1,11.910534,1.237948,3561,0,0
10770,5,0,0,6,1,11.904279,1.237253,3561,0,0
10780,6,1,0,8,1,11.896671,1.236488,3561,0,0
10790,7,1,0,9,1,11.889615,1.235746,3561,0,0
10800,6,2,1,10,1,11.890620,1.235841,3561,0,0
10810,9,0,1,11,1,11.887945,1.235399,3561,0,0
10820,0,0,0,1,1,11.883472,1.235103,3561,0,0
10830,10,1,1,13,1,11.879480,1.234620,3561,0,0
10840,19,0,1,21,1,11.881440,1.234814,3562,0,0
10850,2,1,0,4,1,11.880223,1.234868,3563,0,0
10860,20,1,2,24,1,11.883269,1.234998,3566,0,0
10870,13,0,3,17,1,11.889049,1.235719,3577,0,0
10880,9,1,0,11,1,11.886588,1.235466,3577,0,0
10890,15,0,1,17,1,11.888658,1.235613,3577,0,0
10900,3,0,0,4,1,11.891273,1.235910,3577,0,0
10910,20,3,1,25,1,11.893477,1.236095,3584,0,0
10920,6,2,3,12,1,11.896517,1.236567,3592,0,0
10930,14,0,0,15,1,11.901275,1.237063,3595,0,0
10940,19,3,1,24,1,11.900438,1.236861,3595,0,0
10950,3,0,0,4,1,11.900714,1.236869,3600,0,0
10960,8,0,0,9,1,11.894021,1.236282,3600,0,0
10970,11,0,0,12,1,11.888415,1.235537,3600,0,0
10980,18,2,0,21,1,11.890276,1.235616,3600,0,0
10990,16,0,2,19,1,11.900735,1.236800,3624,0,0
11000,18,5,3,27,1,11.909272,1.237502,3637,0,0
11010,12,2,0,15,1,11.913319,1.237879,3642,0,0
11020,12,1,1,15,1,11.915509,1.237992,3642,0,0
11030,14,1,0,16,1,11.920205,1.238250,3645,0,0
11040,0,0,0,0,0,11.915233,1.237748,3645,0,0
11050,7,1,1,10,1,11.910215,1.237149,3645,0,0
11060,4,0,2,7,1,11.904503,1.236500,3645,0,0
11070,12,1,0,14,1,11.904518,1.236285,3645,0,0
11080,20,4,0,25,1,11.908202,1.236578,3650,0,0
11090,16,0,1,18,1,11.915134,1.237313,3666,0,0
11100,20,0,0,21,1,11.916044,1.237214,3666,0,0
11110,0,0,0,1,1,11.919326,1.237547,3671,0,0
11120,1,1,0,3,1,11.913506,1.236969,3671,0,0
11130,6,0,3,10,1,11.909874,1.236515,3671,0,0
11140,15,2,0,18,1,11.910708,1.236490,3671,0,0
11150,20,6,2,29,1,11.919851,1.237374,3683,0,0
11160,10,1,1,13,1,11.927987,1.238211,3703,0,0
11170,12,3,0,16,1,11.929170,1.238245,3707,0,0
11180,20,5,1,27,1,11.938539,1.239256,3720,0,0
11190,9,2,0,12,1,11.940469,1.239668,3721,0,0
11200,9,1,0,11,1,11.946159,1.240113,3733,0,0
11210,15,0,0,16,1,11.951153,1.240543,3739,0,0
11220,4,0,1,6,1,11.947656,1.240241,3739,0,0
11230,16,1,3,21,1,11.951675,1.240547,3752,0,0
11240,12,4,2,19,1,11.959594,1.241362,3764,0,0
11250,9,3,2,15,1,11.965831,1.241910,3768,0,0
11260,0,0,0,0,0,11.968549,1.242368,3770,0,0
11270,2,0,0,3,1,11.964024,1.241811,3770,0,0
11280,3,0,0,4,1,11.957130,1.241190,3770,0,0
11290,7,1,0,9,1,11.956436,1.240917,3770,0,0
11300,13,1,0,15,1,11.962080,1.241427,3780,0,0
11310,3,0,0,4,1,11.956558,1.240880,3780,0,0
11320,8,0,1,10,1,11.955050,1.240501,3780,0,0
11330,2,0,2,5,1,11.951874,1.240175,3780,0,0
11340,15,1,0,17,1,11.946686,1.239550,3780,0,0
11350,15,3,4,23,1,11.953665,1.240301,3789,0,0
11360,14,0,0,15,1,11.963718,1.241519,3800,0,0
11370,13,1,2,17,1,11.963381,1.241454,3800,0,0
11380,1,0,1,3,1,11.962842,1.241448,3800,0,0
11390,1,0,0,2,1,11.958830,1.240911,3800,0,0
11400,1,0,0,2,1,11.951458,1.240105,3800,0,0
11410,3,0,1,5,1,11.945236,1.239317,3800,0,0
11420,8,2,0,11,1,11.940707,1.238852,3800,0,0
11430,13,2,0,16,1,11.942017,1.238969,3800,0,0
11440,5,0,1,7,1,11.936748,1.238517,3800,0,0
11450,16,1,2,20,1,11.938867,1.238741,3808,0,0
11460,7,0,1,9,1,11.935669,1.238492,3815,0,0
11470,0,0,0,1,1,11.930737,1.237940,3815,0,0
11480,10,0,2,13,1,11.930698,1.237917,3820,0,0
11490,15,0,0,16,1,11.937119,1.238554,3838,0,0
11500,6,0,2,9,1,11.936259,1.238603,3838,0,0
11510,14,0,1,16,1,11.936749,1.238558,3838,0,0
11520,19,2,0,22,1,11.940509,1.238919,3842,0,0
11530,17,4,2,24,1,11.939957,1.238698,3842,0,0
11540,9,0,2,12,1,11.944196,1.239120,3844,0,0
11550,14,1,0,16,1,11.940518,1.238821,3844,0,0
11560,20,0,1,22,1,11.946748,1.239505,3850,0,0
11570,19,0,2,22,1,11.956583,1.240663,3864,0,0
11580,15,1,0,17,1,11.962509,1.241260,3887,0,0
11590,0,0,0,1,1,11.964118,1.241464,3889,0,0
11600,0,0,0,1,1,11.956539,1.240804,3889,0,0
11610,3,0,0,4,1,11.949199,1.240024,3889,0,0
11620,6,0,0,7,1,11.944035,1.239459,3889,0,0
11630,4,1,1,7,1,11.942201,1.239151,3889,0,0
11640,1,0,0,2,1,11.934575,1.238486,3889,0,0
11650,3,1,1,6,1,11.929894,1.238092,3889,0,0
11660,0,0,0,0,0,11.922006,1.237388,3889,0,0
11670,5,1,0,7,1,11.915236,1.236535,3889,0,0
11680,2,1,0,4,1,11.909407,1.235923,3889,0,0
11690,10,1,0,12,1,11.903887,1.235376,3889,0,0
11700,0,0,1,2,1,11.897052,1.234692,3889,0,0
11710,0,0,0,0,0,11.892293,1.234388,3889,0,0
11720,16,1,1,19,1,11.890744,1.234155,3892,0,0
11730,11,0,1,13,1,11.894367,1.234469,3892,0,0
11740,20,0,1,22,1,11.898845,1.234872,3904,0,0
11750,13,1,2,17,1,11.903550,1.235233,3909,0,0
11760,8,0,2,11,1,11.909367,1.235852,3917,0,0
11770,10,0,1,12,1,11.913412,1.236254,3924,0,0
11780,17,2,1,21,1,11.917746,1.236599,3924,0,0
11790,15,2,1,19,1,11.918969,1.236555,3924,0,0
11800,17,3,1,22,1,11.928033,1.237489,3945,0,0
11810,14,2,1,18,1,11.932924,1.237892,3954,0,0
11820,15,2,4,22,1,11.933399,1.237783,3956,0,0
11830,4,1,0,6,1,11.939796,1.238559,3962,0,0
11840,15,1,2,19,1,11.936029,1.238108,3962,0,0
11850,11,3,1,16,1,11.940749,1.238613,3964,0,0
11860,8,1,1,11,1,11.936122,1.238224,3964,0,0
11870,3,0,0,4,1,11.930887,1.237772,3964,0,0
11880,14,0,4,19,1,11.931921,1.237710,3964,0,0
11890,14,0,2,17,1,11.936859,1.238173,3965,0,0
11900,17,3,3,24,1,11.942429,1.238809,3984,0,0
11910,14,7,2,24,1,11.953279,1.240101,4012,0,0
11920,15,2,3,21,1,11.954676,1.240174,4013,0,0
11930,18,1,4,24,1,11.958124,1.240353,4013,0,0
11940,6,0,0,7,1,11.963438,1.241070,4024,0,0
11950,8,1,1,11,1,11.959578,1.240696,4024,0,0
11960,12,1,2,16,1,11.961821,1.240932,4024,0,0
11970,17,0,0,18,1,11.968636,1.241665,4032,0,0
11980,13,4,0,18,1,11.975661,1.242420,4046,0,0
11990,18,2,0,21,1,11.980427,1.242961,4053,0,0
12000,19,0,1,21,1,11.984173,1.243408,4056,0,0
12010,19,2,2,24,1,11.992461,1.244455,4067,0,0
12020,18,0,1,20,1,12.002347,1.245603,4086,0,0
12030,20,0,1,22,1,12.010826,1.246616,4093,0,0
12040,20,0,0,21,1,12.017422,1.247358,4114,0,0
12050,12,3,2,18,1,12.022400,1.247910,4119,0,0
12060,11,1,3,16,1,12.022786,1.247954,4119,0,0
12070,0,0,0,0,0,12.022866,1.247891,4119,0,0
12080,6,0,0,7,1,12.017346,1.247300,4119,0,0
12090,9,0,2,12,1,12.019622,1.247508,4123,0,0
12100,5,0,0,6,1,12.014955,1.247070,4123,0,0
12110,3,2,0,6,1,12.008396,1.246393,4123,0,0
12120,8,0,0,9,1,12.001812,1.245649,4123,0,0
12130,11,0,0,12,1,12.001422,1.245485,4123,0,0
12140,0,0,0,1,1,11.996045,1.245112,4123,0,0
12150,3,0,0,4,1,11.988244,1.244465,4123,0,0
12160,2,0,0,3,1,11.982338,1.243930,4123,0,0
12170,6,1,2,10,1,11.978798,1.243566,4123,0,0
12180,12,1,0,14,1,11.980182,1.243787,4123,0,0
12190,18,3,2,24,1,11.987397,1.244444,4135,0,0
12200,18,3,6,28,1,11.997007,1.245414,4150,0,0
12210,20,1,3,25,1,12.008436,1.246794,4177,0,0
12220,20,0,6,27,1,12.014724,1.247493,4195,0,0
12230,19,6,6,32,1,12.022719,1.248337,4213,0,0
12240,18,0,2,21,1,12.033823,1.249737,4237,0,0
12250,15,1,0,17,1,12.037919,1.250123,4239,0,0
12260,14,0,2,17,1,12.044454,1.250826,4246,0,0
12270,10,0,0,11,1,12.046137,1.251067,4246,0,0
12280,13,1,2,17,1,12.047154,1.251197,4246,0,0
12290,12,3,0,16,1,12.055505,1.252099,4260,0,0
12300,20,0,3,24,1,12.062489,1.252701,4273,0,0
12310,14,0,1,16,1,12.064178,1.252964,4286,0,0
12320,20,0,0,21,1,12.073539,1.254087,4298,0,0
12330,10,0,0,11,1,12.079244,1.254672,4304,0,0
12340,0,0,0,1,1,12.074016,1.254227,4304,0,0
12350,1,0,1,3,1,12.066451,1.253570,4304,0,0
12360,4,0,0,5,1,12.061068,1.252877,4304,0,0
12370,20,0,1,22,1,12.056620,1.252333,4306,0,0
12380,7,0,0,8,1,12.063283,1.253070,4323,0,0
12390,2,1,0,4,1,12.057514,1.252495,4323,0,0
12400,7,0,0,8,1,12.051737,1.251782,4323,0,0
12410,16,3,1,21,1,12.057921,1.252312,4343,0,0
12420,20,0,3,24,1,12.067071,1.253433,4371,0,0
12430,13,1,1,16,1,12.073763,1.254278,4373,0,0
12440,17,1,2,21,1,12.082226,1.255097,4387,0,0
12450,19,0,2,22,1,12.086182,1.255417,4396,0,0
12460,18,3,2,24,1,12.093588,1.256251,4402,0,0
12470,5,2,4,12,1,12.089879,1.255879,4402,0,0
12480,13,0,1,15,1,12.090250,1.255837,4402,0,0
12490,20,2,1,24,1,12.096288,1.256404,4415,0,0
12500,11,2,4,18,1,12.104456,1.257454,4431,0,0
12510,9,0,3,13,1,12.106818,1.257807,4438,0,0
12520,3,0,0,4,1,12.109050,1.257853,4441,0,0
12530,0,0,0,1,1,12.103492,1.257362,4441,0,0
12540,1,1,0,3,1,12.095145,1.256654,4441,0,0
12550,0,1,0,2,1,12.087387,1.256038,4441,0,0
12560,14,6,0,21,1,12.085090,1.255594,4441,0,0
12570,16,3,1,21,1,12.087780,1.255886,4446,0,0
12580,3,0,0,4,1,12.093884,1.256668,4455,0,0
12590,6,0,0,7,1,12.091784,1.256328,4455,0,0
12600,13,0,1,15,1,12.091848,1.256306,4458,0,0
12610,17,3,4,25,1,12.101650,1.257327,4465,0,0
12620,14,0,4,19,1,12.111115,1.258438,4485,0,0
12630,2,0,0,3,1,12.105520,1.257921,4485,0,0
12640,11,0,0,12,1,12.106033,1.257904,4485,0,0
12650,16,6,2,25,1,12.109293,1.258080,4491,0,0
12660,12,2,2,17,1,12.115100,1.258779,4503,0,0
12670,20,3,2,26,1,12.125747,1.259939,4526,0,0
12680,20,2,1,24,1,12.128026,1.260137,4530,0,0
12690,15,0,1,17,1,12.137964,1.261059,4549,0,0
12700,2,0,0,3,1,12.139454,1.261299,4554,0,0
12710,1,0,1,3,1,12.132257,1.260636,4554,0,0
12720,13,0,3,17,1,12.129780,1.260330,4556,0,0
12730,12,2,1,16,1,12.135490,1.260864,4564,0,0
12740,13,0,0,14,1,12.142215,1.261606,4575,0,0
12750,14,2,1,18,1,12.140757,1.261334,4575,0,0
12760,4,1,0,6,1,12.139061,1.261232,4575,0,0
12770,8,1,0,10,1,12.135767,1.260862,4575,0,0
12780,6,1,2,10,1,12.133893,1.260782,4575,0,0
12790,8,0,1,10,1,12.129737,1.260373,4575,0,0
12800,13,2,0,16,1,12.129447,1.260325,4575,0,0
12810,14,0,3,18,1,12.135578,1.260954,4587,0,0
12820,5,0,1,7,1,12.130245,1.260454,4587,0,0
12830,2,1,0,4,1,12.122977,1.259772,4587,0,0
12840,0,0,0,1,1,12.117296,1.259235,4587,0,0
12850,4,0,0,5,1,12.109463,1.258536,4587,0,0
12860,6,1,0,8,1,12.112830,1.259010,4591,0,0
12870,15,1,3,20,1,12.109127,1.258434,4593,0,0
12880,20,4,2,27,1,12.115702,1.259028,4598,0,0
12890,12,0,1,14,1,12.119644,1.259481,4603,0,0
12900,15,4,2,22,1,12.126454,1.260099,4612,0,0
12910,8,0,0,9,1,12.129385,1.260315,4631,0,0
12920,19,0,0,20,1,12.127810,1.260083,4634,0,0
12930,8,0,2,11,1,12.130374,1.260362,4635,0,0
12940,20,4,2,27,1,12.137220,1.261055,4648,0,0
12950,11,1,1,14,1,12.142020,1.261678,4657,0,0
12960,20,1,1,23,1,12.148444,1.262358,4669,0,0
12970,18,4,3,26,1,12.155607,1.262994,4693,0,0
12980,0,0,0,1,1,12.160785,1.263655,4700,0,0
12990,0,0,0,0,0,12.152617,1.262849,4700,0,0
13000,2,0,0,3,1,12.146243,1.262240,4700,0,0
13010,0,0,1,2,1,12.139841,1.261587,4700,0,0
13020,19,2,5,27,1,12.140732,1.261531,4700,0,0
13030,17,5,1,24,1,12.148782,1.262541,4715,0,0
13040,17,2,1,21,1,12.152606,1.262981,4735,0,0
13050,20,2,1,24,1,12.160650,1.263859,4743,0,0
13060,17,3,0,21,1,12.166579,1.264347,4744,0,0
13070,16,0,0,17,1,12.173545,1.265103,4751,0,0
13080,20,1,2,24,1,12.178662,1.265517,4763,0,0
13090,16,0,1,18,1,12.187249,1.266502,4773,0,0
13100,15,1,0,17,1,12.193250,1.267208,4778,0,0
13110,3,0,1,5,1,12.193703,1.267358,4779,0,0
13120,19,1,2,23,1,12.190502,1.266947,4779,0,0
13130,9,1,2,13,1,12.193317,1.267342,4785,0,0
13140,6,1,1,9,1,12.188253,1.266828,4785,0,0
13150,12,1,1,15,1,12.191625,1.267070,4788,0,0
13160,17,2,1,21,1,12.197516,1.267615,4801,0,0
13170,5,1,0,7,1,12.195777,1.267536,4804,0,0
13180,20,1,3,25,1,12.195426,1.267512,4807,0,0
13190,1,0,0,2,1,12.196561,1.267792,4817,0,0
13200,6,0,0,7,1,12.192733,1.267316,4817,0,0
13210,1,0,0,2,1,12.187574,1.266732,4817,0,0
13220,5,1,0,7,1,12.180684,1.266028,4817,0,0
13230,18,4,0,23,1,12.178694,1.265863,4818,0,0
13240,15,1,1,18,1,12.184375,1.266436,4818,0,0
13250,0,0,0,0,0,12.181658,1.266324,4818,0,0
13260,11,1,0,13,1,12.182044,1.266327,4818,0,0
13270,16,2,1,20,1,12.179094,1.265893,4818,0,0
13280,16,2,2,21,1,12.186021,1.266546,4833,0,0
13290,2,0,0,3,1,12.186704,1.266708,4838,0,0
13300,10,0,0,11,1,12.179805,1.266052,4838,0,0
13310,12,1,1,15,1,12.181581,1.266200,4839,0,0
13320,8,4,0,13,1,12.177170,1.265684,4839,0,0
13330,19,3,3,26,1,12.183823,1.266269,4849,0,0
13340,8,0,1,10,1,12.190850,1.267110,4864,0,0
13350,10,2,1,14,1,12.191404,1.267061,4864,0,0
13360,17,0,5,23,1,12.200120,1.268107,4895,0,0
13370,16,1,0,18,1,12.204619,1.268616,4900,0,0
13380,8,3,2,14,1,12.205949,1.268638,4900,0,0
13390,11,0,1,13,1,12.207983,1.268802,4900,0,0
13400,15,3,0,19,1,12.205463,1.268612,4900,0,0
13410,20,0,3,24,1,12.210964,1.269185,4909,0,0
13420,4,1,1,7,1,12.217614,1.269997,4932,0,0
13430,15,3,0,19,1,12.220452,1.270343,4937,0,0
13440,16,0,1,18,1,12.221435,1.270408,4938,0,0
13450,0,0,0,0,0,12.219321,1.270219,4938,0,0
13460,3,0,0,4,1,12.213450,1.269631,4938,0,0
13470,3,0,0,4,1,12.206513,1.268960,4938,0,0
13480,0,0,0,1,1,12.206506,1.269010,4938,0,0
13490,12,1,2,16,1,12.206694,1.268905,4938,0,0
13500,0,0,0,1,1,12.206199,1.268924,4938,0,0
13510,0,0,0,0,0,12.199313,1.268288,4938,0,0
13520,8,0,2,11,1,12.193775,1.267723,4938,0,0
13530,16,0,0,17,1,12.195148,1.267878,4938,0,0
13540,12,1,0,14,1,12.199185,1.268231,4945,0,0
13550,13,3,1,18,1,12.203387,1.268670,4954,0,0
13560,12,1,4,18,1,12.206929,1.268923,4956,0,0
13570,6,2,0,9,1,12.206800,1.268931,4956,0,0
13580,12,0,0,13,1,12.205789,1.268711,4956,0,0
13590,20,2,7,30,1,12.205879,1.268490,4957,0,0
13600,17,0,1,19,1,12.215000,1.269576,4978,0,0
13610,15,2,2,20,1,12.220724,1.270163,4980,0,0
13620,9,0,2,12,1,12.228536,1.271074,4996,0,0
13630,0,0,0,0,0,12.222790,1.270479,4996,0,0
13640,12,1,3,17,1,12.219960,1.270013,4996,0,0
13650,12,1,1,15,1,12.224810,1.270499,5000,0,0
13660,17,0,1,19,1,12.223337,1.270358,5003,0,0
13670,12,0,1,14,1,12.227470,1.270799,5007,0,0
13680,18,1,0,20,1,12.230645,1.271151,5009,0,0
13690,0,0,0,1,1,12.230434,1.271034,5013,0,0
13700,8,2,2,13,1,12.227044,1.270559,5013,0,0
13710,20,2,1,24,1,12.233230,1.271069,5022,0,0
13720,16,0,0,17,1,12.237842,1.271580,5028,0,0
13730,16,2,2,21,1,12.239921,1.271654,5029,0,0
13740,20,0,3,24,1,12.247824,1.272487,5040,0,0
13750,19,1,0,21,1,12.254159,1.273215,5061,0,0
13760,15,2,0,18,1,12.258308,1.273706,5077,0,0
13770,8,0,0,9,1,12.261200,1.274028,5079,0,0
13780,15,5,0,21,1,12.261068,1.273853,5079,0,0
13790,12,1,1,15,1,12.266141,1.274383,5090,0,0
13800,20,1,1,23,1,12.273030,1.275139,5111,0,0
13810,14,1,1,17,1,12.272790,1.275193,5113,0,0
13820,15,0,4,20,1,12.277016,1.275606,5118,0,0
13830,16,3,4,24,1,12.283406,1.276330,5127,0,0
13840,14,0,1,16,1,12.289918,1.277095,5137,0,0
13850,3,0,1,5,1,12.286309,1.276933,5137,0,0
13860,9,3,1,14,1,12.280124,1.276273,5137,0,0
13870,14,3,2,20,1,12.285705,1.276894,5153,0,0
13880,9,1,2,13,1,12.287091,1.276963,5156,0,0
13890,7,1,1,10,1,12.282263,1.276569,5156,0,0
13900,19,0,1,21,1,12.286727,1.276939,5161,0,0
13910,19,3,0,23,1,12.293388,1.277643,5174,0,0
13920,2,0,0,3,1,12.296176,1.278145,5176,0,0
13930,6,1,0,8,1,12.289005,1.277354,5176,0,0
13940,10,0,0,11,1,12.283425,1.276871,5176,0,0
13950,10,0,0,11,1,12.282869,1.276767,5176,0,0
13960,19,1,1,22,1,12.289777,1.277564,5202,0,0
13970,18,2,1,22,1,12.295324,1.278180,5204,0,0
13980,11,0,0,12,1,12.295867,1.278324,5205,0,0
13990,18,3,2,24,1,12.301774,1.279006,5212,0,0
14000,11,0,2,14,1,12.308787,1.279946,5254,0,0
14010,20,5,2,28,1,12.315064,1.280468,5257,0,0
14020,18,0,0,19,1,12.322372,1.281315,5268,0,0
14030,11,0,0,12,1,12.325564,1.281724,5278,0,0
14040,11,0,0,12,1,12.331643,1.282386,5287,0,0
14050,10,0,2,13,1,12.333217,1.282362,5287,0,0
14060,5,0,1,7,1,12.328466,1.281993,5287,0,0
14070,11,1,0,13,1,12.329554,1.282032,5287,0,0
14080,11,3,0,15,1,12.332488,1.282357,5290,0,0
14090,15,2,1,19,1,12.342414,1.283382,5315,0,0
14100,10,4,2,17,1,12.343966,1.283497,5316,0,0
14110,2,1,0,4,1,12.341725,1.283256,5316,0,0
14120,0,0,0,1,1,12.336139,1.282734,5316,0,0
14130,0,0,0,0,0,12.331089,1.282144,5316,0,0
14140,10,1,0,12,1,12.324910,1.281419,5316,0,0
14150,16,0,2,19,1,12.323729,1.281194,5316,0,0
14160,3,0,0,4,1,12.323378,1.281235,5316,0,0
14170,0,0,0,0,0,12.317304,1.280765,5316,0,0
14180,0,0,0,0,0,12.310073,1.280146,5316,0,0
14190,8,1,0,10,1,12.307305,1.279794,5316,0,0
14200,18,2,4,25,1,12.311366,1.280171,5326,0,0
14210,18,4,1,24,1,12.318498,1.281055,5343,0,0
14220,11,1,2,15,1,12.321414,1.281397,5344,0,0
14230,18,2,0,21,1,12.321339,1.281297,5344,0,0
14240,7,0,1,9,1,12.323375,1.281463,5351,0,0
14250,7,1,0,9,1,12.321627,1.281152,5351,0,0
14260,17,2,1,21,1,12.317696,1.280745,5351,0,0
14270,17,3,3,24,1,12.324565,1.281377,5360,0,0
14280,0,1,2,4,1,12.325499,1.281569,5367,0,0
14290,1,0,0,2,1,12.318770,1.280973,5367,0,0
14300,3,0,0,4,1,12.315519,1.280590,5367,0,0
14310,5,0,0,6,1,12.311649,1.280143,5367,0,0
14320,13,0,0,14,1,12.309793,1.279868,5367,0,0
14330,11,2,2,16,1,12.312817,1.280240,5368,0,0
14340,18,3,2,24,1,12.318336,1.280769,5378,0,0
14350,19,2,1,23,1,12.324695,1.281506,5387,0,0
14360,0,0,0,1,1,12.327032,1.282020,5387,0,0
14370,1,0,0,2,1,12.319849,1.281311,5387,0,0
14380,5,2,0,8,1,12.313638,1.280685,5387,0,0
14390,20,5,3,29,1,12.317028,1.280910,5395,0,0
14400,0,0,0,1,1,12.319772,1.281317,5400,0,0
14410,1,1,0,3,1,12.313239,1.280703,5400,0,0
14420,5,0,0,6,1,12.309138,1.280214,5400,0,0
14430,7,0,0,8,1,12.305508,1.279856,5400,0,0
14440,14,2,2,19,1,12.305111,1.279807,5400,0,0
14450,12,1,1,15,1,12.312155,1.280467,5413,0,0
14460,11,0,1,13,1,12.310336,1.280408,5413,0,0
14470,9,1,0,11,1,12.307642,1.280212,5413,0,0
14480,16,2,0,19,1,12.311018,1.280463,5423,0,0
14490,17,2,4,24,1,12.317141,1.281065,5434,0,0
14500,20,2,3,26,1,12.325070,1.281955,5453,0,0
14510,0,0,0,1,1,12.324536,1.282085,5453,0,0
14520,0,0,0,0,0,12.318209,1.281363,5453,0,0
14530,1,0,0,2,1,12.313582,1.280837,5453,0,0
14540,5,1,0,7,1,12.307650,1.280277,5453,0,0
14550,16,0,3,20,1,12.307191,1.280184,5453,0,0
14560,14,0,0,15,1,12.312572,1.280782,5461,0,0
14570,9,0,0,10,1,12.309970,1.280485,5461,0,0
14580,14,0,0,15,1,12.309605,1.280421,5461,0,0
14590,5,1,0,7,1,12.310671,1.280615,5461,0,0
14600,3,0,0,4,1,12.308125,1.280279,5461,0,0
14610,3,1,0,5,1,12.302338,1.279614,5461,0,0
14620,0,0,0,1,1,12.296527,1.279029,5461,0,0
14630,19,0,2,22,1,12.296236,1.278927,5467,0,0
14640,9,0,1,11,1,12.298362,1.279232,5473,0,0
14650,7,2,0,10,1,12.295856,1.278954,5473,0,0
14660,13,0,0,14,1,12.292580,1.278660,5473,0,0
14670,1,0,0,2,1,12.288915,1.278353,5473,0,0
14680,10,0,1,12,1,12.282845,1.277686,5473,0,0
14690,18,1,1,21,1,12.287373,1.278131,5480,0,0
14700,17,2,0,20,1,12.291042,1.278396,5486,0,0
14710,9,0,0,10,1,12.290843,1.278386,5487,0,0
14720,1,0,0,2,1,12.284981,1.277841,5487,0,0
14730,0,1,0,2,1,12.280347,1.277369,5487,0,0
14740,4,0,4,9,1,12.276648,1.276859,5487,0,0
14750,14,3,2,20,1,12.272394,1.276310,5487,0,0
14760,15,1,1,18,1,12.276354,1.276796,5491,0,0
14770,20,0,1,22,1,12.281088,1.277280,5501,0,0
14780,20,2,5,28,1,12.287823,1.277955,5520,0,0
14790,15,3,0,19,1,12.295217,1.278860,5547,0,0
14800,6,2,2,11,1,12.296010,1.278899,5550,0,0
14810,8,2,1,12,1,12.298838,1.279212,5561,0,0
14820,14,1,0,16,1,12.294745,1.278770,5561,0,0
14830,12,1,0,14,1,12.300166,1.279398,5578,0,0
14840,9,1,0,11,1,12.299789,1.279522,5578,0,0
14850,13,1,0,15,1,12.298937,1.279398,5578,0,0
14860,4,2,0,7,1,12.294460,1.278961,5578,0,0
14870,3,0,0,4,1,12.294720,1.278944,5578,0,0
14880,10,1,0,12,1,12.291863,1.278567,5578,0,0
14890,12,1,0,14,1,12.296070,1.278997,5582,0,0
14900,19,0,1,21,1,12.298955,1.279209,5587,0,0
14910,15,3,2,21,1,12.304409,1.279823,5599,0,0
14920,1,1,0,3,1,12.302963,1.279772,5602,0,0
14930,5,0,0,6,1,12.298155,1.279219,5602,0,0
14940,2,0,0,3,1,12.292223,1.278675,5602,0,0
14950,1,0,0,2,1,12.286726,1.278104,5602,0,0
14960,6,1,0,8,1,12.284823,1.277987,5602,0,0
14970,4,0,1,6,1,12.280916,1.277591,5602,0,0
14980,20,2,1,24,1,12.280875,1.277463,5602,0,0
14990,12,2,1,16,1,12.285989,1.278121,5612,0,0
15000,6,0,2,9,1,12.285430,1.278037,5612,0,0
15010,0,0,0,1,1,12.284398,1.277895,5612,0,0
15020,7,1,1,10,1,12.280013,1.277405,5612,0,0
15030,1,0,0,2,1,12.276227,1.277039,5612,0,0
15040,5,0,0,6,1,12.273434,1.276820,5612,0,0
15050,8,1,0,10,1,12.272006,1.276655,5612,0,0
15060,19,1,2,23,1,12.273895,1.276641,5617,0,0
15070,14,0,3,18,1,12.279184,1.277228,5620,0,0
15080,16,3,2,22,1,12.285939,1.277958,5631,0,0
15090,2,0,0,3,1,12.288771,1.278351,5645,0,0
15100,18,1,0,20,1,12.288507,1.278298,5645,0,0
15110,20,4,1,26,1,12.292666,1.278653,5658,0,0
15120,20,2,4,27,1,12.299866,1.279367,5670,0,0
15130,10,0,0,11,1,12.302787,1.279813,5674,0,0
15140,9,1,1,12,1,12.305217,1.280050,5674,0,0
15150,19,1,1,22,1,12.307991,1.280322,5677,0,0
15160,19,4,4,28,1,12.314116,1.281004,5697,0,0
15170,0,0,0,1,1,12.313099,1.280926,5697,0,0
15180,5,1,0,7,1,12.309074,1.280605,5697,0,0
15190,9,1,2,13,1,12.305176,1.280253,5697,0,0
15200,8,0,0,9,1,12.302284,1.279865,5697,0,0
15210,10,1,0,12,1,12.306036,1.280160,5713,0,0
15220,16,0,0,17,1,12.310012,1.280663,5716,0,0
15230,4,1,1,7,1,12.313748,1.281140,5721,0,0
15240,0,0,0,1,1,12.308556,1.280636,5721,0,0
15250,20,2,1,24,1,12.306261,1.280311,5722,0,0
15260,4,0,0,5,1,12.306485,1.280448,5723,0,0
15270,0,0,0,0,0,12.300916,1.279879,5723,0,0
15280,17,4,2,24,1,12.299640,1.279607,5724,0,0
15290,9,1,0,11,1,12.305426,1.280254,5733,0,0
15300,20,3,3,27,1,12.306077,1.280253,5737,0,0
15310,15,7,9,32,1,12.315354,1.281289,5754,0,0
15320,20,4,1,26,1,12.323768,1.282139,5768,0,0
15330,7,2,0,10,1,12.326399,1.282318,5774,0,0
15340,18,2,2,23,1,12.327782,1.282359,5780,0,0
15350,19,2,2,24,1,12.329695,1.282576,5787,0,0
15360,17,1,0,19,1,12.334676,1.283139,5795,0,0
15370,20,0,4,25,1,12.342033,1.283949,5817,0,0
15380,15,2,0,18,1,12.347512,1.284564,5825,0,0
15390,19,0,4,24,1,12.353583,1.285222,5835,0,0
15400,3,0,0,4,1,12.355162,1.285466,5838,0,0
15410,4,0,0,5,1,12.353845,1.285208,5838,0,0
15420,20,0,2,23,1,12.350593,1.284758,5841,0,0
15430,0,0,1,2,1,12.349943,1.284813,5842,0,0
15440,1,1,0,3,1,12.343263,1.284119,5842,0,0
15450,6,0,0,7,1,12.337203,1.283524,5842,0,0
15460,9,0,1,11,1,12.337367,1.283422,5842,0,0
15470,1,0,0,2,1,12.334148,1.283140,5842,0,0
15480,8,0,2,11,1,12.330998,1.282727,5842,0,0
15490,6,1,0,8,1,12.325807,1.282240,5842,0,0
15500,4,0,1,6,1,12.320633,1.281694,5842,0,0
15510,0,0,0,0,0,12.315474,1.281218,5842,0,0
15520,1,1,1,4,1,12.309782,1.280696,5842,0,0
15530,12,1,1,15,1,12.306008,1.280176,5842,0,0
15540,11,0,1,13,1,12.306891,1.280226,5845,0,0
15550,16,4,1,22,1,12.311692,1.280675,5847,0,0
15560,8,0,0,9,1,12.314595,1.280944,5853,0,0
15570,17,1,0,19,1,12.317447,1.281233,5854,0,0
15580,19,3,0,23,1,12.318865,1.281245,5854,0,0
15590,14,0,0,15,1,12.316910,1.281009,5854,0,0
15600,18,2,1,22,1,12.320083,1.281348,5857,0,0
15610,1,0,2,4,1,12.321028,1.281559,5864,0,0
15620,8,1,1,11,1,12.318709,1.281242,5864,0,0
15630,8,0,0,9,1,12.320058,1.281324,5864,0,0
15640,3,0,0,4,1,12.315300,1.280924,5864,0,0
15650,9,4,0,14,1,12.312144,1.280597,5864,0,0
15660,18,0,1,20,1,12.316813,1.280905,5874,0,0
15670,8,0,2,11,1,12.315120,1.280833,5874,0,0
15680,8,1,2,12,1,12.313720,1.280697,5874,0,0
15690,20,0,1,22,1,12.319624,1.281253,5888,0,0
15700,19,3,2,25,1,12.324053,1.281740,5893,0,0
15710,1,0,0,2,1,12.323755,1.281770,5897,0,0
15720,5,0,0,6,1,12.318655,1.281207,5897,0,0
15730,10,0,1,12,1,12.314328,1.280758,5897,0,0
15740,5,1,3,10,1,12.316375,1.280964,5907,0,0
15750,3,0,0,4,1,12.319313,1.281203,5922,0,0
15760,10,2,0,13,1,12.315802,1.280814,5922,0,0
15770,14,0,0,15,1,12.317477,1.280981,5922,0,0
15780,20,0,3,24,1,12.317205,1.280819,5923,0,0
15790,7,3,4,15,1,12.322935,1.281551,5940,0,0
15800,1,0,1,3,1,12.319258,1.281254,5940,0,0
15810,3,1,1,6,1,12.312794,1.280524,5940,0,0
15820,8,1,1,11,1,12.308310,1.280051,5940,0,0
15830,0,0,0,1,1,12.302701,1.279418,5940,0,0
15840,3,0,0,4,1,12.300363,1.279151,5940,0,0
15850,3,1,0,5,1,12.299526,1.279049,5940,0,0
15860,5,1,0,7,1,12.296305,1.278656,5940,0,0
15870,11,1,0,13,1,12.290559,1.278136,5940,0,0
15880,7,0,1,9,1,12.287696,1.277814,5940,0,0
15890,6,0,0,7,1,12.288436,1.277892,5943,0,0
15900,15,0,0,16,1,12.287561,1.277836,5943,0,0
15910,11,1,3,16,1,12.294509,1.278594,5964,0,0
15920,9,0,0,10,1,12.292699,1.278507,5964,0,0
15930,1,0,0,2,1,12.291545,1.278488,5964,0,0
15940,10,1,5,17,1,12.287679,1.278029,5964,0,0
15950,19,1,2,23,1,12.292436,1.278433,5968,0,0
15960,15,1,1,18,1,12.297372,1.279065,5990,0,0
15970,15,0,1,17,1,12.301710,1.279600,5998,0,0
15980,20,5,0,26,1,12.306296,1.280062,6009,0,0
15990,2,0,0,3,1,12.306028,1.280143,6014,0,0
16000,7,0,0,8,1,12.300735,1.279552,6014,0,0
16010,4,1,3,9,1,12.297974,1.279216,6014,0,0
16020,9,0,0,10,1,12.294080,1.278796,6014,0,0
16030,7,0,1,9,1,12.293330,1.278677,6014,0,0
16040,9,2,2,14,1,12.294121,1.278703,6014,0,0
16050,2,0,0,3,1,12.288533,1.278280,6014,0,0
16060,1,2,0,4,1,12.282706,1.277799,6014,0,0
16070,0,0,0,0,0,12.277234,1.277248,6014,0,0
16080,14,1,4,20,1,12.276050,1.276985,6014,0,0
16090,16,2,1,20,1,12.280087,1.277389,6017,0,0
16100,13,2,0,16,1,12.285330,1.277944,6023,0,0
16110,10,0,1,12,1,12.286313,1.278081,6023,0,0
16120,3,2,0,6,1,12.288122,1.278303,6025,0,0
16130,3,0,0,4,1,12.283829,1.277791,6025,0,0
16140,16,1,0,18,1,12.285435,1.277861,6025,0,0
16150,15,3,3,22,1,12.291397,1.278449,6042,0,0
16160,9,1,0,11,1,12.292564,1.278555,6046,0,0
16170,0,0,0,0,0,12.290282,1.278467,6048,0,0
16180,15,5,6,27,1,12.289284,1.278430,6048,0,0
16190,2,0,0,3,1,12.286939,1.278376,6048,0,0
16200,4,0,0,5,1,12.282639,1.277889,6048,0,0
16210,1,0,0,2,1,12.277382,1.277326,6048,0,0
16220,15,0,1,17,1,12.276824,1.277204,6048,0,0
16230,20,3,1,25,1,12.282361,1.277650,6062,0,0
16240,7,0,0,8,1,12.278847,1.277441,6065,0,0
16250,5,0,0,6,1,12.272988,1.276955,6065,0,0
16260,0,0,0,1,1,12.267602,1.276518,6065,0,0
16270,19,2,0,22,1,12.268368,1.276419,6065,0,0
16280,7,1,3,12,1,12.268913,1.276558,6066,0,0
16290,5,0,0,6,1,12.267874,1.276442,6066,0,0
16300,0,0,0,0,0,12.263415,1.276004,6066,0,0
16310,9,0,0,10,1,12.258555,1.275532,6066,0,0
16320,12,1,1,15,1,12.260152,1.275715,6066,0,0
16330,7,0,2,10,1,12.261815,1.275824,6066,0,0
16340,14,2,1,18,1,12.261109,1.275784,6066,0,0
16350,18,4,0,23,1,12.267331,1.276473,6075,0,0
16360,15,0,1,17,1,12.271093,1.276800,6079,0,0
16370,17,2,5,25,1,12.275067,1.277222,6090,0,0
16380,6,1,0,8,1,12.278804,1.277758,6101,0,0
16390,6,1,0,8,1,12.277104,1.277533,6101,0,0
16400,3,1,1,6,1,12.271753,1.277058,6101,0,0
16410,1,0,0,2,1,12.266905,1.276571,6101,0,0
16420,1,0,1,3,1,12.261393,1.276071,6101,0,0
16430,4,1,0,6,1,12.260693,1.275845,6101,0,0
16440,17,2,1,21,1,12.256265,1.275312,6101,0,0
16450,10,0,3,14,1,12.260483,1.275760,6110,0,0
16460,7,1,1,10,1,12.261691,1.275871,6110,0,0
16470,5,0,0,6,1,12.256288,1.275309,6110,0,0
16480,17,0,1,19,1,12.254541,1.275040,6110,0,0
16490,12,3,0,16,1,12.253882,1.275093,6110,0,0
16500,0,0,0,1,1,12.250690,1.274753,6110,0,0
16510,14,2,2,19,1,12.248353,1.274439,6110,0,0
16520,8,0,0,9,1,12.249100,1.274606,6110,0,0
16530,13,0,1,15,1,12.247291,1.274434,6110,0,0
16540,11,0,1,13,1,12.249183,1.274560,6110,0,0
16550,9,0,0,10,1,12.246216,1.274244,6110,0,0
16560,16,1,3,21,1,12.245636,1.274184,6110,0,0
16570,19,0,2,22,1,12.251680,1.274950,6124,0,0
16580,2,0,0,3,1,12.250564,1.274963,6124,0,0
16590,9,0,0,10,1,12.245847,1.274441,6124,0,0
16600,13,1,0,15,1,12.247876,1.274565,6126,0,0
16610,19,2,3,25,1,12.253361,1.275024,6134,0,0
16620,18,2,4,25,1,12.259981,1.275802,6160,0,0
16630,10,0,0,11,1,12.262045,1.275978,6170,0,0
16640,7,0,0,8,1,12.259210,1.275651,6170,0,0
16650,0,1,0,2,1,12.254231,1.275150,6170,0,0
16660,5,1,0,7,1,12.249448,1.274605,6170,0,0
16670,4,1,0,6,1,12.244537,1.274183,6170,0,0
16680,1,2,1,5,1,12.238811,1.273588,6170,0,0
16690,5,0,1,7,1,12.235066,1.273215,6170,0,0
16700,0,0,0,1,1,12.230386,1.272863,6170,0,0
16710,0,1,0,2,1,12.224646,1.272290,6170,0,0
16720,0,0,0,0,0,12.222757,1.272158,6170,0,0
16730,13,1,1,16,1,12.219887,1.271804,6170,0,0
16740,10,1,0,12,1,12.219504,1.271789,6170,0,0
16750,14,3,0,18,1,12.222413,1.272187,6182,0,0
16760,8,1,2,12,1,12.225499,1.272517,6193,0,0
16770,0,0,0,0,0,12.221018,1.272082,6193,0,0
16780,3,0,0,4,1,12.215914,1.271560,6193,0,0
16790,12,0,4,17,1,12.213307,1.271249,6194,0,0
16800,14,0,1,16,1,12.213415,1.271182,6196,0,0
16810,20,3,5,29,1,12.217006,1.271533,6203,0,0
16820,17,0,0,18,1,12.224044,1.272369,6231,0,0
16830,3,0,0,4,1,12.220579,1.272103,6231,0,0
16840,9,0,2,12,1,12.215186,1.271621,6231,0,0
16850,5,1,0,7,1,12.210382,1.271176,6231,0,0
16860,20,4,3,28,1,12.210340,1.271125,6237,0,0
16870,8,1,1,11,1,12.213313,1.271545,6247,0,0
16880,11,1,2,15,1,12.213253,1.271515,6247,0,0
16890,3,0,0,4,1,12.209611,1.271262,6247,0,0
16900,2,1,0,4,1,12.206394,1.270826,6247,0,0
16910,6,1,0,8,1,12.204522,1.270623,6247,0,0
16920,11,2,2,16,1,12.201352,1.270309,6247,0,0
16930,0,0,0,1,1,12.197193,1.269931,6247,0,0
16940,12,1,1,15,1,12.196297,1.269729,6247,0,0
16950,16,1,0,18,1,12.200441,1.270130,6256,0,0
16960,17,2,2,22,1,12.204378,1.270470,6259,0,0
16970,8,0,0,9,1,12.207648,1.270897,6259,0,0
16980,7,0,0,8,1,12.204620,1.270566,6259,0,0
16990,5,0,0,6,1,12.200026,1.270190,6259,0,0
17000,0,0,0,1,1,12.194788,1.269691,6259,0,0
17010,11,3,1,16,1,12.190274,1.269214,6259,0,0
17020,5,0,1,7,1,12.189277,1.269056,6259,0,0
17030,7,3,2,13,1,12.185383,1.268667,6259,0,0
17040,3,0,0,4,1,12.183278,1.268471,6259,0,0
17050,3,1,0,5,1,12.177940,1.268055,6259,0,0
17060,10,0,0,11,1,12.173274,1.267569,6259,0,0
17070,4,0,1,6,1,12.175838,1.267806,6260,0,0
17080,4,0,0,5,1,12.173172,1.267552,6260,0,0
17090,15,1,2,19,1,12.177698,1.267915,6260,0,0
17100,17,3,1,22,1,12.182340,1.268376,6269,0,0
17110,11,3,3,18,1,12.182209,1.268409,6269,0,0
17120,6,0,1,8,1,12.180478,1.268221,6272,0,0
17130,15,2,1,19,1,12.183266,1.268465,6275,0,0
17140,9,0,0,10,1,12.183519,1.268615,6276,0,0
17150,1,1,0,3,1,12.183901,1.268571,6277,0,0
17160,5,1,1,8,1,12.180501,1.268132,6277,0,0
17170,20,2,3,26,1,12.185831,1.268649,6291,0,0
17180,17,6,0,24,1,12.189149,1.269003,6295,0,0
17190,10,0,1,12,1,12.195802,1.269827,6306,0,0
17200,9,0,1,11,1,12.195741,1.269736,6306,0,0
17210,12,2,0,15,1,12.199720,1.270197,6327,0,0
17220,8,1,0,10,1,12.195027,1.269770,6327,0,0
17230,9,0,0,10,1,12.195722,1.269712,6327,0,0
17240,1,0,0,2,1,12.191931,1.269364,6327,0,0
17250,8,2,3,14,1,12.192000,1.269364,6327,0,0
17260,0,0,0,0,0,12.189017,1.269161,6327,0,0
17270,9,0,0,10,1,12.185818,1.268836,6327,0,0
17280,6,0,0,7,1,12.182435,1.268445,6327,0,0
17290,3,0,0,4,1,12.177649,1.267970,6327,0,0
17300,0,0,1,2,1,12.174340,1.267756,6327,0,0
17310,8,1,0,10,1,12.175430,1.267748,6329,0,0
17320,14,1,1,17,1,12.178492,1.268082,6333,0,0
17330,13,0,8,22,1,12.182078,1.268334,6334,0,0
17340,16,0,0,17,1,12.184907,1.268636,6336,0,0
17350,1,1,0,3,1,12.183443,1.268576,6336,0,0
17360,1,1,3,6,1,12.179668,1.268251,6336,0,0
17370,9,1,1,12,1,12.177734,1.268020,6336,0,0
17380,7,0,0,8,1,12.174265,1.267606,6336,0,0
17390,4,1,0,6,1,12.170353,1.267237,6336,0,0
17400,7,0,1,9,1,12.168966,1.267062,6336,0,0
17410,3,1,0,5,1,12.164365,1.266652,6336,0,0
17420,15,0,2,18,1,12.161776,1.266329,6336,0,0
17430,8,0,5,14,1,12.158280,1.265958,6336,0,0
17440,0,0,0,1,1,12.155729,1.265723,6336,0,0
17450,10,0,0,11,1,12.150616,1.265130,6336,0,0
17460,17,2,0,20,1,12.154972,1.265531,6342,0,0
17470,20,1,1,23,1,12.161309,1.266290,6358,0,0
17480,18,1,2,22,1,12.164710,1.266727,6366,0,0
17490,18,2,2,23,1,12.171052,1.267546,6393,0,0
17500,0,0,0,0,0,12.171242,1.267566,6393,0,0
17510,11,0,1,13,1,12.166783,1.267162,6393,0,0
17520,14,2,2,19,1,12.165607,1.267010,6393,0,0
17530,18,0,0,19,1,12.168208,1.267296,6398,0,0
17540,13,0,3,17,1,12.170868,1.267535,6400,0,0
17550,7,1,1,10,1,12.167339,1.267236,6400,0,0
17560,14,3,1,19,1,12.170776,1.267518,6404,0,0
17570,6,3,2,12,1,12.172487,1.267689,6408,0,0
17580,20,3,0,24,1,12.174242,1.267835,6412,0,0
17590,3,0,3,7,1,12.178152,1.268197,6412,0,0
17600,16,3,3,23,1,12.179416,1.268344,6419,0,0
17610,10,1,0,12,1,12.183991,1.268866,6441,0,0
17620,0,0,0,1,1,12.179667,1.268483,6441,0,0
17630,0,0,0,1,1,12.177464,1.268388,6441,0,0
17640,6,1,0,8,1,12.172499,1.267931,6441,0,0
17650,10,0,0,11,1,12.174820,1.268083,6441,0,0
17660,4,0,1,6,1,12.176853,1.268288,6444,0,0
17670,20,5,0,26,1,12.178152,1.268206,6447,0,0
17680,15,3,1,20,1,12.184129,1.268918,6457,0,0
17690,16,1,4,22,1,12.186690,1.269096,6457,0,0
17700,19,3,2,25,1,12.191356,1.269567,6474,0,0
17710,16,0,1,18,1,12.196069,1.270162,6483,0,0
17720,6,0,1,8,1,12.198309,1.270448,6483,0,0
17730,8,2,2,13,1,12.199780,1.270557,6484,0,0
17740,2,2,2,7,1,12.194901,1.270168,6484,0,0
17750,20,2,3,26,1,12.192706,1.269887,6487,0,0
17760,15,2,1,19,1,12.198052,1.270347,6503,0,0
17770,14,1,4,20,1,12.203743,1.270962,6511,0,0
17780,8,0,0,9,1,12.201748,1.270799,6517,0,0
17790,2,0,0,3,1,12.197374,1.270292,6517,0,0
17800,0,0,0,1,1,12.192104,1.269766,6517,0,0
17810,12,1,0,14,1,12.191665,1.269668,6517,0,0
17820,19,2,3,25,1,12.191490,1.269657,6520,0,0
17830,5,0,0,6,1,12.193954,1.270003,6525,0,0
17840,15,2,0,18,1,12.190328,1.269640,6525,0,0
17850,17,5,0,23,1,12.193941,1.270047,6538,0,0
17860,12,2,0,15,1,12.198244,1.270591,6548,0,0
17870,6,1,0,8,1,12.200590,1.270895,6551,0,0
17880,11,1,1,14,1,12.202903,1.271047,6551,0,0
17890,4,0,1,6,1,12.200951,1.270925,6551,0,0
17900,2,0,0,3,1,12.194864,1.270439,6551,0,0
17910,0,0,0,1,1,12.190440,1.269933,6551,0,0
17920,0,0,0,0,0,12.184909,1.269431,6551,0,0
17930,16,1,0,18,1,12.186359,1.269486,6555,0,0
17940,16,2,2,21,1,12.190386,1.269935,6568,0,0
17950,13,2,3,19,1,12.194046,1.270287,6571,0,0
17960,5,0,1,7,1,12.196412,1.270519,6572,0,0
17970,17,4,1,23,1,12.196761,1.270503,6572,0,0
17980,6,1,1,9,1,12.200240,1.270961,6581,0,0
17990,10,1,0,12,1,12.198227,1.270715,6581,0,0
18000,5,0,2,8,1,12.197570,1.270742,6581,0,0
18010,12,1,2,16,1,12.199552,1.270875,6581,0,0
18020,7,3,0,11,1,12.201747,1.271045,6581,0,0
18030,6,0,0,7,1,12.201338,1.270973,6581,0,0
18040,9,0,1,11,1,12.204064,1.271198,6587,0,0
18050,6,1,1,9,1,12.205176,1.271328,6587,0,0
18060,17,1,0,19,1,12.204703,1.271243,6588,0,0
18070,8,1,1,11,1,12.209858,1.271890,6591,0,0
18080,0,0,0,1,1,12.206766,1.271663,6591,0,0
18090,8,0,2,11,1,12.203166,1.271236,6591,0,0
18100,16,1,0,18,1,12.204413,1.271242,6594,0,0
18110,16,1,1,19,1,12.204585,1.271194,6594,0,0
18120,6,2,3,12,1,12.209551,1.271704,6601,0,0
18130,14,4,3,22,1,12.213840,1.272063,6607,0,0
18140,15,0,0,16,1,12.219577,1.272748,6630,0,0
18150,14,4,2,21,1,12.224485,1.273325,6638,0,0
18160,13,2,0,16,1,12.229477,1.273889,6649,0,0
18170,4,0,1,6,1,12.225166,1.273564,6649,0,0
18180,0,0,1,2,1,12.221157,1.273176,6649,0,0
18190,0,0,0,1,1,12.216414,1.272704,6649,0,0
18200,20,2,1,24,1,12.219673,1.273028,6676,0,0
18210,1,1,0,3,1,12.219697,1.273024,6679,0,0
18220,6,0,2,9,1,12.220201,1.273010,6679,0,0
18230,4,0,0,5,1,12.220182,1.273016,6679,0,0
18240,1,0,0,2,1,12.215706,1.272542,6679,0,0
18250,6,0,0,7,1,12.210681,1.272055,6679,0,0
18260,3,0,0,4,1,12.209453,1.271941,6679,0,0
18270,18,3,0,22,1,12.207915,1.271745,6679,0,0
18280,15,2,1,19,1,12.209342,1.271966,6679,0,0
18290,10,1,0,12,1,12.212905,1.272359,6680,0,0
18300,3,0,0,4,1,12.208702,1.271971,6680,0,0
18310,1,1,0,3,1,12.205796,1.271575,6680,0,0
18320,14,0,1,16,1,12.204172,1.271268,6680,0,0
18330,8,0,1,10,1,12.201683,1.270987,6680,0,0
18340,6,0,0,7,1,12.203151,1.271255,6700,0,0
18350,9,1,0,11,1,12.202067,1.271142,6700,0,0
18360,5,2,0,8,1,12.197808,1.270692,6700,0,0
18370,16,4,1,22,1,12.200513,1.270988,6700,0,0
18380,19,2,1,23,1,12.204298,1.271331,6709,0,0
18390,1,0,0,2,1,12.203681,1.271310,6716,0,0
18400,2,0,0,3,1,12.198453,1.270766,6716,0,0
18410,0,0,0,1,1,12.194594,1.270328,6716,0,0
18420,20,1,2,24,1,12.194037,1.270241,6723,0,0
18430,16,0,1,18,1,12.196899,1.270604,6725,0,0
18440,5,0,0,6,1,12.196695,1.270582,6725,0,0
18450,1,0,0,2,1,12.194208,1.270273,6725,0,0
18460,2,0,1,4,1,12.189254,1.269735,6725,0,0
18470,2,0,1,4,1,12.185116,1.269362,6725,0,0
18480,11,1,4,17,1,12.186588,1.269443,6736,0,0
18490,11,2,0,14,1,12.187185,1.269520,6736,0,0
18500,4,0,0,5,1,12.183635,1.269100,6736,0,0
18510,3,0,0,4,1,12.180065,1.268735,6736,0,0
18520,19,2,0,22,1,12.180384,1.268690,6740,0,0
18530,1,0,0,2,1,12.179738,1.268694,6740,0,0
18540,0,0,0,1,1,12.175492,1.268266,6740,0,0
18550,4,0,1,6,1,12.170965,1.267766,6740,0,0
18560,9,2,1,13,1,12.166967,1.267385,6740,0,0
18570,9,0,0,10,1,12.165692,1.267210,6740,0,0
18580,4,0,0,5,1,12.164147,1.266949,6740,0,0
18590,12,0,0,13,1,12.166171,1.267132,6740,0,0
18600,11,0,1,13,1,12.166834,1.267201,6740,0,0
18610,15,0,0,16,1,12.166328,1.267127,6740,0,0
18620,14,1,3,19,1,12.170961,1.267723,6751,0,0
18630,20,4,4,29,1,12.173034,1.267883,6758,0,0
18640,6,0,2,9,1,12.175276,1.268187,6765,0,0
18650,5,2,0,8,1,12.170537,1.267743,6765,0,0
18660,5,0,0,6,1,12.166286,1.267321,6765,0,0
18670,6,0,1,8,1,12.161829,1.266794,6765,0,0
18680,1,1,0,3,1,12.157531,1.266417,6765,0,0
18690,1,0,0,2,1,12.151969,1.265950,6765,0,0
18700,0,0,0,1,1,12.146478,1.265505,6765,0,0
18710,8,0,0,9,1,12.143218,1.265158,6765,0,0
18720,17,0,0,18,1,12.146958,1.265618,6775,0,0
18730,10,1,0,12,1,12.150557,1.265936,6787,0,0
18740,1,0,0,2,1,12.145668,1.265533,6787,0,0
18750,3,0,1,5,1,12.142446,1.265126,6787,0,0
18760,0,0,0,1,1,12.138069,1.264705,6787,0,0
18770,1,0,0,2,1,12.135851,1.264474,6787,0,0
18780,18,0,3,22,1,12.137577,1.264612,6791,0,0
18790,11,5,3,20,1,12.142392,1.265162,6807,0,0
18800,11,2,6,20,1,12.146029,1.265541,6818,0,0
18810,13,0,0,14,1,12.145950,1.265575,6818,0,0
18820,6,0,0,7,1,12.147399,1.265690,6823,0,0
18830,17,2,5,25,1,12.149982,1.265889,6828,0,0
18840,10,0,0,11,1,12.153694,1.266241,6832,0,0
18850,19,1,2,23,1,12.155701,1.266485,6838,0,0
18860,0,0,0,0,0,12.154268,1.266468,6838,0,0
18870,2,0,0,3,1,12.153070,1.266357,6838,0,0
18880,2,0,0,3,1,12.149588,1.265952,6838,0,0
18890,7,2,1,11,1,12.149811,1.265850,6841,0,0
18900,6,0,1,8,1,12.148638,1.265790,6841,0,0
18910,1,0,0,2,1,12.146137,1.265508,6841,0,0
18920,4,0,0,5,1,12.143358,1.265128,6841,0,0
18930,9,1,1,12,1,12.140042,1.264810,6841,0,0
18940,13,2,2,18,1,12.142602,1.265077,6846,0,0
18950,18,0,0,19,1,12.146852,1.265589,6859,0,0
18960,7,0,0,8,1,12.143984,1.265381,6859,0,0
18970,17,3,2,23,1,12.145163,1.265427,6868,0,0
18980,17,4,0,22,1,12.150368,1.266059,6888,0,0
18990,5,0,0,6,1,12.152346,1.266335,6888,0,0
19000,10,2,0,13,1,12.148353,1.265800,6888,0,0
19010,16,1,1,19,1,12.151578,1.266081,6893,0,0
19020,18,1,0,20,1,12.156924,1.266769,6907,0,0
19030,6,0,0,7,1,12.158189,1.266964,6908,0,0
19040,18,8,3,30,1,12.161522,1.267186,6913,0,0
19050,2,1,0,4,1,12.165021,1.267654,6927,0,0
19060,6,2,0,9,1,12.163030,1.267446,6927,0,0
19070,12,0,2,15,1,12.162650,1.267351,6927,0,0
19080,0,0,0,0,0,12.159931,1.267116,6927,0,0
19090,5,0,0,6,1,12.156481,1.266701,6927,0,0
19100,11,0,2,14,1,12.153521,1.266372,6927,0,0
19110,16,1,3,21,1,12.153219,1.266312,6927,0,0
19120,11,1,3,16,1,12.156894,1.266647,6934,0,0
19130,0,0,0,1,1,12.155591,1.266642,6934,0,0
19140,11,6,1,19,1,12.154427,1.266438,6934,0,0
19150,16,2,4,23,1,12.158608,1.266935,6943,0,0
19160,8,0,0,9,1,12.163636,1.267521,6969,0,0
19170,6,0,0,7,1,12.161682,1.267358,6969,0,0
19180,3,1,0,5,1,12.158651,1.267028,6969,0,0
19190,9,0,0,10,1,12.155200,1.266703,6969,0,0
19200,4,0,0,5,1,12.151989,1.266361,6969,0,0
19210,2,0,0,3,1,12.149587,1.266118,6969,0,0
19220,1,0,0,2,1,12.147142,1.265897,6969,0,0
19230,4,1,3,9,1,12.146440,1.265762,6969,0,0
19240,12,3,6,22,1,12.150916,1.266200,6979,0,0
19250,15,1,1,18,1,12.154389,1.266569,6986,0,0
19260,11,1,0,13,1,12.158323,1.266985,6990,0,0
19270,13,1,0,15,1,12.159154,1.267044,6990,0,0
19280,17,1,0,19,1,12.162822,1.267385,6994,0,0
19290,5,0,0,6,1,12.160461,1.267139,6994,0,0
19300,19,5,2,27,1,12.161155,1.267122,7001,0,0
19310,15,0,1,17,1,12.168077,1.267959,7023,0,0
19320,12,2,1,16,1,12.171766,1.268460,7030,0,0
19330,20,1,3,25,1,12.176012,1.268902,7048,0,0
19340,7,1,1,10,1,12.176942,1.269006,7052,0,0
19350,2,0,0,3,1,12.175030,1.268799,7052,0,0
19360,0,0,0,1,1,12.172306,1.268501,7052,0,0
19370,13,0,2,16,1,12.167766,1.268035,7052,0,0
19380,11,2,1,15,1,12.170936,1.268317,7059,0,0
19390,20,3,3,27,1,12.173464,1.268464,7061,0,0
19400,0,0,0,1,1,12.173043,1.268461,7061,0,0
19410,7,1,0,9,1,12.174991,1.268637,7066,0,0
19420,5,0,2,8,1,12.173392,1.268470,7066,0,0
19430,19,1,1,22,1,12.173759,1.268481,7073,0,0
19440,11,4,1,17,1,12.177415,1.268889,7075,0,0
19450,5,0,1,7,1,12.179608,1.269042,7076,0,0
19460,13,0,4,18,1,12.178653,1.268895,7076,0,0
19470,17,0,2,20,1,12.182663,1.269415,7085,0,0
19480,20,2,0,23,1,12.187312,1.269946,7109,0,0
19490,15,0,6,22,1,12.192236,1.270520,7121,0,0
19500,17,0,1,19,1,12.197610,1.271182,7130,0,0
19510,12,0,0,13,1,12.197073,1.271126,7130,0,0
19520,1,0,0,2,1,12.197652,1.271240,7131,0,0
19530,3,0,0,4,1,12.194236,1.270911,7131,0,0
19540,0,0,0,1,1,12.189812,1.270456,7131,0,0
19550,0,0,0,1,1,12.186790,1.270161,7131,0,0
19560,15,1,0,17,1,12.183622,1.269756,7131,0,0
19570,4,0,1,6,1,12.184075,1.269918,7135,0,0
19580,5,0,0,6,1,12.179894,1.269502,7135,0,0
19590,8,0,0,9,1,12.177697,1.269259,7135,0,0
19600,0,0,0,0,0,12.172381,1.268894,7135,0,0
19610,8,1,1,11,1,12.167434,1.268378,7135,0,0
19620,17,0,1,19,1,12.166493,1.268266,7135,0,0
19630,16,0,0,17,1,12.170643,1.268745,7148,0,0
19640,13,1,0,15,1,12.175473,1.269241,7171,0,0
19650,7,1,1,10,1,12.176656,1.269384,7171,0,0
19660,7,0,0,8,1,12.173139,1.269024,7171,0,0
19670,12,0,7,20,1,12.176100,1.269177,7173,0,0
19680,17,0,0,18,1,12.180471,1.269686,7182,0,0
19690,20,5,3,29,1,12.183768,1.270009,7195,0,0
19700,19,0,0,20,1,12.188220,1.270567,7214,0,0
19710,0,0,0,0,0,12.187336,1.270582,7214,0,0
19720,16,3,2,22,1,12.187319,1.270573,7224,0,0
19730,9,0,0,10,1,12.191026,1.270999,7240,0,0
19740,7,3,1,12,1,12.190364,1.270909,7240,0,0
19750,4,0,0,5,1,12.186340,1.270644,7240,0,0
19760,10,2,1,14,1,12.184402,1.270414,7240,0,0
19770,16,3,0,20,1,12.188993,1.270932,7250,0,0
19780,20,0,4,25,1,12.191550,1.271145,7253,0,0
19790,9,1,2,13,1,12.196457,1.271696,7267,0,0
19800,2,0,0,3,1,12.196567,1.271700,7267,0,0
19810,5,1,0,7,1,12.191511,1.271212,7267,0,0
19820,19,1,0,21,1,12.190030,1.271031,7270,0,0
19830,18,3,1,23,1,12.192458,1.271317,7274,0,0
19840,4,2,0,7,1,12.193879,1.271491,7280,0,0
19850,11,0,2,14,1,12.191081,1.271118,7280,0,0
19860,0,0,0,0,0,12.189796,1.271010,7280,0,0
19870,5,0,3,9,1,12.185904,1.270564,7280,0,0
19880,14,2,1,18,1,12.189348,1.270849,7290,0,0
19890,19,0,4,24,1,12.196050,1.271521,7317,0,0
19900,18,3,0,22,1,12.202948,1.272246,7336,0,0
19910,8,0,0,9,1,12.203418,1.272294,7336,0,0
19920,8,4,0,13,1,12.206308,1.272502,7355,0,0
19930,10,1,1,13,1,12.206138,1.272391,7355,0,0
19940,11,3,0,15,1,12.209848,1.272763,7367,0,0
19950,5,1,0,7,1,12.210826,1.272905,7367,0,0
19960,10,1,0,12,1,12.209842,1.272755,7367,0,0
19970,16,1,3,21,1,12.212897,1.273067,7369,0,0
19980,2,0,4,7,1,12.213518,1.273144,7369,0,0
19990,5,0,1,7,1,12.212044,1.272970,7369,0,0
20000,16,0,1,18,1,12.209242,1.272618,7369,0,0
20010,20,3,2,26,1,12.211141,1.272796,7383,0,0
20020,7,0,0,8,1,12.213211,1.273071,7388,0,0
20030,4,1,0,6,1,12.212772,1.272971,7388,0,0
20040,2,0,0,3,1,12.208193,1.272540,7388,0,0
20050,5,0,1,7,1,12.204528,1.272171,7388,0,0
20060,0,0,0,1,1,12.200598,1.271787,7388,0,0
20070,10,2,0,13,1,12.198944,1.271614,7388,0,0
20080,20,0,6,27,1,12.205168,1.272230,7421,0,0
20090,12,3,0,16,1,12.206530,1.272332,7425,0,0
20100,7,1,0,9,1,12.207231,1.272510,7425,0,0
20110,13,0,3,17,1,12.208325,1.272577,7428,0,0
20120,8,0,0,9,1,12.209583,1.272728,7429,0,0
20130,6,1,4,12,1,12.207874,1.272503,7429,0,0
20140,5,0,0,6,1,12.207610,1.272422,7429,0,0
20150,1,0,0,2,1,12.206473,1.272271,7429,0,0
20160,15,1,1,18,1,12.204771,1.272093,7432,0,0
20170,10,2,2,15,1,12.204489,1.272063,7432,0,0
20180,15,1,3,20,1,12.206062,1.272082,7432,0,0
20190,12,1,3,17,1,12.208201,1.272298,7432,0,0
20200,0,0,0,1,1,12.206453,1.272129,7432,0,0
20210,10,0,0,11,1,12.204961,1.272019,7432,0,0
20220,10,0,0,11,1,12.205092,1.271986,7432,0,0
20230,6,1,0,8,1,12.205915,1.272085,7434,0,0
20240,13,0,0,14,1,12.202927,1.271753,7434,0,0
20250,13,0,1,15,1,12.201007,1.271468,7434,0,0
20260,11,1,0,13,1,12.200606,1.271465,7434,0,0
20270,16,2,3,22,1,12.203541,1.271666,7442,0,0
20280,17,1,2,21,1,12.208832,1.272204,7451,0,0
20290,17,3,1,22,1,12.213336,1.272608,7457,0,0
20300,13,0,0,14,1,12.216301,1.272962,7465,0,0
20310,0,0,1,2,1,12.212236,1.272682,7465,0,0
20320,0,0,0,1,1,12.209179,1.272435,7465,0,0
20330,2,0,1,4,1,12.205026,1.272022,7465,0,0
20340,2,0,5,8,1,12.201995,1.271569,7465,0,0
20350,7,1,0,9,1,12.201594,1.271494,7465,0,0
20360,20,0,4,25,1,12.205938,1.271894,7472,0,0
20370,0,0,0,0,0,12.206676,1.272095,7481,0,0
20380,3,0,1,5,1,12.203161,1.271741,7481,0,0
20390,3,1,0,5,1,12.199859,1.271403,7481,0,0
20400,17,1,3,22,1,12.199204,1.271289,7481,0,0
20410,18,3,1,23,1,12.204198,1.271848,7492,0,0
20420,18,3,0,22,1,12.208360,1.272288,7508,0,0
20430,20,0,4,25,1,12.212770,1.272780,7524,0,0
20440,15,3,0,19,1,12.215200,1.273020,7528,0,0
20450,14,0,1,16,1,12.218867,1.273460,7531,0,0
20460,8,2,2,13,1,12.219006,1.273384,7531,0,0
20470,10,0,0,11,1,12.218630,1.273279,7531,0,0
20480,0,0,0,1,1,12.216447,1.273013,7531,0,0
20490,2,1,1,5,1,12.211605,1.272560,7531,0,0
20500,6,0,0,7,1,12.214418,1.272801,7533,0,0
20510,17,1,0,19,1,12.215952,1.272857,7534,0,0
20520,0,0,0,0,0,12.217460,1.273020,7534,0,0
20530,7,0,0,8,1,12.213183,1.272607,7534,0,0
20540,12,0,1,14,1,12.211215,1.272369,7534,0,0
20550,5,0,3,9,1,12.211282,1.272363,7534,0,0
20560,7,0,1,9,1,12.208499,1.272099,7534,0,0
20570,3,0,0,4,1,12.203805,1.271680,7534,0,0
20580,12,2,0,15,1,12.201246,1.271375,7534,0,0
20590,19,3,1,24,1,12.204463,1.271723,7543,0,0
20600,0,0,0,1,1,12.206239,1.271985,7558,0,0
20610,9,0,0,10,1,12.202140,1.271558,7558,0,0
20620,6,4,1,12,1,12.205240,1.271861,7558,0,0
20630,2,0,0,3,1,12.200484,1.271500,7558,0,0
20640,0,0,0,1,1,12.196082,1.271150,7558,0,0
20650,1,0,1,3,1,12.191458,1.270706,7558,0,0
20660,3,1,0,5,1,12.187725,1.270304,7558,0,0
20670,5,0,0,6,1,12.183785,1.269919,7558,0,0
20680,10,1,1,13,1,12.182121,1.269758,7558,0,0
20690,2,1,0,4,1,12.179319,1.269580,7558,0,0
20700,14,1,2,18,1,12.180175,1.269618,7558,0,0
20710,19,6,2,28,1,12.185051,1.270145,7561,0,0
20720,17,2,0,20,1,12.189977,1.270773,7579,0,0
20730,0,0,0,0,0,12.186233,1.270478,7579,0,0
20740,20,0,0,21,1,12.187654,1.270556,7591,0,0
20750,6,0,0,7,1,12.190541,1.270843,7597,0,0
20760,17,1,1,20,1,12.189088,1.270634,7600,0,0
20770,14,1,1,17,1,12.191030,1.270849,7600,0,0
20780,16,2,1,20,1,12.194247,1.271139,7601,0,0
20790,16,1,0,18,1,12.197756,1.271447,7607,0,0
20800,20,1,2,24,1,12.200466,1.271659,7618,0,0
20810,20,2,0,23,1,12.203812,1.272026,7625,0,0
20820,11,2,0,14,1,12.206066,1.272312,7632,0,0
20830,1,1,0,3,1,12.205420,1.272238,7632,0,0
20840,17,2,2,22,1,12.205519,1.272165,7634,0,0
20850,0,1,0,2,1,12.207918,1.272504,7655,0,0
20860,7,0,0,8,1,12.203649,1.272052,7655,0,0
20870,13,0,0,14,1,12.204058,1.272024,7655,0,0
20880,6,0,0,7,1,12.201765,1.271829,7655,0,0
20890,3,2,0,6,1,12.199983,1.271586,7655,0,0
20900,3,0,2,6,1,12.196734,1.271253,7655,0,0
20910,14,4,0,19,1,12.196782,1.271233,7655,0,0
20920,20,1,1,23,1,12.200916,1.271632,7662,0,0
20930,18,2,4,25,1,12.205633,1.272148,7695,0,0
20940,9,0,2,12,1,12.211216,1.272787,7719,0,0
20950,18,0,1,20,1,12.209193,1.272569,7719,0,0
20960,18,0,0,19,1,12.213177,1.273041,7724,0,0
20970,2,1,0,4,1,12.212881,1.273124,7724,0,0
20980,2,0,0,3,1,12.208852,1.272741,7724,0,0
20990,19,2,1,23,1,12.206975,1.272431,7725,0,0
21000,19,3,1,24,1,12.211677,1.272946,7744,0,0
21010,13,0,2,16,1,12.214275,1.273217,7746,0,0
21020,12,2,2,17,1,12.216237,1.273465,7746,0,0
21030,0,0,0,0,0,12.214374,1.273384,7746,0,0
21040,4,0,2,7,1,12.213822,1.273357,7746,0,0
21050,8,0,0,9,1,12.211538,1.273163,7746,0,0
21060,0,1,0,2,1,12.210088,1.272986,7746,0,0
21070,3,0,0,4,1,12.205751,1.272603,7746,0,0
21080,17,1,0,19,1,12.202846,1.272350,7746,0,0
21090,17,0,2,20,1,12.204371,1.272508,7751,0,0
21100,20,0,1,22,1,12.206217,1.272731,7752,0,0
21110,0,0,0,1,1,12.204296,1.272706,7752,0,0
21120,13,0,1,15,1,12.203751,1.272605,7752,0,0
21130,15,3,0,19,1,12.202533,1.272484,7752,0,0
21140,1,0,1,3,1,12.202117,1.272440,7752,0,0
21150,8,1,0,10,1,12.198892,1.272071,7752,0,0
21160,10,5,1,17,1,12.198888,1.272039,7752,0,0
21170,6,0,1,8,1,12.198287,1.271944,7752,0,0
21180,9,1,0,11,1,12.196736,1.271725,7752,0,0
21190,2,0,2,5,1,12.197743,1.271830,7754,0,0
21200,20,1,5,27,1,12.199665,1.272011,7760,0,0
21210,18,2,1,22,1,12.204560,1.272502,7781,0,0
21220,19,1,5,26,1,12.209969,1.273059,7795,0,0
21230,18,4,1,24,1,12.214489,1.273436,7799,0,0
21240,17,4,2,24,1,12.218591,1.273838,7808,0,0
21250,6,2,0,9,1,12.220016,1.273974,7809,0,0
21260,2,0,0,3,1,12.218492,1.273808,7809,0,0
21270,0,1,1,3,1,12.214157,1.273356,7809,0,0
21280,7,0,0,8,1,12.211795,1.273121,7809,0,0
21290,9,0,0,10,1,12.208135,1.272746,7809,0,0
21300,0,0,0,1,1,12.206942,1.272602,7809,0,0
21310,8,0,1,10,1,12.206684,1.272537,7809,0,0
21320,7,0,1,9,1,12.205891,1.272473,7809,0,0
21330,5,0,0,6,1,12.202639,1.272139,7809,0,0
21340,9,1,3,14,1,12.200296,1.271926,7809,0,0
21350,0,0,0,1,1,12.200953,1.271988,7809,0,0
21360,2,0,0,3,1,12.196151,1.271536,7809,0,0
21370,4,0,0,5,1,12.192706,1.271139,7809,0,0
21380,7,1,0,9,1,12.190738,1.271039,7809,0,0
21390,1,0,0,2,1,12.189906,1.270933,7809,0,0
21400,0,1,1,3,1,12.185343,1.270469,7809,0,0
21410,9,2,2,14,1,12.182738,1.270092,7809,0,0
21420,17,1,1,20,1,12.185248,1.270273,7816,0,0
21430,16,2,2,21,1,12.188164,1.270558,7818,0,0
21440,6,2,2,11,1,12.192043,1.270999,7834,0,0
21450,6,0,0,7,1,12.190224,1.270821,7834,0,0
21460,13,1,1,16,1,12.191332,1.270868,7834,0,0
21470,7,0,0,8,1,12.191073,1.270878,7834,0,0
21480,9,0,0,10,1,12.192456,1.271009,7834,0,0
21490,10,1,2,14,1,12.192713,1.271023,7835,0,0
21500,4,0,0,5,1,12.190549,1.270797,7835,0,0
21510,2,0,0,3,1,12.186619,1.270393,7835,0,0
21520,3,0,0,4,1,12.183222,1.269995,7835,0,0
21530,19,3,1,24,1,12.183203,1.269901,7835,0,0
21540,15,3,3,22,1,12.186733,1.270256,7844,0,0
21550,19,4,1,25,1,12.191652,1.270775,7860,0,0
21560,17,0,0,18,1,12.194803,1.271084,7863,0,0
21570,12,0,0,13,1,12.194270,1.271071,7863,0,0
21580,2,0,0,3,1,12.191196,1.270855,7863,0,0
21590,0,0,0,1,1,12.187652,1.270546,7863,0,0
21600,15,2,2,20,1,12.186719,1.270400,7869,0,0
21610,7,6,0,14,1,12.188937,1.270649,7879,0,0
21620,12,3,0,16,1,12.191717,1.270981,7885,0,0
21630,6,0,0,7,1,12.193677,1.271142,7894,0,0
21640,19,0,1,21,1,12.192726,1.270908,7894,0,0
21650,7,0,0,8,1,12.195771,1.271225,7909,0,0
21660,12,0,1,14,1,12.193027,1.270932,7909,0,0
21670,1,0,2,4,1,12.191077,1.270832,7909,0,0
21680,3,0,1,5,1,12.186909,1.270440,7909,0,0
21690,4,0,1,6,1,12.184632,1.270215,7909,0,0
21700,18,3,2,24,1,12.186895,1.270352,7914,0,0
21710,8,1,0,10,1,12.188187,1.270487,7918,0,0
21720,10,0,3,14,1,12.188200,1.270469,7919,0,0
21730,14,2,2,19,1,12.188936,1.270509,7919,0,0
21740,4,0,0,5,1,12.191758,1.270833,7935,0,0
21750,11,0,4,16,1,12.193034,1.270936,7936,0,0
21760,7,0,1,9,1,12.191273,1.270752,7936,0,0
21770,5,1,0,7,1,12.188875,1.270507,7936,0,0
21780,4,0,0,5,1,12.185227,1.270151,7936,0,0
21790,0,0,0,1,1,12.183696,1.269961,7936,0,0
21800,1,0,0,2,1,12.179165,1.269464,7936,0,0
21810,12,3,0,16,1,12.177557,1.269253,7936,0,0
21820,15,0,1,17,1,12.181224,1.269647,7942,0,0
21830,10,1,1,13,1,12.182262,1.269652,7942,0,0
21840,17,2,4,24,1,12.186281,1.270028,7944,0,0
21850,14,0,0,15,1,12.189741,1.270467,7951,0,0
21860,14,2,5,22,1,12.193509,1.270799,7955,0,0
21870,13,2,1,17,1,12.198949,1.271372,7973,0,0
21880,13,2,3,19,1,12.200210,1.271448,7976,0,0
21890,0,0,2,3,1,12.200475,1.271506,7976,0,0
21900,0,0,0,0,0,12.196184,1.271071,7976,0,0
21910,8,0,0,9,1,12.193727,1.270796,7976,0,0
21920,9,1,1,12,1,12.193637,1.270793,7976,0,0
21930,13,2,5,21,1,12.194697,1.270806,7976,0,0
21940,12,3,1,17,1,12.198846,1.271323,7992,0,0
21950,4,0,0,5,1,12.200818,1.271558,7999,0,0
21960,14,0,4,19,1,12.201731,1.271581,8000,0,0
21970,15,0,1,17,1,12.205187,1.271922,8010,0,0
21980,7,1,1,10,1,12.206548,1.271992,8010,0,0
21990,7,0,1,9,1,12.207419,1.272040,8011,0,0
22000,6,0,2,9,1,12.203327,1.271643,8011,0,0
22010,1,0,0,2,1,12.199275,1.271287,8011,0,0
22020,7,0,0,8,1,12.198587,1.271143,8011,0,0
22030,0,0,0,0,0,12.194337,1.270838,8011,0,0
22040,5,0,1,7,1,12.190116,1.270410,8011,0,0
22050,3,1,0,5,1,12.186321,1.270116,8011,0,0
22060,7,2,0,10,1,12.184210,1.269890,8011,0,0
22070,6,1,0,8,1,12.181872,1.269646,8011,0,0
22080,13,0,2,16,1,12.180559,1.269503,8011,0,0
22090,12,0,2,15,1,12.181440,1.269642,8011,0,0
22100,12,5,0,18,1,12.185854,1.270228,8043,0,0
22110,17,1,0,19,1,12.189539,1.270660,8052,0,0
22120,10,0,0,11,1,12.191147,1.270821,8054,0,0
22130,0,0,0,1,1,12.189605,1.270636,8054,0,0
22140,1,1,0,3,1,12.186405,1.270320,8054,0,0
22150,2,0,0,3,1,12.183398,1.270072,8054,0,0
22160,17,7,0,25,1,12.182836,1.269989,8055,0,0
22170,12,2,0,15,1,12.190382,1.270936,8092,0,0
22180,2,0,0,3,1,12.188804,1.270795,8092,0,0
22190,17,0,0,18,1,12.190071,1.270915,8097,0,0
22200,19,1,0,21,1,12.193540,1.271228,8105,0,0
22210,19,0,0,20,1,12.197495,1.271634,8120,0,0
22220,7,0,0,8,1,12.196166,1.271561,8120,0,0
22230,6,0,0,7,1,12.193796,1.271337,8120,0,0
22240,0,0,0,1,1,12.193933,1.271398,8121,0,0
22250,8,2,1,12,1,12.191745,1.271164,8121,0,0
22260,4,0,0,5,1,12.188274,1.270819,8121,0,0
22270,10,1,0,12,1,12.186092,1.270686,8121,0,0
22280,17,4,0,22,1,12.186436,1.270614,8124,0,0
22290,13,1,2,17,1,12.190375,1.271084,8141,0,0
22300,4,2,0,7,1,12.190717,1.271131,8144,0,0
22310,16,2,1,20,1,12.193466,1.271441,8166,0,0
22320,4,1,0,6,1,12.194150,1.271530,8166,0,0
22330,1,1,0,3,1,12.192962,1.271476,8166,0,0
22340,10,0,0,11,1,12.192135,1.271330,8166,0,0
22350,16,2,0,19,1,12.189177,1.271009,8166,0,0
22360,18,0,0,19,1,12.192824,1.271472,8182,0,0
22370,20,1,0,22,1,12.196251,1.271793,8195,0,0
22380,12,0,0,13,1,12.198959,1.272122,8195,0,0
22390,1,0,0,2,1,12.197766,1.271985,8195,0,0
22400,8,1,2,12,1,12.195524,1.271721,8195,0,0
22410,20,5,2,28,1,12.199743,1.272167,8224,0,0
22420,16,3,1,21,1,12.204122,1.272688,8245,0,0
22430,20,1,1,23,1,12.204710,1.272725,8246,0,0
22440,20,0,0,21,1,12.208076,1.273134,8261,0,0
22450,5,2,1,9,1,12.210192,1.273425,8274,0,0
22460,8,0,0,9,1,12.207850,1.273239,8274,0,0
22470,17,0,0,18,1,12.210733,1.273551,8292,0,0
22480,0,0,0,1,1,12.209141,1.273450,8292,0,0
22490,2,2,1,6,1,12.204833,1.272994,8292,0,0
22500,12,0,2,15,1,12.204231,1.272906,8292,0,0
22510,7,0,0,8,1,12.203533,1.272862,8296,0,0
22520,9,1,4,15,1,12.201660,1.272607,8296,0,0
22530,0,0,1,2,1,12.197989,1.272300,8296,0,0
22540,8,1,3,13,1,12.195611,1.271946,8296,0,0
22550,2,0,1,4,1,12.191881,1.271574,8296,0,0
22560,15,4,2,22,1,12.193551,1.271735,8306,0,0
22570,17,1,2,21,1,12.197180,1.272113,8313,0,0
22580,16,6,1,24,1,12.201174,1.272541,8325,0,0
22590,17,3,0,21,1,12.206556,1.273125,8333,0,0
22600,8,1,0,10,1,12.207069,1.273183,8337,0,0
22610,11,0,0,12,1,12.206403,1.273060,8337,0,0
22620,12,0,2,15,1,12.208629,1.273274,8338,0,0
22630,15,0,2,18,1,12.209868,1.273391,8338,0,0
22640,19,1,3,24,1,12.212600,1.273605,8345,0,0
22650,6,1,0,8,1,12.214133,1.273817,8345,0,0
22660,5,2,0,8,1,12.217160,1.274103,8347,0,0
22670,9,0,0,10,1,12.217081,1.274094,8350,0,0
22680,16,4,1,22,1,12.220108,1.274397,8364,0,0
22690,3,0,2,6,1,12.222234,1.274677,8375,0,0
22700,3,0,1,5,1,12.222220,1.274546,8377,0,0
22710,4,1,0,6,1,12.218017,1.274130,8377,0,0
22720,3,1,1,6,1,12.216370,1.273958,8377,0,0
22730,5,0,0,6,1,12.215231,1.273803,8377,0,0
22740,17,1,3,22,1,12.217515,1.273983,8395,0,0
22750,12,1,3,17,1,12.220948,1.274346,8416,0,0
22760,19,1,0,21,1,12.224834,1.274750,8423,0,0
22770,5,0,0,6,1,12.224698,1.274765,8427,0,0
22780,0,0,0,0,0,12.225487,1.274911,8427,0,0
22790,8,0,0,9,1,12.225139,1.274897,8427,0,0
22800,0,1,0,2,1,12.221410,1.274537,8427,0,0
22810,4,0,0,5,1,12.223662,1.274794,8442,0,0
22820,5,0,1,7,1,12.221308,1.274507,8442,0,0
22830,1,0,0,2,1,12.219318,1.274340,8442,0,0
22840,9,1,1,12,1,12.215819,1.273928,8442,0,0
22850,5,3,3,12,1,12.211908,1.273572,8442,0,0
22860,15,5,1,22,1,12.214573,1.273808,8450,0,0
22870,10,0,6,17,1,12.218531,1.274203,8453,0,0
22880,8,3,1,13,1,12.217615,1.274055,8453,0,0
22890,8,0,0,9,1,12.216065,1.273892,8453,0,0
22900,9,0,0,10,1,12.214043,1.273594,8453,0,0
22910,2,0,0,3,1,12.211328,1.273310,8453,0,0
22920,20,2,1,24,1,12.211269,1.273159,8461,0,0
22930,9,1,2,13,1,12.212352,1.273329,8467,0,0
22940,3,0,0,4,1,12.210011,1.273055,8467,0,0
22950,1,2,0,4,1,12.208503,1.272909,8467,0,0
22960,9,0,0,10,1,12.204413,1.272494,8467,0,0
22970,2,0,0,3,1,12.203909,1.272395,8467,0,0
22980,13,2,1,17,1,12.201833,1.272126,8467,0,0
22990,2,1,0,4,1,12.198736,1.271935,8467,0,0
23000,0,0,0,0,0,12.194754,1.271519,8467,0,0
23010,0,0,0,1,1,12.191282,1.271122,8467,0,0
23020,15,2,0,18,1,12.189682,1.270857,8467,0,0
23030,10,1,5,17,1,12.191864,1.271003,8480,0,0
23040,5,0,0,6,1,12.191481,1.270957,8480,0,0
23050,10,0,2,13,1,12.189420,1.270696,8480,0,0
23060,0,0,0,1,1,12.189955,1.270746,8484,0,0
23070,2,0,0,3,1,12.186957,1.270404,8484,0,0
23080,13,0,1,15,1,12.185764,1.270187,8484,0,0
23090,12,0,1,14,1,12.185379,1.270176,8487,0,0
23100,7,1,0,9,1,12.183177,1.269986,8487,0,0
23110,5,0,0,6,1,12.179475,1.269577,8487,0,0
23120,3,0,0,4,1,12.175226,1.269202,8487,0,0
23130,6,2,0,9,1,12.175493,1.269212,8488,0,0
23140,6,0,0,7,1,12.176330,1.269185,8493,0,0
23150,9,0,0,10,1,12.174042,1.268934,8493,0,0
23160,0,0,0,0,0,12.171174,1.268595,8493,0,0
23170,5,0,1,7,1,12.167710,1.268228,8493,0,0
23180,1,0,0,2,1,12.168942,1.268345,8500,0,0
23190,0,0,0,1,1,12.164414,1.267986,8500,0,0
23200,0,0,0,1,1,12.160718,1.267618,8500,0,0
23210,2,0,0,3,1,12.157598,1.267292,8500,0,0
23220,14,0,1,16,1,12.154402,1.266942,8500,0,0
23230,5,1,1,8,1,12.151757,1.266654,8500,0,0
23240,1,0,0,2,1,12.150838,1.266592,8503,0,0
23250,14,2,3,20,1,12.147707,1.266197,8503,0,0
23260,0,0,0,1,1,12.145957,1.266077,8503,0,0
23270,4,0,0,5,1,12.142731,1.265757,8503,0,0
23280,3,0,1,5,1,12.140275,1.265529,8503,0,0
23290,0,0,0,1,1,12.136995,1.265102,8503,0,0
23300,13,1,0,15,1,12.134338,1.264825,8503,0,0
23310,5,1,0,7,1,12.132056,1.264626,8503,0,0
23320,20,3,2,26,1,12.134219,1.264868,8525,0,0
23330,4,0,2,7,1,12.136857,1.265143,8538,0,0
23340,1,0,0,2,1,12.133112,1.264752,8538,0,0
23350,1,0,0,2,1,12.128992,1.264379,8538,0,0
23360,7,0,0,8,1,12.127559,1.264189,8538,0,0
23370,1,0,0,2,1,12.125041,1.263972,8538,0,0
23380,10,0,6,17,1,12.124768,1.263847,8538,0,0
23390,5,1,0,7,1,12.122638,1.263664,8538,0,0
23400,11,1,1,14,1,12.119805,1.263374,8538,0,0
23410,11,2,1,15,1,12.120582,1.263381,8538,0,0
23420,5,0,0,6,1,12.118432,1.263196,8538,0,0
23430,6,1,1,9,1,12.117278,1.263003,8538,0,0
23440,2,0,2,5,1,12.118438,1.263022,8539,0,0
23450,14,4,1,20,1,12.121684,1.263310,8546,0,0
23460,7,0,1,9,1,12.123091,1.263467,8547,0,0
23470,18,2,2,23,1,12.121527,1.263237,8551,0,0
23480,13,0,1,15,1,12.126449,1.263850,8578,0,0
23490,18,3,0,22,1,12.126262,1.263791,8578,0,0
23500,20,5,2,28,1,12.129720,1.264090,8596,0,0
23510,0,0,0,1,1,12.131258,1.264317,8602,0,0
23520,0,0,0,1,1,12.127079,1.263971,8602,0,0
23530,9,0,1,11,1,12.128846,1.264155,8614,0,0
23540,9,1,0,11,1,12.131246,1.264432,8623,0,0
23550,1,0,0,2,1,12.128322,1.264144,8623,0,0
23560,4,0,1,6,1,12.124739,1.263804,8623,0,0
23570,5,0,0,6,1,12.122838,1.263622,8623,0,0
23580,4,0,0,5,1,12.119140,1.263248,8623,0,0
23590,16,5,2,24,1,12.118814,1.263202,8625,0,0
23600,18,2,2,23,1,12.124263,1.263876,8639,0,0
23610,4,2,1,8,1,12.124033,1.263896,8639,0,0
23620,10,0,0,11,1,12.122941,1.263704,8639,0,0
23630,20,1,3,25,1,12.121562,1.263593,8639,0,0
23640,15,0,0,16,1,12.124850,1.264008,8650,0,0
23650,17,1,0,19,1,12.128078,1.264316,8657,0,0
23660,16,2,0,19,1,12.129624,1.264421,8657,0,0
23670,0,0,0,1,1,12.130601,1.264573,8663,0,0
23680,19,0,3,23,1,12.130500,1.264506,8666,0,0
23690,7,0,1,9,1,12.133503,1.264852,8676,0,0
23700,0,0,0,1,1,12.131447,1.264671,8676,0,0
23710,14,2,1,18,1,12.130970,1.264526,8679,0,0
23720,10,0,0,11,1,12.132847,1.264671,8685,0,0
23730,14,3,4,22,1,12.134648,1.264831,8688,0,0
23740,16,3,1,21,1,12.135132,1.264820,8688,0,0
23750,16,0,0,17,1,12.139065,1.265291,8711,0,0
23760,17,1,4,23,1,12.143537,1.265773,8737,0,0
23770,18,3,3,25,1,12.148520,1.266287,8762,0,0
23780,17,3,0,21,1,12.150699,1.266491,8763,0,0
23790,17,1,1,20,1,12.153512,1.266778,8773,0,0
23800,20,0,2,23,1,12.155405,1.266975,8780,0,0
23810,9,0,1,11,1,12.156722,1.267184,8785,0,0
23820,6,0,3,10,1,12.156566,1.267112,8785,0,0
23830,4,0,0,5,1,12.152915,1.266737,8785,0,0
23840,4,0,0,5,1,12.150851,1.266499,8785,0,0
23850,2,0,0,3,1,12.147466,1.266130,8785,0,0
23860,9,1,2,13,1,12.145161,1.265834,8785,0,0
23870,5,0,2,8,1,12.146282,1.265973,8785,0,0
23880,18,2,2,23,1,12.144256,1.265733,8786,0,0
23890,3,0,0,4,1,12.142245,1.265535,8786,0,0
23900,2,0,0,3,1,12.138544,1.265187,8786,0,0
23910,3,1,0,5,1,12.136671,1.265003,8786,0,0
23920,11,0,0,12,1,12.138306,1.265134,8795,0,0
23930,0,0,0,0,0,12.135827,1.264903,8795,0,0
23940,7,1,1,10,1,12.132355,1.264552,8795,0,0
23950,0,0,0,1,1,12.129926,1.264188,8795,0,0
23960,5,2,0,8,1,12.129406,1.264079,8795,0,0
23970,15,0,3,19,1,12.127093,1.263876,8795,0,0
23980,18,2,2,23,1,12.131104,1.264354,8808,0,0
23990,20,4,0,25,1,12.134668,1.264670,8815,0,0
24000,10,3,0,14,1,12.138337,1.265118,8837,0,0
24010,20,1,4,26,1,12.140496,1.265305,8846,0,0
24020,11,2,0,14,1,12.145486,1.265874,8857,0,0
24030,2,1,0,4,1,12.145384,1.265940,8857,0,0
24040,13,0,0,14,1,12.143488,1.265676,8857,0,0
24050,18,0,1,20,1,12.145189,1.265776,8857,0,0
24060,12,1,2,16,1,12.147276,1.265982,8863,0,0
24070,19,0,2,22,1,12.147944,1.266079,8863,0,0
24080,16,1,2,20,1,12.151128,1.266433,8883,0,0
24090,18,1,1,21,1,12.154232,1.266740,8889,0,0
24100,1,1,0,3,1,12.154510,1.266823,8889,0,0
24110,4,0,1,6,1,12.151722,1.266543,8889,0,0
24120,12,1,1,15,1,12.149273,1.266304,8889,0,0
24130,17,0,1,19,1,12.150845,1.266495,8891,0,0
24140,19,3,4,27,1,12.154556,1.266963,8915,0,0
24150,9,0,1,11,1,12.155217,1.267043,8919,0,0
24160,0,1,1,3,1,12.154168,1.266944,8919,0,0
24170,0,0,0,0,0,12.150793,1.266619,8919,0,0
24180,5,0,1,7,1,12.147890,1.266327,8919,0,0
24190,2,0,0,3,1,12.145711,1.266078,8919,0,0
24200,10,0,2,13,1,12.144314,1.265904,8919,0,0
24210,8,3,2,14,1,12.145473,1.266003,8919,0,0
24220,15,2,1,19,1,12.146820,1.266214,8927,0,0
24230,19,2,3,25,1,12.149561,1.266527,8938,0,0
24240,6,0,0,7,1,12.150143,1.266636,8939,0,0
24250,0,0,0,0,0,12.149261,1.266516,8939,0,0
24260,12,2,3,18,1,12.149449,1.266470,8939,0,0
24270,13,0,1,15,1,12.148337,1.266343,8939,0,0
24280,0,0,0,1,1,12.145221,1.266072,8939,0,0
24290,10,1,0,12,1,12.142036,1.265707,8939,0,0
24300,2,0,0,3,1,12.139876,1.265417,8939,0,0
24310,6,1,0,8,1,12.135946,1.265083,8939,0,0
24320,6,0,2,9,1,12.137449,1.265190,8948,0,0
24330,0,0,0,1,1,12.133655,1.264810,8948,0,0
24340,3,1,0,5,1,12.130152,1.264402,8948,0,0
24350,18,0,4,23,1,12.131082,1.264455,8956,0,0
24360,13,2,0,16,1,12.133577,1.264725,8960,0,0
24370,14,1,0,16,1,12.132698,1.264639,8960,0,0
24380,8,1,1,11,1,12.133848,1.264704,8960,0,0
24390,9,1,1,12,1,12.132341,1.264504,8960,0,0
24400,18,3,0,22,1,12.135693,1.264777,8975,0,0
24410,17,4,1,23,1,12.139426,1.265188,8985,0,0
24420,5,0,1,7,1,12.140426,1.265335,8990,0,0
24430,5,0,0,6,1,12.138966,1.265209,8990,0,0
24440,4,1,0,6,1,12.135459,1.264843,8990,0,0
24450,12,1,0,14,1,12.138958,1.265181,9005,0,0
24460,13,2,4,20,1,12.142880,1.265595,9013,0,0
24470,19,4,4,28,1,12.146303,1.265994,9021,0,0
24480,19,2,3,25,1,12.149997,1.266438,9026,0,0
24490,2,0,0,3,1,12.152357,1.266792,9029,0,0
24500,0,0,0,1,1,12.149327,1.266562,9029,0,0
24510,0,0,0,1,1,12.145742,1.266139,9029,0,0
24520,4,0,0,5,1,12.143333,1.265872,9029,0,0
24530,2,0,0,3,1,12.139517,1.265516,9029,0,0
24540,0,0,0,0,0,12.135440,1.265215,9029,0,0
24550,17,1,0,19,1,12.135851,1.265123,9032,0,0
24560,11,1,0,13,1,12.139115,1.265495,9036,0,0
24570,10,0,0,11,1,12.136414,1.265229,9036,0,0
24580,18,0,1,20,1,12.134820,1.265036,9037,0,0
24590,0,0,0,0,0,12.134257,1.264998,9040,0,0
24600,17,0,0,18,1,12.131976,1.264781,9040,0,0
24610,18,2,2,23,1,12.133890,1.264975,9043,0,0
24620,3,0,0,4,1,12.134438,1.265128,9043,0,0
24630,5,0,0,6,1,12.131551,1.264757,9043,0,0
24640,0,0,0,1,1,12.128571,1.264451,9043,0,0
24650,10,3,0,14,1,12.126644,1.264218,9043,0,0
24660,0,0,0,1,1,12.125960,1.264200,9043,0,0
24670,0,0,0,0,0,12.121758,1.263836,9043,0,0
24680,13,5,1,20,1,12.124462,1.264080,9052,0,0
24690,6,1,0,8,1,12.122915,1.263961,9052,0,0
24700,6,0,3,10,1,12.120817,1.263630,9052,0,0
24710,6,1,2,10,1,12.119448,1.263492,9052,0,0
24720,12,0,2,15,1,12.119883,1.263542,9061,0,0
24730,12,2,2,17,1,12.121841,1.263693,9064,0,0
24740,18,0,9,28,1,12.124969,1.264002,9067,0,0
24750,20,3,2,26,1,12.128089,1.264364,9076,0,0
24760,1,0,0,2,1,12.129348,1.264543,9077,0,0
24770,7,2,1,11,1,12.129526,1.264492,9083,0,0
24780,2,0,2,5,1,12.126823,1.264236,9083,0,0
24790,0,0,0,0,0,12.123507,1.263912,9083,0,0
24800,6,2,3,12,1,12.122968,1.263850,9083,0,0
24810,8,2,2,13,1,12.122104,1.263754,9083,0,0
24820,18,2,1,22,1,12.121701,1.263648,9088,0,0
24830,1,0,1,3,1,12.121548,1.263669,9090,0,0
24840,1,0,0,2,1,12.118900,1.263381,9090,0,0
24850,12,1,1,15,1,12.117986,1.263227,9090,0,0
24860,14,2,3,20,1,12.119023,1.263293,9090,0,0
24870,20,0,1,22,1,12.121545,1.263571,9091,0,0
24880,5,0,1,7,1,12.122580,1.263732,9095,0,0
24890,4,0,0,5,1,12.119682,1.263456,9095,0,0
24900,20,1,3,25,1,12.122079,1.263599,9101,0,0
24910,4,0,1,6,1,12.119757,1.263410,9107,0,0
24920,4,0,0,5,1,12.116614,1.263066,9107,0,0
24930,0,0,0,1,1,12.112757,1.262690,9107,0,0
24940,16,0,0,17,1,12.114699,1.262866,9118,0,0
24950,17,1,3,22,1,12.119659,1.263424,9148,0,0
24960,1,0,0,2,1,12.117376,1.263239,9148,0,0
24970,9,1,0,11,1,12.117556,1.263268,9154,0,0
24980,18,4,1,24,1,12.120606,1.263543,9155,0,0
24990,13,1,2,17,1,12.124710,1.264002,9175,0,0
25000,0,0,0,0,0,12.124422,1.263998,9175,0,0
25010,2,1,0,4,1,12.120998,1.263646,9175,0,0
25020,3,1,1,6,1,12.118663,1.263386,9175,0,0
25030,0,0,0,1,1,12.115214,1.263021,9175,0,0
25040,0,0,0,0,0,12.111747,1.262649,9175,0,0
25050,0,0,0,0,0,12.107833,1.262282,9175,0,0
25060,9,1,0,11,1,12.103893,1.261960,9175,0,0
25070,18,2,5,26,1,12.104867,1.261993,9175,0,0
25080,10,0,4,15,1,12.108571,1.262369,9191,0,0
25090,14,0,3,18,1,12.110815,1.262539,9194,0,0
25100,18,0,1,20,1,12.114163,1.262825,9196,0,0
25110,16,5,4,26,1,12.119142,1.263375,9207,0,0
25120,1,0,1,3,1,12.118619,1.263362,9214,0,0
25130,5,0,2,8,1,12.116426,1.263117,9214,0,0
25140,5,0,2,8,1,12.114467,1.262897,9214,0,0
25150,15,6,3,25,1,12.114587,1.262857,9216,0,0
25160,11,5,1,18,1,12.118957,1.263422,9247,0,0
25170,12,2,0,15,1,12.120377,1.263543,9250,0,0
25180,10,0,5,16,1,12.122596,1.263764,9250,0,0
25190,18,0,2,21,1,12.126723,1.264199,9274,0,0
25200,9,0,3,13,1,12.130092,1.264534,9285,0,0
25210,19,2,0,22,1,12.130335,1.264496,9285,0,0
25220,19,1,6,27,1,12.134002,1.264862,9318,0,0
25230,0,0,0,0,0,12.137975,1.265355,9332,0,0
25240,11,0,0,12,1,12.137765,1.265290,9332,0,0
25250,7,1,0,9,1,12.134194,1.264960,9332,0,0
25260,5,0,1,7,1,12.130770,1.264644,9332,0,0
25270,12,0,1,14,1,12.128738,1.264395,9332,0,0
25280,20,2,1,24,1,12.129728,1.264451,9336,0,0
25290,14,5,1,21,1,12.134202,1.264995,9369,0,0
25300,0,0,0,0,0,12.133987,1.265020,9371,0,0
25310,4,0,0,5,1,12.130510,1.264605,9371,0,0
25320,0,0,0,0,0,12.128363,1.264354,9371,0,0
25330,5,0,3,9,1,12.124703,1.263972,9371,0,0
25340,18,0,1,20,1,12.124859,1.263941,9371,0,0
25350,8,0,0,9,1,12.128010,1.264275,9383,0,0
25360,8,0,1,10,1,12.126561,1.264149,9383,0,0
25370,17,5,0,23,1,12.127658,1.264253,9399,0,0
25380,20,3,1,25,1,12.132693,1.264808,9415,0,0
25390,15,6,3,25,1,12.136595,1.265194,9418,0,0
25400,12,2,0,15,1,12.138909,1.265466,9428,0,0
25410,7,1,1,10,1,12.138156,1.265382,9428,0,0
25420,5,0,0,6,1,12.135653,1.265167,9428,0,0
25430,8,2,1,12,1,12.133277,1.264909,9428,0,0
25440,8,2,2,13,1,12.133809,1.264954,9428,0,0
25450,20,7,4,32,1,12.138044,1.265327,9441,0,0
25460,6,0,1,8,1,12.141658,1.265709,9452,0,0
25470,13,2,2,18,1,12.142799,1.265745,9453,0,0
25480,3,0,0,4,1,12.143073,1.265861,9462,0,0
25490,12,0,0,13,1,12.141278,1.265647,9462,0,0
25500,20,3,0,24,1,12.143381,1.265861,9472,0,0
25510,1,0,0,2,1,12.143896,1.265951,9472,0,0
25520,4,0,0,5,1,12.140441,1.265569,9472,0,0
25530,3,0,3,7,1,12.137832,1.265276,9472,0,0
25540,20,0,6,27,1,12.140439,1.265512,9476,0,0
25550,7,0,0,8,1,12.143765,1.265930,9483,0,0
25560,2,0,1,4,1,12.140014,1.265596,9483,0,0
25570,0,0,0,0,0,12.136414,1.265241,9483,0,0
25580,1,0,0,2,1,12.133168,1.264948,9483,0,0
25590,4,2,0,7,1,12.131028,1.264673,9483,0,0
25600,16,2,0,19,1,12.129253,1.264472,9483,0,0
25610,18,0,6,25,1,12.130603,1.264587,9483,0,0
25620,8,1,0,10,1,12.129332,1.264531,9483,0,0
25630,16,0,2,19,1,12.131257,1.264593,9483,0,0
25640,8,3,1,13,1,12.132313,1.264661,9483,0,0
25650,16,0,2,19,1,12.133571,1.264766,9484,0,0
25660,11,0,4,16,1,12.135815,1.265020,9496,0,0
25670,8,0,1,10,1,12.136490,1.265137,9496,0,0
25680,4,0,1,6,1,12.136633,1.265126,9496,0,0
25690,4,1,0,6,1,12.133510,1.264789,9496,0,0
25700,3,0,1,5,1,12.131947,1.264626,9496,0,0
25710,0,0,0,0,0,12.127932,1.264258,9496,0,0
25720,0,0,0,0,0,12.124848,1.263942,9496,0,0
25730,0,0,0,0,0,12.121160,1.263577,9496,0,0
25740,11,1,2,15,1,12.119441,1.263270,9496,0,0
25750,16,2,1,20,1,12.122724,1.263622,9513,0,0
25760,15,0,2,18,1,12.126850,1.264093,9523,0,0
25770,9,0,0,10,1,12.127964,1.264265,9523,0,0
25780,20,0,1,22,1,12.126843,1.264107,9523,0,0
25790,20,0,3,24,1,12.128758,1.264337,9535,0,0
25800,9,1,0,11,1,12.132120,1.264666,9548,0,0
25810,10,0,1,12,1,12.132597,1.264782,9548,0,0
25820,12,3,0,16,1,12.135793,1.265130,9556,0,0
25830,18,0,1,20,1,12.139182,1.265514,9575,0,0
25840,18,1,3,23,1,12.141732,1.265769,9580,0,0
25850,9,1,0,11,1,12.145223,1.266250,9595,0,0
25860,9,1,3,14,1,12.143532,1.266089,9595,0,0
25870,2,0,1,4,1,12.144006,1.266117,9595,0,0
25880,2,2,1,6,1,12.141427,1.265873,9595,0,0
25890,3,0,1,5,1,12.138688,1.265572,9595,0,0
25900,9,1,0,11,1,12.139356,1.265667,9601,0,0
25910,18,2,4,25,1,12.141046,1.265751,9603,0,0
25920,3,0,0,4,1,12.141033,1.265723,9606,0,0
25930,12,1,3,17,1,12.138109,1.265342,9606,0,0
25940,4,0,0,5,1,12.139812,1.265463,9610,0,0
25950,17,0,1,19,1,12.140962,1.265547,9614,0,0
25960,11,0,0,12,1,12.142327,1.265659,9615,0,0
25970,7,1,0,9,1,12.140405,1.265463,9615,0,0
25980,9,3,1,14,1,12.139110,1.265272,9615,0,0
25990,0,0,0,1,1,12.137462,1.265115,9615,0,0
26000,0,0,0,0,0,12.135383,1.264873,9615,0,0
26010,2,1,3,7,1,12.133877,1.264614,9615,0,0
26020,12,0,0,13,1,12.133015,1.264499,9615,0,0
26030,18,1,2,22,1,12.134030,1.264564,9617,0,0
26040,2,1,0,4,1,12.136142,1.264819,9621,0,0
26050,9,2,2,14,1,12.137730,1.265015,9621,0,0
26060,1,1,0,3,1,12.134813,1.264660,9621,0,0
26070,0,0,0,0,0,12.131379,1.264398,9621,0,0
26080,3,0,0,4,1,12.132508,1.264449,9636,0,0
26090,3,1,0,5,1,12.129758,1.264137,9636,0,0
26100,0,0,0,0,0,12.126945,1.263904,9636,0,0
26110,18,0,0,19,1,12.127738,1.263901,9641,0,0
26120,14,0,1,16,1,12.130415,1.264124,9650,0,0
26130,0,0,2,3,1,12.128489,1.263984,9650,0,0
26140,5,0,1,7,1,12.124979,1.263734,9650,0,0
26150,14,0,1,16,1,12.123584,1.263558,9650,0,0
26160,14,4,4,23,1,12.127780,1.264040,9665,0,0
26170,5,0,0,6,1,12.129535,1.264268,9683,0,0
26180,0,0,0,0,0,12.126631,1.263970,9683,0,0
26190,18,3,0,22,1,12.124110,1.263612,9683,0,0
26200,20,1,0,22,1,12.126856,1.263877,9685,0,0
26210,8,3,1,13,1,12.128069,1.264014,9690,0,0
26220,2,0,0,3,1,12.125744,1.263736,9690,0,0
26230,5,0,0,6,1,12.122499,1.263382,9690,0,0
26240,13,1,1,16,1,12.122281,1.263284,9692,0,0
26250,1,0,1,3,1,12.121048,1.263201,9692,0,0
26260,10,2,0,13,1,12.118191,1.262888,9692,0,0
26270,16,4,0,21,1,12.121010,1.263176,9705,0,0
26280,16,5,4,26,1,12.122686,1.263291,9705,0,0
26290,14,1,1,17,1,12.127739,1.263902,9732,0,0
26300,11,0,5,17,1,12.128250,1.263950,9732,0,0
26310,13,0,4,18,1,12.131113,1.264253,9747,0,0
26320,9,2,1,13,1,12.134856,1.264648,9755,0,0
26330,12,0,1,14,1,12.135800,1.264671,9755,0,0
26340,3,1,1,6,1,12.135522,1.264657,9755,0,0
26350,12,2,0,15,1,12.134184,1.264512,9755,0,0
26360,9,0,1,11,1,12.133427,1.264443,9755,0,0
26370,18,0,0,19,1,12.134110,1.264499,9759,0,0
26380,5,0,3,9,1,12.136632,1.264787,9769,0,0
26390,3,0,2,6,1,12.133606,1.264461,9769,0,0
26400,0,0,0,0,0,12.130893,1.264168,9769,0,0
26410,0,0,0,1,1,12.127369,1.263846,9769,0,0
26420,13,0,1,15,1,12.125074,1.263656,9769,0,0
26430,13,1,2,17,1,12.127626,1.263907,9773,0,0
26440,16,1,2,20,1,12.127151,1.263808,9773,0,0
26450,18,1,4,24,1,12.130092,1.264179,9776,0,0
26460,19,0,2,22,1,12.133456,1.264504,9786,0,0
26470,11,0,0,12,1,12.134780,1.264667,9797,0,0
26480,0,0,0,0,0,12.132499,1.264483,9797,0,0
26490,18,1,0,20,1,12.135189,1.264644,9798,0,0
26500,15,1,1,18,1,12.138364,1.265005,9810,0,0
26510,13,2,5,21,1,12.140633,1.265201,9816,0,0
26520,15,0,1,17,1,12.143694,1.265540,9825,0,0
26530,17,0,0,18,1,12.146141,1.265775,9825,0,0
26540,15,0,1,17,1,12.147114,1.265871,9825,0,0
26550,17,1,0,19,1,12.149147,1.266053,9834,0,0
26560,14,1,0,16,1,12.151275,1.266254,9839,0,0
26570,5,1,0,7,1,12.150357,1.266213,9839,0,0
26580,5,0,0,6,1,12.149157,1.266098,9839,0,0
26590,12,0,2,15,1,12.150886,1.266193,9844,0,0
26600,17,0,1,19,1,12.152462,1.266338,9845,0,0
26610,6,0,0,7,1,12.152628,1.266365,9845,0,0
26620,4,0,0,5,1,12.149541,1.266043,9845,0,0
26630,0,0,0,0,0,12.147357,1.265845,9845,0,0
26640,3,0,1,5,1,12.143576,1.265465,9845,0,0
26650,14,1,2,18,1,12.141527,1.265252,9845,0,0
26660,12,1,0,14,1,12.143585,1.265417,9845,0,0
26670,18,3,0,22,1,12.145743,1.265622,9848,0,0
26680,11,1,5,18,1,12.149717,1.266030,9861,0,0
26690,14,2,0,17,1,12.152326,1.266312,9870,0,0
26700,1,0,0,2,1,12.153028,1.266370,9872,0,0
26710,10,0,0,11,1,12.151312,1.266152,9872,0,0
26720,12,0,3,16,1,12.150900,1.266079,9872,0,0
26730,0,0,0,0,0,12.149546,1.266012,9872,0,0
26740,12,1,2,16,1,12.146932,1.265685,9872,0,0
26750,0,0,1,2,1,12.146430,1.265608,9872,0,0
26760,13,4,1,19,1,12.148597,1.265789,9878,0,0
26770,3,0,0,4,1,12.149747,1.265963,9884,0,0
26780,0,0,0,1,1,12.146949,1.265716,9884,0,0
26790,4,2,1,8,1,12.143886,1.265406,9884,0,0
26800,18,0,0,19,1,12.143897,1.265407,9888,0,0
26810,20,0,1,22,1,12.148074,1.265808,9920,0,0
26820,9,2,1,13,1,12.149173,1.265937,9932,0,0
26830,11,3,1,16,1,12.151436,1.266153,9937,0,0
26840,9,0,0,10,1,12.151823,1.266174,9937,0,0
26850,3,0,0,4,1,12.151114,1.266154,9937,0,0
26860,0,1,0,2,1,12.150837,1.266105,9941,0,0
26870,0,0,0,0,0,12.147773,1.265791,9941,0,0
26880,1,0,0,2,1,12.143862,1.265461,9941,0,0
26890,2,1,1,5,1,12.139956,1.265054,9941,0,0
26900,13,3,4,21,1,12.139007,1.264916,9941,0,0
26910,13,2,0,16,1,12.141433,1.265164,9946,0,0
26920,7,3,0,11,1,12.142050,1.265193,9954,0,0
26930,6,0,0,7,1,12.140596,1.265042,9954,0,0
26940,8,0,1,10,1,12.138826,1.264784,9954,0,0
26950,14,2,0,17,1,12.138720,1.264729,9954,0,0
26960,13,0,1,15,1,12.140754,1.264970,9962,0,0
26970,18,0,1,20,1,12.143637,1.265270,9977,0,0
26980,15,0,0,16,1,12.145020,1.265409,9982,0,0
26990,0,0,0,1,1,12.144137,1.265312,9982,0,0
27000,6,0,1,8,1,12.141067,1.265012,9982,0,0
27010,2,1,1,5,1,12.140158,1.264897,9982,0,0
27020,16,1,2,20,1,12.141577,1.264933,9982,0,0
27030,17,3,3,24,1,12.145126,1.265312,9997,0,0
27040,10,2,0,13,1,12.149976,1.265915,10019,0,0
27050,15,4,1,21,1,12.152555,1.266193,10030,0,0
27060,20,1,3,25,1,12.154800,1.266422,10033,0,0
27070,13,3,3,20,1,12.158566,1.266849,10039,0,0
27080,15,1,1,18,1,12.161329,1.267185,10051,0,0
27090,9,0,0,10,1,12.160575,1.267141,10051,0,0
27100,7,2,2,12,1,12.160408,1.267089,10051,0,0
27110,0,0,0,0,0,12.157644,1.266806,10051,0,0
27120,4,2,2,9,1,12.156043,1.266668,10051,0,0
27130,19,3,2,25,1,12.154749,1.266523,10055,0,0
27140,17,1,1,20,1,12.157843,1.266875,10065,0,0
27150,3,1,0,5,1,12.158247,1.266912,10067,0,0
27160,16,0,0,17,1,12.158458,1.266846,10067,0,0
27170,15,2,2,20,1,12.160075,1.266956,10071,0,0
27180,14,1,3,19,1,12.161908,1.267191,10077,0,0
27190,14,0,5,20,1,12.163691,1.267342,10080,0,0
27200,12,0,3,16,1,12.165662,1.267577,10081,0,0
27210,18,3,2,24,1,12.168485,1.267851,10092,0,0
27220,9,4,1,15,1,12.172854,1.268379,10120,0,0
27230,18,0,3,22,1,12.176157,1.268728,10134,0,0
27240,4,2,0,7,1,12.177626,1.268930,10139,0,0
27250,6,0,0,7,1,12.174330,1.268615,10139,0,0
27260,8,1,2,12,1,12.171647,1.268355,10139,0,0
27270,1,1,0,3,1,12.171385,1.268327,10139,0,0
27280,0,0,0,1,1,12.167907,1.268033,10139,0,0
27290,4,0,1,6,1,12.165304,1.267781,10139,0,0
27300,2,0,0,3,1,12.164983,1.267732,10139,0,0
27310,2,0,0,3,1,12.161442,1.267407,10139,0,0
27320,7,0,0,8,1,12.159361,1.267185,10139,0,0
27330,18,1,0,20,1,12.157536,1.266989,10139,0,0
27340,4,0,1,6,1,12.158771,1.267157,10140,0,0
27350,1,0,0,2,1,12.155268,1.266869,10140,0,0
27360,3,0,0,4,1,12.154172,1.266744,10140,0,0
27370,11,0,2,14,1,12.152365,1.266541,10140,0,0
27380,15,0,2,18,1,12.154504,1.266759,10146,0,0
27390,6,1,1,9,1,12.155434,1.266919,10147,0,0
27400,5,2,0,8,1,12.155388,1.266875,10147,0,0
27410,0,0,0,0,0,12.152796,1.266658,10147,0,0
27420,7,0,0,8,1,12.150148,1.266343,10147,0,0
27430,18,2,2,23,1,12.152855,1.266615,10170,0,0
27440,6,1,2,10,1,12.154465,1.266807,10171,0,0
27450,5,1,1,8,1,12.152849,1.266585,10171,0,0
27460,7,4,0,12,1,12.151339,1.266389,10171,0,0
27470,8,2,1,12,1,12.149984,1.266267,10171,0,0
27480,11,2,0,14,1,12.150977,1.266375,10171,0,0
27490,16,1,2,20,1,12.153674,1.266699,10177,0,0
27500,3,1,2,7,1,12.154625,1.266755,10181,0,0
27510,14,1,4,20,1,12.156368,1.266917,10182,0,0
27520,15,3,1,20,1,12.159905,1.267352,10202,0,0
27530,7,1,1,10,1,12.161203,1.267521,10205,0,0
27540,13,1,1,16,1,12.162411,1.267671,10206,0,0
27550,10,1,0,12,1,12.164157,1.267843,10206,0,0
27560,19,0,1,21,1,12.165497,1.267886,10207,0,0
27570,8,0,0,9,1,12.167430,1.268126,10209,0,0
27580,11,2,1,15,1,12.167301,1.268122,10209,0,0
27590,5,2,0,8,1,12.167653,1.268153,10209,0,0
27600,1,0,0,2,1,12.166148,1.268015,10209,0,0
27610,15,0,0,16,1,12.163693,1.267774,10209,0,0
27620,3,0,0,4,1,12.164584,1.267924,10210,0,0
27630,7,0,0,8,1,12.161249,1.267604,10210,0,0
27640,6,1,1,9,1,12.159597,1.267394,10210,0,0
27650,10,2,1,14,1,12.159589,1.267321,10210,0,0
27660,15,1,1,18,1,12.162666,1.267622,10230,0,0
27670,0,1,0,2,1,12.162612,1.267674,10231,0,0
27680,18,1,3,23,1,12.161767,1.267566,10236,0,0
27690,19,0,1,21,1,12.166380,1.268066,10248,0,0
27700,2,0,1,4,1,12.166820,1.268145,10250,0,0
27710,6,1,1,9,1,12.163773,1.267827,10250,0,0
27720,11,0,0,12,1,12.162280,1.267619,10250,0,0
27730,20,4,9,34,1,12.164724,1.267840,10262,0,0
27740,11,1,0,13,1,12.169180,1.268366,10300,0,0
27750,15,3,1,20,1,12.173260,1.268738,10316,0,0
27760,3,1,0,5,1,12.173452,1.268763,10316,0,0
27770,18,0,0,19,1,12.174363,1.268801,10316,0,0
27780,16,1,0,18,1,12.176681,1.269028,10319,0,0
27790,14,3,1,19,1,12.177377,1.269052,10321,0,0
27800,13,3,0,17,1,12.177234,1.269047,10321,0,0
27810,17,0,1,19,1,12.179657,1.269313,10329,0,0
27820,18,2,2,23,1,12.182170,1.269532,10331,0,0
27830,14,0,0,15,1,12.185764,1.269902,10344,0,0
27840,9,1,1,12,1,12.186409,1.269921,10344,0,0
27850,0,0,0,1,1,12.184682,1.269755,10344,0,0
27860,12,4,0,17,1,12.184681,1.269774,10349,0,0
27870,6,1,0,8,1,12.184029,1.269720,10349,0,0
27880,13,3,3,20,1,12.182028,1.269511,10349,0,0
27890,4,0,0,5,1,12.181165,1.269483,10349,0,0
27900,13,5,0,19,1,12.181868,1.269480,10353,0,0
27910,16,2,5,24,1,12.185132,1.269806,10364,0,0
27920,20,2,0,23,1,12.188979,1.270244,10380,0,0
27930,14,0,1,16,1,12.190870,1.270465,10382,0,0
27940,14,1,2,18,1,12.194483,1.270870,10393,0,0
27950,19,4,1,25,1,12.197668,1.271130,10402,0,0
27960,5,0,1,7,1,12.198862,1.271302,10406,0,0
27970,11,0,1,13,1,12.196430,1.271020,10406,0,0
27980,2,3,1,7,1,12.195416,1.270947,10406,0,0
27990,1,1,0,3,1,12.192361,1.270667,10406,0,0
28000,8,0,0,9,1,12.190203,1.270470,10406,0,0
28010,11,1,0,13,1,12.188977,1.270328,10406,0,0
28020,16,4,4,25,1,12.190724,1.270443,10406,0,0
28030,11,2,0,14,1,12.192754,1.270598,10406,0,0
28040,16,0,1,18,1,12.193394,1.270669,10406,0,0
28050,17,1,2,21,1,12.197391,1.271081,10425,0,0
28060,2,1,0,4,1,12.198572,1.271237,10428,0,0
28070,6,0,1,8,1,12.196249,1.270985,10428,0,0
28080,0,0,0,1,1,12.194366,1.270850,10428,0,0
28090,15,3,2,21,1,12.194787,1.270828,10428,0,0
28100,8,0,2,11,1,12.195410,1.270958,10428,0,0
28110,8,3,0,12,1,12.194390,1.270814,10428,0,0
28120,14,0,0,15,1,12.195652,1.270912,10428,0,0
28130,1,0,1,3,1,12.193150,1.270736,10428,0,0
28140,10,0,3,14,1,12.191330,1.270542,10428,0,0
28150,9,0,1,11,1,12.189362,1.270374,10428,0,0
28160,9,0,0,10,1,12.188594,1.270233,10428,0,0
28170,7,1,2,11,1,12.187638,1.270119,10428,0,0
28180,2,0,1,4,1,12.188127,1.270212,10437,0,0
28190,0,0,0,1,1,12.184689,1.269933,10437,0,0
28200,4,0,0,5,1,12.182043,1.269727,10437,0,0
28210,13,3,0,17,1,12.181385,1.269621,10437,0,0
28220,17,2,0,20,1,12.183657,1.269876,10446,0,0
28230,19,3,2,25,1,12.186446,1.270162,10450,0,0
28240,2,0,0,3,1,12.188129,1.270436,10456,0,0
28250,4,0,1,6,1,12.185516,1.270139,10456,0,0
28260,12,1,1,15,1,12.186980,1.270334,10462,0,0
28270,9,0,0,10,1,12.188991,1.270576,10464,0,0
28280,3,1,1,6,1,12.189733,1.270663,10473,0,0
28290,19,1,1,22,1,12.191365,1.270757,10483,0,0
28300,16,0,1,18,1,12.194320,1.271089,10484,0,0
28310,17,0,3,21,1,12.197748,1.271474,10498,0,0
28320,2,0,0,3,1,12.198439,1.271555,10500,0,0
28330,19,0,4,24,1,12.199114,1.271536,10500,0,0
28340,8,0,0,9,1,12.197948,1.271451,10503,0,0
28350,18,0,8,27,1,12.200808,1.271712,10519,0,0
28360,8,0,1,10,1,12.202783,1.271945,10522,0,0
28370,11,1,1,14,1,12.202791,1.271913,10522,0,0
28380,10,0,1,12,1,12.200452,1.271641,10522,0,0
28390,13,0,1,15,1,12.200129,1.271584,10522,0,0
28400,14,1,0,16,1,12.202581,1.271811,10524,0,0
28410,2,0,0,3,1,12.204825,1.272101,10532,0,0
28420,3,0,1,5,1,12.202624,1.271806,10532,0,0
28430,7,0,0,8,1,12.200992,1.271622,10532,0,0
28440,20,1,4,26,1,12.202692,1.271710,10534,0,0
28450,10,2,0,13,1,12.205774,1.272031,10547,0,0
28460,18,2,5,26,1,12.206028,1.272094,10554,0,0
28470,18,0,2,21,1,12.208422,1.272311,10558,0,0
28480,6,1,0,8,1,12.210368,1.272518,10564,0,0
28490,3,0,0,4,1,12.208503,1.272296,10564,0,0
28500,6,3,0,10,1,12.205447,1.271982,10564,0,0
28510,12,0,0,13,1,12.204691,1.271866,10564,0,0
28520,9,0,3,13,1,12.202907,1.271661,10564,0,0
28530,7,0,1,9,1,12.200076,1.271324,10564,0,0
28540,2,0,0,3,1,12.200980,1.271423,10564,0,0
28550,14,3,4,22,1,12.201761,1.271444,10571,0,0
28560,17,0,0,18,1,12.204718,1.271747,10591,0,0
28570,19,1,3,24,1,12.207943,1.272069,10603,0,0
28580,6,1,1,9,1,12.206719,1.271983,10606,0,0
28590,0,0,0,0,0,12.205446,1.271859,10606,0,0
28600,11,1,0,13,1,12.202547,1.271497,10606,0,0
28610,0,0,0,1,1,12.200448,1.271301,10606,0,0
28620,11,1,0,13,1,12.201329,1.271388,10616,0,0
28630,4,0,0,5,1,12.202301,1.271522,10622,0,0
28640,3,0,0,4,1,12.200002,1.271287,10622,0,0
28650,19,1,2,23,1,12.200075,1.271211,10625,0,0
28660,2,0,0,3,1,12.201660,1.271390,10632,0,0
28670,1,0,0,2,1,12.198434,1.271104,10632,0,0
28680,1,1,0,3,1,12.195120,1.270851,10632,0,0
28690,3,0,1,5,1,12.192734,1.270607,10632,0,0
28700,20,1,3,25,1,12.195244,1.270808,10638,0,0
28710,3,2,1,7,1,12.197222,1.271014,10646,0,0
28720,17,2,2,22,1,12.198588,1.271152,10649,0,0
28730,9,0,1,11,1,12.200180,1.271299,10655,0,0
28740,5,0,1,7,1,12.197084,1.271013,10655,0,0
28750,11,2,1,15,1,12.195642,1.270771,10655,0,0
28760,2,3,0,6,1,12.193802,1.270620,10655,0,0
28770,6,0,1,8,1,12.192557,1.270495,10655,0,0
28780,0,0,2,3,1,12.189690,1.270214,10655,0,0
28790,12,1,3,17,1,12.192585,1.270484,10681,0,0
28800,5,0,0,6,1,12.191493,1.270352,10681,0,0
28810,18,5,3,27,1,12.191109,1.270242,10682,0,0
28820,0,0,0,1,1,12.189538,1.270180,10684,0,0
28830,4,0,0,5,1,12.186343,1.269874,10684,0,0
28840,5,1,0,7,1,12.184925,1.269722,10684,0,0
28850,13,1,0,15,1,12.185769,1.269805,10685,0,0
28860,19,2,3,25,1,12.186987,1.269950,10685,0,0
28870,20,0,1,22,1,12.188809,1.270158,10688,0,0
28880,9,0,0,10,1,12.191577,1.270492,10702,0,0
28890,13,0,1,15,1,12.191750,1.270533,10703,0,0
28900,16,1,0,18,1,12.195523,1.270866,10716,0,0
28910,4,0,0,5,1,12.195436,1.270907,10719,0,0
28920,11,4,1,17,1,12.193360,1.270636,10719,0,0
28930,6,1,1,9,1,12.194944,1.270769,10719,0,0
28940,0,0,0,0,0,12.193335,1.270628,10719,0,0
28950,9,0,0,10,1,12.191462,1.270401,10719,0,0
28960,1,0,0,2,1,12.191349,1.270357,10719,0,0
28970,16,1,2,20,1,12.189561,1.270203,10719,0,0
28980,17,5,2,25,1,12.192333,1.270446,10725,0,0
28990,0,0,0,1,1,12.193324,1.270562,10728,0,0
29000,5,0,1,7,1,12.191108,1.270318,10728,0,0
29010,0,0,0,1,1,12.188983,1.270137,10728,0,0
29020,10,0,1,12,1,12.187400,1.269954,10728,0,0
29030,8,0,0,9,1,12.187553,1.269974,10728,0,0
29040,5,0,0,6,1,12.185185,1.269723,10728,0,0
29050,4,2,1,8,1,12.183315,1.269555,10728,0,0
29060,0,0,0,1,1,12.179915,1.269283,10728,0,0
29070,16,0,3,20,1,12.177899,1.269031,10728,0,0
29080,1,0,0,2,1,12.176585,1.268931,10731,0,0
29090,6,0,0,7,1,12.173498,1.268663,10731,0,0
29100,18,1,2,22,1,12.172536,1.268545,10731,0,0
29110,16,0,1,18,1,12.175359,1.268834,10739,0,0
29120,16,1,4,22,1,12.178802,1.269138,10747,0,0
29130,0,0,0,1,1,12.179182,1.269209,10748,0,0
29140,17,1,0,19,1,12.178246,1.269066,10748,0,0
29150,18,0,4,23,1,12.180948,1.269330,10758,0,0
29160,16,1,0,18,1,12.184041,1.269747,10763,0,0
29170,3,0,0,4,1,12.182500,1.269559,10763,0,0
29180,1,0,0,2,1,12.180345,1.269307,10763,0,0
29190,12,0,3,16,1,12.178316,1.269046,10763,0,0
29200,7,4,1,13,1,12.180720,1.269264,10777,0,0
29210,6,1,0,8,1,12.180196,1.269200,10777,0,0
29220,5,2,0,8,1,12.181386,1.269338,10777,0,0
29230,20,1,0,22,1,12.184823,1.269664,10798,0,0
29240,19,6,3,29,1,12.188044,1.269963,10806,0,0
29250,16,0,0,17,1,12.190683,1.270288,10823,0,0
29260,4,0,1,6,1,12.187762,1.269943,10823,0,0
29270,12,1,0,14,1,12.185383,1.269745,10823,0,0
29280,17,2,0,20,1,12.188747,1.270118,10833,0,0
29290,9,0,0,10,1,12.190793,1.270380,10840,0,0
29300,5,0,0,6,1,12.189668,1.270200,10840,0,0
29310,6,0,1,8,1,12.186608,1.269881,10840,0,0
29320,15,3,1,20,1,12.186356,1.269768,10840,0,0
29330,9,1,2,13,1,12.188590,1.269988,10841,0,0
29340,20,0,3,24,1,12.189817,1.270111,10845,0,0
29350,11,0,1,13,1,12.190028,1.270160,10851,0,0
29360,14,3,1,19,1,12.192066,1.270367,10868,0,0
29370,0,1,0,2,1,12.193414,1.270611,10871,0,0
29380,0,0,0,1,1,12.192429,1.270536,10871,0,0
29390,2,0,0,3,1,12.189726,1.270272,10871,0,0
29400,7,0,2,10,1,12.188503,1.270068,10871,0,0
29410,11,1,0,13,1,12.188576,1.270039,10871,0,0
29420,8,0,0,9,1,12.185937,1.269796,10871,0,0
29430,15,2,0,18,1,12.184451,1.269645,10871,0,0
29440,13,0,1,15,1,12.186002,1.269811,10872,0,0
29450,1,0,0,2,1,12.183355,1.269522,10872,0,0
29460,13,5,0,19,1,12.185025,1.269610,10875,0,0
29470,2,1,0,4,1,12.185563,1.269720,10877,0,0
29480,16,0,5,22,1,12.184859,1.269620,10885,0,0
29490,18,1,2,22,1,12.187323,1.269800,10891,0,0
29500,19,0,0,20,1,12.191069,1.270289,10916,0,0
29510,13,1,1,16,1,12.192255,1.270462,10918,0,0
29520,0,0,0,0,0,12.189732,1.270288,10918,0,0
29530,7,0,1,9,1,12.187152,1.269965,10918,0,0
29540,3,0,0,4,1,12.185722,1.269816,10918,0,0
29550,6,0,0,7,1,12.184463,1.269627,10918,0,0
29560,2,0,1,4,1,12.182491,1.269443,10918,0,0
29570,13,3,0,17,1,12.182002,1.269410,10918,0,0
29580,12,4,1,18,1,12.184047,1.269632,10918,0,0
29590,4,1,0,6,1,12.183802,1.269656,10918,0,0
29600,0,0,0,1,1,12.180529,1.269381,10918,0,0
29610,20,3,1,25,1,12.180817,1.269358,10930,0,0
29620,11,0,0,12,1,12.184229,1.269807,10954,0,0
29630,1,1,0,3,1,12.181411,1.269580,10954,0,0
29640,4,1,0,6,1,12.178298,1.269255,10954,0,0
29650,1,0,0,2,1,12.175312,1.268921,10954,0,0
29660,1,1,0,3,1,12.172536,1.268601,10954,0,0
29670,2,0,0,3,1,12.169923,1.268359,10954,0,0
29680,17,6,0,24,1,12.169763,1.268258,10956,0,0
29690,5,0,2,8,1,12.168516,1.268186,10959,0,0
29700,4,0,1,6,1,12.165939,1.267859,10959,0,0
29710,0,0,0,1,1,12.163010,1.267531,10959,0,0
29720,3,0,0,4,1,12.160914,1.267282,10959,0,0
29730,8,2,0,11,1,12.158818,1.267032,10959,0,0
29740,5,0,0,6,1,12.155584,1.266726,10959,0,0
29750,17,2,4,24,1,12.153919,1.266548,10959,0,0
29760,20,0,1,22,1,12.156780,1.266868,10969,0,0
29770,20,1,4,26,1,12.159564,1.267175,10983,0,0
29780,11,0,0,12,1,12.161004,1.267401,10989,0,0
29790,16,0,2,19,1,12.161658,1.267447,10993,0,0
29800,4,3,0,8,1,12.163794,1.267704,11004,0,0
29810,3,0,0,4,1,12.162432,1.267553,11004,0,0
29820,6,0,2,9,1,12.160006,1.267322,11004,0,0
29830,0,0,0,1,1,12.157160,1.267065,11004,0,0
29840,14,0,3,18,1,12.157049,1.266974,11004,0,0
29850,11,0,0,12,1,12.159693,1.267249,11012,0,0
29860,13,0,0,14,1,12.157678,1.266973,11012,0,0
29870,17,1,2,21,1,12.159869,1.267192,11021,0,0
29880,18,2,3,24,1,12.162137,1.267424,11025,0,0
29890,17,0,1,19,1,12.163843,1.267610,11034,0,0
29900,11,0,0,12,1,12.162842,1.267572,11034,0,0
29910,4,0,0,5,1,12.161232,1.267395,11034,0,0
29920,7,2,1,11,1,12.159256,1.267189,11034,0,0
29930,8,0,1,10,1,12.156617,1.266905,11034,0,0
29940,20,8,0,29,1,12.158674,1.267093,11034,0,0
29950,4,0,0,5,1,12.160429,1.267324,11046,0,0
29960,11,1,3,16,1,12.160637,1.267297,11046,0,0
29970,15,2,1,19,1,12.163631,1.267560,11048,0,0
29980,13,1,3,18,1,12.166947,1.267923,11064,0,0
29990,13,0,0,14,1,12.170158,1.268315,11084,0,0
30000,11,0,0,12,1,12.168909,1.268202,11084,0,0
30010,2,1,1,5,1,12.167553,1.268026,11084,0,0
30020,4,1,0,6,1,12.166053,1.267843,11084,0,0
30030,7,1,2,11,1,12.165048,1.267733,11084,0,0
30040,12,3,1,17,1,12.165619,1.267753,11084,0,0
30050,17,1,0,19,1,12.165112,1.267700,11084,0,0
30060,12,1,1,15,1,12.168132,1.268094,11104,0,0
30070,0,0,0,0,0,12.168216,1.268063,11107,0,0
30080,1,1,0,3,1,12.165981,1.267777,11107,0,0
30090,17,4,4,26,1,12.166811,1.267789,11124,0,0
30100,5,1,0,7,1,12.169930,1.268136,11133,0,0
30110,0,0,1,2,1,12.167569,1.267894,11133,0,0
30120,12,2,3,18,1,12.166157,1.267755,11133,0,0
30130,4,0,0,5,1,12.166180,1.267736,11133,0,0
30140,0,0,0,0,0,12.163754,1.267513,11133,0,0
30150,0,0,1,2,1,12.160887,1.267258,11133,0,0
30160,2,0,1,4,1,12.159513,1.267067,11133,0,0
30170,2,0,0,3,1,12.156888,1.266767,11133,0,0
30180,3,0,1,5,1,12.153978,1.266494,11133,0,0
30190,13,0,0,14,1,12.155281,1.266568,11133,0,0
30200,16,1,4,22,1,12.158198,1.266903,11136,0,0
30210,6,2,0,9,1,12.160504,1.267134,11139,0,0
30220,0,0,0,0,0,12.157627,1.266852,11139,0,0
30230,0,0,0,1,1,12.154985,1.266611,11139,0,0
30240,16,0,1,18,1,12.153659,1.266434,11139,0,0
30250,6,0,1,8,1,12.153239,1.266433,11140,0,0
30260,10,0,0,11,1,12.151455,1.266269,11140,0,0
30270,16,1,0,18,1,12.149958,1.266096,11141,0,0
30280,17,1,3,22,1,12.149713,1.266031,11141,0,0
30290,15,0,2,18,1,12.151425,1.266261,11141,0,0
30300,20,2,0,23,1,12.154521,1.266605,11153,0,0
30310,10,0,3,14,1,12.152817,1.266432,11156,0,0
30320,14,0,2,17,1,12.153561,1.266488,11156,0,0
30330,18,3,2,24,1,12.156213,1.266742,11158,0,0
30340,12,1,1,15,1,12.158890,1.267008,11165,0,0
30350,11,0,2,14,1,12.160484,1.267213,11169,0,0
30360,17,2,3,23,1,12.162589,1.267428,11175,0,0
30370,10,0,0,11,1,12.164356,1.267599,11181,0,0
30380,10,5,1,17,1,12.166275,1.267768,11181,0,0
30390,16,2,1,20,1,12.168657,1.268012,11190,0,0
30400,3,0,0,4,1,12.168873,1.268121,11200,0,0
30410,6,0,0,7,1,12.168626,1.268065,11200,0,0
30420,4,0,1,6,1,12.165527,1.267815,11200,0,0
30430,8,0,1,10,1,12.163301,1.267596,11200,0,0
30440,10,2,0,13,1,12.162441,1.267476,11200,0,0
30450,4,2,0,7,1,12.163754,1.267626,11207,0,0
30460,6,0,0,7,1,12.162242,1.267420,11207,0,0
30470,13,1,0,15,1,12.159807,1.267162,11207,0,0
30480,9,1,1,12,1,12.160557,1.267149,11207,0,0
30490,4,0,1,6,1,12.159205,1.267073,11207,0,0
30500,1,1,1,4,1,12.156448,1.266803,11207,0,0
30510,6,1,1,9,1,12.155014,1.266632,11207,0,0
30520,14,1,3,19,1,12.154041,1.266461,11207,0,0
30530,16,0,1,18,1,12.156233,1.266715,11220,0,0
30540,19,2,2,24,1,12.159516,1.267048,11237,0,0
30550,16,0,1,18,1,12.161480,1.267331,11244,0,0
30560,8,0,0,9,1,12.160635,1.267182,11244,0,0
30570,6,1,3,11,1,12.161742,1.267310,11245,0,0
30580,8,1,1,11,1,12.161870,1.267293,11245,0,0
30590,14,2,3,20,1,12.162684,1.267391,11247,0,0
30600,1,1,0,3,1,12.163048,1.267420,11249,0,0
30610,6,1,0,8,1,12.160831,1.267210,11249,0,0
30620,17,0,0,18,1,12.160897,1.267191,11249,0,0
30630,13,1,1,16,1,12.160804,1.267220,11249,0,0
30640,18,1,1,21,1,12.163141,1.267403,11257,0,0
30650,17,8,0,26,1,12.166958,1.267831,11276,0,0
30660,15,3,0,19,1,12.168796,1.268022,11277,0,0
30670,13,2,0,16,1,12.170929,1.268214,11279,0,0
30680,20,5,7,33,1,12.173821,1.268503,11286,0,0
30690,14,0,3,18,1,12.176495,1.268807,11305,0,0
30700,16,1,1,19,1,12.179419,1.269129,11314,0,0
30710,8,1,0,10,1,12.182442,1.269551,11333,0,0
30720,6,2,1,10,1,12.180121,1.269331,11333,0,0
30730,0,0,0,0,0,12.178627,1.269183,11333,0,0
30740,5,2,1,9,1,12.176028,1.268839,11333,0,0
30750,5,0,1,7,1,12.176098,1.268834,11333,0,0
30760,8,0,0,9,1,12.174855,1.268738,11333,0,0
30770,9,0,1,11,1,12.175573,1.268830,11333,0,0
30780,7,1,0,9,1,12.173376,1.268610,11333,0,0
30790,1,0,0,2,1,12.172917,1.268514,11333,0,0
30800,0,0,0,1,1,12.170466,1.268246,11333,0,0
30810,19,0,5,25,1,12.170463,1.268185,11337,0,0
30820,19,5,0,25,1,12.174096,1.268590,11349,0,0
30830,4,3,3,11,1,12.173567,1.268646,11351,0,0
30840,3,1,0,5,1,12.172419,1.268543,11351,0,0
30850,0,0,0,1,1,12.169416,1.268243,11351,0,0
30860,6,2,0,9,1,12.168575,1.268095,11351,0,0
30870,10,1,1,13,1,12.169468,1.268175,11356,0,0
30880,7,2,0,10,1,12.171027,1.268350,11364,0,0
30890,8,0,1,10,1,12.168566,1.268111,11364,0,0
30900,6,0,3,10,1,12.166946,1.268002,11364,0,0
30910,1,0,1,3,1,12.165769,1.267904,11364,0,0
30920,6,0,0,7,1,12.165945,1.267880,11364,0,0
30930,5,1,2,9,1,12.163711,1.267630,11364,0,0
30940,19,3,2,25,1,12.165341,1.267791,11370,0,0
30950,16,0,2,19,1,12.165945,1.267858,11376,0,0
30960,9,3,0,13,1,12.164935,1.267765,11377,0,0
30970,18,0,1,20,1,12.166539,1.267936,11377,0,0
30980,1,0,1,3,1,12.166871,1.268056,11378,0,0
30990,12,2,1,16,1,12.167027,1.268068,11378,0,0
31000,8,1,0,10,1,12.168623,1.268234,11379,0,0
31010,13,0,2,16,1,12.169815,1.268362,11382,0,0
31020,3,0,3,7,1,12.168620,1.268289,11382,0,0
31030,3,1,0,5,1,12.166303,1.268077,11382,0,0
31040,1,0,0,2,1,12.163509,1.267853,11382,0,0
31050,3,0,0,4,1,12.160722,1.267567,11382,0,0
31060,6,0,0,7,1,12.159286,1.267425,11382,0,0
31070,8,0,0,9,1,12.159772,1.267501,11382,0,0
31080,0,0,0,0,0,12.159385,1.267469,11386,0,0
31090,6,1,1,9,1,12.157359,1.267228,11386,0,0
31100,17,1,3,22,1,12.159307,1.267427,11394,0,0
31110,18,1,6,26,1,12.161701,1.267625,11400,0,0
31120,15,1,0,17,1,12.164733,1.267979,11415,0,0
31130,1,2,0,4,1,12.163681,1.267941,11417,0,0
31140,15,3,2,21,1,12.162108,1.267760,11417,0,0
31150,11,1,0,13,1,12.162898,1.267825,11419,0,0
31160,15,0,1,17,1,12.164056,1.267916,11421,0,0
31170,0,0,0,0,0,12.162832,1.267843,11421,0,0
31180,5,0,0,6,1,12.159407,1.267511,11421,0,0
31190,11,0,0,12,1,12.158959,1.267443,11422,0,0
31200,16,3,5,25,1,12.162070,1.267775,11443,0,0
31210,7,4,2,14,1,12.163320,1.267927,11450,0,0
31220,19,3,2,25,1,12.163756,1.267891,11456,0,0
31230,2,0,1,4,1,12.164944,1.268095,11470,0,0
31240,12,1,1,15,1,12.162274,1.267808,11470,0,0
31250,18,2,1,22,1,12.164692,1.268026,11480,0,0
31260,5,2,0,8,1,12.164565,1.268059,11486,0,0
31270,7,2,0,10,1,12.165325,1.268168,11488,0,0
31280,5,0,1,7,1,12.162603,1.267951,11488,0,0
31290,14,0,2,17,1,12.162069,1.267823,11488,0,0
31300,14,2,1,18,1,12.163957,1.268020,11488,0,0
31310,11,3,3,18,1,12.167242,1.268446,11516,0,0
31320,12,1,0,14,1,12.166727,1.268363,11516,0,0
31330,16,0,1,18,1,12.166092,1.268216,11516,0,0
31340,14,2,1,18,1,12.165709,1.268163,11516,0,0
31350,9,0,2,12,1,12.167177,1.268320,11534,0,0
31360,6,2,1,10,1,12.164533,1.268028,11534,0,0
31370,6,0,1,8,1,12.166825,1.268270,11536,0,0
31380,4,0,0,5,1,12.164208,1.267980,11536,0,0
31390,9,1,1,12,1,12.163084,1.267867,11536,0,0
31400,0,0,0,1,1,12.160537,1.267601,11536,0,0
31410,1,0,0,2,1,12.157204,1.267304,11536,0,0
31420,8,1,0,10,1,12.154178,1.266963,11536,0,0
31430,1,0,0,2,1,12.152315,1.266786,11536,0,0
31440,3,0,0,4,1,12.149224,1.266467,11536,0,0
31450,10,3,0,14,1,12.147728,1.266294,11536,0,0
31460,0,0,0,1,1,12.146852,1.266228,11537,0,0
31470,5,0,0,6,1,12.144459,1.266012,11537,0,0
31480,7,1,1,10,1,12.142455,1.265777,11537,0,0
31490,12,0,1,14,1,12.141551,1.265599,11537,0,0
31500,17,3,1,22,1,12.143079,1.265729,11544,0,0
31510,19,2,2,24,1,12.145000,1.265958,11547,0,0
31520,6,0,0,7,1,12.146415,1.266151,11557,0,0
31530,16,1,3,21,1,12.145648,1.266100,11563,0,0
31540,14,1,3,19,1,12.148568,1.266409,11590,0,0
31550,17,3,2,23,1,12.151265,1.266639,11606,0,0
31560,20,1,2,24,1,12.153525,1.266912,11616,0,0
31570,16,0,0,17,1,12.155674,1.267186,11626,0,0
31580,12,4,0,17,1,12.157985,1.267397,11637,0,0
31590,1,2,1,5,1,12.155829,1.267197,11637,0,0
31600,13,1,0,15,1,12.155693,1.267166,11637,0,0
31610,5,3,1,10,1,12.156811,1.267241,11643,0,0
31620,0,0,0,0,0,12.156191,1.267213,11643,0,0
31630,0,0,0,0,0,12.155211,1.267119,11643,0,0
31640,10,1,1,13,1,12.153199,1.266863,11643,0,0
31650,20,1,1,23,1,12.155611,1.267102,11657,0,0
31660,9,0,2,12,1,12.156356,1.267196,11661,0,0
31670,13,3,1,18,1,12.158896,1.267369,11663,0,0
31680,14,4,1,20,1,12.160650,1.267585,11670,0,0
31690,6,0,0,7,1,12.161962,1.267721,11677,0,0
31700,2,0,0,3,1,12.160738,1.267585,11677,0,0
31710,20,0,2,23,1,12.159679,1.267424,11685,0,0
31720,8,2,0,11,1,12.161015,1.267576,11685,0,0
31730,3,0,0,4,1,12.160874,1.267523,11685,0,0
31740,0,0,0,0,0,12.157836,1.267252,11685,0,0
31750,6,0,0,7,1,12.155827,1.267059,11685,0,0
31760,7,0,0,8,1,12.155458,1.267004,11685,0,0
31770,16,3,0,20,1,12.156232,1.266980,11685,0,0
31780,17,2,2,22,1,12.156591,1.267026,11699,0,0
31790,17,1,5,24,1,12.159146,1.267321,11707,0,0
31800,18,3,4,26,1,12.159422,1.267308,11710,0,0
31810,20,1,0,22,1,12.162296,1.267624,11725,0,0
31820,12,0,0,13,1,12.162753,1.267688,11730,0,0
31830,15,3,0,19,1,12.163408,1.267739,11730,0,0
31840,11,4,0,16,1,12.164037,1.267863,11730,0,0
31850,11,0,1,13,1,12.162961,1.267709,11730,0,0
31860,13,1,0,15,1,12.164959,1.267905,11733,0,0
31870,12,0,3,16,1,12.166171,1.267997,11733,0,0
31880,10,0,0,11,1,12.166650,1.268006,11733,0,0
31890,2,0,1,4,1,12.163967,1.267763,11733,0,0
31900,5,0,0,6,1,12.164147,1.267749,11733,0,0
31910,2,0,0,3,1,12.161287,1.267492,11733,0,0
31920,19,2,2,24,1,12.162085,1.267558,11743,0,0
31930,16,2,3,22,1,12.166371,1.268038,11766,0,0
31940,20,3,1,25,1,12.169906,1.268431,11793,0,0
31950,15,3,1,20,1,12.171845,1.268707,11800,0,0
31960,11,1,3,16,1,12.174181,1.268921,11809,0,0
31970,5,2,1,9,1,12.173340,1.268825,11809,0,0
31980,5,0,0,6,1,12.171088,1.268586,11809,0,0
31990,3,0,1,5,1,12.170584,1.268484,11809,0,0
32000,2,0,0,3,1,12.168042,1.268219,11809,0,0
32010,0,0,0,1,1,12.166169,1.268060,11809,0,0
32020,11,4,1,17,1,12.164146,1.267824,11809,0,0
32030,16,3,3,23,1,12.165515,1.267975,11809,0,0
32040,0,0,1,2,1,12.163913,1.267829,11809,0,0
32050,7,1,0,9,1,12.162956,1.267720,11809,0,0
32060,19,3,1,24,1,12.164917,1.267904,11829,0,0
32070,20,0,2,23,1,12.167819,1.268260,11849,0,0
32080,1,1,0,3,1,12.169881,1.268528,11860,0,0
32090,18,0,0,19,1,12.169966,1.268512,11865,0,0
32100,1,0,1,3,1,12.169265,1.268476,11865,0,0
32110,20,4,2,27,1,12.169269,1.268426,11865,0,0
32120,18,7,4,30,1,12.171395,1.268635,11872,0,0
32130,12,0,1,14,1,12.173361,1.268869,11889,0,0
32140,2,0,0,3,1,12.173345,1.268871,11889,0,0
32150,8,0,0,9,1,12.170841,1.268622,11889,0,0
32160,0,0,0,0,0,12.168650,1.268468,11889,0,0
32170,0,0,0,0,0,12.165976,1.268209,11889,0,0
32180,17,2,2,22,1,12.164243,1.267995,11889,0,0
32190,18,4,2,25,1,12.167562,1.268308,11907,0,0
32200,9,1,1,12,1,12.169508,1.268572,11920,0,0
32210,8,0,0,9,1,12.167158,1.268372,11920,0,0
32220,2,1,0,4,1,12.164761,1.268159,11920,0,0
32230,7,0,0,8,1,12.164578,1.268123,11920,0,0
32240,20,2,4,27,1,12.166125,1.268247,11930,0,0
32250,14,0,0,15,1,12.167872,1.268421,11934,0,0
32260,19,0,6,26,1,12.171276,1.268763,11947,0,0
32270,6,0,0,7,1,12.173273,1.269032,11961,0,0
32280,12,1,3,17,1,12.171855,1.268868,11961,0,0
32290,8,3,4,16,1,12.173201,1.268975,11962,0,0
32300,19,1,1,22,1,12.175115,1.269195,11977,0,0
32310,17,0,2,20,1,12.178395,1.269496,11989,0,0
32320,15,1,3,20,1,12.181322,1.269731,11993,0,0
32330,2,0,0,3,1,12.179667,1.269582,11993,0,0
32340,1,0,0,2,1,12.176630,1.269311,11993,0,0
32350,3,2,5,11,1,12.174224,1.269043,11993,0,0
32360,6,0,0,7,1,12.174545,1.269085,11998,0,0
32370,0,0,0,1,1,12.172809,1.268916,11998,0,0
32380,19,0,1,21,1,12.171713,1.268801,11998,0,0
32390,20,1,1,23,1,12.172769,1.268846,11999,0,0
32400,15,3,5,24,1,12.176126,1.269150,12019,0,0
32410,20,0,4,25,1,12.179286,1.269492,12039,0,0
32420,18,2,0,21,1,12.182159,1.269856,12049,0,0
32430,20,0,1,22,1,12.185446,1.270170,12070,0,0
32440,11,0,0,12,1,12.184943,1.270134,12071,0,0
32450,16,2,0,19,1,12.187351,1.270397,12082,0,0
32460,10,3,3,17,1,12.189097,1.270521,12085,0,0
32470,9,3,2,15,1,12.191679,1.270757,12097,0,0
32480,14,0,1,16,1,12.192446,1.270829,12098,0,0
32490,14,0,0,15,1,12.195816,1.271266,12128,0,0
32500,20,0,3,24,1,12.197822,1.271442,12135,0,0
32510,18,3,2,24,1,12.201246,1.271860,12152,0,0
32520,19,0,1,21,1,12.202550,1.271906,12157,0,0
32530,12,0,0,13,1,12.201991,1.271892,12157,0,0
32540,16,1,0,18,1,12.205279,1.272230,12179,0,0
32550,15,1,0,17,1,12.208385,1.272582,12189,0,0
32560,3,1,0,5,1,12.209611,1.272751,12200,0,0
32570,5,0,2,8,1,12.208545,1.272647,12200,0,0
32580,3,0,0,4,1,12.208391,1.272631,12200,0,0
32590,16,0,2,19,1,12.209668,1.272776,12205,0,0
32600,18,1,3,23,1,12.212475,1.273020,12225,0,0
32610,0,0,0,1,1,12.213006,1.273099,12225,0,0
32620,16,2,1,20,1,12.213885,1.273133,12231,0,0
32630,9,1,0,11,1,12.214894,1.273238,12243,0,0
32640,1,0,0,2,1,12.213345,1.273032,12243,0,0
32650,3,1,0,5,1,12.212359,1.272900,12243,0,0
32660,14,0,1,16,1,12.210992,1.272790,12243,0,0
32670,19,0,1,21,1,12.212472,1.272952,12253,0,0
32680,11,6,0,18,1,12.214056,1.273097,12257,0,0
32690,5,0,1,7,1,12.214842,1.273175,12258,0,0
32700,3,0,0,4,1,12.212446,1.272933,12258,0,0
32710,18,1,3,23,1,12.212908,1.272908,12262,0,0
32720,20,2,1,24,1,12.215434,1.273130,12270,0,0
32730,20,0,4,25,1,12.220052,1.273652,12294,0,0
32740,14,1,0,16,1,12.222570,1.274032,12313,0,0
32750,20,7,1,29,1,12.225991,1.274364,12333,0,0
32760,1,1,0,3,1,12.224221,1.274211,12336,0,0
32770,14,1,0,16,1,12.222990,1.274026,12336,0,0
32780,10,0,0,11,1,12.224372,1.274166,12336,0,0
32790,3,0,2,6,1,12.222363,1.273956,12336,0,0
32800,5,0,3,9,1,12.219984,1.273724,12336,0,0
32810,8,0,0,9,1,12.217403,1.273467,12336,0,0
32820,19,2,2,24,1,12.218899,1.273554,12343,0,0
32830,17,2,5,25,1,12.221182,1.273816,12353,0,0
32840,13,3,2,19,1,12.224872,1.274241,12372,0,0
32850,12,1,2,16,1,12.226887,1.274495,12377,0,0
32860,14,1,2,18,1,12.226512,1.274391,12377,0,0
32870,17,0,1,19,1,12.228330,1.274572,12380,0,0
32880,4,0,0,5,1,12.227602,1.274496,12380,0,0
32890,4,0,1,6,1,12.225646,1.274320,12380,0,0
32900,10,5,1,17,1,12.226901,1.274426,12383,0,0
32910,8,2,0,11,1,12.228282,1.274598,12396,0,0
32920,4,1,0,6,1,12.226784,1.274442,12396,0,0
32930,18,0,4,23,1,12.226903,1.274406,12403,0,0
32940,10,0,1,12,1,12.229640,1.274687,12411,0,0
32950,9,3,1,14,1,12.227808,1.274492,12411,0,0
32960,1,0,1,3,1,12.225709,1.274301,12411,0,0
32970,16,1,1,19,1,12.226194,1.274307,12418,0,0
32980,20,2,0,23,1,12.228876,1.274638,12441,0,0
32990,19,1,5,26,1,12.231362,1.274917,12454,0,0
33000,8,0,1,10,1,12.231911,1.275007,12457,0,0
33010,13,0,0,14,1,12.229521,1.274761,12457,0,0
33020,6,2,0,9,1,12.228239,1.274559,12457,0,0
33030,16,0,1,18,1,12.228988,1.274621,12459,0,0
33040,4,2,4,11,1,12.228530,1.274565,12460,0,0
33050,1,0,0,2,1,12.227869,1.274496,12460,0,0
33060,16,3,0,20,1,12.226875,1.274327,12466,0,0
33070,15,0,1,17,1,12.228276,1.274525,12466,0,0
33080,9,0,1,11,1,12.229141,1.274636,12471,0,0
33090,3,0,1,5,1,12.229135,1.274659,12471,0,0
33100,6,0,0,7,1,12.226946,1.274442,12471,0,0
33110,1,0,0,2,1,12.223895,1.274160,12471,0,0
33120,6,0,0,7,1,12.221330,1.273885,12471,0,0
33130,7,0,0,8,1,12.219003,1.273654,12471,0,0
33140,6,1,6,14,1,12.220154,1.273778,12472,0,0
33150,9,1,0,11,1,12.219682,1.273732,12472,0,0
33160,20,0,0,21,1,12.217987,1.273491,12472,0,0
33170,0,0,0,0,0,12.217660,1.273517,12476,0,0
33180,0,0,0,0,0,12.214525,1.273214,12476,0,0
33190,7,2,0,10,1,12.213200,1.273015,12476,0,0
33200,2,0,0,3,1,12.211053,1.272827,12476,0,0
33210,7,0,2,10,1,12.209165,1.272634,12476,0,0
33220,2,0,0,3,1,12.208439,1.272550,12476,0,0
33230,10,1,2,14,1,12.206835,1.272375,12476,0,0
33240,13,0,1,15,1,12.206908,1.272366,12476,0,0
33250,12,1,0,14,1,12.208607,1.272551,12492,0,0
33260,10,4,0,15,1,12.208625,1.272601,12492,0,0
33270,6,4,2,13,1,12.210255,1.272782,12495,0,0
33280,10,1,1,13,1,12.211659,1.272948,12505,0,0
33290,5,0,0,6,1,12.210190,1.272819,12505,0,0
33300,10,0,3,14,1,12.208370,1.272541,12505,0,0
33310,4,2,1,8,1,12.207750,1.272468,12505,0,0
33320,0,0,0,1,1,12.206667,1.272387,12505,0,0
33330,12,4,2,19,1,12.204267,1.272105,12505,0,0
33340,20,3,2,26,1,12.208385,1.272526,12528,0,0
33350,0,0,0,0,0,12.208104,1.272572,12531,0,0
33360,0,0,0,0,0,12.205979,1.272366,12531,0,0
33370,8,0,0,9,1,12.204216,1.272202,12531,0,0
33380,9,0,1,11,1,12.202467,1.272019,12531,0,0
33390,4,0,0,5,1,12.201807,1.271930,12531,0,0
33400,8,0,1,10,1,12.201352,1.271823,12531,0,0
33410,13,1,0,15,1,12.202567,1.271973,12532,0,0
33420,20,2,6,29,1,12.205725,1.272298,12546,0,0
33430,15,0,4,20,1,12.207775,1.272571,12560,0,0
33440,13,1,0,15,1,12.209916,1.272806,12575,0,0
33450,3,1,0,5,1,12.208339,1.272633,12575,0,0
33460,2,0,0,3,1,12.205913,1.272432,12575,0,0
33470,12,2,1,16,1,12.205564,1.272324,12575,0,0
33480,18,4,4,27,1,12.208029,1.272557,12579,0,0
33490,16,2,0,19,1,12.210466,1.272794,12582,0,0
33500,19,0,2,22,1,12.212829,1.273056,12584,0,0
33510,16,0,1,18,1,12.214741,1.273279,12596,0,0
33520,4,0,0,5,1,12.213869,1.273255,12596,0,0
33530,8,1,0,10,1,12.213610,1.273196,12596,0,0
33540,4,0,0,5,1,12.211716,1.273018,12596,0,0
33550,4,1,0,6,1,12.210218,1.272850,12596,0,0
33560,3,3,1,8,1,12.209431,1.272768,12596,0,0
33570,17,2,3,23,1,12.210764,1.272831,12603,0,0
33580,4,0,1,6,1,12.212894,1.273108,12615,0,0
33590,7,0,0,8,1,12.213465,1.273128,12617,0,0
33600,1,0,0,2,1,12.210723,1.272909,12617,0,0
33610,0,0,0,1,1,12.207999,1.272684,12617,0,0
33620,16,1,2,20,1,12.208191,1.272720,12623,0,0
33630,2,0,1,4,1,12.206227,1.272538,12623,0,0
33640,9,0,0,10,1,12.205562,1.272461,12623,0,0
33650,6,3,0,10,1,12.204284,1.272304,12623,0,0
33660,17,0,1,19,1,12.204866,1.272435,12623,0,0
33670,15,3,3,22,1,12.207760,1.272788,12649,0,0
33680,2,0,0,3,1,12.207426,1.272768,12656,0,0
33690,2,0,0,3,1,12.204459,1.272502,12656,0,0
33700,12,2,4,19,1,12.206049,1.272624,12656,0,0
33710,16,0,1,18,1,12.209870,1.273105,12686,0,0
33720,13,2,1,17,1,12.210683,1.273161,12686,0,0
33730,4,1,0,6,1,12.210042,1.273110,12686,0,0
33740,10,2,0,13,1,12.208939,1.272983,12686,0,0
33750,16,2,10,29,1,12.211229,1.273186,12698,0,0
33760,16,1,1,19,1,12.213861,1.273464,12707,0,0
33770,18,0,0,19,1,12.213828,1.273456,12710,0,0
33780,20,2,1,24,1,12.216642,1.273796,12724,0,0
33790,20,5,2,28,1,12.219342,1.274038,12729,0,0
33800,13,0,1,15,1,12.222420,1.274429,12739,0,0
33810,13,0,0,14,1,12.223090,1.274468,12739,0,0
33820,10,0,0,11,1,12.224174,1.274588,12740,0,0
33830,7,3,0,11,1,12.224186,1.274577,12740,0,0
33840,18,3,1,23,1,12.223437,1.274467,12741,0,0
33850,5,5,1,12,1,12.224311,1.274566,12741,0,0
33860,15,3,0,19,1,12.223925,1.274529,12741,0,0
33870,11,1,3,16,1,12.224916,1.274648,12742,0,0
33880,6,1,1,9,1,12.222635,1.274374,12742,0,0
33890,10,1,3,15,1,12.220577,1.274163,12742,0,0
33900,2,0,0,3,1,12.218346,1.274017,12742,0,0
33910,6,0,1,8,1,12.216309,1.273804,12742,0,0
33920,10,1,2,14,1,12.215588,1.273673,12742,0,0
33930,11,1,0,13,1,12.217249,1.273862,12750,0,0
33940,1,1,0,3,1,12.216202,1.273764,12750,0,0
33950,6,0,0,7,1,12.213355,1.273483,12750,0,0
33960,15,0,3,19,1,12.212345,1.273381,12750,0,0
33970,14,0,0,15,1,12.213163,1.273493,12752,0,0
33980,19,1,5,26,1,12.215270,1.273689,12753,0,0
33990,8,1,0,10,1,12.217962,1.274032,12771,0,0
34000,15,0,1,17,1,12.215920,1.273819,12771,0,0
34010,8,1,1,11,1,12.217542,1.273972,12790,0,0
34020,9,0,1,11,1,12.216202,1.273863,12790,0,0
34030,17,1,1,20,1,12.217429,1.273975,12795,0,0
34040,0,0,0,1,1,12.218509,1.274142,12799,0,0
34050,2,0,0,3,1,12.216060,1.273894,12799,0,0
34060,16,3,2,22,1,12.215638,1.273802,12799,0,0
34070,16,3,1,21,1,12.217465,1.274016,12803,0,0
34080,7,1,0,9,1,12.217831,1.274081,12805,0,0
34090,10,0,1,12,1,12.215719,1.273845,12805,0,0
34100,20,1,4,26,1,12.217110,1.273962,12809,0,0
34110,15,1,0,17,1,12.220030,1.274325,12821,0,0
34120,9,0,2,12,1,12.220210,1.274355,12829,0,0
34130,20,0,2,23,1,12.220913,1.274322,12831,0,0
34140,17,1,0,19,1,12.224155,1.274719,12849,0,0
34150,17,3,0,21,1,12.224605,1.274734,12849,0,0
34160,14,0,1,16,1,12.226547,1.274909,12852,0,0
34170,11,3,0,15,1,12.227034,1.274975,12854,0,0
34180,2,1,0,4,1,12.225778,1.274890,12854,0,0
34190,1,0,0,2,1,12.224805,1.274738,12854,0,0
34200,3,0,1,5,1,12.224313,1.274663,12854,0,0
34210,0,0,0,0,0,12.222175,1.274474,12854,0,0
34220,19,2,7,29,1,12.221758,1.274337,12854,0,0
34230,9,0,2,12,1,12.224490,1.274668,12864,0,0
34240,15,0,3,19,1,12.226642,1.274896,12882,0,0
34250,13,3,2,19,1,12.228486,1.275100,12889,0,0
34260,15,0,2,18,1,12.230848,1.275369,12895,0,0
34270,2,1,0,4,1,12.229347,1.275243,12895,0,0
34280,0,3,0,4,1,12.226734,1.275005,12895,0,0
34290,18,0,2,21,1,12.227374,1.275025,12901,0,0
34300,20,0,1,22,1,12.229756,1.275230,12913,0,0
34310,4,0,0,5,1,12.228164,1.275118,12914,0,0
34320,0,0,0,0,0,12.225560,1.274912,12914,0,0
34330,11,2,1,15,1,12.223855,1.274684,12914,0,0
34340,15,0,2,18,1,12.226497,1.274951,12939,0,0
34350,9,2,1,13,1,12.225301,1.274806,12939,0,0
34360,11,1,0,13,1,12.224817,1.274787,12939,0,0
34370,18,0,0,19,1,12.224688,1.274807,12939,0,0
34380,19,5,3,28,1,12.227156,1.275076,12955,0,0
34390,12,0,0,13,1,12.229166,1.275293,12973,0,0
34400,1,1,0,3,1,12.228771,1.275275,12973,0,0
34410,11,3,0,15,1,12.227048,1.275021,12973,0,0
34420,2,0,1,4,1,12.224958,1.274822,12973,0,0
34430,16,0,1,18,1,12.227223,1.275054,12982,0,0
34440,7,0,1,9,1,12.228560,1.275205,12987,0,0
34450,6,2,0,9,1,12.225920,1.274998,12987,0,0
34460,8,0,1,10,1,12.223500,1.274757,12987,0,0
34470,9,0,0,10,1,12.222632,1.274635,12987,0,0
34480,20,0,1,22,1,12.224387,1.274787,12993,0,0
34490,9,0,1,11,1,12.225167,1.274841,12998,0,0
34500,17,3,1,22,1,12.225843,1.274842,12998,0,0
34510,0,0,0,0,0,12.224255,1.274745,13001,0,0
34520,14,0,1,16,1,12.225042,1.274784,13005,0,0
34530,1,0,0,2,1,12.224600,1.274749,13005,0,0
34540,0,0,0,1,1,12.221677,1.274467,13005,0,0
34550,0,0,0,0,0,12.219215,1.274206,13005,0,0
34560,2,1,0,4,1,12.217087,1.273946,13005,0,0
34570,8,0,0,9,1,12.215886,1.273835,13005,0,0
34580,11,2,5,19,1,12.214769,1.273726,13005,0,0
34590,0,0,0,0,0,12.212857,1.273622,13005,0,0
34600,0,4,0,5,1,12.210943,1.273422,13005,0,0
34610,0,0,0,0,0,12.208459,1.273213,13005,0,0
34620,14,2,0,17,1,12.207049,1.273073,13005,0,0
34630,20,3,2,26,1,12.207349,1.273081,13005,0,0
34640,19,1,0,21,1,12.207980,1.273165,13009,0,0
34650,18,2,2,23,1,12.210264,1.273434,13021,0,0
34660,10,0,0,11,1,12.211912,1.273667,13043,0,0
34670,6,0,1,8,1,12.209842,1.273473,13043,0,0
34680,8,0,0,9,1,12.207755,1.273293,13043,0,0
34690,20,1,2,24,1,12.211470,1.273657,13053,0,0
34700,11,1,0,13,1,12.211848,1.273715,13058,0,0
34710,4,1,2,8,1,12.209515,1.273472,13058,0,0
34720,18,2,5,26,1,12.211479,1.273619,13069,0,0
34730,13,0,1,15,1,12.212343,1.273735,13072,0,0
34740,1,0,1,3,1,12.211903,1.273685,13072,0,0
34750,5,0,0,6,1,12.209273,1.273414,13072,0,0
34760,16,0,2,19,1,12.211144,1.273639,13080,0,0
34770,8,0,1,10,1,12.212801,1.273831,13081,0,0
34780,8,0,0,9,1,12.210880,1.273618,13081,0,0
34790,3,1,1,6,1,12.208898,1.273445,13081,0,0
34800,2,0,0,3,1,12.206352,1.273191,13081,0,0
34810,17,0,1,19,1,12.205014,1.272982,13081,0,0
34820,13,0,1,15,1,12.205644,1.272994,13081,0,0
34830,0,0,0,1,1,12.203382,1.272803,13081,0,0
34840,0,0,0,0,0,12.201217,1.272577,13081,0,0
34850,17,0,0,18,1,12.201309,1.272525,13081,0,0
34860,20,3,0,24,1,12.205404,1.272960,13098,0,0
34870,10,2,2,15,1,12.208239,1.273304,13115,0,0
34880,6,1,2,10,1,12.209099,1.273382,13115,0,0
34890,10,2,2,15,1,12.207694,1.273224,13115,0,0
34900,9,1,0,11,1,12.209136,1.273412,13124,0,0
34910,7,1,2,11,1,12.208824,1.273363,13124,0,0
34920,6,2,0,9,1,12.209089,1.273429,13124,0,0
34930,14,1,1,17,1,12.209025,1.273395,13124,0,0
34940,18,3,0,22,1,12.210650,1.273564,13138,0,0
34950,11,0,0,12,1,12.212933,1.273809,13154,0,0
34960,5,2,0,8,1,12.213245,1.273819,13154,0,0
34970,1,0,0,2,1,12.211682,1.273655,13154,0,0
34980,17,2,0,20,1,12.211474,1.273542,13154,0,0
34990,7,2,0,10,1,12.210764,1.273501,13162,0,0
35000,1,0,0,2,1,12.208122,1.273275,13162,0,0
35010,2,0,0,3,1,12.205599,1.273019,13162,0,0
35020,0,0,0,0,0,12.204488,1.272918,13162,0,0
35030,4,1,0,6,1,12.202022,1.272656,13162,0,0
35040,15,0,3,19,1,12.203725,1.272780,13167,0,0
35050,3,2,1,7,1,12.201811,1.272592,13167,0,0
35060,16,0,1,18,1,12.201736,1.272561,13167,0,0
35070,17,0,0,18,1,12.201131,1.272452,13167,0,0
35080,17,0,3,21,1,12.202944,1.272621,13175,0,0
35090,20,2,2,25,1,12.205822,1.272940,13189,0,0
35100,11,0,0,12,1,12.208823,1.273290,13212,0,0
35110,12,2,2,17,1,12.207497,1.273152,13212,0,0
35120,5,0,0,6,1,12.207441,1.273111,13212,0,0
35130,10,0,5,16,1,12.208341,1.273167,13212,0,0
35140,5,0,0,6,1,12.206597,1.272992,13212,0,0
35150,5,0,0,6,1,12.205250,1.272836,13212,0,0
35160,7,0,0,8,1,12.203017,1.272667,13212,0,0
35170,3,0,1,5,1,12.201754,1.272535,13212,0,0
35180,3,0,0,4,1,12.199695,1.272316,13212,0,0
35190,10,1,1,13,1,12.197986,1.272141,13212,0,0
35200,17,4,2,24,1,12.200229,1.272348,13218,0,0
35210,20,3,3,27,1,12.203792,1.272742,13242,0,0
35220,14,6,0,21,1,12.205468,1.272913,13250,0,0
35230,13,0,1,15,1,12.204884,1.272855,13250,0,0
35240,12,2,0,15,1,12.207155,1.273103,13264,0,0
35250,3,1,0,5,1,12.205233,1.272940,13264,0,0
35260,13,3,2,19,1,12.204437,1.272864,13265,0,0
35270,17,4,1,23,1,12.207789,1.273228,13291,0,0
35280,0,0,0,1,1,12.208213,1.273294,13298,0,0
35290,16,4,2,23,1,12.209094,1.273314,13305,0,0
35300,8,2,0,11,1,12.210650,1.273472,13317,0,0
35310,16,0,1,18,1,12.212491,1.273698,13323,0,0
35320,10,0,0,11,1,12.213426,1.273795,13329,0,0
35330,16,3,2,22,1,12.215776,1.274073,13351,0,0
35340,18,0,1,20,1,12.218350,1.274356,13367,0,0
35350,0,0,0,1,1,12.217778,1.274352,13367,0,0
35360,0,0,0,1,1,12.214993,1.274084,13367,0,0
35370,18,0,1,20,1,12.215242,1.274102,13375,0,0
35380,0,0,0,0,0,12.213519,1.273941,13375,0,0
35390,12,2,1,16,1,12.211078,1.273678,13375,0,0
35400,3,0,0,4,1,12.212082,1.273824,13382,0,0
35410,0,0,0,1,1,12.210114,1.273633,13382,0,0
35420,13,5,0,19,1,12.209490,1.273492,13382,0,0
35430,8,0,0,9,1,12.208700,1.273466,13382,0,0
35440,5,0,1,7,1,12.206326,1.273221,13382,0,0
35450,2,0,1,4,1,12.204872,1.273024,13382,0,0
35460,8,1,0,10,1,12.204945,1.273028,13382,0,0
35470,19,0,2,22,1,12.205722,1.273097,13382,0,0
35480,6,0,1,8,1,12.206137,1.273125,13385,0,0
35490,0,0,0,1,1,12.203470,1.272857,13385,0,0
35500,5,0,1,7,1,12.201087,1.272575,13385,0,0
35510,1,1,0,3,1,12.198491,1.272345,13385,0,0
35520,5,0,0,6,1,12.195872,1.272101,13385,0,0
35530,5,0,0,6,1,12.193228,1.271851,13385,0,0
35540,0,0,0,1,1,12.190413,1.271627,13385,0,0
35550,11,0,0,12,1,12.189282,1.271464,13385,0,0
35560,5,0,2,8,1,12.190137,1.271512,13385,0,0
35570,6,0,0,7,1,12.190033,1.271549,13385,0,0
35580,0,0,0,0,0,12.189048,1.271461,13385,0,0
35590,13,0,0,14,1,12.188592,1.271409,13385,0,0
35600,13,1,2,17,1,12.187969,1.271314,13385,0,0
35610,4,0,0,5,1,12.185612,1.271086,13385,0,0
35620,16,6,0,23,1,12.186795,1.271142,13388,0,0
35630,9,1,2,13,1,12.188897,1.271401,13403,0,0
35640,15,0,5,21,1,12.191435,1.271673,13415,0,0
35650,1,0,0,2,1,12.190068,1.271593,13415,0,0
35660,10,2,2,15,1,12.188209,1.271406,13415,0,0
35670,3,0,0,4,1,12.188273,1.271468,13415,0,0
35680,0,0,0,1,1,12.187094,1.271348,13415,0,0
35690,0,0,0,0,0,12.184060,1.271113,13415,0,0
35700,16,1,0,18,1,12.182241,1.270890,13415,0,0
35710,2,1,0,4,1,12.183393,1.271061,13426,0,0
35720,9,0,0,10,1,12.182184,1.270920,13426,0,0
35730,0,0,0,1,1,12.179357,1.270706,13426,0,0
35740,17,1,0,19,1,12.179545,1.270688,13431,0,0
35750,14,1,0,16,1,12.180774,1.270812,13438,0,0
35760,8,0,0,9,1,12.180689,1.270810,13438,0,0
35770,13,0,1,15,1,12.181704,1.270896,13438,0,0
35780,5,0,3,9,1,12.182560,1.271026,13444,0,0
35790,2,1,0,4,1,12.181023,1.270854,13444,0,0
35800,13,0,1,15,1,12.180421,1.270720,13444,0,0
35810,8,0,0,9,1,12.180624,1.270774,13444,0,0
35820,1,0,0,2,1,12.178856,1.270585,13444,0,0
35830,12,1,1,15,1,12.177469,1.270366,13444,0,0
35840,0,0,0,0,0,12.175621,1.270202,13444,0,0
35850,19,0,0,20,1,12.174391,1.269955,13444,0,0
35860,3,0,1,5,1,12.173185,1.269844,13448,0,0
35870,0,0,0,0,0,12.172241,1.269756,13449,0,0
35880,7,2,2,12,1,12.172296,1.269754,13450,0,0
35890,9,2,2,14,1,12.174717,1.269969,13469,0,0
35900,11,0,3,15,1,12.172839,1.269773,13469,0,0
35910,16,1,3,21,1,12.174400,1.269909,13475,0,0
35920,8,0,2,11,1,12.176963,1.270209,13484,0,0
35930,17,1,2,21,1,12.178428,1.270347,13494,0,0
35940,3,1,0,5,1,12.177214,1.270245,13494,0,0
35950,9,0,0,10,1,12.176866,1.270212,13502,0,0
35960,4,3,0,8,1,12.174360,1.269987,13502,0,0
35970,15,2,1,19,1,12.174663,1.269996,13502,0,0
35980,9,0,1,11,1,12.174106,1.269930,13505,0,0
35990,15,0,2,18,1,12.175045,1.270017,13505,0,0
36000,19,2,2,24,1,12.176381,1.270130,13511,0,0
36010,15,4,0,20,1,12.178304,1.270352,13516,0,0
36020,15,0,2,18,1,12.180041,1.270566,13518,0,0
36030,0,0,0,1,1,12.179911,1.270555,13518,0,0
36040,8,0,0,9,1,12.177930,1.270300,13518,0,0
36050,0,0,0,1,1,12.176190,1.270155,13518,0,0
36060,5,0,0,6,1,12.173432,1.269816,13518,0,0
36070,13,0,2,16,1,12.173242,1.269736,13518,0,0
36080,15,1,1,18,1,12.174433,1.269846,13521,0,0
36090,16,2,3,22,1,12.175973,1.269976,13523,0,0
36100,1,0,0,2,1,12.175743,1.269992,13523,0,0
36110,14,2,0,17,1,12.175092,1.269876,13523,0,0
36120,3,0,0,4,1,12.173828,1.269795,13523,0,0
36130,12,3,4,20,1,12.173532,1.269771,13523,0,0
36140,8,0,0,9,1,12.174637,1.269890,13523,0,0
36150,16,1,1,19,1,12.174800,1.269862,13523,0,0
36160,1,0,0,2,1,12.175485,1.269977,13527,0,0
36170,9,1,0,11,1,12.173335,1.269720,13527,0,0
36180,19,5,1,26,1,12.174990,1.269833,13535,0,0
36190,12,5,1,19,1,12.175876,1.269903,13538,0,0
36200,10,0,1,12,1,12.177093,1.270008,13539,0,0
36210,19,2,3,25,1,12.178618,1.270141,13548,0,0
36220,12,2,0,15,1,12.179596,1.270246,13555,0,0
36230,5,0,0,6,1,12.181113,1.270422,13564,0,0
36240,4,0,0,5,1,12.179511,1.270265,13564,0,0
36250,12,1,0,14,1,12.178751,1.270135,13564,0,0
36260,20,4,0,25,1,12.180621,1.270311,13572,0,0
36270,6,0,0,7,1,12.181593,1.270419,13577,0,0
36280,3,0,1,5,1,12.182994,1.270514,13580,0,0
36290,20,1,2,24,1,12.181472,1.270340,13581,0,0
36300,20,0,1,22,1,12.183924,1.270643,13591,0,0
36310,14,0,1,16,1,12.185935,1.270889,13597,0,0
36320,0,0,0,1,1,12.186057,1.270915,13603,0,0
36330,0,0,0,0,0,12.183871,1.270709,13603,0,0
36340,14,1,0,16,1,12.182860,1.270567,13603,0,0
36350,5,0,1,7,1,12.183589,1.270679,13603,0,0
36360,6,2,1,10,1,12.181701,1.270470,13603,0,0
36370,0,0,0,1,1,12.180789,1.270360,13603,0,0
36380,13,0,2,16,1,12.179772,1.270206,13603,0,0
36390,16,4,1,22,1,12.181087,1.270347,13603,0,0
36400,17,1,3,22,1,12.183906,1.270651,13615,0,0
36410,12,0,2,15,1,12.185712,1.270861,13626,0,0
36420,8,2,3,14,1,12.186987,1.270986,13636,0,0
36430,7,0,0,8,1,12.185445,1.270843,13636,0,0
36440,3,0,0,4,1,12.183434,1.270626,13636,0,0
36450,1,1,0,3,1,12.181464,1.270424,13636,0,0
36460,1,0,1,3,1,12.178842,1.270146,13636,0,0
36470,11,1,0,13,1,12.176594,1.269922,13636,0,0
36480,18,3,1,23,1,12.178256,1.270113,13640,0,0
36490,1,0,0,2,1,12.178131,1.270085,13640,0,0
36500,0,0,0,1,1,12.176704,1.269932,13640,0,0
36510,1,0,0,2,1,12.173934,1.269683,13640,0,0
36520,15,1,2,19,1,12.172825,1.269560,13640,0,0
36530,18,0,0,19,1,12.173500,1.269604,13641,0,0
36540,2,1,0,4,1,12.174632,1.269729,13643,0,0
36550,8,2,0,11,1,12.175056,1.269769,13646,0,0
36560,2,0,0,3,1,12.175430,1.269841,13646,0,0
36570,7,1,2,11,1,12.175387,1.269789,13646,0,0
36580,11,1,5,18,1,12.175346,1.269759,13646,0,0
36590,14,1,0,16,1,12.175150,1.269727,13646,0,0
36600,3,0,0,4,1,12.176168,1.269793,13650,0,0
36610,20,1,0,22,1,12.174058,1.269529,13650,0,0
36620,5,0,1,7,1,12.174271,1.269515,13651,0,0
36630,20,1,1,23,1,12.173113,1.269336,13653,0,0
36640,11,2,0,14,1,12.175213,1.269587,13660,0,0
36650,18,1,1,21,1,12.177011,1.269799,13667,0,0
36660,10,2,1,14,1,12.179495,1.270083,13703,0,0
36670,5,4,0,10,1,12.179387,1.270082,13703,0,0
36680,4,0,1,6,1,12.177853,1.269893,13703,0,0
36690,9,1,1,12,1,12.176770,1.269722,13703,0,0
36700,10,0,0,11,1,12.176488,1.269678,13703,0,0
36710,10,0,0,11,1,12.177797,1.269800,13704,0,0
36720,6,1,0,8,1,12.176050,1.269599,13704,0,0
36730,7,0,0,8,1,12.174317,1.269432,13704,0,0
36740,20,0,0,21,1,12.175290,1.269487,13711,0,0
36750,15,2,3,21,1,12.178116,1.269788,13727,0,0
36760,9,0,0,10,1,12.180203,1.270038,13739,0,0
36770,5,0,0,6,1,12.178022,1.269861,13739,0,0
36780,0,0,0,1,1,12.176968,1.269725,13739,0,0
36790,2,0,0,3,1,12.174428,1.269478,13739,0,0
36800,8,0,1,10,1,12.175145,1.269577,13739,0,0
36810,17,4,1,23,1,12.177343,1.269817,13749,0,0
36820,5,0,0,6,1,12.179326,1.270031,13767,0,0
36830,0,0,0,1,1,12.177080,1.269760,13767,0,0
36840,11,0,0,12,1,12.175277,1.269547,13767,0,0
36850,5,1,0,7,1,12.173995,1.269398,13767,0,0
36860,7,0,0,8,1,12.171450,1.269122,13767,0,0
36870,10,3,2,16,1,12.171471,1.269081,13767,0,0
36880,4,2,2,9,1,12.174222,1.269360,13779,0,0
36890,12,1,1,15,1,12.174292,1.269313,13779,0,0
36900,20,1,1,23,1,12.173755,1.269203,13782,0,0
36910,3,0,0,4,1,12.173837,1.269233,13783,0,0
36920,20,0,1,22,1,12.175133,1.269364,13788,0,0
36930,19,0,1,21,1,12.177991,1.269640,13809,0,0
36940,5,1,0,7,1,12.177882,1.269636,13810,0,0
36950,3,1,1,6,1,12.176208,1.269475,13810,0,0
36960,15,0,3,19,1,12.176997,1.269543,13812,0,0
36970,11,3,0,15,1,12.177996,1.269643,13817,0,0
36980,7,0,1,9,1,12.177746,1.269624,13817,0,0
36990,13,1,0,15,1,12.179759,1.269833,13827,0,0
37000,8,5,2,16,1,12.182113,1.270089,13830,0,0
37010,7,1,2,11,1,12.183638,1.270284,13834,0,0
37020,17,5,3,26,1,12.186383,1.270552,13840,0,0
37030,17,0,1,19,1,12.188648,1.270838,13851,0,0
37040,18,0,0,19,1,12.189103,1.270878,13851,0,0
37050,19,2,4,26,1,12.190571,1.270987,13854,0,0
37060,20,3,4,28,1,12.194234,1.271394,13887,0,0
37070,19,1,2,23,1,12.196407,1.271602,13891,0,0
37080,16,4,3,24,1,12.199166,1.271897,13905,0,0
37090,19,2,2,24,1,12.201836,1.272232,13932,0,0
37100,0,0,0,0,0,12.201010,1.272196,13932,0,0
37110,0,0,0,1,1,12.199103,1.271972,13932,0,0
37120,6,0,0,7,1,12.196317,1.271727,13932,0,0
37130,15,0,4,20,1,12.196396,1.271710,13932,0,0
37140,14,1,0,16,1,12.198281,1.271942,13943,0,0
37150,18,0,6,25,1,12.200850,1.272220,13953,0,0
37160,7,1,1,10,1,12.204354,1.272660,13980,0,0
37170,13,2,2,18,1,12.205571,1.272748,13985,0,0
37180,1,0,0,2,1,12.205373,1.272741,13985,0,0
37190,2,0,0,3,1,12.202531,1.272483,13985,0,0
37200,2,0,0,3,1,12.200215,1.272249,13985,0,0
37210,14,3,2,20,1,12.200268,1.272215,13985,0,0
37220,0,1,0,2,1,12.201101,1.272301,13989,0,0
37230,1,0,0,2,1,12.198968,1.272121,13989,0,0
37240,14,2,0,17,1,12.198872,1.272061,13989,0,0
37250,14,1,2,18,1,12.201069,1.272282,13993,0,0
37260,7,0,0,8,1,12.200597,1.272236,14000,0,0
37270,6,3,1,11,1,12.199987,1.272197,14000,0,0
37280,3,0,1,5,1,12.198211,1.272033,14000,0,0
37290,20,3,1,25,1,12.200062,1.272183,14009,0,0
37300,18,0,0,19,1,12.202435,1.272455,14015,0,0
37310,16,0,2,19,1,12.204794,1.272711,14024,0,0
37320,12,0,1,14,1,12.204895,1.272682,14024,0,0
37330,17,2,0,20,1,12.205083,1.272687,14024,0,0
37340,18,3,0,22,1,12.207360,1.272910,14034,0,0
37350,17,0,1,19,1,12.210068,1.273214,14044,0,0
37360,17,1,1,20,1,12.213000,1.273512,14058,0,0
37370,16,2,2,21,1,12.215169,1.273738,14062,0,0
37380,4,1,1,7,1,12.215901,1.273814,14069,0,0
37390,14,5,1,21,1,12.215271,1.273769,14069,0,0
37400,0,0,0,1,1,12.214084,1.273691,14069,0,0
37410,5,1,0,7,1,12.212692,1.273506,14069,0,0
37420,0,0,0,0,0,12.211183,1.273395,14069,0,0
37430,7,2,2,12,1,12.211260,1.273346,14070,0,0
37440,7,1,1,10,1,12.211157,1.273317,14070,0,0
37450,12,0,0,13,1,12.209691,1.273146,14070,0,0
37460,5,1,2,9,1,12.207564,1.272949,14070,0,0
37470,6,3,2,12,1,12.206508,1.272845,14070,0,0
37480,20,0,0,21,1,12.208122,1.272988,14077,0,0
37490,14,1,3,19,1,12.209814,1.273186,14081,0,0
37500,7,0,2,10,1,12.210008,1.273174,14081,0,0
37510,2,0,0,3,1,12.208723,1.273039,14081,0,0
37520,0,0,0,0,0,12.207082,1.272900,14081,0,0
37530,2,1,0,4,1,12.204588,1.272632,14081,0,0
37540,2,0,0,3,1,12.202100,1.272390,14081,0,0
37550,3,0,2,6,1,12.200064,1.272209,14081,0,0
37560,1,2,0,4,1,12.198991,1.272101,14081,0,0
37570,8,1,0,10,1,12.197529,1.271937,14081,0,0
37580,9,0,0,10,1,12.197240,1.271910,14081,0,0
37590,8,0,4,13,1,12.199172,1.272118,14090,0,0
37600,15,3,0,19,1,12.200837,1.272277,14100,0,0
37610,18,5,1,25,1,12.203168,1.272570,14114,0,0
37620,14,1,1,17,1,12.204877,1.272765,14123,0,0
37630,8,1,0,10,1,12.204737,1.272743,14124,0,0
37640,16,0,0,17,1,12.203975,1.272614,14124,0,0
37650,3,0,1,5,1,12.203666,1.272627,14128,0,0
37660,5,3,0,9,1,12.202434,1.272488,14128,0,0
37670,3,1,0,5,1,12.200772,1.272275,14128,0,0
37680,11,0,3,15,1,12.201380,1.272317,14131,0,0
37690,8,0,0,9,1,12.200827,1.272270,14131,0,0
37700,14,1,1,17,1,12.202573,1.272469,14138,0,0
37710,17,1,0,19,1,12.203653,1.272592,14139,0,0
37720,0,0,0,0,0,12.203716,1.272651,14146,0,0
37730,14,2,2,19,1,12.202851,1.272504,14149,0,0
37740,8,0,0,9,1,12.203623,1.272584,14156,0,0
37750,0,0,0,0,0,12.201518,1.272340,14156,0,0
37760,16,2,2,21,1,12.200591,1.272243,14162,0,0
37770,17,0,6,24,1,12.201643,1.272324,14169,0,0
37780,6,2,3,12,1,12.203546,1.272568,14181,0,0
37790,5,0,0,6,1,12.201360,1.272357,14181,0,0
37800,4,0,1,6,1,12.198915,1.272109,14181,0,0
37810,5,1,2,9,1,12.198957,1.272102,14188,0,0
37820,17,0,3,21,1,12.200245,1.272187,14193,0,0
37830,9,0,0,10,1,12.202276,1.272444,14203,0,0
37840,8,1,0,10,1,12.202907,1.272467,14203,0,0
37850,15,2,5,23,1,12.202349,1.272405,14203,0,0
37860,14,1,3,19,1,12.204613,1.272641,14209,0,0
37870,17,1,2,21,1,12.206859,1.272899,14212,0,0
37880,5,0,0,6,1,12.206669,1.272879,14212,0,0
37890,0,0,0,1,1,12.204509,1.272703,14212,0,0
37900,10,0,0,11,1,12.203352,1.272511,14212,0,0
37910,5,0,1,7,1,12.202303,1.272395,14212,0,0
37920,7,0,2,10,1,12.201047,1.272260,14212,0,0
37930,13,2,1,17,1,12.201692,1.272295,14219,0,0
37940,8,0,0,9,1,12.200207,1.272144,14219,0,0
37950,10,0,0,11,1,12.198340,1.271956,14219,0,0
37960,4,0,0,5,1,12.197015,1.271782,14219,0,0
37970,2,0,0,3,1,12.194420,1.271543,14219,0,0
37980,4,1,0,6,1,12.192182,1.271320,14219,0,0
37990,6,1,0,8,1,12.190402,1.271120,14219,0,0
38000,4,1,0,6,1,12.188267,1.270911,14219,0,0
38010,1,0,0,2,1,12.186116,1.270710,14219,0,0
38020,19,2,2,24,1,12.187001,1.270743,14232,0,0
38030,15,2,2,20,1,12.189758,1.271093,14270,0,0
38040,17,0,3,21,1,12.192014,1.271331,14278,0,0
38050,6,2,2,11,1,12.190694,1.271200,14278,0,0
38060,17,2,1,21,1,12.188862,1.270995,14278,0,0
38070,10,1,0,12,1,12.190139,1.271131,14280,0,0
38080,6,1,1,9,1,12.189844,1.271086,14280,0,0
38090,16,1,4,22,1,12.190289,1.271122,14286,0,0
38100,13,1,1,16,1,12.192585,1.271389,14300,0,0
38110,11,0,0,12,1,12.192032,1.271334,14300,0,0
38120,0,0,0,0,0,12.191879,1.271363,14300,0,0
38130,11,2,0,14,1,12.189659,1.271117,14300,0,0
38140,9,4,1,15,1,12.188512,1.271004,14300,0,0
38150,4,2,0,7,1,12.187892,1.270953,14300,0,0
38160,1,0,0,2,1,12.186342,1.270795,14300,0,0
38170,5,0,2,8,1,12.185298,1.270672,14300,0,0
38180,7,1,2,11,1,12.184615,1.270583,14300,0,0
38190,15,2,0,18,1,12.184837,1.270560,14300,0,0
38200,0,1,0,2,1,12.185672,1.270644,14307,0,0
38210,0,0,0,0,0,12.183007,1.270410,14307,0,0
38220,17,7,0,25,1,12.182200,1.270271,14307,0,0
38230,1,0,0,2,1,12.183178,1.270452,14312,0,0
38240,4,1,0,6,1,12.181347,1.270281,14312,0,0
38250,18,0,0,19,1,12.183047,1.270458,14322,0,0
38260,16,0,1,18,1,12.184065,1.270522,14322,0,0
38270,14,1,2,18,1,12.185669,1.270700,14325,0,0
38280,18,0,1,20,1,12.187994,1.270949,14340,0,0
38290,15,0,0,16,1,12.190338,1.271189,14347,0,0
38300,1,0,0,2,1,12.188707,1.271064,14347,0,0
38310,15,0,3,19,1,12.188417,1.271023,14347,0,0
38320,5,0,0,6,1,12.188142,1.271008,14347,0,0
38330,4,0,0,5,1,12.187810,1.270945,14347,0,0
38340,11,1,3,16,1,12.186742,1.270802,14347,0,0
38350,19,0,1,21,1,12.189287,1.271053,14375,0,0
38360,18,1,0,20,1,12.190642,1.271194,14375,0,0
38370,19,2,2,24,1,12.193165,1.271471,14393,0,0
38380,14,5,2,22,1,12.195254,1.271637,14404,0,0
38390,0,0,0,1,1,12.196566,1.271821,14407,0,0
38400,4,1,0,6,1,12.194065,1.271602,14407,0,0
38410,15,2,1,19,1,12.192736,1.271463,14407,0,0
38420,17,0,0,18,1,12.194311,1.271620,14409,0,0
38430,8,1,1,11,1,12.193729,1.271552,14409,0,0
38440,0,0,0,1,1,12.192774,1.271428,14409,0,0
38450,1,0,1,3,1,12.190489,1.271189,14409,0,0
38460,2,0,1,4,1,12.188004,1.270978,14409,0,0
38470,0,0,0,0,0,12.185489,1.270781,14409,0,0
38480,15,1,2,19,1,12.185378,1.270752,14409,0,0
38490,0,0,0,1,1,12.184709,1.270706,14409,0,0
38500,3,0,0,4,1,12.182916,1.270563,14409,0,0
38510,0,0,0,1,1,12.180947,1.270385,14409,0,0
38520,3,0,3,7,1,12.180300,1.270331,14409,0,0
38530,2,0,0,3,1,12.178243,1.270119,14409,0,0
38540,8,1,0,10,1,12.175930,1.269884,14409,0,0
38550,1,0,0,2,1,12.173746,1.269697,14409,0,0
38560,7,0,0,8,1,12.172748,1.269555,14409,0,0
38570,18,1,1,21,1,12.174416,1.269735,14428,0,0
38580,19,1,2,23,1,12.177253,1.270014,14442,0,0
38590,11,1,0,13,1,12.178676,1.270182,14445,0,0
38600,0,0,1,2,1,12.176510,1.269997,14445,0,0
38610,19,0,1,21,1,12.175716,1.269845,14446,0,0
38620,3,2,2,8,1,12.175226,1.269804,14446,0,0
38630,18,1,1,21,1,12.176513,1.269931,14452,0,0
38640,15,2,0,18,1,12.178034,1.270062,14452,0,0
38650,14,3,0,18,1,12.180263,1.270291,14466,0,0
38660,6,3,0,10,1,12.179270,1.270166,14466,0,0
38670,1,2,1,5,1,12.177628,1.270015,14466,0,0
38680,11,1,2,15,1,12.175976,1.269853,14466,0,0
38690,19,0,2,22,1,12.177329,1.270017,14474,0,0
38700,4,0,0,5,1,12.178394,1.270169,14481,0,0
38710,5,1,2,9,1,12.178176,1.270170,14481,0,0
38720,10,2,0,13,1,12.177173,1.270075,14481,0,0
38730,12,1,4,18,1,12.179488,1.270340,14490,0,0
38740,3,0,0,4,1,12.179372,1.270341,14490,0,0
38750,11,6,2,20,1,12.178817,1.270249,14490,0,0
38760,18,0,3,22,1,12.181223,1.270475,14507,0,0
38770,4,1,0,6,1,12.181280,1.270481,14507,0,0
38780,9,7,0,17,1,12.179841,1.270276,14507,0,0
38790,2,0,0,3,1,12.180470,1.270358,14507,0,0
38800,18,3,1,23,1,12.182569,1.270580,14523,0,0
38810,2,0,0,3,1,12.181936,1.270517,14523,0,0
38820,10,0,1,12,1,12.180375,1.270333,14523,0,0
38830,17,0,2,20,1,12.180935,1.270374,14528,0,0
38840,8,0,2,11,1,12.182750,1.270553,14532,0,0
38850,3,0,1,5,1,12.183867,1.270669,14546,0,0
38860,2,0,0,3,1,12.181777,1.270464,14546,0,0
38870,14,2,2,19,1,12.182726,1.270549,14564,0,0
38880,18,1,1,21,1,12.184985,1.270747,14580,0,0
38890,18,3,4,26,1,12.188272,1.271137,14606,0,0
38900,15,7,0,23,1,12.191263,1.271435,14628,0,0
38910,11,0,0,12,1,12.192541,1.271575,14632,0,0
38920,1,1,0,3,1,12.191850,1.271475,14632,0,0
38930,2,0,0,3,1,12.189588,1.271245,14632,0,0
38940,11,0,0,12,1,12.188134,1.271063,14632,0,0
38950,20,3,3,27,1,12.189755,1.271204,14648,0,0
38960,13,4,3,21,1,12.191327,1.271398,14655,0,0
38970,6,3,0,10,1,12.192321,1.271529,14655,0,0
38980,6,2,1,10,1,12.190924,1.271383,14655,0,0
38990,7,2,0,10,1,12.188539,1.271113,14655,0,0
39000,11,0,1,13,1,12.189760,1.271247,14658,0,0
39010,10,1,0,12,1,12.188925,1.271136,14658,0,0
39020,1,1,0,3,1,12.187023,1.270954,14658,0,0
39030,0,0,0,1,1,12.185031,1.270749,14658,0,0
39040,19,3,4,27,1,12.186368,1.270814,14667,0,0
39050,10,0,0,11,1,12.187225,1.270906,14679,0,0
39060,11,0,0,12,1,12.188618,1.271061,14682,0,0
39070,4,1,0,6,1,12.188103,1.270997,14682,0,0
39080,9,2,2,14,1,12.185968,1.270740,14682,0,0
39090,15,1,2,19,1,12.187982,1.270940,14703,0,0
39100,12,0,1,14,1,12.188972,1.271032,14703,0,0
39110,5,1,0,7,1,12.188329,1.270948,14703,0,0
39120,6,0,0,7,1,12.189038,1.271049,14703,0,0
39130,2,0,0,3,1,12.187366,1.270894,14703,0,0
39140,1,0,0,2,1,12.185063,1.270681,14703,0,0
39150,5,1,0,7,1,12.183666,1.270531,14703,0,0
39160,9,2,2,14,1,12.182100,1.270358,14703,0,0
39170,17,0,1,19,1,12.182748,1.270405,14703,0,0
39180,16,4,0,21,1,12.185112,1.270661,14721,0,0
39190,8,1,1,11,1,12.184926,1.270597,14721,0,0
39200,3,1,0,5,1,12.183622,1.270471,14721,0,0
39210,4,1,0,6,1,12.181903,1.270335,14721,0,0
39220,6,1,1,9,1,12.182133,1.270345,14721,0,0
39230,12,1,1,15,1,12.183100,1.270405,14731,0,0
39240,1,0,0,2,1,12.180838,1.270243,14731,0,0
39250,19,1,0,21,1,12.180222,1.270125,14737,0,0
39260,20,1,0,22,1,12.182915,1.270439,14752,0,0
39270,11,0,0,12,1,12.184126,1.270602,14754,0,0
39280,9,1,0,11,1,12.184482,1.270646,14754,0,0
39290,9,3,2,15,1,12.185318,1.270732,14754,0,0
39300,5,1,0,7,1,12.183552,1.270541,14754,0,0
39310,13,1,1,16,1,12.183324,1.270463,14754,0,0
39320,17,2,0,20,1,12.185138,1.270622,14763,0,0
39330,11,1,0,13,1,12.186099,1.270684,14763,0,0
39340,13,5,1,20,1,12.187462,1.270843,14766,0,0
39350,12,0,1,14,1,12.188293,1.270916,14768,0,0
39360,7,3,0,11,1,12.186756,1.270752,14768,0,0
39370,9,0,2,12,1,12.185835,1.270642,14768,0,0
39380,12,2,0,15,1,12.185893,1.270644,14769,0,0
39390,0,0,0,0,0,12.185524,1.270585,14769,0,0
39400,1,0,0,2,1,12.183193,1.270392,14769,0,0
39410,17,0,3,21,1,12.184627,1.270501,14778,0,0
39420,6,0,0,7,1,12.186078,1.270720,14793,0,0
39430,1,0,0,2,1,12.183997,1.270553,14793,0,0
39440,17,0,0,18,1,12.183948,1.270520,14794,0,0
39450,19,0,0,20,1,12.185157,1.270646,14798,0,0
39460,0,0,0,1,1,12.184544,1.270632,14813,0,0
39470,4,0,0,5,1,12.182135,1.270384,14813,0,0
39480,16,3,2,22,1,12.184045,1.270589,14823,0,0
39490,16,1,1,19,1,12.185166,1.270709,14829,0,0
39500,15,4,4,24,1,12.187389,1.270927,14833,0,0
39510,6,0,0,7,1,12.188363,1.271076,14833,0,0
39520,18,1,0,20,1,12.189926,1.271258,14844,0,0
39530,12,0,0,13,1,12.191637,1.271470,14848,0,0
39540,18,1,0,20,1,12.193211,1.271661,14853,0,0
39550,20,1,1,23,1,12.193863,1.271725,14862,0,0
39560,4,0,1,6,1,12.195411,1.271889,14868,0,0
39570,14,6,1,22,1,12.196014,1.271948,14868,0,0
39580,2,2,1,6,1,12.198201,1.272270,14884,0,0
39590,4,0,1,6,1,12.196409,1.272076,14884,0,0
39600,7,1,1,10,1,12.194578,1.271828,14884,0,0
39610,7,1,0,9,1,12.194571,1.271759,14884,0,0
39620,14,3,0,18,1,12.193497,1.271637,14884,0,0
39630,0,0,0,1,1,12.192002,1.271541,14884,0,0
39640,0,3,0,4,1,12.189685,1.271319,14884,0,0
39650,8,0,0,9,1,12.187761,1.271088,14884,0,0
39660,14,0,0,15,1,12.187242,1.271027,14884,0,0
39670,20,3,0,24,1,12.187527,1.271016,14886,0,0
39680,9,0,2,12,1,12.187450,1.271041,14887,0,0
39690,10,1,2,14,1,12.187672,1.271037,14887,0,0
39700,0,0,0,1,1,12.186560,1.270934,14887,0,0
39710,3,0,0,4,1,12.184422,1.270717,14887,0,0
39720,7,0,0,8,1,12.183475,1.270588,14887,0,0
39730,19,4,0,24,1,12.184687,1.270694,14902,0,0
39740,13,0,2,16,1,12.186391,1.270892,14910,0,0
39750,15,2,0,18,1,12.187505,1.270941,14910,0,0
39760,18,1,10,30,1,12.190949,1.271326,14926,0,0
39770,5,1,0,7,1,12.191771,1.271461,14927,0,0
39780,18,3,1,23,1,12.192526,1.271486,14937,0,0
39790,8,2,2,13,1,12.194665,1.271762,14963,0,0
39800,16,0,1,18,1,12.195028,1.271770,14966,0,0
39810,12,0,0,13,1,12.196422,1.271942,14972,0,0
39820,8,0,0,9,1,12.196782,1.271982,14972,0,0
39830,16,0,2,19,1,12.196402,1.271949,14972,0,0
39840,15,4,0,20,1,12.198963,1.272236,14989,0,0
39850,13,1,4,19,1,12.200383,1.272377,14994,0,0
39860,9,1,1,12,1,12.200709,1.272440,14994,0,0
39870,14,2,1,18,1,12.201984,1.272543,15000,0,0
39880,7,2,2,12,1,12.203633,1.272731,15005,0,0
39890,14,6,1,22,1,12.205200,1.272911,15014,0,0
39900,18,1,1,21,1,12.206882,1.273049,15023,0,0
39910,14,0,1,16,1,12.208579,1.273256,15026,0,0
39920,1,1,0,3,1,12.207579,1.273154,15026,0,0
39930,13,5,1,20,1,12.206317,1.272999,15026,0,0
39940,19,2,0,22,1,12.206299,1.272980,15030,0,0
39950,1,1,1,4,1,12.206246,1.272991,15033,0,0
39960,17,0,3,21,1,12.206883,1.273037,15038,0,0
39970,19,0,1,21,1,12.208243,1.273212,15045,0,0
39980,16,3,0,20,1,12.210996,1.273552,15071,0,0
39990,0,0,0,1,1,12.209385,1.273367,15071,0,0
40000,5,1,0,7,1,12.207207,1.273132,15071,0,0
40010,15,0,3,19,1,12.208864,1.273341,15089,0,0
40020,0,0,2,3,1,12.207960,1.273283,15089,0,0
40030,12,0,0,13,1,12.205687,1.273026,15089,0,0
40040,0,4,0,5,1,12.203624,1.272850,15089,0,0
40050,1,1,0,3,1,12.202574,1.272720,15089,0,0
40060,16,1,1,19,1,12.202527,1.272675,15089,0,0
40070,20,4,2,27,1,12.204397,1.272853,15098,0,0
40080,19,0,0,20,1,12.206033,1.273063,15105,0,0
40090,8,2,1,12,1,12.206637,1.273103,15109,0,0
40100,16,0,1,18,1,12.207361,1.273121,15109,0,0
40110,0,0,0,0,0,12.207055,1.273145,15109,0,0
40120,5,0,3,9,1,12.205229,1.272948,15109,0,0
40130,0,0,0,1,1,12.202948,1.272716,15109,0,0
40140,10,0,0,11,1,12.201338,1.272525,15109,0,0
40150,19,1,3,24,1,12.203129,1.272685,15123,0,0
40160,9,0,0,10,1,12.204005,1.272812,15131,0,0
40170,7,1,1,10,1,12.204017,1.272843,15131,0,0
40180,19,3,0,23,1,12.206216,1.273032,15146,0,0
40190,8,2,0,11,1,12.208084,1.273246,15154,0,0
40200,12,2,3,18,1,12.209638,1.273378,15154,0,0
40210,17,4,0,22,1,12.212847,1.273759,15175,0,0
40220,19,1,0,21,1,12.214834,1.273985,15181,0,0
40230,11,3,0,15,1,12.216458,1.274148,15189,0,0
40240,2,0,2,5,1,12.217027,1.274220,15192,0,0
40250,20,0,3,24,1,12.218350,1.274348,15196,0,0
40260,16,1,2,20,1,12.219920,1.274570,15212,0,0
40270,20,1,0,22,1,12.223068,1.274941,15242,0,0
40280,19,3,3,26,1,12.224914,1.275123,15253,0,0
40290,1,0,0,2,1,12.224757,1.275179,15256,0,0
40300,14,1,1,17,1,12.223752,1.275051,15256,0,0
40310,1,2,1,5,1,12.223147,1.275001,15256,0,0
40320,4,0,0,5,1,12.221537,1.274789,15256,0,0
40330,18,5,0,24,1,12.222702,1.274884,15262,0,0
40340,15,1,2,19,1,12.224326,1.275060,15269,0,0
40350,18,0,2,21,1,12.226415,1.275267,15274,0,0
40360,15,2,0,18,1,12.228201,1.275433,15281,0,0
40370,8,0,0,9,1,12.229567,1.275585,15283,0,0
40380,5,0,0,6,1,12.228779,1.275513,15283,0,0
40390,3,0,2,6,1,12.226934,1.275330,15283,0,0
40400,1,0,0,2,1,12.225507,1.275177,15283,0,0
40410,14,1,0,16,1,12.225378,1.275160,15283,0,0
40420,0,0,0,0,0,12.223574,1.275007,15283,0,0
40430,9,0,0,10,1,12.221350,1.274805,15283,0,0
40440,19,0,1,21,1,12.222743,1.274940,15299,0,0
40450,1,0,0,2,1,12.221060,1.274829,15299,0,0
40460,2,0,1,4,1,12.218478,1.274589,15299,0,0
40470,7,0,0,8,1,12.217014,1.274439,15299,0,0
40480,7,0,0,8,1,12.215152,1.274258,15299,0,0
40490,6,0,0,7,1,12.213703,1.274169,15299,0,0
40500,7,0,1,9,1,12.212384,1.274037,15299,0,0
40510,13,1,1,16,1,12.213350,1.274147,15299,0,0
40520,11,0,3,15,1,12.215563,1.274374,15312,0,0
40530,1,0,0,2,1,12.216514,1.274503,15324,0,0
40540,8,0,3,12,1,12.215653,1.274393,15324,0,0
40550,1,2,0,4,1,12.214137,1.274250,15324,0,0
40560,14,1,2,18,1,12.213524,1.274140,15324,0,0
40570,20,2,1,24,1,12.215877,1.274405,15331,0,0
40580,18,1,1,21,1,12.218444,1.274672,15358,0,0
40590,17,0,6,24,1,12.220636,1.274874,15368,0,0
40600,2,0,0,3,1,12.219966,1.274823,15370,0,0
40610,2,0,0,3,1,12.217797,1.274623,15370,0,0
40620,6,2,0,9,1,12.216172,1.274423,15370,0,0
40630,18,6,1,26,1,12.217650,1.274577,15373,0,0
40640,19,2,3,25,1,12.220484,1.274905,15399,0,0
40650,0,0,0,1,1,12.219317,1.274799,15399,0,0
40660,2,0,0,3,1,12.216870,1.274566,15399,0,0
40670,8,0,9,18,1,12.217086,1.274539,15399,0,0
40680,14,1,2,18,1,12.219204,1.274796,15413,0,0
40690,18,3,1,23,1,12.220650,1.274946,15423,0,0
40700,1,1,0,3,1,12.220609,1.274954,15426,0,0
40710,2,1,3,7,1,12.220873,1.274971,15426,0,0
40720,11,2,2,16,1,12.218870,1.274775,15426,0,0
40730,14,0,0,15,1,12.220104,1.274900,15427,0,0
40740,20,2,1,24,1,12.221691,1.275098,15436,0,0
40750,16,1,1,19,1,12.222847,1.275228,15438,0,0
40760,11,0,0,12,1,12.223212,1.275269,15438,0,0
40770,9,1,0,11,1,12.221879,1.275142,15438,0,0
40780,12,1,0,14,1,12.220980,1.275022,15438,0,0
40790,14,1,1,17,1,12.221828,1.275123,15438,0,0
40800,0,0,0,0,0,12.220525,1.274993,15438,0,0
40810,9,1,1,12,1,12.219647,1.274839,15438,0,0
40820,10,0,2,13,1,12.219555,1.274816,15438,0,0
40830,6,0,1,8,1,12.217572,1.274628,15438,0,0
40840,7,0,0,8,1,12.217356,1.274595,15439,0,0
40850,3,0,0,4,1,12.216478,1.274497,15439,0,0
40860,7,0,2,10,1,12.214470,1.274254,15439,0,0
40870,17,2,0,20,1,12.213612,1.274102,15439,0,0
40880,11,3,2,17,1,12.215603,1.274296,15456,0,0
40890,12,1,3,17,1,12.216278,1.274392,15456,0,0
40900,13,2,1,17,1,12.217143,1.274495,15458,0,0
40910,8,0,0,9,1,12.218184,1.274613,15459,0,0
40920,19,2,1,23,1,12.219963,1.274766,15469,0,0
40930,19,5,0,25,1,12.223087,1.275133,15491,0,0
40940,20,1,3,25,1,12.224491,1.275224,15492,0,0
40950,19,2,2,24,1,12.226563,1.275440,15500,0,0
40960,15,0,3,19,1,12.228558,1.275651,15506,0,0
40970,18,0,0,19,1,12.230170,1.275799,15507,0,0
40980,3,0,1,5,1,12.230374,1.275846,15507,0,0
40990,0,0,0,0,0,12.228617,1.275672,15507,0,0
41000,14,1,0,16,1,12.227734,1.275592,15507,0,0
41010,18,0,0,19,1,12.228403,1.275649,15507,0,0
41020,5,0,0,6,1,12.228150,1.275641,15507,0,0
41030,0,0,0,0,0,12.226082,1.275441,15507,0,0
41040,0,0,0,1,1,12.223859,1.275202,15507,0,0
41050,17,4,1,23,1,12.224371,1.275226,15513,0,0
41060,9,1,2,13,1,12.227120,1.275548,15544,0,0
41070,5,0,1,7,1,12.225078,1.275367,15544,0,0
41080,17,1,3,22,1,12.226485,1.275455,15546,0,0
41090,15,2,0,18,1,12.229069,1.275701,15567,0,0
41100,1,0,0,2,1,12.229292,1.275792,15581,0,0
41110,7,0,0,8,1,12.227139,1.275583,15581,0,0
41120,3,0,0,4,1,12.225375,1.275431,15581,0,0
41130,17,1,0,19,1,12.225049,1.275387,15587,0,0
41140,1,0,0,2,1,12.223974,1.275232,15587,0,0
41150,18,0,0,19,1,12.222672,1.275067,15587,0,0
41160,17,4,0,22,1,12.225255,1.275352,15599,0,0
41170,1,0,1,3,1,12.226383,1.275537,15602,0,0
41180,1,0,1,3,1,12.224246,1.275317,15602,0,0
41190,0,0,0,0,0,12.222156,1.275108,15602,0,0
41200,4,0,1,6,1,12.220243,1.274924,15602,0,0
41210,8,0,0,9,1,12.218251,1.274681,15602,0,0
41220,3,0,0,4,1,12.216631,1.274550,15602,0,0
41230,0,0,0,1,1,12.214805,1.274314,15602,0,0
41240,19,0,0,20,1,12.214519,1.274274,15602,0,0
41250,20,4,1,26,1,12.216672,1.274485,15619,0,0
41260,14,1,1,17,1,12.219482,1.274791,15648,0,0
41270,12,0,0,13,1,12.220380,1.274877,15650,0,0
41280,6,1,0,8,1,12.219344,1.274749,15650,0,0
41290,4,0,2,7,1,12.219091,1.274755,15650,0,0
41300,11,1,0,13,1,12.217476,1.274624,15650,0,0
41310,6,1,1,9,1,12.217341,1.274600,15650,0,0
41320,2,0,0,3,1,12.215727,1.274438,15650,0,0
41330,13,0,1,15,1,12.213969,1.274248,15650,0,0
41340,1,1,0,3,1,12.213617,1.274197,15650,0,0
41350,4,0,0,5,1,12.211242,1.273981,15650,0,0
41360,12,0,0,13,1,12.209719,1.273819,15650,0,0
41370,13,0,1,15,1,12.210649,1.273906,15650,0,0
41380,1,0,0,2,1,12.209361,1.273800,15650,0,0
41390,9,3,0,13,1,12.209297,1.273757,15651,0,0
41400,4,0,0,5,1,12.207729,1.273555,15651,0,0
41410,15,1,1,18,1,12.207181,1.273523,15651,0,0
41420,9,1,0,11,1,12.208103,1.273618,15659,0,0
41430,12,0,2,15,1,12.208597,1.273612,15662,0,0
41440,3,0,2,6,1,12.207009,1.273465,15662,0,0
41450,0,0,0,0,0,12.204422,1.273268,15662,0,0
41460,19,3,0,23,1,12.204957,1.273282,15665,0,0
41470,3,0,1,5,1,12.205736,1.273382,15671,0,0
41480,10,1,0,12,1,12.204919,1.273258,15671,0,0
41490,19,3,3,26,1,12.205828,1.273301,15671,0,0
41500,15,0,1,17,1,12.207085,1.273419,15674,0,0
41510,8,2,0,11,1,12.205825,1.273290,15674,0,0
41520,19,1,1,22,1,12.205971,1.273235,15675,0,0
41530,2,0,0,3,1,12.205564,1.273220,15682,0,0
41540,2,0,0,3,1,12.203147,1.272968,15682,0,0
41550,18,2,2,23,1,12.201710,1.272770,15683,0,0
41560,14,0,0,15,1,12.203165,1.272921,15691,0,0
41570,20,1,1,23,1,12.205676,1.273218,15710,0,0
41580,18,0,3,22,1,12.206213,1.273235,15714,0,0
41590,6,0,0,7,1,12.206529,1.273299,15718,0,0
41600,11,1,0,13,1,12.208423,1.273490,15728,0,0
41610,13,0,1,15,1,12.208025,1.273426,15728,0,0
41620,20,5,1,27,1,12.210947,1.273730,15744,0,0
41630,7,2,0,10,1,12.211610,1.273812,15747,0,0
41640,12,0,1,14,1,12.212661,1.273889,15749,0,0
41650,17,1,6,25,1,12.213804,1.273963,15759,0,0
41660,13,0,2,16,1,12.214576,1.274066,15765,0,0
41670,18,0,3,22,1,12.213991,1.273991,15765,0,0
41680,8,0,0,9,1,12.213704,1.273961,15765,0,0
41690,7,0,0,8,1,12.212336,1.273827,15765,0,0
41700,16,2,0,19,1,12.213961,1.273993,15772,0,0
41710,4,1,0,6,1,12.214386,1.274069,15780,0,0
41720,6,1,0,8,1,12.212812,1.273860,15780,0,0
41730,3,2,0,6,1,12.212247,1.273797,15780,0,0
41740,6,1,0,8,1,12.210485,1.273588,15780,0,0
41750,18,0,2,21,1,12.212182,1.273761,15781,0,0
41760,15,3,0,19,1,12.214154,1.273967,15793,0,0
41770,18,1,2,22,1,12.216011,1.274163,15800,0,0
41780,13,1,0,15,1,12.216914,1.274263,15810,0,0
41790,6,2,1,10,1,12.216139,1.274144,15810,0,0
41800,18,0,0,19,1,12.217088,1.274239,15811,0,0
41810,12,0,2,15,1,12.219133,1.274458,15824,0,0
41820,6,0,0,7,1,12.218920,1.274436,15824,0,0
41830,5,1,0,7,1,12.217173,1.274244,15824,0,0
41840,0,0,0,0,0,12.216147,1.274146,15824,0,0
41850,2,1,0,4,1,12.214859,1.274033,15824,0,0
41860,11,2,3,17,1,12.214696,1.273984,15824,0,0
41870,0,0,0,1,1,12.214702,1.273994,15824,0,0
41880,3,0,0,4,1,12.212535,1.273742,15824,0,0
41890,18,3,6,28,1,12.212554,1.273690,15826,0,0
41900,16,1,3,21,1,12.214830,1.273924,15845,0,0
41910,3,1,0,5,1,12.213433,1.273774,15845,0,0
41920,12,1,0,14,1,12.213902,1.273756,15845,0,0
41930,16,1,2,20,1,12.215842,1.273981,15850,0,0
41940,3,0,0,4,1,12.215864,1.274005,15852,0,0
41950,7,0,0,8,1,12.216053,1.274030,15857,0,0
41960,4,2,1,8,1,12.215081,1.273954,15857,0,0
41970,8,0,0,9,1,12.214205,1.273840,15857,0,0
41980,8,0,0,9,1,12.212296,1.273622,15857,0,0
41990,10,1,2,14,1,12.210961,1.273460,15857,0,0
42000,0,0,0,0,0,12.208839,1.273298,15857,0,0
42010,3,1,0,5,1,12.207325,1.273115,15857,0,0
42020,9,0,2,12,1,12.208212,1.273185,15857,0,0
42030,10,0,3,14,1,12.208777,1.273228,15860,0,0
42040,5,1,1,8,1,12.210198,1.273398,15862,0,0
42050,4,0,0,5,1,12.208694,1.273256,15862,0,0
42060,0,0,0,1,1,12.207304,1.273130,15862,0,0
42070,2,0,2,5,1,12.205215,1.272896,15862,0,0
42080,3,2,0,6,1,12.203744,1.272764,15862,0,0
42090,4,1,1,7,1,12.203101,1.272703,15862,0,0
42100,1,1,0,3,1,12.201770,1.272513,15862,0,0
42110,13,2,0,16,1,12.201579,1.272424,15862,0,0
42120,16,2,0,19,1,12.203245,1.272594,15870,0,0
42130,17,2,0,20,1,12.205733,1.272900,15892,0,0
42140,17,2,4,24,1,12.208098,1.273124,15920,0,0
42150,14,0,1,16,1,12.209465,1.273267,15923,0,0
42160,17,1,2,21,1,12.209670,1.273300,15923,0,0
42170,1,0,0,2,1,12.209571,1.273350,15929,0,0
42180,8,0,1,10,1,12.208127,1.273180,15929,0,0
42190,16,4,0,21,1,12.209001,1.273245,15933,0,0
42200,13,1,1,16,1,12.210501,1.273430,15939,0,0
42210,1,0,0,2,1,12.209649,1.273385,15939,0,0
42220,11,3,0,15,1,12.208949,1.273317,15939,0,0
42230,2,0,2,5,1,12.208105,1.273260,15939,0,0
42240,12,1,4,18,1,12.208737,1.273298,15944,0,0
42250,8,0,0,9,1,12.210371,1.273452,15948,0,0
42260,0,0,0,1,1,12.208374,1.273275,15948,0,0
42270,16,1,1,19,1,12.207746,1.273159,15948,0,0
42280,12,0,0,13,1,12.209184,1.273293,15949,0,0
42290,5,0,0,6,1,12.207760,1.273141,15949,0,0
42300,2,0,0,3,1,12.205626,1.272946,15949,0,0
42310,4,0,1,6,1,12.203336,1.272776,15949,0,0
42320,17,1,1,20,1,12.204774,1.272891,15968,0,0
42330,7,2,2,12,1,12.206378,1.273074,15969,0,0
42340,18,4,2,25,1,12.206872,1.273118,15969,0,0
42350,18,2,5,26,1,12.209179,1.273371,15974,0,0
42360,10,0,2,13,1,12.211593,1.273657,15987,0,0
42370,0,0,0,0,0,12.210003,1.273513,15987,0,0
42380,0,0,0,1,1,12.208057,1.273306,15987,0,0
42390,3,0,1,5,1,12.206404,1.273146,15987,0,0
42400,6,0,0,7,1,12.205187,1.273006,15987,0,0
42410,4,1,0,6,1,12.203755,1.272850,15987,0,0
42420,9,0,2,12,1,12.202443,1.272704,15987,0,0
42430,0,0,0,1,1,12.200885,1.272572,15987,0,0
42440,1,0,0,2,1,12.198684,1.272320,15987,0,0
42450,5,1,2,9,1,12.197855,1.272240,15987,0,0
42460,4,0,0,5,1,12.196322,1.272098,15987,0,0
42470,9,0,0,10,1,12.194533,1.271911,15987,0,0
42480,19,1,0,21,1,12.194883,1.271910,15987,0,0
42490,11,0,0,12,1,12.196773,1.272119,16002,0,0
42500,7,1,0,9,1,12.195260,1.271976,16002,0,0
42510,10,0,1,12,1,12.193888,1.271814,16002,0,0
42520,11,1,4,17,1,12.195496,1.271966,16008,0,0
42530,6,2,1,10,1,12.197015,1.272118,16020,0,0
42540,4,2,1,8,1,12.195822,1.271996,16020,0,0
42550,3,0,0,4,1,12.194095,1.271825,16020,0,0
42560,11,0,2,14,1,12.193803,1.271785,16020,0,0
42570,9,0,1,11,1,12.193022,1.271700,16020,0,0
42580,17,2,4,24,1,12.194555,1.271865,16028,0,0
42590,0,0,0,1,1,12.194379,1.271881,16028,0,0
42600,0,0,0,0,0,12.192348,1.271691,16028,0,0
42610,16,2,2,21,1,12.192601,1.271664,16028,0,0
42620,2,0,2,5,1,12.193115,1.271732,16029,0,0
42630,2,0,0,3,1,12.191122,1.271527,16029,0,0
42640,11,0,1,13,1,12.190621,1.271440,16029,0,0
42650,6,1,0,8,1,12.189869,1.271355,16029,0,0
42660,2,0,0,3,1,12.189474,1.271304,16029,0,0
42670,6,0,1,8,1,12.188189,1.271111,16029,0,0
42680,2,0,0,3,1,12.187584,1.271045,16029,0,0
42690,10,3,1,15,1,12.186438,1.270909,16029,0,0
42700,9,4,0,14,1,12.188408,1.271105,16035,0,0
42710,2,0,0,3,1,12.189519,1.271224,16036,0,0
42720,0,0,0,1,1,12.187663,1.271023,16036,0,0
42730,18,5,1,25,1,12.187137,1.270978,16040,0,0
42740,4,0,1,6,1,12.186997,1.271022,16044,0,0
42750,1,0,0,2,1,12.186299,1.270924,16044,0,0
42760,11,0,0,12,1,12.184480,1.270712,16044,0,0
42770,2,0,0,3,1,12.182553,1.270526,16044,0,0
42780,18,1,3,23,1,12.182471,1.270533,16053,0,0
42790,9,0,1,11,1,12.183662,1.270684,16064,0,0
42800,6,0,0,7,1,12.182647,1.270590,16064,0,0
42810,12,2,0,15,1,12.181481,1.270422,16064,0,0
42820,13,0,0,14,1,12.183127,1.270603,16069,0,0
42830,8,1,2,12,1,12.181754,1.270509,16069,0,0
42840,19,0,2,22,1,12.183559,1.270700,16074,0,0
42850,12,2,1,16,1,12.184792,1.270853,16082,0,0
42860,17,2,2,22,1,12.187273,1.271139,16102,0,0
42870,20,7,0,28,1,12.189653,1.271393,16129,0,0
42880,14,1,1,17,1,12.191544,1.271593,16133,0,0
42890,8,1,2,12,1,12.191887,1.271619,16141,0,0
42900,0,0,0,0,0,12.190462,1.271538,16141,0,0
42910,3,1,0,5,1,12.188432,1.271344,16141,0,0
42920,1,0,0,2,1,12.186696,1.271222,16141,0,0
42930,0,0,0,0,0,12.184345,1.271007,16141,0,0
42940,11,0,1,13,1,12.182338,1.270785,16141,0,0
42950,12,2,1,16,1,12.180888,1.270655,16141,0,0
42960,3,1,0,5,1,12.180692,1.270615,16141,0,0
42970,10,0,1,12,1,12.178937,1.270422,16141,0,0
42980,15,1,1,18,1,12.178287,1.270342,16141,0,0
42990,13,1,1,16,1,12.179732,1.270455,16144,0,0
43000,18,0,4,23,1,12.181306,1.270604,16145,0,0
43010,15,0,2,18,1,12.182855,1.270759,16155,0,0
43020,0,0,0,0,0,12.181353,1.270626,16155,0,0
43030,7,0,2,10,1,12.180421,1.270532,16155,0,0
43040,0,0,0,0,0,12.179531,1.270448,16155,0,0
43050,16,3,4,24,1,12.179446,1.270377,16159,0,0
43060,14,0,1,16,1,12.182133,1.270681,16172,0,0
43070,12,0,0,13,1,12.183396,1.270794,16173,0,0
43080,2,1,0,4,1,12.181474,1.270658,16173,0,0
43090,1,0,0,2,1,12.179342,1.270414,16173,0,0
43100,11,1,0,13,1,12.177557,1.270239,16173,0,0
43110,5,0,0,6,1,12.177649,1.270245,16173,0,0
43120,16,3,3,23,1,12.178637,1.270314,16184,0,0
43130,10,0,1,12,1,12.180522,1.270498,16186,0,0
43140,15,1,5,22,1,12.182722,1.270706,16192,0,0
43150,9,0,0,10,1,12.184190,1.270868,16195,0,0
43160,0,0,0,0,0,12.182505,1.270753,16195,0,0
43170,7,0,0,8,1,12.180415,1.270535,16195,0,0
43180,4,0,0,5,1,12.179154,1.270384,16195,0,0
43190,13,0,0,14,1,12.178896,1.270375,16200,0,0
43200,10,2,1,14,1,12.179408,1.270413,16200,0,0
43210,12,2,1,16,1,12.179338,1.270378,16200,0,0
43220,3,0,0,4,1,12.177527,1.270195,16200,0,0
43230,3,1,0,5,1,12.176407,1.270047,16200,0,0
43240,4,0,1,6,1,12.174128,1.269867,16200,0,0
43250,7,0,0,8,1,12.172897,1.269671,16200,0,0
43260,2,0,0,3,1,12.171229,1.269539,16200,0,0
43270,5,0,0,6,1,12.170906,1.269499,16200,0,0
43280,16,0,3,20,1,12.171113,1.269523,16200,0,0
43290,20,2,3,26,1,12.173142,1.269728,16217,0,0
43300,20,5,1,27,1,12.175272,1.269932,16224,0,0
43310,17,3,2,23,1,12.176924,1.270159,16237,0,0
43320,10,2,0,13,1,12.178999,1.270408,16246,0,0
43330,13,0,3,17,1,12.180808,1.270575,16256,0,0
43340,20,0,2,23,1,12.182903,1.270751,16269,0,0
43350,11,3,0,15,1,12.182914,1.270757,16271,0,0
43360,13,0,2,16,1,12.183162,1.270743,16275,0,0
43370,19,0,6,26,1,12.186095,1.271076,16289,0,0
43380,16,5,1,23,1,12.188726,1.271381,16301,0,0
43390,9,0,1,11,1,12.190972,1.271636,16322,0,0
43400,14,1,3,19,1,12.193110,1.271880,16333,0,0
43410,10,2,2,15,1,12.194469,1.272025,16341,0,0
43420,3,0,1,5,1,12.192645,1.271867,16341,0,0
43430,8,2,1,12,1,12.193555,1.271944,16343,0,0
43440,11,2,1,15,1,12.194534,1.272045,16348,0,0
43450,1,0,0,2,1,12.193931,1.272028,16350,0,0
43460,0,0,0,1,1,12.191874,1.271813,16350,0,0
43470,2,1,1,5,1,12.190651,1.271703,16350,0,0
43480,3,0,1,5,1,12.188386,1.271500,16350,0,0
43490,3,0,0,4,1,12.186635,1.271323,16350,0,0
43500,0,0,0,0,0,12.185167,1.271179,16350,0,0
43510,0,0,0,0,0,12.183976,1.271054,16350,0,0
43520,1,0,0,2,1,12.181798,1.270835,16350,0,0
43530,15,0,0,16,1,12.181379,1.270761,16350,0,0
43540,12,0,3,16,1,12.181763,1.270807,16350,0,0
43550,18,1,2,22,1,12.183075,1.270943,16357,0,0
43560,8,0,0,9,1,12.183175,1.270944,16360,0,0
43570,10,0,4,15,1,12.182433,1.270848,16360,0,0
43580,8,0,1,10,1,12.181943,1.270808,16360,0,0
43590,3,0,0,4,1,12.180074,1.270610,16360,0,0
43600,16,1,0,18,1,12.180874,1.270644,16364,0,0
43610,0,1,1,3,1,12.181357,1.270716,16365,0,0
43620,6,2,1,10,1,12.179535,1.270546,16365,0,0
43630,0,0,0,0,0,12.178107,1.270424,16365,0,0
43640,5,0,1,7,1,12.177209,1.270288,16365,0,0
43650,13,0,3,17,1,12.178698,1.270443,16367,0,0
43660,12,5,2,20,1,12.178463,1.270430,16367,0,0
43670,19,0,1,21,1,12.181454,1.270744,16392,0,0
43680,19,3,1,24,1,12.182776,1.270839,16402,0,0
43690,7,0,1,9,1,12.183797,1.270955,16410,0,0
43700,0,0,1,2,1,12.184383,1.271030,16413,0,0
43710,4,0,1,6,1,12.182741,1.270856,16413,0,0
43720,11,1,0,13,1,12.180957,1.270669,16413,0,0
43730,7,1,0,9,1,12.179955,1.270543,16413,0,0
43740,17,0,0,18,1,12.179919,1.270527,16413,0,0
43750,13,0,0,14,1,12.180582,1.270565,16413,0,0
43760,11,0,0,12,1,12.182078,1.270715,16419,0,0
43770,4,1,0,6,1,12.180002,1.270513,16419,0,0
43780,0,0,0,0,0,12.178233,1.270316,16419,0,0
43790,1,0,0,2,1,12.175833,1.270062,16419,0,0
43800,17,0,3,21,1,12.176299,1.270074,16419,0,0
43810,18,1,0,20,1,12.178089,1.270285,16431,0,0
43820,0,0,0,1,1,12.178005,1.270330,16431,0,0
43830,2,1,0,4,1,12.176067,1.270109,16431,0,0
43840,11,2,0,14,1,12.176275,1.270082,16431,0,0
43850,10,2,1,14,1,12.175135,1.269969,16431,0,0
43860,19,5,5,30,1,12.176487,1.270073,16434,0,0
43870,20,3,5,29,1,12.180995,1.270594,16480,0,0
43880,0,0,1,2,1,12.183221,1.270878,16494,0,0
43890,12,0,2,15,1,12.182861,1.270791,16494,0,0
43900,14,3,0,18,1,12.184590,1.270926,16500,0,0
43910,17,3,1,22,1,12.186782,1.271133,16520,0,0
43920,16,2,7,26,1,12.189388,1.271417,16528,0,0
43930,17,6,0,24,1,12.192531,1.271801,16547,0,0
43940,16,2,4,23,1,12.196085,1.272220,16576,0,0
43950,16,2,0,19,1,12.199594,1.272619,16595,0,0
43960,19,2,0,22,1,12.200137,1.272621,16597,0,0
43970,7,2,0,10,1,12.200535,1.272659,16603,0,0
43980,0,0,0,0,0,12.198719,1.272499,16603,0,0
43990,0,0,0,0,0,12.196970,1.272328,16603,0,0
44000,11,1,0,13,1,12.197580,1.272374,16612,0,0
44010,13,1,1,16,1,12.198518,1.272477,16612,0,0
44020,13,0,2,16,1,12.199859,1.272656,16612,0,0
44030,8,0,0,9,1,12.199543,1.272583,16612,0,0
44040,14,0,0,15,1,12.199464,1.272574,16612,0,0
44050,14,1,1,17,1,12.200816,1.272724,16616,0,0
44060,13,2,3,19,1,12.202133,1.272834,16631,0,0
44070,14,1,0,16,1,12.202724,1.272868,16631,0,0
44080,8,0,1,10,1,12.203349,1.272918,16633,0,0
44090,1,0,0,2,1,12.201708,1.272734,16633,0,0
44100,7,0,0,8,1,12.199899,1.272584,16633,0,0
44110,8,1,0,10,1,12.198815,1.272477,16633,0,0
44120,7,0,0,8,1,12.198462,1.272428,16633,0,0
44130,0,0,0,0,0,12.196273,1.272214,16633,0,0
44140,18,0,0,19,1,12.195440,1.272100,16638,0,0
44150,1,0,0,2,1,12.195585,1.272105,16642,0,0
44160,0,0,0,0,0,12.193472,1.271875,16642,0,0
44170,19,0,1,21,1,12.193607,1.271838,16642,0,0
44180,8,0,0,9,1,12.194353,1.271892,16644,0,0
44190,15,0,0,16,1,12.192960,1.271734,16644,0,0
44200,14,0,0,15,1,12.192213,1.271646,16644,0,0
44210,10,0,3,14,1,12.191982,1.271640,16644,0,0
44220,19,2,3,25,1,12.194133,1.271852,16657,0,0
44230,7,0,0,8,1,12.193850,1.271852,16657,0,0
44240,8,0,0,9,1,12.193393,1.271765,16657,0,0
44250,17,1,1,20,1,12.195184,1.271946,16671,0,0
44260,5,1,0,7,1,12.194499,1.271868,16671,0,0
44270,7,0,0,8,1,12.192680,1.271642,16671,0,0
44280,17,4,3,25,1,12.191567,1.271513,16671,0,0
44290,15,1,4,21,1,12.194070,1.271801,16684,0,0
44300,20,1,3,25,1,12.195707,1.271950,16688,0,0
44310,12,0,3,16,1,12.196445,1.271997,16689,0,0
44320,16,0,1,18,1,12.196626,1.272016,16689,0,0
44330,11,1,1,14,1,12.197673,1.272133,16691,0,0
44340,14,3,1,19,1,12.199456,1.272319,16698,0,0
44350,3,0,0,4,1,12.199651,1.272342,16699,0,0
44360,0,0,0,1,1,12.198170,1.272190,16699,0,0
44370,12,0,1,14,1,12.198254,1.272184,16699,0,0
44380,4,0,1,6,1,12.197878,1.272126,16699,0,0
44390,15,0,1,17,1,12.198171,1.272144,16699,0,0
44400,5,0,1,7,1,12.196677,1.272009,16699,0,0
44410,18,1,2,22,1,12.197981,1.272109,16704,0,0
44420,16,1,1,19,1,12.198397,1.272158,16704,0,0
44430,16,1,3,21,1,12.200179,1.272344,16712,0,0
44440,16,0,1,18,1,12.203146,1.272694,16738,0,0
44450,4,2,1,8,1,12.205041,1.272898,16750,0,0
44460,10,1,0,12,1,12.204488,1.272807,16750,0,0
44470,20,2,2,25,1,12.205463,1.272881,16751,0,0
44480,13,2,0,16,1,12.207436,1.273108,16758,0,0
44490,12,1,0,14,1,12.207184,1.273060,16758,0,0
44500,1,0,0,2,1,12.206683,1.273022,16758,0,0
44510,5,0,2,8,1,12.205328,1.272866,16758,0,0
44520,10,1,1,13,1,12.204433,1.272766,16758,0,0
44530,9,0,0,10,1,12.205754,1.272901,16767,0,0
44540,6,1,0,8,1,12.205332,1.272853,16767,0,0
44550,20,1,1,23,1,12.206527,1.272954,16776,0,0
44560,18,0,6,25,1,12.209353,1.273275,16796,0,0
44570,1,0,0,2,1,12.209066,1.273286,16799,0,0
44580,3,0,0,4,1,12.207678,1.273082,16799,0,0
44590,15,1,0,17,1,12.208004,1.273101,16800,0,0
44600,8,1,1,11,1,12.207864,1.273092,16800,0,0
44610,16,0,2,19,1,12.208479,1.273102,16800,0,0
44620,9,3,0,13,1,12.209509,1.273194,16805,0,0
44630,14,0,0,15,1,12.209572,1.273177,16805,0,0
44640,10,0,2,13,1,12.210458,1.273278,16806,0,0
44650,19,1,1,22,1,12.211433,1.273352,16813,0,0
44660,15,1,3,20,1,12.213929,1.273594,16820,0,0
44670,4,2,1,8,1,12.216313,1.273893,16844,0,0
44680,16,4,0,21,1,12.218184,1.274094,16859,0,0
44690,13,3,3,20,1,12.220022,1.274306,16871,0,0
44700,15,3,5,24,1,12.222579,1.274569,16887,0,0
44710,14,2,1,18,1,12.224236,1.274784,16896,0,0
44720,5,2,0,8,1,12.222526,1.274605,16896,0,0
44730,11,1,3,16,1,12.223384,1.274712,16896,0,0
44740,15,2,3,21,1,12.225369,1.274972,16928,0,0
44750,11,0,0,12,1,12.226777,1.275119,16931,0,0
44760,6,0,0,7,1,12.225410,1.274999,16931,0,0
44770,10,1,0,12,1,12.224062,1.274826,16931,0,0
44780,13,0,2,16,1,12.225623,1.275021,16945,0,0
44790,8,2,0,11,1,12.226363,1.275080,16946,0,0
44800,12,1,0,14,1,12.226070,1.275013,16946,0,0
44810,8,2,1,12,1,12.225549,1.274965,16946,0,0
44820,17,2,3,23,1,12.226043,1.274989,16951,0,0
44830,17,0,4,22,1,12.228200,1.275226,16978,0,0
44840,20,1,0,22,1,12.230656,1.275496,16984,0,0
44850,7,2,0,10,1,12.230450,1.275516,16992,0,0
44860,6,0,0,7,1,12.228792,1.275352,16992,0,0
44870,2,0,0,3,1,12.227885,1.275209,16992,0,0
44880,12,1,2,16,1,12.226531,1.275094,16992,0,0
44890,2,0,0,3,1,12.225730,1.275037,16992,0,0
44900,18,6,2,27,1,12.224996,1.274949,16992,0,0
44910,17,1,1,20,1,12.227391,1.275251,17034,0,0
44920,14,3,3,21,1,12.229322,1.275467,17051,0,0
44930,10,0,1,12,1,12.229876,1.275539,17051,0,0
44940,2,0,0,3,1,12.228461,1.275442,17051,0,0
44950,5,4,1,11,1,12.227133,1.275276,17051,0,0
44960,4,2,0,7,1,12.227140,1.275262,17055,0,0
44970,20,2,1,24,1,12.226641,1.275165,17055,0,0
44980,18,0,0,19,1,12.228456,1.275395,17063,0,0
44990,7,1,1,10,1,12.227824,1.275335,17063,0,0
45000,13,1,0,15,1,12.227670,1.275289,17063,0,0
45010,9,2,0,12,1,12.228755,1.275420,17070,0,0
45020,18,1,0,20,1,12.228755,1.275363,17070,0,0
45030,19,2,0,22,1,12.230423,1.275525,17086,0,0
45040,2,0,0,3,1,12.230710,1.275563,17087,0,0
45050,2,1,1,5,1,12.228312,1.275363,17087,0,0
45060,4,2,0,7,1,12.228197,1.275345,17087,0,0
45070,13,2,1,17,1,12.227230,1.275279,17087,0,0
45080,4,2,0,7,1,12.225747,1.275156,17087,0,0
45090,18,6,3,28,1,12.226951,1.275252,17097,0,0
45100,11,0,1,13,1,12.229255,1.275569,17107,0,0
45110,17,1,1,20,1,12.230429,1.275661,17110,0,0
45120,5,3,0,9,1,12.231388,1.275785,17115,0,0
45130,18,2,0,21,1,12.230589,1.275707,17115,0,0
45140,1,0,0,2,1,12.229612,1.275631,17115,0,0
45150,8,3,0,12,1,12.228209,1.275467,17115,0,0
45160,1,0,0,2,1,12.226736,1.275324,17115,0,0
45170,4,1,0,6,1,12.224375,1.275078,17115,0,0
45180,14,0,4,19,1,12.224175,1.275042,17115,0,0
45190,13,0,0,14,1,12.224903,1.275129,17119,0,0
45200,6,2,0,9,1,12.223574,1.274987,17119,0,0
45210,10,0,0,11,1,12.222285,1.274861,17119,0,0
45220,0,1,0,2,1,12.220771,1.274700,17119,0,0
45230,8,0,0,9,1,12.218943,1.274486,17119,0,0
45240,9,1,1,12,1,12.219553,1.274519,17119,0,0
45250,20,1,4,26,1,12.219631,1.274527,17120,0,0
45260,6,1,0,8,1,12.219246,1.274545,17135,0,0
45270,10,0,0,11,1,12.218200,1.274439,17135,0,0
45280,16,2,0,19,1,12.217897,1.274392,17135,0,0
45290,8,0,1,10,1,12.218536,1.274438,17137,0,0
45300,0,0,1,2,1,12.217033,1.274313,17137,0,0
45310,6,0,0,7,1,12.215729,1.274200,17137,0,0
45320,10,0,0,11,1,12.214555,1.274101,17137,0,0
45330,2,0,0,3,1,12.212994,1.273964,17137,0,0
45340,6,0,0,7,1,12.211132,1.273766,17137,0,0
45350,11,1,0,13,1,12.209760,1.273620,17137,0,0
45360,3,0,0,4,1,12.208153,1.273431,17137,0,0
45370,10,0,2,13,1,12.208730,1.273471,17137,0,0
45380,18,1,3,23,1,12.211032,1.273707,17152,0,0
45390,0,0,0,0,0,12.211169,1.273768,17152,0,0
45400,2,0,0,3,1,12.209292,1.273560,17152,0,0
45410,4,1,0,6,1,12.208519,1.273459,17152,0,0
45420,14,0,2,17,1,12.207355,1.273290,17152,0,0
45430,14,0,0,15,1,12.208705,1.273466,17158,0,0
45440,19,1,0,21,1,12.210033,1.273581,17163,0,0
45450,3,1,0,5,1,12.211618,1.273748,17174,0,0
45460,15,1,1,18,1,12.212438,1.273784,17174,0,0
45470,13,1,0,15,1,12.212077,1.273758,17174,0,0
45480,11,0,1,13,1,12.211039,1.273658,17174,0,0
45490,9,0,2,12,1,12.210013,1.273539,17174,0,0
45500,0,1,1,3,1,12.210011,1.273541,17174,0,0
45510,3,0,1,5,1,12.208219,1.273301,17174,0,0
45520,19,0,2,22,1,12.208922,1.273354,17182,0,0
45530,13,5,0,19,1,12.210409,1.273517,17182,0,0
45540,9,2,2,14,1,12.211694,1.273674,17189,0,0
45550,19,1,4,25,1,12.213890,1.273859,17201,0,0
45560,8,1,1,11,1,12.215623,1.274086,17210,0,0
45570,9,1,0,11,1,12.216914,1.274197,17214,0,0
45580,12,2,0,15,1,12.218170,1.274322,17214,0,0
45590,4,0,2,7,1,12.217197,1.274214,17214,0,0
45600,5,1,0,7,1,12.215301,1.274002,17214,0,0
45610,4,1,1,7,1,12.213872,1.273867,17214,0,0
45620,4,0,0,5,1,12.213370,1.273779,17216,0,0
45630,0,0,0,0,0,12.212479,1.273686,17216,0,0
45640,10,2,1,14,1,12.211698,1.273569,17216,0,0
45650,16,2,0,19,1,12.213017,1.273695,17223,0,0
45660,7,0,0,8,1,12.213927,1.273784,17238,0,0
45670,15,7,0,23,1,12.215593,1.273971,17248,0,0
45680,13,2,1,17,1,12.217057,1.274156,17261,0,0
45690,16,3,7,27,1,12.218267,1.274267,17261,0,0
45700,3,0,0,4,1,12.219552,1.274413,17263,0,0
45710,14,0,0,15,1,12.217988,1.274272,17263,0,0
45720,19,2,3,25,1,12.219429,1.274399,17266,0,0
45730,11,1,0,13,1,12.221302,1.274620,17285,0,0
45740,4,0,2,7,1,12.221429,1.274627,17286,0,0
45750,12,1,1,15,1,12.221271,1.274593,17286,0,0
45760,15,4,1,21,1,12.221522,1.274607,17286,0,0
45770,19,3,4,27,1,12.224104,1.274905,17306,0,0
45780,16,0,0,17,1,12.225584,1.275109,17317,0,0
45790,13,2,0,16,1,12.227439,1.275316,17324,0,0
45800,6,1,1,9,1,12.227007,1.275291,17324,0,0
45810,2,2,0,5,1,12.225252,1.275116,17324,0,0
45820,1,0,0,2,1,12.224445,1.275078,17324,0,0
45830,14,0,2,17,1,12.224128,1.275016,17324,0,0
45840,12,2,0,15,1,12.224127,1.274978,17324,0,0
45850,2,0,1,4,1,12.223301,1.274891,17324,0,0
45860,3,1,3,8,1,12.221347,1.274736,17324,0,0
45870,15,2,0,18,1,12.222324,1.274786,17327,0,0
45880,11,2,0,14,1,12.225053,1.275128,17353,0,0
45890,18,3,3,25,1,12.226027,1.275229,17355,0,0
45900,17,4,3,25,1,12.227469,1.275371,17360,0,0
45910,3,0,0,4,1,12.227484,1.275401,17365,0,0
45920,11,2,0,14,1,12.227078,1.275320,17365,0,0
45930,0,1,0,2,1,12.225784,1.275194,17365,0,0
45940,9,5,0,15,1,12.224185,1.275050,17365,0,0
45950,3,0,0,4,1,12.223312,1.274955,17365,0,0
45960,1,0,0,2,1,12.223108,1.274940,17368,0,0
45970,1,0,0,2,1,12.221512,1.274793,17368,0,0
45980,10,2,1,14,1,12.220368,1.274682,17368,0,0
45990,19,0,2,22,1,12.221911,1.274840,17383,0,0
46000,4,1,0,6,1,12.223040,1.274963,17383,0,0
46010,6,1,0,8,1,12.222105,1.274821,17383,0,0
46020,10,0,0,11,1,12.220444,1.274651,17383,0,0
46030,6,0,0,7,1,12.219453,1.274527,17383,0,0
46040,18,2,0,21,1,12.220446,1.274630,17390,0,0
46050,19,4,2,26,1,12.223169,1.274882,17428,0,0
46060,20,3,0,24,1,12.225696,1.275110,17448,0,0
46070,14,2,4,21,1,12.227042,1.275251,17457,0,0
46080,14,4,1,20,1,12.228384,1.275367,17470,0,0
46090,13,2,0,16,1,12.229472,1.275486,17474,0,0
46100,13,1,2,17,1,12.231103,1.275682,17483,0,0
46110,15,0,1,17,1,12.231439,1.275713,17483,0,0
46120,15,1,2,19,1,12.232758,1.275842,17487,0,0
46130,13,2,2,18,1,12.234668,1.276052,17494,0,0
46140,0,0,0,0,0,12.233559,1.275971,17494,0,0
46150,1,0,0,2,1,12.231362,1.275770,17494,0,0
46160,5,0,0,6,1,12.230456,1.275673,17494,0,0
46170,1,1,0,3,1,12.230339,1.275695,17501,0,0
46180,1,0,1,3,1,12.228127,1.275489,17501,0,0
46190,1,0,0,2,1,12.226892,1.275346,17501,0,0
46200,18,3,3,25,1,12.227869,1.275367,17512,0,0
46210,12,2,0,15,1,12.229175,1.275523,17516,0,0
46220,5,0,2,8,1,12.229594,1.275560,17525,0,0
46230,0,0,0,1,1,12.228329,1.275445,17525,0,0
46240,8,1,1,11,1,12.226609,1.275248,17525,0,0
46250,9,0,0,10,1,12.227258,1.275287,17525,0,0
46260,18,3,1,23,1,12.229502,1.275512,17545,0,0
46270,6,0,0,7,1,12.229041,1.275472,17545,0,0
46280,0,0,0,0,0,12.227008,1.275309,17545,0,0
46290,13,0,1,15,1,12.227055,1.275299,17549,0,0
46300,16,3,3,23,1,12.228745,1.275463,17560,0,0
46310,4,0,0,5,1,12.229411,1.275518,17562,0,0
46320,12,1,0,14,1,12.228313,1.275366,17562,0,0
46330,16,1,0,18,1,12.229386,1.275452,17568,0,0
46340,3,0,1,5,1,12.228938,1.275402,17568,0,0
46350,13,2,4,20,1,12.227563,1.275258,17568,0,0
46360,9,2,2,14,1,12.228414,1.275366,17568,0,0
46370,12,0,1,14,1,12.228234,1.275359,17568,0,0
46380,17,6,1,25,1,12.229868,1.275535,17578,0,0
46390,16,2,3,22,1,12.232685,1.275891,17612,0,0
46400,0,0,0,1,1,12.231219,1.275801,17612,0,0
46410,7,2,2,12,1,12.229483,1.275602,17612,0,0
46420,15,1,1,18,1,12.229517,1.275571,17616,0,0
46430,20,2,0,23,1,12.232412,1.275910,17634,0,0
46440,9,0,1,11,1,12.234457,1.276163,17649,0,0
46450,2,0,0,3,1,12.233939,1.276143,17649,0,0
46460,3,0,1,5,1,12.231795,1.275925,17649,0,0
46470,0,0,0,0,0,12.230080,1.275768,17649,0,0
46480,14,1,1,17,1,12.229611,1.275696,17649,0,0
46490,14,4,0,19,1,12.230877,1.275813,17659,0,0
46500,14,0,0,15,1,12.232204,1.275972,17670,0,0
46510,8,2,3,14,1,12.233062,1.276086,17676,0,0
46520,5,0,0,6,1,12.232209,1.276054,17676,0,0
46530,7,0,1,9,1,12.230457,1.275863,17676,0,0
46540,3,0,0,4,1,12.229423,1.275757,17676,0,0
46550,6,1,1,9,1,12.229073,1.275694,17676,0,0
46560,12,1,1,15,1,12.229064,1.275647,17676,0,0
46570,15,1,1,18,1,12.230681,1.275804,17680,0,0
46580,9,1,0,11,1,12.231044,1.275865,17680,0,0
46590,20,1,5,27,1,12.231947,1.275938,17689,0,0
46600,20,0,3,24,1,12.233709,1.276102,17707,0,0
46610,8,1,0,10,1,12.235023,1.276270,17713,0,0
46620,7,0,0,8,1,12.235695,1.276311,17717,0,0
46630,7,1,0,9,1,12.233924,1.276117,17717,0,0
46640,20,2,2,25,1,12.235092,1.276213,17733,0,0
46650,14,0,0,15,1,12.236789,1.276438,17746,0,0
46660,17,0,1,19,1,12.237393,1.276452,17746,0,0
46670,2,0,0,3,1,12.236485,1.276389,17747,0,0
46680,10,1,4,16,1,12.237015,1.276418,17747,0,0
46690,17,0,3,21,1,12.238749,1.276590,17754,0,0
46700,20,3,1,25,1,12.241163,1.276844,17776,0,0
46710,10,2,3,16,1,12.242765,1.277014,17777,0,0
46720,17,4,4,26,1,12.244639,1.277169,17787,0,0
46730,20,0,2,23,1,12.246299,1.277370,17796,0,0
46740,19,4,2,26,1,12.248656,1.277599,17808,0,0
46750,19,0,3,23,1,12.250221,1.277750,17817,0,0
46760,17,1,0,19,1,12.251183,1.277850,17822,0,0
46770,12,1,0,14,1,12.252259,1.277973,17822,0,0
46780,14,1,2,18,1,12.252055,1.277932,17822,0,0
46790,13,1,1,16,1,12.253107,1.278073,17822,0,0
46800,16,1,0,18,1,12.254985,1.278296,17836,0,0
46810,18,2,1,22,1,12.256752,1.278472,17841,0,0
46820,11,1,3,16,1,12.258173,1.278628,17843,0,0
46830,20,2,0,23,1,12.259893,1.278822,17850,0,0
46840,8,1,0,10,1,12.260826,1.278953,17856,0,0
46850,20,1,0,22,1,12.260376,1.278877,17857,0,0
46860,7,0,1,9,1,12.261493,1.279010,17859,0,0
46870,6,2,1,10,1,12.260603,1.278920,17859,0,0
46880,14,0,2,17,1,12.261392,1.279010,17859,0,0
46890,3,1,0,5,1,12.262766,1.279162,17866,0,0
46900,0,0,1,2,1,12.260462,1.278952,17866,0,0
46910,11,0,2,14,1,12.258462,1.278772,17866,0,0
46920,16,0,1,18,1,12.259149,1.278806,17870,0,0
46930,5,1,3,10,1,12.260309,1.278932,17877,0,0
46940,13,0,0,14,1,12.259897,1.278878,17878,0,0
46950,4,1,0,6,1,12.259779,1.278885,17878,0,0
46960,8,1,0,10,1,12.258464,1.278741,17878,0,0
46970,12,2,0,15,1,12.258226,1.278674,17878,0,0
46980,17,4,1,23,1,12.259198,1.278755,17885,0,0
46990,19,2,1,23,1,12.261448,1.279012,17900,0,0
47000,15,2,0,18,1,12.263018,1.279187,17914,0,0
47010,14,0,0,15,1,12.263378,1.279212,17914,0,0
47020,10,0,2,13,1,12.264610,1.279377,17919,0,0
47030,0,0,0,1,1,12.262951,1.279255,17919,0,0
47040,19,2,0,22,1,12.263349,1.279271,17929,0,0
47050,0,0,0,0,0,12.264242,1.279417,17936,0,0
47060,3,0,0,4,1,12.262191,1.279209,17936,0,0
47070,15,0,0,16,1,12.262780,1.279261,17936,0,0
47080,9,3,0,13,1,12.262739,1.279237,17936,0,0
47090,8,2,1,12,1,12.262078,1.279122,17936,0,0
47100,2,0,0,3,1,12.261467,1.279061,17936,0,0
47110,8,1,0,10,1,12.261089,1.279018,17940,0,0
47120,5,0,2,8,1,12.260344,1.278940,17940,0,0
47130,0,0,0,1,1,12.258718,1.278815,17940,0,0
47140,6,0,0,7,1,12.256646,1.278610,17940,0,0
47150,19,1,1,22,1,12.257441,1.278661,17947,0,0
47160,19,3,2,25,1,12.258898,1.278796,17954,0,0
47170,14,1,1,17,1,12.260328,1.278953,17965,0,0
47180,13,0,1,15,1,12.261524,1.279089,17974,0,0
47190,15,3,0,19,1,12.262988,1.279236,17980,0,0
47200,12,1,0,14,1,12.263512,1.279270,17980,0,0
47210,19,3,2,25,1,12.265316,1.279450,18007,0,0
47220,1,0,1,3,1,12.266609,1.279629,18013,0,0
47230,20,1,1,23,1,12.265901,1.279493,18013,0,0
47240,11,1,2,15,1,12.267268,1.279686,18019,0,0
47250,14,4,3,22,1,12.268426,1.279787,18023,0,0
47260,10,3,2,16,1,12.269444,1.279884,18026,0,0
47270,4,0,0,5,1,12.270401,1.280011,18030,0,0
47280,9,2,0,12,1,12.269905,1.279990,18034,0,0
47290,3,0,0,4,1,12.268071,1.279841,18034,0,0
47300,20,2,2,25,1,12.268777,1.279869,18045,0,0
47310,15,0,3,19,1,12.269353,1.279963,18050,0,0
47320,19,1,4,25,1,12.270649,1.280066,18053,0,0
47330,16,1,0,18,1,12.272150,1.280231,18070,0,0
47340,16,2,3,22,1,12.273789,1.280385,18079,0,0
47350,15,1,1,18,1,12.275252,1.280537,18083,0,0
47360,14,0,2,17,1,12.276280,1.280621,18084,0,0
47370,14,5,2,22,1,12.277849,1.280754,18090,0,0
47380,10,3,2,16,1,12.278664,1.280824,18090,0,0
47390,2,3,1,7,1,12.279256,1.280852,18091,0,0
47400,18,3,3,25,1,12.281030,1.281022,18107,0,0
47410,15,0,0,16,1,12.283200,1.281285,18123,0,0
47420,4,0,1,6,1,12.283310,1.281302,18123,0,0
47430,6,1,1,9,1,12.283228,1.281293,18123,0,0
47440,5,0,0,6,1,12.281725,1.281127,18123,0,0
47450,1,0,0,2,1,12.280083,1.280978,18123,0,0
47460,3,0,0,4,1,12.279829,1.280929,18133,0,0
47470,7,0,1,9,1,12.280085,1.280884,18133,0,0
47480,9,0,0,10,1,12.278766,1.280727,18133,0,0
47490,13,0,1,15,1,12.279243,1.280731,18137,0,0
47500,5,1,2,9,1,12.280027,1.280807,18144,0,0
47510,18,0,1,20,1,12.281153,1.280924,18152,0,0
47520,0,1,0,2,1,12.280138,1.280843,18152,0,0
47530,1,0,0,2,1,12.278225,1.280629,18152,0,0
47540,6,1,0,8,1,12.276504,1.280458,18152,0,0
47550,19,0,0,20,1,12.274791,1.280273,18152,0,0
47560,2,1,0,4,1,12.274842,1.280320,18157,0,0
47570,6,0,0,7,1,12.273695,1.280200,18157,0,0
47580,7,1,1,10,1,12.271882,1.280014,18157,0,0
47590,9,0,0,10,1,12.271553,1.280004,18157,0,0
47600,8,1,0,10,1,12.269728,1.279805,18157,0,0
47610,12,0,0,13,1,12.268845,1.279682,18157,0,0
47620,18,0,4,23,1,12.270015,1.279731,18163,0,0
47630,1,0,0,2,1,12.269167,1.279670,18163,0,0
47640,16,0,0,17,1,12.269428,1.279680,18168,0,0
47650,17,3,0,21,1,12.270684,1.279822,18176,0,0
47660,5,0,0,6,1,12.269676,1.279733,18176,0,0
47670,16,0,3,20,1,12.268753,1.279631,18176,0,0
47680,19,2,3,25,1,12.270539,1.279817,18189,0,0
47690,1,1,0,3,1,12.270996,1.279903,18194,0,0
47700,5,0,2,8,1,12.269094,1.279674,18194,0,0
47710,15,0,1,17,1,12.270450,1.279790,18206,0,0
47720,13,2,0,16,1,12.270396,1.279781,18206,0,0
47730,12,0,5,18,1,12.271481,1.279880,18213,0,0
47740,3,2,2,8,1,12.270429,1.279747,18213,0,0
47750,15,1,0,17,1,12.271341,1.279786,18213,0,0
47760,17,2,5,25,1,12.271897,1.279791,18214,0,0
47770,17,2,2,22,1,12.274122,1.280042,18240,0,0
47780,9,1,1,12,1,12.274828,1.280152,18250,0,0
47790,0,0,0,0,0,12.274112,1.280105,18251,0,0
47800,0,0,0,1,1,12.272127,1.279889,18251,0,0
47810,13,2,4,20,1,12.272403,1.279867,18251,0,0
47820,17,1,2,21,1,12.272857,1.279917,18251,0,0
47830,20,2,3,26,1,12.274794,1.280149,18260,0,0
47840,10,0,1,12,1,12.276400,1.280347,18271,0,0
47850,20,0,2,23,1,12.277920,1.280486,18278,0,0
47860,12,2,0,15,1,12.279296,1.280651,18289,0,0
47870,6,2,2,11,1,12.279651,1.280683,18289,0,0
47880,6,0,0,7,1,12.278674,1.280605,18289,0,0
47890,13,2,0,16,1,12.278565,1.280541,18289,0,0
47900,18,1,0,20,1,12.279730,1.280640,18292,0,0
47910,6,2,0,9,1,12.280283,1.280677,18293,0,0
47920,1,0,0,2,1,12.278944,1.280510,18293,0,0
47930,3,0,0,4,1,12.277819,1.280359,18293,0,0
47940,0,0,0,1,1,12.275601,1.280166,18293,0,0
47950,17,1,3,22,1,12.275627,1.280138,18297,0,0
47960,13,2,1,17,1,12.277485,1.280328,18307,0,0
47970,16,1,1,19,1,12.277804,1.280361,18308,0,0
47980,17,1,0,19,1,12.279420,1.280521,18317,0,0
47990,0,0,0,0,0,12.279899,1.280613,18322,0,0
48000,0,0,0,0,0,12.277829,1.280449,18322,0,0
48010,0,0,0,1,1,12.275809,1.280258,18322,0,0
48020,7,0,1,9,1,12.274323,1.280061,18322,0,0
48030,12,0,2,15,1,12.274845,1.280109,18327,0,0
48040,4,0,1,6,1,12.275651,1.280174,18330,0,0
48050,6,0,1,8,1,12.274087,1.279963,18330,0,0
48060,18,4,0,23,1,12.275203,1.280054,18333,0,0
48070,3,1,0,5,1,12.275289,1.280077,18334,0,0
48080,16,0,0,17,1,12.275900,1.280107,18339,0,0
48090,0,0,0,1,1,12.275385,1.280070,18339,0,0
48100,1,1,0,3,1,12.274481,1.279942,18341,0,0
48110,20,2,1,24,1,12.274650,1.279906,18344,0,0
48120,8,2,3,14,1,12.274109,1.279875,18356,0,0
48130,4,0,1,6,1,12.273181,1.279778,18356,0,0
48140,0,0,0,0,0,12.272403,1.279721,18356,0,0
48150,8,0,0,9,1,12.271203,1.279582,18356,0,0
48160,8,0,0,9,1,12.271015,1.279543,18356,0,0
48170,8,0,0,9,1,12.271780,1.279650,18360,0,0
48180,13,2,0,16,1,12.273262,1.279796,18374,0,0
48190,4,0,0,5,1,12.273697,1.279888,18378,0,0
48200,16,3,1,21,1,12.273631,1.279867,18380,0,0
48210,12,1,0,14,1,12.275825,1.280098,18391,0,0
48220,0,0,0,1,1,12.275095,1.280074,18391,0,0
48230,14,2,0,17,1,12.273459,1.279926,18391,0,0
48240,15,1,1,18,1,12.274826,1.280076,18393,0,0
48250,19,0,1,21,1,12.276761,1.280291,18401,0,0
48260,19,3,0,23,1,12.278765,1.280517,18413,0,0
48270,4,0,0,5,1,12.278403,1.280506,18415,0,0
48280,15,1,3,20,1,12.279655,1.280623,18416,0,0
48290,14,1,1,17,1,12.280810,1.280765,18419,0,0
48300,4,0,0,5,1,12.280390,1.280721,18419,0,0
48310,3,0,0,4,1,12.278521,1.280556,18419,0,0
48320,0,0,0,1,1,12.277194,1.280434,18419,0,0
48330,18,0,0,19,1,12.276276,1.280291,18419,0,0
48340,2,0,0,3,1,12.276563,1.280318,18420,0,0
48350,10,0,0,11,1,12.275104,1.280152,18420,0,0
48360,18,0,0,19,1,12.274883,1.280081,18420,0,0
48370,2,0,0,3,1,12.275094,1.280119,18420,0,0
48380,0,0,0,0,0,12.273317,1.279934,18420,0,0
48390,18,3,3,25,1,12.273136,1.279873,18420,0,0
48400,19,3,6,29,1,12.275392,1.280111,18433,0,0
48410,18,1,1,21,1,12.277935,1.280423,18456,0,0
48420,5,1,1,8,1,12.277578,1.280413,18459,0,0
48430,1,1,0,3,1,12.276414,1.280330,18459,0,0
48440,1,0,0,2,1,12.275020,1.280165,18459,0,0
48450,7,1,1,10,1,12.275430,1.280160,18459,0,0
48460,18,1,1,21,1,12.275869,1.280173,18460,0,0
48470,3,0,1,5,1,12.274542,1.280042,18460,0,0
48480,9,4,1,15,1,12.273681,1.279955,18460,0,0
48490,1,0,0,2,1,12.272904,1.279857,18460,0,0
48500,6,0,1,8,1,12.271144,1.279640,18460,0,0
48510,0,0,0,0,0,12.269278,1.279481,18460,0,0
48520,5,2,1,9,1,12.268111,1.279365,18460,0,0
48530,16,3,0,20,1,12.267891,1.279311,18460,0,0
48540,16,3,2,22,1,12.270426,1.279614,18481,0,0
48550,17,2,0,20,1,12.272330,1.279826,18507,0,0
48560,17,5,0,23,1,12.273011,1.279894,18507,0,0
48570,8,0,0,9,1,12.274567,1.280102,18523,0,0
48580,14,1,0,16,1,12.274398,1.280093,18523,0,0
48590,0,0,0,1,1,12.273712,1.280059,18523,0,0
48600,14,0,1,16,1,12.272424,1.279919,18523,0,0
48610,14,0,5,20,1,12.274156,1.280075,18531,0,0
48620,2,1,0,4,1,12.275098,1.280189,18535,0,0
48630,18,0,1,20,1,12.274772,1.280106,18535,0,0
48640,9,0,2,12,1,12.276132,1.280264,18538,0,0
48650,11,0,0,12,1,12.276829,1.280300,18538,0,0
48660,13,0,1,15,1,12.277572,1.280339,18544,0,0
48670,16,1,2,20,1,12.279622,1.280580,18566,0,0
48680,8,2,0,11,1,12.278746,1.280502,18566,0,0
48690,11,5,1,18,1,12.279275,1.280521,18566,0,0
48700,17,2,1,21,1,12.280798,1.280707,18573,0,0
48710,5,1,0,7,1,12.281573,1.280867,18590,0,0
48720,9,0,2,12,1,12.280132,1.280744,18590,0,0
48730,1,0,0,2,1,12.279291,1.280629,18590,0,0
48740,11,0,0,12,1,12.277727,1.280449,18590,0,0
48750,8,0,0,9,1,12.278669,1.280552,18596,0,0
48760,7,0,1,9,1,12.279129,1.280586,18596,0,0
48770,16,3,0,20,1,12.280340,1.280701,18604,0,0
48780,20,2,1,24,1,12.282403,1.280938,18628,0,0
48790,11,2,2,16,1,12.284508,1.281195,18654,0,0
48800,4,2,0,7,1,12.284350,1.281143,18655,0,0
48810,15,1,0,17,1,12.283819,1.281041,18655,0,0
48820,7,2,0,10,1,12.283940,1.281048,18658,0,0
48830,14,1,5,21,1,12.283947,1.281010,18658,0,0
48840,8,2,0,11,1,12.284915,1.281135,18658,0,0
48850,11,1,2,15,1,12.283770,1.281002,18658,0,0
48860,19,0,0,20,1,12.284011,1.281046,18665,0,0
48870,18,1,1,21,1,12.285395,1.281231,18674,0,0
48880,20,0,2,23,1,12.286960,1.281429,18697,0,0
48890,11,3,0,15,1,12.287374,1.281461,18701,0,0
48900,8,0,0,9,1,12.288212,1.281562,18704,0,0
48910,1,0,0,2,1,12.286135,1.281391,18704,0,0
48920,2,0,1,4,1,12.284569,1.281211,18704,0,0
48930,16,0,1,18,1,12.282842,1.281020,18704,0,0
48940,20,4,4,29,1,12.285360,1.281266,18732,0,0
48950,20,3,1,25,1,12.287755,1.281532,18753,0,0
48960,20,3,0,24,1,12.289233,1.281713,18766,0,0
48970,15,0,0,16,1,12.290413,1.281836,18776,0,0
48980,5,0,4,10,1,12.291020,1.281945,18776,0,0
48990,12,0,0,13,1,12.289950,1.281828,18776,0,0
49000,11,2,1,15,1,12.290168,1.281836,18776,0,0
49010,0,0,0,1,1,12.289648,1.281790,18776,0,0
49020,16,1,3,21,1,12.290167,1.281836,18777,0,0
49030,9,0,1,11,1,12.292052,1.282076,18794,0,0
49040,3,0,0,4,1,12.292043,1.282041,18794,0,0
49050,7,1,1,10,1,12.290609,1.281913,18794,0,0
49060,15,0,3,19,1,12.290190,1.281858,18795,0,0
49070,18,0,5,24,1,12.291232,1.281950,18795,0,0
49080,6,0,0,7,1,12.291851,1.282020,18799,0,0
49090,0,0,0,0,0,12.290029,1.281852,18799,0,0
49100,14,2,0,17,1,12.288823,1.281720,18799,0,0
49110,0,0,0,1,1,12.287771,1.281634,18799,0,0
49120,15,0,1,17,1,12.286819,1.281532,18799,0,0
49130,2,1,2,6,1,12.287000,1.281586,18799,0,0
49140,9,0,1,11,1,12.285950,1.281454,18799,0,0
49150,18,0,1,20,1,12.286808,1.281500,18804,0,0
49160,9,0,0,10,1,12.287568,1.281579,18804,0,0
49170,10,1,3,15,1,12.287940,1.281601,18804,0,0
49180,13,4,1,19,1,12.289406,1.281745,18809,0,0
49190,16,1,1,19,1,12.289814,1.281807,18813,0,0
49200,11,0,2,14,1,12.291182,1.281960,18819,0,0
49210,2,0,0,3,1,12.290761,1.281937,18820,0,0
49220,0,0,0,1,1,12.288601,1.281739,18820,0,0
49230,2,1,1,5,1,12.286613,1.281539,18820,0,0
49240,8,0,0,9,1,12.285379,1.281410,18820,0,0
49250,2,0,0,3,1,12.283917,1.281287,18820,0,0
49260,12,2,1,16,1,12.282435,1.281086,18820,0,0
49270,20,2,2,25,1,12.283236,1.281161,18827,0,0
49280,16,1,2,20,1,12.285541,1.281412,18842,0,0
49290,5,2,1,9,1,12.284913,1.281352,18842,0,0
49300,17,1,1,20,1,12.286019,1.281456,18842,0,0
49310,19,1,0,21,1,12.287889,1.281670,18863,0,0
49320,14,2,0,17,1,12.289122,1.281806,18868,0,0
49330,2,1,0,4,1,12.288842,1.281782,18868,0,0
49340,4,0,0,5,1,12.287535,1.281659,18868,0,0
49350,3,0,0,4,1,12.286210,1.281512,18868,0,0
49360,2,0,0,3,1,12.285121,1.281401,18868,0,0
49370,3,0,2,6,1,12.283659,1.281240,18868,0,0
49380,12,1,0,14,1,12.283942,1.281253,18868,0,0
49390,4,0,1,6,1,12.283428,1.281199,18868,0,0
49400,4,1,1,7,1,12.283974,1.281242,18871,0,0
49410,9,0,0,10,1,12.283399,1.281168,18871,0,0
49420,0,0,0,1,1,12.282556,1.281075,18871,0,0
49430,13,1,1,16,1,12.281398,1.280943,18871,0,0
49440,11,0,1,13,1,12.281521,1.280926,18872,0,0
49450,11,1,0,13,1,12.280749,1.280831,18872,0,0
49460,7,1,3,12,1,12.280025,1.280715,18872,0,0
49470,13,1,0,15,1,12.279731,1.280700,18872,0,0
49480,19,2,1,23,1,12.281301,1.280855,18881,0,0
49490,1,0,0,2,1,12.281624,1.280900,18889,0,0
49500,0,0,1,2,1,12.279888,1.280707,18889,0,0
49510,1,0,0,2,1,12.277944,1.280566,18889,0,0
49520,12,0,0,13,1,12.277402,1.280491,18889,0,0
49530,12,2,0,15,1,12.276894,1.280470,18889,0,0
49540,18,1,0,20,1,12.278654,1.280672,18896,0,0
49550,6,2,1,10,1,12.277914,1.280584,18896,0,0
49560,15,1,4,21,1,12.278809,1.280655,18907,0,0
49570,0,0,0,1,1,12.277773,1.280584,18907,0,0
49580,15,0,1,17,1,12.276740,1.280444,18907,0,0
49590,17,1,2,21,1,12.276836,1.280419,18908,0,0
49600,12,1,6,20,1,12.277772,1.280513,18912,0,0
49610,11,1,0,13,1,12.278945,1.280641,18922,0,0
49620,6,0,1,8,1,12.278166,1.280537,18922,0,0
49630,20,3,3,27,1,12.280243,1.280700,18934,0,0
49640,14,0,0,15,1,12.281814,1.280915,18941,0,0
49650,18,6,1,26,1,12.282738,1.280989,18952,0,0
49660,4,1,0,6,1,12.283817,1.281163,18957,0,0
49670,4,0,0,5,1,12.281836,1.280943,18957,0,0
49680,4,1,0,6,1,12.280160,1.280822,18957,0,0
49690,1,0,0,2,1,12.279480,1.280718,18957,0,0
49700,0,0,0,1,1,12.277853,1.280540,18957,0,0
49710,14,1,0,16,1,12.277119,1.280447,18959,0,0
49720,7,1,2,11,1,12.276891,1.280434,18959,0,0
49730,12,7,0,20,1,12.276516,1.280367,18959,0,0
49740,18,5,5,29,1,12.278054,1.280533,18968,0,0
49750,12,2,1,16,1,12.279369,1.280691,18976,0,0
49760,12,3,0,16,1,12.281098,1.280882,18988,0,0
49770,1,0,0,2,1,12.281840,1.280972,18997,0,0
49780,7,1,1,10,1,12.280233,1.280791,18997,0,0
49790,13,0,1,15,1,12.280418,1.280799,18997,0,0
49800,18,0,3,22,1,12.282551,1.280995,19013,0,0
49810,16,2,1,20,1,12.284458,1.281193,19029,0,0
49820,0,0,0,1,1,12.283914,1.281184,19029,0,0
49830,18,0,11,30,1,12.284514,1.281196,19034,0,0
49840,19,0,1,21,1,12.286192,1.281389,19035,0,0
49850,0,0,0,1,1,12.285992,1.281360,19037,0,0
49860,0,0,0,1,1,12.283926,1.281147,19037,0,0
49870,5,0,0,6,1,12.282274,1.280985,19037,0,0
49880,8,0,0,9,1,12.281417,1.280874,19037,0,0
49890,10,2,2,15,1,12.279969,1.280744,19037,0,0
49900,18,1,0,20,1,12.281341,1.280876,19040,0,0
49910,9,1,2,13,1,12.282129,1.280976,19044,0,0
49920,15,0,1,17,1,12.282250,1.281034,19044,0,0
49930,18,1,3,23,1,12.283573,1.281172,19047,0,0
49940,20,3,2,26,1,12.284860,1.281287,19056,0,0
49950,6,2,1,10,1,12.284378,1.281234,19062,0,0
49960,9,2,0,12,1,12.283022,1.281105,19062,0,0
49970,15,1,1,18,1,12.284925,1.281309,19086,0,0
49980,9,1,2,13,1,12.285334,1.281343,19086,0,0
49990,16,2,4,23,1,12.286687,1.281468,19089,0,0
50000,18,5,4,28,1,12.286919,1.281471,19089,0,0
50010,15,2,0,18,1,12.289887,1.281807,19115,0,0
50020,0,0,0,0,0,12.288827,1.281696,19115,0,0
50030,18,1,0,20,1,12.288008,1.281602,19116,0,0
50040,18,1,4,24,1,12.288869,1.281670,19120,0,0
50050,10,0,2,13,1,12.289528,1.281714,19122,0,0
50060,15,1,2,19,1,12.288705,1.281607,19122,0,0
50070,3,0,0,4,1,12.290358,1.281763,19130,0,0
50080,10,3,1,15,1,12.290992,1.281815,19147,0,0
50090,18,1,3,23,1,12.291855,1.281876,19147,0,0
50100,14,2,2,19,1,12.294505,1.282200,19173,0,0
50110,9,1,3,14,1,12.294442,1.282196,19173,0,0
50120,8,3,1,13,1,12.294182,1.282155,19173,0,0
50130,0,0,0,0,0,12.293185,1.282099,19173,0,0
50140,1,0,0,2,1,12.291680,1.281944,19173,0,0
50150,1,0,0,2,1,12.289626,1.281753,19173,0,0
50160,7,1,2,11,1,12.290658,1.281847,19176,0,0
50170,10,2,2,15,1,12.289820,1.281762,19176,0,0
50180,11,1,0,13,1,12.290694,1.281843,19177,0,0
50190,1,0,0,2,1,12.290193,1.281809,19177,0,0
50200,1,0,2,4,1,12.288735,1.281662,19177,0,0
50210,18,1,1,21,1,12.289801,1.281743,19188,0,0
50220,12,0,0,13,1,12.291139,1.281904,19195,0,0
50230,19,0,4,24,1,12.292571,1.282018,19199,0,0
50240,19,1,0,21,1,12.294151,1.282169,19214,0,0
50250,0,0,0,0,0,12.294084,1.282183,19214,0,0
50260,2,0,0,3,1,12.292593,1.282038,19214,0,0
50270,0,0,0,0,0,12.290598,1.281851,19214,0,0
50280,13,0,0,14,1,12.289454,1.281745,19214,0,0
50290,10,1,0,12,1,12.289741,1.281758,19217,0,0
50300,5,2,1,9,1,12.288733,1.281677,19217,0,0
50310,2,0,0,3,1,12.287409,1.281541,19217,0,0
50320,1,0,0,2,1,12.285566,1.281351,19217,0,0
50330,13,0,0,14,1,12.284100,1.281206,19217,0,0
50340,13,0,3,17,1,12.285070,1.281328,19227,0,0
50350,11,1,1,14,1,12.286172,1.281451,19236,0,0
50360,4,1,2,8,1,12.284759,1.281314,19236,0,0
50370,7,3,2,13,1,12.283396,1.281166,19236,0,0
50380,3,2,2,8,1,12.281850,1.280996,19236,0,0
50390,4,0,1,6,1,12.281970,1.281024,19236,0,0
50400,7,0,0,8,1,12.281038,1.280879,19236,0,0
50410,1,0,0,2,1,12.279498,1.280715,19236,0,0
50420,5,0,1,7,1,12.277954,1.280528,19236,0,0
50430,10,0,2,13,1,12.277216,1.280442,19236,0,0
50440,9,0,1,11,1,12.278075,1.280561,19236,0,0
50450,11,2,1,15,1,12.277985,1.280522,19237,0,0
50460,2,0,0,3,1,12.277165,1.280444,19237,0,0
50470,1,0,0,2,1,12.275653,1.280355,19237,0,0
50480,6,0,2,9,1,12.273901,1.280177,19237,0,0
50490,14,0,0,15,1,12.273239,1.280102,19237,0,0
50500,12,2,4,19,1,12.272655,1.280044,19237,0,0
50510,6,0,0,7,1,12.273608,1.280146,19241,0,0
50520,17,3,1,22,1,12.274839,1.280258,19258,0,0
50530,2,1,0,4,1,12.275060,1.280310,19268,0,0
50540,3,1,0,5,1,12.273430,1.280139,19268,0,0
50550,11,0,0,12,1,12.272249,1.279976,19268,0,0
50560,6,0,0,7,1,12.271838,1.279933,19268,0,0
50570,4,0,0,5,1,12.270319,1.279793,19268,0,0
50580,10,1,0,12,1,12.268891,1.279635,19268,0,0
50590,9,2,2,14,1,12.269326,1.279696,19268,0,0
50600,2,0,1,4,1,12.268527,1.279600,19268,0,0
50610,3,0,0,4,1,12.267400,1.279482,19268,0,0
50620,1,0,0,2,1,12.265582,1.279297,19268,0,0
50630,4,1,0,6,1,12.264966,1.279232,19268,0,0
50640,0,0,0,1,1,12.263827,1.279116,19268,0,0
50650,7,0,2,10,1,12.263277,1.279021,19268,0,0
50660,2,0,0,3,1,12.261722,1.278901,19268,0,0
50670,4,1,0,6,1,12.260741,1.278759,19268,0,0
50680,2,0,0,3,1,12.259157,1.278635,19268,0,0
50690,16,3,1,21,1,12.258682,1.278554,19274,0,0
50700,17,0,0,18,1,12.260313,1.278708,19278,0,0
50710,15,2,2,20,1,12.262233,1.278892,19290,0,0
50720,7,0,0,8,1,12.262976,1.278988,19303,0,0
50730,17,3,1,22,1,12.264169,1.279088,19310,0,0
50740,8,0,0,9,1,12.264776,1.279164,19311,0,0
50750,6,2,0,9,1,12.263334,1.279037,19311,0,0
50760,10,1,0,12,1,12.263348,1.279017,19311,0,0
50770,14,0,1,16,1,12.262543,1.278962,19311,0,0
50780,18,3,1,23,1,12.264002,1.279059,19317,0,0
50790,14,0,2,17,1,12.265552,1.279223,19320,0,0
50800,13,1,1,16,1,12.266237,1.279257,19320,0,0
50810,9,0,0,10,1,12.267176,1.279365,19324,0,0
50820,11,1,2,15,1,12.267477,1.279378,19324,0,0
50830,20,0,0,21,1,12.268263,1.279467,19324,0,0
50840,12,0,7,20,1,12.269443,1.279603,19335,0,0
50850,20,3,1,25,1,12.271666,1.279840,19361,0,0
50860,10,2,1,14,1,12.272959,1.280001,19371,0,0
50870,1,0,0,2,1,12.271649,1.279880,19371,0,0
50880,0,0,1,2,1,12.270751,1.279773,19371,0,0
50890,7,0,0,8,1,12.269601,1.279652,19371,0,0
50900,8,0,1,10,1,12.267881,1.279499,19371,0,0
50910,10,0,0,11,1,12.268873,1.279594,19371,0,0
50920,8,1,2,12,1,12.268935,1.279587,19371,0,0
50930,18,1,1,21,1,12.270034,1.279686,19375,0,0
50940,12,0,3,16,1,12.270831,1.279777,19383,0,0
50950,18,2,2,23,1,12.272113,1.279884,19385,0,0
50960,16,1,0,18,1,12.274247,1.280143,19406,0,0
50970,7,0,1,9,1,12.274710,1.280183,19407,0,0
50980,6,0,4,11,1,12.273668,1.280074,19407,0,0
50990,4,1,0,6,1,12.273876,1.280093,19407,0,0
51000,16,2,3,22,1,12.274459,1.280127,19408,0,0
51010,14,1,0,16,1,12.276293,1.280281,19418,0,0
51020,3,0,2,6,1,12.277153,1.280381,19419,0,0
51030,0,0,0,0,0,12.275942,1.280252,19419,0,0
51040,7,0,0,8,1,12.274449,1.280091,19419,0,0
51050,12,0,0,13,1,12.273936,1.280037,19419,0,0
51060,8,1,0,10,1,12.273169,1.279967,19419,0,0
51070,17,2,0,20,1,12.273828,1.279994,19422,0,0
51080,5,2,0,8,1,12.274408,1.280093,19428,0,0
51090,18,0,0,19,1,12.275491,1.280172,19437,0,0
51100,11,1,0,13,1,12.276494,1.280268,19445,0,0
51110,7,0,0,8,1,12.277334,1.280350,19450,0,0
51120,5,0,0,6,1,12.276128,1.280177,19450,0,0
51130,13,0,2,16,1,12.275082,1.280055,19450,0,0
51140,1,0,0,2,1,12.274219,1.280001,19450,0,0
51150,19,1,7,28,1,12.275491,1.280084,19459,0,0
51160,6,1,0,8,1,12.276053,1.280150,19464,0,0
51170,2,0,0,3,1,12.275907,1.280093,19464,0,0
51180,4,0,0,5,1,12.274508,1.279936,19464,0,0
51190,2,1,3,7,1,12.273044,1.279770,19464,0,0
51200,14,0,0,15,1,12.271725,1.279625,19464,0,0
51210,8,0,2,11,1,12.270886,1.279550,19464,0,0
51220,3,0,1,5,1,12.269175,1.279400,19464,0,0
51230,4,1,1,7,1,12.267540,1.279253,19464,0,0
51240,11,0,0,12,1,12.268412,1.279351,19481,0,0
51250,0,0,0,1,1,12.268242,1.279354,19481,0,0
51260,0,0,0,0,0,12.266685,1.279207,19481,0,0
51270,8,2,0,11,1,12.265070,1.279059,19481,0,0
51280,6,0,1,8,1,12.265727,1.279083,19481,0,0
51290,0,0,0,1,1,12.264754,1.278971,19481,0,0
51300,3,0,0,4,1,12.263293,1.278810,19481,0,0
51310,6,0,1,8,1,12.262787,1.278716,19481,0,0
51320,19,2,0,22,1,12.263727,1.278759,19488,0,0
51330,9,3,0,13,1,12.264955,1.278921,19503,0,0
51340,20,1,0,22,1,12.264828,1.278878,19504,0,0
51350,17,2,2,22,1,12.266006,1.279006,19511,0,0
51360,9,1,0,11,1,12.265954,1.279021,19511,0,0
51370,19,5,3,28,1,12.266804,1.279076,19515,0,0
51380,16,5,4,26,1,12.269723,1.279427,19556,0,0
51390,0,1,0,2,1,12.270784,1.279571,19559,0,0
51400,10,0,0,11,1,12.269111,1.279399,19559,0,0
51410,2,0,1,4,1,12.267680,1.279262,19559,0,0
51420,4,2,0,7,1,12.267604,1.279226,19559,0,0
51430,9,0,0,10,1,12.265870,1.279063,19559,0,0
51440,8,3,0,12,1,12.264624,1.278938,19559,0,0
51450,20,1,2,24,1,12.264458,1.278884,19565,0,0
51460,4,0,1,6,1,12.265265,1.279004,19567,0,0
51470,16,0,8,25,1,12.266457,1.279115,19567,0,0
51480,3,0,0,4,1,12.266193,1.279116,19567,0,0
51490,2,1,2,6,1,12.265677,1.279054,19567,0,0
51500,19,0,0,20,1,12.266576,1.279121,19576,0,0
51510,12,0,0,13,1,12.267900,1.279272,19585,0,0
51520,19,0,2,22,1,12.268766,1.279354,19593,0,0
51530,1,0,0,2,1,12.269189,1.279437,19596,0,0
51540,16,1,2,20,1,12.269936,1.279489,19598,0,0
51550,9,1,2,13,1,12.271116,1.279573,19609,0,0
51560,0,0,0,0,0,12.269972,1.279482,19609,0,0
51570,12,1,1,15,1,12.269046,1.279367,19609,0,0
51580,17,5,1,24,1,12.269931,1.279477,19617,0,0
51590,18,0,1,20,1,12.270812,1.279569,19617,0,0
51600,5,2,0,8,1,12.271374,1.279650,19617,0,0
51610,19,0,0,20,1,12.272615,1.279761,19630,0,0
51620,11,2,1,15,1,12.274176,1.279955,19642,0,0
51630,12,2,3,18,1,12.274990,1.280006,19649,0,0
51640,0,0,0,0,0,12.274183,1.279947,19649,0,0
51650,3,2,1,7,1,12.272429,1.279759,19649,0,0
51660,5,0,0,6,1,12.271612,1.279697,19649,0,0
51670,0,2,0,3,1,12.270430,1.279578,19649,0,0
51680,18,2,2,23,1,12.270180,1.279513,19652,0,0
51690,14,1,0,16,1,12.271912,1.279686,19667,0,0
51700,9,2,0,12,1,12.271201,1.279596,19667,0,0
51710,17,0,1,19,1,12.271580,1.279602,19667,0,0
51720,18,2,0,21,1,12.272734,1.279727,19688,0,0
51730,13,2,0,16,1,12.273477,1.279801,19688,0,0
51740,10,1,0,12,1,12.274275,1.279897,19689,0,0
51750,9,0,0,10,1,12.274412,1.279904,19692,0,0
51760,12,0,2,15,1,12.273393,1.279777,19692,0,0
51770,5,0,0,6,1,12.272109,1.279673,19692,0,0
51780,17,3,4,25,1,12.272519,1.279669,19692,0,0
51790,5,1,0,7,1,12.273050,1.279730,19705,0,0
51800,1,0,0,2,1,12.271648,1.279596,19705,0,0
51810,7,0,1,9,1,12.270367,1.279465,19705,0,0
51820,4,0,0,5,1,12.269791,1.279428,19705,0,0
51830,13,0,0,14,1,12.268791,1.279297,19705,0,0
51840,0,0,0,0,0,12.269092,1.279329,19710,0,0
51850,5,0,0,6,1,12.267799,1.279222,19710,0,0
51860,3,0,0,4,1,12.267083,1.279126,19710,0,0
51870,0,0,0,1,1,12.265582,1.278975,19710,0,0
51880,0,0,0,1,1,12.263950,1.278825,19710,0,0
51890,12,1,1,15,1,12.262716,1.278668,19710,0,0
51900,20,1,3,25,1,12.263298,1.278728,19724,0,0
51910,0,0,0,1,1,12.263296,1.278715,19724,0,0
51920,19,2,1,23,1,12.263383,1.278690,19725,0,0
51930,18,0,1,20,1,12.265466,1.278964,19742,0,0
51940,0,0,0,0,0,12.265322,1.278989,19744,0,0
51950,0,0,0,1,1,12.264401,1.278868,19744,0,0
51960,11,1,0,13,1,12.264878,1.278891,19744,0,0
51970,20,2,2,25,1,12.265461,1.278942,19745,0,0
51980,4,0,1,6,1,12.266040,1.279022,19747,0,0
51990,11,0,0,12,1,12.264816,1.278889,19747,0,0
52000,13,2,3,19,1,12.264564,1.278852,19747,0,0
52010,14,1,0,16,1,12.266398,1.279049,19764,0,0
52020,9,0,0,10,1,12.267491,1.279147,19770,0,0
52030,18,2,2,23,1,12.267866,1.279117,19771,0,0
52040,7,1,1,10,1,12.268515,1.279189,19774,0,0
52050,9,0,0,10,1,12.267288,1.279040,19774,0,0
52060,9,0,0,10,1,12.267772,1.279083,19775,0,0
52070,7,2,1,11,1,12.266684,1.278990,19775,0,0
52080,6,0,0,7,1,12.266812,1.279013,19775,0,0
52090,16,0,1,18,1,12.266659,1.278969,19775,0,0
52100,3,2,0,6,1,12.265517,1.278893,19775,0,0
52110,10,1,1,13,1,12.264152,1.278768,19775,0,0
52120,20,5,1,27,1,12.264584,1.278790,19781,0,0
52130,17,3,2,23,1,12.266158,1.278916,19790,0,0
52140,12,0,1,14,1,12.266786,1.278981,19792,0,0
52150,7,2,2,12,1,12.267397,1.279034,19792,0,0
52160,1,0,1,3,1,12.266904,1.278998,19792,0,0
52170,18,0,3,22,1,12.266891,1.279001,19793,0,0
52180,9,2,0,12,1,12.268152,1.279171,19803,0,0
52190,19,4,3,27,1,12.270721,1.279433,19822,0,0
52200,10,1,2,14,1,12.272638,1.279648,19838,0,0
52210,18,0,4,23,1,12.274271,1.279783,19842,0,0
52220,17,4,7,29,1,12.276704,1.280029,19851,0,0
52230,19,3,2,25,1,12.279358,1.280346,19869,0,0
52240,16,5,0,22,1,12.280268,1.280464,19875,0,0
52250,20,4,1,26,1,12.281914,1.280612,19876,0,0
52260,20,1,3,25,1,12.283834,1.280825,19886,0,0
52270,18,2,1,22,1,12.283221,1.280740,19886,0,0
52280,2,1,0,4,1,12.284535,1.280905,19898,0,0
52290,15,2,4,22,1,12.286276,1.281117,19914,0,0
52300,19,8,5,33,1,12.288463,1.281342,19932,0,0
52310,2,0,0,3,1,12.288393,1.281322,19934,0,0
52320,12,1,0,14,1,12.287315,1.281209,19934,0,0
52330,3,0,0,4,1,12.285875,1.281110,19934,0,0
52340,5,0,0,6,1,12.285018,1.281041,19934,0,0
52350,0,0,0,0,0,12.283305,1.280854,19934,0,0
52360,9,0,0,10,1,12.281428,1.280640,19934,0,0
52370,20,3,1,25,1,12.282302,1.280731,19945,0,0
52380,15,0,0,16,1,12.283963,1.280935,19958,0,0
52390,4,1,0,6,1,12.283381,1.280892,19958,0,0
52400,15,1,0,17,1,12.282745,1.280820,19958,0,0
52410,10,1,2,14,1,12.282887,1.280811,19958,0,0
52420,14,2,4,21,1,12.283723,1.280875,19963,0,0
52430,12,0,5,18,1,12.285137,1.281005,19968,0,0
52440,18,4,0,23,1,12.287075,1.281204,19982,0,0
52450,10,0,0,11,1,12.289119,1.281463,20009,0,0
52460,13,1,0,15,1,12.288326,1.281377,20009,0,0
52470,15,2,3,21,1,12.290286,1.281599,20035,0,0
52480,18,0,1,20,1,12.291750,1.281736,20047,0,0
52490,2,0,1,4,1,12.290769,1.281652,20047,0,0
52500,5,1,2,9,1,12.289429,1.281494,20047,0,0
52510,0,0,0,1,1,12.288526,1.281389,20047,0,0
52520,0,0,0,0,0,12.287440,1.281271,20047,0,0
52530,6,1,0,8,1,12.285450,1.281094,20047,0,0
52540,7,0,1,9,1,12.285751,1.281125,20048,0,0
52550,0,0,0,0,0,12.284930,1.281054,20048,0,0
52560,9,0,0,10,1,12.283058,1.280851,20048,0,0
52570,8,2,2,13,1,12.283558,1.280905,20049,0,0
52580,8,2,1,12,1,12.282048,1.280753,20049,0,0
52590,10,1,6,18,1,12.283634,1.280908,20053,0,0
52600,4,0,0,5,1,12.283835,1.280913,20053,0,0
52610,14,1,3,19,1,12.283973,1.280892,20053,0,0
52620,20,0,2,23,1,12.285391,1.281057,20063,0,0
52630,4,0,0,5,1,12.284614,1.281039,20064,0,0
52640,0,0,0,1,1,12.283179,1.280889,20064,0,0
52650,4,1,1,7,1,12.281867,1.280737,20064,0,0
52660,12,2,2,17,1,12.282802,1.280794,20073,0,0
52670,19,3,4,27,1,12.284238,1.280918,20077,0,0
52680,12,2,0,15,1,12.285142,1.281055,20085,0,0
52690,5,0,0,6,1,12.284566,1.281005,20085,0,0
52700,9,1,0,11,1,12.284092,1.280915,20085,0,0
52710,2,1,0,4,1,12.282916,1.280787,20085,0,0
52720,8,0,2,11,1,12.281713,1.280636,20085,0,0
52730,6,0,0,7,1,12.280352,1.280524,20085,0,0
52740,7,1,2,11,1,12.278835,1.280383,20085,0,0
52750,8,0,0,9,1,12.277829,1.280273,20085,0,0
52760,6,1,2,10,1,12.276543,1.280149,20085,0,0
52770,20,0,0,21,1,12.276752,1.280137,20085,0,0
52780,15,4,3,23,1,12.279036,1.280368,20104,0,0
52790,12,0,3,16,1,12.280641,1.280525,20119,0,0
52800,4,0,1,6,1,12.280404,1.280507,20120,0,0
52810,19,1,0,21,1,12.281066,1.280546,20122,0,0
52820,20,2,5,28,1,12.282919,1.280756,20131,0,0
52830,10,1,0,12,1,12.283388,1.280808,20132,0,0
52840,0,0,0,0,0,12.282108,1.280676,20132,0,0
52850,6,0,0,7,1,12.280957,1.280556,20132,0,0
52860,16,1,1,19,1,12.279950,1.280436,20132,0,0
52870,20,0,1,22,1,12.279675,1.280371,20134,0,0
52880,19,0,2,22,1,12.280773,1.280471,20140,0,0
52890,20,0,2,23,1,12.282638,1.280662,20149,0,0
52900,13,1,0,15,1,12.283622,1.280760,20160,0,0
52910,1,1,1,4,1,12.283113,1.280731,20160,0,0
52920,4,0,0,5,1,12.281105,1.280557,20160,0,0
52930,16,1,2,20,1,12.280825,1.280540,20161,0,0
52940,9,1,0,11,1,12.282190,1.280700,20175,0,0
52950,7,0,0,8,1,12.281394,1.280617,20175,0,0
52960,12,0,0,13,1,12.280661,1.280533,20175,0,0
52970,8,1,0,10,1,12.280337,1.280511,20175,0,0
52980,20,0,2,23,1,12.280744,1.280543,20180,0,0
52990,2,1,2,6,1,12.280794,1.280548,20180,0,0
53000,5,0,0,6,1,12.279875,1.280432,20180,0,0
53010,8,0,2,11,1,12.279399,1.280377,20180,0,0
53020,3,0,0,4,1,12.278383,1.280258,20180,0,0
53030,7,0,1,9,1,12.277516,1.280135,20180,0,0
53040,18,0,2,21,1,12.277329,1.280088,20180,0,0
53050,14,2,2,19,1,12.278668,1.280247,20191,0,0
53060,9,2,1,13,1,12.278883,1.280272,20191,0,0
53070,6,4,2,13,1,12.278447,1.280219,20191,0,0
53080,14,1,0,16,1,12.278516,1.280208,20191,0,0
53090,11,2,3,17,1,12.279943,1.280379,20198,0,0
53100,17,3,2,23,1,12.282198,1.280624,20213,0,0
53110,17,1,0,19,1,12.283929,1.280802,20222,0,0
53120,14,2,3,20,1,12.285669,1.281011,20234,0,0
53130,12,2,1,16,1,12.286556,1.281098,20243,0,0
53140,4,0,0,5,1,12.287001,1.281131,20246,0,0
53150,1,0,0,2,1,12.285055,1.280936,20246,0,0
53160,2,0,1,4,1,12.283196,1.280732,20246,0,0
53170,18,1,2,22,1,12.283405,1.280696,20248,0,0
53180,20,6,2,29,1,12.285850,1.280990,20287,0,0
53190,10,1,0,12,1,12.287118,1.281160,20296,0,0
53200,20,0,1,22,1,12.288295,1.281305,20306,0,0
53210,17,3,2,23,1,12.290430,1.281580,20334,0,0
53220,19,1,2,23,1,12.292301,1.281775,20338,0,0
53230,2,0,0,3,1,12.292058,1.281765,20338,0,0
53240,10,4,2,17,1,12.292220,1.281771,20338,0,0
53250,6,0,1,8,1,12.292714,1.281843,20338,0,0
53260,0,0,0,1,1,12.291068,1.281681,20338,0,0
53270,11,0,1,13,1,12.290795,1.281652,20338,0,0
53280,14,3,1,19,1,12.291556,1.281691,20348,0,0
53290,9,1,0,11,1,12.292393,1.281778,20349,0,0
53300,11,0,1,13,1,12.293147,1.281831,20351,0,0
53310,0,0,1,2,1,12.291824,1.281716,20351,0,0
53320,5,0,0,6,1,12.290523,1.281590,20351,0,0
53330,5,0,1,7,1,12.289696,1.281521,20351,0,0
53340,1,0,2,4,1,12.288003,1.281324,20351,0,0
53350,4,1,0,6,1,12.287684,1.281293,20351,0,0
53360,5,1,1,8,1,12.286490,1.281148,20351,0,0
53370,2,0,0,3,1,12.284733,1.281010,20351,0,0
53380,1,0,1,3,1,12.283012,1.280840,20351,0,0
53390,10,0,3,14,1,12.281765,1.280712,20351,0,0
53400,12,2,0,15,1,12.283179,1.280875,20356,0,0
53410,6,1,2,10,1,12.283277,1.280884,20356,0,0
53420,0,0,0,1,1,12.282120,1.280779,20356,0,0
53430,0,0,0,1,1,12.281278,1.280658,20356,0,0
53440,6,0,0,7,1,12.279833,1.280505,20356,0,0
53450,19,0,3,23,1,12.280059,1.280505,20366,0,0
53460,6,1,1,9,1,12.280507,1.280579,20368,0,0
53470,9,1,0,11,1,12.279438,1.280485,20368,0,0
53480,1,0,0,2,1,12.277832,1.280335,20368,0,0
53490,5,0,0,6,1,12.276651,1.280196,20368,0,0
53500,14,2,2,19,1,12.277021,1.280197,20368,0,0
53510,19,2,5,27,1,12.277989,1.280296,20368,0,0
53520,4,1,0,6,1,12.278933,1.280441,20379,0,0
53530,15,1,2,19,1,12.277969,1.280315,20379,0,0
53540,14,0,0,15,1,12.277472,1.280261,20379,0,0
53550,10,1,3,15,1,12.277712,1.280283,20379,0,0
53560,20,1,1,23,1,12.279024,1.280460,20391,0,0
53570,4,0,1,6,1,12.280071,1.280578,20406,0,0
53580,2,0,0,3,1,12.278196,1.280415,20406,0,0
53590,3,1,0,5,1,12.276887,1.280261,20406,0,0
53600,7,2,0,10,1,12.275614,1.280128,20406,0,0
53610,19,0,1,21,1,12.275305,1.280068,20406,0,0
53620,14,0,3,18,1,12.276987,1.280251,20416,0,0
53630,2,0,0,3,1,12.276849,1.280263,20416,0,0
53640,5,0,0,6,1,12.275360,1.280098,20416,0,0
53650,3,0,1,5,1,12.273626,1.279909,20416,0,0
53660,16,2,0,19,1,12.274161,1.279942,20423,0,0
53670,12,0,0,13,1,12.274186,1.279965,20429,0,0
53680,0,0,0,1,1,12.273450,1.279888,20429,0,0
53690,10,2,1,14,1,12.272188,1.279758,20429,0,0
53700,10,1,2,14,1,12.272563,1.279805,20429,0,0
53710,19,0,1,21,1,12.272891,1.279829,20429,0,0
53720,9,1,0,11,1,12.273947,1.279958,20430,0,0
53730,6,0,0,7,1,12.272849,1.279868,20430,0,0
53740,2,0,0,3,1,12.271272,1.279721,20430,0,0
53750,3,0,0,4,1,12.269846,1.279565,20430,0,0
53760,19,1,3,24,1,12.270183,1.279577,20431,0,0
53770,4,0,1,6,1,12.270653,1.279613,20434,0,0
53780,19,1,1,22,1,12.272137,1.279778,20448,0,0
53790,3,0,0,4,1,12.272172,1.279809,20448,0,0
53800,7,0,0,8,1,12.270624,1.279629,20448,0,0
53810,6,0,0,7,1,12.269637,1.279482,20448,0,0
53820,4,0,0,5,1,12.268133,1.279332,20448,0,0
53830,0,0,0,1,1,12.266956,1.279204,20448,0,0
53840,14,1,2,18,1,12.266359,1.279112,20448,0,0
53850,4,4,1,10,1,12.267444,1.279200,20459,0,0
53860,6,0,0,7,1,12.266775,1.279115,20459,0,0
53870,8,0,1,10,1,12.266873,1.279110,20459,0,0
53880,20,1,0,22,1,12.267799,1.279177,20465,0,0
53890,18,0,5,24,1,12.269785,1.279398,20480,0,0
53900,20,1,0,22,1,12.271700,1.279613,20504,0,0
53910,1,0,0,2,1,12.271117,1.279557,20505,0,0
53920,4,0,1,6,1,12.269251,1.279411,20505,0,0
53930,18,2,0,21,1,12.269023,1.279348,20505,0,0
53940,20,0,1,22,1,12.270646,1.279497,20518,0,0
53950,18,1,3,23,1,12.272263,1.279660,20530,0,0
53960,10,3,0,14,1,12.273585,1.279805,20540,0,0
53970,13,2,0,16,1,12.275089,1.279917,20543,0,0
53980,16,0,3,20,1,12.276287,1.280045,20543,0,0
53990,1,0,0,2,1,12.275076,1.279963,20543,0,0
54000,10,0,0,11,1,12.274257,1.279879,20543,0,0
54010,13,4,5,23,1,12.274058,1.279809,20543,0,0
54020,10,2,0,13,1,12.275134,1.279931,20553,0,0
54030,9,1,2,13,1,12.275921,1.280042,20553,0,0
54040,11,0,0,12,1,12.275101,1.279910,20553,0,0
54050,0,1,0,2,1,12.273606,1.279766,20553,0,0
54060,6,1,0,8,1,12.272397,1.279610,20553,0,0
54070,16,1,0,18,1,12.272590,1.279630,20553,0,0
54080,15,3,2,21,1,12.274151,1.279778,20573,0,0
54090,11,0,1,13,1,12.274158,1.279785,20573,0,0
54100,1,1,0,3,1,12.272970,1.279654,20573,0,0
54110,3,0,2,6,1,12.271362,1.279501,20573,0,0
54120,15,3,4,23,1,12.270572,1.279374,20573,0,0
54130,11,5,2,19,1,12.270916,1.279424,20573,0,0
54140,18,1,2,22,1,12.271906,1.279495,20573,0,0
54150,5,1,0,7,1,12.272666,1.279614,20584,0,0
54160,8,0,1,10,1,12.272215,1.279544,20584,0,0
54170,7,0,1,9,1,12.271041,1.279400,20584,0,0
54180,17,0,0,18,1,12.271582,1.279443,20584,0,0
54190,12,0,0,13,1,12.272433,1.279534,20584,0,0
54200,4,0,0,5,1,12.271081,1.279406,20584,0,0
54210,5,0,0,6,1,12.269310,1.279226,20584,0,0
54220,6,0,0,7,1,12.268766,1.279154,20584,0,0
54230,1,0,1,3,1,12.267423,1.279014,20584,0,0
54240,0,0,0,0,0,12.265507,1.278833,20584,0,0
54250,10,1,1,13,1,12.265791,1.278833,20584,0,0
54260,20,3,1,25,1,12.267668,1.279026,20609,0,0
54270,13,4,0,18,1,12.269245,1.279183,20614,0,0
54280,9,0,1,11,1,12.268925,1.279115,20614,0,0
54290,0,0,0,0,0,12.267051,1.278966,20614,0,0
54300,2,0,0,3,1,12.265977,1.278849,20614,0,0
54310,1,0,0,2,1,12.264525,1.278685,20614,0,0
54320,2,0,1,4,1,12.262925,1.278531,20614,0,0
54330,9,0,1,11,1,12.261976,1.278412,20614,0,0
54340,18,2,4,25,1,12.262893,1.278478,20615,0,0
54350,15,1,4,21,1,12.264536,1.278627,20626,0,0
54360,19,2,3,25,1,12.265829,1.278761,20629,0,0
54370,18,0,0,19,1,12.267646,1.278933,20638,0,0
54380,4,1,0,6,1,12.266732,1.278853,20638,0,0
54390,6,1,0,8,1,12.264948,1.278689,20638,0,0
54400,19,1,2,23,1,12.264924,1.278652,20639,0,0
54410,0,0,0,0,0,12.265021,1.278679,20648,0,0
54420,1,0,0,2,1,12.264357,1.278590,20648,0,0
54430,9,1,2,13,1,12.262705,1.278395,20648,0,0
54440,15,3,0,19,1,12.263874,1.278485,20656,0,0
54450,14,1,1,17,1,12.264212,1.278518,20656,0,0
54460,10,2,0,13,1,12.264328,1.278490,20656,0,0
54470,1,0,0,2,1,12.264051,1.278513,20656,0,0
54480,16,3,1,21,1,12.263725,1.278483,20656,0,0
54490,16,1,1,19,1,12.264756,1.278591,20662,0,0
54500,12,1,0,14,1,12.266240,1.278733,20668,0,0
54510,9,0,2,12,1,12.266131,1.278743,20668,0,0
54520,5,0,0,6,1,12.265868,1.278711,20668,0,0
54530,1,0,0,2,1,12.264384,1.278573,20668,0,0
54540,13,0,6,20,1,12.263856,1.278498,20668,0,0
54550,8,0,1,10,1,12.265019,1.278632,20670,0,0
54560,7,0,1,9,1,12.264348,1.278564,20670,0,0
54570,6,3,0,10,1,12.264030,1.278531,20670,0,0
54580,9,0,0,10,1,12.264729,1.278598,20670,0,0
54590,1,1,0,3,1,12.265226,1.278660,20678,0,0
54600,0,0,0,1,1,12.263868,1.278523,20678,0,0
54610,4,0,0,5,1,12.262663,1.278414,20678,0,0
54620,20,4,2,27,1,12.263683,1.278518,20696,0,0
54630,19,0,1,21,1,12.265627,1.278740,20710,0,0
54640,14,1,0,16,1,12.266323,1.278829,20713,0,0
54650,2,0,0,3,1,12.265925,1.278805,20713,0,0
54660,0,0,0,1,1,12.264039,1.278623,20713,0,0
54670,0,0,0,1,1,12.262292,1.278457,20713,0,0
54680,8,0,3,12,1,12.262087,1.278423,20713,0,0
54690,8,1,0,10,1,12.261875,1.278418,20713,0,0
54700,14,2,2,19,1,12.262324,1.278445,20715,0,0
54710,0,0,0,1,1,12.262744,1.278518,20716,0,0
54720,9,0,3,13,1,12.261311,1.278349,20716,0,0
54730,11,1,1,14,1,12.261533,1.278365,20720,0,0
54740,14,0,1,16,1,12.262318,1.278454,20725,0,0
54750,12,0,0,13,1,12.261918,1.278387,20725,0,0
54760,19,1,4,25,1,12.263508,1.278555,20742,0,0
54770,2,0,0,3,1,12.263231,1.278560,20749,0,0
54780,1,1,0,3,1,12.261390,1.278371,20749,0,0
54790,10,1,0,12,1,12.260413,1.278273,20749,0,0
54800,0,0,0,0,0,12.259333,1.278185,20749,0,0
54810,0,0,0,1,1,12.257572,1.278035,20749,0,0
54820,2,0,0,3,1,12.255944,1.277885,20749,0,0
54830,8,0,0,9,1,12.255098,1.277811,20749,0,0
54840,8,2,1,12,1,12.255272,1.277821,20749,0,0
54850,19,4,2,26,1,12.256745,1.277948,20754,0,0
54860,0,0,0,1,1,12.256916,1.278002,20759,0,0
54870,5,0,0,6,1,12.255464,1.277865,20759,0,0
54880,6,0,0,7,1,12.254164,1.277729,20759,0,0
54890,0,0,0,1,1,12.252468,1.277577,20759,0,0
54900,18,0,0,19,1,12.251601,1.277457,20759,0,0
54910,7,0,0,8,1,12.252230,1.277507,20760,0,0
54920,0,0,0,1,1,12.252086,1.277504,20760,0,0
54930,5,1,0,7,1,12.250598,1.277371,20760,0,0
54940,8,1,1,11,1,12.250195,1.277329,20760,0,0
54950,9,0,1,11,1,12.249813,1.277286,20760,0,0
54960,6,1,0,8,1,12.249230,1.277252,20760,0,0
54970,13,2,3,19,1,12.248112,1.277135,20760,0,0
54980,19,1,4,25,1,12.249697,1.277314,20768,0,0
54990,14,1,0,16,1,12.251195,1.277507,20777,0,0
55000,8,0,0,9,1,12.252050,1.277603,20783,0,0
55010,17,1,3,22,1,12.251252,1.277505,20783,0,0
55020,17,4,3,25,1,12.252676,1.277673,20788,0,0
55030,19,1,1,22,1,12.254317,1.277880,20806,0,0
55040,0,0,0,0,0,12.254100,1.277876,20806,0,0
55050,9,0,1,11,1,12.252730,1.277694,20806,0,0
55060,2,0,0,3,1,12.252792,1.277708,20806,0,0
55070,4,1,0,6,1,12.251961,1.277607,20806,0,0
55080,17,0,1,19,1,12.252407,1.277614,20814,0,0
55090,18,0,1,20,1,12.254344,1.277818,20830,0,0
55100,11,1,0,13,1,12.254526,1.277825,20833,0,0
55110,0,0,0,1,1,12.252642,1.277650,20833,0,0
55120,7,0,0,8,1,12.250885,1.277483,20833,0,0
55130,0,0,0,0,0,12.249734,1.277375,20833,0,0
55140,12,1,3,17,1,12.249053,1.277302,20833,0,0
55150,4,0,0,5,1,12.249776,1.277403,20842,0,0
55160,6,1,0,8,1,12.248097,1.277177,20842,0,0
55170,2,0,0,3,1,12.246288,1.276962,20842,0,0
55180,11,0,2,14,1,12.245074,1.276852,20842,0,0
55190,19,0,2,22,1,12.246292,1.276993,20850,0,0
55200,11,2,2,16,1,12.247679,1.277149,20856,0,0
55210,16,2,2,21,1,12.249471,1.277346,20878,0,0
55220,5,0,0,6,1,12.248678,1.277287,20878,0,0
55230,0,0,1,2,1,12.247359,1.277161,20878,0,0
55240,13,1,1,16,1,12.247006,1.277078,20878,0,0
55250,0,0,0,0,0,12.246699,1.277099,20878,0,0
55260,19,2,1,23,1,12.247123,1.277124,20878,0,0
55270,8,1,1,11,1,12.247862,1.277225,20879,0,0
55280,16,2,2,21,1,12.248908,1.277322,20890,0,0
55290,3,0,1,5,1,12.248588,1.277276,20890,0,0
55300,3,0,0,4,1,12.247370,1.277139,20890,0,0
55310,0,0,0,0,0,12.245660,1.276968,20890,0,0
55320,0,0,0,0,0,12.244529,1.276835,20890,0,0
55330,1,0,0,2,1,12.242840,1.276632,20890,0,0
55340,4,0,2,7,1,12.241388,1.276449,20890,0,0
55350,0,0,0,0,0,12.239725,1.276268,20890,0,0
55360,9,0,0,10,1,12.238422,1.276142,20890,0,0
55370,10,0,1,12,1,12.237265,1.276038,20890,0,0
55380,4,0,0,5,1,12.236495,1.275931,20890,0,0
55390,12,0,1,14,1,12.235840,1.275860,20890,0,0
55400,0,0,0,0,0,12.234388,1.275747,20890,0,0
55410,10,2,2,15,1,12.234041,1.275660,20890,0,0
55420,20,4,5,30,1,12.235726,1.275807,20896,0,0
55430,11,0,2,14,1,12.236093,1.275869,20899,0,0
55440,6,0,1,8,1,12.235629,1.275810,20899,0,0
55450,17,0,0,18,1,12.236634,1.275893,20903,0,0
55460,1,0,0,2,1,12.236651,1.275912,20903,0,0
55470,7,2,0,10,1,12.235164,1.275740,20903,0,0
55480,15,3,4,23,1,12.235640,1.275758,20906,0,0
55490,7,0,1,9,1,12.236622,1.275882,20913,0,0
55500,19,1,1,22,1,12.236640,1.275871,20913,0,0
55510,3,0,0,4,1,12.237128,1.275939,20927,0,0
55520,19,1,6,27,1,12.237326,1.275914,20927,0,0
55530,20,1,2,24,1,12.237217,1.275885,20931,0,0
55540,7,0,0,8,1,12.237701,1.275924,20938,0,0
55550,10,2,2,15,1,12.238978,1.276064,20948,0,0
55560,20,1,2,24,1,12.240179,1.276205,20957,0,0
55570,6,1,0,8,1,12.240523,1.276277,20957,0,0
55580,8,0,1,10,1,12.239847,1.276194,20957,0,0
55590,0,0,0,0,0,12.238947,1.276112,20957,0,0
55600,14,0,2,17,1,12.237195,1.275939,20957,0,0
55610,18,1,2,22,1,12.239060,1.276155,20975,0,0
55620,17,2,1,21,1,12.240454,1.276297,20977,0,0
55630,7,3,2,13,1,12.240652,1.276313,20977,0,0
55640,19,0,1,21,1,12.241639,1.276375,20981,0,0
55650,20,0,2,23,1,12.243508,1.276558,21010,0,0
55660,9,0,1,11,1,12.243975,1.276613,21012,0,0
55670,9,1,0,11,1,12.243307,1.276536,21012,0,0
55680,11,4,1,17,1,12.243401,1.276529,21012,0,0
55690,4,0,2,7,1,12.244369,1.276611,21017,0,0
55700,13,2,2,18,1,12.243716,1.276547,21017,0,0
55710,0,0,0,1,1,12.242721,1.276451,21017,0,0
55720,5,0,0,6,1,12.241663,1.276328,21017,0,0
55730,4,0,0,5,1,12.240749,1.276244,21017,0,0
55740,3,1,0,5,1,12.239443,1.276122,21017,0,0
55750,10,2,2,15,1,12.239023,1.276083,21017,0,0
55760,12,1,2,16,1,12.240257,1.276228,21019,0,0
55770,13,4,1,19,1,12.241388,1.276303,21025,0,0
55780,5,0,2,8,1,12.241109,1.276286,21025,0,0
55790,5,2,0,8,1,12.239792,1.276148,21025,0,0
55800,6,0,0,7,1,12.238263,1.276015,21025,0,0
55810,7,1,0,9,1,12.238227,1.276011,21025,0,0
55820,1,0,0,2,1,12.237545,1.275947,21025,0,0
55830,18,1,2,22,1,12.237959,1.275987,21035,0,0
55840,3,1,0,5,1,12.237695,1.275991,21038,0,0
55850,3,1,0,5,1,12.236033,1.275836,21038,0,0
55860,11,0,0,12,1,12.235671,1.275777,21042,0,0
55870,10,0,2,13,1,12.235933,1.275775,21042,0,0
55880,5,0,0,6,1,12.235755,1.275749,21042,0,0
55890,3,1,1,6,1,12.235211,1.275664,21042,0,0
55900,0,0,0,0,0,12.233727,1.275552,21042,0,0
55910,0,0,0,0,0,12.231974,1.275357,21042,0,0
55920,0,0,0,1,1,12.230488,1.275187,21042,0,0
55930,8,0,0,9,1,12.228899,1.275036,21042,0,0
55940,20,0,2,23,1,12.229010,1.275021,21047,0,0
55950,14,0,0,15,1,12.230753,1.275250,21064,0,0
55960,18,4,1,24,1,12.232360,1.275415,21070,0,0
55970,19,3,0,23,1,12.234259,1.275648,21077,0,0
55980,8,2,0,11,1,12.233747,1.275597,21078,0,0
55990,4,2,1,8,1,12.233524,1.275609,21078,0,0
56000,16,0,0,17,1,12.233941,1.275638,21080,0,0
56010,3,0,0,4,1,12.234705,1.275715,21090,0,0
56020,15,3,5,24,1,12.234914,1.275699,21090,0,0
56030,14,0,0,15,1,12.236989,1.275913,21101,0,0
56040,10,1,2,14,1,12.237201,1.275906,21101,0,0
56050,11,0,0,12,1,12.238470,1.276052,21113,0,0
56060,9,0,1,11,1,12.237740,1.276000,21113,0,0
56070,17,0,0,18,1,12.238667,1.276092,21131,0,0
56080,19,2,3,25,1,12.239653,1.276180,21131,0,0
56090,5,1,0,7,1,12.239934,1.276242,21131,0,0
56100,0,0,0,0,0,12.238096,1.276060,21131,0,0
56110,4,1,1,7,1,12.236477,1.275905,21131,0,0
56120,1,0,0,2,1,12.234868,1.275761,21131,0,0
56130,15,1,3,20,1,12.235760,1.275830,21136,0,0
56140,14,3,0,18,1,12.237239,1.275984,21153,0,0
56150,1,1,1,4,1,12.236287,1.275887,21153,0,0
56160,5,1,0,7,1,12.235233,1.275746,21153,0,0
56170,15,1,0,17,1,12.234140,1.275605,21153,0,0
56180,20,1,1,23,1,12.235366,1.275714,21162,0,0
56190,20,2,0,23,1,12.236724,1.275839,21170,0,0
56200,18,2,1,22,1,12.238700,1.276061,21190,0,0
56210,1,0,0,2,1,12.237681,1.275953,21192,0,0
56220,14,0,1,16,1,12.237334,1.275897,21192,0,0
56230,6,0,0,7,1,12.237643,1.275946,21194,0,0
56240,6,0,2,9,1,12.236256,1.275806,21194,0,0
56250,19,1,2,23,1,12.236815,1.275833,21201,0,0
56260,1,0,1,3,1,12.237963,1.275957,21209,0,0
56270,9,0,1,11,1,12.236765,1.275813,21209,0,0
56280,5,0,0,6,1,12.235456,1.275693,21209,0,0
56290,20,2,1,24,1,12.236887,1.275849,21220,0,0
56300,10,2,0,13,1,12.237346,1.275899,21224,0,0
56310,16,0,3,20,1,12.238180,1.275981,21228,0,0
56320,12,1,2,16,1,12.239513,1.276141,21241,0,0
56330,20,2,1,24,1,12.240982,1.276301,21247,0,0
56340,7,0,0,8,1,12.241038,1.276335,21247,0,0
56350,14,2,2,19,1,12.240453,1.276257,21247,0,0
56360,5,0,1,7,1,12.240379,1.276252,21250,0,0
56370,11,0,1,13,1,12.239202,1.276131,21250,0,0
56380,8,0,2,11,1,12.239602,1.276163,21250,0,0
56390,2,0,2,5,1,12.239575,1.276165,21250,0,0
56400,3,0,0,4,1,12.237859,1.275981,21250,0,0
56410,11,1,1,14,1,12.237095,1.275873,21250,0,0
56420,20,7,0,28,1,12.238747,1.276038,21264,0,0
56430,5,0,2,8,1,12.239478,1.276121,21272,0,0
56440,12,2,0,15,1,12.240649,1.276252,21279,0,0
56450,17,1,2,21,1,12.241178,1.276319,21283,0,0
56460,8,0,1,10,1,12.242553,1.276484,21286,0,0
56470,3,0,1,5,1,12.241438,1.276355,21286,0,0
56480,1,0,1,3,1,12.240003,1.276217,21286,0,0
56490,17,1,1,20,1,12.239280,1.276156,21286,0,0
56500,19,4,0,24,1,12.241020,1.276342,21304,0,0
56510,18,0,2,21,1,12.242200,1.276481,21317,0,0
56520,16,2,0,19,1,12.243672,1.276660,21323,0,0
56530,8,0,0,9,1,12.243881,1.276710,21323,0,0
56540,17,3,1,22,1,12.243967,1.276726,21323,0,0
56550,8,0,0,9,1,12.244432,1.276772,21325,0,0
56560,14,0,0,15,1,12.243770,1.276679,21325,0,0
56570,18,4,2,25,1,12.244396,1.276730,21331,0,0
56580,20,2,1,24,1,12.246056,1.276910,21360,0,0
56590,1,0,0,2,1,12.246401,1.276993,21366,0,0
56600,1,0,0,2,1,12.245857,1.276933,21366,0,0
56610,3,2,0,6,1,12.244670,1.276814,21366,0,0
56620,1,0,0,2,1,12.242958,1.276645,21366,0,0
56630,12,0,0,13,1,12.241966,1.276538,21366,0,0
56640,20,0,0,21,1,12.242638,1.276618,21367,0,0
56650,17,1,1,20,1,12.243504,1.276720,21368,0,0
56660,5,0,0,6,1,12.243099,1.276677,21368,0,0
56670,5,0,0,6,1,12.242893,1.276644,21368,0,0
56680,18,1,3,23,1,12.244480,1.276797,21376,0,0
56690,0,0,0,0,0,12.244583,1.276855,21378,0,0
56700,14,4,2,21,1,12.244961,1.276882,21378,0,0
56710,19,1,2,23,1,12.245524,1.276943,21378,0,0
56720,5,2,1,9,1,12.246218,1.277031,21382,0,0
56730,2,1,0,4,1,12.245420,1.276946,21382,0,0
56740,2,0,1,4,1,12.243803,1.276803,21382,0,0
56750,3,1,0,5,1,12.243280,1.276743,21382,0,0
56760,15,2,0,18,1,12.243094,1.276707,21382,0,0
56770,5,0,0,6,1,12.243572,1.276780,21392,0,0
56780,11,0,1,13,1,12.243282,1.276745,21392,0,0
56790,6,0,3,10,1,12.242283,1.276629,21392,0,0
56800,18,2,0,21,1,12.243315,1.276743,21397,0,0
56810,12,0,3,16,1,12.244229,1.276850,21408,0,0
56820,16,1,3,21,1,12.245099,1.276922,21413,0,0
56830,13,0,1,15,1,12.245823,1.277013,21419,0,0
56840,15,1,0,17,1,12.246462,1.277066,21424,0,0
56850,19,0,1,21,1,12.246261,1.277014,21424,0,0
56860,3,0,0,4,1,12.246430,1.277045,21435,0,0
56870,7,0,0,8,1,12.245350,1.276972,21435,0,0
56880,20,3,1,25,1,12.245099,1.276916,21439,0,0
56890,13,1,0,15,1,12.246359,1.277079,21442,0,0
56900,10,0,1,12,1,12.246883,1.277141,21443,0,0
56910,11,2,0,14,1,12.247827,1.277234,21450,0,0
56920,15,1,0,17,1,12.248774,1.277309,21458,0,0
56930,20,2,0,23,1,12.248736,1.277287,21463,0,0
56940,0,0,0,0,0,12.248939,1.277340,21464,0,0
56950,0,0,0,0,0,12.247199,1.277180,21464,0,0
56960,1,0,0,2,1,12.245771,1.277033,21464,0,0
56970,2,0,0,3,1,12.244900,1.276963,21464,0,0
56980,20,0,5,26,1,12.244902,1.276970,21471,0,0
56990,15,0,2,18,1,12.246084,1.277090,21476,0,0
57000,4,2,0,7,1,12.245663,1.277046,21476,0,0
57010,13,1,0,15,1,12.245953,1.277067,21476,0,0
57020,4,0,1,6,1,12.245925,1.277066,21476,0,0
57030,9,1,0,11,1,12.245019,1.276978,21476,0,0
57040,7,0,2,10,1,12.244086,1.276897,21476,0,0
57050,0,1,0,2,1,12.243823,1.276895,21476,0,0
57060,9,0,0,10,1,12.243579,1.276832,21476,0,0
57070,9,1,3,14,1,12.242501,1.276698,21476,0,0
57080,2,0,0,3,1,12.241429,1.276577,21476,0,0
57090,11,0,0,12,1,12.240123,1.276422,21476,0,0
57100,1,2,0,4,1,12.240852,1.276495,21486,0,0
57110,4,0,0,5,1,12.239420,1.276343,21486,0,0
57120,13,0,2,16,1,12.239023,1.276269,21486,0,0
57130,13,1,1,16,1,12.239493,1.276313,21489,0,0
57140,9,0,3,13,1,12.239972,1.276384,21489,0,0
57150,16,1,0,18,1,12.240684,1.276451,21491,0,0
57160,13,1,1,16,1,12.241404,1.276477,21493,0,0
57170,14,1,0,16,1,12.242748,1.276617,21504,0,0
57180,9,1,1,12,1,12.243601,1.276726,21512,0,0
57190,2,0,1,4,1,12.242142,1.276590,21512,0,0
57200,3,0,0,4,1,12.240484,1.276429,21512,0,0
57210,6,0,1,8,1,12.239336,1.276304,21512,0,0
57220,2,0,1,4,1,12.238822,1.276246,21512,0,0
57230,9,0,0,10,1,12.237611,1.276136,21512,0,0
57240,12,3,1,17,1,12.238530,1.276222,21515,0,0
57250,0,0,0,0,0,12.237255,1.276114,21515,0,0
57260,16,2,2,21,1,12.236980,1.276060,21518,0,0
57270,0,0,0,0,0,12.237052,1.276076,21520,0,0
57280,0,0,0,1,1,12.235251,1.275900,21520,0,0
57290,0,0,0,1,1,12.234400,1.275790,21520,0,0
57300,5,0,1,7,1,12.233615,1.275675,21520,0,0
57310,20,0,2,23,1,12.233793,1.275652,21527,0,0
57320,7,0,0,8,1,12.233055,1.275575,21527,0,0
57330,12,2,1,16,1,12.232127,1.275487,21527,0,0
57340,9,0,0,10,1,12.232475,1.275521,21527,0,0
57350,20,2,3,26,1,12.232437,1.275479,21531,0,0
57360,12,0,0,13,1,12.233687,1.275607,21546,0,0
57370,7,0,0,8,1,12.232663,1.275526,21546,0,0
57380,8,1,2,12,1,12.231728,1.275433,21546,0,0
57390,14,0,1,16,1,12.231950,1.275458,21546,0,0
57400,2,0,0,3,1,12.232286,1.275509,21546,0,0
57410,7,0,0,8,1,12.233103,1.275592,21553,0,0
57420,3,1,1,6,1,12.232287,1.275520,21553,0,0
57430,5,2,0,8,1,12.231677,1.275452,21553,0,0
57440,15,2,1,19,1,12.230586,1.275301,21553,0,0
57450,19,0,1,21,1,12.232508,1.275501,21571,0,0
57460,20,2,0,23,1,12.235098,1.275808,21603,0,0
57470,16,1,0,18,1,12.237107,1.276026,21625,0,0
57480,2,0,1,4,1,12.235802,1.275885,21625,0,0
57490,10,0,0,11,1,12.235553,1.275852,21625,0,0
57500,18,1,1,21,1,12.236320,1.275916,21628,0,0
57510,12,0,3,16,1,12.237503,1.276034,21636,0,0
57520,2,0,0,3,1,12.236381,1.275954,21636,0,0
57530,14,2,4,21,1,12.235974,1.275909,21636,0,0
57540,7,1,1,10,1,12.236498,1.275968,21648,0,0
57550,7,0,0,8,1,12.235179,1.275796,21648,0,0
57560,5,1,1,8,1,12.234490,1.275754,21648,0,0
57570,2,0,0,3,1,12.233180,1.275598,21648,0,0
57580,0,0,0,1,1,12.231398,1.275447,21648,0,0
57590,2,0,0,3,1,12.230147,1.275309,21648,0,0
57600,2,0,0,3,1,12.229152,1.275205,21648,0,0
57610,12,2,3,18,1,12.228388,1.275095,21648,0,0
57620,20,3,2,26,1,12.229564,1.275229,21662,0,0
57630,19,0,3,23,1,12.231760,1.275488,21687,0,0
57640,13,2,2,18,1,12.233433,1.275630,21700,0,0
57650,5,1,2,9,1,12.233373,1.275623,21700,0,0
57660,11,0,0,12,1,12.232326,1.275505,21700,0,0
57670,5,0,1,7,1,12.231750,1.275415,21700,0,0
57680,4,2,1,8,1,12.230800,1.275315,21700,0,0
57690,5,1,1,8,1,12.230999,1.275331,21700,0,0
57700,3,1,0,5,1,12.230371,1.275249,21700,0,0
57710,0,0,0,0,0,12.229065,1.275143,21700,0,0
57720,8,0,0,9,1,12.228746,1.275100,21700,0,0
57730,1,0,0,2,1,12.227607,1.274990,21700,0,0
57740,0,0,0,0,0,12.226389,1.274854,21700,0,0
57750,2,0,0,3,1,12.225360,1.274751,21700,0,0
57760,4,0,1,6,1,12.224019,1.274618,21700,0,0
57770,0,0,0,0,0,12.222753,1.274483,21700,0,0
57780,8,0,1,10,1,12.221750,1.274363,21700,0,0
57790,7,0,0,8,1,12.221508,1.274344,21700,0,0
57800,2,0,0,3,1,12.220016,1.274179,21700,0,0
57810,4,0,1,6,1,12.219134,1.274084,21700,0,0
57820,20,0,2,23,1,12.218876,1.274016,21700,0,0
57830,6,0,1,8,1,12.219445,1.274071,21704,0,0
57840,12,1,0,14,1,12.218692,1.273971,21704,0,0
57850,19,7,3,30,1,12.219994,1.274100,21714,0,0
57860,13,1,0,15,1,12.221975,1.274331,21740,0,0
57870,15,0,1,17,1,12.222926,1.274398,21742,0,0
57880,0,0,0,0,0,12.223247,1.274445,21744,0,0
57890,0,0,0,0,0,12.222166,1.274319,21744,0,0
57900,15,2,1,19,1,12.222285,1.274342,21755,0,0
57910,18,0,1,20,1,12.224124,1.274529,21768,0,0
57920,14,2,1,18,1,12.225245,1.274637,21780,0,0
57930,18,0,0,19,1,12.225342,1.274621,21788,0,0
57940,13,0,0,14,1,12.225883,1.274701,21796,0,0
57950,16,1,0,18,1,12.226933,1.274778,21796,0,0
57960,12,5,3,21,1,12.228810,1.274989,21802,0,0
57970,13,1,0,15,1,12.229576,1.275069,21804,0,0
57980,18,3,1,23,1,12.231334,1.275213,21820,0,0
57990,19,4,1,25,1,12.232524,1.275307,21827,0,0
58000,19,2,3,25,1,12.234094,1.275464,21835,0,0
58010,17,0,2,20,1,12.235536,1.275614,21835,0,0
58020,16,1,0,18,1,12.236197,1.275664,21835,0,0
58030,19,5,4,29,1,12.237522,1.275788,21839,0,0
58040,18,3,7,29,1,12.239056,1.275957,21861,0,0
58050,19,3,1,24,1,12.240973,1.276185,21882,0,0
58060,9,0,0,10,1,12.240444,1.276143,21890,0,0
58070,20,1,4,26,1,12.241997,1.276289,21905,0,0
58080,7,0,0,8,1,12.242579,1.276372,21909,0,0
58090,14,1,1,17,1,12.242387,1.276320,21909,0,0
58100,13,2,4,20,1,12.242557,1.276314,21909,0,0
58110,7,0,1,9,1,12.242069,1.276291,21909,0,0
58120,0,0,0,0,0,12.242953,1.276387,21916,0,0
58130,8,2,1,12,1,12.241562,1.276247,21916,0,0
58140,8,1,0,10,1,12.241934,1.276278,21916,0,0
58150,18,1,0,20,1,12.243880,1.276488,21950,0,0
58160,12,0,0,13,1,12.244264,1.276500,21950,0,0
58170,15,2,0,18,1,12.245123,1.276571,21960,0,0
58180,14,2,4,21,1,12.246852,1.276777,21993,0,0
58190,14,0,1,16,1,12.249018,1.277021,22011,0,0
58200,14,1,1,17,1,12.248993,1.277013,22011,0,0
58210,8,0,1,10,1,12.250135,1.277114,22018,0,0
58220,7,1,1,10,1,12.250130,1.277097,22018,0,0
58230,9,5,0,15,1,12.249956,1.277072,22018,0,0
58240,15,1,0,17,1,12.250715,1.277149,22020,0,0
58250,13,1,1,16,1,12.252239,1.277282,22035,0,0
58260,15,0,2,18,1,12.253412,1.277400,22041,0,0
58270,20,2,1,24,1,12.254337,1.277489,22050,0,0
58280,19,2,3,25,1,12.255720,1.277629,22060,0,0
58290,7,1,4,13,1,12.256604,1.277721,22062,0,0
58300,2,0,0,3,1,12.256640,1.277745,22062,0,0
58310,0,0,0,0,0,12.255223,1.277615,22062,0,0
58320,0,1,0,2,1,12.254568,1.277549,22062,0,0
58330,0,0,0,0,0,12.253336,1.277402,22062,0,0
58340,2,0,0,3,1,12.252002,1.277256,22062,0,0
58350,0,0,0,0,0,12.251043,1.277156,22062,0,0
58360,12,2,1,16,1,12.250963,1.277129,22062,0,0
58370,4,0,0,5,1,12.249793,1.277027,22062,0,0
58380,9,0,0,10,1,12.249319,1.276971,22062,0,0
58390,5,0,3,9,1,12.247943,1.276823,22062,0,0
58400,2,1,0,4,1,12.247407,1.276744,22062,0,0
58410,1,1,1,4,1,12.245774,1.276587,22062,0,0
58420,1,0,0,2,1,12.244122,1.276456,22062,0,0
58430,6,0,1,8,1,12.242475,1.276279,22062,0,0
58440,5,0,0,6,1,12.241378,1.276192,22062,0,0
58450,4,0,0,5,1,12.240315,1.276086,22062,0,0
58460,18,0,0,19,1,12.239662,1.276036,22064,0,0
58470,18,1,1,21,1,12.239792,1.276017,22064,0,0
58480,5,0,1,7,1,12.239836,1.276010,22067,0,0
58490,7,1,0,9,1,12.238769,1.275881,22067,0,0
58500,9,0,0,10,1,12.238199,1.275830,22067,0,0
58510,13,0,0,14,1,12.238473,1.275827,22067,0,0
58520,0,0,0,0,0,12.237724,1.275748,22067,0,0
58530,19,2,0,22,1,12.237258,1.275657,22067,0,0
58540,6,0,0,7,1,12.236509,1.275567,22068,0,0
58550,19,0,0,20,1,12.235368,1.275448,22070,0,0
58560,16,3,2,22,1,12.236722,1.275577,22095,0,0
58570,4,2,0,7,1,12.236626,1.275565,22095,0,0
58580,7,0,2,10,1,12.235809,1.275480,22095,0,0
58590,0,0,0,1,1,12.234921,1.275392,22095,0,0
58600,16,0,1,18,1,12.235104,1.275406,22095,0,0
58610,9,0,3,13,1,12.235195,1.275418,22095,0,0
58620,1,0,0,2,1,12.233804,1.275297,22095,0,0
58630,2,0,0,3,1,12.232667,1.275185,22095,0,0
58640,10,0,1,12,1,12.232543,1.275161,22095,0,0
58650,5,0,0,6,1,12.232445,1.275132,22095,0,0
58660,6,0,1,8,1,12.232182,1.275116,22095,0,0
58670,15,0,1,17,1,12.231603,1.275053,22095,0,0
58680,17,0,1,19,1,12.233298,1.275216,22112,0,0
58690,15,0,3,19,1,12.233522,1.275258,22114,0,0
58700,13,0,0,14,1,12.235082,1.275436,22135,0,0
58710,9,2,1,13,1,12.235449,1.275476,22135,0,0
58720,18,1,2,22,1,12.236683,1.275628,22156,0,0
58730,13,0,1,15,1,12.236532,1.275607,22156,0,0
58740,14,3,0,18,1,12.236393,1.275595,22156,0,0
58750,5,0,1,7,1,12.235497,1.275524,22156,0,0
58760,0,0,0,1,1,12.234292,1.275409,22156,0,0
58770,14,0,0,15,1,12.233312,1.275287,22156,0,0
58780,17,0,1,19,1,12.234048,1.275361,22166,0,0
58790,19,0,1,21,1,12.235318,1.275482,22171,0,0
58800,15,0,1,17,1,12.235913,1.275541,22174,0,0
58810,12,1,0,14,1,12.237144,1.275681,22186,0,0
58820,5,0,2,8,1,12.236180,1.275594,22186,0,0
58830,5,1,2,9,1,12.235219,1.275464,22186,0,0
58840,12,2,0,15,1,12.235773,1.275504,22186,0,0
58850,0,0,0,0,0,12.234762,1.275409,22186,0,0
58860,11,2,2,16,1,12.233945,1.275326,22186,0,0
58870,17,0,0,18,1,12.234785,1.275405,22190,0,0
58880,3,0,1,5,1,12.234792,1.275416,22195,0,0
58890,4,0,0,5,1,12.233072,1.275273,22195,0,0
58900,0,0,0,1,1,12.232458,1.275193,22195,0,0
58910,16,2,1,20,1,12.232221,1.275157,22195,0,0
58920,8,1,1,11,1,12.231918,1.275121,22195,0,0
58930,7,0,0,8,1,12.230768,1.275014,22195,0,0
58940,6,0,0,7,1,12.229699,1.274894,22195,0,0
58950,12,1,0,14,1,12.229073,1.274835,22195,0,0
58960,18,1,1,21,1,12.230012,1.274944,22205,0,0
58970,15,2,6,24,1,12.230844,1.275035,22213,0,0
58980,12,3,2,18,1,12.232680,1.275249,22232,0,0
58990,1,0,0,2,1,12.232302,1.275220,22232,0,0
59000,13,2,0,16,1,12.231343,1.275082,22232,0,0
59010,8,0,0,9,1,12.230338,1.274986,22232,0,0
59020,14,2,2,19,1,12.230876,1.275044,22232,0,0
59030,8,0,0,9,1,12.232009,1.275164,22239,0,0
59040,11,0,0,12,1,12.231790,1.275119,22239,0,0
59050,3,1,0,5,1,12.230934,1.275050,22239,0,0
59060,0,0,0,0,0,12.229543,1.274916,22239,0,0
59070,1,0,0,2,1,12.228220,1.274784,22239,0,0
59080,7,4,1,13,1,12.226940,1.274613,22239,0,0
59090,5,0,1,7,1,12.226082,1.274537,22239,0,0
59100,16,2,1,20,1,12.226138,1.274551,22239,0,0
59110,8,1,1,11,1,12.228039,1.274760,22256,0,0
59120,11,0,0,12,1,12.228751,1.274828,22262,0,0
59130,8,0,0,9,1,12.229364,1.274898,22262,0,0
59140,0,0,0,1,1,12.227820,1.274773,22262,0,0
59150,1,0,1,3,1,12.226449,1.274619,22262,0,0
59160,13,2,1,17,1,12.227314,1.274680,22272,0,0
59170,12,0,2,15,1,12.227179,1.274668,22272,0,0
59180,14,0,3,18,1,12.228832,1.274844,22290,0,0
59190,8,1,0,10,1,12.229367,1.274909,22290,0,0
59200,18,1,2,22,1,12.229816,1.274933,22298,0,0
59210,18,1,3,23,1,12.231012,1.275048,22305,0,0
59220,15,1,4,21,1,12.232798,1.275246,22319,0,0
59230,1,0,0,2,1,12.232419,1.275211,22319,0,0
59240,2,0,0,3,1,12.230939,1.275058,22319,0,0
59250,5,0,1,7,1,12.230029,1.274957,22319,0,0
59260,19,1,2,23,1,12.230310,1.274952,22326,0,0
59270,4,4,1,10,1,12.230334,1.274972,22326,0,0
59280,18,2,0,21,1,12.230236,1.274935,22327,0,0
59290,2,0,0,3,1,12.229068,1.274844,22327,0,0
59300,11,0,0,12,1,12.228274,1.274739,22327,0,0
59310,12,2,0,15,1,12.228560,1.274760,22327,0,0
59320,2,0,0,3,1,12.228406,1.274784,22330,0,0
59330,5,2,0,8,1,12.227325,1.274646,22330,0,0
59340,12,0,3,16,1,12.226603,1.274511,22330,0,0
59350,6,2,3,12,1,12.226205,1.274460,22330,0,0
59360,4,0,0,5,1,12.225984,1.274457,22330,0,0
59370,20,0,6,27,1,12.225328,1.274366,22335,0,0
59380,7,0,0,8,1,12.226011,1.274462,22347,0,0
59390,3,0,0,4,1,12.224708,1.274337,22347,0,0
59400,11,2,0,14,1,12.224194,1.274285,22347,0,0
59410,2,1,2,6,1,12.223243,1.274175,22347,0,0
59420,3,0,0,4,1,12.222530,1.274091,22347,0,0
59430,17,0,0,18,1,12.223098,1.274144,22355,0,0
59440,9,0,0,10,1,12.223518,1.274214,22359,0,0
59450,15,1,3,20,1,12.223667,1.274214,22359,0,0
59460,15,1,1,18,1,12.224711,1.274334,22359,0,0
59470,17,3,3,24,1,12.226061,1.274434,22369,0,0
59480,7,2,2,12,1,12.227373,1.274582,22372,0,0
59490,16,2,0,19,1,12.228438,1.274673,22373,0,0
59500,6,0,2,9,1,12.229610,1.274810,22378,0,0
59510,13,0,0,14,1,12.228673,1.274699,22378,0,0
59520,18,1,0,20,1,12.229728,1.274831,22381,0,0
59530,18,2,1,22,1,12.230413,1.274903,22385,0,0
59540,0,0,0,1,1,12.231114,1.275009,22398,0,0
59550,15,1,3,20,1,12.231408,1.275015,22406,0,0
59560,12,0,0,13,1,12.233079,1.275200,22412,0,0
59570,1,0,0,2,1,12.232149,1.275108,22412,0,0
59580,0,0,0,0,0,12.230693,1.275005,22412,0,0
59590,1,0,0,2,1,12.229668,1.274887,22412,0,0
59600,1,1,0,3,1,12.228165,1.274756,22412,0,0
59610,20,0,1,22,1,12.228317,1.274741,22420,0,0
59620,7,2,0,10,1,12.228993,1.274825,22425,0,0
59630,13,3,1,18,1,12.228528,1.274749,22425,0,0
59640,0,1,0,2,1,12.228043,1.274698,22425,0,0
59650,12,3,0,16,1,12.226933,1.274587,22425,0,0
59660,15,1,0,17,1,12.225761,1.274471,22425,0,0
59670,12,0,1,14,1,12.225051,1.274417,22425,0,0
59680,8,1,0,10,1,12.224778,1.274402,22425,0,0
59690,7,0,1,9,1,12.224938,1.274407,22425,0,0
59700,0,0,0,1,1,12.223985,1.274308,22425,0,0
59710,7,0,0,8,1,12.223936,1.274311,22425,0,0
59720,8,0,0,9,1,12.223492,1.274256,22425,0,0
59730,11,0,0,12,1,12.224632,1.274353,22427,0,0
59740,6,0,1,8,1,12.225309,1.274430,22430,0,0
59750,19,4,2,26,1,12.226049,1.274487,22435,0,0
59760,12,0,1,14,1,12.226664,1.274548,22438,0,0
59770,0,0,0,0,0,12.226074,1.274500,22438,0,0
59780,11,2,3,17,1,12.225836,1.274468,22438,0,0
59790,11,0,1,13,1,12.226225,1.274513,22438,0,0
59800,1,0,0,2,1,12.224959,1.274379,22438,0,0
59810,5,0,0,6,1,12.223449,1.274219,22438,0,0
59820,18,3,4,26,1,12.223869,1.274229,22448,0,0
59830,8,1,0,10,1,12.224629,1.274335,22453,0,0
59840,7,0,0,8,1,12.223623,1.274257,22453,0,0
59850,1,0,1,3,1,12.223615,1.274256,22453,0,0
59860,0,0,0,0,0,12.222747,1.274161,22453,0,0
59870,2,0,1,4,1,12.221640,1.274058,22453,0,0
59880,15,2,1,19,1,12.220472,1.273928,22453,0,0
59890,2,0,0,3,1,12.219217,1.273814,22453,0,0
59900,16,2,0,19,1,12.218468,1.273712,22453,0,0
59910,14,0,1,16,1,12.219956,1.273858,22463,0,0
59920,18,6,0,25,1,12.221191,1.273980,22476,0,0
59930,1,0,0,2,1,12.221428,1.274051,22478,0,0
59940,2,0,0,3,1,12.219831,1.273909,22478,0,0
59950,20,0,0,21,1,12.219675,1.273888,22478,0,0
59960,1,1,0,3,1,12.219771,1.273900,22481,0,0
59970,3,0,0,4,1,12.219675,1.273876,22488,0,0
59980,1,5,0,7,1,12.218366,1.273700,22488,0,0
59990,4,2,0,7,1,12.218121,1.273661,22488,0,0
60000,3,0,0,4,1,12.217565,1.273581,22488,0,0
60010,9,1,0,11,1,12.216706,1.273475,22488,0,0
60020,11,0,0,12,1,12.216799,1.273470,22488,0,0
60030,3,0,1,5,1,12.215857,1.273373,22488,0,0
60040,5,0,0,6,1,12.214481,1.273217,22488,0,0
60050,5,2,4,12,1,12.213454,1.273092,22488,0,0
60060,0,0,0,0,0,12.212827,1.273031,22488,0,0
60070,15,1,0,17,1,12.211740,1.272888,22488,0,0
60080,7,1,3,12,1,12.211555,1.272858,22488,0,0
60090,14,1,6,22,1,12.212639,1.272955,22491,0,0
60100,18,2,4,25,1,12.214335,1.273130,22509,0,0
60110,17,0,3,21,1,12.216211,1.273349,22532,0,0
60120,3,0,0,4,1,12.216429,1.273410,22541,0,0
60130,7,0,1,9,1,12.215629,1.273339,22541,0,0
60140,0,0,0,0,0,12.215032,1.273286,22541,0,0
60150,0,0,0,0,0,12.213297,1.273125,22541,0,0
60160,4,1,0,6,1,12.211680,1.272987,22541,0,0
60170,15,3,1,20,1,12.211165,1.272931,22545,0,0
60180,6,2,1,10,1,12.211299,1.272964,22545,0,0
60190,18,2,1,22,1,12.212124,1.273033,22550,0,0
60200,6,2,0,9,1,12.211756,1.273007,22550,0,0
60210,0,0,0,1,1,12.211181,1.272980,22550,0,0
60220,0,0,0,0,0,12.209580,1.272835,22550,0,0
60230,12,1,2,16,1,12.208281,1.272680,22550,0,0
60240,7,3,0,11,1,12.208920,1.272770,22550,0,0
60250,2,0,0,3,1,12.208413,1.272717,22550,0,0
60260,17,1,1,20,1,12.208567,1.272698,22557,0,0
60270,14,1,3,19,1,12.209037,1.272769,22563,0,0
60280,1,0,0,2,1,12.208675,1.272749,22566,0,0
60290,8,1,0,10,1,12.207132,1.272603,22566,0,0
60300,9,0,0,10,1,12.206010,1.272490,22566,0,0
60310,12,2,0,15,1,12.206454,1.272517,22566,0,0
60320,8,1,1,11,1,12.207092,1.272572,22572,0,0
60330,8,1,0,10,1,12.205851,1.272451,22572,0,0
60340,4,0,3,8,1,12.205583,1.272401,22572,0,0
60350,2,0,0,3,1,12.204692,1.272328,22572,0,0
60360,20,2,2,25,1,12.205093,1.272352,22584,0,0
60370,16,3,2,22,1,12.206874,1.272555,22591,0,0
60380,19,2,4,26,1,12.208537,1.272719,22607,0,0
60390,18,4,0,23,1,12.210517,1.272928,22619,0,0
60400,14,3,4,22,1,12.211830,1.273062,22628,0,0
60410,19,2,1,23,1,12.213376,1.273228,22644,0,0
60420,9,2,2,14,1,12.214223,1.273347,22650,0,0
60430,17,1,2,21,1,12.213586,1.273256,22650,0,0
60440,19,3,3,26,1,12.215099,1.273433,22653,0,0
60450,7,4,2,14,1,12.216169,1.273560,22667,0,0
60460,17,0,3,21,1,12.217130,1.273660,22668,0,0
60470,11,2,1,15,1,12.218362,1.273782,22684,0,0
60480,13,0,1,15,1,12.219306,1.273878,22698,0,0
60490,18,2,1,22,1,12.219734,1.273951,22708,0,0
60500,17,1,4,23,1,12.221437,1.274122,22725,0,0
60510,19,2,6,28,1,12.222359,1.274204,22739,0,0
60520,5,0,0,6,1,12.223174,1.274322,22748,0,0
60530,15,3,5,24,1,12.224240,1.274387,22751,0,0
60540,17,1,0,19,1,12.225723,1.274530,22759,0,0
60550,13,1,3,18,1,12.227492,1.274728,22777,0,0
60560,8,0,1,10,1,12.226844,1.274671,22777,0,0
60570,20,0,1,22,1,12.228059,1.274791,22786,0,0
60580,2,0,0,3,1,12.227232,1.274713,22787,0,0
60590,4,1,1,7,1,12.226217,1.274601,22787,0,0
60600,7,0,0,8,1,12.225782,1.274544,22787,0,0
60610,8,0,3,12,1,12.225500,1.274497,22787,0,0
60620,12,1,1,15,1,12.226301,1.274587,22790,0,0
60630,2,0,0,3,1,12.225405,1.274537,22790,0,0
60640,7,0,0,8,1,12.224311,1.274434,22790,0,0
60650,1,0,0,2,1,12.223542,1.274349,22790,0,0
60660,14,1,3,19,1,12.222220,1.274213,22790,0,0
60670,10,0,0,11,1,12.223166,1.274343,22797,0,0
60680,20,1,2,24,1,12.224131,1.274426,22798,0,0
60690,20,1,0,22,1,12.225416,1.274557,22807,0,0
60700,4,0,1,6,1,12.226124,1.274635,22813,0,0
60710,13,1,0,15,1,12.224589,1.274490,22813,0,0
60720,10,1,0,12,1,12.225531,1.274580,22813,0,0
60730,4,1,1,7,1,12.225442,1.274555,22813,0,0
60740,8,1,0,10,1,12.224084,1.274413,22813,0,0
60750,11,1,1,14,1,12.223686,1.274343,22813,0,0
60760,6,1,1,9,1,12.224086,1.274374,22813,0,0
60770,1,0,0,2,1,12.222809,1.274234,22813,0,0
60780,7,1,0,9,1,12.221095,1.274074,22813,0,0
60790,13,4,2,20,1,12.222729,1.274236,22830,0,0
60800,1,1,0,3,1,12.222332,1.274210,22830,0,0
60810,16,0,2,19,1,12.221779,1.274139,22831,0,0
60820,9,0,2,12,1,12.222919,1.274238,22837,0,0
60830,14,1,3,19,1,12.224121,1.274350,22851,0,0
60840,20,4,0,25,1,12.225717,1.274544,22860,0,0
60850,8,0,0,9,1,12.225823,1.274575,22863,0,0
60860,5,1,0,7,1,12.224896,1.274467,22863,0,0
60870,3,0,2,6,1,12.223367,1.274314,22863,0,0
60880,3,0,0,4,1,12.221835,1.274165,22863,0,0
60890,9,1,1,12,1,12.221728,1.274121,22864,0,0
60900,1,1,0,3,1,12.220934,1.274021,22864,0,0
60910,9,1,1,12,1,12.219842,1.273854,22864,0,0
60920,11,0,2,14,1,12.218655,1.273713,22864,0,0
60930,16,3,1,21,1,12.219324,1.273774,22871,0,0
60940,8,0,0,9,1,12.219805,1.273828,22880,0,0
60950,0,0,0,1,1,12.219529,1.273804,22880,0,0
60960,3,1,2,7,1,12.218129,1.273671,22880,0,0
60970,2,0,0,3,1,12.216673,1.273530,22880,0,0
60980,0,0,0,1,1,12.215180,1.273365,22880,0,0
60990,3,0,2,6,1,12.213831,1.273231,22880,0,0
61000,6,1,2,10,1,12.212981,1.273136,22880,0,0
61010,3,0,0,4,1,12.212278,1.273084,22880,0,0
61020,18,2,1,22,1,12.212292,1.273092,22880,0,0
61030,20,3,2,26,1,12.214130,1.273311,22907,0,0
61040,13,0,3,17,1,12.215595,1.273466,22920,0,0
61050,16,3,0,20,1,12.216472,1.273536,22924,0,0
61060,20,5,3,29,1,12.217993,1.273698,22935,0,0
61070,17,2,1,21,1,12.219833,1.273899,22954,0,0
61080,17,2,3,23,1,12.221141,1.274044,22967,0,0
61090,13,1,1,16,1,12.221666,1.274096,22967,0,0
61100,10,0,0,11,1,12.221692,1.274096,22973,0,0
61110,16,5,2,24,1,12.222189,1.274109,22978,0,0
61120,11,1,1,14,1,12.223818,1.274311,22988,0,0
61130,10,0,2,13,1,12.224566,1.274380,22988,0,0
61140,0,0,0,1,1,12.223208,1.274249,22988,0,0
61150,8,0,1,10,1,12.222897,1.274182,22988,0,0
61160,10,0,0,11,1,12.222556,1.274149,22988,0,0
61170,15,1,1,18,1,12.223839,1.274263,23005,0,0
61180,12,0,2,15,1,12.224334,1.274271,23005,0,0
61190,0,0,0,0,0,12.222901,1.274173,23005,0,0
61200,10,1,2,14,1,12.222595,1.274126,23005,0,0
61210,16,3,1,21,1,12.224139,1.274287,23019,0,0
61220,15,2,1,19,1,12.224738,1.274362,23024,0,0
61230,0,0,0,0,0,12.224785,1.274373,23024,0,0
61240,9,0,0,10,1,12.224179,1.274282,23024,0,0
61250,3,1,0,5,1,12.223638,1.274210,23024,0,0
61260,6,0,0,7,1,12.223619,1.274199,23027,0,0
61270,13,0,1,15,1,12.223466,1.274166,23027,0,0
61280,9,2,0,12,1,12.223272,1.274150,23027,0,0
61290,17,2,0,20,1,12.224035,1.274234,23036,0,0
61300,16,3,0,20,1,12.225750,1.274429,23064,0,0
61310,11,0,1,13,1,12.226606,1.274549,23072,0,0
61320,14,0,3,18,1,12.226710,1.274562,23075,0,0
61330,18,2,1,22,1,12.228137,1.274713,23097,0,0
61340,10,0,1,12,1,12.228448,1.274747,23098,0,0
61350,7,0,2,10,1,12.227421,1.274635,23098,0,0
61360,4,1,0,6,1,12.227932,1.274715,23107,0,0
61370,1,0,1,3,1,12.227165,1.274637,23107,0,0
61380,18,0,1,20,1,12.227338,1.274631,23112,0,0
61390,0,0,0,1,1,12.226273,1.274537,23112,0,0
61400,19,1,1,22,1,12.225904,1.274444,23112,0,0
61410,3,0,0,4,1,12.226125,1.274491,23112,0,0
61420,4,0,0,5,1,12.225488,1.274411,23112,0,0
61430,0,0,0,0,0,12.224222,1.274312,23112,0,0
61440,5,0,1,7,1,12.222798,1.274193,23112,0,0
61450,7,1,0,9,1,12.221606,1.274062,23112,0,0
61460,3,0,1,5,1,12.220448,1.273972,23112,0,0
61470,7,1,0,9,1,12.219827,1.273894,23114,0,0
61480,15,1,2,19,1,12.220726,1.273987,23120,0,0
61490,19,0,1,21,1,12.222241,1.274175,23137,0,0
61500,19,1,4,25,1,12.223824,1.274355,23161,0,0
61510,0,0,0,1,1,12.223837,1.274367,23168,0,0
61520,18,0,1,20,1,12.223246,1.274278,23168,0,0
61530,9,1,0,11,1,12.223315,1.274308,23168,0,0
61540,0,0,0,0,0,12.222070,1.274211,23168,0,0
61550,18,0,1,20,1,12.221665,1.274123,23168,0,0
61560,8,0,0,9,1,12.222018,1.274149,23169,0,0
61570,13,1,2,17,1,12.223005,1.274258,23176,0,0
61580,14,0,1,16,1,12.223310,1.274311,23179,0,0
61590,12,0,1,14,1,12.222903,1.274258,23179,0,0
61600,5,2,0,8,1,12.222104,1.274161,23179,0,0
61610,14,0,0,15,1,12.221894,1.274113,23179,0,0
61620,13,0,0,14,1,12.222517,1.274139,23179,0,0
61630,0,0,0,1,1,12.221996,1.274107,23179,0,0
61640,1,0,1,3,1,12.220305,1.273956,23179,0,0
61650,14,2,0,17,1,12.220265,1.273952,23185,0,0
61660,6,0,0,7,1,12.219659,1.273880,23185,0,0
61670,12,1,0,14,1,12.218943,1.273766,23185,0,0
61680,13,3,0,17,1,12.219479,1.273815,23188,0,0
61690,4,1,1,7,1,12.219803,1.273840,23189,0,0
61700,13,2,1,17,1,12.219416,1.273785,23189,0,0
61710,0,0,0,1,1,12.218627,1.273709,23189,0,0
61720,7,0,2,10,1,12.217310,1.273563,23189,0,0
61730,15,2,1,19,1,12.216481,1.273459,23189,0,0
61740,10,3,0,14,1,12.217547,1.273596,23201,0,0
61750,0,0,0,1,1,12.217565,1.273602,23207,0,0
61760,1,0,0,2,1,12.216024,1.273460,23207,0,0
61770,2,2,0,5,1,12.215610,1.273391,23207,0,0
61780,1,1,1,4,1,12.214186,1.273269,23207,0,0
61790,10,0,2,13,1,12.212660,1.273101,23207,0,0
61800,11,0,2,14,1,12.212571,1.273081,23207,0,0
61810,10,3,1,15,1,12.213343,1.273157,23215,0,0
61820,14,2,0,17,1,12.214547,1.273280,23220,0,0
61830,11,0,1,13,1,12.215262,1.273348,23220,0,0
61840,1,0,1,3,1,12.215123,1.273333,23220,0,0
61850,15,4,1,21,1,12.215037,1.273320,23220,0,0
61860,13,2,0,16,1,12.216553,1.273460,23230,0,0
61870,5,0,1,7,1,12.217245,1.273558,23231,0,0
61880,0,0,0,0,0,12.215668,1.273421,23231,0,0
61890,7,0,0,8,1,12.214467,1.273275,23231,0,0
61900,4,0,0,5,1,12.213401,1.273157,23231,0,0
61910,19,2,2,24,1,12.214584,1.273252,23232,0,0
61920,10,2,2,15,1,12.214862,1.273288,23238,0,0
61930,18,1,0,20,1,12.215716,1.273353,23239,0,0
61940,18,3,0,22,1,12.216777,1.273474,23254,0,0
61950,18,2,4,25,1,12.217864,1.273561,23254,0,0
61960,18,2,0,21,1,12.218858,1.273674,23267,0,0
61970,3,1,3,8,1,12.219135,1.273719,23270,0,0
61980,0,0,0,1,1,12.217831,1.273594,23270,0,0
61990,1,0,1,3,1,12.216939,1.273494,23270,0,0
62000,0,0,0,0,0,12.215452,1.273316,23270,0,0
62010,19,1,1,22,1,12.215995,1.273338,23280,0,0
62020,13,1,1,16,1,12.216610,1.273421,23284,0,0
62030,6,0,0,7,1,12.216592,1.273423,23284,0,0
62040,7,0,1,9,1,12.216243,1.273419,23284,0,0
62050,10,1,2,14,1,12.215265,1.273300,23284,0,0
62060,18,3,3,25,1,12.216820,1.273487,23300,0,0
62070,0,1,0,2,1,12.217638,1.273596,23305,0,0
62080,6,0,1,8,1,12.216442,1.273448,23305,0,0
62090,15,1,1,18,1,12.217154,1.273528,23308,0,0
62100,8,0,0,9,1,12.217572,1.273559,23312,0,0
62110,1,0,0,2,1,12.216617,1.273476,23312,0,0
62120,20,0,1,22,1,12.217196,1.273511,23314,0,0
62130,20,1,2,24,1,12.218564,1.273645,23322,0,0
62140,0,0,0,0,0,12.217674,1.273607,23323,0,0
62150,0,0,0,0,0,12.216206,1.273508,23323,0,0
62160,18,3,1,23,1,12.215418,1.273421,23323,0,0
62170,14,0,1,16,1,12.216245,1.273516,23326,0,0
62180,10,0,0,11,1,12.217010,1.273580,23328,0,0
62190,9,1,3,14,1,12.216678,1.273552,23328,0,0
62200,4,0,1,6,1,12.216034,1.273502,23328,0,0
62210,16,0,1,18,1,12.215219,1.273412,23328,0,0
62220,4,0,0,5,1,12.215869,1.273499,23333,0,0
62230,0,0,0,1,1,12.214573,1.273351,23333,0,0
62240,6,0,0,7,1,12.213019,1.273191,23333,0,0
62250,5,1,0,7,1,12.211577,1.273064,23333,0,0
62260,0,0,0,0,0,12.210986,1.273006,23333,0,0
62270,9,0,1,11,1,12.209990,1.272890,23333,0,0
62280,12,0,3,16,1,12.210772,1.272967,23339,0,0
62290,0,0,0,1,1,12.210766,1.272953,23339,0,0
62300,9,1,0,11,1,12.209885,1.272836,23339,0,0
62310,11,2,2,16,1,12.210392,1.272901,23339,0,0
62320,15,1,2,19,1,12.211742,1.273037,23347,0,0
62330,2,0,0,3,1,12.210984,1.272984,23347,0,0
62340,7,3,1,12,1,12.210761,1.272956,23352,0,0
62350,5,0,0,6,1,12.209665,1.272840,23352,0,0
62360,11,0,3,15,1,12.209120,1.272768,23352,0,0
62370,5,1,0,7,1,12.208038,1.272680,23352,0,0
62380,4,1,1,7,1,12.207153,1.272613,23352,0,0
62390,12,2,0,15,1,12.205896,1.272444,23352,0,0
62400,14,0,0,15,1,12.206596,1.272517,23356,0,0
62410,0,0,0,1,1,12.205711,1.272443,23356,0,0
62420,9,1,2,13,1,12.204822,1.272342,23356,0,0
62430,17,0,1,19,1,12.204358,1.272279,23356,0,0
62440,18,5,1,25,1,12.205929,1.272449,23367,0,0
62450,20,0,0,21,1,12.207568,1.272630,23382,0,0
62460,15,2,1,19,1,12.207507,1.272602,23382,0,0
62470,19,1,0,21,1,12.209397,1.272816,23410,0,0
62480,20,2,0,23,1,12.211116,1.273004,23429,0,0
62490,7,0,1,9,1,12.212257,1.273139,23435,0,0
62500,0,0,0,1,1,12.210832,1.272991,23435,0,0
62510,3,0,0,4,1,12.209218,1.272822,23435,0,0
62520,5,0,1,7,1,12.208044,1.272706,23435,0,0
62530,14,1,2,18,1,12.209010,1.272790,23442,0,0
62540,14,3,0,18,1,12.209864,1.272870,23444,0,0
62550,17,3,1,22,1,12.210776,1.272954,23444,0,0
62560,9,0,0,10,1,12.211389,1.273029,23444,0,0
62570,13,0,0,14,1,12.212107,1.273112,23444,0,0
62580,0,0,0,0,0,12.211465,1.273079,23444,0,0
62590,2,0,0,3,1,12.209885,1.272920,23444,0,0
62600,12,3,1,17,1,12.208689,1.272795,23444,0,0
62610,11,0,0,12,1,12.208792,1.272812,23444,0,0
62620,6,1,1,9,1,12.208381,1.272771,23444,0,0
62630,7,0,0,8,1,12.207442,1.272671,23444,0,0
62640,17,2,5,25,1,12.207167,1.272628,23444,0,0
62650,7,1,0,9,1,12.207171,1.272609,23447,0,0
62660,4,0,0,5,1,12.205813,1.272490,23447,0,0
62670,2,0,0,3,1,12.204572,1.272390,23447,0,0
62680,13,0,0,14,1,12.203989,1.272293,23447,0,0
62690,12,0,1,14,1,12.204581,1.272372,23447,0,0
62700,4,1,1,7,1,12.203926,1.272316,23447,0,0
62710,17,0,0,18,1,12.203788,1.272274,23447,0,0
62720,14,2,0,17,1,12.205000,1.272392,23465,0,0
62730,13,1,1,16,1,12.205549,1.272470,23467,0,0
62740,14,0,3,18,1,12.206640,1.272590,23474,0,0
62750,16,1,1,19,1,12.207647,1.272684,23481,0,0
62760,4,0,0,5,1,12.207662,1.272728,23481,0,0
62770,0,0,0,0,0,12.206380,1.272626,23481,0,0
62780,20,0,0,21,1,12.205367,1.272509,23484,0,0
62790,10,2,1,14,1,12.205269,1.272474,23487,0,0
62800,1,0,0,2,1,12.204571,1.272422,23487,0,0
62810,5,1,1,8,1,12.203055,1.272278,23487,0,0
62820,10,1,1,13,1,12.203164,1.272277,23487,0,0
62830,0,0,0,0,0,12.203451,1.272304,23487,0,0
62840,1,0,0,2,1,12.201969,1.272154,23487,0,0
62850,11,2,1,15,1,12.201383,1.272089,23487,0,0
62860,4,0,0,5,1,12.201270,1.272079,23487,0,0
62870,13,2,2,18,1,12.200991,1.272047,23487,0,0
62880,16,0,6,23,1,12.202284,1.272150,23491,0,0
62890,19,0,3,23,1,12.204183,1.272352,23509,0,0
62900,4,0,0,5,1,12.205646,1.272536,23526,0,0
62910,15,0,1,17,1,12.205153,1.272438,23526,0,0
62920,16,0,0,17,1,12.205440,1.272453,23526,0,0
62930,14,0,0,15,1,12.205601,1.272438,23526,0,0
62940,0,0,0,1,1,12.204457,1.272334,23526,0,0
62950,20,1,0,22,1,12.203991,1.272287,23526,0,0
62960,9,2,1,13,1,12.204931,1.272397,23532,0,0
62970,16,1,2,20,1,12.205043,1.272382,23532,0,0
62980,15,3,3,22,1,12.206663,1.272561,23545,0,0
62990,16,0,0,17,1,12.207082,1.272609,23552,0,0
63000,4,0,0,5,1,12.207164,1.272613,23552,0,0
63010,19,0,0,20,1,12.206774,1.272553,23553,0,0
63020,3,0,0,4,1,12.205940,1.272497,23560,0,0
63030,16,0,1,18,1,12.206184,1.272535,23560,0,0
63040,9,0,1,11,1,12.207002,1.272644,23563,0,0
63050,0,0,0,1,1,12.206337,1.272566,23563,0,0
63060,7,1,1,10,1,12.206603,1.272621,23569,0,0
63070,2,0,2,5,1,12.206822,1.272631,23573,0,0
63080,7,0,0,8,1,12.206184,1.272549,23573,0,0
63090,5,0,2,8,1,12.204849,1.272439,23573,0,0
63100,14,2,0,17,1,12.205080,1.272421,23573,0,0
63110,9,2,1,13,1,12.206437,1.272583,23592,0,0
63120,20,1,4,26,1,12.207891,1.272729,23610,0,0
63130,0,0,1,2,1,12.207337,1.272685,23610,0,0
63140,0,0,0,0,0,12.206549,1.272586,23610,0,0
63150,0,0,0,0,0,12.205900,1.272521,23610,0,0
63160,13,2,0,16,1,12.204981,1.272412,23610,0,0
63170,12,1,1,15,1,12.205306,1.272460,23613,0,0
63180,12,0,0,13,1,12.205096,1.272415,23613,0,0
63190,14,4,2,21,1,12.206027,1.272493,23618,0,0
63200,11,2,0,14,1,12.207238,1.272655,23632,0,0
63210,7,1,0,9,1,12.207083,1.272641,23632,0,0
63220,3,1,0,5,1,12.206772,1.272600,23632,0,0
63230,19,0,3,23,1,12.206386,1.272534,23633,0,0
63240,14,1,0,16,1,12.206206,1.272522,23637,0,0
63250,15,0,0,16,1,12.206596,1.272541,23637,0,0
63260,12,3,0,16,1,12.207336,1.272599,23642,0,0
63270,4,0,0,5,1,12.207694,1.272641,23642,0,0
63280,9,0,1,11,1,12.206625,1.272504,23642,0,0
63290,9,2,3,15,1,12.206677,1.272505,23642,0,0
63300,11,2,0,14,1,12.207287,1.272587,23651,0,0
63310,0,0,0,0,0,12.205763,1.272449,23651,0,0
63320,5,0,0,6,1,12.204313,1.272306,23651,0,0
63330,6,1,3,11,1,12.202981,1.272152,23651,0,0
63340,5,0,0,6,1,12.203322,1.272200,23653,0,0
63350,4,0,0,5,1,12.201900,1.272069,23653,0,0
63360,20,3,0,24,1,12.202724,1.272144,23662,0,0
63370,2,0,0,3,1,12.202403,1.272123,23662,0,0
63380,0,0,0,1,1,12.201790,1.272051,23662,0,0
63390,1,0,0,2,1,12.201099,1.271982,23662,0,0
63400,2,0,0,3,1,12.199712,1.271831,23662,0,0
63410,8,0,6,15,1,12.199064,1.271749,23662,0,0
63420,8,0,0,9,1,12.199012,1.271735,23666,0,0
63430,17,2,2,22,1,12.200270,1.271870,23673,0,0
63440,7,0,1,9,1,12.199589,1.271830,23673,0,0
63450,3,0,0,4,1,12.198334,1.271670,23673,0,0
63460,1,0,0,2,1,12.197183,1.271544,23673,0,0
63470,4,1,0,6,1,12.196216,1.271422,23673,0,0
63480,3,0,0,4,1,12.194817,1.271282,23673,0,0
63490,18,2,2,23,1,12.195174,1.271305,23675,0,0
63500,3,0,0,4,1,12.193982,1.271207,23675,0,0
63510,8,1,1,11,1,12.192492,1.271089,23675,0,0
63520,0,0,0,1,1,12.191144,1.270976,23675,0,0
63530,0,0,0,1,1,12.189605,1.270851,23675,0,0
63540,3,0,0,4,1,12.188707,1.270746,23675,0,0
63550,2,0,0,3,1,12.187400,1.270618,23675,0,0
63560,4,0,0,5,1,12.185716,1.270472,23675,0,0
63570,11,1,0,13,1,12.185984,1.270475,23675,0,0
63580,3,0,1,5,1,12.185423,1.270393,23675,0,0
63590,16,4,3,24,1,12.185136,1.270307,23675,0,0
63600,7,0,0,8,1,12.185181,1.270328,23678,0,0
63610,15,4,2,22,1,12.184798,1.270273,23678,0,0
63620,17,4,3,25,1,12.186414,1.270431,23688,0,0
63630,18,2,0,21,1,12.187284,1.270518,23708,0,0
63640,20,0,3,24,1,12.188700,1.270655,23719,0,0
63650,12,3,4,20,1,12.188934,1.270639,23721,0,0
63660,14,3,1,19,1,12.190382,1.270773,23733,0,0
63670,9,0,1,11,1,12.190218,1.270750,23733,0,0
63680,12,0,0,13,1,12.190569,1.270774,23733,0,0
63690,18,1,1,21,1,12.190049,1.270705,23733,0,0
63700,2,1,0,4,1,12.189947,1.270698,23735,0,0
63710,18,1,3,23,1,12.190156,1.270678,23735,0,0
63720,3,0,0,4,1,12.191377,1.270816,23767,0,0
63730,9,1,0,11,1,12.190417,1.270693,23767,0,0
63740,5,0,1,7,1,12.189884,1.270654,23767,0,0
63750,8,0,3,12,1,12.190178,1.270666,23767,0,0
63760,5,2,1,9,1,12.190400,1.270705,23767,0,0
63770,1,0,1,3,1,12.189033,1.270581,23767,0,0
63780,0,0,0,0,0,12.187986,1.270495,23767,0,0
63790,8,0,0,9,1,12.187010,1.270385,23767,0,0
63800,2,1,0,4,1,12.186182,1.270302,23767,0,0
63810,4,0,0,5,1,12.184836,1.270162,23767,0,0
63820,0,0,0,0,0,12.183948,1.270073,23767,0,0
63830,13,6,2,22,1,12.182816,1.269932,23767,0,0
63840,7,0,0,8,1,12.183099,1.269978,23767,0,0
63850,3,1,0,5,1,12.182947,1.269958,23767,0,0
63860,1,0,0,2,1,12.181800,1.269826,23767,0,0
63870,12,0,1,14,1,12.182889,1.269925,23776,0,0
63880,6,0,0,7,1,12.182999,1.269951,23776,0,0
63890,13,6,4,24,1,12.183143,1.269945,23779,0,0
63900,8,0,1,10,1,12.183692,1.269981,23784,0,0
63910,8,0,0,9,1,12.182589,1.269860,23784,0,0
63920,9,2,2,14,1,12.182896,1.269888,23784,0,0
63930,4,0,1,6,1,12.182066,1.269799,23784,0,0
63940,20,3,2,26,1,12.181817,1.269769,23791,0,0
63950,5,1,1,8,1,12.183234,1.269921,23810,0,0
63960,0,0,0,1,1,12.181620,1.269758,23810,0,0
63970,6,1,0,8,1,12.180534,1.269641,23810,0,0
63980,7,0,1,9,1,12.179714,1.269549,23810,0,0
63990,14,0,1,16,1,12.180278,1.269597,23821,0,0
64000,2,1,0,4,1,12.181034,1.269680,23834,0,0
64010,7,2,2,12,1,12.181383,1.269692,23834,0,0
64020,4,1,0,6,1,12.180898,1.269653,23834,0,0
64030,1,0,0,2,1,12.180281,1.269591,23834,0,0
64040,5,0,0,6,1,12.179174,1.269461,23834,0,0
64050,20,2,1,24,1,12.179336,1.269445,23839,0,0
64060,6,0,1,8,1,12.180140,1.269566,23857,0,0
64070,3,0,0,4,1,12.178840,1.269448,23857,0,0
64080,20,2,1,24,1,12.178827,1.269412,23864,0,0
64090,16,0,0,17,1,12.180139,1.269559,23877,0,0
64100,12,1,3,17,1,12.180906,1.269633,23877,0,0
64110,16,0,0,17,1,12.181174,1.269644,23877,0,0
64120,17,0,1,19,1,12.181387,1.269641,23877,0,0
64130,13,2,0,16,1,12.181536,1.269657,23879,0,0
64140,13,2,0,16,1,12.182646,1.269784,23898,0,0
64150,0,1,1,3,1,12.181604,1.269703,23898,0,0
64160,17,1,0,19,1,12.181736,1.269702,23898,0,0
64170,20,2,0,23,1,12.183107,1.269834,23912,0,0
64180,6,1,1,9,1,12.182829,1.269805,23913,0,0
64190,7,0,2,10,1,12.182191,1.269741,23913,0,0
64200,0,0,0,0,0,12.181683,1.269716,23913,0,0
64210,2,0,0,3,1,12.180559,1.269616,23913,0,0
64220,1,0,1,3,1,12.179315,1.269502,23913,0,0
64230,3,0,2,6,1,12.179201,1.269482,23913,0,0
64240,4,0,2,7,1,12.178968,1.269464,23913,0,0
64250,18,1,0,20,1,12.179526,1.269487,23916,0,0
64260,10,2,0,13,1,12.180109,1.269537,23921,0,0
64270,5,0,0,6,1,12.179291,1.269452,23921,0,0
64280,9,1,0,11,1,12.178130,1.269333,23921,0,0
64290,2,1,0,4,1,12.177565,1.269272,23921,0,0
64300,16,3,1,21,1,12.177640,1.269257,23922,0,0
64310,0,0,2,3,1,12.176886,1.269190,23922,0,0
64320,0,0,0,0,0,12.175280,1.269048,23922,0,0
64330,7,0,0,8,1,12.174448,1.268932,23922,0,0
64340,2,0,0,3,1,12.173945,1.268886,23922,0,0
64350,5,0,0,6,1,12.172731,1.268738,23922,0,0
64360,15,0,2,18,1,12.173849,1.268834,23933,0,0
64370,11,4,0,16,1,12.175205,1.268996,23939,0,0
64380,14,3,3,21,1,12.175973,1.269051,23942,0,0
64390,16,1,0,18,1,12.177401,1.269210,23959,0,0
64400,0,0,0,1,1,12.176853,1.269171,23959,0,0
64410,0,0,0,0,0,12.175457,1.269022,23959,0,0
64420,1,1,2,5,1,12.174659,1.268957,23959,0,0
64430,17,1,0,19,1,12.174727,1.268950,23960,0,0
64440,15,2,2,20,1,12.175875,1.269102,23980,0,0
64450,8,3,4,16,1,12.176550,1.269180,23983,0,0
64460,20,0,1,22,1,12.177813,1.269343,23995,0,0
64470,13,0,1,15,1,12.179134,1.269486,24002,0,0
64480,9,1,4,15,1,12.179386,1.269523,24002,0,0
64490,1,0,0,2,1,12.179161,1.269514,24002,0,0
64500,3,0,0,4,1,12.179155,1.269515,24002,0,0
64510,10,0,0,11,1,12.179768,1.269550,24005,0,0
64520,17,2,5,25,1,12.180970,1.269667,24019,0,0
64530,16,2,1,20,1,12.182772,1.269869,24043,0,0
64540,15,6,2,24,1,12.184040,1.269985,24051,0,0
64550,7,2,1,11,1,12.184452,1.270023,24053,0,0
64560,16,0,2,19,1,12.185671,1.270144,24064,0,0
64570,8,1,0,10,1,12.185486,1.270147,24064,0,0
64580,0,0,0,1,1,12.184625,1.270068,24064,0,0
64590,8,1,4,14,1,12.183679,1.269955,24064,0,0
64600,4,3,2,10,1,12.184389,1.270018,24067,0,0
64610,1,0,0,2,1,12.183211,1.269914,24067,0,0
64620,10,0,0,11,1,12.181737,1.269741,24067,0,0
64630,9,0,1,11,1,12.181618,1.269725,24067,0,0
64640,3,0,0,4,1,12.180343,1.269616,24067,0,0
64650,12,0,3,16,1,12.179937,1.269556,24067,0,0
64660,18,2,1,22,1,12.181095,1.269668,24075,0,0
64670,19,3,1,24,1,12.182738,1.269831,24085,0,0
64680,17,2,3,23,1,12.184176,1.269993,24091,0,0
64690,13,1,1,16,1,12.185996,1.270201,24113,0,0
64700,18,1,0,20,1,12.186856,1.270280,24118,0,0
64710,18,1,0,20,1,12.187771,1.270357,24130,0,0
64720,18,1,3,23,1,12.189419,1.270551,24152,0,0
64730,16,3,0,20,1,12.191375,1.270761,24175,0,0
64740,5,0,3,9,1,12.192793,1.270935,24201,0,0
64750,16,3,4,24,1,12.192307,1.270862,24201,0,0
64760,20,0,1,22,1,12.193461,1.270976,24203,0,0
64770,8,2,1,12,1,12.194334,1.271098,24217,0,0
64780,1,0,1,3,1,12.193325,1.271015,24217,0,0
64790,5,1,2,9,1,12.192532,1.270885,24217,0,0
64800,16,0,2,19,1,12.193250,1.270937,24217,0,0
64810,8,0,1,10,1,12.193407,1.270911,24217,0,0
64820,11,0,0,12,1,12.193660,1.270953,24217,0,0
64830,10,0,1,12,1,12.194669,1.271054,24223,0,0
64840,5,0,2,8,1,12.194006,1.270993,24223,0,0
64850,13,2,1,17,1,12.194315,1.271017,24226,0,0
64860,9,0,0,10,1,12.194358,1.271019,24226,0,0
64870,1,0,0,2,1,12.193135,1.270890,24226,0,0
64880,0,0,0,0,0,12.192074,1.270771,24226,0,0
64890,12,3,1,17,1,12.192920,1.270838,24236,0,0
64900,17,0,4,22,1,12.193679,1.270921,24239,0,0
64910,14,2,4,21,1,12.195249,1.271109,24253,0,0
64920,15,2,1,19,1,12.196011,1.271181,24254,0,0
64930,9,0,1,11,1,12.196551,1.271216,24255,0,0
64940,14,0,1,16,1,12.197572,1.271329,24267,0,0
64950,1,0,0,2,1,12.196951,1.271270,24267,0,0
64960,14,2,1,18,1,12.196025,1.271169,24267,0,0
64970,14,1,1,17,1,12.196843,1.271271,24267,0,0
64980,5,0,0,6,1,12.196405,1.271239,24267,0,0
64990,13,2,4,20,1,12.196284,1.271202,24267,0,0
65000,15,0,1,17,1,12.197077,1.271277,24271,0,0
65010,2,0,1,4,1,12.196660,1.271264,24271,0,0
65020,11,6,6,24,1,12.197383,1.271298,24275,0,0
65030,15,1,3,20,1,12.198873,1.271496,24291,0,0
65040,4,0,0,5,1,12.199362,1.271549,24294,0,0
65050,5,1,2,9,1,12.198742,1.271466,24294,0,0
65060,0,0,0,0,0,12.198130,1.271392,24294,0,0
65070,1,0,0,2,1,12.196460,1.271236,24294,0,0
65080,7,0,0,8,1,12.196161,1.271184,24294,0,0
65090,16,4,5,26,1,12.195931,1.271154,24294,0,0
65100,14,1,0,16,1,12.197006,1.271282,24311,0,0
65110,8,0,0,9,1,12.197075,1.271300,24311,0,0
65120,1,0,1,3,1,12.196995,1.271299,24311,0,0
65130,2,0,0,3,1,12.195668,1.271187,24311,0,0
65140,18,4,2,25,1,12.196196,1.271226,24326,0,0
65150,11,0,1,13,1,12.197349,1.271358,24333,0,0
65160,12,2,2,17,1,12.198674,1.271494,24336,0,0
65170,7,0,1,9,1,12.197993,1.271423,24336,0,0
65180,6,0,0,7,1,12.197219,1.271338,24336,0,0
65190,7,0,0,8,1,12.196879,1.271276,24336,0,0
65200,20,5,1,27,1,12.197021,1.271258,24337,0,0
65210,20,1,0,22,1,12.198379,1.271420,24359,0,0
65220,4,3,0,8,1,12.198839,1.271468,24361,0,0
65230,13,0,0,14,1,12.198854,1.271437,24361,0,0
65240,10,1,2,14,1,12.200353,1.271562,24387,0,0
65250,16,4,2,23,1,12.201708,1.271734,24409,0,0
65260,8,2,0,11,1,12.202336,1.271836,24410,0,0
65270,10,0,0,11,1,12.202290,1.271819,24410,0,0
65280,1,0,0,2,1,12.201428,1.271721,24410,0,0
65290,5,0,1,7,1,12.200091,1.271597,24410,0,0
65300,12,0,0,13,1,12.200278,1.271597,24410,0,0
65310,16,3,0,20,1,12.199812,1.271534,24410,0,0
65320,12,3,1,17,1,12.200401,1.271591,24411,0,0
65330,4,0,0,5,1,12.201070,1.271659,24415,0,0
65340,6,0,0,7,1,12.199515,1.271511,24415,0,0
65350,17,2,0,20,1,12.200375,1.271582,24429,0,0
65360,5,0,0,6,1,12.200234,1.271561,24429,0,0
65370,2,1,0,4,1,12.199077,1.271454,24429,0,0
65380,12,1,4,18,1,12.198332,1.271362,24429,0,0
65390,16,3,5,25,1,12.199595,1.271520,24439,0,0
65400,13,2,0,16,1,12.200543,1.271625,24442,0,0
65410,1,0,0,2,1,12.200074,1.271594,24442,0,0
65420,2,1,1,5,1,12.198846,1.271450,24442,0,0
65430,11,0,1,13,1,12.197769,1.271301,24442,0,0
65440,0,0,0,0,0,12.197300,1.271262,24442,0,0
65450,3,0,0,4,1,12.196529,1.271166,24442,0,0
65460,11,0,0,12,1,12.196267,1.271136,24442,0,0
65470,10,2,2,15,1,12.195725,1.271051,24442,0,0
65480,9,1,0,11,1,12.195356,1.271005,24442,0,0
65490,8,1,2,12,1,12.196041,1.271062,24442,0,0
65500,0,0,0,0,0,12.195318,1.270980,24442,0,0
65510,1,0,1,3,1,12.194786,1.270925,24442,0,0
65520,3,0,0,4,1,12.193782,1.270816,24442,0,0
65530,11,4,0,16,1,12.192757,1.270723,24442,0,0
65540,8,0,1,10,1,12.193333,1.270789,24454,0,0
65550,8,3,0,12,1,12.192426,1.270695,24454,0,0
65560,17,1,7,26,1,12.192579,1.270674,24454,0,0
65570,10,3,1,15,1,12.194084,1.270867,24469,0,0
65580,9,1,0,11,1,12.195417,1.271014,24477,0,0
65590,0,0,0,1,1,12.194815,1.270980,24477,0,0
65600,10,0,0,11,1,12.193640,1.270873,24477,0,0
65610,16,4,0,21,1,12.194950,1.270995,24490,0,0
65620,13,0,1,15,1,12.194875,1.270967,24490,0,0
65630,14,2,0,17,1,12.196025,1.271089,24498,0,0
65640,19,2,2,24,1,12.196129,1.271098,24501,0,0
65650,16,1,0,18,1,12.197360,1.271228,24512,0,0
65660,4,0,2,7,1,12.198115,1.271335,24513,0,0
65670,14,2,2,19,1,12.198425,1.271333,24514,0,0
65680,6,0,2,9,1,12.198646,1.271350,24514,0,0
65690,6,0,0,7,1,12.197678,1.271271,24514,0,0
65700,5,0,1,7,1,12.196289,1.271140,24514,0,0
65710,3,0,0,4,1,12.194794,1.270984,24514,0,0
65720,2,0,0,3,1,12.193780,1.270888,24514,0,0
65730,4,0,2,7,1,12.193022,1.270825,24514,0,0
65740,16,1,2,20,1,12.192689,1.270787,24522,0,0
65750,20,1,0,22,1,12.193963,1.270962,24543,0,0
65760,0,0,0,0,0,12.193828,1.270972,24544,0,0
65770,6,1,2,10,1,12.192747,1.270857,24544,0,0
65780,19,2,2,24,1,12.194261,1.271035,24557,0,0
65790,8,0,1,10,1,12.194584,1.271102,24559,0,0
65800,20,1,3,25,1,12.196027,1.271245,24570,0,0
65810,13,1,2,17,1,12.197176,1.271362,24585,0,0
65820,0,0,0,1,1,12.196162,1.271271,24585,0,0
65830,13,3,2,19,1,12.197295,1.271346,24596,0,0
65840,12,2,2,17,1,12.197718,1.271388,24598,0,0
65850,17,0,0,18,1,12.198499,1.271439,24607,0,0
65860,13,1,5,20,1,12.199768,1.271549,24615,0,0
65870,0,0,0,1,1,12.200238,1.271618,24617,0,0
65880,11,0,2,14,1,12.200335,1.271612,24621,0,0
65890,15,1,4,21,1,12.201064,1.271668,24625,0,0
65900,4,0,1,6,1,12.201165,1.271684,24625,0,0
65910,13,0,3,17,1,12.201063,1.271656,24625,0,0
65920,18,1,4,24,1,12.202271,1.271779,24641,0,0
65930,19,2,5,27,1,12.203714,1.271952,24653,0,0
65940,15,1,1,18,1,12.203961,1.271969,24661,0,0
65950,13,1,2,17,1,12.205096,1.272089,24670,0,0
65960,20,0,0,21,1,12.205880,1.272175,24677,0,0
65970,3,1,2,7,1,12.205301,1.272145,24679,0,0
65980,3,0,0,4,1,12.204316,1.272056,24679,0,0
65990,2,0,1,4,1,12.203547,1.271980,24679,0,0
66000,12,2,0,15,1,12.203549,1.271964,24679,0,0
66010,0,0,0,1,1,12.202460,1.271872,24679,0,0
66020,6,1,1,9,1,12.202679,1.271871,24679,0,0
66030,16,0,2,19,1,12.203047,1.271889,24690,0,0
66040,15,4,4,24,1,12.204693,1.272081,24694,0,0
66050,11,0,2,14,1,12.205705,1.272194,24697,0,0
66060,19,8,3,31,1,12.208184,1.272454,24729,0,0
66070,17,4,3,25,1,12.209850,1.272646,24749,0,0
66080,11,5,2,19,1,12.211516,1.272825,24763,0,0
66090,19,0,0,20,1,12.212603,1.272959,24766,0,0
66100,12,0,1,14,1,12.213546,1.273053,24773,0,0
66110,15,1,1,18,1,12.214308,1.273122,24779,0,0
66120,15,1,3,20,1,12.215162,1.273217,24787,0,0
66130,19,3,2,25,1,12.216299,1.273335,24797,0,0
66140,13,6,0,20,1,12.218045,1.273527,24817,0,0
66150,1,0,0,2,1,12.218316,1.273571,24817,0,0
66160,3,0,1,5,1,12.216815,1.273425,24817,0,0
66170,6,0,1,8,1,12.216124,1.273347,24817,0,0
66180,9,0,2,12,1,12.216443,1.273388,24817,0,0
66190,5,1,0,7,1,12.216963,1.273450,24824,0,0
66200,11,1,0,13,1,12.217491,1.273493,24829,0,0
66210,15,2,2,20,1,12.218274,1.273578,24836,0,0
66220,19,1,0,21,1,12.219421,1.273726,24848,0,0
66230,14,2,0,17,1,12.220665,1.273839,24858,0,0
66240,20,2,3,26,1,12.221742,1.273922,24863,0,0
66250,4,0,0,5,1,12.221336,1.273887,24867,0,0
66260,10,3,1,15,1,12.220998,1.273856,24867,0,0
66270,18,0,1,20,1,12.221916,1.273949,24870,0,0
66280,5,1,1,8,1,12.222651,1.274042,24871,0,0
66290,5,0,0,6,1,12.221371,1.273930,24871,0,0
66300,18,1,1,21,1,12.221596,1.273922,24871,0,0
66310,15,1,0,17,1,12.223021,1.274048,24883,0,0
66320,0,1,0,2,1,12.222061,1.273972,24885,0,0
66330,4,0,0,5,1,12.220833,1.273822,24885,0,0
66340,2,0,0,3,1,12.219680,1.273699,24885,0,0
66350,17,2,1,21,1,12.219583,1.273647,24893,0,0
66360,20,1,2,24,1,12.221329,1.273851,24909,0,0
66370,6,0,0,7,1,12.220450,1.273779,24917,0,0
66380,15,1,0,17,1,12.220832,1.273807,24925,0,0
66390,14,2,0,17,1,12.221041,1.273833,24928,0,0
66400,17,0,1,19,1,12.221046,1.273831,24928,0,0
66410,2,0,0,3,1,12.220472,1.273787,24928,0,0
66420,3,0,0,4,1,12.220132,1.273757,24928,0,0
66430,10,0,0,11,1,12.219884,1.273710,24928,0,0
66440,9,0,0,10,1,12.219343,1.273641,24929,0,0
66450,5,0,2,8,1,12.218490,1.273556,24929,0,0
66460,8,2,1,12,1,12.217601,1.273461,24929,0,0
66470,14,0,0,15,1,12.218142,1.273515,24941,0,0
66480,12,1,2,16,1,12.218169,1.273510,24941,0,0
66490,7,1,0,9,1,12.218155,1.273527,24941,0,0
66500,0,0,0,1,1,12.217775,1.273475,24941,0,0
66510,15,0,1,17,1,12.217190,1.273378,24943,0,0
66520,20,1,0,22,1,12.218242,1.273499,24960,0,0
66530,7,2,2,12,1,12.218519,1.273518,24964,0,0
66540,0,0,0,0,0,12.217582,1.273432,24964,0,0
66550,2,0,0,3,1,12.216198,1.273308,24964,0,0
66560,9,4,1,15,1,12.216348,1.273321,24964,0,0
66570,7,0,0,8,1,12.216898,1.273383,24964,0,0
66580,0,0,0,1,1,12.215663,1.273242,24964,0,0
66590,18,3,0,22,1,12.215823,1.273216,24965,0,0
66600,12,1,2,16,1,12.216816,1.273318,24974,0,0
66610,0,0,0,0,0,12.216227,1.273276,24976,0,0
66620,1,2,0,4,1,12.214800,1.273145,24976,0,0
66630,1,0,0,2,1,12.213418,1.273021,24976,0,0
66640,18,2,0,21,1,12.213373,1.272971,24976,0,0
66650,9,0,0,10,1,12.213621,1.273030,24986,0,0
66660,1,0,1,3,1,12.212563,1.272936,24986,0,0
66670,8,2,1,12,1,12.211953,1.272884,24986,0,0
66680,7,1,2,11,1,12.212349,1.272925,24989,0,0
66690,3,0,0,4,1,12.211961,1.272916,24989,0,0
66700,9,0,0,10,1,12.210885,1.272798,24989,0,0
66710,11,1,1,14,1,12.211299,1.272837,24989,0,0
66720,13,0,0,14,1,12.211627,1.272859,24990,0,0
66730,19,2,4,26,1,12.211595,1.272830,24990,0,0
66740,7,0,0,8,1,12.212732,1.272970,24999,0,0
66750,5,1,0,7,1,12.212078,1.272890,24999,0,0
66760,20,2,1,24,1,12.212480,1.272928,25002,0,0
66770,11,1,1,14,1,12.213759,1.273081,25022,0,0
66780,2,0,0,3,1,12.213568,1.273061,25022,0,0
66790,9,0,0,10,1,12.212132,1.272905,25022,0,0
66800,10,0,2,13,1,12.211414,1.272826,25022,0,0
66810,5,0,1,7,1,12.211010,1.272796,25022,0,0
66820,2,0,0,3,1,12.210273,1.272737,25022,0,0
66830,3,0,0,4,1,12.209907,1.272683,25022,0,0
66840,14,1,0,16,1,12.209023,1.272570,25022,0,0
66850,8,1,1,11,1,12.210344,1.272690,25028,0,0
66860,4,1,0,6,1,12.209446,1.272614,25028,0,0
66870,18,2,0,21,1,12.209611,1.272610,25033,0,0
66880,13,0,0,14,1,12.209989,1.272655,25033,0,0
66890,8,2,4,15,1,12.209651,1.272645,25033,0,0
66900,16,0,1,18,1,12.210091,1.272699,25033,0,0
66910,17,4,2,24,1,12.211337,1.272811,25036,0,0
66920,19,5,4,29,1,12.213062,1.272995,25049,0,0
66930,11,3,1,16,1,12.214999,1.273202,25070,0,0
66940,8,1,1,11,1,12.215391,1.273245,25070,0,0
66950,9,0,1,11,1,12.215286,1.273242,25070,0,0
66960,11,2,1,15,1,12.215616,1.273258,25075,0,0
66970,12,0,1,14,1,12.215301,1.273225,25075,0,0
66980,16,0,0,17,1,12.216167,1.273307,25082,0,0
66990,8,1,1,11,1,12.217086,1.273423,25088,0,0
67000,12,0,0,13,1,12.217325,1.273452,25088,0,0
67010,0,0,0,0,0,12.216192,1.273363,25088,0,0
67020,11,0,4,16,1,12.215742,1.273304,25088,0,0
67030,8,1,1,11,1,12.215136,1.273233,25088,0,0
67040,14,4,2,21,1,12.214918,1.273185,25088,0,0
67050,20,2,5,28,1,12.215959,1.273279,25099,0,0
67060,9,1,0,11,1,12.216708,1.273367,25108,0,0
67070,15,0,0,16,1,12.217111,1.273397,25115,0,0
67080,14,1,0,16,1,12.218509,1.273574,25131,0,0
67090,1,0,1,3,1,12.218617,1.273601,25131,0,0
67100,6,1,0,8,1,12.217283,1.273476,25131,0,0
67110,0,0,0,1,1,12.216175,1.273380,25131,0,0
67120,0,0,0,0,0,12.215073,1.273281,25131,0,0
67130,13,0,3,17,1,12.214665,1.273236,25131,0,0
67140,15,0,1,17,1,12.215463,1.273309,25138,0,0
67150,11,1,2,15,1,12.216069,1.273386,25140,0,0
67160,4,1,2,8,1,12.216467,1.273414,25147,0,0
67170,12,0,0,13,1,12.215633,1.273313,25147,0,0
67180,0,0,0,1,1,12.214648,1.273220,25147,0,0
67190,13,3,2,19,1,12.214750,1.273189,25151,0,0
67200,20,3,3,27,1,12.216334,1.273344,25163,0,0
67210,19,1,1,22,1,12.217504,1.273488,25178,0,0
67220,8,2,0,11,1,12.217463,1.273479,25178,0,0
67230,3,0,0,4,1,12.216570,1.273396,25178,0,0
67240,20,1,3,25,1,12.216824,1.273355,25185,0,0
67250,17,0,4,22,1,12.217640,1.273409,25197,0,0
67260,0,0,0,0,0,12.217691,1.273451,25200,0,0
67270,11,0,0,12,1,12.216817,1.273338,25200,0,0
67280,17,0,0,18,1,12.217723,1.273443,25213,0,0
67290,15,5,0,21,1,12.218846,1.273540,25213,0,0
67300,15,3,1,20,1,12.220267,1.273711,25240,0,0
67310,10,0,2,13,1,12.220631,1.273751,25240,0,0
67320,8,0,0,9,1,12.219964,1.273676,25240,0,0
67330,2,0,0,3,1,12.218903,1.273575,25240,0,0
67340,6,2,1,10,1,12.217691,1.273450,25240,0,0
67350,4,0,0,5,1,12.216667,1.273363,25240,0,0
67360,5,0,1,7,1,12.215509,1.273229,25240,0,0
67370,6,1,2,10,1,12.214765,1.273141,25240,0,0
67380,1,0,0,2,1,12.213935,1.273064,25240,0,0
67390,4,2,0,7,1,12.212853,1.272947,25240,0,0
67400,11,2,1,15,1,12.213281,1.272984,25240,0,0
67410,3,1,0,5,1,12.212842,1.272948,25240,0,0
67420,12,1,3,17,1,12.211986,1.272849,25240,0,0
67430,11,1,0,13,1,12.212090,1.272846,25240,0,0
67440,2,0,0,3,1,12.211567,1.272813,25240,0,0
67450,6,1,1,9,1,12.210475,1.272705,25240,0,0
67460,2,0,0,3,1,12.209145,1.272580,25240,0,0
67470,15,3,3,22,1,12.208643,1.272512,25240,0,0
67480,9,1,1,12,1,12.209275,1.272593,25251,0,0
67490,2,2,0,5,1,12.207832,1.272480,25251,0,0
67500,2,0,1,4,1,12.207400,1.272435,25251,0,0
67510,0,0,0,0,0,12.206290,1.272329,25251,0,0
67520,0,0,0,1,1,12.205020,1.272198,25251,0,0
67530,4,1,1,7,1,12.205138,1.272185,25251,0,0
67540,0,0,0,1,1,12.203985,1.272067,25251,0,0
67550,7,0,2,10,1,12.203043,1.271958,25251,0,0
67560,13,0,1,15,1,12.202430,1.271885,25251,0,0
67570,7,0,1,9,1,12.202542,1.271886,25251,0,0
67580,0,0,0,0,0,12.201505,1.271761,25251,0,0
67590,20,0,0,21,1,12.201712,1.271788,25253,0,0
67600,6,0,0,7,1,12.202485,1.271906,25261,0,0
67610,7,0,0,8,1,12.201893,1.271830,25261,0,0
67620,11,2,3,17,1,12.201788,1.271801,25261,0,0
67630,5,0,1,7,1,12.201993,1.271813,25267,0,0
67640,14,1,0,16,1,12.202377,1.271815,25267,0,0
67650,18,2,2,23,1,12.203441,1.271920,25274,0,0
67660,16,0,1,18,1,12.203773,1.271953,25275,0,0
67670,7,0,0,8,1,12.205133,1.272116,25284,0,0
67680,5,0,1,7,1,12.203843,1.271982,25284,0,0
67690,2,0,0,3,1,12.202993,1.271895,25284,0,0
67700,7,1,0,9,1,12.202739,1.271843,25284,0,0
67710,16,1,1,19,1,12.203096,1.271888,25284,0,0
67720,9,1,0,11,1,12.203250,1.271915,25288,0,0
67730,6,1,2,10,1,12.202605,1.271848,25288,0,0
67740,17,2,3,23,1,12.201967,1.271770,25288,0,0
67750,5,3,0,9,1,12.202420,1.271838,25288,0,0
67760,20,3,5,29,1,12.203741,1.271949,25303,0,0
67770,12,0,1,14,1,12.204888,1.272091,25316,0,0
67780,11,1,0,13,1,12.204422,1.272039,25316,0,0
67790,11,1,0,13,1,12.205334,1.272122,25320,0,0
67800,10,0,0,11,1,12.205909,1.272197,25323,0,0
67810,10,0,0,11,1,12.204946,1.272101,25323,0,0
67820,13,0,1,15,1,12.204597,1.272045,25323,0,0
67830,1,1,0,3,1,12.204050,1.271988,25323,0,0
67840,13,1,0,15,1,12.204415,1.272022,25329,0,0
67850,6,0,0,7,1,12.204124,1.271976,25329,0,0
67860,4,0,1,6,1,12.203700,1.271920,25329,0,0
67870,0,0,1,2,1,12.202596,1.271824,25329,0,0
67880,7,0,0,8,1,12.202237,1.271759,25329,0,0
67890,0,0,0,1,1,12.201207,1.271681,25329,0,0
67900,17,3,3,24,1,12.201884,1.271769,25345,0,0
67910,6,0,1,8,1,12.201807,1.271745,25346,0,0
67920,18,3,3,25,1,12.203338,1.271899,25363,0,0
67930,8,0,1,10,1,12.204470,1.272038,25367,0,0
67940,6,0,0,7,1,12.203676,1.271955,25367,0,0
67950,0,0,0,1,1,12.202755,1.271857,25367,0,0
67960,5,0,0,6,1,12.201561,1.271743,25367,0,0
67970,14,1,1,17,1,12.202884,1.271876,25385,0,0
67980,9,0,0,10,1,12.204280,1.272032,25400,0,0
67990,9,0,1,11,1,12.203627,1.271952,25400,0,0
68000,17,1,0,19,1,12.203951,1.271958,25400,0,0
68010,13,0,1,15,1,12.204281,1.271992,25402,0,0
68020,8,2,1,12,1,12.204121,1.271993,25402,0,0
68030,3,1,0,5,1,12.202923,1.271884,25402,0,0
68040,5,1,2,9,1,12.201980,1.271774,25402,0,0
68050,8,0,3,12,1,12.201752,1.271736,25402,0,0
68060,0,0,0,1,1,12.200558,1.271629,25402,0,0
68070,1,0,0,2,1,12.199474,1.271522,25402,0,0
68080,8,1,1,11,1,12.198561,1.271434,25402,0,0
68090,7,0,0,8,1,12.197673,1.271334,25402,0,0
68100,8,0,0,9,1,12.197802,1.271332,25402,0,0
68110,3,0,0,4,1,12.197170,1.271268,25402,0,0
68120,15,0,1,17,1,12.196523,1.271183,25402,0,0
68130,9,1,2,13,1,12.196168,1.271134,25402,0,0
68140,11,0,2,14,1,12.196600,1.271148,25407,0,0
68150,18,2,1,22,1,12.196396,1.271107,25407,0,0
68160,17,2,0,20,1,12.196417,1.271105,25409,0,0
68170,8,0,1,10,1,12.197336,1.271228,25410,0,0
68180,7,0,0,8,1,12.196363,1.271124,25410,0,0
68190,7,1,0,9,1,12.195722,1.271030,25410,0,0
68200,1,0,0,2,1,12.195399,1.270983,25411,0,0
68210,4,1,2,8,1,12.194751,1.270904,25411,0,0
68220,2,0,1,4,1,12.193707,1.270803,25411,0,0
68230,8,0,0,9,1,12.193373,1.270744,25411,0,0
68240,2,2,0,5,1,12.193337,1.270715,25411,0,0
68250,5,1,1,8,1,12.192361,1.270612,25411,0,0
68260,20,1,4,26,1,12.192317,1.270586,25412,0,0
68270,17,0,0,18,1,12.193315,1.270707,25418,0,0
68280,0,0,0,0,0,12.192773,1.270654,25418,0,0
68290,3,0,0,4,1,12.191430,1.270520,25418,0,0
68300,12,1,0,14,1,12.190551,1.270413,25418,0,0
68310,8,0,0,9,1,12.191110,1.270481,25418,0,0
68320,15,1,3,20,1,12.192452,1.270613,25439,0,0
68330,1,0,1,3,1,12.191776,1.270542,25439,0,0
68340,1,0,0,2,1,12.191032,1.270449,25439,0,0
68350,18,2,3,24,1,12.191319,1.270460,25446,0,0
68360,2,0,0,3,1,12.191486,1.270496,25446,0,0
68370,0,0,0,0,0,12.190064,1.270338,25446,0,0
68380,0,0,0,1,1,12.188754,1.270204,25446,0,0
68390,17,2,0,20,1,12.188183,1.270142,25446,0,0
68400,4,2,0,7,1,12.187573,1.270077,25446,0,0
68410,9,1,2,13,1,12.187832,1.270086,25450,0,0
68420,20,1,0,22,1,12.189089,1.270165,25455,0,0
68430,5,0,0,6,1,12.189793,1.270284,25461,0,0
68440,1,0,0,2,1,12.188630,1.270169,25461,0,0
68450,8,3,0,12,1,12.187773,1.270045,25461,0,0
68460,0,0,0,0,0,12.186540,1.269941,25461,0,0
68470,2,1,0,4,1,12.185419,1.269821,25461,0,0
68480,3,0,0,4,1,12.184187,1.269696,25461,0,0
68490,19,1,2,23,1,12.183957,1.269637,25461,0,0
68500,17,1,1,20,1,12.184265,1.269662,25464,0,0
68510,9,1,0,11,1,12.184929,1.269717,25468,0,0
68520,9,1,0,11,1,12.184618,1.269667,25468,0,0
68530,5,2,0,8,1,12.184686,1.269684,25468,0,0
68540,4,0,0,5,1,12.183847,1.269579,25468,0,0
68550,7,0,1,9,1,12.184305,1.269602,25476,0,0
68560,20,2,2,25,1,12.185461,1.269722,25477,0,0
68570,18,0,0,19,1,12.186498,1.269820,25493,0,0
68580,15,0,0,16,1,12.187829,1.269992,25515,0,0
68590,13,0,2,16,1,12.188792,1.270054,25518,0,0
68600,18,2,3,24,1,12.188515,1.270000,25520,0,0
68610,10,2,0,13,1,12.189798,1.270158,25543,0,0
68620,13,0,1,15,1,12.189760,1.270133,25543,0,0
68630,3,0,0,4,1,12.190067,1.270163,25548,0,0
68640,5,1,1,8,1,12.190804,1.270251,25560,0,0
68650,2,0,0,3,1,12.189751,1.270136,25560,0,0
68660,8,0,1,10,1,12.189112,1.270056,25560,0,0
68670,5,0,2,8,1,12.189439,1.270082,25560,0,0
68680,4,0,0,5,1,12.188079,1.269960,25560,0,0
68690,9,2,0,12,1,12.187875,1.269948,25560,0,0
68700,7,1,0,9,1,12.187516,1.269928,25560,0,0
68710,0,0,0,0,0,12.186435,1.269823,25560,0,0
68720,16,1,2,20,1,12.185736,1.269721,25560,0,0
68730,1,0,2,4,1,12.186916,1.269848,25581,0,0
68740,16,1,1,19,1,12.187689,1.269924,25582,0,0
68750,6,0,0,7,1,12.187563,1.269915,25586,0,0
68760,10,0,1,12,1,12.187704,1.269908,25586,0,0
68770,9,4,3,17,1,12.187450,1.269865,25586,0,0
68780,6,1,1,9,1,12.187619,1.269888,25594,0,0
68790,10,1,0,12,1,12.187169,1.269847,25594,0,0
68800,20,2,5,28,1,12.186719,1.269775,25594,0,0
68810,15,1,1,18,1,12.187970,1.269913,25594,0,0
68820,16,1,2,20,1,12.189279,1.270036,25608,0,0
68830,15,1,0,17,1,12.190001,1.270103,25611,0,0
68840,18,2,3,24,1,12.191103,1.270226,25624,0,0
68850,4,1,1,7,1,12.191329,1.270263,25636,0,0
68860,4,0,2,7,1,12.190336,1.270148,25636,0,0
68870,4,0,0,5,1,12.188858,1.270003,25636,0,0
68880,0,0,0,1,1,12.187510,1.269866,25636,0,0
68890,9,0,0,10,1,12.186859,1.269772,25636,0,0
68900,7,2,0,10,1,12.185815,1.269682,25636,0,0
68910,4,0,0,5,1,12.185089,1.269618,25636,0,0
68920,19,1,2,23,1,12.185460,1.269641,25652,0,0
68930,12,0,1,14,1,12.186484,1.269750,25658,0,0
68940,0,0,0,0,0,12.185496,1.269662,25658,0,0
68950,1,0,0,2,1,12.184077,1.269528,25658,0,0
68960,20,0,0,21,1,12.184622,1.269573,25672,0,0
68970,15,0,1,17,1,12.185209,1.269649,25672,0,0
68980,8,1,1,11,1,12.185657,1.269692,25672,0,0
68990,13,1,1,16,1,12.186341,1.269767,25673,0,0
69000,14,3,3,21,1,12.187867,1.269951,25683,0,0
69010,20,2,1,24,1,12.189603,1.270145,25696,0,0
69020,19,2,0,22,1,12.191029,1.270309,25709,0,0
69030,16,1,7,25,1,12.192638,1.270465,25725,0,0
69040,16,3,4,24,1,12.194065,1.270616,25738,0,0
69050,1,0,0,2,1,12.194376,1.270669,25742,0,0
69060,8,1,1,11,1,12.193153,1.270551,25742,0,0
69070,2,0,0,3,1,12.192362,1.270475,25742,0,0
69080,9,1,1,12,1,12.191173,1.270328,25742,0,0
69090,18,0,1,20,1,12.191522,1.270322,25742,0,0
69100,19,0,2,22,1,12.193006,1.270488,25765,0,0
69110,19,0,0,20,1,12.194065,1.270606,25779,0,0
69120,10,1,3,15,1,12.194743,1.270675,25792,0,0
69130,16,0,4,21,1,12.196008,1.270802,25805,0,0
69140,6,0,0,7,1,12.196382,1.270830,25805,0,0
69150,6,1,1,9,1,12.195339,1.270719,25805,0,0
69160,10,1,0,12,1,12.194348,1.270595,25805,0,0
69170,4,0,1,6,1,12.193345,1.270494,25805,0,0
69180,0,0,0,1,1,12.192138,1.270391,25805,0,0
69190,16,1,4,22,1,12.192049,1.270361,25810,0,0
69200,16,0,0,17,1,12.192485,1.270391,25815,0,0
69210,18,4,4,27,1,12.193066,1.270428,25817,0,0
69220,14,3,4,22,1,12.195003,1.270634,25844,0,0
69230,0,1,1,3,1,12.194052,1.270571,25844,0,0
69240,2,0,0,3,1,12.192916,1.270451,25844,0,0
69250,2,0,2,5,1,12.191465,1.270330,25844,0,0
69260,14,0,4,19,1,12.192231,1.270389,25853,0,0
69270,11,2,0,14,1,12.192460,1.270375,25856,0,0
69280,11,0,0,12,1,12.192223,1.270354,25856,0,0
69290,18,1,4,24,1,12.193326,1.270457,25862,0,0
69300,7,1,1,10,1,12.194352,1.270575,25867,0,0
69310,17,3,0,21,1,12.195070,1.270648,25868,0,0
69320,8,0,1,10,1,12.195133,1.270662,25875,0,0
69330,6,2,0,9,1,12.195380,1.270700,25875,0,0
69340,14,0,0,15,1,12.195627,1.270689,25875,0,0
69350,8,0,0,9,1,12.194546,1.270574,25875,0,0
69360,3,0,1,5,1,12.194127,1.270529,25875,0,0
69370,6,0,0,7,1,12.193452,1.270432,25875,0,0
69380,2,1,2,6,1,12.192385,1.270315,25875,0,0
69390,13,0,0,14,1,12.192045,1.270262,25875,0,0
69400,17,1,4,23,1,12.192296,1.270263,25877,0,0
69410,11,0,1,13,1,12.193062,1.270366,25884,0,0
69420,0,0,0,1,1,12.192838,1.270373,25884,0,0
69430,3,1,2,7,1,12.191840,1.270227,25884,0,0
69440,3,0,0,4,1,12.190938,1.270108,25884,0,0
69450,10,3,0,14,1,12.190339,1.270012,25884,0,0
69460,6,1,0,8,1,12.190726,1.270069,25884,0,0
69470,3,0,0,4,1,12.189812,1.269989,25884,0,0
69480,8,0,0,9,1,12.188797,1.269874,25884,0,0
69490,9,0,0,10,1,12.187844,1.269784,25884,0,0
69500,4,0,0,5,1,12.187245,1.269718,25884,0,0
69510,6,0,1,8,1,12.186350,1.269600,25884,0,0
69520,12,2,1,16,1,12.185621,1.269528,25884,0,0
69530,11,0,0,12,1,12.186647,1.269638,25885,0,0
69540,16,0,3,20,1,12.187304,1.269684,25888,0,0
69550,1,0,0,2,1,12.187497,1.269715,25888,0,0
69560,0,0,0,1,1,12.186854,1.269664,25888,0,0
69570,0,0,0,1,1,12.185514,1.269522,25888,0,0
69580,6,0,1,8,1,12.184693,1.269423,25888,0,0
69590,14,1,0,16,1,12.185636,1.269499,25897,0,0
69600,8,0,0,9,1,12.185375,1.269470,25897,0,0
69610,1,0,0,2,1,12.184329,1.269353,25897,0,0
69620,10,4,2,17,1,12.184366,1.269353,25897,0,0
69630,18,0,4,23,1,12.185303,1.269454,25907,0,0
69640,2,0,0,3,1,12.185428,1.269490,25910,0,0
69650,8,1,0,10,1,12.184720,1.269411,25910,0,0
69660,1,0,0,2,1,12.183512,1.269311,25910,0,0
69670,9,0,0,10,1,12.183178,1.269271,25910,0,0
69680,19,0,0,20,1,12.183339,1.269257,25911,0,0
69690,19,3,2,25,1,12.185062,1.269437,25935,0,0
69700,6,0,0,7,1,12.185753,1.269528,25940,0,0
69710,8,1,1,11,1,12.185717,1.269518,25940,0,0
69720,16,1,4,22,1,12.186498,1.269588,25950,0,0
69730,4,0,0,5,1,12.186336,1.269584,25950,0,0
69740,17,3,4,25,1,12.187809,1.269721,25959,0,0
69750,1,0,0,2,1,12.187780,1.269742,25967,0,0
69760,12,0,0,13,1,12.187245,1.269664,25967,0,0
69770,10,2,0,13,1,12.186258,1.269580,25967,0,0
69780,0,0,0,1,1,12.185146,1.269481,25967,0,0
69790,7,0,1,9,1,12.184338,1.269370,25967,0,0
69800,7,1,0,9,1,12.183611,1.269300,25967,0,0
69810,16,2,1,20,1,12.183252,1.269250,25967,0,0
69820,15,3,2,21,1,12.184938,1.269425,25980,0,0
69830,2,0,0,3,1,12.184460,1.269376,25980,0,0
69840,7,3,2,13,1,12.184183,1.269318,25980,0,0
69850,2,2,0,5,1,12.183147,1.269214,25980,0,0
69860,4,0,2,7,1,12.181907,1.269073,25980,0,0
69870,4,1,0,6,1,12.181521,1.269033,25980,0,0
69880,2,0,0,3,1,12.180628,1.268931,25980,0,0
69890,0,0,0,1,1,12.179559,1.268817,25980,0,0
69900,13,0,0,14,1,12.179174,1.268772,25980,0,0
69910,19,2,2,24,1,12.180539,1.268910,25998,0,0
69920,19,2,3,25,1,12.181698,1.269042,26013,0,0
69930,15,1,1,18,1,12.182875,1.269165,26021,0,0
69940,10,2,0,13,1,12.183697,1.269264,26029,0,0
69950,10,4,2,17,1,12.183943,1.269291,26029,0,0
69960,8,0,1,10,1,12.184632,1.269353,26029,0,0
69970,3,0,0,4,1,12.183612,1.269242,26029,0,0
69980,6,0,1,8,1,12.183680,1.269239,26029,0,0
69990,7,2,2,12,1,12.182757,1.269135,26029,0,0
70000,1,2,0,4,1,12.182988,1.269158,26029,0,0
70010,0,0,0,1,1,12.181666,1.269056,26029,0,0
70020,4,0,0,5,1,12.180620,1.268945,26029,0,0
70030,10,1,0,12,1,12.180893,1.268945,26034,0,0
70040,2,0,0,3,1,12.179850,1.268859,26034,0,0
70050,14,1,3,19,1,12.179049,1.268757,26034,0,0
70060,16,2,2,21,1,12.179542,1.268799,26037,0,0
70070,20,1,1,23,1,12.181072,1.268960,26049,0,0
70080,4,0,0,5,1,12.181132,1.268998,26053,0,0
70090,0,0,0,0,0,12.179897,1.268894,26053,0,0
70100,0,0,2,3,1,12.178829,1.268786,26053,0,0
70110,15,2,2,20,1,12.178418,1.268719,26053,0,0
70120,7,1,1,10,1,12.179427,1.268832,26061,0,0
70130,13,0,2,16,1,12.178460,1.268737,26061,0,0
70140,3,1,0,5,1,12.177364,1.268649,26061,0,0
70150,7,0,1,9,1,12.175984,1.268518,26061,0,0
70160,4,1,0,6,1,12.174942,1.268402,26061,0,0
70170,4,0,0,5,1,12.173933,1.268312,26061,0,0
70180,5,0,0,6,1,12.172693,1.268177,26061,0,0
70190,10,0,0,11,1,12.172121,1.268099,26061,0,0
70200,15,2,0,18,1,12.172785,1.268157,26073,0,0
70210,11,2,2,16,1,12.172678,1.268149,26073,0,0
70220,13,2,1,17,1,12.173148,1.268196,26073,0,0
70230,16,2,0,19,1,12.173400,1.268215,26073,0,0
70240,9,0,5,15,1,12.174389,1.268344,26079,0,0
70250,16,1,0,18,1,12.175120,1.268413,26082,0,0
70260,16,0,1,18,1,12.175219,1.268418,26082,0,0
70270,9,5,0,15,1,12.175693,1.268440,26082,0,0
70280,15,1,4,21,1,12.176460,1.268513,26085,0,0
70290,1,0,0,2,1,12.176177,1.268487,26088,0,0
70300,1,0,0,2,1,12.174850,1.268354,26088,0,0
70310,3,0,0,4,1,12.173586,1.268238,26088,0,0
70320,3,0,0,4,1,12.172645,1.268127,26088,0,0
70330,0,0,0,0,0,12.171626,1.268020,26088,0,0
70340,6,2,1,10,1,12.170988,1.267963,26088,0,0
70350,11,3,1,16,1,12.171768,1.268045,26088,0,0
70360,20,7,2,30,1,12.173469,1.268237,26112,0,0
70370,3,2,1,7,1,12.174670,1.268383,26125,0,0
70380,3,2,0,6,1,12.173500,1.268268,26125,0,0
70390,5,0,0,6,1,12.172653,1.268180,26125,0,0
70400,1,0,0,2,1,12.172650,1.268198,26125,0,0
70410,6,0,0,7,1,12.171892,1.268114,26125,0,0
70420,7,0,1,9,1,12.170915,1.268036,26125,0,0
70430,15,0,3,19,1,12.171002,1.268021,26125,0,0
70440,15,2,0,18,1,12.172577,1.268192,26140,0,0
70450,11,0,1,13,1,12.173124,1.268214,26140,0,0
70460,17,3,2,23,1,12.173998,1.268297,26140,0,0
70470,15,4,2,22,1,12.175224,1.268427,26140,0,0
70480,3,1,2,7,1,12.176425,1.268574,26157,0,0
70490,0,0,0,1,1,12.175010,1.268427,26157,0,0
70500,8,2,1,12,1,12.174289,1.268311,26157,0,0
70510,7,0,1,9,1,12.173408,1.268236,26157,0,0
70520,15,1,2,19,1,12.173860,1.268262,26157,0,0
70530,6,2,8,17,1,12.174402,1.268326,26158,0,0
70540,10,1,1,13,1,12.174344,1.268329,26158,0,0
70550,19,0,2,22,1,12.175107,1.268394,26160,0,0
70560,7,0,2,10,1,12.175927,1.268490,26174,0,0
70570,0,0,0,1,1,12.176390,1.268535,26185,0,0
70580,3,1,0,5,1,12.175537,1.268444,26185,0,0
70590,13,1,1,16,1,12.175580,1.268428,26186,0,0
70600,9,0,0,10,1,12.175624,1.268451,26186,0,0
70610,14,1,1,17,1,12.174956,1.268372,26186,0,0
70620,20,2,0,23,1,12.176106,1.268494,26200,0,0
70630,7,0,0,8,1,12.176592,1.268548,26201,0,0
70640,1,0,1,3,1,12.175329,1.268389,26201,0,0
70650,2,0,0,3,1,12.173880,1.268256,26201,0,0
70660,11,1,0,13,1,12.173640,1.268220,26201,0,0
70670,18,3,1,23,1,12.175101,1.268369,26207,0,0
70680,16,1,3,21,1,12.176162,1.268494,26216,0,0
70690,18,1,3,23,1,12.177592,1.268636,26227,0,0
70700,20,3,2,26,1,12.178639,1.268735,26230,0,0
70710,13,2,1,17,1,12.179443,1.268832,26232,0,0
70720,2,0,0,3,1,12.179967,1.268898,26235,0,0
70730,3,2,1,7,1,12.178759,1.268757,26235,0,0
70740,14,4,1,20,1,12.178485,1.268716,26237,0,0
70750,13,0,0,14,1,12.179437,1.268831,26239,0,0
70760,18,2,5,26,1,12.180067,1.268867,26249,0,0
70770,15,4,6,26,1,12.180852,1.268960,26255,0,0
70780,10,1,0,12,1,12.181011,1.268964,26255,0,0
70790,10,0,0,11,1,12.180851,1.268928,26255,0,0
70800,2,1,0,4,1,12.179994,1.268850,26255,0,0
70810,0,0,0,0,0,12.178867,1.268748,26255,0,0
70820,14,1,2,18,1,12.177896,1.268643,26255,0,0
70830,19,0,0,20,1,12.179215,1.268784,26283,0,0
70840,18,3,0,22,1,12.180393,1.268901,26305,0,0
70850,19,1,1,22,1,12.181150,1.268980,26317,0,0
70860,8,1,0,10,1,12.181716,1.269057,26323,0,0
70870,7,1,2,11,1,12.180848,1.268976,26323,0,0
70880,17,3,5,26,1,12.181879,1.269073,26340,0,0
70890,13,0,10,24,1,12.183406,1.269250,26348,0,0
70900,12,1,5,19,1,12.185185,1.269467,26367,0,0
70910,20,6,5,32,1,12.186731,1.269623,26381,0,0
70920,3,0,0,4,1,12.187589,1.269731,26392,0,0
70930,8,1,1,11,1,12.187182,1.269686,26392,0,0
70940,18,3,2,24,1,12.187749,1.269725,26396,0,0
70950,16,2,2,21,1,12.189321,1.269900,26416,0,0
70960,15,0,3,19,1,12.190542,1.270040,26430,0,0
70970,0,0,0,1,1,12.189490,1.269964,26430,0,0
70980,8,2,2,13,1,12.188955,1.269880,26430,0,0
70990,9,1,0,11,1,12.188858,1.269878,26430,0,0
71000,4,0,0,5,1,12.188801,1.269875,26430,0,0
71010,20,0,3,24,1,12.188444,1.269823,26430,0,0
71020,17,1,0,19,1,12.189210,1.269896,26431,0,0
71030,16,7,1,25,1,12.190669,1.270033,26443,0,0
71040,13,1,0,15,1,12.191542,1.270146,26451,0,0
71050,0,0,0,0,0,12.190471,1.270083,26451,0,0
71060,19,1,1,22,1,12.190117,1.270022,26451,0,0
71070,11,4,1,17,1,12.191458,1.270172,26469,0,0
71080,17,3,0,21,1,12.192100,1.270252,26471,0,0
71090,0,0,0,1,1,12.191305,1.270168,26471,0,0
71100,16,1,1,19,1,12.190559,1.270069,26471,0,0
71110,18,3,1,23,1,12.191605,1.270167,26487,0,0
71120,18,6,5,30,1,12.193289,1.270346,26502,0,0
71130,12,0,1,14,1,12.194536,1.270476,26513,0,0
71140,0,0,0,0,0,12.194041,1.270427,26513,0,0
71150,6,1,0,8,1,12.192709,1.270304,26513,0,0
71160,12,0,1,14,1,12.193322,1.270365,26515,0,0
71170,19,0,4,24,1,12.193198,1.270314,26516,0,0
71180,19,1,2,23,1,12.194501,1.270465,26535,0,0
71190,6,0,1,8,1,12.194384,1.270447,26536,0,0
71200,17,0,2,20,1,12.194321,1.270437,26540,0,0
71210,5,1,0,7,1,12.194215,1.270443,26546,0,0
71220,4,1,1,7,1,12.193577,1.270363,26546,0,0
71230,13,2,2,18,1,12.193361,1.270322,26546,0,0
71240,19,2,1,23,1,12.193398,1.270296,26546,0,0
71250,1,0,0,2,1,12.192481,1.270228,26546,0,0
71260,1,0,0,2,1,12.191327,1.270121,26546,0,0
71270,4,1,0,6,1,12.189930,1.269970,26546,0,0
71280,9,0,2,12,1,12.189136,1.269887,26546,0,0
71290,11,3,3,18,1,12.189102,1.269900,26546,0,0
71300,7,0,0,8,1,12.189560,1.269942,26549,0,0
71310,5,0,0,6,1,12.188555,1.269821,26549,0,0
71320,6,0,0,7,1,12.187319,1.269694,26549,0,0
71330,4,4,0,9,1,12.186006,1.269574,26549,0,0
71340,5,0,0,6,1,12.184851,1.269457,26549,0,0
71350,20,2,1,24,1,12.185639,1.269521,26561,0,0
71360,13,2,0,16,1,12.186534,1.269623,26563,0,0
71370,9,0,0,10,1,12.186321,1.269581,26563,0,0
71380,1,0,0,2,1,12.185890,1.269540,26563,0,0
71390,19,2,1,23,1,12.185011,1.269446,26563,0,0
71400,5,2,0,8,1,12.185471,1.269500,26572,0,0
71410,0,0,0,1,1,12.184284,1.269389,26572,0,0
71420,0,0,0,0,0,12.182945,1.269249,26572,0,0
71430,0,0,0,0,0,12.181715,1.269121,26572,0,0
71440,10,0,1,12,1,12.181941,1.269133,26575,0,0
71450,2,1,0,4,1,12.182218,1.269166,26575,0,0
71460,6,0,1,8,1,12.181276,1.269062,26575,0,0
71470,17,1,1,20,1,12.182058,1.269146,26581,0,0
71480,17,0,0,18,1,12.183216,1.269270,26592,0,0
71490,17,0,2,20,1,12.184555,1.269400,26608,0,0
71500,13,1,0,15,1,12.185495,1.269500,26611,0,0
71510,5,0,0,6,1,12.185340,1.269486,26611,0,0
71520,0,0,0,1,1,12.184314,1.269357,26611,0,0
71530,14,2,0,17,1,12.183831,1.269301,26611,0,0
71540,20,0,9,30,1,12.184700,1.269384,26614,0,0
71550,6,0,0,7,1,12.185471,1.269501,26624,0,0
71560,7,5,3,16,1,12.184781,1.269438,26624,0,0
71570,18,0,0,19,1,12.185616,1.269505,26626,0,0
71580,20,1,2,24,1,12.186913,1.269607,26637,0,0
71590,12,2,1,16,1,12.187617,1.269687,26646,0,0
71600,12,0,1,14,1,12.188684,1.269767,26654,0,0
71610,20,2,4,27,1,12.189094,1.269782,26658,0,0
71620,13,0,2,16,1,12.190956,1.270015,26684,0,0
71630,3,0,0,4,1,12.191110,1.270035,26691,0,0
71640,0,0,0,1,1,12.190856,1.270008,26691,0,0
71650,0,0,0,1,1,12.189612,1.269879,26691,0,0
71660,17,0,0,18,1,12.189866,1.269896,26695,0,0
71670,16,2,4,23,1,12.190634,1.269987,26696,0,0
71680,7,3,0,11,1,12.191921,1.270134,26704,0,0
71690,1,1,0,3,1,12.191331,1.270071,26704,0,0
71700,0,0,0,1,1,12.190186,1.269944,26704,0,0
71710,8,3,2,14,1,12.188881,1.269832,26704,0,0
71720,18,1,1,21,1,12.190215,1.269984,26718,0,0
71730,2,0,0,3,1,12.189445,1.269935,26718,0,0
71740,4,0,3,8,1,12.188749,1.269862,26718,0,0
71750,17,4,2,24,1,12.189380,1.269926,26723,0,0
71760,0,0,0,0,0,12.189249,1.269944,26732,0,0
71770,4,0,0,5,1,12.187898,1.269822,26732,0,0
71780,4,0,0,5,1,12.186499,1.269702,26732,0,0
71790,6,0,2,9,1,12.185204,1.269589,26732,0,0
71800,8,1,2,12,1,12.185824,1.269638,26737,0,0
71810,0,0,0,0,0,12.184583,1.269539,26737,0,0
71820,13,2,4,20,1,12.184642,1.269517,26738,0,0
71830,20,4,3,28,1,12.186499,1.269720,26770,0,0
71840,13,2,0,16,1,12.188048,1.269912,26783,0,0
71850,2,0,0,3,1,12.187350,1.269849,26783,0,0
71860,9,2,2,14,1,12.187107,1.269827,26783,0,0
71870,10,2,1,14,1,12.187653,1.269878,26785,0,0
71880,18,5,3,27,1,12.188651,1.269971,26794,0,0
71890,17,3,1,22,1,12.190119,1.270141,26810,0,0
71900,20,0,4,25,1,12.191406,1.270288,26823,0,0
71910,6,1,0,8,1,12.191056,1.270237,26824,0,0
71920,16,1,2,20,1,12.191157,1.270192,26824,0,0
71930,12,0,1,14,1,12.191354,1.270216,26824,0,0
71940,10,3,1,15,1,12.191505,1.270215,26824,0,0
71950,12,1,0,14,1,12.190756,1.270150,26824,0,0
71960,2,0,1,4,1,12.190108,1.270092,26824,0,0
71970,0,0,0,1,1,12.188882,1.269966,26824,0,0
71980,1,0,2,4,1,12.187601,1.269821,26824,0,0
71990,8,3,2,14,1,12.187304,1.269786,26824,0,0
72000,0,0,0,1,1,12.186332,1.269702,26824,0,0
72010,16,0,1,18,1,12.186027,1.269633,26824,0,0
72020,9,0,0,10,1,12.186058,1.269645,26824,0,0
72030,19,2,5,27,1,12.187144,1.269751,26841,0,0
72040,14,1,0,16,1,12.189247,1.269978,26864,0,0
72050,17,0,3,21,1,12.190171,1.270092,26871,0,0
72060,4,2,2,9,1,12.190777,1.270172,26876,0,0
72070,6,0,1,8,1,12.191518,1.270249,26878,0,0
72080,0,0,0,1,1,12.190736,1.270202,26878,0,0
72090,3,0,0,4,1,12.189574,1.270072,26878,0,0
72100,15,0,2,18,1,12.189779,1.270060,26880,0,0
72110,17,1,2,21,1,12.190969,1.270166,26887,0,0
72120,12,0,1,14,1,12.192002,1.270283,26894,0,0
72130,15,2,3,21,1,12.191887,1.270247,26897,0,0
72140,17,1,2,21,1,12.193068,1.270379,26916,0,0
72150,12,3,1,17,1,12.192767,1.270337,26916,0,0
72160,0,0,0,1,1,12.193045,1.270393,26919,0,0
72170,13,0,2,16,1,12.193445,1.270426,26920,0,0
72180,17,0,1,19,1,12.194758,1.270577,26940,0,0
72190,8,1,4,14,1,12.195491,1.270653,26946,0,0
72200,0,0,0,1,1,12.195604,1.270658,26946,0,0
72210,11,3,0,15,1,12.195347,1.270622,26946,0,0
72220,5,1,2,9,1,12.194755,1.270558,26946,0,0
72230,15,0,5,21,1,12.195403,1.270618,26949,0,0
72240,20,1,3,25,1,12.196761,1.270762,26963,0,0
72250,20,2,2,25,1,12.198039,1.270887,26996,0,0
72260,11,2,1,15,1,12.199030,1.270998,26997,0,0
72270,8,0,1,10,1,12.199708,1.271067,27000,0,0
72280,0,0,0,0,0,12.198618,1.270979,27000,0,0
72290,11,2,0,14,1,12.198507,1.270958,27000,0,0
72300,2,0,0,3,1,12.199370,1.271039,27006,0,0
72310,16,2,2,21,1,12.199619,1.271026,27009,0,0
72320,3,0,0,4,1,12.200584,1.271141,27021,0,0
72330,5,1,0,7,1,12.199251,1.271021,27021,0,0
72340,6,2,1,10,1,12.198860,1.270965,27021,0,0
72350,20,4,1,26,1,12.199831,1.271050,27023,0,0
72360,8,0,2,11,1,12.200780,1.271184,27036,0,0
72370,15,2,1,19,1,12.201549,1.271269,27056,0,0
72380,10,3,1,15,1,12.202689,1.271401,27064,0,0
72390,16,2,1,20,1,12.202593,1.271380,27064,0,0
72400,2,0,1,4,1,12.201879,1.271309,27066,0,0
72410,8,1,3,13,1,12.200880,1.271190,27066,0,0
72420,8,1,0,10,1,12.200916,1.271199,27066,0,0
72430,3,1,0,5,1,12.200043,1.271121,27066,0,0
72440,14,0,1,16,1,12.200288,1.271127,27066,0,0
72450,3,0,1,5,1,12.199862,1.271089,27066,0,0
72460,9,0,0,10,1,12.199348,1.271041,27066,0,0
72470,4,1,1,7,1,12.199885,1.271117,27073,0,0
72480,6,0,1,8,1,12.199141,1.271042,27073,0,0
72490,1,0,0,2,1,12.198168,1.270931,27073,0,0
72500,20,1,2,24,1,12.198912,1.271014,27084,0,0
72510,19,1,0,21,1,12.199927,1.271103,27097,0,0
72520,17,1,2,21,1,12.201226,1.271235,27116,0,0
72530,20,1,1,23,1,12.202162,1.271312,27116,0,0
72540,8,0,0,9,1,12.202507,1.271361,27117,0,0
72550,2,1,1,5,1,12.202647,1.271381,27117,0,0
72560,7,1,0,9,1,12.201970,1.271307,27117,0,0
72570,12,1,2,16,1,12.202669,1.271350,27126,0,0
72580,1,0,0,2,1,12.202734,1.271368,27126,0,0
72590,17,2,0,20,1,12.202292,1.271278,27126,0,0
72600,12,1,2,16,1,12.202359,1.271274,27126,0,0
72610,4,3,0,8,1,12.203097,1.271358,27130,0,0
72620,5,0,0,6,1,12.202087,1.271239,27130,0,0
72630,0,0,0,1,1,12.200922,1.271119,27130,0,0
72640,7,1,1,10,1,12.200002,1.271016,27130,0,0
72650,10,1,0,12,1,12.201022,1.271118,27138,0,0
72660,0,0,0,1,1,12.199938,1.271024,27138,0,0
72670,6,0,0,7,1,12.199699,1.270973,27138,0,0
72680,2,0,1,4,1,12.198346,1.270843,27138,0,0
72690,4,0,0,5,1,12.197177,1.270720,27138,0,0
72700,10,1,0,12,1,12.196332,1.270630,27138,0,0
72710,19,0,0,20,1,12.197282,1.270714,27144,0,0
72720,2,0,0,3,1,12.197310,1.270724,27145,0,0
72730,0,0,0,0,0,12.196621,1.270662,27145,0,0
72740,4,2,0,7,1,12.195393,1.270524,27145,0,0
72750,1,1,1,4,1,12.194704,1.270456,27145,0,0
72760,3,0,0,4,1,12.193976,1.270370,27145,0,0
72770,19,2,0,22,1,12.193935,1.270372,27153,0,0
72780,3,0,2,6,1,12.194271,1.270411,27173,0,0
72790,20,0,2,23,1,12.193920,1.270360,27178,0,0
72800,14,2,1,18,1,12.195362,1.270510,27190,0,0
72810,11,1,0,13,1,12.196669,1.270641,27201,0,0
72820,0,0,0,1,1,12.195868,1.270577,27201,0,0
72830,8,0,1,10,1,12.195262,1.270494,27201,0,0
72840,12,0,2,15,1,12.194765,1.270435,27201,0,0
72850,7,1,1,10,1,12.195555,1.270516,27206,0,0
72860,18,7,5,31,1,12.196445,1.270616,27211,0,0
72870,14,1,3,19,1,12.197565,1.270758,27221,0,0
72880,10,0,3,14,1,12.197790,1.270763,27222,0,0
72890,7,1,2,11,1,12.198009,1.270766,27225,0,0
72900,7,1,0,9,1,12.197788,1.270746,27225,0,0
72910,14,0,3,18,1,12.198233,1.270789,27233,0,0
72920,7,0,0,8,1,12.198121,1.270797,27233,0,0
72930,0,0,0,0,0,12.197193,1.270697,27233,0,0
72940,16,1,0,18,1,12.197236,1.270669,27237,0,0
72950,9,3,3,16,1,12.197981,1.270725,27250,0,0
72960,17,2,3,23,1,12.198944,1.270820,27266,0,0
72970,15,0,0,16,1,12.200200,1.270978,27287,0,0
72980,5,0,0,6,1,12.199969,1.270959,27287,0,0
72990,17,3,0,21,1,12.199551,1.270885,27287,0,0
73000,14,0,2,17,1,12.201193,1.271072,27306,0,0
73010,16,1,1,19,1,12.201759,1.271122,27306,0,0
73020,10,1,1,13,1,12.203420,1.271293,27330,0,0
73030,15,2,3,21,1,12.204236,1.271353,27332,0,0
73040,3,0,0,4,1,12.204512,1.271405,27337,0,0
73050,0,0,0,0,0,12.203368,1.271282,27337,0,0
73060,1,0,0,2,1,12.201979,1.271177,27337,0,0
73070,15,0,2,18,1,12.201906,1.271150,27337,0,0
73080,20,3,2,26,1,12.202440,1.271191,27337,0,0
73090,5,0,0,6,1,12.202683,1.271243,27348,0,0
73100,8,0,0,9,1,12.202106,1.271165,27348,0,0
73110,5,0,1,7,1,12.201730,1.271133,27348,0,0
73120,11,0,1,13,1,12.201781,1.271138,27348,0,0
73130,1,0,0,2,1,12.201742,1.271149,27351,0,0
73140,6,0,0,7,1,12.200660,1.271032,27351,0,0
73150,12,0,1,14,1,12.201157,1.271073,27360,0,0
73160,15,2,3,21,1,12.201703,1.271128,27372,0,0
73170,12,1,0,14,1,12.203285,1.271318,27390,0,0
73180,2,0,0,3,1,12.202839,1.271285,27390,0,0
73190,2,0,0,3,1,12.201793,1.271165,27390,0,0
73200,10,2,1,14,1,12.201629,1.271148,27390,0,0
73210,18,1,1,21,1,12.202127,1.271196,27393,0,0
73220,14,2,1,18,1,12.202782,1.271262,27393,0,0
73230,15,0,4,20,1,12.204211,1.271426,27423,0,0
73240,12,4,0,17,1,12.205805,1.271594,27444,0,0
73250,0,1,1,3,1,12.204652,1.271504,27444,0,0
73260,2,0,0,3,1,12.203632,1.271409,27444,0,0
73270,2,0,1,4,1,12.202912,1.271341,27444,0,0
73280,16,1,2,20,1,12.202385,1.271279,27444,0,0
73290,18,1,0,20,1,12.201931,1.271226,27445,0,0
73300,7,0,1,9,1,12.201444,1.271164,27445,0,0
73310,5,0,0,6,1,12.200271,1.271069,27445,0,0
73320,17,0,1,19,1,12.200099,1.271048,27445,0,0
73330,9,2,5,17,1,12.200880,1.271142,27453,0,0
73340,14,0,2,17,1,12.201743,1.271215,27461,0,0
73350,7,1,0,9,1,12.201184,1.271164,27461,0,0
73360,18,2,0,21,1,12.201563,1.271169,27465,0,0
73370,8,0,1,10,1,12.202280,1.271246,27467,0,0
73380,11,1,0,13,1,12.201573,1.271176,27467,0,0
73390,9,1,1,12,1,12.202293,1.271229,27469,0,0
73400,12,0,0,13,1,12.201524,1.271138,27469,0,0
73410,18,0,7,26,1,12.202937,1.271280,27491,0,0
73420,5,0,2,8,1,12.203738,1.271398,27510,0,0
73430,10,1,1,13,1,12.204568,1.271455,27520,0,0
73440,2,0,0,3,1,12.203815,1.271386,27520,0,0
73450,5,1,1,8,1,12.202953,1.271318,27520,0,0
73460,1,0,1,3,1,12.202486,1.271235,27520,0,0
73470,8,2,1,12,1,12.202066,1.271180,27520,0,0
73480,6,0,1,8,1,12.200824,1.271087,27520,0,0
73490,20,3,3,27,1,12.201856,1.271201,27534,0,0
73500,16,1,0,18,1,12.203120,1.271333,27543,0,0
73510,9,0,0,10,1,12.204575,1.271501,27556,0,0
73520,4,0,1,6,1,12.203998,1.271443,27556,0,0
73530,0,0,0,0,0,12.203703,1.271424,27556,0,0
73540,1,0,1,3,1,12.202339,1.271304,27556,0,0
73550,6,0,0,7,1,12.201550,1.271209,27556,0,0
73560,19,5,5,30,1,12.201252,1.271151,27561,0,0
73570,17,0,2,20,1,12.202539,1.271274,27572,0,0
73580,19,0,5,25,1,12.204238,1.271478,27606,0,0
73590,20,2,4,27,1,12.205367,1.271590,27622,0,0
73600,0,0,0,1,1,12.205794,1.271647,27625,0,0
73610,2,0,0,3,1,12.204926,1.271530,27625,0,0
73620,10,1,0,12,1,12.204488,1.271468,27625,0,0
73630,20,4,0,25,1,12.205158,1.271545,27642,0,0
73640,15,1,2,19,1,12.206603,1.271724,27663,0,0
73650,1,0,1,3,1,12.206644,1.271709,27663,0,0
73660,2,0,0,3,1,12.205446,1.271607,27663,0,0
73670,10,4,2,17,1,12.205636,1.271593,27663,0,0
73680,19,4,0,24,1,12.206562,1.271681,27665,0,0
73690,8,0,0,9,1,12.206319,1.271650,27665,0,0
73700,2,0,1,4,1,12.204939,1.271506,27665,0,0
73710,7,1,1,10,1,12.204949,1.271503,27665,0,0
73720,9,1,3,14,1,12.204903,1.271477,27667,0,0
73730,19,0,0,20,1,12.205424,1.271515,27670,0,0
73740,19,2,2,24,1,12.206823,1.271675,27693,0,0
73750,16,2,2,21,1,12.208193,1.271836,27702,0,0
73760,14,1,1,17,1,12.208498,1.271873,27702,0,0
73770,0,0,0,0,0,12.208605,1.271884,27702,0,0
73780,3,0,0,4,1,12.207307,1.271747,27702,0,0
73790,13,0,1,15,1,12.207064,1.271707,27709,0,0
73800,7,0,1,9,1,12.207972,1.271804,27717,0,0
73810,7,1,0,9,1,12.207120,1.271729,27717,0,0
73820,0,0,0,0,0,12.206091,1.271622,27717,0,0
73830,13,0,0,14,1,12.205970,1.271604,27717,0,0
73840,0,0,0,1,1,12.205359,1.271553,27717,0,0
73850,11,0,0,12,1,12.204198,1.271448,27717,0,0
73860,11,0,0,12,1,12.204758,1.271507,27717,0,0
73870,0,0,0,0,0,12.203660,1.271401,27717,0,0
73880,19,4,0,24,1,12.203965,1.271408,27720,0,0
73890,3,1,0,5,1,12.204520,1.271501,27727,0,0
73900,10,2,0,13,1,12.203447,1.271366,27727,0,0
73910,0,0,0,0,0,12.202735,1.271317,27727,0,0
73920,3,0,0,4,1,12.202298,1.271254,27727,0,0
73930,8,2,2,13,1,12.201560,1.271153,27727,0,0
73940,18,1,0,20,1,12.201762,1.271165,27729,0,0
73950,16,1,1,19,1,12.203073,1.271336,27744,0,0
73960,20,3,0,24,1,12.203706,1.271402,27753,0,0
73970,8,0,0,9,1,12.204052,1.271442,27756,0,0
73980,10,0,0,11,1,12.204713,1.271512,27756,0,0
73990,10,0,1,12,1,12.204579,1.271495,27756,0,0
74000,11,1,3,16,1,12.204836,1.271534,27756,0,0
74010,18,1,0,20,1,12.205580,1.271608,27760,0,0
74020,17,0,1,19,1,12.206522,1.271701,27768,0,0
74030,17,2,1,21,1,12.207439,1.271798,27773,0,0
74040,18,1,0,20,1,12.208468,1.271889,27778,0,0
74050,10,3,4,18,1,12.208431,1.271887,27778,0,0
74060,0,0,0,1,1,12.208629,1.271929,27779,0,0
74070,3,2,0,6,1,12.207722,1.271820,27779,0,0
74080,6,0,0,7,1,12.207339,1.271762,27779,0,0
74090,0,0,0,0,0,12.206559,1.271699,27779,0,0
74100,8,3,1,13,1,12.205874,1.271631,27779,0,0
74110,3,0,0,4,1,12.205327,1.271558,27779,0,0
74120,3,0,0,4,1,12.203967,1.271411,27779,0,0
74130,6,1,0,8,1,12.202898,1.271300,27779,0,0
74140,14,4,1,20,1,12.203535,1.271357,27779,0,0
74150,13,4,3,21,1,12.204860,1.271506,27786,0,0
74160,5,0,0,6,1,12.205632,1.271597,27800,0,0
74170,12,0,5,18,1,12.205002,1.271519,27800,0,0
74180,10,4,2,17,1,12.205886,1.271620,27807,0,0
74190,16,1,3,21,1,12.206989,1.271713,27810,0,0
74200,4,0,0,5,1,12.207138,1.271755,27811,0,0
74210,3,0,0,4,1,12.206267,1.271636,27811,0,0
74220,6,0,0,7,1,12.205483,1.271547,27811,0,0
74230,0,0,0,0,0,12.204301,1.271433,27811,0,0
74240,15,1,0,17,1,12.203945,1.271396,27811,0,0
74250,4,0,0,5,1,12.203410,1.271354,27811,0,0
74260,12,0,0,13,1,12.203250,1.271318,27811,0,0
74270,5,0,0,6,1,12.203766,1.271372,27816,0,0
74280,17,0,4,22,1,12.204310,1.271402,27817,0,0
74290,18,5,5,29,1,12.206108,1.271600,27841,0,0
74300,5,0,0,6,1,12.206655,1.271675,27844,0,0
74310,13,1,1,16,1,12.206008,1.271591,27844,0,0
74320,16,0,1,18,1,12.206699,1.271668,27851,0,0
74330,14,1,2,18,1,12.207059,1.271692,27851,0,0
74340,13,1,2,17,1,12.207982,1.271786,27863,0,0
74350,18,1,1,21,1,12.208838,1.271863,27872,0,0
74360,13,1,0,15,1,12.209618,1.271940,27875,0,0
74370,14,1,0,16,1,12.209614,1.271920,27875,0,0
74380,5,0,1,7,1,12.210711,1.272045,27888,0,0
74390,16,1,2,20,1,12.210490,1.272010,27888,0,0
74400,0,0,0,0,0,12.209554,1.271934,27888,0,0
74410,9,1,1,12,1,12.209135,1.271867,27889,0,0
74420,2,0,0,3,1,12.209035,1.271853,27889,0,0
74430,13,0,0,14,1,12.209052,1.271840,27889,0,0
74440,5,1,1,8,1,12.209288,1.271851,27891,0,0
74450,9,0,1,11,1,12.208234,1.271728,27891,0,0
74460,1,1,0,3,1,12.208702,1.271800,27893,0,0
74470,15,1,0,17,1,12.208790,1.271813,27897,0,0
74480,11,0,0,12,1,12.209590,1.271903,27905,0,0
74490,1,0,0,2,1,12.209295,1.271876,27907,0,0
74500,2,0,0,3,1,12.208300,1.271774,27907,0,0
74510,19,3,4,27,1,12.208860,1.271833,27922,0,0
74520,20,5,1,27,1,12.210393,1.272023,27955,0,0
74530,14,0,0,15,1,12.211558,1.272174,27972,0,0
74540,20,1,1,23,1,12.212161,1.272207,27976,0,0
74550,3,0,1,5,1,12.212048,1.272197,27978,0,0
74560,20,3,2,26,1,12.212705,1.272242,27989,0,0
74570,20,0,4,25,1,12.214117,1.272393,28002,0,0
74580,16,0,0,17,1,12.215017,1.272506,28014,0,0
74590,0,0,0,0,0,12.215477,1.272573,28020,0,0
74600,10,1,4,16,1,12.215119,1.272527,28020,0,0
74610,6,0,0,7,1,12.214727,1.272454,28020,0,0
74620,5,1,5,12,1,12.213925,1.272346,28020,0,0
74630,0,0,0,1,1,12.213405,1.272308,28020,0,0
74640,11,1,0,13,1,12.212380,1.272185,28020,0,0
74650,11,1,0,13,1,12.211586,1.272111,28020,0,0
74660,1,0,0,2,1,12.211783,1.272128,28020,0,0
74670,0,0,0,1,1,12.210896,1.272034,28020,0,0
74680,0,0,0,0,0,12.209608,1.271905,28020,0,0
74690,2,0,1,4,1,12.208775,1.271833,28020,0,0
74700,3,0,0,4,1,12.207491,1.271717,28020,0,0
74710,6,8,3,18,1,12.206756,1.271633,28020,0,0
74720,6,0,1,8,1,12.207070,1.271651,28022,0,0
74730,10,0,0,11,1,12.207530,1.271694,28030,0,0
74740,14,4,4,23,1,12.208006,1.271731,28043,0,0
74750,13,4,0,18,1,12.209625,1.271910,28059,0,0
74760,17,4,1,23,1,12.210715,1.272029,28065,0,0
74770,2,0,0,3,1,12.211126,1.272074,28072,0,0
74780,2,0,1,4,1,12.210241,1.271978,28072,0,0
74790,4,0,0,5,1,12.209360,1.271858,28072,0,0
74800,5,3,1,10,1,12.209209,1.271828,28072,0,0
74810,14,0,1,16,1,12.209795,1.271887,28075,0,0
74820,8,1,0,10,1,12.210286,1.271945,28080,0,0
74830,14,1,1,17,1,12.210668,1.271975,28080,0,0
74840,4,3,0,8,1,12.210362,1.271936,28080,0,0
74850,7,0,1,9,1,12.210091,1.271892,28080,0,0
74860,3,0,0,4,1,12.209600,1.271870,28080,0,0
74870,5,0,0,6,1,12.208890,1.271802,28080,0,0
74880,13,5,2,21,1,12.209199,1.271813,28080,0,0
74890,20,0,0,21,1,12.209819,1.271869,28082,0,0
74900,16,1,6,24,1,12.211063,1.272016,28103,0,0
74910,2,0,0,3,1,12.210381,1.271952,28103,0,0
74920,4,0,0,5,1,12.209717,1.271883,28103,0,0
74930,3,0,2,6,1,12.208523,1.271790,28103,0,0
74940,1,0,0,2,1,12.207160,1.271660,28103,0,0
74950,10,2,1,14,1,12.207068,1.271635,28108,0,0
74960,7,0,0,8,1,12.207421,1.271668,28108,0,0
74970,0,0,0,0,0,12.207181,1.271641,28108,0,0
74980,9,1,1,12,1,12.206896,1.271587,28108,0,0
74990,15,0,2,18,1,12.207783,1.271674,28112,0,0
75000,20,5,0,26,1,12.208949,1.271799,28118,0,0
75010,11,3,4,19,1,12.210079,1.271924,28136,0,0
75020,13,1,0,15,1,12.209436,1.271859,28136,0,0
75030,20,1,4,26,1,12.209765,1.271882,28140,0,0
75040,7,0,1,9,1,12.210023,1.271918,28141,0,0
75050,5,2,0,8,1,12.209898,1.271889,28141,0,0
75060,4,1,0,6,1,12.208872,1.271763,28141,0,0
75070,1,0,0,2,1,12.207747,1.271656,28141,0,0
75080,3,1,0,5,1,12.207396,1.271599,28141,0,0
75090,2,0,0,3,1,12.206200,1.271476,28141,0,0
75100,0,0,0,1,1,12.204838,1.271357,28141,0,0
75110,20,0,4,25,1,12.204287,1.271296,28144,0,0
75120,20,7,0,28,1,12.205609,1.271435,28172,0,0
75130,19,0,2,22,1,12.207393,1.271632,28186,0,0
75140,13,1,2,17,1,12.208626,1.271762,28192,0,0
75150,19,0,4,24,1,12.209368,1.271827,28196,0,0
75160,9,1,0,11,1,12.210250,1.271933,28199,0,0
75170,3,2,1,7,1,12.210524,1.271954,28199,0,0
75180,7,2,1,11,1,12.209758,1.271841,28199,0,0
75190,5,0,0,6,1,12.209042,1.271754,28199,0,0
75200,18,2,0,21,1,12.208710,1.271705,28205,0,0
75210,12,1,6,20,1,12.209256,1.271736,28207,0,0
75220,15,0,1,17,1,12.210018,1.271819,28209,0,0
75230,15,2,1,19,1,12.210191,1.271860,28213,0,0
75240,16,2,2,21,1,12.210841,1.271936,28213,0,0
75250,6,2,0,9,1,12.211330,1.271970,28213,0,0
75260,8,0,0,9,1,12.210321,1.271864,28213,0,0
75270,18,5,4,28,1,12.210722,1.271887,28217,0,0
75280,15,1,1,18,1,12.211710,1.271991,28225,0,0
75290,16,0,0,17,1,12.212248,1.272048,28225,0,0
75300,5,0,0,6,1,12.211840,1.271989,28225,0,0
75310,3,2,0,6,1,12.210579,1.271890,28225,0,0
75320,5,0,0,6,1,12.210185,1.271857,28225,0,0
75330,5,1,0,7,1,12.209320,1.271776,28225,0,0
75340,13,0,1,15,1,12.209396,1.271772,28225,0,0
75350,2,0,0,3,1,12.208732,1.271717,28225,0,0
75360,7,2,1,11,1,12.209186,1.271773,28225,0,0
75370,14,4,2,21,1,12.209228,1.271786,28225,0,0
75380,15,1,1,18,1,12.210068,1.271879,28227,0,0
75390,16,0,0,17,1,12.210383,1.271901,28227,0,0
75400,11,1,0,13,1,12.211038,1.271969,28232,0,0
75410,9,1,0,11,1,12.211591,1.272011,28235,0,0
75420,12,2,0,15,1,12.211242,1.271969,28235,0,0
75430,19,0,0,20,1,12.212178,1.272076,28238,0,0
75440,17,3,0,21,1,12.213326,1.272206,28248,0,0
75450,10,0,0,11,1,12.213714,1.272264,28261,0,0
75460,11,0,3,15,1,12.213467,1.272231,28261,0,0
75470,7,0,1,9,1,12.213199,1.272222,28261,0,0
75480,8,0,0,9,1,12.212153,1.272112,28261,0,0
75490,11,2,3,17,1,12.212562,1.272140,28261,0,0
75500,17,3,0,21,1,12.213511,1.272216,28268,0,0
75510,14,2,1,18,1,12.214823,1.272391,28294,0,0
75520,20,3,0,24,1,12.215356,1.272431,28299,0,0
75530,19,0,1,21,1,12.216471,1.272547,28315,0,0
75540,2,1,1,5,1,12.216620,1.272561,28318,0,0
75550,15,5,0,21,1,12.217537,1.272620,28321,0,0
75560,2,0,0,3,1,12.217103,1.272562,28321,0,0
75570,9,1,1,12,1,12.216480,1.272522,28321,0,0
75580,3,0,1,5,1,12.215412,1.272407,28321,0,0
75590,8,2,1,12,1,12.215667,1.272418,28321,0,0
75600,3,0,0,4,1,12.216166,1.272486,28326,0,0
75610,8,0,0,9,1,12.215352,1.272406,28326,0,0
75620,4,1,0,6,1,12.214188,1.272264,28326,0,0
75630,2,0,0,3,1,12.213374,1.272200,28326,0,0
75640,7,0,0,8,1,12.212093,1.272072,28326,0,0
75650,17,0,0,18,1,12.212032,1.272048,28326,0,0
75660,12,1,2,16,1,12.213405,1.272212,28346,0,0
75670,16,0,2,19,1,12.214589,1.272351,28351,0,0
75680,5,0,1,7,1,12.215243,1.272426,28351,0,0
75690,5,0,0,6,1,12.214838,1.272384,28351,0,0
75700,10,0,0,11,1,12.214556,1.272360,28353,0,0
75710,14,1,4,20,1,12.215268,1.272406,28361,0,0
75720,16,2,3,22,1,12.215984,1.272463,28370,0,0
75730,19,3,0,23,1,12.216956,1.272565,28381,0,0
75740,3,1,0,5,1,12.216311,1.272524,28384,0,0
75750,1,0,1,3,1,12.215367,1.272443,28384,0,0
75760,6,1,0,8,1,12.214774,1.272364,28384,0,0
75770,15,0,0,16,1,12.215407,1.272407,28392,0,0
75780,8,0,2,11,1,12.216435,1.272531,28395,0,0
75790,4,1,2,8,1,12.215755,1.272478,28395,0,0
75800,6,1,0,8,1,12.215130,1.272411,28395,0,0
75810,17,0,2,20,1,12.214627,1.272348,28395,0,0
75820,0,0,0,0,0,12.214448,1.272354,28397,0,0
75830,2,0,0,3,1,12.213641,1.272233,28397,0,0
75840,10,0,2,13,1,12.213157,1.272157,28397,0,0
75850,7,0,0,8,1,12.214275,1.272273,28415,0,0
75860,10,1,0,12,1,12.214539,1.272301,28418,0,0
75870,8,0,3,12,1,12.214513,1.272286,28418,0,0
75880,3,0,1,5,1,12.213701,1.272199,28418,0,0
75890,19,0,0,20,1,12.213945,1.272199,28418,0,0
75900,20,2,1,24,1,12.215374,1.272361,28434,0,0
75910,13,2,3,19,1,12.216671,1.272516,28454,0,0
75920,19,1,0,21,1,12.217732,1.272645,28469,0,0
75930,20,3,5,29,1,12.219190,1.272782,28500,0,0
75940,8,0,1,10,1,12.219650,1.272854,28514,0,0
75950,4,0,0,5,1,12.218991,1.272799,28514,0,0
75960,9,2,2,14,1,12.218662,1.272742,28514,0,0
75970,10,0,0,11,1,12.218081,1.272685,28514,0,0
75980,8,0,1,10,1,12.218134,1.272700,28514,0,0
75990,14,2,0,17,1,12.219213,1.272845,28522,0,0
76000,8,1,0,10,1,12.218723,1.272798,28522,0,0
76010,5,0,0,6,1,12.217818,1.272700,28522,0,0
76020,3,1,0,5,1,12.216906,1.272626,28522,0,0
76030,6,0,0,7,1,12.216297,1.272545,28522,0,0
76040,14,3,2,20,1,12.217060,1.272610,28529,0,0
76050,5,0,1,7,1,12.217651,1.272691,28534,0,0
76060,5,0,2,8,1,12.216925,1.272612,28534,0,0
76070,6,0,0,7,1,12.215892,1.272492,28534,0,0
76080,15,1,0,17,1,12.216149,1.272505,28534,0,0
76090,13,2,3,19,1,12.216345,1.272534,28534,0,0
76100,4,1,1,7,1,12.216735,1.272561,28543,0,0
76110,8,0,0,9,1,12.216765,1.272541,28543,0,0
76120,5,1,0,7,1,12.216306,1.272499,28543,0,0
76130,5,1,1,8,1,12.216085,1.272469,28543,0,0
76140,11,1,0,13,1,12.215321,1.272386,28543,0,0
76150,3,1,0,5,1,12.214396,1.272298,28543,0,0
76160,14,1,1,17,1,12.213334,1.272207,28543,0,0
76170,13,1,0,15,1,12.213904,1.272252,28544,0,0
76180,9,2,1,13,1,12.213502,1.272202,28544,0,0
76190,19,0,3,23,1,12.214245,1.272263,28548,0,0
76200,2,0,0,3,1,12.214159,1.272265,28548,0,0
76210,9,1,0,11,1,12.213240,1.272166,28548,0,0
76220,17,0,3,21,1,12.213753,1.272221,28553,0,0
76230,6,0,0,7,1,12.213649,1.272227,28556,0,0
76240,4,0,0,5,1,12.212993,1.272166,28556,0,0
76250,20,0,1,22,1,12.213232,1.272184,28572,0,0
76260,2,0,0,3,1,12.212454,1.272122,28574,0,0
76270,2,4,0,7,1,12.211403,1.272012,28574,0,0
76280,17,0,1,19,1,12.211187,1.271959,28574,0,0
76290,16,1,0,18,1,12.212520,1.272099,28590,0,0
76300,6,1,0,8,1,12.212150,1.272052,28590,0,0
76310,9,0,1,11,1,12.211072,1.271926,28590,0,0
76320,3,0,0,4,1,12.210839,1.271905,28590,0,0
76330,3,0,0,4,1,12.209593,1.271787,28590,0,0
76340,3,0,0,4,1,12.208253,1.271665,28590,0,0
76350,20,1,3,25,1,12.208978,1.271717,28604,0,0
76360,1,2,0,4,1,12.209206,1.271771,28614,0,0
76370,2,0,0,3,1,12.208061,1.271659,28614,0,0
76380,11,0,0,12,1,12.208419,1.271665,28614,0,0
76390,20,0,0,21,1,12.209044,1.271711,28615,0,0
76400,18,3,1,23,1,12.210194,1.271836,28641,0,0
76410,8,0,1,10,1,12.211006,1.271928,28656,0,0
76420,2,0,0,3,1,12.210443,1.271854,28656,0,0
76430,0,0,0,0,0,12.209272,1.271754,28656,0,0
76440,0,0,0,1,1,12.207994,1.271626,28656,0,0
76450,6,2,2,11,1,12.206947,1.271514,28656,0,0
76460,16,0,1,18,1,12.206776,1.271480,28656,0,0
76470,20,1,2,24,1,12.207569,1.271554,28664,0,0
76480,1,1,0,3,1,12.207604,1.271551,28665,0,0
76490,11,3,1,16,1,12.208088,1.271581,28669,0,0
76500,12,2,1,16,1,12.208182,1.271582,28669,0,0
76510,0,0,0,0,0,12.207613,1.271522,28669,0,0
76520,6,1,0,8,1,12.206420,1.271410,28669,0,0
76530,0,0,0,1,1,12.205625,1.271326,28669,0,0
76540,0,0,1,2,1,12.204308,1.271209,28669,0,0
76550,20,0,2,23,1,12.204804,1.271233,28676,0,0
76560,18,1,2,22,1,12.206072,1.271369,28685,0,0
76570,13,2,2,18,1,12.206982,1.271455,28686,0,0
76580,19,1,2,23,1,12.207561,1.271503,28686,0,0
76590,3,0,0,4,1,12.208709,1.271661,28706,0,0
76600,10,1,3,15,1,12.208038,1.271612,28706,0,0
76610,8,2,2,13,1,12.208429,1.271647,28706,0,0
76620,15,0,1,17,1,12.208684,1.271653,28706,0,0
76630,7,0,0,8,1,12.207947,1.271611,28706,0,0
76640,11,1,0,13,1,12.208100,1.271608,28706,0,0
76650,0,0,2,3,1,12.208566,1.271643,28706,0,0
76660,13,1,3,18,1,12.207884,1.271566,28706,0,0
76670,7,2,1,11,1,12.207165,1.271469,28706,0,0
76680,15,2,0,18,1,12.207624,1.271505,28708,0,0
76690,11,1,0,13,1,12.208714,1.271615,28715,0,0
76700,20,1,2,24,1,12.209330,1.271657,28720,0,0
76710,5,1,0,7,1,12.208921,1.271633,28724,0,0
76720,7,0,0,8,1,12.208040,1.271534,28724,0,0
76730,5,0,0,6,1,12.207569,1.271491,28724,0,0
76740,0,0,0,1,1,12.207456,1.271489,28724,0,0
76750,11,3,0,15,1,12.207433,1.271478,28724,0,0
76760,16,2,2,21,1,12.208118,1.271543,28726,0,0
76770,14,1,0,16,1,12.209472,1.271704,28738,0,0
76780,20,1,2,24,1,12.210497,1.271792,28744,0,0
76790,12,0,0,13,1,12.211152,1.271869,28751,0,0
76800,17,0,2,20,1,12.212428,1.271985,28768,0,0
76810,11,2,0,14,1,12.212598,1.272008,28772,0,0
76820,11,0,0,12,1,12.213098,1.272055,28772,0,0
76830,2,0,1,4,1,12.212596,1.272020,28772,0,0
76840,4,0,0,5,1,12.211647,1.271917,28772,0,0
76850,20,0,1,22,1,12.212464,1.272001,28780,0,0
76860,10,1,1,13,1,12.213646,1.272131,28803,0,0
76870,18,0,0,19,1,12.214710,1.272233,28807,0,0
76880,10,0,1,12,1,12.215035,1.272270,28808,0,0
76890,19,1,4,25,1,12.215880,1.272353,28810,0,0
76900,15,2,3,21,1,12.216774,1.272431,28813,0,0
76910,5,0,1,7,1,12.217733,1.272529,28821,0,0
76920,2,0,1,4,1,12.216852,1.272429,28821,0,0
76930,7,0,0,8,1,12.216940,1.272436,28821,0,0
76940,0,0,1,2,1,12.215955,1.272340,28821,0,0
76950,20,3,1,25,1,12.216100,1.272326,28824,0,0
76960,18,3,2,24,1,12.217173,1.272445,28840,0,0
76970,4,0,0,5,1,12.217738,1.272528,28846,0,0
76980,8,0,3,12,1,12.217284,1.272460,28846,0,0
76990,1,0,0,2,1,12.216462,1.272397,28846,0,0
77000,3,0,1,5,1,12.215440,1.272285,28846,0,0
77010,15,0,1,17,1,12.215103,1.272247,28846,0,0
77020,15,1,2,19,1,12.215348,1.272245,28846,0,0
77030,11,1,1,14,1,12.216142,1.272332,28846,0,0
77040,2,0,0,3,1,12.216204,1.272380,28846,0,0
77050,7,0,0,8,1,12.215372,1.272319,28846,0,0
77060,15,2,1,19,1,12.216166,1.272357,28847,0,0
77070,12,0,0,13,1,12.216657,1.272403,28847,0,0
77080,9,0,0,10,1,12.216406,1.272384,28849,0,0
77090,15,5,1,22,1,12.217146,1.272429,28857,0,0
77100,18,5,3,27,1,12.218440,1.272575,28873,0,0
77110,16,3,1,21,1,12.219741,1.272718,28891,0,0
77120,4,1,0,6,1,12.220335,1.272790,28908,0,0
77130,1,0,0,2,1,12.219632,1.272706,28908,0,0
77140,9,0,1,11,1,12.218734,1.272611,28908,0,0
77150,0,0,0,1,1,12.218701,1.272618,28908,0,0
77160,0,0,0,0,0,12.217396,1.272496,28908,0,0
77170,7,0,0,8,1,12.216825,1.272426,28908,0,0
77180,8,0,0,9,1,12.216585,1.272405,28908,0,0
77190,14,0,0,15,1,12.216055,1.272346,28908,0,0
77200,12,0,3,16,1,12.217166,1.272452,28920,0,0
77210,3,1,0,5,1,12.216515,1.272392,28920,0,0
77220,10,2,2,15,1,12.216587,1.272400,28920,0,0
77230,8,0,1,10,1,12.217517,1.272505,28929,0,0
77240,4,0,0,5,1,12.217193,1.272470,28929,0,0
77250,5,0,2,8,1,12.216480,1.272399,28929,0,0
77260,12,3,0,16,1,12.215813,1.272309,28929,0,0
77270,13,0,2,16,1,12.216277,1.272327,28930,0,0
77280,15,4,1,21,1,12.216711,1.272358,28937,0,0
77290,13,4,0,18,1,12.217629,1.272471,28943,0,0
77300,18,5,2,26,1,12.219097,1.272627,28949,0,0
77310,16,4,1,22,1,12.220339,1.272770,28960,0,0
77320,16,1,0,18,1,12.220805,1.272822,28960,0,0
77330,19,0,3,23,1,12.221706,1.272925,28964,0,0
77340,14,0,0,15,1,12.222046,1.272969,28964,0,0
77350,2,0,0,3,1,12.222139,1.272983,28964,0,0
77360,0,0,0,0,0,12.221425,1.272901,28964,0,0
77370,4,2,1,8,1,12.220647,1.272809,28964,0,0
77380,3,1,1,6,1,12.219665,1.272722,28964,0,0
77390,0,0,0,1,1,12.220023,1.272768,28973,0,0
77400,5,0,0,6,1,12.219148,1.272677,28973,0,0
77410,9,0,0,10,1,12.218524,1.272617,28973,0,0
77420,17,0,2,20,1,12.218473,1.272602,28988,0,0
77430,14,0,1,16,1,12.218702,1.272615,28988,0,0
77440,13,0,0,14,1,12.219320,1.272673,28992,0,0
77450,15,0,1,17,1,12.219792,1.272720,29006,0,0
77460,11,0,0,12,1,12.219720,1.272704,29006,0,0
77470,11,1,5,18,1,12.220664,1.272804,29016,0,0
77480,3,0,1,5,1,12.220892,1.272832,29016,0,0
77490,10,2,1,14,1,12.221167,1.272864,29016,0,0
77500,0,0,0,0,0,12.220582,1.272803,29016,0,0
77510,1,0,0,2,1,12.219272,1.272682,29016,0,0
77520,3,0,0,4,1,12.218841,1.272635,29016,0,0
77530,0,1,2,4,1,12.218352,1.272595,29016,0,0
77540,16,0,3,20,1,12.219145,1.272669,29018,0,0
77550,8,0,1,10,1,12.218705,1.272619,29018,0,0
77560,3,1,0,5,1,12.218044,1.272571,29018,0,0
77570,6,0,2,9,1,12.216896,1.272455,29018,0,0
77580,9,0,1,11,1,12.216518,1.272400,29018,0,0
77590,7,0,0,8,1,12.216034,1.272334,29018,0,0
77600,17,0,2,20,1,12.215918,1.272314,29024,0,0
77610,9,0,0,10,1,12.216322,1.272368,29024,0,0
77620,13,0,1,15,1,12.215700,1.272289,29024,0,0
77630,7,1,1,10,1,12.216413,1.272336,29032,0,0
77640,5,0,0,6,1,12.215944,1.272279,29032,0,0
77650,9,1,1,12,1,12.215181,1.272183,29032,0,0
77660,15,1,2,19,1,12.215678,1.272231,29042,0,0
77670,9,0,1,11,1,12.215687,1.272215,29042,0,0
77680,10,1,0,12,1,12.216124,1.272250,29046,0,0
77690,14,2,1,18,1,12.216208,1.272233,29046,0,0
77700,18,1,4,24,1,12.217745,1.272397,29066,0,0
77710,19,2,1,23,1,12.218573,1.272492,29076,0,0
77720,9,3,1,14,1,12.218523,1.272480,29076,0,0
77730,3,0,0,4,1,12.218068,1.272429,29076,0,0
77740,1,0,0,2,1,12.217123,1.272334,29076,0,0
77750,0,0,0,1,1,12.215711,1.272218,29076,0,0
77760,11,1,2,15,1,12.215506,1.272160,29076,0,0
77770,6,0,0,7,1,12.214710,1.272096,29076,0,0
77780,10,1,1,13,1,12.215028,1.272092,29079,0,0
77790,8,1,0,10,1,12.215044,1.272111,29079,0,0
77800,4,0,0,5,1,12.214875,1.272085,29079,0,0
77810,2,0,0,3,1,12.213577,1.271963,29079,0,0
77820,12,0,1,14,1,12.213031,1.271883,29079,0,0
77830,16,7,4,28,1,12.214050,1.271987,29085,0,0
77840,17,2,1,21,1,12.215877,1.272198,29115,0,0
77850,14,2,1,18,1,12.216345,1.272240,29119,0,0
77860,20,0,3,24,1,12.217294,1.272333,29134,0,0
77870,12,0,2,15,1,12.217764,1.272382,29145,0,0
77880,10,0,4,15,1,12.218103,1.272399,29145,0,0
77890,14,4,0,19,1,12.218969,1.272496,29156,0,0
77900,18,1,0,20,1,12.220185,1.272633,29169,0,0
77910,10,0,0,11,1,12.221080,1.272747,29175,0,0
77920,5,0,0,6,1,12.221100,1.272749,29175,0,0
77930,18,1,7,27,1,12.221939,1.272807,29180,0,0
77940,19,0,1,21,1,12.222626,1.272867,29180,0,0
77950,3,2,0,6,1,12.223090,1.272922,29184,0,0
77960,4,0,0,5,1,12.222526,1.272858,29184,0,0
77970,12,2,1,16,1,12.221628,1.272746,29184,0,0
77980,15,1,0,17,1,12.222799,1.272851,29192,0,0
77990,3,0,0,4,1,12.222891,1.272854,29193,0,0
78000,2,0,0,3,1,12.221513,1.272743,29193,0,0
78010,18,1,4,24,1,12.222422,1.272817,29206,0,0
78020,18,2,3,24,1,12.223685,1.272947,29236,0,0
78030,15,0,0,16,1,12.224957,1.273091,29254,0,0
78040,15,1,1,18,1,12.225879,1.273155,29262,0,0
78050,4,0,1,6,1,12.226372,1.273215,29262,0,0
78060,9,0,0,10,1,12.225430,1.273108,29262,0,0
78070,6,3,1,11,1,12.224697,1.273026,29262,0,0
78080,4,0,4,9,1,12.224660,1.273028,29262,0,0
78090,11,0,0,12,1,12.224638,1.273021,29262,0,0
78100,1,2,0,4,1,12.224466,1.273003,29262,0,0
78110,18,1,2,22,1,12.224283,1.272977,29262,0,0
78120,17,2,0,20,1,12.224422,1.272992,29269,0,0
78130,1,1,0,3,1,12.224733,1.273035,29270,0,0
78140,14,2,2,19,1,12.224982,1.273032,29275,0,0
78150,7,0,3,11,1,12.225544,1.273111,29283,0,0
78160,5,1,0,7,1,12.224649,1.273011,29283,0,0
78170,2,0,1,4,1,12.224827,1.273021,29283,0,0
78180,6,3,4,14,1,12.224212,1.272950,29283,0,0
78190,1,0,1,3,1,12.224412,1.272973,29283,0,0
78200,14,1,2,18,1,12.223576,1.272875,29283,0,0
78210,8,2,0,11,1,12.223112,1.272825,29283,0,0
78220,11,0,0,12,1,12.222353,1.272724,29283,0,0
78230,11,0,1,13,1,12.222356,1.272723,29283,0,0
78240,10,0,0,11,1,12.222691,1.272763,29283,0,0
78250,18,0,2,21,1,12.223809,1.272875,29296,0,0
78260,12,1,1,15,1,12.224982,1.273015,29307,0,0
78270,18,6,0,25,1,12.225836,1.273111,29316,0,0
78280,11,1,0,13,1,12.226830,1.273216,29332,0,0
78290,19,1,4,25,1,12.228241,1.273360,29351,0,0
78300,10,1,2,14,1,12.228868,1.273429,29355,0,0
78310,3,1,0,5,1,12.228017,1.273357,29355,0,0
78320,6,0,0,7,1,12.227002,1.273267,29355,0,0
78330,0,1,1,3,1,12.225995,1.273175,29355,0,0
78340,0,0,1,2,1,12.224761,1.273035,29355,0,0
78350,14,0,1,16,1,12.224039,1.272950,29355,0,0
78360,15,0,0,16,1,12.223844,1.272933,29355,0,0
78370,17,1,1,20,1,12.224582,1.273003,29357,0,0
78380,14,0,5,20,1,12.225065,1.273033,29358,0,0
78390,19,0,1,21,1,12.226149,1.273131,29364,0,0
78400,4,0,1,6,1,12.226390,1.273146,29364,0,0
78410,2,1,1,5,1,12.225470,1.273043,29364,0,0
78420,6,1,0,8,1,12.224464,1.272959,29364,0,0
78430,1,0,0,2,1,12.223992,1.272920,29364,0,0
78440,10,0,2,13,1,12.222967,1.272790,29364,0,0
78450,19,4,1,25,1,12.224401,1.272937,29382,0,0
78460,17,0,2,20,1,12.225995,1.273130,29391,0,0
78470,11,0,0,12,1,12.225666,1.273088,29391,0,0
78480,14,1,0,16,1,12.225269,1.273041,29391,0,0
78490,15,0,0,16,1,12.225597,1.273072,29398,0,0
78500,18,1,1,21,1,12.226589,1.273189,29408,0,0
78510,15,3,0,19,1,12.227246,1.273261,29415,0,0
78520,17,1,1,20,1,12.228687,1.273435,29434,0,0
78530,12,0,6,19,1,12.229355,1.273494,29436,0,0
78540,4,1,0,6,1,12.230837,1.273669,29459,0,0
78550,12,1,1,15,1,12.230497,1.273606,29459,0,0
78560,13,4,0,18,1,12.230549,1.273597,29459,0,0
78570,7,2,1,11,1,12.230118,1.273535,29459,0,0
78580,11,1,0,13,1,12.230965,1.273640,29474,0,0
78590,8,2,0,11,1,12.230475,1.273581,29474,0,0
78600,2,2,0,5,1,12.230198,1.273552,29474,0,0
78610,2,0,1,4,1,12.229502,1.273469,29474,0,0
78620,13,2,1,17,1,12.228923,1.273391,29474,0,0
78630,5,0,1,7,1,12.228664,1.273362,29475,0,0
78640,17,1,1,20,1,12.228355,1.273315,29475,0,0
78650,10,1,0,12,1,12.228704,1.273351,29475,0,0
78660,18,0,1,20,1,12.229227,1.273392,29475,0,0
78670,16,0,2,19,1,12.230157,1.273472,29484,0,0
78680,5,0,0,6,1,12.229999,1.273452,29484,0,0
78690,2,0,0,3,1,12.228973,1.273342,29484,0,0
78700,5,0,0,6,1,12.228347,1.273281,29484,0,0
78710,15,0,1,17,1,12.228334,1.273252,29484,0,0
78720,15,1,1,18,1,12.228843,1.273315,29488,0,0
78730,1,0,0,2,1,12.228631,1.273275,29488,0,0
78740,18,4,3,26,1,12.228336,1.273243,29488,0,0
78750,9,5,0,15,1,12.229931,1.273441,29517,0,0
78760,9,2,2,14,1,12.229152,1.273351,29517,0,0
78770,7,1,0,9,1,12.228790,1.273287,29517,0,0
78780,12,0,2,15,1,12.228990,1.273298,29517,0,0
78790,16,0,0,17,1,12.229865,1.273395,29528,0,0
78800,11,1,0,13,1,12.230574,1.273479,29529,0,0
78810,4,0,0,5,1,12.230369,1.273463,29529,0,0
78820,15,2,3,21,1,12.230495,1.273454,29537,0,0
78830,16,1,2,20,1,12.231876,1.273587,29557,0,0
78840,5,1,0,7,1,12.232012,1.273608,29559,0,0
78850,5,0,0,6,1,12.231159,1.273510,29559,0,0
78860,15,5,1,22,1,12.231292,1.273492,29561,0,0
78870,18,0,0,19,1,12.232439,1.273615,29576,0,0
78880,0,0,0,0,0,12.232324,1.273622,29576,0,0
78890,11,0,1,13,1,12.231887,1.273543,29576,0,0
78900,7,0,0,8,1,12.232131,1.273582,29578,0,0
78910,8,0,0,9,1,12.231168,1.273487,29578,0,0
78920,9,1,1,12,1,12.230574,1.273410,29578,0,0
78930,12,1,2,16,1,12.230297,1.273384,29578,0,0
78940,14,1,4,20,1,12.231943,1.273557,29606,0,0
78950,12,6,2,21,1,12.232999,1.273662,29619,0,0
78960,5,1,3,10,1,12.233968,1.273775,29621,0,0
78970,10,1,0,12,1,12.234630,1.273842,29624,0,0
78980,15,0,3,19,1,12.234401,1.273817,29624,0,0
78990,11,0,0,12,1,12.235182,1.273905,29628,0,0
79000,10,3,0,14,1,12.234976,1.273884,29628,0,0
79010,7,1,3,12,1,12.235186,1.273894,29628,0,0
79020,8,1,0,10,1,12.234761,1.273850,29628,0,0
79030,20,2,1,24,1,12.234857,1.273831,29632,0,0
79040,14,2,1,18,1,12.235691,1.273925,29636,0,0
79050,10,3,1,15,1,12.236146,1.273961,29637,0,0
79060,12,1,1,15,1,12.236393,1.273998,29637,0,0
79070,8,1,2,12,1,12.237094,1.274064,29650,0,0
79080,0,0,1,2,1,12.237201,1.274091,29650,0,0
79090,11,1,0,13,1,12.236407,1.273991,29650,0,0
79100,15,1,1,18,1,12.236106,1.273947,29650,0,0
79110,2,0,0,3,1,12.236049,1.273958,29650,0,0
79120,17,1,1,20,1,12.235075,1.273856,29650,0,0
79130,12,0,0,13,1,12.234944,1.273841,29650,0,0
79140,18,2,1,22,1,12.235888,1.273933,29651,0,0
79150,4,1,0,6,1,12.236327,1.273970,29651,0,0
79160,6,3,3,13,1,12.236003,1.273916,29651,0,0
79170,11,1,1,14,1,12.236505,1.273954,29654,0,0
79180,12,9,2,24,1,12.237685,1.274080,29666,0,0
79190,10,4,2,17,1,12.238809,1.274209,29677,0,0
79200,17,1,1,20,1,12.239485,1.274279,29678,0,0
79210,18,0,0,19,1,12.239417,1.274256,29678,0,0
79220,11,0,1,13,1,12.240011,1.274319,29679,0,0
79230,3,0,0,4,1,12.239989,1.274334,29679,0,0
79240,10,1,1,13,1,12.239700,1.274292,29679,0,0
79250,12,0,0,13,1,12.239446,1.274267,29679,0,0
79260,12,1,1,15,1,12.240124,1.274330,29683,0,0
79270,19,4,1,25,1,12.241297,1.274453,29714,0,0
79280,0,0,0,1,1,12.240916,1.274427,29719,0,0
79290,8,1,0,10,1,12.240528,1.274397,29719,0,0
79300,15,3,2,21,1,12.240640,1.274405,29719,0,0
79310,11,0,0,12,1,12.241244,1.274465,29723,0,0
79320,15,2,0,18,1,12.242019,1.274551,29744,0,0
79330,14,7,0,22,1,12.242336,1.274576,29744,0,0
79340,17,3,1,22,1,12.243272,1.274671,29751,0,0
79350,8,0,1,10,1,12.242807,1.274636,29754,0,0
79360,13,0,1,15,1,12.243448,1.274698,29764,0,0
79370,6,1,0,8,1,12.243700,1.274731,29774,0,0
79380,9,1,1,12,1,12.243168,1.274673,29774,0,0
79390,0,0,0,1,1,12.242969,1.274665,29779,0,0
79400,0,0,0,0,0,12.242452,1.274617,29779,0,0
79410,7,0,0,8,1,12.242667,1.274627,29781,0,0
79420,16,2,3,22,1,12.243297,1.274685,29782,0,0
79430,14,1,2,18,1,12.244164,1.274783,29784,0,0
79440,10,0,2,13,1,12.244609,1.274845,29784,0,0
79450,5,0,0,6,1,12.243866,1.274794,29784,0,0
79460,0,0,0,1,1,12.243175,1.274712,29784,0,0
79470,18,1,0,20,1,12.243743,1.274757,29784,0,0
79480,5,2,2,10,1,12.244284,1.274816,29795,0,0
79490,7,0,1,9,1,12.243597,1.274752,29795,0,0
79500,0,0,0,1,1,12.243151,1.274699,29795,0,0
79510,4,0,0,5,1,12.242326,1.274614,29795,0,0
79520,14,3,1,19,1,12.241905,1.274566,29795,0,0
79530,17,3,2,23,1,12.242362,1.274618,29803,0,0
79540,12,3,0,16,1,12.243849,1.274780,29828,0,0
79550,19,0,2,22,1,12.244719,1.274879,29843,0,0
79560,14,4,1,20,1,12.245676,1.275005,29856,0,0
79570,2,0,0,3,1,12.245214,1.274971,29856,0,0
79580,5,0,0,6,1,12.244106,1.274867,29856,0,0
79590,3,1,0,5,1,12.244197,1.274893,29859,0,0
79600,6,0,1,8,1,12.243471,1.274829,29859,0,0
79610,14,0,0,15,1,12.243789,1.274859,29863,0,0
79620,16,2,0,19,1,12.243891,1.274830,29865,0,0
79630,12,1,2,16,1,12.244456,1.274864,29868,0,0
79640,12,2,4,19,1,12.244955,1.274909,29868,0,0
79650,3,0,0,4,1,12.244251,1.274836,29868,0,0
79660,2,0,1,4,1,12.243151,1.274718,29868,0,0
79670,20,2,1,24,1,12.243443,1.274729,29871,0,0
79680,12,4,3,20,1,12.244788,1.274882,29905,0,0
79690,16,0,2,19,1,12.245915,1.275011,29913,0,0
79700,13,0,0,14,1,12.245607,1.274973,29913,0,0
79710,18,2,5,26,1,12.246797,1.275106,29947,0,0
79720,5,0,0,6,1,12.246892,1.275131,29950,0,0
79730,8,0,2,11,1,12.246508,1.275098,29950,0,0
79740,9,1,0,11,1,12.246264,1.275086,29950,0,0
79750,6,0,2,9,1,12.245416,1.274996,29950,0,0
79760,7,0,0,8,1,12.245668,1.274989,29955,0,0
79770,3,0,2,6,1,12.244975,1.274919,29955,0,0
79780,5,1,0,7,1,12.243830,1.274805,29955,0,0
79790,0,0,0,0,0,12.242526,1.274681,29955,0,0
79800,1,0,0,2,1,12.241633,1.274570,29955,0,0
79810,3,1,2,7,1,12.241165,1.274493,29955,0,0
79820,3,0,1,5,1,12.239913,1.274386,29955,0,0
79830,16,1,0,18,1,12.239811,1.274350,29955,0,0
79840,7,1,0,9,1,12.240012,1.274379,29961,0,0
79850,1,1,0,3,1,12.238965,1.274257,29961,0,0
79860,0,0,0,0,0,12.237921,1.274162,29961,0,0
79870,1,0,0,2,1,12.237153,1.274080,29961,0,0
79880,7,0,1,9,1,12.236362,1.273983,29961,0,0
79890,1,0,0,2,1,12.235597,1.273918,29961,0,0
79900,11,1,0,13,1,12.234977,1.273836,29961,0,0
79910,7,0,2,10,1,12.234881,1.273821,29962,0,0
79920,19,4,5,29,1,12.235775,1.273904,29967,0,0
79930,10,2,0,13,1,12.236867,1.274034,29981,0,0
79940,16,5,2,24,1,12.237341,1.274056,29982,0,0
79950,20,5,2,28,1,12.239098,1.274235,30010,0,0
79960,16,0,3,20,1,12.239906,1.274339,30013,0,0
79970,17,4,3,25,1,12.241190,1.274483,30026,0,0
79980,12,0,1,14,1,12.241356,1.274497,30026,0,0
79990,9,2,3,15,1,12.241195,1.274476,30026,0,0
80000,9,0,1,11,1,12.240814,1.274436,30026,0,0
80010,1,0,0,2,1,12.240334,1.274394,30026,0,0
80020,9,1,1,12,1,12.239852,1.274324,30026,0,0
80030,6,0,2,9,1,12.239496,1.274304,30026,0,0
80040,7,0,3,11,1,12.239767,1.274337,30030,0,0
80050,12,0,0,13,1,12.239614,1.274318,30030,0,0
80060,8,2,2,13,1,12.240126,1.274373,30030,0,0
80070,11,0,0,12,1,12.240246,1.274372,30030,0,0
80080,9,0,2,12,1,12.240693,1.274434,30030,0,0
80090,4,1,2,8,1,12.240273,1.274389,30030,0,0
80100,2,2,0,5,1,12.239310,1.274313,30030,0,0
80110,4,2,0,7,1,12.238172,1.274195,30030,0,0
80120,3,0,0,4,1,12.237357,1.274122,30030,0,0
80130,4,0,4,9,1,12.236818,1.274054,30030,0,0
80140,9,1,0,11,1,12.235971,1.273938,30030,0,0
80150,17,0,0,18,1,12.237055,1.274038,30040,0,0
80160,19,2,4,26,1,12.237782,1.274102,30049,0,0
80170,20,0,1,22,1,12.238800,1.274224,30059,0,0
80180,20,2,5,28,1,12.239581,1.274309,30069,0,0
80190,19,3,1,24,1,12.240844,1.274462,30089,0,0
80200,15,6,0,22,1,12.242562,1.274658,30104,0,0
80210,18,4,4,27,1,12.243818,1.274797,30113,0,0
80220,4,2,0,7,1,12.244374,1.274840,30124,0,0
80230,1,0,0,2,1,12.243754,1.274770,30124,0,0
80240,3,0,0,4,1,12.242527,1.274649,30124,0,0
80250,4,0,1,6,1,12.241403,1.274546,30124,0,0
80260,0,1,0,2,1,12.240495,1.274436,30124,0,0
80270,1,0,0,2,1,12.239499,1.274343,30124,0,0
80280,3,1,0,5,1,12.238651,1.274241,30124,0,0
80290,0,0,0,1,1,12.237454,1.274143,30124,0,0
80300,2,0,0,3,1,12.236538,1.274030,30124,0,0
80310,16,0,0,17,1,12.235541,1.273921,30124,0,0
80320,17,4,1,23,1,12.236267,1.273992,30130,0,0
80330,20,3,6,30,1,12.237437,1.274118,30155,0,0
80340,16,0,0,17,1,12.238198,1.274216,30164,0,0
80350,7,0,1,9,1,12.238230,1.274234,30167,0,0
80360,2,0,1,4,1,12.238188,1.274223,30167,0,0
80370,4,1,0,6,1,12.237429,1.274128,30167,0,0
80380,6,3,0,10,1,12.238118,1.274213,30178,0,0
80390,15,1,1,18,1,12.237880,1.274157,30178,0,0
80400,16,2,0,19,1,12.239179,1.274276,30197,0,0
80410,17,3,3,24,1,12.240298,1.274395,30207,0,0
80420,1,0,1,3,1,12.240479,1.274421,30207,0,0
80430,0,1,0,2,1,12.239484,1.274316,30207,0,0
80440,0,0,0,1,1,12.238319,1.274211,30207,0,0
80450,0,0,0,0,0,12.237559,1.274132,30207,0,0
80460,6,0,1,8,1,12.237136,1.274075,30207,0,0
80470,9,4,0,14,1,12.236296,1.273983,30207,0,0
80480,16,3,0,20,1,12.236945,1.274050,30216,0,0
80490,11,1,0,13,1,12.237693,1.274120,30226,0,0
80500,8,0,0,9,1,12.236718,1.274038,30226,0,0
80510,9,1,1,12,1,12.236044,1.273960,30226,0,0
80520,7,1,0,9,1,12.236215,1.273968,30226,0,0
80530,10,2,3,16,1,12.236690,1.274029,30229,0,0
80540,14,2,2,19,1,12.236816,1.274026,30229,0,0
80550,15,1,2,19,1,12.237350,1.274072,30238,0,0
80560,1,0,1,3,1,12.236861,1.274032,30238,0,0
80570,18,2,0,21,1,12.236468,1.273983,30249,0,0
80580,9,2,2,14,1,12.237507,1.274105,30259,0,0
80590,11,0,4,16,1,12.237116,1.274067,30259,0,0
80600,1,1,0,3,1,12.236729,1.274058,30259,0,0
80610,20,0,1,22,1,12.237413,1.274110,30271,0,0
80620,10,0,1,12,1,12.237856,1.274161,30274,0,0
80630,18,4,1,24,1,12.238701,1.274251,30290,0,0
80640,14,3,0,18,1,12.239595,1.274357,30291,0,0
80650,9,1,1,12,1,12.238967,1.274310,30291,0,0
80660,19,0,0,20,1,12.239103,1.274306,30291,0,0
80670,20,1,0,22,1,12.239744,1.274358,30302,0,0
80680,15,0,4,20,1,12.241255,1.274532,30333,0,0
80690,18,0,2,21,1,12.242252,1.274616,30342,0,0
80700,16,0,1,18,1,12.243617,1.274771,30359,0,0
80710,4,0,1,6,1,12.244145,1.274854,30359,0,0
80720,6,1,0,8,1,12.243132,1.274736,30359,0,0
80730,1,0,0,2,1,12.243191,1.274737,30377,0,0
80740,8,2,1,12,1,12.243401,1.274749,30377,0,0
80750,11,1,0,13,1,12.244198,1.274824,30381,0,0
80760,7,0,1,9,1,12.244601,1.274846,30382,0,0
80770,8,0,1,10,1,12.244041,1.274773,30382,0,0
80780,11,4,2,18,1,12.244373,1.274791,30389,0,0
80790,1,0,3,5,1,12.245051,1.274879,30396,0,0
80800,0,0,0,1,1,12.243874,1.274771,30396,0,0
80810,3,2,0,6,1,12.242723,1.274658,30396,0,0
80820,16,0,2,19,1,12.243043,1.274668,30398,0,0
80830,17,2,2,22,1,12.243814,1.274729,30402,0,0
80840,9,2,2,14,1,12.244408,1.274800,30409,0,0
80850,13,0,0,14,1,12.244634,1.274790,30410,0,0
80860,13,1,1,16,1,12.245674,1.274908,30431,0,0
80870,20,0,8,29,1,12.245802,1.274911,30433,0,0
80880,1,2,0,4,1,12.246336,1.275008,30451,0,0
80890,13,1,2,17,1,12.246045,1.274970,30451,0,0
80900,8,2,1,12,1,12.246523,1.275028,30452,0,0
80910,18,2,1,22,1,12.247125,1.275118,30455,0,0
80920,20,4,1,26,1,12.248282,1.275241,30467,0,0
80930,19,1,0,21,1,12.249326,1.275351,30487,0,0
80940,16,2,1,20,1,12.250313,1.275449,30499,0,0
80950,17,4,2,24,1,12.251030,1.275525,30504,0,0
80960,6,0,0,7,1,12.251909,1.275643,30504,0,0
80970,12,4,1,18,1,12.251201,1.275548,30504,0,0
80980,14,1,3,19,1,12.252133,1.275649,30510,0,0
80990,16,0,0,17,1,12.252339,1.275670,30510,0,0
81000,8,1,2,12,1,12.252252,1.275668,30510,0,0
81010,14,1,0,16,1,12.252480,1.275690,30516,0,0
81020,0,0,0,0,0,12.251962,1.275643,30516,0,0
81030,11,0,1,13,1,12.251980,1.275618,30517,0,0
81040,15,0,0,16,1,12.252506,1.275657,30517,0,0
81050,7,2,1,11,1,12.252438,1.275655,30517,0,0
81060,2,0,0,3,1,12.252721,1.275671,30518,0,0
81070,7,0,1,9,1,12.251975,1.275580,30518,0,0
81080,19,2,8,30,1,12.252911,1.275675,30524,0,0
81090,17,4,0,22,1,12.254157,1.275821,30558,0,0
81100,20,4,1,26,1,12.255067,1.275909,30562,0,0
81110,20,3,0,24,1,12.255706,1.275954,30566,0,0
81120,10,5,4,20,1,12.256269,1.276008,30576,0,0
81130,13,2,1,17,1,12.256523,1.276020,30576,0,0
81140,6,1,0,8,1,12.256814,1.276054,30582,0,0
81150,2,0,1,4,1,12.256097,1.275997,30582,0,0
81160,0,0,0,1,1,12.255101,1.275900,30582,0,0
81170,1,0,1,3,1,12.254183,1.275801,30582,0,0
81180,12,1,0,14,1,12.253666,1.275729,30582,0,0
81190,7,0,0,8,1,12.253935,1.275767,30582,0,0
81200,12,0,0,13,1,12.254454,1.275815,30589,0,0
81210,0,0,0,0,0,12.253953,1.275794,30589,0,0
81220,20,0,2,23,1,12.253639,1.275758,30591,0,0
81230,11,0,2,14,1,12.254163,1.275829,30599,0,0
81240,0,0,0,0,0,12.253350,1.275744,30599,0,0
81250,3,1,0,5,1,12.252804,1.275663,30599,0,0
81260,10,1,5,17,1,12.253327,1.275716,30599,0,0
81270,3,1,0,5,1,12.253878,1.275782,30599,0,0
81280,5,0,0,6,1,12.252904,1.275677,30599,0,0
81290,1,1,0,3,1,12.252765,1.275661,30599,0,0
81300,5,1,0,7,1,12.251969,1.275555,30599,0,0
81310,0,0,0,1,1,12.251025,1.275462,30599,0,0
81320,20,0,2,23,1,12.251057,1.275449,30604,0,0
81330,4,0,0,5,1,12.251317,1.275511,30610,0,0
81340,4,2,1,8,1,12.250387,1.275411,30610,0,0
81350,16,1,0,18,1,12.250129,1.275390,30610,0,0
81360,4,0,1,6,1,12.250381,1.275431,30611,0,0
81370,15,3,1,20,1,12.250200,1.275391,30620,0,0
81380,16,0,0,17,1,12.250482,1.275427,30620,0,0
81390,15,3,2,21,1,12.251518,1.275552,30636,0,0
81400,7,0,0,8,1,12.251831,1.275592,30636,0,0
81410,12,1,0,14,1,12.251373,1.275550,30636,0,0
81420,1,0,0,2,1,12.251311,1.275555,30636,0,0
81430,6,0,0,7,1,12.250757,1.275481,30636,0,0
81440,2,0,1,4,1,12.249895,1.275398,30636,0,0
81450,0,0,0,1,1,12.249979,1.275402,30641,0,0
81460,3,0,0,4,1,12.248784,1.275297,30641,0,0
81470,6,2,1,10,1,12.247967,1.275202,30641,0,0
81480,4,0,1,6,1,12.247061,1.275103,30641,0,0
81490,8,2,0,11,1,12.246705,1.275060,30641,0,0
81500,7,0,0,8,1,12.247402,1.275129,30643,0,0
81510,17,1,2,21,1,12.247006,1.275073,30643,0,0
81520,16,2,2,21,1,12.248162,1.275192,30664,0,0
81530,18,0,0,19,1,12.248200,1.275207,30665,0,0
81540,14,0,2,17,1,12.249279,1.275343,30667,0,0
81550,9,1,1,12,1,12.249373,1.275351,30667,0,0
81560,8,1,0,10,1,12.249350,1.275344,30667,0,0
81570,12,1,0,14,1,12.249341,1.275341,30667,0,0
81580,20,3,1,25,1,12.249970,1.275407,30682,0,0
81590,20,3,0,24,1,12.251438,1.275551,30703,0,0
81600,14,0,1,16,1,12.252523,1.275668,30724,0,0
81610,1,1,0,3,1,12.251685,1.275613,30724,0,0
81620,2,0,1,4,1,12.250891,1.275503,30724,0,0
81630,14,0,0,15,1,12.249919,1.275405,30724,0,0
81640,16,0,1,18,1,12.250652,1.275486,30730,0,0
81650,19,2,2,24,1,12.252093,1.275619,30744,0,0
81660,3,0,0,4,1,12.252643,1.275707,30756,0,0
81670,1,2,1,5,1,12.251809,1.275613,30756,0,0
81680,14,2,0,17,1,12.251471,1.275580,30758,0,0
81690,18,0,1,20,1,12.252597,1.275684,30770,0,0
81700,7,1,0,9,1,12.252941,1.275722,30770,0,0
81710,16,0,1,18,1,12.252532,1.275684,30770,0,0
81720,20,0,4,25,1,12.253879,1.275828,30792,0,0
81730,2,0,0,3,1,12.253344,1.275795,30792,0,0
81740,14,1,0,16,1,12.252978,1.275747,30796,0,0
81750,9,3,1,14,1,12.253350,1.275783,30796,0,0
81760,9,2,1,13,1,12.253885,1.275843,30802,0,0
81770,14,1,4,20,1,12.254727,1.275926,30809,0,0
81780,13,0,3,17,1,12.255180,1.275967,30811,0,0
81790,8,1,1,11,1,12.255594,1.276018,30811,0,0
81800,4,0,0,5,1,12.255649,1.276013,30813,0,0
81810,6,1,1,9,1,12.255387,1.275979,30813,0,0
81820,13,2,2,18,1,12.255557,1.275979,30813,0,0
81830,7,4,0,12,1,12.255333,1.275948,30814,0,0
81840,12,0,0,13,1,12.255854,1.275994,30820,0,0
81850,1,0,0,2,1,12.255099,1.275928,30820,0,0
81860,1,0,0,2,1,12.254308,1.275833,30820,0,0
81870,5,1,0,7,1,12.253409,1.275746,30820,0,0
81880,20,2,0,23,1,12.253166,1.275729,30821,0,0
81890,15,2,0,18,1,12.253697,1.275797,30829,0,0
81900,9,3,1,14,1,12.254424,1.275866,30836,0,0
81910,2,0,2,5,1,12.254431,1.275874,30836,0,0
81920,9,0,0,10,1,12.253599,1.275795,30836,0,0
81930,10,0,1,12,1,12.253957,1.275833,30837,0,0
81940,13,0,3,17,1,12.254341,1.275858,30839,0,0
81950,1,0,2,4,1,12.254196,1.275864,30844,0,0
81960,5,0,0,6,1,12.253009,1.275757,30844,0,0
81970,2,0,0,3,1,12.252112,1.275670,30844,0,0
81980,19,0,0,20,1,12.252641,1.275696,30854,0,0
81990,13,0,1,15,1,12.253443,1.275780,30858,0,0
82000,4,0,1,6,1,12.253036,1.275719,30859,0,0
82010,18,1,4,24,1,12.252520,1.275638,30862,0,0
82020,0,0,0,0,0,12.252670,1.275673,30865,0,0
82030,17,2,1,21,1,12.252498,1.275646,30866,0,0
82040,15,0,0,16,1,12.253154,1.275698,30868,0,0
82050,6,0,0,7,1,12.254043,1.275804,30873,0,0
82060,12,3,3,19,1,12.254252,1.275809,30873,0,0
82070,16,1,2,20,1,12.255474,1.275912,30883,0,0
82080,16,1,2,20,1,12.256534,1.276026,30889,0,0
82090,1,0,1,3,1,12.256239,1.276021,30889,0,0
82100,3,1,1,6,1,12.255527,1.275967,30889,0,0
82110,3,0,0,4,1,12.254548,1.275855,30889,0,0
82120,5,1,0,7,1,12.253848,1.275760,30889,0,0
82130,0,0,0,1,1,12.252990,1.275680,30889,0,0
82140,19,1,0,21,1,12.253454,1.275695,30900,0,0
82150,17,2,1,21,1,12.255044,1.275867,30923,0,0
82160,9,3,1,14,1,12.254536,1.275823,30923,0,0
82170,6,0,1,8,1,12.254327,1.275797,30923,0,0
82180,8,0,1,10,1,12.253444,1.275691,30923,0,0
82190,2,0,1,4,1,12.252646,1.275624,30923,0,0
82200,18,6,0,25,1,12.252261,1.275574,30923,0,0
82210,16,1,3,21,1,12.253447,1.275706,30940,0,0
82220,20,3,0,24,1,12.254471,1.275811,30946,0,0
82230,20,2,1,24,1,12.255782,1.275980,30971,0,0
82240,11,1,2,15,1,12.256683,1.276078,30981,0,0
82250,15,0,0,16,1,12.257375,1.276151,30984,0,0
82260,5,0,0,6,1,12.257309,1.276136,30985,0,0
82270,18,4,3,26,1,12.257545,1.276131,30985,0,0
82280,20,2,2,25,1,12.258850,1.276283,31015,0,0
82290,16,1,0,18,1,12.259485,1.276351,31027,0,0
82300,11,0,2,14,1,12.260320,1.276427,31028,0,0
82310,19,1,0,21,1,12.261539,1.276573,31043,0,0
82320,20,0,0,21,1,12.262120,1.276614,31046,0,0
82330,2,0,0,3,1,12.262467,1.276684,31046,0,0
82340,14,0,1,16,1,12.261828,1.276615,31046,0,0
82350,20,0,5,26,1,12.262726,1.276725,31068,0,0
82360,16,0,3,20,1,12.263790,1.276856,31084,0,0
82370,11,2,0,14,1,12.264790,1.276985,31103,0,0
82380,3,0,0,4,1,12.264439,1.276939,31103,0,0
82390,1,0,0,2,1,12.263327,1.276815,31103,0,0
82400,10,2,1,14,1,12.263290,1.276803,31103,0,0
82410,12,1,1,15,1,12.263419,1.276812,31103,0,0
82420,5,0,2,8,1,12.263773,1.276849,31103,0,0
82430,0,0,0,0,0,12.263375,1.276807,31105,0,0
82440,1,0,0,2,1,12.262558,1.276738,31105,0,0
82450,0,0,0,1,1,12.261895,1.276677,31105,0,0
82460,8,1,0,10,1,12.260891,1.276565,31105,0,0
82470,20,1,1,23,1,12.261603,1.276617,31112,0,0
82480,8,0,1,10,1,12.262716,1.276771,31126,0,0
82490,15,0,0,16,1,12.262567,1.276745,31126,0,0
82500,4,0,1,6,1,12.262840,1.276762,31126,0,0
82510,14,1,0,16,1,12.261949,1.276672,31126,0,0
82520,7,1,1,10,1,12.262652,1.276739,31130,0,0
82530,10,1,0,12,1,12.263261,1.276801,31139,0,0
82540,17,0,3,21,1,12.263943,1.276853,31144,0,0
82550,20,3,0,24,1,12.265766,1.277064,31167,0,0
82560,13,0,3,17,1,12.266697,1.277161,31182,0,0
82570,13,1,0,15,1,12.267368,1.277226,31185,0,0
82580,14,1,1,17,1,12.268018,1.277289,31193,0,0
82590,15,3,2,21,1,12.268150,1.277293,31193,0,0
82600,15,2,0,18,1,12.269071,1.277392,31206,0,0
82610,7,0,0,8,1,12.269134,1.277395,31206,0,0
82620,14,0,1,16,1,12.269301,1.277400,31206,0,0
82630,13,1,3,18,1,12.269904,1.277456,31206,0,0
82640,3,0,0,4,1,12.270109,1.277494,31208,0,0
82650,16,1,2,20,1,12.270059,1.277471,31210,0,0
82660,13,1,1,16,1,12.270607,1.277528,31219,0,0
82670,15,0,1,17,1,12.271681,1.277648,31233,0,0
82680,0,0,0,1,1,12.270924,1.277579,31233,0,0
82690,15,5,4,25,1,12.271039,1.277577,31238,0,0
82700,11,1,2,15,1,12.272146,1.277716,31254,0,0
82710,19,3,4,27,1,12.272846,1.277757,31256,0,0
82720,14,0,2,17,1,12.274258,1.277925,31278,0,0
82730,4,1,2,8,1,12.274107,1.277914,31280,0,0
82740,8,2,4,15,1,12.274219,1.277908,31280,0,0
82750,15,3,1,20,1,12.275351,1.278016,31290,0,0
82760,10,1,1,13,1,12.274988,1.277988,31290,0,0
82770,4,0,0,5,1,12.274949,1.277987,31290,0,0
82780,15,0,0,16,1,12.274792,1.277963,31290,0,0
82790,3,0,1,5,1,12.274808,1.277978,31290,0,0
82800,4,0,0,5,1,12.273813,1.277878,31290,0,0
82810,1,0,0,2,1,12.272827,1.277775,31290,0,0
82820,16,1,0,18,1,12.272469,1.277722,31292,0,0
82830,3,0,0,4,1,12.271868,1.277669,31292,0,0
82840,4,0,0,5,1,12.271122,1.277606,31292,0,0
82850,5,0,1,7,1,12.270280,1.277529,31292,0,0
82860,13,4,0,18,1,12.269831,1.277473,31292,0,0
82870,11,1,1,14,1,12.270444,1.277553,31306,0,0
82880,0,1,0,2,1,12.270133,1.277521,31306,0,0
82890,14,2,2,19,1,12.270313,1.277528,31307,0,0
82900,10,0,1,12,1,12.270376,1.277541,31307,0,0
82910,5,0,1,7,1,12.269329,1.277432,31307,0,0
82920,12,2,0,15,1,12.268801,1.277386,31307,0,0
82930,10,1,4,16,1,12.269140,1.277416,31310,0,0
82940,10,0,1,12,1,12.268684,1.277370,31310,0,0
82950,7,1,0,9,1,12.267823,1.277282,31310,0,0
82960,7,0,3,11,1,12.268029,1.277291,31316,0,0
82970,19,0,0,20,1,12.267902,1.277259,31318,0,0
82980,7,1,0,9,1,12.268485,1.277326,31325,0,0
82990,1,1,0,3,1,12.267763,1.277254,31325,0,0
83000,4,0,0,5,1,12.267322,1.277192,31325,0,0
83010,10,1,5,17,1,12.267390,1.277164,31325,0,0
83020,18,0,3,22,1,12.268244,1.277216,31334,0,0
83030,18,4,0,23,1,12.269124,1.277297,31337,0,0
83040,9,1,2,13,1,12.269223,1.277309,31339,0,0
83050,12,1,5,19,1,12.269322,1.277305,31339,0,0
83060,19,0,9,29,1,12.270475,1.277410,31347,0,0
83070,8,1,0,10,1,12.271362,1.277512,31353,0,0
83080,7,1,1,10,1,12.271046,1.277463,31353,0,0
83090,18,1,1,21,1,12.271413,1.277497,31358,0,0
83100,19,1,1,22,1,12.272247,1.277579,31361,0,0
83110,7,1,3,12,1,12.272483,1.277573,31361,0,0
83120,14,3,0,18,1,12.272753,1.277582,31364,0,0
83130,6,0,1,8,1,12.273453,1.277657,31372,0,0
83140,1,0,0,2,1,12.272420,1.277572,31372,0,0
83150,10,4,0,15,1,12.271770,1.277493,31372,0,0
83160,4,0,1,6,1,12.272218,1.277540,31378,0,0
83170,6,0,0,7,1,12.271516,1.277469,31378,0,0
83180,10,0,1,12,1,12.271691,1.277485,31378,0,0
83190,13,1,0,15,1,12.272095,1.277526,31378,0,0
83200,17,1,0,19,1,12.272981,1.277625,31385,0,0
83210,8,2,0,11,1,12.274018,1.277749,31402,0,0
83220,16,3,1,21,1,12.273890,1.277731,31402,0,0
83230,0,0,0,1,1,12.274030,1.277748,31407,0,0
83240,8,0,0,9,1,12.272913,1.277650,31407,0,0
83250,19,2,2,24,1,12.273038,1.277636,31418,0,0
83260,1,0,0,2,1,12.272695,1.277634,31418,0,0
83270,8,0,0,9,1,12.271806,1.277536,31418,0,0
83280,0,0,0,1,1,12.271298,1.277482,31418,0,0
83290,0,1,0,2,1,12.270079,1.277381,31418,0,0
83300,5,0,0,6,1,12.269378,1.277308,31418,0,0
83310,3,0,0,4,1,12.268750,1.277225,31418,0,0
83320,17,3,2,23,1,12.269137,1.277257,31425,0,0
83330,9,0,2,12,1,12.268667,1.277233,31425,0,0
83340,6,0,0,7,1,12.267886,1.277159,31425,0,0
83350,11,2,1,15,1,12.267633,1.277136,31425,0,0
83360,15,0,0,16,1,12.268184,1.277179,31429,0,0
83370,9,2,0,12,1,12.268538,1.277210,31431,0,0
83380,13,1,1,16,1,12.269542,1.277321,31456,0,0
83390,0,1,1,3,1,12.269087,1.277290,31456,0,0
83400,0,1,1,3,1,12.268304,1.277194,31456,0,0
83410,3,0,0,4,1,12.267200,1.277082,31456,0,0
83420,5,0,0,6,1,12.266000,1.276954,31456,0,0
83430,11,0,0,12,1,12.265131,1.276848,31456,0,0
83440,18,1,3,23,1,12.265278,1.276838,31456,0,0
83450,20,2,2,25,1,12.266287,1.276949,31473,0,0
83460,19,5,1,26,1,12.267396,1.277060,31500,0,0
83470,0,1,2,4,1,12.267779,1.277125,31504,0,0
83480,0,0,0,1,1,12.267095,1.277064,31504,0,0
83490,0,0,0,0,0,12.266312,1.276973,31504,0,0
83500,17,5,2,25,1,12.266389,1.276970,31514,0,0
83510,17,1,5,24,1,12.267990,1.277154,31538,0,0
83520,17,0,0,18,1,12.268693,1.277239,31547,0,0
83530,12,0,0,13,1,12.268566,1.277237,31547,0,0
83540,6,0,0,7,1,12.268521,1.277226,31547,0,0
83550,1,0,0,2,1,12.267663,1.277119,31547,0,0
83560,3,0,0,4,1,12.267091,1.277050,31547,0,0
83570,11,1,0,13,1,12.266603,1.276991,31547,0,0
83580,11,0,2,14,1,12.266104,1.276941,31547,0,0
83590,20,3,0,24,1,12.266973,1.277012,31549,0,0
83600,19,2,0,22,1,12.268407,1.277175,31574,0,0
83610,17,3,5,26,1,12.269154,1.277252,31583,0,0
83620,19,1,2,23,1,12.270795,1.277436,31601,0,0
83630,12,1,5,19,1,12.271859,1.277550,31611,0,0
83640,13,0,1,15,1,12.272847,1.277669,31616,0,0
83650,14,5,1,21,1,12.273349,1.277732,31616,0,0
83660,17,1,1,20,1,12.274040,1.277797,31616,0,0
83670,16,2,0,19,1,12.274760,1.277859,31620,0,0
83680,16,1,2,20,1,12.275009,1.277874,31623,0,0
83690,14,1,0,16,1,12.275041,1.277872,31623,0,0
83700,4,1,0,6,1,12.274197,1.277769,31623,0,0
83710,6,0,0,7,1,12.273869,1.277739,31623,0,0
83720,12,0,3,16,1,12.273618,1.277696,31623,0,0
83730,18,0,5,24,1,12.274543,1.277780,31631,0,0
83740,6,1,0,8,1,12.274921,1.277833,31631,0,0
83750,9,0,0,10,1,12.274179,1.277759,31631,0,0
83760,8,1,0,10,1,12.274962,1.277838,31637,0,0
83770,0,0,0,0,0,12.273863,1.277735,31637,0,0
83780,20,4,3,28,1,12.274589,1.277801,31665,0,0
83790,18,0,0,19,1,12.275960,1.277940,31681,0,0
83800,19,1,0,21,1,12.276592,1.278016,31684,0,0
83810,19,5,1,26,1,12.277748,1.278109,31697,0,0
83820,10,1,0,12,1,12.278276,1.278174,31710,0,0
83830,11,1,0,13,1,12.278061,1.278161,31710,0,0
83840,18,3,3,25,1,12.278398,1.278188,31710,0,0
83850,19,0,0,20,1,12.279534,1.278297,31716,0,0
83860,10,0,0,11,1,12.279977,1.278361,31719,0,0
83870,11,0,0,12,1,12.279773,1.278341,31721,0,0
83880,7,1,0,9,1,12.278887,1.278255,31721,0,0
83890,13,1,1,16,1,12.279060,1.278266,31721,0,0
83900,18,0,0,19,1,12.279624,1.278335,31724,0,0
83910,6,0,0,7,1,12.279741,1.278367,31726,0,0
83920,15,1,1,18,1,12.280526,1.278447,31739,0,0
83930,5,1,0,7,1,12.280212,1.278438,31739,0,0
83940,11,3,2,17,1,12.280421,1.278436,31739,0,0
83950,19,2,1,23,1,12.281594,1.278539,31760,0,0
83960,8,3,0,12,1,12.282110,1.278582,31770,0,0
83970,9,0,0,10,1,12.281179,1.278503,31770,0,0
83980,0,0,0,0,0,12.280406,1.278442,31770,0,0
83990,12,0,2,15,1,12.279927,1.278371,31770,0,0
84000,6,2,2,11,1,12.279742,1.278336,31770,0,0
84010,3,0,1,5,1,12.278872,1.278233,31770,0,0
84020,11,4,2,18,1,12.278053,1.278138,31770,0,0
84030,20,0,2,23,1,12.278805,1.278209,31775,0,0
84040,15,0,0,16,1,12.279249,1.278242,31778,0,0
84050,18,1,2,22,1,12.279442,1.278258,31782,0,0
84060,16,0,1,18,1,12.280309,1.278358,31788,0,0
84070,11,1,0,13,1,12.280637,1.278400,31788,0,0
84080,20,4,2,27,1,12.280808,1.278391,31795,0,0
84090,7,0,0,8,1,12.281446,1.278449,31801,0,0
84100,7,0,0,8,1,12.281453,1.278450,31801,0,0
84110,16,2,0,19,1,12.281904,1.278513,31830,0,0
84120,13,0,1,15,1,12.282236,1.278554,31830,0,0
84130,4,0,0,5,1,12.281495,1.278495,31830,0,0
84140,2,0,1,4,1,12.280619,1.278426,31830,0,0
84150,5,1,2,9,1,12.279640,1.278333,31830,0,0
84160,4,1,3,9,1,12.278876,1.278255,31830,0,0
84170,17,1,3,22,1,12.279090,1.278268,31831,0,0
84180,4,0,1,6,1,12.279915,1.278364,31839,0,0
84190,9,0,0,10,1,12.279330,1.278270,31839,0,0
84200,15,0,4,20,1,12.280004,1.278349,31851,0,0
84210,12,0,1,14,1,12.281125,1.278480,31864,0,0
84220,19,0,1,21,1,12.281584,1.278511,31869,0,0
84230,10,0,1,12,1,12.282324,1.278594,31874,0,0
84240,1,0,0,2,1,12.281458,1.278500,31874,0,0
84250,16,0,0,17,1,12.281904,1.278540,31888,0,0
84260,20,1,1,23,1,12.281757,1.278533,31888,0,0
84270,7,0,0,8,1,12.282144,1.278579,31897,0,0
84280,5,0,1,7,1,12.282079,1.278552,31897,0,0
84290,0,0,0,0,0,12.282014,1.278522,31899,0,0
84300,20,4,0,25,1,12.282281,1.278529,31915,0,0
84310,2,0,0,3,1,12.282966,1.278637,31928,0,0
84320,12,1,1,15,1,12.282345,1.278558,31928,0,0
84330,17,2,0,20,1,12.282807,1.278589,31929,0,0
84340,15,2,0,18,1,12.283812,1.278683,31938,0,0
84350,9,2,0,12,1,12.284813,1.278788,31953,0,0
84360,2,1,1,5,1,12.285706,1.278886,31970,0,0
84370,0,0,0,0,0,12.285084,1.278836,31970,0,0
84380,0,0,0,0,0,12.284032,1.278720,31970,0,0
84390,6,0,2,9,1,12.283346,1.278636,31970,0,0
84400,11,3,1,16,1,12.283009,1.278595,31970,0,0
84410,14,2,5,22,1,12.283885,1.278683,31970,0,0
84420,19,0,3,23,1,12.285015,1.278810,31991,0,0
84430,17,0,2,20,1,12.285968,1.278900,31994,0,0
84440,6,0,1,8,1,12.286620,1.278976,32000,0,0
84450,13,1,2,17,1,12.286510,1.278931,32000,0,0
84460,20,0,2,23,1,12.287183,1.279000,32002,0,0
84470,9,1,0,11,1,12.287511,1.279034,32005,0,0
84480,19,1,2,23,1,12.287804,1.279065,32016,0,0
84490,16,3,0,20,1,12.288903,1.279211,32029,0,0
84500,13,0,0,14,1,12.289307,1.279256,32029,0,0
84510,20,0,1,22,1,12.289995,1.279331,32038,0,0
84520,9,3,2,15,1,12.291046,1.279459,32057,0,0
84530,17,2,2,22,1,12.292251,1.279585,32072,0,0
84540,12,3,0,16,1,12.292884,1.279661,32072,0,0
84550,8,1,1,11,1,12.293146,1.279693,32080,0,0
84560,6,0,2,9,1,12.292827,1.279637,32080,0,0
84570,11,0,0,12,1,12.291872,1.279538,32080,0,0
84580,3,0,1,5,1,12.291170,1.279459,32080,0,0
84590,0,0,0,0,0,12.290212,1.279376,32080,0,0
84600,11,0,1,13,1,12.290132,1.279348,32080,0,0
84610,10,0,0,11,1,12.290236,1.279360,32082,0,0
84620,0,0,0,0,0,12.289570,1.279305,32082,0,0
84630,6,3,2,12,1,12.288732,1.279209,32082,0,0
84640,3,1,0,5,1,12.287799,1.279097,32082,0,0
84650,16,2,1,20,1,12.287614,1.279082,32082,0,0
84660,4,1,0,6,1,12.288090,1.279150,32092,0,0
84670,4,0,0,5,1,12.286898,1.279042,32092,0,0
84680,5,0,1,7,1,12.285967,1.278948,32092,0,0
84690,10,2,0,13,1,12.285432,1.278875,32092,0,0
84700,5,0,0,6,1,12.285728,1.278898,32096,0,0
84710,5,0,0,6,1,12.284961,1.278820,32096,0,0
84720,11,0,0,12,1,12.284328,1.278736,32096,0,0
84730,15,2,0,18,1,12.284895,1.278798,32097,0,0
84740,2,2,0,5,1,12.285293,1.278828,32099,0,0
84750,10,2,0,13,1,12.284229,1.278718,32099,0,0
84760,6,1,1,9,1,12.284128,1.278699,32099,0,0
84770,10,0,0,11,1,12.284300,1.278717,32099,0,0
84780,12,1,1,15,1,12.284413,1.278712,32099,0,0
84790,18,1,0,20,1,12.285305,1.278805,32114,0,0
84800,8,0,1,10,1,12.286007,1.278867,32118,0,0
84810,13,2,0,16,1,12.285296,1.278784,32118,0,0
84820,4,2,0,7,1,12.286003,1.278848,32123,0,0
84830,0,0,0,0,0,12.284974,1.278730,32123,0,0
84840,0,1,0,2,1,12.284625,1.278697,32123,0,0
84850,8,2,0,11,1,12.284225,1.278655,32123,0,0
84860,16,2,1,20,1,12.285008,1.278725,32125,0,0
84870,3,0,0,4,1,12.284610,1.278708,32125,0,0
84880,6,0,0,7,1,12.283942,1.278623,32125,0,0
84890,2,1,0,4,1,12.283187,1.278556,32125,0,0
84900,11,0,2,14,1,12.282583,1.278468,32125,0,0
84910,0,0,0,1,1,12.281547,1.278374,32125,0,0
84920,14,3,1,19,1,12.281520,1.278353,32126,0,0
84930,4,1,0,6,1,12.281560,1.278377,32126,0,0
84940,0,0,0,0,0,12.280551,1.278290,32126,0,0
84950,9,8,3,21,1,12.280627,1.278277,32128,0,0
84960,0,0,0,1,1,12.281152,1.278363,32138,0,0
84970,7,2,0,10,1,12.280164,1.278248,32138,0,0
84980,5,0,0,6,1,12.279570,1.278207,32138,0,0
84990,0,0,0,0,0,12.279453,1.278210,32138,0,0
85000,6,1,0,8,1,12.278427,1.278105,32138,0,0
85010,7,0,0,8,1,12.277810,1.278044,32138,0,0
85020,12,0,0,13,1,12.278070,1.278057,32138,0,0
85030,19,1,2,23,1,12.278105,1.278036,32138,0,0
85040,19,3,3,26,1,12.278483,1.278076,32141,0,0
85050,20,1,3,25,1,12.279359,1.278150,32150,0,0
85060,20,1,7,29,1,12.280524,1.278277,32162,0,0
85070,8,1,0,10,1,12.280634,1.278315,32164,0,0
85080,3,0,0,4,1,12.280080,1.278267,32164,0,0
85090,18,6,4,29,1,12.280670,1.278323,32164,0,0
85100,15,1,0,17,1,12.281367,1.278392,32169,0,0
85110,6,2,1,10,1,12.282314,1.278494,32194,0,0
85120,6,0,0,7,1,12.281466,1.278410,32194,0,0
85130,7,0,1,9,1,12.280925,1.278359,32194,0,0
85140,1,0,0,2,1,12.280646,1.278335,32194,0,0
85150,7,1,0,9,1,12.279687,1.278222,32194,0,0
85160,10,0,0,11,1,12.279097,1.278153,32194,0,0
85170,19,2,1,23,1,12.280005,1.278221,32206,0,0
85180,20,0,1,22,1,12.281018,1.278321,32226,0,0
85190,16,0,1,18,1,12.281856,1.278420,32232,0,0
85200,20,1,3,25,1,12.283168,1.278557,32251,0,0
85210,4,0,0,5,1,12.283154,1.278576,32256,0,0
85220,4,1,0,6,1,12.282387,1.278482,32256,0,0
85230,3,2,0,6,1,12.281992,1.278423,32256,0,0
85240,5,1,0,7,1,12.281750,1.278383,32256,0,0
85250,7,0,0,8,1,12.281609,1.278372,32256,0,0
85260,8,1,0,10,1,12.281829,1.278411,32256,0,0
85270,6,0,0,7,1,12.281001,1.278320,32256,0,0
85280,11,2,2,16,1,12.280437,1.278261,32256,0,0
85290,17,1,1,20,1,12.281147,1.278329,32260,0,0
85300,16,1,1,19,1,12.281615,1.278392,32269,0,0
85310,18,1,2,22,1,12.281976,1.278425,32279,0,0
85320,19,2,1,23,1,12.282816,1.278516,32294,0,0
85330,8,1,1,11,1,12.282589,1.278495,32298,0,0
85340,7,0,0,8,1,12.281613,1.278405,32298,0,0
85350,9,1,0,11,1,12.280869,1.278312,32298,0,0
85360,18,0,5,24,1,12.280460,1.278238,32298,0,0
85370,9,2,4,16,1,12.281534,1.278361,32312,0,0
85380,16,3,3,23,1,12.282464,1.278427,32327,0,0
85390,6,0,5,12,1,12.282790,1.278481,32327,0,0
85400,13,1,1,16,1,12.282880,1.278478,32327,0,0
85410,7,0,0,8,1,12.281984,1.278390,32327,0,0
85420,11,0,1,13,1,12.282191,1.278400,32338,0,0
85430,19,1,3,24,1,12.282882,1.278471,32342,0,0
85440,19,7,2,29,1,12.284378,1.278636,32357,0,0
85450,6,0,0,7,1,12.285371,1.278749,32364,0,0
85460,0,0,0,1,1,12.284150,1.278634,32364,0,0
85470,13,0,1,15,1,12.283548,1.278561,32364,0,0
85480,19,0,0,20,1,12.284364,1.278638,32372,0,0
85490,2,3,3,9,1,12.285472,1.278778,32391,0,0
85500,20,1,0,22,1,12.286252,1.278840,32408,0,0
85510,20,3,0,24,1,12.286563,1.278883,32417,0,0
85520,16,2,2,21,1,12.287438,1.278979,32433,0,0
85530,17,0,0,18,1,12.288293,1.279080,32438,0,0
85540,14,1,4,20,1,12.289013,1.279154,32442,0,0
85550,13,1,0,15,1,12.289829,1.279239,32444,0,0
85560,3,0,1,5,1,12.289191,1.279186,32444,0,0
85570,16,5,1,23,1,12.289504,1.279190,32446,0,0
85580,16,2,1,20,1,12.290622,1.279326,32457,0,0
85590,4,0,0,5,1,12.290667,1.279353,32457,0,0
85600,8,0,0,9,1,12.289682,1.279247,32457,0,0
85610,9,0,1,11,1,12.289020,1.279180,32457,0,0
85620,10,1,0,12,1,12.288333,1.279113,32457,0,0
85630,3,0,0,4,1,12.288304,1.279124,32457,0,0
85640,3,0,0,4,1,12.287419,1.279025,32457,0,0
85650,7,1,0,9,1,12.286433,1.278918,32457,0,0
85660,7,1,0,9,1,12.286074,1.278876,32457,0,0
85670,15,0,2,18,1,12.286804,1.278931,32459,0,0
85680,16,0,0,17,1,12.287733,1.279038,32479,0,0
85690,12,0,0,13,1,12.288666,1.279116,32480,0,0
85700,0,0,0,1,1,12.288020,1.279066,32480,0,0
85710,4,1,0,6,1,12.288049,1.279043,32480,0,0
85720,18,1,2,22,1,12.288483,1.279076,32489,0,0
85730,9,0,0,10,1,12.288048,1.279045,32489,0,0
85740,7,0,0,8,1,12.287252,1.278977,32489,0,0
85750,4,0,0,5,1,12.286218,1.278864,32489,0,0
85760,17,2,0,20,1,12.285736,1.278795,32489,0,0
85770,12,0,0,13,1,12.286657,1.278908,32489,0,0
85780,8,0,1,10,1,12.287255,1.278960,32497,0,0
85790,0,0,0,0,0,12.286831,1.278908,32497,0,0
85800,11,2,0,14,1,12.286043,1.278816,32497,0,0
85810,13,2,4,20,1,12.286676,1.278898,32503,0,0
85820,19,2,3,25,1,12.287820,1.279045,32515,0,0
85830,8,0,1,10,1,12.287652,1.279046,32515,0,0
85840,5,1,3,10,1,12.287187,1.278990,32515,0,0
85850,2,0,0,3,1,12.286391,1.278904,32515,0,0
85860,2,1,0,4,1,12.285449,1.278810,32515,0,0
85870,0,0,0,1,1,12.284820,1.278743,32515,0,0
85880,18,1,0,20,1,12.284110,1.278661,32515,0,0
85890,19,3,1,24,1,12.285018,1.278736,32522,0,0
85900,0,0,0,0,0,12.285511,1.278803,32533,0,0
85910,19,1,5,26,1,12.285210,1.278743,32533,0,0
85920,17,4,3,25,1,12.286629,1.278935,32558,0,0
85930,7,0,0,8,1,12.287775,1.279065,32571,0,0
85940,4,1,0,6,1,12.286764,1.278958,32571,0,0
85950,16,0,1,18,1,12.286902,1.278954,32581,0,0
85960,18,0,4,23,1,12.287570,1.279007,32587,0,0
85970,12,1,0,14,1,12.287983,1.279064,32593,0,0
85980,9,1,2,13,1,12.288646,1.279127,32598,0,0
85990,9,2,0,12,1,12.288932,1.279146,32598,0,0
86000,7,1,0,9,1,12.288348,1.279085,32598,0,0
86010,9,1,1,12,1,12.288025,1.279061,32598,0,0
86020,11,1,0,13,1,12.287803,1.279019,32598,0,0
86030,13,2,0,16,1,12.288579,1.279097,32616,0,0
86040,15,0,0,16,1,12.288881,1.279146,32616,0,0
86050,8,2,0,11,1,12.289442,1.279218,32623,0,0
86060,1,0,1,3,1,12.288479,1.279130,32623,0,0
86070,11,1,0,13,1,12.287371,1.279030,32623,0,0
86080,16,2,0,19,1,12.288094,1.279100,32630,0,0
86090,19,1,6,27,1,12.289179,1.279222,32647,0,0
86100,3,0,0,4,1,12.289410,1.279269,32656,0,0
86110,0,0,0,1,1,12.288291,1.279182,32656,0,0
86120,7,0,0,8,1,12.287151,1.279088,32656,0,0
86130,14,2,0,17,1,12.287649,1.279148,32665,0,0
86140,13,1,2,17,1,12.287852,1.279172,32665,0,0
86150,1,0,1,3,1,12.287621,1.279170,32665,0,0
86160,7,0,0,8,1,12.286854,1.279092,32665,0,0
86170,14,1,0,16,1,12.286798,1.279065,32665,0,0
86180,20,3,1,25,1,12.287651,1.279157,32675,0,0
86190,12,1,2,16,1,12.287940,1.279204,32676,0,0
86200,0,0,0,0,0,12.287297,1.279149,32676,0,0
86210,17,2,4,24,1,12.286957,1.279108,32676,0,0
86220,20,3,0,24,1,12.288276,1.279251,32688,0,0
86230,13,2,0,16,1,12.289063,1.279344,32695,0,0
86240,8,1,0,10,1,12.288486,1.279309,32695,0,0
86250,6,0,0,7,1,12.287400,1.279213,32695,0,0
86260,17,2,2,22,1,12.286953,1.279134,32695,0,0
86270,9,5,2,17,1,12.287997,1.279260,32709,0,0
86280,6,0,1,8,1,12.288352,1.279289,32710,0,0
86290,15,1,2,19,1,12.287671,1.279217,32710,0,0
86300,6,1,2,10,1,12.288619,1.279326,32732,0,0
86310,6,0,1,8,1,12.288060,1.279290,32732,0,0
86320,14,3,0,18,1,12.288221,1.279294,32735,0,0
86330,8,1,1,11,1,12.289065,1.279392,32746,0,0
86340,3,1,0,5,1,12.287969,1.279271,32746,0,0
86350,5,0,0,6,1,12.286882,1.279157,32746,0,0
86360,18,1,1,21,1,12.287049,1.279151,32746,0,0
86370,4,1,0,6,1,12.287337,1.279193,32753,0,0
86380,4,0,0,5,1,12.286526,1.279115,32753,0,0
86390,8,2,2,13,1,12.285844,1.279032,32753,0,0
86400,17,2,0,20,1,12.286114,1.279051,32754,0,0
