Tempo(s),Fila1,Fila2,Fila3,TotalSistema,ServidorOcupado,E[N],E[W],PerdasF1,PerdasF2,PerdasF3
10,4,3,0,8,1,9.982260,1.029099,0,0,0
20,14,9,0,24,1,15.321631,1.509520,0,0,0
30,8,5,0,14,1,16.330339,1.622219,0,0,0
40,6,8,0,15,1,15.429970,1.535320,0,0,0
50,7,14,0,22,1,16.070366,1.545228,0,0,0
60,0,9,0,10,1,16.459954,1.592899,0,0,0
70,13,13,0,27,1,15.916075,1.549548,0,0,0
80,12,6,1,20,1,16.810899,1.640088,0,0,0
90,14,19,0,34,1,17.219996,1.686398,0,2,0
100,4,10,0,15,1,17.353573,1.719878,0,2,0
110,0,12,0,13,1,17.755858,1.746999,0,3,0
120,6,7,0,14,1,16.988881,1.675157,0,3,0
130,19,14,0,34,1,17.294145,1.705796,0,3,0
140,16,12,0,29,1,17.945707,1.770542,2,3,0
150,3,1,0,5,1,17.440627,1.742901,2,3,0
160,3,11,0,15,1,16.880039,1.686950,2,3,0
170,7,6,0,14,1,17.107268,1.708717,2,8,0
180,1,0,0,2,1,16.854857,1.691123,2,8,0
190,0,1,0,2,1,16.209438,1.627798,2,8,0
200,2,2,0,5,1,15.550226,1.563623,2,8,0
210,1,0,1,3,1,14.987967,1.511029,2,8,0
220,6,2,0,9,1,14.688049,1.482960,2,8,0
230,4,5,0,10,1,14.383749,1.460601,2,8,0
240,12,18,0,31,1,14.648886,1.476578,2,13,0
250,7,17,0,25,1,15.212036,1.535949,2,16,0
260,0,14,0,15,1,15.513218,1.576793,2,23,0
270,4,10,0,15,1,15.441068,1.563213,2,23,0
280,0,2,0,3,1,15.037560,1.532211,2,23,0
290,1,8,0,10,1,14.891366,1.511549,2,23,0
300,20,18,0,39,1,15.398615,1.555940,6,31,0
310,19,19,0,39,1,15.866556,1.605822,11,32,0
320,19,14,0,34,1,16.338585,1.653494,11,32,0
330,15,19,0,35,1,16.729856,1.689367,11,33,0
340,10,13,0,24,1,17.024016,1.713996,11,34,0
350,18,0,0,19,1,17.143212,1.720712,17,34,0
360,16,4,0,21,1,17.251302,1.730418,22,34,0
370,2,4,0,7,1,17.131023,1.722881,22,34,0
380,10,12,0,23,1,17.174440,1.721521,22,34,0
390,6,17,0,24,1,17.395103,1.739956,22,40,0
400,15,19,0,35,1,17.836795,1.781008,23,50,0
410,19,16,0,36,1,18.285399,1.828986,38,60,0
420,14,14,0,29,1,18.722109,1.878921,45,70,0
430,14,14,0,29,1,19.004177,1.913322,46,70,0
440,17,14,0,32,1,19.358378,1.946010,52,76,0
450,18,17,0,36,1,19.564374,1.970450,58,76,0
460,7,14,0,22,1,19.789590,1.997633,60,77,0
470,14,9,0,24,1,19.855724,2.001328,60,77,0
480,8,3,0,12,1,19.796873,1.996743,60,77,0
490,5,13,0,19,1,19.784087,1.992642,60,77,0
500,14,20,0,35,1,19.777335,1.993281,60,78,0
510,9,12,0,22,1,19.967018,2.020472,65,84,0
520,5,11,0,17,1,20.042175,2.031565,65,84,0
530,20,18,0,39,1,20.196302,2.044707,66,97,0
540,8,13,0,22,1,20.426586,2.070262,69,102,0
550,9,20,0,30,1,20.498487,2.076274,69,106,0
560,15,17,0,33,1,20.673404,2.093509,69,111,0
570,7,19,0,27,1,20.812779,2.107904,69,120,0
580,1,11,0,13,1,20.713260,2.095899,69,120,0
590,5,11,0,17,1,20.613474,2.084310,69,120,0
600,1,1,0,3,1,20.400098,2.068276,69,120,0
610,14,2,0,17,1,20.146349,2.041068,69,120,0
620,0,6,0,7,1,19.926164,2.021637,69,120,0
630,5,1,0,7,1,19.675998,1.999658,69,120,0
640,19,11,0,31,1,19.635435,1.989973,69,120,0
650,18,10,0,29,1,19.754208,2.004408,80,120,0
660,12,13,0,26,1,19.905301,2.021154,82,120,0
670,19,7,0,27,1,19.862849,2.014854,82,120,0
680,13,11,0,25,1,20.001893,2.028832,87,120,0
690,19,11,0,31,1,20.135365,2.039848,91,120,0
700,12,17,1,31,1,20.262833,2.052972,91,124,0
710,5,8,0,14,1,20.291531,2.061085,91,129,0
720,12,18,0,31,1,20.378864,2.068629,91,135,0
730,2,1,0,4,1,20.305285,2.066192,91,136,0
740,0,2,0,3,1,20.080833,2.046243,91,136,0
750,0,0,0,0,0,19.879981,2.026639,91,136,0
760,16,6,0,23,1,19.710422,2.009649,91,136,0
770,9,2,1,13,1,19.644622,2.002430,91,136,0
780,0,0,0,1,1,19.458229,1.985534,91,136,0
790,3,4,0,8,1,19.243842,1.964926,91,136,0
800,0,0,0,1,1,19.126146,1.953641,91,136,0
810,1,0,0,2,1,18.936679,1.936706,91,136,0
820,8,13,0,22,1,18.837955,1.923916,91,136,0
830,10,4,0,15,1,18.779600,1.918408,91,136,0
840,8,7,0,16,1,18.707690,1.907789,91,136,0
850,4,0,0,5,1,18.539862,1.893869,91,136,0
860,7,1,0,9,1,18.428885,1.882285,91,136,0
870,7,11,0,19,1,18.345599,1.873318,91,136,0
880,10,17,0,28,1,18.388422,1.877676,91,138,0
890,8,13,0,22,1,18.470239,1.889050,91,140,0
900,9,8,0,18,1,18.478550,1.887278,91,140,0
910,2,4,0,7,1,18.386059,1.878867,91,140,0
920,5,4,0,10,1,18.261718,1.866546,91,140,0
930,7,4,0,12,1,18.118505,1.851875,91,140,0
940,7,7,0,15,1,18.049758,1.845217,91,140,0
950,4,5,0,10,1,18.055661,1.845983,91,140,0
960,5,8,0,14,1,17.952007,1.834177,91,140,0
970,11,11,0,23,1,17.929203,1.829703,91,140,0
980,19,19,0,39,1,18.008985,1.836695,105,140,0
990,16,12,0,29,1,18.179255,1.856365,108,158,0
1000,19,18,0,38,1,18.293674,1.866130,108,160,0
1010,18,12,0,31,1,18.424713,1.881594,117,170,0
1020,20,12,0,33,1,18.530186,1.892160,125,170,0
1030,14,14,0,29,1,18.676524,1.908604,134,173,0
1040,5,13,0,19,1,18.688862,1.912845,134,173,0
1050,19,19,0,39,1,18.785195,1.923399,136,186,0
1060,17,17,0,35,1,18.954546,1.940489,140,190,0
1070,18,12,0,31,1,19.081714,1.954008,144,190,0
1080,18,7,0,26,1,19.185525,1.963457,144,194,0
1090,7,0,0,8,1,19.159965,1.962447,144,194,0
1100,9,8,0,18,1,19.045018,1.949881,144,194,0
1110,6,7,0,14,1,18.927232,1.937048,144,194,0
1120,0,11,0,12,1,18.919844,1.935888,144,194,0
1130,0,3,0,4,1,18.897167,1.935097,144,194,0
1140,0,7,0,8,1,18.774953,1.920970,144,194,0
1150,10,16,0,27,1,18.808591,1.923682,144,195,0
1160,3,12,0,16,1,18.789479,1.921011,144,195,0
1170,0,0,0,0,0,18.698467,1.913012,144,195,0
1180,3,2,0,6,1,18.590177,1.903872,144,195,0
1190,2,6,0,9,1,18.520950,1.895582,144,195,0
1200,6,2,0,9,1,18.447395,1.887684,144,195,0
1210,15,4,0,20,1,18.358625,1.877446,144,195,0
1220,6,1,0,8,1,18.354453,1.877300,144,195,0
1230,10,3,1,15,1,18.298491,1.870607,144,195,0
1240,2,14,0,17,1,18.215476,1.862861,144,195,0
1250,14,13,0,28,1,18.246449,1.864013,144,197,0
1260,20,13,0,34,1,18.330673,1.872904,164,197,0
1270,16,18,0,35,1,18.420476,1.882060,167,197,0
1280,15,17,0,33,1,18.527173,1.892640,178,197,0
1290,10,7,0,18,1,18.597394,1.901303,181,197,0
1300,9,2,1,13,1,18.525059,1.894476,181,197,0
1310,6,9,0,16,1,18.476691,1.889645,181,197,0
1320,6,13,0,20,1,18.523786,1.896045,181,200,0
1330,9,5,0,15,1,18.500805,1.893212,181,200,0
1340,5,3,0,9,1,18.443864,1.886336,181,200,0
1350,4,0,0,5,1,18.350864,1.878643,181,200,0
1360,8,2,0,11,1,18.242973,1.866991,181,200,0
1370,12,4,0,17,1,18.192337,1.859963,181,200,0
1380,1,3,0,5,1,18.153056,1.857434,181,200,0
1390,4,0,0,5,1,18.039812,1.847307,181,200,0
1400,3,4,0,8,1,17.931533,1.836844,181,200,0
1410,8,3,0,12,1,17.844288,1.827193,181,200,0
1420,20,12,0,33,1,17.863655,1.827681,184,200,0
1430,13,16,0,30,1,17.982488,1.838753,189,206,0
1440,16,17,0,34,1,18.103307,1.851869,194,206,0
1450,14,16,0,31,1,18.202906,1.862420,207,206,0
1460,18,19,0,38,1,18.278123,1.870081,210,207,0
1470,9,6,0,16,1,18.329081,1.876175,210,207,0
1480,5,9,0,15,1,18.321928,1.875144,210,207,0
1490,4,3,0,8,1,18.227906,1.866125,210,207,0
1500,5,18,0,24,1,18.238576,1.866285,210,213,0
1510,0,0,0,0,0,18.208007,1.864132,210,215,0
1520,16,7,0,24,1,18.173908,1.859849,210,215,0
1530,16,17,0,34,1,18.266902,1.868956,217,217,0
1540,4,4,0,9,1,18.257430,1.870315,217,217,0
1550,2,7,0,10,1,18.185350,1.864239,217,217,0
1560,0,0,0,0,0,18.107340,1.856309,217,217,0
1570,2,0,0,3,1,18.016704,1.846842,217,217,0
1580,9,19,0,29,1,17.986463,1.843210,217,217,0
1590,9,8,0,18,1,18.028934,1.848227,217,219,0
1600,2,13,0,16,1,18.022840,1.846721,217,219,0
1610,2,16,0,19,1,17.987185,1.842199,217,219,0
1620,7,15,0,23,1,17.991182,1.841286,217,224,0
1630,14,15,0,30,1,18.064445,1.847590,217,231,0
1640,18,12,0,31,1,18.127090,1.854434,217,235,0
1650,8,8,0,17,1,18.150661,1.857162,217,235,0
1660,20,11,0,32,1,18.210365,1.862092,223,235,0
1670,13,4,0,18,1,18.263731,1.869930,228,235,0
1680,10,10,0,21,1,18.334075,1.877667,229,241,0
1690,19,19,0,39,1,18.397690,1.884027,233,244,0
1700,6,15,0,22,1,18.478636,1.892732,233,249,0
1710,12,18,0,31,1,18.526967,1.896959,233,249,0
1720,19,20,0,40,1,18.625049,1.905716,235,264,0
1730,14,10,0,25,1,18.700908,1.913447,235,265,0
1740,18,4,0,23,1,18.727005,1.915975,243,265,0
1750,11,12,0,24,1,18.766655,1.918545,243,265,0
1760,13,3,0,17,1,18.794123,1.922784,243,265,0
1770,7,9,0,17,1,18.782102,1.922081,243,265,0
1780,9,4,0,14,1,18.737266,1.917572,243,265,0
1790,6,3,0,10,1,18.716710,1.914671,243,265,0
1800,0,4,0,5,1,18.658777,1.909477,243,265,0
1810,19,8,0,28,1,18.625272,1.904295,243,265,0
1820,17,17,0,35,1,18.697761,1.912976,255,265,0
1830,12,16,0,29,1,18.772346,1.920686,255,271,0
1840,15,15,0,31,1,18.832952,1.926109,255,271,0
1850,2,1,0,4,1,18.855321,1.930721,255,273,0
1860,11,9,0,21,1,18.819240,1.926354,255,273,0
1870,1,1,0,3,1,18.791078,1.924493,255,273,0
1880,0,0,0,1,1,18.699003,1.917846,255,273,0
1890,4,2,0,7,1,18.623071,1.910318,255,273,0
1900,2,2,0,5,1,18.570007,1.904205,255,273,0
1910,2,10,0,13,1,18.515661,1.896751,255,273,0
1920,7,7,0,15,1,18.493588,1.895158,255,273,0
1930,1,3,0,5,1,18.417002,1.889174,255,273,0
1940,6,9,0,16,1,18.373779,1.883494,255,273,0
1950,9,9,0,19,1,18.371687,1.882444,255,273,0
1960,6,17,0,24,1,18.381767,1.882748,255,273,0
1970,7,18,0,26,1,18.419553,1.886876,255,279,0
1980,20,8,0,29,1,18.410830,1.885653,260,279,0
1990,20,3,0,24,1,18.442472,1.889636,272,279,0
2000,8,12,0,21,1,18.476712,1.893009,272,279,0
2010,12,6,0,19,1,18.521643,1.898154,278,279,0
2020,12,1,0,14,1,18.519344,1.898071,278,279,0
2030,11,6,0,18,1,18.499498,1.895517,279,279,0
2040,9,17,0,27,1,18.446451,1.889948,279,279,0
2050,2,5,0,8,1,18.401667,1.886926,279,279,0
2060,2,8,0,11,1,18.343907,1.880584,279,279,0
2070,7,12,0,20,1,18.349294,1.880162,279,279,0
2080,2,13,0,16,1,18.346424,1.879645,279,279,0
2090,5,6,0,12,1,18.355971,1.880034,279,280,0
2100,12,17,0,30,1,18.400106,1.883327,279,280,0
2110,2,12,0,15,1,18.383568,1.883068,279,280,0
2120,8,6,0,15,1,18.375990,1.882167,279,280,0
2130,16,5,0,22,1,18.401165,1.884078,282,280,0
2140,17,11,0,29,1,18.429009,1.887080,288,280,0
2150,9,6,0,16,1,18.424344,1.886751,290,280,0
2160,3,12,0,16,1,18.392569,1.884270,290,280,0
2170,16,9,0,26,1,18.392616,1.884685,290,280,0
2180,16,20,0,37,1,18.462966,1.891768,295,282,0
2190,17,17,0,35,1,18.546912,1.901668,303,290,0
2200,18,12,0,31,1,18.598762,1.908099,303,293,0
2210,15,19,0,35,1,18.640452,1.913218,305,295,0
2220,19,10,0,30,1,18.682755,1.917686,308,300,0
2230,5,11,0,17,1,18.734690,1.924117,311,303,0
2240,13,18,0,32,1,18.792415,1.929548,312,304,0
2250,20,19,0,40,1,18.867355,1.936923,318,310,0
2260,16,14,0,31,1,18.919652,1.941799,327,311,0
2270,15,8,0,24,1,18.961045,1.945558,328,311,0
2280,17,13,0,31,1,19.011480,1.950159,335,311,0
2290,20,10,0,31,1,19.052840,1.955144,340,311,0
2300,19,4,0,24,1,19.070080,1.957564,343,311,0
2310,19,2,0,22,1,19.080936,1.959673,356,311,0
2320,1,6,0,8,1,19.071255,1.958364,357,311,0
2330,0,1,0,2,1,19.010816,1.952879,357,311,0
2340,1,1,0,3,1,18.964551,1.947472,357,311,0
2350,10,7,0,18,1,18.919388,1.942782,357,311,0
2360,5,11,0,17,1,18.939749,1.944397,357,311,0
2370,6,18,0,25,1,18.941158,1.945166,357,311,0
2380,0,4,0,5,1,18.962883,1.948017,357,313,0
2390,4,9,0,14,1,18.928789,1.944711,357,313,0
2400,11,19,0,31,1,18.971095,1.948501,357,317,0
2410,0,0,0,0,0,18.969165,1.949413,357,321,0
2420,3,18,0,22,1,18.934517,1.945713,357,321,0
2430,10,14,0,25,1,18.944920,1.946478,357,321,0
2440,11,1,0,13,1,18.948577,1.947701,357,321,0
2450,6,3,0,10,1,18.900885,1.942252,357,321,0
2460,3,0,0,4,1,18.846695,1.937032,357,321,0
2470,14,8,0,23,1,18.794771,1.930675,357,321,0
2480,15,15,0,31,1,18.847032,1.936633,357,323,0
2490,10,11,0,22,1,18.890677,1.942506,357,324,0
2500,13,12,0,26,1,18.935276,1.947513,357,324,0
2510,3,12,0,16,1,18.930736,1.947463,357,324,0
2520,18,10,0,29,1,18.931324,1.946427,357,324,0
2530,14,8,0,23,1,18.934580,1.947020,357,324,0
2540,14,14,0,29,1,18.958445,1.948784,359,324,0
2550,10,12,0,23,1,18.987212,1.952078,359,324,0
2560,9,14,0,24,1,18.994203,1.952504,359,324,0
2570,2,19,0,22,1,18.998404,1.953817,359,326,0
2580,8,13,0,22,1,18.982326,1.951716,359,326,0
2590,1,3,0,5,1,18.988056,1.952325,359,326,0
2600,3,4,0,8,1,18.922573,1.945535,359,326,0
2610,19,9,0,29,1,18.936388,1.945749,360,326,0
2620,6,12,0,19,1,18.947431,1.946527,361,326,0
2630,9,6,0,16,1,18.945206,1.946552,361,326,0
2640,6,13,0,20,1,18.946136,1.945083,361,326,0
2650,6,11,0,18,1,18.944155,1.943479,361,326,0
2660,16,12,0,29,1,18.977016,1.945985,375,326,0
2670,17,13,0,31,1,19.029237,1.951454,379,329,0
2680,15,15,0,31,1,19.078466,1.956916,385,329,0
2690,14,19,0,34,1,19.115084,1.960708,385,335,0
2700,4,17,0,22,1,19.141533,1.964353,385,345,0
2710,7,16,0,24,1,19.158585,1.965764,385,352,0
2720,3,0,0,4,1,19.149541,1.965538,385,352,0
2730,1,4,0,6,1,19.111002,1.961687,385,352,0
2740,13,1,0,15,1,19.089121,1.959472,385,352,0
2750,12,5,0,18,1,19.087060,1.958780,385,352,0
2760,13,8,0,22,1,19.094180,1.958741,385,352,0
2770,16,14,0,31,1,19.141956,1.963314,390,362,0
2780,17,9,0,27,1,19.174330,1.966380,393,362,0
2790,9,13,1,24,1,19.184852,1.967786,393,362,0
2800,19,16,0,36,1,19.243005,1.973425,399,373,0
2810,6,5,0,12,1,19.250012,1.975406,401,373,0
2820,5,0,0,6,1,19.241636,1.975153,401,373,0
2830,3,3,0,7,1,19.201973,1.970254,401,373,0
2840,0,3,0,4,1,19.157838,1.965829,401,373,0
2850,4,0,0,5,1,19.129745,1.962414,401,373,0
2860,2,0,1,4,1,19.078155,1.957436,401,373,0
2870,2,1,0,4,1,19.021552,1.952568,401,373,0
2880,2,1,0,4,1,18.981440,1.948758,401,373,0
2890,0,1,0,2,1,18.922862,1.943117,401,373,0
2900,0,3,0,4,1,18.881659,1.938775,401,373,0
2910,14,5,0,20,1,18.893903,1.939237,401,373,0
2920,19,6,0,26,1,18.906608,1.940230,403,373,0
2930,18,6,0,25,1,18.930690,1.942663,407,373,0
2940,12,10,0,23,1,18.928561,1.942204,413,373,0
2950,13,4,0,18,1,18.956573,1.944974,413,379,0
2960,17,18,0,36,1,18.995876,1.948295,423,384,0
2970,19,13,0,33,1,19.049328,1.954013,431,385,0
2980,4,6,0,11,1,19.050133,1.954600,433,385,0
2990,1,9,0,11,1,19.013977,1.950921,433,385,0
3000,8,1,0,10,1,18.974316,1.947215,433,385,0
3010,0,0,0,1,1,18.943369,1.944334,433,385,0
3020,7,13,1,22,1,18.908848,1.940621,433,385,0
3030,9,15,0,25,1,18.936739,1.943644,433,407,0
3040,9,17,0,27,1,18.938510,1.943264,433,407,0
3050,1,4,0,6,1,18.926226,1.942229,433,407,0
3060,1,0,0,2,1,18.872337,1.936403,433,407,0
3070,1,5,0,7,1,18.832660,1.931781,433,407,0
3080,0,11,0,12,1,18.818451,1.930226,433,407,0
3090,5,15,0,21,1,18.809150,1.929240,433,407,0
3100,1,7,0,9,1,18.773735,1.926276,433,407,0
3110,9,6,0,16,1,18.730671,1.921887,433,407,0
3120,1,1,0,3,1,18.701991,1.919415,433,407,0
3130,7,2,0,10,1,18.664001,1.915857,433,407,0
3140,8,0,0,9,1,18.631457,1.912480,433,407,0
3150,11,4,0,16,1,18.605745,1.909307,433,407,0
3160,1,3,0,5,1,18.553933,1.905503,433,407,0
3170,0,0,0,0,0,18.512238,1.900936,433,407,0
3180,0,10,0,11,1,18.489770,1.898468,433,407,0
3190,10,9,0,20,1,18.475121,1.896500,433,407,0
3200,15,19,0,35,1,18.507387,1.899228,433,414,0
3210,0,3,0,4,1,18.491273,1.898755,433,415,0
3220,1,0,0,2,1,18.447502,1.893922,433,415,0
3230,13,6,0,20,1,18.420659,1.890829,433,415,0
3240,1,2,0,4,1,18.410078,1.889709,433,415,0
3250,2,2,0,5,1,18.388257,1.887673,433,415,0
3260,5,10,0,16,1,18.351083,1.883644,433,415,0
3270,15,15,0,31,1,18.365653,1.884514,433,419,0
3280,19,17,0,37,1,18.408476,1.889289,433,420,0
3290,15,10,0,26,1,18.459031,1.895450,441,422,0
3300,20,20,0,41,1,18.510702,1.900660,454,429,0
3310,12,19,0,32,1,18.560191,1.906060,458,436,0
3320,5,13,0,19,1,18.584616,1.909004,458,438,0
3330,2,3,0,6,1,18.547388,1.905730,458,438,0
3340,6,5,0,12,1,18.523283,1.902862,458,438,0
3350,10,5,0,16,1,18.505292,1.899811,458,438,0
3360,3,3,0,7,1,18.479956,1.897639,458,438,0
3370,11,8,0,20,1,18.468258,1.896287,458,438,0
3380,6,3,0,10,1,18.456644,1.894656,458,438,0
3390,15,18,0,34,1,18.460964,1.894321,458,438,0
3400,3,18,0,22,1,18.471322,1.895924,458,441,0
3410,2,1,1,5,1,18.442419,1.893324,458,441,0
3420,12,5,0,18,1,18.414987,1.889793,458,441,0
3430,0,0,0,0,0,18.387181,1.887304,458,441,0
3440,0,2,0,3,1,18.347322,1.883293,458,441,0
3450,3,12,0,16,1,18.328465,1.881381,458,441,0
3460,1,1,0,3,1,18.289108,1.877866,458,441,0
3470,5,2,0,8,1,18.248353,1.873204,458,441,0
3480,2,4,0,7,1,18.208087,1.869204,458,441,0
3490,2,7,0,10,1,18.190581,1.866222,458,441,0
3500,1,3,0,5,1,18.173376,1.864756,458,441,0
3510,5,3,0,9,1,18.128755,1.860692,458,441,0
3520,5,10,0,16,1,18.112022,1.858997,458,441,0
3530,9,8,0,18,1,18.128994,1.861087,458,441,0
3540,13,20,0,34,1,18.134685,1.861154,458,442,0
3550,0,6,0,7,1,18.145365,1.863513,458,443,0
3560,5,16,0,22,1,18.130391,1.860975,458,443,0
3570,5,16,0,22,1,18.142253,1.861947,458,448,0
3580,4,16,0,21,1,18.148051,1.862246,458,448,0
3590,20,18,0,39,1,18.176109,1.865255,458,451,0
3600,15,17,0,33,1,18.208288,1.868368,458,453,0
3610,20,20,0,41,1,18.253182,1.872893,460,460,0
3620,13,16,0,30,1,18.297721,1.878499,466,474,0
3630,4,17,0,22,1,18.324951,1.881476,466,478,0
3640,7,18,0,26,1,18.335939,1.883103,466,492,0
3650,8,18,0,27,1,18.340813,1.884153,466,494,0
3660,7,15,0,23,1,18.378382,1.887978,466,511,0
3670,11,13,0,25,1,18.402534,1.889737,466,517,0
3680,10,18,0,29,1,18.430728,1.891966,468,520,0
3690,2,2,0,5,1,18.430052,1.892813,468,530,0
3700,0,0,0,0,0,18.394206,1.889309,468,530,0
3710,8,4,0,13,1,18.357324,1.884756,468,530,0
3720,8,4,0,13,1,18.344137,1.883163,468,530,0
3730,6,7,0,14,1,18.307127,1.879489,468,530,0
3740,8,4,0,13,1,18.271975,1.876055,468,530,0
3750,6,9,0,16,1,18.277243,1.877079,468,530,0
3760,16,18,0,35,1,18.307436,1.879993,468,544,0
3770,20,13,0,34,1,18.349155,1.884913,477,544,0
3780,9,3,0,13,1,18.357554,1.885691,477,544,0
3790,10,7,0,18,1,18.351820,1.885069,477,544,0
3800,5,1,0,7,1,18.331159,1.883321,477,544,0
3810,0,0,0,1,1,18.290016,1.879872,477,544,0
3820,2,3,0,6,1,18.253852,1.876422,477,544,0
3830,0,4,0,5,1,18.223812,1.873247,477,544,0
3840,8,6,0,15,1,18.199714,1.870284,477,544,0
3850,14,12,0,27,1,18.228414,1.872849,477,544,0
3860,9,11,0,21,1,18.253627,1.875905,477,544,0
3870,15,6,0,22,1,18.270482,1.877653,482,544,0
3880,20,15,0,36,1,18.276935,1.877535,484,544,0
3890,4,2,0,7,1,18.277058,1.878111,484,544,0
3900,0,0,0,1,1,18.239245,1.874735,484,544,0
3910,8,7,0,16,1,18.210474,1.871300,484,544,0
3920,11,11,0,23,1,18.204002,1.870699,484,544,0
3930,4,2,0,7,1,18.198394,1.870432,484,544,0
3940,6,16,0,23,1,18.176838,1.867792,484,544,0
3950,13,12,0,26,1,18.200296,1.870364,484,547,0
3960,16,17,0,34,1,18.234472,1.873405,484,547,0
3970,20,8,0,29,1,18.273618,1.877734,492,551,0
3980,20,5,0,26,1,18.289395,1.879711,504,551,0
3990,19,17,0,37,1,18.302279,1.880323,505,551,0
4000,6,12,0,19,1,18.337028,1.884151,512,561,0
4010,5,19,0,25,1,18.338730,1.884245,512,561,0
4020,14,19,0,34,1,18.348133,1.884793,512,569,0
4030,11,14,0,26,1,18.380837,1.888458,512,578,0
4040,3,16,0,20,1,18.385202,1.888683,512,579,0
4050,12,13,0,26,1,18.388368,1.888545,512,579,0
4060,5,13,0,19,1,18.387856,1.888033,512,579,0
4070,3,18,0,22,1,18.407645,1.889225,512,593,0
4080,0,3,0,4,1,18.384643,1.887502,512,594,0
4090,7,13,0,21,1,18.372932,1.885798,512,594,0
4100,2,11,0,14,1,18.376200,1.885871,512,594,0
4110,11,7,0,19,1,18.366945,1.885318,512,594,0
4120,20,16,0,37,1,18.387042,1.886602,513,597,0
4130,18,16,0,35,1,18.428502,1.891300,517,616,0
4140,20,11,0,32,1,18.463190,1.895116,525,622,0
4150,13,13,0,27,1,18.496707,1.898248,530,622,0
4160,15,2,0,18,1,18.513434,1.900125,530,622,0
4170,18,8,0,27,1,18.535685,1.902523,543,622,0
4180,15,16,0,32,1,18.572149,1.906145,549,625,0
4190,15,9,0,25,1,18.599192,1.909082,554,625,0
4200,17,19,0,37,1,18.636409,1.913389,563,636,0
4210,15,11,0,27,1,18.670013,1.917138,566,637,0
4220,15,11,0,27,1,18.687610,1.918123,567,637,0
4230,3,6,0,10,1,18.672102,1.917063,567,637,0
4240,1,3,0,5,1,18.643672,1.914162,567,637,0
4250,5,0,0,6,1,18.607074,1.910747,567,637,0
4260,5,6,0,12,1,18.581093,1.907912,567,637,0
4270,10,14,0,25,1,18.576757,1.906751,567,637,0
4280,4,1,0,6,1,18.554732,1.905332,567,637,0
4290,1,3,0,5,1,18.520709,1.901993,567,637,0
4300,11,2,0,14,1,18.488225,1.898946,567,637,0
4310,14,15,0,30,1,18.492122,1.899453,567,637,0
4320,11,15,0,27,1,18.515589,1.902060,567,642,0
4330,0,7,0,8,1,18.509017,1.901175,567,642,0
4340,1,0,0,2,1,18.476304,1.897966,567,642,0
4350,2,0,0,3,1,18.439282,1.894089,567,642,0
4360,11,2,0,14,1,18.406294,1.890716,567,642,0
4370,15,9,0,25,1,18.426916,1.892450,581,642,0
4380,19,6,0,26,1,18.453487,1.894706,584,642,0
4390,7,1,0,9,1,18.461778,1.896373,591,642,0
4400,0,2,0,3,1,18.429768,1.893543,591,642,0
4410,4,19,0,24,1,18.417771,1.891400,591,642,0
4420,2,14,0,17,1,18.422973,1.891994,591,645,0
4430,1,16,0,18,1,18.421868,1.891678,591,645,0
4440,5,17,0,23,1,18.433465,1.893061,591,657,0
4450,0,12,0,13,1,18.437362,1.893302,591,657,0
4460,12,10,0,23,1,18.435608,1.892877,591,657,0
4470,10,12,0,23,1,18.431391,1.892375,591,657,0
4480,10,0,0,11,1,18.436878,1.893259,591,657,0
4490,11,2,0,14,1,18.431371,1.892191,591,657,0
4500,12,7,0,20,1,18.430614,1.891829,591,657,0
4510,3,4,0,8,1,18.422549,1.890331,591,657,0
4520,5,2,0,8,1,18.391370,1.887451,591,657,0
4530,6,2,0,9,1,18.363643,1.884624,591,657,0
4540,1,1,0,3,1,18.335554,1.882015,591,657,0
4550,1,1,0,3,1,18.303716,1.878511,591,657,0
4560,5,15,0,21,1,18.287779,1.876092,591,657,0
4570,2,18,0,21,1,18.290814,1.876255,591,657,0
4580,11,19,0,31,1,18.301397,1.877697,591,657,0
4590,17,17,0,35,1,18.338997,1.881953,607,663,0
4600,1,9,0,11,1,18.350680,1.883591,608,663,0
4610,5,0,0,6,1,18.329679,1.881663,608,663,0
4620,16,16,0,33,1,18.336688,1.881396,610,663,0
4630,0,3,0,4,1,18.323773,1.881007,610,663,0
4640,2,0,0,3,1,18.298007,1.878837,610,663,0
4650,6,0,0,7,1,18.273363,1.876115,610,663,0
4660,8,4,0,13,1,18.250877,1.874071,610,663,0
4670,4,0,0,5,1,18.227781,1.872127,610,663,0
4680,0,1,0,2,1,18.209196,1.870397,610,663,0
4690,5,7,0,13,1,18.185807,1.868337,610,663,0
4700,11,9,0,21,1,18.186857,1.868213,610,663,0
4710,8,11,0,20,1,18.204798,1.870152,610,663,0
4720,6,12,0,19,1,18.211298,1.870345,610,663,0
4730,16,14,0,31,1,18.237384,1.872755,610,663,0
4740,19,19,0,39,1,18.264444,1.875265,610,667,0
4750,13,20,0,34,1,18.303651,1.879956,621,674,0
4760,18,17,0,36,1,18.339669,1.883549,626,682,0
4770,7,7,0,15,1,18.359066,1.885880,626,682,0
4780,5,5,0,11,1,18.336575,1.883220,626,682,0
4790,12,3,0,16,1,18.332258,1.882227,626,682,0
4800,9,9,0,19,1,18.327154,1.881598,626,682,0
4810,1,1,0,3,1,18.301152,1.879305,626,682,0
4820,3,5,0,9,1,18.278786,1.876504,626,682,0
4830,3,1,0,5,1,18.254425,1.874179,626,682,0
4840,1,1,0,3,1,18.223385,1.870770,626,682,0
4850,7,0,0,8,1,18.213613,1.869348,626,682,0
4860,11,8,0,20,1,18.197603,1.866697,626,682,0
4870,10,7,0,18,1,18.184005,1.865282,626,682,0
4880,7,7,0,15,1,18.176092,1.864175,626,682,0
4890,10,3,0,14,1,18.180145,1.864376,626,682,0
4900,1,10,1,13,1,18.161219,1.862767,626,682,0
4910,3,6,1,11,1,18.148787,1.861472,626,682,0
4920,5,3,0,9,1,18.125680,1.859160,626,682,0
4930,19,19,0,39,1,18.147427,1.861100,638,690,0
4940,16,9,0,26,1,18.170891,1.863913,642,691,0
4950,11,1,0,13,1,18.182755,1.865188,644,691,0
4960,12,12,0,25,1,18.184321,1.865174,644,691,0
4970,5,2,0,8,1,18.188830,1.866002,644,691,0
4980,8,10,0,19,1,18.183690,1.864917,644,691,0
4990,18,9,0,28,1,18.203581,1.866593,644,691,0
5000,11,11,0,23,1,18.227886,1.869182,644,695,0
5010,17,14,0,32,1,18.242374,1.870036,644,695,0
5020,9,0,0,10,1,18.244426,1.870688,645,695,0
5030,8,0,0,9,1,18.222147,1.868919,645,695,0
5040,2,3,0,6,1,18.200928,1.866914,645,695,0
5050,16,9,0,26,1,18.197125,1.866467,645,695,0
5060,3,2,0,6,1,18.188915,1.866097,645,695,0
5070,11,0,0,12,1,18.170561,1.864119,645,695,0
5080,1,10,0,12,1,18.158682,1.862767,645,695,0
5090,5,8,0,14,1,18.146437,1.861304,645,695,0
5100,0,5,0,6,1,18.142728,1.860606,645,695,0
5110,9,1,0,11,1,18.120200,1.857830,645,695,0
5120,8,19,0,28,1,18.116253,1.856701,645,695,0
5130,13,11,0,25,1,18.144450,1.859724,653,697,0
5140,15,0,0,16,1,18.152392,1.861004,667,697,0
5150,0,1,0,2,1,18.133435,1.859303,667,697,0
5160,2,3,0,6,1,18.110523,1.856936,667,697,0
5170,0,1,0,2,1,18.084207,1.854515,667,697,0
5180,3,2,0,6,1,18.057305,1.851665,667,697,0
5190,0,0,0,1,1,18.038792,1.850041,667,697,0
5200,2,5,0,8,1,18.014348,1.847516,667,697,0
5210,0,1,0,2,1,17.995694,1.845658,667,697,0
5220,7,2,0,10,1,17.980910,1.843761,667,697,0
5230,7,10,0,18,1,17.980696,1.843686,667,697,0
5240,5,6,0,12,1,17.979988,1.843993,667,697,0
5250,5,1,0,7,1,17.962979,1.842699,667,697,0
5260,6,2,0,9,1,17.945369,1.840443,667,697,0
5270,0,0,0,1,1,17.916801,1.838032,667,697,0
5280,10,10,0,21,1,17.903127,1.836396,667,697,0
5290,12,11,0,24,1,17.919547,1.838205,675,697,0
5300,16,17,0,34,1,17.947800,1.840515,675,708,0
5310,16,0,0,17,1,17.962335,1.842736,678,708,0
5320,4,4,0,9,1,17.959617,1.842829,680,708,0
5330,1,8,0,10,1,17.956902,1.842354,680,708,0
5340,0,0,0,0,0,17.942211,1.841146,680,708,0
5350,3,8,0,12,1,17.933824,1.839878,680,708,0
5360,0,0,0,0,0,17.916608,1.838164,680,708,0
5370,6,8,0,15,1,17.893841,1.835950,680,708,0
5380,2,4,0,7,1,17.892475,1.835336,680,710,0
5390,2,10,0,13,1,17.868838,1.833137,680,710,0
5400,8,17,0,26,1,17.868629,1.832506,680,710,0
5410,5,12,0,18,1,17.873874,1.833583,680,710,0
5420,0,0,0,1,1,17.853406,1.831742,680,710,0
5430,7,2,0,10,1,17.836061,1.829737,680,710,0
5440,7,1,0,9,1,17.818548,1.827647,680,710,0
5450,4,6,0,11,1,17.808336,1.826376,680,710,0
5460,2,1,0,4,1,17.791547,1.824534,680,710,0
5470,3,2,0,6,1,17.771762,1.822557,680,710,0
5480,1,17,0,19,1,17.772814,1.822546,680,710,0
5490,6,16,0,23,1,17.777133,1.823108,680,710,0
5500,0,0,0,1,1,17.765706,1.822328,680,710,0
5510,1,0,0,2,1,17.743858,1.820273,680,710,0
5520,1,4,0,6,1,17.726168,1.817967,680,710,0
5530,14,15,0,30,1,17.722457,1.817098,680,710,0
5540,14,5,0,20,1,17.731672,1.818296,682,710,0
5550,1,0,0,2,1,17.708517,1.816577,682,710,0
5560,1,1,0,3,1,17.688781,1.814602,682,710,0
5570,2,9,0,12,1,17.674857,1.812689,682,710,0
5580,2,8,0,11,1,17.676763,1.813101,682,710,0
5590,0,6,0,7,1,17.674377,1.812640,682,710,0
5600,0,2,0,3,1,17.654421,1.810610,682,710,0
5610,9,20,0,30,1,17.644964,1.808930,682,711,0
5620,7,14,0,22,1,17.659274,1.810316,682,712,0
5630,2,0,0,3,1,17.655107,1.809906,682,712,0
5640,3,1,0,5,1,17.643028,1.808620,682,712,0
5650,7,2,0,10,1,17.626163,1.806484,682,712,0
5660,3,2,0,6,1,17.612149,1.805131,682,712,0
5670,4,15,0,20,1,17.590876,1.802872,682,712,0
5680,0,5,0,6,1,17.584332,1.802382,682,712,0
5690,6,11,0,18,1,17.585640,1.802372,682,712,0
5700,4,6,0,11,1,17.581548,1.802004,682,712,0
5710,11,3,0,15,1,17.577396,1.801596,682,712,0
5720,11,8,0,20,1,17.576942,1.801052,682,712,0
5730,0,0,0,1,1,17.564607,1.799775,682,712,0
5740,10,6,0,17,1,17.552531,1.798203,682,712,0
5750,5,5,0,11,1,17.539084,1.796653,682,712,0
5760,20,7,0,28,1,17.541260,1.796544,683,712,0
5770,19,19,0,39,1,17.569020,1.798993,687,729,0
5780,11,18,0,30,1,17.598324,1.802366,690,736,0
5790,19,14,0,34,1,17.624138,1.804870,701,740,0
5800,19,13,0,33,1,17.646615,1.807384,711,740,0
5810,19,19,0,39,1,17.680237,1.810784,719,752,0
5820,16,19,0,36,1,17.708536,1.813927,719,760,0
5830,9,11,0,21,1,17.732915,1.816667,723,770,0
5840,11,9,0,21,1,17.727848,1.816040,723,770,0
5850,1,1,0,3,1,17.718390,1.815250,723,770,0
5860,4,1,0,6,1,17.693247,1.812883,723,770,0
5870,10,0,0,11,1,17.672540,1.810654,723,770,0
5880,7,3,0,11,1,17.665652,1.809999,723,770,0
5890,2,8,0,11,1,17.640556,1.807824,723,770,0
5900,2,1,0,4,1,17.625433,1.806324,723,770,0
5910,4,6,0,11,1,17.602433,1.803828,723,770,0
5920,4,3,0,8,1,17.577608,1.801739,723,770,0
5930,14,13,0,28,1,17.586231,1.802017,723,770,0
5940,14,12,0,27,1,17.604395,1.803741,723,770,0
5950,19,6,0,26,1,17.610779,1.804414,724,770,0
5960,13,13,0,27,1,17.629323,1.806519,725,770,0
5970,0,10,0,11,1,17.626374,1.806638,725,770,0
5980,5,6,0,12,1,17.613014,1.805255,725,770,0
5990,10,12,0,23,1,17.611849,1.804752,725,770,0
6000,17,19,0,37,1,17.635693,1.806689,731,784,0
6010,17,12,0,30,1,17.666694,1.810038,736,791,0
6020,17,9,0,27,1,17.677775,1.811469,740,791,0
6030,13,10,0,24,1,17.701029,1.814148,740,796,0
6040,16,12,0,29,1,17.714399,1.815782,740,796,0
6050,19,5,0,25,1,17.730781,1.817694,744,796,0
6060,17,6,0,24,1,17.744573,1.819433,760,796,0
6070,15,14,0,30,1,17.772112,1.822242,768,798,0
6080,17,11,0,29,1,17.788400,1.824051,768,798,0
6090,4,2,0,7,1,17.796327,1.825649,786,798,0
6100,0,3,0,4,1,17.782759,1.824333,786,798,0
6110,1,6,0,8,1,17.759606,1.822033,786,798,0
6120,14,3,0,18,1,17.752937,1.821302,786,798,0
6130,18,15,0,34,1,17.762973,1.821676,786,798,0
6140,13,17,0,31,1,17.789723,1.824191,793,803,0
6150,11,9,0,21,1,17.806995,1.826160,797,808,0
6160,9,8,0,18,1,17.804241,1.825802,797,808,0
6170,7,0,0,8,1,17.797903,1.825259,797,808,0
6180,13,4,0,18,1,17.789952,1.824126,797,808,0
6190,9,13,0,23,1,17.801597,1.825366,797,808,0
6200,9,19,0,29,1,17.815791,1.827019,797,828,0
6210,11,3,0,15,1,17.825629,1.828013,797,835,0
6220,1,3,0,5,1,17.803260,1.825795,797,835,0
6230,3,4,0,8,1,17.787145,1.824187,797,835,0
6240,13,5,0,19,1,17.768843,1.822176,797,835,0
6250,3,11,0,15,1,17.756449,1.821369,797,835,0
6260,4,17,0,22,1,17.755576,1.820906,797,835,0
6270,5,1,0,7,1,17.746148,1.820192,797,836,0
6280,10,7,0,18,1,17.730938,1.818439,797,836,0
6290,10,16,0,27,1,17.732902,1.818389,797,836,0
6300,9,0,1,11,1,17.731193,1.818554,797,836,0
6310,1,1,0,3,1,17.708601,1.816488,797,836,0
6320,0,0,0,0,0,17.694662,1.815073,797,836,0
6330,12,8,0,21,1,17.681486,1.813618,797,836,0
6340,15,15,0,31,1,17.684618,1.813455,797,836,0
6350,13,6,0,20,1,17.692106,1.814472,797,836,0
6360,13,6,0,20,1,17.696283,1.814886,797,836,0
6370,15,19,0,35,1,17.722020,1.817658,805,851,0
6380,14,15,0,30,1,17.744499,1.820388,805,851,0
6390,13,6,0,20,1,17.748657,1.820477,805,851,0
6400,12,4,0,17,1,17.758191,1.821295,805,851,0
6410,20,20,0,41,1,17.768267,1.822022,808,851,0
6420,2,6,0,9,1,17.778500,1.823261,808,852,0
6430,14,10,0,25,1,17.784277,1.823432,808,852,0
6440,13,6,0,20,1,17.783866,1.823522,808,852,0
6450,2,3,0,6,1,17.768757,1.822567,808,852,0
6460,2,7,0,10,1,17.747312,1.820382,808,852,0
6470,9,4,0,14,1,17.733147,1.818597,808,852,0
6480,11,14,0,26,1,17.720390,1.817102,808,852,0
6490,17,14,0,32,1,17.745348,1.819849,821,854,0
6500,10,17,0,28,1,17.765200,1.821899,830,854,0
6510,6,15,0,22,1,17.785720,1.824392,834,860,0
6520,1,18,0,20,1,17.794327,1.825404,834,873,0
6530,19,19,0,39,1,17.809846,1.826923,840,882,0
6540,2,11,0,14,1,17.819281,1.828077,840,883,0
6550,0,0,0,1,1,17.798617,1.826228,840,883,0
6560,2,0,0,3,1,17.778193,1.824117,840,883,0
6570,12,14,0,27,1,17.776866,1.823966,840,886,0
6580,11,1,0,13,1,17.773499,1.823463,840,886,0
6590,0,2,0,3,1,17.765689,1.822817,840,886,0
6600,0,0,0,0,0,17.745280,1.820906,840,886,0
6610,2,1,0,4,1,17.725333,1.818787,840,886,0
6620,0,1,0,2,1,17.708458,1.816731,840,886,0
6630,2,4,0,7,1,17.689637,1.814757,840,886,0
6640,0,0,0,1,1,17.674844,1.813533,840,886,0
6650,2,2,0,5,1,17.657636,1.811501,840,886,0
6660,8,0,0,9,1,17.647308,1.810566,840,886,0
6670,14,6,0,21,1,17.638372,1.809467,840,886,0
6680,10,1,0,12,1,17.623503,1.808233,840,886,0
6690,20,12,0,33,1,17.627799,1.808576,845,886,0
6700,0,0,0,1,1,17.630057,1.809014,851,886,0
6710,2,5,0,8,1,17.616729,1.807631,851,886,0
6720,2,19,0,22,1,17.619633,1.807611,851,891,0
6730,2,8,0,11,1,17.615141,1.807328,851,893,0
6740,11,7,0,19,1,17.609484,1.806321,851,893,0
6750,10,9,0,20,1,17.605811,1.805628,851,893,0
6760,0,7,0,8,1,17.598628,1.805179,851,893,0
6770,6,9,0,16,1,17.583976,1.803580,851,893,0
6780,14,2,0,17,1,17.574970,1.802316,851,893,0
6790,0,0,0,0,0,17.564589,1.801619,851,893,0
6800,1,0,0,2,1,17.549999,1.800543,851,893,0
6810,3,3,0,7,1,17.529329,1.798815,851,893,0
6820,3,15,1,20,1,17.517836,1.797404,851,893,0
6830,11,16,0,28,1,17.532974,1.798916,851,911,0
6840,0,0,0,1,1,17.535469,1.799508,851,911,0
6850,1,0,0,2,1,17.516123,1.797669,851,911,0
6860,4,6,0,11,1,17.501608,1.796191,851,911,0
6870,15,11,0,27,1,17.507743,1.796269,851,911,0
6880,18,12,0,31,1,17.526360,1.798192,858,911,0
6890,20,16,0,37,1,17.554344,1.801424,874,933,0
6900,15,17,0,33,1,17.577749,1.804133,876,933,0
6910,9,11,0,21,1,17.595246,1.806236,876,941,0
6920,15,16,0,32,1,17.609743,1.807253,876,941,0
6930,9,20,0,30,1,17.617036,1.807906,876,941,0
6940,10,10,0,21,1,17.632346,1.809408,876,948,0
6950,20,16,0,37,1,17.648458,1.810512,880,948,0
6960,18,18,0,37,1,17.676844,1.813838,890,965,0
6970,13,19,0,33,1,17.702011,1.816807,892,972,0
6980,15,19,0,35,1,17.716907,1.818214,892,975,0
6990,15,18,0,34,1,17.733952,1.819815,892,983,0
7000,15,8,0,24,1,17.754021,1.822180,895,983,0
7010,17,4,0,22,1,17.759492,1.822780,896,983,0
7020,1,4,0,6,1,17.750175,1.822048,896,983,0
7030,1,0,0,2,1,17.736504,1.820709,896,983,0
7040,0,0,0,1,1,17.714768,1.818595,896,983,0
7050,2,2,0,5,1,17.697337,1.816949,896,983,0
7060,1,2,0,4,1,17.677247,1.815161,896,983,0
7070,3,13,0,17,1,17.664578,1.813659,896,983,0
7080,2,7,0,10,1,17.661368,1.813445,896,983,0
7090,14,20,0,35,1,17.675599,1.814917,896,990,0
7100,6,17,0,24,1,17.687461,1.816381,896,993,0
7110,8,17,0,26,1,17.701072,1.817999,896,1002,0
7120,6,10,0,17,1,17.701775,1.818081,896,1002,0
7130,3,10,0,14,1,17.700500,1.817802,896,1002,0
7140,1,9,0,11,1,17.693613,1.817000,896,1002,0
7150,4,0,0,5,1,17.685295,1.815973,896,1002,0
7160,8,14,0,23,1,17.675009,1.814303,896,1002,0
7170,0,4,0,5,1,17.670246,1.814033,896,1002,0
7180,10,10,0,21,1,17.662580,1.812686,896,1002,0
7190,19,20,0,40,1,17.674115,1.813441,896,1003,0
7200,14,17,0,32,1,17.696573,1.815990,898,1004,0
7210,18,13,0,32,1,17.719268,1.818305,905,1004,0
7220,20,19,0,40,1,17.734481,1.819929,913,1005,0
7230,4,8,0,13,1,17.746532,1.821488,920,1008,0
7240,10,7,0,18,1,17.740641,1.820765,920,1008,0
7250,17,16,1,35,1,17.747099,1.821233,920,1008,0
7260,3,4,0,8,1,17.758331,1.822449,920,1015,0
7270,5,2,0,8,1,17.743672,1.820621,920,1015,0
7280,3,3,0,7,1,17.735357,1.819652,920,1015,0
7290,13,6,0,20,1,17.724630,1.818359,920,1015,0
7300,4,2,0,7,1,17.723329,1.818263,920,1015,0
7310,4,5,0,10,1,17.704540,1.816424,920,1015,0
7320,4,4,0,9,1,17.696928,1.815756,920,1015,0
7330,6,11,0,18,1,17.691229,1.815209,920,1015,0
7340,3,8,0,12,1,17.687708,1.814580,920,1015,0
7350,19,4,0,24,1,17.684033,1.813810,920,1015,0
7360,13,9,0,23,1,17.685367,1.814061,922,1015,0
7370,11,6,0,18,1,17.693089,1.815143,922,1015,0
7380,5,10,0,16,1,17.681935,1.814036,922,1015,0
7390,0,0,0,0,0,17.665312,1.812896,922,1015,0
7400,12,13,0,26,1,17.655544,1.811377,922,1015,0
7410,11,12,0,24,1,17.669470,1.812868,925,1015,0
7420,8,11,0,20,1,17.680642,1.813876,925,1015,0
7430,0,0,0,1,1,17.677653,1.813856,925,1017,0
7440,9,13,0,23,1,17.671137,1.812949,925,1017,0
7450,1,0,0,2,1,17.675900,1.813624,925,1017,0
7460,1,7,0,9,1,17.661061,1.812313,925,1017,0
7470,18,10,0,29,1,17.649141,1.811051,925,1017,0
7480,17,15,0,33,1,17.664717,1.812835,925,1017,0
7490,9,6,0,16,1,17.683083,1.814830,930,1017,0
7500,15,6,0,22,1,17.680100,1.814510,930,1017,0
7510,4,8,0,13,1,17.669383,1.813099,930,1017,0
7520,16,1,0,18,1,17.667568,1.812627,930,1017,0
7530,5,5,0,11,1,17.658723,1.811780,930,1017,0
7540,6,1,0,8,1,17.643623,1.810267,930,1017,0
7550,3,2,0,6,1,17.626139,1.808731,930,1017,0
7560,10,1,0,12,1,17.612298,1.807542,930,1017,0
7570,5,4,0,10,1,17.597042,1.806183,930,1017,0
7580,16,11,0,28,1,17.612707,1.807581,930,1017,0
7590,16,16,1,34,1,17.630935,1.809242,934,1017,0
7600,10,17,0,28,1,17.653105,1.811773,937,1025,0
7610,12,6,0,19,1,17.672746,1.813995,945,1033,0
7620,3,0,0,4,1,17.661780,1.812953,945,1033,0
7630,4,0,0,5,1,17.645718,1.811120,945,1033,0
7640,15,12,0,28,1,17.645473,1.810837,945,1033,0
7650,12,6,0,19,1,17.649075,1.811315,947,1033,0
7660,7,14,0,22,1,17.658870,1.812671,947,1037,0
7670,11,20,0,32,1,17.668086,1.813651,947,1043,0
7680,13,15,0,29,1,17.677878,1.814618,947,1043,0
7690,11,17,0,29,1,17.688380,1.815537,947,1043,0
7700,20,19,0,40,1,17.711461,1.817892,964,1052,0
7710,16,17,0,34,1,17.733009,1.820259,969,1052,0
7720,12,16,0,29,1,17.748955,1.822003,969,1052,0
7730,10,19,0,30,1,17.763545,1.823196,969,1059,0
7740,1,19,0,21,1,17.770775,1.823949,969,1069,0
7750,5,1,0,7,1,17.770024,1.823616,969,1070,0
7760,2,15,0,18,1,17.766670,1.823042,969,1070,0
7770,4,20,0,25,1,17.769107,1.823014,969,1071,0
7780,7,18,0,26,1,17.779029,1.823995,969,1077,0
7790,13,9,0,23,1,17.792666,1.825213,969,1080,0
7800,10,7,0,18,1,17.799643,1.826229,969,1080,0
7810,8,12,0,21,1,17.808020,1.827195,969,1082,0
7820,9,19,0,29,1,17.813666,1.827642,969,1082,0
7830,16,20,0,37,1,17.835436,1.830294,969,1102,0
7840,5,13,0,19,1,17.851683,1.832332,969,1109,0
7850,3,0,0,4,1,17.839454,1.831398,969,1109,0
7860,17,6,0,24,1,17.839564,1.831300,971,1109,0
7870,20,10,0,31,1,17.848802,1.832545,983,1109,0
7880,18,12,0,31,1,17.865054,1.834486,998,1109,0
7890,13,12,0,26,1,17.875947,1.835805,998,1109,0
7900,15,5,0,21,1,17.888899,1.836977,1002,1109,0
7910,9,8,0,18,1,17.888469,1.836775,1002,1109,0
7920,12,1,1,15,1,17.889446,1.836765,1002,1109,0
7930,20,1,0,22,1,17.889824,1.836909,1003,1109,0
7940,20,9,0,30,1,17.896732,1.837746,1010,1109,0
7950,18,5,0,24,1,17.899454,1.838225,1012,1109,0
7960,12,14,0,27,1,17.910448,1.839268,1014,1109,0
7970,0,2,0,3,1,17.910103,1.839739,1014,1109,0
7980,2,0,0,3,1,17.895983,1.838534,1014,1109,0
7990,0,0,0,1,1,17.879684,1.836867,1014,1109,0
8000,4,4,0,9,1,17.863861,1.835155,1014,1109,0
8010,0,0,0,0,0,17.845787,1.833659,1014,1109,0
8020,7,2,0,10,1,17.841726,1.833297,1014,1109,0
8030,1,2,0,4,1,17.829523,1.832308,1014,1109,0
8040,6,4,0,11,1,17.816803,1.830961,1014,1109,0
8050,18,17,0,36,1,17.818815,1.830685,1017,1109,0
8060,11,13,0,25,1,17.838406,1.832915,1029,1112,0
8070,2,5,0,8,1,17.838451,1.832904,1029,1112,0
8080,10,7,0,18,1,17.830489,1.832257,1029,1112,0
8090,0,2,0,3,1,17.820766,1.831381,1029,1112,0
8100,14,2,0,17,1,17.816832,1.830473,1029,1112,0
8110,20,14,0,35,1,17.827051,1.831392,1049,1112,0
8120,10,4,0,15,1,17.836133,1.832773,1061,1112,0
8130,11,3,0,15,1,17.832586,1.832462,1061,1112,0
8140,19,10,0,30,1,17.835088,1.832773,1063,1112,0
8150,19,20,0,40,1,17.853541,1.834491,1075,1115,0
8160,15,15,0,31,1,17.875185,1.837139,1078,1132,0
8170,14,6,0,21,1,17.874205,1.837138,1078,1132,0
8180,1,1,0,3,1,17.864824,1.836342,1078,1132,0
8190,0,0,0,0,0,17.851010,1.835044,1078,1132,0
8200,4,0,0,5,1,17.832807,1.833524,1078,1132,0
8210,0,0,0,0,0,17.815703,1.831588,1078,1132,0
8220,17,5,0,23,1,17.807107,1.830458,1080,1132,0
8230,16,11,0,28,1,17.815217,1.831275,1088,1132,0
8240,10,1,0,12,1,17.815180,1.831347,1088,1132,0
8250,1,7,0,9,1,17.803539,1.829906,1088,1132,0
8260,6,6,0,13,1,17.795597,1.828937,1088,1132,0
8270,5,2,0,8,1,17.788898,1.828209,1088,1132,0
8280,1,3,0,5,1,17.771500,1.826338,1088,1132,0
8290,0,2,0,3,1,17.759529,1.825318,1088,1132,0
8300,3,5,0,9,1,17.748108,1.823993,1088,1132,0
8310,4,3,0,8,1,17.739399,1.823059,1088,1132,0
8320,5,10,0,16,1,17.728919,1.821742,1088,1132,0
8330,10,19,0,30,1,17.739348,1.822506,1088,1137,0
8340,7,18,0,26,1,17.751000,1.823621,1088,1150,0
8350,14,3,0,18,1,17.766638,1.825414,1088,1162,0
8360,16,2,0,19,1,17.772471,1.826290,1097,1162,0
8370,9,0,0,10,1,17.775521,1.826678,1099,1162,0
8380,5,5,0,11,1,17.768618,1.826289,1099,1162,0
8390,4,3,0,8,1,17.753626,1.824777,1099,1162,0
8400,8,9,0,18,1,17.748172,1.824067,1099,1162,0
8410,12,16,0,29,1,17.753993,1.824627,1099,1162,0
8420,2,18,0,21,1,17.757056,1.825172,1099,1163,0
8430,15,8,0,24,1,17.758247,1.825278,1099,1163,0
8440,11,3,1,16,1,17.762747,1.825858,1099,1163,0
8450,11,0,0,12,1,17.754043,1.825014,1099,1163,0
8460,2,9,1,13,1,17.749525,1.824335,1099,1163,0
8470,3,3,0,7,1,17.734340,1.822758,1099,1163,0
8480,0,0,0,0,0,17.717882,1.821161,1099,1163,0
8490,8,0,0,9,1,17.705229,1.819801,1099,1163,0
8500,12,1,0,14,1,17.708113,1.819950,1105,1163,0
8510,5,1,0,7,1,17.695322,1.818708,1105,1163,0
8520,11,16,0,28,1,17.693074,1.818220,1105,1163,0
8530,2,10,0,13,1,17.706802,1.819923,1105,1169,0
8540,15,11,0,27,1,17.713149,1.820187,1105,1169,0
8550,16,3,0,20,1,17.723121,1.821328,1107,1169,0
8560,10,9,0,20,1,17.731310,1.822155,1109,1169,0
8570,14,20,0,35,1,17.733943,1.822323,1109,1173,0
8580,16,17,0,34,1,17.753097,1.824320,1109,1180,0
8590,3,17,0,21,1,17.762710,1.825686,1109,1184,0
8600,20,10,0,31,1,17.771943,1.826204,1111,1188,0
8610,0,1,0,2,1,17.768927,1.826425,1114,1188,0
8620,6,0,0,7,1,17.759500,1.825266,1114,1188,0
8630,7,15,0,23,1,17.755959,1.824735,1114,1188,0
8640,12,15,0,28,1,17.761586,1.825189,1114,1188,0
8650,10,11,0,22,1,17.773415,1.826607,1114,1191,0
8660,14,15,0,30,1,17.782489,1.827438,1114,1191,0
8670,17,20,0,38,1,17.799098,1.829195,1114,1202,0
8680,19,16,0,36,1,17.822814,1.831790,1134,1219,0
8690,10,8,0,19,1,17.841643,1.834166,1150,1228,0
8700,6,0,0,7,1,17.836055,1.833706,1150,1228,0
8710,7,1,0,9,1,17.826148,1.832628,1150,1228,0
8720,8,4,0,13,1,17.811761,1.831198,1150,1228,0
8730,8,2,0,11,1,17.800819,1.830036,1150,1228,0
8740,19,11,0,31,1,17.804409,1.830282,1153,1228,0
8750,2,13,0,16,1,17.810082,1.831258,1153,1228,0
8760,0,1,0,2,1,17.800735,1.830560,1153,1228,0
8770,9,9,0,19,1,17.793864,1.829687,1153,1228,0
8780,2,0,0,3,1,17.792721,1.829682,1153,1228,0
8790,1,2,0,4,1,17.775565,1.828223,1153,1228,0
8800,8,5,0,14,1,17.766987,1.827132,1153,1228,0
8810,19,17,0,37,1,17.774172,1.827492,1160,1228,0
8820,2,5,0,8,1,17.779886,1.828383,1165,1228,0
8830,2,1,0,4,1,17.765441,1.827052,1165,1228,0
8840,3,1,0,5,1,17.750601,1.825594,1165,1228,0
8850,20,18,0,39,1,17.752849,1.825427,1169,1228,0
8860,18,19,0,38,1,17.776144,1.827934,1178,1239,0
8870,15,15,0,31,1,17.792489,1.829663,1183,1243,0
8880,18,17,0,36,1,17.804166,1.830805,1183,1248,0
8890,15,20,0,36,1,17.823499,1.832607,1190,1250,0
8900,10,7,0,18,1,17.829388,1.833303,1190,1253,0
8910,3,12,0,16,1,17.836595,1.834282,1190,1253,0
8920,3,0,0,4,1,17.823967,1.833158,1190,1253,0
8930,11,6,0,18,1,17.809446,1.831690,1190,1253,0
8940,3,9,0,13,1,17.805511,1.831291,1190,1253,0
8950,0,0,0,1,1,17.791125,1.830068,1190,1253,0
8960,0,9,0,10,1,17.778197,1.828659,1190,1253,0
8970,3,0,0,4,1,17.763883,1.827254,1190,1253,0
8980,6,7,0,14,1,17.751038,1.826125,1190,1253,0
8990,5,4,0,10,1,17.747275,1.825596,1190,1253,0
9000,14,16,0,31,1,17.755563,1.826245,1190,1253,0
9010,8,11,0,20,1,17.763529,1.827090,1190,1255,0
9020,14,9,0,24,1,17.772157,1.827961,1190,1255,0
9030,18,18,0,37,1,17.789350,1.829484,1198,1263,0
9040,9,6,1,17,1,17.798930,1.830661,1198,1264,0
9050,11,6,0,18,1,17.799212,1.830716,1198,1264,0
9060,11,0,0,12,1,17.796443,1.830311,1198,1264,0
9070,4,3,0,8,1,17.785473,1.829333,1198,1264,0
9080,15,3,0,19,1,17.778848,1.828346,1198,1264,0
9090,0,10,0,11,1,17.778197,1.828201,1201,1264,0
9100,0,1,0,2,1,17.765080,1.826960,1201,1264,0
9110,5,4,0,10,1,17.748458,1.825379,1201,1264,0
9120,4,0,0,5,1,17.734614,1.824022,1201,1264,0
9130,11,16,0,28,1,17.728252,1.823085,1201,1264,0
9140,15,17,0,33,1,17.737192,1.823968,1201,1264,0
9150,18,16,0,35,1,17.749560,1.825265,1201,1266,0
9160,17,9,0,27,1,17.761588,1.826384,1208,1266,0
9170,19,5,0,25,1,17.767817,1.826928,1209,1266,0
9180,8,4,0,13,1,17.761135,1.826123,1216,1266,0
9190,3,9,0,13,1,17.759024,1.825993,1216,1266,0
9200,1,0,0,2,1,17.748389,1.824884,1216,1266,0
9210,3,0,0,4,1,17.734968,1.823632,1216,1266,0
9220,3,0,0,4,1,17.727909,1.822850,1216,1266,0
9230,19,8,0,28,1,17.723678,1.822258,1223,1266,0
9240,18,15,0,34,1,17.734725,1.823460,1239,1266,0
9250,14,14,0,29,1,17.753272,1.825189,1250,1269,0
9260,10,13,0,24,1,17.758501,1.825732,1250,1269,0
9270,5,17,0,23,1,17.763394,1.826261,1250,1269,0
9280,12,11,0,24,1,17.779711,1.828106,1255,1275,0
9290,12,17,0,30,1,17.790050,1.829073,1255,1275,0
9300,19,18,0,38,1,17.810175,1.831148,1273,1275,0
9310,14,19,0,34,1,17.828437,1.833091,1283,1277,0
9320,4,13,0,18,1,17.838284,1.833927,1283,1278,0
9330,6,2,0,9,1,17.829259,1.832924,1283,1278,0
9340,11,0,0,12,1,17.822001,1.831941,1283,1278,0
9350,18,18,1,38,1,17.831013,1.832893,1286,1278,0
9360,8,8,0,17,1,17.840195,1.834064,1286,1285,0
9370,5,8,0,14,1,17.834484,1.833342,1286,1285,0
9380,4,17,0,22,1,17.837013,1.833386,1286,1286,0
9390,5,4,0,10,1,17.833314,1.833253,1286,1286,0
9400,20,6,0,27,1,17.824674,1.832330,1286,1286,0
9410,19,7,0,27,1,17.830427,1.832987,1292,1286,0
9420,11,0,0,12,1,17.835295,1.833533,1292,1286,0
9430,7,2,0,10,1,17.825962,1.832539,1292,1286,0
9440,1,0,0,2,1,17.814197,1.831295,1292,1286,0
9450,5,6,0,12,1,17.801865,1.829953,1292,1286,0
9460,0,3,0,4,1,17.786932,1.828901,1292,1286,0
9470,12,7,0,20,1,17.778503,1.827722,1292,1286,0
9480,20,18,0,39,1,17.784867,1.828203,1299,1286,0
9490,20,20,0,41,1,17.805196,1.830417,1310,1296,0
9500,17,13,0,31,1,17.821373,1.832324,1313,1305,0
9510,6,18,0,25,1,17.835207,1.833632,1313,1315,0
9520,10,14,0,25,1,17.838852,1.833913,1313,1317,0
9530,5,18,0,24,1,17.842184,1.834360,1313,1317,0
9540,1,2,0,4,1,17.832418,1.833421,1313,1317,0
9550,9,12,0,22,1,17.831034,1.832830,1313,1318,0
9560,18,9,0,28,1,17.846534,1.834468,1320,1323,0
9570,3,4,0,8,1,17.840706,1.834052,1320,1323,0
9580,1,6,0,8,1,17.834445,1.833335,1320,1323,0
9590,6,6,0,13,1,17.829063,1.832571,1320,1323,0
9600,4,0,0,5,1,17.823839,1.832059,1320,1323,0
9610,7,14,0,22,1,17.819501,1.831325,1320,1323,0
9620,3,12,0,16,1,17.822428,1.831847,1320,1323,0
9630,10,8,0,19,1,17.822418,1.831696,1320,1323,0
9640,12,15,0,28,1,17.833832,1.832660,1320,1323,0
9650,19,18,0,38,1,17.848186,1.833789,1320,1329,0
9660,14,12,0,27,1,17.860900,1.835258,1321,1329,0
9670,12,10,0,23,1,17.869954,1.836097,1321,1329,0
9680,2,0,0,3,1,17.867890,1.836067,1321,1329,0
9690,2,0,0,3,1,17.853555,1.834911,1321,1329,0
9700,8,7,0,16,1,17.840633,1.833647,1321,1329,0
9710,19,20,0,40,1,17.848116,1.833859,1321,1329,0
9720,16,18,0,35,1,17.862709,1.835462,1321,1332,0
9730,14,16,0,31,1,17.880437,1.837271,1325,1337,0
9740,6,20,0,27,1,17.892319,1.838265,1325,1345,0
9750,11,18,0,30,1,17.897642,1.838760,1325,1355,0
9760,12,14,0,27,1,17.905736,1.839559,1325,1355,0
9770,18,10,0,29,1,17.924327,1.841495,1341,1371,0
9780,11,17,0,29,1,17.930973,1.842165,1341,1372,0
9790,15,11,0,27,1,17.943601,1.843450,1344,1372,0
9800,15,6,0,22,1,17.951561,1.844390,1345,1372,0
9810,19,7,0,27,1,17.955040,1.844657,1354,1372,0
9820,15,1,0,17,1,17.962660,1.845447,1356,1372,0
9830,6,1,0,8,1,17.955684,1.844968,1356,1372,0
9840,1,0,0,2,1,17.948177,1.844357,1356,1372,0
9850,16,11,0,28,1,17.941945,1.843280,1356,1372,0
9860,16,13,0,30,1,17.946242,1.843536,1356,1372,0
9870,19,17,0,37,1,17.958471,1.844799,1359,1372,0
9880,15,18,0,34,1,17.975052,1.846547,1361,1386,0
9890,19,8,0,28,1,17.983139,1.847519,1362,1386,0
9900,3,0,0,4,1,17.981698,1.847454,1364,1386,0
9910,3,1,0,5,1,17.970266,1.846362,1364,1386,0
9920,13,0,0,14,1,17.964404,1.845728,1364,1386,0
9930,0,3,0,4,1,17.954486,1.844792,1364,1386,0
9940,0,1,0,2,1,17.940071,1.843584,1364,1386,0
9950,1,5,0,7,1,17.928348,1.842613,1364,1386,0
9960,2,7,0,10,1,17.916346,1.841575,1364,1386,0
9970,3,13,0,17,1,17.913342,1.841272,1364,1386,0
9980,0,8,0,9,1,17.911523,1.841432,1364,1386,0
9990,0,0,0,0,0,17.900610,1.840542,1364,1386,0
10000,2,0,0,3,1,17.886841,1.839207,1364,1386,0
10010,13,4,0,18,1,17.877977,1.838225,1364,1386,0
10020,17,2,0,20,1,17.878485,1.838301,1367,1386,0
10030,0,1,0,2,1,17.869324,1.837401,1368,1386,0
10040,12,15,0,28,1,17.864946,1.836711,1368,1386,0
10050,15,16,0,32,1,17.882583,1.838868,1373,1395,0
10060,7,9,0,17,1,17.892159,1.840215,1374,1398,0
10070,4,18,0,23,1,17.896636,1.840623,1374,1404,0
10080,3,3,0,7,1,17.894573,1.840209,1374,1404,0
10090,12,11,0,24,1,17.883526,1.838946,1374,1404,0
10100,5,16,0,22,1,17.891016,1.839834,1374,1407,0
10110,5,1,0,7,1,17.883792,1.839226,1374,1407,0
10120,2,0,0,3,1,17.870735,1.837963,1374,1407,0
10130,0,0,0,0,0,17.857054,1.836523,1374,1407,0
10140,15,9,0,25,1,17.853297,1.835898,1374,1407,0
10150,6,2,0,9,1,17.849638,1.835861,1374,1407,0
10160,4,9,0,14,1,17.844291,1.835186,1374,1407,0
10170,9,13,0,23,1,17.844501,1.834989,1374,1407,0
10180,9,20,0,30,1,17.842657,1.834581,1374,1411,0
10190,1,8,0,10,1,17.842585,1.834671,1374,1411,0
10200,0,2,0,3,1,17.830341,1.833620,1374,1411,0
10210,4,10,0,15,1,17.818260,1.832309,1374,1411,0
10220,0,0,0,0,0,17.805321,1.831241,1374,1411,0
10230,8,8,0,17,1,17.790203,1.829745,1374,1411,0
10240,11,8,0,20,1,17.791038,1.829799,1374,1411,0
10250,12,20,0,33,1,17.802420,1.830808,1375,1417,0
10260,10,18,0,29,1,17.810931,1.831835,1375,1427,0
10270,14,11,0,26,1,17.817348,1.832389,1375,1428,0
10280,19,16,0,36,1,17.827292,1.833196,1384,1428,0
10290,16,18,0,35,1,17.844476,1.835059,1387,1435,0
10300,16,14,0,31,1,17.859379,1.836303,1387,1442,0
10310,20,16,0,37,1,17.878052,1.838319,1408,1454,0
10320,0,6,0,7,1,17.884421,1.839253,1410,1454,0
10330,13,18,0,32,1,17.890715,1.839758,1410,1463,0
10340,17,18,0,36,1,17.906788,1.841452,1413,1482,0
10350,12,11,0,24,1,17.920003,1.843182,1414,1487,0
10360,17,14,1,33,1,17.931889,1.844518,1416,1493,0
10370,20,14,0,35,1,17.943448,1.845840,1423,1493,0
10380,17,16,0,34,1,17.961164,1.847721,1441,1497,0
10390,6,13,0,20,1,17.971617,1.848983,1446,1500,0
10400,1,4,0,6,1,17.970869,1.848965,1446,1500,0
10410,8,1,0,10,1,17.967796,1.848634,1446,1500,0
10420,0,0,0,0,0,17.956018,1.847371,1446,1500,0
10430,11,1,0,13,1,17.948530,1.846586,1446,1500,0
10440,1,0,0,2,1,17.936183,1.845028,1446,1500,0
10450,2,6,0,9,1,17.925951,1.843834,1446,1500,0
10460,1,1,0,3,1,17.915789,1.842721,1446,1500,0
10470,0,0,0,0,0,17.900398,1.841377,1446,1500,0
10480,0,1,0,2,1,17.888501,1.840066,1446,1500,0
10490,12,7,0,20,1,17.879046,1.838953,1446,1500,0
10500,0,0,0,1,1,17.868990,1.838157,1446,1500,0
10510,0,0,0,0,0,17.855870,1.836758,1446,1500,0
10520,3,1,0,5,1,17.848587,1.836012,1446,1500,0
10530,7,6,0,14,1,17.837387,1.834882,1446,1500,0
10540,12,6,0,19,1,17.832045,1.834175,1446,1500,0
10550,14,7,0,22,1,17.832918,1.834233,1446,1500,0
10560,14,6,0,21,1,17.835832,1.834590,1446,1500,0
10570,14,19,0,34,1,17.842456,1.834936,1453,1500,0
10580,18,18,0,37,1,17.859110,1.836618,1455,1506,0
10590,16,7,0,24,1,17.872437,1.838082,1462,1513,0
10600,10,8,1,20,1,17.863794,1.836983,1462,1513,0
10610,0,4,0,5,1,17.862896,1.836699,1462,1513,0
10620,17,3,0,21,1,17.862323,1.836343,1462,1513,0
10630,15,8,0,24,1,17.872202,1.837185,1471,1513,0
10640,6,5,0,12,1,17.876575,1.837764,1471,1513,0
10650,0,0,0,1,1,17.867579,1.836897,1471,1513,0
10660,8,5,0,14,1,17.854171,1.835577,1471,1513,0
10670,1,2,0,4,1,17.846191,1.835062,1471,1513,0
10680,3,7,0,11,1,17.836261,1.834045,1471,1513,0
10690,12,17,0,30,1,17.833187,1.833557,1471,1514,0
10700,3,1,0,5,1,17.834685,1.833804,1471,1514,0
10710,10,3,0,14,1,17.822389,1.832685,1471,1514,0
10720,8,3,0,12,1,17.817367,1.832120,1471,1514,0
10730,4,12,0,17,1,17.810428,1.831113,1471,1514,0
10740,4,2,0,7,1,17.798406,1.829706,1471,1514,0
10750,1,9,0,11,1,17.791541,1.829145,1471,1514,0
10760,1,1,0,3,1,17.779520,1.828106,1471,1514,0
10770,6,8,0,15,1,17.771548,1.827134,1471,1514,0
10780,10,3,0,14,1,17.764523,1.826521,1471,1514,0
10790,0,0,0,1,1,17.755951,1.825574,1471,1514,0
10800,8,3,0,12,1,17.749963,1.824963,1471,1514,0
10810,20,11,0,32,1,17.758391,1.825591,1472,1516,0
10820,17,10,0,28,1,17.768527,1.826742,1482,1516,0
10830,18,12,0,31,1,17.776180,1.827568,1484,1516,0
10840,14,7,0,22,1,17.778063,1.828148,1484,1516,0
10850,6,4,0,11,1,17.778959,1.828296,1484,1516,0
10860,0,0,0,1,1,17.768363,1.827418,1484,1516,0
10870,0,6,0,7,1,17.754365,1.826190,1484,1516,0
10880,7,0,0,8,1,17.744971,1.825193,1484,1516,0
10890,0,0,0,1,1,17.733737,1.824110,1484,1516,0
10900,0,0,0,1,1,17.720215,1.822672,1484,1516,0
10910,0,0,0,0,0,17.710205,1.821474,1484,1516,0
10920,0,0,0,0,0,17.695464,1.820116,1484,1516,0
10930,2,7,0,10,1,17.686270,1.819089,1484,1516,0
10940,0,19,0,20,1,17.686083,1.818680,1484,1516,0
10950,6,16,0,23,1,17.684932,1.818378,1484,1516,0
10960,1,18,0,20,1,17.690294,1.818866,1484,1518,0
10970,7,18,0,26,1,17.692563,1.819103,1484,1518,0
10980,10,15,0,26,1,17.697451,1.819679,1484,1518,0
10990,13,13,0,27,1,17.710418,1.820897,1492,1519,0
11000,11,13,0,25,1,17.722327,1.822143,1492,1519,0
11010,18,15,0,34,1,17.728731,1.822789,1492,1519,0
11020,16,18,0,35,1,17.744555,1.824420,1497,1522,0
11030,0,12,0,13,1,17.751194,1.825209,1497,1525,0
11040,18,19,0,38,1,17.755549,1.825355,1497,1525,0
11050,5,15,0,21,1,17.767832,1.826861,1498,1533,0
11060,1,18,0,20,1,17.772205,1.827298,1498,1535,0
11070,1,7,0,9,1,17.771709,1.827251,1498,1539,0
11080,6,16,0,23,1,17.771502,1.827285,1498,1539,0
11090,3,17,0,21,1,17.778668,1.828145,1498,1558,0
11100,3,15,0,19,1,17.785242,1.828910,1498,1571,0
11110,3,16,0,20,1,17.783642,1.828682,1498,1571,0
11120,2,1,0,4,1,17.776064,1.827670,1498,1571,0
11130,5,0,0,6,1,17.762001,1.826262,1498,1571,0
11140,2,4,0,7,1,17.748612,1.825008,1498,1571,0
11150,4,0,0,5,1,17.738018,1.823973,1498,1571,0
11160,1,0,0,2,1,17.725065,1.822931,1498,1571,0
11170,0,0,0,1,1,17.714518,1.821901,1498,1571,0
11180,0,0,0,1,1,17.704074,1.820897,1498,1571,0
11190,9,0,0,10,1,17.694658,1.819832,1498,1571,0
11200,1,1,0,3,1,17.684576,1.818866,1498,1571,0
11210,4,0,0,5,1,17.670579,1.817547,1498,1571,0
11220,4,0,1,6,1,17.661924,1.816727,1498,1571,0
11230,9,12,0,22,1,17.659900,1.816256,1498,1571,0
11240,14,12,0,27,1,17.668568,1.817185,1498,1571,0
11250,11,17,0,29,1,17.680769,1.818294,1498,1571,0
11260,0,3,0,4,1,17.687179,1.819007,1498,1575,0
11270,8,5,0,14,1,17.684993,1.818654,1498,1575,0
11280,14,17,0,32,1,17.693326,1.819349,1498,1575,0
11290,11,14,0,26,1,17.700998,1.820374,1498,1582,0
11300,17,15,0,33,1,17.713388,1.821403,1501,1582,0
11310,16,16,0,33,1,17.729230,1.823020,1508,1592,0
11320,18,19,0,38,1,17.746425,1.824875,1513,1601,0
11330,17,19,0,37,1,17.764699,1.826742,1521,1618,0
11340,11,14,0,26,1,17.775544,1.828010,1521,1618,0
11350,16,11,0,28,1,17.784589,1.828580,1523,1618,0
11360,14,9,0,24,1,17.790815,1.829357,1525,1618,0
11370,1,10,0,12,1,17.792348,1.829436,1525,1618,0
11380,1,0,0,2,1,17.782817,1.828642,1525,1618,0
11390,0,0,0,0,0,17.771146,1.827446,1525,1618,0
11400,0,1,0,2,1,17.767769,1.826855,1525,1620,0
11410,10,3,0,14,1,17.760952,1.826307,1525,1620,0
11420,5,9,0,15,1,17.762836,1.826537,1525,1620,0
11430,9,18,0,28,1,17.762295,1.826535,1525,1620,0
11440,0,12,0,13,1,17.763412,1.826720,1525,1627,0
11450,17,20,0,38,1,17.772584,1.827683,1525,1646,0
11460,15,17,0,33,1,17.785745,1.829205,1530,1649,0
11470,16,20,0,37,1,17.800742,1.830948,1535,1656,0
11480,18,18,0,37,1,17.818141,1.833037,1542,1675,0
11490,19,15,0,35,1,17.828667,1.834025,1542,1675,0
11500,12,10,0,23,1,17.839309,1.835074,1545,1675,0
11510,9,18,0,28,1,17.851032,1.836103,1545,1678,0
11520,0,0,0,1,1,17.849954,1.836192,1545,1685,0
11530,6,9,0,16,1,17.840578,1.835362,1545,1685,0
11540,0,9,0,10,1,17.836832,1.835013,1545,1685,0
11550,7,16,0,24,1,17.842049,1.835455,1545,1686,0
11560,10,18,0,29,1,17.847866,1.836007,1545,1693,0
11570,15,9,0,25,1,17.859291,1.837153,1552,1693,0
11580,8,8,0,17,1,17.863036,1.837771,1554,1693,0
11590,11,10,0,22,1,17.866387,1.838070,1554,1693,0
11600,7,8,0,16,1,17.861411,1.837545,1554,1693,0
11610,0,9,0,10,1,17.858859,1.837367,1554,1693,0
11620,0,0,0,1,1,17.846759,1.836418,1554,1693,0
11630,7,9,0,17,1,17.836568,1.835226,1554,1693,0
11640,4,2,0,7,1,17.836824,1.835207,1554,1696,0
11650,5,0,0,6,1,17.832028,1.834733,1554,1696,0
11660,0,0,0,1,1,17.819156,1.833428,1554,1696,0
11670,3,3,0,7,1,17.806592,1.832187,1554,1696,0
11680,6,5,0,12,1,17.796374,1.831090,1554,1696,0
11690,0,16,0,17,1,17.794965,1.830819,1554,1697,0
11700,4,13,0,18,1,17.794496,1.830709,1554,1697,0
11710,6,2,0,9,1,17.785543,1.829968,1554,1697,0
11720,9,4,0,14,1,17.782594,1.829556,1554,1697,0
11730,12,11,0,24,1,17.782679,1.829295,1554,1697,0
11740,6,8,0,15,1,17.780569,1.829354,1554,1697,0
11750,11,18,0,30,1,17.784802,1.829632,1554,1697,0
11760,19,19,0,39,1,17.790221,1.830193,1554,1700,0
11770,16,10,0,27,1,17.805954,1.831911,1561,1711,0
11780,8,12,0,21,1,17.814102,1.832768,1562,1711,0
11790,8,13,0,22,1,17.818398,1.832957,1562,1714,0
11800,4,9,0,14,1,17.814906,1.832809,1562,1714,0
11810,3,13,0,17,1,17.815299,1.832789,1562,1717,0
11820,8,16,0,25,1,17.820329,1.833182,1562,1721,0
11830,0,0,0,1,1,17.814825,1.832747,1562,1721,0
11840,17,0,0,18,1,17.809477,1.832088,1563,1721,0
11850,0,13,0,14,1,17.806872,1.831871,1563,1721,0
11860,8,3,0,12,1,17.805491,1.831590,1563,1721,0
11870,8,2,0,11,1,17.797255,1.830762,1563,1721,0
11880,5,13,0,19,1,17.791686,1.830034,1563,1721,0
11890,9,12,0,22,1,17.791595,1.829996,1563,1721,0
11900,17,19,0,37,1,17.804860,1.831127,1569,1729,0
11910,9,4,0,14,1,17.810764,1.831991,1569,1730,0
11920,16,19,0,36,1,17.814270,1.832260,1570,1730,0
11930,20,19,0,40,1,17.827441,1.833413,1571,1732,0
11940,12,16,0,29,1,17.840203,1.834855,1572,1738,0
11950,1,6,0,8,1,17.844382,1.835557,1572,1742,0
11960,3,18,0,22,1,17.840849,1.835024,1572,1742,0
11970,6,7,0,14,1,17.836531,1.834662,1572,1742,0
11980,2,8,0,11,1,17.831242,1.834043,1572,1742,0
11990,1,3,0,5,1,17.819599,1.833084,1572,1742,0
12000,10,11,0,22,1,17.820979,1.833104,1572,1742,0
12010,6,12,0,19,1,17.828722,1.833778,1572,1742,0
12020,13,9,0,23,1,17.827519,1.833736,1572,1742,0
12030,3,0,0,4,1,17.820683,1.833193,1572,1742,0
12040,6,10,0,17,1,17.811305,1.832248,1572,1742,0
12050,18,9,0,28,1,17.815599,1.832583,1583,1742,0
12060,20,17,0,38,1,17.825459,1.833476,1594,1742,0
12070,18,13,0,32,1,17.842115,1.835490,1611,1754,0
12080,4,5,0,10,1,17.844223,1.835866,1611,1754,0
12090,8,8,0,17,1,17.835898,1.834966,1611,1754,0
12100,3,2,0,6,1,17.826287,1.833980,1611,1754,0
12110,4,9,0,14,1,17.817777,1.832999,1611,1754,0
12120,1,4,0,6,1,17.815432,1.832761,1611,1759,0
12130,5,2,1,9,1,17.805720,1.831780,1611,1759,0
12140,4,1,0,6,1,17.795522,1.830936,1611,1759,0
12150,4,18,0,23,1,17.787714,1.830027,1611,1759,0
12160,17,15,0,33,1,17.798356,1.830970,1611,1763,0
12170,15,15,0,31,1,17.808102,1.832038,1617,1763,0
12180,9,11,0,21,1,17.817273,1.833310,1621,1763,0
12190,6,11,0,18,1,17.812329,1.832804,1621,1763,0
12200,9,0,0,10,1,17.808892,1.832515,1621,1763,0
12210,19,7,0,27,1,17.810711,1.832628,1631,1763,0
12220,0,1,0,2,1,17.811306,1.833001,1636,1763,0
12230,2,18,0,21,1,17.806810,1.832479,1636,1764,0
12240,1,0,0,2,1,17.800572,1.832132,1636,1764,0
12250,0,1,0,2,1,17.788871,1.830976,1636,1764,0
12260,4,0,0,5,1,17.780213,1.829949,1636,1764,0
12270,1,3,0,5,1,17.771661,1.829179,1636,1764,0
12280,8,11,0,20,1,17.769317,1.828664,1636,1764,0
12290,1,15,0,17,1,17.773039,1.828974,1636,1764,0
12300,11,10,0,22,1,17.777750,1.829415,1636,1764,0
12310,6,3,0,10,1,17.768645,1.828527,1636,1764,0
12320,2,3,0,6,1,17.765811,1.828329,1636,1764,0
12330,4,3,0,8,1,17.759611,1.827724,1636,1764,0
12340,6,7,0,14,1,17.754988,1.827251,1636,1764,0
12350,7,6,0,14,1,17.757684,1.827516,1638,1764,0
12360,0,0,0,1,1,17.752757,1.827194,1638,1764,0
12370,4,0,0,5,1,17.746108,1.826345,1638,1764,0
12380,2,10,0,13,1,17.736827,1.825241,1638,1764,0
12390,5,9,0,15,1,17.736675,1.825091,1638,1764,0
12400,13,12,0,26,1,17.732583,1.824552,1638,1764,0
12410,6,4,0,11,1,17.731476,1.824516,1638,1764,0
12420,9,10,0,20,1,17.736914,1.824943,1638,1771,0
12430,1,3,0,5,1,17.735124,1.824958,1638,1771,0
12440,0,0,0,0,0,17.724261,1.823903,1638,1771,0
12450,3,4,0,8,1,17.714190,1.822809,1638,1771,0
12460,4,16,0,21,1,17.714754,1.822689,1638,1773,0
12470,2,10,0,13,1,17.714740,1.822600,1638,1775,0
12480,7,10,0,18,1,17.708495,1.821976,1638,1775,0
12490,7,5,0,13,1,17.703888,1.821565,1638,1775,0
12500,1,4,0,6,1,17.695511,1.820661,1638,1775,0
12510,20,9,0,30,1,17.692857,1.820256,1639,1775,0
12520,17,7,0,25,1,17.701800,1.821269,1658,1775,0
12530,3,3,0,7,1,17.699181,1.821032,1661,1775,0
12540,9,2,0,12,1,17.689874,1.820047,1661,1775,0
12550,20,6,0,27,1,17.696264,1.820603,1663,1775,0
12560,7,15,0,23,1,17.704115,1.821339,1666,1776,0
12570,9,2,0,12,1,17.698372,1.820767,1666,1776,0
12580,11,3,0,15,1,17.692169,1.819774,1666,1776,0
12590,0,3,0,4,1,17.682624,1.819078,1666,1776,0
12600,10,8,0,19,1,17.675091,1.818098,1666,1776,0
12610,15,9,0,25,1,17.680109,1.818603,1666,1776,0
12620,11,5,0,17,1,17.682368,1.818898,1668,1776,0
12630,18,14,0,33,1,17.689953,1.819548,1679,1776,0
12640,13,20,0,34,1,17.702674,1.820889,1680,1781,0
12650,11,16,0,28,1,17.714160,1.822267,1680,1795,0
12660,0,5,0,6,1,17.715927,1.822600,1680,1796,0
12670,0,0,0,1,1,17.705229,1.821369,1680,1796,0
12680,1,1,0,3,1,17.697939,1.820533,1680,1796,0
12690,1,0,0,2,1,17.685245,1.819393,1680,1796,0
12700,6,2,0,9,1,17.677988,1.818414,1680,1796,0
12710,0,0,0,0,0,17.669839,1.817638,1680,1796,0
12720,2,2,0,5,1,17.661095,1.816697,1680,1796,0
12730,8,10,0,19,1,17.657438,1.816177,1680,1796,0
12740,6,0,0,7,1,17.658318,1.816315,1680,1796,0
12750,9,15,0,25,1,17.661837,1.816504,1680,1796,0
12760,2,6,0,9,1,17.659667,1.816387,1680,1796,0
12770,0,0,0,0,0,17.653617,1.815900,1680,1796,0
12780,9,8,0,18,1,17.650896,1.815477,1680,1796,0
12790,0,8,0,9,1,17.649700,1.815605,1680,1796,0
12800,1,2,0,4,1,17.638710,1.814522,1680,1796,0
12810,5,6,0,12,1,17.629318,1.813398,1680,1796,0
12820,8,9,0,18,1,17.622265,1.812603,1680,1796,0
12830,9,19,0,29,1,17.628172,1.813272,1680,1801,0
12840,5,8,0,14,1,17.630907,1.813644,1680,1801,0
12850,3,7,0,11,1,17.623300,1.812908,1680,1801,0
12860,9,7,0,17,1,17.624515,1.812993,1680,1801,0
12870,4,2,0,7,1,17.622233,1.812717,1680,1801,0
12880,3,6,0,10,1,17.615513,1.812174,1680,1801,0
12890,5,8,0,14,1,17.605610,1.811173,1680,1801,0
12900,18,10,0,29,1,17.610682,1.811495,1680,1801,0
12910,19,18,0,38,1,17.624708,1.812898,1688,1812,0
12920,14,19,0,34,1,17.638906,1.814578,1701,1834,0
12930,7,14,0,22,1,17.647132,1.815572,1701,1844,0
12940,5,6,0,12,1,17.645648,1.815335,1701,1846,0
12950,5,10,0,16,1,17.640289,1.814801,1701,1846,0
12960,12,17,0,30,1,17.638845,1.814425,1701,1846,0
12970,0,0,0,1,1,17.638309,1.814661,1701,1850,0
12980,8,10,0,19,1,17.631545,1.813752,1701,1850,0
12990,4,0,0,5,1,17.627140,1.813230,1701,1850,0
13000,0,0,0,1,1,17.616276,1.812188,1701,1850,0
13010,6,2,1,10,1,17.609707,1.811486,1701,1850,0
13020,15,9,0,25,1,17.615200,1.811968,1706,1850,0
13030,10,13,0,24,1,17.623152,1.812689,1711,1850,0
13040,6,19,0,26,1,17.625238,1.812864,1711,1857,0
13050,0,14,0,15,1,17.627118,1.812918,1711,1857,0
13060,0,0,0,1,1,17.617362,1.812146,1711,1857,0
13070,2,3,0,6,1,17.605792,1.811130,1711,1857,0
13080,6,3,0,10,1,17.598297,1.810262,1711,1857,0
13090,1,2,0,4,1,17.590561,1.809541,1711,1857,0
13100,3,3,0,7,1,17.579822,1.808482,1711,1857,0
13110,2,0,0,3,1,17.571213,1.807542,1711,1857,0
13120,0,0,0,1,1,17.560509,1.806331,1711,1857,0
13130,0,1,0,2,1,17.549208,1.805299,1711,1857,0
13140,0,0,0,0,0,17.540278,1.804355,1711,1857,0
13150,1,2,0,4,1,17.528731,1.803551,1711,1857,0
13160,3,8,0,12,1,17.519881,1.802629,1711,1857,0
13170,0,9,0,10,1,17.517809,1.802545,1711,1857,0
13180,0,0,0,0,0,17.509670,1.801823,1711,1857,0
13190,1,3,0,5,1,17.501077,1.801053,1711,1857,0
13200,1,0,0,2,1,17.490981,1.800101,1711,1857,0
13210,1,2,0,4,1,17.479300,1.798957,1711,1857,0
13220,0,8,0,9,1,17.468771,1.797946,1711,1857,0
13230,8,0,0,9,1,17.465863,1.797635,1711,1857,0
13240,17,13,0,31,1,17.464065,1.797340,1711,1857,0
13250,13,10,0,24,1,17.473065,1.798395,1712,1857,0
13260,19,19,0,39,1,17.482343,1.799338,1716,1861,0
13270,20,15,0,36,1,17.495150,1.800672,1722,1868,0
13280,19,18,0,38,1,17.509746,1.802079,1733,1871,0
13290,14,14,0,29,1,17.525159,1.804003,1752,1877,0
13300,8,13,0,22,1,17.535654,1.805113,1752,1879,0
13310,12,15,0,28,1,17.545589,1.806180,1752,1885,0
13320,16,4,0,21,1,17.550903,1.806826,1752,1885,0
13330,15,9,0,25,1,17.555455,1.807241,1760,1885,0
13340,17,20,0,38,1,17.563295,1.807952,1760,1892,0
13350,5,14,0,20,1,17.570541,1.808882,1760,1899,0
13360,0,7,0,8,1,17.571210,1.809008,1760,1899,0
13370,2,0,0,3,1,17.566487,1.808454,1760,1899,0
13380,4,2,0,7,1,17.556286,1.807587,1760,1899,0
13390,10,5,0,16,1,17.552872,1.807126,1760,1899,0
13400,0,1,0,2,1,17.543687,1.806168,1760,1899,0
13410,13,16,0,30,1,17.540511,1.805538,1760,1899,0
13420,17,16,0,34,1,17.553269,1.806825,1760,1901,0
13430,18,0,0,19,1,17.558349,1.807406,1760,1901,0
13440,14,0,0,15,1,17.559970,1.807533,1765,1901,0
13450,18,13,0,32,1,17.563903,1.807816,1769,1901,0
13460,15,18,0,34,1,17.578540,1.809435,1781,1919,0
13470,19,16,0,36,1,17.592697,1.810922,1792,1923,0
13480,10,11,0,22,1,17.602857,1.812122,1797,1928,0
13490,19,14,0,34,1,17.615039,1.813447,1813,1928,0
13500,15,12,0,28,1,17.628451,1.814816,1813,1940,0
13510,19,19,0,39,1,17.637940,1.815712,1815,1940,0
13520,20,20,0,41,1,17.651477,1.817190,1818,1949,0
13530,17,7,0,25,1,17.664070,1.818765,1826,1956,0
13540,10,8,0,19,1,17.671562,1.819746,1834,1956,0
13550,1,18,0,20,1,17.675184,1.819830,1834,1956,0
13560,14,14,0,29,1,17.681929,1.820499,1834,1975,0
13570,10,6,0,17,1,17.681584,1.820631,1834,1975,0
13580,10,7,0,18,1,17.684417,1.820786,1834,1975,0
13590,3,10,0,14,1,17.682393,1.820648,1834,1975,0
13600,0,0,0,1,1,17.679429,1.820372,1834,1975,0
13610,1,3,0,5,1,17.669579,1.819291,1834,1975,0
13620,0,0,0,0,0,17.658253,1.818278,1834,1975,0
13630,0,0,0,0,0,17.648754,1.817438,1834,1975,0
13640,0,1,0,2,1,17.639469,1.816470,1834,1975,0
13650,6,2,0,9,1,17.629589,1.815523,1834,1975,0
13660,3,2,0,6,1,17.621704,1.814767,1834,1975,0
13670,7,2,1,11,1,17.613840,1.813835,1834,1975,0
13680,2,0,0,3,1,17.611852,1.813646,1834,1975,0
13690,4,11,0,16,1,17.604299,1.812951,1834,1975,0
13700,10,20,0,31,1,17.603530,1.812696,1834,1977,0
13710,8,12,0,21,1,17.610772,1.813770,1834,1981,0
13720,11,17,0,29,1,17.619167,1.814596,1834,1987,0
13730,12,6,0,19,1,17.626961,1.815631,1835,1987,0
13740,19,15,0,35,1,17.637640,1.816678,1845,1991,0
13750,15,19,0,35,1,17.652749,1.818385,1870,2007,0
13760,11,17,0,29,1,17.661601,1.819380,1870,2015,0
13770,5,20,0,26,1,17.666221,1.819788,1870,2023,0
13780,0,0,0,0,0,17.666801,1.820013,1870,2032,0
13790,0,0,0,1,1,17.656298,1.818931,1870,2032,0
13800,6,2,0,9,1,17.647177,1.817884,1870,2032,0
13810,7,0,0,8,1,17.641212,1.817162,1870,2032,0
13820,0,2,0,3,1,17.632230,1.816103,1870,2032,0
13830,1,1,0,3,1,17.622068,1.815301,1870,2032,0
13840,0,0,0,1,1,17.611216,1.814278,1870,2032,0
13850,10,1,1,13,1,17.603048,1.813478,1870,2032,0
13860,13,5,0,19,1,17.600050,1.813009,1870,2032,0
13870,16,20,0,37,1,17.605857,1.813460,1870,2033,0
13880,6,7,0,14,1,17.614357,1.814363,1871,2039,0
13890,9,4,0,14,1,17.610529,1.813795,1871,2039,0
13900,1,0,0,2,1,17.603888,1.813207,1871,2039,0
13910,2,1,0,4,1,17.593830,1.812132,1871,2039,0
13920,0,0,0,1,1,17.583086,1.811200,1871,2039,0
13930,7,0,0,8,1,17.573966,1.810235,1871,2039,0
13940,4,5,0,10,1,17.566913,1.809550,1871,2039,0
13950,1,1,0,3,1,17.557899,1.808676,1871,2039,0
13960,7,14,0,22,1,17.553983,1.808073,1871,2039,0
13970,18,15,0,34,1,17.557955,1.808484,1871,2039,0
13980,17,13,0,31,1,17.568855,1.809701,1874,2039,0
13990,3,2,0,6,1,17.569395,1.809851,1875,2039,0
14000,8,2,0,11,1,17.562768,1.809196,1875,2039,0
14010,8,6,0,15,1,17.564456,1.809211,1878,2039,0
14020,9,0,0,10,1,17.561642,1.808896,1878,2039,0
14030,3,2,0,6,1,17.552929,1.808092,1878,2039,0
14040,0,5,0,6,1,17.549871,1.807606,1878,2039,0
14050,4,7,0,12,1,17.541989,1.806742,1878,2039,0
14060,10,9,0,20,1,17.540330,1.806493,1878,2039,0
14070,0,0,0,1,1,17.532823,1.805814,1878,2039,0
14080,2,5,0,8,1,17.522531,1.804715,1878,2039,0
14090,5,11,0,17,1,17.521335,1.804475,1878,2039,0
14100,12,14,0,27,1,17.529583,1.805273,1881,2040,0
14110,19,18,0,38,1,17.539955,1.806224,1886,2040,0
14120,11,12,0,24,1,17.549689,1.807267,1888,2041,0
14130,9,15,0,25,1,17.553754,1.807582,1888,2041,0
14140,12,15,0,28,1,17.560227,1.808289,1888,2041,0
14150,8,16,0,25,1,17.566898,1.808978,1888,2042,0
14160,11,20,0,32,1,17.572777,1.809545,1888,2043,0
14170,0,12,0,13,1,17.577308,1.810263,1888,2048,0
14180,0,7,0,8,1,17.573762,1.809978,1888,2048,0
14190,4,4,0,9,1,17.566004,1.809154,1888,2048,0
14200,0,1,0,2,1,17.557443,1.808352,1888,2048,0
14210,0,2,0,3,1,17.546786,1.807531,1888,2048,0
14220,5,1,0,7,1,17.536616,1.806497,1888,2048,0
14230,0,1,0,2,1,17.527035,1.805550,1888,2048,0
14240,0,0,0,1,1,17.519333,1.804601,1888,2048,0
14250,5,10,0,16,1,17.512655,1.803771,1888,2048,0
14260,2,13,0,16,1,17.511663,1.803748,1888,2048,0
14270,9,11,0,21,1,17.509821,1.803481,1888,2048,0
14280,12,15,0,28,1,17.511518,1.803670,1888,2048,0
14290,14,9,0,24,1,17.516484,1.804105,1888,2048,0
14300,12,16,0,29,1,17.528650,1.805411,1900,2049,0
14310,20,16,0,37,1,17.539049,1.806406,1905,2050,0
14320,17,14,0,32,1,17.549765,1.807666,1913,2050,0
14330,18,9,0,28,1,17.559041,1.808714,1913,2050,0
14340,16,4,0,21,1,17.560681,1.808962,1914,2050,0
14350,20,12,0,33,1,17.562918,1.809076,1921,2050,0
14360,19,11,0,31,1,17.575287,1.810339,1929,2056,0
14370,4,2,0,7,1,17.572209,1.810256,1930,2056,0
14380,2,7,0,10,1,17.564698,1.809445,1930,2056,0
14390,2,20,0,23,1,17.560481,1.808739,1930,2057,0
14400,4,15,0,20,1,17.563326,1.809111,1930,2066,0
14410,2,5,0,8,1,17.562669,1.809018,1930,2066,0
14420,15,5,0,21,1,17.562158,1.808683,1932,2066,0
14430,9,6,0,16,1,17.561398,1.808748,1932,2066,0
14440,3,2,0,6,1,17.554623,1.808180,1932,2066,0
14450,5,5,0,11,1,17.545793,1.807323,1932,2066,0
14460,4,6,0,11,1,17.537500,1.806560,1932,2066,0
14470,0,0,0,0,0,17.531012,1.805906,1932,2066,0
14480,4,0,0,5,1,17.526189,1.805281,1932,2066,0
14490,1,1,0,3,1,17.515558,1.804341,1932,2066,0
14500,4,12,0,17,1,17.510012,1.803681,1932,2066,0
14510,16,8,1,26,1,17.511384,1.803657,1932,2066,0
14520,19,15,0,35,1,17.521268,1.804663,1936,2066,0
14530,12,13,0,26,1,17.527226,1.805381,1937,2066,0
14540,7,11,0,19,1,17.530145,1.805810,1937,2066,0
14550,9,5,0,15,1,17.530386,1.805798,1937,2066,0
14560,17,4,0,22,1,17.529081,1.805524,1937,2066,0
14570,2,2,0,5,1,17.523029,1.804825,1937,2066,0
14580,0,0,0,1,1,17.515470,1.804035,1937,2066,0
14590,3,6,0,10,1,17.506539,1.802989,1937,2066,0
14600,0,0,0,0,0,17.501123,1.802356,1937,2066,0
14610,6,5,0,12,1,17.492852,1.801455,1937,2066,0
14620,3,5,0,9,1,17.484289,1.800549,1937,2066,0
14630,7,11,0,19,1,17.475057,1.799536,1937,2066,0
14640,7,15,0,23,1,17.476334,1.799631,1937,2066,0
14650,3,8,0,12,1,17.476838,1.799836,1937,2066,0
14660,14,7,0,22,1,17.475252,1.799636,1937,2066,0
14670,20,17,0,38,1,17.484794,1.800506,1937,2067,0
14680,13,11,0,25,1,17.491952,1.801321,1937,2069,0
14690,2,12,0,15,1,17.490304,1.801316,1937,2069,0
14700,5,16,0,22,1,17.492417,1.801561,1937,2069,0
14710,12,5,0,18,1,17.495360,1.801751,1937,2069,0
14720,3,1,0,5,1,17.489614,1.801337,1937,2069,0
14730,12,17,0,30,1,17.491731,1.801254,1937,2069,0
14740,19,14,0,34,1,17.502782,1.802356,1944,2071,0
14750,6,4,0,11,1,17.507888,1.802946,1946,2071,0
14760,13,14,0,28,1,17.510169,1.803081,1946,2071,0
14770,8,9,0,18,1,17.516647,1.803800,1946,2071,0
14780,2,1,0,4,1,17.510777,1.803360,1946,2071,0
14790,0,0,0,1,1,17.501812,1.802275,1946,2071,0
14800,10,5,0,16,1,17.496541,1.801546,1946,2071,0
14810,4,2,0,7,1,17.492652,1.801222,1946,2071,0
14820,11,16,0,28,1,17.491033,1.800919,1946,2071,0
14830,13,16,0,30,1,17.495619,1.801405,1946,2071,0
14840,9,15,0,25,1,17.507225,1.802514,1954,2080,0
14850,18,11,0,30,1,17.513764,1.803214,1954,2081,0
14860,12,14,0,27,1,17.521390,1.803814,1954,2081,0
14870,3,10,0,14,1,17.524488,1.804309,1954,2086,0
14880,3,18,0,22,1,17.524326,1.804019,1954,2086,0
14890,13,4,0,18,1,17.525431,1.804185,1954,2086,0
14900,20,13,0,34,1,17.528078,1.804334,1959,2086,0
14910,9,8,0,18,1,17.536820,1.805361,1963,2086,0
14920,6,19,0,26,1,17.541261,1.805807,1967,2088,0
14930,4,19,0,24,1,17.542842,1.806009,1967,2093,0
14940,4,5,0,10,1,17.540022,1.805708,1967,2093,0
14950,11,19,0,31,1,17.546338,1.806235,1967,2093,0
14960,13,18,0,32,1,17.553817,1.806833,1967,2098,0
14970,14,19,0,34,1,17.564032,1.808110,1967,2106,0
14980,3,2,0,6,1,17.564404,1.808386,1967,2111,0
14990,7,8,0,16,1,17.560671,1.807681,1967,2111,0
15000,0,0,0,0,0,17.552636,1.806942,1967,2111,0
15010,6,6,0,13,1,17.545026,1.805987,1967,2111,0
15020,3,1,0,5,1,17.540956,1.805533,1967,2111,0
15030,11,20,0,32,1,17.539774,1.805203,1967,2112,0
15040,6,10,0,17,1,17.540637,1.805393,1967,2117,0
15050,12,9,0,22,1,17.541912,1.805365,1967,2117,0
15060,6,16,0,23,1,17.546523,1.805805,1967,2119,0
15070,3,0,0,4,1,17.544823,1.805607,1967,2119,0
15080,3,5,0,9,1,17.534790,1.804663,1967,2119,0
15090,9,8,0,18,1,17.532059,1.804285,1967,2119,0
15100,0,1,0,2,1,17.524258,1.803706,1967,2119,0
15110,5,6,0,12,1,17.515660,1.802762,1967,2119,0
15120,1,1,0,3,1,17.507134,1.801812,1967,2119,0
15130,11,5,0,17,1,17.501634,1.801101,1967,2119,0
15140,8,2,0,11,1,17.501806,1.801084,1967,2119,0
15150,2,3,0,6,1,17.496803,1.800449,1967,2119,0
15160,12,19,0,32,1,17.496088,1.800231,1967,2120,0
15170,11,11,0,23,1,17.502537,1.801117,1967,2125,0
15180,12,4,0,17,1,17.506391,1.801528,1967,2125,0
15190,7,6,0,14,1,17.508438,1.801851,1970,2125,0
15200,6,19,0,26,1,17.508766,1.801728,1970,2125,0
15210,11,16,0,28,1,17.510526,1.801923,1970,2125,0
15220,11,10,0,22,1,17.513664,1.802456,1970,2125,0
15230,14,14,0,29,1,17.519957,1.802837,1971,2125,0
15240,0,0,0,0,0,17.518958,1.802700,1971,2125,0
15250,5,9,0,15,1,17.512493,1.801989,1971,2125,0
15260,2,0,0,3,1,17.507031,1.801526,1971,2125,0
15270,0,0,0,0,0,17.498747,1.800712,1971,2125,0
15280,17,9,0,27,1,17.497125,1.800365,1971,2125,0
15290,7,0,0,8,1,17.499930,1.800656,1971,2125,0
15300,16,3,0,20,1,17.495981,1.800155,1971,2125,0
15310,2,9,0,12,1,17.490973,1.799594,1971,2125,0
15320,6,18,0,25,1,17.490435,1.799469,1971,2127,0
15330,1,3,0,5,1,17.492515,1.799733,1971,2127,0
15340,0,1,0,2,1,17.483282,1.798906,1971,2127,0
15350,4,4,0,9,1,17.474377,1.797872,1971,2127,0
15360,20,16,0,37,1,17.482930,1.798453,1980,2128,0
15370,13,13,0,27,1,17.494120,1.799787,1981,2135,0
15380,4,3,0,8,1,17.488382,1.799284,1981,2135,0
15390,10,2,0,13,1,17.482136,1.798571,1981,2135,0
15400,18,1,0,20,1,17.480507,1.798418,1981,2135,0
15410,4,8,0,13,1,17.476429,1.798181,1986,2135,0
15420,8,15,0,24,1,17.476251,1.797973,1986,2135,0
15430,3,0,0,4,1,17.476411,1.798100,1986,2137,0
15440,3,2,0,6,1,17.470095,1.797488,1986,2137,0
15450,4,1,0,6,1,17.462419,1.796904,1986,2137,0
15460,4,1,0,6,1,17.456560,1.796208,1986,2137,0
15470,3,5,0,9,1,17.451782,1.795539,1986,2137,0
15480,1,6,0,8,1,17.445648,1.794970,1986,2137,0
15490,8,15,0,24,1,17.445197,1.794759,1986,2137,0
15500,1,4,0,6,1,17.438118,1.794069,1986,2137,0
15510,0,1,0,2,1,17.430664,1.793245,1986,2137,0
15520,8,2,0,11,1,17.423512,1.792440,1986,2137,0
15530,8,7,0,16,1,17.417010,1.791809,1986,2137,0
15540,20,11,0,32,1,17.417520,1.791734,1986,2137,0
15550,5,2,0,8,1,17.417245,1.791791,1990,2137,0
15560,6,16,0,23,1,17.415318,1.791678,1990,2137,0
15570,3,3,0,7,1,17.414294,1.791599,1990,2137,0
15580,3,7,0,11,1,17.411350,1.791286,1990,2137,0
15590,0,0,0,1,1,17.402690,1.790551,1990,2137,0
15600,5,3,0,9,1,17.393602,1.789560,1990,2137,0
15610,1,3,0,5,1,17.386700,1.788899,1990,2137,0
15620,3,0,0,4,1,17.383410,1.788586,1990,2137,0
15630,9,1,0,11,1,17.379972,1.788105,1990,2137,0
15640,1,0,0,2,1,17.371105,1.787242,1990,2137,0
15650,11,10,1,23,1,17.369516,1.787046,1990,2137,0
15660,14,9,0,24,1,17.367054,1.786595,1990,2137,0
15670,5,2,0,8,1,17.363344,1.786134,1990,2137,0
15680,5,6,0,12,1,17.357577,1.785438,1990,2137,0
15690,14,14,0,29,1,17.359477,1.785449,1990,2137,0
15700,14,20,0,35,1,17.364405,1.785958,1990,2142,0
15710,10,12,0,23,1,17.373304,1.786970,1990,2156,0
15720,15,6,0,22,1,17.375743,1.787247,1990,2156,0
15730,1,9,0,11,1,17.373392,1.786996,1990,2156,0
15740,4,5,0,10,1,17.366335,1.786121,1990,2156,0
15750,6,1,0,8,1,17.362140,1.785738,1990,2156,0
15760,16,2,0,19,1,17.360630,1.785516,1993,2156,0
15770,15,7,0,23,1,17.364052,1.785929,1993,2156,0
15780,13,4,0,18,1,17.370368,1.786465,1997,2156,0
15790,10,4,0,15,1,17.373077,1.786525,1999,2156,0
15800,3,6,0,10,1,17.373240,1.786591,1999,2156,0
15810,3,1,0,5,1,17.364821,1.785705,1999,2156,0
15820,2,19,0,22,1,17.363308,1.785448,1999,2161,0
15830,10,18,0,29,1,17.368890,1.785966,1999,2172,0
15840,7,18,0,26,1,17.374149,1.786464,1999,2180,0
15850,0,3,0,4,1,17.370982,1.786176,1999,2180,0
15860,20,13,0,34,1,17.366999,1.785491,2000,2180,0
15870,13,10,0,24,1,17.376384,1.786552,2004,2181,0
15880,5,14,0,20,1,17.381168,1.786931,2004,2181,0
15890,1,3,0,5,1,17.372993,1.786198,2004,2181,0
15900,13,2,0,16,1,17.371145,1.786034,2004,2181,0
15910,16,7,0,24,1,17.373773,1.786122,2005,2181,0
15920,14,0,0,15,1,17.373120,1.786197,2005,2181,0
15930,2,0,0,3,1,17.364149,1.785531,2005,2181,0
15940,1,3,0,5,1,17.354923,1.784723,2005,2181,0
15950,7,2,0,10,1,17.348755,1.784046,2005,2181,0
15960,0,0,0,1,1,17.339698,1.783198,2005,2181,0
15970,2,3,0,6,1,17.334297,1.782576,2005,2181,0
15980,10,9,0,20,1,17.329369,1.781934,2005,2181,0
15990,7,5,0,13,1,17.330185,1.782067,2005,2181,0
16000,2,2,0,5,1,17.323193,1.781546,2005,2181,0
16010,11,8,0,20,1,17.321184,1.781296,2005,2181,0
16020,9,18,0,28,1,17.326309,1.781757,2005,2181,0
16030,9,10,0,20,1,17.329154,1.782110,2005,2181,0
16040,13,17,0,31,1,17.334859,1.782631,2005,2181,0
16050,6,9,0,16,1,17.339035,1.783200,2005,2181,0
16060,15,12,1,29,1,17.340819,1.783386,2005,2181,0
16070,19,11,0,31,1,17.346940,1.783950,2008,2181,0
16080,14,1,0,16,1,17.351600,1.784534,2017,2181,0
16090,0,3,0,4,1,17.346555,1.784018,2017,2181,0
16100,19,10,0,30,1,17.343033,1.783522,2017,2181,0
16110,8,12,0,21,1,17.349255,1.784142,2017,2183,0
16120,5,4,0,10,1,17.345630,1.783851,2017,2183,0
16130,5,16,0,22,1,17.349067,1.784037,2017,2189,0
16140,7,17,0,25,1,17.352559,1.784342,2017,2189,0
16150,17,18,0,36,1,17.361651,1.785234,2023,2200,0
16160,19,15,0,35,1,17.371755,1.786299,2029,2205,0
16170,18,12,0,31,1,17.381501,1.787326,2032,2214,0
16180,18,16,0,35,1,17.391895,1.788637,2044,2219,0
16190,14,15,0,30,1,17.402331,1.789679,2052,2221,0
16200,17,5,0,23,1,17.409641,1.790456,2054,2221,0
16210,17,14,1,33,1,17.414389,1.790958,2054,2221,0
16220,2,3,0,6,1,17.413572,1.791013,2054,2221,0
16230,8,12,0,21,1,17.411069,1.790565,2054,2221,0
16240,1,1,0,3,1,17.405864,1.790010,2054,2221,0
16250,2,10,0,13,1,17.398382,1.789187,2054,2221,0
16260,4,7,0,12,1,17.393083,1.788735,2054,2221,0
16270,0,0,0,0,0,17.383694,1.788021,2054,2221,0
16280,0,1,0,2,1,17.377936,1.787533,2054,2221,0
16290,2,2,0,5,1,17.368489,1.786631,2054,2221,0
16300,0,0,0,1,1,17.360714,1.785856,2054,2221,0
16310,0,0,0,0,0,17.353094,1.785131,2054,2221,0
16320,0,1,0,2,1,17.346686,1.784519,2054,2221,0
16330,9,3,0,13,1,17.339952,1.783784,2054,2221,0
16340,2,1,0,4,1,17.334857,1.783408,2054,2221,0
16350,1,2,0,4,1,17.330944,1.783030,2054,2221,0
16360,0,0,0,0,0,17.322319,1.782190,2054,2221,0
16370,9,3,0,13,1,17.317752,1.781565,2054,2221,0
16380,10,2,0,13,1,17.319057,1.781635,2054,2221,0
16390,7,15,0,23,1,17.316941,1.781341,2054,2221,0
16400,2,5,0,8,1,17.316176,1.781220,2054,2223,0
16410,3,1,0,5,1,17.307944,1.780409,2054,2223,0
16420,0,2,0,3,1,17.300301,1.779592,2054,2223,0
16430,9,5,0,15,1,17.293924,1.778794,2054,2223,0
16440,0,0,0,0,0,17.289564,1.778403,2054,2223,0
16450,6,1,0,8,1,17.283669,1.777722,2054,2223,0
16460,0,1,0,2,1,17.277436,1.777116,2054,2223,0
16470,1,0,0,2,1,17.269017,1.776308,2054,2223,0
16480,10,10,0,21,1,17.265313,1.775830,2054,2223,0
16490,10,12,0,23,1,17.270635,1.776236,2054,2223,0
16500,17,14,0,32,1,17.278137,1.777010,2060,2223,0
16510,3,3,0,7,1,17.277054,1.777067,2061,2223,0
16520,1,12,0,14,1,17.275014,1.776782,2061,2223,0
16530,0,0,0,0,0,17.266611,1.776009,2061,2223,0
16540,3,6,0,10,1,17.259266,1.775134,2061,2223,0
16550,14,5,0,20,1,17.253778,1.774473,2061,2223,0
16560,11,9,0,21,1,17.257510,1.774783,2061,2223,0
16570,15,15,0,31,1,17.263246,1.775100,2061,2223,0
16580,17,8,0,26,1,17.268216,1.775647,2068,2223,0
16590,8,0,0,9,1,17.268975,1.775870,2068,2223,0
16600,2,5,0,8,1,17.261058,1.775114,2068,2223,0
16610,0,8,0,9,1,17.259220,1.774873,2068,2224,0
16620,12,9,0,22,1,17.260341,1.774881,2068,2224,0
16630,8,5,0,14,1,17.259464,1.774804,2068,2224,0
16640,0,1,0,2,1,17.254189,1.774396,2068,2224,0
16650,1,1,0,3,1,17.248505,1.773946,2068,2224,0
16660,5,0,0,6,1,17.242595,1.773297,2068,2224,0
16670,7,18,0,26,1,17.243620,1.773262,2068,2233,0
16680,5,11,0,17,1,17.246686,1.773547,2068,2233,0
16690,5,16,0,22,1,17.251838,1.774047,2068,2248,0
16700,7,8,0,16,1,17.252541,1.774089,2068,2248,0
16710,0,0,0,0,0,17.247618,1.773640,2068,2248,0
16720,2,7,0,10,1,17.238924,1.772869,2068,2248,0
16730,2,8,0,11,1,17.235841,1.772511,2068,2248,0
16740,20,16,0,37,1,17.235365,1.772192,2068,2248,0
16750,18,15,0,34,1,17.246575,1.773424,2080,2253,0
16760,11,12,0,24,1,17.252959,1.774094,2082,2253,0
16770,12,16,0,29,1,17.261726,1.774955,2082,2255,0
16780,3,6,0,10,1,17.266402,1.775482,2082,2255,0
16790,14,4,0,19,1,17.262050,1.774950,2082,2255,0
16800,1,2,0,4,1,17.256359,1.774389,2082,2255,0
16810,18,8,0,27,1,17.257147,1.774234,2082,2255,0
16820,10,10,0,21,1,17.256486,1.774148,2083,2255,0
16830,10,14,0,25,1,17.258035,1.774256,2083,2255,0
16840,2,2,0,5,1,17.253906,1.774007,2083,2255,0
16850,2,1,0,4,1,17.247890,1.773435,2083,2255,0
16860,0,0,0,0,0,17.239802,1.772811,2083,2255,0
16870,19,10,0,30,1,17.237873,1.772540,2083,2255,0
16880,6,16,0,23,1,17.240291,1.772932,2084,2255,0
16890,4,20,0,25,1,17.243254,1.773228,2084,2271,0
16900,5,0,0,6,1,17.241413,1.773085,2084,2274,0
16910,2,4,0,7,1,17.240278,1.772852,2084,2274,0
16920,0,4,0,5,1,17.232960,1.772091,2084,2274,0
16930,0,10,0,11,1,17.229638,1.771656,2084,2274,0
16940,12,13,0,26,1,17.227509,1.771407,2084,2274,0
16950,18,7,0,26,1,17.233278,1.772089,2084,2274,0
16960,15,4,0,20,1,17.236879,1.772483,2087,2274,0
16970,18,7,0,26,1,17.240313,1.772732,2089,2274,0
16980,12,16,0,29,1,17.245718,1.773247,2089,2274,0
16990,13,16,0,30,1,17.252631,1.773896,2089,2274,0
17000,6,8,0,15,1,17.258816,1.774675,2089,2274,0
17010,13,16,0,30,1,17.262616,1.774982,2089,2274,0
17020,3,19,0,23,1,17.268756,1.775799,2089,2276,0
17030,7,17,0,25,1,17.272725,1.776220,2089,2283,0
17040,6,18,0,25,1,17.276486,1.776524,2089,2297,0
17050,16,16,0,33,1,17.284965,1.777356,2089,2305,0
17060,14,8,0,23,1,17.290202,1.777865,2092,2305,0
17070,0,0,0,0,0,17.285189,1.777523,2092,2305,0
17080,2,3,0,6,1,17.278212,1.776765,2092,2305,0
17090,0,7,0,8,1,17.270640,1.776107,2092,2305,0
17100,1,16,0,18,1,17.271558,1.776236,2092,2305,0
17110,1,11,0,13,1,17.272993,1.776407,2092,2309,0
17120,3,3,0,7,1,17.266664,1.775876,2092,2309,0
17130,5,4,0,10,1,17.260817,1.775160,2092,2309,0
17140,2,10,0,13,1,17.257572,1.774744,2092,2309,0
17150,2,13,0,16,1,17.259849,1.774959,2092,2309,0
17160,10,20,0,31,1,17.265779,1.775646,2092,2325,0
17170,3,14,0,18,1,17.268994,1.775894,2092,2326,0
17180,2,3,0,6,1,17.262301,1.775251,2092,2326,0
17190,3,5,1,10,1,17.259191,1.774838,2092,2326,0
17200,16,16,0,33,1,17.264554,1.775265,2092,2333,0
17210,20,17,0,38,1,17.273399,1.776124,2095,2334,0
17220,17,17,0,35,1,17.284506,1.777386,2101,2339,0
17230,9,14,0,24,1,17.292221,1.778192,2106,2339,0
17240,19,19,0,39,1,17.297167,1.778693,2111,2340,0
17250,19,20,0,40,1,17.308831,1.779926,2121,2354,0
17260,18,20,0,39,1,17.319468,1.781129,2140,2361,0
17270,15,15,0,31,1,17.328817,1.782093,2148,2368,0
17280,14,13,0,28,1,17.337892,1.782880,2150,2368,0
17290,16,11,0,28,1,17.345959,1.783776,2156,2370,0
17300,19,12,1,33,1,17.352110,1.784464,2167,2370,0
17310,15,18,0,34,1,17.361824,1.785275,2173,2377,0
17320,15,13,1,30,1,17.365347,1.785534,2173,2377,0
17330,4,14,0,19,1,17.371721,1.786330,2173,2389,0
17340,12,20,0,33,1,17.372378,1.786357,2173,2391,0
17350,9,2,0,12,1,17.373997,1.786643,2173,2398,0
17360,3,7,0,11,1,17.368480,1.786036,2173,2398,0
17370,8,3,0,12,1,17.364643,1.785644,2173,2398,0
17380,10,10,0,21,1,17.364564,1.785554,2173,2398,0
17390,18,11,0,30,1,17.371694,1.786174,2178,2398,0
17400,0,0,0,1,1,17.369609,1.786110,2178,2398,0
17410,8,2,0,11,1,17.365173,1.785340,2178,2398,0
17420,6,2,0,9,1,17.363499,1.785244,2178,2398,0
17430,4,3,0,8,1,17.358210,1.784798,2178,2398,0
17440,2,5,0,8,1,17.355159,1.784298,2178,2398,0
17450,0,1,0,2,1,17.347284,1.783564,2178,2398,0
17460,7,1,0,9,1,17.339082,1.782703,2178,2398,0
17470,3,1,0,5,1,17.331377,1.781966,2178,2398,0
17480,1,11,0,13,1,17.325623,1.781503,2178,2398,0
17490,2,18,0,21,1,17.328315,1.781772,2178,2408,0
17500,11,10,0,22,1,17.329507,1.781729,2178,2409,0
17510,0,0,0,0,0,17.326051,1.781398,2178,2409,0
17520,3,0,0,4,1,17.317307,1.780616,2178,2409,0
17530,10,6,0,17,1,17.313801,1.780269,2178,2409,0
17540,13,4,0,18,1,17.316085,1.780465,2178,2409,0
17550,14,0,0,15,1,17.318819,1.780801,2181,2409,0
17560,13,20,0,34,1,17.321854,1.781063,2181,2410,0
17570,13,7,0,21,1,17.328654,1.781869,2181,2410,0
17580,17,19,0,37,1,17.334640,1.782456,2181,2420,0
17590,16,10,0,27,1,17.342948,1.783386,2185,2425,0
17600,20,18,0,39,1,17.352176,1.784285,2203,2433,0
17610,11,8,0,20,1,17.358541,1.785068,2206,2436,0
17620,1,0,0,2,1,17.352484,1.784604,2206,2436,0
17630,0,1,0,2,1,17.345366,1.784009,2206,2436,0
17640,9,6,0,16,1,17.338200,1.783243,2206,2436,0
17650,19,19,0,39,1,17.343072,1.783591,2209,2439,0
17660,12,4,1,18,1,17.344706,1.783730,2209,2442,0
17670,7,5,0,13,1,17.339078,1.783279,2209,2442,0
17680,11,7,0,19,1,17.339564,1.783186,2209,2442,0
17690,17,6,0,24,1,17.341347,1.783175,2209,2442,0
17700,19,17,0,37,1,17.350151,1.784093,2213,2445,0
17710,1,1,0,3,1,17.351979,1.784480,2215,2446,0
17720,1,0,0,2,1,17.343914,1.783664,2215,2446,0
17730,8,18,0,27,1,17.341958,1.783268,2215,2446,0
17740,1,9,0,11,1,17.338594,1.782966,2215,2446,0
17750,6,12,0,19,1,17.342645,1.783292,2215,2451,0
17760,6,18,0,25,1,17.343800,1.783383,2215,2451,0
17770,13,17,0,31,1,17.347027,1.783624,2215,2451,0
17780,19,18,0,38,1,17.354935,1.784399,2215,2452,0
17790,18,20,0,39,1,17.365478,1.785496,2217,2456,0
17800,17,19,0,37,1,17.376088,1.786579,2217,2461,0
17810,13,12,0,26,1,17.383122,1.787388,2218,2465,0
17820,16,20,0,37,1,17.393406,1.788396,2223,2470,0
17830,5,12,0,18,1,17.398277,1.788992,2223,2470,0
17840,2,5,0,8,1,17.396639,1.788754,2223,2470,0
17850,9,4,0,14,1,17.398107,1.788784,2223,2470,0
17860,14,10,0,25,1,17.399167,1.788680,2223,2470,0
17870,16,19,0,36,1,17.405726,1.789326,2223,2472,0
17880,10,13,0,24,1,17.414677,1.790177,2224,2478,0
17890,7,4,0,12,1,17.414189,1.790119,2224,2478,0
17900,2,0,0,3,1,17.409816,1.789662,2224,2478,0
17910,5,4,0,10,1,17.402189,1.788891,2224,2478,0
17920,1,6,0,8,1,17.395325,1.788332,2224,2478,0
17930,13,9,0,23,1,17.396697,1.788384,2224,2478,0
17940,10,12,0,23,1,17.390699,1.787780,2224,2478,0
17950,7,5,0,13,1,17.394603,1.788133,2224,2478,0
17960,6,10,0,17,1,17.391731,1.787902,2224,2478,0
17970,5,20,0,26,1,17.394103,1.788200,2224,2487,0
17980,6,18,0,25,1,17.400306,1.788882,2224,2490,0
17990,16,19,0,36,1,17.408257,1.789814,2224,2502,0
18000,10,20,0,31,1,17.418159,1.790927,2225,2522,0
18010,7,10,0,18,1,17.418989,1.791097,2225,2528,0
18020,19,11,0,31,1,17.422503,1.791287,2232,2528,0
18030,7,11,0,19,1,17.430667,1.792160,2240,2532,0
18040,0,4,0,5,1,17.426650,1.791749,2240,2532,0
18050,17,1,0,19,1,17.425858,1.791507,2240,2532,0
18060,7,4,0,12,1,17.424130,1.791404,2240,2532,0
18070,2,7,0,10,1,17.418376,1.790795,2240,2532,0
18080,4,4,0,9,1,17.414923,1.790402,2240,2532,0
18090,1,0,0,2,1,17.407504,1.789621,2240,2532,0
18100,1,8,0,10,1,17.400660,1.789012,2240,2532,0
18110,16,0,0,17,1,17.399613,1.788927,2240,2532,0
18120,15,13,0,29,1,17.399400,1.788776,2240,2532,0
18130,8,12,0,21,1,17.402246,1.789203,2240,2532,0
18140,2,2,0,5,1,17.399517,1.788976,2240,2532,0
18150,0,0,0,0,0,17.391602,1.788175,2240,2532,0
18160,17,9,0,27,1,17.389952,1.787998,2240,2532,0
18170,1,5,0,7,1,17.392929,1.788286,2240,2532,0
18180,0,7,0,8,1,17.385614,1.787456,2240,2532,0
18190,10,13,0,24,1,17.384575,1.787352,2240,2532,0
18200,11,12,0,24,1,17.387668,1.787672,2240,2532,0
18210,6,17,0,24,1,17.389282,1.787791,2240,2532,0
18220,12,14,0,27,1,17.398278,1.788738,2244,2541,0
18230,4,0,0,5,1,17.396980,1.788618,2244,2541,0
18240,4,19,0,24,1,17.394534,1.788097,2244,2541,0
18250,13,12,0,26,1,17.398248,1.788411,2244,2544,0
18260,5,2,0,8,1,17.395421,1.788304,2244,2544,0
18270,6,0,0,7,1,17.393513,1.788081,2244,2544,0
18280,0,1,0,2,1,17.386694,1.787352,2244,2544,0
18290,0,1,0,2,1,17.380584,1.786727,2244,2544,0
18300,10,2,0,13,1,17.376006,1.786109,2244,2544,0
18310,19,10,0,30,1,17.377465,1.786091,2251,2544,0
18320,17,10,0,28,1,17.382319,1.786432,2257,2544,0
18330,20,11,0,32,1,17.386611,1.786776,2262,2544,0
18340,7,15,0,23,1,17.393020,1.787448,2272,2545,0
18350,15,15,0,31,1,17.400172,1.788126,2272,2545,0
18360,13,11,0,25,1,17.406756,1.788976,2275,2545,0
18370,20,9,0,30,1,17.410410,1.789304,2280,2545,0
18380,2,1,0,4,1,17.410569,1.789484,2285,2545,0
18390,2,7,0,10,1,17.403834,1.788665,2285,2545,0
18400,0,0,0,0,0,17.396863,1.788041,2285,2545,0
18410,9,10,0,20,1,17.392056,1.787460,2285,2545,0
18420,8,8,0,17,1,17.394889,1.787704,2285,2545,0
18430,18,19,0,38,1,17.400685,1.788094,2285,2554,0
18440,15,20,0,36,1,17.411157,1.789293,2288,2573,0
18450,17,18,0,36,1,17.422268,1.790517,2295,2594,0
18460,20,17,0,38,1,17.431764,1.791566,2305,2598,0
18470,19,20,0,40,1,17.439560,1.792370,2306,2598,0
18480,5,9,1,16,1,17.445146,1.793007,2310,2606,0
18490,7,0,0,8,1,17.444264,1.793029,2310,2606,0
18500,4,9,0,14,1,17.438022,1.792321,2310,2606,0
18510,12,14,0,27,1,17.439478,1.792443,2310,2610,0
18520,4,8,0,13,1,17.445922,1.793158,2315,2611,0
18530,8,14,0,23,1,17.446005,1.793041,2315,2611,0
18540,3,6,0,10,1,17.444025,1.792920,2315,2611,0
18550,18,17,0,36,1,17.447668,1.793237,2315,2616,0
18560,19,19,0,39,1,17.456624,1.794330,2321,2616,0
18570,17,20,0,38,1,17.467654,1.795526,2331,2617,0
18580,20,15,0,36,1,17.477927,1.796644,2342,2624,0
18590,20,20,0,41,1,17.487473,1.797638,2353,2628,0
18600,18,20,0,39,1,17.498515,1.798935,2368,2650,0
18610,10,4,1,16,1,17.501753,1.799430,2368,2651,0
18620,20,2,0,23,1,17.501851,1.799453,2377,2651,0
18630,13,9,0,23,1,17.502661,1.799638,2378,2651,0
18640,14,17,0,32,1,17.508216,1.800122,2378,2654,0
18650,17,14,0,32,1,17.514369,1.800698,2389,2654,0
18660,17,11,0,29,1,17.521639,1.801537,2397,2654,0
18670,14,11,0,26,1,17.526935,1.802154,2402,2654,0
18680,5,18,0,24,1,17.533254,1.802876,2404,2665,0
18690,3,8,0,12,1,17.529581,1.802471,2404,2665,0
18700,15,4,0,20,1,17.525232,1.802026,2404,2665,0
18710,17,10,0,28,1,17.529558,1.802513,2404,2665,0
18720,2,7,0,10,1,17.530498,1.802701,2404,2665,0
18730,12,9,0,22,1,17.527553,1.802302,2404,2665,0
18740,2,15,0,18,1,17.528625,1.802355,2404,2665,0
18750,5,3,0,9,1,17.525909,1.802118,2404,2665,0
18760,3,9,0,13,1,17.519614,1.801463,2404,2665,0
18770,4,19,0,24,1,17.518636,1.801326,2404,2666,0
18780,17,15,0,33,1,17.521977,1.801563,2406,2675,0
18790,0,0,0,1,1,17.517882,1.801352,2406,2675,0
18800,4,6,0,11,1,17.511062,1.800673,2406,2675,0
18810,5,11,0,17,1,17.507960,1.800199,2406,2675,0
18820,0,0,0,0,0,17.501988,1.799685,2406,2675,0
18830,1,1,0,3,1,17.495492,1.798902,2406,2675,0
18840,0,0,0,1,1,17.487215,1.798093,2406,2675,0
18850,2,0,0,3,1,17.478554,1.797499,2406,2675,0
18860,1,9,0,11,1,17.472379,1.796827,2406,2675,0
18870,3,12,0,16,1,17.467574,1.796306,2406,2675,0
18880,5,14,0,20,1,17.469578,1.796495,2406,2678,0
18890,6,15,0,22,1,17.471901,1.796716,2406,2678,0
18900,0,10,0,11,1,17.472522,1.796812,2406,2679,0
18910,2,3,0,6,1,17.467571,1.796373,2406,2679,0
18920,11,0,0,12,1,17.467730,1.796343,2406,2679,0
18930,12,12,0,25,1,17.467937,1.796260,2406,2679,0
18940,15,7,0,23,1,17.470869,1.796495,2406,2679,0
18950,15,10,0,26,1,17.473714,1.796790,2406,2679,0
18960,14,14,0,29,1,17.481285,1.797464,2411,2684,0
18970,15,5,0,21,1,17.485942,1.797867,2411,2684,0
18980,15,12,0,28,1,17.488023,1.798055,2411,2684,0
18990,15,16,0,32,1,17.493993,1.798681,2415,2684,0
19000,2,0,0,3,1,17.494121,1.798881,2415,2694,0
19010,0,0,0,1,1,17.485773,1.798230,2415,2694,0
19020,4,2,0,7,1,17.480794,1.797691,2415,2694,0
19030,17,17,0,35,1,17.483998,1.797935,2415,2694,0
19040,14,13,0,28,1,17.486822,1.798267,2415,2694,0
19050,18,8,0,27,1,17.492609,1.798728,2415,2694,0
19060,17,19,0,37,1,17.501378,1.799535,2421,2700,0
19070,16,13,0,30,1,17.508365,1.800363,2421,2701,0
19080,16,18,0,35,1,17.512695,1.800820,2421,2703,0
19090,19,8,0,28,1,17.518438,1.801433,2432,2703,0
19100,20,11,0,32,1,17.525765,1.802218,2438,2703,0
19110,5,3,0,9,1,17.525482,1.802307,2441,2703,0
19120,8,14,0,23,1,17.523980,1.802029,2441,2703,0
19130,10,20,0,31,1,17.529310,1.802541,2441,2715,0
19140,13,11,0,25,1,17.534709,1.803157,2441,2722,0
19150,20,19,0,40,1,17.544069,1.804121,2447,2733,0
19160,16,11,0,28,1,17.553978,1.805308,2461,2738,0
19170,20,18,0,39,1,17.562054,1.806111,2464,2744,0
19180,7,17,0,25,1,17.568389,1.806881,2465,2744,0
19190,2,12,0,15,1,17.571560,1.807278,2465,2757,0
19200,2,11,0,14,1,17.570035,1.807074,2465,2757,0
19210,0,0,0,0,0,17.566371,1.806690,2465,2757,0
19220,8,7,0,16,1,17.559749,1.806040,2465,2757,0
19230,6,16,0,23,1,17.561479,1.806124,2465,2759,0
19240,5,19,0,25,1,17.562608,1.806252,2465,2761,0
19250,2,17,0,20,1,17.563468,1.806333,2465,2766,0
19260,19,19,0,39,1,17.567750,1.806776,2465,2768,0
19270,15,4,0,20,1,17.573294,1.807502,2471,2777,0
19280,18,12,0,31,1,17.576703,1.807797,2474,2777,0
19290,18,18,0,37,1,17.583821,1.808503,2474,2779,0
19300,3,19,0,23,1,17.588620,1.809047,2474,2781,0
19310,9,18,0,28,1,17.592290,1.809523,2474,2785,0
19320,12,12,0,25,1,17.596139,1.809911,2474,2798,0
19330,7,2,0,10,1,17.593007,1.809610,2474,2798,0
19340,6,11,0,18,1,17.597198,1.809995,2474,2799,0
19350,11,10,0,22,1,17.600180,1.810237,2474,2799,0
19360,9,5,0,15,1,17.598775,1.810143,2474,2799,0
19370,10,14,0,25,1,17.602091,1.810467,2474,2799,0
19380,11,18,0,30,1,17.605946,1.810856,2474,2799,0
19390,19,18,0,38,1,17.613118,1.811653,2479,2800,0
19400,18,12,0,31,1,17.622139,1.812670,2485,2805,0
19410,10,10,0,21,1,17.626708,1.813094,2488,2805,0
19420,10,14,0,25,1,17.630321,1.813304,2488,2805,0
19430,0,0,0,0,0,17.628104,1.813136,2488,2805,0
19440,4,16,0,21,1,17.623243,1.812590,2488,2805,0
19450,1,15,0,17,1,17.624801,1.812839,2488,2806,0
19460,16,17,0,34,1,17.628499,1.813058,2488,2819,0
19470,14,12,0,27,1,17.634848,1.813637,2488,2819,0
19480,19,9,0,29,1,17.641095,1.814301,2490,2819,0
19490,17,4,0,22,1,17.645285,1.814849,2492,2819,0
19500,12,3,0,16,1,17.645031,1.814796,2492,2819,0
19510,19,13,0,33,1,17.645197,1.814758,2498,2819,0
19520,15,4,0,20,1,17.646808,1.814916,2501,2819,0
19530,19,10,0,30,1,17.649437,1.815227,2503,2819,0
19540,19,11,0,31,1,17.655065,1.815866,2521,2819,0
19550,19,6,1,27,1,17.659466,1.816292,2526,2819,0
19560,16,20,0,37,1,17.667729,1.817087,2541,2827,0
19570,7,13,0,21,1,17.668369,1.817221,2541,2828,0
19580,11,14,0,26,1,17.670002,1.817334,2541,2828,0
19590,4,16,0,21,1,17.672193,1.817524,2541,2828,0
19600,3,12,0,16,1,17.673540,1.817655,2541,2828,0
19610,2,15,0,18,1,17.674443,1.817607,2541,2829,0
19620,1,5,0,7,1,17.676322,1.817812,2541,2839,0
19630,5,6,0,12,1,17.671141,1.817300,2541,2839,0
19640,4,3,0,8,1,17.667468,1.816839,2541,2839,0
19650,1,0,0,2,1,17.660102,1.816151,2541,2839,0
19660,9,13,1,24,1,17.658693,1.815837,2541,2839,0
19670,12,18,0,31,1,17.659616,1.815754,2541,2839,0
19680,11,4,0,16,1,17.662709,1.816037,2541,2839,0
19690,11,7,0,19,1,17.661564,1.815855,2541,2839,0
19700,14,10,0,25,1,17.660091,1.815602,2541,2839,0
19710,20,9,0,30,1,17.663802,1.815976,2543,2839,0
19720,19,15,0,35,1,17.667535,1.816268,2549,2839,0
19730,13,11,0,25,1,17.674102,1.816955,2553,2839,0
19740,1,1,0,3,1,17.672579,1.816716,2553,2839,0
19750,0,1,0,2,1,17.665850,1.816103,2553,2839,0
19760,2,4,0,7,1,17.661528,1.815595,2553,2839,0
19770,17,13,0,31,1,17.660859,1.815434,2553,2839,0
19780,4,10,0,15,1,17.663626,1.815712,2557,2839,0
19790,18,20,0,39,1,17.668740,1.816070,2559,2842,0
19800,8,18,0,27,1,17.675427,1.816902,2559,2847,0
19810,0,2,0,3,1,17.671847,1.816763,2559,2847,0
19820,4,0,0,5,1,17.665076,1.816097,2559,2847,0
19830,2,9,0,12,1,17.660171,1.815539,2559,2847,0
19840,12,10,0,23,1,17.661836,1.815628,2559,2847,0
19850,17,13,0,31,1,17.667071,1.816150,2571,2847,0
19860,2,10,0,13,1,17.667586,1.816234,2571,2847,0
19870,17,14,0,32,1,17.669214,1.816319,2571,2847,0
19880,14,4,0,19,1,17.674150,1.816876,2571,2849,0
19890,3,3,0,7,1,17.669448,1.816536,2571,2849,0
19900,2,0,0,3,1,17.664277,1.815989,2571,2849,0
19910,0,0,0,1,1,17.657223,1.815388,2571,2849,0
19920,5,6,0,12,1,17.649379,1.814621,2571,2849,0
19930,20,20,0,41,1,17.653587,1.814897,2577,2861,0
19940,0,0,0,1,1,17.656745,1.815355,2580,2875,0
19950,4,4,0,9,1,17.649067,1.814587,2580,2875,0
19960,1,1,1,4,1,17.643015,1.814014,2580,2875,0
19970,2,9,0,12,1,17.638176,1.813547,2580,2875,0
19980,1,8,0,10,1,17.634694,1.813257,2580,2875,0
19990,0,0,0,0,0,17.629404,1.812753,2580,2875,0
20000,3,6,0,10,1,17.623962,1.812102,2580,2875,0
20010,2,1,0,4,1,17.616889,1.811340,2580,2875,0
20020,2,3,0,6,1,17.613527,1.810904,2580,2875,0
20030,2,3,0,6,1,17.607649,1.810339,2580,2875,0
20040,0,0,0,0,0,17.601980,1.809777,2580,2875,0
20050,0,0,0,0,0,17.594246,1.809124,2580,2875,0
20060,6,20,0,27,1,17.590258,1.808670,2580,2875,0
20070,15,16,0,32,1,17.595547,1.809179,2580,2882,0
20080,0,0,0,0,0,17.593450,1.809178,2580,2882,0
20090,4,0,0,5,1,17.586635,1.808471,2580,2882,0
20100,0,1,0,2,1,17.579410,1.807869,2580,2882,0
20110,12,5,0,18,1,17.575009,1.807372,2580,2882,0
20120,3,9,0,13,1,17.574132,1.807293,2580,2882,0
20130,13,9,0,23,1,17.572011,1.807022,2580,2882,0
20140,0,16,0,17,1,17.572415,1.807112,2580,2882,0
20150,6,2,0,9,1,17.569800,1.806781,2580,2882,0
20160,17,2,0,20,1,17.570863,1.806782,2581,2882,0
20170,8,0,0,9,1,17.569808,1.806740,2581,2882,0
20180,6,7,0,14,1,17.563872,1.805966,2581,2882,0
20190,15,3,0,19,1,17.559701,1.805595,2581,2882,0
20200,19,15,0,35,1,17.565585,1.806193,2589,2882,0
20210,4,3,0,8,1,17.567224,1.806474,2591,2882,0
20220,14,6,0,21,1,17.564514,1.806143,2591,2882,0
20230,19,6,0,26,1,17.565170,1.806194,2591,2882,0
20240,14,4,0,19,1,17.566544,1.806429,2604,2882,0
20250,3,5,0,9,1,17.564977,1.806252,2604,2882,0
20260,3,2,0,6,1,17.561962,1.805825,2604,2882,0
20270,4,1,0,6,1,17.554457,1.805102,2604,2882,0
20280,4,12,0,17,1,17.553089,1.804890,2604,2882,0
20290,7,7,0,15,1,17.552329,1.804704,2604,2882,0
20300,11,9,0,21,1,17.549584,1.804388,2604,2882,0
20310,16,13,0,30,1,17.549674,1.804409,2608,2882,0
20320,11,5,0,17,1,17.549242,1.804312,2608,2882,0
20330,19,9,0,29,1,17.550881,1.804410,2616,2882,0
20340,3,0,0,4,1,17.550071,1.804293,2616,2882,0
20350,5,13,0,19,1,17.544300,1.803738,2616,2882,0
20360,19,13,0,33,1,17.548204,1.804096,2616,2882,0
20370,9,6,0,16,1,17.550536,1.804329,2616,2882,0
20380,3,7,0,11,1,17.547973,1.804123,2616,2882,0
20390,10,3,0,14,1,17.544131,1.803721,2616,2882,0
20400,15,3,0,19,1,17.545170,1.803721,2616,2882,0
20410,14,18,0,33,1,17.548994,1.804017,2616,2886,0
20420,11,13,0,25,1,17.555100,1.804584,2616,2887,0
20430,6,9,0,16,1,17.555813,1.804678,2616,2887,0
20440,9,2,0,12,1,17.551150,1.804156,2616,2887,0
20450,6,7,0,14,1,17.546325,1.803590,2616,2887,0
20460,5,2,0,8,1,17.540999,1.803108,2616,2887,0
20470,6,10,0,17,1,17.538475,1.802806,2616,2887,0
20480,6,15,0,22,1,17.538473,1.802863,2616,2887,0
20490,13,14,0,28,1,17.541652,1.803120,2616,2892,0
20500,16,17,0,34,1,17.549559,1.803754,2620,2892,0
20510,4,0,0,5,1,17.546002,1.803500,2620,2892,0
20520,14,13,0,28,1,17.549323,1.803753,2633,2892,0
20530,19,19,0,39,1,17.557101,1.804438,2637,2893,0
20540,9,18,0,28,1,17.563469,1.805158,2640,2896,0
20550,5,20,0,26,1,17.564919,1.805283,2640,2907,0
20560,10,15,0,26,1,17.568884,1.805738,2640,2907,0
20570,9,11,0,21,1,17.572126,1.806011,2640,2910,0
20580,2,14,0,17,1,17.574482,1.806283,2640,2910,0
20590,3,0,0,4,1,17.571328,1.805925,2640,2910,0
20600,15,12,0,28,1,17.574364,1.806060,2642,2910,0
20610,9,12,0,22,1,17.580322,1.806603,2646,2910,0
20620,17,10,0,28,1,17.586417,1.807223,2648,2910,0
20630,8,15,0,24,1,17.590718,1.807641,2659,2910,0
20640,5,4,0,10,1,17.586232,1.807254,2659,2910,0
20650,3,12,0,16,1,17.584419,1.806954,2659,2910,0
20660,9,6,0,16,1,17.583136,1.806744,2659,2910,0
20670,16,16,0,33,1,17.587852,1.807124,2659,2916,0
20680,11,7,0,19,1,17.594086,1.807839,2664,2916,0
20690,15,11,0,27,1,17.598813,1.808238,2664,2916,0
20700,2,2,0,5,1,17.603438,1.808734,2665,2920,0
20710,15,4,0,20,1,17.599255,1.808325,2665,2920,0
20720,18,7,0,26,1,17.601806,1.808536,2670,2920,0
20730,10,7,0,18,1,17.603255,1.808661,2670,2920,0
20740,3,6,0,10,1,17.600093,1.808375,2670,2920,0
20750,9,10,0,20,1,17.594298,1.807648,2670,2920,0
20760,5,0,0,6,1,17.594768,1.807673,2670,2920,0
20770,12,9,0,22,1,17.595538,1.807683,2675,2920,0
20780,15,11,0,27,1,17.597438,1.807855,2675,2920,0
20790,10,9,0,20,1,17.604810,1.808624,2679,2929,0
20800,14,16,0,31,1,17.610511,1.809150,2679,2929,0
20810,12,19,1,33,1,17.617555,1.809948,2680,2932,0
20820,7,13,0,21,1,17.620860,1.810434,2680,2942,0
20830,11,8,0,20,1,17.621667,1.810386,2680,2942,0
20840,19,5,0,25,1,17.622352,1.810406,2685,2942,0
20850,19,10,0,30,1,17.626935,1.810862,2690,2942,0
20860,20,13,0,34,1,17.631840,1.811404,2695,2942,0
20870,18,18,0,37,1,17.638746,1.812188,2695,2951,0
20880,19,18,0,38,1,17.647590,1.813037,2699,2963,0
20890,12,8,0,21,1,17.649833,1.813369,2702,2964,0
20900,20,14,0,35,1,17.650612,1.813461,2706,2964,0
20910,13,6,0,20,1,17.651375,1.813462,2709,2964,0
20920,8,4,0,13,1,17.646151,1.813044,2709,2964,0
20930,0,0,0,0,0,17.640494,1.812626,2709,2964,0
20940,0,0,0,0,0,17.633632,1.811941,2709,2964,0
20950,15,14,0,30,1,17.630661,1.811514,2709,2964,0
20960,19,19,0,39,1,17.638810,1.812434,2716,2968,0
20970,18,17,0,36,1,17.646553,1.813304,2722,2976,0
20980,19,20,0,40,1,17.655912,1.814375,2740,2978,0
20990,9,20,0,30,1,17.661799,1.815054,2741,2981,0
21000,4,0,0,5,1,17.659677,1.814874,2741,2983,0
21010,3,5,0,9,1,17.654982,1.814279,2741,2983,0
21020,16,8,0,25,1,17.656011,1.814272,2741,2983,0
21030,19,14,0,34,1,17.663760,1.815045,2758,2994,0
21040,5,14,0,20,1,17.669684,1.815780,2763,3000,0
21050,2,10,0,13,1,17.668778,1.815832,2763,3000,0
21060,0,0,0,0,0,17.663303,1.815369,2763,3000,0
21070,0,2,0,3,1,17.658738,1.814894,2763,3000,0
21080,17,19,0,37,1,17.661301,1.815072,2763,3011,0
21090,12,4,0,17,1,17.664634,1.815470,2768,3012,0
21100,17,12,0,30,1,17.666558,1.815520,2774,3012,0
21110,20,8,0,29,1,17.671561,1.816134,2787,3012,0
21120,19,17,0,37,1,17.678547,1.816828,2797,3012,0
21130,7,3,0,11,1,17.683593,1.817420,2798,3012,0
21140,9,3,0,13,1,17.681140,1.817118,2798,3012,0
21150,5,2,0,8,1,17.677035,1.816672,2798,3012,0
21160,12,3,0,16,1,17.675173,1.816386,2798,3012,0
21170,0,0,0,1,1,17.669166,1.815878,2798,3012,0
21180,7,1,0,9,1,17.666129,1.815515,2798,3012,0
21190,16,3,0,20,1,17.667431,1.815572,2798,3012,0
21200,7,10,0,18,1,17.669965,1.815765,2798,3012,0
21210,1,1,0,3,1,17.667369,1.815580,2798,3012,0
21220,4,0,0,5,1,17.662300,1.815001,2798,3012,0
21230,12,5,0,18,1,17.657003,1.814292,2798,3012,0
21240,5,6,0,12,1,17.651738,1.813719,2798,3012,0
21250,14,6,0,21,1,17.646486,1.813226,2798,3012,0
21260,9,12,0,22,1,17.650654,1.813604,2798,3013,0
21270,10,16,0,27,1,17.651885,1.813646,2798,3013,0
21280,12,11,0,24,1,17.659178,1.814416,2801,3016,0
21290,7,12,0,20,1,17.661213,1.814680,2801,3016,0
21300,12,9,0,22,1,17.667135,1.815327,2801,3021,0
21310,5,8,0,14,1,17.670676,1.815536,2801,3023,0
21320,0,4,0,5,1,17.671151,1.815544,2801,3025,0
21330,9,13,0,23,1,17.671994,1.815528,2801,3028,0
21340,3,0,0,4,1,17.667015,1.815098,2801,3028,0
21350,14,4,0,19,1,17.666918,1.814978,2801,3028,0
21360,11,0,0,12,1,17.665897,1.814981,2801,3028,0
21370,9,4,0,14,1,17.666288,1.814902,2802,3028,0
21380,14,18,0,33,1,17.668837,1.815001,2802,3029,0
21390,12,5,0,18,1,17.671298,1.815352,2808,3029,0
21400,17,9,0,27,1,17.670855,1.815292,2808,3029,0
21410,9,3,0,13,1,17.670772,1.815252,2810,3029,0
21420,5,4,0,10,1,17.667800,1.815028,2810,3029,0
21430,2,0,0,3,1,17.662488,1.814520,2810,3029,0
21440,3,6,0,10,1,17.657876,1.813989,2810,3029,0
21450,0,0,0,0,0,17.651996,1.813414,2810,3029,0
21460,17,6,0,24,1,17.650697,1.813005,2810,3029,0
21470,17,13,0,31,1,17.653992,1.813243,2813,3029,0
21480,7,4,0,12,1,17.652388,1.813133,2813,3029,0
21490,10,5,0,16,1,17.651121,1.812989,2813,3029,0
21500,0,1,0,2,1,17.645918,1.812561,2813,3029,0
21510,1,1,0,3,1,17.639131,1.811911,2813,3029,0
21520,1,0,0,2,1,17.633108,1.811252,2813,3029,0
21530,1,1,0,3,1,17.627350,1.810715,2813,3029,0
21540,1,7,0,9,1,17.624665,1.810442,2813,3029,0
21550,12,17,0,30,1,17.628085,1.810710,2813,3032,0
21560,9,20,0,30,1,17.633037,1.811170,2813,3035,0
21570,4,14,0,19,1,17.637191,1.811721,2813,3050,0
21580,3,9,0,13,1,17.636188,1.811578,2813,3050,0
21590,0,9,0,10,1,17.633367,1.811153,2813,3050,0
21600,7,16,0,24,1,17.635748,1.811375,2813,3050,0
21610,14,1,0,16,1,17.638342,1.811688,2813,3050,0
21620,0,0,0,1,1,17.632938,1.811213,2813,3050,0
21630,11,4,0,16,1,17.628940,1.810805,2813,3050,0
21640,5,2,0,8,1,17.625936,1.810594,2813,3050,0
21650,3,1,0,5,1,17.619222,1.810045,2813,3050,0
21660,8,2,0,11,1,17.617734,1.809844,2813,3050,0
21670,7,1,0,9,1,17.612856,1.809448,2813,3050,0
21680,3,6,0,10,1,17.610604,1.809177,2813,3050,0
21690,8,7,0,16,1,17.605180,1.808520,2813,3050,0
21700,5,11,0,17,1,17.603405,1.808315,2813,3050,0
21710,18,17,0,36,1,17.609266,1.808792,2813,3052,0
21720,17,10,0,28,1,17.615313,1.809399,2814,3052,0
21730,18,17,0,36,1,17.623634,1.810179,2825,3057,0
21740,20,18,0,39,1,17.633005,1.811282,2834,3069,0
21750,9,14,0,24,1,17.640449,1.812033,2853,3076,0
21760,17,8,0,26,1,17.645026,1.812463,2853,3076,0
21770,18,11,0,30,1,17.649365,1.813006,2867,3076,0
21780,18,19,0,38,1,17.656854,1.813718,2871,3081,0
21790,4,10,0,15,1,17.660386,1.814161,2871,3082,0
21800,7,15,0,23,1,17.662668,1.814424,2871,3082,0
21810,10,7,0,18,1,17.661857,1.814327,2871,3082,0
21820,0,0,0,0,0,17.661519,1.814295,2871,3082,0
21830,3,1,0,5,1,17.654758,1.813569,2871,3082,0
21840,0,0,0,0,0,17.649265,1.813008,2871,3082,0
21850,14,1,0,16,1,17.646340,1.812608,2871,3082,0
21860,13,6,0,20,1,17.646138,1.812548,2871,3082,0
21870,1,3,0,5,1,17.645189,1.812555,2871,3082,0
21880,4,5,0,10,1,17.642020,1.812284,2871,3082,0
21890,0,1,0,2,1,17.636377,1.811682,2871,3082,0
21900,8,6,0,15,1,17.631724,1.811181,2871,3082,0
21910,16,10,0,27,1,17.637088,1.811710,2872,3082,0
21920,11,10,0,22,1,17.642819,1.812437,2884,3082,0
21930,9,19,0,29,1,17.644120,1.812514,2884,3083,0
21940,10,11,0,22,1,17.645458,1.812561,2884,3083,0
21950,14,13,0,28,1,17.646771,1.812640,2884,3083,0
21960,14,16,0,31,1,17.652676,1.813224,2884,3089,0
21970,13,16,0,30,1,17.657852,1.813776,2889,3089,0
21980,5,13,0,19,1,17.658591,1.813871,2889,3093,0
21990,2,15,0,18,1,17.661066,1.814196,2889,3094,0
22000,4,18,0,23,1,17.663240,1.814287,2889,3095,0
22010,0,0,0,1,1,17.660921,1.814111,2889,3095,0
22020,8,7,0,16,1,17.655794,1.813494,2889,3095,0
22030,8,16,0,25,1,17.657965,1.813737,2889,3095,0
22040,5,3,0,9,1,17.656686,1.813609,2889,3095,0
22050,6,9,0,16,1,17.654546,1.813316,2889,3095,0
22060,14,4,0,19,1,17.655297,1.813413,2889,3095,0
22070,0,2,0,3,1,17.654862,1.813304,2889,3095,0
22080,7,0,0,8,1,17.648871,1.812667,2889,3095,0
22090,1,7,0,9,1,17.644941,1.812215,2889,3095,0
22100,1,1,0,3,1,17.639063,1.811564,2889,3095,0
22110,4,4,0,9,1,17.633386,1.811001,2889,3095,0
22120,18,12,0,31,1,17.634941,1.811105,2895,3095,0
22130,17,16,0,34,1,17.637848,1.811407,2897,3095,0
22140,12,3,0,16,1,17.640207,1.811812,2897,3095,0
22150,6,1,0,8,1,17.636753,1.811452,2897,3095,0
22160,12,14,0,27,1,17.637354,1.811399,2897,3095,0
22170,17,19,0,37,1,17.645732,1.812221,2900,3098,0
22180,5,7,0,13,1,17.650641,1.812644,2900,3099,0
22190,17,19,0,37,1,17.654548,1.812881,2901,3101,0
22200,12,14,0,27,1,17.658870,1.813403,2901,3104,0
22210,13,6,0,20,1,17.660709,1.813637,2901,3104,0
22220,4,5,0,10,1,17.658231,1.813335,2901,3104,0
22230,3,3,0,7,1,17.652287,1.812812,2901,3104,0
22240,7,0,0,8,1,17.649745,1.812613,2901,3104,0
22250,5,0,0,6,1,17.644741,1.812110,2901,3104,0
22260,0,0,0,0,0,17.637740,1.811478,2901,3104,0
22270,0,0,0,0,0,17.631976,1.810914,2901,3104,0
22280,8,4,0,13,1,17.628778,1.810538,2901,3104,0
22290,0,0,0,0,0,17.623672,1.810101,2901,3104,0
22300,0,0,0,0,0,17.616693,1.809404,2901,3104,0
22310,15,6,0,22,1,17.616393,1.809292,2903,3104,0
22320,18,8,0,27,1,17.621620,1.809957,2911,3104,0
22330,11,4,0,16,1,17.621872,1.810103,2911,3104,0
22340,13,12,0,26,1,17.622199,1.810089,2911,3104,0
22350,18,8,0,27,1,17.626776,1.810529,2914,3104,0
22360,16,9,0,26,1,17.631614,1.811037,2916,3104,0
22370,11,9,0,21,1,17.634775,1.811390,2916,3104,0
22380,12,5,0,18,1,17.638154,1.811773,2926,3104,0
22390,11,2,0,14,1,17.639241,1.811830,2926,3104,0
22400,13,5,0,19,1,17.637124,1.811540,2926,3104,0
22410,16,2,0,19,1,17.639133,1.811750,2928,3104,0
22420,6,4,0,11,1,17.639013,1.811740,2931,3104,0
22430,10,2,0,13,1,17.637802,1.811602,2931,3104,0
22440,7,8,0,16,1,17.633326,1.811204,2931,3104,0
22450,15,11,0,27,1,17.633026,1.811051,2931,3104,0
22460,8,14,0,23,1,17.638081,1.811574,2933,3104,0
22470,5,1,0,7,1,17.636323,1.811437,2933,3104,0
22480,0,2,0,3,1,17.630145,1.810947,2933,3104,0
22490,9,13,0,23,1,17.629923,1.810852,2933,3104,0
22500,10,7,0,18,1,17.629055,1.810840,2933,3104,0
22510,6,7,0,14,1,17.631100,1.811053,2933,3104,0
22520,1,3,0,5,1,17.625257,1.810506,2933,3104,0
22530,4,12,0,17,1,17.619840,1.809886,2933,3104,0
22540,2,14,0,17,1,17.622593,1.810164,2933,3119,0
22550,0,4,0,5,1,17.621156,1.809978,2933,3119,0
22560,2,10,0,13,1,17.616857,1.809539,2933,3119,0
22570,6,6,0,13,1,17.612055,1.809032,2933,3119,0
22580,19,20,0,40,1,17.616379,1.809381,2938,3122,0
22590,17,0,0,18,1,17.621907,1.809968,2941,3124,0
22600,2,11,0,14,1,17.619920,1.809890,2941,3124,0
22610,4,1,0,6,1,17.615098,1.809439,2941,3124,0
22620,3,2,0,6,1,17.610123,1.808963,2941,3124,0
22630,7,7,1,16,1,17.605512,1.808517,2941,3124,0
22640,12,7,0,20,1,17.608086,1.808826,2941,3124,0
22650,14,16,0,31,1,17.608685,1.808677,2941,3124,0
22660,8,9,0,18,1,17.612418,1.809063,2941,3126,0
22670,8,0,0,9,1,17.610488,1.808868,2941,3126,0
22680,3,2,0,6,1,17.609204,1.808739,2941,3126,0
22690,12,4,0,17,1,17.608273,1.808646,2941,3126,0
22700,14,16,0,31,1,17.608545,1.808570,2941,3126,0
22710,17,20,0,38,1,17.615577,1.809328,2946,3133,0
22720,11,19,1,32,1,17.622897,1.810067,2949,3140,0
22730,18,10,0,29,1,17.624883,1.810233,2949,3140,0
22740,11,17,0,29,1,17.628382,1.810554,2950,3140,0
22750,9,15,0,25,1,17.628714,1.810632,2950,3140,0
22760,6,17,0,24,1,17.630565,1.810793,2950,3141,0
22770,9,20,0,30,1,17.633295,1.811027,2950,3155,0
22780,15,15,0,31,1,17.638158,1.811448,2950,3159,0
22790,11,6,0,18,1,17.643867,1.812119,2954,3163,0
22800,15,8,0,24,1,17.646299,1.812265,2955,3163,0
22810,15,8,0,24,1,17.649162,1.812448,2956,3163,0
22820,18,11,0,30,1,17.648717,1.812332,2956,3163,0
22830,7,2,0,10,1,17.648857,1.812431,2956,3163,0
22840,0,0,0,0,0,17.645814,1.812065,2956,3163,0
22850,11,2,0,14,1,17.642807,1.811702,2956,3163,0
22860,5,9,0,15,1,17.639087,1.811299,2956,3163,0
22870,9,1,0,11,1,17.639004,1.811269,2956,3163,0
22880,2,3,0,6,1,17.632787,1.810691,2956,3163,0
22890,4,9,0,14,1,17.636067,1.810998,2956,3168,0
22900,9,15,0,25,1,17.633846,1.810659,2956,3168,0
22910,13,20,0,34,1,17.636804,1.810910,2956,3168,0
22920,16,15,0,32,1,17.643795,1.811639,2956,3174,0
22930,14,19,0,34,1,17.649114,1.812253,2956,3182,0
22940,15,18,0,34,1,17.656587,1.813129,2956,3198,0
22950,13,16,0,30,1,17.664133,1.813899,2956,3205,0
22960,16,16,0,33,1,17.671001,1.814542,2956,3208,0
22970,19,17,0,37,1,17.676944,1.815188,2972,3210,0
22980,5,13,0,19,1,17.684260,1.815951,2973,3218,0
22990,3,1,0,5,1,17.679192,1.815498,2973,3218,0
23000,2,1,0,4,1,17.674022,1.814930,2973,3218,0
23010,2,7,0,10,1,17.669156,1.814393,2973,3218,0
23020,16,15,0,32,1,17.670767,1.814488,2973,3222,0
23030,9,19,0,29,1,17.674884,1.814858,2973,3223,0
23040,6,3,0,10,1,17.677102,1.815177,2973,3225,0
23050,8,11,0,20,1,17.674035,1.814833,2973,3225,0
23060,2,15,0,18,1,17.675485,1.814969,2973,3225,0
23070,14,13,0,28,1,17.682372,1.815704,2974,3235,0
23080,5,12,0,18,1,17.683943,1.815989,2974,3235,0
23090,3,12,0,16,1,17.686100,1.816173,2974,3242,0
23100,0,10,0,11,1,17.686375,1.816164,2974,3242,0
23110,1,2,0,4,1,17.681307,1.815744,2974,3242,0
23120,2,8,0,11,1,17.676345,1.815286,2974,3242,0
23130,7,13,0,21,1,17.675239,1.815127,2974,3242,0
23140,7,9,0,17,1,17.680247,1.815612,2983,3242,0
23150,3,9,0,13,1,17.678883,1.815451,2983,3242,0
23160,5,5,0,11,1,17.674460,1.814959,2983,3242,0
23170,14,10,0,25,1,17.676193,1.815044,2983,3242,0
23180,11,18,0,30,1,17.683543,1.815874,2987,3256,0
23190,0,12,0,13,1,17.684055,1.816026,2987,3256,0
23200,5,7,0,13,1,17.681278,1.815744,2987,3256,0
23210,7,14,0,22,1,17.681054,1.815732,2987,3256,0
23220,12,4,0,17,1,17.681240,1.815810,2987,3256,0
23230,11,5,0,17,1,17.677466,1.815402,2987,3256,0
23240,16,8,0,25,1,17.678195,1.815448,2987,3256,0
23250,16,18,0,35,1,17.683820,1.815948,2987,3260,0
23260,9,18,0,28,1,17.690497,1.816693,2990,3274,0
23270,17,13,0,31,1,17.697985,1.817537,2992,3283,0
23280,14,7,0,22,1,17.704743,1.818210,2996,3283,0
23290,14,13,0,28,1,17.710169,1.818730,3012,3283,0
23300,10,4,0,15,1,17.712032,1.818989,3012,3283,0
23310,0,0,0,1,1,17.707012,1.818532,3012,3283,0
23320,13,2,0,16,1,17.703582,1.818223,3012,3283,0
23330,20,8,0,29,1,17.705330,1.818309,3014,3283,0
23340,2,1,0,4,1,17.703809,1.818212,3019,3283,0
23350,17,15,0,33,1,17.704841,1.818209,3024,3283,0
23360,3,9,0,13,1,17.706706,1.818468,3024,3283,0
23370,6,0,0,7,1,17.706095,1.818352,3024,3283,0
23380,5,1,0,7,1,17.703579,1.818192,3024,3283,0
23390,17,7,0,25,1,17.705332,1.818359,3030,3283,0
23400,19,19,0,39,1,17.710491,1.818948,3042,3283,0
23410,14,14,0,29,1,17.717178,1.819678,3046,3286,0
23420,4,6,0,11,1,17.714240,1.819403,3046,3286,0
23430,5,10,0,16,1,17.713987,1.819284,3046,3286,0
23440,16,9,0,26,1,17.718244,1.819668,3053,3286,0
23450,9,0,0,10,1,17.715181,1.819452,3053,3286,0
23460,5,0,0,6,1,17.713282,1.819284,3053,3286,0
23470,3,3,0,7,1,17.708303,1.818887,3053,3286,0
23480,0,0,0,0,0,17.703052,1.818374,3053,3286,0
23490,0,0,0,0,0,17.698075,1.817874,3053,3286,0
23500,2,1,0,4,1,17.691551,1.817302,3053,3286,0
23510,2,2,0,5,1,17.684959,1.816763,3053,3286,0
23520,1,2,0,4,1,17.681133,1.816364,3053,3286,0
23530,2,1,0,4,1,17.674672,1.815703,3053,3286,0
23540,10,3,0,14,1,17.672085,1.815416,3053,3286,0
23550,16,5,0,22,1,17.674081,1.815703,3064,3286,0
23560,20,15,0,36,1,17.679944,1.816277,3073,3286,0
23570,15,5,0,21,1,17.685419,1.816779,3085,3288,0
23580,15,20,0,36,1,17.687878,1.816931,3085,3289,0
23590,6,16,0,23,1,17.693836,1.817578,3089,3293,0
23600,6,10,0,17,1,17.695177,1.817821,3089,3293,0
23610,2,0,0,3,1,17.691928,1.817466,3089,3293,0
23620,3,2,0,6,1,17.687320,1.816924,3089,3293,0
23630,5,2,0,8,1,17.682528,1.816498,3089,3293,0
23640,2,4,0,7,1,17.677277,1.816064,3089,3293,0
23650,0,0,0,0,0,17.673342,1.815560,3089,3293,0
23660,0,3,0,4,1,17.668193,1.815049,3089,3293,0
23670,5,5,0,11,1,17.662750,1.814564,3089,3293,0
23680,2,8,0,11,1,17.660018,1.814231,3089,3293,0
23690,13,3,0,17,1,17.658727,1.814085,3089,3293,0
23700,0,0,0,0,0,17.655562,1.813778,3089,3293,0
23710,8,9,0,18,1,17.650745,1.813247,3089,3293,0
23720,13,9,0,23,1,17.653633,1.813405,3089,3293,0
23730,10,10,0,21,1,17.658451,1.813902,3089,3294,0
23740,20,8,0,29,1,17.661215,1.814071,3090,3294,0
23750,12,10,0,23,1,17.666577,1.814743,3096,3296,0
23760,11,15,0,27,1,17.666950,1.814713,3096,3296,0
23770,19,19,0,39,1,17.672936,1.815386,3099,3298,0
23780,15,10,0,26,1,17.680105,1.816117,3104,3300,0
23790,20,19,0,40,1,17.685451,1.816630,3113,3300,0
23800,14,12,0,27,1,17.691146,1.817272,3117,3302,0
23810,19,15,0,35,1,17.698199,1.818062,3125,3302,0
23820,15,9,0,25,1,17.699610,1.818194,3125,3302,0
23830,17,14,0,32,1,17.704713,1.818753,3137,3302,0
23840,18,20,0,39,1,17.712168,1.819537,3139,3304,0
23850,0,3,0,4,1,17.712769,1.819774,3139,3307,0
23860,10,2,0,13,1,17.708700,1.819272,3139,3307,0
23870,4,5,0,10,1,17.704098,1.818865,3139,3307,0
23880,17,4,0,22,1,17.702133,1.818595,3140,3307,0
23890,7,4,0,12,1,17.700320,1.818325,3140,3307,0
23900,6,6,0,13,1,17.696071,1.817852,3140,3307,0
23910,12,15,0,28,1,17.696806,1.817814,3140,3307,0
23920,14,19,0,34,1,17.703161,1.818422,3141,3309,0
23930,11,14,0,26,1,17.709489,1.819145,3141,3319,0
23940,8,6,0,15,1,17.707673,1.818985,3141,3319,0
23950,3,8,0,12,1,17.702856,1.818594,3141,3319,0
23960,1,0,0,2,1,17.696687,1.817979,3141,3319,0
23970,0,0,0,0,0,17.690421,1.817400,3141,3319,0
23980,1,5,0,7,1,17.687125,1.817017,3141,3319,0
23990,0,0,0,0,0,17.680868,1.816603,3141,3319,0
24000,0,0,0,0,0,17.674648,1.816060,3141,3319,0
24010,17,7,0,25,1,17.673841,1.815839,3143,3319,0
24020,19,3,0,23,1,17.676311,1.816134,3147,3319,0
24030,2,7,1,11,1,17.674817,1.815983,3151,3319,0
24040,3,1,0,5,1,17.669899,1.815442,3151,3319,0
24050,1,0,0,2,1,17.665612,1.815035,3151,3319,0
24060,11,2,0,14,1,17.662633,1.814732,3151,3319,0
24070,0,0,0,1,1,17.656971,1.814245,3151,3319,0
24080,0,2,0,3,1,17.652969,1.813844,3151,3319,0
24090,1,2,0,4,1,17.649024,1.813411,3151,3319,0
24100,12,9,0,22,1,17.645707,1.812972,3151,3319,0
24110,1,1,0,3,1,17.643382,1.812797,3151,3319,0
24120,4,3,0,8,1,17.637420,1.812172,3151,3319,0
24130,0,6,0,7,1,17.635079,1.811911,3151,3319,0
24140,7,5,0,13,1,17.633113,1.811742,3151,3319,0
24150,1,6,0,8,1,17.633891,1.811747,3151,3319,0
24160,1,0,0,2,1,17.628878,1.811281,3151,3319,0
24170,6,8,0,15,1,17.624545,1.810769,3151,3319,0
24180,4,6,0,11,1,17.622936,1.810476,3151,3319,0
24190,1,1,0,3,1,17.618128,1.810015,3151,3319,0
24200,2,4,0,7,1,17.612151,1.809357,3151,3319,0
24210,4,2,0,7,1,17.607521,1.808800,3151,3319,0
24220,6,9,0,16,1,17.602252,1.808277,3151,3319,0
24230,3,1,0,5,1,17.600952,1.808184,3151,3319,0
24240,2,6,0,9,1,17.596596,1.807663,3151,3319,0
24250,16,20,0,37,1,17.600556,1.807927,3160,3336,0
24260,2,6,0,9,1,17.601697,1.808131,3160,3337,0
24270,8,8,0,17,1,17.600659,1.807950,3160,3337,0
24280,1,11,0,13,1,17.600889,1.808038,3160,3337,0
24290,1,0,0,2,1,17.595681,1.807574,3160,3337,0
24300,13,5,0,19,1,17.591543,1.807228,3160,3337,0
24310,0,0,0,1,1,17.587951,1.806953,3163,3337,0
24320,0,2,0,3,1,17.582745,1.806421,3163,3337,0
24330,0,1,0,2,1,17.576702,1.805749,3163,3337,0
24340,6,7,0,14,1,17.574202,1.805434,3163,3337,0
24350,19,7,0,27,1,17.577463,1.805680,3166,3337,0
24360,6,4,0,11,1,17.579389,1.805934,3168,3337,0
24370,16,6,0,23,1,17.578352,1.805678,3168,3337,0
24380,14,15,0,30,1,17.583950,1.806240,3171,3343,0
24390,16,14,0,31,1,17.590053,1.806855,3184,3343,0
24400,14,9,0,24,1,17.592648,1.807010,3185,3343,0
24410,19,20,0,40,1,17.597734,1.807558,3187,3344,0
24420,4,6,0,11,1,17.601717,1.808015,3187,3344,0
24430,15,2,0,18,1,17.600663,1.807879,3187,3344,0
24440,20,4,0,25,1,17.602278,1.807926,3190,3344,0
24450,18,17,0,36,1,17.606350,1.808264,3195,3344,0
24460,19,19,0,39,1,17.614797,1.809294,3211,3366,0
24470,3,0,0,4,1,17.617725,1.809817,3215,3372,0
24480,10,20,0,31,1,17.613983,1.809268,3215,3377,0
24490,11,16,0,28,1,17.619089,1.809864,3215,3390,0
24500,8,18,0,27,1,17.625308,1.810498,3215,3399,0
24510,5,18,0,24,1,17.626756,1.810604,3215,3406,0
24520,11,10,0,22,1,17.626839,1.810638,3215,3406,0
24530,11,11,0,23,1,17.628176,1.810702,3215,3406,0
24540,6,0,0,7,1,17.625665,1.810576,3215,3406,0
24550,1,1,0,3,1,17.621743,1.810175,3215,3406,0
24560,0,8,0,9,1,17.616531,1.809696,3215,3406,0
24570,3,3,0,7,1,17.612477,1.809214,3215,3406,0
24580,14,12,0,27,1,17.613220,1.809232,3215,3406,0
24590,16,20,0,37,1,17.617946,1.809675,3215,3406,0
24600,7,19,0,27,1,17.622617,1.810165,3215,3418,0
24610,5,10,0,16,1,17.626421,1.810528,3215,3424,0
24620,3,10,0,14,1,17.623208,1.810186,3215,3424,0
24630,12,6,0,19,1,17.619967,1.809848,3215,3424,0
24640,20,13,0,34,1,17.624549,1.810283,3230,3424,0
24650,16,2,0,19,1,17.625736,1.810400,3237,3424,0
24660,10,5,0,16,1,17.624011,1.810188,3237,3424,0
24670,16,10,0,27,1,17.627187,1.810419,3237,3424,0
24680,13,20,0,34,1,17.633460,1.810991,3237,3432,0
24690,6,11,0,18,1,17.635134,1.811248,3237,3434,0
24700,10,16,0,27,1,17.637707,1.811508,3237,3434,0
24710,8,11,0,20,1,17.638252,1.811589,3237,3434,0
24720,1,1,0,3,1,17.634598,1.811375,3237,3434,0
24730,1,0,0,2,1,17.628662,1.810813,3237,3434,0
24740,4,2,0,7,1,17.624872,1.810494,3237,3434,0
24750,0,5,0,6,1,17.625278,1.810501,3237,3434,0
24760,13,16,0,30,1,17.629103,1.810708,3237,3439,0
24770,5,12,0,18,1,17.627975,1.810685,3237,3439,0
24780,1,13,0,15,1,17.628311,1.810798,3237,3441,0
24790,4,12,0,17,1,17.629585,1.810901,3237,3441,0
24800,7,14,0,22,1,17.631525,1.811073,3237,3441,0
24810,0,7,0,8,1,17.631447,1.811120,3237,3441,0
24820,4,8,0,13,1,17.628190,1.810773,3237,3441,0
24830,1,2,0,4,1,17.623597,1.810259,3237,3441,0
24840,7,11,0,19,1,17.622788,1.810134,3237,3441,0
24850,5,1,0,7,1,17.618309,1.809684,3237,3441,0
24860,7,6,0,14,1,17.615026,1.809357,3237,3441,0
24870,5,8,0,14,1,17.612719,1.809167,3237,3441,0
24880,3,0,0,4,1,17.609025,1.808858,3237,3441,0
24890,6,2,1,10,1,17.603876,1.808443,3237,3441,0
24900,8,6,0,15,1,17.601760,1.808228,3237,3441,0
24910,7,1,0,9,1,17.600024,1.808075,3237,3441,0
24920,15,15,0,31,1,17.602389,1.808157,3237,3441,0
24930,15,13,0,29,1,17.607291,1.808722,3242,3441,0
24940,5,11,0,17,1,17.608365,1.808865,3242,3441,0
24950,0,0,0,0,0,17.603513,1.808488,3242,3441,0
24960,1,1,0,3,1,17.597407,1.807841,3242,3441,0
24970,2,2,1,6,1,17.591935,1.807267,3242,3441,0
24980,5,7,0,13,1,17.591921,1.807141,3242,3441,0
24990,0,1,0,2,1,17.587225,1.806587,3242,3441,0
25000,6,1,0,8,1,17.581607,1.806080,3242,3441,0
25010,4,14,0,19,1,17.579725,1.805785,3242,3441,0
25020,19,19,0,39,1,17.585110,1.806370,3243,3453,0
25030,19,18,0,38,1,17.592838,1.807174,3254,3462,0
25040,8,16,0,25,1,17.599914,1.807941,3264,3466,0
25050,9,19,0,29,1,17.603095,1.808159,3264,3468,0
25060,14,16,0,31,1,17.609609,1.808845,3264,3476,0
25070,18,19,0,38,1,17.616009,1.809580,3273,3499,0
25080,10,11,0,22,1,17.622940,1.810450,3280,3513,0
25090,5,12,0,18,1,17.627763,1.810926,3280,3517,0
25100,0,9,0,10,1,17.626865,1.810888,3280,3517,0
25110,2,4,0,7,1,17.622351,1.810501,3280,3517,0
25120,3,0,0,4,1,17.618371,1.810139,3280,3517,0
25130,2,2,0,5,1,17.612307,1.809592,3280,3517,0
25140,7,6,0,14,1,17.606781,1.809086,3280,3517,0
25150,0,1,0,2,1,17.602372,1.808657,3280,3517,0
25160,1,8,0,10,1,17.598173,1.808177,3280,3517,0
25170,3,0,0,4,1,17.593747,1.807665,3280,3517,0
25180,8,8,0,17,1,17.592237,1.807490,3280,3517,0
25190,11,16,0,28,1,17.591961,1.807398,3280,3517,0
25200,3,17,0,21,1,17.594287,1.807772,3280,3523,0
25210,17,20,0,38,1,17.596748,1.807991,3280,3528,0
25220,16,7,0,24,1,17.601746,1.808595,3283,3535,0
25230,20,13,0,34,1,17.605167,1.808927,3283,3535,0
25240,15,12,0,28,1,17.610858,1.809492,3286,3540,0
25250,1,0,0,2,1,17.611439,1.809642,3291,3540,0
25260,10,7,0,18,1,17.606944,1.809168,3291,3540,0
25270,17,15,0,33,1,17.611326,1.809510,3293,3540,0
25280,14,17,0,32,1,17.615438,1.809913,3293,3540,0
25290,16,17,0,34,1,17.622576,1.810781,3294,3559,0
25300,16,20,0,37,1,17.628483,1.811354,3294,3564,0
25310,0,6,0,7,1,17.628209,1.811460,3294,3564,0
25320,7,4,0,12,1,17.625347,1.811073,3294,3564,0
25330,4,3,0,8,1,17.623278,1.810922,3294,3564,0
25340,13,20,0,34,1,17.626443,1.811235,3294,3573,0
25350,15,9,0,25,1,17.628365,1.811390,3294,3574,0
25360,18,2,0,21,1,17.630445,1.811761,3307,3574,0
25370,13,3,0,17,1,17.632906,1.812075,3326,3574,0
25380,11,0,0,12,1,17.632686,1.812069,3326,3574,0
25390,5,5,0,11,1,17.628130,1.811603,3326,3574,0
25400,1,3,0,5,1,17.622664,1.811058,3326,3574,0
25410,1,1,0,3,1,17.618592,1.810627,3326,3574,0
25420,9,2,0,12,1,17.612981,1.809972,3326,3574,0
25430,3,1,0,5,1,17.611008,1.809721,3326,3574,0
25440,12,1,0,14,1,17.608779,1.809435,3326,3574,0
25450,1,2,0,4,1,17.606673,1.809229,3326,3574,0
25460,8,2,0,11,1,17.604048,1.808932,3327,3574,0
25470,4,8,0,13,1,17.602982,1.808883,3327,3574,0
25480,0,0,0,1,1,17.598389,1.808479,3327,3574,0
25490,3,1,0,5,1,17.592509,1.807899,3327,3574,0
25500,3,6,0,10,1,17.590534,1.807603,3327,3574,0
25510,9,6,0,16,1,17.588193,1.807402,3327,3574,0
25520,3,12,0,16,1,17.585915,1.807083,3327,3574,0
25530,6,2,0,9,1,17.581726,1.806698,3327,3574,0
25540,14,7,0,22,1,17.578973,1.806366,3327,3574,0
25550,16,20,0,37,1,17.581181,1.806487,3327,3574,0
25560,6,4,0,11,1,17.583529,1.806716,3327,3581,0
25570,10,3,0,14,1,17.581880,1.806549,3327,3581,0
25580,6,16,0,23,1,17.580774,1.806445,3327,3581,0
25590,2,8,0,11,1,17.578316,1.806173,3327,3581,0
25600,8,3,0,12,1,17.575132,1.805833,3327,3581,0
25610,11,6,0,18,1,17.571483,1.805381,3327,3581,0
25620,0,4,0,5,1,17.568785,1.805179,3327,3581,0
25630,7,8,0,16,1,17.564518,1.804728,3327,3581,0
25640,1,0,0,2,1,17.561229,1.804465,3327,3581,0
25650,7,5,0,13,1,17.555228,1.803901,3327,3581,0
25660,12,5,0,18,1,17.554399,1.803804,3327,3581,0
25670,11,10,0,22,1,17.552814,1.803629,3327,3581,0
25680,6,8,0,15,1,17.551604,1.803629,3327,3581,0
25690,13,10,0,24,1,17.551818,1.803675,3327,3581,0
25700,19,20,0,40,1,17.558165,1.804287,3336,3592,0
25710,17,16,0,34,1,17.565815,1.805082,3342,3596,0
25720,18,16,0,35,1,17.573623,1.805901,3359,3601,0
25730,19,20,0,40,1,17.579597,1.806532,3361,3615,0
25740,16,18,0,35,1,17.587413,1.807359,3379,3630,0
25750,9,12,0,22,1,17.593179,1.807982,3382,3631,0
25760,3,11,0,15,1,17.589506,1.807643,3382,3631,0
25770,0,1,0,2,1,17.588544,1.807554,3382,3631,0
25780,0,0,0,1,1,17.585282,1.807228,3382,3631,0
25790,9,7,0,17,1,17.582215,1.806893,3382,3631,0
25800,5,5,0,11,1,17.579443,1.806640,3382,3631,0
25810,1,6,0,8,1,17.575775,1.806272,3382,3631,0
25820,6,10,0,17,1,17.573783,1.806019,3382,3631,0
25830,16,3,0,20,1,17.573313,1.805987,3382,3631,0
25840,4,15,0,20,1,17.572695,1.805919,3382,3631,0
25850,3,3,0,7,1,17.569287,1.805686,3382,3631,0
25860,1,0,0,2,1,17.563593,1.805203,3382,3631,0
25870,2,3,0,6,1,17.560297,1.804852,3382,3631,0
25880,3,3,0,7,1,17.557386,1.804562,3382,3631,0
25890,3,7,0,11,1,17.554748,1.804350,3382,3631,0
25900,2,1,0,4,1,17.549354,1.803812,3382,3631,0
25910,0,1,0,2,1,17.543739,1.803302,3382,3631,0
25920,5,13,0,19,1,17.539987,1.802875,3382,3631,0
25930,13,9,0,23,1,17.541668,1.803022,3382,3631,0
25940,12,17,0,30,1,17.546384,1.803444,3382,3639,0
25950,12,15,0,28,1,17.549854,1.803753,3382,3645,0
25960,6,2,0,9,1,17.548416,1.803657,3382,3645,0
25970,15,10,0,26,1,17.550104,1.803733,3383,3645,0
25980,15,20,0,36,1,17.555914,1.804346,3388,3648,0
25990,13,20,0,34,1,17.562009,1.804989,3391,3658,0
26000,17,9,0,27,1,17.567778,1.805613,3393,3672,0
26010,0,1,0,2,1,17.567079,1.805571,3393,3672,0
26020,8,1,0,10,1,17.562546,1.805036,3393,3672,0
26030,10,3,0,14,1,17.557626,1.804469,3393,3672,0
26040,5,2,0,8,1,17.553233,1.804019,3393,3672,0
26050,2,7,0,10,1,17.549577,1.803603,3393,3672,0
26060,2,1,0,4,1,17.545344,1.803184,3393,3672,0
26070,6,7,0,14,1,17.541071,1.802719,3393,3672,0
26080,16,16,0,33,1,17.545478,1.803146,3396,3682,0
26090,16,11,0,28,1,17.550453,1.803588,3396,3682,0
26100,17,14,0,32,1,17.555533,1.804112,3397,3682,0
26110,18,19,0,38,1,17.562567,1.804880,3403,3692,0
26120,18,16,0,35,1,17.568476,1.805518,3410,3697,0
26130,13,12,0,26,1,17.573666,1.806146,3422,3697,0
26140,14,10,0,25,1,17.575815,1.806262,3422,3697,0
26150,19,8,0,28,1,17.575982,1.806260,3422,3697,0
26160,11,10,0,22,1,17.579403,1.806671,3436,3697,0
26170,12,5,0,18,1,17.579919,1.806705,3439,3697,0
26180,10,4,0,15,1,17.577186,1.806369,3439,3697,0
26190,5,7,0,13,1,17.579725,1.806646,3439,3697,0
26200,7,15,0,23,1,17.581675,1.806849,3439,3697,0
26210,7,14,0,22,1,17.584414,1.807168,3439,3712,0
26220,14,18,0,33,1,17.586175,1.807259,3439,3712,0
26230,15,9,0,25,1,17.590566,1.807663,3443,3712,0
26240,18,14,0,33,1,17.595778,1.808194,3453,3712,0
26250,5,6,0,12,1,17.596651,1.808342,3453,3712,0
26260,4,2,0,7,1,17.592478,1.808015,3453,3712,0
26270,0,3,0,4,1,17.587617,1.807574,3453,3712,0
26280,11,6,0,18,1,17.584452,1.807272,3453,3712,0
26290,15,6,0,22,1,17.584573,1.807265,3454,3712,0
26300,13,3,0,17,1,17.584763,1.807315,3454,3712,0
26310,20,5,0,26,1,17.586122,1.807436,3460,3712,0
26320,3,3,0,7,1,17.586276,1.807581,3465,3712,0
26330,10,14,0,25,1,17.583117,1.807237,3465,3712,0
26340,19,5,0,25,1,17.586271,1.807556,3465,3715,0
26350,17,6,0,24,1,17.589702,1.807904,3472,3715,0
26360,13,16,0,30,1,17.591451,1.808008,3478,3715,0
26370,19,19,0,39,1,17.596868,1.808567,3478,3715,0
26380,6,10,0,17,1,17.598435,1.808843,3478,3716,0
26390,12,4,0,17,1,17.597964,1.808810,3478,3716,0
26400,2,3,0,6,1,17.596417,1.808682,3478,3716,0
26410,0,0,0,0,0,17.591518,1.808244,3478,3716,0
26420,0,0,0,1,1,17.585633,1.807739,3478,3716,0
26430,14,4,0,19,1,17.583747,1.807484,3480,3716,0
26440,9,1,0,11,1,17.583828,1.807564,3480,3716,0
26450,8,5,0,14,1,17.580431,1.807126,3480,3716,0
26460,0,0,0,1,1,17.575376,1.806700,3480,3716,0
26470,3,4,0,8,1,17.571248,1.806298,3480,3716,0
26480,6,1,0,8,1,17.565797,1.805796,3480,3716,0
26490,7,0,0,8,1,17.563768,1.805526,3480,3716,0
26500,8,6,0,15,1,17.559927,1.805140,3480,3716,0
26510,0,0,0,0,0,17.558117,1.804928,3480,3716,0
26520,0,5,0,6,1,17.553153,1.804462,3480,3716,0
26530,4,2,0,7,1,17.549160,1.804025,3480,3716,0
26540,1,5,0,7,1,17.544508,1.803549,3480,3716,0
26550,6,16,1,24,1,17.542963,1.803336,3480,3716,0
26560,12,14,0,27,1,17.544308,1.803448,3480,3716,0
26570,10,9,1,21,1,17.546083,1.803724,3480,3716,0
26580,12,14,0,27,1,17.548720,1.803927,3480,3716,0
26590,19,19,0,39,1,17.554823,1.804486,3485,3717,0
26600,18,10,0,29,1,17.560848,1.805184,3489,3718,0
26610,19,4,0,24,1,17.564170,1.805667,3508,3718,0
26620,0,0,0,0,0,17.560707,1.805495,3511,3718,0
26630,1,2,0,4,1,17.554465,1.805008,3511,3718,0
26640,15,4,0,20,1,17.553050,1.804822,3511,3718,0
26650,10,8,0,19,1,17.555589,1.805023,3511,3718,0
26660,5,15,0,21,1,17.554615,1.804980,3511,3718,0
26670,7,11,0,19,1,17.553591,1.804842,3511,3718,0
26680,14,9,0,24,1,17.556906,1.805094,3511,3718,0
26690,12,19,0,32,1,17.560646,1.805445,3511,3720,0
26700,5,3,0,9,1,17.562512,1.805695,3511,3727,0
26710,3,7,0,11,1,17.561134,1.805555,3511,3727,0
26720,10,10,0,21,1,17.556603,1.804959,3511,3727,0
26730,18,16,0,35,1,17.558956,1.805085,3513,3727,0
26740,12,9,0,22,1,17.564042,1.805693,3515,3727,0
26750,15,10,0,26,1,17.565988,1.805825,3515,3727,0
26760,7,12,0,20,1,17.570753,1.806268,3519,3732,0
26770,2,6,0,9,1,17.570920,1.806170,3519,3732,0
26780,4,4,0,9,1,17.566790,1.805726,3519,3732,0
26790,11,15,0,27,1,17.566217,1.805593,3519,3732,0
26800,20,20,0,41,1,17.572751,1.806218,3535,3734,0
26810,19,15,0,35,1,17.579632,1.807011,3558,3738,0
26820,19,1,0,21,1,17.583741,1.807463,3563,3738,0
26830,18,7,0,26,1,17.585395,1.807649,3569,3738,0
26840,8,9,0,18,1,17.588080,1.808003,3570,3738,0
26850,15,4,0,20,1,17.590076,1.808217,3576,3738,0
26860,10,8,0,19,1,17.588972,1.808161,3576,3738,0
26870,16,15,0,32,1,17.595288,1.808846,3584,3748,0
26880,2,1,0,4,1,17.593577,1.808797,3584,3748,0
26890,3,3,0,7,1,17.590612,1.808418,3584,3748,0
26900,0,0,0,0,0,17.586099,1.807942,3584,3748,0
26910,9,3,0,13,1,17.583107,1.807560,3584,3748,0
26920,7,14,0,22,1,17.582840,1.807514,3584,3754,0
26930,11,13,0,25,1,17.584511,1.807729,3584,3754,0
26940,2,13,0,16,1,17.586066,1.807932,3584,3754,0
26950,3,1,0,5,1,17.584265,1.807839,3584,3754,0
26960,9,14,0,24,1,17.580473,1.807485,3584,3754,0
26970,6,13,0,20,1,17.582115,1.807642,3584,3756,0
26980,1,0,0,2,1,17.579378,1.807466,3584,3756,0
26990,7,1,0,9,1,17.575222,1.806971,3584,3756,0
27000,7,1,0,9,1,17.570589,1.806524,3584,3756,0
27010,14,8,0,23,1,17.571447,1.806504,3586,3756,0
27020,19,6,0,26,1,17.571807,1.806529,3588,3756,0
27030,13,3,0,17,1,17.572431,1.806623,3592,3756,0
27040,0,0,0,0,0,17.569805,1.806396,3592,3756,0
27050,0,2,0,3,1,17.564474,1.805856,3592,3756,0
27060,0,3,0,4,1,17.558937,1.805275,3592,3756,0
27070,7,7,0,15,1,17.555157,1.804827,3592,3756,0
27080,14,13,0,28,1,17.559478,1.805163,3594,3762,0
27090,2,2,0,5,1,17.563362,1.805551,3595,3762,0
27100,1,0,0,2,1,17.558424,1.805093,3595,3762,0
27110,17,18,0,36,1,17.560392,1.805174,3599,3771,0
27120,20,13,0,34,1,17.565408,1.805671,3606,3771,0
27130,9,13,0,23,1,17.568571,1.805970,3611,3771,0
27140,8,10,0,19,1,17.565945,1.805648,3611,3771,0
27150,5,7,0,13,1,17.563888,1.805472,3611,3771,0
27160,13,19,0,33,1,17.566023,1.805625,3611,3779,0
27170,8,11,0,20,1,17.569475,1.806037,3611,3779,0
27180,9,0,0,10,1,17.568540,1.805874,3611,3779,0
27190,17,6,0,24,1,17.569671,1.805917,3612,3779,0
27200,8,11,0,20,1,17.570415,1.805962,3612,3779,0
27210,3,7,0,11,1,17.569288,1.805896,3612,3779,0
27220,9,0,0,10,1,17.565826,1.805637,3612,3779,0
27230,3,3,0,7,1,17.560715,1.805093,3612,3779,0
27240,3,0,0,4,1,17.556344,1.804598,3612,3779,0
27250,0,0,0,1,1,17.551246,1.804185,3612,3779,0
27260,3,0,0,4,1,17.547744,1.803909,3612,3779,0
27270,0,1,0,2,1,17.546349,1.803801,3612,3779,0
27280,2,3,0,6,1,17.541314,1.803319,3612,3779,0
27290,1,0,0,2,1,17.536340,1.802864,3612,3779,0
27300,9,1,0,11,1,17.532211,1.802401,3612,3779,0
27310,3,8,0,12,1,17.530242,1.802078,3612,3779,0
27320,4,8,0,13,1,17.528919,1.801876,3612,3779,0
27330,0,1,0,2,1,17.524423,1.801430,3612,3779,0
27340,2,2,0,5,1,17.518731,1.800961,3612,3779,0
27350,1,4,0,6,1,17.514124,1.800469,3612,3779,0
27360,5,4,0,10,1,17.508568,1.799887,3612,3779,0
27370,0,0,0,0,0,17.506380,1.799691,3612,3779,0
27380,3,1,0,5,1,17.501286,1.799155,3612,3779,0
27390,2,5,0,8,1,17.497754,1.798740,3612,3779,0
27400,4,5,0,10,1,17.498164,1.798696,3612,3779,0
27410,18,13,0,32,1,17.499256,1.798730,3612,3779,0
27420,11,5,0,17,1,17.500854,1.798997,3612,3779,0
27430,8,1,0,10,1,17.499576,1.798773,3612,3779,0
27440,2,3,0,6,1,17.494582,1.798322,3612,3779,0
27450,0,0,0,0,0,17.492640,1.798138,3612,3779,0
27460,0,0,0,0,0,17.487316,1.797660,3612,3779,0
27470,0,0,0,0,0,17.481868,1.797082,3612,3779,0
27480,0,0,0,0,0,17.477033,1.796721,3612,3779,0
27490,11,8,0,20,1,17.472876,1.796174,3612,3779,0
27500,11,8,0,20,1,17.472739,1.796216,3612,3779,0
27510,18,14,0,33,1,17.475213,1.796485,3612,3779,0
27520,10,2,0,13,1,17.476244,1.796553,3613,3779,0
27530,7,8,0,16,1,17.475949,1.796504,3613,3779,0
27540,15,20,0,36,1,17.479531,1.796875,3616,3779,0
27550,19,12,0,32,1,17.485060,1.797579,3627,3782,0
27560,17,17,0,35,1,17.490143,1.798029,3627,3782,0
27570,5,7,0,13,1,17.492981,1.798390,3629,3782,0
27580,1,5,0,7,1,17.488358,1.797923,3629,3782,0
27590,5,0,0,6,1,17.483423,1.797364,3629,3782,0
27600,3,9,0,13,1,17.478370,1.796766,3629,3782,0
27610,3,2,0,6,1,17.474041,1.796383,3629,3782,0
27620,8,7,0,16,1,17.472322,1.796142,3629,3782,0
27630,0,1,0,2,1,17.471847,1.796175,3629,3782,0
27640,4,8,0,13,1,17.466742,1.795652,3629,3782,0
27650,14,14,0,29,1,17.469084,1.795828,3629,3787,0
27660,8,12,0,21,1,17.473301,1.796230,3629,3787,0
27670,12,6,0,19,1,17.473858,1.796215,3629,3787,0
27680,1,13,0,15,1,17.474389,1.796305,3629,3787,0
27690,4,20,0,25,1,17.475054,1.796329,3629,3800,0
27700,3,12,0,16,1,17.474320,1.796242,3629,3804,0
27710,5,3,0,9,1,17.472672,1.796088,3629,3804,0
27720,12,9,0,22,1,17.470186,1.795847,3629,3804,0
27730,7,0,0,8,1,17.471142,1.795994,3629,3804,0
27740,2,1,0,4,1,17.467602,1.795705,3629,3804,0
27750,3,3,0,7,1,17.462779,1.795204,3629,3804,0
27760,0,1,0,2,1,17.459027,1.794787,3629,3804,0
27770,14,16,0,31,1,17.459124,1.794693,3629,3804,0
27780,17,16,0,34,1,17.462808,1.795054,3636,3804,0
27790,5,4,0,10,1,17.465541,1.795389,3637,3804,0
27800,9,3,0,13,1,17.464368,1.795257,3637,3804,0
27810,17,3,0,21,1,17.465797,1.795360,3638,3804,0
27820,10,5,0,16,1,17.466389,1.795363,3638,3804,0
27830,12,15,0,28,1,17.469212,1.795615,3638,3808,0
27840,7,20,0,28,1,17.471639,1.795860,3638,3809,0
27850,0,17,0,18,1,17.473132,1.796095,3638,3817,0
27860,6,12,0,19,1,17.471968,1.795984,3638,3817,0
27870,1,3,0,5,1,17.472916,1.796149,3638,3820,0
27880,10,4,0,15,1,17.471114,1.795866,3638,3820,0
27890,8,2,0,11,1,17.468086,1.795597,3638,3820,0
27900,13,9,0,23,1,17.469123,1.795666,3642,3820,0
27910,13,4,0,18,1,17.468966,1.795744,3642,3820,0
27920,9,3,0,13,1,17.468220,1.795656,3642,3820,0
27930,14,7,0,22,1,17.465450,1.795300,3642,3820,0
27940,0,1,0,2,1,17.464416,1.795229,3642,3820,0
27950,6,4,0,11,1,17.459513,1.794621,3642,3820,0
27960,0,0,0,1,1,17.456509,1.794301,3642,3820,0
27970,7,9,0,17,1,17.454534,1.794001,3642,3820,0
27980,15,11,0,27,1,17.456684,1.794158,3642,3821,0
27990,14,20,0,35,1,17.461730,1.794606,3647,3829,0
28000,20,19,0,40,1,17.469023,1.795430,3664,3850,0
28010,1,0,0,2,1,17.468948,1.795589,3674,3857,0
28020,0,1,0,2,1,17.463854,1.795127,3674,3857,0
28030,16,3,0,20,1,17.460242,1.794738,3674,3857,0
28040,13,4,0,18,1,17.461473,1.794807,3675,3857,0
28050,9,2,0,12,1,17.462997,1.795011,3677,3857,0
28060,7,8,0,16,1,17.461156,1.794699,3677,3857,0
28070,2,10,0,13,1,17.459245,1.794459,3677,3857,0
28080,7,4,0,12,1,17.456557,1.794158,3677,3857,0
28090,0,1,0,2,1,17.451765,1.793694,3677,3857,0
28100,1,8,1,11,1,17.447456,1.793141,3677,3857,0
28110,3,1,1,6,1,17.443353,1.792722,3677,3857,0
28120,17,5,0,23,1,17.442837,1.792651,3677,3857,0
28130,3,12,0,16,1,17.442919,1.792681,3677,3857,0
28140,13,19,0,33,1,17.445382,1.792897,3677,3857,0
28150,20,13,0,34,1,17.450620,1.793450,3679,3859,0
28160,14,0,0,15,1,17.453430,1.793872,3693,3859,0
28170,1,1,0,3,1,17.452795,1.793763,3693,3859,0
28180,0,8,0,9,1,17.448172,1.793224,3693,3859,0
28190,0,0,0,1,1,17.444781,1.792832,3693,3859,0
28200,13,10,0,24,1,17.441481,1.792279,3693,3859,0
28210,17,20,0,38,1,17.446375,1.792712,3695,3862,0
28220,7,18,0,26,1,17.450657,1.793154,3695,3862,0
28230,4,7,0,12,1,17.451266,1.793291,3695,3867,0
28240,1,6,0,8,1,17.449759,1.793164,3695,3867,0
28250,7,13,0,21,1,17.448563,1.792900,3695,3867,0
28260,15,13,0,29,1,17.453422,1.793427,3698,3873,0
28270,14,17,0,32,1,17.458924,1.794079,3711,3878,0
28280,11,13,0,25,1,17.463852,1.794633,3714,3883,0
28290,18,12,0,31,1,17.467264,1.794986,3721,3883,0
28300,20,17,0,38,1,17.471904,1.795465,3724,3883,0
28310,16,17,0,34,1,17.477920,1.796137,3731,3886,0
28320,10,9,0,20,1,17.483857,1.796782,3737,3897,0
28330,9,12,0,22,1,17.485672,1.796945,3737,3897,0
28340,3,2,0,6,1,17.487471,1.797177,3737,3903,0
28350,7,4,0,12,1,17.484807,1.796931,3737,3903,0
28360,5,0,0,6,1,17.480417,1.796476,3737,3903,0
28370,3,5,0,9,1,17.476358,1.796028,3737,3903,0
28380,0,0,0,1,1,17.473638,1.795796,3737,3903,0
28390,0,0,0,1,1,17.470258,1.795327,3737,3903,0
28400,1,0,0,2,1,17.465646,1.794940,3737,3903,0
28410,0,0,0,0,0,17.461390,1.794465,3737,3903,0
28420,10,17,0,28,1,17.459405,1.794127,3737,3903,0
28430,16,19,0,36,1,17.464569,1.794666,3737,3920,0
28440,13,9,0,23,1,17.467805,1.795014,3737,3920,0
28450,18,17,0,36,1,17.471440,1.795311,3744,3920,0
28460,2,0,0,3,1,17.473987,1.795679,3744,3920,0
28470,4,5,0,10,1,17.470327,1.795214,3744,3920,0
28480,20,12,0,33,1,17.471256,1.795234,3749,3920,0
28490,18,11,0,30,1,17.476448,1.795795,3754,3920,0
28500,4,16,0,21,1,17.479353,1.796161,3754,3920,0
28510,5,11,0,17,1,17.479545,1.796195,3754,3924,0
28520,1,2,0,4,1,17.477681,1.796038,3754,3927,0
28530,0,6,0,7,1,17.474643,1.795709,3754,3927,0
28540,4,4,0,9,1,17.469654,1.795146,3754,3927,0
28550,0,17,0,18,1,17.469694,1.795159,3754,3927,0
28560,13,20,0,34,1,17.472427,1.795371,3754,3928,0
28570,16,8,0,25,1,17.475521,1.795775,3754,3935,0
28580,8,3,0,12,1,17.475286,1.795778,3754,3935,0
28590,0,11,0,12,1,17.475097,1.795729,3754,3935,0
28600,3,18,0,22,1,17.475765,1.795728,3754,3937,0
28610,7,19,0,27,1,17.477298,1.795817,3754,3938,0
28620,5,12,0,18,1,17.479533,1.796049,3754,3943,0
28630,6,0,1,8,1,17.479022,1.795960,3754,3943,0
28640,1,6,0,8,1,17.474714,1.795532,3754,3943,0
28650,3,3,0,7,1,17.473213,1.795361,3754,3943,0
28660,10,13,0,24,1,17.469423,1.794960,3754,3943,0
28670,19,4,0,24,1,17.471160,1.795109,3754,3943,0
28680,9,6,0,16,1,17.472719,1.795284,3756,3943,0
28690,11,17,0,29,1,17.474493,1.795462,3756,3943,0
28700,15,11,0,27,1,17.479318,1.795966,3756,3955,0
28710,16,10,0,27,1,17.482682,1.796275,3764,3955,0
28720,20,16,0,37,1,17.487902,1.796833,3766,3955,0
28730,17,20,0,38,1,17.494485,1.797544,3773,3963,0
28740,12,20,0,33,1,17.500867,1.798240,3773,3969,0
28750,16,15,0,32,1,17.506346,1.798850,3777,3974,0
28760,0,16,0,17,1,17.509646,1.799288,3777,3977,0
28770,3,15,0,19,1,17.510535,1.799285,3777,3977,0
28780,9,5,0,15,1,17.512390,1.799497,3777,3978,0
28790,0,0,0,1,1,17.508320,1.799164,3777,3978,0
28800,0,0,0,1,1,17.504073,1.798800,3777,3978,0
28810,10,16,0,27,1,17.501981,1.798427,3777,3978,0
28820,5,15,0,21,1,17.504847,1.798884,3777,3987,0
28830,1,4,0,6,1,17.508043,1.799208,3777,3990,0
28840,0,4,0,5,1,17.505217,1.798874,3777,3990,0
28850,10,11,0,22,1,17.501444,1.798508,3777,3990,0
28860,14,13,0,28,1,17.502453,1.798626,3777,3990,0
28870,20,5,0,26,1,17.505021,1.798918,3781,3990,0
28880,20,16,0,37,1,17.510187,1.799527,3810,3990,0
28890,7,14,0,22,1,17.513881,1.799992,3814,3990,0
28900,18,18,0,37,1,17.516111,1.800044,3815,3990,0
28910,0,7,0,8,1,17.519861,1.800463,3826,3990,0
28920,5,5,0,11,1,17.517401,1.800219,3826,3990,0
28930,8,8,0,17,1,17.518260,1.800207,3826,3990,0
28940,9,17,0,27,1,17.521754,1.800517,3826,3994,0
28950,9,8,0,18,1,17.521759,1.800558,3826,3994,0
28960,10,19,0,30,1,17.523231,1.800711,3826,3994,0
28970,16,19,0,36,1,17.527560,1.801177,3826,4002,0
28980,12,18,0,31,1,17.533495,1.801853,3831,4016,0
28990,0,18,0,19,1,17.536132,1.802170,3831,4022,0
29000,5,11,0,17,1,17.535583,1.802046,3831,4022,0
29010,20,20,0,41,1,17.540207,1.802421,3837,4028,0
29020,18,6,0,25,1,17.544351,1.802912,3839,4031,0
29030,5,1,0,7,1,17.544549,1.802992,3842,4031,0
29040,13,3,0,17,1,17.542098,1.802774,3842,4031,0
29050,7,7,0,15,1,17.541467,1.802705,3842,4031,0
29060,6,8,0,15,1,17.541053,1.802677,3842,4031,0
29070,0,0,0,0,0,17.538099,1.802452,3842,4031,0
29080,4,12,0,17,1,17.535413,1.802076,3842,4031,0
29090,2,3,0,6,1,17.533800,1.801931,3842,4031,0
29100,10,11,0,22,1,17.531778,1.801719,3842,4031,0
29110,10,19,0,30,1,17.533263,1.801823,3842,4031,0
29120,5,16,0,22,1,17.535616,1.802111,3842,4032,0
29130,1,3,0,5,1,17.534706,1.802070,3842,4032,0
29140,0,0,0,1,1,17.530083,1.801730,3842,4032,0
29150,1,3,0,5,1,17.525524,1.801232,3842,4032,0
29160,1,0,0,2,1,17.521278,1.800797,3842,4032,0
29170,2,4,0,7,1,17.516498,1.800340,3842,4032,0
29180,11,5,0,17,1,17.514808,1.800149,3842,4032,0
29190,7,6,0,14,1,17.512086,1.799839,3842,4032,0
29200,17,18,0,36,1,17.515567,1.800174,3844,4051,0
29210,5,18,0,24,1,17.519232,1.800565,3844,4055,0
29220,13,15,0,29,1,17.521953,1.800809,3844,4058,0
29230,9,6,0,16,1,17.522103,1.800876,3844,4058,0
29240,12,15,0,28,1,17.521119,1.800733,3844,4058,0
29250,19,14,0,34,1,17.524179,1.801024,3852,4058,0
29260,15,17,0,33,1,17.529069,1.801503,3858,4059,0
29270,13,14,0,28,1,17.533603,1.801952,3858,4069,0
29280,20,18,0,39,1,17.538890,1.802478,3858,4079,0
29290,8,8,0,17,1,17.544407,1.803148,3864,4087,0
29300,4,6,0,11,1,17.540577,1.802769,3864,4087,0
29310,1,8,0,10,1,17.540365,1.802737,3864,4087,0
29320,1,1,0,3,1,17.535909,1.802363,3864,4087,0
29330,7,19,0,27,1,17.535900,1.802231,3864,4091,0
29340,8,14,0,23,1,17.539358,1.802633,3864,4101,0
29350,14,8,0,23,1,17.543069,1.803073,3864,4105,0
29360,17,19,0,37,1,17.547129,1.803536,3868,4106,0
29370,17,20,0,38,1,17.553127,1.804161,3869,4115,0
29380,1,6,0,8,1,17.557269,1.804639,3872,4122,0
29390,0,1,0,2,1,17.553715,1.804294,3872,4122,0
29400,8,17,0,26,1,17.556055,1.804505,3872,4124,0
29410,17,17,0,35,1,17.560754,1.804971,3878,4128,0
29420,13,6,0,20,1,17.562374,1.805139,3878,4131,0
29430,20,20,0,41,1,17.565411,1.805308,3881,4136,0
29440,10,5,0,16,1,17.569653,1.805822,3881,4140,0
29450,0,0,0,0,0,17.568354,1.805772,3881,4140,0
29460,3,8,0,12,1,17.564243,1.805395,3881,4140,0
29470,1,1,0,3,1,17.560475,1.804979,3881,4140,0
29480,2,4,0,7,1,17.555470,1.804453,3881,4140,0
29490,1,9,0,11,1,17.552408,1.804071,3881,4140,0
29500,0,0,0,1,1,17.550242,1.803876,3881,4140,0
29510,1,2,0,4,1,17.545573,1.803473,3881,4140,0
29520,2,1,0,4,1,17.541505,1.803050,3881,4140,0
29530,8,4,0,13,1,17.537642,1.802617,3881,4140,0
29540,4,13,0,18,1,17.536465,1.802385,3881,4140,0
29550,2,19,0,22,1,17.538044,1.802568,3881,4142,0
29560,6,20,0,27,1,17.539456,1.802778,3881,4146,0
29570,18,19,0,38,1,17.543119,1.802975,3883,4148,0
29580,18,12,0,31,1,17.549097,1.803603,3892,4153,0
29590,18,17,0,36,1,17.554882,1.804237,3897,4157,0
29600,18,18,0,37,1,17.561866,1.805070,3901,4171,0
29610,3,2,0,6,1,17.563423,1.805188,3901,4171,0
29620,8,8,0,17,1,17.561409,1.804895,3901,4171,0
29630,1,1,0,3,1,17.558934,1.804736,3901,4171,0
29640,0,0,0,1,1,17.554823,1.804403,3901,4171,0
29650,1,0,0,2,1,17.549780,1.803943,3901,4171,0
29660,6,15,0,22,1,17.546637,1.803534,3901,4171,0
29670,4,10,0,15,1,17.549136,1.803824,3901,4178,0
29680,3,9,0,13,1,17.549623,1.803826,3901,4178,0
29690,16,15,0,32,1,17.551888,1.803892,3901,4178,0
29700,15,16,0,32,1,17.557738,1.804514,3908,4180,0
29710,19,18,0,38,1,17.562608,1.805016,3911,4181,0
29720,12,17,0,30,1,17.568312,1.805542,3912,4192,0
29730,18,12,0,31,1,17.573120,1.806038,3915,4204,0
29740,15,10,0,26,1,17.579166,1.806730,3933,4217,0
29750,10,12,0,23,1,17.580102,1.806784,3933,4217,0
29760,20,4,0,25,1,17.583732,1.807147,3948,4217,0
29770,17,8,0,26,1,17.584505,1.807116,3948,4217,0
29780,16,6,0,23,1,17.587401,1.807421,3955,4217,0
29790,14,14,0,29,1,17.589867,1.807614,3957,4217,0
29800,12,1,0,14,1,17.591578,1.807892,3957,4217,0
29810,5,13,0,19,1,17.588306,1.807502,3957,4217,0
29820,13,7,0,21,1,17.588133,1.807486,3957,4217,0
29830,1,5,0,7,1,17.587853,1.807471,3957,4217,0
29840,2,7,0,10,1,17.583330,1.807058,3957,4217,0
29850,4,6,0,11,1,17.579092,1.806550,3957,4217,0
29860,0,0,0,0,0,17.575874,1.806240,3957,4217,0
29870,0,0,0,1,1,17.570862,1.805807,3957,4217,0
29880,10,8,0,19,1,17.567768,1.805435,3957,4217,0
29890,0,1,0,2,1,17.565718,1.805276,3957,4217,0
29900,1,0,0,2,1,17.560391,1.804731,3957,4217,0
29910,10,12,0,23,1,17.558828,1.804528,3957,4217,0
29920,5,6,0,12,1,17.557766,1.804483,3957,4217,0
29930,3,14,0,18,1,17.556746,1.804349,3957,4217,0
29940,0,1,0,2,1,17.552858,1.804100,3957,4217,0
29950,0,0,0,0,0,17.548389,1.803711,3957,4217,0
29960,3,0,0,4,1,17.543868,1.803285,3957,4217,0
29970,2,1,0,4,1,17.538754,1.802792,3957,4217,0
29980,1,4,0,6,1,17.534718,1.802367,3957,4217,0
29990,8,2,0,11,1,17.530183,1.801871,3957,4217,0
30000,8,11,0,20,1,17.530328,1.801808,3957,4217,0
30010,5,5,0,11,1,17.529591,1.801728,3957,4217,0
30020,20,7,0,28,1,17.528620,1.801562,3961,4217,0
30030,2,5,0,8,1,17.529373,1.801684,3973,4217,0
30040,7,16,0,24,1,17.530580,1.801761,3973,4220,0
30050,17,17,0,35,1,17.534958,1.802176,3976,4220,0
30060,19,17,0,37,1,17.540654,1.802726,3977,4227,0
30070,18,18,0,37,1,17.546817,1.803373,3984,4230,0
30080,13,19,0,33,1,17.551529,1.804014,3984,4233,0
30090,1,17,0,19,1,17.553924,1.804317,3984,4244,0
30100,8,17,0,26,1,17.555639,1.804427,3984,4246,0
30110,19,18,0,38,1,17.561219,1.804953,3989,4252,0
30120,14,18,0,33,1,17.567446,1.805700,3994,4260,0
30130,16,18,0,35,1,17.573219,1.806252,4000,4265,0
30140,2,1,0,4,1,17.572421,1.806221,4000,4265,0
30150,6,12,0,19,1,17.570812,1.805971,4000,4265,0
30160,1,5,0,7,1,17.571103,1.806040,4000,4265,0
30170,16,16,0,33,1,17.569787,1.805845,4000,4265,0
30180,7,14,0,22,1,17.572932,1.806115,4000,4265,0
30190,0,11,0,12,1,17.570946,1.805943,4000,4265,0
30200,18,8,0,27,1,17.569794,1.805857,4000,4265,0
30210,9,14,0,24,1,17.573906,1.806245,4002,4265,0
30220,13,13,0,27,1,17.577178,1.806583,4002,4265,0
30230,6,17,0,24,1,17.579631,1.806861,4002,4266,0
30240,16,12,0,29,1,17.584554,1.807326,4002,4273,0
30250,5,9,0,15,1,17.586355,1.807599,4015,4273,0
30260,17,13,0,31,1,17.588158,1.807731,4015,4273,0
30270,6,12,0,19,1,17.591491,1.808130,4015,4278,0
30280,4,13,0,18,1,17.592608,1.808235,4015,4279,0
30290,8,17,0,26,1,17.594068,1.808436,4015,4280,0
30300,12,17,0,30,1,17.598133,1.808831,4019,4284,0
30310,0,8,0,9,1,17.597742,1.808842,4019,4284,0
30320,14,16,0,31,1,17.598024,1.808768,4019,4285,0
30330,15,16,0,32,1,17.603181,1.809257,4022,4290,0
30340,8,19,0,28,1,17.606552,1.809611,4022,4293,0
30350,12,18,0,31,1,17.611948,1.810162,4023,4303,0
30360,13,9,0,23,1,17.614078,1.810395,4023,4303,0
30370,16,9,0,26,1,17.615139,1.810371,4023,4303,0
30380,8,9,0,18,1,17.617119,1.810600,4031,4303,0
30390,18,20,0,39,1,17.620289,1.810867,4043,4308,0
30400,19,16,0,36,1,17.626044,1.811509,4051,4317,0
30410,11,14,0,26,1,17.631517,1.812055,4058,4320,0
30420,14,13,0,28,1,17.635212,1.812437,4058,4321,0
30430,17,16,0,34,1,17.639767,1.812894,4060,4326,0
30440,14,14,0,29,1,17.643763,1.813246,4060,4326,0
30450,9,15,0,25,1,17.644255,1.813249,4060,4326,0
30460,1,19,0,21,1,17.646561,1.813555,4060,4328,0
30470,15,18,0,34,1,17.650550,1.813931,4060,4338,0
30480,3,13,0,17,1,17.653439,1.814235,4060,4338,0
30490,12,12,0,25,1,17.653004,1.814131,4060,4338,0
30500,7,19,0,27,1,17.655854,1.814396,4060,4341,0
30510,7,4,0,12,1,17.654522,1.814285,4060,4343,0
30520,0,1,0,2,1,17.651555,1.814013,4060,4343,0
30530,13,19,0,33,1,17.654510,1.814165,4060,4348,0
30540,6,11,0,18,1,17.657316,1.814480,4060,4350,0
30550,4,18,0,23,1,17.659279,1.814592,4060,4358,0
30560,7,18,0,26,1,17.661211,1.814756,4060,4364,0
30570,8,18,0,27,1,17.663987,1.815098,4060,4378,0
30580,5,11,0,17,1,17.664744,1.815221,4060,4378,0
30590,10,18,0,29,1,17.667388,1.815482,4060,4382,0
30600,0,0,0,0,0,17.665856,1.815345,4060,4383,0
30610,1,2,0,4,1,17.661306,1.814849,4060,4383,0
30620,0,0,0,1,1,17.656551,1.814484,4060,4383,0
30630,6,6,0,13,1,17.655896,1.814278,4060,4383,0
30640,20,12,0,33,1,17.659674,1.814602,4060,4383,0
30650,15,4,0,20,1,17.663531,1.815061,4073,4383,0
30660,11,9,0,21,1,17.663977,1.815011,4076,4383,0
30670,8,4,0,13,1,17.662557,1.814904,4076,4383,0
30680,5,2,0,8,1,17.659507,1.814653,4076,4383,0
30690,9,7,0,17,1,17.655505,1.814225,4076,4383,0
30700,9,8,0,18,1,17.653412,1.814012,4076,4383,0
30710,5,5,0,11,1,17.651143,1.813745,4076,4383,0
30720,15,8,0,24,1,17.650140,1.813595,4076,4383,0
30730,15,6,0,22,1,17.652732,1.813809,4093,4383,0
30740,9,0,0,10,1,17.653900,1.814009,4105,4383,0
30750,7,1,0,9,1,17.652652,1.813883,4105,4383,0
30760,7,3,0,11,1,17.651049,1.813690,4105,4383,0
30770,10,2,0,13,1,17.649257,1.813526,4105,4383,0
30780,6,1,0,8,1,17.647977,1.813390,4105,4383,0
30790,1,0,0,2,1,17.643132,1.813003,4105,4383,0
30800,3,1,0,5,1,17.638634,1.812507,4105,4383,0
30810,13,10,0,24,1,17.639234,1.812528,4107,4383,0
30820,19,18,0,38,1,17.643422,1.812894,4112,4384,0
30830,20,19,0,40,1,17.648793,1.813430,4120,4390,0
30840,15,0,0,16,1,17.651167,1.813766,4129,4392,0
30850,4,8,0,13,1,17.648573,1.813514,4129,4392,0
30860,7,5,0,13,1,17.644314,1.813138,4129,4392,0
30870,16,19,0,36,1,17.648996,1.813567,4132,4399,0
30880,11,19,0,31,1,17.652650,1.813962,4132,4406,0
30890,19,19,0,39,1,17.658646,1.814599,4137,4421,0
30900,14,10,0,25,1,17.662680,1.815027,4139,4424,0
30910,4,2,0,7,1,17.664819,1.815213,4149,4424,0
30920,1,3,0,5,1,17.661420,1.814835,4149,4424,0
30930,5,8,1,15,1,17.657682,1.814453,4149,4424,0
30940,0,1,0,2,1,17.653979,1.814134,4149,4424,0
30950,6,4,0,11,1,17.649969,1.813784,4149,4424,0
30960,0,0,0,1,1,17.646176,1.813391,4149,4424,0
30970,9,14,0,24,1,17.646704,1.813338,4149,4429,0
30980,2,8,0,11,1,17.644923,1.813133,4149,4429,0
30990,1,1,0,3,1,17.641356,1.812799,4149,4429,0
31000,0,0,0,0,0,17.636327,1.812344,4149,4429,0
31010,3,3,0,7,1,17.632193,1.811921,4149,4429,0
31020,15,18,0,34,1,17.631462,1.811704,4149,4429,0
31030,14,14,0,29,1,17.636145,1.812241,4149,4432,0
31040,7,8,0,16,1,17.640336,1.812661,4149,4442,0
31050,2,10,0,13,1,17.638670,1.812516,4149,4442,0
31060,1,0,0,2,1,17.636148,1.812235,4149,4442,0
31070,15,18,0,34,1,17.634996,1.812016,4149,4442,0
31080,20,14,0,35,1,17.638880,1.812375,4152,4442,0
31090,18,20,0,39,1,17.643832,1.812916,4160,4442,0
31100,19,20,0,40,1,17.650192,1.813608,4171,4447,0
31110,17,18,0,36,1,17.656643,1.814332,4183,4461,0
31120,20,18,0,39,1,17.661431,1.814820,4187,4466,0
31130,14,16,0,31,1,17.667496,1.815439,4193,4489,0
31140,16,17,0,34,1,17.672800,1.816016,4199,4491,0
31150,1,17,0,19,1,17.674273,1.816187,4199,4491,0
31160,12,19,0,32,1,17.676909,1.816394,4199,4496,0
31170,11,9,0,21,1,17.680867,1.816875,4199,4504,0
31180,17,16,0,34,1,17.685562,1.817311,4209,4512,0
31190,13,20,1,35,1,17.690508,1.817815,4218,4518,0
31200,4,9,0,14,1,17.691886,1.818001,4218,4523,0
31210,1,2,0,4,1,17.690109,1.817796,4218,4523,0
31220,1,1,0,3,1,17.686129,1.817365,4218,4523,0
31230,2,3,0,6,1,17.681643,1.816942,4218,4523,0
31240,11,11,0,23,1,17.678557,1.816579,4218,4523,0
31250,18,19,0,38,1,17.683567,1.817102,4225,4523,0
31260,20,14,0,35,1,17.689267,1.817773,4248,4530,0
31270,5,15,0,21,1,17.690739,1.817896,4248,4530,0
31280,20,18,0,39,1,17.695732,1.818309,4261,4540,0
31290,20,12,0,33,1,17.701194,1.818897,4276,4543,0
31300,16,16,0,33,1,17.705603,1.819298,4289,4544,0
31310,9,10,0,20,1,17.709490,1.819705,4289,4549,0
31320,15,18,0,34,1,17.713815,1.820217,4304,4555,0
31330,2,15,0,18,1,17.715983,1.820436,4307,4556,0
31340,1,3,0,5,1,17.713520,1.820143,4307,4556,0
31350,4,10,0,15,1,17.710735,1.819817,4307,4556,0
31360,16,17,0,34,1,17.712478,1.819944,4307,4558,0
31370,13,5,0,19,1,17.715567,1.820204,4307,4558,0
31380,13,5,0,19,1,17.713975,1.819953,4307,4558,0
31390,20,11,0,32,1,17.714292,1.819922,4311,4558,0
31400,13,12,0,26,1,17.718176,1.820341,4325,4560,0
31410,12,13,0,26,1,17.721266,1.820636,4325,4560,0
31420,5,7,0,13,1,17.718698,1.820446,4325,4560,0
31430,8,18,0,27,1,17.719547,1.820535,4325,4562,0
31440,0,5,0,6,1,17.720624,1.820689,4325,4564,0
31450,0,0,0,1,1,17.717159,1.820312,4325,4564,0
31460,11,10,0,22,1,17.714642,1.819984,4325,4564,0
31470,12,14,0,27,1,17.716202,1.820092,4325,4564,0
31480,18,13,0,32,1,17.721669,1.820638,4325,4572,0
31490,12,10,0,23,1,17.725006,1.820995,4334,4572,0
31500,11,2,0,14,1,17.727758,1.821268,4336,4572,0
31510,5,8,0,14,1,17.726595,1.821109,4336,4572,0
31520,0,1,0,2,1,17.724080,1.820823,4336,4572,0
31530,13,6,0,20,1,17.720874,1.820454,4336,4572,0
31540,16,11,0,28,1,17.723817,1.820711,4343,4572,0
31550,8,5,0,14,1,17.725649,1.820972,4343,4572,0
31560,5,11,0,17,1,17.724036,1.820773,4343,4572,0
31570,4,11,0,16,1,17.723608,1.820684,4343,4572,0
31580,12,16,0,29,1,17.722513,1.820490,4343,4572,0
31590,8,18,0,27,1,17.726007,1.820822,4343,4574,0
31600,5,13,0,19,1,17.726465,1.820918,4343,4574,0
31610,2,3,0,6,1,17.723216,1.820569,4343,4574,0
31620,8,20,0,29,1,17.723007,1.820431,4343,4575,0
31630,8,19,0,28,1,17.724174,1.820630,4343,4576,0
31640,4,19,0,24,1,17.727375,1.821002,4343,4583,0
31650,1,18,0,20,1,17.728392,1.821126,4343,4588,0
31660,14,17,0,32,1,17.730974,1.821317,4343,4590,0
31670,2,10,0,13,1,17.733772,1.821660,4343,4590,0
31680,5,12,0,18,1,17.733684,1.821688,4343,4590,0
31690,6,19,0,26,1,17.735277,1.821854,4343,4596,0
31700,2,15,0,18,1,17.736211,1.822005,4343,4606,0
31710,10,4,0,15,1,17.736311,1.822005,4343,4607,0
31720,13,6,0,20,1,17.733768,1.821717,4343,4607,0
31730,7,5,0,13,1,17.730392,1.821390,4343,4607,0
31740,11,17,0,29,1,17.731597,1.821480,4343,4607,0
31750,9,8,0,18,1,17.733293,1.821686,4343,4607,0
31760,4,8,0,13,1,17.730214,1.821389,4343,4607,0
31770,0,2,1,4,1,17.726127,1.821048,4343,4607,0
31780,12,1,0,14,1,17.723473,1.820712,4343,4607,0
31790,10,7,0,18,1,17.723080,1.820580,4343,4607,0
31800,5,4,0,10,1,17.722158,1.820464,4343,4607,0
31810,10,7,0,18,1,17.723563,1.820510,4343,4607,0
31820,0,7,0,8,1,17.724801,1.820639,4343,4607,0
31830,19,11,0,31,1,17.724186,1.820420,4346,4607,0
31840,19,18,0,38,1,17.728703,1.820857,4346,4610,0
31850,14,12,1,28,1,17.733726,1.821416,4354,4617,0
31860,20,19,0,40,1,17.737721,1.821775,4357,4623,0
31870,10,17,0,28,1,17.742877,1.822354,4361,4623,0
31880,14,20,0,35,1,17.748314,1.823020,4368,4625,0
31890,13,16,0,30,1,17.753053,1.823462,4369,4629,0
31900,13,17,0,31,1,17.757408,1.823911,4369,4640,0
31910,17,12,0,30,1,17.761687,1.824371,4376,4640,0
31920,13,13,0,27,1,17.764107,1.824633,4383,4640,0
31930,12,11,0,24,1,17.768744,1.825070,4389,4645,0
31940,12,13,0,26,1,17.770174,1.825231,4389,4645,0
31950,12,9,0,22,1,17.772516,1.825427,4390,4645,0
31960,5,11,0,17,1,17.773201,1.825511,4390,4645,0
31970,16,5,0,22,1,17.773082,1.825437,4390,4645,0
31980,19,14,0,34,1,17.775276,1.825670,4406,4645,0
31990,14,16,0,31,1,17.780394,1.826221,4414,4645,0
32000,3,2,0,6,1,17.781370,1.826411,4414,4645,0
32010,10,13,0,24,1,17.780049,1.826231,4414,4645,0
32020,8,16,0,25,1,17.781794,1.826424,4414,4646,0
32030,6,17,0,24,1,17.784168,1.826711,4414,4647,0
32040,2,6,0,9,1,17.781785,1.826468,4414,4647,0
32050,3,0,0,4,1,17.778446,1.826110,4414,4647,0
32060,0,2,0,3,1,17.773680,1.825634,4414,4647,0
32070,12,6,0,19,1,17.772166,1.825428,4414,4647,0
32080,4,6,0,11,1,17.770344,1.825255,4414,4647,0
32090,3,4,0,8,1,17.767666,1.825017,4414,4647,0
32100,9,3,0,13,1,17.764919,1.824672,4414,4647,0
32110,1,1,0,3,1,17.762883,1.824570,4414,4647,0
32120,0,0,0,1,1,17.758219,1.824198,4414,4647,0
32130,2,13,0,16,1,17.754062,1.823873,4414,4647,0
32140,5,2,0,8,1,17.752481,1.823683,4414,4647,0
32150,7,10,0,18,1,17.752279,1.823559,4414,4647,0
32160,11,20,0,32,1,17.754975,1.823803,4414,4654,0
32170,19,19,0,39,1,17.760284,1.824380,4416,4658,0
32180,15,19,0,35,1,17.765263,1.824847,4422,4663,0
32190,13,18,0,32,1,17.770889,1.825508,4430,4675,0
32200,5,15,0,21,1,17.774054,1.825870,4430,4683,0
32210,14,6,0,21,1,17.777123,1.826188,4430,4683,0
32220,11,2,0,14,1,17.776634,1.826139,4437,4683,0
32230,13,0,0,14,1,17.776917,1.826042,4438,4683,0
32240,2,2,0,5,1,17.775506,1.825905,4438,4683,0
32250,4,4,0,9,1,17.771459,1.825457,4438,4683,0
32260,7,10,0,18,1,17.769838,1.825292,4438,4683,0
32270,2,15,0,18,1,17.771111,1.825466,4438,4689,0
32280,4,0,0,5,1,17.768272,1.825229,4438,4689,0
32290,4,9,0,14,1,17.764484,1.824818,4438,4689,0
32300,20,20,0,41,1,17.766895,1.825004,4441,4689,0
32310,14,15,0,30,1,17.771860,1.825522,4446,4692,0
32320,7,1,0,9,1,17.770200,1.825330,4446,4692,0
32330,6,7,0,14,1,17.767516,1.825074,4446,4692,0
32340,1,0,0,2,1,17.766226,1.824915,4446,4692,0
32350,2,14,0,17,1,17.762708,1.824509,4446,4692,0
32360,6,4,0,11,1,17.761579,1.824401,4446,4692,0
32370,11,20,0,32,1,17.761917,1.824380,4446,4692,0
32380,17,20,0,38,1,17.766215,1.824910,4446,4704,0
32390,13,16,0,30,1,17.770681,1.825388,4449,4705,0
32400,13,7,0,21,1,17.774720,1.825851,4451,4707,0
32410,11,2,0,14,1,17.773623,1.825747,4451,4707,0
32420,3,9,0,13,1,17.770949,1.825422,4451,4707,0
32430,4,8,0,13,1,17.767122,1.824967,4451,4707,0
32440,5,17,0,23,1,17.766629,1.824832,4451,4709,0
32450,0,0,0,1,1,17.765906,1.824841,4451,4709,0
32460,12,3,0,16,1,17.762264,1.824457,4451,4709,0
32470,0,5,0,6,1,17.761523,1.824371,4451,4709,0
32480,0,0,0,0,0,17.757001,1.823967,4451,4709,0
32490,1,5,0,7,1,17.753260,1.823567,4451,4709,0
32500,4,2,0,7,1,17.749149,1.823130,4451,4709,0
32510,18,12,0,31,1,17.752566,1.823356,4465,4710,0
32520,19,12,0,32,1,17.756766,1.823807,4478,4710,0
32530,11,11,0,23,1,17.761304,1.824396,4489,4718,0
32540,12,11,0,24,1,17.764429,1.824673,4489,4719,0
32550,15,14,0,30,1,17.767029,1.824902,4489,4719,0
32560,18,9,0,28,1,17.771479,1.825320,4502,4719,0
32570,14,0,0,15,1,17.771963,1.825441,4502,4719,0
32580,19,5,0,25,1,17.773404,1.825563,4505,4719,0
32590,0,0,0,0,0,17.772255,1.825573,4507,4719,0
32600,9,11,1,22,1,17.769334,1.825246,4507,4719,0
32610,6,16,0,23,1,17.770983,1.825372,4507,4723,0
32620,8,8,0,17,1,17.773297,1.825652,4507,4723,0
32630,17,16,0,34,1,17.776287,1.825869,4511,4723,0
32640,20,19,0,40,1,17.780797,1.826306,4511,4730,0
32650,16,11,0,28,1,17.786275,1.826945,4530,4738,0
32660,11,11,0,23,1,17.790749,1.827378,4534,4741,0
32670,6,5,0,12,1,17.791453,1.827469,4534,4741,0
32680,0,10,0,11,1,17.791914,1.827519,4534,4745,0
32690,0,8,0,9,1,17.790209,1.827369,4534,4745,0
32700,13,9,0,23,1,17.788851,1.827145,4534,4745,0
32710,18,19,0,38,1,17.791540,1.827291,4536,4746,0
32720,16,14,0,31,1,17.795889,1.827746,4539,4746,0
32730,15,20,0,36,1,17.799339,1.828039,4539,4750,0
32740,20,16,0,37,1,17.805022,1.828654,4551,4761,0
32750,7,6,0,14,1,17.808275,1.829013,4551,4761,0
32760,1,0,0,2,1,17.804366,1.828642,4551,4761,0
32770,1,0,0,2,1,17.802166,1.828378,4551,4761,0
32780,1,2,0,4,1,17.798744,1.828086,4551,4761,0
32790,17,10,0,28,1,17.797722,1.827869,4551,4761,0
32800,12,16,0,29,1,17.800885,1.828184,4552,4761,0
32810,6,13,0,20,1,17.803371,1.828487,4552,4766,0
32820,15,17,0,33,1,17.806958,1.828812,4552,4771,0
32830,0,12,0,13,1,17.809989,1.829194,4552,4775,0
32840,0,2,0,3,1,17.805995,1.828792,4552,4775,0
32850,0,0,0,0,0,17.802724,1.828435,4552,4775,0
32860,1,1,0,3,1,17.798091,1.827984,4552,4775,0
32870,5,3,0,9,1,17.794995,1.827634,4552,4775,0
32880,8,3,0,12,1,17.790923,1.827212,4552,4775,0
32890,13,14,0,28,1,17.792073,1.827275,4552,4775,0
32900,7,17,0,25,1,17.792585,1.827290,4552,4775,0
32910,11,20,0,32,1,17.794124,1.827490,4552,4788,0
32920,6,9,0,16,1,17.796132,1.827756,4552,4794,0
32930,5,19,0,25,1,17.797762,1.827919,4552,4798,0
32940,0,0,0,0,0,17.795807,1.827857,4552,4801,0
32950,13,9,0,23,1,17.793436,1.827553,4552,4801,0
32960,18,13,0,32,1,17.795347,1.827700,4552,4801,0
32970,19,16,0,36,1,17.798729,1.828021,4561,4801,0
32980,13,18,0,32,1,17.802316,1.828471,4561,4805,0
32990,13,14,0,28,1,17.806256,1.828844,4561,4809,0
33000,1,0,0,2,1,17.804556,1.828757,4561,4809,0
33010,6,3,0,10,1,17.802911,1.828613,4561,4809,0
33020,5,1,0,7,1,17.800552,1.828333,4561,4809,0
33030,15,2,0,18,1,17.799300,1.828172,4561,4809,0
33040,0,0,0,0,0,17.796992,1.827977,4561,4809,0
33050,6,2,0,9,1,17.793413,1.827623,4561,4809,0
33060,10,3,0,14,1,17.790342,1.827377,4561,4809,0
33070,0,2,0,3,1,17.786864,1.827119,4561,4809,0
33080,4,9,0,14,1,17.783596,1.826785,4561,4809,0
33090,0,4,0,5,1,17.780562,1.826566,4561,4809,0
33100,9,2,0,12,1,17.780360,1.826558,4561,4809,0
33110,19,7,0,27,1,17.782954,1.826782,4567,4809,0
33120,20,4,0,25,1,17.784344,1.826972,4578,4809,0
33130,5,4,0,10,1,17.783997,1.827006,4579,4809,0
33140,2,3,0,6,1,17.779725,1.826654,4579,4809,0
33150,5,13,0,19,1,17.776799,1.826321,4579,4809,0
33160,7,9,0,17,1,17.776945,1.826270,4579,4809,0
33170,5,20,0,26,1,17.776875,1.826180,4579,4812,0
33180,11,14,0,26,1,17.779855,1.826460,4579,4824,0
33190,17,13,0,31,1,17.783378,1.826790,4582,4824,0
33200,18,14,0,33,1,17.788661,1.827334,4588,4832,0
33210,15,9,0,25,1,17.791736,1.827647,4591,4832,0
33220,17,2,0,20,1,17.793032,1.827804,4596,4832,0
33230,9,8,0,18,1,17.792295,1.827787,4596,4832,0
33240,0,0,0,1,1,17.789420,1.827584,4596,4832,0
33250,2,0,0,3,1,17.785419,1.827248,4596,4832,0
33260,1,4,0,6,1,17.780720,1.826796,4596,4832,0
33270,0,0,0,0,0,17.777824,1.826511,4596,4832,0
33280,1,0,0,2,1,17.773706,1.826130,4596,4832,0
33290,0,2,0,3,1,17.770134,1.825736,4596,4832,0
33300,0,0,0,0,0,17.765619,1.825308,4596,4832,0
33310,1,1,0,3,1,17.761050,1.824863,4596,4832,0
33320,14,17,0,32,1,17.761843,1.824845,4596,4832,0
33330,15,20,0,36,1,17.765090,1.825231,4596,4835,0
33340,3,2,0,6,1,17.766131,1.825312,4596,4835,0
33350,6,3,0,10,1,17.763430,1.824974,4596,4835,0
33360,20,19,0,40,1,17.766506,1.825259,4601,4837,0
33370,13,9,0,23,1,17.769185,1.825586,4601,4837,0
33380,19,19,0,39,1,17.773040,1.825939,4601,4847,0
33390,7,15,0,23,1,17.775669,1.826239,4601,4853,0
33400,17,15,0,33,1,17.777968,1.826466,4601,4865,0
33410,20,19,0,40,1,17.782084,1.826891,4601,4873,0
33420,11,8,0,20,1,17.785330,1.827249,4604,4876,0
33430,4,5,0,10,1,17.784170,1.827126,4604,4876,0
33440,10,8,0,19,1,17.782525,1.826818,4604,4876,0
33450,0,0,0,1,1,17.780192,1.826620,4604,4876,0
33460,8,12,0,21,1,17.778043,1.826266,4604,4876,0
33470,4,7,0,12,1,17.777306,1.826176,4604,4876,0
33480,2,2,0,5,1,17.773321,1.825662,4604,4876,0
33490,2,1,0,4,1,17.769710,1.825287,4604,4876,0
33500,10,20,0,31,1,17.770018,1.825271,4604,4876,0
33510,1,1,0,3,1,17.768154,1.825171,4604,4878,0
33520,12,13,0,26,1,17.765744,1.824875,4604,4878,0
33530,2,14,0,17,1,17.766339,1.825038,4604,4878,0
33540,1,4,0,6,1,17.765087,1.824895,4604,4878,0
33550,14,6,0,21,1,17.764456,1.824765,4604,4878,0
33560,20,13,0,34,1,17.768161,1.825148,4608,4878,0
33570,13,6,0,20,1,17.770317,1.825388,4613,4878,0
33580,3,1,0,5,1,17.769254,1.825325,4613,4878,0
33590,13,7,0,21,1,17.767124,1.825069,4613,4878,0
33600,5,1,0,7,1,17.765549,1.824943,4613,4878,0
33610,9,1,0,11,1,17.764737,1.824839,4613,4878,0
33620,4,5,0,10,1,17.761418,1.824489,4613,4878,0
33630,8,0,0,9,1,17.757497,1.824133,4613,4878,0
33640,19,17,0,37,1,17.758057,1.824131,4619,4878,0
33650,18,6,0,25,1,17.761582,1.824540,4625,4878,0
33660,13,19,0,33,1,17.765867,1.824976,4627,4884,0
33670,7,9,0,17,1,17.766969,1.825091,4627,4886,0
33680,8,5,0,14,1,17.764310,1.824809,4627,4886,0
33690,13,17,0,31,1,17.766848,1.824983,4635,4886,0
33700,18,10,0,29,1,17.770566,1.825472,4635,4899,0
33710,19,1,0,21,1,17.772631,1.825725,4647,4899,0
33720,1,0,0,2,1,17.771648,1.825648,4649,4899,0
33730,18,18,0,37,1,17.770720,1.825499,4649,4902,0
33740,5,13,0,19,1,17.773713,1.825876,4649,4909,0
33750,9,11,0,21,1,17.775072,1.825984,4649,4909,0
33760,11,15,0,27,1,17.776723,1.826183,4649,4909,0
33770,6,9,0,16,1,17.779663,1.826543,4650,4909,0
33780,11,20,0,32,1,17.782042,1.826728,4650,4910,0
33790,12,17,0,30,1,17.785141,1.827065,4650,4926,0
33800,13,14,0,28,1,17.787897,1.827344,4650,4930,0
33810,2,10,0,13,1,17.789006,1.827477,4650,4941,0
33820,8,5,0,14,1,17.786169,1.827165,4650,4941,0
33830,8,3,0,12,1,17.785759,1.827086,4650,4941,0
33840,18,7,0,26,1,17.783528,1.826814,4650,4941,0
33850,8,2,0,11,1,17.785276,1.827090,4658,4941,0
33860,13,2,0,16,1,17.782569,1.826764,4658,4941,0
33870,1,1,0,3,1,17.781064,1.826667,4666,4941,0
33880,7,0,0,8,1,17.776502,1.826311,4666,4941,0
33890,6,13,0,20,1,17.775650,1.826230,4666,4941,0
33900,1,3,0,5,1,17.774839,1.826138,4666,4941,0
33910,1,1,0,3,1,17.771029,1.825732,4666,4941,0
33920,6,7,0,14,1,17.768497,1.825534,4666,4941,0
33930,13,7,0,21,1,17.766523,1.825289,4666,4941,0
33940,11,6,0,18,1,17.765658,1.825185,4668,4941,0
33950,1,0,0,2,1,17.762164,1.824884,4668,4941,0
33960,4,7,0,12,1,17.758073,1.824399,4668,4941,0
33970,4,0,0,5,1,17.755676,1.824110,4668,4941,0
33980,6,8,0,15,1,17.753599,1.823838,4668,4941,0
33990,12,3,0,16,1,17.752945,1.823784,4668,4941,0
34000,2,3,0,6,1,17.750678,1.823536,4668,4941,0
34010,1,1,0,3,1,17.746740,1.823095,4668,4941,0
34020,4,4,1,10,1,17.744013,1.822883,4668,4941,0
34030,19,17,0,37,1,17.747459,1.823090,4680,4941,0
34040,7,18,0,26,1,17.750593,1.823469,4682,4947,0
34050,9,9,0,19,1,17.751357,1.823572,4682,4947,0
34060,18,11,0,30,1,17.751162,1.823531,4682,4947,0
34070,5,6,0,12,1,17.753846,1.823897,4682,4947,0
34080,1,0,0,2,1,17.750377,1.823575,4682,4947,0
34090,3,9,0,13,1,17.746903,1.823209,4682,4947,0
34100,5,8,0,14,1,17.744936,1.823020,4682,4947,0
34110,8,7,0,16,1,17.744411,1.822930,4682,4947,0
34120,4,1,0,6,1,17.742502,1.822801,4682,4947,0
34130,18,18,0,37,1,17.745643,1.823016,4682,4948,0
34140,16,18,0,35,1,17.748840,1.823335,4682,4948,0
34150,17,18,0,36,1,17.751809,1.823609,4682,4954,0
34160,7,8,0,16,1,17.753675,1.823808,4682,4955,0
34170,1,3,0,5,1,17.751746,1.823640,4682,4955,0
34180,2,1,0,4,1,17.747570,1.823234,4682,4955,0
34190,5,10,0,16,1,17.743991,1.822885,4682,4955,0
34200,3,0,0,4,1,17.740834,1.822639,4682,4955,0
34210,2,1,0,4,1,17.737035,1.822273,4682,4955,0
34220,15,2,0,18,1,17.735897,1.822037,4682,4955,0
34230,18,9,0,28,1,17.738312,1.822232,4686,4955,0
34240,13,2,0,16,1,17.739805,1.822393,4686,4955,0
34250,1,2,0,4,1,17.737603,1.822169,4686,4955,0
34260,3,6,0,10,1,17.734583,1.821866,4686,4955,0
34270,6,0,0,7,1,17.731062,1.821506,4686,4955,0
34280,6,4,0,11,1,17.728686,1.821269,4686,4955,0
34290,19,7,0,27,1,17.729406,1.821318,4687,4955,0
34300,13,19,0,33,1,17.733437,1.821690,4692,4955,0
34310,10,14,0,25,1,17.736933,1.822057,4692,4961,0
34320,15,15,0,31,1,17.739601,1.822273,4692,4963,0
34330,20,17,0,38,1,17.744222,1.822706,4694,4963,0
34340,11,18,0,30,1,17.748278,1.823119,4695,4965,0
34350,4,4,0,9,1,17.747611,1.823058,4695,4969,0
34360,0,5,0,6,1,17.746292,1.822908,4695,4969,0
34370,1,5,0,7,1,17.744653,1.822708,4695,4969,0
34380,2,2,0,5,1,17.740357,1.822296,4695,4969,0
34390,1,1,0,3,1,17.736338,1.821918,4695,4969,0
34400,1,0,0,2,1,17.732226,1.821574,4695,4969,0
34410,12,7,0,20,1,17.729959,1.821316,4695,4969,0
34420,9,0,0,10,1,17.730517,1.821342,4695,4969,0
34430,6,12,0,19,1,17.728987,1.821127,4695,4969,0
34440,15,18,0,34,1,17.730989,1.821345,4695,4971,0
34450,8,9,0,18,1,17.735190,1.821850,4698,4973,0
34460,14,9,0,24,1,17.737129,1.822105,4698,4973,0
34470,3,3,0,7,1,17.736259,1.822093,4698,4973,0
34480,13,12,0,26,1,17.736118,1.822027,4698,4973,0
34490,1,1,0,3,1,17.734952,1.821968,4698,4973,0
34500,0,1,0,2,1,17.731458,1.821676,4698,4973,0
34510,2,4,0,7,1,17.728075,1.821379,4698,4973,0
34520,8,2,0,11,1,17.724792,1.821055,4698,4973,0
34530,10,11,0,22,1,17.723377,1.820868,4698,4973,0
34540,1,20,0,22,1,17.724753,1.821000,4698,4975,0
34550,10,20,0,31,1,17.727185,1.821257,4698,4986,0
34560,20,20,0,41,1,17.731894,1.821754,4710,4996,0
34570,8,12,1,22,1,17.733943,1.822004,4712,5000,0
34580,19,20,0,40,1,17.737633,1.822309,4713,5006,0
34590,17,17,0,35,1,17.743154,1.822943,4722,5018,0
34600,17,19,0,37,1,17.747825,1.823398,4725,5020,0
34610,16,18,0,35,1,17.752633,1.823937,4739,5025,0
34620,9,1,0,11,1,17.753187,1.824028,4739,5025,0
34630,1,3,0,5,1,17.750288,1.823802,4739,5025,0
34640,6,3,0,10,1,17.746908,1.823419,4739,5025,0
34650,3,3,0,7,1,17.744303,1.823169,4739,5025,0
34660,9,13,0,23,1,17.743823,1.823046,4739,5025,0
34670,20,4,0,25,1,17.745943,1.823266,4739,5025,0
34680,15,16,0,32,1,17.749942,1.823732,4756,5030,0
34690,5,18,0,24,1,17.753586,1.824103,4758,5032,0
34700,0,10,0,11,1,17.753829,1.824178,4758,5032,0
34710,9,6,0,16,1,17.751052,1.823879,4758,5032,0
34720,0,15,0,16,1,17.752571,1.824004,4758,5033,0
34730,8,15,0,24,1,17.753431,1.824094,4758,5033,0
34740,8,3,0,12,1,17.753246,1.824034,4758,5034,0
34750,10,6,0,17,1,17.752661,1.823895,4758,5034,0
34760,0,15,0,16,1,17.753616,1.824000,4758,5036,0
34770,14,13,0,28,1,17.754571,1.824046,4758,5037,0
34780,16,20,0,37,1,17.759366,1.824524,4766,5042,0
34790,7,2,0,10,1,17.762792,1.824921,4766,5049,0
34800,14,11,0,26,1,17.763585,1.824924,4766,5049,0
34810,6,8,0,15,1,17.762450,1.824852,4766,5049,0
34820,7,18,0,26,1,17.761233,1.824637,4766,5049,0
34830,12,16,0,29,1,17.763386,1.824871,4766,5049,0
34840,16,7,0,24,1,17.765005,1.825082,4766,5049,0
34850,10,6,0,17,1,17.766126,1.825188,4766,5049,0
34860,1,5,0,7,1,17.764247,1.825013,4766,5049,0
34870,5,2,0,8,1,17.762202,1.824821,4766,5049,0
34880,1,0,0,2,1,17.758787,1.824504,4766,5049,0
34890,6,1,0,8,1,17.754965,1.824156,4766,5049,0
34900,1,1,0,3,1,17.750679,1.823804,4766,5049,0
34910,3,0,0,4,1,17.748457,1.823583,4766,5049,0
34920,0,0,0,0,0,17.743818,1.823177,4766,5049,0
34930,8,5,0,14,1,17.740125,1.822762,4766,5049,0
34940,3,6,0,10,1,17.739284,1.822656,4766,5049,0
34950,0,0,0,0,0,17.735025,1.822333,4766,5049,0
34960,12,5,0,18,1,17.732660,1.822070,4766,5049,0
34970,15,6,0,22,1,17.735113,1.822329,4766,5049,0
34980,18,18,0,37,1,17.738138,1.822647,4766,5054,0
34990,13,10,0,24,1,17.741559,1.823048,4768,5054,0
35000,15,4,0,20,1,17.742225,1.823135,4771,5054,0
35010,20,16,0,37,1,17.745242,1.823398,4774,5054,0
35020,13,12,1,27,1,17.749563,1.823849,4776,5061,0
35030,15,15,0,31,1,17.752345,1.824099,4776,5066,0
35040,16,15,0,32,1,17.757377,1.824666,4784,5070,0
35050,17,16,0,34,1,17.760845,1.824992,4784,5070,0
35060,12,3,0,16,1,17.762436,1.825168,4784,5070,0
35070,14,14,0,29,1,17.763113,1.825154,4784,5070,0
35080,13,10,0,24,1,17.766669,1.825510,4789,5070,0
35090,13,16,0,30,1,17.770978,1.825901,4789,5077,0
35100,15,14,0,30,1,17.774771,1.826250,4791,5079,0
35110,17,15,0,33,1,17.779215,1.826682,4793,5087,0
35120,20,7,0,28,1,17.781483,1.826884,4798,5087,0
35130,2,1,0,4,1,17.781112,1.826907,4805,5087,0
35140,2,2,0,5,1,17.777404,1.826559,4805,5087,0
35150,1,8,0,10,1,17.774637,1.826266,4805,5087,0
35160,3,3,0,7,1,17.771340,1.825951,4805,5087,0
35170,18,11,0,30,1,17.770916,1.825839,4805,5087,0
35180,14,12,0,27,1,17.773745,1.826127,4812,5087,0
35190,0,6,0,7,1,17.773170,1.826085,4812,5087,0
35200,2,0,0,3,1,17.769626,1.825728,4812,5087,0
35210,3,2,0,6,1,17.766646,1.825424,4812,5087,0
35220,9,4,0,14,1,17.766473,1.825365,4813,5087,0
35230,13,6,0,20,1,17.764304,1.825160,4813,5087,0
35240,3,6,0,10,1,17.761550,1.824953,4813,5087,0
35250,7,4,0,12,1,17.758078,1.824668,4813,5087,0
35260,15,17,0,33,1,17.759962,1.824879,4813,5088,0
35270,13,0,0,14,1,17.761560,1.825119,4813,5088,0
35280,16,15,0,32,1,17.763891,1.825318,4819,5088,0
35290,20,3,0,24,1,17.767545,1.825706,4827,5088,0
35300,18,5,0,24,1,17.768943,1.825830,4839,5088,0
35310,14,9,0,24,1,17.770261,1.825887,4839,5088,0
35320,9,9,0,19,1,17.771821,1.826054,4839,5088,0
35330,9,9,0,19,1,17.772346,1.826153,4839,5088,0
35340,4,3,0,8,1,17.768926,1.825819,4839,5088,0
35350,3,5,0,9,1,17.765110,1.825423,4839,5088,0
35360,12,5,0,18,1,17.763256,1.825171,4839,5088,0
35370,6,6,0,13,1,17.761237,1.824875,4839,5088,0
35380,20,12,0,33,1,17.763355,1.825015,4842,5088,0
35390,18,12,1,32,1,17.766446,1.825360,4848,5088,0
35400,0,4,0,5,1,17.766296,1.825426,4855,5088,0
35410,19,15,0,35,1,17.767415,1.825479,4857,5088,0
35420,12,12,0,25,1,17.770467,1.825885,4857,5088,0
35430,4,14,0,19,1,17.769906,1.825792,4857,5088,0
35440,6,18,0,25,1,17.770891,1.825778,4857,5091,0
35450,13,14,0,28,1,17.774090,1.826172,4857,5114,0
35460,15,12,0,28,1,17.777812,1.826498,4860,5114,0
35470,8,11,0,20,1,17.778998,1.826611,4864,5114,0
35480,18,11,0,30,1,17.782071,1.826923,4864,5115,0
35490,16,19,0,36,1,17.785214,1.827227,4866,5119,0
35500,13,14,0,28,1,17.790072,1.827754,4871,5126,0
35510,17,17,0,35,1,17.792698,1.828020,4871,5127,0
35520,18,18,0,37,1,17.796637,1.828443,4871,5139,0
35530,0,10,0,11,1,17.798013,1.828660,4871,5139,0
35540,4,7,0,12,1,17.796483,1.828473,4871,5139,0
35550,0,0,0,1,1,17.792656,1.828161,4871,5139,0
35560,5,3,0,9,1,17.788948,1.827750,4871,5139,0
35570,2,4,0,7,1,17.784702,1.827394,4871,5139,0
35580,0,0,0,1,1,17.781225,1.827139,4871,5139,0
35590,0,4,0,5,1,17.778482,1.826806,4871,5139,0
35600,2,4,0,7,1,17.775129,1.826421,4871,5139,0
35610,14,11,0,26,1,17.776629,1.826593,4874,5139,0
35620,12,8,0,21,1,17.777616,1.826696,4874,5139,0
35630,14,12,0,27,1,17.781895,1.827185,4882,5145,0
35640,5,11,0,17,1,17.781358,1.827115,4882,5145,0
35650,1,4,0,6,1,17.779439,1.826988,4882,5145,0
35660,15,8,0,24,1,17.778426,1.826849,4882,5145,0
35670,10,1,0,12,1,17.781272,1.827154,4887,5145,0
35680,8,2,0,11,1,17.779159,1.826922,4887,5145,0
35690,2,3,0,6,1,17.776530,1.826680,4887,5145,0
35700,0,7,0,8,1,17.776178,1.826582,4887,5145,0
35710,15,7,0,23,1,17.777204,1.826669,4887,5145,0
35720,16,7,0,24,1,17.780246,1.826951,4893,5145,0
35730,18,16,0,35,1,17.783084,1.827213,4893,5145,0
35740,20,20,0,41,1,17.787716,1.827675,4903,5150,0
35750,14,16,0,31,1,17.792683,1.828192,4906,5159,0
35760,6,17,0,24,1,17.794547,1.828475,4906,5164,0
35770,10,11,0,22,1,17.793864,1.828433,4906,5164,0
35780,6,11,0,18,1,17.794775,1.828549,4906,5164,0
35790,2,4,0,7,1,17.792065,1.828220,4906,5164,0
35800,11,0,0,12,1,17.788861,1.827855,4906,5164,0
35810,5,7,0,13,1,17.785684,1.827620,4906,5164,0
35820,6,5,0,12,1,17.782376,1.827292,4906,5164,0
35830,0,2,0,3,1,17.779914,1.826988,4906,5164,0
35840,0,0,0,1,1,17.775460,1.826590,4906,5164,0
35850,6,1,1,9,1,17.772567,1.826221,4906,5164,0
35860,2,5,0,8,1,17.769624,1.825957,4906,5164,0
35870,1,10,0,12,1,17.768059,1.825750,4906,5164,0
35880,0,16,0,17,1,17.768530,1.825827,4906,5164,0
35890,5,10,0,16,1,17.768006,1.825785,4906,5164,0
35900,6,20,1,28,1,17.767520,1.825768,4906,5167,0
35910,4,0,0,5,1,17.765185,1.825587,4906,5167,0
35920,7,3,0,11,1,17.762693,1.825307,4906,5167,0
35930,14,14,0,29,1,17.760913,1.825057,4906,5167,0
35940,10,2,0,13,1,17.762528,1.825293,4910,5167,0
35950,9,8,0,18,1,17.762548,1.825323,4910,5167,0
35960,2,2,0,5,1,17.760005,1.825094,4910,5167,0
35970,14,7,0,22,1,17.757690,1.824842,4910,5167,0
35980,9,14,0,24,1,17.759887,1.825044,4910,5167,0
35990,12,13,0,26,1,17.762420,1.825306,4910,5171,0
36000,10,13,0,24,1,17.765797,1.825639,4910,5172,0
36010,5,12,0,18,1,17.766716,1.825787,4910,5172,0
36020,9,18,0,28,1,17.768898,1.825981,4910,5184,0
36030,17,10,0,28,1,17.772680,1.826351,4910,5189,0
36040,11,13,0,25,1,17.773250,1.826338,4910,5189,0
36050,0,13,0,14,1,17.775040,1.826571,4910,5195,0
36060,5,1,0,7,1,17.772934,1.826325,4910,5195,0
36070,0,0,0,0,0,17.770014,1.826042,4910,5195,0
36080,4,2,0,7,1,17.766157,1.825652,4910,5195,0
36090,2,0,0,3,1,17.762702,1.825273,4910,5195,0
36100,12,5,0,18,1,17.758878,1.824918,4910,5195,0
36110,6,7,0,14,1,17.757337,1.824798,4910,5195,0
36120,8,20,0,29,1,17.757748,1.824717,4910,5200,0
36130,0,0,0,0,0,17.757658,1.824771,4910,5204,0
36140,4,5,0,10,1,17.754089,1.824438,4910,5204,0
36150,5,9,0,15,1,17.753503,1.824379,4910,5204,0
36160,4,7,0,12,1,17.752167,1.824222,4910,5204,0
36170,3,2,0,6,1,17.748270,1.823839,4910,5204,0
36180,19,13,0,33,1,17.749239,1.823852,4910,5204,0
36190,19,11,0,31,1,17.752486,1.824219,4911,5204,0
36200,7,0,0,8,1,17.752799,1.824284,4911,5204,0
36210,6,5,0,12,1,17.751602,1.824173,4911,5204,0
36220,13,10,0,24,1,17.751791,1.824147,4911,5204,0
36230,7,5,0,13,1,17.753218,1.824275,4914,5204,0
36240,2,9,0,12,1,17.750722,1.824015,4914,5204,0
36250,5,1,0,7,1,17.747558,1.823738,4914,5204,0
36260,5,10,0,16,1,17.747166,1.823699,4914,5204,0
36270,0,0,0,0,0,17.745054,1.823592,4914,5204,0
36280,2,1,0,4,1,17.741556,1.823234,4914,5204,0
36290,19,12,0,32,1,17.742435,1.823259,4919,5204,0
36300,12,8,0,21,1,17.745170,1.823588,4928,5204,0
36310,5,13,0,19,1,17.744404,1.823495,4928,5204,0
36320,1,17,0,19,1,17.745321,1.823576,4928,5208,0
36330,9,14,0,24,1,17.743827,1.823414,4928,5208,0
36340,7,14,0,22,1,17.744583,1.823508,4928,5208,0
36350,16,15,0,32,1,17.747204,1.823733,4928,5208,0
36360,13,19,0,33,1,17.750212,1.823987,4928,5209,0
36370,20,20,0,41,1,17.753629,1.824252,4928,5211,0
36380,13,16,0,30,1,17.759012,1.824920,4942,5218,0
36390,19,12,0,32,1,17.759776,1.824938,4948,5218,0
36400,19,20,0,40,1,17.764663,1.825489,4954,5232,0
36410,19,19,0,39,1,17.769555,1.826065,4957,5243,0
36420,17,17,0,35,1,17.774487,1.826625,4961,5256,0
36430,15,6,0,22,1,17.777374,1.827011,4966,5256,0
36440,3,3,0,7,1,17.774921,1.826766,4966,5256,0
36450,15,3,0,19,1,17.773191,1.826538,4966,5256,0
36460,18,12,0,31,1,17.775826,1.826831,4970,5256,0
36470,12,10,0,23,1,17.777862,1.826959,4973,5256,0
36480,17,12,0,30,1,17.781886,1.827421,4973,5257,0
36490,13,20,0,34,1,17.785598,1.827737,4973,5264,0
36500,20,13,0,34,1,17.788782,1.828040,4974,5266,0
36510,15,19,0,35,1,17.793478,1.828534,4979,5269,0
36520,19,18,0,38,1,17.797988,1.829020,4980,5272,0
36530,6,4,0,11,1,17.797889,1.829063,4980,5272,0
36540,3,0,0,4,1,17.796184,1.828843,4980,5272,0
36550,2,5,0,8,1,17.792298,1.828450,4980,5272,0
36560,11,14,1,27,1,17.790615,1.828243,4980,5272,0
36570,6,14,0,21,1,17.794149,1.828592,4980,5274,0
36580,0,16,0,17,1,17.793501,1.828630,4980,5274,0
36590,12,19,0,32,1,17.795296,1.828760,4980,5279,0
36600,7,14,0,22,1,17.797246,1.829003,4980,5280,0
36610,0,1,0,2,1,17.794648,1.828799,4980,5280,0
36620,3,16,0,20,1,17.792808,1.828534,4980,5280,0
36630,6,8,0,15,1,17.791962,1.828490,4980,5280,0
36640,20,18,0,39,1,17.793822,1.828580,4980,5280,0
36650,18,18,0,37,1,17.797694,1.828980,4980,5280,0
36660,16,18,0,35,1,17.803074,1.829621,4989,5300,0
36670,15,7,0,23,1,17.806822,1.830044,5003,5300,0
36680,11,0,0,12,1,17.807535,1.830062,5003,5300,0
36690,2,0,0,3,1,17.804295,1.829664,5003,5300,0
36700,5,12,0,18,1,17.802618,1.829401,5003,5300,0
36710,0,11,0,12,1,17.801618,1.829270,5003,5300,0
36720,5,2,0,8,1,17.799233,1.829041,5003,5300,0
36730,0,0,0,0,0,17.796100,1.828757,5003,5300,0
36740,3,2,0,6,1,17.792931,1.828458,5003,5300,0
36750,5,1,0,7,1,17.789216,1.828048,5003,5300,0
36760,0,0,0,1,1,17.785787,1.827743,5003,5300,0
36770,8,5,0,14,1,17.782514,1.827434,5003,5300,0
36780,18,4,0,23,1,17.782274,1.827370,5003,5300,0
36790,13,9,0,23,1,17.783809,1.827483,5003,5300,0
36800,10,9,0,20,1,17.784896,1.827576,5003,5300,0
36810,19,2,0,22,1,17.786661,1.827774,5007,5300,0
36820,7,0,0,8,1,17.786225,1.827746,5007,5300,0
36830,7,4,0,12,1,17.784280,1.827482,5007,5300,0
36840,3,5,0,9,1,17.781815,1.827230,5007,5300,0
36850,8,18,0,27,1,17.782631,1.827280,5007,5300,0
36860,12,18,0,31,1,17.785519,1.827624,5007,5314,0
36870,10,16,0,27,1,17.788652,1.827927,5007,5315,0
36880,3,18,0,22,1,17.790196,1.828016,5007,5316,0
36890,18,16,0,35,1,17.793309,1.828266,5010,5324,0
36900,20,11,0,32,1,17.796604,1.828607,5011,5327,0
36910,16,3,0,20,1,17.799449,1.829002,5015,5327,0
36920,13,11,0,25,1,17.802240,1.829306,5020,5329,0
36930,12,15,0,28,1,17.802927,1.829378,5020,5329,0
36940,17,14,0,32,1,17.807667,1.829867,5021,5336,0
36950,15,15,0,31,1,17.811697,1.830308,5028,5336,0
36960,4,10,0,15,1,17.813625,1.830493,5030,5336,0
36970,5,9,0,15,1,17.811911,1.830257,5030,5336,0
36980,14,7,0,22,1,17.812861,1.830351,5030,5336,0
36990,14,2,0,17,1,17.814532,1.830509,5032,5336,0
37000,2,0,0,3,1,17.813535,1.830424,5033,5336,0
37010,0,0,0,1,1,17.809855,1.830057,5033,5336,0
37020,4,16,0,21,1,17.807974,1.829861,5033,5336,0
37030,7,9,0,17,1,17.807272,1.829836,5033,5336,0
37040,2,16,0,19,1,17.809084,1.830024,5033,5338,0
37050,2,3,0,6,1,17.808138,1.829938,5033,5338,0
37060,10,2,0,13,1,17.805602,1.829639,5033,5338,0
37070,4,2,0,7,1,17.802415,1.829313,5033,5338,0
37080,15,8,0,24,1,17.802264,1.829284,5033,5338,0
37090,2,2,0,5,1,17.801593,1.829211,5034,5338,0
37100,11,16,0,28,1,17.800321,1.829021,5034,5338,0
37110,14,9,0,24,1,17.803083,1.829357,5034,5338,0
37120,12,7,0,20,1,17.804981,1.829529,5034,5338,0
37130,7,14,0,22,1,17.806746,1.829661,5034,5338,0
37140,3,2,0,6,1,17.804512,1.829458,5034,5338,0
37150,15,9,0,25,1,17.805586,1.829510,5039,5338,0
37160,18,18,0,37,1,17.810462,1.830017,5049,5348,0
37170,9,18,0,28,1,17.814254,1.830439,5055,5348,0
37180,6,14,0,21,1,17.817171,1.830730,5055,5351,0
37190,13,17,0,31,1,17.820189,1.830921,5055,5351,0
37200,5,16,0,22,1,17.822784,1.831148,5055,5351,0
37210,0,0,0,1,1,17.821380,1.831056,5055,5351,0
37220,9,1,0,11,1,17.818076,1.830658,5055,5351,0
37230,7,0,0,8,1,17.816453,1.830468,5055,5351,0
37240,11,6,0,18,1,17.812883,1.830133,5055,5351,0
37250,9,7,0,17,1,17.811729,1.830031,5055,5351,0
37260,4,9,0,14,1,17.810996,1.829998,5055,5351,0
37270,8,16,0,25,1,17.813060,1.830186,5055,5363,0
37280,13,14,0,28,1,17.814074,1.830327,5055,5363,0
37290,10,14,0,25,1,17.815891,1.830491,5055,5363,0
37300,15,7,0,23,1,17.819657,1.830788,5067,5364,0
37310,15,13,0,29,1,17.820299,1.830821,5070,5364,0
37320,17,7,0,25,1,17.822191,1.831012,5070,5364,0
37330,16,9,0,26,1,17.823602,1.831153,5071,5364,0
37340,19,3,0,23,1,17.825071,1.831336,5083,5364,0
37350,15,3,0,19,1,17.826135,1.831427,5094,5364,0
37360,0,6,0,7,1,17.824509,1.831282,5094,5364,0
37370,2,13,0,16,1,17.823125,1.831081,5094,5364,0
37380,6,2,0,9,1,17.820213,1.830783,5094,5364,0
37390,1,1,0,3,1,17.817599,1.830552,5094,5364,0
37400,1,3,0,5,1,17.815686,1.830332,5094,5364,0
37410,5,2,0,8,1,17.813185,1.830076,5094,5364,0
37420,8,1,0,10,1,17.812128,1.829970,5094,5364,0
37430,19,9,0,29,1,17.812779,1.829928,5095,5364,0
37440,11,8,0,20,1,17.814243,1.830025,5095,5364,0
37450,6,7,0,14,1,17.814342,1.830026,5097,5364,0
37460,5,5,0,11,1,17.812101,1.829718,5097,5364,0
37470,5,10,0,16,1,17.809726,1.829410,5097,5364,0
37480,1,14,0,16,1,17.810687,1.829491,5097,5371,0
37490,10,15,0,26,1,17.812143,1.829642,5097,5375,0
37500,20,19,0,40,1,17.815057,1.829953,5101,5385,0
37510,17,17,0,35,1,17.819267,1.830422,5110,5389,0
37520,18,11,0,30,1,17.822292,1.830725,5120,5389,0
37530,17,13,0,31,1,17.825724,1.831079,5122,5389,0
37540,19,13,0,33,1,17.827805,1.831199,5122,5389,0
37550,11,8,0,20,1,17.828636,1.831347,5122,5389,0
37560,7,9,0,17,1,17.830358,1.831485,5122,5389,0
37570,5,7,0,13,1,17.828374,1.831298,5122,5389,0
37580,8,1,0,10,1,17.826758,1.831109,5122,5389,0
37590,1,6,0,8,1,17.824210,1.830849,5123,5389,0
37600,3,9,0,13,1,17.822721,1.830653,5123,5389,0
37610,3,9,0,13,1,17.822547,1.830577,5123,5389,0
37620,1,10,0,12,1,17.822522,1.830556,5123,5390,0
37630,1,6,0,8,1,17.820121,1.830296,5123,5390,0
37640,6,2,0,9,1,17.816878,1.830005,5123,5390,0
37650,0,0,0,1,1,17.812732,1.829641,5123,5390,0
37660,6,2,0,9,1,17.809324,1.829298,5123,5390,0
37670,0,0,0,1,1,17.805583,1.828905,5123,5390,0
37680,4,0,0,5,1,17.801477,1.828480,5123,5390,0
37690,5,6,0,12,1,17.798108,1.828061,5123,5390,0
37700,11,9,0,21,1,17.798356,1.828058,5123,5390,0
37710,8,6,0,15,1,17.796688,1.827884,5123,5390,0
37720,1,4,0,6,1,17.793711,1.827620,5123,5390,0
37730,3,4,0,8,1,17.790949,1.827348,5123,5390,0
37740,4,3,0,8,1,17.787659,1.826947,5123,5390,0
37750,18,1,0,20,1,17.788144,1.826944,5123,5390,0
37760,0,0,0,0,0,17.785595,1.826674,5123,5390,0
37770,2,3,0,6,1,17.781905,1.826307,5123,5390,0
37780,3,4,0,8,1,17.778631,1.825933,5123,5390,0
37790,10,11,0,22,1,17.778425,1.825839,5123,5390,0
37800,11,10,0,22,1,17.779891,1.825977,5123,5390,0
37810,18,17,0,36,1,17.783489,1.826323,5125,5395,0
37820,19,18,0,38,1,17.788090,1.826822,5135,5395,0
37830,17,17,0,35,1,17.792052,1.827211,5139,5395,0
37840,0,5,0,6,1,17.791928,1.827314,5139,5395,0
37850,3,5,0,9,1,17.788400,1.826964,5139,5395,0
37860,2,7,0,10,1,17.786280,1.826738,5139,5395,0
37870,2,4,0,7,1,17.783240,1.826447,5139,5395,0
37880,8,4,0,13,1,17.780909,1.826150,5139,5395,0
37890,3,3,0,7,1,17.777946,1.825858,5139,5395,0
37900,3,2,0,6,1,17.774738,1.825555,5139,5395,0
37910,0,0,0,1,1,17.770850,1.825192,5139,5395,0
37920,2,7,0,10,1,17.770137,1.825125,5139,5395,0
37930,3,3,0,7,1,17.766989,1.824774,5139,5395,0
37940,7,16,0,24,1,17.767457,1.824755,5139,5400,0
37950,6,5,0,12,1,17.765028,1.824448,5139,5400,0
37960,15,9,0,25,1,17.767752,1.824769,5143,5402,0
37970,13,5,0,19,1,17.769686,1.825014,5151,5402,0
37980,14,18,0,33,1,17.773278,1.825345,5169,5402,0
37990,5,2,0,8,1,17.774795,1.825577,5169,5403,0
38000,0,10,0,11,1,17.771576,1.825293,5169,5403,0
38010,6,2,0,9,1,17.768849,1.825044,5169,5403,0
38020,7,4,0,12,1,17.766095,1.824768,5169,5403,0
38030,7,0,0,8,1,17.765749,1.824719,5169,5403,0
38040,9,6,0,16,1,17.762720,1.824415,5169,5403,0
38050,14,5,0,20,1,17.762388,1.824328,5169,5403,0
38060,5,8,0,14,1,17.764093,1.824554,5177,5403,0
38070,8,3,0,12,1,17.762704,1.824468,5177,5403,0
38080,1,1,0,3,1,17.758879,1.824136,5177,5403,0
38090,7,5,0,13,1,17.758382,1.824012,5177,5403,0
38100,17,8,0,26,1,17.759935,1.824085,5182,5403,0
38110,16,10,0,27,1,17.761773,1.824227,5185,5403,0
38120,12,12,0,25,1,17.764488,1.824463,5185,5403,0
38130,14,10,0,25,1,17.764361,1.824417,5185,5403,0
38140,19,17,0,37,1,17.766951,1.824661,5188,5403,0
38150,13,15,0,29,1,17.772020,1.825291,5198,5426,0
38160,12,15,0,28,1,17.775283,1.825677,5198,5433,0
38170,11,20,0,32,1,17.778262,1.826000,5198,5433,0
38180,12,15,0,28,1,17.779613,1.826135,5198,5435,0
38190,1,1,0,3,1,17.777713,1.826016,5198,5435,0
38200,5,8,0,14,1,17.774653,1.825688,5198,5435,0
38210,4,5,0,10,1,17.773128,1.825524,5198,5435,0
38220,5,6,0,12,1,17.771157,1.825230,5198,5435,0
38230,11,0,0,12,1,17.768981,1.824984,5198,5435,0
38240,1,1,0,3,1,17.765292,1.824675,5198,5435,0
38250,1,0,0,2,1,17.761369,1.824186,5198,5435,0
38260,0,1,0,2,1,17.759367,1.823977,5198,5435,0
38270,0,0,0,1,1,17.755838,1.823724,5198,5435,0
38280,0,0,0,0,0,17.752661,1.823424,5198,5435,0
38290,2,0,0,3,1,17.749457,1.823092,5198,5435,0
38300,3,1,0,5,1,17.745349,1.822696,5198,5435,0
38310,10,3,0,14,1,17.743152,1.822394,5198,5435,0
38320,0,0,0,0,0,17.739748,1.822046,5198,5435,0
38330,1,8,0,10,1,17.737613,1.821843,5198,5435,0
38340,19,18,0,38,1,17.740239,1.822012,5200,5438,0
38350,16,17,0,34,1,17.744599,1.822506,5207,5444,0
38360,20,15,0,36,1,17.749075,1.822967,5211,5454,0
38370,17,19,0,37,1,17.754180,1.823532,5223,5466,0
38380,19,14,0,34,1,17.759102,1.824035,5231,5466,0
38390,12,17,0,30,1,17.761737,1.824297,5231,5466,0
38400,3,9,0,13,1,17.762515,1.824394,5231,5470,0
38410,14,19,0,34,1,17.763869,1.824456,5231,5473,0
38420,16,16,0,33,1,17.768103,1.824908,5231,5485,0
38430,18,19,0,38,1,17.772502,1.825415,5231,5495,0
38440,11,12,0,24,1,17.776250,1.825836,5236,5496,0
38450,1,17,0,19,1,17.776231,1.825870,5236,5497,0
38460,3,7,0,11,1,17.775185,1.825823,5236,5497,0
38470,6,20,0,27,1,17.775789,1.825877,5236,5504,0
38480,3,1,0,5,1,17.776400,1.825965,5236,5510,0
38490,8,6,0,15,1,17.774238,1.825731,5236,5510,0
38500,0,0,0,0,0,17.771918,1.825567,5236,5510,0
38510,1,5,0,7,1,17.768614,1.825200,5236,5510,0
38520,8,6,0,15,1,17.765952,1.824875,5236,5510,0
38530,16,12,0,29,1,17.764480,1.824657,5236,5510,0
38540,5,4,0,10,1,17.763564,1.824662,5236,5510,0
38550,10,10,0,21,1,17.762293,1.824490,5236,5510,0
38560,0,11,0,12,1,17.762297,1.824545,5236,5510,0
38570,20,5,0,26,1,17.761964,1.824425,5236,5510,0
38580,15,1,0,17,1,17.763143,1.824645,5251,5510,0
38590,20,10,0,31,1,17.764774,1.824751,5258,5510,0
38600,4,3,0,8,1,17.765107,1.824879,5259,5510,0
38610,9,13,0,23,1,17.763976,1.824780,5259,5510,0
38620,13,7,0,21,1,17.764714,1.824838,5259,5510,0
38630,0,5,0,6,1,17.762017,1.824596,5259,5510,0
38640,0,0,0,1,1,17.758637,1.824285,5259,5510,0
38650,0,0,0,0,0,17.755085,1.823951,5259,5510,0
38660,2,5,0,8,1,17.753210,1.823769,5259,5510,0
38670,6,4,0,11,1,17.751171,1.823528,5259,5510,0
38680,7,5,0,13,1,17.748724,1.823254,5259,5510,0
38690,2,12,0,15,1,17.747206,1.823070,5259,5510,0
38700,0,0,0,1,1,17.744553,1.822887,5259,5510,0
38710,2,1,0,4,1,17.741057,1.822505,5259,5510,0
38720,4,3,0,8,1,17.738478,1.822193,5259,5510,0
38730,1,2,0,4,1,17.735701,1.821890,5259,5510,0
38740,4,3,0,8,1,17.733222,1.821589,5259,5510,0
38750,6,3,0,10,1,17.730144,1.821284,5259,5510,0
38760,2,0,0,3,1,17.727489,1.821018,5259,5510,0
38770,5,3,0,9,1,17.725882,1.820845,5259,5510,0
38780,13,16,0,30,1,17.724214,1.820632,5259,5510,0
38790,10,10,0,21,1,17.728767,1.821125,5267,5522,0
38800,16,13,0,30,1,17.730329,1.821312,5267,5522,0
38810,4,8,0,13,1,17.733216,1.821697,5270,5529,0
38820,11,5,0,17,1,17.731059,1.821395,5270,5529,0
38830,5,2,0,8,1,17.728244,1.821093,5270,5529,0
38840,0,1,0,2,1,17.725447,1.820860,5270,5529,0
38850,0,1,0,2,1,17.721874,1.820519,5270,5529,0
38860,10,8,0,19,1,17.718986,1.820229,5270,5529,0
38870,11,20,0,32,1,17.720290,1.820297,5270,5532,0
38880,17,11,0,29,1,17.723638,1.820643,5270,5537,0
38890,7,2,0,10,1,17.723567,1.820627,5270,5537,0
38900,18,11,0,30,1,17.723699,1.820619,5272,5537,0
38910,16,6,0,23,1,17.726193,1.820876,5281,5537,0
38920,0,0,0,1,1,17.724352,1.820704,5281,5537,0
38930,1,4,0,6,1,17.721823,1.820426,5281,5537,0
38940,5,9,0,15,1,17.719233,1.820090,5281,5537,0
38950,16,8,0,25,1,17.720648,1.820213,5281,5537,0
38960,11,15,0,27,1,17.723294,1.820438,5281,5537,0
38970,14,12,0,27,1,17.726354,1.820759,5281,5537,0
38980,15,15,1,32,1,17.728044,1.820901,5281,5537,0
38990,11,12,0,24,1,17.730218,1.821131,5281,5537,0
39000,13,3,0,17,1,17.731434,1.821238,5281,5537,0
39010,19,20,0,40,1,17.734167,1.821521,5284,5544,0
39020,17,15,0,33,1,17.738334,1.822008,5290,5550,0
39030,4,7,0,12,1,17.738963,1.822098,5290,5550,0
39040,10,11,0,22,1,17.738711,1.822059,5290,5550,0
39050,6,9,0,16,1,17.739067,1.822093,5290,5550,0
39060,4,11,0,16,1,17.738559,1.822090,5290,5550,0
39070,0,6,0,7,1,17.737378,1.821942,5290,5550,0
39080,7,8,0,16,1,17.734071,1.821623,5290,5550,0
39090,0,0,0,1,1,17.732049,1.821436,5290,5550,0
39100,8,5,0,14,1,17.730653,1.821242,5290,5550,0
39110,4,11,0,16,1,17.730416,1.821215,5290,5550,0
39120,19,3,0,23,1,17.729183,1.821037,5290,5550,0
39130,18,3,0,22,1,17.730069,1.821187,5294,5550,0
39140,14,3,0,18,1,17.730811,1.821365,5297,5550,0
39150,13,8,0,22,1,17.731495,1.821394,5297,5550,0
39160,7,8,0,16,1,17.732601,1.821529,5297,5550,0
39170,15,18,0,34,1,17.734383,1.821651,5297,5550,0
39180,17,20,0,38,1,17.738465,1.822034,5297,5562,0
39190,17,17,0,35,1,17.742868,1.822450,5307,5576,0
39200,11,17,0,29,1,17.744643,1.822653,5309,5576,0
39210,9,8,0,18,1,17.744892,1.822652,5309,5576,0
39220,6,9,0,16,1,17.744749,1.822686,5309,5576,0
39230,1,0,0,2,1,17.744155,1.822613,5309,5576,0
39240,2,1,0,4,1,17.740442,1.822276,5309,5576,0
39250,0,0,0,0,0,17.737196,1.821959,5309,5576,0
39260,8,4,0,13,1,17.733311,1.821537,5309,5576,0
39270,9,2,0,12,1,17.732549,1.821461,5309,5576,0
39280,5,3,0,9,1,17.732300,1.821465,5309,5576,0
39290,6,7,0,14,1,17.730506,1.821249,5309,5576,0
39300,5,10,0,16,1,17.728974,1.821103,5309,5576,0
39310,2,9,0,12,1,17.727954,1.820977,5309,5576,0
39320,0,0,0,1,1,17.726722,1.820880,5309,5576,0
39330,4,0,0,5,1,17.722986,1.820560,5309,5576,0
39340,0,1,0,2,1,17.718936,1.820169,5309,5576,0
39350,1,3,0,5,1,17.716219,1.819878,5309,5576,0
39360,7,5,0,13,1,17.714564,1.819681,5309,5576,0
39370,12,3,0,16,1,17.713217,1.819530,5309,5576,0
39380,4,2,0,7,1,17.710752,1.819255,5309,5576,0
39390,0,0,0,0,0,17.707440,1.818959,5309,5576,0
39400,5,0,0,6,1,17.704692,1.818730,5309,5576,0
39410,3,19,0,23,1,17.703859,1.818575,5309,5577,0
39420,6,4,0,11,1,17.703087,1.818450,5309,5577,0
39430,3,2,0,6,1,17.699728,1.818135,5309,5577,0
39440,8,10,0,19,1,17.698116,1.817948,5309,5577,0
39450,7,5,0,13,1,17.695949,1.817712,5309,5577,0
39460,11,5,0,17,1,17.694259,1.817503,5309,5577,0
39470,5,4,0,10,1,17.692000,1.817201,5309,5577,0
39480,5,10,0,16,1,17.689100,1.816905,5309,5577,0
39490,2,10,0,13,1,17.688299,1.816763,5309,5577,0
39500,0,0,0,0,0,17.687277,1.816650,5309,5577,0
39510,0,0,0,0,0,17.683442,1.816320,5309,5577,0
39520,12,15,0,28,1,17.682207,1.816133,5309,5577,0
39530,18,12,0,31,1,17.684002,1.816291,5310,5577,0
39540,19,15,0,35,1,17.688100,1.816680,5324,5581,0
39550,12,19,0,32,1,17.692350,1.817090,5324,5591,0
39560,6,13,0,20,1,17.693900,1.817251,5324,5591,0
39570,11,19,0,31,1,17.696587,1.817600,5324,5600,0
39580,8,15,0,24,1,17.698632,1.817887,5324,5602,0
39590,13,9,0,23,1,17.700627,1.818075,5324,5603,0
39600,14,12,0,27,1,17.699909,1.817951,5324,5603,0
39610,14,10,0,25,1,17.701382,1.818118,5324,5603,0
39620,19,14,0,34,1,17.703465,1.818239,5324,5603,0
39630,16,13,0,30,1,17.708098,1.818773,5332,5615,0
39640,19,11,0,31,1,17.711466,1.819126,5336,5615,0
39650,20,5,0,26,1,17.713794,1.819343,5347,5615,0
39660,10,3,0,14,1,17.715358,1.819515,5347,5615,0
39670,17,5,0,23,1,17.716515,1.819598,5350,5615,0
39680,11,4,0,16,1,17.716967,1.819684,5353,5615,0
39690,15,8,0,24,1,17.716566,1.819569,5353,5615,0
39700,6,10,0,17,1,17.717629,1.819684,5353,5615,0
39710,18,18,0,37,1,17.720081,1.819910,5356,5615,0
39720,17,12,0,30,1,17.722887,1.820209,5356,5615,0
39730,8,4,0,13,1,17.722708,1.820202,5356,5615,0
39740,11,13,0,25,1,17.721741,1.820057,5356,5615,0
39750,18,20,0,39,1,17.726738,1.820647,5374,5631,0
39760,12,18,0,31,1,17.731607,1.821220,5376,5642,0
39770,19,19,0,39,1,17.736239,1.821683,5379,5650,0
39780,7,17,0,25,1,17.738020,1.821929,5379,5650,0
39790,18,17,0,36,1,17.740392,1.822122,5382,5660,0
39800,15,15,0,31,1,17.742964,1.822426,5382,5660,0
39810,11,9,0,21,1,17.744880,1.822676,5382,5660,0
39820,16,6,0,23,1,17.744935,1.822679,5382,5660,0
39830,14,13,0,28,1,17.746786,1.822838,5382,5660,0
39840,15,9,0,25,1,17.749452,1.823113,5383,5660,0
39850,17,2,0,20,1,17.750214,1.823231,5387,5660,0
39860,17,3,0,21,1,17.751577,1.823396,5398,5660,0
39870,2,4,0,7,1,17.750100,1.823232,5398,5660,0
39880,0,0,0,1,1,17.748604,1.823080,5398,5660,0
39890,8,11,0,20,1,17.747728,1.822949,5398,5660,0
39900,9,16,0,26,1,17.749567,1.823149,5398,5674,0
39910,3,8,1,13,1,17.749405,1.823167,5398,5676,0
39920,17,13,0,31,1,17.749371,1.823085,5398,5676,0
39930,1,4,0,6,1,17.749379,1.823130,5398,5676,0
39940,10,11,0,22,1,17.749090,1.823055,5398,5676,0
39950,13,7,0,21,1,17.750504,1.823193,5398,5676,0
39960,1,1,0,3,1,17.750337,1.823140,5398,5676,0
39970,4,19,0,24,1,17.749463,1.822981,5398,5676,0
39980,6,13,0,20,1,17.750296,1.823101,5398,5676,0
39990,1,0,0,2,1,17.748938,1.822978,5398,5676,0
40000,1,5,0,7,1,17.745343,1.822587,5398,5676,0
40010,8,10,0,19,1,17.743695,1.822387,5398,5676,0
40020,7,7,0,15,1,17.743312,1.822316,5398,5676,0
40030,5,12,0,18,1,17.743804,1.822364,5398,5676,0
40040,8,18,0,27,1,17.745423,1.822555,5398,5682,0
40050,4,5,0,10,1,17.746736,1.822762,5398,5686,0
40060,16,15,0,32,1,17.748067,1.822774,5398,5686,0
40070,16,18,1,36,1,17.752014,1.823190,5400,5689,0
40080,18,13,0,32,1,17.757136,1.823742,5429,5695,0
40090,12,16,0,29,1,17.759705,1.824049,5431,5698,0
40100,0,1,0,2,1,17.760138,1.824142,5431,5698,0
40110,6,6,0,13,1,17.756667,1.823797,5431,5698,0
40120,3,11,0,15,1,17.755520,1.823657,5431,5698,0
40130,7,13,0,21,1,17.755795,1.823575,5431,5703,0
40140,0,0,0,1,1,17.753726,1.823364,5431,5703,0
40150,1,3,0,5,1,17.750265,1.823034,5431,5703,0
40160,2,2,0,5,1,17.746844,1.822689,5431,5703,0
40170,1,4,0,6,1,17.743300,1.822327,5431,5703,0
40180,0,0,0,0,0,17.739619,1.821987,5431,5703,0
40190,2,2,0,5,1,17.736141,1.821632,5431,5703,0
40200,0,1,0,2,1,17.732155,1.821317,5431,5703,0
40210,3,1,0,5,1,17.729138,1.820981,5431,5703,0
40220,6,1,0,8,1,17.725821,1.820596,5431,5703,0
40230,0,5,0,6,1,17.722703,1.820277,5431,5703,0
40240,4,14,0,19,1,17.719812,1.819963,5431,5703,0
40250,0,0,0,0,0,17.718933,1.819963,5431,5703,0
40260,4,1,0,6,1,17.715847,1.819713,5431,5703,0
40270,10,0,0,11,1,17.714490,1.819589,5431,5703,0
40280,10,4,0,15,1,17.713045,1.819419,5431,5703,0
40290,6,6,0,13,1,17.712200,1.819320,5431,5703,0
40300,7,5,0,13,1,17.711171,1.819183,5431,5703,0
40310,13,13,0,27,1,17.710391,1.819082,5431,5703,0
40320,15,1,0,17,1,17.710440,1.819074,5431,5703,0
40330,18,5,0,24,1,17.711155,1.819177,5433,5703,0
40340,18,16,0,35,1,17.714158,1.819450,5445,5703,0
40350,7,7,0,15,1,17.716112,1.819676,5445,5703,0
40360,16,16,0,33,1,17.718243,1.819933,5450,5703,0
40370,18,19,0,38,1,17.722450,1.820390,5460,5714,0
40380,1,16,0,18,1,17.724624,1.820676,5460,5714,0
40390,15,17,0,33,1,17.726732,1.820875,5460,5716,0
40400,9,14,0,24,1,17.730991,1.821314,5461,5725,0
40410,0,0,0,0,0,17.729591,1.821177,5461,5725,0
40420,9,3,0,13,1,17.726375,1.820843,5461,5725,0
40430,0,1,0,2,1,17.725928,1.820841,5463,5725,0
40440,14,12,0,27,1,17.727749,1.820955,5463,5725,0
40450,8,16,0,25,1,17.729531,1.821168,5463,5726,0
40460,5,16,0,22,1,17.731727,1.821404,5463,5736,0
40470,3,7,0,11,1,17.730706,1.821361,5463,5736,0
40480,2,18,0,21,1,17.730238,1.821296,5463,5736,0
40490,5,7,0,13,1,17.730131,1.821301,5463,5736,0
40500,0,0,0,0,0,17.727745,1.821099,5463,5736,0
40510,0,10,0,11,1,17.724670,1.820761,5463,5736,0
40520,4,2,0,7,1,17.722980,1.820594,5463,5736,0
40530,6,6,0,13,1,17.719678,1.820312,5463,5736,0
40540,1,2,0,4,1,17.716370,1.819987,5463,5736,0
40550,0,4,0,5,1,17.713130,1.819711,5463,5736,0
40560,0,2,0,3,1,17.709329,1.819369,5463,5736,0
40570,7,15,0,23,1,17.709035,1.819299,5463,5736,0
40580,5,5,0,11,1,17.706242,1.819064,5463,5736,0
40590,7,6,0,14,1,17.704454,1.818877,5463,5736,0
40600,20,18,0,39,1,17.706085,1.819014,5463,5743,0
40610,18,19,0,38,1,17.710527,1.819477,5473,5748,0
40620,12,10,0,23,1,17.714079,1.819880,5479,5755,0
40630,19,17,0,37,1,17.718085,1.820302,5497,5759,0
40640,4,19,0,24,1,17.719683,1.820509,5497,5765,0
40650,0,4,0,5,1,17.719108,1.820383,5497,5765,0
40660,1,1,0,3,1,17.715790,1.820057,5497,5765,0
40670,0,0,0,0,0,17.712471,1.819709,5497,5765,0
40680,12,2,0,15,1,17.709812,1.819377,5497,5765,0
40690,16,8,0,25,1,17.710585,1.819417,5501,5765,0
40700,20,8,0,29,1,17.711794,1.819497,5504,5765,0
40710,15,9,0,25,1,17.712767,1.819635,5515,5765,0
40720,15,9,0,25,1,17.713327,1.819676,5515,5765,0
40730,8,4,0,13,1,17.713357,1.819680,5518,5765,0
40740,0,2,0,3,1,17.710721,1.819489,5518,5765,0
40750,6,6,0,13,1,17.708102,1.819208,5518,5765,0
40760,15,5,0,21,1,17.708542,1.819213,5518,5765,0
40770,12,18,0,31,1,17.711312,1.819499,5518,5766,0
40780,14,18,0,33,1,17.714671,1.819828,5518,5780,0
40790,14,18,0,33,1,17.718712,1.820258,5526,5782,0
40800,9,6,0,16,1,17.720591,1.820434,5526,5782,0
40810,12,7,0,20,1,17.721896,1.820575,5526,5782,0
40820,4,14,0,19,1,17.722813,1.820689,5526,5782,0
40830,1,12,0,14,1,17.723738,1.820795,5526,5786,0
40840,0,0,0,0,0,17.720529,1.820531,5526,5786,0
40850,2,4,0,7,1,17.718242,1.820201,5526,5786,0
40860,16,8,0,25,1,17.718612,1.820190,5526,5786,0
40870,0,3,0,4,1,17.717469,1.820079,5526,5786,0
40880,0,0,0,1,1,17.714192,1.819726,5526,5786,0
40890,13,7,0,21,1,17.713133,1.819564,5526,5786,0
40900,0,7,0,8,1,17.712961,1.819616,5526,5786,0
40910,1,2,0,4,1,17.711085,1.819507,5526,5786,0
40920,0,0,0,1,1,17.708241,1.819239,5526,5786,0
40930,8,8,0,17,1,17.706748,1.819088,5526,5786,0
40940,0,0,0,1,1,17.705519,1.819008,5526,5786,0
40950,2,7,1,11,1,17.702081,1.818698,5526,5786,0
40960,5,15,0,21,1,17.702596,1.818707,5526,5786,0
40970,16,15,0,32,1,17.704367,1.818913,5526,5787,0
40980,15,5,0,21,1,17.706502,1.819179,5530,5787,0
40990,19,14,0,34,1,17.708308,1.819321,5538,5787,0
41000,18,19,0,38,1,17.712608,1.819732,5541,5800,0
41010,9,15,0,25,1,17.714960,1.819957,5543,5800,0
41020,18,17,0,36,1,17.717748,1.820181,5543,5801,0
41030,17,11,0,29,1,17.721456,1.820609,5546,5807,0
41040,8,0,0,9,1,17.721735,1.820658,5548,5807,0
41050,7,3,0,11,1,17.719668,1.820438,5548,5807,0
41060,8,16,0,25,1,17.719335,1.820364,5548,5807,0
41070,1,4,0,6,1,17.719964,1.820471,5548,5807,0
41080,6,0,0,7,1,17.717004,1.820141,5548,5807,0
41090,19,12,0,32,1,17.716740,1.820070,5548,5807,0
41100,17,9,0,27,1,17.718795,1.820238,5550,5807,0
41110,9,17,1,28,1,17.722253,1.820608,5556,5813,0
41120,5,12,0,18,1,17.724066,1.820823,5556,5816,0
41130,13,16,0,30,1,17.726946,1.821057,5556,5820,0
41140,0,2,0,3,1,17.725393,1.820999,5556,5820,0
41150,12,3,0,16,1,17.725069,1.820885,5556,5820,0
41160,12,8,0,21,1,17.722283,1.820573,5556,5820,0
41170,13,19,0,33,1,17.725397,1.820840,5556,5824,0
41180,10,18,0,29,1,17.729126,1.821216,5558,5835,0
41190,20,15,0,36,1,17.732791,1.821612,5566,5836,0
41200,5,15,0,21,1,17.736666,1.822098,5571,5838,0
41210,2,7,0,10,1,17.737643,1.822205,5571,5838,0
41220,7,9,0,17,1,17.736986,1.822089,5571,5838,0
41230,16,20,0,37,1,17.738478,1.822135,5571,5838,0
41240,15,16,0,32,1,17.743247,1.822658,5592,5853,0
41250,16,10,0,27,1,17.746870,1.823018,5597,5855,0
41260,15,15,0,31,1,17.750927,1.823432,5604,5865,0
41270,18,19,0,38,1,17.754218,1.823794,5604,5872,0
41280,19,15,0,35,1,17.759045,1.824351,5615,5885,0
41290,19,16,0,36,1,17.764090,1.824952,5634,5906,0
41300,7,15,0,23,1,17.766316,1.825241,5634,5906,0
41310,4,19,0,24,1,17.767267,1.825368,5634,5910,0
41320,10,15,0,26,1,17.768794,1.825499,5634,5912,0
41330,11,16,0,28,1,17.771971,1.825818,5634,5916,0
41340,3,9,0,13,1,17.771930,1.825883,5634,5916,0
41350,3,5,0,9,1,17.771290,1.825819,5634,5916,0
41360,7,13,0,21,1,17.771945,1.825897,5634,5916,0
41370,13,10,0,24,1,17.773958,1.826105,5634,5920,0
41380,13,7,0,21,1,17.774271,1.826125,5634,5920,0
41390,12,10,0,23,1,17.776852,1.826378,5644,5920,0
41400,8,4,0,13,1,17.777494,1.826468,5644,5920,0
41410,3,5,0,9,1,17.776888,1.826421,5644,5920,0
41420,9,18,0,28,1,17.777586,1.826445,5644,5923,0
41430,5,15,0,21,1,17.779391,1.826618,5644,5923,0
41440,6,4,0,11,1,17.778095,1.826441,5644,5923,0
41450,0,0,0,1,1,17.774892,1.826145,5644,5923,0
41460,0,0,0,1,1,17.771766,1.825812,5644,5923,0
41470,6,0,0,7,1,17.769226,1.825444,5644,5923,0
41480,12,4,0,17,1,17.767631,1.825214,5644,5923,0
41490,4,7,0,12,1,17.766664,1.825121,5645,5923,0
41500,7,7,0,15,1,17.765228,1.824966,5645,5923,0
41510,4,1,0,6,1,17.762607,1.824730,5645,5923,0
41520,14,2,0,17,1,17.762361,1.824629,5645,5923,0
41530,15,5,0,21,1,17.764389,1.824857,5647,5923,0
41540,14,17,0,32,1,17.767810,1.825210,5649,5928,0
41550,14,8,0,23,1,17.771727,1.825623,5649,5933,0
41560,13,5,0,19,1,17.770621,1.825479,5649,5933,0
41570,13,1,0,15,1,17.771373,1.825549,5656,5933,0
41580,10,8,0,19,1,17.772119,1.825596,5659,5933,0
41590,13,19,0,33,1,17.775238,1.825895,5671,5934,0
41600,10,11,0,22,1,17.777306,1.826145,5671,5934,0
41610,11,6,0,18,1,17.777414,1.826199,5671,5934,0
41620,1,1,0,3,1,17.775860,1.826086,5671,5934,0
41630,4,14,0,19,1,17.774083,1.825819,5671,5934,0
41640,2,5,0,8,1,17.774954,1.825960,5671,5934,0
41650,2,0,0,3,1,17.772935,1.825718,5671,5934,0
41660,3,8,0,12,1,17.770744,1.825463,5671,5934,0
41670,14,14,0,29,1,17.770269,1.825371,5671,5934,0
41680,1,1,0,3,1,17.770110,1.825419,5671,5934,0
41690,0,0,0,1,1,17.766288,1.825032,5671,5934,0
41700,6,1,0,8,1,17.764561,1.824816,5671,5934,0
41710,17,5,0,23,1,17.765663,1.824886,5674,5934,0
41720,15,8,0,24,1,17.768417,1.825184,5689,5934,0
41730,14,6,0,21,1,17.768853,1.825230,5693,5934,0
41740,8,9,0,18,1,17.768420,1.825205,5693,5934,0
41750,11,7,0,19,1,17.769660,1.825307,5693,5934,0
41760,2,6,0,9,1,17.769969,1.825349,5699,5934,0
41770,12,11,0,24,1,17.771230,1.825463,5699,5934,0
41780,0,0,0,1,1,17.769976,1.825403,5699,5934,0
41790,8,7,0,16,1,17.768288,1.825195,5699,5934,0
41800,5,5,0,11,1,17.766485,1.825052,5699,5934,0
41810,5,12,0,18,1,17.767442,1.825151,5699,5934,0
41820,9,5,0,15,1,17.766318,1.825015,5699,5934,0
41830,6,1,0,8,1,17.765918,1.824958,5699,5934,0
41840,7,5,0,13,1,17.764945,1.824806,5699,5934,0
41850,6,5,0,12,1,17.762691,1.824580,5699,5934,0
41860,4,11,0,16,1,17.761488,1.824449,5699,5934,0
41870,0,0,0,0,0,17.759716,1.824300,5699,5934,0
41880,4,4,0,9,1,17.756613,1.823983,5699,5934,0
41890,9,4,0,14,1,17.753320,1.823740,5699,5934,0
41900,13,3,0,17,1,17.752390,1.823695,5699,5934,0
41910,20,15,0,36,1,17.755454,1.823931,5716,5934,0
41920,18,16,0,35,1,17.760240,1.824518,5738,5959,0
41930,8,3,0,12,1,17.762803,1.824855,5740,5967,0
41940,5,0,0,6,1,17.760819,1.824666,5740,5967,0
41950,0,5,0,6,1,17.758513,1.824430,5740,5967,0
41960,6,17,0,24,1,17.758100,1.824300,5740,5967,0
41970,8,11,0,20,1,17.758954,1.824447,5740,5967,0
41980,4,11,0,16,1,17.756710,1.824250,5740,5967,0
41990,1,19,0,21,1,17.756915,1.824286,5740,5971,0
42000,12,18,0,31,1,17.758507,1.824455,5740,5981,0
42010,3,8,0,12,1,17.759534,1.824540,5740,5983,0
42020,6,11,0,18,1,17.760556,1.824602,5740,5983,0
42030,8,12,0,21,1,17.760765,1.824647,5740,5983,0
42040,18,19,0,38,1,17.763512,1.824944,5746,5991,0
42050,18,20,0,39,1,17.767811,1.825450,5752,6006,0
42060,19,12,0,32,1,17.771951,1.825975,5763,6015,0
42070,6,15,0,22,1,17.775237,1.826300,5764,6019,0
42080,4,5,0,10,1,17.774887,1.826275,5764,6019,0
42090,9,10,0,20,1,17.773933,1.826111,5764,6019,0
42100,16,19,0,36,1,17.777080,1.826405,5768,6031,0
42110,7,17,0,25,1,17.779297,1.826639,5768,6034,0
42120,17,10,0,28,1,17.781950,1.826917,5768,6039,0
42130,4,7,0,12,1,17.780468,1.826798,5768,6039,0
42140,3,2,0,6,1,17.777743,1.826483,5768,6039,0
42150,2,6,0,9,1,17.775186,1.826209,5768,6039,0
42160,6,8,0,15,1,17.774697,1.826120,5768,6039,0
42170,8,1,0,10,1,17.774511,1.826191,5768,6039,0
42180,6,4,0,11,1,17.773032,1.826068,5768,6039,0
42190,9,20,0,30,1,17.773419,1.826056,5768,6039,0
42200,8,11,0,20,1,17.774538,1.826172,5768,6042,0
42210,4,11,0,16,1,17.775721,1.826224,5768,6042,0
42220,1,5,0,7,1,17.772686,1.825940,5768,6042,0
42230,14,17,0,32,1,17.772658,1.825850,5768,6042,0
42240,11,7,0,19,1,17.774903,1.826122,5768,6042,0
42250,0,0,0,1,1,17.773254,1.825998,5768,6042,0
42260,2,8,0,11,1,17.770231,1.825752,5768,6042,0
42270,4,20,0,25,1,17.771154,1.825781,5768,6058,0
42280,11,20,0,32,1,17.772986,1.825944,5768,6064,0
42290,2,6,0,9,1,17.774394,1.826197,5768,6070,0
42300,4,7,0,12,1,17.771916,1.825900,5768,6070,0
42310,9,4,0,14,1,17.770332,1.825818,5768,6070,0
42320,20,19,0,40,1,17.772226,1.825961,5771,6073,0
42330,15,16,0,32,1,17.776348,1.826435,5773,6078,0
42340,10,20,0,31,1,17.780210,1.826842,5773,6086,0
42350,5,18,0,24,1,17.782624,1.827122,5773,6101,0
42360,5,15,0,21,1,17.783400,1.827252,5773,6105,0
42370,6,16,0,23,1,17.783590,1.827282,5773,6105,0
42380,0,2,0,3,1,17.781268,1.827107,5773,6105,0
42390,3,1,0,5,1,17.777936,1.826832,5773,6105,0
42400,7,14,0,22,1,17.776769,1.826687,5773,6105,0
42410,20,17,0,38,1,17.779779,1.827011,5791,6105,0
42420,15,13,0,29,1,17.783894,1.827520,5801,6109,0
42430,10,18,0,29,1,17.787258,1.827845,5801,6116,0
42440,15,18,0,34,1,17.789503,1.828019,5801,6118,0
42450,19,17,0,37,1,17.793246,1.828423,5804,6134,0
42460,13,16,0,30,1,17.798029,1.828987,5816,6154,0
42470,12,13,0,26,1,17.799844,1.829174,5816,6156,0
42480,17,17,0,35,1,17.803563,1.829554,5816,6156,0
42490,10,16,0,27,1,17.806949,1.829912,5816,6166,0
42500,5,10,0,16,1,17.808607,1.830075,5816,6166,0
42510,7,6,0,14,1,17.808136,1.830059,5816,6166,0
42520,5,12,0,18,1,17.808218,1.830029,5816,6166,0
42530,17,13,0,31,1,17.810313,1.830197,5821,6166,0
42540,16,9,0,26,1,17.813273,1.830493,5825,6166,0
42550,20,20,0,41,1,17.816623,1.830830,5831,6168,0
42560,9,7,0,17,1,17.818295,1.831056,5834,6168,0
42570,18,16,0,35,1,17.819784,1.831175,5834,6171,0
42580,15,19,0,35,1,17.824129,1.831636,5848,6178,0
42590,18,16,0,35,1,17.828378,1.832110,5852,6187,0
42600,11,16,0,28,1,17.830872,1.832443,5852,6187,0
42610,7,11,0,19,1,17.831987,1.832629,5852,6188,0
42620,2,1,0,4,1,17.829939,1.832416,5852,6188,0
42630,8,4,0,13,1,17.827499,1.832202,5852,6188,0
42640,4,3,0,8,1,17.825270,1.831965,5852,6188,0
42650,7,11,0,19,1,17.824386,1.831801,5852,6188,0
42660,13,11,0,25,1,17.824489,1.831790,5852,6188,0
42670,4,8,0,13,1,17.825983,1.831972,5852,6193,0
42680,4,1,0,6,1,17.823318,1.831713,5852,6193,0
42690,0,2,0,3,1,17.820069,1.831389,5852,6193,0
42700,0,0,0,1,1,17.816614,1.831039,5852,6193,0
42710,9,8,0,18,1,17.814489,1.830752,5852,6193,0
42720,6,19,0,26,1,17.815912,1.830917,5852,6200,0
42730,10,20,0,31,1,17.817790,1.831103,5852,6206,0
42740,0,7,0,8,1,17.818997,1.831298,5852,6215,0
42750,14,6,0,21,1,17.818628,1.831227,5852,6215,0
42760,20,16,0,37,1,17.821585,1.831497,5857,6219,0
42770,16,9,0,26,1,17.825575,1.831952,5859,6223,0
42780,0,1,0,2,1,17.824148,1.831807,5860,6223,0
42790,7,0,0,8,1,17.820607,1.831475,5860,6223,0
42800,0,0,0,0,0,17.817636,1.831184,5860,6223,0
42810,0,4,0,5,1,17.814517,1.830861,5860,6223,0
42820,4,0,0,5,1,17.811294,1.830517,5860,6223,0
42830,3,1,0,5,1,17.808383,1.830277,5860,6223,0
42840,8,3,0,12,1,17.805180,1.829940,5860,6223,0
42850,7,1,0,9,1,17.803679,1.829835,5860,6223,0
42860,0,0,0,0,0,17.800149,1.829584,5860,6223,0
42870,0,7,0,8,1,17.796708,1.829257,5860,6223,0
42880,3,12,0,16,1,17.793758,1.828894,5860,6223,0
42890,6,12,0,19,1,17.794026,1.828905,5860,6227,0
42900,0,0,0,1,1,17.792335,1.828799,5860,6227,0
42910,18,18,0,37,1,17.792944,1.828731,5861,6228,0
42920,13,16,0,30,1,17.797329,1.829222,5869,6236,0
42930,14,18,0,33,1,17.799820,1.829458,5873,6236,0
42940,17,18,0,36,1,17.803451,1.829863,5874,6261,0
42950,10,19,0,30,1,17.806710,1.830191,5874,6266,0
42960,9,10,0,20,1,17.809244,1.830496,5874,6275,0
42970,8,8,0,17,1,17.807656,1.830308,5874,6275,0
42980,3,3,0,7,1,17.805153,1.830148,5874,6275,0
42990,8,10,0,19,1,17.804067,1.830020,5874,6275,0
43000,3,7,0,11,1,17.802390,1.829858,5874,6275,0
43010,4,8,0,13,1,17.801080,1.829703,5874,6275,0
43020,1,8,0,10,1,17.800484,1.829603,5874,6277,0
43030,1,0,0,2,1,17.797609,1.829375,5874,6277,0
43040,4,9,0,14,1,17.794828,1.829064,5874,6277,0
43050,0,1,0,2,1,17.792446,1.828864,5874,6277,0
43060,1,11,0,13,1,17.789924,1.828588,5874,6277,0
43070,3,19,0,23,1,17.790258,1.828629,5874,6283,0
43080,10,9,0,20,1,17.793086,1.828955,5876,6288,0
43090,6,7,0,14,1,17.791767,1.828856,5876,6288,0
43100,13,17,0,31,1,17.793387,1.828967,5876,6288,0
43110,20,12,0,33,1,17.796425,1.829294,5881,6288,0
43120,13,14,0,28,1,17.800545,1.829771,5893,6295,0
43130,19,14,0,34,1,17.802807,1.829987,5893,6295,0
43140,19,17,0,37,1,17.806803,1.830408,5907,6296,0
43150,9,5,0,15,1,17.809471,1.830805,5914,6298,0
43160,13,17,0,31,1,17.810771,1.830888,5914,6298,0
43170,15,15,0,31,1,17.815001,1.831415,5920,6306,0
43180,8,6,0,15,1,17.817440,1.831711,5922,6306,0
43190,2,0,0,3,1,17.814801,1.831515,5922,6306,0
43200,3,1,0,5,1,17.811399,1.831171,5922,6306,0
43210,10,19,0,30,1,17.810573,1.831009,5922,6306,0
43220,20,16,0,37,1,17.813426,1.831299,5922,6314,0
43230,16,19,0,36,1,17.817447,1.831766,5926,6328,0
43240,9,15,0,25,1,17.820726,1.832112,5926,6342,0
43250,17,14,0,32,1,17.823517,1.832361,5930,6342,0
43260,19,19,0,39,1,17.827805,1.832838,5937,6359,0
43270,20,18,0,39,1,17.832333,1.833388,5949,6376,0
43280,18,17,0,36,1,17.836074,1.833830,5964,6379,0
43290,16,14,0,31,1,17.840142,1.834267,5967,6391,0
43300,14,3,0,18,1,17.842487,1.834579,5967,6391,0
43310,18,11,0,30,1,17.843991,1.834682,5967,6391,0
43320,17,4,0,22,1,17.845422,1.834865,5974,6391,0
43330,13,4,0,18,1,17.846817,1.835010,5985,6391,0
43340,9,19,0,29,1,17.848805,1.835216,5985,6395,0
43350,2,10,0,13,1,17.849199,1.835301,5985,6395,0
43360,6,15,0,22,1,17.849450,1.835267,5985,6395,0
43370,12,14,0,27,1,17.850333,1.835350,5985,6398,0
43380,10,14,0,25,1,17.852367,1.835573,5985,6405,0
43390,13,15,0,29,1,17.855080,1.835884,5985,6407,0
43400,8,14,0,23,1,17.857210,1.836121,5986,6407,0
43410,16,14,0,31,1,17.859170,1.836285,5986,6412,0
43420,19,13,0,33,1,17.863168,1.836732,6006,6415,0
43430,10,11,0,22,1,17.865709,1.837016,6008,6415,0
43440,11,17,0,29,1,17.867359,1.837165,6008,6418,0
43450,10,13,0,24,1,17.869095,1.837331,6008,6418,0
43460,16,18,0,35,1,17.872252,1.837648,6008,6422,0
43470,11,13,0,25,1,17.874975,1.837930,6008,6422,0
43480,17,7,0,25,1,17.875296,1.837998,6011,6422,0
43490,16,9,0,26,1,17.876559,1.838095,6012,6422,0
43500,16,5,0,22,1,17.877986,1.838247,6016,6422,0
43510,9,14,0,24,1,17.877028,1.838119,6016,6422,0
43520,3,0,0,4,1,17.876471,1.838080,6016,6422,0
43530,1,1,0,3,1,17.872905,1.837758,6016,6422,0
43540,0,3,0,4,1,17.869427,1.837445,6016,6422,0
43550,0,2,0,3,1,17.865914,1.837137,6016,6422,0
43560,11,9,0,21,1,17.866329,1.837142,6016,6422,0
43570,19,11,0,31,1,17.867675,1.837264,6021,6422,0
43580,13,13,0,27,1,17.871363,1.837666,6032,6425,0
43590,18,15,0,34,1,17.875283,1.838087,6037,6433,0
43600,18,15,0,34,1,17.879180,1.838502,6048,6446,0
43610,16,10,0,27,1,17.881885,1.838781,6054,6446,0
43620,17,6,0,24,1,17.882974,1.838899,6063,6446,0
43630,9,10,0,20,1,17.883975,1.839037,6066,6446,0
43640,0,1,0,2,1,17.882410,1.838943,6066,6446,0
43650,0,3,0,4,1,17.878782,1.838605,6066,6446,0
43660,1,2,0,4,1,17.875330,1.838269,6066,6446,0
43670,4,0,0,5,1,17.872218,1.837954,6066,6446,0
43680,1,7,0,9,1,17.869820,1.837691,6066,6446,0
43690,2,16,0,19,1,17.867809,1.837485,6066,6446,0
43700,17,20,0,38,1,17.870312,1.837705,6066,6455,0
43710,13,3,1,18,1,17.872247,1.837913,6073,6456,0
43720,19,6,0,26,1,17.874242,1.838159,6076,6456,0
43730,10,2,0,13,1,17.874446,1.838211,6080,6456,0
43740,9,16,0,26,1,17.874635,1.838210,6080,6456,0
43750,5,14,0,20,1,17.875619,1.838273,6080,6458,0
43760,9,16,0,26,1,17.876342,1.838323,6080,6458,0
43770,0,1,0,2,1,17.875978,1.838342,6080,6458,0
43780,1,1,0,3,1,17.874386,1.838149,6080,6458,0
43790,3,2,0,6,1,17.871816,1.837873,6080,6458,0
43800,14,18,0,33,1,17.871425,1.837799,6080,6458,0
43810,12,4,0,17,1,17.873736,1.838068,6080,6461,0
43820,5,8,0,14,1,17.872526,1.837954,6080,6461,0
43830,17,16,0,34,1,17.874790,1.838093,6080,6464,0
43840,15,7,0,23,1,17.877462,1.838394,6086,6464,0
43850,6,7,0,14,1,17.876540,1.838292,6086,6464,0
43860,20,9,0,30,1,17.876884,1.838307,6087,6464,0
43870,13,18,0,32,1,17.879703,1.838576,6090,6466,0
43880,6,13,0,20,1,17.882096,1.838905,6090,6469,0
43890,3,8,0,12,1,17.880756,1.838790,6090,6469,0
43900,10,14,0,25,1,17.881710,1.838868,6090,6469,0
43910,0,10,0,11,1,17.882824,1.838987,6090,6469,0
43920,4,15,0,20,1,17.882601,1.838923,6090,6469,0
43930,0,6,0,7,1,17.881320,1.838805,6090,6469,0
43940,0,1,0,2,1,17.877922,1.838525,6090,6469,0
43950,12,1,0,14,1,17.875159,1.838289,6090,6469,0
43960,7,6,0,14,1,17.873997,1.838205,6090,6469,0
43970,10,4,0,15,1,17.872738,1.838068,6090,6469,0
43980,2,0,0,3,1,17.870671,1.837921,6090,6469,0
43990,1,1,0,3,1,17.867293,1.837674,6090,6469,0
44000,1,1,0,3,1,17.863963,1.837336,6090,6469,0
44010,10,5,0,16,1,17.862728,1.837206,6090,6469,0
44020,1,2,0,4,1,17.860825,1.837007,6090,6469,0
44030,4,2,0,7,1,17.857816,1.836690,6090,6469,0
44040,3,5,0,9,1,17.856901,1.836571,6090,6469,0
44050,2,6,0,9,1,17.855634,1.836429,6090,6469,0
44060,3,12,0,16,1,17.855438,1.836397,6090,6469,0
44070,4,8,0,13,1,17.853442,1.836158,6090,6469,0
44080,6,0,0,7,1,17.851334,1.835938,6090,6469,0
44090,1,2,0,4,1,17.848561,1.835633,6090,6469,0
44100,9,6,0,16,1,17.846191,1.835330,6090,6469,0
44110,5,15,0,21,1,17.844925,1.835188,6090,6469,0
44120,19,2,0,22,1,17.846381,1.835356,6098,6469,0
44130,16,5,0,22,1,17.848008,1.835546,6117,6469,0
44140,18,16,0,35,1,17.850041,1.835743,6123,6469,0
44150,8,9,0,18,1,17.851101,1.835887,6126,6469,0
44160,18,16,0,35,1,17.854244,1.836147,6131,6469,0
44170,20,17,0,38,1,17.857339,1.836466,6133,6472,0
44180,12,18,0,31,1,17.860449,1.836779,6133,6474,0
44190,8,13,0,22,1,17.861231,1.836839,6133,6474,0
44200,17,20,0,38,1,17.863911,1.837047,6133,6476,0
44210,17,16,0,34,1,17.868107,1.837497,6146,6483,0
44220,16,17,0,34,1,17.871816,1.837892,6153,6493,0
44230,16,17,0,34,1,17.876223,1.838368,6158,6501,0
44240,10,10,0,21,1,17.878556,1.838677,6158,6502,0
44250,13,9,0,23,1,17.878384,1.838635,6158,6502,0
44260,5,9,1,16,1,17.876447,1.838377,6158,6502,0
44270,14,16,0,31,1,17.877982,1.838565,6158,6510,0
44280,10,17,0,28,1,17.881367,1.838880,6160,6523,0
44290,17,9,0,27,1,17.883661,1.839122,6161,6530,0
44300,20,20,0,41,1,17.887736,1.839525,6167,6543,0
44310,18,20,0,39,1,17.892004,1.840054,6171,6551,0
44320,19,14,0,34,1,17.894894,1.840352,6189,6553,0
44330,11,14,0,26,1,17.898871,1.840771,6203,6561,0
44340,13,20,0,34,1,17.900704,1.840939,6203,6561,0
44350,8,14,0,23,1,17.901842,1.841070,6203,6565,0
44360,5,10,0,16,1,17.902523,1.841145,6203,6565,0
44370,9,9,0,19,1,17.901736,1.840993,6203,6565,0
44380,5,9,0,15,1,17.901520,1.840946,6203,6565,0
44390,0,8,0,9,1,17.900793,1.840915,6203,6565,0
44400,8,3,0,12,1,17.899751,1.840792,6203,6565,0
44410,1,0,0,2,1,17.897115,1.840483,6203,6565,0
44420,0,2,0,3,1,17.893726,1.840153,6203,6565,0
44430,5,13,0,19,1,17.891966,1.839905,6203,6565,0
44440,9,10,0,20,1,17.892591,1.839923,6203,6565,0
44450,8,3,0,12,1,17.891782,1.839922,6203,6565,0
44460,9,0,0,10,1,17.890358,1.839768,6203,6565,0
44470,1,2,0,4,1,17.888657,1.839577,6203,6565,0
44480,11,5,0,17,1,17.887576,1.839450,6203,6565,0
44490,11,7,0,19,1,17.888209,1.839546,6203,6565,0
44500,15,12,0,28,1,17.890703,1.839803,6209,6565,0
44510,19,18,0,38,1,17.894988,1.840288,6220,6581,0
44520,8,19,0,28,1,17.898559,1.840673,6226,6582,0
44530,0,8,0,9,1,17.900623,1.840899,6226,6590,0
44540,0,0,0,0,0,17.897748,1.840613,6226,6590,0
44550,3,1,0,5,1,17.894331,1.840279,6226,6590,0
44560,7,0,0,8,1,17.891792,1.839990,6226,6590,0
44570,4,1,0,6,1,17.889848,1.839825,6226,6590,0
44580,7,10,0,18,1,17.890153,1.839827,6226,6590,0
44590,19,12,0,32,1,17.891758,1.839981,6228,6590,0
44600,13,7,0,21,1,17.892740,1.840112,6228,6590,0
44610,19,11,0,31,1,17.894236,1.840246,6234,6590,0
44620,5,3,0,9,1,17.894840,1.840385,6238,6590,0
44630,8,8,0,17,1,17.894539,1.840309,6238,6590,0
44640,2,1,0,4,1,17.893329,1.840224,6238,6590,0
44650,14,2,0,17,1,17.891340,1.840011,6238,6590,0
44660,10,5,0,16,1,17.891010,1.840008,6238,6590,0
44670,1,1,0,3,1,17.888324,1.839724,6238,6590,0
44680,1,1,0,3,1,17.885218,1.839444,6238,6590,0
44690,7,3,0,11,1,17.882071,1.839088,6238,6590,0
44700,2,12,0,15,1,17.880563,1.838904,6238,6590,0
44710,14,16,0,31,1,17.883753,1.839250,6250,6603,0
44720,8,1,0,10,1,17.884001,1.839323,6250,6604,0
44730,13,3,0,17,1,17.883674,1.839273,6251,6604,0
44740,17,10,0,28,1,17.883871,1.839320,6251,6604,0
44750,19,15,0,35,1,17.886440,1.839627,6258,6604,0
44760,20,20,0,41,1,17.890823,1.840083,6269,6625,0
44770,10,13,0,24,1,17.892450,1.840286,6271,6625,0
44780,15,14,0,30,1,17.892520,1.840264,6271,6625,0
44790,19,10,0,30,1,17.895057,1.840526,6276,6629,0
44800,14,12,0,27,1,17.898229,1.840811,6279,6629,0
44810,1,14,0,16,1,17.898872,1.840878,6279,6630,0
44820,3,12,1,17,1,17.897665,1.840704,6279,6635,0
44830,16,11,0,28,1,17.900782,1.841000,6286,6639,0
44840,19,8,0,28,1,17.902229,1.841163,6288,6639,0
44850,11,18,0,30,1,17.905594,1.841552,6288,6643,0
44860,2,1,0,4,1,17.904626,1.841534,6288,6644,0
44870,2,1,0,4,1,17.901879,1.841282,6288,6644,0
44880,2,7,0,10,1,17.898879,1.840932,6288,6644,0
44890,2,3,0,6,1,17.897304,1.840762,6288,6644,0
44900,7,8,0,16,1,17.894602,1.840473,6288,6644,0
44910,12,17,0,30,1,17.895783,1.840545,6288,6644,0
44920,10,3,0,14,1,17.895986,1.840596,6288,6644,0
44930,12,15,0,28,1,17.897521,1.840675,6288,6644,0
44940,15,8,0,24,1,17.899996,1.840968,6290,6644,0
44950,8,15,0,24,1,17.902702,1.841218,6290,6644,0
44960,12,14,0,27,1,17.905259,1.841486,6292,6644,0
44970,11,14,0,26,1,17.907660,1.841721,6292,6644,0
44980,15,17,0,33,1,17.910582,1.842031,6293,6649,0
44990,12,8,0,21,1,17.912122,1.842203,6293,6649,0
45000,5,6,0,12,1,17.911499,1.842136,6293,6649,0
45010,3,7,0,11,1,17.911061,1.842101,6293,6649,0
45020,16,8,0,25,1,17.911675,1.842097,6295,6649,0
45030,10,2,0,13,1,17.912891,1.842249,6309,6649,0
45040,7,1,0,9,1,17.910198,1.841981,6309,6649,0
45050,11,1,0,13,1,17.909898,1.841909,6309,6649,0
45060,16,6,0,23,1,17.911144,1.842047,6313,6649,0
45070,19,3,0,23,1,17.911490,1.842083,6315,6649,0
45080,10,9,0,20,1,17.912454,1.842200,6324,6649,0
45090,11,5,0,17,1,17.912087,1.842197,6324,6649,0
45100,3,4,1,9,1,17.910113,1.841978,6324,6649,0
45110,0,0,0,0,0,17.907227,1.841678,6324,6649,0
45120,2,1,0,4,1,17.904490,1.841444,6324,6649,0
45130,2,12,0,15,1,17.902191,1.841154,6324,6649,0
45140,3,13,0,17,1,17.902501,1.841170,6324,6649,0
45150,2,1,0,4,1,17.900917,1.841037,6324,6649,0
45160,6,4,0,11,1,17.899843,1.840907,6324,6649,0
45170,3,3,0,7,1,17.896396,1.840620,6324,6649,0
45180,1,1,0,3,1,17.895280,1.840473,6324,6649,0
45190,0,7,0,8,1,17.892601,1.840219,6324,6649,0
45200,2,3,0,6,1,17.889971,1.839983,6324,6649,0
45210,17,15,0,33,1,17.890795,1.839994,6324,6649,0
45220,19,19,0,39,1,17.894408,1.840417,6336,6649,0
45230,18,8,0,27,1,17.898367,1.840858,6343,6661,0
45240,9,8,0,18,1,17.900834,1.841117,6353,6661,0
45250,1,2,0,4,1,17.898809,1.840947,6353,6661,0
45260,0,4,0,5,1,17.895492,1.840620,6353,6661,0
45270,10,4,0,15,1,17.894384,1.840498,6353,6661,0
45280,13,3,0,17,1,17.894610,1.840523,6353,6661,0
45290,17,14,0,32,1,17.896200,1.840637,6357,6661,0
45300,10,10,0,21,1,17.899406,1.841005,6359,6665,0
45310,9,1,0,11,1,17.899521,1.841022,6359,6665,0
45320,0,1,0,2,1,17.897260,1.840799,6359,6665,0
45330,4,3,0,8,1,17.894825,1.840553,6359,6665,0
45340,12,7,0,20,1,17.893236,1.840370,6359,6665,0
45350,20,8,0,29,1,17.893825,1.840377,6359,6665,0
45360,7,14,0,22,1,17.895552,1.840564,6359,6665,0
45370,15,16,0,32,1,17.898145,1.840849,6363,6667,0
45380,12,16,0,29,1,17.901009,1.841182,6363,6671,0
45390,8,12,0,21,1,17.901084,1.841245,6363,6671,0
45400,7,15,0,23,1,17.900928,1.841225,6363,6671,0
45410,2,8,0,11,1,17.902134,1.841388,6363,6674,0
45420,20,13,0,34,1,17.904453,1.841527,6371,6674,0
45430,18,10,0,29,1,17.907460,1.841858,6374,6674,0
45440,12,10,0,23,1,17.909558,1.842067,6379,6674,0
45450,2,2,0,5,1,17.908382,1.841955,6379,6674,0
45460,5,8,0,14,1,17.906776,1.841849,6379,6674,0
45470,14,1,0,16,1,17.905475,1.841641,6379,6674,0
45480,7,6,0,14,1,17.903601,1.841454,6379,6674,0
45490,4,1,0,6,1,17.901327,1.841221,6379,6674,0
45500,2,6,0,9,1,17.900955,1.841162,6379,6674,0
45510,0,1,0,2,1,17.898628,1.840982,6379,6674,0
45520,6,2,0,9,1,17.895732,1.840581,6379,6674,0
45530,0,3,0,4,1,17.893335,1.840311,6379,6674,0
45540,4,6,0,11,1,17.891859,1.840098,6379,6674,0
45550,0,0,0,1,1,17.889058,1.839852,6379,6674,0
45560,2,2,0,5,1,17.886205,1.839568,6379,6674,0
45570,0,0,0,1,1,17.883679,1.839305,6379,6674,0
45580,0,1,0,2,1,17.880684,1.838981,6379,6674,0
45590,10,5,0,16,1,17.877826,1.838697,6379,6674,0
45600,3,8,0,12,1,17.877300,1.838673,6379,6674,0
45610,16,8,0,25,1,17.878591,1.838806,6379,6674,0
45620,3,10,0,14,1,17.880351,1.838984,6381,6674,0
45630,6,8,0,15,1,17.879928,1.838950,6381,6674,0
45640,7,7,0,15,1,17.877729,1.838675,6381,6674,0
45650,16,5,0,22,1,17.877818,1.838648,6381,6674,0
45660,0,14,0,15,1,17.878238,1.838684,6381,6674,0
45670,12,5,0,18,1,17.876564,1.838434,6381,6674,0
45680,18,5,0,24,1,17.877601,1.838541,6381,6674,0
45690,0,1,0,2,1,17.876948,1.838492,6381,6674,0
45700,0,1,0,2,1,17.873972,1.838182,6381,6674,0
45710,13,2,0,16,1,17.871335,1.837863,6381,6674,0
45720,15,0,0,16,1,17.872662,1.837942,6389,6674,0
45730,0,1,0,2,1,17.870143,1.837684,6389,6674,0
45740,0,0,0,1,1,17.866794,1.837382,6389,6674,0
45750,0,2,0,3,1,17.863368,1.837043,6389,6674,0
45760,5,1,0,7,1,17.860158,1.836755,6389,6674,0
45770,16,2,0,19,1,17.858962,1.836658,6389,6674,0
45780,6,6,0,13,1,17.858352,1.836572,6389,6674,0
45790,3,1,0,5,1,17.856169,1.836369,6389,6674,0
45800,12,6,0,19,1,17.855407,1.836242,6389,6674,0
45810,11,2,0,14,1,17.854788,1.836113,6389,6674,0
45820,4,5,0,10,1,17.852851,1.835956,6389,6674,0
45830,2,4,0,7,1,17.850723,1.835755,6389,6674,0
45840,2,4,0,7,1,17.847825,1.835454,6389,6674,0
45850,6,7,0,14,1,17.846843,1.835341,6389,6674,0
45860,2,10,0,13,1,17.846396,1.835276,6389,6674,0
45870,5,9,0,15,1,17.845563,1.835183,6389,6674,0
45880,0,0,0,1,1,17.844048,1.835036,6389,6674,0
45890,0,0,0,1,1,17.840663,1.834722,6389,6674,0
45900,5,10,0,16,1,17.838950,1.834510,6389,6674,0
45910,1,15,0,17,1,17.839828,1.834581,6389,6676,0
45920,3,12,0,16,1,17.839269,1.834475,6389,6676,0
45930,11,16,0,28,1,17.840389,1.834538,6389,6676,0
45940,9,9,0,19,1,17.842530,1.834775,6389,6682,0
45950,1,17,0,19,1,17.842383,1.834757,6389,6682,0
45960,2,17,0,20,1,17.843109,1.834812,6389,6691,0
45970,4,9,0,14,1,17.841620,1.834681,6389,6691,0
45980,12,9,1,23,1,17.841185,1.834588,6389,6691,0
45990,2,19,0,22,1,17.843299,1.834806,6389,6696,0
46000,0,1,0,2,1,17.843191,1.834853,6389,6698,0
46010,0,0,0,1,1,17.840877,1.834629,6389,6698,0
46020,0,0,0,0,0,17.838588,1.834427,6389,6698,0
46030,15,5,0,21,1,17.836743,1.834206,6389,6698,0
46040,13,13,0,27,1,17.838540,1.834330,6393,6698,0
46050,0,11,0,12,1,17.838573,1.834338,6393,6698,0
46060,2,4,0,7,1,17.836742,1.834184,6393,6698,0
46070,0,0,0,1,1,17.834120,1.833944,6393,6698,0
46080,5,3,0,9,1,17.830830,1.833627,6393,6698,0
46090,14,4,0,19,1,17.829128,1.833453,6393,6698,0
46100,10,12,0,23,1,17.830707,1.833563,6395,6698,0
46110,6,15,0,22,1,17.831423,1.833642,6395,6698,0
46120,9,8,0,18,1,17.831301,1.833651,6395,6698,0
46130,18,1,0,20,1,17.831470,1.833628,6395,6698,0
46140,19,9,0,29,1,17.833821,1.833879,6402,6698,0
46150,18,12,0,31,1,17.836568,1.834130,6410,6702,0
46160,7,17,0,25,1,17.837537,1.834206,6411,6702,0
46170,9,19,0,29,1,17.838575,1.834322,6411,6703,0
46180,15,18,0,34,1,17.841057,1.834583,6411,6708,0
46190,12,16,0,29,1,17.844295,1.834945,6411,6720,0
46200,18,20,0,39,1,17.847227,1.835272,6411,6722,0
46210,4,11,0,16,1,17.848556,1.835389,6411,6727,0
46220,9,6,0,16,1,17.846691,1.835182,6411,6727,0
46230,0,3,0,4,1,17.844376,1.834986,6411,6727,0
46240,10,17,0,28,1,17.843851,1.834851,6411,6731,0
46250,19,15,0,35,1,17.846321,1.835004,6414,6736,0
46260,13,10,0,24,1,17.849229,1.835329,6418,6736,0
46270,5,6,0,12,1,17.849615,1.835378,6418,6736,0
46280,3,0,0,4,1,17.847940,1.835174,6418,6736,0
46290,1,3,0,5,1,17.844657,1.834846,6418,6736,0
46300,13,17,0,31,1,17.843947,1.834725,6418,6736,0
46310,16,19,0,36,1,17.846445,1.834938,6418,6738,0
46320,12,19,0,32,1,17.848775,1.835174,6418,6738,0
46330,6,15,0,22,1,17.850021,1.835328,6418,6741,0
46340,4,3,0,8,1,17.848991,1.835223,6418,6742,0
46350,16,18,0,35,1,17.848056,1.835059,6418,6742,0
46360,0,19,0,20,1,17.849572,1.835281,6418,6747,0
46370,10,18,0,29,1,17.851602,1.835458,6418,6760,0
46380,3,0,0,4,1,17.851004,1.835438,6418,6760,0
46390,0,0,0,0,0,17.847910,1.835170,6418,6760,0
46400,1,2,0,4,1,17.844928,1.834848,6418,6760,0
46410,5,1,0,7,1,17.842388,1.834552,6418,6760,0
46420,16,10,0,27,1,17.841966,1.834452,6418,6760,0
46430,11,13,0,25,1,17.843298,1.834615,6418,6760,0
46440,13,20,0,34,1,17.844446,1.834681,6418,6763,0
46450,2,4,0,7,1,17.843210,1.834608,6418,6768,0
46460,0,3,0,4,1,17.840897,1.834379,6418,6768,0
46470,3,6,0,10,1,17.838443,1.834132,6418,6768,0
46480,13,7,0,21,1,17.838764,1.834129,6418,6768,0
46490,19,13,0,33,1,17.838778,1.834035,6421,6768,0
46500,14,15,0,30,1,17.841314,1.834288,6421,6768,0
46510,18,12,0,31,1,17.843824,1.834495,6421,6768,0
46520,15,12,0,28,1,17.845776,1.834656,6424,6768,0
46530,20,0,0,21,1,17.846069,1.834744,6427,6768,0
46540,11,1,0,13,1,17.845364,1.834697,6427,6768,0
46550,1,1,0,3,1,17.844152,1.834565,6427,6768,0
46560,14,8,0,23,1,17.843304,1.834447,6427,6768,0
46570,12,8,0,21,1,17.844683,1.834590,6431,6768,0
46580,17,19,0,37,1,17.846303,1.834672,6431,6769,0
46590,10,15,0,26,1,17.848333,1.834939,6431,6771,0
46600,4,6,0,11,1,17.848229,1.834953,6431,6771,0
46610,6,3,0,10,1,17.847716,1.834902,6431,6771,0
46620,4,10,0,15,1,17.845538,1.834663,6431,6771,0
46630,6,16,0,23,1,17.846595,1.834752,6431,6779,0
46640,9,12,1,23,1,17.847839,1.834918,6431,6779,0
46650,9,13,0,23,1,17.848765,1.835038,6431,6779,0
46660,7,5,0,13,1,17.848893,1.835044,6431,6779,0
46670,18,18,0,37,1,17.851817,1.835318,6449,6779,0
46680,16,5,0,22,1,17.854373,1.835521,6449,6784,0
46690,9,8,0,18,1,17.853786,1.835482,6449,6784,0
46700,13,4,0,18,1,17.853481,1.835452,6449,6784,0
46710,5,2,0,8,1,17.851448,1.835228,6449,6784,0
46720,2,3,0,6,1,17.848225,1.834897,6449,6784,0
46730,4,6,0,11,1,17.846371,1.834680,6449,6784,0
46740,17,9,0,27,1,17.846949,1.834696,6456,6784,0
46750,4,8,0,13,1,17.846662,1.834712,6456,6784,0
46760,16,17,0,34,1,17.846678,1.834622,6456,6787,0
46770,14,6,0,21,1,17.848009,1.834760,6456,6787,0
46780,19,10,0,30,1,17.849475,1.834940,6460,6787,0
46790,0,0,0,0,0,17.847592,1.834808,6460,6787,0
46800,11,17,0,29,1,17.845487,1.834484,6460,6787,0
46810,14,12,0,27,1,17.846408,1.834507,6460,6787,0
46820,12,15,0,28,1,17.849309,1.834766,6464,6787,0
46830,16,16,2,35,1,17.851909,1.835034,6469,6787,0
46840,18,9,0,28,1,17.854833,1.835344,6472,6795,0
46850,9,4,0,14,1,17.855206,1.835396,6472,6795,0
46860,7,13,0,21,1,17.856166,1.835439,6472,6795,0
46870,11,9,0,21,1,17.858016,1.835570,6472,6795,0
46880,11,11,0,23,1,17.859435,1.835713,6472,6795,0
46890,16,5,0,22,1,17.861335,1.835925,6473,6795,0
46900,12,6,0,19,1,17.861832,1.836002,6476,6795,0
46910,1,7,0,9,1,17.860544,1.835871,6476,6795,0
46920,2,7,0,10,1,17.857970,1.835639,6476,6795,0
46930,0,1,0,2,1,17.854824,1.835293,6476,6795,0
46940,3,0,0,4,1,17.851595,1.834966,6476,6795,0
46950,0,0,0,0,0,17.848977,1.834734,6476,6795,0
46960,3,1,0,5,1,17.845848,1.834402,6476,6795,0
46970,20,10,0,31,1,17.846709,1.834459,6483,6795,0
46980,10,4,0,15,1,17.848319,1.834618,6487,6795,0
46990,1,1,0,3,1,17.846130,1.834446,6487,6795,0
47000,1,7,0,9,1,17.842868,1.834144,6487,6795,0
47010,6,11,0,18,1,17.839893,1.833832,6487,6795,0
47020,5,2,0,8,1,17.837891,1.833631,6487,6795,0
47030,9,5,0,15,1,17.835983,1.833408,6487,6795,0
47040,4,7,0,12,1,17.834866,1.833302,6487,6795,0
47050,7,4,0,12,1,17.833890,1.833203,6487,6795,0
47060,16,18,0,35,1,17.835771,1.833341,6495,6795,0
47070,19,11,0,31,1,17.838929,1.833703,6513,6802,0
47080,10,11,0,22,1,17.841130,1.833955,6514,6802,0
47090,9,18,0,28,1,17.842790,1.834106,6514,6804,0
47100,4,7,0,12,1,17.844673,1.834345,6514,6809,0
47110,9,4,0,14,1,17.842655,1.834147,6514,6809,0
47120,0,0,0,1,1,17.840468,1.833947,6514,6809,0
47130,10,3,0,14,1,17.839124,1.833806,6514,6809,0
47140,5,2,0,8,1,17.838175,1.833690,6514,6809,0
47150,0,0,0,0,0,17.834953,1.833436,6514,6809,0
47160,16,2,0,19,1,17.832517,1.833130,6514,6809,0
47170,18,10,0,29,1,17.834474,1.833325,6522,6809,0
47180,20,6,0,27,1,17.835379,1.833471,6526,6809,0
47190,20,10,0,31,1,17.836617,1.833591,6534,6809,0
47200,20,20,0,41,1,17.838916,1.833792,6547,6810,0
47210,7,8,0,16,1,17.842516,1.834295,6559,6821,0
47220,2,8,0,11,1,17.842371,1.834290,6559,6821,0
47230,0,12,0,13,1,17.843455,1.834454,6559,6838,0
47240,12,4,0,17,1,17.842567,1.834332,6559,6838,0
47250,13,13,0,27,1,17.842313,1.834271,6559,6838,0
47260,7,5,0,13,1,17.842158,1.834260,6559,6838,0
47270,2,3,0,6,1,17.839511,1.834013,6559,6838,0
47280,6,4,0,11,1,17.837308,1.833792,6559,6838,0
47290,12,10,0,23,1,17.836112,1.833658,6559,6838,0
47300,20,16,0,37,1,17.837904,1.833803,6561,6838,0
47310,19,16,0,36,1,17.841918,1.834273,6570,6853,0
47320,16,8,0,25,1,17.843405,1.834463,6571,6853,0
47330,17,17,0,35,1,17.845936,1.834672,6576,6853,0
47340,12,17,0,30,1,17.848711,1.834974,6576,6853,0
47350,19,17,0,37,1,17.851887,1.835310,6581,6858,0
47360,19,20,0,40,1,17.856081,1.835770,6594,6862,0
47370,10,16,0,27,1,17.859796,1.836165,6598,6872,0
47380,11,7,0,19,1,17.861258,1.836304,6598,6873,0
47390,15,8,0,24,1,17.862009,1.836379,6598,6873,0
47400,20,1,0,22,1,17.864094,1.836618,6611,6873,0
47410,18,19,0,38,1,17.865940,1.836757,6625,6875,0
47420,6,14,0,21,1,17.867629,1.836984,6625,6877,0
47430,16,12,0,29,1,17.868313,1.837107,6625,6877,0
47440,19,7,0,27,1,17.868278,1.837080,6625,6877,0
47450,18,7,0,26,1,17.869853,1.837235,6643,6877,0
47460,17,11,0,29,1,17.871135,1.837308,6643,6877,0
47470,9,10,1,21,1,17.872599,1.837512,6646,6877,0
47480,19,8,0,28,1,17.874040,1.837665,6653,6877,0
47490,1,3,0,5,1,17.874366,1.837707,6655,6877,0
47500,10,4,0,15,1,17.872217,1.837464,6655,6877,0
47510,2,1,0,4,1,17.871375,1.837406,6655,6877,0
47520,0,1,0,2,1,17.868644,1.837146,6655,6877,0
47530,14,3,0,18,1,17.866766,1.836946,6655,6877,0
47540,15,3,0,19,1,17.867115,1.836959,6655,6877,0
47550,11,11,0,23,1,17.867221,1.836920,6655,6877,0
47560,17,17,0,35,1,17.870509,1.837295,6657,6882,0
47570,15,16,0,32,1,17.873736,1.837588,6657,6882,0
47580,20,19,1,41,1,17.877625,1.837981,6669,6883,0
47590,13,14,0,28,1,17.880086,1.838306,6669,6886,0
47600,14,7,0,22,1,17.882353,1.838596,6672,6886,0
47610,19,14,0,34,1,17.884916,1.838860,6676,6886,0
47620,17,14,0,32,1,17.887360,1.839137,6677,6886,0
47630,11,4,0,16,1,17.888681,1.839265,6677,6886,0
47640,17,11,0,29,1,17.889226,1.839275,6679,6886,0
47650,14,20,1,36,1,17.891490,1.839469,6681,6891,0
47660,17,17,0,35,1,17.894812,1.839812,6692,6894,0
47670,12,18,0,31,1,17.897891,1.840173,6692,6906,0
47680,12,18,0,31,1,17.899463,1.840339,6692,6915,0
47690,11,7,0,19,1,17.900440,1.840473,6692,6915,0
47700,13,15,0,29,1,17.903269,1.840777,6710,6915,0
47710,11,18,0,30,1,17.903607,1.840804,6710,6917,0
47720,11,16,0,28,1,17.906501,1.841115,6710,6919,0
47730,13,6,0,20,1,17.906843,1.841222,6710,6919,0
47740,20,2,0,23,1,17.906965,1.841208,6714,6919,0
47750,19,13,0,33,1,17.908907,1.841385,6731,6919,0
47760,17,11,0,29,1,17.911715,1.841726,6743,6919,0
47770,17,10,0,28,1,17.912682,1.841851,6747,6919,0
47780,7,1,0,9,1,17.912942,1.841938,6750,6919,0
47790,5,2,0,8,1,17.912146,1.841869,6750,6919,0
47800,6,13,0,20,1,17.910362,1.841643,6750,6919,0
47810,6,8,0,15,1,17.912041,1.841781,6750,6919,0
47820,4,4,0,9,1,17.911591,1.841732,6750,6919,0
47830,6,4,0,11,1,17.909330,1.841433,6750,6919,0
47840,6,7,0,14,1,17.909656,1.841459,6750,6919,0
47850,16,12,0,29,1,17.910089,1.841473,6750,6919,0
47860,19,19,0,39,1,17.913701,1.841866,6752,6926,0
47870,20,10,0,31,1,17.916709,1.842176,6754,6931,0
47880,13,20,0,34,1,17.919770,1.842460,6762,6933,0
47890,15,2,0,18,1,17.922419,1.842737,6766,6940,0
47900,20,11,0,32,1,17.923215,1.842769,6770,6940,0
47910,19,11,0,31,1,17.924332,1.842897,6772,6940,0
47920,0,5,0,6,1,17.923827,1.842861,6773,6940,0
47930,4,5,0,10,1,17.921606,1.842587,6773,6940,0
47940,10,20,0,31,1,17.922100,1.842623,6773,6942,0
47950,16,12,0,29,1,17.923215,1.842762,6773,6953,0
47960,20,19,0,40,1,17.926713,1.843127,6780,6965,0
47970,16,17,0,34,1,17.930940,1.843641,6804,6977,0
47980,5,4,0,10,1,17.932070,1.843770,6804,6979,0
47990,9,0,0,10,1,17.931860,1.843742,6807,6979,0
48000,1,1,0,3,1,17.929889,1.843584,6807,6979,0
48010,10,9,0,20,1,17.927662,1.843277,6807,6979,0
48020,13,6,0,20,1,17.927500,1.843202,6807,6979,0
48030,13,10,0,24,1,17.929299,1.843388,6812,6979,0
48040,7,7,0,15,1,17.929207,1.843403,6812,6979,0
48050,0,0,0,1,1,17.926049,1.843135,6812,6979,0
48060,0,1,0,2,1,17.924361,1.842982,6812,6979,0
48070,11,5,0,17,1,17.921512,1.842686,6812,6979,0
48080,4,2,0,7,1,17.918914,1.842432,6812,6979,0
48090,1,0,0,2,1,17.915867,1.842179,6812,6979,0
48100,12,2,0,15,1,17.914247,1.842001,6812,6979,0
48110,2,5,0,8,1,17.911668,1.841757,6812,6979,0
48120,13,3,0,17,1,17.910278,1.841572,6812,6979,0
48130,8,20,0,29,1,17.911149,1.841682,6812,6979,0
48140,3,13,0,17,1,17.913077,1.841873,6812,6982,0
48150,0,8,0,9,1,17.911858,1.841772,6812,6982,0
48160,9,4,0,14,1,17.911112,1.841669,6812,6982,0
48170,16,11,0,28,1,17.911941,1.841704,6812,6982,0
48180,9,20,0,30,1,17.914379,1.841921,6812,6984,0
48190,10,3,0,14,1,17.914542,1.841982,6812,6985,0
48200,6,7,0,14,1,17.913202,1.841798,6812,6985,0
48210,0,2,0,3,1,17.910409,1.841535,6812,6985,0
48220,1,0,0,2,1,17.907310,1.841253,6812,6985,0
48230,3,10,0,14,1,17.905707,1.841093,6812,6985,0
48240,16,5,0,22,1,17.905479,1.841055,6812,6985,0
48250,1,2,0,4,1,17.903496,1.840883,6812,6985,0
48260,7,1,0,9,1,17.900416,1.840587,6812,6985,0
48270,0,0,0,0,0,17.897432,1.840348,6812,6985,0
48280,3,3,0,7,1,17.894631,1.840077,6812,6985,0
48290,5,17,0,23,1,17.892678,1.839857,6812,6985,0
48300,12,14,0,27,1,17.894453,1.840029,6812,6985,0
48310,7,9,0,17,1,17.894523,1.840018,6812,6985,0
48320,3,4,0,8,1,17.892680,1.839817,6812,6985,0
48330,2,3,0,6,1,17.890752,1.839593,6812,6985,0
48340,6,6,0,13,1,17.887997,1.839302,6812,6985,0
48350,1,3,0,5,1,17.886126,1.839107,6812,6985,0
48360,8,9,0,18,1,17.885424,1.838985,6812,6985,0
48370,20,20,0,41,1,17.888003,1.839228,6814,6987,0
48380,17,14,0,32,1,17.891883,1.839698,6833,6991,0
48390,15,12,0,28,1,17.895543,1.840115,6839,7004,0
48400,19,17,0,37,1,17.898228,1.840380,6840,7004,0
48410,6,9,0,16,1,17.900165,1.840604,6840,7004,0
48420,0,1,0,2,1,17.898706,1.840470,6840,7004,0
48430,11,11,0,23,1,17.897113,1.840237,6840,7004,0
48440,18,14,0,33,1,17.898446,1.840375,6840,7004,0
48450,2,1,0,4,1,17.898712,1.840470,6842,7004,0
48460,0,0,0,1,1,17.895762,1.840246,6842,7004,0
48470,3,1,0,5,1,17.893371,1.839993,6842,7004,0
48480,6,2,0,9,1,17.891588,1.839807,6842,7004,0
48490,6,3,0,10,1,17.890704,1.839685,6842,7004,0
48500,18,1,0,20,1,17.891500,1.839718,6844,7004,0
48510,12,7,0,20,1,17.892850,1.839885,6847,7004,0
48520,20,20,0,41,1,17.895437,1.840144,6850,7004,0
48530,17,19,0,37,1,17.899005,1.840527,6851,7018,0
48540,13,19,0,33,1,17.901698,1.840770,6851,7021,0
48550,18,13,0,32,1,17.904303,1.841058,6857,7022,0
48560,14,11,0,26,1,17.907311,1.841404,6859,7026,0
48570,5,9,0,15,1,17.908495,1.841530,6859,7026,0
48580,5,0,0,6,1,17.905831,1.841250,6859,7026,0
48590,0,0,0,0,0,17.902659,1.840909,6859,7026,0
48600,6,11,0,18,1,17.901174,1.840687,6859,7026,0
48610,3,10,0,14,1,17.900561,1.840629,6859,7026,0
48620,17,15,0,33,1,17.902549,1.840784,6860,7032,0
48630,13,15,0,29,1,17.904867,1.841046,6860,7032,0
48640,14,17,0,32,1,17.908176,1.841411,6867,7032,0
48650,1,14,0,16,1,17.909915,1.841587,6867,7034,0
48660,5,10,0,16,1,17.910487,1.841631,6867,7040,0
48670,6,13,0,20,1,17.911193,1.841654,6867,7040,0
48680,10,17,0,28,1,17.913541,1.841842,6867,7046,0
48690,7,12,0,20,1,17.914629,1.841982,6867,7046,0
48700,16,18,0,35,1,17.916899,1.842147,6867,7056,0
48710,17,11,0,29,1,17.920414,1.842501,6876,7064,0
48720,15,12,0,28,1,17.922456,1.842767,6890,7064,0
48730,18,13,0,32,1,17.924806,1.842970,6891,7064,0
48740,19,10,0,30,1,17.927605,1.843247,6901,7065,0
48750,15,17,0,33,1,17.930613,1.843562,6908,7065,0
48760,14,19,0,34,1,17.933499,1.843887,6908,7072,0
48770,4,7,0,12,1,17.934379,1.843998,6908,7078,0
48780,14,2,0,17,1,17.934231,1.843929,6908,7078,0
48790,7,8,0,16,1,17.934412,1.843937,6908,7078,0
48800,7,11,0,19,1,17.933684,1.843836,6908,7078,0
48810,0,0,0,1,1,17.932576,1.843742,6908,7078,0
48820,1,1,0,3,1,17.929384,1.843442,6908,7078,0
48830,1,11,0,13,1,17.926858,1.843184,6908,7078,0
48840,4,3,0,8,1,17.924733,1.842993,6908,7078,0
48850,0,0,0,0,0,17.921708,1.842757,6908,7078,0
48860,7,1,0,9,1,17.919996,1.842574,6908,7078,0
48870,0,2,0,3,1,17.917584,1.842358,6908,7078,0
48880,0,3,0,4,1,17.914686,1.842057,6908,7078,0
48890,6,2,1,10,1,17.912906,1.841875,6908,7078,0
48900,18,10,0,29,1,17.911661,1.841675,6908,7078,0
48910,15,14,0,30,1,17.913280,1.841792,6908,7078,0
48920,16,8,0,25,1,17.916309,1.842166,6911,7090,0
48930,20,9,0,30,1,17.917552,1.842279,6921,7090,0
48940,15,19,0,35,1,17.920529,1.842591,6926,7094,0
48950,15,11,0,27,1,17.923809,1.842956,6929,7101,0
48960,18,4,0,23,1,17.925398,1.843120,6932,7101,0
48970,16,11,0,28,1,17.927998,1.843416,6946,7101,0
48980,14,14,0,29,1,17.930511,1.843636,6946,7104,0
48990,20,4,0,25,1,17.932100,1.843812,6947,7104,0
49000,11,0,0,12,1,17.932335,1.843837,6956,7104,0
49010,1,6,0,8,1,17.930315,1.843635,6956,7104,0
49020,11,5,0,17,1,17.929949,1.843609,6956,7104,0
49030,16,18,0,35,1,17.932152,1.843822,6956,7104,0
49040,18,19,0,38,1,17.935957,1.844233,6963,7110,0
49050,13,15,0,29,1,17.938443,1.844501,6963,7113,0
49060,19,14,0,34,1,17.941153,1.844762,6963,7113,0
49070,18,10,0,29,1,17.943657,1.844985,6977,7113,0
49080,9,7,0,17,1,17.944108,1.845021,6980,7113,0
49090,1,5,0,7,1,17.942337,1.844844,6980,7113,0
49100,3,0,0,4,1,17.939509,1.844597,6980,7113,0
49110,10,4,0,15,1,17.937355,1.844345,6980,7113,0
49120,6,8,0,15,1,17.935744,1.844150,6980,7113,0
49130,1,0,0,2,1,17.934163,1.844023,6980,7113,0
49140,0,0,0,0,0,17.931511,1.843801,6980,7113,0
49150,13,13,0,27,1,17.929894,1.843597,6980,7113,0
49160,12,10,0,23,1,17.930621,1.843685,6980,7113,0
49170,15,7,0,23,1,17.931108,1.843697,6980,7113,0
49180,6,10,0,17,1,17.931496,1.843738,6980,7113,0
49190,17,13,0,31,1,17.933062,1.843846,6984,7113,0
49200,15,19,0,35,1,17.936178,1.844206,6991,7118,0
49210,16,20,0,37,1,17.939545,1.844603,6997,7141,0
49220,10,18,0,29,1,17.941353,1.844802,6997,7154,0
49230,9,14,0,24,1,17.942302,1.844954,6997,7154,0
49240,13,5,0,19,1,17.943041,1.845039,6997,7154,0
49250,14,6,0,21,1,17.942355,1.844935,6997,7154,0
49260,11,12,0,24,1,17.943583,1.845043,6997,7154,0
49270,8,6,0,15,1,17.945895,1.845251,6998,7156,0
49280,0,1,0,2,1,17.944347,1.845100,6998,7156,0
49290,5,5,0,11,1,17.941531,1.844804,6998,7156,0
49300,18,9,0,28,1,17.942091,1.844809,6999,7156,0
49310,6,0,0,7,1,17.942447,1.844904,6999,7156,0
49320,7,0,0,8,1,17.939975,1.844666,6999,7156,0
49330,2,6,0,9,1,17.938090,1.844431,6999,7156,0
49340,0,1,0,2,1,17.936184,1.844247,6999,7156,0
49350,7,4,0,12,1,17.933736,1.843989,6999,7156,0
49360,6,14,0,21,1,17.933395,1.843901,6999,7156,0
49370,9,18,0,28,1,17.933716,1.843912,6999,7156,0
49380,1,15,0,17,1,17.934392,1.843948,6999,7156,0
49390,2,3,0,6,1,17.932901,1.843800,6999,7156,0
49400,4,5,0,10,1,17.931879,1.843688,6999,7156,0
49410,11,15,0,27,1,17.932584,1.843685,6999,7159,0
49420,12,15,0,28,1,17.935995,1.844029,6999,7165,0
49430,11,10,0,22,1,17.938098,1.844269,6999,7170,0
49440,8,17,0,26,1,17.939489,1.844390,6999,7171,0
49450,18,17,0,36,1,17.941616,1.844610,6999,7180,0
49460,1,2,0,4,1,17.942917,1.844752,6999,7182,0
49470,5,1,0,7,1,17.939824,1.844412,6999,7182,0
49480,4,6,0,11,1,17.938357,1.844300,6999,7182,0
49490,0,0,0,0,0,17.935167,1.844031,6999,7182,0
49500,8,6,0,15,1,17.933242,1.843838,6999,7182,0
49510,7,17,0,25,1,17.933206,1.843843,6999,7182,0
49520,9,9,0,19,1,17.933037,1.843796,6999,7182,0
49530,13,9,0,23,1,17.933240,1.843806,6999,7182,0
49540,12,14,0,27,1,17.933641,1.843864,6999,7182,0
49550,6,0,0,7,1,17.934284,1.843908,6999,7182,0
49560,2,7,0,10,1,17.932072,1.843704,6999,7182,0
49570,18,12,0,31,1,17.933165,1.843760,6999,7182,0
49580,12,18,0,31,1,17.935894,1.844054,7002,7182,0
49590,0,15,0,16,1,17.936639,1.844173,7002,7184,0
49600,0,0,0,0,0,17.935106,1.844013,7002,7184,0
49610,3,17,0,21,1,17.932896,1.843787,7002,7184,0
49620,7,16,0,24,1,17.933421,1.843857,7002,7186,0
49630,7,17,0,25,1,17.934015,1.843923,7002,7186,0
49640,7,16,0,24,1,17.934828,1.843961,7002,7195,0
49650,6,4,0,11,1,17.933702,1.843789,7002,7195,0
49660,0,5,0,6,1,17.931178,1.843577,7002,7195,0
49670,0,1,0,2,1,17.928477,1.843308,7002,7195,0
49680,6,5,0,12,1,17.926329,1.843073,7002,7195,0
49690,3,5,0,9,1,17.924331,1.842853,7002,7195,0
49700,5,0,0,6,1,17.921526,1.842615,7002,7195,0
49710,2,0,0,3,1,17.920503,1.842473,7002,7195,0
49720,0,3,0,4,1,17.917428,1.842192,7002,7195,0
49730,1,0,0,2,1,17.914245,1.841892,7002,7195,0
49740,4,15,0,20,1,17.911885,1.841571,7002,7195,0
49750,11,14,0,26,1,17.913429,1.841730,7002,7201,0
49760,9,17,0,27,1,17.915561,1.841985,7002,7206,0
49770,10,17,0,28,1,17.918719,1.842345,7012,7212,0
49780,9,16,0,26,1,17.921913,1.842689,7017,7215,0
49790,13,15,0,29,1,17.924947,1.843029,7017,7220,0
49800,19,18,0,38,1,17.927765,1.843305,7020,7222,0
49810,17,3,0,21,1,17.930047,1.843551,7023,7225,0
49820,16,13,0,30,1,17.931646,1.843717,7028,7225,0
49830,17,16,0,34,1,17.933506,1.843867,7028,7225,0
49840,19,18,0,38,1,17.937003,1.844220,7030,7227,0
49850,20,16,0,37,1,17.940746,1.844667,7042,7228,0
49860,9,13,0,23,1,17.941899,1.844840,7044,7228,0
49870,12,18,0,31,1,17.943573,1.845001,7044,7230,0
49880,7,11,0,19,1,17.943578,1.844957,7044,7230,0
49890,12,12,0,25,1,17.945202,1.845118,7044,7230,0
49900,19,12,0,32,1,17.945653,1.845062,7044,7230,0
49910,14,15,0,30,1,17.948815,1.845381,7045,7231,0
49920,15,12,0,28,1,17.950688,1.845533,7045,7231,0
49930,15,16,0,32,1,17.953844,1.845835,7047,7238,0
49940,7,10,0,18,1,17.955643,1.846002,7047,7247,0
49950,6,11,0,18,1,17.954983,1.845932,7047,7247,0
49960,12,13,0,26,1,17.956515,1.846029,7047,7250,0
49970,9,15,0,25,1,17.959096,1.846341,7048,7254,0
49980,5,13,0,19,1,17.957895,1.846230,7048,7254,0
49990,5,5,0,11,1,17.957498,1.846171,7048,7254,0
50000,7,13,0,21,1,17.957610,1.846135,7048,7254,0
50010,0,10,0,11,1,17.957727,1.846186,7048,7258,0
50020,5,14,0,20,1,17.958618,1.846278,7048,7264,0
50030,1,1,0,3,1,17.956927,1.846109,7048,7264,0
50040,1,2,0,4,1,17.954046,1.845841,7048,7264,0
50050,12,5,0,18,1,17.952943,1.845690,7048,7264,0
50060,1,0,0,2,1,17.952746,1.845675,7052,7264,0
50070,8,3,0,12,1,17.952062,1.845598,7052,7264,0
50080,7,9,0,17,1,17.950664,1.845448,7052,7264,0
50090,11,10,0,22,1,17.951497,1.845478,7052,7264,0
50100,10,16,0,27,1,17.954297,1.845702,7052,7265,0
50110,8,16,0,25,1,17.956720,1.845948,7052,7272,0
50120,7,11,0,19,1,17.956984,1.845965,7052,7274,0
50130,9,2,0,12,1,17.956050,1.845866,7052,7274,0
50140,4,2,0,7,1,17.954662,1.845770,7052,7274,0
50150,1,6,0,8,1,17.953636,1.845681,7052,7274,0
50160,3,10,0,14,1,17.952532,1.845587,7052,7274,0
50170,17,19,0,37,1,17.953671,1.845675,7055,7277,0
50180,16,11,0,28,1,17.956506,1.845972,7066,7283,0
50190,1,0,0,2,1,17.956058,1.845949,7066,7283,0
50200,3,1,0,5,1,17.953359,1.845692,7066,7283,0
50210,3,2,0,6,1,17.950652,1.845388,7066,7283,0
50220,14,13,0,28,1,17.950509,1.845321,7066,7283,0
50230,9,3,0,13,1,17.952003,1.845502,7071,7283,0
50240,18,14,0,33,1,17.952138,1.845434,7071,7283,0
50250,8,8,0,17,1,17.951638,1.845410,7071,7283,0
50260,7,5,0,13,1,17.951098,1.845322,7071,7283,0
50270,20,8,0,29,1,17.952110,1.845393,7079,7283,0
50280,16,14,0,31,1,17.954148,1.845622,7083,7283,0
50290,16,17,0,34,1,17.956717,1.845865,7083,7284,0
50300,6,17,0,24,1,17.958901,1.846121,7083,7297,0
50310,1,7,0,9,1,17.959402,1.846181,7083,7302,0
50320,4,15,0,20,1,17.959168,1.846131,7083,7302,0
50330,8,3,0,12,1,17.956560,1.845883,7083,7302,0
50340,3,3,0,7,1,17.954261,1.845644,7083,7302,0
50350,2,0,0,3,1,17.953102,1.845534,7083,7302,0
50360,3,1,0,5,1,17.950260,1.845273,7083,7302,0
50370,3,7,0,11,1,17.948002,1.845038,7083,7302,0
50380,2,1,0,4,1,17.945719,1.844834,7083,7302,0
50390,5,1,0,7,1,17.942949,1.844543,7083,7302,0
50400,14,13,0,28,1,17.941881,1.844329,7083,7302,0
50410,17,6,0,24,1,17.943422,1.844522,7086,7302,0
50420,5,0,0,6,1,17.944107,1.844594,7090,7302,0
50430,17,6,0,24,1,17.942875,1.844446,7090,7302,0
50440,20,16,0,37,1,17.945145,1.844616,7103,7302,0
50450,20,7,0,28,1,17.948126,1.844965,7116,7306,0
50460,9,8,0,18,1,17.948800,1.845032,7117,7306,0
50470,0,1,0,2,1,17.946485,1.844817,7117,7306,0
50480,3,0,0,4,1,17.943667,1.844566,7117,7306,0
50490,5,6,0,12,1,17.941387,1.844276,7117,7306,0
50500,5,4,0,10,1,17.940518,1.844196,7117,7306,0
50510,14,1,0,16,1,17.939235,1.844027,7117,7306,0
50520,8,3,0,12,1,17.937418,1.843849,7117,7306,0
50530,14,19,0,34,1,17.938806,1.843899,7117,7309,0
50540,12,15,0,28,1,17.942098,1.844283,7117,7316,0
50550,20,14,0,35,1,17.944118,1.844500,7128,7316,0
50560,16,16,0,33,1,17.946948,1.844803,7129,7317,0
50570,10,7,0,18,1,17.948153,1.844958,7132,7317,0
50580,20,19,0,40,1,17.950059,1.845174,7144,7319,0
50590,17,12,0,30,1,17.953611,1.845622,7149,7330,0
50600,13,19,0,33,1,17.957089,1.846018,7159,7332,0
50610,20,15,0,36,1,17.959118,1.846221,7160,7333,0
50620,17,20,0,38,1,17.962404,1.846627,7174,7333,0
50630,5,12,0,18,1,17.963797,1.846797,7174,7333,0
50640,9,13,0,23,1,17.963844,1.846781,7174,7333,0
50650,4,19,0,24,1,17.965666,1.846995,7174,7345,0
50660,16,17,0,34,1,17.967563,1.847206,7174,7351,0
50670,2,16,0,19,1,17.968696,1.847369,7174,7354,0
50680,9,4,0,14,1,17.967555,1.847189,7174,7354,0
50690,3,13,0,17,1,17.966638,1.847069,7174,7354,0
50700,14,5,0,20,1,17.965661,1.846974,7174,7354,0
50710,2,9,0,12,1,17.963709,1.846763,7174,7354,0
50720,19,7,0,27,1,17.964231,1.846765,7174,7354,0
50730,16,5,0,22,1,17.965872,1.846983,7177,7354,0
50740,5,0,0,6,1,17.965171,1.846908,7177,7354,0
50750,0,3,0,4,1,17.962955,1.846745,7177,7354,0
50760,6,5,0,12,1,17.960420,1.846471,7177,7354,0
50770,2,10,0,13,1,17.959091,1.846358,7177,7354,0
50780,17,17,0,35,1,17.958152,1.846180,7177,7354,0
50790,10,5,0,16,1,17.958945,1.846292,7177,7357,0
50800,4,4,0,9,1,17.957276,1.846103,7177,7357,0
50810,0,0,0,1,1,17.954469,1.845819,7177,7357,0
50820,2,3,0,6,1,17.952107,1.845562,7177,7357,0
50830,0,4,0,5,1,17.950395,1.845391,7177,7357,0
50840,6,3,0,10,1,17.947591,1.845119,7177,7357,0
50850,2,3,0,6,1,17.945191,1.844892,7177,7357,0
50860,10,12,0,23,1,17.944193,1.844730,7177,7357,0
50870,18,4,0,23,1,17.945056,1.844798,7177,7357,0
50880,4,1,0,6,1,17.944841,1.844777,7185,7357,0
50890,11,2,0,14,1,17.944008,1.844711,7185,7357,0
50900,0,1,0,2,1,17.942237,1.844559,7185,7357,0
50910,9,2,0,12,1,17.939553,1.844296,7185,7357,0
50920,3,3,0,7,1,17.938995,1.844239,7185,7357,0
50930,3,2,0,6,1,17.936271,1.843949,7185,7357,0
50940,2,3,0,6,1,17.933830,1.843699,7185,7357,0
50950,4,3,0,8,1,17.931081,1.843433,7185,7357,0
50960,3,2,0,6,1,17.928571,1.843164,7185,7357,0
50970,9,4,0,14,1,17.927396,1.843015,7185,7357,0
50980,2,0,0,3,1,17.924948,1.842798,7185,7357,0
50990,1,0,0,2,1,17.922406,1.842489,7185,7357,0
51000,17,1,0,19,1,17.921155,1.842361,7185,7357,0
51010,2,0,0,3,1,17.919893,1.842255,7185,7357,0
51020,0,3,0,4,1,17.917201,1.842005,7185,7357,0
51030,0,7,0,8,1,17.914790,1.841818,7185,7357,0
51040,4,3,0,8,1,17.912953,1.841671,7185,7357,0
51050,0,0,0,1,1,17.911650,1.841530,7185,7357,0
51060,4,2,0,7,1,17.909082,1.841230,7185,7357,0
51070,11,16,0,28,1,17.909637,1.841284,7185,7358,0
51080,7,6,0,14,1,17.911900,1.841533,7185,7361,0
51090,1,3,0,5,1,17.910374,1.841377,7185,7361,0
51100,8,19,0,28,1,17.909311,1.841202,7185,7361,0
51110,1,15,0,17,1,17.910145,1.841311,7185,7370,0
51120,1,5,0,7,1,17.908425,1.841076,7185,7370,0
51130,2,1,0,4,1,17.905816,1.840827,7185,7370,0
51140,2,12,0,15,1,17.904240,1.840666,7185,7370,0
51150,10,7,0,18,1,17.902776,1.840498,7185,7370,0
51160,0,0,0,0,0,17.900885,1.840357,7185,7370,0
51170,7,11,0,19,1,17.898749,1.840094,7185,7370,0
51180,8,11,0,20,1,17.897609,1.839988,7185,7370,0
51190,10,10,0,21,1,17.897773,1.839995,7185,7370,0
51200,10,16,0,27,1,17.899415,1.840187,7185,7370,0
51210,11,6,0,18,1,17.901531,1.840398,7189,7370,0
51220,8,19,0,28,1,17.901971,1.840419,7189,7370,0
51230,3,1,0,5,1,17.901298,1.840406,7189,7371,0
51240,8,3,0,12,1,17.898607,1.840108,7189,7371,0
51250,1,2,0,4,1,17.895910,1.839847,7189,7371,0
51260,0,0,0,1,1,17.894103,1.839666,7189,7371,0
51270,0,0,0,0,0,17.890984,1.839390,7189,7371,0
51280,3,14,0,18,1,17.891579,1.839456,7189,7371,0
51290,9,15,0,25,1,17.891739,1.839396,7189,7371,0
51300,20,20,1,42,1,17.895175,1.839717,7193,7376,0
51310,0,3,0,4,1,17.895449,1.839824,7199,7376,0
51320,7,0,0,8,1,17.893228,1.839578,7199,7376,0
51330,18,15,0,34,1,17.894839,1.839704,7203,7377,0
51340,17,11,0,29,1,17.897565,1.839989,7208,7377,0
51350,15,17,0,33,1,17.900438,1.840296,7220,7380,0
51360,16,10,0,27,1,17.903458,1.840586,7226,7383,0
51370,18,17,0,36,1,17.905621,1.840750,7226,7383,0
51380,13,11,0,25,1,17.907729,1.840994,7226,7383,0
51390,13,10,0,24,1,17.908982,1.841116,7226,7383,0
51400,11,20,0,32,1,17.911164,1.841290,7226,7383,0
51410,8,20,1,30,1,17.914242,1.841615,7229,7405,0
51420,18,15,0,34,1,17.917336,1.841930,7231,7407,0
51430,15,10,0,26,1,17.919687,1.842191,7235,7411,0
51440,9,4,0,14,1,17.919217,1.842136,7235,7411,0
51450,7,5,0,13,1,17.918147,1.841946,7235,7411,0
51460,14,3,0,18,1,17.918183,1.841900,7236,7411,0
51470,16,9,0,26,1,17.919210,1.842043,7240,7411,0
51480,0,1,0,2,1,17.919506,1.842104,7241,7411,0
51490,15,4,0,20,1,17.918675,1.841950,7241,7411,0
51500,9,10,0,20,1,17.918399,1.841893,7243,7411,0
51510,2,6,0,9,1,17.916823,1.841769,7243,7411,0
51520,12,19,0,32,1,17.916213,1.841667,7243,7411,0
51530,14,14,0,29,1,17.918604,1.841910,7246,7420,0
51540,8,18,0,27,1,17.920726,1.842088,7246,7431,0
51550,1,10,0,12,1,17.920711,1.842154,7246,7431,0
51560,2,6,0,9,1,17.918828,1.841910,7246,7431,0
51570,2,4,0,7,1,17.916555,1.841663,7246,7431,0
51580,7,11,0,19,1,17.917039,1.841750,7246,7432,0
51590,13,9,0,23,1,17.918964,1.841949,7246,7438,0
51600,12,18,0,31,1,17.920943,1.842106,7246,7438,0
51610,18,15,0,34,1,17.923987,1.842446,7251,7440,0
51620,4,2,0,7,1,17.924894,1.842566,7251,7440,0
51630,0,2,0,3,1,17.922454,1.842323,7251,7440,0
51640,0,0,0,1,1,17.919795,1.842033,7251,7440,0
51650,1,2,0,4,1,17.917866,1.841824,7251,7440,0
51660,9,4,0,14,1,17.915501,1.841564,7251,7440,0
51670,18,13,0,32,1,17.917019,1.841706,7251,7440,0
51680,1,8,0,10,1,17.916886,1.841734,7251,7440,0
51690,3,1,0,5,1,17.914853,1.841530,7251,7440,0
51700,3,0,0,4,1,17.913177,1.841344,7251,7440,0
51710,3,1,0,5,1,17.910764,1.841086,7251,7440,0
51720,6,1,0,8,1,17.909118,1.840896,7251,7440,0
51730,19,19,0,39,1,17.909150,1.840845,7252,7443,0
51740,18,18,0,37,1,17.913044,1.841309,7260,7456,0
51750,12,18,0,31,1,17.915641,1.841599,7260,7462,0
51760,17,17,0,35,1,17.918700,1.841954,7268,7470,0
51770,14,19,0,34,1,17.922466,1.842394,7280,7485,0
51780,16,20,0,37,1,17.925615,1.842759,7280,7508,0
51790,16,20,0,37,1,17.928178,1.843031,7280,7513,0
51800,14,10,0,25,1,17.931026,1.843354,7285,7515,0
51810,4,4,0,9,1,17.931858,1.843440,7285,7515,0
51820,7,2,0,10,1,17.930635,1.843319,7285,7515,0
51830,1,1,0,3,1,17.928438,1.843134,7285,7515,0
51840,12,9,0,22,1,17.929552,1.843235,7285,7515,0
51850,13,5,0,19,1,17.931005,1.843389,7287,7515,0
51860,7,7,0,15,1,17.930603,1.843386,7287,7515,0
51870,8,11,0,20,1,17.930251,1.843380,7287,7515,0
51880,0,1,0,2,1,17.928595,1.843214,7287,7515,0
51890,6,2,0,9,1,17.926551,1.842983,7287,7515,0
51900,12,1,0,14,1,17.926182,1.842942,7287,7515,0
51910,15,11,0,27,1,17.926453,1.842913,7287,7515,0
51920,10,4,0,15,1,17.926880,1.842969,7288,7515,0
51930,11,6,0,18,1,17.926379,1.842907,7289,7515,0
51940,18,7,0,26,1,17.927713,1.843042,7291,7515,0
51950,8,4,0,13,1,17.927969,1.843102,7301,7515,0
51960,5,3,0,9,1,17.926163,1.842935,7301,7515,0
51970,0,1,0,2,1,17.923317,1.842680,7301,7515,0
51980,10,10,0,21,1,17.922710,1.842597,7301,7515,0
51990,10,2,0,13,1,17.923221,1.842639,7303,7515,0
52000,1,3,0,5,1,17.921584,1.842458,7303,7515,0
52010,8,10,0,19,1,17.919911,1.842250,7303,7515,0
52020,0,0,0,0,0,17.918611,1.842179,7303,7515,0
52030,9,4,0,14,1,17.916522,1.841987,7303,7515,0
52040,1,7,0,9,1,17.914279,1.841791,7303,7515,0
52050,5,7,0,13,1,17.912174,1.841564,7303,7515,0
52060,0,3,0,4,1,17.911563,1.841502,7303,7515,0
52070,8,6,0,15,1,17.910824,1.841391,7303,7515,0
52080,0,0,1,2,1,17.909156,1.841268,7303,7515,0
52090,3,2,0,6,1,17.906495,1.840995,7303,7515,0
52100,5,4,0,10,1,17.904031,1.840717,7303,7515,0
52110,7,8,0,16,1,17.902076,1.840539,7303,7515,0
52120,8,17,0,26,1,17.903512,1.840611,7303,7526,0
52130,14,12,0,27,1,17.906545,1.840899,7303,7530,0
52140,16,19,0,36,1,17.908815,1.841148,7306,7531,0
52150,20,13,0,34,1,17.912233,1.841496,7308,7536,0
52160,3,7,0,11,1,17.912548,1.841591,7312,7536,0
52170,0,0,0,0,0,17.910094,1.841387,7312,7536,0
52180,0,6,0,7,1,17.908232,1.841197,7312,7536,0
52190,5,5,0,11,1,17.908039,1.841156,7312,7536,0
52200,15,0,0,16,1,17.907436,1.841117,7312,7536,0
52210,8,0,0,9,1,17.907086,1.841093,7312,7536,0
52220,11,15,0,27,1,17.905555,1.840896,7312,7536,0
52230,9,12,0,22,1,17.906668,1.841030,7312,7536,0
52240,10,10,0,21,1,17.905792,1.840915,7312,7536,0
52250,19,5,0,25,1,17.907249,1.841066,7319,7536,0
52260,3,2,0,6,1,17.906646,1.841027,7321,7536,0
52270,0,0,0,0,0,17.903864,1.840807,7321,7536,0
52280,3,11,0,15,1,17.902022,1.840568,7321,7536,0
52290,5,9,0,15,1,17.900003,1.840340,7321,7536,0
52300,17,12,0,30,1,17.901183,1.840462,7321,7536,0
52310,16,17,0,34,1,17.904186,1.840779,7321,7539,0
52320,0,12,0,13,1,17.905773,1.840943,7321,7541,0
52330,17,19,0,37,1,17.907341,1.841029,7321,7547,0
52340,15,12,0,28,1,17.910769,1.841444,7332,7561,0
52350,18,8,0,27,1,17.912153,1.841587,7334,7561,0
52360,0,0,0,0,0,17.912191,1.841625,7334,7561,0
52370,2,8,0,11,1,17.909718,1.841360,7334,7561,0
52380,3,5,0,9,1,17.909589,1.841352,7334,7561,0
52390,0,2,0,3,1,17.907995,1.841211,7334,7561,0
52400,5,4,0,10,1,17.905495,1.840929,7334,7561,0
52410,1,1,0,3,1,17.904544,1.840850,7334,7561,0
52420,3,7,0,11,1,17.902746,1.840634,7334,7561,0
52430,1,1,0,3,1,17.900235,1.840413,7334,7561,0
52440,4,4,0,9,1,17.898272,1.840151,7334,7561,0
52450,17,19,0,37,1,17.899602,1.840213,7336,7562,0
52460,3,8,0,12,1,17.899485,1.840259,7339,7562,0
52470,3,6,0,10,1,17.898383,1.840136,7339,7562,0
52480,10,18,0,29,1,17.898932,1.840150,7339,7562,0
52490,19,19,0,39,1,17.902367,1.840540,7358,7572,0
52500,12,15,0,28,1,17.905818,1.840911,7364,7589,0
52510,13,16,0,30,1,17.907403,1.841092,7364,7600,0
52520,0,4,0,5,1,17.908117,1.841203,7364,7600,0
52530,13,16,0,30,1,17.907280,1.841067,7364,7600,0
52540,19,14,0,34,1,17.909425,1.841307,7368,7600,0
52550,16,18,0,35,1,17.911817,1.841536,7368,7604,0
52560,12,2,0,15,1,17.912323,1.841650,7368,7604,0
52570,0,0,0,1,1,17.911613,1.841607,7368,7604,0
52580,11,0,0,12,1,17.911090,1.841525,7368,7604,0
52590,9,3,0,13,1,17.911486,1.841563,7373,7604,0
52600,15,6,0,22,1,17.911500,1.841540,7373,7604,0
52610,13,2,0,16,1,17.912082,1.841619,7373,7604,0
52620,12,6,0,19,1,17.911755,1.841550,7373,7604,0
52630,17,12,0,30,1,17.913252,1.841716,7383,7604,0
52640,20,20,0,41,1,17.915306,1.841917,7391,7608,0
52650,8,13,0,22,1,17.918004,1.842242,7393,7615,0
52660,3,17,0,21,1,17.919550,1.842402,7393,7617,0
52670,5,5,0,11,1,17.918845,1.842349,7393,7617,0
52680,0,0,0,1,1,17.916309,1.842125,7393,7617,0
52690,8,1,0,10,1,17.914088,1.841833,7393,7617,0
52700,4,14,0,19,1,17.914007,1.841811,7393,7617,0
52710,7,18,0,26,1,17.915524,1.841925,7393,7633,0
52720,19,14,0,34,1,17.918023,1.842179,7394,7635,0
52730,11,11,0,23,1,17.920824,1.842482,7395,7636,0
52740,7,9,0,17,1,17.920760,1.842463,7395,7636,0
52750,4,6,0,11,1,17.919245,1.842290,7395,7636,0
52760,8,12,0,21,1,17.918083,1.842125,7395,7636,0
52770,7,2,0,10,1,17.917493,1.842029,7395,7636,0
52780,0,0,0,0,0,17.915188,1.841804,7395,7636,0
52790,10,14,0,25,1,17.914110,1.841669,7395,7636,0
52800,1,8,0,10,1,17.914202,1.841715,7395,7636,0
52810,0,1,0,2,1,17.911824,1.841454,7395,7636,0
52820,6,7,0,14,1,17.909717,1.841263,7395,7636,0
52830,15,7,0,23,1,17.909436,1.841228,7395,7636,0
52840,12,7,0,20,1,17.911230,1.841406,7408,7636,0
52850,11,15,1,28,1,17.912876,1.841576,7408,7643,0
52860,18,18,0,37,1,17.915231,1.841802,7408,7645,0
52870,12,13,0,26,1,17.917812,1.842114,7412,7648,0
52880,0,0,0,1,1,17.917801,1.842168,7412,7648,0
52890,17,1,0,19,1,17.917300,1.842110,7412,7648,0
52900,13,2,0,16,1,17.917569,1.842139,7412,7648,0
52910,5,3,0,9,1,17.915457,1.841898,7412,7648,0
52920,2,7,0,10,1,17.913428,1.841679,7412,7648,0
52930,2,1,0,4,1,17.913184,1.841702,7412,7651,0
52940,2,0,0,3,1,17.911770,1.841518,7412,7651,0
52950,9,1,0,11,1,17.909824,1.841290,7412,7651,0
52960,2,1,0,4,1,17.907574,1.841106,7412,7651,0
52970,0,8,0,9,1,17.905311,1.840839,7412,7651,0
52980,9,11,0,21,1,17.904401,1.840693,7412,7651,0
52990,2,5,0,8,1,17.903263,1.840605,7412,7651,0
53000,3,6,0,10,1,17.901479,1.840362,7412,7651,0
53010,0,0,0,1,1,17.898746,1.840178,7412,7651,0
53020,0,0,0,1,1,17.895809,1.839899,7412,7651,0
53030,4,5,0,10,1,17.894025,1.839734,7412,7651,0
53040,1,9,0,11,1,17.891505,1.839487,7412,7651,0
53050,9,6,0,16,1,17.890266,1.839364,7412,7651,0
53060,0,1,0,2,1,17.888535,1.839233,7412,7651,0
53070,1,3,0,5,1,17.885573,1.838933,7412,7651,0
53080,16,17,0,34,1,17.886367,1.838923,7412,7651,0
53090,9,10,0,20,1,17.888822,1.839226,7414,7651,0
53100,3,12,0,16,1,17.889227,1.839276,7414,7651,0
53110,1,5,0,7,1,17.889209,1.839257,7414,7651,0
53120,13,6,0,20,1,17.887235,1.839009,7414,7651,0
53130,0,0,0,1,1,17.886498,1.838955,7414,7651,0
53140,6,3,0,10,1,17.884120,1.838680,7414,7651,0
53150,0,2,0,3,1,17.883221,1.838603,7414,7651,0
53160,14,8,0,23,1,17.881986,1.838484,7414,7651,0
53170,4,13,0,18,1,17.883241,1.838567,7415,7651,0
53180,10,7,0,18,1,17.882536,1.838514,7415,7651,0
53190,6,13,0,20,1,17.881567,1.838369,7415,7651,0
53200,1,3,0,5,1,17.880215,1.838273,7415,7651,0
53210,13,7,0,21,1,17.879646,1.838198,7415,7651,0
53220,1,0,0,2,1,17.878617,1.838139,7415,7651,0
53230,5,10,0,16,1,17.876320,1.837876,7415,7651,0
53240,4,15,0,20,1,17.876346,1.837847,7415,7651,0
53250,3,1,0,5,1,17.874657,1.837668,7415,7651,0
53260,2,3,0,6,1,17.873187,1.837489,7415,7651,0
53270,0,1,0,2,1,17.870142,1.837209,7415,7651,0
53280,0,0,0,1,1,17.867721,1.836982,7415,7651,0
53290,1,2,0,4,1,17.865221,1.836755,7415,7651,0
53300,0,3,0,4,1,17.862260,1.836472,7415,7651,0
53310,7,14,0,22,1,17.860779,1.836261,7415,7651,0
53320,15,16,0,32,1,17.862939,1.836445,7415,7657,0
53330,15,11,0,27,1,17.865452,1.836683,7417,7658,0
53340,13,17,0,31,1,17.867479,1.836878,7417,7659,0
53350,19,12,0,32,1,17.869650,1.837095,7429,7659,0
53360,18,17,0,36,1,17.873216,1.837526,7452,7661,0
53370,15,16,0,32,1,17.876542,1.837926,7454,7672,0
53380,3,9,0,13,1,17.878463,1.838153,7454,7676,0
53390,3,12,0,16,1,17.878269,1.838123,7454,7678,0
53400,0,0,0,1,1,17.876084,1.837953,7454,7678,0
53410,11,12,0,24,1,17.876122,1.837865,7454,7680,0
53420,12,14,1,28,1,17.877627,1.838028,7454,7680,0
53430,17,9,0,27,1,17.879878,1.838257,7454,7680,0
53440,6,9,0,16,1,17.880125,1.838315,7454,7680,0
53450,1,0,0,2,1,17.879277,1.838239,7454,7680,0
53460,5,5,0,11,1,17.878333,1.838119,7454,7680,0
53470,11,5,0,17,1,17.877126,1.837964,7454,7680,0
53480,14,19,0,34,1,17.878164,1.837997,7454,7680,0
53490,19,20,0,40,1,17.881470,1.838324,7455,7683,0
53500,5,17,0,23,1,17.883827,1.838609,7456,7684,0
53510,15,17,0,33,1,17.885114,1.838714,7456,7688,0
53520,15,15,0,31,1,17.887598,1.838960,7457,7689,0
53530,19,14,0,34,1,17.889387,1.839152,7471,7689,0
53540,6,20,0,27,1,17.891287,1.839295,7471,7692,0
53550,17,20,0,38,1,17.892773,1.839446,7471,7705,0
53560,19,19,0,39,1,17.895634,1.839748,7476,7721,0
53570,15,15,0,31,1,17.898987,1.840118,7480,7736,0
53580,20,7,0,28,1,17.901429,1.840328,7488,7736,0
53590,0,3,0,4,1,17.901234,1.840302,7492,7736,0
53600,8,3,0,12,1,17.899411,1.840069,7492,7736,0
53610,12,4,0,17,1,17.898970,1.839993,7492,7736,0
53620,15,12,0,28,1,17.899680,1.840067,7492,7736,0
53630,15,14,0,30,1,17.901943,1.840325,7495,7736,0
53640,18,11,0,30,1,17.904861,1.840640,7502,7737,0
53650,0,0,0,0,0,17.903705,1.840576,7506,7737,0
53660,0,0,0,0,0,17.901160,1.840371,7506,7737,0
53670,2,0,0,3,1,17.898514,1.840135,7506,7737,0
53680,1,5,0,7,1,17.896616,1.839902,7506,7737,0
53690,3,6,0,10,1,17.894031,1.839620,7506,7737,0
53700,7,12,0,20,1,17.894760,1.839706,7506,7737,0
53710,3,14,0,18,1,17.895250,1.839723,7506,7738,0
53720,13,16,0,30,1,17.896302,1.839811,7506,7739,0
53730,1,11,0,13,1,17.896907,1.839916,7506,7739,0
53740,4,3,0,8,1,17.895429,1.839786,7506,7739,0
53750,2,3,0,6,1,17.892868,1.839545,7506,7739,0
53760,10,7,0,18,1,17.893172,1.839552,7506,7739,0
53770,0,0,0,0,0,17.892307,1.839524,7506,7739,0
53780,3,8,0,12,1,17.889733,1.839257,7506,7739,0
53790,17,8,0,26,1,17.888140,1.839048,7506,7739,0
53800,13,1,0,15,1,17.888321,1.839079,7506,7739,0
53810,0,1,0,2,1,17.885702,1.838863,7506,7739,0
53820,15,15,0,31,1,17.885877,1.838826,7511,7739,0
53830,12,16,0,29,1,17.888908,1.839170,7511,7742,0
53840,17,15,0,33,1,17.891306,1.839417,7519,7745,0
53850,15,14,0,30,1,17.893063,1.839627,7519,7745,0
53860,3,1,0,5,1,17.892208,1.839582,7519,7745,0
53870,0,0,0,1,1,17.889292,1.839325,7519,7745,0
53880,1,0,0,2,1,17.886751,1.839055,7519,7745,0
53890,14,4,0,19,1,17.885428,1.838863,7519,7745,0
53900,15,7,0,23,1,17.885834,1.838881,7519,7745,0
53910,1,6,0,8,1,17.884232,1.838735,7519,7745,0
53920,1,10,0,12,1,17.882990,1.838577,7519,7745,0
53930,9,12,0,22,1,17.881917,1.838439,7519,7745,0
53940,4,3,0,8,1,17.879528,1.838244,7519,7745,0
53950,4,8,0,13,1,17.877382,1.838052,7519,7745,0
53960,0,0,0,1,1,17.874983,1.837848,7519,7745,0
53970,0,0,0,0,0,17.872607,1.837633,7519,7745,0
53980,3,3,0,7,1,17.871116,1.837495,7519,7745,0
53990,0,0,0,1,1,17.868607,1.837245,7519,7745,0
54000,9,6,0,16,1,17.866416,1.836989,7519,7745,0
54010,9,6,0,16,1,17.866197,1.836960,7519,7745,0
54020,0,9,0,10,1,17.865894,1.836947,7519,7745,0
54030,10,16,0,27,1,17.865616,1.836871,7519,7745,0
54040,17,14,0,32,1,17.867861,1.837074,7522,7745,0
54050,9,12,0,22,1,17.869253,1.837212,7522,7745,0
54060,11,16,0,28,1,17.871062,1.837395,7524,7745,0
54070,16,20,0,37,1,17.873321,1.837597,7524,7748,0
54080,14,14,0,29,1,17.875507,1.837819,7525,7753,0
54090,3,1,0,5,1,17.874724,1.837792,7525,7753,0
54100,3,1,0,5,1,17.872141,1.837541,7525,7753,0
54110,0,1,0,2,1,17.869442,1.837313,7525,7753,0
54120,14,12,0,27,1,17.870030,1.837287,7525,7753,0
54130,20,14,0,35,1,17.871773,1.837405,7526,7753,0
54140,9,6,0,16,1,17.873479,1.837637,7527,7753,0
54150,5,14,0,20,1,17.873145,1.837562,7527,7753,0
54160,7,12,0,20,1,17.873536,1.837596,7527,7754,0
54170,20,15,0,36,1,17.874158,1.837626,7532,7754,0
54180,13,16,0,30,1,17.876806,1.837941,7532,7754,0
54190,9,19,0,29,1,17.877866,1.838079,7532,7763,0
54200,19,6,0,26,1,17.879981,1.838321,7534,7765,0
54210,11,13,0,25,1,17.882416,1.838604,7538,7769,0
54220,15,15,0,31,1,17.884035,1.838778,7540,7769,0
54230,9,13,0,23,1,17.887092,1.839153,7549,7776,0
54240,5,19,0,25,1,17.887924,1.839194,7549,7780,0
54250,1,10,0,12,1,17.887876,1.839197,7549,7780,0
54260,8,7,0,16,1,17.887359,1.839082,7549,7780,0
54270,10,10,0,21,1,17.885264,1.838846,7549,7780,0
54280,12,19,0,32,1,17.886598,1.838971,7549,7789,0
54290,16,12,0,29,1,17.889952,1.839379,7559,7797,0
54300,16,20,0,37,1,17.892960,1.839651,7568,7801,0
54310,5,19,0,25,1,17.895289,1.839857,7568,7805,0
54320,2,5,0,8,1,17.894962,1.839862,7568,7808,0
54330,6,3,0,10,1,17.893662,1.839688,7568,7808,0
54340,18,3,0,22,1,17.893417,1.839628,7570,7808,0
54350,9,2,0,12,1,17.891768,1.839460,7570,7808,0
54360,10,2,0,13,1,17.891007,1.839358,7570,7808,0
54370,1,1,0,3,1,17.890813,1.839332,7570,7808,0
54380,7,13,0,21,1,17.889833,1.839180,7570,7808,0
54390,2,2,0,5,1,17.888487,1.839067,7570,7808,0
54400,0,8,0,9,1,17.886586,1.838900,7570,7808,0
54410,0,0,0,1,1,17.884826,1.838724,7570,7808,0
54420,0,0,0,1,1,17.881994,1.838472,7570,7808,0
54430,6,6,0,13,1,17.880191,1.838277,7570,7808,0
54440,2,0,0,3,1,17.879909,1.838242,7575,7808,0
54450,9,6,0,16,1,17.877312,1.837993,7575,7808,0
54460,2,5,0,8,1,17.876517,1.837937,7575,7808,0
54470,3,1,0,5,1,17.874145,1.837770,7575,7808,0
54480,8,3,0,12,1,17.873464,1.837666,7575,7808,0
54490,13,11,0,25,1,17.872760,1.837581,7575,7808,0
54500,19,14,0,34,1,17.875232,1.837808,7578,7810,0
54510,17,5,0,23,1,17.877311,1.838030,7586,7810,0
54520,4,3,0,8,1,17.876348,1.837935,7586,7810,0
54530,11,5,0,17,1,17.874738,1.837771,7586,7810,0
54540,18,9,0,28,1,17.876200,1.837884,7591,7810,0
54550,20,19,0,40,1,17.879248,1.838157,7597,7815,0
54560,11,14,0,26,1,17.881788,1.838408,7600,7815,0
54570,2,3,0,6,1,17.879891,1.838256,7600,7815,0
54580,7,2,0,10,1,17.877870,1.838042,7600,7815,0
54590,1,0,0,2,1,17.875491,1.837805,7600,7815,0
54600,17,5,0,23,1,17.875644,1.837739,7601,7815,0
54610,18,17,0,36,1,17.878661,1.838095,7611,7816,0
54620,9,17,0,27,1,17.880914,1.838386,7612,7822,0
54630,3,10,0,14,1,17.881337,1.838486,7612,7826,0
54640,12,12,0,25,1,17.881593,1.838451,7612,7826,0
54650,9,10,0,20,1,17.881948,1.838478,7612,7826,0
54660,2,3,0,6,1,17.880843,1.838407,7612,7826,0
54670,0,5,0,6,1,17.878277,1.838151,7612,7826,0
54680,0,0,0,0,0,17.875508,1.837967,7612,7826,0
54690,3,0,0,4,1,17.873372,1.837735,7612,7826,0
54700,4,1,0,6,1,17.871228,1.837467,7612,7826,0
54710,1,0,0,2,1,17.868699,1.837197,7612,7826,0
54720,1,3,0,5,1,17.866404,1.836997,7612,7826,0
54730,12,7,0,20,1,17.866035,1.836956,7612,7826,0
54740,18,10,0,29,1,17.866907,1.836995,7615,7826,0
54750,13,20,0,34,1,17.868994,1.837176,7615,7827,0
54760,10,20,0,31,1,17.871870,1.837504,7624,7841,0
54770,7,12,0,20,1,17.873886,1.837764,7624,7848,0
54780,17,17,0,35,1,17.875639,1.837910,7624,7848,0
54790,20,17,0,38,1,17.878081,1.838197,7625,7850,0
54800,19,14,0,34,1,17.880603,1.838529,7634,7850,0
54810,18,10,0,29,1,17.882884,1.838785,7641,7850,0
54820,13,7,0,21,1,17.884262,1.838900,7647,7850,0
54830,12,13,0,26,1,17.884917,1.838920,7647,7850,0
54840,19,11,0,31,1,17.885843,1.839068,7647,7850,0
54850,10,7,0,18,1,17.885962,1.839078,7647,7850,0
54860,3,6,0,10,1,17.884134,1.838911,7647,7850,0
54870,5,11,0,17,1,17.882696,1.838733,7647,7850,0
54880,17,2,0,20,1,17.884000,1.838858,7650,7850,0
54890,10,6,0,17,1,17.884338,1.838942,7650,7850,0
54900,17,9,0,27,1,17.885827,1.839065,7654,7850,0
54910,14,6,0,21,1,17.885860,1.839066,7654,7850,0
54920,15,17,0,33,1,17.887847,1.839233,7654,7850,0
54930,6,10,0,17,1,17.888785,1.839351,7654,7852,0
54940,5,12,0,18,1,17.888228,1.839295,7654,7852,0
54950,8,1,0,10,1,17.887399,1.839231,7654,7852,0
54960,0,0,0,0,0,17.885207,1.839058,7654,7852,0
54970,0,0,0,1,1,17.882613,1.838802,7654,7852,0
54980,5,1,0,7,1,17.880288,1.838513,7654,7852,0
54990,14,13,0,28,1,17.879246,1.838362,7654,7852,0
55000,2,8,0,11,1,17.879353,1.838387,7654,7852,0
55010,6,2,0,9,1,17.877912,1.838274,7654,7852,0
55020,5,14,0,20,1,17.877149,1.838183,7654,7852,0
55030,11,0,0,12,1,17.875630,1.838059,7654,7852,0
55040,9,12,0,22,1,17.874692,1.837929,7654,7852,0
55050,17,8,0,26,1,17.876491,1.838111,7660,7852,0
55060,13,8,0,22,1,17.877286,1.838194,7660,7852,0
55070,1,5,0,7,1,17.875565,1.838076,7660,7852,0
55080,0,3,0,4,1,17.873082,1.837835,7660,7852,0
55090,6,0,0,7,1,17.871557,1.837676,7660,7852,0
55100,3,5,0,9,1,17.869350,1.837457,7660,7852,0
55110,7,4,0,12,1,17.866998,1.837250,7660,7852,0
55120,18,7,0,26,1,17.867761,1.837305,7664,7852,0
55130,4,2,0,7,1,17.867912,1.837311,7666,7852,0
55140,2,2,0,5,1,17.866103,1.837113,7666,7852,0
55150,2,8,0,11,1,17.863916,1.836916,7666,7852,0
55160,14,10,0,25,1,17.864796,1.836987,7671,7852,0
55170,18,13,0,32,1,17.866785,1.837185,7679,7852,0
55180,18,16,0,35,1,17.869277,1.837418,7696,7852,0
55190,19,18,0,38,1,17.872604,1.837802,7713,7861,0
55200,17,15,0,33,1,17.874812,1.838037,7717,7864,0
55210,19,14,0,34,1,17.877831,1.838369,7733,7865,0
55220,15,15,0,31,1,17.880656,1.838667,7736,7869,0
55230,19,11,0,31,1,17.883128,1.838933,7741,7869,0
55240,13,3,0,17,1,17.884394,1.839053,7750,7869,0
55250,19,5,0,25,1,17.884744,1.839032,7759,7869,0
55260,15,7,0,23,1,17.886376,1.839214,7767,7869,0
55270,12,12,0,25,1,17.886162,1.839203,7767,7869,0
55280,2,12,0,15,1,17.886955,1.839293,7767,7869,0
55290,8,14,0,23,1,17.886887,1.839263,7767,7869,0
55300,0,14,0,15,1,17.887442,1.839310,7767,7869,0
55310,12,20,0,33,1,17.888282,1.839346,7767,7875,0
55320,0,10,0,11,1,17.888708,1.839401,7767,7878,0
55330,4,4,0,9,1,17.886019,1.839143,7767,7878,0
55340,14,8,0,23,1,17.885642,1.839036,7767,7878,0
55350,19,9,0,29,1,17.886367,1.839061,7767,7878,0
55360,12,15,0,28,1,17.887389,1.839105,7770,7878,0
55370,19,18,0,38,1,17.890463,1.839453,7773,7890,0
55380,13,18,0,32,1,17.893797,1.839776,7780,7897,0
55390,0,16,0,17,1,17.895373,1.840034,7780,7899,0
55400,7,20,0,28,1,17.894338,1.839908,7780,7900,0
55410,0,14,0,15,1,17.894863,1.839977,7780,7910,0
55420,20,7,0,28,1,17.894632,1.839947,7781,7910,0
55430,9,3,0,13,1,17.893779,1.839922,7784,7910,0
55440,6,6,0,13,1,17.892565,1.839781,7784,7910,0
55450,4,12,1,18,1,17.891510,1.839690,7784,7910,0
55460,15,16,0,32,1,17.892178,1.839746,7784,7911,0
55470,6,15,0,22,1,17.894387,1.840025,7787,7918,0
55480,12,17,0,30,1,17.896825,1.840277,7787,7922,0
55490,1,11,0,13,1,17.897769,1.840419,7787,7922,0
55500,1,10,0,12,1,17.898633,1.840546,7787,7935,0
55510,0,3,0,4,1,17.897316,1.840463,7787,7935,0
55520,14,18,0,33,1,17.896053,1.840238,7787,7935,0
55530,0,16,0,17,1,17.896928,1.840360,7787,7935,0
55540,1,2,0,4,1,17.894731,1.840152,7787,7935,0
55550,3,4,0,8,1,17.892737,1.839961,7787,7935,0
55560,11,4,0,16,1,17.890418,1.839751,7787,7935,0
55570,19,6,0,26,1,17.890810,1.839782,7795,7935,0
55580,19,19,0,39,1,17.893323,1.840034,7800,7938,0
55590,0,0,0,1,1,17.894301,1.840176,7801,7944,0
55600,9,3,0,13,1,17.892107,1.839931,7801,7944,0
55610,6,8,0,15,1,17.890645,1.839768,7801,7944,0
55620,9,7,0,17,1,17.890862,1.839784,7801,7944,0
55630,12,3,0,16,1,17.892008,1.839896,7801,7944,0
55640,4,6,0,11,1,17.891557,1.839854,7801,7944,0
55650,0,0,0,1,1,17.890665,1.839753,7801,7944,0
55660,1,2,0,4,1,17.888058,1.839510,7801,7944,0
55670,2,2,0,5,1,17.885628,1.839267,7801,7944,0
55680,1,0,0,2,1,17.883816,1.839068,7801,7944,0
55690,15,16,0,32,1,17.884233,1.839068,7803,7944,0
55700,8,13,0,22,1,17.886948,1.839395,7803,7945,0
55710,3,1,0,5,1,17.885977,1.839303,7803,7945,0
55720,9,5,0,15,1,17.884842,1.839116,7803,7945,0
55730,3,0,0,4,1,17.884426,1.839122,7803,7945,0
55740,10,11,0,22,1,17.883683,1.839009,7803,7945,0
55750,16,13,0,30,1,17.885286,1.839151,7803,7946,0
55760,16,14,0,31,1,17.888343,1.839503,7809,7949,0
55770,17,6,0,24,1,17.889513,1.839645,7809,7949,0
55780,2,3,0,6,1,17.888298,1.839514,7809,7949,0
55790,11,15,0,27,1,17.887735,1.839426,7809,7949,0
55800,14,19,0,34,1,17.889706,1.839616,7809,7952,0
55810,5,1,0,7,1,17.890530,1.839736,7813,7955,0
55820,20,16,0,37,1,17.890317,1.839664,7813,7955,0
55830,19,9,0,29,1,17.893339,1.840029,7825,7964,0
55840,17,17,0,35,1,17.896067,1.840250,7830,7968,0
55850,20,11,0,32,1,17.898346,1.840492,7833,7969,0
55860,10,12,0,23,1,17.900852,1.840801,7835,7975,0
55870,9,13,0,23,1,17.903030,1.841033,7835,7984,0
55880,14,16,0,31,1,17.903964,1.841140,7835,7984,0
55890,12,5,0,18,1,17.904721,1.841181,7835,7984,0
55900,13,1,0,15,1,17.905089,1.841233,7839,7984,0
55910,0,0,0,1,1,17.902502,1.841056,7839,7984,0
55920,11,17,0,29,1,17.903361,1.841156,7839,7986,0
55930,6,18,0,25,1,17.906071,1.841408,7848,7988,0
55940,9,16,0,26,1,17.906841,1.841471,7848,7990,0
55950,9,17,0,27,1,17.907474,1.841534,7848,7990,0
55960,9,19,0,29,1,17.908559,1.841663,7848,8001,0
55970,13,19,0,33,1,17.910874,1.841929,7848,8020,0
55980,7,15,0,23,1,17.913419,1.842178,7848,8021,0
55990,16,14,0,31,1,17.915378,1.842411,7848,8027,0
56000,0,1,0,2,1,17.914833,1.842430,7848,8027,0
56010,11,10,0,22,1,17.913846,1.842268,7848,8027,0
56020,12,19,0,32,1,17.915511,1.842427,7848,8035,0
56030,9,16,0,26,1,17.917820,1.842678,7848,8048,0
56040,12,6,0,19,1,17.919105,1.842822,7848,8051,0
56050,12,0,0,13,1,17.919632,1.842883,7850,8051,0
56060,11,6,0,18,1,17.919018,1.842791,7850,8051,0
56070,0,1,0,2,1,17.917262,1.842645,7850,8051,0
56080,0,1,0,2,1,17.915661,1.842447,7850,8051,0
56090,4,7,0,12,1,17.913529,1.842245,7850,8051,0
56100,19,16,0,36,1,17.915044,1.842361,7852,8055,0
56110,15,19,0,35,1,17.918011,1.842651,7852,8068,0
56120,11,5,0,17,1,17.919729,1.842882,7858,8068,0
56130,12,15,0,28,1,17.920774,1.842980,7858,8068,0
56140,3,7,0,11,1,17.921868,1.843097,7858,8068,0
56150,0,2,0,3,1,17.920117,1.842924,7858,8068,0
56160,5,9,0,15,1,17.918385,1.842740,7858,8068,0
56170,10,10,0,21,1,17.918642,1.842788,7858,8068,0
56180,10,1,0,12,1,17.917531,1.842634,7858,8068,0
56190,1,1,0,3,1,17.915182,1.842393,7858,8068,0
56200,7,16,0,24,1,17.915122,1.842361,7858,8071,0
56210,19,12,0,32,1,17.916822,1.842523,7859,8071,0
56220,19,17,1,38,1,17.919885,1.842862,7873,8076,0
56230,15,15,0,31,1,17.922587,1.843195,7877,8076,0
56240,16,11,0,28,1,17.924775,1.843451,7880,8077,0
56250,13,16,0,30,1,17.926971,1.843705,7880,8086,0
56260,10,19,0,30,1,17.929497,1.843918,7880,8089,0
56270,10,14,0,25,1,17.930402,1.843965,7880,8093,0
56280,16,18,0,35,1,17.931223,1.844023,7880,8093,0
56290,9,8,0,18,1,17.933782,1.844317,7885,8096,0
56300,3,17,0,21,1,17.934377,1.844339,7885,8099,0
56310,0,11,0,12,1,17.934976,1.844496,7885,8101,0
56320,12,7,0,20,1,17.934293,1.844389,7885,8101,0
56330,19,9,0,29,1,17.935191,1.844415,7885,8101,0
56340,17,1,0,19,1,17.935822,1.844497,7887,8101,0
56350,8,1,0,10,1,17.935214,1.844490,7887,8101,0
56360,2,2,0,5,1,17.933436,1.844334,7887,8101,0
56370,7,7,0,15,1,17.931099,1.844118,7887,8101,0
56380,8,0,1,10,1,17.930701,1.844095,7890,8101,0
56390,2,0,0,3,1,17.928103,1.843856,7890,8101,0
56400,16,3,0,20,1,17.928668,1.843837,7890,8101,0
56410,19,10,0,30,1,17.929649,1.843945,7893,8101,0
56420,15,14,0,30,1,17.931641,1.844165,7899,8101,0
56430,8,4,0,13,1,17.931889,1.844235,7899,8101,0
56440,0,0,0,0,0,17.930343,1.844103,7899,8101,0
56450,2,6,0,9,1,17.928411,1.843915,7899,8101,0
56460,1,9,1,12,1,17.927126,1.843757,7899,8101,0
56470,2,2,0,5,1,17.926464,1.843663,7899,8101,0
56480,13,5,0,19,1,17.925140,1.843518,7899,8101,0
56490,7,2,0,10,1,17.925015,1.843479,7905,8101,0
56500,0,0,0,0,0,17.923148,1.843338,7905,8101,0
56510,0,0,0,0,0,17.920531,1.843100,7905,8101,0
56520,1,1,0,3,1,17.917678,1.842857,7905,8101,0
56530,0,0,0,0,0,17.916524,1.842756,7905,8101,0
56540,11,0,0,12,1,17.914841,1.842567,7905,8101,0
56550,17,7,0,25,1,17.915198,1.842557,7905,8101,0
56560,14,7,0,22,1,17.916325,1.842714,7907,8101,0
56570,19,3,0,23,1,17.917174,1.842742,7913,8101,0
56580,0,6,0,7,1,17.916988,1.842700,7913,8101,0
56590,16,18,0,35,1,17.916859,1.842644,7913,8101,0
56600,15,12,0,28,1,17.919209,1.842907,7913,8106,0
56610,6,6,0,13,1,17.919585,1.842943,7913,8106,0
56620,11,13,0,25,1,17.919768,1.842922,7913,8106,0
56630,9,15,0,25,1,17.921843,1.843167,7913,8108,0
56640,15,18,0,34,1,17.923788,1.843364,7913,8115,0
56650,15,18,0,34,1,17.926400,1.843677,7916,8122,0
56660,10,20,0,31,1,17.929138,1.843966,7916,8136,0
56670,0,0,0,1,1,17.928333,1.843894,7916,8139,0
56680,3,13,0,17,1,17.928010,1.843858,7916,8139,0
56690,0,5,0,6,1,17.927730,1.843830,7916,8139,0
56700,14,1,0,16,1,17.926413,1.843729,7916,8139,0
56710,1,3,0,5,1,17.924325,1.843559,7916,8139,0
56720,2,0,0,3,1,17.922078,1.843365,7916,8139,0
56730,0,3,0,4,1,17.919606,1.843098,7916,8139,0
56740,1,2,0,4,1,17.917545,1.842874,7916,8139,0
56750,8,1,0,10,1,17.915580,1.842652,7916,8139,0
56760,1,2,0,4,1,17.914185,1.842503,7916,8139,0
56770,15,15,0,31,1,17.914040,1.842432,7916,8139,0
56780,14,10,0,25,1,17.916752,1.842692,7933,8142,0
56790,1,1,0,3,1,17.914598,1.842504,7933,8142,0
56800,12,7,0,20,1,17.912969,1.842317,7933,8142,0
56810,15,12,0,28,1,17.914610,1.842457,7933,8142,0
56820,8,6,0,15,1,17.914851,1.842479,7933,8142,0
56830,13,10,0,24,1,17.914089,1.842362,7933,8142,0
56840,13,19,0,33,1,17.915274,1.842518,7933,8149,0
56850,8,12,0,21,1,17.917667,1.842788,7933,8156,0
56860,2,16,0,19,1,17.917706,1.842829,7933,8156,0
56870,12,19,0,32,1,17.918762,1.842925,7933,8165,0
56880,2,11,0,14,1,17.919621,1.843044,7933,8165,0
56890,12,10,0,23,1,17.920108,1.843122,7933,8165,0
56900,13,13,0,27,1,17.921085,1.843223,7933,8165,0
56910,16,12,0,29,1,17.921099,1.843202,7933,8165,0
56920,7,6,1,15,1,17.921719,1.843290,7933,8165,0
56930,3,17,0,21,1,17.922049,1.843271,7933,8167,0
56940,8,17,0,26,1,17.922611,1.843297,7933,8169,0
56950,20,16,0,37,1,17.924167,1.843434,7934,8169,0
56960,7,6,0,14,1,17.924845,1.843535,7936,8169,0
56970,19,7,0,27,1,17.926001,1.843601,7941,8169,0
56980,10,8,0,19,1,17.926020,1.843647,7942,8169,0
56990,0,0,0,1,1,17.924721,1.843584,7942,8169,0
57000,1,18,0,20,1,17.923748,1.843428,7942,8169,0
57010,8,7,0,16,1,17.922699,1.843367,7942,8169,0
57020,4,2,0,7,1,17.921427,1.843237,7942,8169,0
57030,5,8,0,14,1,17.921561,1.843229,7942,8169,0
57040,2,20,0,23,1,17.921462,1.843226,7942,8173,0
57050,15,13,0,29,1,17.923535,1.843443,7942,8189,0
57060,4,9,0,14,1,17.924257,1.843518,7942,8189,0
57070,11,16,0,28,1,17.924921,1.843514,7942,8190,0
57080,9,19,0,29,1,17.926134,1.843633,7942,8199,0
57090,3,6,0,10,1,17.926781,1.843757,7942,8202,0
57100,10,1,0,12,1,17.924865,1.843571,7942,8202,0
57110,0,0,0,0,0,17.922820,1.843374,7942,8202,0
57120,6,2,0,9,1,17.919994,1.843111,7942,8202,0
57130,3,4,0,8,1,17.918823,1.842928,7942,8202,0
57140,0,0,0,0,0,17.916276,1.842723,7942,8202,0
57150,8,11,0,20,1,17.914096,1.842437,7942,8202,0
57160,11,17,0,29,1,17.915426,1.842561,7942,8202,0
57170,7,16,0,24,1,17.917062,1.842734,7942,8205,0
57180,1,5,0,7,1,17.916741,1.842721,7942,8205,0
57190,6,3,0,10,1,17.914485,1.842483,7942,8205,0
57200,17,11,0,29,1,17.915222,1.842537,7942,8205,0
57210,5,16,0,22,1,17.916326,1.842648,7942,8205,0
57220,5,0,0,6,1,17.915026,1.842564,7942,8206,0
57230,16,14,0,31,1,17.915702,1.842588,7945,8206,0
57240,12,10,0,23,1,17.916988,1.842692,7945,8206,0
57250,20,9,0,30,1,17.917786,1.842728,7948,8206,0
57260,0,2,0,3,1,17.917850,1.842755,7955,8206,0
57270,0,4,0,5,1,17.915359,1.842487,7955,8206,0
57280,0,1,0,2,1,17.912941,1.842209,7955,8206,0
57290,17,8,0,26,1,17.912489,1.842117,7955,8206,0
57300,16,14,0,31,1,17.913386,1.842170,7959,8206,0
57310,13,18,0,32,1,17.915651,1.842391,7959,8217,0
57320,13,19,0,33,1,17.918045,1.842631,7959,8223,0
57330,8,16,0,25,1,17.919582,1.842803,7959,8230,0
57340,17,11,0,29,1,17.921650,1.843000,7960,8230,0
57350,17,6,0,24,1,17.922309,1.843069,7969,8230,0
57360,14,12,0,27,1,17.923832,1.843223,7971,8230,0
57370,19,9,0,29,1,17.925128,1.843297,7971,8230,0
57380,11,0,0,12,1,17.924915,1.843250,7971,8230,0
57390,13,3,0,17,1,17.925026,1.843239,7971,8230,0
57400,8,15,0,24,1,17.925460,1.843261,7971,8230,0
57410,16,10,0,27,1,17.926735,1.843400,7976,8230,0
57420,17,15,0,33,1,17.928499,1.843589,7977,8230,0
57430,12,6,1,20,1,17.928427,1.843576,7977,8230,0
57440,13,13,0,27,1,17.929318,1.843675,7977,8230,0
57450,11,11,0,23,1,17.931258,1.843862,7977,8231,0
57460,2,6,0,9,1,17.931512,1.843922,7977,8231,0
57470,0,0,0,1,1,17.929290,1.843727,7977,8231,0
57480,5,4,0,10,1,17.926843,1.843489,7977,8231,0
57490,7,8,0,16,1,17.925433,1.843325,7977,8231,0
57500,15,13,0,29,1,17.926330,1.843369,7977,8231,0
57510,18,8,0,27,1,17.927251,1.843468,7978,8231,0
57520,18,10,0,29,1,17.929308,1.843647,7980,8231,0
57530,1,8,0,10,1,17.928019,1.843555,7980,8231,0
57540,7,18,0,26,1,17.928066,1.843534,7980,8236,0
57550,15,18,0,34,1,17.930637,1.843799,7980,8246,0
57560,15,14,0,30,1,17.933497,1.844081,7980,8262,0
57570,10,13,0,24,1,17.935193,1.844266,7982,8262,0
57580,16,12,0,29,1,17.936237,1.844342,7982,8262,0
57590,16,18,0,35,1,17.938269,1.844564,7988,8262,0
57600,3,7,0,11,1,17.940324,1.844813,7988,8263,0
57610,1,2,0,4,1,17.939007,1.844639,7988,8263,0
57620,4,1,0,6,1,17.937012,1.844428,7988,8263,0
57630,0,1,0,2,1,17.934792,1.844187,7988,8263,0
57640,11,4,1,17,1,17.932537,1.843950,7988,8263,0
57650,2,4,0,7,1,17.931659,1.843860,7988,8263,0
57660,3,1,0,5,1,17.929303,1.843612,7988,8263,0
57670,12,18,0,31,1,17.930375,1.843677,7988,8264,0
57680,9,19,0,29,1,17.931567,1.843807,7988,8271,0
57690,17,19,0,37,1,17.933597,1.843997,7988,8284,0
57700,19,7,0,27,1,17.935562,1.844200,7993,8288,0
57710,12,8,0,21,1,17.938236,1.844449,7998,8291,0
57720,18,6,0,25,1,17.937733,1.844329,7999,8291,0
57730,12,10,0,23,1,17.938785,1.844429,8000,8291,0
57740,2,15,0,18,1,17.938668,1.844437,8000,8291,0
57750,16,19,0,36,1,17.939803,1.844542,8000,8291,0
57760,19,18,1,39,1,17.942633,1.844866,8009,8295,0
57770,13,6,0,20,1,17.944412,1.845099,8010,8301,0
57780,13,14,0,28,1,17.945007,1.845135,8010,8301,0
57790,15,20,0,36,1,17.946199,1.845245,8010,8313,0
57800,6,7,0,14,1,17.946950,1.845340,8010,8313,0
57810,19,11,0,31,1,17.948483,1.845469,8017,8313,0
57820,8,5,0,14,1,17.948119,1.845402,8017,8313,0
57830,3,4,0,8,1,17.946652,1.845239,8017,8313,0
57840,8,10,0,19,1,17.945956,1.845175,8017,8313,0
57850,0,2,0,3,1,17.944143,1.844983,8017,8313,0
57860,0,0,0,0,0,17.941779,1.844738,8017,8313,0
57870,2,3,0,6,1,17.939517,1.844532,8017,8313,0
57880,8,6,0,15,1,17.937484,1.844301,8017,8313,0
57890,18,13,0,32,1,17.938761,1.844384,8017,8320,0
57900,12,13,0,26,1,17.941251,1.844628,8018,8324,0
57910,14,20,0,35,1,17.943150,1.844817,8018,8327,0
57920,16,19,0,36,1,17.945835,1.845098,8028,8334,0
57930,18,14,0,33,1,17.948352,1.845390,8028,8335,0
57940,19,17,0,37,1,17.951352,1.845699,8039,8336,0
57950,15,16,0,32,1,17.954164,1.845976,8040,8337,0
57960,18,8,0,27,1,17.956493,1.846252,8041,8337,0
57970,12,17,0,30,1,17.958621,1.846475,8042,8337,0
57980,7,13,0,21,1,17.960671,1.846710,8042,8347,0
57990,6,11,0,18,1,17.961590,1.846805,8042,8347,0
58000,4,2,0,7,1,17.960281,1.846635,8042,8347,0
58010,6,0,0,7,1,17.958086,1.846394,8042,8347,0
58020,7,16,0,24,1,17.956994,1.846306,8042,8347,0
58030,14,9,0,24,1,17.957581,1.846357,8042,8348,0
58040,19,16,0,36,1,17.958990,1.846496,8042,8348,0
58050,18,9,0,28,1,17.962116,1.846845,8063,8357,0
58060,3,8,0,12,1,17.962198,1.846883,8063,8357,0
58070,14,8,0,23,1,17.962231,1.846881,8063,8357,0
58080,16,6,0,23,1,17.962224,1.846894,8063,8357,0
58090,0,1,0,2,1,17.961525,1.846827,8063,8357,0
58100,1,3,0,5,1,17.960312,1.846660,8063,8357,0
58110,1,5,0,7,1,17.958722,1.846481,8063,8357,0
58120,2,0,0,3,1,17.956599,1.846267,8063,8357,0
58130,8,4,0,13,1,17.953942,1.846027,8063,8357,0
58140,5,7,0,13,1,17.952514,1.845832,8063,8357,0
58150,8,14,0,23,1,17.952790,1.845842,8063,8357,0
58160,16,18,0,35,1,17.954981,1.846075,8063,8359,0
58170,4,16,0,21,1,17.955820,1.846162,8063,8359,0
58180,17,19,0,37,1,17.958526,1.846428,8070,8363,0
58190,16,19,0,36,1,17.961797,1.846791,8089,8369,0
58200,17,8,0,26,1,17.964187,1.847051,8096,8371,0
58210,13,6,0,20,1,17.965953,1.847233,8102,8371,0
58220,13,3,0,17,1,17.965477,1.847188,8102,8371,0
58230,2,2,0,5,1,17.963739,1.847030,8102,8371,0
58240,2,3,0,6,1,17.961205,1.846787,8102,8371,0
58250,1,15,0,17,1,17.961126,1.846776,8102,8375,0
58260,0,10,0,11,1,17.959362,1.846596,8102,8375,0
58270,3,13,0,17,1,17.959293,1.846563,8102,8375,0
58280,0,0,0,1,1,17.957294,1.846375,8102,8375,0
58290,3,2,0,6,1,17.955831,1.846206,8102,8375,0
58300,2,2,0,5,1,17.953996,1.846018,8102,8375,0
58310,2,7,0,10,1,17.951840,1.845794,8102,8375,0
58320,4,16,0,21,1,17.951129,1.845650,8102,8375,0
58330,19,19,0,39,1,17.953732,1.845918,8108,8391,0
58340,20,18,0,39,1,17.957101,1.846301,8121,8402,0
58350,20,11,0,32,1,17.959923,1.846618,8127,8406,0
58360,18,20,0,39,1,17.962650,1.846877,8131,8413,0
58370,10,9,0,20,1,17.964126,1.847010,8135,8415,0
58380,10,17,0,28,1,17.963279,1.846911,8135,8415,0
58390,0,0,0,0,0,17.963406,1.846980,8135,8415,0
58400,4,4,0,9,1,17.961308,1.846752,8135,8415,0
58410,2,1,0,4,1,17.958746,1.846496,8135,8415,0
58420,5,1,0,7,1,17.957360,1.846325,8135,8415,0
58430,0,0,0,1,1,17.955879,1.846177,8135,8415,0
58440,0,0,0,0,0,17.953688,1.845949,8135,8415,0
58450,0,0,0,0,0,17.951503,1.845742,8135,8415,0
58460,1,6,0,8,1,17.949109,1.845483,8135,8415,0
58470,4,7,0,12,1,17.948383,1.845371,8135,8415,0
58480,6,8,0,15,1,17.947411,1.845268,8135,8415,0
58490,11,6,0,18,1,17.947271,1.845268,8135,8415,0
58500,6,3,0,10,1,17.945892,1.845098,8135,8415,0
58510,0,3,0,4,1,17.943920,1.844902,8135,8415,0
58520,4,17,0,22,1,17.944187,1.844875,8135,8417,0
58530,9,14,0,24,1,17.945955,1.845019,8135,8425,0
58540,16,8,0,25,1,17.947376,1.845195,8135,8430,0
58550,7,10,0,18,1,17.948439,1.845302,8136,8430,0
58560,14,17,0,32,1,17.949168,1.845391,8136,8430,0
58570,3,14,0,18,1,17.950327,1.845566,8136,8430,0
58580,0,2,0,3,1,17.949588,1.845536,8136,8430,0
58590,9,8,0,18,1,17.949163,1.845464,8136,8430,0
58600,11,12,0,24,1,17.949392,1.845524,8136,8430,0
58610,20,20,0,41,1,17.952374,1.845851,8139,8449,0
58620,3,17,0,21,1,17.954057,1.846067,8139,8452,0
58630,7,16,0,24,1,17.954626,1.846120,8139,8456,0
58640,18,16,0,35,1,17.956897,1.846351,8151,8464,0
58650,13,5,0,19,1,17.958469,1.846510,8156,8464,0
58660,13,3,0,17,1,17.958594,1.846508,8156,8464,0
58670,6,5,0,12,1,17.957144,1.846372,8156,8464,0
58680,0,0,0,0,0,17.955067,1.846186,8156,8464,0
58690,0,0,0,1,1,17.953129,1.845987,8156,8464,0
58700,3,8,0,12,1,17.950567,1.845728,8156,8464,0
58710,0,0,0,0,0,17.948495,1.845522,8156,8464,0
58720,0,0,0,1,1,17.946520,1.845294,8156,8464,0
58730,6,1,0,8,1,17.944884,1.845091,8156,8464,0
58740,1,0,0,2,1,17.943142,1.844916,8156,8464,0
58750,18,1,0,20,1,17.942746,1.844802,8157,8464,0
58760,10,2,0,13,1,17.942744,1.844796,8157,8464,0
58770,12,13,0,26,1,17.942717,1.844771,8157,8464,0
58780,16,14,0,31,1,17.945419,1.845047,8157,8473,0
58790,15,10,0,26,1,17.947146,1.845225,8164,8473,0
58800,16,19,0,36,1,17.949660,1.845462,8164,8477,0
58810,18,9,0,28,1,17.951705,1.845738,8176,8477,0
58820,12,0,0,13,1,17.951421,1.845690,8176,8477,0
58830,20,11,0,32,1,17.951640,1.845691,8178,8477,0
58840,14,6,0,21,1,17.952925,1.845840,8188,8477,0
58850,15,7,0,23,1,17.953085,1.845876,8188,8477,0
58860,4,1,0,6,1,17.952878,1.845856,8188,8477,0
58870,3,2,0,6,1,17.950813,1.845612,8188,8477,0
58880,1,0,0,2,1,17.949273,1.845445,8188,8477,0
58890,15,9,0,25,1,17.948748,1.845328,8188,8477,0
58900,1,2,0,4,1,17.947462,1.845212,8188,8477,0
58910,4,10,0,15,1,17.945612,1.844984,8188,8477,0
58920,0,8,0,9,1,17.945244,1.844909,8188,8477,0
58930,13,18,0,32,1,17.946457,1.845021,8188,8479,0
58940,16,17,0,34,1,17.948047,1.845189,8188,8483,0
58950,3,19,0,23,1,17.949532,1.845388,8188,8489,0
58960,5,4,0,10,1,17.948661,1.845344,8188,8490,0
58970,0,0,0,1,1,17.946344,1.845158,8188,8490,0
58980,0,0,0,0,0,17.944104,1.844925,8188,8490,0
58990,4,8,0,13,1,17.942289,1.844730,8188,8490,0
59000,6,15,0,22,1,17.942829,1.844764,8188,8494,0
59010,3,9,0,13,1,17.943033,1.844815,8188,8494,0
59020,14,5,0,20,1,17.942683,1.844783,8188,8494,0
59030,10,3,0,14,1,17.942464,1.844761,8188,8494,0
59040,9,13,0,23,1,17.941749,1.844711,8188,8494,0
59050,14,14,0,29,1,17.944444,1.845008,8191,8503,0
59060,10,7,0,18,1,17.944555,1.845004,8191,8503,0
59070,17,2,0,20,1,17.944270,1.845005,8191,8503,0
59080,11,3,0,15,1,17.945130,1.845103,8193,8503,0
59090,19,10,0,30,1,17.947538,1.845362,8210,8503,0
59100,12,14,0,27,1,17.950422,1.845688,8221,8513,0
59110,13,1,0,15,1,17.950546,1.845753,8221,8513,0
59120,6,6,0,13,1,17.950014,1.845689,8221,8513,0
59130,10,2,0,13,1,17.948657,1.845576,8221,8513,0
59140,8,13,0,22,1,17.947951,1.845466,8221,8513,0
59150,8,16,0,25,1,17.950417,1.845701,8221,8530,0
59160,12,13,0,26,1,17.951880,1.845814,8221,8532,0
59170,2,1,0,4,1,17.952199,1.845879,8224,8532,0
59180,1,6,0,8,1,17.950788,1.845693,8224,8532,0
59190,1,9,0,11,1,17.949267,1.845564,8224,8532,0
59200,13,8,0,22,1,17.948210,1.845469,8224,8532,0
59210,0,2,0,3,1,17.946178,1.845302,8224,8532,0
59220,8,5,0,14,1,17.943962,1.845069,8224,8532,0
59230,4,1,0,6,1,17.942652,1.844964,8224,8532,0
59240,3,0,0,4,1,17.941104,1.844767,8224,8532,0
59250,1,0,0,2,1,17.939043,1.844556,8224,8532,0
59260,3,5,0,9,1,17.937241,1.844403,8224,8532,0
59270,0,9,0,10,1,17.936091,1.844279,8224,8532,0
59280,13,19,0,33,1,17.938013,1.844436,8224,8538,0
59290,6,13,0,20,1,17.938082,1.844466,8224,8539,0
59300,6,16,0,23,1,17.937689,1.844430,8224,8539,0
59310,13,14,0,28,1,17.938669,1.844535,8224,8548,0
59320,5,8,0,14,1,17.938906,1.844509,8224,8548,0
59330,2,4,0,7,1,17.938036,1.844404,8224,8548,0
59340,9,3,0,13,1,17.936299,1.844258,8224,8548,0
59350,5,6,0,12,1,17.935815,1.844178,8224,8548,0
59360,0,12,0,13,1,17.935805,1.844177,8224,8550,0
59370,3,0,0,4,1,17.933493,1.843966,8224,8550,0
59380,4,5,0,10,1,17.930996,1.843732,8224,8550,0
59390,4,0,0,5,1,17.928852,1.843490,8224,8550,0
59400,7,3,0,11,1,17.927954,1.843396,8224,8550,0
59410,0,0,0,1,1,17.925701,1.843171,8224,8550,0
59420,0,0,0,0,0,17.923393,1.842960,8224,8550,0
59430,1,0,0,2,1,17.921126,1.842776,8224,8550,0
59440,1,0,0,2,1,17.918415,1.842542,8224,8550,0
59450,5,2,0,8,1,17.916746,1.842356,8224,8550,0
59460,0,0,0,0,0,17.914232,1.842114,8224,8550,0
59470,6,8,0,15,1,17.912599,1.841924,8224,8550,0
59480,2,1,0,4,1,17.911623,1.841806,8224,8550,0
59490,12,3,0,16,1,17.911224,1.841705,8224,8550,0
59500,8,5,0,14,1,17.910499,1.841631,8224,8550,0
59510,11,1,0,13,1,17.910602,1.841640,8224,8550,0
59520,3,6,0,10,1,17.909490,1.841545,8224,8550,0
59530,2,6,0,9,1,17.909797,1.841536,8224,8551,0
59540,7,5,0,13,1,17.908021,1.841348,8224,8551,0
59550,5,4,0,10,1,17.906229,1.841149,8224,8551,0
59560,3,1,0,5,1,17.904685,1.841022,8224,8551,0
59570,11,2,0,14,1,17.903558,1.840841,8224,8551,0
59580,20,14,0,35,1,17.904127,1.840859,8233,8551,0
59590,18,17,0,36,1,17.906593,1.841088,8238,8554,0
59600,12,17,0,30,1,17.909718,1.841470,8238,8574,0
59610,20,17,0,38,1,17.911924,1.841641,8238,8574,0
59620,16,17,0,34,1,17.915071,1.841987,8240,8589,0
59630,18,15,0,34,1,17.918118,1.842308,8245,8592,0
59640,15,11,0,27,1,17.919746,1.842431,8246,8592,0
59650,12,12,0,25,1,17.920987,1.842576,8246,8592,0
59660,19,19,0,39,1,17.923525,1.842780,8247,8592,0
59670,9,10,0,20,1,17.925846,1.843052,8249,8606,0
59680,0,0,0,1,1,17.924346,1.842920,8249,8606,0
59690,4,0,0,5,1,17.922371,1.842709,8249,8606,0
59700,14,10,0,25,1,17.922113,1.842642,8249,8606,0
59710,12,3,0,16,1,17.922647,1.842707,8249,8606,0
59720,9,2,0,12,1,17.921324,1.842565,8249,8606,0
59730,0,1,0,2,1,17.919222,1.842356,8249,8606,0
59740,3,6,0,10,1,17.917546,1.842150,8249,8606,0
59750,6,7,0,14,1,17.916510,1.842086,8249,8606,0
59760,8,6,0,15,1,17.915029,1.841909,8249,8606,0
59770,1,13,0,15,1,17.913986,1.841764,8249,8606,0
59780,2,0,0,3,1,17.912563,1.841641,8249,8606,0
59790,9,13,0,23,1,17.910550,1.841400,8249,8606,0
59800,11,10,0,22,1,17.912154,1.841588,8249,8606,0
59810,6,10,0,17,1,17.911998,1.841557,8249,8606,0
59820,2,3,0,6,1,17.910950,1.841425,8249,8606,0
59830,12,10,0,23,1,17.909753,1.841261,8249,8606,0
59840,0,0,0,1,1,17.908823,1.841157,8249,8606,0
59850,7,8,0,16,1,17.906607,1.840895,8249,8606,0
59860,14,7,0,22,1,17.907112,1.840939,8249,8606,0
59870,11,6,0,18,1,17.907470,1.840989,8249,8606,0
59880,11,7,0,19,1,17.906151,1.840864,8249,8606,0
59890,1,1,0,3,1,17.904741,1.840704,8249,8606,0
59900,2,13,0,16,1,17.903364,1.840519,8249,8606,0
59910,10,15,0,26,1,17.904408,1.840592,8249,8606,0
59920,14,5,0,20,1,17.905318,1.840709,8249,8606,0
59930,0,0,0,0,0,17.903923,1.840592,8249,8606,0
59940,20,10,0,31,1,17.903167,1.840458,8251,8606,0
59950,3,9,0,13,1,17.904158,1.840621,8255,8606,0
59960,2,1,0,4,1,17.901565,1.840418,8255,8606,0
59970,4,8,0,13,1,17.899684,1.840235,8255,8606,0
59980,13,7,0,21,1,17.900308,1.840291,8255,8606,0
59990,19,16,0,36,1,17.902158,1.840450,8266,8608,0
60000,14,12,0,27,1,17.905222,1.840816,8272,8617,0
60010,8,8,0,17,1,17.906265,1.840947,8272,8617,0
60020,5,6,0,12,1,17.905974,1.840908,8272,8617,0
60030,4,7,0,12,1,17.906097,1.840931,8272,8617,0
60040,11,13,0,25,1,17.904702,1.840732,8272,8617,0
60050,4,3,0,8,1,17.906518,1.840903,8272,8621,0
60060,4,3,0,8,1,17.906169,1.840843,8272,8621,0
60070,6,7,0,14,1,17.905273,1.840742,8272,8621,0
60080,1,11,0,13,1,17.904710,1.840651,8272,8621,0
60090,3,8,0,12,1,17.903725,1.840560,8272,8621,0
60100,5,7,0,13,1,17.903623,1.840538,8272,8621,0
60110,5,7,0,13,1,17.902657,1.840445,8272,8621,0
60120,1,0,0,2,1,17.900285,1.840193,8272,8621,0
60130,0,0,0,0,0,17.897994,1.840002,8272,8621,0
60140,13,10,0,24,1,17.895905,1.839722,8272,8621,0
60150,0,0,0,1,1,17.894867,1.839661,8272,8621,0
60160,13,7,0,21,1,17.894514,1.839597,8272,8621,0
60170,15,15,0,31,1,17.897051,1.839840,8280,8621,0
60180,18,19,0,38,1,17.899633,1.840093,8280,8630,0
60190,10,18,0,29,1,17.902528,1.840449,8285,8640,0
60200,10,19,0,30,1,17.904524,1.840629,8285,8658,0
60210,17,18,0,36,1,17.907183,1.840916,8286,8672,0
60220,16,4,0,21,1,17.909258,1.841146,8294,8672,0
60230,11,18,0,30,1,17.910798,1.841277,8294,8672,0
60240,19,19,0,39,1,17.914166,1.841627,8307,8684,0
60250,19,20,0,40,1,17.917359,1.841988,8311,8696,0
60260,16,15,0,32,1,17.920274,1.842326,8319,8708,0
60270,6,14,0,21,1,17.922138,1.842512,8319,8713,0
60280,3,9,0,13,1,17.921750,1.842454,8319,8713,0
60290,1,5,0,7,1,17.920744,1.842383,8319,8713,0
60300,11,3,0,15,1,17.919892,1.842278,8319,8713,0
60310,10,1,0,12,1,17.919605,1.842240,8319,8713,0
60320,7,5,0,13,1,17.918098,1.842029,8319,8713,0
60330,15,0,0,16,1,17.918134,1.842040,8319,8713,0
60340,14,6,0,21,1,17.918136,1.842047,8319,8713,0
60350,10,16,0,27,1,17.918476,1.842074,8319,8713,0
60360,2,8,0,11,1,17.918234,1.842053,8319,8713,0
60370,2,2,0,5,1,17.916998,1.841939,8319,8713,0
60380,3,2,0,6,1,17.915295,1.841758,8319,8713,0
60390,6,2,0,9,1,17.914420,1.841673,8319,8713,0
60400,7,12,0,20,1,17.913779,1.841598,8319,8713,0
60410,3,13,0,17,1,17.913284,1.841526,8319,8713,0
60420,13,10,0,24,1,17.913823,1.841567,8319,8713,0
60430,17,13,0,31,1,17.915778,1.841747,8319,8713,0
60440,15,12,0,28,1,17.918118,1.841988,8322,8726,0
60450,11,15,0,27,1,17.919863,1.842165,8322,8730,0
60460,4,9,0,14,1,17.920275,1.842233,8322,8730,0
60470,3,5,0,9,1,17.918582,1.842060,8322,8730,0
60480,4,20,0,25,1,17.919140,1.842072,8322,8732,0
60490,6,7,0,14,1,17.919217,1.842083,8322,8734,0
60500,3,8,0,12,1,17.918774,1.842051,8322,8734,0
60510,1,7,0,9,1,17.917106,1.841865,8322,8734,0
60520,3,10,0,14,1,17.915631,1.841680,8322,8734,0
60530,11,16,0,28,1,17.916058,1.841728,8322,8734,0
60540,17,19,0,37,1,17.918039,1.841948,8322,8734,0
60550,19,16,0,36,1,17.920356,1.842228,8323,8745,0
60560,19,13,0,33,1,17.923130,1.842545,8339,8745,0
60570,9,18,0,28,1,17.924831,1.842746,8341,8745,0
60580,12,17,0,30,1,17.925553,1.842821,8341,8750,0
60590,14,6,0,21,1,17.927595,1.843022,8350,8753,0
60600,6,0,0,7,1,17.927833,1.843044,8353,8753,0
60610,9,7,0,17,1,17.926456,1.842900,8353,8753,0
60620,11,19,0,31,1,17.927426,1.842982,8353,8763,0
60630,13,20,0,34,1,17.928979,1.843186,8353,8772,0
60640,3,13,0,17,1,17.929639,1.843274,8353,8774,0
60650,7,12,0,20,1,17.929464,1.843238,8353,8774,0
60660,9,14,0,24,1,17.930632,1.843303,8353,8774,0
60670,16,15,0,32,1,17.933084,1.843521,8355,8787,0
60680,15,17,0,33,1,17.935339,1.843766,8358,8787,0
60690,15,17,0,33,1,17.938338,1.844101,8365,8796,0
60700,15,18,0,34,1,17.941166,1.844433,8365,8812,0
60710,20,16,0,37,1,17.943068,1.844595,8365,8813,0
60720,17,10,0,28,1,17.944703,1.844789,8369,8813,0
60730,2,4,0,7,1,17.943515,1.844664,8369,8813,0
60740,2,1,0,4,1,17.941801,1.844495,8369,8813,0
60750,0,17,0,18,1,17.940377,1.844334,8369,8813,0
60760,5,6,0,12,1,17.939132,1.844210,8369,8813,0
60770,1,6,0,8,1,17.938674,1.844217,8369,8813,0
60780,4,3,0,8,1,17.936232,1.843970,8369,8813,0
60790,12,5,0,18,1,17.935038,1.843839,8369,8813,0
60800,0,0,0,0,0,17.933264,1.843701,8369,8813,0
60810,9,11,0,21,1,17.931800,1.843548,8369,8813,0
60820,7,3,0,11,1,17.932215,1.843613,8369,8813,0
60830,2,1,0,4,1,17.930032,1.843433,8369,8813,0
60840,6,0,0,7,1,17.928692,1.843299,8369,8813,0
60850,13,1,0,15,1,17.927948,1.843189,8369,8813,0
60860,19,5,0,25,1,17.928589,1.843250,8379,8813,0
60870,18,6,0,25,1,17.928917,1.843281,8385,8813,0
60880,17,8,0,26,1,17.930189,1.843438,8397,8813,0
60890,7,2,0,10,1,17.930374,1.843483,8397,8813,0
60900,2,5,0,8,1,17.928990,1.843360,8397,8813,0
60910,4,13,0,18,1,17.928810,1.843299,8397,8813,0
60920,5,6,0,12,1,17.927390,1.843144,8397,8813,0
60930,0,2,0,3,1,17.925486,1.842958,8397,8813,0
60940,6,10,0,17,1,17.924732,1.842823,8397,8813,0
60950,2,0,0,3,1,17.922894,1.842669,8397,8813,0
60960,0,0,0,1,1,17.920918,1.842504,8397,8813,0
60970,0,0,0,0,0,17.918456,1.842304,8397,8813,0
60980,7,7,0,15,1,17.917710,1.842197,8397,8813,0
60990,16,6,0,23,1,17.918277,1.842266,8400,8813,0
61000,13,9,0,23,1,17.920426,1.842503,8404,8814,0
61010,10,13,0,24,1,17.921361,1.842606,8404,8814,0
61020,10,19,0,30,1,17.923121,1.842785,8404,8817,0
61030,0,15,0,16,1,17.924164,1.842939,8404,8817,0
61040,16,20,0,37,1,17.924863,1.842966,8404,8817,0
61050,14,17,0,32,1,17.927675,1.843287,8405,8831,0
61060,19,14,0,34,1,17.930359,1.843579,8409,8832,0
61070,13,16,0,30,1,17.933310,1.843945,8420,8839,0
61080,16,17,0,34,1,17.935700,1.844154,8422,8839,0
61090,10,15,0,26,1,17.937728,1.844389,8422,8846,0
61100,9,11,0,21,1,17.938319,1.844463,8422,8846,0
61110,13,16,0,30,1,17.939569,1.844576,8422,8852,0
61120,17,18,0,36,1,17.941427,1.844709,8422,8852,0
61130,11,20,0,32,1,17.943466,1.844957,8422,8861,0
61140,17,13,0,31,1,17.945570,1.845193,8422,8861,0
61150,16,12,0,29,1,17.946841,1.845343,8424,8861,0
61160,14,9,0,24,1,17.948625,1.845546,8427,8861,0
61170,14,3,0,18,1,17.949518,1.845663,8431,8861,0
61180,5,6,0,12,1,17.949338,1.845645,8431,8861,0
61190,0,0,0,0,0,17.946896,1.845442,8431,8861,0
61200,4,19,0,24,1,17.946816,1.845388,8431,8862,0
61210,15,19,0,35,1,17.949433,1.845651,8431,8872,0
61220,3,1,0,5,1,17.949009,1.845639,8431,8875,0
61230,1,1,0,3,1,17.947105,1.845435,8431,8875,0
61240,14,5,0,20,1,17.945869,1.845241,8431,8875,0
61250,19,10,0,30,1,17.947207,1.845351,8434,8875,0
61260,17,14,0,32,1,17.949048,1.845535,8446,8875,0
61270,16,2,0,19,1,17.949882,1.845637,8446,8875,0
61280,10,15,0,26,1,17.949187,1.845529,8446,8875,0
61290,2,2,0,5,1,17.947890,1.845400,8446,8875,0
61300,5,0,0,6,1,17.945976,1.845216,8446,8875,0
61310,0,0,0,1,1,17.943489,1.844955,8446,8875,0
61320,7,9,0,17,1,17.941946,1.844776,8446,8875,0
61330,7,7,0,15,1,17.940902,1.844678,8446,8875,0
61340,9,2,0,12,1,17.939201,1.844513,8446,8875,0
61350,13,1,0,15,1,17.938767,1.844454,8450,8875,0
61360,4,0,0,5,1,17.936801,1.844250,8450,8875,0
61370,10,11,0,22,1,17.936284,1.844163,8450,8875,0
61380,3,12,0,16,1,17.935071,1.844018,8450,8875,0
61390,1,6,0,8,1,17.934934,1.844023,8450,8875,0
61400,10,12,0,23,1,17.935344,1.844048,8450,8879,0
61410,0,1,0,2,1,17.934820,1.844022,8450,8879,0
61420,1,5,0,7,1,17.932753,1.843810,8450,8879,0
61430,19,3,0,23,1,17.931827,1.843679,8451,8879,0
61440,4,2,0,7,1,17.930761,1.843592,8452,8879,0
61450,3,1,0,5,1,17.928850,1.843445,8452,8879,0
61460,16,20,0,37,1,17.928577,1.843381,8452,8885,0
61470,18,19,0,38,1,17.930460,1.843560,8452,8894,0
61480,19,19,0,39,1,17.933490,1.843910,8465,8898,0
61490,17,19,0,37,1,17.936145,1.844217,8474,8903,0
61500,15,4,0,20,1,17.937635,1.844387,8474,8904,0
61510,11,16,1,29,1,17.937867,1.844374,8474,8904,0
61520,20,16,0,37,1,17.940174,1.844597,8475,8908,0
61530,17,2,0,20,1,17.941398,1.844748,8476,8908,0
61540,1,0,0,2,1,17.940335,1.844649,8477,8908,0
61550,1,2,0,4,1,17.937810,1.844418,8477,8908,0
61560,1,2,0,4,1,17.936329,1.844254,8477,8908,0
61570,5,5,0,11,1,17.935139,1.844135,8477,8908,0
61580,19,20,0,40,1,17.936054,1.844169,8477,8909,0
61590,16,20,0,37,1,17.938611,1.844454,8485,8918,0
61600,17,15,0,33,1,17.941399,1.844782,8499,8921,0
61610,13,7,0,21,1,17.942864,1.844995,8509,8921,0
61620,7,7,0,15,1,17.942391,1.844965,8509,8921,0
61630,19,17,0,37,1,17.944254,1.845114,8509,8921,0
61640,12,5,0,18,1,17.946298,1.845399,8512,8923,0
61650,18,4,0,23,1,17.946830,1.845415,8512,8923,0
61660,6,10,0,17,1,17.945848,1.845339,8515,8923,0
61670,9,17,0,27,1,17.945697,1.845321,8515,8923,0
61680,0,0,0,0,0,17.943889,1.845148,8515,8923,0
61690,3,4,0,8,1,17.942636,1.844999,8515,8923,0
61700,5,4,0,10,1,17.940598,1.844812,8515,8923,0
61710,4,3,0,8,1,17.938540,1.844616,8515,8923,0
61720,0,3,0,4,1,17.937024,1.844461,8515,8923,0
61730,0,0,0,1,1,17.934778,1.844246,8515,8923,0
61740,6,10,0,17,1,17.932904,1.844042,8515,8923,0
61750,5,3,0,9,1,17.932395,1.844024,8515,8923,0
61760,0,0,0,0,0,17.930473,1.843879,8515,8923,0
61770,2,10,1,14,1,17.928729,1.843685,8515,8923,0
61780,7,3,0,11,1,17.927033,1.843539,8515,8923,0
61790,1,0,0,2,1,17.924681,1.843323,8515,8923,0
61800,2,2,0,5,1,17.922220,1.843058,8515,8923,0
61810,3,6,0,10,1,17.920417,1.842867,8515,8923,0
61820,14,6,0,21,1,17.920829,1.842858,8518,8923,0
61830,17,8,0,26,1,17.921045,1.842887,8518,8923,0
61840,15,11,0,27,1,17.923068,1.843108,8520,8923,0
61850,11,10,0,22,1,17.924441,1.843214,8528,8923,0
61860,15,17,0,33,1,17.926092,1.843403,8533,8923,0
61870,11,17,0,29,1,17.928675,1.843632,8534,8927,0
61880,15,19,0,35,1,17.930939,1.843863,8534,8931,0
61890,12,19,0,32,1,17.933770,1.844167,8537,8944,0
61900,17,17,0,35,1,17.936760,1.844536,8546,8961,0
61910,11,3,0,15,1,17.939115,1.844816,8548,8965,0
61920,14,0,0,15,1,17.938688,1.844810,8548,8965,0
61930,1,1,0,3,1,17.937117,1.844695,8548,8965,0
61940,10,7,0,18,1,17.935447,1.844487,8548,8965,0
61950,20,6,0,27,1,17.935569,1.844525,8554,8965,0
61960,12,10,0,23,1,17.936649,1.844630,8564,8965,0
61970,12,6,0,19,1,17.938030,1.844785,8566,8965,0
61980,7,6,0,14,1,17.938726,1.844891,8567,8965,0
61990,10,0,0,11,1,17.937945,1.844833,8567,8965,0
62000,13,8,0,22,1,17.938246,1.844822,8567,8965,0
62010,10,7,0,18,1,17.938344,1.844799,8567,8965,0
62020,20,18,0,39,1,17.939779,1.844883,8567,8965,0
62030,12,9,0,22,1,17.941291,1.845079,8570,8967,0
62040,2,1,0,4,1,17.939988,1.844964,8570,8967,0
62050,7,8,0,16,1,17.939303,1.844861,8570,8967,0
62060,4,3,0,8,1,17.937443,1.844658,8570,8967,0
62070,1,1,0,3,1,17.935340,1.844437,8570,8967,0
62080,0,3,0,4,1,17.934004,1.844294,8570,8967,0
62090,0,0,0,0,0,17.931537,1.844044,8570,8967,0
62100,0,0,0,1,1,17.929091,1.843833,8570,8967,0
62110,12,12,0,25,1,17.928645,1.843763,8570,8967,0
62120,12,17,0,30,1,17.930102,1.843871,8570,8969,0
62130,9,19,0,29,1,17.931896,1.844099,8570,8984,0
62140,5,19,0,25,1,17.933215,1.844238,8570,8996,0
62150,18,19,0,38,1,17.934992,1.844419,8571,8998,0
62160,11,12,0,24,1,17.937314,1.844689,8581,8998,0
62170,15,18,0,34,1,17.939763,1.844957,8585,9001,0
62180,10,3,0,14,1,17.941265,1.845173,8585,9006,0
62190,14,16,0,31,1,17.941396,1.845123,8585,9006,0
62200,11,14,0,26,1,17.944102,1.845423,8589,9007,0
62210,10,16,0,27,1,17.946535,1.845659,8592,9012,0
62220,5,12,0,18,1,17.947648,1.845780,8592,9019,0
62230,8,8,0,17,1,17.948200,1.845853,8592,9019,0
62240,6,7,0,14,1,17.946539,1.845686,8592,9019,0
62250,10,12,0,23,1,17.946606,1.845685,8592,9019,0
62260,5,5,0,11,1,17.946077,1.845643,8592,9019,0
62270,5,16,0,22,1,17.945892,1.845579,8592,9019,0
62280,13,16,0,30,1,17.946915,1.845673,8592,9028,0
62290,17,12,0,30,1,17.949905,1.845990,8600,9032,0
62300,12,16,0,29,1,17.951619,1.846225,8606,9032,0
62310,2,10,0,13,1,17.952011,1.846281,8606,9033,0
62320,0,0,0,1,1,17.949797,1.846085,8606,9033,0
62330,0,6,0,7,1,17.948728,1.845991,8606,9033,0
62340,0,3,0,4,1,17.947839,1.845897,8606,9033,0
62350,3,12,0,16,1,17.947159,1.845770,8606,9039,0
62360,5,6,0,12,1,17.946235,1.845706,8606,9039,0
62370,7,5,0,13,1,17.944875,1.845603,8606,9039,0
62380,7,13,0,21,1,17.944371,1.845522,8606,9039,0
62390,17,13,0,31,1,17.945788,1.845668,8607,9039,0
62400,2,5,0,8,1,17.948114,1.845945,8618,9039,0
62410,0,0,0,1,1,17.946520,1.845827,8618,9039,0
62420,15,0,0,16,1,17.945589,1.845702,8618,9039,0
62430,11,4,0,16,1,17.945760,1.845714,8618,9039,0
62440,5,4,0,10,1,17.944474,1.845610,8618,9039,0
62450,11,8,0,20,1,17.942921,1.845438,8618,9039,0
62460,7,3,0,11,1,17.942352,1.845359,8618,9039,0
62470,16,5,0,22,1,17.942424,1.845337,8618,9039,0
62480,12,4,0,17,1,17.942378,1.845333,8618,9039,0
62490,1,0,0,2,1,17.940046,1.845121,8618,9039,0
62500,12,2,0,15,1,17.939053,1.844983,8618,9039,0
62510,19,12,0,32,1,17.940072,1.845061,8635,9039,0
62520,11,19,0,31,1,17.942582,1.845290,8636,9044,0
62530,7,19,0,27,1,17.943900,1.845469,8636,9049,0
62540,2,19,0,22,1,17.945200,1.845630,8636,9058,0
62550,3,11,0,15,1,17.944888,1.845602,8636,9058,0
62560,3,4,0,8,1,17.943944,1.845509,8636,9058,0
62570,6,8,0,15,1,17.943159,1.845401,8636,9058,0
62580,0,0,0,1,1,17.941382,1.845225,8636,9058,0
62590,7,4,0,12,1,17.939708,1.845051,8636,9058,0
62600,2,2,0,5,1,17.937545,1.844859,8636,9058,0
62610,7,0,0,8,1,17.935368,1.844639,8636,9058,0
62620,8,2,0,11,1,17.934132,1.844486,8636,9058,0
62630,1,1,0,3,1,17.932134,1.844323,8636,9058,0
62640,0,1,0,2,1,17.929837,1.844085,8636,9058,0
62650,13,7,0,21,1,17.929201,1.843956,8636,9058,0
62660,9,7,0,17,1,17.928852,1.843936,8636,9058,0
62670,3,5,0,9,1,17.927393,1.843814,8636,9058,0
62680,10,10,0,21,1,17.926232,1.843647,8636,9058,0
62690,8,16,0,25,1,17.927877,1.843787,8637,9058,0
62700,6,16,0,23,1,17.928766,1.843861,8637,9061,0
62710,11,10,0,22,1,17.928321,1.843825,8637,9061,0
62720,13,12,0,26,1,17.929212,1.843938,8637,9063,0
62730,6,18,0,25,1,17.929905,1.844001,8637,9063,0
62740,16,19,0,36,1,17.930706,1.844069,8637,9071,0
62750,10,8,0,19,1,17.932820,1.844324,8637,9078,0
62760,3,0,0,4,1,17.931621,1.844189,8637,9078,0
62770,1,1,0,3,1,17.929316,1.843983,8637,9078,0
62780,5,2,0,8,1,17.927185,1.843755,8637,9078,0
62790,3,2,0,6,1,17.925011,1.843550,8637,9078,0
62800,1,2,0,4,1,17.922860,1.843321,8637,9078,0
62810,6,1,0,8,1,17.921243,1.843146,8637,9078,0
62820,5,1,0,7,1,17.919019,1.842930,8637,9078,0
62830,14,10,0,25,1,17.917883,1.842775,8637,9078,0
62840,4,4,0,9,1,17.917964,1.842814,8637,9078,0
62850,1,3,0,5,1,17.917101,1.842738,8637,9078,0
62860,4,8,0,13,1,17.916605,1.842658,8637,9078,0
62870,0,0,0,0,0,17.915049,1.842510,8637,9078,0
62880,5,1,0,7,1,17.912957,1.842329,8637,9078,0
62890,0,1,0,2,1,17.911906,1.842209,8637,9078,0
62900,1,0,0,2,1,17.909491,1.841953,8637,9078,0
62910,0,0,0,0,0,17.906916,1.841713,8637,9078,0
62920,1,4,0,6,1,17.905482,1.841551,8637,9078,0
62930,3,0,0,4,1,17.903422,1.841331,8637,9078,0
62940,0,0,0,1,1,17.901215,1.841153,8637,9078,0
62950,6,5,0,12,1,17.899676,1.840965,8637,9078,0
62960,6,7,0,14,1,17.898842,1.840838,8637,9078,0
62970,11,6,0,18,1,17.898615,1.840815,8637,9078,0
62980,1,3,0,5,1,17.897785,1.840712,8637,9078,0
62990,7,1,0,9,1,17.896370,1.840552,8637,9078,0
63000,4,11,0,16,1,17.894603,1.840380,8637,9078,0
63010,4,10,0,15,1,17.894123,1.840329,8637,9078,0
63020,13,17,0,31,1,17.895718,1.840472,8637,9078,0
63030,16,10,0,27,1,17.898337,1.840755,8644,9079,0
63040,16,17,0,34,1,17.900007,1.840948,8644,9084,0
63050,15,20,0,36,1,17.902998,1.841283,8653,9096,0
63060,9,15,0,25,1,17.904876,1.841501,8653,9108,0
63070,0,0,0,0,0,17.903590,1.841370,8653,9108,0
63080,3,10,0,14,1,17.902227,1.841236,8653,9108,0
63090,12,19,0,32,1,17.902645,1.841253,8653,9111,0
63100,6,20,0,27,1,17.904180,1.841426,8653,9135,0
63110,18,13,0,32,1,17.905867,1.841586,8653,9135,0
63120,5,13,0,19,1,17.907089,1.841733,8653,9135,0
63130,11,17,0,29,1,17.908583,1.841866,8653,9149,0
63140,9,18,0,28,1,17.910608,1.842078,8653,9161,0
63150,5,12,0,18,1,17.912029,1.842240,8653,9170,0
63160,12,15,0,28,1,17.912611,1.842289,8653,9170,0
63170,10,8,0,19,1,17.914124,1.842445,8653,9170,0
63180,6,4,0,11,1,17.913924,1.842452,8653,9170,0
63190,8,6,0,15,1,17.912524,1.842333,8653,9170,0
63200,7,4,0,12,1,17.911504,1.842235,8653,9170,0
63210,6,5,0,12,1,17.910894,1.842193,8653,9170,0
63220,17,3,0,21,1,17.910864,1.842194,8653,9170,0
63230,12,14,0,27,1,17.911661,1.842274,8655,9170,0
63240,12,9,0,22,1,17.912593,1.842388,8655,9170,0
63250,10,6,0,17,1,17.912377,1.842397,8655,9170,0
63260,12,18,0,31,1,17.913272,1.842438,8655,9170,0
63270,20,13,0,34,1,17.915761,1.842668,8659,9180,0
63280,9,9,0,19,1,17.917634,1.842867,8659,9180,0
63290,7,0,0,8,1,17.917848,1.842881,8659,9180,0
63300,1,4,0,6,1,17.915630,1.842693,8659,9180,0
63310,20,9,0,30,1,17.916206,1.842714,8664,9180,0
63320,2,0,0,3,1,17.916834,1.842815,8665,9180,0
63330,2,0,0,3,1,17.914505,1.842603,8665,9180,0
63340,1,3,0,5,1,17.912181,1.842383,8665,9180,0
63350,0,0,0,0,0,17.909618,1.842176,8665,9180,0
63360,9,9,0,19,1,17.907769,1.841948,8665,9180,0
63370,12,6,0,19,1,17.908215,1.841950,8665,9180,0
63380,16,11,0,28,1,17.909626,1.842101,8676,9180,0
63390,4,1,0,6,1,17.909688,1.842135,8676,9180,0
63400,2,9,0,12,1,17.908188,1.841970,8676,9180,0
63410,0,0,0,1,1,17.906207,1.841811,8676,9180,0
63420,5,9,0,15,1,17.904729,1.841639,8676,9180,0
63430,0,0,0,0,0,17.903417,1.841472,8676,9180,0
63440,0,0,0,0,0,17.901073,1.841253,8676,9180,0
63450,3,2,0,6,1,17.898907,1.841033,8676,9180,0
63460,0,0,0,0,0,17.897147,1.840838,8676,9180,0
63470,4,2,0,7,1,17.895008,1.840646,8676,9180,0
63480,5,8,0,14,1,17.894534,1.840586,8676,9180,0
63490,2,1,0,4,1,17.892572,1.840414,8676,9180,0
63500,7,18,0,26,1,17.891272,1.840257,8676,9180,0
63510,13,14,0,28,1,17.892678,1.840438,8676,9180,0
63520,18,0,0,19,1,17.894505,1.840660,8682,9180,0
63530,15,6,0,22,1,17.894806,1.840709,8682,9180,0
63540,12,6,0,19,1,17.895390,1.840758,8683,9180,0
63550,14,6,0,21,1,17.895340,1.840727,8683,9180,0
63560,11,0,1,13,1,17.895745,1.840778,8687,9180,0
63570,0,8,0,9,1,17.894767,1.840663,8687,9180,0
63580,1,1,0,3,1,17.892527,1.840427,8687,9180,0
63590,0,0,0,1,1,17.890996,1.840265,8687,9180,0
63600,19,9,0,29,1,17.890400,1.840174,8691,9180,0
63610,4,2,0,7,1,17.890437,1.840185,8701,9180,0
63620,20,19,0,40,1,17.891082,1.840183,8701,9184,0
63630,14,15,0,30,1,17.893770,1.840472,8712,9196,0
63640,5,11,0,17,1,17.894648,1.840563,8712,9196,0
63650,12,9,0,22,1,17.894850,1.840564,8712,9196,0
63660,2,18,0,21,1,17.896402,1.840709,8716,9200,0
63670,4,10,0,15,1,17.897123,1.840802,8716,9209,0
63680,8,14,0,23,1,17.896920,1.840776,8716,9209,0
63690,15,18,0,34,1,17.898285,1.840941,8716,9212,0
63700,10,16,0,27,1,17.900823,1.841262,8716,9227,0
63710,11,8,0,20,1,17.900721,1.841249,8716,9227,0
63720,11,10,0,22,1,17.901735,1.841363,8716,9230,0
63730,20,3,0,24,1,17.902194,1.841384,8718,9230,0
63740,0,0,0,1,1,17.901729,1.841370,8718,9230,0
63750,2,7,0,10,1,17.899524,1.841126,8718,9230,0
63760,2,4,0,7,1,17.898516,1.841023,8718,9230,0
63770,15,6,0,22,1,17.897581,1.840921,8718,9230,0
63780,11,1,0,13,1,17.899066,1.841089,8731,9230,0
63790,3,4,0,8,1,17.897718,1.840937,8731,9230,0
63800,0,1,0,2,1,17.895506,1.840722,8731,9230,0
63810,9,8,0,18,1,17.894456,1.840584,8731,9230,0
63820,12,1,0,14,1,17.894318,1.840589,8731,9230,0
63830,20,13,0,34,1,17.895835,1.840728,8743,9230,0
63840,16,20,0,37,1,17.898814,1.841070,8754,9236,0
63850,13,10,0,24,1,17.900907,1.841316,8755,9239,0
63860,18,15,0,34,1,17.903081,1.841522,8755,9244,0
63870,13,13,0,27,1,17.905037,1.841757,8755,9244,0
63880,13,2,0,16,1,17.905258,1.841834,8755,9244,0
63890,9,5,0,15,1,17.904547,1.841734,8755,9244,0
63900,12,19,0,32,1,17.906503,1.841954,8755,9252,0
63910,17,4,0,22,1,17.908283,1.842191,8768,9258,0
63920,13,12,0,26,1,17.908795,1.842206,8768,9258,0
63930,10,2,0,13,1,17.909495,1.842305,8771,9258,0
63940,0,1,0,2,1,17.907234,1.842133,8771,9258,0
63950,9,3,0,13,1,17.906289,1.842009,8771,9258,0
63960,15,16,0,32,1,17.908382,1.842219,8772,9258,0
63970,13,15,0,29,1,17.910767,1.842468,8773,9262,0
63980,18,11,0,30,1,17.913349,1.842734,8787,9262,0
63990,9,5,0,15,1,17.915522,1.842997,8796,9266,0
64000,17,3,0,21,1,17.914619,1.842857,8796,9266,0
64010,10,0,0,11,1,17.914845,1.842914,8798,9266,0
64020,12,9,0,22,1,17.913243,1.842744,8798,9266,0
64030,3,11,0,15,1,17.913462,1.842770,8798,9266,0
64040,11,16,0,28,1,17.913950,1.842791,8798,9266,0
64050,10,8,0,19,1,17.914827,1.842906,8798,9275,0
64060,0,0,0,1,1,17.913173,1.842781,8798,9275,0
64070,3,2,0,6,1,17.912318,1.842669,8798,9275,0
64080,0,0,0,1,1,17.910224,1.842493,8798,9275,0
64090,0,0,0,0,0,17.907899,1.842225,8798,9275,0
64100,3,1,0,5,1,17.905793,1.842033,8798,9275,0
64110,10,10,0,21,1,17.905127,1.841917,8798,9275,0
64120,13,12,0,26,1,17.906745,1.842096,8799,9275,0
64130,1,1,0,3,1,17.906618,1.842087,8799,9275,0
64140,11,9,0,21,1,17.904825,1.841879,8799,9275,0
64150,5,4,0,10,1,17.903841,1.841743,8799,9275,0
64160,10,10,0,21,1,17.903235,1.841646,8799,9275,0
64170,6,1,0,8,1,17.902160,1.841542,8799,9275,0
64180,15,10,0,26,1,17.901742,1.841441,8799,9275,0
64190,12,4,0,17,1,17.902208,1.841483,8799,9275,0
64200,15,5,0,21,1,17.902430,1.841474,8799,9275,0
64210,0,0,0,0,0,17.900734,1.841366,8799,9275,0
64220,1,3,0,5,1,17.898601,1.841132,8799,9275,0
64230,2,2,0,5,1,17.896563,1.840935,8799,9275,0
64240,2,5,0,8,1,17.895484,1.840830,8799,9275,0
64250,2,3,0,6,1,17.894236,1.840694,8799,9275,0
64260,0,0,0,1,1,17.891852,1.840487,8799,9275,0
64270,0,2,0,3,1,17.889674,1.840246,8799,9275,0
64280,2,3,0,6,1,17.888630,1.840134,8799,9275,0
64290,10,5,0,16,1,17.887523,1.840017,8799,9275,0
64300,3,7,0,11,1,17.887018,1.839987,8799,9275,0
64310,2,1,0,4,1,17.885010,1.839787,8799,9275,0
64320,5,8,0,14,1,17.883904,1.839688,8799,9275,0
64330,19,16,0,36,1,17.885153,1.839762,8803,9275,0
64340,15,13,0,29,1,17.887739,1.840034,8810,9285,0
64350,17,4,0,22,1,17.888764,1.840105,8812,9285,0
64360,5,8,0,14,1,17.888787,1.840114,8812,9285,0
64370,9,2,0,12,1,17.887716,1.839998,8812,9285,0
64380,7,5,0,13,1,17.885801,1.839805,8812,9285,0
64390,10,9,0,20,1,17.885702,1.839775,8812,9285,0
64400,9,7,0,17,1,17.885333,1.839720,8812,9285,0
64410,6,2,0,9,1,17.883516,1.839542,8812,9285,0
64420,10,11,0,22,1,17.882740,1.839449,8812,9285,0
64430,19,20,0,40,1,17.885546,1.839755,8821,9296,0
64440,10,13,0,24,1,17.888451,1.840096,8827,9315,0
64450,14,15,0,30,1,17.889860,1.840194,8827,9315,0
64460,4,5,0,10,1,17.890473,1.840320,8833,9315,0
64470,0,3,0,4,1,17.889033,1.840178,8833,9315,0
64480,4,19,0,24,1,17.888215,1.840051,8833,9318,0
64490,13,12,0,26,1,17.889005,1.840124,8833,9328,0
64500,9,6,0,16,1,17.888918,1.840115,8833,9328,0
64510,6,9,0,16,1,17.889328,1.840161,8833,9328,0
64520,19,19,0,39,1,17.890923,1.840314,8836,9333,0
64530,16,3,0,20,1,17.892630,1.840508,8837,9340,0
64540,3,2,0,6,1,17.892061,1.840488,8837,9340,0
64550,1,3,0,5,1,17.890505,1.840344,8837,9340,0
64560,1,2,0,4,1,17.888285,1.840136,8837,9340,0
64570,0,1,0,2,1,17.886108,1.839939,8837,9340,0
64580,0,0,0,1,1,17.884243,1.839725,8837,9340,0
64590,9,3,0,13,1,17.883100,1.839599,8837,9340,0
64600,6,3,0,10,1,17.882501,1.839535,8837,9340,0
64610,9,5,0,15,1,17.881065,1.839370,8837,9340,0
64620,2,2,0,5,1,17.879835,1.839277,8837,9340,0
64630,11,1,0,13,1,17.879052,1.839164,8837,9340,0
64640,2,2,0,5,1,17.877797,1.839036,8837,9340,0
64650,9,2,0,12,1,17.876706,1.838901,8837,9340,0
64660,0,0,0,0,0,17.875286,1.838770,8837,9340,0
64670,4,6,0,11,1,17.873124,1.838522,8837,9340,0
64680,10,17,0,28,1,17.873290,1.838496,8837,9340,0
64690,15,17,0,33,1,17.875547,1.838755,8839,9349,0
64700,6,14,0,21,1,17.876636,1.838888,8839,9353,0
64710,8,1,0,10,1,17.875651,1.838834,8839,9353,0
64720,7,5,0,13,1,17.874664,1.838692,8839,9353,0
64730,5,8,0,14,1,17.873165,1.838507,8839,9353,0
64740,7,20,0,28,1,17.873166,1.838478,8839,9353,0
64750,15,16,0,32,1,17.875040,1.838675,8839,9357,0
64760,10,18,0,29,1,17.877183,1.838901,8839,9362,0
64770,9,11,0,21,1,17.878234,1.839004,8839,9363,0
64780,19,16,0,36,1,17.880903,1.839303,8851,9369,0
64790,19,17,0,37,1,17.883567,1.839595,8851,9391,0
64800,17,14,0,32,1,17.886281,1.839962,8867,9395,0
64810,13,18,0,32,1,17.888530,1.840171,8867,9401,0
64820,16,17,0,34,1,17.891018,1.840454,8870,9411,0
64830,17,9,0,27,1,17.892451,1.840611,8870,9411,0
64840,6,8,0,15,1,17.893487,1.840735,8870,9411,0
64850,1,2,0,4,1,17.893584,1.840746,8870,9411,0
64860,2,7,0,10,1,17.892623,1.840636,8870,9411,0
64870,15,11,0,27,1,17.892845,1.840616,8870,9411,0
64880,10,2,0,13,1,17.893724,1.840686,8871,9411,0
64890,3,12,0,16,1,17.894265,1.840740,8871,9411,0
64900,1,1,0,3,1,17.892351,1.840584,8871,9411,0
64910,3,5,0,9,1,17.890006,1.840352,8871,9411,0
64920,8,16,0,25,1,17.890189,1.840343,8871,9411,0
64930,2,18,0,21,1,17.890417,1.840338,8871,9415,0
64940,3,8,0,12,1,17.890122,1.840337,8871,9417,0
64950,9,14,0,24,1,17.889817,1.840292,8871,9417,0
64960,9,16,0,26,1,17.890085,1.840320,8871,9417,0
64970,8,8,0,17,1,17.891018,1.840434,8871,9417,0
64980,13,14,0,28,1,17.892048,1.840532,8871,9417,0
64990,9,10,0,20,1,17.893126,1.840678,8871,9417,0
65000,2,5,0,8,1,17.891953,1.840576,8871,9417,0
65010,10,11,0,22,1,17.891281,1.840452,8871,9417,0
65020,16,18,0,35,1,17.892609,1.840592,8871,9423,0
65030,20,20,0,41,1,17.895400,1.840848,8881,9428,0
65040,16,16,0,33,1,17.897688,1.841119,8886,9438,0
65050,12,10,0,23,1,17.899967,1.841359,8886,9438,0
65060,5,0,0,6,1,17.900196,1.841389,8890,9438,0
65070,1,1,0,3,1,17.898117,1.841156,8890,9438,0
65080,2,4,0,7,1,17.896024,1.840959,8890,9438,0
65090,2,0,0,3,1,17.894054,1.840745,8890,9438,0
65100,14,17,0,32,1,17.894280,1.840728,8890,9438,0
65110,17,19,0,37,1,17.896922,1.841009,8891,9443,0
65120,8,5,0,14,1,17.897955,1.841104,8891,9448,0
65130,7,8,0,16,1,17.896956,1.841002,8891,9448,0
65140,14,13,0,28,1,17.897976,1.841085,8896,9448,0
65150,16,16,0,33,1,17.900347,1.841317,8903,9457,0
65160,19,11,0,31,1,17.901922,1.841483,8913,9457,0
65170,13,17,0,31,1,17.904090,1.841747,8913,9457,0
65180,5,15,0,21,1,17.905331,1.841870,8913,9461,0
65190,14,15,0,30,1,17.906474,1.841939,8913,9461,0
65200,17,15,0,33,1,17.909407,1.842226,8922,9468,0
65210,15,18,0,34,1,17.912126,1.842492,8926,9480,0
65220,1,7,0,9,1,17.912592,1.842558,8926,9480,0
65230,7,3,0,11,1,17.910488,1.842351,8926,9480,0
65240,8,11,0,20,1,17.909636,1.842255,8926,9480,0
65250,13,12,0,26,1,17.911179,1.842450,8926,9487,0
65260,13,2,0,16,1,17.913137,1.842637,8929,9487,0
65270,16,9,0,26,1,17.913533,1.842696,8929,9487,0
65280,10,9,0,20,1,17.914575,1.842769,8929,9487,0
65290,19,20,0,40,1,17.916421,1.842930,8934,9488,0
65300,11,13,0,25,1,17.918785,1.843197,8934,9510,0
65310,14,4,0,19,1,17.919388,1.843240,8934,9510,0
65320,2,1,0,4,1,17.918416,1.843123,8934,9510,0
65330,3,0,0,4,1,17.916318,1.842922,8934,9510,0
65340,3,1,0,5,1,17.914026,1.842707,8934,9510,0
65350,6,6,0,13,1,17.912081,1.842476,8934,9510,0
65360,18,5,0,24,1,17.912413,1.842496,8939,9510,0
65370,9,12,0,22,1,17.912723,1.842506,8939,9510,0
65380,16,14,0,31,1,17.912931,1.842484,8939,9510,0
65390,11,3,0,15,1,17.914604,1.842683,8939,9512,0
65400,7,5,0,13,1,17.913297,1.842549,8939,9512,0
65410,2,14,0,17,1,17.912480,1.842440,8939,9512,0
65420,9,9,0,19,1,17.911924,1.842374,8939,9512,0
65430,10,18,0,29,1,17.912983,1.842420,8939,9513,0
65440,10,19,0,30,1,17.913849,1.842516,8939,9525,0
65450,18,16,0,35,1,17.915704,1.842690,8939,9539,0
65460,18,14,0,33,1,17.917954,1.842928,8953,9539,0
65470,7,9,0,17,1,17.919610,1.843110,8954,9539,0
65480,20,14,0,35,1,17.921150,1.843232,8960,9542,0
65490,18,12,0,31,1,17.923592,1.843507,8961,9542,0
65500,16,9,0,26,1,17.926189,1.843748,8966,9553,0
65510,2,3,0,6,1,17.925890,1.843739,8966,9553,0
65520,11,15,0,27,1,17.924981,1.843614,8966,9553,0
65530,13,18,0,32,1,17.926745,1.843776,8966,9557,0
65540,9,5,0,15,1,17.927988,1.843916,8966,9557,0
65550,10,7,0,18,1,17.927167,1.843835,8966,9557,0
65560,15,19,0,35,1,17.928881,1.843977,8969,9558,0
65570,18,14,0,33,1,17.931543,1.844246,8969,9568,0
65580,9,12,0,22,1,17.933801,1.844476,8977,9575,0
65590,17,11,0,29,1,17.934821,1.844573,8977,9576,0
65600,14,17,0,32,1,17.937335,1.844858,8989,9582,0
65610,13,9,0,23,1,17.938133,1.844920,8989,9582,0
65620,16,5,0,22,1,17.938856,1.844981,8998,9582,0
65630,8,10,0,19,1,17.938133,1.844905,8999,9582,0
65640,2,3,0,6,1,17.937395,1.844835,8999,9582,0
65650,4,5,0,10,1,17.935782,1.844690,8999,9582,0
65660,5,0,0,6,1,17.934284,1.844534,8999,9582,0
65670,1,1,0,3,1,17.932726,1.844383,8999,9582,0
65680,9,12,0,22,1,17.932099,1.844264,8999,9582,0
65690,8,13,0,22,1,17.931856,1.844231,8999,9582,0
65700,18,11,0,30,1,17.933843,1.844413,8999,9582,0
65710,18,16,0,35,1,17.935542,1.844528,8999,9583,0
65720,18,16,0,35,1,17.936937,1.844652,9000,9583,0
65730,20,20,0,41,1,17.939444,1.844933,9004,9584,0
65740,10,12,0,23,1,17.941982,1.845282,9009,9593,0
65750,8,8,0,17,1,17.941671,1.845245,9009,9593,0
65760,1,2,0,4,1,17.940015,1.845069,9009,9593,0
65770,0,10,0,11,1,17.938933,1.844973,9009,9593,0
65780,3,18,0,22,1,17.938994,1.844974,9009,9594,0
65790,4,18,0,23,1,17.939937,1.845069,9009,9605,0
65800,12,19,0,32,1,17.940861,1.845107,9009,9609,0
65810,9,9,0,19,1,17.941152,1.845132,9009,9609,0
65820,2,0,0,3,1,17.939797,1.845016,9009,9609,0
65830,0,0,0,1,1,17.937970,1.844841,9009,9609,0
65840,5,2,0,8,1,17.936530,1.844707,9009,9609,0
65850,0,0,0,1,1,17.934600,1.844469,9009,9609,0
65860,14,11,0,26,1,17.934380,1.844404,9009,9609,0
65870,0,4,0,5,1,17.934017,1.844393,9009,9609,0
65880,7,12,0,20,1,17.932846,1.844262,9009,9609,0
65890,4,7,0,12,1,17.933008,1.844256,9009,9609,0
65900,3,0,0,4,1,17.931128,1.844084,9009,9609,0
65910,0,4,0,5,1,17.929102,1.843873,9009,9609,0
65920,3,0,0,4,1,17.927496,1.843732,9009,9609,0
65930,5,1,0,7,1,17.926243,1.843578,9009,9609,0
65940,1,0,0,2,1,17.923770,1.843382,9009,9609,0
65950,8,8,0,17,1,17.922045,1.843179,9009,9609,0
65960,8,9,0,18,1,17.922071,1.843188,9009,9609,0
65970,16,4,1,22,1,17.922675,1.843239,9009,9609,0
65980,1,2,0,4,1,17.922266,1.843221,9010,9609,0
65990,3,9,0,13,1,17.920447,1.842994,9010,9609,0
66000,10,2,0,13,1,17.919601,1.842911,9010,9609,0
66010,3,8,0,12,1,17.919259,1.842894,9010,9609,0
66020,5,10,0,16,1,17.918206,1.842763,9010,9609,0
66030,14,10,0,25,1,17.919039,1.842858,9010,9609,0
66040,18,14,0,33,1,17.921174,1.843064,9012,9613,0
66050,9,8,0,18,1,17.921646,1.843168,9012,9613,0
66060,19,6,0,26,1,17.922807,1.843271,9017,9613,0
66070,18,4,0,23,1,17.923712,1.843390,9023,9613,0
66080,2,0,0,3,1,17.923449,1.843393,9024,9613,0
66090,4,8,0,13,1,17.922266,1.843246,9024,9613,0
66100,0,5,0,6,1,17.922055,1.843230,9024,9613,0
66110,0,0,0,0,0,17.921615,1.843189,9024,9613,0
66120,3,1,0,5,1,17.919317,1.842953,9024,9613,0
66130,3,2,0,6,1,17.918086,1.842824,9024,9613,0
66140,1,1,0,3,1,17.915694,1.842613,9024,9613,0
66150,1,0,0,2,1,17.913630,1.842410,9024,9613,0
66160,0,0,0,0,0,17.911839,1.842227,9024,9613,0
66170,5,6,0,12,1,17.910817,1.842096,9024,9613,0
66180,0,0,0,0,0,17.909457,1.841957,9024,9613,0
66190,0,14,0,15,1,17.908915,1.841882,9024,9613,0
66200,3,14,0,18,1,17.909249,1.841946,9024,9614,0
66210,8,13,0,22,1,17.910315,1.842047,9024,9629,0
66220,18,8,0,27,1,17.911012,1.842120,9028,9629,0
66230,9,3,0,13,1,17.910770,1.842095,9028,9629,0
66240,0,16,0,17,1,17.909395,1.841929,9028,9629,0
66250,14,14,0,29,1,17.909633,1.841908,9028,9632,0
66260,10,10,0,21,1,17.910767,1.842026,9029,9632,0
66270,15,19,0,35,1,17.912490,1.842152,9029,9632,0
66280,3,12,0,16,1,17.914012,1.842332,9029,9644,0
66290,9,15,0,25,1,17.915076,1.842411,9029,9653,0
66300,16,9,0,26,1,17.916013,1.842442,9029,9653,0
66310,9,3,0,13,1,17.916283,1.842493,9029,9653,0
66320,6,8,0,15,1,17.916025,1.842459,9029,9653,0
66330,10,17,0,28,1,17.916805,1.842506,9029,9653,0
66340,19,17,0,37,1,17.919244,1.842746,9030,9668,0
66350,16,9,0,26,1,17.921156,1.842934,9039,9668,0
66360,11,15,0,27,1,17.923235,1.843143,9041,9671,0
66370,14,10,0,25,1,17.924957,1.843330,9041,9671,0
66380,17,18,0,36,1,17.927247,1.843517,9046,9674,0
66390,12,14,0,27,1,17.929615,1.843787,9051,9677,0
66400,9,8,0,18,1,17.929571,1.843792,9051,9677,0
66410,3,6,0,10,1,17.929024,1.843765,9051,9677,0
66420,1,1,0,3,1,17.927710,1.843642,9051,9677,0
66430,4,5,0,10,1,17.925909,1.843414,9051,9677,0
66440,6,1,0,8,1,17.924226,1.843254,9051,9677,0
66450,20,10,0,31,1,17.923445,1.843148,9059,9677,0
66460,14,19,0,34,1,17.925999,1.843443,9081,9682,0
66470,17,19,0,37,1,17.928724,1.843741,9083,9694,0
66480,19,16,0,36,1,17.930909,1.843961,9086,9694,0
66490,8,10,0,19,1,17.931778,1.844042,9086,9694,0
66500,2,8,0,11,1,17.930422,1.843923,9086,9694,0
66510,8,10,0,19,1,17.929670,1.843827,9086,9694,0
66520,6,13,0,20,1,17.931071,1.843989,9086,9698,0
66530,6,15,0,22,1,17.930908,1.843981,9086,9698,0
66540,9,10,0,20,1,17.930877,1.844013,9086,9698,0
66550,0,17,0,18,1,17.931500,1.844078,9086,9702,0
66560,1,2,0,4,1,17.930258,1.844025,9086,9702,0
66570,5,15,0,21,1,17.929503,1.843899,9086,9702,0
66580,0,10,0,11,1,17.929451,1.843886,9086,9705,0
66590,1,0,0,2,1,17.928591,1.843818,9086,9706,0
66600,3,7,0,11,1,17.926529,1.843624,9086,9706,0
66610,16,16,0,33,1,17.926994,1.843644,9086,9706,0
66620,12,13,0,26,1,17.929050,1.843873,9087,9706,0
66630,13,16,0,30,1,17.930736,1.844039,9087,9708,0
66640,15,15,0,31,1,17.933558,1.844347,9096,9721,0
66650,17,9,0,27,1,17.936058,1.844619,9096,9730,0
66660,15,4,0,20,1,17.936604,1.844650,9096,9730,0
66670,15,17,0,33,1,17.937081,1.844699,9096,9730,0
66680,13,14,0,28,1,17.939707,1.844979,9101,9736,0
66690,2,1,0,4,1,17.940301,1.845069,9101,9736,0
66700,2,8,0,11,1,17.938460,1.844866,9101,9736,0
66710,0,0,0,0,0,17.937264,1.844778,9101,9736,0
66720,6,6,0,13,1,17.936400,1.844658,9101,9736,0
66730,4,15,0,20,1,17.936742,1.844691,9101,9736,0
66740,7,8,0,16,1,17.936294,1.844652,9101,9736,0
66750,4,11,0,16,1,17.935928,1.844601,9101,9736,0
66760,4,5,0,10,1,17.934170,1.844469,9101,9736,0
66770,5,11,0,17,1,17.932548,1.844288,9101,9736,0
66780,9,18,0,28,1,17.933736,1.844391,9101,9741,0
66790,2,12,0,15,1,17.932959,1.844292,9101,9741,0
66800,10,12,0,23,1,17.932544,1.844250,9101,9741,0
66810,3,6,0,10,1,17.932476,1.844255,9101,9741,0
66820,1,4,0,6,1,17.931137,1.844101,9101,9741,0
66830,4,9,0,14,1,17.929922,1.843951,9101,9741,0
66840,5,8,0,14,1,17.929091,1.843849,9101,9741,0
66850,9,15,0,25,1,17.929129,1.843831,9101,9741,0
66860,2,8,0,11,1,17.928510,1.843768,9101,9741,0
66870,1,5,0,7,1,17.926595,1.843598,9101,9741,0
66880,6,10,0,17,1,17.925064,1.843421,9101,9741,0
66890,16,5,0,22,1,17.925740,1.843502,9105,9741,0
66900,13,0,0,14,1,17.925441,1.843470,9105,9741,0
66910,4,3,0,8,1,17.923359,1.843270,9105,9741,0
66920,16,8,0,25,1,17.922966,1.843191,9105,9741,0
66930,17,6,0,24,1,17.924531,1.843367,9112,9741,0
66940,1,4,0,6,1,17.923903,1.843340,9112,9741,0
66950,4,1,0,6,1,17.921791,1.843129,9112,9741,0
66960,6,2,0,9,1,17.919880,1.842919,9112,9741,0
66970,12,3,0,16,1,17.918816,1.842759,9112,9741,0
66980,0,0,0,1,1,17.917169,1.842590,9112,9741,0
66990,0,1,0,2,1,17.915138,1.842374,9112,9741,0
67000,5,3,0,9,1,17.913241,1.842137,9112,9741,0
67010,0,0,0,1,1,17.912856,1.842072,9112,9741,0
67020,0,0,0,0,0,17.910759,1.841880,9112,9741,0
67030,5,1,0,7,1,17.908458,1.841644,9112,9741,0
67040,9,0,0,10,1,17.908101,1.841611,9112,9741,0
67050,0,0,0,1,1,17.905880,1.841409,9112,9741,0
67060,13,8,0,22,1,17.904646,1.841257,9112,9741,0
67070,17,17,0,35,1,17.905576,1.841379,9112,9741,0
67080,19,15,0,35,1,17.908164,1.841643,9116,9748,0
67090,17,13,0,31,1,17.909733,1.841847,9124,9748,0
67100,12,14,0,27,1,17.911797,1.842043,9126,9758,0
67110,8,20,0,29,1,17.913253,1.842196,9134,9758,0
67120,15,17,0,33,1,17.914572,1.842352,9134,9768,0
67130,4,13,0,18,1,17.916420,1.842566,9134,9771,0
67140,3,14,0,18,1,17.917128,1.842628,9134,9772,0
67150,1,2,0,4,1,17.917135,1.842643,9134,9772,0
67160,9,15,0,25,1,17.917713,1.842650,9134,9772,0
67170,0,7,0,8,1,17.916989,1.842599,9134,9772,0
67180,9,9,0,19,1,17.915752,1.842455,9134,9772,0
67190,19,19,0,39,1,17.917586,1.842622,9136,9775,0
67200,2,17,0,20,1,17.919140,1.842794,9137,9779,0
67210,7,12,0,20,1,17.920283,1.842946,9137,9785,0
67220,0,1,0,2,1,17.918755,1.842795,9137,9785,0
67230,10,3,0,14,1,17.917417,1.842633,9137,9785,0
67240,15,4,0,20,1,17.917766,1.842678,9142,9785,0
67250,0,0,0,0,0,17.916195,1.842542,9142,9785,0
67260,1,3,0,5,1,17.914654,1.842370,9142,9785,0
67270,1,0,0,2,1,17.912979,1.842196,9142,9785,0
67280,4,4,0,9,1,17.910945,1.841973,9142,9785,0
67290,9,18,0,28,1,17.911715,1.842036,9142,9790,0
67300,11,13,0,25,1,17.913591,1.842230,9146,9790,0
67310,10,5,0,16,1,17.914390,1.842299,9146,9790,0
67320,10,5,0,16,1,17.914101,1.842270,9146,9790,0
67330,6,9,0,16,1,17.913472,1.842225,9146,9790,0
67340,13,20,0,34,1,17.914697,1.842346,9146,9800,0
67350,12,14,0,27,1,17.916317,1.842511,9146,9800,0
67360,19,17,0,37,1,17.918956,1.842760,9152,9811,0
67370,17,10,0,28,1,17.921332,1.843008,9162,9813,0
67380,12,1,0,14,1,17.921500,1.843082,9165,9813,0
67390,8,3,0,12,1,17.921259,1.843064,9165,9813,0
67400,16,1,0,18,1,17.921803,1.843087,9170,9813,0
67410,0,0,0,0,0,17.920649,1.842985,9170,9813,0
67420,0,0,0,0,0,17.918333,1.842748,9170,9813,0
67430,0,0,0,0,0,17.916528,1.842569,9170,9813,0
67440,8,8,0,17,1,17.915006,1.842388,9170,9813,0
67450,0,1,0,2,1,17.913504,1.842293,9170,9813,0
67460,2,5,0,8,1,17.912403,1.842163,9170,9813,0
67470,0,0,0,1,1,17.911746,1.842088,9170,9813,0
67480,0,0,0,0,0,17.909748,1.841908,9170,9813,0
67490,13,3,0,17,1,17.909457,1.841840,9170,9813,0
67500,12,3,0,16,1,17.909633,1.841867,9173,9813,0
67510,0,1,0,2,1,17.907955,1.841712,9173,9813,0
67520,8,15,0,24,1,17.907003,1.841589,9173,9813,0
67530,20,20,0,41,1,17.908728,1.841737,9173,9827,0
67540,17,19,0,37,1,17.910865,1.841994,9175,9838,0
67550,10,19,0,30,1,17.912953,1.842265,9175,9843,0
67560,8,19,0,28,1,17.914424,1.842397,9175,9863,0
67570,9,20,0,30,1,17.916300,1.842571,9175,9866,0
67580,14,19,0,34,1,17.918461,1.842775,9175,9879,0
67590,6,3,0,10,1,17.920514,1.842986,9177,9892,0
67600,11,7,0,19,1,17.920220,1.842940,9177,9892,0
67610,3,7,0,11,1,17.919502,1.842870,9177,9892,0
67620,6,0,0,7,1,17.917479,1.842685,9177,9892,0
67630,12,10,0,23,1,17.917287,1.842646,9177,9892,0
67640,7,14,0,22,1,17.917967,1.842700,9177,9892,0
67650,8,15,0,24,1,17.918032,1.842738,9177,9892,0
67660,0,13,0,14,1,17.918740,1.842845,9177,9895,0
67670,3,4,0,8,1,17.918084,1.842784,9177,9895,0
67680,17,15,0,33,1,17.918634,1.842782,9177,9895,0
67690,11,14,0,26,1,17.920474,1.842969,9179,9895,0
67700,4,12,0,17,1,17.920919,1.843013,9179,9895,0
67710,0,10,0,11,1,17.920232,1.842923,9179,9895,0
67720,3,19,0,23,1,17.919880,1.842874,9179,9895,0
67730,0,0,0,1,1,17.919088,1.842821,9179,9895,0
67740,2,1,0,4,1,17.916831,1.842570,9179,9895,0
67750,2,0,0,3,1,17.916077,1.842499,9179,9895,0
67760,4,4,0,9,1,17.915323,1.842402,9179,9895,0
67770,1,2,0,4,1,17.913323,1.842225,9179,9895,0
67780,16,14,0,31,1,17.914991,1.842358,9185,9899,0
67790,20,17,0,38,1,17.917663,1.842609,9195,9902,0
67800,4,4,0,9,1,17.919046,1.842788,9204,9902,0
67810,4,9,0,14,1,17.917966,1.842658,9204,9902,0
67820,15,4,0,20,1,17.917432,1.842581,9204,9902,0
67830,15,13,0,29,1,17.919583,1.842778,9209,9907,0
67840,5,16,0,22,1,17.920766,1.842909,9209,9907,0
67850,5,10,0,16,1,17.920630,1.842873,9209,9907,0
67860,17,15,0,33,1,17.922043,1.843005,9219,9907,0
67870,13,16,0,30,1,17.923684,1.843163,9233,9907,0
67880,12,19,0,32,1,17.926266,1.843413,9241,9919,0
67890,4,16,0,21,1,17.927086,1.843534,9241,9926,0
67900,17,8,0,26,1,17.928913,1.843728,9241,9926,0
67910,18,11,0,30,1,17.929671,1.843779,9244,9926,0
67920,18,17,0,36,1,17.932477,1.844079,9258,9936,0
67930,14,17,0,32,1,17.934319,1.844219,9259,9936,0
67940,19,19,0,39,1,17.936802,1.844475,9260,9945,0
67950,15,16,1,33,1,17.939004,1.844741,9270,9948,0
67960,7,8,0,16,1,17.939119,1.844779,9270,9948,0
67970,16,13,0,30,1,17.939530,1.844772,9270,9948,0
67980,10,10,0,21,1,17.940614,1.844917,9270,9948,0
67990,9,2,0,12,1,17.940129,1.844882,9270,9948,0
68000,14,1,0,16,1,17.939560,1.844866,9270,9948,0
68010,9,10,0,20,1,17.939302,1.844854,9270,9948,0
68020,1,1,0,3,1,17.937942,1.844732,9270,9948,0
68030,9,3,0,13,1,17.936331,1.844556,9270,9948,0
68040,1,5,0,7,1,17.934943,1.844416,9270,9948,0
68050,1,4,0,6,1,17.933865,1.844301,9270,9948,0
68060,4,1,0,6,1,17.932247,1.844118,9270,9948,0
68070,6,10,0,17,1,17.931023,1.843948,9270,9948,0
68080,1,4,0,6,1,17.930548,1.843875,9270,9948,0
68090,1,0,0,2,1,17.928597,1.843711,9270,9948,0
68100,2,5,0,8,1,17.926511,1.843498,9270,9948,0
68110,0,6,0,7,1,17.924809,1.843318,9270,9948,0
68120,3,16,0,20,1,17.923652,1.843158,9270,9948,0
68130,5,4,0,10,1,17.923372,1.843152,9270,9948,0
68140,19,17,0,37,1,17.924313,1.843210,9274,9948,0
68150,12,17,0,30,1,17.925858,1.843356,9275,9948,0
68160,12,14,0,27,1,17.928425,1.843646,9285,9962,0
68170,4,13,0,18,1,17.928379,1.843672,9285,9962,0
68180,1,0,0,2,1,17.927284,1.843588,9285,9962,0
68190,2,0,0,3,1,17.925265,1.843412,9285,9962,0
68200,1,4,0,6,1,17.923704,1.843218,9285,9962,0
68210,4,3,0,8,1,17.921912,1.843060,9285,9962,0
68220,0,0,0,1,1,17.920679,1.842939,9285,9962,0
68230,8,12,0,21,1,17.918816,1.842762,9285,9962,0
68240,2,1,0,4,1,17.918560,1.842731,9285,9962,0
68250,3,10,0,14,1,17.916399,1.842529,9285,9962,0
68260,5,9,0,15,1,17.915282,1.842437,9285,9962,0
68270,17,11,0,29,1,17.915344,1.842444,9285,9962,0
68280,12,7,0,20,1,17.916439,1.842560,9295,9962,0
68290,17,2,0,20,1,17.917084,1.842610,9305,9962,0
68300,10,6,0,17,1,17.917162,1.842644,9305,9962,0
68310,12,7,0,20,1,17.917007,1.842629,9305,9962,0
68320,6,7,0,14,1,17.916950,1.842643,9308,9962,0
68330,11,13,0,25,1,17.916895,1.842613,9308,9962,0
68340,4,18,0,23,1,17.917949,1.842752,9308,9976,0
68350,2,0,0,3,1,17.916945,1.842686,9308,9976,0
68360,9,5,0,15,1,17.915240,1.842514,9308,9976,0
68370,5,12,0,18,1,17.914620,1.842481,9308,9976,0
68380,17,7,0,25,1,17.915003,1.842480,9308,9976,0
68390,15,5,0,21,1,17.916200,1.842642,9310,9976,0
68400,3,4,0,8,1,17.915943,1.842614,9310,9976,0
68410,4,3,0,8,1,17.915396,1.842566,9310,9976,0
68420,7,18,0,26,1,17.916098,1.842628,9310,9982,0
68430,6,6,0,13,1,17.916072,1.842634,9310,9982,0
68440,18,10,1,30,1,17.916659,1.842673,9310,9982,0
68450,9,4,0,14,1,17.916798,1.842708,9311,9982,0
68460,10,3,0,14,1,17.916511,1.842654,9311,9982,0
68470,7,1,0,9,1,17.915720,1.842584,9311,9982,0
68480,7,2,0,10,1,17.914085,1.842428,9311,9982,0
68490,4,0,0,5,1,17.912213,1.842230,9311,9982,0
68500,0,1,0,2,1,17.911129,1.842103,9311,9982,0
68510,4,3,0,8,1,17.909112,1.841913,9311,9982,0
68520,5,1,0,7,1,17.908434,1.841783,9311,9982,0
68530,14,13,0,28,1,17.908442,1.841759,9311,9982,0
68540,13,12,0,26,1,17.909735,1.841879,9311,9982,0
68550,4,2,0,7,1,17.909255,1.841825,9311,9982,0
68560,9,4,0,14,1,17.907206,1.841629,9311,9982,0
68570,5,12,0,18,1,17.906908,1.841599,9311,9982,0
68580,8,19,0,28,1,17.907249,1.841598,9311,9982,0
68590,11,16,0,28,1,17.908389,1.841722,9311,9989,0
68600,6,16,0,23,1,17.909518,1.841839,9311,9994,0
68610,5,12,0,18,1,17.910246,1.841947,9311,9994,0
68620,20,9,0,30,1,17.912110,1.842145,9316,9994,0
68630,12,9,0,22,1,17.913589,1.842312,9322,9994,0
68640,8,0,0,9,1,17.913849,1.842358,9322,9994,0
68650,1,2,0,4,1,17.912697,1.842246,9322,9994,0
68660,13,14,0,28,1,17.913682,1.842326,9322,9994,0
68670,17,17,0,35,1,17.916059,1.842588,9338,9994,0
68680,12,0,0,13,1,17.917482,1.842790,9344,9994,0
68690,10,4,0,15,1,17.916076,1.842646,9344,9994,0
68700,4,2,0,7,1,17.914317,1.842468,9344,9994,0
68710,7,4,0,12,1,17.912496,1.842293,9344,9994,0
68720,6,12,0,19,1,17.911890,1.842239,9344,9994,0
68730,19,15,0,35,1,17.913592,1.842376,9346,9994,0
68740,13,13,0,27,1,17.916105,1.842677,9355,10004,0
68750,5,5,0,11,1,17.915653,1.842648,9355,10004,0
68760,3,2,0,6,1,17.914417,1.842510,9355,10004,0
68770,12,1,0,14,1,17.913845,1.842433,9355,10004,0
68780,16,1,0,18,1,17.914075,1.842451,9355,10004,0
68790,11,0,0,12,1,17.914751,1.842513,9361,10004,0
68800,9,2,0,12,1,17.914353,1.842443,9361,10004,0
68810,1,2,0,4,1,17.912576,1.842285,9361,10004,0
68820,9,7,1,18,1,17.911663,1.842173,9361,10004,0
68830,0,1,0,2,1,17.910265,1.842038,9361,10004,0
68840,8,0,0,9,1,17.908482,1.841858,9361,10004,0
68850,3,3,0,7,1,17.906556,1.841663,9361,10004,0
68860,5,12,0,18,1,17.905493,1.841524,9361,10004,0
68870,14,19,0,34,1,17.906570,1.841592,9361,10010,0
68880,14,16,0,31,1,17.908542,1.841809,9363,10012,0
68890,12,13,0,26,1,17.910337,1.842005,9363,10013,0
68900,4,14,0,19,1,17.911460,1.842091,9363,10013,0
68910,0,14,0,15,1,17.912032,1.842161,9363,10014,0
68920,5,14,0,20,1,17.912146,1.842171,9363,10015,0
68930,6,18,0,25,1,17.912473,1.842170,9363,10017,0
68940,4,13,0,18,1,17.913934,1.842375,9363,10032,0
68950,5,3,0,9,1,17.912955,1.842319,9363,10032,0
68960,5,7,0,13,1,17.911723,1.842180,9363,10032,0
68970,4,3,0,8,1,17.910918,1.842070,9363,10032,0
68980,10,6,0,17,1,17.910447,1.841997,9363,10032,0
68990,11,0,0,12,1,17.909475,1.841895,9363,10032,0
69000,4,15,0,20,1,17.908618,1.841778,9363,10032,0
69010,14,16,0,31,1,17.909134,1.841812,9363,10032,0
69020,12,13,0,26,1,17.910739,1.841978,9363,10034,0
69030,19,13,0,33,1,17.912234,1.842124,9366,10034,0
69040,13,15,0,29,1,17.914431,1.842392,9374,10039,0
69050,13,18,0,32,1,17.916218,1.842626,9374,10039,0
69060,14,17,0,32,1,17.918350,1.842873,9379,10053,0
69070,12,19,0,32,1,17.919931,1.843014,9379,10056,0
69080,9,12,0,22,1,17.921804,1.843213,9380,10056,0
69090,3,8,0,12,1,17.921392,1.843169,9380,10056,0
69100,4,13,0,18,1,17.921193,1.843132,9380,10057,0
69110,2,11,0,14,1,17.921063,1.843119,9380,10057,0
69120,11,13,0,25,1,17.920637,1.843027,9380,10057,0
69130,6,1,0,8,1,17.920791,1.843041,9380,10057,0
69140,7,6,0,14,1,17.920203,1.843011,9380,10057,0
69150,8,13,0,22,1,17.921629,1.843125,9380,10067,0
69160,19,17,0,37,1,17.923556,1.843313,9382,10071,0
69170,9,8,0,18,1,17.925475,1.843569,9388,10074,0
69180,19,12,0,32,1,17.925492,1.843530,9388,10074,0
69190,0,1,0,2,1,17.924333,1.843450,9389,10074,0
69200,0,7,0,8,1,17.922240,1.843216,9389,10074,0
69210,5,9,0,15,1,17.921760,1.843126,9389,10074,0
69220,0,18,0,19,1,17.921407,1.843055,9389,10074,0
69230,3,0,0,4,1,17.920355,1.842961,9389,10075,0
69240,4,2,0,7,1,17.918222,1.842756,9389,10075,0
69250,10,17,0,28,1,17.917371,1.842653,9389,10075,0
69260,19,12,0,32,1,17.919271,1.842843,9392,10075,0
69270,19,0,0,20,1,17.919986,1.842901,9401,10075,0
69280,20,18,1,40,1,17.921189,1.843009,9403,10075,0
69290,13,19,0,33,1,17.923690,1.843245,9408,10091,0
69300,15,16,0,32,1,17.925408,1.843442,9408,10097,0
69310,15,16,0,32,1,17.927877,1.843704,9411,10100,0
69320,20,10,0,31,1,17.929024,1.843812,9421,10100,0
69330,14,0,0,15,1,17.929499,1.843823,9422,10100,0
69340,9,6,0,16,1,17.929292,1.843800,9422,10100,0
69350,10,15,0,26,1,17.928528,1.843695,9422,10100,0
69360,18,19,0,38,1,17.930393,1.843868,9426,10110,0
69370,11,16,0,28,1,17.932816,1.844142,9434,10119,0
69380,18,13,0,32,1,17.934378,1.844309,9437,10121,0
69390,18,16,0,35,1,17.935635,1.844445,9449,10121,0
69400,5,6,0,12,1,17.935681,1.844499,9449,10121,0
69410,0,9,0,10,1,17.936146,1.844567,9449,10126,0
69420,2,2,0,5,1,17.934707,1.844477,9449,10126,0
69430,4,7,0,12,1,17.934791,1.844492,9449,10127,0
69440,7,4,0,12,1,17.934493,1.844464,9449,10127,0
69450,11,17,0,29,1,17.933604,1.844349,9449,10127,0
69460,10,15,0,26,1,17.934929,1.844475,9449,10131,0
69470,14,15,0,30,1,17.936211,1.844599,9449,10134,0
69480,20,18,0,39,1,17.938803,1.844850,9466,10138,0
69490,6,7,0,14,1,17.939660,1.844977,9469,10139,0
69500,7,5,0,13,1,17.939723,1.844984,9469,10139,0
69510,1,7,0,9,1,17.938512,1.844868,9469,10139,0
69520,5,12,0,18,1,17.938247,1.844817,9469,10139,0
69530,15,17,0,33,1,17.939192,1.844877,9469,10139,0
69540,17,10,0,28,1,17.940957,1.845119,9486,10139,0
69550,3,2,0,6,1,17.940031,1.845019,9486,10139,0
69560,0,2,0,3,1,17.938316,1.844857,9486,10139,0
69570,0,0,0,0,0,17.936099,1.844651,9486,10139,0
69580,6,7,0,14,1,17.934695,1.844480,9486,10139,0
69590,16,11,0,28,1,17.934912,1.844462,9486,10139,0
69600,0,11,1,13,1,17.935531,1.844524,9486,10139,0
69610,1,1,0,3,1,17.933804,1.844377,9486,10139,0
69620,4,4,0,9,1,17.931676,1.844170,9486,10139,0
69630,20,9,0,30,1,17.931027,1.844063,9489,10139,0
69640,13,19,0,33,1,17.933151,1.844271,9495,10140,0
69650,0,0,0,1,1,17.933069,1.844274,9496,10143,0
69660,3,3,0,7,1,17.931078,1.844097,9496,10143,0
69670,1,3,0,5,1,17.929253,1.843921,9496,10143,0
69680,13,6,0,20,1,17.927765,1.843760,9496,10143,0
69690,13,4,1,19,1,17.928520,1.843847,9499,10143,0
69700,13,19,0,33,1,17.929854,1.843928,9499,10153,0
69710,2,6,0,9,1,17.929470,1.843913,9499,10155,0
69720,8,8,0,17,1,17.928826,1.843820,9499,10155,0
69730,2,5,0,8,1,17.928327,1.843762,9499,10155,0
69740,2,10,0,13,1,17.927412,1.843684,9499,10155,0
69750,1,0,0,2,1,17.926091,1.843574,9499,10155,0
69760,0,0,0,1,1,17.924390,1.843394,9499,10155,0
69770,0,0,0,0,0,17.922441,1.843229,9499,10155,0
69780,1,0,0,2,1,17.920413,1.843043,9499,10155,0
69790,6,4,0,11,1,17.918576,1.842825,9499,10155,0
69800,4,6,0,11,1,17.916666,1.842621,9499,10155,0
69810,7,2,0,10,1,17.915748,1.842544,9499,10155,0
69820,11,8,1,21,1,17.915120,1.842491,9499,10155,0
69830,0,0,0,0,0,17.914578,1.842441,9499,10155,0
69840,7,5,0,13,1,17.913276,1.842291,9499,10155,0
69850,2,7,0,10,1,17.912400,1.842196,9499,10155,0
69860,0,1,0,2,1,17.910712,1.842026,9499,10155,0
69870,1,5,0,7,1,17.908483,1.841806,9499,10155,0
69880,5,10,0,16,1,17.906899,1.841616,9499,10155,0
69890,8,3,0,12,1,17.907066,1.841640,9499,10155,0
69900,14,7,0,22,1,17.907094,1.841635,9501,10155,0
69910,2,5,0,8,1,17.906989,1.841655,9501,10155,0
69920,1,1,0,3,1,17.905590,1.841533,9501,10155,0
69930,8,13,0,22,1,17.904410,1.841369,9501,10155,0
69940,6,10,0,17,1,17.904541,1.841421,9501,10155,0
69950,9,9,0,19,1,17.903857,1.841349,9501,10155,0
69960,10,9,0,20,1,17.904458,1.841397,9501,10155,0
69970,11,8,0,20,1,17.904607,1.841400,9501,10155,0
69980,12,5,0,18,1,17.904558,1.841414,9501,10155,0
69990,16,9,0,26,1,17.905495,1.841501,9513,10155,0
70000,14,0,0,15,1,17.905882,1.841549,9514,10155,0
70010,9,2,0,12,1,17.905424,1.841503,9514,10155,0
70020,9,12,0,22,1,17.903893,1.841311,9514,10155,0
70030,18,18,0,37,1,17.905244,1.841407,9518,10157,0
70040,16,12,0,29,1,17.907260,1.841620,9521,10163,0
70050,19,10,0,30,1,17.909557,1.841876,9532,10165,0
70060,20,15,0,36,1,17.911354,1.842070,9548,10165,0
70070,20,15,0,36,1,17.914047,1.842361,9554,10167,0
70080,6,2,0,9,1,17.914535,1.842409,9554,10167,0
70090,13,19,0,33,1,17.914670,1.842383,9554,10167,0
70100,16,16,0,33,1,17.916106,1.842496,9554,10169,0
70110,10,19,0,30,1,17.917691,1.842662,9554,10169,0
70120,12,19,0,32,1,17.919950,1.842909,9557,10176,0
70130,4,9,0,14,1,17.920376,1.843010,9557,10177,0
70140,7,13,0,21,1,17.920777,1.843011,9557,10177,0
70150,17,3,0,21,1,17.921059,1.843001,9557,10177,0
70160,7,8,0,16,1,17.920707,1.842960,9559,10177,0
70170,5,12,0,18,1,17.919872,1.842864,9559,10177,0
70180,2,10,0,13,1,17.919601,1.842815,9559,10177,0
70190,13,15,0,29,1,17.920208,1.842832,9559,10177,0
70200,9,18,0,28,1,17.921647,1.843013,9559,10186,0
70210,6,12,0,19,1,17.922770,1.843137,9559,10193,0
70220,2,9,0,12,1,17.923296,1.843211,9559,10193,0
70230,2,7,0,10,1,17.922478,1.843114,9559,10193,0
70240,4,5,0,10,1,17.920977,1.842949,9559,10193,0
70250,7,1,0,9,1,17.919153,1.842803,9559,10193,0
70260,20,8,0,29,1,17.919681,1.842858,9566,10193,0
70270,20,14,0,35,1,17.920805,1.842969,9574,10193,0
70280,14,4,0,19,1,17.922126,1.843084,9588,10193,0
70290,4,9,0,14,1,17.921126,1.842992,9588,10193,0
70300,3,4,0,8,1,17.920020,1.842884,9588,10193,0
70310,16,12,0,29,1,17.920345,1.842875,9588,10193,0
70320,19,14,0,34,1,17.922084,1.843028,9589,10193,0
70330,4,19,0,24,1,17.923270,1.843178,9592,10199,0
70340,7,4,0,12,1,17.923106,1.843151,9592,10203,0
70350,8,11,0,20,1,17.923680,1.843194,9595,10203,0
70360,16,19,0,36,1,17.924986,1.843332,9595,10216,0
70370,15,15,0,31,1,17.927384,1.843614,9605,10217,0
70380,5,0,0,6,1,17.928835,1.843812,9619,10219,0
70390,0,0,0,0,0,17.927089,1.843639,9619,10219,0
70400,8,6,0,15,1,17.925053,1.843419,9619,10219,0
70410,12,14,0,27,1,17.926163,1.843529,9619,10219,0
70420,3,1,0,5,1,17.927111,1.843694,9619,10219,0
70430,1,2,0,4,1,17.925129,1.843515,9619,10219,0
70440,2,6,0,9,1,17.923162,1.843303,9619,10219,0
70450,2,0,0,3,1,17.921289,1.843151,9619,10219,0
70460,5,2,0,8,1,17.919256,1.842980,9619,10219,0
70470,8,2,0,11,1,17.918141,1.842864,9619,10219,0
70480,12,6,0,19,1,17.917782,1.842800,9619,10219,0
70490,16,9,0,26,1,17.918118,1.842819,9619,10219,0
70500,13,6,0,20,1,17.919234,1.842946,9626,10219,0
70510,11,15,0,27,1,17.920219,1.843026,9628,10219,0
70520,11,16,0,28,1,17.921451,1.843164,9628,10224,0
70530,2,13,0,16,1,17.922001,1.843232,9628,10226,0
70540,6,13,0,20,1,17.922268,1.843230,9628,10226,0
70550,9,11,0,21,1,17.923036,1.843324,9628,10227,0
70560,10,2,0,13,1,17.923777,1.843406,9629,10227,0
70570,17,5,0,23,1,17.924231,1.843418,9630,10227,0
70580,4,6,0,11,1,17.924965,1.843497,9637,10227,0
70590,5,6,0,12,1,17.923172,1.843308,9637,10227,0
70600,6,0,0,7,1,17.922196,1.843200,9637,10227,0
70610,15,1,0,17,1,17.921760,1.843156,9638,10227,0
70620,16,3,0,20,1,17.921628,1.843167,9638,10227,0
70630,18,17,0,36,1,17.922240,1.843233,9638,10227,0
70640,13,13,0,27,1,17.924082,1.843431,9639,10228,0
70650,7,6,0,14,1,17.925466,1.843596,9641,10228,0
70660,3,5,0,9,1,17.923774,1.843422,9641,10228,0
70670,2,1,0,4,1,17.922052,1.843265,9641,10228,0
70680,1,1,0,3,1,17.920079,1.843105,9641,10228,0
70690,5,6,0,12,1,17.919301,1.842988,9641,10228,0
70700,4,5,0,10,1,17.917300,1.842789,9641,10228,0
70710,10,11,0,22,1,17.917311,1.842763,9641,10228,0
70720,14,9,0,24,1,17.918414,1.842867,9641,10228,0
70730,11,9,0,21,1,17.918834,1.842908,9641,10228,0
70740,12,19,0,32,1,17.920869,1.843115,9647,10244,0
70750,19,3,0,23,1,17.921848,1.843192,9647,10247,0
70760,8,3,0,12,1,17.922484,1.843299,9649,10247,0
70770,3,11,0,15,1,17.921175,1.843154,9649,10247,0
70780,0,13,0,14,1,17.921198,1.843165,9649,10250,0
70790,3,1,0,5,1,17.919149,1.842990,9649,10250,0
70800,2,6,0,9,1,17.917106,1.842772,9649,10250,0
70810,10,5,0,16,1,17.916037,1.842647,9649,10250,0
70820,15,9,0,25,1,17.916552,1.842695,9649,10250,0
70830,16,15,0,32,1,17.917714,1.842796,9649,10250,0
70840,12,5,0,18,1,17.919267,1.842951,9657,10250,0
70850,13,7,0,21,1,17.919702,1.842951,9658,10250,0
70860,7,12,0,20,1,17.918842,1.842839,9658,10250,0
70870,10,17,0,28,1,17.920444,1.842978,9658,10250,0
70880,2,0,0,3,1,17.921399,1.843138,9658,10251,0
70890,9,6,0,16,1,17.919567,1.842932,9658,10251,0
70900,4,7,0,12,1,17.918589,1.842792,9658,10251,0
70910,4,11,0,16,1,17.918031,1.842708,9658,10251,0
70920,4,3,0,8,1,17.916933,1.842612,9658,10251,0
70930,2,1,0,4,1,17.915139,1.842425,9658,10251,0
70940,1,2,0,4,1,17.914494,1.842328,9658,10251,0
70950,4,8,0,13,1,17.913488,1.842201,9658,10251,0
70960,5,1,0,7,1,17.912441,1.842083,9658,10251,0
70970,5,9,0,15,1,17.910743,1.841914,9658,10251,0
70980,0,11,0,12,1,17.910077,1.841865,9658,10251,0
70990,3,2,0,6,1,17.909433,1.841794,9658,10251,0
71000,7,13,0,21,1,17.908268,1.841656,9658,10251,0
71010,12,11,0,24,1,17.910003,1.841860,9658,10260,0
71020,18,18,0,37,1,17.912468,1.842138,9662,10280,0
71030,8,13,0,22,1,17.914306,1.842354,9673,10280,0
71040,17,20,0,38,1,17.916261,1.842550,9673,10283,0
71050,4,14,0,19,1,17.917892,1.842777,9673,10289,0
71060,9,12,0,22,1,17.917688,1.842749,9673,10289,0
71070,0,0,0,1,1,17.916638,1.842663,9673,10289,0
71080,0,0,0,0,0,17.914678,1.842449,9673,10289,0
71090,1,0,0,2,1,17.913177,1.842292,9673,10289,0
71100,6,5,0,12,1,17.912113,1.842184,9673,10289,0
71110,13,12,0,26,1,17.912410,1.842193,9673,10289,0
71120,19,18,0,38,1,17.914232,1.842371,9677,10307,0
71130,10,10,0,21,1,17.916116,1.842584,9677,10318,0
71140,17,15,0,33,1,17.918398,1.842838,9682,10322,0
71150,16,5,0,22,1,17.919267,1.842952,9691,10322,0
71160,17,12,0,30,1,17.920635,1.843064,9705,10322,0
71170,13,11,0,25,1,17.921787,1.843188,9707,10322,0
71180,14,3,0,18,1,17.923111,1.843341,9719,10322,0
71190,13,5,0,19,1,17.923326,1.843369,9725,10322,0
71200,15,5,0,21,1,17.923848,1.843423,9725,10322,0
71210,17,2,0,20,1,17.924311,1.843461,9729,10322,0
71220,17,7,1,26,1,17.924624,1.843480,9734,10322,0
71230,13,3,0,17,1,17.925322,1.843550,9737,10322,0
71240,6,3,0,10,1,17.924962,1.843495,9737,10322,0
71250,0,0,0,0,0,17.923007,1.843327,9737,10322,0
71260,9,3,0,13,1,17.921704,1.843180,9737,10322,0
71270,0,2,0,3,1,17.920730,1.843075,9737,10322,0
71280,7,7,0,15,1,17.919047,1.842905,9737,10322,0
71290,15,17,0,33,1,17.919998,1.842969,9737,10323,0
71300,19,17,0,37,1,17.922816,1.843289,9745,10334,0
71310,18,17,0,36,1,17.925030,1.843498,9750,10335,0
71320,8,17,0,26,1,17.926439,1.843657,9750,10343,0
71330,1,14,0,16,1,17.926763,1.843707,9750,10345,0
71340,1,1,0,3,1,17.925600,1.843607,9750,10345,0
71350,0,0,0,1,1,17.924043,1.843466,9750,10345,0
71360,4,5,0,10,1,17.922068,1.843263,9750,10345,0
71370,0,5,0,6,1,17.920319,1.843089,9750,10345,0
71380,5,4,0,10,1,17.919143,1.842950,9750,10345,0
71390,18,13,0,32,1,17.919794,1.843007,9750,10345,0
71400,18,19,0,38,1,17.921341,1.843159,9771,10345,0
71410,16,14,0,31,1,17.923290,1.843376,9775,10345,0
71420,14,6,0,21,1,17.924936,1.843541,9775,10348,0
71430,18,6,0,25,1,17.926121,1.843669,9782,10348,0
71440,13,11,0,25,1,17.927219,1.843769,9790,10348,0
71450,15,14,0,30,1,17.927935,1.843846,9790,10348,0
71460,16,15,0,32,1,17.929636,1.844003,9793,10348,0
71470,12,7,0,20,1,17.931424,1.844224,9793,10354,0
71480,16,13,0,30,1,17.932783,1.844359,9793,10354,0
71490,4,4,0,9,1,17.932351,1.844326,9793,10354,0
71500,5,0,0,6,1,17.931070,1.844240,9793,10354,0
71510,0,1,0,2,1,17.929411,1.844091,9793,10354,0
71520,16,12,0,29,1,17.928284,1.843915,9793,10354,0
71530,15,18,0,34,1,17.930515,1.844129,9793,10360,0
71540,18,18,0,37,1,17.932270,1.844316,9796,10373,0
71550,16,5,0,22,1,17.933386,1.844439,9796,10373,0
71560,0,2,0,3,1,17.932275,1.844378,9796,10373,0
71570,5,6,0,12,1,17.931072,1.844261,9796,10373,0
71580,11,18,0,30,1,17.930834,1.844215,9796,10375,0
71590,11,14,0,26,1,17.931641,1.844288,9796,10380,0
71600,14,13,0,28,1,17.933231,1.844447,9796,10380,0
71610,7,6,0,14,1,17.934543,1.844593,9799,10380,0
71620,3,14,0,18,1,17.935258,1.844665,9799,10382,0
71630,4,5,0,10,1,17.934752,1.844629,9799,10382,0
71640,0,0,0,0,0,17.933664,1.844550,9799,10382,0
71650,1,3,0,5,1,17.931492,1.844316,9799,10382,0
71660,1,3,0,5,1,17.929803,1.844159,9799,10382,0
71670,6,3,0,10,1,17.928202,1.843974,9799,10382,0
71680,0,0,0,0,0,17.927002,1.843825,9799,10382,0
71690,8,2,0,11,1,17.924844,1.843640,9799,10382,0
71700,20,10,0,31,1,17.925922,1.843707,9806,10382,0
71710,17,17,0,35,1,17.927933,1.843906,9811,10382,0
71720,15,12,0,28,1,17.929926,1.844128,9818,10382,0
71730,8,15,1,25,1,17.931703,1.844324,9825,10382,0
71740,9,19,0,29,1,17.932417,1.844377,9825,10394,0
71750,18,16,0,35,1,17.934242,1.844550,9825,10404,0
71760,9,6,0,16,1,17.936411,1.844816,9833,10407,0
71770,0,0,0,1,1,17.935150,1.844721,9833,10407,0
71780,3,2,0,6,1,17.933350,1.844547,9833,10407,0
71790,4,6,0,11,1,17.932047,1.844398,9833,10407,0
71800,0,3,0,4,1,17.930135,1.844249,9833,10407,0
71810,14,5,0,20,1,17.929222,1.844108,9833,10407,0
71820,19,11,0,31,1,17.930157,1.844208,9839,10407,0
71830,8,15,0,24,1,17.931867,1.844382,9847,10407,0
71840,1,7,0,9,1,17.932009,1.844397,9847,10407,0
71850,12,12,0,25,1,17.931792,1.844346,9847,10407,0
71860,3,18,0,22,1,17.932573,1.844438,9847,10411,0
71870,6,4,0,11,1,17.933172,1.844489,9847,10411,0
71880,13,20,0,34,1,17.933564,1.844501,9847,10412,0
71890,13,19,0,33,1,17.936344,1.844848,9858,10439,0
71900,14,12,0,27,1,17.938113,1.845060,9871,10439,0
71910,12,3,0,16,1,17.938279,1.845080,9871,10439,0
71920,1,7,0,9,1,17.937329,1.844970,9871,10439,0
71930,2,3,0,6,1,17.936151,1.844868,9871,10439,0
71940,1,7,0,9,1,17.934565,1.844718,9871,10439,0
71950,0,1,0,2,1,17.932974,1.844558,9871,10439,0
71960,6,1,0,8,1,17.931995,1.844463,9871,10439,0
71970,3,2,0,6,1,17.930910,1.844336,9871,10439,0
71980,18,1,0,20,1,17.930968,1.844303,9873,10439,0
71990,15,14,0,30,1,17.931616,1.844336,9874,10439,0
72000,7,16,0,24,1,17.931504,1.844323,9874,10439,0
72010,7,14,0,22,1,17.931821,1.844337,9874,10442,0
72020,16,16,0,33,1,17.933987,1.844540,9874,10443,0
72030,19,16,0,36,1,17.936351,1.844770,9878,10451,0
72040,1,6,0,8,1,17.937422,1.844910,9883,10451,0
72050,6,7,0,14,1,17.936102,1.844775,9883,10451,0
72060,20,7,0,28,1,17.936723,1.844800,9885,10451,0
72070,18,8,0,27,1,17.937928,1.844938,9906,10451,0
72080,17,8,0,26,1,17.938715,1.845048,9910,10451,0
72090,17,19,0,37,1,17.940371,1.845208,9916,10451,0
72100,12,20,0,33,1,17.942126,1.845403,9916,10471,0
72110,3,7,0,11,1,17.942634,1.845487,9916,10477,0
72120,0,0,0,0,0,17.940850,1.845330,9916,10477,0
72130,2,3,0,6,1,17.938819,1.845122,9916,10477,0
72140,9,8,0,18,1,17.937759,1.844980,9916,10477,0
72150,2,2,0,5,1,17.936064,1.844843,9916,10477,0
72160,6,13,0,20,1,17.935143,1.844725,9916,10477,0
72170,4,3,0,8,1,17.934516,1.844679,9916,10477,0
72180,0,0,0,1,1,17.932977,1.844535,9916,10477,0
72190,4,8,0,13,1,17.930959,1.844309,9916,10477,0
72200,17,8,0,26,1,17.932075,1.844393,9916,10477,0
72210,18,8,1,28,1,17.933134,1.844466,9921,10477,0
72220,9,13,0,23,1,17.934491,1.844619,9927,10477,0
72230,5,5,0,11,1,17.934562,1.844638,9927,10477,0
72240,6,11,0,18,1,17.933634,1.844540,9927,10477,0
72250,8,14,0,23,1,17.935164,1.844677,9927,10480,0
72260,12,12,0,25,1,17.937302,1.844898,9937,10498,0
72270,16,20,0,37,1,17.939442,1.845097,9937,10508,0
72280,16,20,0,37,1,17.941957,1.845396,9945,10523,0
72290,19,14,0,34,1,17.944737,1.845730,9955,10534,0
72300,0,8,0,9,1,17.944659,1.845720,9955,10534,0
72310,1,1,0,3,1,17.942769,1.845531,9955,10534,0
72320,1,2,0,4,1,17.941220,1.845354,9955,10534,0
72330,0,1,0,2,1,17.939201,1.845152,9955,10534,0
72340,7,9,0,17,1,17.937882,1.845028,9955,10534,0
72350,1,10,0,12,1,17.937883,1.845039,9955,10534,0
72360,17,7,0,25,1,17.937708,1.844958,9955,10534,0
72370,16,4,0,21,1,17.938761,1.845054,9969,10534,0
72380,17,20,0,38,1,17.940079,1.845180,9969,10540,0
72390,9,15,0,25,1,17.942255,1.845428,9971,10552,0
72400,11,17,0,29,1,17.943736,1.845591,9971,10555,0
72410,19,19,0,39,1,17.945670,1.845752,9976,10562,0
72420,15,17,0,33,1,17.948228,1.846060,9986,10569,0
72430,18,20,0,39,1,17.950733,1.846310,9997,10576,0
72440,5,14,0,20,1,17.952194,1.846485,9997,10577,0
72450,6,18,0,25,1,17.952905,1.846566,9997,10582,0
72460,9,18,0,28,1,17.952883,1.846559,9997,10582,0
72470,14,20,0,35,1,17.954460,1.846696,9997,10587,0
72480,12,18,0,31,1,17.956557,1.846925,9997,10592,0
72490,17,17,0,35,1,17.958915,1.847187,10025,10601,0
72500,17,14,0,32,1,17.961409,1.847436,10034,10604,0
72510,18,19,0,38,1,17.963745,1.847690,10045,10610,0
72520,14,19,0,34,1,17.966213,1.847942,10054,10622,0
72530,13,9,0,23,1,17.967950,1.848139,10064,10626,0
72540,18,17,0,36,1,17.969168,1.848270,10073,10626,0
72550,16,12,0,29,1,17.971795,1.848573,10080,10631,0
72560,4,14,0,19,1,17.973202,1.848728,10080,10634,0
72570,12,9,0,22,1,17.973675,1.848754,10080,10634,0
72580,12,15,0,28,1,17.974867,1.848875,10080,10634,0
72590,18,10,0,29,1,17.975874,1.848981,10085,10634,0
72600,19,17,0,37,1,17.977911,1.849186,10094,10639,0
72610,2,0,0,3,1,17.978156,1.849291,10098,10639,0
72620,7,8,0,16,1,17.977573,1.849181,10098,10639,0
72630,12,10,0,23,1,17.978790,1.849299,10098,10639,0
72640,18,10,0,29,1,17.978976,1.849298,10098,10639,0
72650,11,20,0,32,1,17.980637,1.849498,10098,10641,0
72660,18,9,0,28,1,17.982077,1.849681,10106,10647,0
72670,4,9,0,14,1,17.982557,1.849739,10106,10647,0
72680,10,7,0,18,1,17.981606,1.849626,10106,10647,0
72690,9,16,0,26,1,17.981829,1.849600,10106,10647,0
72700,20,15,0,36,1,17.983765,1.849760,10111,10652,0
72710,13,12,0,26,1,17.985921,1.850032,10118,10652,0
72720,2,0,0,3,1,17.985486,1.850035,10118,10652,0
72730,0,5,0,6,1,17.984023,1.849883,10118,10652,0
72740,4,6,0,11,1,17.982659,1.849701,10118,10652,0
72750,0,0,0,1,1,17.981082,1.849526,10118,10652,0
72760,20,12,0,33,1,17.981468,1.849530,10124,10652,0
72770,0,10,0,11,1,17.981822,1.849562,10125,10652,0
72780,11,14,0,26,1,17.981490,1.849523,10125,10652,0
72790,7,6,0,14,1,17.980920,1.849428,10125,10652,0
72800,1,2,0,4,1,17.979157,1.849227,10125,10652,0
72810,9,4,0,14,1,17.977725,1.849059,10125,10652,0
72820,3,4,0,8,1,17.977048,1.848980,10125,10652,0
72830,2,7,0,10,1,17.975935,1.848853,10125,10652,0
72840,3,8,0,12,1,17.975019,1.848756,10125,10652,0
72850,0,5,0,6,1,17.973457,1.848604,10125,10652,0
72860,7,15,0,23,1,17.972763,1.848486,10125,10652,0
72870,5,7,0,13,1,17.972643,1.848464,10125,10652,0
72880,1,0,0,2,1,17.970830,1.848265,10125,10652,0
72890,0,0,0,0,0,17.968929,1.848070,10125,10652,0
72900,5,4,0,10,1,17.967203,1.847883,10125,10652,0
72910,9,1,0,11,1,17.965938,1.847756,10125,10652,0
72920,8,5,0,14,1,17.964409,1.847589,10125,10652,0
72930,18,11,0,30,1,17.964681,1.847579,10126,10652,0
72940,5,4,0,10,1,17.965318,1.847694,10129,10652,0
72950,0,0,0,1,1,17.963730,1.847550,10129,10652,0
72960,1,0,0,2,1,17.961879,1.847347,10129,10652,0
72970,11,3,0,15,1,17.960749,1.847218,10129,10652,0
72980,9,3,0,13,1,17.960365,1.847190,10129,10652,0
72990,12,4,0,17,1,17.958804,1.847027,10129,10652,0
73000,19,16,0,36,1,17.960281,1.847149,10134,10654,0
73010,13,14,0,28,1,17.961712,1.847309,10134,10657,0
73020,8,14,0,23,1,17.963067,1.847423,10134,10662,0
73030,16,18,0,35,1,17.964925,1.847594,10143,10663,0
73040,5,16,0,22,1,17.965711,1.847678,10143,10663,0
73050,6,9,0,16,1,17.965080,1.847593,10143,10663,0
73060,13,10,0,24,1,17.965822,1.847670,10143,10663,0
73070,13,4,0,18,1,17.966519,1.847709,10147,10663,0
73080,15,12,0,28,1,17.967915,1.847868,10156,10667,0
73090,20,18,0,39,1,17.970017,1.848075,10161,10672,0
73100,13,11,0,25,1,17.971087,1.848204,10162,10673,0
73110,6,5,0,12,1,17.970709,1.848178,10162,10673,0
73120,12,3,0,16,1,17.970700,1.848155,10163,10673,0
73130,8,4,0,13,1,17.969280,1.848053,10163,10673,0
73140,6,13,0,20,1,17.968341,1.847965,10163,10673,0
73150,11,11,0,23,1,17.968215,1.847927,10163,10673,0
73160,15,18,0,34,1,17.968860,1.847983,10163,10673,0
73170,19,20,0,40,1,17.970634,1.848153,10163,10692,0
73180,17,16,0,34,1,17.973202,1.848434,10172,10696,0
73190,19,18,0,38,1,17.975762,1.848711,10180,10707,0
73200,13,14,0,28,1,17.977986,1.848940,10181,10709,0
73210,18,12,1,32,1,17.980052,1.849143,10191,10710,0
73220,9,1,0,11,1,17.981348,1.849323,10200,10710,0
73230,7,18,0,26,1,17.981014,1.849264,10200,10711,0
73240,17,17,0,35,1,17.982879,1.849469,10200,10734,0
73250,8,16,0,25,1,17.984225,1.849626,10201,10734,0
73260,16,16,0,33,1,17.985686,1.849756,10204,10734,0
73270,15,16,0,32,1,17.988122,1.850020,10215,10739,0
73280,6,13,0,20,1,17.988527,1.850096,10215,10739,0
73290,0,1,0,2,1,17.988371,1.850125,10215,10749,0
73300,5,9,0,15,1,17.987269,1.849994,10215,10749,0
73310,0,3,0,4,1,17.986230,1.849932,10215,10749,0
73320,18,1,0,20,1,17.985002,1.849770,10215,10749,0
73330,5,5,0,11,1,17.984573,1.849711,10222,10749,0
73340,10,14,0,25,1,17.984621,1.849680,10222,10749,0
73350,18,16,0,35,1,17.985602,1.849782,10224,10749,0
73360,13,7,0,21,1,17.987617,1.850015,10226,10753,0
73370,5,8,0,14,1,17.987033,1.849956,10226,10753,0
73380,20,10,0,31,1,17.986975,1.849930,10226,10753,0
73390,13,15,0,29,1,17.988526,1.850072,10233,10753,0
73400,13,14,0,28,1,17.990089,1.850212,10239,10753,0
73410,13,13,0,27,1,17.991491,1.850344,10239,10753,0
73420,15,20,0,36,1,17.992961,1.850496,10239,10756,0
73430,19,18,0,38,1,17.994808,1.850681,10240,10764,0
73440,15,13,0,29,1,17.996506,1.850888,10241,10764,0
73450,20,12,0,33,1,17.998711,1.851128,10252,10766,0
73460,11,3,0,15,1,17.999168,1.851160,10252,10766,0
73470,1,0,0,2,1,17.997635,1.851006,10252,10766,0
73480,0,1,0,2,1,17.996280,1.850844,10252,10766,0
73490,10,5,0,16,1,17.995602,1.850780,10252,10766,0
73500,9,2,0,12,1,17.995323,1.850754,10252,10766,0
73510,6,6,0,13,1,17.994440,1.850677,10252,10766,0
73520,10,2,0,13,1,17.994317,1.850662,10252,10766,0
73530,12,2,0,15,1,17.993711,1.850598,10252,10766,0
73540,0,0,0,1,1,17.991915,1.850437,10252,10766,0
73550,20,4,0,25,1,17.990852,1.850292,10256,10766,0
73560,19,19,0,39,1,17.992327,1.850408,10263,10768,0
73570,5,8,0,14,1,17.994213,1.850613,10273,10774,0
73580,6,7,0,14,1,17.993766,1.850570,10273,10774,0
73590,4,2,0,7,1,17.993156,1.850495,10273,10774,0
73600,5,13,0,19,1,17.993105,1.850488,10273,10781,0
73610,7,10,0,18,1,17.993153,1.850486,10273,10781,0
73620,0,0,0,1,1,17.992223,1.850404,10273,10781,0
73630,2,3,0,6,1,17.990357,1.850228,10273,10781,0
73640,0,0,0,0,0,17.988491,1.850019,10273,10781,0
73650,0,0,0,0,0,17.986408,1.849833,10273,10781,0
73660,1,2,0,4,1,17.984193,1.849622,10273,10781,0
73670,5,2,0,8,1,17.982946,1.849497,10273,10781,0
73680,9,20,0,30,1,17.983295,1.849515,10273,10783,0
73690,13,12,0,26,1,17.984247,1.849629,10273,10789,0
73700,10,13,0,24,1,17.985182,1.849718,10273,10789,0
73710,16,14,0,31,1,17.987344,1.849936,10284,10791,0
73720,16,16,0,33,1,17.989131,1.850123,10284,10796,0
73730,14,2,0,17,1,17.989831,1.850216,10284,10796,0
73740,5,9,0,15,1,17.990193,1.850264,10284,10796,0
73750,15,13,0,29,1,17.990552,1.850258,10286,10796,0
73760,15,11,0,27,1,17.991715,1.850391,10298,10796,0
73770,10,7,0,18,1,17.991679,1.850365,10298,10796,0
73780,7,5,0,13,1,17.991625,1.850352,10298,10796,0
73790,10,1,0,12,1,17.991339,1.850318,10298,10796,0
73800,3,10,0,14,1,17.990663,1.850236,10298,10796,0
73810,0,0,0,1,1,17.989825,1.850169,10298,10796,0
73820,10,4,0,15,1,17.988565,1.850032,10298,10796,0
73830,8,9,0,18,1,17.987524,1.849920,10298,10796,0
73840,19,13,0,33,1,17.988565,1.850010,10307,10796,0
73850,1,0,1,3,1,17.988066,1.850006,10307,10796,0
73860,0,0,0,1,1,17.986239,1.849834,10307,10796,0
73870,0,0,0,0,0,17.984017,1.849616,10307,10796,0
73880,0,0,0,0,0,17.982354,1.849443,10307,10796,0
73890,5,7,0,13,1,17.980678,1.849276,10307,10796,0
73900,20,17,0,38,1,17.980841,1.849273,10310,10796,0
73910,4,16,0,21,1,17.982832,1.849489,10310,10801,0
73920,13,12,0,26,1,17.983532,1.849549,10310,10801,0
73930,13,10,0,24,1,17.985255,1.849721,10312,10801,0
73940,1,0,0,2,1,17.984585,1.849679,10312,10801,0
73950,1,0,0,2,1,17.982708,1.849478,10312,10801,0
73960,1,1,0,3,1,17.980844,1.849310,10312,10801,0
73970,4,9,0,14,1,17.978863,1.849100,10312,10801,0
73980,6,9,0,16,1,17.977774,1.848988,10312,10801,0
73990,0,1,0,2,1,17.976340,1.848875,10312,10801,0
74000,4,4,0,9,1,17.975227,1.848699,10312,10801,0
74010,7,5,0,13,1,17.974351,1.848599,10312,10801,0
74020,3,6,0,10,1,17.972908,1.848434,10312,10801,0
74030,1,11,0,13,1,17.971352,1.848266,10312,10801,0
74040,6,6,0,13,1,17.970612,1.848165,10312,10801,0
74050,5,7,1,14,1,17.969152,1.848003,10312,10801,0
74060,2,3,0,6,1,17.968569,1.847956,10312,10801,0
74070,1,1,0,3,1,17.967255,1.847819,10312,10801,0
74080,4,6,0,11,1,17.965539,1.847661,10312,10801,0
74090,12,13,0,26,1,17.965145,1.847604,10312,10801,0
74100,0,2,0,3,1,17.964000,1.847533,10312,10801,0
74110,3,5,0,9,1,17.962455,1.847372,10312,10801,0
74120,5,1,0,7,1,17.961374,1.847274,10312,10801,0
74130,5,8,0,14,1,17.959969,1.847130,10312,10801,0
74140,1,6,0,8,1,17.960029,1.847129,10312,10801,0
74150,11,15,0,27,1,17.960235,1.847118,10312,10802,0
74160,10,2,0,13,1,17.960532,1.847154,10312,10802,0
74170,6,2,0,9,1,17.959127,1.847023,10312,10802,0
74180,0,1,0,2,1,17.957068,1.846809,10312,10802,0
74190,8,19,0,28,1,17.955398,1.846638,10312,10803,0
74200,12,16,0,29,1,17.957228,1.846855,10312,10806,0
74210,8,13,0,22,1,17.958342,1.846985,10312,10809,0
74220,6,3,0,10,1,17.957573,1.846917,10312,10809,0
74230,19,15,0,35,1,17.958280,1.846978,10315,10809,0
74240,4,5,0,10,1,17.958748,1.847049,10315,10809,0
74250,0,0,0,1,1,17.957631,1.846932,10315,10809,0
74260,8,8,0,17,1,17.956458,1.846787,10315,10809,0
74270,0,0,0,1,1,17.955661,1.846698,10315,10809,0
74280,0,2,0,3,1,17.954463,1.846562,10315,10809,0
74290,4,3,0,8,1,17.952979,1.846398,10315,10809,0
74300,5,2,0,8,1,17.951114,1.846209,10315,10809,0
74310,20,7,0,28,1,17.950355,1.846114,10315,10809,0
74320,12,3,0,16,1,17.950414,1.846148,10317,10809,0
74330,10,2,0,13,1,17.949131,1.846009,10317,10809,0
74340,7,10,0,18,1,17.948443,1.845939,10317,10809,0
74350,14,5,0,20,1,17.948256,1.845915,10317,10809,0
74360,7,17,0,25,1,17.949074,1.845982,10317,10817,0
74370,13,16,0,30,1,17.950447,1.846088,10317,10823,0
74380,9,16,0,26,1,17.951207,1.846165,10317,10823,0
74390,13,12,0,26,1,17.952742,1.846313,10317,10825,0
74400,10,10,0,21,1,17.953576,1.846384,10317,10825,0
74410,8,2,0,11,1,17.952705,1.846308,10317,10825,0
74420,0,4,0,5,1,17.951035,1.846157,10317,10825,0
74430,9,2,0,12,1,17.949459,1.845983,10317,10825,0
74440,4,19,0,24,1,17.948723,1.845885,10317,10825,0
74450,1,14,0,16,1,17.948490,1.845869,10317,10825,0
74460,2,7,0,10,1,17.948213,1.845849,10317,10830,0
74470,5,2,0,8,1,17.946663,1.845710,10317,10830,0
74480,19,7,0,27,1,17.945627,1.845586,10317,10830,0
74490,6,1,0,8,1,17.945965,1.845645,10325,10830,0
74500,2,3,0,6,1,17.944015,1.845447,10325,10830,0
74510,9,18,0,28,1,17.943270,1.845356,10325,10830,0
74520,6,15,0,22,1,17.943379,1.845373,10325,10830,0
74530,0,0,0,0,0,17.942903,1.845386,10325,10832,0
74540,3,7,0,11,1,17.941428,1.845230,10325,10832,0
74550,6,3,0,10,1,17.940798,1.845153,10325,10832,0
74560,8,3,0,12,1,17.940245,1.845099,10325,10832,0
74570,17,17,0,35,1,17.941883,1.845227,10334,10836,0
74580,12,16,0,29,1,17.944395,1.845524,10343,10853,0
74590,10,12,0,23,1,17.945419,1.845635,10343,10857,0
74600,11,14,0,26,1,17.947131,1.845812,10350,10860,0
74610,0,0,0,1,1,17.946573,1.845816,10350,10860,0
74620,2,7,0,10,1,17.945406,1.845669,10350,10860,0
74630,19,4,0,24,1,17.944302,1.845540,10350,10860,0
74640,19,15,0,35,1,17.945458,1.845635,10355,10860,0
74650,19,8,0,28,1,17.946952,1.845781,10364,10860,0
74660,1,1,0,3,1,17.946662,1.845767,10367,10860,0
74670,11,18,0,30,1,17.945472,1.845684,10367,10860,0
74680,13,19,0,33,1,17.946622,1.845785,10367,10866,0
74690,7,13,0,21,1,17.948189,1.845931,10367,10870,0
74700,0,0,0,0,0,17.947475,1.845861,10367,10870,0
74710,6,8,0,15,1,17.945948,1.845702,10367,10870,0
74720,3,3,0,7,1,17.944306,1.845569,10367,10870,0
74730,6,2,0,9,1,17.942765,1.845388,10367,10870,0
74740,15,18,0,34,1,17.942101,1.845280,10367,10870,0
74750,16,14,0,31,1,17.944290,1.845511,10368,10874,0
74760,2,16,0,19,1,17.945146,1.845605,10368,10875,0
74770,12,6,0,19,1,17.946152,1.845716,10368,10875,0
74780,3,3,0,7,1,17.945775,1.845696,10368,10875,0
74790,1,1,0,3,1,17.944106,1.845522,10368,10875,0
74800,4,4,0,9,1,17.942938,1.845362,10368,10875,0
74810,0,2,0,3,1,17.941449,1.845232,10368,10875,0
74820,0,1,0,2,1,17.939795,1.845086,10368,10875,0
74830,10,7,0,18,1,17.938339,1.844921,10368,10875,0
74840,3,0,0,4,1,17.937409,1.844819,10368,10875,0
74850,0,0,0,1,1,17.935275,1.844625,10368,10875,0
74860,14,8,0,23,1,17.934600,1.844513,10368,10875,0
74870,4,1,0,6,1,17.934070,1.844472,10368,10875,0
74880,0,3,0,4,1,17.932035,1.844271,10368,10875,0
74890,10,0,0,11,1,17.930273,1.844044,10368,10875,0
74900,19,11,0,31,1,17.930938,1.844081,10372,10875,0
74910,14,4,0,19,1,17.931874,1.844203,10375,10875,0
74920,13,6,0,20,1,17.933150,1.844355,10388,10875,0
74930,10,8,0,19,1,17.932141,1.844252,10388,10875,0
74940,9,12,1,23,1,17.932032,1.844254,10388,10875,0
74950,16,11,0,28,1,17.933451,1.844400,10388,10875,0
74960,18,18,0,37,1,17.935832,1.844666,10403,10888,0
74970,17,20,0,38,1,17.936725,1.844748,10403,10892,0
74980,12,15,0,28,1,17.938664,1.844943,10406,10892,0
74990,3,16,0,20,1,17.939635,1.845028,10406,10897,0
75000,11,7,0,19,1,17.939759,1.845085,10406,10905,0
75010,10,4,0,15,1,17.938931,1.844977,10406,10905,0
75020,6,1,0,8,1,17.937742,1.844825,10406,10905,0
75030,1,3,0,5,1,17.936278,1.844683,10406,10905,0
75040,9,9,0,19,1,17.935352,1.844533,10406,10905,0
75050,13,17,0,31,1,17.936149,1.844590,10406,10905,0
75060,16,20,0,37,1,17.938652,1.844896,10424,10911,0
75070,8,20,0,29,1,17.939548,1.845017,10424,10913,0
75080,1,16,0,18,1,17.939866,1.845068,10424,10919,0
75090,2,2,0,5,1,17.939076,1.845015,10424,10919,0
75100,0,3,0,4,1,17.937337,1.844836,10424,10919,0
75110,14,18,0,33,1,17.936395,1.844695,10424,10920,0
75120,10,19,0,30,1,17.938618,1.844954,10427,10923,0
75130,16,18,0,35,1,17.940603,1.845174,10429,10929,0
75140,6,18,0,25,1,17.942183,1.845375,10429,10944,0
75150,18,15,0,34,1,17.943823,1.845537,10430,10947,0
75160,19,20,0,40,1,17.946004,1.845767,10436,10959,0
75170,20,15,0,36,1,17.948631,1.846080,10443,10981,0
75180,7,3,0,11,1,17.948198,1.846054,10443,10981,0
75190,3,2,0,6,1,17.947658,1.845991,10443,10981,0
75200,8,2,0,11,1,17.946599,1.845876,10443,10981,0
75210,4,1,0,6,1,17.944647,1.845718,10443,10981,0
75220,0,5,0,6,1,17.943235,1.845561,10443,10981,0
75230,2,5,0,8,1,17.941300,1.845380,10443,10981,0
75240,4,2,0,7,1,17.939808,1.845225,10443,10981,0
75250,4,0,0,5,1,17.938098,1.845060,10443,10981,0
75260,8,3,0,12,1,17.937234,1.844946,10443,10981,0
75270,0,3,0,4,1,17.935592,1.844783,10443,10981,0
75280,1,6,0,8,1,17.933651,1.844566,10443,10981,0
75290,7,8,0,16,1,17.932068,1.844358,10443,10981,0
75300,4,14,0,19,1,17.932074,1.844360,10443,10981,0
75310,0,0,0,1,1,17.931603,1.844350,10443,10981,0
75320,4,7,0,12,1,17.929862,1.844161,10443,10981,0
75330,2,4,0,7,1,17.928015,1.843989,10443,10981,0
75340,1,1,0,3,1,17.926306,1.843819,10443,10981,0
75350,16,4,0,21,1,17.925909,1.843769,10443,10981,0
75360,14,8,0,23,1,17.926284,1.843815,10443,10981,0
75370,20,1,0,22,1,17.926646,1.843853,10447,10981,0
75380,4,2,0,7,1,17.926480,1.843821,10448,10981,0
75390,1,1,0,3,1,17.925372,1.843716,10448,10981,0
75400,18,4,0,23,1,17.925264,1.843690,10448,10981,0
75410,2,2,0,5,1,17.924200,1.843591,10448,10981,0
75420,0,0,0,1,1,17.922264,1.843410,10448,10981,0
75430,0,0,0,1,1,17.920412,1.843253,10448,10981,0
75440,14,6,0,21,1,17.919822,1.843092,10448,10981,0
75450,17,15,0,33,1,17.920764,1.843182,10448,10981,0
75460,4,13,0,18,1,17.920975,1.843242,10448,10981,0
75470,13,17,0,31,1,17.921599,1.843312,10448,10985,0
75480,20,12,0,33,1,17.922510,1.843369,10450,10985,0
75490,6,8,0,15,1,17.923234,1.843459,10450,10985,0
75500,18,11,0,30,1,17.924009,1.843529,10450,10985,0
75510,19,12,0,32,1,17.925702,1.843714,10455,10985,0
75520,17,12,1,31,1,17.928083,1.843984,10461,10992,0
75530,17,17,0,35,1,17.930213,1.844174,10468,10992,0
75540,14,10,0,25,1,17.931908,1.844371,10468,10994,0
75550,12,8,0,21,1,17.932519,1.844445,10469,10994,0
75560,5,11,0,17,1,17.932700,1.844441,10469,10994,0
75570,2,13,0,16,1,17.932724,1.844424,10469,10994,0
75580,1,3,0,5,1,17.931323,1.844301,10469,10994,0
75590,0,1,0,2,1,17.929594,1.844136,10469,10994,0
75600,7,4,0,12,1,17.927725,1.843969,10469,10994,0
75610,14,17,0,32,1,17.927829,1.843956,10469,10995,0
75620,5,10,0,16,1,17.929360,1.844159,10469,11010,0
75630,11,12,0,24,1,17.929271,1.844160,10469,11010,0
75640,17,3,0,21,1,17.930120,1.844251,10469,11010,0
75650,7,5,0,13,1,17.930194,1.844279,10470,11010,0
75660,8,10,0,19,1,17.929176,1.844170,10470,11010,0
75670,17,11,0,29,1,17.929830,1.844223,10470,11010,0
75680,11,10,0,22,1,17.931184,1.844370,10477,11010,0
75690,4,19,0,24,1,17.932216,1.844451,10477,11014,0
75700,4,11,0,16,1,17.931562,1.844367,10477,11014,0
75710,6,6,0,13,1,17.930576,1.844246,10477,11014,0
75720,4,2,0,7,1,17.929101,1.844093,10477,11014,0
75730,7,16,0,24,1,17.928777,1.844037,10477,11017,0
75740,18,16,0,35,1,17.930278,1.844185,10477,11024,0
75750,18,11,0,30,1,17.931364,1.844302,10478,11024,0
75760,8,4,0,13,1,17.932165,1.844405,10479,11024,0
75770,12,5,0,18,1,17.931919,1.844338,10479,11024,0
75780,19,9,0,29,1,17.932598,1.844396,10484,11024,0
75790,12,20,0,33,1,17.934765,1.844642,10493,11033,0
75800,16,17,0,34,1,17.936675,1.844859,10493,11035,0
75810,14,12,0,27,1,17.938330,1.845052,10493,11044,0
75820,13,4,0,18,1,17.938245,1.845064,10493,11044,0
75830,0,0,0,1,1,17.937289,1.844976,10493,11044,0
75840,11,10,0,22,1,17.936751,1.844864,10493,11044,0
75850,14,17,0,32,1,17.937441,1.844930,10493,11044,0
75860,12,18,0,31,1,17.939061,1.845100,10493,11044,0
75870,4,12,0,17,1,17.940584,1.845295,10493,11055,0
75880,1,10,0,12,1,17.939046,1.845152,10493,11055,0
75890,4,12,0,17,1,17.938714,1.845129,10493,11055,0
75900,0,0,0,1,1,17.936750,1.844945,10493,11055,0
75910,3,1,0,5,1,17.935169,1.844792,10493,11055,0
75920,3,2,0,6,1,17.934132,1.844679,10493,11055,0
75930,0,3,0,4,1,17.932475,1.844504,10493,11055,0
75940,4,3,0,8,1,17.931291,1.844365,10493,11055,0
75950,16,9,0,26,1,17.930793,1.844280,10493,11055,0
75960,17,13,0,31,1,17.931934,1.844397,10498,11055,0
75970,17,11,0,29,1,17.933260,1.844547,10503,11055,0
75980,13,8,0,22,1,17.934510,1.844684,10505,11055,0
75990,19,18,0,38,1,17.936063,1.844826,10506,11057,0
76000,13,0,0,14,1,17.937839,1.845042,10519,11065,0
76010,7,17,1,26,1,17.937700,1.845006,10519,11065,0
76020,0,10,0,11,1,17.938221,1.845075,10519,11065,0
76030,7,16,0,24,1,17.938230,1.845059,10519,11065,0
76040,18,8,0,27,1,17.939473,1.845177,10521,11065,0
76050,14,3,0,18,1,17.940070,1.845252,10523,11065,0
76060,15,6,0,22,1,17.939840,1.845181,10523,11065,0
76070,5,13,0,19,1,17.940254,1.845237,10523,11065,0
76080,5,19,0,25,1,17.940679,1.845294,10523,11065,0
76090,19,15,0,35,1,17.942756,1.845485,10527,11075,0
76100,12,6,0,19,1,17.943910,1.845652,10527,11075,0
76110,6,7,0,14,1,17.942999,1.845571,10527,11075,0
76120,18,10,0,29,1,17.943631,1.845659,10531,11075,0
76130,19,7,1,28,1,17.944467,1.845736,10534,11075,0
76140,1,20,0,22,1,17.945778,1.845859,10534,11077,0
76150,5,0,0,6,1,17.945143,1.845799,10534,11083,0
76160,2,2,0,5,1,17.943117,1.845624,10534,11083,0
76170,7,3,0,11,1,17.941257,1.845440,10534,11083,0
76180,11,12,0,24,1,17.941189,1.845387,10534,11083,0
76190,20,14,0,35,1,17.942087,1.845450,10539,11083,0
76200,3,4,0,8,1,17.942730,1.845539,10547,11083,0
76210,6,9,0,16,1,17.941804,1.845427,10547,11083,0
76220,1,0,0,2,1,17.941309,1.845386,10547,11083,0
76230,6,13,0,20,1,17.940496,1.845251,10547,11083,0
76240,7,17,0,25,1,17.941614,1.845364,10547,11083,0
76250,4,11,0,16,1,17.941986,1.845388,10547,11087,0
76260,14,16,0,31,1,17.942884,1.845441,10547,11090,0
76270,8,10,0,19,1,17.944434,1.845636,10553,11091,0
76280,5,9,0,15,1,17.943638,1.845547,10553,11091,0
76290,1,0,0,2,1,17.941925,1.845424,10553,11091,0
76300,1,0,0,2,1,17.939827,1.845261,10553,11091,0
76310,0,6,0,7,1,17.938221,1.845106,10553,11091,0
76320,3,6,0,10,1,17.936996,1.844993,10553,11091,0
76330,2,14,0,17,1,17.936298,1.844904,10553,11091,0
76340,13,18,0,32,1,17.937548,1.845006,10553,11092,0
76350,14,15,0,30,1,17.939415,1.845164,10553,11095,0
76360,8,16,0,25,1,17.940704,1.845285,10554,11095,0
76370,0,8,0,9,1,17.940635,1.845290,10554,11095,0
76380,11,6,0,18,1,17.939719,1.845159,10554,11095,0
76390,4,0,0,5,1,17.938773,1.845107,10554,11095,0
76400,0,0,0,0,0,17.937087,1.844959,10554,11095,0
76410,0,0,0,1,1,17.935475,1.844804,10554,11095,0
76420,2,16,0,19,1,17.934676,1.844685,10554,11097,0
76430,0,1,0,2,1,17.932972,1.844555,10554,11097,0
76440,9,4,0,14,1,17.931254,1.844359,10554,11097,0
76450,16,13,0,30,1,17.931848,1.844406,10556,11097,0
76460,6,7,0,14,1,17.932895,1.844542,10556,11097,0
76470,5,5,0,11,1,17.931576,1.844419,10556,11097,0
76480,3,3,0,7,1,17.930711,1.844333,10556,11097,0
76490,0,0,0,1,1,17.929043,1.844164,10556,11097,0
76500,8,6,0,15,1,17.927274,1.843963,10556,11097,0
76510,0,0,0,1,1,17.925658,1.843842,10556,11097,0
76520,12,11,0,24,1,17.924531,1.843709,10556,11097,0
76530,12,11,0,24,1,17.926141,1.843898,10556,11098,0
76540,5,0,0,6,1,17.926057,1.843900,10556,11098,0
76550,1,4,0,6,1,17.924170,1.843756,10556,11098,0
76560,4,9,0,14,1,17.922597,1.843565,10556,11098,0
76570,11,11,0,23,1,17.923149,1.843605,10556,11098,0
76580,15,5,0,21,1,17.923617,1.843628,10556,11098,0
76590,10,5,0,16,1,17.923480,1.843615,10556,11098,0
76600,13,10,0,24,1,17.924701,1.843729,10557,11098,0
76610,7,2,0,10,1,17.924994,1.843791,10558,11098,0
76620,1,7,0,9,1,17.924153,1.843703,10558,11098,0
76630,3,5,0,9,1,17.922315,1.843524,10558,11098,0
76640,3,0,0,4,1,17.921027,1.843388,10558,11098,0
76650,2,14,0,17,1,17.921087,1.843382,10558,11100,0
76660,9,16,0,26,1,17.921493,1.843422,10558,11100,0
76670,11,16,0,28,1,17.922968,1.843589,10558,11112,0
76680,15,18,0,34,1,17.925246,1.843801,10563,11114,0
76690,17,18,0,36,1,17.927259,1.843974,10563,11121,0
76700,16,19,0,36,1,17.929363,1.844186,10567,11121,0
76710,17,12,0,30,1,17.931544,1.844448,10583,11127,0
76720,7,18,0,26,1,17.933030,1.844612,10583,11133,0
76730,6,4,0,11,1,17.932105,1.844534,10583,11133,0
76740,12,12,0,25,1,17.931444,1.844457,10583,11133,0
76750,19,13,0,33,1,17.933725,1.844685,10589,11137,0
76760,4,15,0,20,1,17.934649,1.844788,10589,11137,0
76770,4,3,0,8,1,17.935079,1.844882,10589,11142,0
76780,0,0,0,0,0,17.933285,1.844691,10589,11142,0
76790,4,9,0,14,1,17.932059,1.844545,10589,11142,0
76800,0,0,0,1,1,17.930131,1.844365,10589,11142,0
76810,3,0,0,4,1,17.928426,1.844182,10589,11142,0
76820,4,2,0,7,1,17.926433,1.844000,10589,11142,0
76830,8,5,0,14,1,17.926951,1.844047,10589,11142,0
76840,6,10,0,17,1,17.926239,1.843962,10589,11142,0
76850,9,18,0,28,1,17.927267,1.844033,10589,11144,0
76860,0,13,0,14,1,17.928135,1.844135,10589,11157,0
76870,2,6,0,9,1,17.927411,1.844054,10589,11157,0
76880,1,3,0,5,1,17.925662,1.843885,10589,11157,0
76890,6,4,0,11,1,17.925343,1.843860,10589,11157,0
76900,3,12,0,16,1,17.924382,1.843729,10589,11157,0
76910,1,4,0,6,1,17.922883,1.843590,10589,11157,0
76920,11,10,0,22,1,17.922588,1.843551,10589,11157,0
76930,6,14,0,21,1,17.923920,1.843666,10589,11160,0
76940,0,1,0,2,1,17.923050,1.843614,10589,11160,0
76950,0,1,0,2,1,17.921211,1.843428,10589,11160,0
76960,16,8,0,25,1,17.921856,1.843456,10593,11160,0
76970,12,14,0,27,1,17.923094,1.843583,10593,11160,0
76980,5,9,0,15,1,17.923649,1.843698,10593,11160,0
76990,12,2,0,15,1,17.922792,1.843593,10593,11160,0
77000,19,9,0,29,1,17.924345,1.843780,10603,11160,0
77010,4,9,0,14,1,17.924607,1.843820,10605,11160,0
77020,16,2,0,19,1,17.923903,1.843748,10605,11160,0
77030,0,1,0,2,1,17.922416,1.843623,10605,11160,0
77040,1,3,0,5,1,17.920661,1.843453,10605,11160,0
77050,3,3,0,7,1,17.919470,1.843316,10605,11160,0
77060,10,1,0,12,1,17.919132,1.843326,10605,11160,0
77070,9,5,0,15,1,17.918072,1.843195,10605,11160,0
77080,8,13,0,22,1,17.918690,1.843252,10605,11160,0
77090,0,20,1,22,1,17.919580,1.843337,10605,11164,0
77100,2,14,0,17,1,17.920238,1.843415,10605,11180,0
77110,11,12,0,24,1,17.919675,1.843320,10605,11180,0
77120,8,11,0,20,1,17.920948,1.843447,10605,11184,0
77130,11,10,0,22,1,17.920622,1.843397,10605,11184,0
77140,15,5,0,21,1,17.920830,1.843377,10605,11184,0
77150,10,10,1,22,1,17.921701,1.843465,10605,11184,0
77160,4,0,0,5,1,17.920586,1.843377,10605,11184,0
77170,3,1,0,5,1,17.918825,1.843192,10605,11184,0
77180,18,17,0,36,1,17.919610,1.843219,10608,11184,0
77190,18,16,0,35,1,17.921764,1.843458,10619,11185,0
77200,8,8,0,17,1,17.923296,1.843631,10621,11185,0
77210,2,12,0,15,1,17.923156,1.843657,10621,11185,0
77220,13,8,0,22,1,17.924337,1.843759,10626,11185,0
77230,14,15,0,30,1,17.926090,1.843942,10628,11186,0
77240,10,2,0,13,1,17.926365,1.843959,10628,11186,0
77250,10,7,0,18,1,17.925651,1.843888,10628,11186,0
77260,17,10,0,28,1,17.926764,1.844006,10638,11186,0
77270,9,16,0,26,1,17.928453,1.844188,10639,11187,0
77280,15,12,0,28,1,17.929999,1.844354,10641,11196,0
77290,14,8,0,23,1,17.931365,1.844527,10642,11196,0
77300,12,18,0,31,1,17.932333,1.844600,10642,11196,0
77310,6,16,0,23,1,17.933074,1.844712,10642,11199,0
77320,11,13,0,25,1,17.934617,1.844841,10644,11201,0
77330,0,0,0,0,0,17.934672,1.844870,10644,11201,0
77340,0,0,0,0,0,17.933026,1.844691,10644,11201,0
77350,5,3,0,9,1,17.931156,1.844472,10644,11201,0
77360,0,5,0,6,1,17.929659,1.844319,10644,11201,0
77370,0,0,0,1,1,17.927767,1.844164,10644,11201,0
77380,10,10,0,21,1,17.927036,1.844084,10644,11201,0
77390,9,19,0,29,1,17.928041,1.844220,10644,11207,0
77400,19,19,0,39,1,17.930226,1.844441,10645,11215,0
77410,9,13,0,23,1,17.931133,1.844525,10647,11215,0
77420,15,19,0,35,1,17.933252,1.844741,10650,11231,0
77430,13,17,0,31,1,17.935723,1.845008,10666,11238,0
77440,3,1,0,5,1,17.936062,1.845067,10666,11238,0
77450,10,10,0,21,1,17.935765,1.845008,10666,11238,0
77460,18,10,0,29,1,17.936518,1.845096,10668,11238,0
77470,19,20,0,40,1,17.938792,1.845330,10681,11249,0
77480,14,10,0,25,1,17.940898,1.845577,10687,11254,0
77490,17,3,0,21,1,17.941577,1.845650,10692,11254,0
77500,1,8,0,10,1,17.941112,1.845600,10692,11254,0
77510,1,3,0,5,1,17.939406,1.845454,10692,11254,0
77520,1,0,0,2,1,17.937421,1.845258,10692,11254,0
77530,17,16,0,34,1,17.937328,1.845197,10692,11254,0
77540,6,12,0,19,1,17.938938,1.845356,10694,11254,0
77550,14,17,0,32,1,17.940475,1.845520,10694,11256,0
77560,2,1,0,4,1,17.940450,1.845537,10694,11256,0
77570,11,0,0,12,1,17.938807,1.845401,10694,11256,0
77580,3,1,1,6,1,17.938069,1.845325,10694,11256,0
77590,4,3,0,8,1,17.936359,1.845169,10694,11256,0
77600,19,14,0,34,1,17.936376,1.845142,10695,11256,0
77610,14,6,0,21,1,17.937219,1.845237,10702,11256,0
77620,9,6,0,16,1,17.938255,1.845332,10702,11256,0
77630,11,7,0,19,1,17.938478,1.845365,10702,11256,0
77640,17,3,0,21,1,17.939008,1.845398,10708,11256,0
77650,11,13,0,25,1,17.939934,1.845479,10710,11256,0
77660,18,14,0,33,1,17.941152,1.845602,10718,11265,0
77670,2,2,0,5,1,17.940350,1.845560,10718,11265,0
77680,2,3,0,6,1,17.939191,1.845458,10718,11265,0
77690,13,7,0,21,1,17.939062,1.845418,10718,11265,0
77700,11,9,0,21,1,17.940257,1.845544,10725,11265,0
77710,17,12,0,30,1,17.940961,1.845593,10726,11265,0
77720,5,19,0,25,1,17.941819,1.845699,10726,11268,0
77730,2,0,0,3,1,17.942067,1.845747,10726,11270,0
77740,0,0,0,1,1,17.939996,1.845573,10726,11270,0
77750,4,5,0,10,1,17.938194,1.845396,10726,11270,0
77760,0,4,0,5,1,17.936452,1.845202,10726,11270,0
77770,7,9,0,17,1,17.934874,1.845040,10726,11270,0
77780,8,20,0,29,1,17.935419,1.845099,10726,11279,0
77790,19,12,0,32,1,17.937181,1.845279,10727,11283,0
77800,14,15,0,30,1,17.938455,1.845393,10733,11283,0
77810,10,10,0,21,1,17.938371,1.845388,10733,11283,0
77820,19,18,0,38,1,17.940275,1.845574,10736,11283,0
77830,7,10,0,18,1,17.941446,1.845710,10739,11283,0
77840,6,17,0,24,1,17.942249,1.845812,10739,11300,0
77850,0,15,0,16,1,17.942552,1.845842,10739,11307,0
77860,3,13,0,17,1,17.942622,1.845847,10739,11307,0
77870,16,5,0,22,1,17.943154,1.845890,10739,11307,0
77880,15,8,0,24,1,17.944124,1.845988,10747,11307,0
77890,15,1,0,17,1,17.944606,1.846026,10747,11307,0
77900,2,2,0,5,1,17.944278,1.846036,10748,11307,0
77910,3,3,0,7,1,17.942391,1.845845,10748,11307,0
77920,1,2,0,4,1,17.940818,1.845713,10748,11307,0
77930,6,1,0,8,1,17.938762,1.845521,10748,11307,0
77940,0,5,0,6,1,17.936974,1.845333,10748,11307,0
77950,7,2,0,10,1,17.935445,1.845184,10748,11307,0
77960,9,7,0,17,1,17.934863,1.845095,10748,11307,0
77970,17,0,0,18,1,17.934864,1.845088,10749,11307,0
77980,20,5,0,26,1,17.935199,1.845128,10762,11307,0
77990,10,5,0,16,1,17.935896,1.845213,10776,11307,0
78000,11,7,0,19,1,17.935674,1.845185,10776,11307,0
78010,7,17,0,25,1,17.936216,1.845234,10776,11307,0
78020,3,7,0,11,1,17.937015,1.845361,10776,11307,0
78030,9,6,0,16,1,17.936202,1.845280,10776,11307,0
78040,17,8,0,26,1,17.936868,1.845337,10776,11307,0
78050,13,1,0,15,1,17.937075,1.845366,10776,11307,0
78060,12,7,0,20,1,17.936985,1.845338,10776,11307,0
78070,0,0,0,0,0,17.936488,1.845307,10776,11307,0
78080,8,4,0,13,1,17.935096,1.845122,10776,11307,0
78090,1,15,0,17,1,17.935043,1.845105,10776,11307,0
78100,7,18,0,26,1,17.935690,1.845165,10776,11315,0
78110,0,0,0,1,1,17.935621,1.845200,10776,11327,0
78120,5,3,0,9,1,17.934287,1.845044,10776,11327,0
78130,3,8,0,12,1,17.932682,1.844862,10776,11327,0
78140,9,15,0,25,1,17.933038,1.844875,10776,11327,0
78150,9,14,0,24,1,17.933160,1.844873,10776,11327,0
78160,1,7,0,9,1,17.932956,1.844879,10776,11327,0
78170,5,12,0,18,1,17.932531,1.844824,10776,11327,0
78180,4,12,0,17,1,17.932690,1.844865,10776,11327,0
78190,3,1,0,5,1,17.930914,1.844690,10776,11327,0
78200,1,1,0,3,1,17.929390,1.844524,10776,11327,0
78210,4,17,0,22,1,17.928231,1.844384,10776,11327,0
78220,8,17,0,26,1,17.929389,1.844496,10776,11334,0
78230,6,3,0,10,1,17.929736,1.844535,10776,11336,0
78240,7,12,0,20,1,17.929965,1.844566,10776,11336,0
78250,6,17,0,24,1,17.930513,1.844611,10776,11336,0
78260,16,12,0,29,1,17.932088,1.844769,10776,11337,0
78270,20,20,0,41,1,17.934049,1.844947,10788,11340,0
78280,3,8,0,12,1,17.935076,1.845048,10790,11341,0
78290,14,17,0,32,1,17.935820,1.845101,10790,11341,0
78300,15,13,0,29,1,17.937580,1.845297,10792,11346,0
78310,16,16,1,34,1,17.939382,1.845463,10793,11352,0
78320,9,17,0,27,1,17.940881,1.845630,10793,11354,0
78330,10,17,0,28,1,17.942218,1.845744,10793,11361,0
78340,20,11,0,32,1,17.944132,1.845929,10797,11366,0
78350,4,3,0,8,1,17.944227,1.845954,10808,11366,0
78360,2,9,0,12,1,17.944065,1.845916,10808,11366,0
78370,1,0,0,2,1,17.943114,1.845855,10808,11366,0
78380,7,7,0,15,1,17.941857,1.845719,10808,11366,0
78390,4,3,0,8,1,17.940871,1.845628,10808,11366,0
78400,7,11,0,19,1,17.940425,1.845568,10808,11366,0
78410,17,19,0,37,1,17.940661,1.845568,10808,11366,0
78420,5,8,0,14,1,17.941986,1.845746,10818,11371,0
78430,6,4,0,11,1,17.942927,1.845870,10818,11379,0
78440,5,5,0,11,1,17.941274,1.845722,10818,11379,0
78450,2,1,0,4,1,17.939871,1.845571,10818,11379,0
78460,5,12,0,18,1,17.940316,1.845596,10818,11385,0
78470,0,16,0,17,1,17.940009,1.845577,10818,11385,0
78480,0,0,0,1,1,17.938505,1.845452,10818,11385,0
78490,13,18,0,32,1,17.938522,1.845401,10818,11385,0
78500,2,0,0,3,1,17.938626,1.845434,10818,11390,0
78510,11,12,0,24,1,17.938301,1.845360,10818,11390,0
78520,18,17,0,36,1,17.939993,1.845512,10819,11402,0
78530,16,10,0,27,1,17.941657,1.845708,10825,11405,0
78540,17,16,0,34,1,17.943570,1.845925,10839,11405,0
78550,15,20,0,36,1,17.945809,1.846226,10843,11406,0
78560,16,20,0,37,1,17.948220,1.846491,10850,11417,0
78570,17,10,0,28,1,17.949968,1.846669,10854,11418,0
78580,1,1,0,3,1,17.949163,1.846618,10854,11418,0
78590,10,19,0,30,1,17.949011,1.846543,10854,11420,0
78600,19,18,0,38,1,17.950442,1.846674,10854,11432,0
78610,11,19,0,31,1,17.951782,1.846829,10855,11438,0
78620,8,16,0,25,1,17.953528,1.847014,10859,11440,0
78630,13,11,0,25,1,17.955498,1.847219,10866,11449,0
78640,19,4,0,24,1,17.956191,1.847279,10872,11449,0
78650,17,5,0,23,1,17.956800,1.847340,10877,11449,0
78660,9,0,0,10,1,17.956672,1.847322,10877,11449,0
78670,18,0,0,19,1,17.956478,1.847259,10877,11449,0
78680,19,9,0,29,1,17.956650,1.847280,10877,11449,0
78690,16,6,0,23,1,17.957585,1.847377,10885,11449,0
78700,18,8,0,27,1,17.958331,1.847415,10886,11449,0
78710,19,12,0,32,1,17.959607,1.847578,10894,11449,0
78720,12,12,1,26,1,17.959675,1.847595,10894,11449,0
78730,2,6,0,9,1,17.959456,1.847578,10894,11449,0
78740,17,10,0,28,1,17.959804,1.847588,10902,11449,0
78750,11,12,0,24,1,17.960841,1.847666,10902,11449,0
78760,2,5,0,8,1,17.961000,1.847688,10902,11449,0
78770,3,1,0,5,1,17.959277,1.847535,10902,11449,0
78780,0,16,0,17,1,17.958507,1.847454,10902,11449,0
78790,3,0,0,4,1,17.957238,1.847363,10902,11449,0
78800,8,9,0,18,1,17.955945,1.847204,10902,11449,0
78810,12,19,0,32,1,17.957363,1.847299,10903,11449,0
78820,2,6,0,9,1,17.957361,1.847324,10903,11449,0
78830,2,0,0,3,1,17.955734,1.847152,10903,11449,0
78840,5,14,0,20,1,17.954783,1.847021,10903,11449,0
78850,0,4,0,5,1,17.954802,1.847043,10903,11449,0
78860,0,0,0,1,1,17.952957,1.846856,10903,11449,0
78870,4,4,0,9,1,17.950922,1.846654,10903,11449,0
78880,19,11,0,31,1,17.951085,1.846616,10904,11449,0
78890,19,8,0,28,1,17.952053,1.846733,10906,11449,0
78900,7,1,0,9,1,17.952655,1.846822,10906,11449,0
78910,7,1,0,9,1,17.951952,1.846753,10906,11449,0
78920,15,6,0,22,1,17.951547,1.846704,10906,11449,0
78930,1,0,0,2,1,17.950121,1.846613,10906,11449,0
78940,13,12,0,26,1,17.948657,1.846425,10906,11449,0
78950,18,13,0,32,1,17.950782,1.846656,10911,11462,0
78960,15,11,0,27,1,17.952515,1.846837,10928,11462,0
78970,20,14,0,35,1,17.954197,1.846991,10928,11462,0
78980,16,6,0,23,1,17.954641,1.847069,10928,11462,0
78990,12,3,0,16,1,17.955806,1.847201,10931,11462,0
79000,5,5,0,11,1,17.955169,1.847160,10931,11462,0
79010,15,16,0,32,1,17.955102,1.847139,10931,11462,0
79020,16,19,0,36,1,17.956525,1.847303,10931,11469,0
79030,17,8,0,26,1,17.957967,1.847452,10937,11470,0
79040,8,8,0,17,1,17.957906,1.847453,10939,11470,0
79050,15,4,0,20,1,17.957543,1.847402,10939,11470,0
79060,20,17,0,38,1,17.958902,1.847547,10939,11470,0
79070,19,11,0,31,1,17.960588,1.847704,10942,11471,0
79080,10,9,0,20,1,17.961775,1.847837,10945,11471,0
79090,4,0,0,5,1,17.961059,1.847778,10945,11471,0
79100,6,7,0,14,1,17.959765,1.847614,10945,11471,0
79110,6,3,0,10,1,17.958153,1.847444,10945,11471,0
79120,0,0,0,0,0,17.956913,1.847329,10945,11471,0
79130,15,1,0,17,1,17.955828,1.847196,10945,11471,0
79140,15,15,0,31,1,17.956278,1.847209,10945,11471,0
79150,18,20,0,39,1,17.957552,1.847338,10945,11477,0
79160,9,14,0,24,1,17.958952,1.847480,10948,11481,0
79170,4,10,0,15,1,17.959090,1.847505,10948,11485,0
79180,1,0,0,2,1,17.957253,1.847340,10948,11485,0
79190,1,0,0,2,1,17.955942,1.847225,10948,11485,0
79200,0,1,0,2,1,17.954568,1.847048,10948,11485,0
79210,13,18,0,32,1,17.954169,1.846943,10948,11485,0
79220,9,10,0,20,1,17.955236,1.847053,10948,11488,0
79230,17,8,0,26,1,17.955913,1.847107,10948,11488,0
79240,12,15,0,28,1,17.957399,1.847246,10948,11488,0
79250,11,20,0,32,1,17.959229,1.847437,10948,11497,0
79260,3,17,0,21,1,17.960682,1.847601,10948,11513,0
79270,3,10,0,14,1,17.960674,1.847610,10948,11513,0
79280,17,17,0,35,1,17.961747,1.847668,10951,11513,0
79290,12,17,0,30,1,17.963116,1.847827,10951,11517,0
79300,1,2,0,4,1,17.963578,1.847906,10951,11525,0
79310,0,0,0,1,1,17.961977,1.847758,10951,11525,0
79320,3,6,0,10,1,17.960264,1.847559,10951,11525,0
79330,2,2,0,5,1,17.959419,1.847463,10951,11525,0
79340,7,0,0,8,1,17.958469,1.847382,10951,11525,0
79350,9,17,0,27,1,17.958912,1.847395,10951,11525,0
79360,17,16,0,34,1,17.960290,1.847513,10951,11526,0
79370,18,20,0,39,1,17.962292,1.847717,10951,11527,0
79380,19,18,0,38,1,17.964755,1.847995,10960,11534,0
79390,12,19,0,32,1,17.966298,1.848154,10965,11537,0
79400,20,19,0,40,1,17.968505,1.848396,10970,11550,0
79410,18,19,0,38,1,17.970877,1.848650,10976,11562,0
79420,18,13,0,32,1,17.973169,1.848896,10990,11565,0
79430,20,19,0,40,1,17.975260,1.849133,11008,11568,0
79440,20,9,0,30,1,17.976850,1.849312,11027,11568,0
79450,12,4,0,17,1,17.977186,1.849351,11029,11568,0
79460,0,0,0,1,1,17.976499,1.849312,11029,11568,0
79470,1,2,0,4,1,17.974780,1.849155,11029,11568,0
79480,10,7,0,18,1,17.973531,1.848994,11029,11568,0
79490,10,5,0,16,1,17.973725,1.849019,11029,11568,0
79500,0,8,0,9,1,17.974287,1.849056,11029,11568,0
79510,3,2,0,6,1,17.972714,1.848914,11029,11568,0
79520,3,5,0,9,1,17.971261,1.848748,11029,11568,0
79530,13,7,0,21,1,17.970388,1.848649,11029,11568,0
79540,16,17,0,34,1,17.970859,1.848638,11029,11568,0
79550,20,15,0,36,1,17.972689,1.848813,11037,11569,0
79560,20,19,0,40,1,17.975078,1.849066,11044,11574,0
79570,15,19,0,35,1,17.977521,1.849320,11047,11588,0
79580,12,18,0,31,1,17.979084,1.849493,11047,11605,0
79590,5,6,0,12,1,17.979505,1.849564,11047,11605,0
79600,15,15,0,31,1,17.980184,1.849612,11047,11611,0
79610,20,20,0,41,1,17.982123,1.849788,11050,11617,0
79620,11,13,0,25,1,17.984299,1.850063,11054,11630,0
79630,2,0,0,3,1,17.984791,1.850143,11054,11634,0
79640,11,5,0,17,1,17.984221,1.850056,11054,11634,0
79650,8,5,0,14,1,17.983473,1.849975,11054,11634,0
79660,1,5,0,7,1,17.982040,1.849792,11054,11634,0
79670,14,3,0,18,1,17.981695,1.849740,11054,11634,0
79680,12,11,0,24,1,17.982994,1.849882,11058,11634,0
79690,19,12,0,32,1,17.984300,1.849995,11061,11634,0
79700,14,16,0,31,1,17.985832,1.850163,11061,11634,0
79710,0,4,0,5,1,17.985867,1.850179,11061,11634,0
79720,6,1,0,8,1,17.985358,1.850117,11061,11634,0
79730,2,4,0,7,1,17.983905,1.849975,11061,11634,0
79740,0,8,0,9,1,17.982750,1.849838,11061,11634,0
79750,12,14,0,27,1,17.981640,1.849689,11061,11634,0
79760,14,9,0,24,1,17.983236,1.849863,11061,11639,0
79770,15,6,0,22,1,17.983794,1.849921,11065,11639,0
79780,14,7,0,22,1,17.984528,1.849980,11068,11639,0
79790,10,11,0,22,1,17.985606,1.850103,11070,11639,0
79800,4,14,0,19,1,17.985796,1.850140,11070,11639,0
79810,19,15,0,35,1,17.986988,1.850249,11073,11644,0
79820,13,15,0,29,1,17.988513,1.850390,11073,11644,0
79830,13,14,0,28,1,17.989745,1.850522,11073,11646,0
79840,0,1,0,2,1,17.988777,1.850465,11073,11646,0
79850,0,0,0,1,1,17.986998,1.850300,11073,11646,0
79860,0,3,0,4,1,17.985306,1.850136,11073,11646,0
79870,13,12,0,26,1,17.984669,1.850013,11073,11646,0
79880,6,0,0,7,1,17.985409,1.850123,11077,11646,0
79890,2,5,0,8,1,17.983664,1.849975,11077,11646,0
79900,2,2,0,5,1,17.981912,1.849834,11077,11646,0
79910,3,7,0,11,1,17.980201,1.849684,11077,11646,0
79920,15,11,0,27,1,17.979620,1.849592,11077,11646,0
79930,8,6,0,15,1,17.980263,1.849675,11077,11646,0
79940,1,7,0,9,1,17.980413,1.849729,11077,11646,0
79950,17,2,0,20,1,17.979536,1.849608,11077,11646,0
79960,16,10,0,27,1,17.980124,1.849648,11079,11646,0
79970,9,1,0,11,1,17.980403,1.849696,11079,11646,0
79980,13,5,0,19,1,17.979713,1.849652,11079,11646,0
79990,0,1,0,2,1,17.979491,1.849663,11079,11646,0
80000,12,17,0,30,1,17.979634,1.849607,11079,11646,0
80010,17,15,0,33,1,17.981171,1.849765,11080,11647,0
80020,19,11,0,31,1,17.983287,1.849979,11088,11652,0
80030,15,6,0,22,1,17.984668,1.850145,11094,11652,0
80040,12,11,0,24,1,17.985176,1.850198,11094,11652,0
80050,13,15,0,29,1,17.986694,1.850369,11094,11653,0
80060,11,5,0,17,1,17.986848,1.850376,11094,11653,0
80070,3,0,0,4,1,17.985553,1.850245,11094,11653,0
80080,0,2,0,3,1,17.984062,1.850130,11094,11653,0
80090,17,9,0,27,1,17.984415,1.850108,11094,11653,0
80100,17,2,0,20,1,17.984608,1.850176,11094,11653,0
80110,18,6,0,25,1,17.985407,1.850275,11107,11653,0
80120,19,14,0,34,1,17.986723,1.850437,11121,11653,0
80130,10,19,0,30,1,17.988621,1.850614,11121,11654,0
80140,15,19,0,35,1,17.990672,1.850809,11125,11662,0
80150,11,9,0,21,1,17.991378,1.850908,11125,11668,0
80160,12,2,0,15,1,17.991192,1.850865,11125,11668,0
80170,5,0,0,6,1,17.990660,1.850797,11125,11668,0
80180,5,3,0,9,1,17.989000,1.850605,11125,11668,0
80190,11,20,0,32,1,17.988636,1.850554,11125,11673,0
80200,10,13,0,24,1,17.989704,1.850672,11125,11696,0
80210,9,10,0,20,1,17.990105,1.850704,11125,11696,0
80220,1,0,0,2,1,17.989613,1.850680,11125,11696,0
80230,12,19,0,32,1,17.988800,1.850580,11125,11701,0
80240,17,18,0,36,1,17.991162,1.850845,11132,11711,0
80250,14,16,0,31,1,17.993376,1.851073,11144,11720,0
80260,20,17,0,38,1,17.995743,1.851312,11153,11729,0
80270,15,12,0,28,1,17.997466,1.851488,11154,11729,0
80280,13,9,0,23,1,17.999042,1.851650,11155,11729,0
80290,1,8,0,10,1,17.998135,1.851588,11155,11729,0
80300,0,0,0,0,0,17.997411,1.851543,11155,11729,0
80310,5,7,0,13,1,17.995557,1.851322,11155,11729,0
80320,1,5,0,7,1,17.994488,1.851215,11155,11729,0
80330,17,18,0,36,1,17.995201,1.851234,11155,11729,0
80340,8,10,0,19,1,17.997040,1.851438,11159,11735,0
80350,0,0,0,1,1,17.996059,1.851347,11159,11735,0
80360,0,0,0,1,1,17.994092,1.851162,11159,11735,0
80370,4,3,0,8,1,17.992852,1.851004,11159,11735,0
80380,6,6,0,13,1,17.991847,1.850868,11159,11735,0
80390,6,0,0,7,1,17.991031,1.850791,11159,11735,0
80400,10,16,0,27,1,17.991239,1.850785,11159,11736,0
80410,20,20,0,41,1,17.992916,1.850981,11160,11744,0
80420,15,11,0,27,1,17.994958,1.851204,11165,11752,0
80430,16,15,0,32,1,17.997361,1.851468,11180,11766,0
80440,11,20,0,32,1,17.999473,1.851683,11183,11774,0
80450,5,11,0,17,1,17.999412,1.851704,11183,11774,0
80460,3,2,0,6,1,17.998887,1.851662,11183,11774,0
80470,5,8,0,14,1,17.997007,1.851464,11183,11774,0
80480,8,1,0,10,1,17.996044,1.851371,11183,11774,0
80490,4,8,0,13,1,17.996151,1.851361,11183,11774,0
80500,3,5,0,9,1,17.995072,1.851245,11183,11774,0
80510,3,3,1,8,1,17.993282,1.851055,11183,11774,0
80520,13,9,0,23,1,17.992143,1.850910,11183,11774,0
80530,15,18,0,34,1,17.993674,1.851053,11183,11785,0
80540,13,19,0,33,1,17.995307,1.851229,11183,11787,0
80550,2,8,0,11,1,17.995630,1.851286,11183,11787,0
80560,1,1,0,3,1,17.994433,1.851187,11183,11787,0
80570,6,14,0,21,1,17.993097,1.851024,11183,11787,0
80580,13,17,0,31,1,17.994309,1.851131,11183,11793,0
80590,13,13,0,27,1,17.996260,1.851355,11184,11801,0
80600,4,4,0,9,1,17.996484,1.851370,11184,11801,0
80610,10,6,0,17,1,17.994926,1.851217,11184,11801,0
80620,19,16,0,36,1,17.995698,1.851292,11189,11801,0
80630,9,15,0,25,1,17.997111,1.851417,11192,11801,0
80640,20,20,0,41,1,17.998983,1.851600,11194,11806,0
80650,4,3,0,8,1,17.999316,1.851649,11200,11807,0
80660,4,2,0,7,1,17.997708,1.851498,11200,11807,0
80670,1,0,0,2,1,17.995828,1.851341,11200,11807,0
80680,6,5,0,12,1,17.993894,1.851138,11200,11807,0
80690,3,15,0,19,1,17.994679,1.851224,11200,11807,0
80700,0,6,0,7,1,17.994576,1.851244,11200,11809,0
80710,7,7,0,15,1,17.993971,1.851168,11200,11809,0
80720,2,3,0,6,1,17.992940,1.851046,11200,11809,0
80730,3,6,0,10,1,17.991868,1.850939,11200,11809,0
80740,1,8,0,10,1,17.990162,1.850757,11200,11809,0
80750,2,3,0,6,1,17.988541,1.850623,11200,11809,0
80760,6,4,0,11,1,17.987258,1.850499,11200,11809,0
80770,0,5,0,6,1,17.986549,1.850429,11200,11809,0
80780,10,6,0,17,1,17.986407,1.850401,11200,11809,0
80790,1,2,0,4,1,17.985349,1.850313,11200,11809,0
80800,0,0,0,0,0,17.983380,1.850151,11200,11809,0
80810,2,0,0,3,1,17.981420,1.849946,11200,11809,0
80820,0,0,0,0,0,17.980026,1.849793,11200,11809,0
80830,4,3,0,8,1,17.978170,1.849596,11200,11809,0
80840,1,1,0,3,1,17.977012,1.849472,11200,11809,0
80850,6,9,0,16,1,17.975997,1.849359,11200,11809,0
80860,6,20,0,27,1,17.975673,1.849279,11200,11812,0
80870,10,17,0,28,1,17.976198,1.849359,11200,11820,0
80880,16,20,0,37,1,17.977959,1.849541,11205,11825,0
80890,15,19,0,35,1,17.980078,1.849759,11207,11837,0
80900,19,18,0,38,1,17.981971,1.849971,11207,11851,0
80910,18,15,0,34,1,17.984332,1.850278,11226,11865,0
80920,9,8,0,18,1,17.985951,1.850450,11230,11867,0
80930,1,5,0,7,1,17.984983,1.850348,11230,11867,0
80940,17,5,0,23,1,17.984305,1.850234,11230,11867,0
80950,3,2,0,6,1,17.983479,1.850166,11233,11867,0
80960,6,0,0,7,1,17.981757,1.849978,11233,11867,0
80970,0,2,0,3,1,17.980025,1.849833,11233,11867,0
80980,0,0,0,0,0,17.978147,1.849657,11233,11867,0
80990,2,4,0,7,1,17.976469,1.849484,11233,11867,0
81000,9,16,0,26,1,17.976726,1.849486,11233,11867,0
81010,11,10,0,22,1,17.978410,1.849690,11233,11871,0
81020,0,9,0,10,1,17.977637,1.849597,11233,11871,0
81030,0,9,0,10,1,17.977011,1.849533,11233,11871,0
81040,6,6,0,13,1,17.976268,1.849443,11233,11871,0
81050,2,2,0,5,1,17.975065,1.849338,11233,11871,0
81060,2,9,0,12,1,17.973755,1.849185,11233,11871,0
81070,3,7,0,11,1,17.972780,1.849081,11233,11871,0
81080,1,1,0,3,1,17.971585,1.848956,11233,11871,0
81090,1,1,0,3,1,17.969931,1.848781,11233,11871,0
81100,20,14,0,35,1,17.969673,1.848732,11233,11871,0
81110,2,13,0,16,1,17.970540,1.848826,11237,11871,0
81120,6,19,0,26,1,17.970647,1.848805,11237,11875,0
81130,8,10,0,19,1,17.971033,1.848836,11237,11881,0
81140,17,12,0,30,1,17.972382,1.848963,11241,11881,0
81150,18,17,0,36,1,17.973601,1.849068,11242,11881,0
81160,18,18,0,37,1,17.975169,1.849237,11242,11890,0
81170,12,5,0,18,1,17.976693,1.849443,11247,11894,0
81180,0,2,0,3,1,17.976474,1.849447,11247,11894,0
81190,4,11,0,16,1,17.975692,1.849341,11247,11894,0
81200,6,6,0,13,1,17.975162,1.849311,11247,11894,0
81210,1,3,0,5,1,17.974409,1.849257,11247,11894,0
81220,0,0,0,1,1,17.973729,1.849213,11247,11894,0
81230,2,8,0,11,1,17.972286,1.849075,11247,11894,0
81240,1,0,0,2,1,17.971144,1.848962,11247,11894,0
81250,10,1,0,12,1,17.969463,1.848797,11247,11894,0
81260,4,1,0,6,1,17.968890,1.848745,11248,11894,0
81270,2,1,0,4,1,17.967785,1.848639,11248,11894,0
81280,17,9,1,28,1,17.967395,1.848574,11248,11894,0
81290,12,14,0,27,1,17.968818,1.848723,11251,11894,0
81300,0,11,0,12,1,17.969925,1.848863,11251,11898,0
81310,10,9,0,20,1,17.969163,1.848766,11251,11898,0
81320,7,9,0,17,1,17.968813,1.848740,11251,11898,0
81330,7,8,0,16,1,17.968622,1.848737,11251,11898,0
81340,9,18,0,28,1,17.967766,1.848619,11251,11898,0
81350,16,5,0,22,1,17.968491,1.848706,11251,11902,0
81360,11,18,0,30,1,17.969417,1.848797,11256,11902,0
81370,18,14,0,33,1,17.970794,1.848944,11257,11903,0
81380,5,14,0,20,1,17.972203,1.849068,11259,11904,0
81390,0,4,0,5,1,17.971498,1.849031,11259,11904,0
81400,0,8,0,9,1,17.970360,1.848887,11259,11904,0
81410,2,1,0,4,1,17.968828,1.848720,11259,11904,0
81420,1,2,0,4,1,17.967466,1.848576,11259,11904,0
81430,0,16,0,17,1,17.965903,1.848418,11259,11904,0
81440,4,5,0,10,1,17.964718,1.848268,11259,11904,0
81450,1,1,0,3,1,17.963263,1.848140,11259,11904,0
81460,0,0,0,1,1,17.962089,1.848024,11259,11904,0
81470,5,2,0,8,1,17.960155,1.847842,11259,11904,0
81480,1,7,0,9,1,17.959110,1.847735,11259,11904,0
81490,0,1,0,2,1,17.957705,1.847589,11259,11904,0
81500,16,6,1,24,1,17.956765,1.847476,11259,11904,0
81510,11,6,0,18,1,17.957399,1.847521,11259,11904,0
81520,6,0,0,7,1,17.957013,1.847486,11259,11904,0
81530,20,5,0,26,1,17.957286,1.847496,11267,11904,0
81540,11,14,0,26,1,17.958278,1.847599,11271,11904,0
81550,10,3,0,14,1,17.958804,1.847677,11271,11904,0
81560,6,16,0,23,1,17.958648,1.847661,11271,11904,0
81570,17,10,0,28,1,17.959284,1.847706,11271,11910,0
81580,6,11,0,18,1,17.959628,1.847760,11271,11910,0
81590,13,16,0,30,1,17.960286,1.847810,11271,11912,0
81600,13,12,0,26,1,17.962405,1.848070,11276,11924,0
81610,6,1,0,8,1,17.962348,1.848070,11276,11924,0
81620,17,6,0,24,1,17.962382,1.848041,11276,11924,0
81630,20,9,0,30,1,17.963580,1.848172,11279,11924,0
81640,12,17,0,30,1,17.965136,1.848325,11285,11924,0
81650,6,9,0,16,1,17.966262,1.848476,11285,11928,0
81660,14,2,0,17,1,17.966889,1.848518,11290,11928,0
81670,3,1,0,5,1,17.966105,1.848422,11290,11928,0
81680,4,4,0,9,1,17.965061,1.848312,11290,11928,0
81690,5,8,0,14,1,17.963402,1.848147,11290,11928,0
81700,2,18,0,21,1,17.963323,1.848123,11290,11930,0
81710,9,16,0,26,1,17.964310,1.848227,11290,11939,0
81720,12,16,0,29,1,17.965899,1.848377,11290,11947,0
81730,5,9,0,15,1,17.967471,1.848560,11294,11950,0
81740,7,3,0,11,1,17.966099,1.848440,11294,11950,0
81750,15,0,0,16,1,17.965106,1.848318,11294,11950,0
81760,14,12,0,27,1,17.965930,1.848368,11295,11950,0
81770,20,20,0,41,1,17.968283,1.848613,11306,11956,0
81780,5,16,0,22,1,17.969610,1.848806,11311,11965,0
81790,15,10,0,26,1,17.970649,1.848915,11311,11968,0
81800,13,4,0,18,1,17.971892,1.849028,11311,11968,0
81810,7,9,0,17,1,17.971749,1.848990,11311,11968,0
81820,7,9,0,17,1,17.971516,1.848957,11311,11968,0
81830,0,0,0,1,1,17.970214,1.848852,11311,11968,0
81840,4,1,0,6,1,17.968647,1.848702,11311,11968,0
81850,9,1,0,11,1,17.968305,1.848649,11311,11968,0
81860,15,7,0,23,1,17.967932,1.848597,11311,11968,0
81870,20,9,0,30,1,17.969400,1.848767,11331,11968,0
81880,20,17,0,38,1,17.971511,1.848976,11342,11975,0
81890,5,16,0,22,1,17.973196,1.849189,11345,11986,0
81900,19,20,0,40,1,17.974451,1.849293,11346,11993,0
81910,12,7,0,20,1,17.975972,1.849499,11351,11998,0
81920,15,15,0,31,1,17.976965,1.849569,11351,11998,0
81930,14,6,0,21,1,17.978131,1.849685,11353,11998,0
81940,9,7,0,17,1,17.977692,1.849633,11353,11998,0
81950,0,3,0,4,1,17.977349,1.849621,11353,11998,0
81960,4,4,0,9,1,17.975860,1.849478,11353,11998,0
81970,6,1,0,8,1,17.974543,1.849324,11353,11998,0
81980,12,1,0,14,1,17.974429,1.849280,11353,11998,0
81990,1,0,0,2,1,17.973083,1.849149,11353,11998,0
82000,0,0,0,1,1,17.972010,1.849063,11353,11998,0
82010,0,0,0,0,0,17.970341,1.848905,11353,11998,0
82020,15,6,0,22,1,17.970681,1.848904,11357,11998,0
82030,18,19,0,38,1,17.971987,1.849029,11365,11998,0
82040,2,17,0,20,1,17.973179,1.849196,11365,11998,0
82050,12,15,0,28,1,17.973995,1.849248,11365,12006,0
82060,13,15,0,29,1,17.975743,1.849424,11365,12027,0
82070,8,14,0,23,1,17.977012,1.849564,11365,12027,0
82080,17,16,0,34,1,17.978567,1.849718,11365,12030,0
82090,18,20,0,39,1,17.981043,1.849992,11382,12041,0
82100,12,5,0,18,1,17.982560,1.850160,11386,12042,0
82110,14,4,0,19,1,17.983052,1.850220,11386,12042,0
82120,5,0,0,6,1,17.982943,1.850212,11390,12042,0
82130,1,1,0,3,1,17.981322,1.850073,11390,12042,0
82140,7,7,0,15,1,17.980424,1.849986,11390,12042,0
82150,0,15,0,16,1,17.980824,1.850032,11390,12047,0
82160,0,17,0,18,1,17.981234,1.850054,11390,12048,0
82170,5,11,0,17,1,17.981361,1.850079,11390,12054,0
82180,13,8,0,22,1,17.980194,1.849950,11390,12054,0
82190,18,4,0,23,1,17.980778,1.849978,11390,12054,0
82200,0,0,0,1,1,17.979917,1.849911,11395,12054,0
82210,13,10,0,24,1,17.978760,1.849778,11395,12054,0
82220,9,1,0,11,1,17.978883,1.849777,11397,12054,0
82230,3,4,0,8,1,17.977258,1.849615,11397,12054,0
82240,6,6,0,13,1,17.975829,1.849448,11397,12054,0
82250,1,8,0,10,1,17.974387,1.849307,11397,12054,0
82260,0,0,0,0,0,17.972903,1.849159,11397,12054,0
82270,0,0,0,0,0,17.971101,1.848970,11397,12054,0
82280,6,18,0,25,1,17.971016,1.848929,11397,12054,0
82290,12,18,0,31,1,17.971807,1.848988,11397,12065,0
82300,19,19,0,39,1,17.973922,1.849197,11419,12071,0
82310,7,14,0,22,1,17.975716,1.849423,11419,12077,0
82320,1,9,0,11,1,17.975400,1.849391,11419,12077,0
82330,1,10,0,12,1,17.974162,1.849271,11419,12077,0
82340,8,10,0,19,1,17.973635,1.849206,11419,12077,0
82350,7,3,0,11,1,17.973808,1.849240,11419,12077,0
82360,18,1,0,20,1,17.973694,1.849231,11419,12077,0
82370,9,16,0,26,1,17.974285,1.849274,11423,12077,0
82380,5,12,0,18,1,17.974274,1.849285,11423,12077,0
82390,3,18,1,23,1,17.974648,1.849319,11423,12080,0
82400,4,7,0,12,1,17.974795,1.849344,11423,12080,0
82410,7,5,0,13,1,17.974886,1.849345,11423,12080,0
82420,20,16,0,37,1,17.976005,1.849423,11434,12080,0
82430,18,11,0,30,1,17.978199,1.849691,11445,12084,0
82440,10,15,0,26,1,17.979971,1.849897,11456,12084,0
82450,10,17,0,28,1,17.980607,1.849944,11456,12088,0
82460,11,9,0,21,1,17.981001,1.849992,11456,12088,0
82470,1,4,0,6,1,17.980291,1.849904,11456,12088,0
82480,2,1,0,4,1,17.978723,1.849727,11456,12088,0
82490,1,2,0,4,1,17.976993,1.849531,11456,12088,0
82500,10,3,0,14,1,17.975459,1.849341,11456,12088,0
82510,5,5,0,11,1,17.974529,1.849232,11456,12088,0
82520,9,16,0,26,1,17.974853,1.849256,11456,12088,0
82530,17,17,0,35,1,17.976545,1.849449,11458,12093,0
82540,17,13,0,31,1,17.978665,1.849682,11479,12097,0
82550,17,12,0,30,1,17.979306,1.849741,11481,12097,0
82560,10,13,0,24,1,17.980384,1.849841,11481,12097,0
82570,13,6,0,20,1,17.981070,1.849940,11481,12097,0
82580,3,11,0,15,1,17.980601,1.849894,11481,12097,0
82590,5,5,0,11,1,17.980218,1.849862,11481,12097,0
82600,2,7,0,10,1,17.978790,1.849713,11481,12097,0
82610,13,9,0,23,1,17.980031,1.849826,11482,12098,0
82620,17,10,0,28,1,17.980122,1.849828,11482,12098,0
82630,15,6,0,22,1,17.981160,1.849943,11486,12098,0
82640,19,3,1,24,1,17.981809,1.850019,11498,12098,0
82650,5,2,0,8,1,17.981648,1.850014,11500,12098,0
82660,10,0,0,11,1,17.980517,1.849866,11500,12098,0
82670,6,4,0,11,1,17.979257,1.849742,11500,12098,0
82680,5,6,0,12,1,17.978426,1.849659,11500,12098,0
82690,3,8,0,12,1,17.977228,1.849504,11500,12098,0
82700,4,20,0,25,1,17.977013,1.849466,11500,12099,0
82710,8,14,0,23,1,17.978032,1.849583,11500,12108,0
82720,1,19,0,21,1,17.978505,1.849639,11500,12117,0
82730,12,18,0,31,1,17.979349,1.849724,11500,12127,0
82740,6,20,0,27,1,17.979704,1.849772,11500,12128,0
82750,5,16,0,22,1,17.980192,1.849784,11500,12130,0
82760,6,16,0,23,1,17.980739,1.849836,11500,12132,0
82770,13,3,0,17,1,17.980465,1.849795,11500,12132,0
82780,4,9,0,14,1,17.980148,1.849802,11500,12132,0
82790,9,12,0,22,1,17.979565,1.849719,11500,12132,0
82800,12,11,0,24,1,17.980032,1.849772,11500,12132,0
82810,1,2,0,4,1,17.979664,1.849781,11500,12132,0
82820,4,2,0,7,1,17.978163,1.849629,11500,12132,0
82830,6,2,0,9,1,17.976596,1.849475,11500,12132,0
82840,0,0,0,0,0,17.975268,1.849392,11500,12132,0
82850,3,13,0,17,1,17.975110,1.849328,11500,12132,0
82860,15,12,0,28,1,17.975524,1.849350,11500,12132,0
82870,13,4,0,18,1,17.975892,1.849377,11503,12132,0
82880,18,16,0,35,1,17.976879,1.849449,11512,12132,0
82890,12,16,0,29,1,17.978556,1.849618,11514,12132,0
82900,20,18,0,39,1,17.980276,1.849793,11523,12139,0
82910,14,4,0,19,1,17.981243,1.849909,11525,12141,0
82920,14,2,0,17,1,17.982179,1.850010,11529,12141,0
82930,7,7,0,15,1,17.982955,1.850042,11529,12141,0
82940,0,17,0,18,1,17.983259,1.850067,11529,12144,0
82950,11,9,0,21,1,17.984379,1.850153,11529,12149,0
82960,12,4,0,17,1,17.985249,1.850229,11529,12149,0
82970,3,1,0,5,1,17.984262,1.850114,11529,12149,0
82980,4,9,0,14,1,17.983253,1.849972,11529,12149,0
82990,11,12,1,25,1,17.982656,1.849916,11529,12149,0
83000,17,0,0,18,1,17.983528,1.850008,11531,12149,0
83010,9,1,0,11,1,17.983394,1.849983,11533,12149,0
83020,0,0,0,1,1,17.981663,1.849820,11533,12149,0
83030,11,10,0,22,1,17.981142,1.849739,11533,12149,0
83040,19,19,1,40,1,17.982775,1.849884,11536,12152,0
83050,18,19,0,38,1,17.984862,1.850125,11539,12161,0
83060,16,15,1,33,1,17.987310,1.850398,11558,12177,0
83070,4,1,0,6,1,17.987322,1.850441,11569,12177,0
83080,2,3,0,6,1,17.985586,1.850265,11569,12177,0
83090,0,3,0,4,1,17.983773,1.850074,11569,12177,0
83100,2,1,0,4,1,17.981941,1.849884,11569,12177,0
83110,5,7,0,13,1,17.980725,1.849727,11569,12177,0
83120,9,10,0,20,1,17.980454,1.849707,11569,12177,0
83130,7,11,0,19,1,17.981596,1.849816,11569,12178,0
83140,6,12,0,19,1,17.981274,1.849781,11569,12178,0
83150,19,8,0,28,1,17.981533,1.849824,11571,12178,0
83160,20,3,0,24,1,17.982412,1.849931,11583,12178,0
83170,9,8,0,18,1,17.981935,1.849882,11587,12178,0
83180,1,0,0,2,1,17.980306,1.849752,11587,12178,0
83190,9,0,0,10,1,17.978829,1.849598,11587,12178,0
83200,13,12,0,26,1,17.978978,1.849577,11587,12178,0
83210,19,18,0,38,1,17.980849,1.849772,11598,12178,0
83220,14,2,0,17,1,17.981481,1.849861,11601,12178,0
83230,20,18,0,39,1,17.983436,1.850067,11609,12187,0
83240,17,13,0,31,1,17.984998,1.850242,11609,12187,0
83250,17,9,0,27,1,17.986959,1.850446,11625,12188,0
83260,12,20,0,33,1,17.988863,1.850652,11633,12193,0
83270,13,9,0,23,1,17.990497,1.850880,11633,12201,0
83280,16,2,0,19,1,17.990680,1.850887,11633,12201,0
83290,20,8,0,29,1,17.991594,1.851003,11646,12201,0
83300,15,5,0,21,1,17.992679,1.851151,11654,12201,0
83310,20,16,0,37,1,17.994555,1.851352,11671,12205,0
83320,9,7,0,17,1,17.995145,1.851440,11674,12206,0
83330,5,5,0,11,1,17.995540,1.851509,11677,12206,0
83340,18,11,0,30,1,17.995897,1.851514,11677,12206,0
83350,12,5,0,18,1,17.996879,1.851620,11682,12206,0
83360,0,0,0,0,0,17.995851,1.851537,11682,12206,0
83370,8,10,0,19,1,17.994520,1.851396,11682,12206,0
83380,14,1,0,16,1,17.995233,1.851468,11686,12206,0
83390,12,5,0,18,1,17.995069,1.851486,11686,12206,0
83400,2,8,0,11,1,17.994510,1.851447,11686,12206,0
83410,19,14,0,34,1,17.994659,1.851456,11687,12206,0
83420,18,10,0,29,1,17.996103,1.851596,11696,12206,0
83430,19,9,0,29,1,17.997301,1.851724,11700,12206,0
83440,5,4,0,10,1,17.997233,1.851733,11700,12206,0
83450,8,10,0,19,1,17.996968,1.851697,11700,12206,0
83460,3,2,0,6,1,17.995720,1.851613,11700,12206,0
83470,5,3,0,9,1,17.994480,1.851463,11700,12206,0
83480,4,1,0,6,1,17.993124,1.851342,11700,12206,0
83490,2,0,0,3,1,17.991437,1.851196,11700,12206,0
83500,8,6,0,15,1,17.989528,1.851016,11700,12206,0
83510,12,20,0,33,1,17.990522,1.851101,11700,12213,0
83520,0,0,0,1,1,17.990080,1.851110,11700,12218,0
83530,2,1,0,4,1,17.988391,1.850937,11700,12218,0
83540,4,4,0,9,1,17.986765,1.850782,11700,12218,0
83550,0,4,0,5,1,17.985059,1.850611,11700,12218,0
83560,4,0,0,5,1,17.983383,1.850428,11700,12218,0
83570,13,7,0,21,1,17.982239,1.850294,11700,12218,0
83580,15,5,0,21,1,17.982389,1.850292,11702,12218,0
83590,11,10,0,22,1,17.982711,1.850321,11702,12218,0
83600,14,14,0,29,1,17.983603,1.850415,11702,12218,0
83610,13,18,0,32,1,17.983713,1.850436,11702,12218,0
83620,9,13,0,23,1,17.984760,1.850567,11702,12223,0
83630,4,0,0,5,1,17.984246,1.850551,11702,12223,0
83640,8,17,0,26,1,17.983577,1.850465,11702,12223,0
83650,0,3,0,4,1,17.984186,1.850559,11702,12233,0
83660,0,3,0,4,1,17.983033,1.850428,11702,12233,0
83670,2,3,0,6,1,17.981362,1.850247,11702,12233,0
83680,14,11,0,26,1,17.981568,1.850253,11702,12233,0
83690,7,14,0,22,1,17.981331,1.850204,11702,12233,0
83700,1,12,0,14,1,17.981458,1.850238,11702,12233,0
83710,10,4,0,15,1,17.980151,1.850120,11702,12233,0
83720,13,2,0,16,1,17.979629,1.850059,11702,12233,0
83730,15,2,0,18,1,17.979953,1.850091,11707,12233,0
83740,15,13,0,29,1,17.980834,1.850164,11709,12233,0
83750,8,16,0,25,1,17.982082,1.850302,11709,12236,0
83760,3,10,0,14,1,17.982762,1.850404,11709,12236,0
83770,11,6,0,18,1,17.982271,1.850324,11709,12236,0
83780,16,10,0,27,1,17.982856,1.850344,11709,12236,0
83790,12,14,0,27,1,17.984171,1.850466,11709,12244,0
83800,7,11,0,19,1,17.985573,1.850627,11709,12257,0
83810,12,14,0,27,1,17.985596,1.850632,11709,12257,0
83820,16,3,0,20,1,17.986487,1.850708,11710,12257,0
83830,6,0,0,7,1,17.986344,1.850707,11710,12257,0
83840,4,7,0,12,1,17.985101,1.850566,11710,12257,0
83850,0,0,0,0,0,17.983512,1.850389,11710,12257,0
83860,2,2,0,5,1,17.981689,1.850205,11710,12257,0
83870,1,0,0,2,1,17.979848,1.850036,11710,12257,0
83880,0,1,0,2,1,17.978066,1.849837,11710,12257,0
83890,8,3,0,12,1,17.976743,1.849701,11710,12257,0
83900,11,6,0,18,1,17.975302,1.849563,11710,12257,0
83910,13,16,0,30,1,17.976527,1.849678,11714,12257,0
83920,16,18,0,35,1,17.978207,1.849849,11718,12259,0
83930,4,12,0,17,1,17.979103,1.849973,11718,12259,0
83940,14,20,0,35,1,17.980133,1.850036,11718,12259,0
83950,18,16,0,35,1,17.982437,1.850303,11736,12280,0
83960,16,10,0,27,1,17.983701,1.850407,11739,12280,0
83970,20,19,0,40,1,17.985457,1.850588,11740,12302,0
83980,14,17,0,32,1,17.987184,1.850784,11743,12302,0
83990,17,19,0,37,1,17.989159,1.850988,11749,12306,0
84000,7,7,0,15,1,17.990508,1.851154,11756,12311,0
84010,2,9,0,12,1,17.989565,1.851058,11756,12311,0
84020,7,8,0,16,1,17.990104,1.851086,11756,12311,0
84030,9,16,0,26,1,17.990566,1.851139,11756,12315,0
84040,2,3,0,6,1,17.989708,1.851035,11756,12315,0
84050,2,0,0,3,1,17.987872,1.850885,11756,12315,0
84060,8,7,0,16,1,17.986410,1.850726,11756,12315,0
84070,8,20,0,29,1,17.986545,1.850720,11756,12318,0
84080,0,2,0,3,1,17.986690,1.850760,11756,12321,0
84090,1,0,0,2,1,17.984922,1.850604,11756,12321,0
84100,0,9,0,10,1,17.984033,1.850479,11756,12321,0
84110,13,14,0,28,1,17.984066,1.850437,11756,12321,0
84120,17,4,0,22,1,17.984776,1.850524,11757,12321,0
84130,20,5,0,26,1,17.985378,1.850593,11762,12321,0
84140,10,7,0,18,1,17.985945,1.850652,11763,12321,0
84150,12,7,0,20,1,17.985431,1.850575,11763,12321,0
84160,20,11,0,32,1,17.986153,1.850640,11765,12321,0
84170,20,18,0,39,1,17.987418,1.850735,11765,12321,0
84180,3,3,0,7,1,17.988089,1.850813,11765,12321,0
84190,0,8,0,9,1,17.987701,1.850790,11765,12321,0
84200,11,11,0,23,1,17.987998,1.850816,11765,12321,0
84210,16,15,0,32,1,17.988895,1.850870,11765,12321,0
84220,12,14,0,27,1,17.990971,1.851100,11771,12328,0
84230,12,14,0,27,1,17.991369,1.851128,11771,12328,0
84240,5,15,0,21,1,17.992343,1.851240,11771,12339,0
84250,10,7,0,18,1,17.991936,1.851199,11771,12342,0
84260,6,1,0,8,1,17.991235,1.851140,11771,12342,0
84270,4,5,0,10,1,17.990402,1.851057,11771,12342,0
84280,0,0,0,1,1,17.988770,1.850915,11771,12342,0
84290,6,0,0,7,1,17.987366,1.850784,11771,12342,0
84300,8,1,0,10,1,17.986285,1.850664,11771,12342,0
84310,12,1,0,14,1,17.985789,1.850621,11771,12342,0
84320,12,20,0,33,1,17.985909,1.850593,11771,12345,0
84330,9,13,0,23,1,17.987548,1.850771,11771,12357,0
84340,7,8,0,16,1,17.988402,1.850864,11771,12360,0
84350,18,19,0,38,1,17.990020,1.851003,11777,12368,0
84360,17,20,0,38,1,17.991825,1.851187,11779,12374,0
84370,3,2,0,6,1,17.992796,1.851326,11779,12374,0
84380,12,9,0,22,1,17.991657,1.851203,11779,12374,0
84390,4,9,0,14,1,17.991436,1.851164,11779,12374,0
84400,9,20,0,30,1,17.992354,1.851223,11779,12385,0
84410,14,19,0,34,1,17.992937,1.851270,11779,12391,0
84420,18,4,0,23,1,17.993483,1.851313,11779,12399,0
84430,14,16,0,31,1,17.994525,1.851407,11782,12399,0
84440,20,5,0,26,1,17.995685,1.851545,11787,12399,0
84450,9,15,0,25,1,17.997089,1.851688,11793,12400,0
84460,10,12,0,23,1,17.997661,1.851763,11793,12402,0
84470,15,13,0,29,1,17.998324,1.851825,11793,12402,0
84480,12,11,0,24,1,17.999643,1.851945,11793,12402,0
84490,8,13,0,22,1,18.000417,1.852007,11793,12402,0
84500,8,17,0,26,1,18.001596,1.852129,11793,12411,0
84510,5,9,0,15,1,18.001916,1.852149,11793,12411,0
84520,20,18,0,39,1,18.003159,1.852257,11799,12423,0
84530,16,14,0,31,1,18.005564,1.852529,11820,12434,0
84540,6,7,0,14,1,18.006156,1.852579,11820,12434,0
84550,20,17,0,38,1,18.007384,1.852659,11823,12441,0
84560,10,11,0,22,1,18.008879,1.852827,11828,12441,0
84570,5,6,0,12,1,18.009303,1.852884,11828,12441,0
84580,8,8,0,17,1,18.009181,1.852836,11828,12441,0
84590,4,6,0,11,1,18.008696,1.852800,11828,12441,0
84600,9,0,0,10,1,18.007266,1.852662,11828,12441,0
84610,3,12,0,16,1,18.007030,1.852632,11828,12441,0
84620,5,14,0,20,1,18.007250,1.852635,11828,12442,0
84630,13,18,0,32,1,18.008314,1.852702,11828,12449,0
84640,20,11,0,32,1,18.009897,1.852845,11832,12453,0
84650,10,14,0,25,1,18.011224,1.853013,11845,12453,0
84660,11,15,0,27,1,18.011983,1.853078,11845,12453,0
84670,14,6,0,21,1,18.012969,1.853198,11845,12456,0
84680,5,0,0,6,1,18.012664,1.853170,11845,12456,0
84690,16,10,0,27,1,18.011840,1.853058,11845,12456,0
84700,5,4,0,10,1,18.012339,1.853137,11845,12456,0
84710,0,0,0,0,0,18.010953,1.853038,11845,12456,0
84720,0,0,0,0,0,18.009498,1.852884,11845,12456,0
84730,6,16,0,23,1,18.009281,1.852826,11845,12456,0
84740,6,12,0,19,1,18.010206,1.852910,11845,12456,0
84750,14,16,0,31,1,18.011151,1.852995,11845,12456,0
84760,6,20,0,27,1,18.011973,1.853084,11845,12467,0
84770,7,4,0,12,1,18.012652,1.853157,11845,12480,0
84780,4,2,0,7,1,18.011333,1.853053,11845,12480,0
84790,2,0,0,3,1,18.010036,1.852929,11845,12480,0
84800,0,0,0,1,1,18.008332,1.852763,11845,12480,0
84810,12,5,0,18,1,18.007222,1.852667,11845,12480,0
84820,14,2,0,17,1,18.007163,1.852680,11850,12480,0
84830,6,7,0,14,1,18.006910,1.852634,11850,12480,0
84840,1,14,0,16,1,18.006208,1.852544,11850,12480,0
84850,12,14,0,27,1,18.006013,1.852522,11850,12480,0
84860,1,9,0,11,1,18.006716,1.852647,11850,12480,0
84870,5,0,0,6,1,18.005153,1.852479,11850,12480,0
84880,5,19,0,25,1,18.004505,1.852420,11850,12480,0
84890,12,14,0,27,1,18.005272,1.852484,11850,12480,0
84900,19,20,0,40,1,18.007143,1.852663,11859,12482,0
84910,17,9,0,27,1,18.008996,1.852861,11868,12493,0
84920,10,8,0,19,1,18.009506,1.852927,11868,12493,0
84930,7,1,0,9,1,18.008914,1.852878,11868,12493,0
84940,1,8,0,10,1,18.007996,1.852798,11868,12493,0
84950,4,4,0,9,1,18.007208,1.852694,11868,12493,0
84960,19,16,0,36,1,18.008062,1.852742,11870,12493,0
84970,19,20,0,40,1,18.010022,1.852951,11877,12494,0
84980,13,13,0,27,1,18.012054,1.853201,11887,12502,0
84990,19,13,0,33,1,18.013401,1.853306,11890,12502,0
85000,11,3,0,15,1,18.013820,1.853377,11891,12502,0
85010,5,11,0,17,1,18.012994,1.853277,11891,12502,0
85020,6,17,0,24,1,18.013527,1.853318,11891,12502,0
85030,5,17,0,23,1,18.014060,1.853396,11891,12503,0
85040,9,11,0,21,1,18.014695,1.853473,11891,12503,0
85050,12,6,0,19,1,18.014923,1.853497,11891,12503,0
85060,0,0,0,0,0,18.013822,1.853391,11891,12503,0
85070,3,4,0,8,1,18.012219,1.853251,11891,12503,0
85080,9,6,0,16,1,18.010942,1.853111,11891,12503,0
85090,19,18,0,38,1,18.011687,1.853166,11891,12511,0
85100,11,3,0,15,1,18.013182,1.853365,11896,12517,0
85110,15,2,0,18,1,18.012475,1.853286,11896,12517,0
85120,18,3,0,22,1,18.012855,1.853296,11900,12517,0
85130,19,7,0,27,1,18.012556,1.853243,11900,12517,0
85140,13,13,0,27,1,18.014192,1.853437,11920,12517,0
85150,7,7,0,15,1,18.015283,1.853554,11920,12520,0
85160,0,1,0,2,1,18.014040,1.853460,11920,12520,0
85170,13,7,0,21,1,18.012806,1.853320,11920,12520,0
85180,10,0,0,11,1,18.013327,1.853381,11924,12520,0
85190,12,2,0,15,1,18.013086,1.853316,11924,12520,0
85200,1,3,0,5,1,18.011738,1.853167,11924,12520,0
85210,10,6,0,17,1,18.011305,1.853132,11924,12520,0
85220,20,15,0,36,1,18.011955,1.853150,11930,12520,0
85230,20,20,0,41,1,18.014197,1.853381,11943,12526,0
85240,11,12,0,24,1,18.015889,1.853569,11951,12530,0
85250,3,9,0,13,1,18.016288,1.853617,11951,12534,0
85260,5,1,0,7,1,18.014875,1.853456,11951,12534,0
85270,4,15,0,20,1,18.014571,1.853412,11951,12534,0
85280,4,12,0,17,1,18.015086,1.853461,11951,12536,0
85290,10,17,0,28,1,18.015300,1.853450,11951,12536,0
85300,19,17,0,37,1,18.017078,1.853613,11956,12543,0
85310,16,4,0,21,1,18.017861,1.853726,11963,12543,0
85320,11,10,0,22,1,18.017617,1.853699,11963,12543,0
85330,6,8,0,15,1,18.016881,1.853632,11963,12543,0
85340,1,4,0,6,1,18.016367,1.853587,11963,12543,0
85350,1,3,0,5,1,18.014604,1.853412,11963,12543,0
85360,5,10,0,16,1,18.013563,1.853286,11963,12543,0
85370,5,8,0,14,1,18.013549,1.853311,11963,12543,0
85380,6,17,0,24,1,18.013789,1.853323,11963,12543,0
85390,17,18,0,36,1,18.015467,1.853492,11966,12546,0
85400,19,14,0,34,1,18.017327,1.853681,11978,12547,0
85410,16,19,0,36,1,18.019143,1.853866,11984,12549,0
85420,16,20,0,37,1,18.020970,1.854053,11986,12560,0
85430,18,17,0,36,1,18.022511,1.854200,11987,12563,0
85440,2,10,0,13,1,18.024015,1.854396,11991,12581,0
85450,3,2,0,6,1,18.022730,1.854277,11991,12581,0
85460,2,2,0,5,1,18.021012,1.854119,11991,12581,0
85470,10,14,0,25,1,18.020905,1.854088,11991,12581,0
85480,16,16,0,33,1,18.022275,1.854205,11991,12588,0
85490,19,18,0,38,1,18.024439,1.854437,11995,12597,0
85500,10,18,0,29,1,18.025889,1.854589,12002,12601,0
85510,2,15,0,18,1,18.026942,1.854731,12002,12602,0
85520,0,10,0,11,1,18.026904,1.854712,12002,12609,0
85530,14,10,0,25,1,18.026302,1.854633,12002,12609,0
85540,20,19,0,40,1,18.027968,1.854767,12010,12611,0
85550,11,14,0,26,1,18.029178,1.854901,12010,12617,0
85560,17,9,0,27,1,18.030091,1.854988,12010,12617,0
85570,11,4,0,16,1,18.030784,1.855064,12014,12617,0
85580,2,1,0,4,1,18.029568,1.854973,12014,12617,0
85590,4,8,0,13,1,18.028713,1.854877,12014,12617,0
85600,2,12,0,15,1,18.028534,1.854879,12014,12617,0
85610,7,7,0,15,1,18.027752,1.854817,12014,12617,0
85620,14,15,0,30,1,18.028754,1.854876,12014,12617,0
85630,20,17,0,38,1,18.030440,1.855056,12020,12617,0
85640,4,9,0,14,1,18.031992,1.855241,12028,12622,0
85650,0,0,0,1,1,18.030588,1.855103,12028,12622,0
85660,5,3,0,9,1,18.029488,1.854973,12028,12622,0
85670,3,0,0,4,1,18.027832,1.854814,12028,12622,0
85680,7,1,0,9,1,18.026170,1.854679,12028,12622,0
85690,7,11,0,19,1,18.025040,1.854528,12028,12622,0
85700,6,13,0,20,1,18.025566,1.854569,12028,12624,0
85710,12,7,0,20,1,18.024957,1.854500,12028,12624,0
85720,17,15,0,33,1,18.026740,1.854648,12033,12627,0
85730,15,14,0,30,1,18.028204,1.854826,12040,12627,0
85740,18,19,0,38,1,18.030194,1.855051,12054,12628,0
85750,11,4,0,16,1,18.030984,1.855133,12054,12628,0
85760,1,5,0,7,1,18.029884,1.855051,12054,12628,0
85770,15,5,0,21,1,18.029609,1.855001,12054,12628,0
85780,15,14,0,30,1,18.030881,1.855124,12063,12631,0
85790,16,9,0,26,1,18.032635,1.855316,12068,12633,0
85800,11,17,0,29,1,18.033156,1.855363,12068,12633,0
85810,11,15,0,27,1,18.034857,1.855552,12069,12656,0
85820,2,15,0,18,1,18.034898,1.855599,12069,12656,0
85830,9,12,0,22,1,18.034687,1.855584,12069,12656,0
85840,6,6,0,13,1,18.033952,1.855527,12069,12656,0
85850,4,9,0,14,1,18.032966,1.855439,12069,12656,0
85860,15,11,0,27,1,18.033072,1.855422,12069,12656,0
85870,4,12,0,17,1,18.034129,1.855522,12069,12664,0
85880,14,14,0,29,1,18.034803,1.855587,12069,12676,0
85890,11,16,0,28,1,18.036349,1.855742,12069,12684,0
85900,17,15,0,33,1,18.037846,1.855897,12069,12687,0
85910,10,19,0,30,1,18.039668,1.856084,12073,12705,0
85920,3,14,0,18,1,18.039636,1.856066,12073,12707,0
85930,14,12,0,27,1,18.040421,1.856136,12073,12707,0
85940,0,2,0,3,1,18.040220,1.856143,12073,12707,0
85950,6,2,0,9,1,18.038932,1.856015,12073,12707,0
85960,1,0,0,2,1,18.037121,1.855865,12073,12707,0
85970,12,12,0,25,1,18.037802,1.855931,12073,12708,0
85980,3,14,0,18,1,18.038054,1.855968,12073,12708,0
85990,9,15,0,25,1,18.038834,1.856035,12073,12708,0
86000,6,11,0,18,1,18.039436,1.856100,12073,12708,0
86010,5,10,0,16,1,18.039206,1.856024,12073,12708,0
86020,15,10,0,26,1,18.039600,1.856044,12073,12708,0
86030,18,15,0,34,1,18.041492,1.856255,12095,12712,0
86040,5,11,0,17,1,18.042110,1.856304,12103,12712,0
86050,9,6,0,16,1,18.041930,1.856292,12103,12712,0
86060,1,11,0,13,1,18.042154,1.856300,12103,12718,0
86070,1,4,0,6,1,18.040711,1.856179,12103,12718,0
86080,8,8,0,17,1,18.039724,1.856053,12103,12718,0
86090,13,8,0,22,1,18.039234,1.856010,12103,12718,0
86100,16,4,0,21,1,18.039353,1.855994,12106,12718,0
86110,17,9,0,27,1,18.039692,1.856005,12111,12718,0
86120,2,1,0,4,1,18.040141,1.856065,12117,12718,0
86130,0,0,0,0,0,18.038279,1.855904,12117,12718,0
86140,0,0,0,1,1,18.036350,1.855722,12117,12718,0
86150,4,14,1,20,1,18.036224,1.855658,12117,12718,0
86160,0,0,0,0,0,18.035272,1.855590,12117,12718,0
86170,0,1,0,2,1,18.033882,1.855440,12117,12718,0
86180,0,0,0,1,1,18.032460,1.855303,12117,12718,0
86190,3,8,0,12,1,18.031672,1.855185,12117,12718,0
86200,8,10,0,19,1,18.031353,1.855111,12117,12718,0
86210,19,20,0,40,1,18.032571,1.855236,12117,12725,0
86220,18,19,0,38,1,18.034174,1.855391,12124,12728,0
86230,16,14,0,31,1,18.036200,1.855624,12125,12734,0
86240,15,15,0,31,1,18.038266,1.855883,12136,12748,0
86250,15,16,0,32,1,18.039857,1.856074,12136,12748,0
86260,2,4,0,7,1,18.040739,1.856196,12136,12751,0
86270,7,9,0,17,1,18.039711,1.856087,12136,12751,0
86280,15,16,1,33,1,18.039820,1.856094,12136,12751,0
86290,14,20,0,35,1,18.041218,1.856249,12136,12764,0
86300,20,4,0,25,1,18.042416,1.856395,12142,12769,0
86310,17,2,0,20,1,18.041970,1.856352,12143,12769,0
86320,12,12,0,25,1,18.041525,1.856262,12143,12769,0
86330,5,12,0,18,1,18.042483,1.856379,12143,12775,0
86340,0,11,0,12,1,18.042141,1.856364,12143,12775,0
86350,4,8,0,13,1,18.041747,1.856315,12143,12775,0
86360,2,18,0,21,1,18.041650,1.856290,12143,12775,0
86370,2,6,0,9,1,18.041586,1.856281,12143,12777,0
86380,6,12,0,19,1,18.041359,1.856252,12143,12777,0
86390,4,1,0,6,1,18.040271,1.856143,12143,12777,0
86400,1,3,0,5,1,18.038994,1.855990,12143,12777,0
