Tempo(s),Fila1,Fila2,Fila3,TotalSistema,ServidorOcupado,E[N],E[W],PerdasF1,PerdasF2,PerdasF3
10,0,0,0,0,0,3.217471,0.392375,0,0,0
20,2,0,0,3,1,2.618874,0.337919,0,0,0
30,1,1,1,4,1,2.586100,0.331551,0,0,0
40,1,0,0,2,1,4.899895,0.616339,0,0,0
50,1,0,0,2,1,4.416552,0.538604,0,0,0
60,0,0,0,0,0,3.948763,0.493595,0,0,0
70,0,3,1,5,1,4.339437,0.537629,0,0,0
80,0,0,0,1,1,4.034595,0.498868,0,0,0
90,0,1,1,3,1,3.743468,0.465348,0,0,0
100,1,3,1,6,1,3.618670,0.450644,0,0,0
110,0,0,1,2,1,3.780899,0.472612,0,0,0
120,1,3,2,7,1,3.934969,0.484304,0,0,0
130,0,1,0,2,1,3.723616,0.465452,0,0,0
140,0,0,0,0,0,3.560646,0.450308,0,0,0
150,5,3,0,9,1,3.556076,0.445252,0,0,0
160,1,0,1,3,1,3.588774,0.449299,0,0,0
170,1,0,0,2,1,3.475002,0.440859,0,0,0
180,0,0,0,0,0,3.614894,0.456939,0,0,0
190,0,2,7,10,1,3.650839,0.453966,0,0,0
200,0,2,2,5,1,3.694512,0.459802,0,0,0
210,1,0,0,2,1,3.837770,0.477731,0,0,0
220,2,0,1,4,1,3.788742,0.470917,0,0,0
230,0,1,1,3,1,3.793065,0.470553,0,0,0
240,2,0,1,4,1,3.683950,0.458108,0,0,0
250,0,0,0,0,0,3.605360,0.449322,0,0,0
260,0,0,0,1,1,3.536148,0.442444,0,0,0
270,0,0,2,3,1,3.476411,0.436167,0,0,0
280,0,2,0,3,1,3.459485,0.433597,0,0,0
290,3,0,1,5,1,3.420981,0.428176,0,0,0
300,0,0,0,1,1,3.420868,0.429218,0,0,0
310,0,0,0,1,1,3.356087,0.422750,0,0,0
320,3,7,7,18,1,3.468717,0.435974,0,0,0
330,0,0,0,1,1,3.600381,0.453310,0,0,0
340,0,0,2,3,1,3.552934,0.448237,0,0,0
350,0,0,0,1,1,3.508214,0.445043,0,0,0
360,1,2,1,5,1,3.477097,0.441225,0,0,0
370,3,0,0,4,1,3.463686,0.440703,0,0,0
380,0,0,0,1,1,3.431540,0.439644,0,0,0
390,0,1,0,2,1,3.422352,0.437325,0,0,0
400,1,3,0,5,1,3.407583,0.436310,0,0,0
410,0,1,0,2,1,3.399667,0.434225,0,0,0
420,0,0,0,0,0,3.352147,0.429500,0,0,0
430,0,0,0,0,0,3.327678,0.425864,0,0,0
440,0,0,1,2,1,3.287985,0.422398,0,0,0
450,0,0,0,1,1,3.258200,0.417718,0,0,0
460,0,0,0,0,0,3.233958,0.414033,0,0,0
470,0,0,3,4,1,3.262720,0.417500,0,0,0
480,0,0,0,0,0,3.287023,0.420179,0,0,0
490,4,3,1,9,1,3.251073,0.415825,0,0,0
500,0,0,0,0,0,3.302908,0.423667,0,0,0
510,0,0,0,0,0,3.258411,0.418692,0,0,0
520,1,2,2,6,1,3.303536,0.422905,0,0,0
530,0,0,0,1,1,3.473267,0.444645,0,0,0
540,0,4,3,8,1,3.458174,0.442830,0,0,0
550,2,1,3,7,1,3.445977,0.440970,0,0,0
560,0,1,0,2,1,3.414810,0.437496,0,0,0
570,1,1,0,3,1,3.377861,0.434133,0,0,0
580,3,2,6,12,1,3.484587,0.446742,0,0,0
590,3,1,0,5,1,3.488204,0.447595,0,0,0
600,0,1,0,2,1,3.458747,0.443524,0,0,0
610,0,0,0,1,1,3.430312,0.439784,0,0,0
620,0,0,0,0,0,3.417292,0.437843,0,0,0
630,0,0,0,0,0,3.443216,0.439738,0,0,0
640,2,0,0,3,1,3.419670,0.436757,0,0,0
650,5,6,1,13,1,3.466645,0.441827,0,0,0
660,1,3,7,12,1,3.592005,0.457757,0,0,0
670,0,0,2,3,1,3.629326,0.461852,0,0,0
680,0,0,0,0,0,3.618020,0.459946,0,0,0
690,0,0,1,2,1,3.588649,0.455932,0,0,0
700,0,0,0,0,0,3.611896,0.458529,0,0,0
710,3,1,4,9,1,3.633148,0.460467,0,0,0
720,1,0,0,2,1,3.732291,0.472525,0,0,0
730,0,1,0,2,1,3.719002,0.470352,0,0,0
740,0,0,0,1,1,3.690542,0.466758,0,0,0
750,0,1,1,3,1,3.729217,0.470940,0,0,0
760,0,1,0,2,1,3.692538,0.468190,0,0,0
770,0,0,2,3,1,3.668459,0.465280,0,0,0
780,0,0,0,0,0,3.649424,0.463155,0,0,0
790,1,0,0,2,1,3.623855,0.459673,0,0,0
800,4,3,7,15,1,3.612416,0.459011,0,0,0
810,0,0,0,1,1,3.644502,0.463211,0,0,0
820,0,0,0,0,0,3.614420,0.460794,0,0,0
830,0,0,0,1,1,3.599446,0.458845,0,0,0
840,0,0,0,1,1,3.582974,0.457262,0,0,0
850,5,0,0,6,1,3.595934,0.458184,0,0,0
860,2,0,0,3,1,3.585640,0.456499,0,0,0
870,0,0,0,0,0,3.562255,0.454356,0,0,0
880,0,0,0,0,0,3.554843,0.453898,0,0,0
890,3,6,1,11,1,3.552008,0.453752,0,0,0
900,2,1,0,4,1,3.584650,0.456708,0,0,0
910,2,6,0,9,1,3.603085,0.458382,0,0,0
920,0,0,0,0,0,3.604634,0.458427,0,0,0
930,0,0,0,1,1,3.588864,0.456461,0,0,0
940,0,0,0,0,0,3.567140,0.453307,0,0,0
950,0,0,0,0,0,3.557058,0.451705,0,0,0
960,5,0,2,8,1,3.617497,0.457790,0,0,0
970,0,0,0,1,1,3.614984,0.457474,0,0,0
980,0,0,1,2,1,3.644282,0.460469,0,0,0
990,0,0,1,2,1,3.645497,0.460278,0,0,0
1000,0,0,0,0,0,3.632743,0.458911,0,0,0
1010,1,0,0,2,1,3.634257,0.459169,0,0,0
1020,0,0,0,1,1,3.629514,0.458238,0,0,0
1030,0,4,0,5,1,3.647888,0.460231,0,0,0
1040,2,4,3,10,1,3.652254,0.459347,0,0,0
1050,2,1,2,6,1,3.673199,0.462176,0,0,0
1060,0,0,0,1,1,3.676163,0.462191,0,0,0
1070,0,1,0,2,1,3.659205,0.459656,0,0,0
1080,2,3,2,8,1,3.650990,0.458337,0,0,0
1090,0,0,0,0,0,3.661811,0.459624,0,0,0
1100,0,0,0,0,0,3.640531,0.457928,0,0,0
1110,3,0,3,7,1,3.663971,0.460121,0,0,0
1120,1,0,1,3,1,3.673963,0.461874,0,0,0
1130,0,0,0,1,1,3.664648,0.460475,0,0,0
1140,2,3,4,10,1,3.655462,0.459502,0,0,0
1150,2,0,3,6,1,3.666203,0.460427,0,0,0
1160,0,2,2,5,1,3.682852,0.461900,0,0,0
1170,0,1,1,3,1,3.675139,0.460327,0,0,0
1180,0,2,0,3,1,3.654902,0.457833,0,0,0
1190,5,1,2,9,1,3.647284,0.457015,0,0,0
1200,0,0,0,1,1,3.669793,0.459059,0,0,0
1210,2,5,2,10,1,3.715650,0.463833,0,0,0
1220,0,0,0,1,1,3.724478,0.464940,0,0,0
1230,0,0,0,1,1,3.704359,0.462716,0,0,0
1240,2,1,1,5,1,3.686866,0.460673,0,0,0
1250,0,0,1,2,1,3.689975,0.461109,0,0,0
1260,0,1,1,3,1,3.685874,0.460643,0,0,0
1270,0,0,0,0,0,3.666103,0.457902,0,0,0
1280,0,1,2,4,1,3.653065,0.456544,0,0,0
1290,3,2,3,9,1,3.639981,0.455130,0,0,0
1300,0,0,0,1,1,3.659389,0.457952,0,0,0
1310,0,0,0,0,0,3.652744,0.457510,0,0,0
1320,0,0,0,0,0,3.634215,0.456048,0,0,0
1330,1,2,1,5,1,3.644900,0.456686,0,0,0
1340,4,2,3,10,1,3.669886,0.459121,0,0,0
1350,0,1,0,2,1,3.673988,0.459802,0,0,0
1360,0,0,1,2,1,3.653845,0.457445,0,0,0
1370,0,2,0,3,1,3.695303,0.461871,0,0,0
1380,1,7,5,14,1,3.764048,0.469570,0,0,0
1390,1,0,0,2,1,3.768430,0.470124,0,0,0
1400,4,4,1,10,1,3.775421,0.470751,0,0,0
1410,3,1,0,5,1,3.787714,0.472501,0,0,0
1420,0,0,0,0,0,3.794875,0.473567,0,0,0
1430,2,9,2,14,1,3.795862,0.473489,0,0,0
1440,0,9,1,11,1,3.879418,0.483584,0,0,0
1450,3,7,4,15,1,3.966892,0.493860,0,0,0
1460,0,0,0,0,0,4.049613,0.503958,0,0,0
1470,0,0,0,0,0,4.038973,0.502649,0,0,0
1480,3,3,3,10,1,4.056836,0.504717,0,0,0
1490,3,4,1,9,1,4.063177,0.504932,0,0,0
1500,6,0,2,9,1,4.072318,0.505543,0,0,0
1510,0,4,0,5,1,4.104040,0.509295,0,0,0
1520,0,1,1,3,1,4.111710,0.509855,0,0,0
1530,1,0,0,2,1,4.096117,0.507989,0,0,0
1540,5,3,4,13,1,4.097948,0.508447,0,0,0
1550,0,0,0,1,1,4.089291,0.507559,0,0,0
1560,0,1,0,2,1,4.075933,0.506206,0,0,0
1570,0,0,0,0,0,4.059017,0.504805,0,0,0
1580,2,2,8,13,1,4.074356,0.506609,0,0,0
1590,0,0,2,3,1,4.096460,0.509454,0,0,0
1600,1,4,1,7,1,4.091145,0.508809,0,0,0
1610,0,1,2,4,1,4.083009,0.508088,0,0,0
1620,0,0,0,0,0,4.066179,0.506280,0,0,0
1630,4,0,0,5,1,4.058837,0.505455,0,0,0
1640,1,1,1,4,1,4.056376,0.505506,0,0,0
1650,2,1,1,5,1,4.048276,0.504429,0,0,0
1660,0,0,0,1,1,4.039405,0.503409,0,0,0
1670,0,0,2,3,1,4.041302,0.503467,0,0,0
1680,0,0,0,0,0,4.051178,0.504595,0,0,0
1690,0,0,2,3,1,4.042990,0.503772,0,0,0
1700,0,0,0,0,0,4.028433,0.502520,0,0,0
1710,0,0,0,1,1,4.017159,0.501339,0,0,0
1720,0,0,0,1,1,4.004737,0.500156,0,0,0
1730,3,4,6,14,1,4.045116,0.504764,0,0,0
1740,0,0,0,1,1,4.048508,0.505265,0,0,0
1750,0,0,0,1,1,4.046477,0.505016,0,0,0
1760,0,0,0,1,1,4.045321,0.504805,0,0,0
1770,0,0,0,1,1,4.033925,0.503672,0,0,0
1780,4,5,2,12,1,4.020743,0.502417,0,0,0
1790,2,3,1,7,1,4.027147,0.503288,0,0,0
1800,7,6,7,21,1,4.080909,0.509724,0,0,0
1810,0,3,1,5,1,4.086463,0.510984,0,0,0
1820,2,1,0,4,1,4.078766,0.509951,0,0,0
1830,0,0,0,0,0,4.063052,0.508333,0,0,0
1840,0,0,2,3,1,4.050228,0.506450,0,0,0
1850,0,0,0,0,0,4.040498,0.505746,0,0,0
1860,0,1,0,2,1,4.031314,0.504558,0,0,0
1870,0,1,1,3,1,4.026245,0.504157,0,0,0
1880,0,0,0,0,0,4.010989,0.502677,0,0,0
1890,3,0,1,5,1,4.007245,0.502434,0,0,0
1900,5,7,2,15,1,4.017467,0.503243,0,0,0
1910,1,2,4,8,1,4.021932,0.503664,0,0,0
1920,2,0,0,3,1,4.013270,0.502969,0,0,0
1930,1,4,2,8,1,4.016054,0.502984,0,0,0
1940,3,0,1,5,1,4.026452,0.504249,0,0,0
1950,2,4,1,8,1,4.019579,0.503771,0,0,0
1960,1,4,3,9,1,4.030491,0.504842,0,0,0
1970,0,0,0,0,0,4.056838,0.508104,0,0,0
1980,0,2,1,4,1,4.054599,0.507787,0,0,0
1990,0,0,0,0,0,4.044728,0.506546,0,0,0
2000,1,3,0,5,1,4.029610,0.505249,0,0,0
2010,1,0,0,2,1,4.019706,0.503873,0,0,0
2020,0,0,0,1,1,4.012707,0.503364,0,0,0
2030,0,0,1,2,1,3.998609,0.501680,0,0,0
2040,2,3,6,12,1,4.003658,0.501995,0,0,0
2050,0,0,2,3,1,4.015265,0.503074,0,0,0
2060,0,0,0,0,0,4.001735,0.501892,0,0,0
2070,0,0,1,2,1,3.993674,0.500782,0,0,0
2080,0,0,1,2,1,3.989506,0.500041,0,0,0
2090,0,0,0,1,1,3.986218,0.499682,0,0,0
2100,0,0,0,0,0,3.986505,0.499980,0,0,0
2110,0,0,0,1,1,3.988515,0.499986,0,0,0
2120,1,0,0,2,1,3.980006,0.498854,0,0,0
2130,5,8,5,19,1,3.997112,0.500756,0,0,0
2140,1,1,0,3,1,4.006170,0.501885,0,0,0
2150,3,1,8,13,1,4.026999,0.503961,0,0,0
2160,0,0,6,7,1,4.081791,0.510697,0,0,0
2170,0,3,0,4,1,4.075549,0.510090,0,0,0
2180,0,1,3,5,1,4.066229,0.509271,0,0,0
2190,2,3,4,10,1,4.066334,0.509309,0,0,0
2200,0,0,0,0,0,4.069723,0.510078,0,0,0
2210,3,1,0,5,1,4.059827,0.508889,0,0,0
2220,0,0,0,1,1,4.059240,0.509125,0,0,0
2230,4,1,0,6,1,4.058065,0.508712,0,0,0
2240,0,0,0,0,0,4.056759,0.508628,0,0,0
2250,0,0,0,1,1,4.049794,0.508002,0,0,0
2260,2,2,6,11,1,4.047728,0.507651,0,0,0
2270,1,8,5,15,1,4.123742,0.516606,0,0,0
2280,2,1,2,6,1,4.123488,0.516569,0,0,0
2290,0,0,0,0,0,4.116654,0.515736,0,0,0
2300,3,0,5,9,1,4.109773,0.514449,0,0,0
2310,0,0,0,0,0,4.107312,0.514026,0,0,0
2320,2,1,2,6,1,4.096808,0.513069,0,0,0
2330,0,4,8,13,1,4.137909,0.517933,0,0,0
2340,1,0,2,4,1,4.138843,0.518269,0,0,0
2350,2,0,0,3,1,4.131413,0.517555,0,0,0
2360,0,0,0,0,0,4.120375,0.516168,0,0,0
2370,3,0,1,5,1,4.107579,0.514914,0,0,0
2380,0,1,1,3,1,4.096210,0.513726,0,0,0
2390,0,0,0,0,0,4.089699,0.512822,0,0,0
2400,0,0,0,1,1,4.086549,0.512206,0,0,0
2410,1,0,1,3,1,4.076421,0.510877,0,0,0
2420,3,0,3,7,1,4.085516,0.511747,0,0,0
2430,0,0,1,2,1,4.081363,0.511064,0,0,0
2440,0,1,0,2,1,4.068228,0.509703,0,0,0
2450,1,2,0,4,1,4.057339,0.508725,0,0,0
2460,0,0,0,0,0,4.049955,0.507896,0,0,0
2470,0,0,0,0,0,4.038965,0.506717,0,0,0
2480,1,0,1,3,1,4.035350,0.506051,0,0,0
2490,0,3,6,10,1,4.035381,0.505896,0,0,0
2500,7,4,2,14,1,4.034415,0.505591,0,0,0
2510,0,0,0,1,1,4.038798,0.506363,0,0,0
2520,0,0,1,2,1,4.036793,0.505904,0,0,0
2530,0,0,0,1,1,4.027765,0.504993,0,0,0
2540,0,3,2,6,1,4.030810,0.505318,0,0,0
2550,2,0,0,3,1,4.020437,0.504111,0,0,0
2560,4,1,3,9,1,4.015657,0.503457,0,0,0
2570,4,5,0,10,1,4.018771,0.503817,0,0,0
2580,1,1,2,5,1,4.017079,0.503379,0,0,0
2590,1,0,1,3,1,4.023973,0.504067,0,0,0
2600,1,0,7,9,1,4.026762,0.504096,0,0,0
2610,0,0,0,0,0,4.023017,0.503770,0,0,0
2620,2,1,1,5,1,4.012630,0.502658,0,0,0
2630,5,1,4,11,1,4.005631,0.502016,0,0,0
2640,0,0,1,2,1,4.014211,0.503110,0,0,0
2650,0,0,0,1,1,4.007275,0.502022,0,0,0
2660,4,0,0,5,1,4.003522,0.501430,0,0,0
2670,0,0,0,0,0,4.008261,0.502020,0,0,0
2680,0,0,0,0,0,4.011569,0.502360,0,0,0
2690,1,3,1,6,1,4.007453,0.501818,0,0,0
2700,0,0,1,2,1,4.005895,0.501480,0,0,0
2710,1,0,6,8,1,4.015094,0.502049,0,0,0
2720,0,0,0,0,0,4.006682,0.501296,0,0,0
2730,1,1,0,3,1,4.001886,0.500786,0,0,0
2740,0,0,0,0,0,3.999376,0.500653,0,0,0
2750,0,0,0,0,0,4.000198,0.500639,0,0,0
2760,0,0,1,2,1,3.995473,0.500023,0,0,0
2770,0,0,0,1,1,3.988071,0.499094,0,0,0
2780,0,0,0,1,1,3.990886,0.499400,0,0,0
2790,0,2,1,4,1,3.987110,0.498948,0,0,0
2800,0,1,0,2,1,3.988964,0.498999,0,0,0
2810,2,10,2,15,1,4.013080,0.501724,0,0,0
2820,0,0,0,0,0,4.026891,0.503361,0,0,0
2830,1,2,3,7,1,4.020496,0.502584,0,0,0
2840,4,4,0,9,1,4.038271,0.504695,0,0,0
2850,0,0,0,0,0,4.031671,0.504136,0,0,0
2860,0,2,4,7,1,4.035895,0.504421,0,0,0
2870,1,0,2,4,1,4.037821,0.504244,0,0,0
2880,0,0,0,1,1,4.045906,0.505124,0,0,0
2890,1,5,0,7,1,4.038282,0.504044,0,0,0
2900,1,6,0,8,1,4.068209,0.507454,0,0,0
2910,2,7,5,15,1,4.106087,0.512029,0,0,0
2920,0,0,0,0,0,4.108454,0.512460,0,0,0
2930,1,6,1,9,1,4.106781,0.512364,0,0,0
2940,0,0,0,0,0,4.100492,0.511909,0,0,0
2950,0,0,0,1,1,4.092249,0.510903,0,0,0
2960,0,0,0,1,1,4.082224,0.509740,0,0,0
2970,2,4,1,8,1,4.076011,0.509116,0,0,0
2980,0,0,0,1,1,4.071082,0.508587,0,0,0
2990,2,5,0,8,1,4.068073,0.507957,0,0,0
3000,0,0,0,0,0,4.066304,0.507611,0,0,0
3010,5,0,0,6,1,4.069223,0.507746,0,0,0
3020,0,2,2,5,1,4.069976,0.507612,0,0,0
3030,1,9,5,16,1,4.087301,0.509462,0,0,0
3040,0,2,0,3,1,4.087752,0.509753,0,0,0
3050,0,0,0,1,1,4.079459,0.508744,0,0,0
3060,2,2,1,6,1,4.077840,0.508484,0,0,0
3070,1,3,6,11,1,4.078020,0.508304,0,0,0
3080,0,0,1,2,1,4.076006,0.508181,0,0,0
3090,0,0,0,0,0,4.066166,0.507040,0,0,0
3100,0,0,0,1,1,4.057842,0.506271,0,0,0
3110,0,0,0,1,1,4.050889,0.505670,0,0,0
3120,0,5,1,7,1,4.056149,0.506167,0,0,0
3130,0,0,1,2,1,4.054108,0.505673,0,0,0
3140,0,0,0,0,0,4.050867,0.505172,0,0,0
3150,1,0,0,2,1,4.045633,0.504563,0,0,0
3160,0,0,2,3,1,4.036577,0.503656,0,0,0
3170,0,0,0,1,1,4.031033,0.502967,0,0,0
3180,0,0,0,1,1,4.038583,0.503892,0,0,0
3190,0,0,0,1,1,4.027974,0.502925,0,0,0
3200,0,0,0,0,0,4.022140,0.502493,0,0,0
3210,0,0,0,0,0,4.024343,0.502710,0,0,0
3220,3,9,1,14,1,4.044581,0.504867,0,0,0
3230,1,0,1,3,1,4.047533,0.505160,0,0,0
3240,2,2,4,9,1,4.045948,0.504614,0,0,0
3250,0,0,0,0,0,4.051474,0.505715,0,0,0
3260,0,0,0,1,1,4.043194,0.504819,0,0,0
3270,0,0,0,1,1,4.043287,0.504678,0,0,0
3280,0,2,2,5,1,4.047892,0.504967,0,0,0
3290,0,1,1,3,1,4.038329,0.504293,0,0,0
3300,0,0,0,0,0,4.036878,0.504075,0,0,0
3310,0,0,0,0,0,4.040358,0.504645,0,0,0
3320,0,1,5,7,1,4.034133,0.503887,0,0,0
3330,7,1,8,17,1,4.075373,0.508925,0,0,0
3340,0,0,1,2,1,4.089852,0.510830,0,0,0
3350,0,0,0,0,0,4.083681,0.510232,0,0,0
3360,1,0,3,5,1,4.078335,0.509659,0,0,0
3370,2,0,0,3,1,4.071199,0.508994,0,0,0
3380,4,1,1,7,1,4.066703,0.508470,0,0,0
3390,0,0,0,1,1,4.062701,0.508044,0,0,0
3400,0,1,1,3,1,4.061640,0.507836,0,0,0
3410,0,0,0,0,0,4.058482,0.507757,0,0,0
3420,0,0,0,1,1,4.050667,0.506852,0,0,0
3430,0,0,0,0,0,4.045765,0.506034,0,0,0
3440,0,1,0,2,1,4.041356,0.505445,0,0,0
3450,0,0,0,1,1,4.035895,0.504834,0,0,0
3460,0,0,0,1,1,4.033780,0.504514,0,0,0
3470,0,0,0,0,0,4.034484,0.504729,0,0,0
3480,3,2,1,7,1,4.030409,0.504326,0,0,0
3490,4,2,10,17,1,4.047774,0.506353,0,0,0
3500,0,0,0,0,0,4.045682,0.506126,0,0,0
3510,1,0,0,2,1,4.038620,0.505422,0,0,0
3520,0,5,2,8,1,4.042106,0.505658,0,0,0
3530,0,0,1,2,1,4.047747,0.506632,0,0,0
3540,0,0,0,0,0,4.038935,0.505885,0,0,0
3550,0,5,2,8,1,4.040752,0.506074,0,0,0
3560,0,0,4,5,1,4.036296,0.505673,0,0,0
3570,1,0,0,2,1,4.032906,0.505245,0,0,0
3580,0,0,0,0,0,4.032776,0.505138,0,0,0
3590,0,0,0,0,0,4.025602,0.504324,0,0,0
3600,0,0,0,0,0,4.031915,0.504954,0,0,0
3610,0,0,0,0,0,4.026008,0.504386,0,0,0
3620,0,0,1,2,1,4.022730,0.504164,0,0,0
3630,3,0,3,7,1,4.017201,0.503294,0,0,0
3640,0,1,1,3,1,4.011060,0.502521,0,0,0
3650,3,3,1,8,1,4.005480,0.501802,0,0,0
3660,1,1,0,3,1,4.006683,0.501898,0,0,0
3670,0,2,0,3,1,4.004571,0.501511,0,0,0
3680,0,0,0,1,1,4.000179,0.500975,0,0,0
3690,0,0,1,2,1,3.996698,0.500639,0,0,0
3700,0,0,1,2,1,3.989588,0.499948,0,0,0
3710,0,2,5,8,1,3.993463,0.500245,0,0,0
3720,1,0,3,5,1,3.989281,0.499735,0,0,0
3730,0,0,0,1,1,3.982884,0.498931,0,0,0
3740,0,0,0,0,0,3.978405,0.498534,0,0,0
3750,0,1,1,3,1,3.971776,0.497600,0,0,0
3760,0,0,0,0,0,3.971160,0.497553,0,0,0
3770,0,1,0,2,1,3.964346,0.496647,0,0,0
3780,0,1,0,2,1,3.957857,0.495831,0,0,0
3790,0,0,0,1,1,3.951328,0.495059,0,0,0
3800,0,5,0,6,1,3.955918,0.495598,0,0,0
3810,1,2,0,4,1,3.957321,0.495722,0,0,0
3820,0,0,0,0,0,3.953213,0.495189,0,0,0
3830,1,0,0,2,1,3.951598,0.494951,0,0,0
3840,0,0,0,1,1,3.948518,0.494547,0,0,0
3850,0,0,1,2,1,3.944266,0.493963,0,0,0
3860,2,5,0,8,1,3.941676,0.493509,0,0,0
3870,4,3,7,15,1,3.948947,0.494113,0,0,0
3880,2,1,0,4,1,3.966634,0.496245,0,0,0
3890,3,2,4,10,1,3.970916,0.496684,0,0,0
3900,0,0,0,0,0,3.967656,0.496466,0,0,0
3910,0,0,0,0,0,3.962207,0.495767,0,0,0
3920,0,0,0,0,0,3.955782,0.495009,0,0,0
3930,1,0,0,2,1,3.956503,0.494972,0,0,0
3940,0,0,1,2,1,3.951467,0.494263,0,0,0
3950,2,0,0,3,1,3.949392,0.493737,0,0,0
3960,0,0,0,0,0,3.947519,0.493658,0,0,0
3970,0,1,0,2,1,3.943439,0.493178,0,0,0
3980,4,3,0,8,1,3.940804,0.493003,0,0,0
3990,1,0,4,6,1,3.937254,0.492373,0,0,0
4000,4,0,2,7,1,3.935032,0.492110,0,0,0
4010,1,0,0,2,1,3.929159,0.491743,0,0,0
4020,3,0,0,4,1,3.927316,0.491648,0,0,0
4030,0,0,0,0,0,3.921895,0.491197,0,0,0
4040,4,1,3,9,1,3.930179,0.492003,0,0,0
4050,0,0,0,0,0,3.933053,0.492224,0,0,0
4060,0,0,0,0,0,3.928504,0.491562,0,0,0
4070,0,1,0,2,1,3.923794,0.491002,0,0,0
4080,2,0,1,4,1,3.924263,0.490984,0,0,0
4090,1,0,0,2,1,3.923898,0.491088,0,0,0
4100,0,1,0,2,1,3.919719,0.490623,0,0,0
4110,0,0,0,1,1,3.919994,0.490551,0,0,0
4120,0,0,0,1,1,3.920477,0.490521,0,0,0
4130,5,2,3,11,1,3.923891,0.490754,0,0,0
4140,0,0,0,0,0,3.926878,0.491082,0,0,0
4150,1,0,0,2,1,3.923045,0.490528,0,0,0
4160,0,1,0,2,1,3.922000,0.490383,0,0,0
4170,0,0,0,1,1,3.919056,0.490102,0,0,0
4180,0,2,2,5,1,3.914277,0.489592,0,0,0
4190,7,2,3,13,1,3.916275,0.489900,0,0,0
4200,0,0,0,0,0,3.916032,0.490044,0,0,0
4210,1,2,0,4,1,3.910324,0.489430,0,0,0
4220,1,1,8,11,1,3.928556,0.491623,0,0,0
4230,0,0,0,1,1,3.925033,0.491123,0,0,0
4240,0,0,0,0,0,3.919851,0.490618,0,0,0
4250,2,1,2,6,1,3.912982,0.489930,0,0,0
4260,3,4,0,8,1,3.913569,0.489944,0,0,0
4270,4,1,0,6,1,3.915872,0.490259,0,0,0
4280,0,0,0,0,0,3.912482,0.489833,0,0,0
4290,1,3,0,5,1,3.915173,0.490068,0,0,0
4300,1,0,4,6,1,3.914748,0.489942,0,0,0
4310,0,5,1,7,1,3.914263,0.489922,0,0,0
4320,1,0,1,3,1,3.912796,0.489908,0,0,0
4330,0,0,0,0,0,3.907386,0.489398,0,0,0
4340,5,3,3,12,1,3.908246,0.489292,0,0,0
4350,1,1,2,5,1,3.904885,0.488996,0,0,0
4360,1,2,1,5,1,3.900805,0.488539,0,0,0
4370,0,1,0,2,1,3.899932,0.488120,0,0,0
4380,1,1,1,4,1,3.898604,0.487757,0,0,0
4390,0,0,0,1,1,3.896082,0.487510,0,0,0
4400,0,0,0,1,1,3.895564,0.487319,0,0,0
4410,3,2,1,7,1,3.891650,0.486843,0,0,0
4420,0,0,0,0,0,3.886269,0.486306,0,0,0
4430,1,0,0,2,1,3.880168,0.485610,0,0,0
4440,0,0,0,1,1,3.877902,0.485298,0,0,0
4450,1,1,0,3,1,3.877792,0.485146,0,0,0
4460,0,0,1,2,1,3.875248,0.484732,0,0,0
4470,0,0,0,0,0,3.876375,0.484804,0,0,0
4480,3,1,2,7,1,3.873848,0.484461,0,0,0
4490,2,1,0,4,1,3.875377,0.484638,0,0,0
4500,0,0,0,1,1,3.873255,0.484426,0,0,0
4510,0,1,0,2,1,3.867667,0.483740,0,0,0
4520,1,1,1,4,1,3.860971,0.483089,0,0,0
4530,3,0,3,7,1,3.856626,0.482558,0,0,0
4540,0,0,1,2,1,3.855806,0.482441,0,0,0
4550,0,0,0,1,1,3.854972,0.482362,0,0,0
4560,0,0,0,0,0,3.857901,0.482701,0,0,0
4570,0,2,1,4,1,3.857338,0.482695,0,0,0
4580,1,0,0,2,1,3.857900,0.482699,0,0,0
4590,1,1,0,3,1,3.850910,0.482020,0,0,0
4600,0,0,1,2,1,3.848149,0.481791,0,0,0
4610,0,3,1,5,1,3.845312,0.481317,0,0,0
4620,0,0,4,5,1,3.843770,0.481122,0,0,0
4630,2,7,4,14,1,3.843053,0.480849,0,0,0
4640,4,2,0,7,1,3.841357,0.480817,0,0,0
4650,0,1,0,2,1,3.837514,0.480464,0,0,0
4660,0,0,0,0,0,3.835867,0.480205,0,0,0
4670,0,0,0,1,1,3.831792,0.479654,0,0,0
4680,0,0,0,0,0,3.825847,0.479152,0,0,0
4690,3,4,1,9,1,3.827634,0.479323,0,0,0
4700,3,2,0,6,1,3.829982,0.479590,0,0,0
4710,0,1,0,2,1,3.828498,0.479313,0,0,0
4720,0,0,0,1,1,3.827101,0.479200,0,0,0
4730,0,0,0,0,0,3.823793,0.478974,0,0,0
4740,6,3,6,16,1,3.826313,0.479288,0,0,0
4750,1,2,0,4,1,3.825068,0.479344,0,0,0
4760,0,1,0,2,1,3.826237,0.479387,0,0,0
4770,1,1,3,6,1,3.823090,0.478953,0,0,0
4780,0,0,0,1,1,3.829386,0.479790,0,0,0
4790,0,1,0,2,1,3.829914,0.479879,0,0,0
4800,1,0,1,3,1,3.823826,0.479326,0,0,0
4810,0,0,0,1,1,3.822725,0.479086,0,0,0
4820,0,1,1,3,1,3.821622,0.478970,0,0,0
4830,0,0,0,0,0,3.817358,0.478408,0,0,0
4840,2,0,1,4,1,3.814258,0.477943,0,0,0
4850,1,3,0,5,1,3.813461,0.477717,0,0,0
4860,6,1,4,12,1,3.811857,0.477514,0,0,0
4870,0,1,0,2,1,3.814728,0.477798,0,0,0
4880,6,3,3,13,1,3.812277,0.477489,0,0,0
4890,0,1,0,2,1,3.833891,0.479960,0,0,0
4900,0,0,0,1,1,3.831898,0.479660,0,0,0
4910,3,2,8,14,1,3.828435,0.479238,0,0,0
4920,0,0,3,4,1,3.834997,0.480009,0,0,0
4930,3,0,1,5,1,3.830453,0.479439,0,0,0
4940,0,1,0,2,1,3.827276,0.479161,0,0,0
4950,0,0,1,2,1,3.821586,0.478593,0,0,0
4960,1,0,0,2,1,3.817759,0.478220,0,0,0
4970,1,2,1,5,1,3.819796,0.478413,0,0,0
4980,0,0,0,0,0,3.821942,0.478692,0,0,0
4990,3,0,0,4,1,3.821204,0.478490,0,0,0
5000,1,0,0,2,1,3.821498,0.478453,0,0,0
5010,0,0,0,0,0,3.817975,0.478142,0,0,0
5020,1,0,0,2,1,3.814605,0.477753,0,0,0
5030,0,6,1,8,1,3.825492,0.478853,0,0,0
5040,0,3,0,4,1,3.822396,0.478642,0,0,0
5050,0,0,1,2,1,3.818341,0.478323,0,0,0
5060,0,0,0,0,0,3.823992,0.478993,0,0,0
5070,8,0,4,13,1,3.833125,0.479886,0,0,0
5080,0,0,1,2,1,3.832854,0.479874,0,0,0
5090,4,0,0,5,1,3.828878,0.479410,0,0,0
5100,2,0,2,5,1,3.829187,0.479424,0,0,0
5110,0,0,0,0,0,3.826828,0.479209,0,0,0
5120,0,0,0,1,1,3.822453,0.478812,0,0,0
5130,1,0,0,2,1,3.822814,0.478762,0,0,0
5140,1,0,0,2,1,3.830540,0.479774,0,0,0
5150,0,1,2,4,1,3.831232,0.479871,0,0,0
5160,0,0,0,0,0,3.830183,0.479679,0,0,0
5170,0,0,0,1,1,3.828496,0.479269,0,0,0
5180,1,0,1,3,1,3.826999,0.479126,0,0,0
5190,1,1,0,3,1,3.825989,0.478791,0,0,0
5200,0,0,0,0,0,3.821973,0.478287,0,0,0
5210,0,0,1,2,1,3.818461,0.477846,0,0,0
5220,0,0,0,1,1,3.821368,0.478106,0,0,0
5230,0,0,0,0,0,3.818453,0.477615,0,0,0
5240,1,6,0,8,1,3.819634,0.477751,0,0,0
5250,0,0,0,0,0,3.817701,0.477508,0,0,0
5260,0,0,0,1,1,3.814395,0.477094,0,0,0
5270,8,2,4,15,1,3.818326,0.477449,0,0,0
5280,0,0,0,1,1,3.819604,0.477756,0,0,0
5290,2,0,1,4,1,3.816155,0.477267,0,0,0
5300,5,6,3,15,1,3.816528,0.477145,0,0,0
5310,0,3,2,6,1,3.830105,0.478741,0,0,0
5320,0,0,0,0,0,3.827201,0.478468,0,0,0
5330,2,1,1,5,1,3.829184,0.478446,0,0,0
5340,0,9,0,10,1,3.841106,0.479790,0,0,0
5350,0,0,0,0,0,3.837871,0.479443,0,0,0
5360,0,2,13,16,1,3.852414,0.480980,0,0,0
5370,1,1,0,3,1,3.859584,0.481842,0,0,0
5380,2,1,2,6,1,3.860949,0.481992,0,0,0
5390,1,1,1,4,1,3.858789,0.481745,0,0,0
5400,0,0,2,3,1,3.855453,0.481419,0,0,0
5410,0,0,0,1,1,3.851348,0.481030,0,0,0
5420,0,1,0,2,1,3.846349,0.480506,0,0,0
5430,0,0,0,0,0,3.842056,0.480102,0,0,0
5440,3,3,0,7,1,3.846363,0.480541,0,0,0
5450,0,0,0,1,1,3.843562,0.480313,0,0,0
5460,0,3,2,6,1,3.845036,0.480487,0,0,0
5470,0,0,0,0,0,3.841552,0.480161,0,0,0
5480,2,1,0,4,1,3.836708,0.479621,0,0,0
5490,0,0,0,1,1,3.837855,0.479776,0,0,0
5500,0,0,1,2,1,3.837215,0.479706,0,0,0
5510,3,0,0,4,1,3.837512,0.479711,0,0,0
5520,1,3,0,5,1,3.834914,0.479332,0,0,0
5530,0,0,0,0,0,3.835626,0.479302,0,0,0
5540,0,2,0,3,1,3.834578,0.479203,0,0,0
5550,0,0,0,1,1,3.830316,0.478789,0,0,0
5560,0,0,0,0,0,3.825349,0.478330,0,0,0
5570,0,0,1,2,1,3.824367,0.478142,0,0,0
5580,0,0,1,2,1,3.827690,0.478472,0,0,0
5590,0,0,0,1,1,3.824938,0.478235,0,0,0
5600,0,0,0,0,0,3.820239,0.477775,0,0,0
5610,1,0,1,3,1,3.822038,0.477893,0,0,0
5620,0,0,0,1,1,3.817064,0.477473,0,0,0
5630,0,0,0,1,1,3.816067,0.477305,0,0,0
5640,0,0,0,1,1,3.818164,0.477567,0,0,0
5650,0,1,1,3,1,3.814112,0.477070,0,0,0
5660,0,0,0,1,1,3.815772,0.477362,0,0,0
5670,1,0,1,3,1,3.816614,0.477361,0,0,0
5680,1,0,5,7,1,3.818724,0.477561,0,0,0
5690,0,0,0,0,0,3.816281,0.477318,0,0,0
5700,0,0,2,3,1,3.815293,0.477278,0,0,0
5710,1,0,1,3,1,3.810278,0.476754,0,0,0
5720,11,1,5,18,1,3.813514,0.476981,0,0,0
5730,1,4,0,6,1,3.818239,0.477655,0,0,0
5740,9,6,1,17,1,3.834432,0.479544,0,0,0
5750,1,0,5,7,1,3.839817,0.480134,0,0,0
5760,0,0,0,1,1,3.837414,0.479833,0,0,0
5770,0,0,0,1,1,3.832614,0.479326,0,0,0
5780,0,0,0,1,1,3.830914,0.479030,0,0,0
5790,0,0,0,0,0,3.829807,0.478881,0,0,0
5800,0,2,3,6,1,3.833310,0.479205,0,0,0
5810,0,0,1,2,1,3.832791,0.479130,0,0,0
5820,3,2,1,7,1,3.829727,0.478757,0,0,0
5830,0,2,2,5,1,3.826319,0.478382,0,0,0
5840,0,0,0,0,0,3.825569,0.478288,0,0,0
5850,1,5,4,11,1,3.824931,0.478157,0,0,0
5860,4,1,3,9,1,3.827942,0.478534,0,0,0
5870,0,0,0,0,0,3.825354,0.478363,0,0,0
5880,0,0,0,1,1,3.820743,0.477857,0,0,0
5890,1,2,3,7,1,3.818084,0.477565,0,0,0
5900,11,0,3,15,1,3.845315,0.480776,0,0,0
5910,6,0,1,8,1,3.850392,0.481350,0,0,0
5920,3,4,0,8,1,3.864082,0.482990,0,0,0
5930,0,0,0,0,0,3.867750,0.483418,0,0,0
5940,0,3,0,4,1,3.864076,0.483050,0,0,0
5950,0,0,0,1,1,3.863279,0.482879,0,0,0
5960,2,8,7,18,1,3.866181,0.483161,0,0,0
5970,0,0,0,1,1,3.872106,0.483942,0,0,0
5980,1,1,0,3,1,3.869719,0.483634,0,0,0
5990,0,0,0,0,0,3.866655,0.483251,0,0,0
6000,1,6,0,8,1,3.868950,0.483448,0,0,0
6010,0,2,1,4,1,3.867624,0.483282,0,0,0
6020,4,5,0,10,1,3.868500,0.483282,0,0,0
6030,0,0,0,0,0,3.866680,0.483015,0,0,0
6040,0,0,0,1,1,3.861966,0.482566,0,0,0
6050,0,2,1,4,1,3.862253,0.482622,0,0,0
6060,0,2,0,3,1,3.858209,0.482137,0,0,0
6070,0,3,0,4,1,3.856129,0.481907,0,0,0
6080,0,0,0,1,1,3.856766,0.481848,0,0,0
6090,0,1,1,3,1,3.852403,0.481333,0,0,0
6100,2,5,4,12,1,3.850490,0.481075,0,0,0
6110,1,3,2,7,1,3.848343,0.480866,0,0,0
6120,1,1,0,3,1,3.845135,0.480446,0,0,0
6130,0,0,0,1,1,3.844035,0.480348,0,0,0
6140,0,0,0,1,1,3.841100,0.480030,0,0,0
6150,0,0,0,0,0,3.840258,0.479964,0,0,0
6160,0,2,0,3,1,3.837545,0.479362,0,0,0
6170,1,0,2,4,1,3.837089,0.479257,0,0,0
6180,0,0,0,0,0,3.837096,0.479152,0,0,0
6190,0,0,0,1,1,3.834325,0.478856,0,0,0
6200,1,8,2,12,1,3.837079,0.479007,0,0,0
6210,1,0,0,2,1,3.836601,0.478968,0,0,0
6220,8,2,6,17,1,3.843766,0.479777,0,0,0
6230,1,1,2,5,1,3.844654,0.479937,0,0,0
6240,0,0,0,1,1,3.840534,0.479442,0,0,0
6250,2,2,0,5,1,3.838496,0.479103,0,0,0
6260,0,0,2,3,1,3.838028,0.478960,0,0,0
6270,0,0,0,0,0,3.834642,0.478538,0,0,0
6280,0,0,1,2,1,3.830766,0.478085,0,0,0
6290,1,5,4,11,1,3.829478,0.477934,0,0,0
6300,4,0,6,11,1,3.828067,0.477835,0,0,0
6310,0,0,0,0,0,3.826711,0.477724,0,0,0
6320,5,5,3,14,1,3.834699,0.478599,0,0,0
6330,0,0,0,1,1,3.831750,0.478364,0,0,0
6340,2,3,0,6,1,3.828450,0.477897,0,0,0
6350,0,0,0,1,1,3.826444,0.477741,0,0,0
6360,2,2,2,7,1,3.829337,0.478000,0,0,0
6370,5,3,5,14,1,3.838243,0.479010,0,0,0
6380,0,0,0,0,0,3.847065,0.480140,0,0,0
6390,0,1,1,3,1,3.846229,0.480056,0,0,0
6400,1,3,0,5,1,3.842473,0.479644,0,0,0
6410,0,2,3,6,1,3.841783,0.479475,0,0,0
6420,0,0,4,5,1,3.841492,0.479440,0,0,0
6430,0,0,0,1,1,3.839156,0.479159,0,0,0
6440,0,0,2,3,1,3.835313,0.478754,0,0,0
6450,0,0,2,3,1,3.834426,0.478589,0,0,0
6460,1,0,0,2,1,3.831117,0.478233,0,0,0
6470,4,2,0,7,1,3.829234,0.478063,0,0,0
6480,0,0,0,0,0,3.827283,0.477931,0,0,0
6490,0,0,0,0,0,3.826087,0.477792,0,0,0
6500,2,4,0,7,1,3.825594,0.477575,0,0,0
6510,0,2,2,5,1,3.825614,0.477496,0,0,0
6520,3,0,4,8,1,3.826206,0.477534,0,0,0
6530,0,0,0,1,1,3.824720,0.477341,0,0,0
6540,0,0,0,0,0,3.822505,0.477156,0,0,0
6550,0,0,0,1,1,3.820099,0.476939,0,0,0
6560,3,0,1,5,1,3.817316,0.476538,0,0,0
6570,1,2,0,4,1,3.820569,0.476800,0,0,0
6580,0,0,0,0,0,3.817797,0.476473,0,0,0
6590,0,1,1,3,1,3.814073,0.476046,0,0,0
6600,0,0,0,1,1,3.812679,0.475819,0,0,0
6610,0,1,1,3,1,3.818281,0.476420,0,0,0
6620,2,0,3,6,1,3.815194,0.476099,0,0,0
6630,0,0,0,0,0,3.814776,0.476120,0,0,0
6640,4,3,1,9,1,3.812019,0.475750,0,0,0
6650,1,2,1,5,1,3.812345,0.475872,0,0,0
6660,4,3,0,8,1,3.830040,0.477948,0,0,0
6670,4,5,4,14,1,3.835599,0.478553,0,0,0
6680,1,1,1,4,1,3.834692,0.478522,0,0,0
6690,0,0,6,7,1,3.840347,0.479130,0,0,0
6700,1,3,2,7,1,3.840789,0.479222,0,0,0
6710,0,1,1,3,1,3.839811,0.479137,0,0,0
6720,0,1,0,2,1,3.836894,0.478864,0,0,0
6730,2,2,0,5,1,3.835495,0.478592,0,0,0
6740,0,0,0,0,0,3.834079,0.478337,0,0,0
6750,1,0,0,2,1,3.830698,0.478032,0,0,0
6760,0,0,0,0,0,3.828428,0.477732,0,0,0
6770,0,1,0,2,1,3.826925,0.477528,0,0,0
6780,0,0,0,0,0,3.831434,0.478039,0,0,0
6790,1,0,0,2,1,3.829882,0.477829,0,0,0
6800,2,0,0,3,1,3.826855,0.477514,0,0,0
6810,3,4,1,9,1,3.824514,0.477215,0,0,0
6820,1,1,0,3,1,3.823226,0.477177,0,0,0
6830,1,0,1,3,1,3.821991,0.477007,0,0,0
6840,0,0,0,0,0,3.818315,0.476671,0,0,0
6850,0,1,0,2,1,3.820463,0.476801,0,0,0
6860,0,0,0,1,1,3.819645,0.476648,0,0,0
6870,0,0,3,4,1,3.817253,0.476255,0,0,0
6880,0,0,1,2,1,3.817792,0.476272,0,0,0
6890,0,2,1,4,1,3.818531,0.476228,0,0,0
6900,0,0,2,3,1,3.816392,0.476092,0,0,0
6910,0,1,4,6,1,3.818243,0.476212,0,0,0
6920,0,0,0,1,1,3.821756,0.476626,0,0,0
6930,0,0,0,0,0,3.819634,0.476346,0,0,0
6940,0,3,1,5,1,3.816486,0.476023,0,0,0
6950,1,3,2,7,1,3.816131,0.475895,0,0,0
6960,0,1,1,3,1,3.814082,0.475692,0,0,0
6970,2,4,0,7,1,3.814928,0.475859,0,0,0
6980,7,7,6,21,1,3.826118,0.477171,0,0,0
6990,1,2,0,4,1,3.832841,0.478062,0,0,0
7000,0,0,0,0,0,3.831303,0.477982,0,0,0
7010,0,0,0,1,1,3.828031,0.477695,0,0,0
7020,0,0,0,1,1,3.825909,0.477363,0,0,0
7030,0,0,0,1,1,3.822936,0.476993,0,0,0
7040,1,2,4,8,1,3.819898,0.476725,0,0,0
7050,1,0,1,3,1,3.816757,0.476284,0,0,0
7060,8,5,1,15,1,3.826269,0.477362,0,0,0
7070,0,0,0,0,0,3.825079,0.477342,0,0,0
7080,3,5,2,11,1,3.823953,0.477194,0,0,0
7090,0,0,0,0,0,3.828348,0.477727,0,0,0
7100,0,0,0,0,0,3.827519,0.477574,0,0,0
7110,1,1,1,4,1,3.824593,0.477235,0,0,0
7120,2,0,1,4,1,3.821376,0.476918,0,0,0
7130,3,2,1,7,1,3.822935,0.477089,0,0,0
7140,0,0,0,0,0,3.821899,0.476911,0,0,0
7150,2,0,1,4,1,3.818992,0.476607,0,0,0
7160,0,0,0,0,0,3.822833,0.477071,0,0,0
7170,1,2,0,4,1,3.822326,0.476926,0,0,0
7180,1,2,1,5,1,3.825659,0.477293,0,0,0
7190,0,0,0,0,0,3.825255,0.477161,0,0,0
7200,3,0,0,4,1,3.821863,0.476789,0,0,0
7210,0,4,1,6,1,3.822824,0.476927,0,0,0
7220,1,5,4,11,1,3.840024,0.479024,0,0,0
7230,3,7,1,12,1,3.841747,0.479216,0,0,0
7240,1,4,0,6,1,3.841912,0.479246,0,0,0
7250,0,1,1,3,1,3.841790,0.479240,0,0,0
7260,0,0,0,0,0,3.838587,0.478809,0,0,0
7270,0,0,0,1,1,3.835554,0.478547,0,0,0
7280,3,0,2,6,1,3.833430,0.478284,0,0,0
7290,1,7,1,10,1,3.834607,0.478391,0,0,0
7300,0,2,1,4,1,3.837326,0.478731,0,0,0
7310,4,1,0,6,1,3.839680,0.479051,0,0,0
7320,0,1,0,2,1,3.838812,0.478911,0,0,0
7330,2,0,0,3,1,3.836839,0.478568,0,0,0
7340,1,0,0,2,1,3.835699,0.478363,0,0,0
7350,2,2,1,6,1,3.835523,0.478350,0,0,0
7360,1,1,2,5,1,3.838001,0.478750,0,0,0
7370,2,2,4,9,1,3.837393,0.478667,0,0,0
7380,4,2,12,19,1,3.856992,0.481057,0,0,0
7390,0,0,0,0,0,3.861896,0.481735,0,0,0
7400,0,0,0,0,0,3.861369,0.481703,0,0,0
7410,1,1,0,3,1,3.857783,0.481305,0,0,0
7420,0,0,2,3,1,3.854549,0.480968,0,0,0
7430,0,0,0,0,0,3.851537,0.480569,0,0,0
7440,0,1,0,2,1,3.849529,0.480295,0,0,0
7450,0,0,0,1,1,3.846776,0.479993,0,0,0
7460,3,1,2,7,1,3.845694,0.479916,0,0,0
7470,3,0,1,5,1,3.845364,0.479916,0,0,0
7480,0,0,1,2,1,3.843292,0.479682,0,0,0
7490,0,0,0,0,0,3.840586,0.479433,0,0,0
7500,0,0,0,1,1,3.839250,0.479172,0,0,0
7510,1,0,1,3,1,3.835752,0.478863,0,0,0
7520,0,0,0,1,1,3.833655,0.478602,0,0,0
7530,0,0,0,1,1,3.831881,0.478397,0,0,0
7540,0,0,3,4,1,3.829328,0.478135,0,0,0
7550,5,3,6,15,1,3.832324,0.478383,0,0,0
7560,0,0,0,0,0,3.838068,0.479141,0,0,0
7570,2,4,6,13,1,3.839234,0.479255,0,0,0
7580,4,1,3,9,1,3.841174,0.479451,0,0,0
7590,0,0,0,0,0,3.841456,0.479519,0,0,0
7600,3,3,12,19,1,3.856074,0.481147,0,0,0
7610,4,0,13,18,1,3.873272,0.483318,0,0,0
7620,2,3,10,16,1,3.887048,0.484934,0,0,0
7630,0,0,0,0,0,3.888994,0.485170,0,0,0
7640,0,0,0,0,0,3.887168,0.484968,0,0,0
7650,0,0,0,0,0,3.883866,0.484683,0,0,0
7660,0,1,0,2,1,3.881283,0.484354,0,0,0
7670,0,0,0,1,1,3.879831,0.484253,0,0,0
7680,0,1,3,5,1,3.877892,0.484035,0,0,0
7690,0,0,0,0,0,3.885285,0.484872,0,0,0
7700,4,1,2,8,1,3.883749,0.484627,0,0,0
7710,0,0,0,0,0,3.888691,0.485276,0,0,0
7720,0,3,0,4,1,3.887247,0.485113,0,0,0
7730,6,1,8,16,1,3.889524,0.485319,0,0,0
7740,1,0,4,6,1,3.903481,0.487062,0,0,0
7750,1,0,0,2,1,3.901974,0.486820,0,0,0
7760,0,0,0,1,1,3.898851,0.486518,0,0,0
7770,0,0,0,1,1,3.897427,0.486388,0,0,0
7780,0,0,0,0,0,3.894600,0.486107,0,0,0
7790,3,1,1,6,1,3.892079,0.485777,0,0,0
7800,0,0,0,0,0,3.888994,0.485502,0,0,0
7810,0,0,0,0,0,3.885561,0.485175,0,0,0
7820,1,3,3,8,1,3.883340,0.484921,0,0,0
7830,1,0,2,4,1,3.883729,0.485087,0,0,0
7840,0,0,0,1,1,3.881083,0.484849,0,0,0
7850,0,0,3,4,1,3.879484,0.484650,0,0,0
7860,0,0,1,2,1,3.877449,0.484458,0,0,0
7870,0,0,0,0,0,3.874943,0.484168,0,0,0
7880,1,0,1,3,1,3.871617,0.483898,0,0,0
7890,0,0,0,0,0,3.869103,0.483623,0,0,0
7900,0,0,0,1,1,3.868088,0.483542,0,0,0
7910,3,2,0,6,1,3.865730,0.483285,0,0,0
7920,0,1,0,2,1,3.865211,0.483335,0,0,0
7930,0,0,0,0,0,3.871239,0.483989,0,0,0
7940,0,0,0,0,0,3.869685,0.483726,0,0,0
7950,4,1,7,13,1,3.874936,0.484344,0,0,0
7960,0,0,0,0,0,3.876703,0.484656,0,0,0
7970,1,3,3,8,1,3.877843,0.484806,0,0,0
7980,0,0,0,0,0,3.879671,0.484989,0,0,0
7990,0,1,0,2,1,3.877534,0.484752,0,0,0
8000,0,0,0,1,1,3.876067,0.484531,0,0,0
8010,5,5,3,14,1,3.873513,0.484242,0,0,0
8020,0,1,2,4,1,3.877345,0.484638,0,0,0
8030,1,0,0,2,1,3.876231,0.484476,0,0,0
8040,5,1,5,12,1,3.877971,0.484679,0,0,0
8050,2,0,0,3,1,3.880078,0.484919,0,0,0
8060,0,0,0,0,0,3.876985,0.484676,0,0,0
8070,3,5,2,11,1,3.875670,0.484504,0,0,0
8080,3,4,0,8,1,3.884104,0.485445,0,0,0
8090,3,3,2,9,1,3.896465,0.486930,0,0,0
8100,0,2,0,3,1,3.896760,0.486907,0,0,0
8110,0,1,0,2,1,3.896035,0.486884,0,0,0
8120,1,1,5,8,1,3.896725,0.486821,0,0,0
8130,1,0,0,2,1,3.894265,0.486581,0,0,0
8140,1,1,0,3,1,3.891775,0.486263,0,0,0
8150,0,0,0,0,0,3.889180,0.485961,0,0,0
8160,1,1,1,4,1,3.887202,0.485692,0,0,0
8170,0,2,2,5,1,3.888900,0.485964,0,0,0
8180,1,2,0,4,1,3.887476,0.485808,0,0,0
8190,0,0,0,1,1,3.884900,0.485613,0,0,0
8200,1,0,0,2,1,3.882787,0.485385,0,0,0
8210,1,1,1,4,1,3.879490,0.485106,0,0,0
8220,2,6,4,13,1,3.881617,0.485261,0,0,0
8230,0,1,0,2,1,3.882727,0.485481,0,0,0
8240,0,0,0,0,0,3.882629,0.485513,0,0,0
8250,0,4,0,5,1,3.881495,0.485341,0,0,0
8260,5,4,1,11,1,3.886568,0.485909,0,0,0
8270,2,1,0,4,1,3.886154,0.485777,0,0,0
8280,0,0,1,2,1,3.885408,0.485676,0,0,0
8290,2,2,1,6,1,3.883603,0.485407,0,0,0
8300,4,8,3,16,1,3.890110,0.486015,0,0,0
8310,0,0,0,0,0,3.891347,0.486184,0,0,0
8320,0,4,1,6,1,3.891507,0.486066,0,0,0
8330,0,0,1,2,1,3.888814,0.485803,0,0,0
8340,0,0,0,1,1,3.886107,0.485545,0,0,0
8350,0,0,0,1,1,3.884029,0.485387,0,0,0
8360,0,1,0,2,1,3.880603,0.485025,0,0,0
8370,1,2,0,4,1,3.878938,0.484795,0,0,0
8380,1,2,0,4,1,3.878166,0.484727,0,0,0
8390,0,0,0,0,0,3.875070,0.484499,0,0,0
8400,0,0,0,0,0,3.873589,0.484292,0,0,0
8410,0,0,0,0,0,3.870952,0.483991,0,0,0
8420,0,0,0,0,0,3.868445,0.483728,0,0,0
8430,1,3,0,5,1,3.867634,0.483598,0,0,0
8440,0,1,0,2,1,3.870415,0.483881,0,0,0
8450,0,0,0,0,0,3.869678,0.483788,0,0,0
8460,6,1,1,9,1,3.868234,0.483658,0,0,0
8470,0,3,1,5,1,3.876042,0.484620,0,0,0
8480,2,0,2,5,1,3.873188,0.484356,0,0,0
8490,8,8,6,23,1,3.874774,0.484511,0,0,0
8500,6,2,13,22,1,3.898539,0.487439,0,0,0
8510,6,1,2,10,1,3.906083,0.488325,0,0,0
8520,0,0,0,0,0,3.905039,0.488202,0,0,0
8530,0,0,0,0,0,3.901836,0.487901,0,0,0
8540,2,0,4,7,1,3.901212,0.487773,0,0,0
8550,0,0,0,1,1,3.898688,0.487521,0,0,0
8560,1,4,6,12,1,3.896901,0.487305,0,0,0
8570,0,0,0,0,0,3.896491,0.487331,0,0,0
8580,1,3,0,5,1,3.896527,0.487250,0,0,0
8590,1,2,0,4,1,3.897148,0.487250,0,0,0
8600,0,0,0,1,1,3.895974,0.487216,0,0,0
8610,0,0,1,2,1,3.894812,0.487042,0,0,0
8620,0,0,0,0,0,3.894003,0.486941,0,0,0
8630,3,2,0,6,1,3.891193,0.486582,0,0,0
8640,3,1,2,7,1,3.890412,0.486442,0,0,0
8650,3,2,1,7,1,3.893521,0.486704,0,0,0
8660,0,0,1,2,1,3.893051,0.486666,0,0,0
8670,4,2,0,7,1,3.894276,0.486855,0,0,0
8680,0,3,1,5,1,3.896467,0.487072,0,0,0
8690,2,0,0,3,1,3.893902,0.486836,0,0,0
8700,0,0,0,0,0,3.892974,0.486811,0,0,0
8710,0,0,0,1,1,3.889836,0.486432,0,0,0
8720,0,3,0,4,1,3.889864,0.486386,0,0,0
8730,0,0,0,0,0,3.888265,0.486186,0,0,0
8740,0,2,0,3,1,3.888579,0.486107,0,0,0
8750,0,0,0,1,1,3.888730,0.486070,0,0,0
8760,0,0,0,1,1,3.887780,0.486000,0,0,0
8770,0,0,0,1,1,3.886579,0.485933,0,0,0
8780,1,0,0,2,1,3.889394,0.486347,0,0,0
8790,1,0,1,3,1,3.887903,0.486147,0,0,0
8800,1,2,1,5,1,3.886699,0.485996,0,0,0
8810,0,2,3,6,1,3.886315,0.485920,0,0,0
8820,3,1,2,7,1,3.887742,0.485995,0,0,0
8830,0,0,0,1,1,3.886836,0.485978,0,0,0
8840,0,0,0,0,0,3.883630,0.485694,0,0,0
8850,1,1,0,3,1,3.881896,0.485511,0,0,0
8860,3,2,1,7,1,3.880885,0.485364,0,0,0
8870,2,1,5,9,1,3.881095,0.485397,0,0,0
8880,0,0,0,1,1,3.891898,0.486727,0,0,0
8890,0,2,3,6,1,3.890080,0.486493,0,0,0
8900,0,0,0,0,0,3.887682,0.486315,0,0,0
8910,3,6,0,10,1,3.892316,0.486826,0,0,0
8920,0,0,0,1,1,3.892926,0.486950,0,0,0
8930,0,0,0,0,0,3.890720,0.486728,0,0,0
8940,0,0,1,2,1,3.888557,0.486485,0,0,0
8950,0,0,0,1,1,3.885667,0.486258,0,0,0
8960,0,0,0,0,0,3.884037,0.486081,0,0,0
8970,7,5,4,17,1,3.887893,0.486481,0,0,0
8980,0,0,0,1,1,3.887485,0.486606,0,0,0
8990,1,0,0,2,1,3.885280,0.486390,0,0,0
9000,1,0,1,3,1,3.885843,0.486386,0,0,0
9010,0,0,0,1,1,3.885563,0.486363,0,0,0
9020,0,0,0,1,1,3.883565,0.486140,0,0,0
9030,2,4,2,9,1,3.882627,0.485981,0,0,0
9040,0,0,0,1,1,3.882371,0.485955,0,0,0
9050,1,5,2,9,1,3.881095,0.485768,0,0,0
9060,11,7,15,34,1,3.890901,0.486913,0,0,0
9070,12,4,11,28,1,3.929851,0.491774,3,0,0
9080,0,0,0,1,1,3.938781,0.492992,3,0,0
9090,2,2,0,5,1,3.940704,0.493164,3,0,0
9100,0,0,3,4,1,3.939877,0.493135,3,0,0
9110,0,0,0,0,0,3.936639,0.492783,3,0,0
9120,1,0,0,2,1,3.934232,0.492528,3,0,0
9130,4,1,1,7,1,3.932643,0.492288,3,0,0
9140,0,1,0,2,1,3.930376,0.492044,3,0,0
9150,0,0,1,2,1,3.928119,0.491801,3,0,0
9160,0,0,1,2,1,3.926982,0.491712,3,0,0
9170,0,0,0,1,1,3.925586,0.491502,3,0,0
9180,0,0,0,0,0,3.923764,0.491253,3,0,0
9190,1,1,0,3,1,3.922220,0.490985,3,0,0
9200,4,6,1,12,1,3.920198,0.490745,3,0,0
9210,4,0,0,5,1,3.924622,0.491298,3,0,0
9220,1,2,2,6,1,3.922451,0.491045,3,0,0
9230,0,0,2,3,1,3.919873,0.490788,3,0,0
9240,1,3,1,6,1,3.923064,0.491174,3,0,0
9250,0,0,0,0,0,3.921087,0.491052,3,0,0
9260,11,0,4,16,1,3.932282,0.492413,3,0,0
9270,0,0,0,1,1,3.932273,0.492497,3,0,0
9280,0,0,0,1,1,3.930509,0.492215,3,0,0
9290,0,0,0,0,0,3.927849,0.491934,3,0,0
9300,0,1,0,2,1,3.924949,0.491643,3,0,0
9310,1,1,0,3,1,3.922245,0.491310,3,0,0
9320,0,0,0,1,1,3.926133,0.491789,3,0,0
9330,0,1,0,2,1,3.923802,0.491483,3,0,0
9340,3,1,2,7,1,3.922952,0.491349,3,0,0
9350,4,0,3,8,1,3.927296,0.491780,3,0,0
9360,6,2,0,9,1,3.925869,0.491548,3,0,0
9370,0,0,1,2,1,3.925805,0.491480,3,0,0
9380,0,0,0,0,0,3.924725,0.491252,3,0,0
9390,0,0,0,0,0,3.921990,0.490974,3,0,0
9400,0,0,0,0,0,3.918999,0.490671,3,0,0
9410,2,1,0,4,1,3.916646,0.490336,3,0,0
9420,0,0,0,1,1,3.915432,0.490223,3,0,0
9430,3,3,8,15,1,3.915481,0.490150,3,0,0
9440,0,3,2,6,1,3.920548,0.490718,3,0,0
9450,0,0,1,2,1,3.918188,0.490442,3,0,0
9460,2,2,0,5,1,3.915805,0.490071,3,0,0
9470,0,2,2,5,1,3.913702,0.489846,3,0,0
9480,6,3,4,14,1,3.918327,0.490315,3,0,0
9490,0,0,0,0,0,3.933403,0.492084,3,0,0
9500,0,0,0,0,0,3.931955,0.491896,3,0,0
9510,3,0,0,4,1,3.931122,0.491759,3,0,0
9520,3,2,1,7,1,3.932167,0.491831,3,0,0
9530,2,3,7,13,1,3.932341,0.491833,3,0,0
9540,0,1,2,4,1,3.934228,0.492120,3,0,0
9550,0,0,0,0,0,3.935773,0.492339,3,0,0
9560,0,1,0,2,1,3.935476,0.492289,3,0,0
9570,0,0,0,0,0,3.933656,0.492099,3,0,0
9580,2,1,1,5,1,3.931420,0.491825,3,0,0
9590,0,0,0,1,1,3.932283,0.491991,3,0,0
9600,1,1,2,5,1,3.931624,0.491933,3,0,0
9610,0,0,0,0,0,3.929384,0.491691,3,0,0
9620,0,0,0,0,0,3.928499,0.491394,3,0,0
9630,1,0,0,2,1,3.928800,0.491374,3,0,0
9640,0,0,0,1,1,3.929851,0.491493,3,0,0
9650,2,1,3,7,1,3.927481,0.491209,3,0,0
9660,0,0,0,1,1,3.926265,0.491063,3,0,0
9670,5,2,1,9,1,3.934547,0.491984,3,0,0
9680,0,0,0,0,0,3.935987,0.492214,3,0,0
9690,1,0,0,2,1,3.932918,0.491888,3,0,0
9700,3,2,0,6,1,3.931999,0.491791,3,0,0
9710,0,0,0,0,0,3.931167,0.491776,3,0,0
9720,3,0,3,7,1,3.933580,0.492001,3,0,0
9730,0,0,0,1,1,3.932639,0.491877,3,0,0
9740,0,0,0,1,1,3.931862,0.491742,3,0,0
9750,0,0,3,4,1,3.930096,0.491464,3,0,0
9760,8,7,0,16,1,3.940244,0.492619,3,0,0
9770,0,0,0,1,1,3.943481,0.493036,3,0,0
9780,6,0,0,7,1,3.942195,0.492888,3,0,0
9790,0,0,0,1,1,3.940696,0.492751,3,0,0
9800,1,0,0,2,1,3.938831,0.492567,3,0,0
9810,4,0,0,5,1,3.936576,0.492342,3,0,0
9820,0,0,0,1,1,3.935218,0.492285,3,0,0
9830,1,1,4,7,1,3.933883,0.492161,3,0,0
9840,0,0,0,1,1,3.932127,0.491935,3,0,0
9850,0,1,5,7,1,3.932775,0.491996,3,0,0
9860,0,0,0,0,0,3.930926,0.491846,3,0,0
9870,0,6,6,13,1,3.930239,0.491809,3,0,0
9880,2,4,2,9,1,3.936845,0.492629,3,0,0
9890,0,2,1,4,1,3.935915,0.492525,3,0,0
9900,0,0,0,0,0,3.935310,0.492449,3,0,0
9910,0,6,2,9,1,3.933527,0.492206,3,0,0
9920,0,1,1,3,1,3.933205,0.492165,3,0,0
9930,0,0,0,0,0,3.931156,0.491921,3,0,0
9940,0,1,0,2,1,3.933668,0.492228,3,0,0
9950,0,0,0,1,1,3.932368,0.492010,3,0,0
9960,1,2,0,4,1,3.931237,0.491886,3,0,0
9970,3,1,0,5,1,3.932992,0.491945,3,0,0
9980,4,0,1,6,1,3.945257,0.493386,3,0,0
9990,0,0,0,1,1,3.945846,0.493453,3,0,0
10000,1,0,0,2,1,3.944950,0.493310,3,0,0
10010,0,6,0,7,1,3.943802,0.493148,3,0,0
10020,3,0,0,4,1,3.945726,0.493345,3,0,0
10030,0,0,0,1,1,3.944940,0.493241,3,0,0
10040,0,0,0,0,0,3.942790,0.493015,3,0,0
10050,3,0,2,6,1,3.941950,0.492915,3,0,0
10060,1,0,4,6,1,3.941717,0.492856,3,0,0
10070,0,1,1,3,1,3.941850,0.492854,3,0,0
10080,2,1,0,4,1,3.940401,0.492715,3,0,0
10090,2,0,2,5,1,3.939530,0.492539,3,0,0
10100,0,1,0,2,1,3.937300,0.492327,3,0,0
10110,0,0,0,1,1,3.939078,0.492488,3,0,0
10120,0,0,0,0,0,3.937010,0.492230,3,0,0
10130,0,5,1,7,1,3.936279,0.492150,3,0,0
10140,0,0,0,0,0,3.934335,0.491925,3,0,0
10150,14,3,9,27,1,3.935284,0.491917,3,0,0
10160,8,4,3,16,1,3.959520,0.494903,3,0,0
10170,1,4,6,12,1,3.960841,0.495002,3,0,0
10180,2,2,2,7,1,3.960829,0.494976,3,0,0
10190,4,0,1,6,1,3.958785,0.494721,3,0,0
10200,1,1,0,3,1,3.956480,0.494493,3,0,0
10210,0,2,0,3,1,3.955443,0.494388,3,0,0
10220,4,2,2,9,1,3.953912,0.494185,3,0,0
10230,2,1,0,4,1,3.954368,0.494260,3,0,0
10240,4,2,1,8,1,3.955385,0.494357,3,0,0
10250,0,0,0,0,0,3.953335,0.494167,3,0,0
10260,1,1,0,3,1,3.950890,0.493909,3,0,0
10270,1,0,0,2,1,3.948434,0.493680,3,0,0
10280,0,1,0,2,1,3.947305,0.493533,3,0,0
10290,1,1,1,4,1,3.945012,0.493252,3,0,0
10300,3,2,0,6,1,3.945529,0.493287,3,0,0
10310,2,2,3,8,1,3.944376,0.493095,3,0,0
10320,0,0,0,0,0,3.942901,0.492934,3,0,0
10330,0,0,0,0,0,3.940404,0.492676,3,0,0
10340,0,0,0,1,1,3.944393,0.493133,3,0,0
10350,0,2,0,3,1,3.942152,0.492840,3,0,0
10360,0,0,0,0,0,3.940524,0.492678,3,0,0
10370,2,0,4,7,1,3.938316,0.492468,3,0,0
10380,0,0,0,0,0,3.936836,0.492348,3,0,0
10390,3,4,0,8,1,3.934736,0.492114,3,0,0
10400,0,0,0,1,1,3.932757,0.491825,3,0,0
10410,0,0,0,1,1,3.930613,0.491586,3,0,0
10420,0,0,0,1,1,3.927937,0.491275,3,0,0
10430,0,1,0,2,1,3.926270,0.491049,3,0,0
10440,0,0,0,0,0,3.925783,0.491034,3,0,0
10450,0,1,0,2,1,3.924509,0.490904,3,0,0
10460,4,1,1,7,1,3.924189,0.490881,3,0,0
10470,0,2,0,3,1,3.925651,0.491093,3,0,0
10480,2,2,2,7,1,3.924404,0.490990,3,0,0
10490,0,1,1,3,1,3.922234,0.490741,3,0,0
10500,2,8,3,14,1,3.924945,0.491004,3,0,0
10510,0,2,3,6,1,3.925081,0.491038,3,0,0
10520,9,0,3,13,1,3.927507,0.491271,3,0,0
10530,2,1,1,5,1,3.929979,0.491597,3,0,0
10540,0,4,3,8,1,3.935588,0.492211,3,0,0
10550,2,2,2,7,1,3.934618,0.492031,3,0,0
10560,0,0,0,0,0,3.932398,0.491812,3,0,0
10570,0,1,1,3,1,3.931959,0.491710,3,0,0
10580,0,0,0,1,1,3.930688,0.491545,3,0,0
10590,0,1,0,2,1,3.930001,0.491465,3,0,0
10600,0,0,0,0,0,3.928531,0.491281,3,0,0
10610,0,0,0,0,0,3.926428,0.491012,3,0,0
10620,4,0,1,6,1,3.923972,0.490751,3,0,0
10630,0,0,0,0,0,3.922561,0.490591,3,0,0
10640,2,1,1,5,1,3.920779,0.490368,3,0,0
10650,0,1,0,2,1,3.922110,0.490540,3,0,0
10660,1,4,2,8,1,3.926187,0.491032,3,0,0
10670,0,1,0,2,1,3.926004,0.490992,3,0,0
10680,0,1,3,5,1,3.925927,0.490976,3,0,0
10690,0,0,0,1,1,3.924878,0.490839,3,0,0
10700,2,6,6,15,1,3.924300,0.490738,3,0,0
10710,7,6,1,15,1,3.934012,0.491929,3,0,0
10720,0,3,1,5,1,3.937248,0.492391,3,0,0
10730,1,2,1,5,1,3.935028,0.492142,3,0,0
10740,0,0,0,0,0,3.934454,0.492116,3,0,0
10750,0,0,1,2,1,3.933065,0.491925,3,0,0
10760,0,1,0,2,1,3.931109,0.491737,3,0,0
10770,0,0,0,0,0,3.929931,0.491612,3,0,0
10780,2,0,3,6,1,3.929331,0.491457,3,0,0
10790,3,1,8,13,1,3.929185,0.491399,3,0,0
10800,1,0,0,2,1,3.928256,0.491339,3,0,0
10810,0,0,0,0,0,3.927131,0.491198,3,0,0
10820,0,1,0,2,1,3.926027,0.491054,3,0,0
10830,3,5,1,10,1,3.931084,0.491612,3,0,0
10840,1,0,0,2,1,3.932163,0.491719,3,0,0
10850,0,1,0,2,1,3.930703,0.491530,3,0,0
10860,1,3,1,6,1,3.928392,0.491281,3,0,0
10870,0,1,0,2,1,3.926571,0.491092,3,0,0
10880,3,1,2,7,1,3.924924,0.490830,3,0,0
10890,0,1,2,4,1,3.924836,0.490802,3,0,0
10900,1,1,1,4,1,3.923336,0.490648,3,0,0
10910,2,8,0,11,1,3.925394,0.490899,3,0,0
10920,0,0,0,0,0,3.924698,0.490806,3,0,0
10930,2,1,1,5,1,3.924069,0.490683,3,0,0
10940,0,0,0,1,1,3.927438,0.491098,3,0,0
10950,1,0,2,4,1,3.924866,0.490866,3,0,0
10960,0,0,0,1,1,3.923176,0.490710,3,0,0
10970,0,0,1,2,1,3.922373,0.490666,3,0,0
10980,2,0,0,3,1,3.921834,0.490576,3,0,0
10990,0,0,0,0,0,3.921410,0.490556,3,0,0
11000,9,5,2,17,1,3.922111,0.490543,3,0,0
11010,0,0,1,2,1,3.924557,0.490843,3,0,0
11020,0,0,0,0,0,3.921999,0.490545,3,0,0
11030,0,0,1,2,1,3.919286,0.490311,3,0,0
11040,2,1,0,4,1,3.918525,0.490237,3,0,0
11050,0,0,0,0,0,3.918326,0.490157,3,0,0
11060,1,0,0,2,1,3.917779,0.490094,3,0,0
11070,0,0,0,1,1,3.915851,0.489874,3,0,0
11080,0,1,1,3,1,3.913984,0.489624,3,0,0
11090,3,2,1,7,1,3.912276,0.489388,3,0,0
11100,0,1,0,2,1,3.910931,0.489213,3,0,0
11110,0,0,0,0,0,3.908860,0.488987,3,0,0
11120,0,1,2,4,1,3.909349,0.489031,3,0,0
11130,0,0,0,0,0,3.910935,0.489180,3,0,0
11140,1,2,0,4,1,3.908889,0.488924,3,0,0
11150,5,5,10,21,1,3.912882,0.489324,3,0,0
11160,1,4,1,7,1,3.915014,0.489580,3,0,0
11170,0,0,0,1,1,3.913024,0.489336,3,0,0
11180,1,0,0,2,1,3.912074,0.489184,3,0,0
11190,2,0,2,5,1,3.910503,0.489004,3,0,0
11200,1,3,7,12,1,3.909051,0.488844,3,0,0
11210,1,1,1,4,1,3.908055,0.488812,3,0,0
11220,0,1,0,2,1,3.905806,0.488639,3,0,0
11230,4,1,1,7,1,3.904664,0.488583,3,0,0
11240,0,0,0,0,0,3.902169,0.488336,3,0,0
11250,2,1,1,5,1,3.900175,0.488059,3,0,0
11260,0,0,0,0,0,3.899109,0.487930,3,0,0
11270,0,1,0,2,1,3.897207,0.487703,3,0,0
11280,0,1,1,3,1,3.894894,0.487434,3,0,0
11290,3,0,2,6,1,3.893683,0.487217,3,0,0
11300,1,0,2,4,1,3.894329,0.487255,3,0,0
11310,2,0,1,4,1,3.896237,0.487444,3,0,0
11320,1,0,0,2,1,3.894668,0.487312,3,0,0
11330,2,0,0,3,1,3.892994,0.487140,3,0,0
11340,4,6,9,20,1,3.893694,0.487104,3,0,0
11350,0,0,0,1,1,3.899747,0.487844,3,0,0
11360,0,0,0,1,1,3.897245,0.487628,3,0,0
11370,0,0,0,1,1,3.895266,0.487385,3,0,0
11380,0,0,0,0,0,3.893425,0.487176,3,0,0
11390,1,1,0,3,1,3.892377,0.487076,3,0,0
11400,0,0,0,0,0,3.891688,0.486968,3,0,0
11410,5,2,3,11,1,3.892275,0.486966,3,0,0
11420,0,4,0,5,1,3.892965,0.487010,3,0,0
11430,2,2,0,5,1,3.891428,0.486801,3,0,0
11440,0,0,1,2,1,3.891007,0.486759,3,0,0
11450,1,2,3,7,1,3.889810,0.486587,3,0,0
11460,0,0,0,0,0,3.888889,0.486477,3,0,0
11470,1,1,2,5,1,3.886337,0.486179,3,0,0
11480,1,0,2,4,1,3.886205,0.486183,3,0,0
11490,0,0,0,0,0,3.886195,0.486208,3,0,0
11500,1,0,0,2,1,3.884975,0.486050,3,0,0
11510,0,1,0,2,1,3.883706,0.485938,3,0,0
11520,0,0,0,1,1,3.882410,0.485707,3,0,0
11530,0,0,0,0,0,3.882589,0.485756,3,0,0
11540,0,0,0,0,0,3.880816,0.485586,3,0,0
11550,0,0,0,0,0,3.879307,0.485407,3,0,0
11560,2,11,3,17,1,3.881945,0.485721,3,0,0
11570,4,2,3,10,1,3.884236,0.486007,3,0,0
11580,2,0,0,3,1,3.883621,0.485909,3,0,0
11590,0,0,0,1,1,3.881621,0.485742,3,0,0
11600,0,0,0,1,1,3.880319,0.485600,3,0,0
11610,1,0,0,2,1,3.878680,0.485389,3,0,0
11620,0,1,0,2,1,3.876374,0.485157,3,0,0
11630,1,0,0,2,1,3.874193,0.484931,3,0,0
11640,0,1,0,2,1,3.873842,0.484850,3,0,0
11650,0,0,0,1,1,3.874070,0.484847,3,0,0
11660,0,0,0,0,0,3.871635,0.484536,3,0,0
11670,0,0,0,0,0,3.869348,0.484338,3,0,0
11680,0,0,0,0,0,3.867666,0.484189,3,0,0
11690,0,1,1,3,1,3.867501,0.484162,3,0,0
11700,0,0,0,1,1,3.865783,0.483978,3,0,0
11710,1,0,0,2,1,3.863514,0.483755,3,0,0
11720,0,0,0,0,0,3.861381,0.483482,3,0,0
11730,0,0,5,6,1,3.862780,0.483626,3,0,0
11740,0,0,0,0,0,3.863005,0.483658,3,0,0
11750,1,0,0,2,1,3.862394,0.483525,3,0,0
11760,0,2,3,6,1,3.861080,0.483426,3,0,0
11770,0,0,0,1,1,3.860468,0.483323,3,0,0
11780,7,5,7,20,1,3.859479,0.483148,3,0,0
11790,3,4,1,9,1,3.869721,0.484383,3,0,0
11800,1,2,0,4,1,3.869763,0.484408,3,0,0
11810,1,1,1,4,1,3.869067,0.484279,3,0,0
11820,1,0,0,2,1,3.870132,0.484386,3,0,0
11830,2,2,5,10,1,3.868764,0.484168,3,0,0
11840,0,1,0,2,1,3.873678,0.484721,3,0,0
11850,1,0,2,4,1,3.871995,0.484546,3,0,0
11860,0,0,0,0,0,3.871835,0.484485,3,0,0
11870,0,0,0,0,0,3.871092,0.484453,3,0,0
11880,0,0,1,2,1,3.869194,0.484230,3,0,0
11890,0,0,0,1,1,3.867614,0.484093,3,0,0
11900,1,4,0,6,1,3.866512,0.483914,3,0,0
11910,0,0,0,0,0,3.864547,0.483698,3,0,0
11920,2,5,0,8,1,3.868201,0.484124,3,0,0
11930,1,11,4,17,1,3.873825,0.484792,3,0,0
11940,0,1,0,2,1,3.883444,0.486000,3,0,0
11950,0,0,2,3,1,3.883450,0.486011,3,0,0
11960,0,0,3,4,1,3.881637,0.485809,3,0,0
11970,1,0,0,2,1,3.882140,0.485876,3,0,0
11980,0,0,0,0,0,3.881164,0.485754,3,0,0
11990,0,0,0,1,1,3.879237,0.485522,3,0,0
12000,0,0,0,0,0,3.877249,0.485354,3,0,0
12010,1,8,0,10,1,3.880298,0.485639,3,0,0
12020,0,1,0,2,1,3.881624,0.485784,3,0,0
12030,0,0,4,5,1,3.879993,0.485600,3,0,0
12040,1,0,0,2,1,3.878340,0.485377,3,0,0
12050,7,2,6,16,1,3.884425,0.486103,3,0,0
12060,0,0,0,0,0,3.884319,0.486119,3,0,0
12070,2,7,0,10,1,3.885007,0.486129,3,0,0
12080,0,0,0,1,1,3.884134,0.486015,3,0,0
12090,3,6,6,16,1,3.884961,0.486138,3,0,0
12100,3,0,1,5,1,3.885252,0.486144,3,0,0
12110,0,0,0,0,0,3.886293,0.486253,3,0,0
12120,0,0,0,0,0,3.884490,0.486037,3,0,0
12130,1,1,0,3,1,3.883188,0.485839,3,0,0
12140,0,0,0,0,0,3.881728,0.485716,3,0,0
12150,0,0,0,1,1,3.880159,0.485524,3,0,0
12160,1,3,6,11,1,3.881116,0.485634,3,0,0
12170,5,1,5,12,1,3.885601,0.486169,3,0,0
12180,0,0,0,0,0,3.885761,0.486199,3,0,0
12190,0,0,0,0,0,3.884381,0.486021,3,0,0
12200,1,0,0,2,1,3.883618,0.485915,3,0,0
12210,1,1,2,5,1,3.882469,0.485716,3,0,0
12220,1,0,1,3,1,3.884282,0.485868,3,0,0
12230,0,1,0,2,1,3.881801,0.485642,3,0,0
12240,5,0,3,9,1,3.884600,0.485947,3,0,0
12250,8,0,6,15,1,3.891677,0.486802,3,0,0
12260,0,1,1,3,1,3.898555,0.487618,3,0,0
12270,0,1,0,2,1,3.898896,0.487635,3,0,0
12280,0,0,2,3,1,3.896955,0.487367,3,0,0
12290,0,0,0,0,0,3.896141,0.487256,3,0,0
12300,4,1,1,7,1,3.894653,0.487104,3,0,0
12310,0,0,2,3,1,3.894401,0.487052,3,0,0
12320,0,0,0,1,1,3.894521,0.486998,3,0,0
12330,0,0,0,0,0,3.893787,0.486906,3,0,0
12340,2,0,0,3,1,3.892005,0.486732,3,0,0
12350,0,0,0,0,0,3.890620,0.486628,3,0,0
12360,0,0,0,1,1,3.897316,0.487416,3,0,0
12370,2,0,1,4,1,3.896106,0.487289,3,0,0
12380,0,0,0,1,1,3.900242,0.487786,3,0,0
12390,2,1,0,4,1,3.898317,0.487570,3,0,0
12400,0,0,3,4,1,3.896389,0.487373,3,0,0
12410,7,8,3,19,1,3.903352,0.488180,3,0,0
12420,1,5,1,8,1,3.906059,0.488474,3,0,0
12430,2,5,4,12,1,3.911676,0.489127,3,0,0
12440,0,0,0,0,0,3.912747,0.489275,3,0,0
12450,0,0,0,1,1,3.910919,0.489096,3,0,0
12460,1,0,0,2,1,3.908860,0.488853,3,0,0
12470,0,0,0,1,1,3.907504,0.488668,3,0,0
12480,0,0,0,0,0,3.908049,0.488658,3,0,0
12490,0,3,0,4,1,3.907149,0.488511,3,0,0
12500,0,0,0,1,1,3.905806,0.488333,3,0,0
12510,0,1,0,2,1,3.903650,0.488156,3,0,0
12520,0,0,0,0,0,3.902694,0.488051,3,0,0
12530,4,0,0,5,1,3.903218,0.488121,3,0,0
12540,0,1,0,2,1,3.902210,0.487971,3,0,0
12550,0,0,0,1,1,3.900978,0.487846,3,0,0
12560,4,0,3,8,1,3.901944,0.487952,3,0,0
12570,8,2,0,11,1,3.904897,0.488326,3,0,0
12580,0,3,2,6,1,3.905304,0.488376,3,0,0
12590,0,0,2,3,1,3.904709,0.488321,3,0,0
12600,1,0,0,2,1,3.903509,0.488181,3,0,0
12610,7,7,13,28,1,3.910510,0.488940,3,0,0
12620,1,1,3,6,1,3.919509,0.490084,3,0,0
12630,0,0,0,0,0,3.919390,0.490045,3,0,0
12640,9,5,16,31,1,3.921427,0.490237,3,0,0
12650,2,13,11,27,1,3.943074,0.492943,3,0,0
12660,1,0,0,2,1,3.948858,0.493714,3,0,0
12670,0,0,0,0,0,3.947922,0.493597,3,0,0
12680,0,1,0,2,1,3.946721,0.493433,3,0,0
12690,1,2,2,6,1,3.948619,0.493631,3,0,0
12700,0,0,1,2,1,3.946876,0.493525,3,0,0
12710,0,0,1,2,1,3.946184,0.493448,3,0,0
12720,0,0,0,0,0,3.944339,0.493275,3,0,0
12730,0,0,0,0,0,3.942640,0.493140,3,0,0
12740,0,3,2,6,1,3.942118,0.492992,3,0,0
12750,0,0,2,3,1,3.940150,0.492760,3,0,0
12760,4,1,1,7,1,3.938711,0.492599,3,0,0
12770,0,2,4,7,1,3.937035,0.492447,3,0,0
12780,0,0,0,1,1,3.935064,0.492283,3,0,0
12790,0,0,0,0,0,3.933271,0.492101,3,0,0
12800,0,5,6,12,1,3.932687,0.491999,3,0,0
12810,6,6,5,18,1,3.937417,0.492566,3,0,0
12820,10,2,0,13,1,3.945925,0.493621,3,0,0
12830,4,2,5,12,1,3.949826,0.494075,3,0,0
12840,0,0,0,1,1,3.951127,0.494242,3,0,0
12850,0,2,2,5,1,3.950180,0.494080,3,0,0
12860,0,5,1,7,1,3.949636,0.494045,3,0,0
12870,6,5,1,13,1,3.949478,0.494064,3,0,0
12880,1,1,0,3,1,3.950159,0.494154,3,0,0
12890,0,0,0,0,0,3.948255,0.493920,3,0,0
12900,5,1,0,7,1,3.947195,0.493782,3,0,0
12910,0,0,0,0,0,3.945472,0.493614,3,0,0
12920,1,0,0,2,1,3.945398,0.493619,3,0,0
12930,0,0,1,2,1,3.943373,0.493408,3,0,0
12940,0,0,0,1,1,3.942061,0.493229,3,0,0
12950,2,0,2,5,1,3.941301,0.493220,3,0,0
12960,6,1,1,9,1,3.940508,0.493082,3,0,0
12970,1,2,1,5,1,3.940831,0.493127,3,0,0
12980,14,1,3,19,1,3.948012,0.493920,3,0,0
12990,0,0,0,0,0,3.950665,0.494356,3,0,0
13000,3,2,3,9,1,3.949896,0.494246,3,0,0
13010,0,0,0,0,0,3.948422,0.494075,3,0,0
13020,8,5,2,16,1,3.948081,0.494013,3,0,0
13030,0,1,0,2,1,3.949119,0.494176,3,0,0
13040,0,0,0,0,0,3.948813,0.494132,3,0,0
13050,0,2,0,3,1,3.946820,0.493949,3,0,0
13060,3,3,3,10,1,3.946697,0.493900,3,0,0
13070,7,4,15,27,1,3.959028,0.495310,3,0,0
13080,9,2,8,20,1,3.968612,0.496480,3,0,0
13090,3,0,1,5,1,3.976155,0.497371,3,0,0
13100,1,4,1,7,1,3.975055,0.497186,3,0,0
13110,0,2,0,3,1,3.974867,0.497185,3,0,0
13120,0,0,0,0,0,3.972509,0.496990,3,0,0
13130,0,1,1,3,1,3.971689,0.496877,3,0,0
13140,0,0,0,0,0,3.971353,0.496826,3,0,0
13150,0,0,0,0,0,3.969924,0.496746,3,0,0
13160,0,0,0,0,0,3.968128,0.496497,3,0,0
13170,3,1,0,5,1,3.966412,0.496353,3,0,0
13180,0,0,0,0,0,3.964455,0.496183,3,0,0
13190,0,0,0,0,0,3.962577,0.496008,3,0,0
13200,0,2,1,4,1,3.962371,0.495959,3,0,0
13210,0,0,0,0,0,3.960942,0.495742,3,0,0
13220,1,0,0,2,1,3.959288,0.495544,3,0,0
13230,0,0,0,1,1,3.957627,0.495438,3,0,0
13240,2,1,0,4,1,3.958964,0.495596,3,0,0
13250,0,0,0,1,1,3.959778,0.495688,3,0,0
13260,0,0,0,1,1,3.957530,0.495481,3,0,0
13270,0,0,1,2,1,3.955773,0.495288,3,0,0
13280,2,1,5,9,1,3.956839,0.495421,3,0,0
13290,0,1,0,2,1,3.958260,0.495552,3,0,0
13300,0,0,2,3,1,3.957036,0.495449,3,0,0
13310,0,0,0,0,0,3.956348,0.495428,3,0,0
13320,1,0,1,3,1,3.955513,0.495280,3,0,0
13330,3,2,5,11,1,3.954937,0.495184,3,0,0
13340,0,0,0,0,0,3.954141,0.495149,3,0,0
13350,0,1,3,5,1,3.954464,0.495222,3,0,0
13360,1,0,1,3,1,3.953550,0.495125,3,0,0
13370,2,0,3,6,1,3.953589,0.495097,3,0,0
13380,2,1,4,8,1,3.952849,0.495008,3,0,0
13390,2,0,1,4,1,3.952847,0.495021,3,0,0
13400,1,2,1,5,1,3.951610,0.494893,3,0,0
13410,1,2,1,5,1,3.950106,0.494787,3,0,0
13420,0,0,0,1,1,3.949048,0.494682,3,0,0
13430,1,0,0,2,1,3.947611,0.494533,3,0,0
13440,0,0,0,1,1,3.949651,0.494751,3,0,0
13450,0,3,3,7,1,3.949183,0.494719,3,0,0
13460,0,0,0,1,1,3.952231,0.495082,3,0,0
13470,6,3,2,12,1,3.952536,0.495046,3,0,0
13480,0,0,0,0,0,3.953589,0.495167,3,0,0
13490,0,0,0,1,1,3.952931,0.495066,3,0,0
13500,0,2,0,3,1,3.951863,0.494927,3,0,0
13510,0,0,0,0,0,3.952453,0.494954,3,0,0
13520,0,0,1,2,1,3.950362,0.494774,3,0,0
13530,3,1,0,5,1,3.949473,0.494754,3,0,0
13540,1,1,1,4,1,3.949146,0.494657,3,0,0
13550,3,2,0,6,1,3.948621,0.494554,3,0,0
13560,4,8,4,17,1,3.952119,0.494941,3,0,0
13570,4,1,2,8,1,3.957219,0.495538,3,0,0
13580,0,0,1,2,1,3.957293,0.495515,3,0,0
13590,0,0,0,1,1,3.956459,0.495364,3,0,0
13600,0,2,2,5,1,3.954591,0.495180,3,0,0
13610,1,0,0,2,1,3.953340,0.495013,3,0,0
13620,4,0,0,5,1,3.952491,0.494838,3,0,0
13630,3,2,0,6,1,3.951766,0.494729,3,0,0
13640,5,4,2,12,1,3.952454,0.494828,3,0,0
13650,0,1,1,3,1,3.953667,0.494979,3,0,0
13660,1,2,1,5,1,3.952937,0.494923,3,0,0
13670,0,0,0,0,0,3.952844,0.494884,3,0,0
13680,0,0,0,0,0,3.951001,0.494689,3,0,0
13690,0,5,1,7,1,3.950801,0.494659,3,0,0
13700,0,0,0,1,1,3.953418,0.494963,3,0,0
13710,1,4,2,8,1,3.952867,0.494844,3,0,0
13720,0,2,0,3,1,3.952144,0.494771,3,0,0
13730,0,1,1,3,1,3.950901,0.494606,3,0,0
13740,0,0,0,1,1,3.949420,0.494474,3,0,0
13750,7,3,1,12,1,3.949774,0.494545,3,0,0
13760,2,2,0,5,1,3.953243,0.494983,3,0,0
13770,0,0,2,3,1,3.952029,0.494826,3,0,0
13780,1,4,3,9,1,3.951513,0.494769,3,0,0
13790,1,0,1,3,1,3.950907,0.494751,3,0,0
13800,0,0,0,0,0,3.950924,0.494775,3,0,0
13810,0,0,0,1,1,3.952858,0.494990,3,0,0
13820,0,7,1,9,1,3.953983,0.495126,3,0,0
13830,0,0,0,0,0,3.955441,0.495317,3,0,0
13840,2,1,4,8,1,3.954772,0.495277,3,0,0
13850,0,0,0,0,0,3.953444,0.495110,3,0,0
13860,0,0,0,1,1,3.952206,0.494874,3,0,0
13870,0,0,0,0,0,3.951015,0.494773,3,0,0
13880,1,2,3,7,1,3.952145,0.494811,3,0,0
13890,0,0,0,0,0,3.952602,0.494801,3,0,0
13900,2,0,0,3,1,3.951240,0.494608,3,0,0
13910,0,2,0,3,1,3.950990,0.494576,3,0,0
13920,0,0,0,0,0,3.949439,0.494444,3,0,0
13930,0,0,0,1,1,3.948770,0.494350,3,0,0
13940,0,0,0,0,0,3.947892,0.494240,3,0,0
13950,5,0,7,13,1,3.950006,0.494429,3,0,0
13960,0,1,1,3,1,3.950964,0.494526,3,0,0
13970,2,2,3,8,1,3.949509,0.494401,3,0,0
13980,0,0,0,1,1,3.947861,0.494225,3,0,0
13990,0,0,0,1,1,3.946783,0.494081,3,0,0
14000,0,0,0,1,1,3.945884,0.493950,3,0,0
14010,0,0,0,0,0,3.949010,0.494275,3,0,0
14020,0,1,6,8,1,3.949338,0.494337,3,0,0
14030,2,4,2,9,1,3.948607,0.494311,3,0,0
14040,0,0,1,2,1,3.947873,0.494272,3,0,0
14050,0,1,4,6,1,3.948909,0.494370,3,0,0
14060,2,1,2,6,1,3.948662,0.494268,3,0,0
14070,0,0,0,0,0,3.948284,0.494229,3,0,0
14080,0,0,0,0,0,3.947859,0.494110,3,0,0
14090,0,1,0,2,1,3.946330,0.493979,3,0,0
14100,3,0,1,5,1,3.946559,0.494038,3,0,0
14110,0,0,0,0,0,3.944800,0.493852,3,0,0
14120,0,0,0,0,0,3.943025,0.493643,3,0,0
14130,0,0,0,1,1,3.942371,0.493569,3,0,0
14140,2,3,0,6,1,3.940955,0.493383,3,0,0
14150,0,0,0,1,1,3.939363,0.493200,3,0,0
14160,0,3,2,6,1,3.939305,0.493214,3,0,0
14170,0,0,0,1,1,3.938324,0.493143,3,0,0
14180,0,0,1,2,1,3.936575,0.492937,3,0,0
14190,4,2,1,8,1,3.935961,0.492855,3,0,0
14200,0,7,2,10,1,3.942923,0.493678,3,0,0
14210,0,0,0,0,0,3.943183,0.493780,3,0,0
14220,0,0,0,0,0,3.942158,0.493607,3,0,0
14230,0,0,0,0,0,3.943130,0.493750,3,0,0
14240,0,0,0,0,0,3.941050,0.493550,3,0,0
14250,0,1,0,2,1,3.942353,0.493651,3,0,0
14260,1,1,0,3,1,3.941924,0.493558,3,0,0
14270,0,1,1,3,1,3.940706,0.493370,3,0,0
14280,1,1,0,3,1,3.941287,0.493434,3,0,0
14290,0,0,0,1,1,3.943006,0.493597,3,0,0
14300,0,1,0,2,1,3.941236,0.493422,3,0,0
14310,1,0,0,2,1,3.939589,0.493203,3,0,0
14320,0,0,0,0,0,3.938641,0.493083,3,0,0
14330,6,3,1,11,1,3.938931,0.493085,3,0,0
14340,0,3,1,5,1,3.939764,0.493180,3,0,0
14350,0,0,1,2,1,3.939847,0.493177,3,0,0
14360,0,0,2,3,1,3.937999,0.492992,3,0,0
14370,1,0,2,4,1,3.936976,0.492898,3,0,0
14380,0,0,4,5,1,3.937490,0.492975,3,0,0
14390,0,0,0,1,1,3.937733,0.493035,3,0,0
14400,0,0,7,8,1,3.938845,0.493126,3,0,0
14410,2,0,5,8,1,3.939787,0.493239,3,0,0
14420,4,4,5,14,1,3.942504,0.493502,3,0,0
14430,1,0,0,2,1,3.942103,0.493438,3,0,0
14440,1,8,7,17,1,3.942587,0.493404,3,0,0
14450,0,0,0,0,0,3.942223,0.493388,3,0,0
14460,2,1,0,4,1,3.940366,0.493283,3,0,0
14470,0,1,0,2,1,3.939289,0.493140,3,0,0
14480,0,0,0,0,0,3.937325,0.492953,3,0,0
14490,2,0,0,3,1,3.935588,0.492769,3,0,0
14500,0,0,0,0,0,3.935589,0.492747,3,0,0
14510,1,1,5,8,1,3.935430,0.492654,3,0,0
14520,0,0,4,5,1,3.940863,0.493296,3,0,0
14530,1,0,1,3,1,3.942448,0.493468,3,0,0
14540,0,0,1,2,1,3.941800,0.493357,3,0,0
14550,0,1,0,2,1,3.941109,0.493257,3,0,0
14560,0,1,1,3,1,3.940193,0.493155,3,0,0
14570,0,0,0,0,0,3.939541,0.493060,3,0,0
14580,0,1,0,2,1,3.938845,0.492939,3,0,0
14590,1,0,2,4,1,3.937830,0.492794,3,0,0
14600,0,1,2,4,1,3.936687,0.492660,3,0,0
14610,0,1,3,5,1,3.935842,0.492507,3,0,0
14620,0,1,0,2,1,3.934101,0.492360,3,0,0
14630,0,0,0,0,0,3.934900,0.492490,3,0,0
14640,0,0,0,1,1,3.933594,0.492385,3,0,0
14650,0,0,4,5,1,3.931455,0.492150,3,0,0
14660,0,1,3,5,1,3.930473,0.492031,3,0,0
14670,1,0,0,2,1,3.929033,0.491917,3,0,0
14680,0,1,0,2,1,3.927307,0.491696,3,0,0
14690,0,0,3,4,1,3.930496,0.492032,3,0,0
14700,2,0,4,7,1,3.929691,0.491922,3,0,0
14710,0,0,0,0,0,3.931160,0.492135,3,0,0
14720,2,0,0,3,1,3.932371,0.492244,3,0,0
14730,3,4,1,9,1,3.931515,0.492082,3,0,0
14740,4,2,2,9,1,3.932008,0.492114,3,0,0
14750,0,1,1,3,1,3.931810,0.492102,3,0,0
14760,0,0,0,1,1,3.930324,0.491907,3,0,0
14770,0,2,0,3,1,3.929621,0.491806,3,0,0
14780,0,0,1,2,1,3.928481,0.491659,3,0,0
14790,0,0,0,0,0,3.927551,0.491604,3,0,0
14800,0,0,0,0,0,3.926025,0.491463,3,0,0
14810,0,0,0,0,0,3.924964,0.491350,3,0,0
14820,1,0,0,2,1,3.924429,0.491258,3,0,0
14830,0,0,0,0,0,3.924091,0.491207,3,0,0
14840,1,1,0,3,1,3.922559,0.490994,3,0,0
14850,1,1,0,3,1,3.920829,0.490814,3,0,0
14860,1,5,3,10,1,3.919584,0.490666,3,0,0
14870,1,0,0,2,1,3.919279,0.490689,3,0,0
14880,2,0,0,3,1,3.917886,0.490552,3,0,0
14890,5,6,2,14,1,3.921765,0.490996,3,0,0
14900,0,3,0,4,1,3.922746,0.491126,3,0,0
14910,0,0,0,1,1,3.923128,0.491165,3,0,0
14920,0,1,8,10,1,3.927199,0.491546,3,0,0
14930,0,0,0,0,0,3.929237,0.491855,3,0,0
14940,1,0,1,3,1,3.928275,0.491763,3,0,0
14950,0,0,0,1,1,3.927436,0.491665,3,0,0
14960,0,0,0,1,1,3.925897,0.491522,3,0,0
14970,0,0,0,1,1,3.924996,0.491425,3,0,0
14980,0,0,0,0,0,3.922952,0.491201,3,0,0
14990,0,0,0,1,1,3.921026,0.491013,3,0,0
15000,0,0,0,1,1,3.920585,0.490949,3,0,0
15010,0,0,0,0,0,3.924877,0.491469,3,0,0
15020,0,0,1,2,1,3.924062,0.491424,3,0,0
15030,0,0,0,1,1,3.923536,0.491370,3,0,0
15040,0,0,0,0,0,3.922696,0.491276,3,0,0
15050,2,1,4,8,1,3.921783,0.491202,3,0,0
15060,0,0,0,0,0,3.921617,0.491209,3,0,0
15070,0,0,1,2,1,3.920007,0.491039,3,0,0
15080,0,0,0,1,1,3.919647,0.490990,3,0,0
15090,0,0,0,0,0,3.918070,0.490763,3,0,0
15100,0,0,1,2,1,3.917886,0.490723,3,0,0
15110,0,0,0,0,0,3.916619,0.490604,3,0,0
15120,3,6,5,15,1,3.915775,0.490502,3,0,0
15130,4,6,2,13,1,3.923685,0.491439,3,0,0
15140,0,0,0,1,1,3.927710,0.491922,3,0,0
15150,2,0,1,4,1,3.926838,0.491829,3,0,0
15160,6,7,10,24,1,3.929814,0.492172,3,0,0
15170,4,3,0,8,1,3.935558,0.492916,3,0,0
15180,1,1,2,5,1,3.935242,0.492839,3,0,0
15190,0,0,0,0,0,3.934130,0.492683,3,0,0
15200,0,0,0,0,0,3.934340,0.492712,3,0,0
15210,1,0,0,2,1,3.933335,0.492610,3,0,0
15220,5,0,6,12,1,3.934074,0.492645,3,0,0
15230,0,1,1,3,1,3.934408,0.492610,3,0,0
15240,1,5,0,7,1,3.933634,0.492488,3,0,0
15250,1,0,0,2,1,3.932229,0.492316,3,0,0
15260,0,0,0,1,1,3.931138,0.492182,3,0,0
15270,0,2,0,3,1,3.929441,0.492042,3,0,0
15280,0,0,1,2,1,3.929954,0.492114,3,0,0
15290,0,0,0,1,1,3.929576,0.492054,3,0,0
15300,1,1,2,5,1,3.928781,0.491970,3,0,0
15310,0,0,0,1,1,3.929066,0.491916,3,0,0
15320,0,3,1,5,1,3.928611,0.491819,3,0,0
15330,2,6,4,13,1,3.927738,0.491745,3,0,0
15340,0,0,0,0,0,3.930380,0.492104,3,0,0
15350,0,0,0,0,0,3.930613,0.492096,3,0,0
15360,2,0,3,6,1,3.929711,0.491999,3,0,0
15370,5,5,1,12,1,3.930445,0.492058,3,0,0
15380,0,3,0,4,1,3.929916,0.491987,3,0,0
15390,0,0,0,0,0,3.929461,0.491950,3,0,0
15400,0,0,1,2,1,3.928688,0.491845,3,0,0
15410,0,0,0,1,1,3.927008,0.491658,3,0,0
15420,0,0,4,5,1,3.925529,0.491512,3,0,0
15430,0,0,0,1,1,3.925550,0.491530,3,0,0
15440,2,0,0,3,1,3.924194,0.491388,3,0,0
15450,1,0,0,2,1,3.924695,0.491466,3,0,0
15460,2,0,0,3,1,3.923555,0.491346,3,0,0
15470,0,5,3,9,1,3.924833,0.491510,3,0,0
15480,0,0,0,0,0,3.923968,0.491425,3,0,0
15490,0,0,2,3,1,3.923062,0.491307,3,0,0
15500,0,0,0,1,1,3.921959,0.491184,3,0,0
15510,2,4,1,8,1,3.921685,0.491109,3,0,0
15520,0,5,5,11,1,3.920795,0.490985,3,0,0
15530,0,0,0,1,1,3.921342,0.491049,3,0,0
15540,0,0,0,0,0,3.920649,0.490970,3,0,0
15550,1,1,0,3,1,3.918668,0.490816,3,0,0
15560,0,0,0,1,1,3.916926,0.490649,3,0,0
15570,0,2,2,5,1,3.915351,0.490522,3,0,0
15580,0,0,0,1,1,3.915214,0.490531,3,0,0
15590,1,0,1,3,1,3.916395,0.490655,3,0,0
15600,0,0,0,0,0,3.915675,0.490572,3,0,0
15610,0,0,0,0,0,3.914411,0.490448,3,0,0
15620,0,2,0,3,1,3.914275,0.490454,3,0,0
15630,0,5,9,15,1,3.918580,0.490953,3,0,0
15640,0,0,0,0,0,3.919295,0.491030,3,0,0
15650,0,0,0,0,0,3.918264,0.490908,3,0,0
15660,0,2,2,5,1,3.917587,0.490846,3,0,0
15670,0,0,0,1,1,3.917071,0.490753,3,0,0
15680,0,0,2,3,1,3.916382,0.490643,3,0,0
15690,0,0,1,2,1,3.915241,0.490519,3,0,0
15700,3,1,3,8,1,3.914779,0.490445,3,0,0
15710,2,0,1,4,1,3.916478,0.490629,3,0,0
15720,0,0,0,1,1,3.915616,0.490509,3,0,0
15730,0,0,0,0,0,3.914171,0.490366,3,0,0
15740,0,0,0,1,1,3.912655,0.490184,3,0,0
15750,0,0,0,1,1,3.911748,0.490054,3,0,0
15760,2,8,7,18,1,3.914784,0.490406,3,0,0
15770,0,0,0,1,1,3.918659,0.490891,3,0,0
15780,2,4,2,9,1,3.917760,0.490793,3,0,0
15790,2,1,1,5,1,3.916407,0.490650,3,0,0
15800,2,8,1,12,1,3.919339,0.490954,3,0,0
15810,5,1,0,7,1,3.921066,0.491123,3,0,0
15820,0,0,1,2,1,3.921932,0.491251,3,0,0
15830,5,4,0,10,1,3.923256,0.491342,3,0,0
15840,0,1,1,3,1,3.925311,0.491564,3,0,0
15850,0,0,0,1,1,3.924321,0.491432,3,0,0
15860,1,0,4,6,1,3.924002,0.491368,3,0,0
15870,0,0,0,0,0,3.922680,0.491233,3,0,0
15880,1,2,7,11,1,3.922499,0.491182,3,0,0
15890,3,2,0,6,1,3.923708,0.491352,3,0,0
15900,1,0,0,2,1,3.923367,0.491325,3,0,0
15910,0,0,0,0,0,3.922741,0.491261,3,0,0
15920,0,4,0,5,1,3.921452,0.491107,3,0,0
15930,1,0,6,8,1,3.920332,0.490985,3,0,0
15940,0,3,1,5,1,3.921099,0.491058,3,0,0
15950,1,5,4,11,1,3.919894,0.490887,3,0,0
15960,2,5,1,9,1,3.921493,0.491037,3,0,0
15970,11,1,3,16,1,3.922898,0.491177,3,0,0
15980,0,0,0,0,0,3.924913,0.491456,3,0,0
15990,0,3,3,7,1,3.925962,0.491537,3,0,0
16000,0,0,0,0,0,3.925501,0.491459,3,0,0
16010,0,1,0,2,1,3.924443,0.491365,3,0,0
16020,0,1,3,5,1,3.925600,0.491440,3,0,0
16030,2,1,0,4,1,3.924492,0.491320,3,0,0
16040,0,3,1,5,1,3.923756,0.491197,3,0,0
16050,0,1,0,2,1,3.926498,0.491528,3,0,0
16060,0,0,0,0,0,3.926271,0.491495,3,0,0
16070,0,0,0,0,0,3.924974,0.491375,3,0,0
16080,0,0,0,1,1,3.923410,0.491178,3,0,0
16090,0,1,1,3,1,3.923064,0.491135,3,0,0
16100,1,0,0,2,1,3.922427,0.491062,3,0,0
16110,0,0,0,1,1,3.921435,0.490957,3,0,0
16120,8,6,5,20,1,3.923484,0.491132,3,0,0
16130,5,1,0,7,1,3.932989,0.492318,3,0,0
16140,1,1,1,4,1,3.933932,0.492436,3,0,0
16150,0,0,0,0,0,3.932767,0.492286,3,0,0
16160,0,0,0,0,0,3.931550,0.492125,3,0,0
16170,2,3,1,7,1,3.931614,0.492125,3,0,0
16180,0,0,0,1,1,3.929879,0.491957,3,0,0
16190,1,1,0,3,1,3.928712,0.491788,3,0,0
16200,0,0,0,1,1,3.927591,0.491643,3,0,0
16210,0,0,1,2,1,3.927434,0.491642,3,0,0
16220,0,2,0,3,1,3.926205,0.491503,3,0,0
16230,0,0,0,1,1,3.924591,0.491319,3,0,0
16240,0,0,0,0,0,3.924614,0.491295,3,0,0
16250,4,1,0,6,1,3.923696,0.491176,3,0,0
16260,0,0,0,0,0,3.927666,0.491665,3,0,0
16270,0,1,1,3,1,3.926524,0.491541,3,0,0
16280,0,0,2,3,1,3.925676,0.491453,3,0,0
16290,0,1,0,2,1,3.925040,0.491365,3,0,0
16300,3,5,2,11,1,3.925682,0.491464,3,0,0
16310,0,0,0,0,0,3.927278,0.491709,3,0,0
16320,0,0,0,0,0,3.925724,0.491566,3,0,0
16330,0,0,0,0,0,3.926592,0.491678,3,0,0
16340,1,2,7,11,1,3.926443,0.491667,3,0,0
16350,3,3,2,9,1,3.928776,0.491932,3,0,0
16360,1,5,3,10,1,3.930721,0.492141,3,0,0
16370,0,1,4,6,1,3.931825,0.492316,3,0,0
16380,1,1,0,3,1,3.930467,0.492138,3,0,0
16390,2,1,0,4,1,3.932235,0.492340,3,0,0
16400,0,0,0,0,0,3.931715,0.492252,3,0,0
16410,0,0,0,1,1,3.930229,0.492069,3,0,0
16420,0,0,0,1,1,3.929015,0.491947,3,0,0
16430,0,4,2,7,1,3.928285,0.491829,3,0,0
16440,0,1,4,6,1,3.927812,0.491754,3,0,0
16450,0,0,0,0,0,3.926901,0.491662,3,0,0
16460,0,2,1,4,1,3.925485,0.491507,3,0,0
16470,0,1,0,2,1,3.925738,0.491538,3,0,0
16480,0,0,0,1,1,3.924854,0.491412,3,0,0
16490,0,0,0,1,1,3.923931,0.491303,3,0,0
16500,0,1,0,2,1,3.925567,0.491467,3,0,0
16510,0,0,1,2,1,3.924914,0.491414,3,0,0
16520,1,2,2,6,1,3.923604,0.491265,3,0,0
16530,0,0,0,0,0,3.923565,0.491263,3,0,0
16540,0,7,0,8,1,3.923439,0.491280,3,0,0
16550,1,1,1,4,1,3.922567,0.491170,3,0,0
16560,0,2,2,5,1,3.922739,0.491158,3,0,0
16570,0,1,0,2,1,3.922712,0.491176,3,0,0
16580,0,0,0,0,0,3.923537,0.491290,3,0,0
16590,0,1,1,3,1,3.923348,0.491251,3,0,0
16600,1,1,0,3,1,3.922971,0.491196,3,0,0
16610,0,0,0,0,0,3.922311,0.491150,3,0,0
16620,0,0,0,0,0,3.922992,0.491213,3,0,0
16630,0,0,0,0,0,3.921876,0.491091,3,0,0
16640,0,0,0,0,0,3.921235,0.490995,3,0,0
16650,0,2,1,4,1,3.920135,0.490820,3,0,0
16660,3,3,1,8,1,3.919406,0.490717,3,0,0
16670,2,5,0,8,1,3.925040,0.491400,3,0,0
16680,2,5,3,11,1,3.925314,0.491434,3,0,0
16690,0,0,0,0,0,3.925612,0.491497,3,0,0
16700,0,0,0,1,1,3.923957,0.491304,3,0,0
16710,8,1,2,12,1,3.926029,0.491518,3,0,0
16720,0,2,0,3,1,3.925016,0.491417,3,0,0
16730,2,1,2,6,1,3.926038,0.491508,3,0,0
16740,0,0,0,1,1,3.926445,0.491554,3,0,0
16750,0,0,0,0,0,3.925324,0.491454,3,0,0
16760,0,1,3,5,1,3.923897,0.491293,3,0,0
16770,0,0,0,1,1,3.923684,0.491240,3,0,0
16780,4,3,1,9,1,3.925792,0.491471,3,0,0
16790,0,0,0,1,1,3.924912,0.491397,3,0,0
16800,0,0,0,0,0,3.923678,0.491231,3,0,0
16810,0,0,0,0,0,3.922240,0.491058,3,0,0
16820,0,0,0,0,0,3.920890,0.490936,3,0,0
16830,0,3,1,5,1,3.919970,0.490747,3,0,0
16840,0,0,0,0,0,3.919715,0.490675,3,0,0
16850,1,0,0,2,1,3.918507,0.490534,3,0,0
16860,0,0,1,2,1,3.917085,0.490406,3,0,0
16870,3,1,3,8,1,3.916324,0.490289,3,0,0
16880,0,0,2,3,1,3.915713,0.490219,3,0,0
16890,0,0,0,0,0,3.915475,0.490225,3,0,0
16900,1,0,0,2,1,3.914800,0.490155,3,0,0
16910,0,3,3,7,1,3.913649,0.490036,3,0,0
16920,0,0,0,0,0,3.915466,0.490234,3,0,0
16930,0,0,0,1,1,3.917022,0.490392,3,0,0
16940,2,1,3,7,1,3.916110,0.490266,3,0,0
16950,0,0,0,0,0,3.915379,0.490214,3,0,0
16960,0,0,0,0,0,3.913615,0.490033,3,0,0
16970,0,2,1,4,1,3.913012,0.489971,3,0,0
16980,0,0,0,0,0,3.911282,0.489851,3,0,0
16990,0,0,0,1,1,3.911425,0.489887,3,0,0
17000,0,0,1,2,1,3.911241,0.489899,3,0,0
17010,0,0,1,2,1,3.909790,0.489739,3,0,0
17020,0,1,0,2,1,3.911788,0.489967,3,0,0
17030,4,2,4,11,1,3.910985,0.489873,3,0,0
17040,10,4,6,21,1,3.916620,0.490531,3,0,0
17050,8,0,2,11,1,3.922380,0.491274,3,0,0
17060,0,0,0,0,0,3.921934,0.491250,3,0,0
17070,2,3,1,7,1,3.922257,0.491207,3,0,0
17080,3,0,3,7,1,3.923566,0.491334,3,0,0
17090,2,0,1,4,1,3.922209,0.491199,3,0,0
17100,0,6,2,9,1,3.922921,0.491317,3,0,0
17110,0,0,0,1,1,3.922893,0.491298,3,0,0
17120,0,0,0,1,1,3.922800,0.491297,3,0,0
17130,0,0,0,1,1,3.921055,0.491128,3,0,0
17140,3,3,3,10,1,3.928543,0.492012,3,0,0
17150,0,0,0,0,0,3.928532,0.492006,3,0,0
17160,0,1,1,3,1,3.926926,0.491822,3,0,0
17170,0,0,0,0,0,3.926057,0.491720,3,0,0
17180,0,0,0,1,1,3.925352,0.491631,3,0,0
17190,6,4,2,13,1,3.923898,0.491463,3,0,0
17200,0,0,2,3,1,3.925861,0.491726,3,0,0
17210,0,2,0,3,1,3.924503,0.491563,3,0,0
17220,2,8,4,15,1,3.924754,0.491579,3,0,0
17230,2,0,5,8,1,3.929334,0.492120,3,0,0
17240,2,2,2,7,1,3.931688,0.492404,3,0,0
17250,2,2,0,5,1,3.931494,0.492386,3,0,0
17260,0,1,1,3,1,3.930171,0.492248,3,0,0
17270,7,0,1,9,1,3.931826,0.492430,3,0,0
17280,0,0,0,0,0,3.932862,0.492538,3,0,0
17290,1,2,4,8,1,3.932211,0.492456,3,0,0
17300,0,0,0,0,0,3.931794,0.492442,3,0,0
17310,1,0,0,2,1,3.930723,0.492307,3,0,0
17320,0,0,0,0,0,3.930537,0.492298,3,0,0
17330,0,0,0,0,0,3.929619,0.492225,3,0,0
17340,1,1,0,3,1,3.928542,0.492086,3,0,0
17350,0,0,0,1,1,3.927543,0.491957,3,0,0
17360,0,0,0,0,0,3.926741,0.491873,3,0,0
17370,2,0,0,3,1,3.925523,0.491717,3,0,0
17380,1,1,0,3,1,3.924782,0.491634,3,0,0
17390,0,0,0,1,1,3.924067,0.491554,3,0,0
17400,1,0,1,3,1,3.922984,0.491453,3,0,0
17410,1,1,0,3,1,3.921604,0.491294,3,0,0
17420,0,0,0,0,0,3.921405,0.491254,3,0,0
17430,1,0,1,3,1,3.920034,0.491107,3,0,0
17440,0,1,0,2,1,3.918641,0.490981,3,0,0
17450,3,1,2,7,1,3.918375,0.490915,3,0,0
17460,0,0,0,0,0,3.918618,0.490927,3,0,0
17470,0,0,1,2,1,3.917069,0.490793,3,0,0
17480,0,0,0,1,1,3.916166,0.490686,3,0,0
17490,0,0,0,1,1,3.915002,0.490588,3,0,0
17500,2,0,2,5,1,3.914179,0.490502,3,0,0
17510,1,0,0,2,1,3.915351,0.490676,3,0,0
17520,0,0,0,1,1,3.914025,0.490531,3,0,0
17530,0,0,3,4,1,3.913973,0.490506,3,0,0
17540,3,1,1,6,1,3.913473,0.490428,3,0,0
17550,0,0,0,0,0,3.912107,0.490309,3,0,0
17560,2,1,0,4,1,3.911560,0.490275,3,0,0
17570,3,2,2,8,1,3.913057,0.490430,3,0,0
17580,1,0,0,2,1,3.912953,0.490434,3,0,0
17590,2,0,1,4,1,3.911510,0.490312,3,0,0
17600,3,0,0,4,1,3.910544,0.490228,3,0,0
17610,0,0,0,0,0,3.910001,0.490149,3,0,0
17620,1,0,3,5,1,3.910330,0.490196,3,0,0
17630,2,1,1,5,1,3.909551,0.490154,3,0,0
17640,0,1,2,4,1,3.908951,0.490070,3,0,0
17650,0,1,0,2,1,3.907940,0.489981,3,0,0
17660,1,0,0,2,1,3.906152,0.489819,3,0,0
17670,0,0,0,1,1,3.905076,0.489676,3,0,0
17680,0,0,0,0,0,3.904535,0.489628,3,0,0
17690,0,0,0,0,0,3.903372,0.489537,3,0,0
17700,2,10,5,18,1,3.903713,0.489558,3,0,0
17710,0,0,0,0,0,3.906051,0.489864,3,0,0
17720,0,0,0,1,1,3.905921,0.489847,3,0,0
17730,1,1,3,6,1,3.905316,0.489791,3,0,0
17740,0,0,0,0,0,3.904819,0.489759,3,0,0
17750,3,0,2,6,1,3.904796,0.489738,3,0,0
17760,1,1,0,3,1,3.908073,0.490151,3,0,0
17770,2,0,1,4,1,3.907673,0.490097,3,0,0
17780,1,1,0,3,1,3.906279,0.489921,3,0,0
17790,1,0,0,2,1,3.906391,0.489927,3,0,0
17800,0,5,0,6,1,3.907396,0.490025,3,0,0
17810,0,1,0,2,1,3.906463,0.489948,3,0,0
17820,0,0,0,1,1,3.904872,0.489758,3,0,0
17830,0,0,3,4,1,3.904394,0.489711,3,0,0
17840,0,0,0,0,0,3.904182,0.489663,3,0,0
17850,1,2,1,5,1,3.903315,0.489567,3,0,0
17860,1,3,0,5,1,3.902007,0.489443,3,0,0
17870,0,1,3,5,1,3.902037,0.489412,3,0,0
17880,7,0,0,8,1,3.902920,0.489515,3,0,0
17890,2,1,2,6,1,3.902172,0.489433,3,0,0
17900,1,0,0,2,1,3.901072,0.489291,3,0,0
17910,0,0,0,0,0,3.901205,0.489290,3,0,0
17920,0,0,0,1,1,3.900349,0.489171,3,0,0
17930,2,0,0,3,1,3.899387,0.489060,3,0,0
17940,1,0,0,2,1,3.898621,0.488977,3,0,0
17950,0,0,0,0,0,3.898066,0.488910,3,0,0
17960,0,0,0,0,0,3.896853,0.488773,3,0,0
17970,0,0,0,1,1,3.898828,0.488993,3,0,0
17980,0,0,0,1,1,3.897778,0.488857,3,0,0
17990,2,0,0,3,1,3.898075,0.488887,3,0,0
18000,0,0,0,0,0,3.897695,0.488845,3,0,0
18010,2,1,1,5,1,3.898761,0.488940,3,0,0
18020,3,2,1,7,1,3.899789,0.489048,3,0,0
18030,0,0,0,0,0,3.898332,0.488932,3,0,0
18040,6,7,20,34,1,3.903549,0.489504,3,0,3
18050,3,2,7,13,1,3.913774,0.490772,3,0,6
18060,2,2,1,6,1,3.913819,0.490817,3,0,6
18070,0,0,0,0,0,3.912605,0.490705,3,0,6
18080,0,0,0,0,0,3.911317,0.490549,3,0,6
18090,0,0,0,0,0,3.910481,0.490440,3,0,6
18100,5,1,3,10,1,3.910011,0.490404,3,0,6
18110,0,1,0,2,1,3.909686,0.490345,3,0,6
18120,0,0,0,1,1,3.911025,0.490489,3,0,6
18130,0,0,1,2,1,3.910063,0.490401,3,0,6
18140,0,0,0,0,0,3.909444,0.490350,3,0,6
18150,1,5,0,7,1,3.909715,0.490383,3,0,6
18160,0,0,0,1,1,3.911631,0.490632,3,0,6
18170,0,0,1,2,1,3.910561,0.490517,3,0,6
18180,0,0,0,1,1,3.910157,0.490452,3,0,6
18190,0,2,1,4,1,3.909540,0.490364,3,0,6
18200,0,2,2,5,1,3.909195,0.490330,3,0,6
18210,1,1,1,4,1,3.908895,0.490298,3,0,6
18220,0,2,0,3,1,3.907484,0.490188,3,0,6
18230,1,0,0,2,1,3.906072,0.490023,3,0,6
18240,0,0,0,0,0,3.906081,0.490020,3,0,6
18250,0,1,0,2,1,3.905834,0.489991,3,0,6
18260,2,0,2,5,1,3.905165,0.489879,3,0,6
18270,5,7,1,14,1,3.910009,0.490449,3,0,6
18280,4,1,1,7,1,3.911619,0.490630,3,0,6
18290,0,0,0,0,0,3.911295,0.490598,3,0,6
18300,0,0,0,0,0,3.909948,0.490452,3,0,6
18310,2,1,1,5,1,3.908731,0.490325,3,0,6
18320,5,5,4,15,1,3.909073,0.490307,3,0,6
18330,1,2,0,4,1,3.910893,0.490538,3,0,6
18340,0,0,0,0,0,3.909712,0.490442,3,0,6
18350,0,0,1,2,1,3.910211,0.490527,3,0,6
18360,0,0,4,5,1,3.909454,0.490452,3,0,6
18370,0,0,0,1,1,3.909367,0.490463,3,0,6
18380,1,0,1,3,1,3.908470,0.490349,3,0,6
18390,3,0,1,5,1,3.908367,0.490346,3,0,6
18400,0,0,0,1,1,3.907590,0.490267,3,0,6
18410,0,0,0,0,0,3.906003,0.490101,3,0,6
18420,0,0,0,0,0,3.904726,0.489949,3,0,6
18430,0,3,0,4,1,3.905460,0.489997,3,0,6
18440,4,2,4,11,1,3.905510,0.490026,3,0,6
18450,2,3,2,8,1,3.905252,0.490012,3,0,6
18460,2,0,0,3,1,3.905046,0.489985,3,0,6
18470,5,3,1,10,1,3.904753,0.489964,3,0,6
18480,3,4,6,14,1,3.907864,0.490337,3,0,6
18490,2,0,0,3,1,3.908494,0.490398,3,0,6
18500,0,0,0,1,1,3.909090,0.490476,3,0,6
18510,0,0,0,0,0,3.909993,0.490588,3,0,6
18520,1,1,0,3,1,3.910239,0.490624,3,0,6
18530,2,0,1,4,1,3.909795,0.490571,3,0,6
18540,0,0,0,0,0,3.908892,0.490497,3,0,6
18550,0,0,3,4,1,3.909726,0.490577,3,0,6
18560,4,0,1,6,1,3.908855,0.490460,3,0,6
18570,8,7,3,19,1,3.909887,0.490562,3,0,6
18580,1,0,3,5,1,3.911271,0.490774,3,0,6
18590,1,0,1,3,1,3.910696,0.490698,3,0,6
18600,2,0,2,5,1,3.909795,0.490577,3,0,6
18610,0,0,0,1,1,3.908738,0.490480,3,0,6
18620,0,0,0,1,1,3.908118,0.490418,3,0,6
18630,2,0,3,6,1,3.907021,0.490302,3,0,6
18640,0,0,0,0,0,3.907143,0.490290,3,0,6
18650,0,0,0,0,0,3.905998,0.490168,3,0,6
18660,0,0,0,1,1,3.904590,0.490017,3,0,6
18670,0,0,0,0,0,3.904158,0.489939,3,0,6
18680,0,0,0,0,0,3.903093,0.489814,3,0,6
18690,2,0,0,3,1,3.901638,0.489637,3,0,6
18700,0,0,1,2,1,3.900992,0.489535,3,0,6
18710,0,0,0,1,1,3.900223,0.489454,3,0,6
18720,0,0,0,0,0,3.899886,0.489427,3,0,6
18730,0,6,1,8,1,3.899824,0.489395,3,0,6
18740,0,0,0,1,1,3.903967,0.489908,3,0,6
18750,0,0,0,1,1,3.903844,0.489839,3,0,6
18760,1,2,0,4,1,3.903016,0.489763,3,0,6
18770,0,0,0,1,1,3.901980,0.489678,3,0,6
18780,1,0,1,3,1,3.900884,0.489562,3,0,6
18790,3,6,2,12,1,3.905425,0.490076,3,0,6
18800,0,2,2,5,1,3.905321,0.490065,3,0,6
18810,1,0,0,2,1,3.904288,0.489954,3,0,6
18820,3,0,1,5,1,3.904417,0.489969,3,0,6
18830,1,0,0,2,1,3.903859,0.489953,3,0,6
18840,0,0,3,4,1,3.902957,0.489829,3,0,6
18850,0,1,0,2,1,3.901732,0.489746,3,0,6
18860,0,1,1,3,1,3.901611,0.489746,3,0,6
18870,0,0,3,4,1,3.901044,0.489654,3,0,6
18880,6,4,0,11,1,3.902240,0.489794,3,0,6
18890,0,4,3,8,1,3.907323,0.490431,3,0,6
18900,0,0,0,0,0,3.906312,0.490296,3,0,6
18910,1,0,1,3,1,3.904937,0.490165,3,0,6
18920,2,8,3,14,1,3.906387,0.490326,3,0,6
18930,0,0,0,0,0,3.905929,0.490326,3,0,6
18940,1,1,1,4,1,3.905115,0.490213,3,0,6
18950,0,3,2,6,1,3.903995,0.490114,3,0,6
18960,0,0,0,1,1,3.903097,0.490010,3,0,6
18970,3,2,1,7,1,3.902609,0.489931,3,0,6
18980,0,2,3,6,1,3.904017,0.490090,3,0,6
18990,0,0,0,0,0,3.902810,0.489983,3,0,6
19000,0,0,0,1,1,3.901489,0.489855,3,0,6
19010,3,0,2,6,1,3.899922,0.489699,3,0,6
19020,2,2,1,6,1,3.898799,0.489580,3,0,6
19030,2,0,2,5,1,3.898026,0.489481,3,0,6
19040,5,5,1,12,1,3.898386,0.489467,3,0,6
19050,0,0,0,0,0,3.898997,0.489549,3,0,6
19060,0,0,0,0,0,3.898051,0.489452,3,0,6
19070,1,0,2,4,1,3.896967,0.489318,3,0,6
19080,1,1,0,3,1,3.899883,0.489654,3,0,6
19090,0,0,0,1,1,3.898914,0.489538,3,0,6
19100,0,0,0,0,0,3.897811,0.489449,3,0,6
19110,0,2,0,3,1,3.897123,0.489349,3,0,6
19120,4,3,1,9,1,3.896074,0.489203,3,0,6
19130,0,1,2,4,1,3.896202,0.489225,3,0,6
19140,0,0,0,0,0,3.894972,0.489095,3,0,6
19150,0,0,0,0,0,3.896723,0.489284,3,0,6
19160,0,2,0,3,1,3.895822,0.489199,3,0,6
19170,2,4,1,8,1,3.895718,0.489198,3,0,6
19180,0,1,1,3,1,3.897553,0.489408,3,0,6
19190,0,0,0,0,0,3.896281,0.489292,3,0,6
19200,1,4,3,9,1,3.900038,0.489714,3,0,6
19210,1,0,2,4,1,3.899057,0.489622,3,0,6
19220,1,0,2,4,1,3.898621,0.489585,3,0,6
19230,0,0,0,1,1,3.897280,0.489431,3,0,6
19240,5,0,4,10,1,3.897295,0.489403,3,0,6
19250,3,0,1,5,1,3.898497,0.489550,3,0,6
19260,1,8,2,12,1,3.898231,0.489461,3,0,6
19270,1,4,2,8,1,3.899120,0.489600,3,0,6
19280,0,0,0,0,0,3.902832,0.490043,3,0,6
19290,0,1,0,2,1,3.902561,0.489966,3,0,6
19300,1,2,0,4,1,3.902477,0.489936,3,0,6
19310,0,1,2,4,1,3.901590,0.489845,3,0,6
19320,0,0,3,4,1,3.900624,0.489739,3,0,6
19330,0,3,8,12,1,3.901610,0.489858,3,0,6
19340,2,0,2,5,1,3.901758,0.489876,3,0,6
19350,5,0,2,8,1,3.906138,0.490412,3,0,6
19360,0,0,0,0,0,3.906011,0.490401,3,0,6
19370,0,0,0,1,1,3.904337,0.490247,3,0,6
19380,4,2,2,9,1,3.903414,0.490168,3,0,6
19390,0,0,0,0,0,3.902049,0.490069,3,0,6
19400,1,1,0,3,1,3.901109,0.489956,3,0,6
19410,0,1,0,2,1,3.899863,0.489808,3,0,6
19420,3,2,1,7,1,3.898989,0.489709,3,0,6
19430,2,0,3,6,1,3.898301,0.489612,3,0,6
19440,0,0,0,1,1,3.899175,0.489737,3,0,6
19450,2,2,6,11,1,3.899495,0.489734,3,0,6
19460,2,3,2,8,1,3.900223,0.489793,3,0,6
19470,1,6,1,9,1,3.899405,0.489699,3,0,6
19480,3,4,3,11,1,3.898869,0.489621,3,0,6
19490,0,0,0,0,0,3.899901,0.489715,3,0,6
19500,0,1,0,2,1,3.898516,0.489561,3,0,6
19510,0,0,0,1,1,3.898034,0.489497,3,0,6
19520,0,0,0,1,1,3.897020,0.489356,3,0,6
19530,0,1,0,2,1,3.895718,0.489203,3,0,6
19540,2,1,1,5,1,3.895504,0.489197,3,0,6
19550,4,12,6,23,1,3.898505,0.489557,3,0,6
19560,2,2,2,7,1,3.902631,0.490078,3,0,6
19570,0,0,0,1,1,3.903784,0.490237,3,0,6
19580,0,0,0,1,1,3.903162,0.490145,3,0,6
19590,0,0,0,0,0,3.902269,0.490035,3,0,6
19600,5,5,0,11,1,3.903289,0.490109,3,0,6
19610,0,0,0,1,1,3.905650,0.490407,3,0,6
19620,1,1,0,3,1,3.905310,0.490388,3,0,6
19630,0,0,0,1,1,3.905375,0.490376,3,0,6
19640,0,0,0,0,0,3.904340,0.490283,3,0,6
19650,1,2,0,4,1,3.903016,0.490134,3,0,6
19660,0,0,0,0,0,3.902095,0.490008,3,0,6
19670,2,1,1,5,1,3.902579,0.490077,3,0,6
19680,2,0,3,6,1,3.902516,0.490018,3,0,6
19690,0,1,0,2,1,3.901354,0.489899,3,0,6
19700,0,0,0,0,0,3.900488,0.489830,3,0,6
19710,0,2,6,9,1,3.900169,0.489786,3,0,6
19720,1,1,1,4,1,3.901073,0.489854,3,0,6
19730,0,0,0,0,0,3.902160,0.489990,3,0,6
19740,1,0,1,3,1,3.902187,0.489982,3,0,6
19750,0,0,0,1,1,3.901726,0.489924,3,0,6
19760,0,0,0,1,1,3.900651,0.489784,3,0,6
19770,0,2,0,3,1,3.900674,0.489786,3,0,6
19780,0,1,1,3,1,3.899849,0.489712,3,0,6
19790,2,0,0,3,1,3.899394,0.489670,3,0,6
19800,0,0,0,1,1,3.898879,0.489623,3,0,6
19810,0,0,0,0,0,3.898216,0.489541,3,0,6
19820,0,0,0,1,1,3.897622,0.489515,3,0,6
19830,0,0,2,3,1,3.898476,0.489609,3,0,6
19840,0,1,0,2,1,3.897655,0.489504,3,0,6
19850,0,0,0,0,0,3.896567,0.489379,3,0,6
19860,0,0,0,1,1,3.896009,0.489292,3,0,6
19870,0,0,1,2,1,3.894887,0.489184,3,0,6
19880,0,0,0,0,0,3.894002,0.489087,3,0,6
19890,0,0,0,1,1,3.893046,0.488991,3,0,6
19900,0,0,0,1,1,3.892498,0.488890,3,0,6
19910,0,1,0,2,1,3.891775,0.488823,3,0,6
19920,0,1,1,3,1,3.890574,0.488720,3,0,6
19930,0,0,0,1,1,3.890547,0.488666,3,0,6
19940,1,0,1,3,1,3.889903,0.488615,3,0,6
19950,5,9,1,16,1,3.890308,0.488640,3,0,6
19960,2,0,6,9,1,3.892367,0.488888,3,0,6
19970,0,0,0,0,0,3.891962,0.488879,3,0,6
19980,7,0,2,10,1,3.891172,0.488763,3,0,6
19990,1,1,0,3,1,3.890377,0.488748,3,0,6
20000,2,0,2,5,1,3.889930,0.488660,3,0,6
20010,0,0,0,0,0,3.890183,0.488697,3,0,6
20020,1,9,4,15,1,3.892576,0.488953,3,0,6
20030,3,1,1,6,1,3.892535,0.488941,3,0,6
20040,1,0,2,4,1,3.892872,0.488967,3,0,6
20050,3,2,1,7,1,3.893949,0.489095,3,0,6
20060,1,0,1,3,1,3.894404,0.489154,3,0,6
20070,0,0,0,1,1,3.893093,0.489006,3,0,6
20080,6,5,0,12,1,3.892886,0.488942,3,0,6
20090,2,1,0,4,1,3.893771,0.489055,3,0,6
20100,0,0,0,1,1,3.892744,0.488980,3,0,6
20110,1,0,2,4,1,3.892412,0.488922,3,0,6
20120,2,2,0,5,1,3.893513,0.489035,3,0,6
20130,1,1,0,3,1,3.892432,0.488913,3,0,6
20140,0,0,0,0,0,3.891444,0.488824,3,0,6
20150,0,0,1,2,1,3.890685,0.488728,3,0,6
20160,2,8,0,11,1,3.893130,0.488985,3,0,6
20170,0,0,0,0,0,3.896165,0.489344,3,0,6
20180,0,2,0,3,1,3.895190,0.489214,3,0,6
20190,0,0,0,0,0,3.894560,0.489140,3,0,6
20200,0,0,0,1,1,3.893547,0.489008,3,0,6
20210,0,1,2,4,1,3.892920,0.488895,3,0,6
20220,0,0,0,0,0,3.891782,0.488751,3,0,6
20230,0,0,2,3,1,3.891354,0.488684,3,0,6
20240,1,0,0,2,1,3.891320,0.488703,3,0,6
20250,0,0,0,1,1,3.891388,0.488710,3,0,6
20260,1,0,0,2,1,3.890113,0.488588,3,0,6
20270,0,0,1,2,1,3.889019,0.488477,3,0,6
20280,0,1,3,5,1,3.889709,0.488541,3,0,6
20290,0,3,2,6,1,3.888768,0.488449,3,0,6
20300,0,0,0,0,0,3.889984,0.488586,3,0,6
20310,3,3,5,12,1,3.889852,0.488507,3,0,6
20320,1,2,0,4,1,3.892246,0.488807,3,0,6
20330,4,13,5,23,1,3.895793,0.489206,3,0,6
20340,6,0,1,8,1,3.901699,0.489949,3,0,6
20350,1,0,0,2,1,3.903189,0.490120,3,0,6
20360,1,2,0,4,1,3.902739,0.490054,3,0,6
20370,1,1,2,5,1,3.902345,0.489961,3,0,6
20380,0,0,0,1,1,3.904814,0.490288,3,0,6
20390,0,0,0,0,0,3.904152,0.490204,3,0,6
20400,0,0,0,0,0,3.903661,0.490078,3,0,6
20410,0,1,0,2,1,3.904124,0.490126,3,0,6
20420,0,0,0,0,0,3.903923,0.490099,3,0,6
20430,3,2,1,7,1,3.903627,0.490046,3,0,6
20440,0,0,0,0,0,3.903367,0.490012,3,0,6
20450,2,0,0,3,1,3.902693,0.489903,3,0,6
20460,3,0,1,5,1,3.901426,0.489800,3,0,6
20470,0,0,0,0,0,3.902456,0.489970,3,0,6
20480,1,4,1,7,1,3.902990,0.490042,3,0,6
20490,2,0,1,4,1,3.902848,0.490005,3,0,6
20500,2,2,5,10,1,3.903494,0.490064,3,0,6
20510,0,0,0,1,1,3.902750,0.489970,3,0,6
20520,0,0,0,0,0,3.901653,0.489897,3,0,6
20530,0,0,0,1,1,3.901031,0.489824,3,0,6
20540,3,2,0,6,1,3.903742,0.490109,3,0,6
20550,1,2,3,7,1,3.903765,0.490123,3,0,6
20560,1,2,2,6,1,3.903942,0.490138,3,0,6
20570,2,1,1,5,1,3.903078,0.489993,3,0,6
20580,1,0,3,5,1,3.903252,0.490038,3,0,6
20590,0,0,0,0,0,3.902630,0.489964,3,0,6
20600,1,0,2,4,1,3.903875,0.490111,3,0,6
20610,1,0,0,2,1,3.903291,0.490030,3,0,6
20620,2,2,2,7,1,3.902630,0.489946,3,0,6
20630,0,0,3,4,1,3.904359,0.490160,3,0,6
20640,0,0,0,0,0,3.904000,0.490104,3,0,6
20650,0,0,0,0,0,3.903683,0.490055,3,0,6
20660,0,2,3,6,1,3.903091,0.489979,3,0,6
20670,0,3,3,7,1,3.904339,0.490117,3,0,6
20680,3,0,0,4,1,3.903828,0.490079,3,0,6
20690,0,0,1,2,1,3.902723,0.489942,3,0,6
20700,0,2,1,4,1,3.902065,0.489855,3,0,6
20710,3,0,3,7,1,3.902542,0.489908,3,0,6
20720,0,0,0,1,1,3.903475,0.490030,3,0,6
20730,2,1,2,6,1,3.902749,0.489947,3,0,6
20740,2,3,2,8,1,3.902971,0.489986,3,0,6
20750,1,0,1,3,1,3.902094,0.489910,3,0,6
20760,1,3,4,9,1,3.903145,0.489985,3,0,6
20770,1,2,1,5,1,3.903451,0.490019,3,0,6
20780,0,0,0,1,1,3.903819,0.490065,3,0,6
20790,1,0,1,3,1,3.903287,0.489955,3,0,6
20800,4,5,4,14,1,3.903853,0.490031,3,0,6
20810,0,1,0,2,1,3.903881,0.490025,3,0,6
20820,0,9,1,11,1,3.905222,0.490213,3,0,6
20830,0,0,0,0,0,3.905642,0.490259,3,0,6
20840,4,3,0,8,1,3.905363,0.490205,3,0,6
20850,3,0,0,4,1,3.904391,0.490091,3,0,6
20860,5,2,3,11,1,3.903998,0.490005,3,0,6
20870,5,3,6,15,1,3.905512,0.490194,3,0,6
20880,1,0,1,3,1,3.905367,0.490196,3,0,6
20890,0,1,0,2,1,3.904506,0.490081,3,0,6
20900,1,0,0,2,1,3.904050,0.489981,3,0,6
20910,2,3,0,6,1,3.903728,0.489928,3,0,6
20920,2,1,0,4,1,3.903548,0.489905,3,0,6
20930,2,1,1,5,1,3.903649,0.489934,3,0,6
20940,0,0,0,0,0,3.902929,0.489872,3,0,6
20950,2,1,3,7,1,3.902327,0.489801,3,0,6
20960,0,4,4,9,1,3.901914,0.489746,3,0,6
20970,0,0,0,1,1,3.901885,0.489753,3,0,6
20980,0,0,0,1,1,3.901571,0.489727,3,0,6
20990,1,2,0,4,1,3.900587,0.489623,3,0,6
21000,1,4,2,8,1,3.899726,0.489520,3,0,6
21010,10,1,2,14,1,3.900052,0.489566,3,0,6
21020,0,0,0,0,0,3.902179,0.489844,3,0,6
21030,1,1,0,3,1,3.901342,0.489729,3,0,6
21040,2,4,2,9,1,3.901384,0.489701,3,0,6
21050,1,0,1,3,1,3.901805,0.489744,3,0,6
21060,2,2,1,6,1,3.901562,0.489753,3,0,6
21070,0,0,0,1,1,3.901014,0.489704,3,0,6
21080,0,0,0,1,1,3.899632,0.489579,3,0,6
21090,0,0,0,0,0,3.898738,0.489460,3,0,6
21100,1,1,0,3,1,3.897459,0.489333,3,0,6
21110,6,4,4,15,1,3.898670,0.489464,3,0,6
21120,3,8,4,16,1,3.906106,0.490362,3,0,6
21130,2,1,0,4,1,3.908379,0.490623,3,0,6
21140,0,2,0,3,1,3.907004,0.490490,3,0,6
21150,0,0,0,1,1,3.906235,0.490407,3,0,6
21160,0,0,0,1,1,3.905571,0.490349,3,0,6
21170,0,0,0,0,0,3.904537,0.490212,3,0,6
21180,0,0,0,0,0,3.903432,0.490078,3,0,6
21190,6,0,1,8,1,3.902513,0.489985,3,0,6
21200,0,1,0,2,1,3.905217,0.490323,3,0,6
21210,1,2,3,7,1,3.904158,0.490204,3,0,6
21220,6,0,4,11,1,3.904640,0.490246,3,0,6
21230,0,0,0,0,0,3.904050,0.490194,3,0,6
21240,0,6,1,8,1,3.904699,0.490269,3,0,6
21250,2,2,1,6,1,3.905078,0.490295,3,0,6
21260,1,0,0,2,1,3.904403,0.490203,3,0,6
21270,0,0,0,0,0,3.904155,0.490148,3,0,6
21280,0,0,3,4,1,3.903697,0.490075,3,0,6
21290,0,0,0,0,0,3.903253,0.490036,3,0,6
21300,0,3,0,4,1,3.902157,0.489906,3,0,6
21310,1,0,1,3,1,3.901459,0.489846,3,0,6
21320,1,1,1,4,1,3.901492,0.489838,3,0,6
21330,2,0,1,4,1,3.902212,0.489892,3,0,6
21340,3,0,0,4,1,3.904521,0.490158,3,0,6
21350,3,2,1,7,1,3.904167,0.490116,3,0,6
21360,0,10,1,12,1,3.904249,0.490096,3,0,6
21370,0,1,2,4,1,3.904989,0.490220,3,0,6
21380,3,0,1,5,1,3.903934,0.490075,3,0,6
21390,0,0,0,0,0,3.904567,0.490122,3,0,6
21400,1,3,3,8,1,3.906231,0.490312,3,0,6
21410,2,0,3,6,1,3.907571,0.490454,3,0,6
21420,0,0,0,0,0,3.908184,0.490515,3,0,6
21430,0,0,0,1,1,3.906709,0.490415,3,0,6
21440,0,1,0,2,1,3.908499,0.490631,3,0,6
21450,0,0,0,1,1,3.907667,0.490508,3,0,6
21460,0,0,0,1,1,3.907355,0.490459,3,0,6
21470,0,0,0,0,0,3.906709,0.490412,3,0,6
21480,0,2,0,3,1,3.906212,0.490360,3,0,6
21490,0,0,0,0,0,3.905235,0.490256,3,0,6
21500,0,0,0,0,0,3.904156,0.490157,3,0,6
21510,2,2,2,7,1,3.903739,0.490095,3,0,6
21520,0,0,0,1,1,3.903459,0.490064,3,0,6
21530,0,1,0,2,1,3.902170,0.489944,3,0,6
21540,0,0,4,5,1,3.901107,0.489819,3,0,6
21550,1,0,1,3,1,3.900106,0.489755,3,0,6
21560,3,0,0,4,1,3.900485,0.489815,3,0,6
21570,10,4,5,20,1,3.904680,0.490287,3,0,6
21580,0,0,0,1,1,3.908883,0.490797,3,0,6
21590,0,1,1,3,1,3.908051,0.490697,3,0,6
21600,8,4,2,15,1,3.910924,0.491028,3,0,6
21610,0,3,3,7,1,3.911752,0.491142,3,0,6
21620,0,0,0,0,0,3.912640,0.491227,3,0,6
21630,0,0,0,0,0,3.912002,0.491152,3,0,6
21640,1,0,1,3,1,3.910732,0.491008,3,0,6
21650,0,4,1,6,1,3.910222,0.490955,3,0,6
21660,0,0,0,0,0,3.908926,0.490805,3,0,6
21670,2,1,0,4,1,3.908091,0.490731,3,0,6
21680,0,0,0,1,1,3.907139,0.490633,3,0,6
21690,0,0,0,0,0,3.907393,0.490644,3,0,6
21700,0,0,0,0,0,3.906025,0.490528,3,0,6
21710,0,0,2,3,1,3.905483,0.490444,3,0,6
21720,10,8,6,25,1,3.908692,0.490778,3,0,6
21730,1,0,0,2,1,3.912507,0.491265,3,0,6
21740,5,0,0,6,1,3.911556,0.491159,3,0,6
21750,4,4,1,10,1,3.910830,0.491080,3,0,6
21760,1,2,1,5,1,3.910911,0.491019,3,0,6
21770,1,3,1,6,1,3.910014,0.490945,3,0,6
21780,0,0,0,0,0,3.909087,0.490864,3,0,6
21790,0,0,0,0,0,3.908255,0.490781,3,0,6
21800,0,0,0,0,0,3.907358,0.490654,3,0,6
21810,0,0,0,1,1,3.906754,0.490577,3,0,6
21820,0,0,0,1,1,3.905748,0.490478,3,0,6
21830,3,2,0,6,1,3.905576,0.490449,3,0,6
21840,7,1,7,16,1,3.909598,0.490917,3,0,6
21850,0,0,0,1,1,3.911699,0.491148,3,0,6
21860,1,0,0,2,1,3.910606,0.490996,3,0,6
21870,1,2,1,5,1,3.910213,0.490999,3,0,6
21880,1,3,1,6,1,3.909721,0.490942,3,0,6
21890,0,4,1,6,1,3.910191,0.490975,3,0,6
21900,0,0,0,0,0,3.910076,0.490990,3,0,6
21910,0,0,0,0,0,3.908892,0.490846,3,0,6
21920,1,4,4,10,1,3.908729,0.490791,3,0,6
21930,0,0,1,2,1,3.908928,0.490823,3,0,6
21940,2,0,0,3,1,3.908862,0.490786,3,0,6
21950,0,0,0,0,0,3.909083,0.490810,3,0,6
21960,0,0,1,2,1,3.908735,0.490774,3,0,6
21970,3,0,1,5,1,3.909081,0.490822,3,0,6
21980,0,0,0,0,0,3.909179,0.490855,3,0,6
21990,0,0,0,0,0,3.908120,0.490738,3,0,6
22000,0,2,0,3,1,3.907745,0.490668,3,0,6
22010,1,0,0,2,1,3.908361,0.490733,3,0,6
22020,0,0,0,0,0,3.907172,0.490636,3,0,6
22030,0,0,2,3,1,3.906571,0.490562,3,0,6
22040,2,6,2,11,1,3.906451,0.490552,3,0,6
22050,0,0,0,0,0,3.907214,0.490646,3,0,6
22060,0,0,3,4,1,3.906184,0.490558,3,0,6
22070,1,1,0,3,1,3.907185,0.490688,3,0,6
22080,1,5,5,12,1,3.907850,0.490720,3,0,6
22090,1,0,3,5,1,3.908890,0.490875,3,0,6
22100,0,0,0,1,1,3.907955,0.490748,3,0,6
22110,2,2,0,5,1,3.907111,0.490655,3,0,6
22120,0,0,0,1,1,3.906595,0.490601,3,0,6
22130,0,0,2,3,1,3.906182,0.490534,3,0,6
22140,0,0,0,0,0,3.906850,0.490580,3,0,6
22150,1,2,4,8,1,3.906437,0.490544,3,0,6
22160,0,0,0,0,0,3.906711,0.490591,3,0,6
22170,0,0,1,2,1,3.905984,0.490471,3,0,6
22180,5,1,2,9,1,3.905083,0.490379,3,0,6
22190,0,4,3,8,1,3.908065,0.490708,3,0,6
22200,3,2,1,7,1,3.908197,0.490718,3,0,6
22210,0,0,0,0,0,3.907645,0.490643,3,0,6
22220,0,1,0,2,1,3.906943,0.490548,3,0,6
22230,3,2,0,6,1,3.905853,0.490449,3,0,6
22240,1,0,0,2,1,3.905166,0.490370,3,0,6
22250,0,0,1,2,1,3.903753,0.490261,3,0,6
22260,0,0,1,2,1,3.902654,0.490144,3,0,6
22270,1,1,2,5,1,3.902652,0.490140,3,0,6
22280,9,5,3,18,1,3.903405,0.490186,3,0,6
22290,1,1,1,4,1,3.907559,0.490690,3,0,6
22300,0,4,1,6,1,3.906500,0.490565,3,0,6
22310,0,0,0,0,0,3.906058,0.490516,3,0,6
22320,0,0,0,1,1,3.905250,0.490417,3,0,6
22330,1,0,1,3,1,3.903849,0.490278,3,0,6
22340,0,2,1,4,1,3.903689,0.490257,3,0,6
22350,2,4,2,9,1,3.903285,0.490214,3,0,6
22360,1,0,1,3,1,3.903320,0.490225,3,0,6
22370,0,5,5,11,1,3.903461,0.490225,3,0,6
22380,0,2,1,4,1,3.903581,0.490220,3,0,6
22390,3,3,2,9,1,3.903977,0.490244,3,0,6
22400,5,1,0,7,1,3.908751,0.490810,3,0,6
22410,0,0,0,1,1,3.907715,0.490709,3,0,6
22420,0,0,0,1,1,3.906685,0.490609,3,0,6
22430,0,3,0,4,1,3.905693,0.490472,3,0,6
22440,0,0,0,0,0,3.906430,0.490572,3,0,6
22450,0,0,0,1,1,3.906263,0.490528,3,0,6
22460,1,0,5,7,1,3.905390,0.490420,3,0,6
22470,3,8,3,15,1,3.907412,0.490657,3,0,6
22480,0,0,0,1,1,3.908389,0.490784,3,0,6
22490,0,0,0,0,0,3.907954,0.490712,3,0,6
22500,0,0,2,3,1,3.907073,0.490608,3,0,6
22510,0,0,0,1,1,3.906311,0.490495,3,0,6
22520,7,1,6,15,1,3.906031,0.490451,3,0,6
22530,1,2,2,6,1,3.910118,0.490971,3,0,6
22540,3,2,1,7,1,3.912064,0.491201,3,0,6
22550,0,0,0,1,1,3.912687,0.491229,3,0,6
22560,0,0,0,1,1,3.912042,0.491163,3,0,6
22570,2,0,1,4,1,3.911447,0.491080,3,0,6
22580,3,4,3,11,1,3.914173,0.491391,3,0,6
22590,0,0,0,1,1,3.914298,0.491438,3,0,6
22600,1,1,0,3,1,3.915534,0.491584,3,0,6
22610,0,0,0,0,0,3.914704,0.491504,3,0,6
22620,2,0,6,9,1,3.914037,0.491411,3,0,6
22630,0,0,0,0,0,3.914629,0.491509,3,0,6
22640,4,2,0,7,1,3.914252,0.491441,3,0,6
22650,0,0,0,1,1,3.914250,0.491459,3,0,6
22660,0,0,0,0,0,3.914642,0.491510,3,0,6
22670,1,1,2,5,1,3.913296,0.491348,3,0,6
22680,0,0,0,0,0,3.912628,0.491288,3,0,6
22690,0,1,0,2,1,3.911840,0.491147,3,0,6
22700,0,0,0,0,0,3.912693,0.491256,3,0,6
22710,0,0,0,0,0,3.913104,0.491326,3,0,6
22720,1,7,1,10,1,3.914201,0.491435,3,0,6
22730,1,0,3,5,1,3.914922,0.491541,3,0,6
22740,4,1,1,7,1,3.914991,0.491568,3,0,6
22750,0,0,0,1,1,3.914004,0.491478,3,0,6
22760,0,0,2,3,1,3.914640,0.491552,3,0,6
22770,0,0,0,0,0,3.913672,0.491432,3,0,6
22780,3,5,2,11,1,3.913376,0.491386,3,0,6
22790,0,0,0,1,1,3.913818,0.491438,3,0,6
22800,0,3,8,12,1,3.916013,0.491690,3,0,6
22810,0,1,1,3,1,3.916158,0.491754,3,0,6
22820,0,1,0,2,1,3.915415,0.491668,3,0,6
22830,1,2,5,9,1,3.914965,0.491618,3,0,6
22840,0,3,1,5,1,3.914902,0.491612,3,0,6
22850,1,1,1,4,1,3.916766,0.491815,3,0,6
22860,1,0,0,2,1,3.916017,0.491718,3,0,6
22870,0,0,0,1,1,3.916568,0.491756,3,0,6
22880,2,2,0,5,1,3.916456,0.491744,3,0,6
22890,1,1,0,3,1,3.915565,0.491677,3,0,6
22900,0,0,0,0,0,3.914637,0.491584,3,0,6
22910,4,4,1,10,1,3.916456,0.491787,3,0,6
22920,3,2,0,6,1,3.918289,0.492005,3,0,6
22930,1,5,5,12,1,3.918455,0.492020,3,0,6
22940,0,0,0,0,0,3.919626,0.492166,3,0,6
22950,1,3,2,7,1,3.919260,0.492116,3,0,6
22960,0,0,0,1,1,3.919073,0.492094,3,0,6
22970,0,1,0,2,1,3.918143,0.492012,3,0,6
22980,0,0,0,1,1,3.917529,0.491955,3,0,6
22990,3,1,0,5,1,3.916628,0.491838,3,0,6
23000,2,1,3,7,1,3.916428,0.491796,3,0,6
23010,0,0,0,0,0,3.915906,0.491735,3,0,6
23020,1,2,0,4,1,3.914891,0.491606,3,0,6
23030,0,0,0,0,0,3.915720,0.491712,3,0,6
23040,2,0,0,3,1,3.914814,0.491589,3,0,6
23050,0,0,0,1,1,3.913852,0.491489,3,0,6
23060,0,1,0,2,1,3.912675,0.491354,3,0,6
23070,0,1,0,2,1,3.912113,0.491301,3,0,6
23080,1,1,0,3,1,3.911121,0.491170,3,0,6
23090,0,1,0,2,1,3.910190,0.491057,3,0,6
23100,0,0,0,0,0,3.909549,0.490992,3,0,6
23110,0,3,1,5,1,3.909265,0.490947,3,0,6
23120,0,0,0,0,0,3.911188,0.491145,3,0,6
23130,0,0,0,0,0,3.910181,0.491042,3,0,6
23140,0,0,0,0,0,3.909205,0.490907,3,0,6
23150,3,1,1,6,1,3.909314,0.490917,3,0,6
23160,1,0,1,3,1,3.908257,0.490821,3,0,6
23170,0,0,0,0,0,3.907185,0.490715,3,0,6
23180,1,0,0,2,1,3.906412,0.490632,3,0,6
23190,3,3,3,10,1,3.905786,0.490563,3,0,6
23200,2,0,3,6,1,3.906057,0.490588,3,0,6
23210,0,0,0,0,0,3.905557,0.490517,3,0,6
23220,0,1,0,2,1,3.905238,0.490497,3,0,6
23230,4,1,3,9,1,3.904421,0.490399,3,0,6
23240,1,3,2,7,1,3.904607,0.490426,3,0,6
23250,0,8,0,9,1,3.904395,0.490404,3,0,6
23260,0,1,1,3,1,3.904691,0.490461,3,0,6
23270,0,0,2,3,1,3.903697,0.490311,3,0,6
23280,0,0,0,1,1,3.902599,0.490178,3,0,6
23290,0,0,0,0,0,3.901833,0.490118,3,0,6
23300,0,0,0,1,1,3.900827,0.489974,3,0,6
23310,5,1,1,8,1,3.900218,0.489913,3,0,6
23320,0,0,0,0,0,3.899137,0.489810,3,0,6
23330,0,0,0,1,1,3.897819,0.489662,3,0,6
23340,0,0,0,1,1,3.897122,0.489597,3,0,6
23350,0,0,0,1,1,3.895850,0.489497,3,0,6
23360,0,0,0,0,0,3.898681,0.489854,3,0,6
23370,2,1,1,5,1,3.897420,0.489734,3,0,6
23380,6,5,3,15,1,3.899633,0.489972,3,0,6
23390,0,0,1,2,1,3.900041,0.490017,3,0,6
23400,3,4,2,10,1,3.899769,0.490008,3,0,6
23410,0,0,0,1,1,3.898762,0.489917,3,0,6
23420,0,1,1,3,1,3.898372,0.489874,3,0,6
23430,0,0,0,0,0,3.897501,0.489785,3,0,6
23440,2,1,0,4,1,3.897631,0.489756,3,0,6
23450,1,2,0,4,1,3.897393,0.489714,3,0,6
23460,3,0,1,5,1,3.897024,0.489661,3,0,6
23470,1,1,1,4,1,3.897926,0.489774,3,0,6
23480,0,0,0,0,0,3.896922,0.489680,3,0,6
23490,0,0,0,0,0,3.896194,0.489604,3,0,6
23500,0,0,0,1,1,3.896417,0.489602,3,0,6
23510,0,0,0,1,1,3.895523,0.489491,3,0,6
23520,3,1,0,5,1,3.895099,0.489437,3,0,6
23530,1,2,0,4,1,3.894965,0.489426,3,0,6
23540,0,1,0,2,1,3.894282,0.489368,3,0,6
23550,0,0,0,0,0,3.893978,0.489371,3,0,6
23560,0,0,0,1,1,3.893070,0.489258,3,0,6
23570,2,0,0,3,1,3.892138,0.489132,3,0,6
23580,0,2,1,4,1,3.891544,0.489030,3,0,6
23590,4,1,2,8,1,3.891383,0.488996,3,0,6
23600,1,0,0,2,1,3.892164,0.489077,3,0,6
23610,4,2,1,8,1,3.891227,0.488992,3,0,6
23620,0,0,0,1,1,3.891823,0.489037,3,0,6
23630,0,0,2,3,1,3.891402,0.488950,3,0,6
23640,3,0,0,4,1,3.891675,0.488970,3,0,6
23650,0,0,0,1,1,3.891425,0.488950,3,0,6
23660,1,3,5,10,1,3.891860,0.488970,3,0,6
23670,2,1,1,5,1,3.892071,0.488985,3,0,6
23680,1,0,0,2,1,3.892069,0.488992,3,0,6
23690,2,2,2,7,1,3.891441,0.488909,3,0,6
23700,1,0,1,3,1,3.891357,0.488879,3,0,6
23710,0,0,0,0,0,3.891740,0.488903,3,0,6
23720,0,0,1,2,1,3.890862,0.488769,3,0,6
23730,0,0,0,0,0,3.890479,0.488732,3,0,6
23740,1,6,3,11,1,3.891197,0.488798,3,0,6
23750,0,0,0,0,0,3.890856,0.488788,3,0,6
23760,0,0,1,2,1,3.890804,0.488786,3,0,6
23770,1,0,2,4,1,3.890370,0.488728,3,0,6
23780,0,0,0,1,1,3.889631,0.488662,3,0,6
23790,0,0,0,0,0,3.889349,0.488615,3,0,6
23800,0,0,0,0,0,3.888332,0.488533,3,0,6
23810,1,3,2,7,1,3.888293,0.488527,3,0,6
23820,0,0,0,0,0,3.888283,0.488527,3,0,6
23830,0,0,0,0,0,3.889751,0.488693,3,0,6
23840,0,0,2,3,1,3.888955,0.488568,3,0,6
23850,0,0,0,0,0,3.888625,0.488526,3,0,6
23860,0,0,1,2,1,3.889130,0.488573,3,0,6
23870,0,0,0,0,0,3.889790,0.488644,3,0,6
23880,0,0,0,0,0,3.888879,0.488547,3,0,6
23890,0,1,0,2,1,3.888369,0.488490,3,0,6
23900,0,0,0,0,0,3.887397,0.488356,3,0,6
23910,0,0,0,0,0,3.886577,0.488270,3,0,6
23920,4,1,0,6,1,3.886775,0.488268,3,0,6
23930,0,0,0,1,1,3.886058,0.488188,3,0,6
23940,0,0,0,1,1,3.885329,0.488090,3,0,6
23950,0,0,0,0,0,3.885025,0.488061,3,0,6
23960,0,0,0,1,1,3.884162,0.487974,3,0,6
23970,2,2,0,5,1,3.883962,0.487987,3,0,6
23980,0,0,0,0,0,3.883524,0.487961,3,0,6
23990,0,0,0,0,0,3.882728,0.487873,3,0,6
24000,0,0,0,0,0,3.881653,0.487788,3,0,6
24010,0,0,0,0,0,3.880835,0.487671,3,0,6
24020,1,0,0,2,1,3.879796,0.487570,3,0,6
24030,0,0,0,0,0,3.879677,0.487569,3,0,6
24040,1,0,2,4,1,3.879741,0.487576,3,0,6
24050,1,1,1,4,1,3.879224,0.487515,3,0,6
24060,1,1,0,3,1,3.878752,0.487465,3,0,6
24070,1,5,0,7,1,3.878527,0.487449,3,0,6
24080,0,0,0,0,0,3.880025,0.487608,3,0,6
24090,0,0,0,1,1,3.879001,0.487460,3,0,6
24100,0,0,0,1,1,3.878662,0.487429,3,0,6
24110,0,0,0,1,1,3.878269,0.487381,3,0,6
24120,0,0,0,1,1,3.877597,0.487268,3,0,6
24130,1,1,0,3,1,3.876799,0.487154,3,0,6
24140,0,0,0,0,0,3.876559,0.487112,3,0,6
24150,2,1,2,6,1,3.875645,0.486994,3,0,6
24160,1,0,0,2,1,3.874904,0.486915,3,0,6
24170,0,0,0,1,1,3.874155,0.486807,3,0,6
24180,1,0,0,2,1,3.873879,0.486774,3,0,6
24190,1,0,0,2,1,3.873136,0.486687,3,0,6
24200,0,0,0,1,1,3.872683,0.486604,3,0,6
24210,0,8,1,10,1,3.874653,0.486828,3,0,6
24220,2,3,0,6,1,3.874645,0.486805,3,0,6
24230,0,2,4,7,1,3.874133,0.486758,3,0,6
24240,0,0,0,0,0,3.875099,0.486865,3,0,6
24250,0,0,0,0,0,3.874598,0.486794,3,0,6
24260,1,0,0,2,1,3.873460,0.486668,3,0,6
24270,0,0,0,0,0,3.872630,0.486567,3,0,6
24280,0,0,0,1,1,3.872121,0.486487,3,0,6
24290,0,0,0,0,0,3.871355,0.486380,3,0,6
24300,0,0,0,1,1,3.870334,0.486278,3,0,6
24310,0,0,0,1,1,3.869138,0.486177,3,0,6
24320,0,0,0,0,0,3.868429,0.486069,3,0,6
24330,2,1,1,5,1,3.867678,0.485984,3,0,6
24340,2,1,1,5,1,3.867115,0.485927,3,0,6
24350,0,1,4,6,1,3.869170,0.486172,3,0,6
24360,1,6,6,14,1,3.869666,0.486221,3,0,6
24370,0,0,0,0,0,3.872201,0.486548,3,0,6
24380,4,0,0,5,1,3.871773,0.486483,3,0,6
24390,1,0,0,2,1,3.871794,0.486435,3,0,6
24400,0,3,2,6,1,3.871348,0.486363,3,0,6
24410,0,0,0,1,1,3.871338,0.486351,3,0,6
24420,0,0,0,0,0,3.870996,0.486292,3,0,6
24430,0,0,0,0,0,3.870532,0.486217,3,0,6
24440,1,3,4,9,1,3.870420,0.486222,3,0,6
24450,3,3,15,22,1,3.878992,0.487238,3,0,6
24460,0,2,2,5,1,3.883716,0.487828,3,0,6
24470,0,0,0,1,1,3.883090,0.487758,3,0,6
24480,1,0,0,2,1,3.883840,0.487824,3,0,6
24490,2,0,0,3,1,3.883853,0.487815,3,0,6
24500,1,1,1,4,1,3.883086,0.487725,3,0,6
24510,0,0,1,2,1,3.882016,0.487637,3,0,6
24520,0,0,3,4,1,3.881409,0.487562,3,0,6
24530,0,0,0,0,0,3.880812,0.487519,3,0,6
24540,0,0,0,0,0,3.880713,0.487493,3,0,6
24550,0,0,0,1,1,3.879904,0.487410,3,0,6
24560,0,0,0,1,1,3.879042,0.487321,3,0,6
24570,0,2,0,3,1,3.878213,0.487221,3,0,6
24580,0,0,0,0,0,3.877372,0.487144,3,0,6
24590,0,0,0,0,0,3.876709,0.487080,3,0,6
24600,3,3,1,8,1,3.876456,0.487004,3,0,6
24610,1,3,1,6,1,3.878824,0.487288,3,0,6
24620,0,0,0,1,1,3.878576,0.487256,3,0,6
24630,0,1,4,6,1,3.881162,0.487565,3,0,6
24640,1,0,0,2,1,3.880151,0.487467,3,0,6
24650,0,0,0,0,0,3.879181,0.487344,3,0,6
24660,0,0,1,2,1,3.879350,0.487330,3,0,6
24670,2,1,2,6,1,3.878927,0.487253,3,0,6
24680,0,3,1,5,1,3.878439,0.487208,3,0,6
24690,0,0,0,1,1,3.877724,0.487120,3,0,6
24700,0,0,2,3,1,3.876818,0.487023,3,0,6
24710,1,0,1,3,1,3.876403,0.486957,3,0,6
24720,1,0,0,2,1,3.875631,0.486854,3,0,6
24730,1,3,1,6,1,3.874605,0.486742,3,0,6
24740,0,0,1,2,1,3.874205,0.486725,3,0,6
24750,0,0,0,0,0,3.874294,0.486710,3,0,6
24760,7,9,6,23,1,3.875016,0.486798,3,0,6
24770,0,0,0,0,0,3.878845,0.487270,3,0,6
24780,0,3,4,8,1,3.880042,0.487410,3,0,6
24790,0,0,0,0,0,3.880352,0.487433,3,0,6
24800,2,1,4,8,1,3.880016,0.487370,3,0,6
24810,0,2,4,7,1,3.879756,0.487359,3,0,6
24820,0,0,0,0,0,3.880106,0.487397,3,0,6
24830,4,4,5,14,1,3.880084,0.487381,3,0,6
24840,0,0,0,1,1,3.880778,0.487484,3,0,6
24850,1,2,1,5,1,3.880753,0.487468,3,0,6
24860,5,2,0,8,1,3.880598,0.487432,3,0,6
24870,4,0,1,6,1,3.881055,0.487469,3,0,6
24880,0,0,0,0,0,3.880126,0.487359,3,0,6
24890,2,2,2,7,1,3.879286,0.487262,3,0,6
24900,0,0,0,1,1,3.878643,0.487188,3,0,6
24910,0,0,0,1,1,3.878504,0.487130,3,0,6
24920,0,0,0,0,0,3.877679,0.487028,3,0,6
24930,0,0,9,10,1,3.878135,0.487077,3,0,6
24940,0,0,0,0,0,3.877574,0.487020,3,0,6
24950,0,0,0,1,1,3.877082,0.486963,3,0,6
24960,0,0,0,1,1,3.876131,0.486855,3,0,6
24970,0,0,0,1,1,3.875668,0.486793,3,0,6
24980,2,1,2,6,1,3.875167,0.486754,3,0,6
24990,0,0,2,3,1,3.873978,0.486652,3,0,6
25000,1,8,2,12,1,3.874781,0.486737,3,0,6
25010,0,0,0,1,1,3.874254,0.486692,3,0,6
25020,1,4,2,8,1,3.874070,0.486668,3,0,6
25030,0,0,0,1,1,3.873519,0.486649,3,0,6
25040,0,0,1,2,1,3.872691,0.486576,3,0,6
25050,0,1,2,4,1,3.872050,0.486495,3,0,6
25060,0,1,1,3,1,3.871138,0.486389,3,0,6
25070,0,0,0,1,1,3.871363,0.486416,3,0,6
25080,4,8,4,17,1,3.873508,0.486653,3,0,6
25090,1,2,3,7,1,3.875042,0.486835,3,0,6
25100,1,2,2,6,1,3.874180,0.486733,3,0,6
25110,1,2,2,6,1,3.874414,0.486752,3,0,6
25120,0,0,0,0,0,3.873813,0.486697,3,0,6
25130,1,1,1,4,1,3.873035,0.486625,3,0,6
25140,0,2,0,3,1,3.873255,0.486639,3,0,6
25150,0,0,0,0,0,3.872612,0.486546,3,0,6
25160,0,0,0,0,0,3.871516,0.486446,3,0,6
25170,3,3,2,9,1,3.871069,0.486389,3,0,6
25180,1,0,0,2,1,3.870897,0.486381,3,0,6
25190,0,1,0,2,1,3.870201,0.486292,3,0,6
25200,0,0,0,0,0,3.869902,0.486236,3,0,6
25210,1,0,1,3,1,3.870185,0.486271,3,0,6
25220,1,2,0,4,1,3.869797,0.486214,3,0,6
25230,0,0,0,0,0,3.869160,0.486114,3,0,6
25240,0,0,0,1,1,3.868125,0.485997,3,0,6
25250,7,0,2,10,1,3.869550,0.486187,3,0,6
25260,2,3,2,8,1,3.869436,0.486174,3,0,6
25270,0,1,0,2,1,3.870636,0.486317,3,0,6
25280,1,0,1,3,1,3.869753,0.486193,3,0,6
25290,1,1,2,5,1,3.869274,0.486144,3,0,6
25300,0,0,0,0,0,3.868513,0.486042,3,0,6
25310,2,2,3,8,1,3.867891,0.485980,3,0,6
25320,0,0,0,1,1,3.866945,0.485884,3,0,6
25330,0,0,0,1,1,3.866077,0.485786,3,0,6
25340,1,4,1,7,1,3.865701,0.485760,3,0,6
25350,1,2,0,4,1,3.864812,0.485681,3,0,6
25360,0,0,3,4,1,3.865687,0.485780,3,0,6
25370,2,0,0,3,1,3.865518,0.485755,3,0,6
25380,0,0,0,0,0,3.865222,0.485705,3,0,6
25390,1,1,0,3,1,3.865154,0.485691,3,0,6
25400,4,1,4,10,1,3.865710,0.485772,3,0,6
25410,1,7,8,17,1,3.869397,0.486184,3,0,6
25420,1,2,1,5,1,3.870139,0.486283,3,0,6
25430,1,2,0,4,1,3.870799,0.486360,3,0,6
25440,5,3,9,18,1,3.872868,0.486612,3,0,6
25450,0,1,1,3,1,3.873112,0.486678,3,0,6
25460,1,1,4,7,1,3.872717,0.486641,3,0,6
25470,1,3,0,5,1,3.873880,0.486779,3,0,6
25480,0,0,0,0,0,3.873204,0.486722,3,0,6
25490,0,0,0,0,0,3.872597,0.486647,3,0,6
25500,0,0,0,1,1,3.872016,0.486573,3,0,6
25510,3,0,0,4,1,3.872108,0.486579,3,0,6
25520,0,0,3,4,1,3.871312,0.486485,3,0,6
25530,0,0,0,0,0,3.871192,0.486474,3,0,6
25540,0,0,0,0,0,3.871566,0.486565,3,0,6
25550,0,0,1,2,1,3.870896,0.486480,3,0,6
25560,1,1,3,6,1,3.870382,0.486419,3,0,6
25570,1,2,4,8,1,3.871808,0.486569,3,0,6
25580,1,3,0,5,1,3.871722,0.486550,3,0,6
25590,1,0,1,3,1,3.872218,0.486589,3,0,6
25600,1,1,1,4,1,3.872266,0.486590,3,0,6
25610,6,0,3,10,1,3.872115,0.486543,3,0,6
25620,3,1,3,8,1,3.873644,0.486735,3,0,6
25630,0,0,0,1,1,3.872888,0.486667,3,0,6
25640,1,1,1,4,1,3.872536,0.486617,3,0,6
25650,0,4,1,6,1,3.872374,0.486563,3,0,6
25660,9,1,4,15,1,3.872830,0.486571,3,0,6
25670,4,1,3,9,1,3.873203,0.486605,3,0,6
25680,0,0,0,0,0,3.874330,0.486755,3,0,6
25690,3,3,0,7,1,3.875708,0.486925,3,0,6
25700,1,0,0,2,1,3.875048,0.486825,3,0,6
25710,0,0,0,0,0,3.874408,0.486750,3,0,6
25720,0,0,0,0,0,3.876026,0.486931,3,0,6
25730,0,0,0,0,0,3.875330,0.486852,3,0,6
25740,0,0,0,1,1,3.874697,0.486779,3,0,6
25750,0,0,0,0,0,3.874742,0.486774,3,0,6
25760,5,1,0,7,1,3.875825,0.486890,3,0,6
25770,0,0,0,1,1,3.876740,0.487000,3,0,6
25780,4,5,0,10,1,3.876583,0.486972,3,0,6
25790,2,3,1,7,1,3.877030,0.487010,3,0,6
25800,0,0,0,0,0,3.875985,0.486940,3,0,6
25810,0,0,0,0,0,3.876082,0.486970,3,0,6
25820,0,0,0,0,0,3.877029,0.487060,3,0,6
25830,0,0,0,0,0,3.877109,0.487055,3,0,6
25840,1,2,3,7,1,3.876276,0.486959,3,0,6
25850,0,4,2,7,1,3.878066,0.487175,3,0,6
25860,0,0,0,1,1,3.877815,0.487164,3,0,6
25870,1,0,0,2,1,3.876940,0.487067,3,0,6
25880,0,0,0,1,1,3.875968,0.486956,3,0,6
25890,1,2,1,5,1,3.875133,0.486867,3,0,6
25900,0,0,0,1,1,3.874441,0.486795,3,0,6
25910,0,0,0,0,0,3.873479,0.486719,3,0,6
25920,0,0,0,0,0,3.872982,0.486631,3,0,6
25930,0,1,0,2,1,3.872281,0.486535,3,0,6
25940,1,4,1,7,1,3.871773,0.486442,3,0,6
25950,0,2,0,3,1,3.871788,0.486441,3,0,6
25960,0,0,0,0,0,3.871079,0.486365,3,0,6
25970,0,0,2,3,1,3.870547,0.486297,3,0,6
25980,0,0,0,1,1,3.870545,0.486308,3,0,6
25990,1,0,0,2,1,3.869606,0.486210,3,0,6
26000,4,1,1,7,1,3.869492,0.486209,3,0,6
26010,0,0,3,4,1,3.870972,0.486347,3,0,6
26020,0,0,0,0,0,3.870736,0.486302,3,0,6
26030,1,0,1,3,1,3.870476,0.486287,3,0,6
26040,3,1,1,6,1,3.869757,0.486222,3,0,6
26050,0,0,1,2,1,3.869735,0.486223,3,0,6
26060,1,0,0,2,1,3.870156,0.486244,3,0,6
26070,5,2,1,9,1,3.869975,0.486216,3,0,6
26080,0,0,0,1,1,3.872643,0.486527,3,0,6
26090,0,0,0,1,1,3.871637,0.486378,3,0,6
26100,0,0,1,2,1,3.870563,0.486287,3,0,6
26110,0,3,3,7,1,3.870701,0.486331,3,0,6
26120,0,1,3,5,1,3.870458,0.486279,3,0,6
26130,0,0,0,0,0,3.869628,0.486206,3,0,6
26140,0,0,0,0,0,3.869451,0.486174,3,0,6
26150,5,4,4,14,1,3.869006,0.486117,3,0,6
26160,1,0,0,2,1,3.871082,0.486363,3,0,6
26170,0,1,0,2,1,3.870261,0.486261,3,0,6
26180,1,0,1,3,1,3.870323,0.486275,3,0,6
26190,2,1,5,9,1,3.870231,0.486244,3,0,6
26200,3,3,1,8,1,3.869385,0.486129,3,0,6
26210,0,0,0,0,0,3.869985,0.486225,3,0,6
26220,3,1,3,8,1,3.869403,0.486132,3,0,6
26230,0,0,0,0,0,3.868990,0.486089,3,0,6
26240,4,6,8,19,1,3.869421,0.486111,3,0,6
26250,2,3,3,9,1,3.873371,0.486609,3,0,6
26260,1,3,0,5,1,3.872536,0.486520,3,0,6
26270,1,2,0,4,1,3.871999,0.486460,3,0,6
26280,1,0,1,3,1,3.870971,0.486381,3,0,6
26290,0,3,2,6,1,3.870991,0.486355,3,0,6
26300,0,0,0,0,0,3.870261,0.486297,3,0,6
26310,0,0,0,1,1,3.869349,0.486184,3,0,6
26320,0,1,1,3,1,3.868365,0.486090,3,0,6
26330,0,1,0,2,1,3.868001,0.486045,3,0,6
26340,0,0,0,1,1,3.867058,0.485942,3,0,6
26350,4,0,4,9,1,3.867006,0.485914,3,0,6
26360,0,0,0,1,1,3.866498,0.485851,3,0,6
26370,3,6,8,18,1,3.867513,0.485943,3,0,6
26380,1,2,14,18,1,3.874513,0.486794,3,0,6
26390,9,3,6,19,1,3.879527,0.487390,3,0,6
26400,0,0,0,0,0,3.881274,0.487632,3,0,6
26410,0,2,0,3,1,3.880628,0.487545,3,0,6
26420,3,2,1,7,1,3.881087,0.487588,3,0,6
26430,1,4,5,11,1,3.883516,0.487855,3,0,6
26440,0,0,1,2,1,3.883510,0.487837,3,0,6
26450,0,0,0,0,0,3.882670,0.487756,3,0,6
26460,0,0,0,1,1,3.881943,0.487683,3,0,6
26470,1,0,1,3,1,3.882429,0.487715,3,0,6
26480,5,6,4,16,1,3.883639,0.487838,3,0,6
26490,0,2,0,3,1,3.885737,0.488078,3,0,6
26500,8,2,3,14,1,3.886850,0.488210,3,0,6
26510,1,1,1,4,1,3.890715,0.488667,3,0,6
26520,0,0,0,1,1,3.890388,0.488625,3,0,6
26530,6,0,4,11,1,3.889939,0.488584,3,0,6
26540,0,0,0,1,1,3.889641,0.488568,3,0,6
26550,0,0,0,0,0,3.888817,0.488480,3,0,6
26560,2,0,1,4,1,3.888132,0.488389,3,0,6
26570,1,4,1,7,1,3.887594,0.488329,3,0,6
26580,0,0,1,2,1,3.888787,0.488488,3,0,6
26590,0,0,0,0,0,3.888216,0.488424,3,0,6
26600,2,1,5,9,1,3.887575,0.488331,3,0,6
26610,1,1,0,3,1,3.889046,0.488506,3,0,6
26620,1,0,1,3,1,3.889649,0.488530,3,0,6
26630,1,3,0,5,1,3.889417,0.488502,3,0,6
26640,0,0,4,5,1,3.890581,0.488629,3,0,6
26650,0,0,0,1,1,3.889810,0.488536,3,0,6
26660,0,0,2,3,1,3.889142,0.488447,3,0,6
26670,0,2,0,3,1,3.890599,0.488592,3,0,6
26680,0,0,0,0,0,3.889808,0.488496,3,0,6
26690,0,1,1,3,1,3.889434,0.488469,3,0,6
26700,5,3,3,12,1,3.889441,0.488469,3,0,6
26710,4,2,2,9,1,3.889911,0.488486,3,0,6
26720,0,5,1,7,1,3.894394,0.489023,3,0,6
26730,0,0,0,0,0,3.893996,0.488974,3,0,6
26740,0,0,0,1,1,3.893366,0.488901,3,0,6
26750,4,0,2,7,1,3.893451,0.488911,3,0,6
26760,3,1,1,6,1,3.893460,0.488939,3,0,6
26770,1,0,0,2,1,3.892972,0.488893,3,0,6
26780,0,0,0,1,1,3.892642,0.488869,3,0,6
26790,0,2,0,3,1,3.891892,0.488804,3,0,6
26800,0,0,0,0,0,3.891539,0.488763,3,0,6
26810,4,1,6,12,1,3.891216,0.488724,3,0,6
26820,0,0,1,2,1,3.891160,0.488750,3,0,6
26830,1,6,2,10,1,3.892513,0.488885,3,0,6
26840,0,5,2,8,1,3.894383,0.489101,3,0,6
26850,1,1,4,7,1,3.895073,0.489173,3,0,6
26860,1,2,1,5,1,3.895140,0.489185,3,0,6
26870,2,1,1,5,1,3.894581,0.489109,3,0,6
26880,0,1,3,5,1,3.899229,0.489688,3,0,6
26890,5,3,3,12,1,3.899468,0.489682,3,0,6
26900,0,0,0,0,0,3.898716,0.489624,3,0,6
26910,0,0,0,0,0,3.897986,0.489527,3,0,6
26920,1,0,1,3,1,3.898604,0.489610,3,0,6
26930,1,0,1,3,1,3.897778,0.489524,3,0,6
26940,1,1,1,4,1,3.897442,0.489470,3,0,6
26950,1,0,0,2,1,3.897067,0.489415,3,0,6
26960,0,0,2,3,1,3.896402,0.489330,3,0,6
26970,0,0,0,1,1,3.895490,0.489240,3,0,6
26980,0,0,0,1,1,3.894790,0.489160,3,0,6
26990,0,0,0,0,0,3.894179,0.489101,3,0,6
27000,0,0,0,0,0,3.893456,0.489018,3,0,6
27010,0,1,0,2,1,3.892786,0.488933,3,0,6
27020,0,1,0,2,1,3.891889,0.488836,3,0,6
27030,0,1,0,2,1,3.890964,0.488721,3,0,6
27040,0,0,0,0,0,3.890078,0.488629,3,0,6
27050,1,2,2,6,1,3.889583,0.488580,3,0,6
27060,0,0,0,1,1,3.889225,0.488525,3,0,6
27070,0,1,0,2,1,3.888593,0.488440,3,0,6
27080,3,1,0,5,1,3.887942,0.488344,3,0,6
27090,2,2,1,6,1,3.887813,0.488327,3,0,6
27100,7,3,6,17,1,3.891083,0.488712,3,0,6
27110,1,5,6,13,1,3.893288,0.488974,3,0,6
27120,3,3,1,8,1,3.894004,0.489050,3,0,6
27130,0,0,0,0,0,3.894550,0.489108,3,0,6
27140,0,0,0,1,1,3.893676,0.489009,3,0,6
27150,1,2,0,4,1,3.892630,0.488917,3,0,6
27160,0,0,2,3,1,3.892793,0.488930,3,0,6
27170,0,1,0,2,1,3.892303,0.488827,3,0,6
27180,1,6,3,11,1,3.892534,0.488864,3,0,6
27190,0,0,0,0,0,3.892244,0.488843,3,0,6
27200,0,0,1,2,1,3.891774,0.488783,3,0,6
27210,1,0,0,2,1,3.892669,0.488872,3,0,6
27220,0,0,0,1,1,3.892936,0.488860,3,0,6
27230,0,1,0,2,1,3.892135,0.488774,3,0,6
27240,0,0,0,1,1,3.891332,0.488672,3,0,6
27250,0,0,0,0,0,3.890572,0.488587,3,0,6
27260,1,0,0,2,1,3.889768,0.488477,3,0,6
27270,4,6,1,12,1,3.890427,0.488511,3,0,6
27280,2,0,0,3,1,3.890532,0.488506,3,0,6
27290,0,0,0,0,0,3.890521,0.488521,3,0,6
27300,4,1,4,10,1,3.890032,0.488439,3,0,6
27310,0,0,0,0,0,3.889570,0.488380,3,0,6
27320,0,1,0,2,1,3.889126,0.488328,3,0,6
27330,0,0,0,0,0,3.888837,0.488284,3,0,6
27340,8,1,3,13,1,3.890196,0.488409,3,0,6
27350,4,5,8,18,1,3.892527,0.488672,3,0,6
27360,3,1,0,5,1,3.892115,0.488637,3,0,6
27370,0,2,1,4,1,3.891739,0.488578,3,0,6
27380,0,0,2,3,1,3.891246,0.488527,3,0,6
27390,0,0,0,1,1,3.891311,0.488543,3,0,6
27400,3,2,0,6,1,3.891014,0.488496,3,0,6
27410,1,4,0,6,1,3.892987,0.488714,3,0,6
27420,0,0,0,1,1,3.892381,0.488628,3,0,6
27430,0,0,0,1,1,3.891863,0.488580,3,0,6
27440,3,0,3,7,1,3.891223,0.488495,3,0,6
27450,1,0,0,2,1,3.891020,0.488493,3,0,6
27460,4,2,1,8,1,3.890519,0.488432,3,0,6
27470,0,0,1,2,1,3.889939,0.488362,3,0,6
27480,5,4,0,10,1,3.890023,0.488397,3,0,6
27490,6,1,3,11,1,3.891606,0.488577,3,0,6
27500,0,0,0,0,0,3.891484,0.488561,3,0,6
27510,1,0,0,2,1,3.891661,0.488589,3,0,6
27520,0,0,0,0,0,3.891587,0.488594,3,0,6
27530,0,0,2,3,1,3.890472,0.488476,3,0,6
27540,2,2,1,6,1,3.889799,0.488391,3,0,6
27550,4,1,6,12,1,3.890379,0.488458,3,0,6
27560,0,2,0,3,1,3.890480,0.488486,3,0,6
27570,5,0,1,7,1,3.890554,0.488490,3,0,6
27580,0,0,0,1,1,3.889756,0.488418,3,0,6
27590,0,3,1,5,1,3.889886,0.488422,3,0,6
27600,2,0,2,5,1,3.889318,0.488361,3,0,6
27610,3,7,7,18,1,3.891073,0.488558,3,0,6
27620,1,3,3,8,1,3.893683,0.488859,3,0,6
27630,3,0,0,4,1,3.893341,0.488835,3,0,6
27640,0,1,1,3,1,3.893701,0.488864,3,0,6
27650,1,0,0,2,1,3.893256,0.488807,3,0,6
27660,0,0,0,1,1,3.894009,0.488901,3,0,6
27670,0,0,0,0,0,3.894203,0.488922,3,0,6
27680,0,0,0,1,1,3.894323,0.488910,3,0,6
27690,1,0,0,2,1,3.894120,0.488897,3,0,6
27700,2,0,0,3,1,3.893699,0.488861,3,0,6
27710,0,0,0,0,0,3.893393,0.488822,3,0,6
27720,1,0,0,2,1,3.892865,0.488741,3,0,6
27730,0,0,0,1,1,3.892212,0.488681,3,0,6
27740,0,0,0,0,0,3.891639,0.488633,3,0,6
27750,4,2,2,9,1,3.891825,0.488615,3,0,6
27760,0,0,0,1,1,3.891390,0.488573,3,0,6
27770,0,0,1,2,1,3.890817,0.488529,3,0,6
27780,1,1,1,4,1,3.891669,0.488642,3,0,6
27790,0,0,0,1,1,3.891818,0.488664,3,0,6
27800,1,0,0,2,1,3.891287,0.488575,3,0,6
27810,0,0,0,0,0,3.891129,0.488530,3,0,6
27820,0,0,0,1,1,3.891171,0.488541,3,0,6
27830,3,0,1,5,1,3.890840,0.488496,3,0,6
27840,0,1,2,4,1,3.890301,0.488432,3,0,6
27850,1,0,0,2,1,3.890396,0.488417,3,0,6
27860,6,14,12,33,1,3.898062,0.489313,3,0,6
27870,1,17,7,26,1,3.910138,0.490817,3,4,6
27880,2,10,6,19,1,3.918935,0.491878,3,4,6
27890,0,0,0,0,0,3.920532,0.492093,3,4,6
27900,0,0,0,1,1,3.919962,0.492048,3,4,6
27910,0,0,1,2,1,3.919422,0.491964,3,4,6
27920,1,0,0,2,1,3.918889,0.491896,3,4,6
27930,3,1,2,7,1,3.918469,0.491834,3,4,6
27940,0,0,0,0,0,3.918042,0.491795,3,4,6
27950,0,0,0,0,0,3.918477,0.491855,3,4,6
27960,0,1,0,2,1,3.917498,0.491767,3,4,6
27970,0,0,0,1,1,3.917199,0.491715,3,4,6
27980,0,0,0,1,1,3.916479,0.491651,3,4,6
27990,0,1,0,2,1,3.916246,0.491614,3,4,6
28000,5,4,4,14,1,3.916786,0.491642,3,4,6
28010,2,0,11,14,1,3.921229,0.492177,3,4,6
28020,1,0,2,4,1,3.922402,0.492294,3,4,6
28030,6,2,9,18,1,3.922936,0.492343,3,4,6
28040,0,0,2,3,1,3.925689,0.492664,3,4,6
28050,0,4,0,5,1,3.925075,0.492568,3,4,6
28060,0,0,0,1,1,3.924531,0.492510,3,4,6
28070,0,0,0,0,0,3.923566,0.492430,3,4,6
28080,0,1,0,2,1,3.923040,0.492377,3,4,6
28090,0,2,1,4,1,3.923114,0.492383,3,4,6
28100,0,0,0,1,1,3.923346,0.492392,3,4,6
28110,0,1,7,9,1,3.923644,0.492413,3,4,6
28120,0,0,0,1,1,3.923095,0.492361,3,4,6
28130,8,2,5,16,1,3.924422,0.492498,3,4,6
28140,2,0,0,3,1,3.926162,0.492736,3,4,6
28150,0,0,0,1,1,3.925723,0.492673,3,4,6
28160,0,0,0,0,0,3.925194,0.492604,3,4,6
28170,0,1,0,2,1,3.924935,0.492547,3,4,6
28180,0,0,1,2,1,3.924358,0.492513,3,4,6
28190,0,0,0,0,0,3.923525,0.492436,3,4,6
28200,0,0,0,0,0,3.923448,0.492424,3,4,6
28210,0,0,0,0,0,3.923034,0.492373,3,4,6
28220,0,0,0,1,1,3.922287,0.492253,3,4,6
28230,2,2,1,6,1,3.921584,0.492164,3,4,6
28240,0,0,0,0,0,3.920859,0.492109,3,4,6
28250,0,0,0,1,1,3.920635,0.492076,3,4,6
28260,0,0,0,1,1,3.920662,0.492070,3,4,6
28270,0,0,0,1,1,3.920308,0.492038,3,4,6
28280,0,0,0,1,1,3.920032,0.492005,3,4,6
28290,1,1,0,3,1,3.919872,0.491977,3,4,6
28300,0,0,1,2,1,3.919848,0.491941,3,4,6
28310,2,3,1,7,1,3.919564,0.491902,3,4,6
28320,3,3,0,7,1,3.919558,0.491914,3,4,6
28330,0,0,0,1,1,3.919403,0.491892,3,4,6
28340,0,0,0,0,0,3.918593,0.491805,3,4,6
28350,0,0,0,1,1,3.917785,0.491720,3,4,6
28360,0,0,1,2,1,3.917280,0.491632,3,4,6
28370,0,0,0,0,0,3.917202,0.491600,3,4,6
28380,0,0,0,0,0,3.916617,0.491521,3,4,6
28390,0,5,3,9,1,3.916701,0.491533,3,4,6
28400,1,0,3,5,1,3.918182,0.491677,3,4,6
28410,3,3,2,9,1,3.918812,0.491753,3,4,6
28420,1,1,3,6,1,3.918159,0.491684,3,4,6
28430,2,0,1,4,1,3.918073,0.491674,3,4,6
28440,0,0,1,2,1,3.917745,0.491620,3,4,6
28450,0,0,0,0,0,3.917465,0.491599,3,4,6
28460,3,2,1,7,1,3.917342,0.491550,3,4,6
28470,4,4,3,12,1,3.917625,0.491564,3,4,6
28480,0,0,0,1,1,3.917464,0.491528,3,4,6
28490,2,0,1,4,1,3.916699,0.491448,3,4,6
28500,0,0,0,0,0,3.916715,0.491454,3,4,6
28510,0,0,0,0,0,3.917265,0.491524,3,4,6
28520,1,0,0,2,1,3.917116,0.491503,3,4,6
28530,7,2,12,22,1,3.920768,0.491872,3,4,6
28540,1,2,2,6,1,3.925898,0.492513,3,4,6
28550,0,0,0,0,0,3.924983,0.492414,3,4,6
28560,4,0,3,8,1,3.925052,0.492407,3,4,6
28570,2,0,7,10,1,3.924558,0.492362,3,4,6
28580,1,1,2,5,1,3.923797,0.492259,3,4,6
28590,3,2,1,7,1,3.924081,0.492290,3,4,6
28600,0,1,1,3,1,3.923378,0.492238,3,4,6
28610,4,10,2,17,1,3.925828,0.492508,3,4,6
28620,0,0,0,0,0,3.928599,0.492866,3,4,6
28630,5,6,1,13,1,3.928791,0.492870,3,4,6
28640,0,0,0,0,0,3.928270,0.492821,3,4,6
28650,2,4,3,10,1,3.927542,0.492729,3,4,6
28660,0,0,2,3,1,3.929867,0.493029,3,4,6
28670,1,1,3,6,1,3.929608,0.492981,3,4,6
28680,0,0,0,0,0,3.929133,0.492916,3,4,6
28690,0,0,0,0,0,3.928856,0.492902,3,4,6
28700,0,0,0,0,0,3.927957,0.492821,3,4,6
28710,1,3,3,8,1,3.927346,0.492750,3,4,6
28720,0,4,0,5,1,3.928207,0.492853,3,4,6
28730,1,2,1,5,1,3.927390,0.492770,3,4,6
28740,0,1,2,4,1,3.928386,0.492892,3,4,6
28750,3,1,2,7,1,3.927636,0.492819,3,4,6
28760,0,0,0,0,0,3.930835,0.493200,3,4,6
28770,5,1,0,7,1,3.931311,0.493242,3,4,6
28780,3,0,8,12,1,3.931612,0.493260,3,4,6
28790,3,3,0,7,1,3.932839,0.493402,3,4,6
28800,0,0,2,3,1,3.932335,0.493353,3,4,6
28810,0,0,0,0,0,3.931525,0.493247,3,4,6
28820,0,3,1,5,1,3.931803,0.493264,3,4,6
28830,1,1,2,5,1,3.931217,0.493201,3,4,6
28840,0,0,0,1,1,3.931401,0.493208,3,4,6
28850,0,0,0,0,0,3.930298,0.493099,3,4,6
28860,4,1,0,6,1,3.929856,0.493032,3,4,6
28870,5,0,0,6,1,3.929427,0.492980,3,4,6
28880,1,0,0,2,1,3.931313,0.493199,3,4,6
28890,2,1,1,5,1,3.931596,0.493225,3,4,6
28900,0,0,0,1,1,3.932212,0.493312,3,4,6
28910,3,0,2,6,1,3.932107,0.493282,3,4,6
28920,2,1,1,5,1,3.933078,0.493379,3,4,6
28930,4,3,4,12,1,3.933262,0.493382,3,4,6
28940,13,1,2,17,1,3.934273,0.493492,3,4,6
28950,1,1,1,4,1,3.935237,0.493614,3,4,6
28960,1,3,2,7,1,3.934711,0.493556,3,4,6
28970,0,5,7,13,1,3.936212,0.493712,3,4,6
28980,0,0,1,2,1,3.935504,0.493646,3,4,6
28990,1,0,0,2,1,3.937274,0.493844,3,4,6
29000,7,1,1,10,1,3.937878,0.493870,3,4,6
29010,1,0,2,4,1,3.938966,0.494003,3,4,6
29020,2,5,6,14,1,3.939824,0.494074,3,4,6
29030,4,5,0,10,1,3.940005,0.494126,3,4,6
29040,0,1,3,5,1,3.941444,0.494295,3,4,6
29050,3,0,0,4,1,3.941052,0.494273,3,4,6
29060,1,5,4,11,1,3.940414,0.494193,3,4,6
29070,7,3,3,14,1,3.940207,0.494200,3,4,6
29080,1,1,0,3,1,3.941496,0.494372,3,4,6
29090,4,0,3,8,1,3.940831,0.494292,3,4,6
29100,0,0,0,0,0,3.940715,0.494271,3,4,6
29110,1,5,4,11,1,3.940010,0.494176,3,4,6
29120,1,1,1,4,1,3.939619,0.494111,3,4,6
29130,1,6,0,8,1,3.939130,0.494068,3,4,6
29140,3,0,1,5,1,3.938799,0.494026,3,4,6
29150,0,0,0,1,1,3.938428,0.493975,3,4,6
29160,2,4,2,9,1,3.939395,0.494078,3,4,6
29170,0,0,0,1,1,3.939034,0.494035,3,4,6
29180,0,0,0,0,0,3.938191,0.493956,3,4,6
29190,0,0,0,0,0,3.937688,0.493886,3,4,6
29200,3,3,8,15,1,3.937089,0.493779,3,4,6
29210,0,0,0,0,0,3.937947,0.493873,3,4,6
29220,0,0,0,1,1,3.936915,0.493770,3,4,6
29230,2,4,1,8,1,3.937771,0.493860,3,4,6
29240,1,3,6,11,1,3.937962,0.493888,3,4,6
29250,0,0,1,2,1,3.938727,0.493977,3,4,6
29260,0,0,0,0,0,3.937939,0.493875,3,4,6
29270,1,0,1,3,1,3.937382,0.493813,3,4,6
29280,0,1,0,2,1,3.937130,0.493788,3,4,6
29290,1,2,2,6,1,3.936631,0.493731,3,4,6
29300,1,3,3,8,1,3.936688,0.493714,3,4,6
29310,0,0,0,1,1,3.936276,0.493654,3,4,6
29320,1,0,2,4,1,3.935516,0.493564,3,4,6
29330,1,3,0,5,1,3.935086,0.493507,3,4,6
29340,0,0,0,1,1,3.934958,0.493499,3,4,6
29350,0,0,0,1,1,3.934006,0.493396,3,4,6
29360,2,3,2,8,1,3.935054,0.493502,3,4,6
29370,2,0,0,3,1,3.935752,0.493561,3,4,6
29380,3,1,1,6,1,3.935824,0.493563,3,4,6
29390,5,0,3,9,1,3.936263,0.493610,3,4,6
29400,0,1,1,3,1,3.935717,0.493553,3,4,6
29410,0,0,0,0,0,3.935283,0.493515,3,4,6
29420,1,0,2,4,1,3.935503,0.493527,3,4,6
29430,3,6,2,12,1,3.935458,0.493481,3,4,6
29440,0,0,0,0,0,3.936081,0.493565,3,4,6
29450,0,0,0,1,1,3.935489,0.493518,3,4,6
29460,0,0,0,1,1,3.934561,0.493443,3,4,6
29470,0,2,0,3,1,3.933847,0.493357,3,4,6
29480,2,0,4,7,1,3.934056,0.493370,3,4,6
29490,1,1,1,4,1,3.933682,0.493329,3,4,6
29500,0,0,0,0,0,3.932990,0.493250,3,4,6
29510,6,1,0,8,1,3.934460,0.493402,3,4,6
29520,2,3,1,7,1,3.935971,0.493612,3,4,6
29530,0,4,1,6,1,3.935371,0.493528,3,4,6
29540,0,3,0,4,1,3.935392,0.493530,3,4,6
29550,3,2,0,6,1,3.939562,0.494055,3,4,6
29560,1,0,0,2,1,3.939141,0.494007,3,4,6
29570,1,1,2,5,1,3.938633,0.493954,3,4,6
29580,4,2,0,7,1,3.939433,0.494047,3,4,6
29590,9,1,4,15,1,3.942521,0.494405,3,4,6
29600,0,0,1,2,1,3.942245,0.494413,3,4,6
29610,5,2,0,8,1,3.944237,0.494635,3,4,6
29620,0,0,0,0,0,3.943845,0.494592,3,4,6
29630,1,1,3,6,1,3.943390,0.494551,3,4,6
29640,0,0,0,0,0,3.943248,0.494516,3,4,6
29650,1,0,0,2,1,3.942521,0.494424,3,4,6
29660,0,2,1,4,1,3.942445,0.494408,3,4,6
29670,0,1,0,2,1,3.941794,0.494351,3,4,6
29680,0,0,1,2,1,3.940774,0.494216,3,4,6
29690,0,1,0,2,1,3.940028,0.494135,3,4,6
29700,0,4,1,6,1,3.939505,0.494085,3,4,6
29710,6,13,1,21,1,3.943213,0.494527,3,4,6
29720,0,0,0,0,0,3.945415,0.494806,3,4,6
29730,0,2,1,4,1,3.944819,0.494742,3,4,6
29740,1,0,1,3,1,3.945171,0.494785,3,4,6
29750,0,0,0,0,0,3.944493,0.494704,3,4,6
29760,0,1,1,3,1,3.943842,0.494630,3,4,6
29770,0,0,0,0,0,3.943828,0.494596,3,4,6
29780,0,0,0,0,0,3.943640,0.494591,3,4,6
29790,2,10,1,14,1,3.943852,0.494602,3,4,6
29800,0,8,2,11,1,3.946506,0.494897,3,4,6
29810,0,1,1,3,1,3.946683,0.494948,3,4,6
29820,0,0,1,2,1,3.946901,0.494966,3,4,6
29830,0,2,1,4,1,3.946935,0.494970,3,4,6
29840,0,0,0,0,0,3.946392,0.494883,3,4,6
29850,0,0,0,1,1,3.945430,0.494795,3,4,6
29860,0,0,0,0,0,3.944590,0.494701,3,4,6
29870,4,2,4,11,1,3.944527,0.494660,3,4,6
29880,2,0,4,7,1,3.948963,0.495201,3,4,6
29890,0,0,0,0,0,3.948609,0.495181,3,4,6
29900,0,0,2,3,1,3.947769,0.495079,3,4,6
29910,2,2,1,6,1,3.947231,0.495030,3,4,6
29920,0,0,0,1,1,3.946903,0.494999,3,4,6
29930,0,0,0,0,0,3.946052,0.494923,3,4,6
29940,1,3,7,12,1,3.946860,0.494990,3,4,6
29950,0,1,0,2,1,3.946493,0.494956,3,4,6
29960,0,1,1,3,1,3.946764,0.494963,3,4,6
29970,2,0,1,4,1,3.946809,0.494966,3,4,6
29980,0,0,0,0,0,3.946643,0.494928,3,4,6
29990,0,0,1,2,1,3.945758,0.494822,3,4,6
30000,2,0,0,3,1,3.945124,0.494726,3,4,6
30010,0,0,0,0,0,3.944781,0.494699,3,4,6
30020,1,2,0,4,1,3.944249,0.494648,3,4,6
30030,0,1,0,2,1,3.944930,0.494704,3,4,6
30040,5,2,0,8,1,3.944471,0.494633,3,4,6
30050,0,0,0,1,1,3.943703,0.494576,3,4,6
30060,0,1,0,2,1,3.943620,0.494546,3,4,6
30070,0,0,0,1,1,3.942908,0.494450,3,4,6
30080,1,0,2,4,1,3.942287,0.494368,3,4,6
30090,4,2,5,12,1,3.943494,0.494486,3,4,6
30100,0,6,5,12,1,3.945664,0.494741,3,4,6
30110,0,0,0,0,0,3.945288,0.494716,3,4,6
30120,0,0,0,0,0,3.944909,0.494666,3,4,6
30130,0,1,0,2,1,3.944173,0.494571,3,4,6
30140,0,0,0,0,0,3.944225,0.494556,3,4,6
30150,0,0,0,1,1,3.943485,0.494494,3,4,6
30160,0,0,0,1,1,3.943167,0.494453,3,4,6
30170,0,0,0,0,0,3.942382,0.494371,3,4,6
30180,0,0,0,0,0,3.941579,0.494298,3,4,6
30190,0,3,1,5,1,3.941140,0.494249,3,4,6
30200,2,1,5,9,1,3.941293,0.494249,3,4,6
30210,0,0,2,3,1,3.941469,0.494295,3,4,6
30220,1,6,0,8,1,3.943210,0.494470,3,4,6
30230,0,0,0,0,0,3.942617,0.494401,3,4,6
30240,1,1,3,6,1,3.942341,0.494354,3,4,6
30250,0,0,0,0,0,3.941764,0.494295,3,4,6
30260,4,0,0,5,1,3.941962,0.494309,3,4,6
30270,0,0,1,2,1,3.941742,0.494296,3,4,6
30280,0,1,0,2,1,3.941058,0.494203,3,4,6
30290,15,1,5,22,1,3.944694,0.494626,3,4,6
30300,3,0,2,6,1,3.946136,0.494804,3,4,6
30310,10,4,5,20,1,3.948273,0.495059,3,4,6
30320,11,0,4,16,1,3.952784,0.495637,3,4,6
30330,1,0,2,4,1,3.952854,0.495641,3,4,6
30340,0,0,0,0,0,3.952203,0.495579,3,4,6
30350,6,4,2,13,1,3.952136,0.495564,3,4,6
30360,0,1,0,2,1,3.953161,0.495696,3,4,6
30370,4,0,0,5,1,3.952541,0.495618,3,4,6
30380,0,0,0,1,1,3.953110,0.495699,3,4,6
30390,0,2,1,4,1,3.953072,0.495649,3,4,6
30400,0,2,0,3,1,3.952456,0.495583,3,4,6
30410,2,0,0,3,1,3.951887,0.495511,3,4,6
30420,0,3,0,4,1,3.951377,0.495441,3,4,6
30430,1,1,1,4,1,3.951395,0.495436,3,4,6
30440,0,0,0,0,0,3.951063,0.495409,3,4,6
30450,1,2,0,4,1,3.950421,0.495336,3,4,6
30460,0,2,2,5,1,3.950413,0.495320,3,4,6
30470,3,4,5,13,1,3.950187,0.495301,3,4,6
30480,4,0,0,5,1,3.949919,0.495261,3,4,6
30490,0,1,1,3,1,3.949669,0.495221,3,4,6
30500,0,1,0,2,1,3.950586,0.495299,3,4,6
30510,6,2,4,13,1,3.951304,0.495352,3,4,6
30520,7,1,2,11,1,3.951952,0.495439,3,4,6
30530,9,0,1,11,1,3.955349,0.495836,3,4,6
30540,0,1,0,2,1,3.955329,0.495849,3,4,6
30550,0,0,0,1,1,3.955513,0.495878,3,4,6
30560,4,0,2,7,1,3.954621,0.495765,3,4,6
30570,0,1,0,2,1,3.954208,0.495713,3,4,6
30580,4,1,3,9,1,3.954150,0.495679,3,4,6
30590,0,2,5,8,1,3.954151,0.495703,3,4,6
30600,1,0,1,3,1,3.953648,0.495680,3,4,6
30610,2,1,0,4,1,3.953786,0.495705,3,4,6
30620,3,2,1,7,1,3.953463,0.495664,3,4,6
30630,0,0,0,1,1,3.953438,0.495667,3,4,6
30640,2,0,0,3,1,3.953118,0.495624,3,4,6
30650,0,0,0,0,0,3.952756,0.495576,3,4,6
30660,0,2,4,7,1,3.952307,0.495507,3,4,6
30670,0,0,1,2,1,3.954944,0.495823,3,4,6
30680,1,1,2,5,1,3.955176,0.495860,3,4,6
30690,1,1,0,3,1,3.954544,0.495786,3,4,6
30700,3,1,1,6,1,3.955090,0.495820,3,4,6
30710,0,0,0,1,1,3.954243,0.495753,3,4,6
30720,1,2,3,7,1,3.953894,0.495709,3,4,6
30730,0,1,0,2,1,3.953495,0.495651,3,4,6
30740,6,12,4,23,1,3.955793,0.495926,3,4,6
30750,1,1,3,6,1,3.958795,0.496286,3,4,6
30760,0,2,0,3,1,3.958352,0.496240,3,4,6
30770,1,0,1,3,1,3.957647,0.496181,3,4,6
30780,6,2,11,20,1,3.959562,0.496397,3,4,6
30790,1,0,2,4,1,3.962702,0.496802,3,4,6
30800,2,1,0,4,1,3.961847,0.496719,3,4,6
30810,0,3,0,4,1,3.961576,0.496702,3,4,6
30820,0,0,0,0,0,3.961151,0.496644,3,4,6
30830,2,0,3,6,1,3.960446,0.496578,3,4,6
30840,0,0,0,1,1,3.959626,0.496503,3,4,6
30850,0,0,0,1,1,3.960187,0.496559,3,4,6
30860,0,2,0,3,1,3.959662,0.496486,3,4,6
30870,2,1,1,5,1,3.959254,0.496430,3,4,6
30880,0,0,0,0,0,3.958646,0.496340,3,4,6
30890,0,0,0,0,0,3.958097,0.496280,3,4,6
30900,0,0,3,4,1,3.957591,0.496224,3,4,6
30910,3,2,1,7,1,3.957561,0.496184,3,4,6
30920,4,4,1,10,1,3.957265,0.496155,3,4,6
30930,6,4,3,14,1,3.960348,0.496538,3,4,6
30940,5,6,1,13,1,3.963739,0.496929,3,4,6
30950,0,0,0,1,1,3.963950,0.496959,3,4,6
30960,0,1,0,2,1,3.963242,0.496866,3,4,6
30970,0,0,0,1,1,3.962470,0.496799,3,4,6
30980,0,0,0,0,0,3.961694,0.496711,3,4,6
30990,0,4,3,8,1,3.962510,0.496805,3,4,6
31000,3,0,0,4,1,3.963367,0.496912,3,4,6
31010,0,0,0,1,1,3.962681,0.496839,3,4,6
31020,4,1,2,8,1,3.962454,0.496800,3,4,6
31030,2,4,0,7,1,3.962484,0.496789,3,4,6
31040,0,2,0,3,1,3.962504,0.496789,3,4,6
31050,0,0,0,0,0,3.961969,0.496740,3,4,6
31060,0,0,2,3,1,3.961203,0.496663,3,4,6
31070,0,0,0,1,1,3.960912,0.496632,3,4,6
31080,1,2,10,14,1,3.963299,0.496891,3,4,6
31090,0,0,0,1,1,3.967192,0.497373,3,4,6
31100,13,1,4,19,1,3.968890,0.497539,3,4,6
31110,0,0,0,0,0,3.970941,0.497776,3,4,6
31120,0,0,0,0,0,3.970155,0.497687,3,4,6
31130,0,0,0,0,0,3.969765,0.497673,3,4,6
31140,4,5,0,10,1,3.970175,0.497720,3,4,6
31150,4,5,5,15,1,3.972883,0.498037,3,4,6
31160,0,1,0,2,1,3.975577,0.498347,3,4,6
31170,0,0,0,0,0,3.975051,0.498278,3,4,6
31180,0,0,0,1,1,3.975608,0.498348,3,4,6
31190,0,0,0,1,1,3.976526,0.498446,3,4,6
31200,0,1,0,2,1,3.975877,0.498344,3,4,6
31210,0,0,0,1,1,3.975475,0.498287,3,4,6
31220,1,0,0,2,1,3.974851,0.498211,3,4,6
31230,1,1,0,3,1,3.974244,0.498142,3,4,6
31240,2,3,1,7,1,3.973994,0.498115,3,4,6
31250,2,2,0,5,1,3.973539,0.498061,3,4,6
31260,0,1,0,2,1,3.972956,0.498014,3,4,6
31270,1,0,0,2,1,3.972218,0.497915,3,4,6
31280,0,0,0,1,1,3.971638,0.497851,3,4,6
31290,0,0,0,0,0,3.971517,0.497842,3,4,6
31300,2,4,0,7,1,3.971247,0.497807,3,4,6
31310,1,3,0,5,1,3.970964,0.497791,3,4,6
31320,2,0,3,6,1,3.971748,0.497857,3,4,6
31330,0,1,0,2,1,3.971319,0.497809,3,4,6
31340,2,1,1,5,1,3.970580,0.497718,3,4,6
31350,1,2,0,4,1,3.970228,0.497671,3,4,6
31360,1,0,0,2,1,3.970513,0.497713,3,4,6
31370,0,0,0,1,1,3.970444,0.497712,3,4,6
31380,3,3,6,13,1,3.971226,0.497815,3,4,6
31390,0,0,0,1,1,3.971388,0.497833,3,4,6
31400,0,0,0,1,1,3.970933,0.497772,3,4,6
31410,1,0,1,3,1,3.971015,0.497787,3,4,6
31420,0,0,0,0,0,3.970905,0.497771,3,4,6
31430,0,0,0,0,0,3.970983,0.497790,3,4,6
31440,2,2,0,5,1,3.970544,0.497713,3,4,6
31450,0,0,0,1,1,3.970047,0.497664,3,4,6
31460,0,0,0,1,1,3.969382,0.497598,3,4,6
31470,0,0,0,0,0,3.968821,0.497537,3,4,6
31480,0,0,0,0,0,3.969284,0.497579,3,4,6
31490,2,0,1,4,1,3.969478,0.497579,3,4,6
31500,4,2,5,12,1,3.969764,0.497585,3,4,6
31510,1,1,1,4,1,3.971123,0.497739,3,4,6
31520,0,0,0,0,0,3.970587,0.497671,3,4,6
31530,0,2,2,5,1,3.969745,0.497581,3,4,6
31540,0,0,0,0,0,3.968948,0.497469,3,4,6
31550,0,3,0,4,1,3.968419,0.497414,3,4,6
31560,6,6,1,14,1,3.969548,0.497528,3,4,6
31570,16,8,0,25,1,3.975539,0.498252,3,4,6
31580,2,0,0,3,1,3.979305,0.498722,3,4,6
31590,1,0,1,3,1,3.978683,0.498651,3,4,6
31600,1,1,0,3,1,3.978809,0.498673,3,4,6
31610,2,2,4,9,1,3.979580,0.498757,3,4,6
31620,0,0,0,1,1,3.980450,0.498888,3,4,6
31630,1,0,0,2,1,3.979828,0.498815,3,4,6
31640,0,1,0,2,1,3.979203,0.498746,3,4,6
31650,1,2,2,6,1,3.978315,0.498660,3,4,6
31660,0,0,0,1,1,3.978227,0.498664,3,4,6
31670,0,3,2,6,1,3.978175,0.498663,3,4,6
31680,0,1,2,4,1,3.978136,0.498672,3,4,6
31690,0,1,0,2,1,3.977773,0.498616,3,4,6
31700,0,1,1,3,1,3.977438,0.498554,3,4,6
31710,0,0,0,0,0,3.976840,0.498477,3,4,6
31720,1,4,4,10,1,3.976205,0.498393,3,4,6
31730,1,1,1,4,1,3.976949,0.498458,3,4,6
31740,2,0,1,4,1,3.976242,0.498369,3,4,6
31750,0,0,0,0,0,3.976398,0.498408,3,4,6
31760,0,0,0,0,0,3.975958,0.498356,3,4,6
31770,3,2,0,6,1,3.975470,0.498292,3,4,6
31780,1,0,0,2,1,3.975035,0.498245,3,4,6
31790,0,0,0,0,0,3.974289,0.498165,3,4,6
31800,0,0,0,0,0,3.973539,0.498098,3,4,6
31810,8,5,4,18,1,3.973651,0.498106,3,4,6
31820,2,0,4,7,1,3.974560,0.498212,3,4,6
31830,6,0,7,14,1,3.975203,0.498270,3,4,6
31840,3,2,6,12,1,3.976624,0.498456,3,4,6
31850,1,0,2,4,1,3.977487,0.498556,3,4,6
31860,0,0,1,2,1,3.977118,0.498521,3,4,6
31870,0,1,0,2,1,3.976278,0.498427,3,4,6
31880,6,3,1,11,1,3.975988,0.498388,3,4,6
31890,1,0,1,3,1,3.976350,0.498427,3,4,6
31900,3,2,0,6,1,3.975882,0.498354,3,4,6
31910,0,0,1,2,1,3.975213,0.498262,3,4,6
31920,0,0,0,0,0,3.974701,0.498188,3,4,6
31930,0,1,0,2,1,3.975271,0.498247,3,4,6
31940,0,0,0,1,1,3.974389,0.498157,3,4,6
31950,0,2,0,3,1,3.973746,0.498084,3,4,6
31960,0,0,0,0,0,3.972982,0.498011,3,4,6
31970,0,0,0,1,1,3.972506,0.497942,3,4,6
31980,3,0,0,4,1,3.971886,0.497873,3,4,6
31990,1,1,0,3,1,3.971199,0.497793,3,4,6
32000,2,1,1,5,1,3.971007,0.497786,3,4,6
32010,0,0,0,0,0,3.970327,0.497704,3,4,6
32020,0,0,0,1,1,3.970745,0.497756,3,4,6
32030,0,0,0,1,1,3.970286,0.497698,3,4,6
32040,3,7,4,15,1,3.971318,0.497805,3,4,6
32050,1,0,0,2,1,3.971592,0.497843,3,4,6
32060,0,0,0,1,1,3.971007,0.497781,3,4,6
32070,0,0,0,0,0,3.970829,0.497770,3,4,6
32080,2,2,0,5,1,3.970885,0.497775,3,4,6
32090,0,0,0,1,1,3.970100,0.497680,3,4,6
32100,0,0,0,1,1,3.969193,0.497581,3,4,6
32110,0,0,0,0,0,3.969005,0.497565,3,4,6
32120,2,4,3,10,1,3.969270,0.497598,3,4,6
32130,1,0,0,2,1,3.969611,0.497640,3,4,6
32140,0,0,0,0,0,3.969183,0.497599,3,4,6
32150,0,0,0,1,1,3.969690,0.497662,3,4,6
32160,0,1,0,2,1,3.970180,0.497745,3,4,6
32170,0,0,0,1,1,3.970504,0.497771,3,4,6
32180,0,0,1,2,1,3.970453,0.497753,3,4,6
32190,1,2,1,5,1,3.970030,0.497705,3,4,6
32200,2,1,2,6,1,3.970195,0.497722,3,4,6
32210,0,0,0,1,1,3.969464,0.497633,3,4,6
32220,5,2,1,9,1,3.969130,0.497562,3,4,6
32230,0,0,1,2,1,3.968889,0.497512,3,4,6
32240,0,0,1,2,1,3.968415,0.497468,3,4,6
32250,0,0,0,1,1,3.967810,0.497416,3,4,6
32260,4,1,0,6,1,3.967433,0.497371,3,4,6
32270,1,0,0,2,1,3.967142,0.497330,3,4,6
32280,2,2,0,5,1,3.967304,0.497325,3,4,6
32290,1,0,1,3,1,3.966597,0.497222,3,4,6
32300,0,0,0,0,0,3.965816,0.497110,3,4,6
32310,0,0,0,1,1,3.965523,0.497089,3,4,6
32320,1,1,2,5,1,3.965409,0.497049,3,4,6
32330,2,0,0,3,1,3.966076,0.497134,3,4,6
32340,1,7,1,10,1,3.966743,0.497200,3,4,6
32350,0,0,0,1,1,3.968794,0.497452,3,4,6
32360,0,0,2,3,1,3.968238,0.497392,3,4,6
32370,0,0,1,2,1,3.968182,0.497365,3,4,6
32380,3,0,3,7,1,3.969435,0.497505,3,4,6
32390,1,1,0,3,1,3.969620,0.497520,3,4,6
32400,1,3,0,5,1,3.969975,0.497556,3,4,6
32410,0,0,0,0,0,3.969475,0.497501,3,4,6
32420,1,3,0,5,1,3.968793,0.497440,3,4,6
32430,0,0,0,1,1,3.968117,0.497372,3,4,6
32440,0,1,1,3,1,3.967557,0.497294,3,4,6
32450,0,0,0,1,1,3.966745,0.497216,3,4,6
32460,0,0,0,0,0,3.966836,0.497214,3,4,6
32470,0,0,0,0,0,3.966732,0.497229,3,4,6
32480,0,1,4,6,1,3.966230,0.497168,3,4,6
32490,0,0,0,0,0,3.966134,0.497175,3,4,6
32500,0,0,1,2,1,3.967964,0.497377,3,4,6
32510,0,0,0,0,0,3.967291,0.497296,3,4,6
32520,0,1,0,2,1,3.966318,0.497192,3,4,6
32530,8,5,5,19,1,3.967838,0.497369,3,4,6
32540,1,1,0,3,1,3.969601,0.497571,3,4,6
32550,4,1,1,7,1,3.969417,0.497551,3,4,6
32560,2,1,0,4,1,3.968665,0.497483,3,4,6
32570,0,4,1,6,1,3.967859,0.497393,3,4,6
32580,1,3,8,13,1,3.968400,0.497443,3,4,6
32590,2,1,1,5,1,3.968708,0.497468,3,4,6
32600,1,4,1,7,1,3.968551,0.497452,3,4,6
32610,0,0,0,1,1,3.968156,0.497404,3,4,6
32620,0,3,2,6,1,3.967487,0.497310,3,4,6
32630,3,3,3,10,1,3.967509,0.497303,3,4,6
32640,0,3,0,4,1,3.966863,0.497265,3,4,6
32650,0,4,3,8,1,3.967104,0.497295,3,4,6
32660,1,1,0,3,1,3.968218,0.497425,3,4,6
32670,1,3,1,6,1,3.967516,0.497352,3,4,6
32680,1,2,0,4,1,3.967150,0.497273,3,4,6
32690,0,0,0,0,0,3.966866,0.497225,3,4,6
32700,2,0,1,4,1,3.966647,0.497215,3,4,6
32710,0,0,0,0,0,3.967341,0.497305,3,4,6
32720,0,0,0,0,0,3.967030,0.497288,3,4,6
32730,2,0,0,3,1,3.966305,0.497205,3,4,6
32740,1,1,1,4,1,3.965612,0.497108,3,4,6
32750,1,6,5,13,1,3.965570,0.497093,3,4,6
32760,0,0,0,1,1,3.965904,0.497138,3,4,6
32770,0,0,0,0,0,3.965472,0.497083,3,4,6
32780,0,0,0,0,0,3.964716,0.497000,3,4,6
32790,1,1,4,7,1,3.964325,0.496944,3,4,6
32800,1,2,3,7,1,3.964188,0.496902,3,4,6
32810,0,0,0,1,1,3.963816,0.496847,3,4,6
32820,0,7,0,8,1,3.963283,0.496776,3,4,6
32830,4,1,3,9,1,3.963913,0.496836,3,4,6
32840,0,1,1,3,1,3.964705,0.496918,3,4,6
32850,7,3,2,13,1,3.964935,0.496950,3,4,6
32860,0,2,1,4,1,3.965716,0.497049,3,4,6
32870,1,0,0,2,1,3.965690,0.497063,3,4,6
32880,0,0,0,1,1,3.965288,0.497018,3,4,6
32890,0,0,0,0,0,3.964623,0.496958,3,4,6
32900,0,0,0,1,1,3.964015,0.496870,3,4,6
32910,0,2,0,3,1,3.964608,0.496910,3,4,6
32920,0,0,0,1,1,3.964589,0.496913,3,4,6
32930,0,0,0,1,1,3.963794,0.496834,3,4,6
32940,0,0,0,1,1,3.963452,0.496777,3,4,6
32950,4,16,0,21,1,3.965449,0.497005,3,4,6
32960,2,15,3,21,1,3.969936,0.497542,3,4,6
32970,0,0,0,0,0,3.972361,0.497872,3,4,6
32980,0,4,5,10,1,3.972783,0.497906,3,4,6
32990,0,0,0,1,1,3.972647,0.497900,3,4,6
33000,0,0,0,0,0,3.972326,0.497882,3,4,6
33010,3,0,2,6,1,3.971873,0.497807,3,4,6
33020,0,0,0,1,1,3.972189,0.497862,3,4,6
33030,0,0,0,1,1,3.971723,0.497799,3,4,6
33040,3,0,0,4,1,3.971092,0.497725,3,4,6
33050,0,0,1,2,1,3.970718,0.497665,3,4,6
33060,1,0,5,7,1,3.970427,0.497619,3,4,6
33070,2,6,2,11,1,3.971034,0.497679,3,4,6
33080,0,0,0,0,0,3.970610,0.497624,3,4,6
33090,0,3,0,4,1,3.969939,0.497560,3,4,6
33100,9,10,8,28,1,3.971840,0.497771,3,4,6
33110,1,1,0,3,1,3.976678,0.498375,3,4,6
33120,1,0,0,2,1,3.977582,0.498479,3,4,6
33130,0,1,1,3,1,3.978076,0.498525,3,4,6
33140,2,2,3,8,1,3.977617,0.498460,3,4,6
33150,0,0,0,0,0,3.977589,0.498464,3,4,6
33160,2,0,6,9,1,3.977636,0.498463,3,4,6
33170,0,0,0,1,1,3.977305,0.498429,3,4,6
33180,0,0,0,1,1,3.976446,0.498370,3,4,6
33190,0,0,0,0,0,3.977341,0.498482,3,4,6
33200,3,1,0,5,1,3.976912,0.498413,3,4,6
33210,9,1,11,22,1,3.981966,0.499031,3,4,6
33220,0,0,1,2,1,3.983946,0.499261,3,4,6
33230,0,0,0,0,0,3.983280,0.499193,3,4,6
33240,0,0,6,7,1,3.982854,0.499107,3,4,6
33250,0,0,0,1,1,3.982756,0.499120,3,4,6
33260,0,1,2,4,1,3.981942,0.499046,3,4,6
33270,0,0,0,0,0,3.981592,0.499006,3,4,6
33280,1,1,0,3,1,3.981001,0.498943,3,4,6
33290,0,0,0,1,1,3.980448,0.498862,3,4,6
33300,0,0,0,1,1,3.980139,0.498806,3,4,6
33310,1,1,1,4,1,3.979327,0.498717,3,4,6
33320,0,0,0,0,0,3.978676,0.498650,3,4,6
33330,0,1,0,2,1,3.977933,0.498560,3,4,6
33340,3,4,4,12,1,3.977881,0.498566,3,4,6
33350,0,0,0,0,0,3.979879,0.498816,3,4,6
33360,0,0,1,2,1,3.979787,0.498782,3,4,6
33370,0,0,0,0,0,3.981429,0.498976,3,4,6
33380,0,1,1,3,1,3.980677,0.498891,3,4,6
33390,0,6,2,9,1,3.980098,0.498810,3,4,6
33400,0,4,3,8,1,3.982296,0.499066,3,4,6
33410,0,0,0,0,0,3.982699,0.499117,3,4,6
33420,1,1,0,3,1,3.982333,0.499078,3,4,6
33430,0,0,1,2,1,3.982035,0.499034,3,4,6
33440,5,2,4,12,1,3.981630,0.498989,3,4,6
33450,0,1,0,2,1,3.983378,0.499221,3,4,6
33460,1,2,1,5,1,3.982698,0.499144,3,4,6
33470,7,6,3,17,1,3.983646,0.499242,3,4,6
33480,0,0,0,0,0,3.983478,0.499230,3,4,6
33490,1,0,0,2,1,3.983415,0.499228,3,4,6
33500,0,0,0,1,1,3.982674,0.499151,3,4,6
33510,0,0,0,1,1,3.981985,0.499064,3,4,6
33520,1,0,0,2,1,3.981320,0.498996,3,4,6
33530,0,0,0,0,0,3.980886,0.498929,3,4,6
33540,11,4,2,18,1,3.982253,0.499085,3,4,6
33550,3,2,1,7,1,3.985526,0.499492,3,4,6
33560,2,2,3,8,1,3.985620,0.499494,3,4,6
33570,0,8,0,9,1,3.985903,0.499510,3,4,6
33580,0,0,0,1,1,3.985441,0.499469,3,4,6
33590,0,0,0,1,1,3.984583,0.499372,3,4,6
33600,0,0,0,1,1,3.984402,0.499367,3,4,6
33610,1,1,4,7,1,3.984815,0.499398,3,4,6
33620,0,1,2,4,1,3.984150,0.499315,3,4,6
33630,0,0,0,0,0,3.983447,0.499260,3,4,6
33640,0,0,0,0,0,3.984025,0.499335,3,4,6
33650,0,0,0,1,1,3.983431,0.499251,3,4,6
33660,0,0,0,1,1,3.983132,0.499199,3,4,6
33670,1,0,1,3,1,3.982544,0.499137,3,4,6
33680,1,2,2,6,1,3.982619,0.499154,3,4,6
33690,0,0,2,3,1,3.981892,0.499088,3,4,6
33700,1,2,4,8,1,3.982021,0.499102,3,4,6
33710,0,0,0,0,0,3.981540,0.499060,3,4,6
33720,1,0,0,2,1,3.980680,0.498961,3,4,6
33730,0,0,0,1,1,3.980384,0.498922,3,4,6
33740,0,0,0,1,1,3.979582,0.498841,3,4,6
33750,1,0,0,2,1,3.979480,0.498828,3,4,6
33760,0,0,0,0,0,3.979646,0.498854,3,4,6
33770,0,0,0,0,0,3.978944,0.498788,3,4,6
33780,1,2,2,6,1,3.978250,0.498689,3,4,6
33790,0,0,0,1,1,3.977736,0.498643,3,4,6
33800,0,0,0,1,1,3.979769,0.498859,3,4,6
33810,4,6,0,11,1,3.980545,0.498965,3,4,6
33820,1,1,0,3,1,3.980966,0.499019,3,4,6
33830,1,0,0,2,1,3.980216,0.498930,3,4,6
33840,0,1,0,2,1,3.980450,0.498961,3,4,6
33850,2,0,5,8,1,3.979960,0.498914,3,4,6
33860,0,1,0,2,1,3.979626,0.498869,3,4,6
33870,0,0,0,1,1,3.979000,0.498791,3,4,6
33880,0,2,0,3,1,3.978741,0.498754,3,4,6
33890,0,0,3,4,1,3.978085,0.498688,3,4,6
33900,2,2,1,6,1,3.978489,0.498723,3,4,6
33910,0,0,0,1,1,3.979661,0.498866,3,4,6
33920,1,2,2,6,1,3.979286,0.498800,3,4,6
33930,0,0,0,1,1,3.978712,0.498743,3,4,6
33940,2,5,2,10,1,3.978526,0.498715,3,4,6
33950,2,3,2,8,1,3.978062,0.498670,3,4,6
33960,2,5,1,9,1,3.978371,0.498697,3,4,6
33970,0,2,0,3,1,3.979559,0.498834,3,4,6
33980,0,0,0,1,1,3.979211,0.498790,3,4,6
33990,5,4,0,10,1,3.978740,0.498738,3,4,6
34000,2,2,1,6,1,3.980582,0.498958,3,4,6
34010,0,0,2,3,1,3.980163,0.498888,3,4,6
34020,3,0,0,4,1,3.980227,0.498877,3,4,6
34030,0,0,5,6,1,3.979521,0.498807,3,4,6
34040,0,0,0,0,0,3.978899,0.498741,3,4,6
34050,0,0,0,1,1,3.978575,0.498704,3,4,6
34060,0,0,0,1,1,3.977972,0.498635,3,4,6
34070,0,0,1,2,1,3.977265,0.498556,3,4,6
34080,0,1,1,3,1,3.976539,0.498488,3,4,6
34090,2,0,0,3,1,3.976467,0.498464,3,4,6
34100,3,3,1,8,1,3.975852,0.498394,3,4,6
34110,0,0,0,1,1,3.975283,0.498338,3,4,6
34120,7,2,0,10,1,3.974645,0.498276,3,4,6
34130,0,0,0,1,1,3.974627,0.498288,3,4,6
34140,0,0,1,2,1,3.974543,0.498246,3,4,6
34150,0,0,0,1,1,3.974268,0.498210,3,4,6
34160,8,2,1,12,1,3.974256,0.498193,3,4,6
34170,1,1,0,3,1,3.974232,0.498208,3,4,6
34180,0,0,0,0,0,3.973551,0.498144,3,4,6
34190,1,1,2,5,1,3.973056,0.498078,3,4,6
34200,0,2,0,3,1,3.974397,0.498233,3,4,6
34210,0,0,0,0,0,3.973560,0.498146,3,4,6
34220,2,2,0,5,1,3.972923,0.498098,3,4,6
34230,0,0,3,4,1,3.972545,0.498043,3,4,6
34240,0,0,1,2,1,3.972034,0.497980,3,4,6
34250,0,0,2,3,1,3.972030,0.497978,3,4,6
34260,0,0,0,1,1,3.971427,0.497911,3,4,6
34270,0,0,0,1,1,3.970612,0.497828,3,4,6
34280,2,5,1,9,1,3.970239,0.497775,3,4,6
34290,4,0,1,6,1,3.970853,0.497828,3,4,6
34300,3,1,0,5,1,3.970892,0.497806,3,4,6
34310,2,4,0,7,1,3.971257,0.497829,3,4,6
34320,0,0,0,0,0,3.971231,0.497809,3,4,6
34330,0,0,0,1,1,3.970763,0.497755,3,4,6
34340,0,0,0,1,1,3.970003,0.497685,3,4,6
34350,2,2,0,5,1,3.970275,0.497710,3,4,6
34360,3,9,2,15,1,3.970794,0.497747,3,4,6
34370,1,0,3,5,1,3.970412,0.497724,3,4,6
34380,1,1,0,3,1,3.969634,0.497654,3,4,6
34390,1,0,0,2,1,3.969337,0.497638,3,4,6
34400,0,3,0,4,1,3.969665,0.497655,3,4,6
34410,0,0,0,1,1,3.969155,0.497599,3,4,6
34420,0,0,0,0,0,3.968520,0.497514,3,4,6
34430,2,3,1,7,1,3.968014,0.497452,3,4,6
34440,0,1,1,3,1,3.968329,0.497469,3,4,6
34450,0,3,0,4,1,3.968363,0.497451,3,4,6
34460,3,4,2,10,1,3.968511,0.497459,3,4,6
34470,0,0,0,1,1,3.968123,0.497399,3,4,6
34480,2,0,0,3,1,3.967553,0.497309,3,4,6
34490,3,0,0,4,1,3.967028,0.497264,3,4,6
34500,5,5,2,13,1,3.966732,0.497218,3,4,6
34510,1,1,1,4,1,3.966580,0.497184,3,4,6
34520,0,0,0,0,0,3.966409,0.497166,3,4,6
34530,3,0,3,7,1,3.966126,0.497150,3,4,6
34540,0,0,0,1,1,3.965676,0.497118,3,4,6
34550,1,0,4,6,1,3.966810,0.497218,3,4,6
34560,0,0,0,1,1,3.966451,0.497175,3,4,6
34570,1,0,0,2,1,3.966174,0.497143,3,4,6
34580,4,1,1,7,1,3.965650,0.497095,3,4,6
34590,0,0,0,1,1,3.965673,0.497092,3,4,6
34600,0,0,0,1,1,3.965857,0.497117,3,4,6
34610,3,1,1,6,1,3.965993,0.497115,3,4,6
34620,0,0,3,4,1,3.965569,0.497069,3,4,6
34630,0,0,0,1,1,3.965432,0.497050,3,4,6
34640,2,0,2,5,1,3.964591,0.496951,3,4,6
34650,6,1,0,8,1,3.967467,0.497284,3,4,6
34660,0,0,0,1,1,3.967571,0.497295,3,4,6
34670,0,0,0,1,1,3.966782,0.497208,3,4,6
34680,1,3,4,9,1,3.966029,0.497123,3,4,6
34690,6,3,1,11,1,3.966215,0.497128,3,4,6
34700,1,0,0,2,1,3.967331,0.497256,3,4,6
34710,3,1,1,6,1,3.966697,0.497209,3,4,6
34720,1,2,0,4,1,3.966183,0.497185,3,4,6
34730,5,1,3,10,1,3.966618,0.497220,3,4,6
34740,5,2,5,13,1,3.967259,0.497285,3,4,6
34750,0,0,0,1,1,3.968342,0.497411,3,4,6
34760,4,2,2,9,1,3.968114,0.497372,3,4,6
34770,0,0,2,3,1,3.967975,0.497347,3,4,6
34780,3,1,1,6,1,3.967981,0.497333,3,4,6
34790,8,4,2,15,1,3.968037,0.497322,3,4,6
34800,2,1,1,5,1,3.968455,0.497384,3,4,6
34810,0,1,0,2,1,3.968597,0.497402,3,4,6
34820,0,0,0,1,1,3.968157,0.497364,3,4,6
34830,2,0,0,3,1,3.968171,0.497382,3,4,6
34840,0,1,0,2,1,3.968608,0.497427,3,4,6
34850,0,0,0,0,0,3.969137,0.497475,3,4,6
34860,3,1,3,8,1,3.968623,0.497407,3,4,6
34870,0,0,0,1,1,3.967989,0.497370,3,4,6
34880,0,1,1,3,1,3.967627,0.497319,3,4,6
34890,0,0,0,0,0,3.967160,0.497265,3,4,6
34900,0,0,0,0,0,3.966536,0.497195,3,4,6
34910,0,0,0,1,1,3.966610,0.497208,3,4,6
34920,2,3,5,11,1,3.966258,0.497149,3,4,6
34930,3,0,0,4,1,3.966477,0.497180,3,4,6
34940,0,0,0,0,0,3.965682,0.497097,3,4,6
34950,0,0,0,1,1,3.965166,0.497032,3,4,6
34960,0,0,0,1,1,3.964754,0.496982,3,4,6
34970,0,0,1,2,1,3.964221,0.496945,3,4,6
34980,1,2,0,4,1,3.963767,0.496902,3,4,6
34990,2,5,1,9,1,3.964789,0.497005,3,4,6
35000,0,0,0,1,1,3.964616,0.496995,3,4,6
35010,2,0,0,3,1,3.963785,0.496891,3,4,6
35020,0,2,0,3,1,3.963379,0.496802,3,4,6
35030,6,4,3,14,1,3.963391,0.496766,3,4,6
35040,0,0,0,0,0,3.965707,0.497061,3,4,6
35050,0,0,0,1,1,3.965120,0.497001,3,4,6
35060,4,3,3,11,1,3.965076,0.496967,3,4,6
35070,0,0,0,0,0,3.965402,0.497006,3,4,6
35080,1,2,3,7,1,3.965104,0.496954,3,4,6
35090,5,1,0,7,1,3.965279,0.496984,3,4,6
35100,0,0,0,0,0,3.964900,0.496952,3,4,6
35110,0,2,4,7,1,3.964597,0.496900,3,4,6
35120,5,3,0,9,1,3.964912,0.496937,3,4,6
35130,8,1,4,14,1,3.966329,0.497095,3,4,6
35140,0,0,0,0,0,3.966278,0.497097,3,4,6
35150,0,0,0,0,0,3.965791,0.497018,3,4,6
35160,0,0,1,2,1,3.965314,0.496949,3,4,6
35170,1,1,4,7,1,3.967196,0.497166,3,4,6
35180,0,0,1,2,1,3.967944,0.497231,3,4,6
35190,0,3,0,4,1,3.968342,0.497262,3,4,6
35200,1,0,1,3,1,3.967989,0.497231,3,4,6
35210,0,1,0,2,1,3.967675,0.497186,3,4,6
35220,0,0,0,0,0,3.967283,0.497138,3,4,6
35230,0,0,0,0,0,3.967224,0.497120,3,4,6
35240,1,1,1,4,1,3.966715,0.497052,3,4,6
35250,3,1,2,7,1,3.966208,0.496990,3,4,6
35260,0,0,0,0,0,3.966179,0.497000,3,4,6
35270,0,0,1,2,1,3.965766,0.496947,3,4,6
35280,0,1,0,2,1,3.965235,0.496876,3,4,6
35290,4,2,2,9,1,3.964881,0.496816,3,4,6
35300,3,1,3,8,1,3.965208,0.496840,3,4,6
35310,2,1,2,6,1,3.965914,0.496918,3,4,6
35320,5,1,3,10,1,3.966439,0.496983,3,4,6
35330,0,4,2,7,1,3.967801,0.497129,3,4,6
35340,0,0,0,1,1,3.967353,0.497078,3,4,6
35350,2,4,1,8,1,3.967095,0.497008,3,4,6
35360,1,0,1,3,1,3.967596,0.497055,3,4,6
35370,0,0,0,0,0,3.967792,0.497074,3,4,6
35380,3,2,5,11,1,3.967041,0.496999,3,4,6
35390,0,0,0,1,1,3.967318,0.497044,3,4,6
35400,2,1,2,6,1,3.966605,0.496973,3,4,6
35410,0,0,1,2,1,3.966371,0.496949,3,4,6
35420,1,1,0,3,1,3.965983,0.496898,3,4,6
35430,0,0,0,0,0,3.965311,0.496817,3,4,6
35440,8,5,6,20,1,3.966509,0.496944,3,4,6
35450,0,2,1,4,1,3.969432,0.497324,3,4,6
35460,0,0,1,2,1,3.968985,0.497273,3,4,6
35470,0,0,0,1,1,3.968572,0.497203,3,4,6
35480,7,2,9,19,1,3.969364,0.497283,3,4,6
35490,0,0,0,1,1,3.969620,0.497325,3,4,6
35500,1,1,0,3,1,3.969256,0.497262,3,4,6
35510,0,0,0,1,1,3.968302,0.497172,3,4,6
35520,0,0,0,0,0,3.968821,0.497249,3,4,6
35530,1,4,0,6,1,3.968715,0.497235,3,4,6
35540,0,1,0,2,1,3.968594,0.497202,3,4,6
35550,1,2,0,4,1,3.968090,0.497137,3,4,6
35560,2,0,3,6,1,3.968025,0.497125,3,4,6
35570,3,1,6,11,1,3.968087,0.497126,3,4,6
35580,13,1,14,29,1,3.972107,0.497602,3,4,6
35590,1,1,0,3,1,3.973989,0.497859,3,4,6
35600,0,0,0,1,1,3.973542,0.497806,3,4,6
35610,2,5,3,11,1,3.973045,0.497742,3,4,6
35620,0,0,0,1,1,3.972480,0.497674,3,4,6
35630,2,1,2,6,1,3.971747,0.497598,3,4,6
35640,1,1,0,3,1,3.971863,0.497593,3,4,6
35650,0,0,0,0,0,3.971715,0.497565,3,4,6
35660,1,1,1,4,1,3.971005,0.497474,3,4,6
35670,0,7,2,10,1,3.970982,0.497464,3,4,6
35680,0,0,0,1,1,3.970465,0.497415,3,4,6
35690,8,1,3,13,1,3.971215,0.497493,3,4,6
35700,0,2,2,5,1,3.973795,0.497816,3,4,6
35710,1,2,1,5,1,3.975200,0.497998,3,4,6
35720,0,0,0,1,1,3.974619,0.497932,3,4,6
35730,0,0,0,0,0,3.973856,0.497861,3,4,6
35740,2,9,3,15,1,3.975020,0.497964,3,4,6
35750,5,4,5,15,1,3.977223,0.498231,3,4,6
35760,2,1,2,6,1,3.977352,0.498273,3,4,6
35770,0,1,0,2,1,3.977583,0.498309,3,4,6
35780,0,0,0,1,1,3.978434,0.498410,3,4,6
35790,0,0,0,1,1,3.978062,0.498372,3,4,6
35800,0,0,0,1,1,3.977427,0.498301,3,4,6
35810,0,1,1,3,1,3.976734,0.498231,3,4,6
35820,1,1,0,3,1,3.976126,0.498174,3,4,6
35830,0,0,0,0,0,3.975761,0.498143,3,4,6
35840,0,1,1,3,1,3.975708,0.498140,3,4,6
35850,0,0,0,0,0,3.975289,0.498083,3,4,6
35860,0,0,0,0,0,3.975170,0.498094,3,4,6
35870,2,2,1,6,1,3.974855,0.498063,3,4,6
35880,0,0,0,0,0,3.974736,0.498051,3,4,6
35890,0,0,0,0,0,3.973898,0.497972,3,4,6
35900,0,0,0,0,0,3.974155,0.498016,3,4,6
35910,0,0,0,1,1,3.973559,0.497945,3,4,6
35920,1,0,3,5,1,3.972808,0.497843,3,4,6
35930,2,1,1,5,1,3.972826,0.497819,3,4,6
35940,0,0,0,0,0,3.973191,0.497866,3,4,6
35950,3,0,1,5,1,3.973199,0.497855,3,4,6
35960,0,0,1,2,1,3.973048,0.497844,3,4,6
35970,1,2,3,7,1,3.972698,0.497817,3,4,6
35980,2,1,4,8,1,3.972371,0.497785,3,4,6
35990,4,5,7,17,1,3.975650,0.498162,3,4,6
36000,6,7,8,22,1,3.979881,0.498669,3,4,6
36010,0,0,0,0,0,3.982776,0.499046,3,4,6
36020,1,1,3,6,1,3.983153,0.499086,3,4,6
36030,1,4,2,8,1,3.982483,0.499014,3,4,6
36040,1,1,3,6,1,3.982100,0.498960,3,4,6
36050,0,1,0,2,1,3.982949,0.499045,3,4,6
36060,0,1,1,3,1,3.982221,0.498978,3,4,6
36070,2,1,0,4,1,3.981584,0.498903,3,4,6
36080,0,0,0,1,1,3.981774,0.498930,3,4,6
36090,0,0,1,2,1,3.981040,0.498867,3,4,6
36100,0,2,1,4,1,3.981250,0.498886,3,4,6
36110,1,0,0,2,1,3.982637,0.499039,3,4,6
36120,12,3,6,22,1,3.986450,0.499483,3,4,6
36130,7,0,1,9,1,3.990133,0.499945,3,4,6
36140,0,0,0,1,1,3.989946,0.499912,3,4,6
36150,0,0,0,0,0,3.989547,0.499865,3,4,6
36160,0,0,0,1,1,3.988865,0.499786,3,4,6
36170,1,4,0,6,1,3.988124,0.499700,3,4,6
36180,0,0,0,1,1,3.987993,0.499683,3,4,6
36190,0,0,0,1,1,3.988643,0.499759,3,4,6
36200,0,1,0,2,1,3.988638,0.499746,3,4,6
36210,1,0,0,2,1,3.988713,0.499745,3,4,6
36220,0,0,0,1,1,3.988749,0.499746,3,4,6
36230,1,2,0,4,1,3.988016,0.499660,3,4,6
36240,1,0,0,2,1,3.988000,0.499663,3,4,6
36250,4,2,3,10,1,3.988149,0.499670,3,4,6
36260,0,0,0,1,1,3.987908,0.499658,3,4,6
36270,0,0,0,0,0,3.987549,0.499606,3,4,6
36280,8,0,0,9,1,3.988797,0.499746,3,4,6
36290,1,3,4,9,1,3.988321,0.499699,3,4,6
36300,0,0,0,1,1,3.988983,0.499778,3,4,6
36310,0,0,0,0,0,3.988363,0.499717,3,4,6
36320,0,1,1,3,1,3.987669,0.499637,3,4,6
36330,1,0,1,3,1,3.987880,0.499654,3,4,6
36340,0,0,0,0,0,3.987230,0.499596,3,4,6
36350,2,2,4,9,1,3.986885,0.499551,3,4,6
36360,7,0,1,9,1,3.987856,0.499672,3,4,6
36370,0,0,0,1,1,3.987648,0.499632,3,4,6
36380,0,0,0,1,1,3.986921,0.499551,3,4,6
36390,1,1,0,3,1,3.986603,0.499511,3,4,6
36400,2,0,1,4,1,3.986387,0.499470,3,4,6
36410,2,1,0,4,1,3.988346,0.499700,3,4,6
36420,0,0,0,0,0,3.988012,0.499664,3,4,6
36430,0,4,3,8,1,3.988171,0.499665,3,4,6
36440,1,1,0,3,1,3.989082,0.499762,3,4,6
36450,2,0,0,3,1,3.989324,0.499771,3,4,6
36460,0,0,0,0,0,3.989179,0.499753,3,4,6
36470,0,2,0,3,1,3.988602,0.499678,3,4,6
36480,1,0,1,3,1,3.988378,0.499648,3,4,6
36490,0,2,1,4,1,3.987775,0.499572,3,4,6
36500,0,0,0,1,1,3.987036,0.499507,3,4,6
36510,4,1,1,7,1,3.986384,0.499451,3,4,6
36520,0,1,0,2,1,3.986412,0.499454,3,4,6
36530,1,1,1,4,1,3.986801,0.499485,3,4,6
36540,2,0,2,5,1,3.986170,0.499418,3,4,6
36550,0,0,1,2,1,3.986817,0.499493,3,4,6
36560,0,0,0,0,0,3.986065,0.499407,3,4,6
36570,1,1,2,5,1,3.986148,0.499404,3,4,6
36580,0,0,0,1,1,3.985506,0.499352,3,4,6
36590,2,1,1,5,1,3.984971,0.499297,3,4,6
36600,3,0,0,4,1,3.984355,0.499245,3,4,6
36610,6,3,3,13,1,3.984945,0.499299,3,4,6
36620,0,0,1,2,1,3.985116,0.499310,3,4,6
36630,1,2,1,5,1,3.984572,0.499228,3,4,6
36640,1,4,0,6,1,3.984506,0.499213,3,4,6
36650,1,1,0,3,1,3.983961,0.499144,3,4,6
36660,2,0,0,3,1,3.983441,0.499080,3,4,6
36670,0,0,1,2,1,3.982744,0.499015,3,4,6
36680,0,0,0,0,0,3.982257,0.498962,3,4,6
36690,0,0,0,0,0,3.982117,0.498943,3,4,6
36700,1,2,3,7,1,3.981900,0.498917,3,4,6
36710,0,0,2,3,1,3.981621,0.498885,3,4,6
36720,0,0,0,1,1,3.981538,0.498876,3,4,6
36730,0,0,0,1,1,3.980798,0.498795,3,4,6
36740,0,1,1,3,1,3.980701,0.498782,3,4,6
36750,1,2,0,4,1,3.980079,0.498711,3,4,6
36760,2,0,5,8,1,3.979907,0.498687,3,4,6
36770,0,1,2,4,1,3.979838,0.498680,3,4,6
36780,2,3,3,9,1,3.979636,0.498646,3,4,6
36790,0,2,0,3,1,3.979815,0.498658,3,4,6
36800,1,0,0,2,1,3.979751,0.498617,3,4,6
36810,1,2,2,6,1,3.979289,0.498564,3,4,6
36820,0,0,2,3,1,3.979084,0.498542,3,4,6
36830,1,0,0,2,1,3.978439,0.498469,3,4,6
36840,1,1,1,4,1,3.977712,0.498389,3,4,6
36850,0,9,0,10,1,3.977578,0.498367,3,4,6
36860,0,1,0,2,1,3.977441,0.498346,3,4,6
36870,0,0,0,0,0,3.978995,0.498532,3,4,6
36880,0,0,0,1,1,3.979301,0.498552,3,4,6
36890,4,5,2,12,1,3.979001,0.498517,3,4,6
36900,0,0,1,2,1,3.978553,0.498493,3,4,6
36910,0,0,0,1,1,3.978134,0.498440,3,4,6
36920,1,0,5,7,1,3.978824,0.498496,3,4,6
36930,1,0,0,2,1,3.978387,0.498463,3,4,6
36940,2,0,1,4,1,3.979365,0.498556,3,4,6
36950,0,0,0,1,1,3.978811,0.498508,3,4,6
36960,0,0,0,0,0,3.978485,0.498499,3,4,6
36970,0,2,0,3,1,3.977967,0.498431,3,4,6
36980,0,0,0,0,0,3.977523,0.498383,3,4,6
36990,0,0,0,0,0,3.976941,0.498296,3,4,6
37000,0,0,0,1,1,3.976209,0.498225,3,4,6
37010,0,0,0,0,0,3.976184,0.498211,3,4,6
37020,2,2,0,5,1,3.975904,0.498171,3,4,6
37030,5,6,7,19,1,3.976871,0.498273,3,4,6
37040,1,10,2,14,1,3.979465,0.498581,3,4,6
37050,0,0,1,2,1,3.979777,0.498616,3,4,6
37060,0,0,0,1,1,3.980168,0.498655,3,4,6
37070,0,0,0,1,1,3.980027,0.498642,3,4,6
37080,2,1,1,5,1,3.979834,0.498609,3,4,6
37090,0,0,0,0,0,3.979619,0.498585,3,4,6
37100,0,0,0,1,1,3.979745,0.498582,3,4,6
37110,0,1,0,2,1,3.979269,0.498508,3,4,6
37120,0,0,0,0,0,3.978954,0.498480,3,4,6
37130,1,2,4,8,1,3.979994,0.498600,3,4,6
37140,0,0,0,1,1,3.979475,0.498552,3,4,6
37150,0,0,0,1,1,3.979170,0.498500,3,4,6
37160,3,2,0,6,1,3.978514,0.498416,3,4,6
37170,2,4,1,8,1,3.978413,0.498389,3,4,6
37180,2,0,0,3,1,3.977913,0.498337,3,4,6
37190,0,0,0,1,1,3.977130,0.498282,3,4,6
37200,1,0,1,3,1,3.976505,0.498215,3,4,6
37210,0,0,0,0,0,3.975789,0.498153,3,4,6
37220,0,0,0,0,0,3.975088,0.498092,3,4,6
37230,1,0,0,2,1,3.974471,0.498023,3,4,6
37240,0,0,0,1,1,3.973907,0.497960,3,4,6
37250,2,2,5,10,1,3.974432,0.497987,3,4,6
37260,0,0,0,1,1,3.974267,0.497954,3,4,6
37270,0,0,1,2,1,3.974091,0.497929,3,4,6
37280,5,6,2,14,1,3.974650,0.497977,3,4,6
37290,0,0,0,0,0,3.974444,0.497979,3,4,6
37300,3,0,1,5,1,3.974008,0.497916,3,4,6
37310,0,0,2,3,1,3.973876,0.497914,3,4,6
37320,0,2,1,4,1,3.973380,0.497850,3,4,6
37330,0,5,1,7,1,3.973965,0.497906,3,4,6
37340,0,2,0,3,1,3.973620,0.497871,3,4,6
37350,0,1,0,2,1,3.973104,0.497791,3,4,6
37360,0,0,1,2,1,3.972662,0.497757,3,4,6
37370,3,1,0,5,1,3.973632,0.497850,3,4,6
37380,1,7,2,11,1,3.974254,0.497931,3,4,6
37390,0,0,0,0,0,3.974003,0.497911,3,4,6
37400,1,0,0,2,1,3.973504,0.497863,3,4,6
37410,0,0,0,0,0,3.973816,0.497891,3,4,6
37420,0,0,1,2,1,3.974129,0.497932,3,4,6
37430,2,6,0,9,1,3.973655,0.497871,3,4,6
37440,1,2,1,5,1,3.974355,0.497978,3,4,6
37450,0,0,0,1,1,3.974226,0.497963,3,4,6
37460,0,0,0,1,1,3.974837,0.498011,3,4,6
37470,1,1,0,3,1,3.974417,0.497957,3,4,6
37480,0,1,0,2,1,3.973691,0.497887,3,4,6
37490,1,4,1,7,1,3.973606,0.497864,3,4,6
37500,1,1,3,6,1,3.973209,0.497794,3,4,6
37510,0,0,0,0,0,3.973313,0.497805,3,4,6
37520,2,2,4,9,1,3.972737,0.497740,3,4,6
37530,1,2,2,6,1,3.974193,0.497908,3,4,6
37540,1,1,2,5,1,3.974034,0.497906,3,4,6
37550,0,3,2,6,1,3.973451,0.497850,3,4,6
37560,0,0,0,0,0,3.973109,0.497803,3,4,6
37570,4,1,6,12,1,3.973452,0.497856,3,4,6
37580,1,0,0,2,1,3.973260,0.497823,3,4,6
37590,0,1,0,2,1,3.973450,0.497834,3,4,6
37600,0,0,0,0,0,3.974012,0.497912,3,4,6
37610,0,0,0,0,0,3.973685,0.497886,3,4,6
37620,1,1,0,3,1,3.974035,0.497921,3,4,6
37630,0,0,0,1,1,3.973204,0.497843,3,4,6
37640,1,0,1,3,1,3.972785,0.497800,3,4,6
37650,0,3,0,4,1,3.972430,0.497755,3,4,6
37660,0,0,1,2,1,3.973126,0.497822,3,4,6
37670,0,1,5,7,1,3.973495,0.497875,3,4,6
37680,0,0,0,1,1,3.972840,0.497804,3,4,6
37690,0,0,0,1,1,3.972371,0.497737,3,4,6
37700,1,2,4,8,1,3.973543,0.497862,3,4,6
37710,1,0,0,2,1,3.972956,0.497806,3,4,6
37720,1,2,1,5,1,3.972945,0.497796,3,4,6
37730,0,1,0,2,1,3.972285,0.497734,3,4,6
37740,0,6,0,7,1,3.972502,0.497771,3,4,6
37750,2,0,0,3,1,3.972556,0.497786,3,4,6
37760,1,0,2,4,1,3.972852,0.497829,3,4,6
37770,0,3,3,7,1,3.973128,0.497844,3,4,6
37780,0,0,0,1,1,3.973076,0.497819,3,4,6
37790,0,2,3,6,1,3.972767,0.497773,3,4,6
37800,0,1,1,3,1,3.972364,0.497734,3,4,6
37810,0,0,0,1,1,3.972577,0.497735,3,4,6
37820,5,0,3,9,1,3.972236,0.497676,3,4,6
37830,3,0,4,8,1,3.972485,0.497710,3,4,6
37840,0,0,1,2,1,3.972435,0.497699,3,4,6
37850,3,1,1,6,1,3.971769,0.497631,3,4,6
37860,1,0,4,6,1,3.971696,0.497610,3,4,6
37870,0,2,3,6,1,3.971444,0.497587,3,4,6
37880,3,0,1,5,1,3.971528,0.497589,3,4,6
37890,0,2,1,4,1,3.972382,0.497690,3,4,6
37900,0,0,0,0,0,3.973048,0.497769,3,4,6
37910,3,6,3,13,1,3.972683,0.497733,3,4,6
37920,0,2,0,3,1,3.972404,0.497696,3,4,6
37930,2,0,1,4,1,3.971803,0.497636,3,4,6
37940,2,0,2,5,1,3.971206,0.497568,3,4,6
37950,1,0,3,5,1,3.970965,0.497513,3,4,6
37960,0,0,0,1,1,3.970795,0.497511,3,4,6
37970,0,1,0,2,1,3.970351,0.497465,3,4,6
37980,0,0,0,0,0,3.969921,0.497414,3,4,6
37990,1,0,0,2,1,3.969499,0.497362,3,4,6
38000,2,0,0,3,1,3.969385,0.497346,3,4,6
38010,0,0,2,3,1,3.968832,0.497278,3,4,6
38020,0,0,0,0,0,3.969133,0.497311,3,4,6
38030,5,2,8,16,1,3.970006,0.497390,3,4,6
38040,0,4,6,11,1,3.970209,0.497386,3,4,6
38050,0,4,10,15,1,3.972373,0.497649,3,4,6
38060,0,0,0,1,1,3.972211,0.497649,3,4,6
38070,9,0,1,11,1,3.971723,0.497609,3,4,6
38080,4,2,4,11,1,3.973327,0.497782,3,4,6
38090,2,0,2,5,1,3.973788,0.497841,3,4,6
38100,0,0,0,0,0,3.973355,0.497788,3,4,6
38110,0,0,2,3,1,3.972965,0.497760,3,4,6
38120,2,1,1,5,1,3.972380,0.497680,3,4,6
38130,3,6,0,10,1,3.972886,0.497727,3,4,6
38140,0,1,0,2,1,3.972975,0.497746,3,4,6
38150,1,1,1,4,1,3.972765,0.497713,3,4,6
38160,2,0,1,4,1,3.972502,0.497675,3,4,6
38170,0,0,0,1,1,3.971875,0.497607,3,4,6
38180,6,0,10,17,1,3.972371,0.497649,3,4,6
38190,1,1,2,5,1,3.972147,0.497650,3,4,6
38200,0,2,0,3,1,3.972126,0.497636,3,4,6
38210,0,0,0,0,0,3.971515,0.497559,3,4,6
38220,0,1,0,2,1,3.970773,0.497461,3,4,6
38230,0,0,0,1,1,3.970182,0.497397,3,4,6
38240,2,1,1,5,1,3.969651,0.497338,3,4,6
38250,5,2,0,8,1,3.969213,0.497262,3,4,6
38260,0,3,0,4,1,3.969074,0.497223,3,4,6
38270,0,1,0,2,1,3.968684,0.497190,3,4,6
38280,6,1,4,12,1,3.968542,0.497165,3,4,6
38290,1,0,7,9,1,3.968832,0.497198,3,4,6
38300,1,0,1,3,1,3.968389,0.497155,3,4,6
38310,0,0,0,1,1,3.967861,0.497087,3,4,6
38320,0,0,0,0,0,3.967774,0.497061,3,4,6
38330,0,0,1,2,1,3.967905,0.497074,3,4,6
38340,5,4,7,17,1,3.968814,0.497175,3,4,6
38350,7,0,2,10,1,3.972966,0.497700,3,4,6
38360,3,0,0,4,1,3.973110,0.497709,3,4,6
38370,1,2,2,6,1,3.973742,0.497773,3,4,6
38380,2,3,0,6,1,3.973646,0.497745,3,4,6
38390,0,2,2,5,1,3.974524,0.497825,3,4,6
38400,3,2,2,8,1,3.975686,0.497953,3,4,6
38410,7,5,8,21,1,3.977485,0.498152,3,4,6
38420,0,2,4,7,1,3.981145,0.498602,3,4,6
38430,3,7,4,15,1,3.981216,0.498602,3,4,6
38440,2,1,1,5,1,3.981319,0.498628,3,4,6
38450,1,3,1,6,1,3.981124,0.498595,3,4,6
38460,2,2,3,8,1,3.980838,0.498540,3,4,6
38470,0,0,2,3,1,3.980540,0.498513,3,4,6
38480,0,0,0,0,0,3.980284,0.498486,3,4,6
38490,5,1,2,9,1,3.979805,0.498434,3,4,6
38500,0,0,0,1,1,3.979092,0.498367,3,4,6
38510,0,0,0,1,1,3.978513,0.498302,3,4,6
38520,0,3,3,7,1,3.977737,0.498226,3,4,6
38530,0,0,0,0,0,3.977685,0.498205,3,4,6
38540,2,0,1,4,1,3.977236,0.498148,3,4,6
38550,0,0,0,0,0,3.976675,0.498092,3,4,6
38560,0,0,0,0,0,3.976321,0.498056,3,4,6
38570,0,1,0,2,1,3.975795,0.498004,3,4,6
38580,6,3,5,15,1,3.977203,0.498156,3,4,6
38590,0,0,0,1,1,3.977305,0.498185,3,4,6
38600,0,1,0,2,1,3.976858,0.498122,3,4,6
38610,0,1,0,2,1,3.976620,0.498077,3,4,6
38620,0,1,0,2,1,3.976835,0.498107,3,4,6
38630,0,0,0,1,1,3.976447,0.498070,3,4,6
38640,1,1,0,3,1,3.976215,0.498040,3,4,6
38650,0,0,1,2,1,3.976015,0.498028,3,4,6
38660,0,2,0,3,1,3.975318,0.497958,3,4,6
38670,0,0,1,2,1,3.974735,0.497901,3,4,6
38680,1,0,0,2,1,3.974501,0.497881,3,4,6
38690,2,0,0,3,1,3.975365,0.497966,3,4,6
38700,1,0,0,2,1,3.975522,0.497976,3,4,6
38710,0,4,3,8,1,3.975402,0.497953,3,4,6
38720,0,0,0,0,0,3.975265,0.497956,3,4,6
38730,0,0,0,0,0,3.975207,0.497923,3,4,6
38740,2,2,1,6,1,3.974682,0.497871,3,4,6
38750,1,0,1,3,1,3.974687,0.497878,3,4,6
38760,2,2,4,9,1,3.976023,0.498032,3,4,6
38770,0,0,0,0,0,3.976767,0.498146,3,4,6
38780,0,0,0,0,0,3.976618,0.498119,3,4,6
38790,0,0,0,0,0,3.976075,0.498056,3,4,6
38800,0,0,0,1,1,3.976300,0.498081,3,4,6
38810,0,0,0,0,0,3.975726,0.498029,3,4,6
38820,0,0,0,0,0,3.975207,0.497961,3,4,6
38830,0,0,0,0,0,3.974747,0.497911,3,4,6
38840,0,1,0,2,1,3.974021,0.497832,3,4,6
38850,4,6,0,11,1,3.973518,0.497774,3,4,6
38860,0,0,0,0,0,3.973393,0.497782,3,4,6
38870,0,0,0,1,1,3.973095,0.497746,3,4,6
38880,0,2,0,3,1,3.972380,0.497668,3,4,6
38890,0,1,0,2,1,3.971914,0.497607,3,4,6
38900,7,4,2,14,1,3.971849,0.497589,3,4,6
38910,0,0,0,0,0,3.971886,0.497584,3,4,6
38920,0,0,0,1,1,3.971296,0.497526,3,4,6
38930,0,2,3,6,1,3.971016,0.497476,3,4,6
38940,0,0,0,1,1,3.970594,0.497431,3,4,6
38950,0,0,0,0,0,3.969922,0.497364,3,4,6
38960,0,0,0,0,0,3.969712,0.497331,3,4,6
38970,0,0,1,2,1,3.969611,0.497297,3,4,6
38980,0,0,0,0,0,3.969007,0.497239,3,4,6
38990,1,2,0,4,1,3.968589,0.497196,3,4,6
39000,0,0,0,0,0,3.967937,0.497143,3,4,6
39010,2,2,3,8,1,3.967471,0.497073,3,4,6
39020,1,1,0,3,1,3.968337,0.497178,3,4,6
39030,0,0,1,2,1,3.967760,0.497123,3,4,6
39040,6,7,8,22,1,3.968065,0.497135,3,4,6
39050,1,0,1,3,1,3.968678,0.497210,3,4,6
39060,0,0,1,2,1,3.968165,0.497144,3,4,6
39070,0,4,1,6,1,3.967488,0.497081,3,4,6
39080,0,0,0,1,1,3.967518,0.497085,3,4,6
39090,4,3,2,10,1,3.967671,0.497076,3,4,6
39100,2,1,0,4,1,3.968600,0.497186,3,4,6
39110,2,2,6,11,1,3.968532,0.497182,3,4,6
39120,1,0,1,3,1,3.969341,0.497280,3,4,6
39130,1,0,0,2,1,3.968626,0.497212,3,4,6
39140,0,1,0,2,1,3.968174,0.497147,3,4,6
39150,1,0,0,2,1,3.967549,0.497070,3,4,6
39160,0,1,1,3,1,3.967097,0.497041,3,4,6
39170,0,0,0,1,1,3.967071,0.497032,3,4,6
39180,2,0,5,8,1,3.966800,0.496996,3,4,6
39190,0,0,0,1,1,3.966491,0.496953,3,4,6
39200,0,0,0,1,1,3.966018,0.496907,3,4,6
39210,2,3,0,6,1,3.965893,0.496884,3,4,6
39220,1,2,3,7,1,3.965909,0.496866,3,4,6
39230,0,2,1,4,1,3.965565,0.496832,3,4,6
39240,1,1,0,3,1,3.966855,0.496970,3,4,6
39250,1,0,0,2,1,3.966244,0.496898,3,4,6
39260,2,0,1,4,1,3.966070,0.496874,3,4,6
39270,0,0,0,1,1,3.965394,0.496816,3,4,6
39280,0,0,0,1,1,3.965488,0.496837,3,4,6
39290,0,0,0,0,0,3.965319,0.496806,3,4,6
39300,1,0,0,2,1,3.965041,0.496784,3,4,6
39310,0,0,0,1,1,3.964710,0.496747,3,4,6
39320,1,1,2,5,1,3.964214,0.496692,3,4,6
39330,0,0,0,1,1,3.965025,0.496803,3,4,6
39340,0,1,3,5,1,3.964953,0.496781,3,4,6
39350,0,0,0,0,0,3.965405,0.496820,3,4,6
39360,0,1,0,2,1,3.965156,0.496790,3,4,6
39370,1,2,1,5,1,3.964813,0.496740,3,4,6
39380,0,2,0,3,1,3.964514,0.496699,3,4,6
39390,0,0,0,0,0,3.963947,0.496642,3,4,6
39400,0,0,1,2,1,3.963272,0.496570,3,4,6
39410,0,0,0,0,0,3.962883,0.496518,3,4,6
39420,0,0,0,1,1,3.962800,0.496498,3,4,6
39430,1,0,0,2,1,3.962658,0.496502,3,4,6
39440,0,0,0,1,1,3.962028,0.496449,3,4,6
39450,0,1,0,2,1,3.961557,0.496393,3,4,6
39460,0,0,1,2,1,3.960953,0.496311,3,4,6
39470,4,1,0,6,1,3.960523,0.496257,3,4,6
39480,0,0,0,1,1,3.961738,0.496377,3,4,6
39490,1,2,0,4,1,3.961259,0.496350,3,4,6
39500,0,0,0,0,0,3.961955,0.496454,3,4,6
39510,0,0,0,0,0,3.961182,0.496376,3,4,6
39520,2,0,0,3,1,3.960553,0.496306,3,4,6
39530,1,1,2,5,1,3.960233,0.496269,3,4,6
39540,0,0,1,2,1,3.959760,0.496234,3,4,6
39550,0,3,6,10,1,3.959885,0.496237,3,4,6
39560,0,2,2,5,1,3.960046,0.496266,3,4,6
39570,0,11,6,18,1,3.962271,0.496514,3,4,6
39580,1,2,4,8,1,3.963729,0.496696,3,4,6
39590,1,0,1,3,1,3.964992,0.496863,3,4,6
39600,2,4,3,10,1,3.965774,0.496952,3,4,6
39610,0,0,0,1,1,3.965612,0.496926,3,4,6
39620,3,1,1,6,1,3.965188,0.496876,3,4,6
39630,0,0,0,1,1,3.964596,0.496830,3,4,6
39640,0,0,0,1,1,3.964315,0.496807,3,4,6
39650,2,3,2,8,1,3.963838,0.496758,3,4,6
39660,3,2,1,7,1,3.965001,0.496906,3,4,6
39670,0,0,0,0,0,3.964375,0.496849,3,4,6
39680,0,1,1,3,1,3.964764,0.496876,3,4,6
39690,0,1,0,2,1,3.964256,0.496829,3,4,6
39700,0,2,2,5,1,3.963876,0.496776,3,4,6
39710,0,0,1,2,1,3.963228,0.496701,3,4,6
39720,0,1,0,2,1,3.963459,0.496730,3,4,6
39730,1,1,0,3,1,3.962941,0.496679,3,4,6
39740,2,1,2,6,1,3.962845,0.496673,3,4,6
39750,0,0,0,1,1,3.962715,0.496658,3,4,6
39760,0,2,0,3,1,3.962069,0.496568,3,4,6
39770,0,0,0,0,0,3.961553,0.496521,3,4,6
39780,1,1,2,5,1,3.961405,0.496488,3,4,6
39790,3,2,1,7,1,3.960972,0.496447,3,4,6
39800,4,4,3,12,1,3.961018,0.496448,3,4,6
39810,0,0,0,1,1,3.961157,0.496490,3,4,6
39820,0,0,0,0,0,3.960937,0.496448,3,4,6
39830,0,0,0,0,0,3.960386,0.496405,3,4,6
39840,0,0,0,0,0,3.959653,0.496341,3,4,6
39850,0,2,2,5,1,3.959029,0.496275,3,4,6
39860,1,6,3,11,1,3.960581,0.496460,3,4,6
39870,0,0,0,0,0,3.960475,0.496438,3,4,6
39880,1,0,0,2,1,3.960112,0.496379,3,4,6
39890,0,0,0,1,1,3.960376,0.496386,3,4,6
39900,0,1,0,2,1,3.959827,0.496328,3,4,6
39910,2,0,0,3,1,3.959259,0.496266,3,4,6
39920,0,2,2,5,1,3.958725,0.496209,3,4,6
39930,2,2,2,7,1,3.958585,0.496201,3,4,6
39940,1,1,1,4,1,3.958235,0.496158,3,4,6
39950,5,5,9,20,1,3.959336,0.496276,3,4,6
39960,0,0,0,0,0,3.962528,0.496700,3,4,6
39970,1,0,3,5,1,3.962537,0.496696,3,4,6
39980,2,2,1,6,1,3.962032,0.496634,3,4,6
39990,1,0,0,2,1,3.962465,0.496690,3,4,6
40000,1,0,2,4,1,3.961759,0.496628,3,4,6
40010,0,2,0,3,1,3.961350,0.496590,3,4,6
40020,0,0,0,0,0,3.960965,0.496561,3,4,6
40030,0,1,1,3,1,3.960970,0.496554,3,4,6
40040,0,0,0,0,0,3.960832,0.496557,3,4,6
40050,1,1,0,3,1,3.960888,0.496551,3,4,6
40060,0,1,0,2,1,3.960864,0.496552,3,4,6
40070,4,3,4,12,1,3.961055,0.496552,3,4,6
40080,1,11,0,13,1,3.964370,0.496929,3,4,6
40090,4,4,0,9,1,3.964736,0.496960,3,4,6
40100,2,3,2,8,1,3.964748,0.496943,3,4,6
40110,0,0,0,1,1,3.964426,0.496901,3,4,6
40120,0,0,0,0,0,3.963810,0.496834,3,4,6
40130,3,0,1,5,1,3.963615,0.496792,3,4,6
40140,2,1,1,5,1,3.963091,0.496731,3,4,6
40150,2,5,3,11,1,3.962778,0.496677,3,4,6
40160,0,0,0,0,0,3.964049,0.496830,3,4,6
40170,1,0,3,5,1,3.963579,0.496769,3,4,6
40180,0,0,0,1,1,3.962821,0.496703,3,4,6
40190,0,0,0,0,0,3.962467,0.496666,3,4,6
40200,0,0,0,0,0,3.961990,0.496635,3,4,6
40210,0,6,3,10,1,3.962123,0.496652,3,4,6
40220,0,0,0,0,0,3.961823,0.496617,3,4,6
40230,1,0,2,4,1,3.961385,0.496574,3,4,6
40240,0,1,1,3,1,3.961162,0.496549,3,4,6
40250,2,6,0,9,1,3.962540,0.496715,3,4,6
40260,0,0,0,0,0,3.962875,0.496758,3,4,6
40270,0,0,0,1,1,3.962571,0.496723,3,4,6
40280,0,0,0,0,0,3.962069,0.496650,3,4,6
40290,2,5,7,15,1,3.962217,0.496658,3,4,6
40300,0,0,0,0,0,3.962906,0.496755,3,4,6
40310,0,0,0,1,1,3.962907,0.496759,3,4,6
40320,2,1,1,5,1,3.962674,0.496729,3,4,6
40330,0,0,1,2,1,3.962579,0.496728,3,4,6
40340,0,0,0,0,0,3.962323,0.496699,3,4,6
40350,0,0,0,1,1,3.961733,0.496606,3,4,6
40360,0,0,0,1,1,3.961116,0.496534,3,4,6
40370,3,1,1,6,1,3.961473,0.496565,3,4,6
40380,1,1,1,4,1,3.960843,0.496499,3,4,6
40390,0,0,0,0,0,3.960817,0.496500,3,4,6
40400,0,0,0,1,1,3.960406,0.496459,3,4,6
40410,0,0,0,0,0,3.960532,0.496466,3,4,6
40420,0,0,0,0,0,3.959901,0.496398,3,4,6
40430,0,0,0,0,0,3.959992,0.496405,3,4,6
40440,0,0,7,8,1,3.961303,0.496560,3,4,6
40450,1,1,5,8,1,3.961083,0.496536,3,4,6
40460,0,0,0,0,0,3.960457,0.496462,3,4,6
40470,0,1,0,2,1,3.960083,0.496436,3,4,6
40480,0,0,0,1,1,3.960541,0.496483,3,4,6
40490,1,5,1,8,1,3.960423,0.496457,3,4,6
40500,1,0,0,2,1,3.961039,0.496515,3,4,6
40510,0,0,0,0,0,3.960803,0.496495,3,4,6
40520,0,10,6,17,1,3.962113,0.496652,3,4,6
40530,3,3,2,9,1,3.962488,0.496705,3,4,6
40540,2,8,2,13,1,3.965472,0.497062,3,4,6
40550,1,2,2,6,1,3.965513,0.497068,3,4,6
40560,0,0,0,0,0,3.964978,0.497008,3,4,6
40570,1,1,0,3,1,3.964461,0.496939,3,4,6
40580,0,0,3,4,1,3.964171,0.496887,3,4,6
40590,0,2,0,3,1,3.963669,0.496823,3,4,6
40600,4,3,3,11,1,3.963379,0.496784,3,4,6
40610,0,2,4,7,1,3.966557,0.497162,3,4,6
40620,0,0,0,1,1,3.966630,0.497174,3,4,6
40630,2,0,5,8,1,3.966332,0.497130,3,4,6
40640,6,2,3,12,1,3.969257,0.497487,3,4,6
40650,0,0,0,1,1,3.969635,0.497537,3,4,6
40660,0,0,2,3,1,3.969084,0.497458,3,4,6
40670,0,0,0,1,1,3.969185,0.497475,3,4,6
40680,0,0,0,0,0,3.968692,0.497444,3,4,6
40690,7,1,4,13,1,3.969102,0.497469,3,4,6
40700,0,0,0,0,0,3.969348,0.497496,3,4,6
40710,0,1,0,2,1,3.968951,0.497445,3,4,6
40720,0,0,0,0,0,3.968525,0.497394,3,4,6
40730,0,0,0,1,1,3.968047,0.497335,3,4,6
40740,0,0,0,1,1,3.967529,0.497261,3,4,6
40750,0,0,3,4,1,3.967866,0.497287,3,4,6
40760,2,1,2,6,1,3.968712,0.497366,3,4,6
40770,0,0,0,1,1,3.969060,0.497420,3,4,6
40780,0,0,0,0,0,3.968593,0.497359,3,4,6
40790,0,0,1,2,1,3.969377,0.497457,3,4,6
40800,0,0,0,1,1,3.970352,0.497559,3,4,6
40810,0,0,0,0,0,3.969690,0.497479,3,4,6
40820,0,0,0,0,0,3.969223,0.497419,3,4,6
40830,0,0,0,0,0,3.969020,0.497378,3,4,6
40840,1,0,0,2,1,3.968529,0.497311,3,4,6
40850,1,3,0,5,1,3.968736,0.497316,3,4,6
40860,3,0,4,8,1,3.968601,0.497289,3,4,6
40870,0,1,0,2,1,3.968335,0.497246,3,4,6
40880,0,3,0,4,1,3.968337,0.497246,3,4,6
40890,1,3,2,7,1,3.968152,0.497217,3,4,6
40900,0,0,1,2,1,3.968041,0.497190,3,4,6
40910,1,1,0,3,1,3.968228,0.497203,3,4,6
40920,0,3,0,4,1,3.968515,0.497222,3,4,6
40930,5,1,2,9,1,3.968263,0.497199,3,4,6
40940,0,0,0,0,0,3.967802,0.497142,3,4,6
40950,3,1,0,5,1,3.967258,0.497063,3,4,6
40960,0,1,0,2,1,3.966859,0.497019,3,4,6
40970,0,0,0,1,1,3.966155,0.496938,3,4,6
40980,0,1,1,3,1,3.966275,0.496935,3,4,6
40990,0,0,0,0,0,3.967434,0.497060,3,4,6
41000,0,0,0,1,1,3.966912,0.497013,3,4,6
41010,2,1,0,4,1,3.966316,0.496942,3,4,6
41020,3,2,0,6,1,3.966050,0.496909,3,4,6
41030,0,1,0,2,1,3.965918,0.496878,3,4,6
41040,0,0,0,0,0,3.965512,0.496830,3,4,6
41050,0,1,2,4,1,3.965073,0.496770,3,4,6
41060,0,0,0,1,1,3.964455,0.496720,3,4,6
41070,0,0,0,0,0,3.963900,0.496648,3,4,6
41080,5,1,3,10,1,3.963829,0.496641,3,4,6
41090,2,1,0,4,1,3.965980,0.496890,3,4,6
41100,1,0,0,2,1,3.965642,0.496855,3,4,6
41110,2,1,1,5,1,3.965164,0.496818,3,4,6
41120,0,0,1,2,1,3.964827,0.496798,3,4,6
41130,3,4,4,12,1,3.964444,0.496750,3,4,6
41140,0,0,0,1,1,3.964549,0.496767,3,4,6
41150,0,0,3,4,1,3.964967,0.496802,3,4,6
41160,2,0,0,3,1,3.964988,0.496790,3,4,6
41170,1,1,0,3,1,3.964653,0.496740,3,4,6
41180,1,3,0,5,1,3.964702,0.496729,3,4,6
41190,0,0,0,1,1,3.964693,0.496723,3,4,6
41200,1,1,1,4,1,3.964403,0.496681,3,4,6
41210,0,8,2,11,1,3.966384,0.496906,3,4,6
41220,2,1,0,4,1,3.966287,0.496910,3,4,6
41230,5,1,11,18,1,3.967438,0.497019,3,4,6
41240,0,0,0,0,0,3.969713,0.497296,3,4,6
41250,0,0,1,2,1,3.969681,0.497277,3,4,6
41260,3,0,2,6,1,3.969195,0.497198,3,4,6
41270,0,0,1,2,1,3.968648,0.497146,3,4,6
41280,0,0,1,2,1,3.968074,0.497084,3,4,6
41290,0,0,0,0,0,3.967914,0.497052,3,4,6
41300,0,0,0,0,0,3.967427,0.497010,3,4,6
41310,0,0,0,1,1,3.966685,0.496941,3,4,6
41320,0,1,1,3,1,3.966092,0.496871,3,4,6
41330,0,1,0,2,1,3.966503,0.496914,3,4,6
41340,1,2,3,7,1,3.966487,0.496909,3,4,6
41350,1,1,1,4,1,3.966226,0.496894,3,4,6
41360,0,0,0,1,1,3.966027,0.496877,3,4,6
41370,1,2,5,9,1,3.966101,0.496887,3,4,6
41380,5,1,0,7,1,3.965736,0.496850,3,4,6
41390,0,1,4,6,1,3.965927,0.496862,3,4,6
41400,1,0,1,3,1,3.965660,0.496822,3,4,6
41410,0,0,1,2,1,3.965359,0.496780,3,4,6
41420,0,0,0,1,1,3.965168,0.496739,3,4,6
41430,0,0,0,1,1,3.965386,0.496754,3,4,6
41440,0,1,1,3,1,3.964957,0.496701,3,4,6
41450,0,0,0,1,1,3.964556,0.496664,3,4,6
41460,0,0,0,0,0,3.964165,0.496605,3,4,6
41470,0,0,0,0,0,3.963910,0.496563,3,4,6
41480,0,0,0,0,0,3.963212,0.496504,3,4,6
41490,0,1,3,5,1,3.962675,0.496440,3,4,6
41500,0,0,2,3,1,3.962990,0.496459,3,4,6
41510,1,1,0,3,1,3.962734,0.496415,3,4,6
41520,1,0,2,4,1,3.963269,0.496491,3,4,6
41530,0,0,0,1,1,3.962812,0.496442,3,4,6
41540,1,0,0,2,1,3.962286,0.496388,3,4,6
41550,0,1,0,2,1,3.962361,0.496406,3,4,6
41560,0,0,0,0,0,3.962994,0.496464,3,4,6
41570,0,0,0,1,1,3.962410,0.496409,3,4,6
41580,2,0,1,4,1,3.961783,0.496358,3,4,6
41590,4,1,1,7,1,3.961333,0.496308,3,4,6
41600,1,1,1,4,1,3.960804,0.496232,3,4,6
41610,1,3,2,7,1,3.960241,0.496170,3,4,6
41620,3,2,1,7,1,3.961900,0.496359,3,4,6
41630,4,3,0,8,1,3.961711,0.496353,3,4,6
41640,0,0,0,0,0,3.962853,0.496489,3,4,6
41650,1,2,7,11,1,3.962444,0.496445,3,4,6
41660,1,1,0,3,1,3.963594,0.496586,3,4,6
41670,0,0,1,2,1,3.963124,0.496530,3,4,6
41680,5,0,8,14,1,3.964043,0.496640,3,4,6
41690,9,5,5,20,1,3.964773,0.496721,3,4,6
41700,0,1,0,2,1,3.965900,0.496832,3,4,6
41710,1,3,1,6,1,3.965485,0.496781,3,4,6
41720,0,0,0,0,0,3.965327,0.496760,3,4,6
41730,1,1,1,4,1,3.964788,0.496695,3,4,6
41740,0,0,0,1,1,3.964828,0.496719,3,4,6
41750,5,4,3,13,1,3.964867,0.496686,3,4,6
41760,0,0,0,0,0,3.965880,0.496803,3,4,6
41770,1,2,4,8,1,3.965685,0.496768,3,4,6
41780,0,4,0,5,1,3.966307,0.496820,3,4,6
41790,0,0,0,0,0,3.965916,0.496766,3,4,6
41800,2,0,4,7,1,3.965542,0.496721,3,4,6
41810,0,0,0,0,0,3.965160,0.496680,3,4,6
41820,0,0,0,1,1,3.964444,0.496609,3,4,6
41830,5,2,3,11,1,3.964367,0.496594,3,4,6
41840,2,1,2,6,1,3.965812,0.496770,3,4,6
41850,1,0,1,3,1,3.965292,0.496722,3,4,6
41860,0,1,4,6,1,3.964922,0.496683,3,4,6
41870,0,0,0,0,0,3.965145,0.496705,3,4,6
41880,3,0,0,4,1,3.964594,0.496655,3,4,6
41890,7,0,3,11,1,3.964860,0.496684,3,4,6
41900,0,0,0,0,0,3.966513,0.496902,3,4,6
41910,0,3,0,4,1,3.966563,0.496896,3,4,6
41920,0,0,0,1,1,3.965867,0.496821,3,4,6
41930,0,0,0,1,1,3.965337,0.496760,3,4,6
41940,0,0,2,3,1,3.966121,0.496831,3,4,6
41950,3,3,3,10,1,3.965873,0.496801,3,4,6
41960,0,0,0,1,1,3.966204,0.496852,3,4,6
41970,9,3,2,15,1,3.966228,0.496828,3,4,6
41980,0,0,0,0,0,3.968489,0.497096,3,4,6
41990,0,0,0,1,1,3.968028,0.497058,3,4,6
42000,6,2,4,13,1,3.969142,0.497180,3,4,6
42010,5,3,6,15,1,3.971992,0.497537,3,4,6
42020,0,0,0,1,1,3.973471,0.497753,3,4,6
42030,0,0,0,0,0,3.972928,0.497688,3,4,6
42040,0,0,0,1,1,3.972640,0.497660,3,4,6
42050,1,1,3,6,1,3.972085,0.497610,3,4,6
42060,0,0,0,1,1,3.971601,0.497568,3,4,6
42070,0,0,0,0,0,3.971168,0.497520,3,4,6
42080,1,0,0,2,1,3.970878,0.497481,3,4,6
42090,4,0,1,6,1,3.970416,0.497428,3,4,6
42100,0,0,0,0,0,3.969779,0.497365,3,4,6
42110,0,0,1,2,1,3.969313,0.497304,3,4,6
42120,0,0,0,1,1,3.968734,0.497225,3,4,6
42130,1,1,1,4,1,3.968206,0.497178,3,4,6
42140,0,0,1,2,1,3.967788,0.497125,3,4,6
42150,0,0,0,0,0,3.967208,0.497057,3,4,6
42160,0,1,4,6,1,3.966967,0.497004,3,4,6
42170,0,1,0,2,1,3.966457,0.496961,3,4,6
42180,6,2,2,11,1,3.966982,0.497022,3,4,6
42190,0,5,1,7,1,3.967270,0.497056,3,4,6
42200,0,0,0,1,1,3.966698,0.497012,3,4,6
42210,0,0,0,0,0,3.966159,0.496955,3,4,6
42220,2,4,0,7,1,3.965741,0.496895,3,4,6
42230,0,0,0,0,0,3.965761,0.496909,3,4,6
42240,0,0,0,0,0,3.965203,0.496849,3,4,6
42250,0,0,0,0,0,3.965151,0.496849,3,4,6
42260,0,0,0,1,1,3.964848,0.496805,3,4,6
42270,0,0,0,1,1,3.964714,0.496769,3,4,6
42280,1,1,5,8,1,3.964751,0.496776,3,4,6
42290,2,0,0,3,1,3.964932,0.496802,3,4,6
42300,0,0,1,2,1,3.964776,0.496764,3,4,6
42310,0,0,0,0,0,3.964544,0.496729,3,4,6
42320,2,0,1,4,1,3.964627,0.496717,3,4,6
42330,0,0,0,0,0,3.964355,0.496671,3,4,6
42340,2,0,1,4,1,3.963745,0.496612,3,4,6
42350,5,0,2,8,1,3.964361,0.496678,3,4,6
42360,0,0,2,3,1,3.966144,0.496894,3,4,6
42370,0,1,0,2,1,3.965814,0.496854,3,4,6
42380,0,0,0,0,0,3.966727,0.496947,3,4,6
42390,0,0,0,1,1,3.966223,0.496894,3,4,6
42400,0,0,0,0,0,3.966252,0.496889,3,4,6
42410,0,1,2,4,1,3.966602,0.496921,3,4,6
42420,2,0,1,4,1,3.966200,0.496864,3,4,6
42430,1,0,0,2,1,3.965700,0.496798,3,4,6
42440,0,0,0,1,1,3.965261,0.496753,3,4,6
42450,0,2,5,8,1,3.965279,0.496741,3,4,6
42460,2,2,2,7,1,3.965895,0.496813,3,4,6
42470,0,0,0,0,0,3.965252,0.496757,3,4,6
42480,0,0,0,1,1,3.964879,0.496710,3,4,6
42490,0,0,0,0,0,3.964590,0.496671,3,4,6
42500,1,5,1,8,1,3.964105,0.496600,3,4,6
42510,1,1,5,8,1,3.963919,0.496579,3,4,6
42520,0,0,1,2,1,3.964355,0.496619,3,4,6
42530,0,0,0,1,1,3.964886,0.496684,3,4,6
42540,0,0,0,0,0,3.964758,0.496684,3,4,6
42550,1,3,1,6,1,3.964372,0.496639,3,4,6
42560,0,5,1,7,1,3.965051,0.496704,3,4,6
42570,0,0,0,1,1,3.965202,0.496738,3,4,6
42580,1,0,3,5,1,3.964982,0.496709,3,4,6
42590,0,0,0,1,1,3.964972,0.496697,3,4,6
42600,0,0,0,0,0,3.964463,0.496658,3,4,6
42610,0,0,0,1,1,3.963841,0.496596,3,4,6
42620,0,1,1,3,1,3.963620,0.496564,3,4,6
42630,0,1,0,2,1,3.963388,0.496520,3,4,6
42640,0,0,5,6,1,3.963015,0.496461,3,4,6
42650,0,0,0,0,0,3.962917,0.496449,3,4,6
42660,0,0,0,0,0,3.962897,0.496424,3,4,6
42670,0,1,0,2,1,3.962427,0.496359,3,4,6
42680,0,3,0,4,1,3.961985,0.496311,3,4,6
42690,2,0,0,3,1,3.961866,0.496297,3,4,6
42700,0,0,0,1,1,3.961677,0.496280,3,4,6
42710,0,0,0,1,1,3.961026,0.496201,3,4,6
42720,1,7,1,10,1,3.960766,0.496163,3,4,6
42730,0,0,0,0,0,3.960197,0.496106,3,4,6
42740,0,0,0,1,1,3.960127,0.496091,3,4,6
42750,0,0,3,4,1,3.959674,0.496053,3,4,6
42760,2,0,3,6,1,3.959412,0.495999,3,4,6
42770,0,0,0,0,0,3.958871,0.495939,3,4,6
42780,0,0,0,0,0,3.958738,0.495910,3,4,6
42790,4,4,3,12,1,3.958449,0.495864,3,4,6
42800,2,0,3,6,1,3.958887,0.495920,3,4,6
42810,0,0,0,0,0,3.958919,0.495928,3,4,6
42820,0,0,0,1,1,3.959062,0.495945,3,4,6
42830,0,2,0,3,1,3.958641,0.495881,3,4,6
42840,2,7,3,13,1,3.959207,0.495938,3,4,6
42850,0,0,0,1,1,3.959794,0.496033,3,4,6
42860,0,3,1,5,1,3.961714,0.496261,3,4,6
42870,3,1,3,8,1,3.961855,0.496278,3,4,6
42880,0,0,0,0,0,3.961402,0.496224,3,4,6
42890,3,1,1,6,1,3.961029,0.496189,3,4,6
42900,0,0,0,0,0,3.960791,0.496150,3,4,6
42910,0,0,0,1,1,3.960423,0.496102,3,4,6
42920,2,4,0,7,1,3.961337,0.496206,3,4,6
42930,0,3,1,5,1,3.961083,0.496178,3,4,6
42940,2,0,0,3,1,3.960562,0.496116,3,4,6
42950,0,0,1,2,1,3.959975,0.496054,3,4,6
42960,3,0,1,5,1,3.959617,0.496006,3,4,6
42970,0,0,1,2,1,3.959314,0.495969,3,4,6
42980,0,0,0,1,1,3.958785,0.495915,3,4,6
42990,0,0,0,0,0,3.958839,0.495926,3,4,6
43000,3,1,3,8,1,3.958347,0.495854,3,4,6
43010,0,0,0,1,1,3.957986,0.495816,3,4,6
43020,0,0,0,0,0,3.957524,0.495765,3,4,6
43030,3,3,0,7,1,3.957118,0.495726,3,4,6
43040,0,0,0,0,0,3.957692,0.495800,3,4,6
43050,0,0,0,1,1,3.957413,0.495756,3,4,6
43060,5,1,0,7,1,3.956960,0.495693,3,4,6
43070,0,0,0,1,1,3.956906,0.495681,3,4,6
43080,0,0,0,0,0,3.956503,0.495644,3,4,6
43090,0,3,0,4,1,3.955948,0.495595,3,4,6
43100,2,1,0,4,1,3.955787,0.495571,3,4,6
43110,0,0,0,1,1,3.955367,0.495531,3,4,6
43120,4,1,4,10,1,3.956188,0.495631,3,4,6
43130,0,1,1,3,1,3.957625,0.495801,3,4,6
43140,0,0,0,0,0,3.957450,0.495777,3,4,6
43150,2,0,6,9,1,3.957101,0.495743,3,4,6
43160,0,3,1,5,1,3.957111,0.495749,3,4,6
43170,1,1,1,4,1,3.956510,0.495689,3,4,6
43180,1,0,0,2,1,3.957192,0.495773,3,4,6
43190,1,0,1,3,1,3.956711,0.495705,3,4,6
43200,0,0,0,0,0,3.956367,0.495653,3,4,6
43210,4,3,3,11,1,3.956678,0.495652,3,4,6
43220,1,7,11,20,1,3.960520,0.496120,3,4,6
43230,2,2,0,5,1,3.962790,0.496407,3,4,6
43240,0,0,0,1,1,3.962436,0.496375,3,4,6
43250,3,3,8,15,1,3.964567,0.496626,3,4,6
43260,3,4,2,10,1,3.964767,0.496649,3,4,6
43270,0,1,0,2,1,3.965005,0.496680,3,4,6
43280,1,3,2,7,1,3.964570,0.496631,3,4,6
43290,0,0,0,1,1,3.964367,0.496617,3,4,6
43300,0,0,0,0,0,3.964328,0.496610,3,4,6
43310,0,0,0,1,1,3.963897,0.496559,3,4,6
43320,1,3,3,8,1,3.963954,0.496545,3,4,6
43330,5,3,4,13,1,3.964072,0.496547,3,4,6
43340,5,0,4,10,1,3.964445,0.496584,3,4,6
43350,0,0,0,1,1,3.965072,0.496664,3,4,6
43360,1,0,2,4,1,3.964677,0.496620,3,4,6
43370,0,1,0,2,1,3.965419,0.496705,3,4,6
43380,0,0,0,0,0,3.965598,0.496729,3,4,6
43390,0,0,1,2,1,3.965171,0.496662,3,4,6
43400,0,0,0,0,0,3.964969,0.496640,3,4,6
43410,2,0,1,4,1,3.965511,0.496696,3,4,6
43420,1,1,1,4,1,3.966073,0.496770,3,4,6
43430,0,0,0,1,1,3.965398,0.496707,3,4,6
43440,0,0,0,1,1,3.964774,0.496644,3,4,6
43450,1,0,1,3,1,3.964825,0.496653,3,4,6
43460,0,0,0,1,1,3.964294,0.496591,3,4,6
43470,0,0,0,0,0,3.963700,0.496528,3,4,6
43480,5,1,3,10,1,3.963555,0.496492,3,4,6
43490,3,1,4,9,1,3.964466,0.496589,3,4,6
43500,1,0,2,4,1,3.964858,0.496619,3,4,6
43510,0,0,0,1,1,3.964654,0.496592,3,4,6
43520,0,0,0,1,1,3.964241,0.496528,3,4,6
43530,0,0,0,0,0,3.963706,0.496473,3,4,6
43540,1,0,1,3,1,3.963951,0.496493,3,4,6
43550,0,0,0,1,1,3.963749,0.496456,3,4,6
43560,8,6,1,16,1,3.963972,0.496452,3,4,6
43570,0,0,0,1,1,3.964505,0.496522,3,4,6
43580,1,1,0,3,1,3.964259,0.496481,3,4,6
43590,0,0,0,0,0,3.963715,0.496444,3,4,6
43600,1,2,0,4,1,3.963189,0.496382,3,4,6
43610,0,0,6,7,1,3.963990,0.496476,3,4,6
43620,0,0,0,0,0,3.963773,0.496450,3,4,6
43630,1,1,0,3,1,3.963255,0.496388,3,4,6
43640,3,5,0,9,1,3.962855,0.496354,3,4,6
43650,0,2,0,3,1,3.962926,0.496365,3,4,6
43660,0,0,0,1,1,3.962555,0.496325,3,4,6
43670,4,1,6,12,1,3.962960,0.496357,3,4,6
43680,1,5,5,12,1,3.963782,0.496449,3,4,6
43690,0,0,0,0,0,3.965654,0.496683,3,4,6
43700,0,2,0,3,1,3.965559,0.496678,3,4,6
43710,0,0,1,2,1,3.965013,0.496631,3,4,6
43720,0,0,0,1,1,3.964456,0.496574,3,4,6
43730,0,0,0,1,1,3.963905,0.496511,3,4,6
43740,0,0,6,7,1,3.963617,0.496482,3,4,6
43750,0,0,15,16,1,3.966370,0.496798,3,4,6
43760,3,1,1,6,1,3.967212,0.496887,3,4,6
43770,2,4,2,9,1,3.966928,0.496854,3,4,6
43780,0,0,0,0,0,3.967078,0.496864,3,4,6
43790,1,0,1,3,1,3.967725,0.496930,3,4,6
43800,0,0,1,2,1,3.967459,0.496899,3,4,6
43810,0,0,0,0,0,3.966760,0.496833,3,4,6
43820,2,5,3,11,1,3.966694,0.496817,3,4,6
43830,0,0,1,2,1,3.967021,0.496854,3,4,6
43840,6,0,13,20,1,3.968707,0.497031,3,4,6
43850,0,0,1,2,1,3.969417,0.497135,3,4,6
43860,0,2,0,3,1,3.969055,0.497087,3,4,6
43870,0,0,0,0,0,3.968696,0.497043,3,4,6
43880,1,1,0,3,1,3.968317,0.496990,3,4,6
43890,0,0,0,0,0,3.967791,0.496926,3,4,6
43900,2,0,3,6,1,3.967624,0.496894,3,4,6
43910,0,2,0,3,1,3.967461,0.496885,3,4,6
43920,0,2,4,7,1,3.966978,0.496827,3,4,6
43930,0,1,2,4,1,3.966518,0.496768,3,4,6
43940,1,7,3,12,1,3.966158,0.496734,3,4,6
43950,0,1,0,2,1,3.965969,0.496722,3,4,6
43960,0,4,2,7,1,3.965973,0.496721,3,4,6
43970,0,0,0,0,0,3.965491,0.496673,3,4,6
43980,3,2,1,7,1,3.965909,0.496717,3,4,6
43990,0,2,1,4,1,3.965773,0.496673,3,4,6
44000,1,0,5,7,1,3.965754,0.496673,3,4,6
44010,0,0,1,2,1,3.965396,0.496642,3,4,6
44020,0,0,2,3,1,3.964768,0.496577,3,4,6
44030,0,0,0,0,0,3.964615,0.496557,3,4,6
44040,1,2,3,7,1,3.964361,0.496522,3,4,6
44050,2,1,1,5,1,3.964380,0.496514,3,4,6
44060,2,0,1,4,1,3.964775,0.496553,3,4,6
44070,0,1,1,3,1,3.964288,0.496508,3,4,6
44080,0,0,0,1,1,3.964325,0.496508,3,4,6
44090,8,2,1,12,1,3.964468,0.496524,3,4,6
44100,10,2,3,16,1,3.967273,0.496858,3,4,6
44110,12,4,0,17,1,3.971391,0.497357,3,4,6
44120,0,3,7,11,1,3.973401,0.497593,3,4,6
44130,3,4,2,10,1,3.974586,0.497717,3,4,6
44140,0,1,0,2,1,3.974290,0.497692,3,4,6
44150,0,0,0,0,0,3.973986,0.497664,3,4,6
44160,0,0,1,2,1,3.974123,0.497674,3,4,6
44170,3,2,1,7,1,3.973656,0.497625,3,4,6
44180,0,0,0,1,1,3.973402,0.497620,3,4,6
44190,1,0,2,4,1,3.973076,0.497579,3,4,6
44200,0,1,2,4,1,3.973038,0.497577,3,4,6
44210,0,0,0,1,1,3.972583,0.497525,3,4,6
44220,2,0,1,4,1,3.972049,0.497474,3,4,6
44230,0,0,0,0,0,3.971542,0.497428,3,4,6
44240,2,1,2,6,1,3.971226,0.497376,3,4,6
44250,0,0,0,0,0,3.970751,0.497312,3,4,6
44260,0,8,2,11,1,3.970721,0.497326,3,4,6
44270,0,0,0,1,1,3.971540,0.497435,3,4,6
44280,2,4,4,11,1,3.971385,0.497426,3,4,6
44290,2,5,5,13,1,3.973736,0.497689,3,4,6
44300,0,0,0,1,1,3.974410,0.497761,3,4,6
44310,0,0,0,1,1,3.973981,0.497695,3,4,6
44320,1,0,0,2,1,3.974394,0.497724,3,4,6
44330,1,0,2,4,1,3.974204,0.497709,3,4,6
44340,0,1,2,4,1,3.973611,0.497664,3,4,6
44350,0,0,0,0,0,3.973216,0.497608,3,4,6
44360,1,1,0,3,1,3.972708,0.497543,3,4,6
44370,0,0,0,0,0,3.972327,0.497501,3,4,6
44380,0,4,2,7,1,3.972259,0.497505,3,4,6
44390,0,7,7,15,1,3.974815,0.497794,3,4,6
44400,0,1,1,3,1,3.975259,0.497834,3,4,6
44410,2,5,1,9,1,3.975105,0.497807,3,4,6
44420,0,1,7,9,1,3.976607,0.497987,3,4,6
44430,0,0,0,0,0,3.976055,0.497919,3,4,6
44440,1,0,0,2,1,3.975672,0.497878,3,4,6
44450,0,1,0,2,1,3.975226,0.497840,3,4,6
44460,0,0,0,0,0,3.975121,0.497812,3,4,6
44470,1,3,1,6,1,3.975232,0.497815,3,4,6
44480,0,0,0,0,0,3.975075,0.497798,3,4,6
44490,0,0,0,0,0,3.974579,0.497750,3,4,6
44500,0,0,0,1,1,3.973987,0.497682,3,4,6
44510,0,1,5,7,1,3.973678,0.497639,3,4,6
44520,2,3,2,8,1,3.973675,0.497644,3,4,6
44530,0,0,0,0,0,3.974079,0.497680,3,4,6
44540,2,0,1,4,1,3.973604,0.497621,3,4,6
44550,5,0,0,6,1,3.973635,0.497615,3,4,6
44560,0,0,0,0,0,3.973219,0.497575,3,4,6
44570,0,0,0,1,1,3.972532,0.497513,3,4,6
44580,1,0,1,3,1,3.972095,0.497435,3,4,6
44590,5,9,6,21,1,3.973074,0.497539,3,4,6
44600,0,0,0,1,1,3.974500,0.497723,3,4,6
44610,0,0,0,0,0,3.974460,0.497727,3,4,6
44620,0,0,0,0,0,3.973927,0.497682,3,4,6
44630,0,0,1,2,1,3.973662,0.497651,3,4,6
44640,0,1,0,2,1,3.973263,0.497594,3,4,6
44650,1,1,1,4,1,3.972802,0.497529,3,4,6
44660,3,1,1,6,1,3.972735,0.497508,3,4,6
44670,0,0,0,1,1,3.972795,0.497500,3,4,6
44680,1,0,1,3,1,3.972306,0.497453,3,4,6
44690,0,0,1,2,1,3.971966,0.497422,3,4,6
44700,0,1,1,3,1,3.971568,0.497374,3,4,6
44710,0,0,0,0,0,3.971130,0.497348,3,4,6
44720,0,0,0,0,0,3.971389,0.497383,3,4,6
44730,0,0,2,3,1,3.971100,0.497338,3,4,6
44740,0,0,0,0,0,3.971417,0.497375,3,4,6
44750,0,0,1,2,1,3.970882,0.497313,3,4,6
44760,0,0,0,1,1,3.970424,0.497265,3,4,6
44770,0,0,0,0,0,3.970348,0.497265,3,4,6
44780,0,0,0,0,0,3.970021,0.497232,3,4,6
44790,1,0,4,6,1,3.969582,0.497166,3,4,6
44800,0,0,0,0,0,3.969392,0.497151,3,4,6
44810,2,2,3,8,1,3.969418,0.497152,3,4,6
44820,1,0,2,4,1,3.969496,0.497166,3,4,6
44830,0,0,0,1,1,3.969100,0.497122,3,4,6
44840,4,0,7,12,1,3.969319,0.497128,3,4,6
44850,1,0,2,4,1,3.969623,0.497170,3,4,6
44860,0,0,0,0,0,3.969314,0.497114,3,4,6
44870,0,1,0,2,1,3.968634,0.497047,3,4,6
44880,2,0,0,3,1,3.968053,0.496980,3,4,6
44890,0,0,0,0,0,3.968345,0.497006,3,4,6
44900,0,0,0,1,1,3.967670,0.496938,3,4,6
44910,1,1,0,3,1,3.967288,0.496894,3,4,6
44920,0,0,1,2,1,3.966978,0.496854,3,4,6
44930,0,1,0,2,1,3.966705,0.496811,3,4,6
44940,0,0,0,1,1,3.966532,0.496793,3,4,6
44950,0,0,0,0,0,3.966188,0.496751,3,4,6
44960,0,0,0,0,0,3.966276,0.496760,3,4,6
44970,0,0,0,0,0,3.965973,0.496732,3,4,6
44980,1,1,5,8,1,3.966127,0.496742,3,4,6
44990,1,2,0,4,1,3.965948,0.496726,3,4,6
45000,0,0,0,0,0,3.965692,0.496694,3,4,6
45010,3,2,2,8,1,3.965528,0.496662,3,4,6
45020,0,0,0,0,0,3.965794,0.496709,3,4,6
45030,2,2,3,8,1,3.965764,0.496680,3,4,6
45040,0,1,1,3,1,3.965806,0.496698,3,4,6
45050,0,0,0,0,0,3.965342,0.496624,3,4,6
45060,1,0,1,3,1,3.964776,0.496564,3,4,6
45070,0,0,0,1,1,3.964131,0.496504,3,4,6
45080,9,5,6,21,1,3.964934,0.496582,3,4,6
45090,0,0,0,0,0,3.965697,0.496699,3,4,6
45100,0,0,0,0,0,3.965330,0.496671,3,4,6
45110,0,2,4,7,1,3.965808,0.496716,3,4,6
45120,0,0,0,1,1,3.965458,0.496677,3,4,6
45130,2,2,2,7,1,3.965649,0.496677,3,4,6
45140,0,0,0,1,1,3.965481,0.496660,3,4,6
45150,0,0,0,0,0,3.965049,0.496595,3,4,6
45160,0,0,0,0,0,3.964464,0.496532,3,4,6
45170,0,0,2,3,1,3.964459,0.496526,3,4,6
45180,0,0,0,0,0,3.964584,0.496517,3,4,6
45190,1,0,0,2,1,3.964323,0.496491,3,4,6
45200,3,0,2,6,1,3.963928,0.496437,3,4,6
45210,0,0,0,1,1,3.963986,0.496451,3,4,6
45220,5,4,5,15,1,3.965171,0.496574,3,4,6
45230,0,0,0,0,0,3.965515,0.496631,3,4,6
45240,1,1,0,3,1,3.965057,0.496586,3,4,6
45250,0,1,1,3,1,3.964824,0.496556,3,4,6
45260,0,0,0,1,1,3.964312,0.496499,3,4,6
45270,0,1,4,6,1,3.964107,0.496481,3,4,6
45280,0,0,0,1,1,3.964456,0.496515,3,4,6
45290,0,0,1,2,1,3.964358,0.496489,3,4,6
45300,0,0,4,5,1,3.964459,0.496485,3,4,6
45310,0,0,0,0,0,3.964420,0.496470,3,4,6
45320,1,0,3,5,1,3.965457,0.496579,3,4,6
45330,1,1,0,3,1,3.965539,0.496584,3,4,6
45340,2,2,3,8,1,3.965172,0.496543,3,4,6
45350,0,1,0,2,1,3.964867,0.496508,3,4,6
45360,0,0,0,1,1,3.964400,0.496454,3,4,6
45370,2,2,1,6,1,3.964900,0.496499,3,4,6
45380,0,0,0,1,1,3.964457,0.496446,3,4,6
45390,0,0,0,1,1,3.964409,0.496445,3,4,6
45400,2,0,0,3,1,3.964512,0.496447,3,4,6
45410,4,3,2,10,1,3.964740,0.496464,3,4,6
45420,2,2,0,5,1,3.965246,0.496532,3,4,6
45430,4,2,2,9,1,3.967062,0.496745,3,4,6
45440,0,1,0,2,1,3.966572,0.496692,3,4,6
45450,0,1,0,2,1,3.966279,0.496655,3,4,6
45460,0,0,0,0,0,3.965682,0.496610,3,4,6
45470,1,0,0,2,1,3.965313,0.496550,3,4,6
45480,0,0,0,0,0,3.965038,0.496511,3,4,6
45490,7,4,4,16,1,3.965184,0.496520,3,4,6
45500,1,0,4,6,1,3.966956,0.496737,3,4,6
45510,3,2,3,9,1,3.968078,0.496879,3,4,6
45520,3,3,0,7,1,3.969331,0.497030,3,4,6
45530,0,0,1,2,1,3.969214,0.497022,3,4,6
45540,3,2,0,6,1,3.969169,0.497008,3,4,6
45550,0,1,2,4,1,3.971625,0.497317,3,4,6
45560,4,0,2,7,1,3.971132,0.497255,3,4,6
45570,0,0,0,1,1,3.970763,0.497226,3,4,6
45580,3,3,3,10,1,3.970685,0.497210,3,4,6
45590,1,3,2,7,1,3.972380,0.497398,3,4,6
45600,0,0,1,2,1,3.972031,0.497361,3,4,6
45610,2,0,0,3,1,3.971725,0.497318,3,4,6
45620,0,0,0,0,0,3.971386,0.497295,3,4,6
45630,8,6,3,18,1,3.972767,0.497448,3,4,6
45640,0,0,0,1,1,3.974322,0.497642,3,4,6
45650,1,0,0,2,1,3.973932,0.497605,3,4,6
45660,0,0,0,1,1,3.974484,0.497654,3,4,6
45670,1,0,1,3,1,3.974022,0.497600,3,4,6
45680,0,0,0,0,0,3.973610,0.497551,3,4,6
45690,0,0,0,1,1,3.973144,0.497492,3,4,6
45700,0,0,0,1,1,3.974046,0.497597,3,4,6
45710,2,3,3,9,1,3.973766,0.497560,3,4,6
45720,3,7,0,11,1,3.975780,0.497801,3,4,6
45730,0,0,0,1,1,3.975904,0.497836,3,4,6
45740,6,0,2,9,1,3.977365,0.498008,3,4,6
45750,0,0,0,1,1,3.977744,0.498070,3,4,6
45760,4,1,5,11,1,3.977455,0.498031,3,4,6
45770,0,0,0,0,0,3.977120,0.497987,3,4,6
45780,0,0,0,0,0,3.976531,0.497917,3,4,6
45790,0,0,0,1,1,3.976322,0.497894,3,4,6
45800,0,1,0,2,1,3.975943,0.497860,3,4,6
45810,0,0,0,0,0,3.976263,0.497887,3,4,6
45820,0,0,0,1,1,3.976156,0.497889,3,4,6
45830,0,0,1,2,1,3.975730,0.497852,3,4,6
45840,0,0,0,0,0,3.975209,0.497797,3,4,6
45850,0,0,0,1,1,3.974801,0.497746,3,4,6
45860,0,0,0,0,0,3.974211,0.497688,3,4,6
45870,0,0,0,0,0,3.973681,0.497635,3,4,6
45880,0,0,0,0,0,3.973183,0.497583,3,4,6
45890,0,3,1,5,1,3.972704,0.497524,3,4,6
45900,1,2,5,9,1,3.972272,0.497474,3,4,6
45910,1,1,0,3,1,3.972140,0.497459,3,4,6
45920,1,2,0,4,1,3.971673,0.497407,3,4,6
45930,0,0,0,0,0,3.971274,0.497365,3,4,6
45940,2,0,3,6,1,3.971475,0.497383,3,4,6
45950,0,0,0,0,0,3.971784,0.497445,3,4,6
45960,0,1,2,4,1,3.971680,0.497421,3,4,6
45970,0,0,0,1,1,3.971202,0.497375,3,4,6
45980,0,1,0,2,1,3.970848,0.497344,3,4,6
45990,0,4,0,5,1,3.970307,0.497284,3,4,6
46000,1,1,0,3,1,3.970181,0.497282,3,4,6
46010,3,0,1,5,1,3.969699,0.497231,3,4,6
46020,3,3,3,10,1,3.969458,0.497221,3,4,6
46030,5,1,2,9,1,3.970041,0.497279,3,4,6
46040,3,6,3,13,1,3.970179,0.497289,3,4,6
46050,0,0,0,0,0,3.971189,0.497429,3,4,6
46060,0,0,1,2,1,3.970599,0.497380,3,4,6
46070,0,0,0,1,1,3.970324,0.497346,3,4,6
46080,1,1,2,5,1,3.970243,0.497330,3,4,6
46090,0,0,0,1,1,3.969862,0.497282,3,4,6
46100,0,2,1,4,1,3.970048,0.497301,3,4,6
46110,3,0,0,4,1,3.969539,0.497234,3,4,6
46120,0,0,0,1,1,3.970286,0.497309,3,4,6
46130,1,3,0,5,1,3.970497,0.497334,3,4,6
46140,1,2,1,5,1,3.970407,0.497314,3,4,6
46150,0,0,0,0,0,3.969760,0.497248,3,4,6
46160,1,3,1,6,1,3.969554,0.497209,3,4,6
46170,0,0,1,2,1,3.969339,0.497181,3,4,6
46180,1,0,0,2,1,3.969369,0.497176,3,4,6
46190,0,0,0,0,0,3.968745,0.497101,3,4,6
46200,0,0,0,1,1,3.969185,0.497144,3,4,6
46210,6,2,1,10,1,3.970134,0.497238,3,4,6
46220,2,0,9,12,1,3.970661,0.497283,3,4,6
46230,0,0,0,1,1,3.971004,0.497337,3,4,6
46240,1,3,1,6,1,3.970950,0.497322,3,4,6
46250,0,1,0,2,1,3.970604,0.497300,3,4,6
46260,0,2,0,3,1,3.970479,0.497293,3,4,6
46270,0,0,3,4,1,3.970609,0.497291,3,4,6
46280,0,0,0,1,1,3.970138,0.497236,3,4,6
46290,2,2,2,7,1,3.969970,0.497210,3,4,6
46300,0,0,0,0,0,3.969737,0.497197,3,4,6
46310,0,0,0,0,0,3.969323,0.497148,3,4,6
46320,0,0,0,1,1,3.968782,0.497104,3,4,6
46330,0,0,0,1,1,3.968531,0.497082,3,4,6
46340,2,1,2,6,1,3.967976,0.497017,3,4,6
46350,1,1,1,4,1,3.967938,0.497008,3,4,6
46360,1,0,1,3,1,3.967580,0.496969,3,4,6
46370,0,0,0,1,1,3.966946,0.496914,3,4,6
46380,0,0,0,0,0,3.966795,0.496929,3,4,6
46390,5,3,5,14,1,3.967202,0.496958,3,4,6
46400,4,0,3,8,1,3.968597,0.497118,3,4,6
46410,0,0,1,2,1,3.968778,0.497148,3,4,6
46420,0,0,0,0,0,3.968242,0.497092,3,4,6
46430,0,0,0,1,1,3.967793,0.497034,3,4,6
46440,1,4,1,7,1,3.967335,0.496986,3,4,6
46450,1,0,2,4,1,3.967063,0.496937,3,4,6
46460,1,0,4,6,1,3.967798,0.497035,3,4,6
46470,0,0,0,1,1,3.967306,0.496988,3,4,6
46480,0,0,0,1,1,3.966815,0.496930,3,4,6
46490,0,0,0,1,1,3.966563,0.496905,3,4,6
46500,1,0,0,2,1,3.966164,0.496874,3,4,6
46510,8,2,3,14,1,3.965895,0.496822,3,4,6
46520,19,11,7,38,1,3.971017,0.497422,3,4,6
46530,15,2,0,18,1,3.975610,0.498003,5,4,6
46540,6,2,2,11,1,3.977620,0.498258,5,4,6
46550,1,0,4,6,1,3.979311,0.498458,5,4,6
46560,0,0,0,1,1,3.978844,0.498409,5,4,6
46570,0,0,0,1,1,3.978484,0.498358,5,4,6
46580,0,0,0,1,1,3.978241,0.498322,5,4,6
46590,1,0,2,4,1,3.978150,0.498302,5,4,6
46600,0,3,1,5,1,3.977744,0.498271,5,4,6
46610,4,8,1,14,1,3.977518,0.498243,5,4,6
46620,0,2,1,4,1,3.978725,0.498394,5,4,6
46630,0,1,1,3,1,3.978691,0.498373,5,4,6
46640,0,0,0,1,1,3.978323,0.498338,5,4,6
46650,2,4,1,8,1,3.977989,0.498316,5,4,6
46660,1,0,1,3,1,3.978981,0.498422,5,4,6
46670,3,3,8,15,1,3.979410,0.498442,5,4,6
46680,1,0,2,4,1,3.979616,0.498468,5,4,6
46690,0,0,0,0,0,3.979054,0.498408,5,4,6
46700,0,0,0,1,1,3.978569,0.498364,5,4,6
46710,0,1,2,4,1,3.978384,0.498354,5,4,6
46720,7,5,7,20,1,3.978361,0.498332,5,4,6
46730,1,2,0,4,1,3.979807,0.498512,5,4,6
46740,0,0,0,0,0,3.979098,0.498456,5,4,6
46750,2,0,4,7,1,3.978717,0.498407,5,4,6
46760,2,3,4,10,1,3.978569,0.498390,5,4,6
46770,1,0,3,5,1,3.979149,0.498455,5,4,6
46780,1,0,0,2,1,3.979079,0.498432,5,4,6
46790,0,0,0,0,0,3.980112,0.498546,5,4,6
46800,0,0,1,2,1,3.980119,0.498543,5,4,6
46810,8,2,2,13,1,3.980589,0.498583,5,4,6
46820,0,0,0,1,1,3.980299,0.498562,5,4,6
46830,0,0,4,5,1,3.980001,0.498522,5,4,6
46840,1,1,0,3,1,3.979474,0.498462,5,4,6
46850,0,1,0,2,1,3.978876,0.498401,5,4,6
46860,2,1,2,6,1,3.978626,0.498343,5,4,6
46870,0,1,1,3,1,3.978418,0.498314,5,4,6
46880,2,1,0,4,1,3.978045,0.498277,5,4,6
46890,0,0,0,1,1,3.977646,0.498240,5,4,6
46900,0,0,0,1,1,3.977176,0.498191,5,4,6
46910,0,0,0,1,1,3.977484,0.498221,5,4,6
46920,2,1,3,7,1,3.977596,0.498230,5,4,6
46930,4,5,4,14,1,3.978981,0.498397,5,4,6
46940,0,0,0,0,0,3.979119,0.498421,5,4,6
46950,0,3,0,4,1,3.978694,0.498373,5,4,6
46960,1,1,2,5,1,3.979456,0.498454,5,4,6
46970,1,4,0,6,1,3.979606,0.498448,5,4,6
46980,0,0,0,0,0,3.979299,0.498442,5,4,6
46990,0,0,0,1,1,3.978811,0.498399,5,4,6
47000,1,0,1,3,1,3.978322,0.498337,5,4,6
47010,0,2,1,4,1,3.978004,0.498309,5,4,6
47020,1,1,0,3,1,3.977596,0.498276,5,4,6
47030,0,0,1,2,1,3.977417,0.498250,5,4,6
47040,0,0,1,2,1,3.977298,0.498241,5,4,6
47050,0,0,2,3,1,3.977291,0.498236,5,4,6
47060,1,0,0,2,1,3.976926,0.498182,5,4,6
47070,3,4,4,12,1,3.976797,0.498165,5,4,6
47080,0,0,0,1,1,3.977526,0.498258,5,4,6
47090,2,2,7,12,1,3.977559,0.498253,5,4,6
47100,0,2,0,3,1,3.978195,0.498330,5,4,6
47110,1,0,0,2,1,3.977805,0.498279,5,4,6
47120,0,0,0,1,1,3.977336,0.498236,5,4,6
47130,1,0,0,2,1,3.976867,0.498190,5,4,6
47140,2,1,0,4,1,3.976428,0.498139,5,4,6
47150,4,1,4,10,1,3.976077,0.498091,5,4,6
47160,0,0,0,1,1,3.976150,0.498095,5,4,6
47170,0,1,0,2,1,3.976037,0.498080,5,4,6
47180,0,0,0,0,0,3.975654,0.498029,5,4,6
47190,5,3,3,12,1,3.976096,0.498086,5,4,6
47200,0,0,2,3,1,3.976212,0.498108,5,4,6
47210,3,2,1,7,1,3.976545,0.498159,5,4,6
47220,2,1,0,4,1,3.977650,0.498279,5,4,6
47230,0,0,0,0,0,3.977743,0.498283,5,4,6
47240,0,3,3,7,1,3.977437,0.498233,5,4,6
47250,11,3,5,20,1,3.978206,0.498305,5,4,6
47260,1,0,1,3,1,3.980428,0.498583,5,4,6
47270,2,2,1,6,1,3.980074,0.498532,5,4,6
47280,4,0,0,5,1,3.980076,0.498519,5,4,6
47290,0,0,0,0,0,3.979621,0.498474,5,4,6
47300,1,3,4,9,1,3.980030,0.498509,5,4,6
47310,0,0,2,3,1,3.980153,0.498532,5,4,6
47320,0,0,0,0,0,3.980263,0.498556,5,4,6
47330,0,0,1,2,1,3.980479,0.498583,5,4,6
47340,0,0,0,1,1,3.980025,0.498529,5,4,6
47350,1,2,2,6,1,3.979734,0.498497,5,4,6
47360,3,2,0,6,1,3.979452,0.498462,5,4,6
47370,0,0,0,0,0,3.978911,0.498407,5,4,6
47380,1,0,3,5,1,3.978388,0.498357,5,4,6
47390,3,4,1,9,1,3.978680,0.498392,5,4,6
47400,0,0,0,1,1,3.978642,0.498392,5,4,6
47410,1,0,1,3,1,3.978595,0.498381,5,4,6
47420,0,0,0,1,1,3.978190,0.498331,5,4,6
47430,0,5,8,14,1,3.978090,0.498320,5,4,6
47440,0,1,0,2,1,3.978279,0.498345,5,4,6
47450,1,2,1,5,1,3.978044,0.498324,5,4,6
47460,0,1,1,3,1,3.977655,0.498291,5,4,6
47470,1,0,4,6,1,3.977895,0.498298,5,4,6
47480,0,0,1,2,1,3.977502,0.498253,5,4,6
47490,1,0,1,3,1,3.977730,0.498264,5,4,6
47500,0,0,0,1,1,3.978083,0.498298,5,4,6
47510,1,2,2,6,1,3.978254,0.498316,5,4,6
47520,1,1,0,3,1,3.978332,0.498331,5,4,6
47530,0,0,0,0,0,3.978080,0.498303,5,4,6
47540,0,0,0,0,0,3.977587,0.498248,5,4,6
47550,4,2,10,17,1,3.978167,0.498302,5,4,6
47560,1,2,4,8,1,3.981227,0.498682,5,4,6
47570,0,0,0,1,1,3.980784,0.498634,5,4,6
47580,2,4,4,11,1,3.980319,0.498580,5,4,6
47590,0,0,0,0,0,3.982129,0.498802,5,4,6
47600,2,4,1,8,1,3.982527,0.498842,5,4,6
47610,0,0,0,0,0,3.982523,0.498841,5,4,6
47620,0,0,0,1,1,3.981995,0.498769,5,4,6
47630,6,4,5,16,1,3.982212,0.498787,5,4,6
47640,0,0,2,3,1,3.982633,0.498844,5,4,6
47650,0,0,0,1,1,3.982291,0.498793,5,4,6
47660,0,0,0,1,1,3.982479,0.498809,5,4,6
47670,0,1,0,2,1,3.982233,0.498767,5,4,6
47680,0,0,0,1,1,3.981884,0.498731,5,4,6
47690,0,0,0,0,0,3.981535,0.498681,5,4,6
47700,0,0,0,1,1,3.981301,0.498660,5,4,6
47710,0,0,0,0,0,3.980901,0.498622,5,4,6
47720,1,1,1,4,1,3.980840,0.498599,5,4,6
47730,0,0,0,1,1,3.980567,0.498571,5,4,6
47740,0,0,0,1,1,3.980210,0.498518,5,4,6
47750,0,1,2,4,1,3.980266,0.498515,5,4,6
47760,0,0,0,1,1,3.979854,0.498456,5,4,6
47770,0,0,0,0,0,3.979529,0.498418,5,4,6
47780,0,0,0,0,0,3.979031,0.498362,5,4,6
47790,1,1,8,11,1,3.980743,0.498564,5,4,6
47800,0,3,0,4,1,3.980560,0.498541,5,4,6
47810,0,6,0,7,1,3.981288,0.498609,5,4,6
47820,0,0,0,0,0,3.981355,0.498620,5,4,6
47830,2,1,2,6,1,3.980816,0.498554,5,4,6
47840,0,2,1,4,1,3.982029,0.498709,5,4,6
47850,0,0,1,2,1,3.982044,0.498720,5,4,6
47860,0,2,0,3,1,3.981541,0.498656,5,4,6
47870,0,0,0,0,0,3.981442,0.498658,5,4,6
47880,0,1,0,2,1,3.980910,0.498613,5,4,6
47890,2,0,0,3,1,3.980516,0.498555,5,4,6
47900,9,3,1,14,1,3.981339,0.498643,5,4,6
47910,2,0,0,3,1,3.981383,0.498646,5,4,6
47920,0,0,0,1,1,3.981239,0.498620,5,4,6
47930,0,0,0,0,0,3.981496,0.498652,5,4,6
47940,0,0,0,1,1,3.980997,0.498581,5,4,6
47950,0,0,0,0,0,3.980699,0.498550,5,4,6
47960,0,6,3,10,1,3.980609,0.498531,5,4,6
47970,0,3,1,5,1,3.980204,0.498487,5,4,6
47980,0,1,0,2,1,3.980107,0.498489,5,4,6
47990,0,0,0,1,1,3.979831,0.498454,5,4,6
48000,0,0,0,1,1,3.979784,0.498446,5,4,6
48010,0,0,0,0,0,3.979299,0.498384,5,4,6
48020,2,1,7,11,1,3.978923,0.498344,5,4,6
48030,0,0,0,1,1,3.979029,0.498370,5,4,6
48040,2,3,0,6,1,3.979124,0.498376,5,4,6
48050,1,4,0,6,1,3.978716,0.498322,5,4,6
48060,0,0,0,1,1,3.978422,0.498294,5,4,6
48070,0,0,1,2,1,3.977926,0.498237,5,4,6
48080,0,0,0,1,1,3.977384,0.498175,5,4,6
48090,1,1,1,4,1,3.976993,0.498126,5,4,6
48100,0,0,0,1,1,3.977279,0.498150,5,4,6
48110,0,0,0,0,0,3.977951,0.498225,5,4,6
48120,0,0,0,0,0,3.977444,0.498177,5,4,6
48130,0,0,0,0,0,3.977216,0.498142,5,4,6
48140,2,10,3,16,1,3.977644,0.498185,5,4,6
48150,0,0,0,1,1,3.977532,0.498160,5,4,6
48160,0,0,0,0,0,3.977156,0.498126,5,4,6
48170,0,0,0,1,1,3.976604,0.498057,5,4,6
48180,0,0,0,0,0,3.975970,0.498000,5,4,6
48190,1,0,1,3,1,3.975632,0.497960,5,4,6
48200,0,0,0,1,1,3.975107,0.497906,5,4,6
48210,0,0,2,3,1,3.975068,0.497920,5,4,6
48220,0,0,0,1,1,3.974565,0.497862,5,4,6
48230,4,1,0,6,1,3.974790,0.497868,5,4,6
48240,1,0,1,3,1,3.975049,0.497889,5,4,6
48250,2,2,1,6,1,3.974601,0.497835,5,4,6
48260,0,0,0,0,0,3.974352,0.497807,5,4,6
48270,0,0,0,1,1,3.973744,0.497731,5,4,6
48280,3,4,0,8,1,3.974257,0.497782,5,4,6
48290,0,0,1,2,1,3.974368,0.497787,5,4,6
48300,0,1,0,2,1,3.973939,0.497730,5,4,6
48310,0,0,0,0,0,3.973485,0.497682,5,4,6
48320,0,1,0,2,1,3.973072,0.497637,5,4,6
48330,0,0,0,0,0,3.972896,0.497598,5,4,6
48340,0,0,0,0,0,3.972478,0.497550,5,4,6
48350,0,2,3,6,1,3.971970,0.497485,5,4,6
48360,0,2,2,5,1,3.971748,0.497462,5,4,6
48370,0,2,0,3,1,3.972181,0.497518,5,4,6
48380,0,0,0,1,1,3.972078,0.497489,5,4,6
48390,4,1,1,7,1,3.971786,0.497447,5,4,6
48400,0,0,0,1,1,3.972674,0.497545,5,4,6
48410,3,2,5,11,1,3.973276,0.497604,5,4,6
48420,5,1,6,13,1,3.973517,0.497627,5,4,6
48430,2,3,1,7,1,3.973690,0.497644,5,4,6
48440,3,2,1,7,1,3.973487,0.497605,5,4,6
48450,0,0,0,0,0,3.973119,0.497568,5,4,6
48460,0,0,0,1,1,3.972789,0.497533,5,4,6
48470,0,1,1,3,1,3.972290,0.497487,5,4,6
48480,3,0,0,4,1,3.972065,0.497464,5,4,6
48490,1,1,2,5,1,3.971937,0.497432,5,4,6
48500,8,0,1,10,1,3.971817,0.497417,5,4,6
48510,0,0,0,1,1,3.971529,0.497386,5,4,6
48520,1,1,0,3,1,3.971014,0.497338,5,4,6
48530,1,2,1,5,1,3.970706,0.497305,5,4,6
48540,0,6,3,10,1,3.971260,0.497369,5,4,6
48550,0,0,0,0,0,3.971641,0.497408,5,4,6
48560,0,0,0,0,0,3.971065,0.497338,5,4,6
48570,0,0,0,0,0,3.970514,0.497270,5,4,6
48580,0,2,3,6,1,3.969985,0.497210,5,4,6
48590,0,0,0,1,1,3.970016,0.497210,5,4,6
48600,0,0,0,0,0,3.969501,0.497149,5,4,6
48610,0,0,0,1,1,3.969125,0.497119,5,4,6
48620,0,0,0,0,0,3.968469,0.497050,5,4,6
48630,0,0,0,1,1,3.968024,0.496997,5,4,6
48640,5,4,2,12,1,3.967723,0.496964,5,4,6
48650,13,15,10,39,1,3.971303,0.497376,5,4,6
48660,13,4,12,30,1,3.979197,0.498352,6,4,6
48670,0,0,6,7,1,3.982752,0.498798,6,4,6
48680,0,1,1,3,1,3.982374,0.498759,6,4,6
48690,0,0,0,0,0,3.981830,0.498707,6,4,6
48700,1,0,0,2,1,3.981311,0.498646,6,4,6
48710,0,0,0,0,0,3.981064,0.498604,6,4,6
48720,0,0,0,1,1,3.980692,0.498565,6,4,6
48730,0,0,0,0,0,3.980441,0.498530,6,4,6
48740,0,0,0,0,0,3.980090,0.498500,6,4,6
48750,2,0,2,5,1,3.980513,0.498543,6,4,6
48760,1,0,1,3,1,3.980449,0.498526,6,4,6
48770,4,3,0,8,1,3.980100,0.498482,6,4,6
48780,0,0,0,0,0,3.980298,0.498500,6,4,6
48790,0,0,0,0,0,3.979750,0.498438,6,4,6
48800,4,3,0,8,1,3.979523,0.498416,6,4,6
48810,0,0,0,0,0,3.979404,0.498406,6,4,6
48820,0,0,0,0,0,3.979074,0.498376,6,4,6
48830,0,0,1,2,1,3.978580,0.498324,6,4,6
48840,0,0,5,6,1,3.979059,0.498377,6,4,6
48850,1,0,0,2,1,3.979020,0.498361,6,4,6
48860,0,0,0,0,0,3.978832,0.498338,6,4,6
48870,0,0,0,1,1,3.978344,0.498288,6,4,6
48880,2,0,1,4,1,3.979083,0.498377,6,4,6
48890,5,1,4,11,1,3.978704,0.498328,6,4,6
48900,0,0,0,1,1,3.978805,0.498342,6,4,6
48910,0,0,0,1,1,3.978922,0.498342,6,4,6
48920,5,9,3,18,1,3.978848,0.498310,6,4,6
48930,7,11,6,25,1,3.982854,0.498800,6,4,6
48940,4,4,1,10,1,3.984746,0.499044,6,4,6
48950,1,2,3,7,1,3.986161,0.499216,6,4,6
48960,0,0,0,1,1,3.985948,0.499179,6,4,6
48970,1,0,0,2,1,3.985944,0.499178,6,4,6
48980,3,2,1,7,1,3.985941,0.499174,6,4,6
48990,2,4,3,10,1,3.985450,0.499111,6,4,6
49000,0,0,1,2,1,3.985809,0.499158,6,4,6
49010,0,3,0,4,1,3.985365,0.499106,6,4,6
49020,2,2,3,8,1,3.984961,0.499062,6,4,6
49030,0,0,0,0,0,3.985032,0.499063,6,4,6
49040,3,4,3,11,1,3.984819,0.499040,6,4,6
49050,0,7,6,14,1,3.985036,0.499052,6,4,6
49060,2,0,0,3,1,3.985658,0.499138,6,4,6
49070,0,0,0,0,0,3.985314,0.499090,6,4,6
49080,0,1,0,2,1,3.984884,0.499046,6,4,6
49090,9,9,3,22,1,3.986203,0.499175,6,4,6
49100,18,10,7,36,1,3.991355,0.499806,6,4,6
49110,3,9,4,17,1,3.995451,0.500322,6,4,6
49120,1,0,1,3,1,3.996402,0.500447,6,4,6
49130,5,1,1,8,1,3.995908,0.500376,6,4,6
49140,2,2,5,10,1,3.995553,0.500331,6,4,6
49150,0,0,0,0,0,3.995747,0.500348,6,4,6
49160,0,0,0,0,0,3.995762,0.500348,6,4,6
49170,5,1,0,7,1,3.995441,0.500306,6,4,6
49180,2,0,3,6,1,3.995097,0.500270,6,4,6
49190,0,0,0,1,1,3.995321,0.500287,6,4,6
49200,3,0,1,5,1,3.995394,0.500290,6,4,6
49210,1,1,0,3,1,3.995789,0.500333,6,4,6
49220,3,2,1,7,1,3.995424,0.500278,6,4,6
49230,0,1,9,11,1,3.996592,0.500405,6,4,6
49240,1,2,6,10,1,3.997783,0.500534,6,4,6
49250,0,0,0,1,1,3.997737,0.500538,6,4,6
49260,0,0,0,0,0,3.997443,0.500502,6,4,6
49270,1,0,0,2,1,3.997160,0.500472,6,4,6
49280,2,0,0,3,1,3.996737,0.500415,6,4,6
49290,0,0,0,0,0,3.996331,0.500361,6,4,6
49300,2,2,4,9,1,3.996229,0.500352,6,4,6
49310,0,2,5,8,1,3.996854,0.500412,6,4,6
49320,0,0,3,4,1,3.997090,0.500443,6,4,6
49330,3,3,5,12,1,3.997540,0.500500,6,4,6
49340,1,0,0,2,1,3.998358,0.500612,6,4,6
49350,0,1,2,4,1,3.997824,0.500555,6,4,6
49360,0,0,0,0,0,3.997329,0.500517,6,4,6
49370,1,1,4,7,1,3.998077,0.500587,6,4,6
49380,0,0,1,2,1,3.997806,0.500542,6,4,6
49390,0,1,1,3,1,3.998742,0.500652,6,4,6
49400,4,4,0,9,1,3.998916,0.500664,6,4,6
49410,1,3,1,6,1,3.998859,0.500654,6,4,6
49420,1,2,1,5,1,3.998696,0.500631,6,4,6
49430,0,1,0,2,1,3.998297,0.500593,6,4,6
49440,0,0,0,0,0,3.998082,0.500566,6,4,6
49450,3,1,5,10,1,3.998276,0.500589,6,4,6
49460,0,0,2,3,1,3.997956,0.500557,6,4,6
49470,1,1,1,4,1,3.997447,0.500481,6,4,6
49480,0,0,0,1,1,3.996947,0.500431,6,4,6
49490,2,1,2,6,1,3.996979,0.500423,6,4,6
49500,0,0,0,0,0,3.996997,0.500427,6,4,6
49510,2,0,1,4,1,3.996843,0.500391,6,4,6
49520,0,0,0,0,0,3.996565,0.500365,6,4,6
49530,0,0,0,0,0,3.996174,0.500307,6,4,6
49540,3,0,0,4,1,3.995706,0.500265,6,4,6
49550,0,1,3,5,1,3.995114,0.500199,6,4,6
49560,1,3,3,8,1,3.995846,0.500285,6,4,6
49570,6,0,0,7,1,3.998118,0.500565,6,4,6
49580,2,0,1,4,1,3.998023,0.500566,6,4,6
49590,0,0,0,1,1,3.997829,0.500553,6,4,6
49600,0,0,2,3,1,3.997585,0.500519,6,4,6
49610,1,0,0,2,1,3.997188,0.500495,6,4,6
49620,0,0,1,2,1,3.996674,0.500438,6,4,6
49630,0,0,0,1,1,3.996164,0.500395,6,4,6
49640,0,0,2,3,1,3.995803,0.500355,6,4,6
49650,1,2,0,4,1,3.995993,0.500357,6,4,6
49660,0,0,0,1,1,3.996065,0.500357,6,4,6
49670,0,0,0,0,0,3.995941,0.500340,6,4,6
49680,3,8,3,15,1,3.996037,0.500352,6,4,6
49690,1,0,5,7,1,3.997154,0.500478,6,4,6
49700,2,0,0,3,1,3.997548,0.500524,6,4,6
49710,0,0,2,3,1,3.997955,0.500563,6,4,6
49720,4,10,3,18,1,3.998584,0.500611,6,4,6
49730,0,0,1,2,1,3.998610,0.500616,6,4,6
49740,0,0,0,0,0,3.998313,0.500587,6,4,6
49750,0,2,1,4,1,3.997865,0.500539,6,4,6
49760,0,0,0,0,0,3.997904,0.500550,6,4,6
49770,1,1,4,7,1,3.997919,0.500544,6,4,6
49780,0,0,0,1,1,3.997755,0.500529,6,4,6
49790,0,0,0,0,0,3.997338,0.500479,6,4,6
49800,0,0,0,0,0,3.997514,0.500505,6,4,6
49810,0,0,0,0,0,3.997188,0.500481,6,4,6
49820,0,0,0,1,1,3.996747,0.500432,6,4,6
49830,1,1,8,11,1,3.997402,0.500496,6,4,6
49840,4,2,2,9,1,3.997341,0.500499,6,4,6
49850,0,0,0,0,0,3.997006,0.500461,6,4,6
49860,0,2,0,3,1,3.997029,0.500465,6,4,6
49870,0,0,0,1,1,3.996523,0.500425,6,4,6
49880,0,0,0,1,1,3.997086,0.500501,6,4,6
49890,1,1,0,3,1,3.996735,0.500466,6,4,6
49900,2,3,0,6,1,3.996375,0.500431,6,4,6
49910,0,0,0,1,1,3.995989,0.500388,6,4,6
49920,0,0,0,0,0,3.996031,0.500390,6,4,6
49930,0,0,0,0,0,3.995628,0.500343,6,4,6
49940,0,0,0,0,0,3.995483,0.500336,6,4,6
49950,0,1,0,2,1,3.994932,0.500287,6,4,6
49960,0,0,0,1,1,3.994490,0.500241,6,4,6
49970,1,1,0,3,1,3.993991,0.500192,6,4,6
49980,0,4,0,5,1,3.993562,0.500145,6,4,6
49990,4,11,10,26,1,3.995043,0.500301,6,4,6
50000,8,9,5,23,1,3.999750,0.500873,6,6,6
50010,0,1,0,2,1,4.000167,0.500929,6,6,6
50020,0,1,1,3,1,3.999734,0.500882,6,6,6
50030,0,0,0,1,1,3.999168,0.500826,6,6,6
50040,0,1,0,2,1,3.998747,0.500775,6,6,6
50050,0,2,2,5,1,3.998484,0.500748,6,6,6
50060,0,0,1,2,1,3.998191,0.500720,6,6,6
50070,4,0,0,5,1,3.998193,0.500718,6,6,6
50080,0,0,0,0,0,3.998081,0.500691,6,6,6
50090,0,0,0,0,0,3.997552,0.500637,6,6,6
50100,0,4,3,8,1,3.997429,0.500622,6,6,6
50110,8,1,1,11,1,3.997915,0.500660,6,6,6
50120,3,1,0,5,1,3.997651,0.500627,6,6,6
50130,1,1,2,5,1,3.997479,0.500601,6,6,6
50140,0,1,1,3,1,3.997450,0.500597,6,6,6
50150,0,1,1,3,1,3.997154,0.500540,6,6,6
50160,0,0,0,1,1,3.996996,0.500524,6,6,6
50170,3,5,1,10,1,3.997032,0.500512,6,6,6
50180,0,0,0,0,0,3.996850,0.500495,6,6,6
50190,0,0,0,1,1,3.996591,0.500461,6,6,6
50200,3,0,5,9,1,3.996722,0.500476,6,6,6
50210,0,0,0,0,0,3.998062,0.500646,6,6,6
50220,2,2,3,8,1,3.997917,0.500627,6,6,6
50230,0,1,1,3,1,3.997756,0.500622,6,6,6
50240,2,0,0,3,1,3.997464,0.500580,6,6,6
50250,0,0,0,1,1,3.997093,0.500554,6,6,6
50260,0,1,0,2,1,3.996907,0.500528,6,6,6
50270,0,0,0,1,1,3.996866,0.500529,6,6,6
50280,0,0,0,1,1,3.996528,0.500492,6,6,6
50290,0,0,0,0,0,3.996061,0.500437,6,6,6
50300,0,0,0,1,1,3.995456,0.500380,6,6,6
50310,4,3,0,8,1,3.996420,0.500480,6,6,6
50320,1,2,1,5,1,3.996392,0.500469,6,6,6
50330,2,2,1,6,1,3.996233,0.500461,6,6,6
50340,0,0,0,0,0,3.996804,0.500523,6,6,6
50350,2,1,0,4,1,3.996667,0.500507,6,6,6
50360,2,0,1,4,1,3.996505,0.500482,6,6,6
50370,0,0,0,0,0,3.996212,0.500455,6,6,6
50380,6,0,2,9,1,3.996315,0.500445,6,6,6
50390,0,0,0,0,0,3.995924,0.500403,6,6,6
50400,0,0,1,2,1,3.995410,0.500342,6,6,6
50410,0,2,0,3,1,3.995157,0.500316,6,6,6
50420,0,0,1,2,1,3.994738,0.500274,6,6,6
50430,0,0,1,2,1,3.994410,0.500230,6,6,6
50440,2,4,5,12,1,3.994740,0.500255,6,6,6
50450,0,0,0,1,1,3.995124,0.500310,6,6,6
50460,1,0,0,2,1,3.994560,0.500256,6,6,6
50470,0,0,0,0,0,3.994134,0.500213,6,6,6
50480,0,0,1,2,1,3.993644,0.500162,6,6,6
50490,1,2,0,4,1,3.993228,0.500112,6,6,6
50500,5,1,0,7,1,3.992840,0.500057,6,6,6
50510,0,0,0,1,1,3.992572,0.500018,6,6,6
50520,0,1,0,2,1,3.992431,0.499980,6,6,6
50530,0,2,1,4,1,3.992349,0.499987,6,6,6
50540,1,0,0,2,1,3.991912,0.499940,6,6,6
50550,0,0,0,1,1,3.991502,0.499901,6,6,6
50560,0,0,0,1,1,3.991083,0.499853,6,6,6
50570,0,0,0,0,0,3.990837,0.499819,6,6,6
50580,2,0,3,6,1,3.990413,0.499780,6,6,6
50590,2,4,4,11,1,3.990688,0.499796,6,6,6
50600,2,1,1,5,1,3.990547,0.499772,6,6,6
50610,0,0,0,0,0,3.989930,0.499716,6,6,6
50620,0,1,4,6,1,3.989848,0.499696,6,6,6
50630,4,0,3,8,1,3.990955,0.499815,6,6,6
50640,1,0,0,2,1,3.990701,0.499795,6,6,6
50650,0,0,0,0,0,3.990197,0.499751,6,6,6
50660,0,0,0,0,0,3.990258,0.499751,6,6,6
50670,0,0,0,0,0,3.989870,0.499714,6,6,6
50680,0,0,0,1,1,3.989550,0.499676,6,6,6
50690,1,1,1,4,1,3.989487,0.499658,6,6,6
50700,0,1,0,2,1,3.989025,0.499596,6,6,6
50710,0,0,3,4,1,3.989002,0.499588,6,6,6
50720,0,0,0,0,0,3.988770,0.499543,6,6,6
50730,0,0,0,0,0,3.988152,0.499483,6,6,6
50740,1,2,0,4,1,3.988071,0.499466,6,6,6
50750,0,0,3,4,1,3.987985,0.499470,6,6,6
50760,0,0,0,0,0,3.987973,0.499471,6,6,6
50770,1,0,1,3,1,3.988144,0.499493,6,6,6
50780,0,0,1,2,1,3.988126,0.499492,6,6,6
50790,1,3,2,7,1,3.987893,0.499472,6,6,6
50800,0,0,0,0,0,3.987685,0.499455,6,6,6
50810,0,0,0,0,0,3.987251,0.499416,6,6,6
50820,2,1,2,6,1,3.987046,0.499379,6,6,6
50830,4,1,0,6,1,3.987538,0.499428,6,6,6
50840,1,0,1,3,1,3.987069,0.499388,6,6,6
50850,2,2,1,6,1,3.987091,0.499372,6,6,6
50860,1,0,0,2,1,3.986751,0.499326,6,6,6
50870,2,0,1,4,1,3.987058,0.499363,6,6,6
50880,1,0,0,2,1,3.986534,0.499307,6,6,6
50890,0,0,0,0,0,3.986131,0.499271,6,6,6
50900,0,0,0,0,0,3.985654,0.499218,6,6,6
50910,0,2,0,3,1,3.985341,0.499179,6,6,6
50920,0,0,0,1,1,3.985372,0.499181,6,6,6
50930,0,0,0,0,0,3.984788,0.499134,6,6,6
50940,1,1,0,3,1,3.984541,0.499100,6,6,6
50950,6,2,1,10,1,3.985370,0.499188,6,6,6
50960,0,0,0,0,0,3.985006,0.499157,6,6,6
50970,4,1,0,6,1,3.985918,0.499261,6,6,6
50980,0,0,0,1,1,3.986301,0.499303,6,6,6
50990,0,0,0,1,1,3.985862,0.499266,6,6,6
51000,0,0,0,1,1,3.985305,0.499209,6,6,6
51010,0,0,0,0,0,3.985322,0.499214,6,6,6
51020,2,4,1,8,1,3.984929,0.499172,6,6,6
51030,0,0,0,1,1,3.984554,0.499127,6,6,6
51040,2,0,0,3,1,3.984873,0.499163,6,6,6
51050,1,0,0,2,1,3.984801,0.499152,6,6,6
51060,3,6,3,13,1,3.985505,0.499226,6,6,6
51070,1,0,0,2,1,3.985995,0.499283,6,6,6
51080,1,1,0,3,1,3.985640,0.499234,6,6,6
51090,0,0,1,2,1,3.985250,0.499196,6,6,6
51100,0,0,0,0,0,3.984653,0.499141,6,6,6
51110,2,3,1,7,1,3.984675,0.499127,6,6,6
51120,4,1,4,10,1,3.984795,0.499133,6,6,6
51130,0,0,0,0,0,3.984703,0.499127,6,6,6
51140,0,1,0,2,1,3.984468,0.499100,6,6,6
51150,5,0,1,7,1,3.984442,0.499090,6,6,6
51160,5,1,1,8,1,3.983937,0.499030,6,6,6
51170,0,2,3,6,1,3.984243,0.499062,6,6,6
51180,0,0,0,0,0,3.983705,0.499005,6,6,6
51190,0,0,0,1,1,3.983827,0.499011,6,6,6
51200,0,0,0,0,0,3.983486,0.498970,6,6,6
51210,1,2,1,5,1,3.982940,0.498909,6,6,6
51220,1,1,1,4,1,3.982734,0.498879,6,6,6
51230,0,2,1,4,1,3.982490,0.498849,6,6,6
51240,0,0,0,0,0,3.982022,0.498799,6,6,6
51250,0,0,0,1,1,3.981808,0.498777,6,6,6
51260,0,0,0,0,0,3.981997,0.498804,6,6,6
51270,1,2,0,4,1,3.981826,0.498778,6,6,6
51280,2,0,6,9,1,3.981617,0.498737,6,6,6
51290,2,6,5,14,1,3.981541,0.498725,6,6,6
51300,4,3,1,9,1,3.983522,0.498971,6,6,6
51310,1,1,1,4,1,3.983294,0.498944,6,6,6
51320,4,0,0,5,1,3.982965,0.498919,6,6,6
51330,1,0,6,8,1,3.983160,0.498935,6,6,6
51340,0,7,6,14,1,3.983912,0.499010,6,6,6
51350,0,0,0,0,0,3.984133,0.499060,6,6,6
51360,0,0,0,0,0,3.983693,0.499015,6,6,6
51370,1,1,3,6,1,3.983199,0.498967,6,6,6
51380,1,2,3,7,1,3.982780,0.498928,6,6,6
51390,2,0,0,3,1,3.982783,0.498915,6,6,6
51400,0,0,0,0,0,3.982718,0.498893,6,6,6
51410,1,2,1,5,1,3.983019,0.498916,6,6,6
51420,0,0,0,0,0,3.982701,0.498902,6,6,6
51430,2,1,2,6,1,3.982299,0.498860,6,6,6
51440,1,2,3,7,1,3.981869,0.498816,6,6,6
51450,1,6,4,12,1,3.982846,0.498933,6,6,6
51460,8,1,2,12,1,3.983295,0.498983,6,6,6
51470,0,0,1,2,1,3.983990,0.499075,6,6,6
51480,0,1,1,3,1,3.983757,0.499048,6,6,6
51490,0,0,0,0,0,3.983656,0.499045,6,6,6
51500,0,2,2,5,1,3.983370,0.499010,6,6,6
51510,1,0,4,6,1,3.983028,0.498974,6,6,6
51520,5,2,3,11,1,3.984036,0.499111,6,6,6
51530,0,0,0,1,1,3.985120,0.499243,6,6,6
51540,0,0,0,1,1,3.985102,0.499236,6,6,6
51550,0,2,0,3,1,3.985872,0.499316,6,6,6
51560,2,1,1,5,1,3.985984,0.499324,6,6,6
51570,0,1,0,2,1,3.985396,0.499253,6,6,6
51580,0,0,0,1,1,3.985072,0.499210,6,6,6
51590,2,0,0,3,1,3.984687,0.499155,6,6,6
51600,4,1,0,6,1,3.984536,0.499112,6,6,6
51610,1,0,0,2,1,3.984407,0.499103,6,6,6
51620,0,0,0,0,0,3.984039,0.499080,6,6,6
51630,4,0,0,5,1,3.983763,0.499041,6,6,6
51640,0,1,3,5,1,3.983656,0.499026,6,6,6
51650,0,1,1,3,1,3.983411,0.498996,6,6,6
51660,0,2,1,4,1,3.983011,0.498951,6,6,6
51670,1,1,0,3,1,3.982544,0.498902,6,6,6
51680,3,3,3,10,1,3.982787,0.498919,6,6,6
51690,0,0,0,0,0,3.983550,0.499012,6,6,6
51700,0,1,1,3,1,3.983509,0.498997,6,6,6
51710,1,1,1,4,1,3.983101,0.498956,6,6,6
51720,0,0,0,0,0,3.982900,0.498926,6,6,6
51730,0,0,1,2,1,3.982504,0.498881,6,6,6
51740,0,0,0,1,1,3.982954,0.498941,6,6,6
51750,1,2,1,5,1,3.982637,0.498888,6,6,6
51760,0,0,0,0,0,3.982303,0.498856,6,6,6
51770,0,0,0,0,0,3.981730,0.498794,6,6,6
51780,1,0,1,3,1,3.981301,0.498738,6,6,6
51790,7,0,1,9,1,3.981334,0.498725,6,6,6
51800,0,0,0,0,0,3.981477,0.498750,6,6,6
51810,0,0,0,0,0,3.981039,0.498703,6,6,6
51820,0,2,2,5,1,3.980577,0.498657,6,6,6
51830,2,0,0,3,1,3.980807,0.498678,6,6,6
51840,0,0,0,1,1,3.980845,0.498661,6,6,6
51850,0,0,1,2,1,3.981683,0.498750,6,6,6
51860,1,0,0,2,1,3.981405,0.498723,6,6,6
51870,5,2,8,16,1,3.982775,0.498871,6,6,6
51880,0,0,0,1,1,3.983546,0.498969,6,6,6
51890,0,0,0,1,1,3.983124,0.498933,6,6,6
51900,0,0,0,1,1,3.982599,0.498879,6,6,6
51910,0,0,4,5,1,3.982181,0.498835,6,6,6
51920,0,0,0,1,1,3.981963,0.498808,6,6,6
51930,0,0,0,0,0,3.981649,0.498781,6,6,6
51940,0,0,0,1,1,3.981973,0.498810,6,6,6
51950,0,0,0,1,1,3.981419,0.498757,6,6,6
51960,0,2,1,4,1,3.981662,0.498793,6,6,6
51970,1,2,0,4,1,3.981848,0.498802,6,6,6
51980,0,0,0,0,0,3.982711,0.498906,6,6,6
51990,1,1,1,4,1,3.982704,0.498907,6,6,6
52000,0,0,0,0,0,3.982678,0.498891,6,6,6
52010,1,3,0,5,1,3.982322,0.498849,6,6,6
52020,1,4,1,7,1,3.982256,0.498842,6,6,6
52030,3,9,1,14,1,3.983628,0.499010,6,6,6
52040,0,0,0,1,1,3.984214,0.499095,6,6,6
52050,1,8,2,12,1,3.984591,0.499122,6,6,6
52060,1,0,0,2,1,3.985002,0.499185,6,6,6
52070,0,0,1,2,1,3.984632,0.499153,6,6,6
52080,12,1,1,15,1,3.985000,0.499177,6,6,6
52090,0,0,0,1,1,3.985672,0.499247,6,6,6
52100,1,0,2,4,1,3.985510,0.499237,6,6,6
52110,1,5,1,8,1,3.985896,0.499266,6,6,6
52120,1,0,2,4,1,3.986071,0.499282,6,6,6
52130,11,4,0,16,1,3.987869,0.499489,6,6,6
52140,0,0,0,1,1,3.987861,0.499502,6,6,6
52150,0,3,0,4,1,3.987405,0.499450,6,6,6
52160,0,1,0,2,1,3.987007,0.499384,6,6,6
52170,0,0,0,1,1,3.986518,0.499334,6,6,6
52180,2,3,0,6,1,3.986708,0.499355,6,6,6
52190,3,0,0,4,1,3.986500,0.499330,6,6,6
52200,0,0,0,1,1,3.986137,0.499275,6,6,6
52210,0,4,1,6,1,3.985910,0.499231,6,6,6
52220,7,6,4,18,1,3.986552,0.499293,6,6,6
52230,0,0,0,1,1,3.987046,0.499345,6,6,6
52240,3,0,4,8,1,3.986806,0.499317,6,6,6
52250,0,2,5,8,1,3.986986,0.499340,6,6,6
52260,1,1,0,3,1,3.987208,0.499370,6,6,6
52270,0,0,0,0,0,3.986770,0.499322,6,6,6
52280,0,1,1,3,1,3.986327,0.499267,6,6,6
52290,3,4,2,10,1,3.986474,0.499275,6,6,6
52300,3,2,2,8,1,3.986946,0.499323,6,6,6
52310,0,3,1,5,1,3.986797,0.499303,6,6,6
52320,0,0,0,0,0,3.986751,0.499293,6,6,6
52330,0,4,0,5,1,3.986745,0.499291,6,6,6
52340,0,0,0,1,1,3.987324,0.499344,6,6,6
52350,0,0,0,0,0,3.986748,0.499278,6,6,6
52360,0,0,0,0,0,3.986256,0.499222,6,6,6
52370,0,0,0,0,0,3.985913,0.499179,6,6,6
52380,0,3,3,7,1,3.985773,0.499164,6,6,6
52390,2,0,1,4,1,3.985565,0.499147,6,6,6
52400,0,0,0,1,1,3.985515,0.499132,6,6,6
52410,0,0,0,1,1,3.984898,0.499074,6,6,6
52420,1,0,1,3,1,3.984482,0.499026,6,6,6
52430,0,1,2,4,1,3.984719,0.499055,6,6,6
52440,0,0,1,2,1,3.984352,0.499007,6,6,6
52450,0,1,0,2,1,3.983974,0.498964,6,6,6
52460,2,2,0,5,1,3.983666,0.498932,6,6,6
52470,3,1,0,5,1,3.983786,0.498954,6,6,6
52480,0,0,1,2,1,3.983563,0.498903,6,6,6
52490,5,2,6,14,1,3.983830,0.498926,6,6,6
52500,2,5,6,14,1,3.984749,0.499028,6,6,6
52510,1,4,8,14,1,3.985956,0.499170,6,6,6
52520,5,2,6,14,1,3.987065,0.499304,6,6,6
52530,0,0,0,1,1,3.986858,0.499284,6,6,6
52540,5,2,7,15,1,3.987111,0.499301,6,6,6
52550,0,0,0,0,0,3.987242,0.499309,6,6,6
52560,4,1,7,13,1,3.987995,0.499384,6,6,6
52570,0,0,0,0,0,3.988290,0.499427,6,6,6
52580,0,0,0,1,1,3.988018,0.499403,6,6,6
52590,1,1,1,4,1,3.987635,0.499366,6,6,6
52600,0,1,0,2,1,3.987340,0.499328,6,6,6
52610,4,3,2,10,1,3.987089,0.499282,6,6,6
52620,5,0,1,7,1,3.986845,0.499262,6,6,6
52630,0,0,0,1,1,3.986933,0.499270,6,6,6
52640,1,1,2,5,1,3.986603,0.499216,6,6,6
52650,1,1,1,4,1,3.986702,0.499222,6,6,6
52660,0,0,0,0,0,3.986318,0.499177,6,6,6
52670,4,4,3,12,1,3.986541,0.499198,6,6,6
52680,3,2,1,7,1,3.987960,0.499367,6,6,6
52690,1,0,5,7,1,3.988007,0.499362,6,6,6
52700,4,1,1,7,1,3.988493,0.499430,6,6,6
52710,0,0,0,1,1,3.988751,0.499472,6,6,6
52720,2,0,4,7,1,3.988358,0.499420,6,6,6
52730,0,0,0,1,1,3.987930,0.499370,6,6,6
52740,2,1,1,5,1,3.987651,0.499335,6,6,6
52750,1,0,0,2,1,3.988143,0.499402,6,6,6
52760,0,1,1,3,1,3.988219,0.499415,6,6,6
52770,0,0,0,0,0,3.987772,0.499365,6,6,6
52780,0,0,0,0,0,3.987710,0.499337,6,6,6
52790,0,1,3,5,1,3.987283,0.499277,6,6,6
52800,1,0,0,2,1,3.986983,0.499237,6,6,6
52810,3,0,4,8,1,3.986996,0.499240,6,6,6
52820,4,0,1,6,1,3.986815,0.499216,6,6,6
52830,2,0,0,3,1,3.987011,0.499239,6,6,6
52840,1,0,0,2,1,3.986541,0.499195,6,6,6
52850,2,1,0,4,1,3.986336,0.499157,6,6,6
52860,0,0,0,0,0,3.986293,0.499139,6,6,6
52870,0,0,0,1,1,3.986661,0.499178,6,6,6
52880,4,0,0,5,1,3.986484,0.499148,6,6,6
52890,1,1,0,3,1,3.985989,0.499098,6,6,6
52900,0,0,0,1,1,3.985573,0.499055,6,6,6
52910,0,0,2,3,1,3.985014,0.498990,6,6,6
52920,0,0,0,0,0,3.985316,0.499020,6,6,6
52930,3,0,1,5,1,3.985355,0.499020,6,6,6
52940,0,0,0,1,1,3.985186,0.498995,6,6,6
52950,0,0,0,1,1,3.984822,0.498957,6,6,6
52960,1,0,0,2,1,3.984440,0.498904,6,6,6
52970,0,0,0,1,1,3.983994,0.498863,6,6,6
52980,0,0,0,1,1,3.983662,0.498829,6,6,6
52990,0,2,0,3,1,3.983474,0.498805,6,6,6
53000,1,1,0,3,1,3.984358,0.498895,6,6,6
53010,3,4,1,9,1,3.984579,0.498912,6,6,6
53020,0,5,0,6,1,3.985425,0.499007,6,6,6
53030,1,1,1,4,1,3.986025,0.499078,6,6,6
53040,2,1,3,7,1,3.985919,0.499057,6,6,6
53050,0,0,0,1,1,3.985565,0.499020,6,6,6
53060,1,0,1,3,1,3.985104,0.498966,6,6,6
53070,1,0,0,2,1,3.984823,0.498938,6,6,6
53080,3,1,1,6,1,3.984702,0.498924,6,6,6
53090,0,0,0,0,0,3.984864,0.498935,6,6,6
53100,0,0,3,4,1,3.984702,0.498896,6,6,6
53110,2,0,0,3,1,3.985160,0.498944,6,6,6
53120,9,1,0,11,1,3.985351,0.498943,6,6,6
53130,1,1,2,5,1,3.986430,0.499067,6,6,6
53140,0,0,0,0,0,3.985876,0.499015,6,6,6
53150,0,1,0,2,1,3.985449,0.498956,6,6,6
53160,0,0,3,4,1,3.984994,0.498893,6,6,6
53170,0,0,1,2,1,3.984730,0.498862,6,6,6
53180,1,4,1,7,1,3.984766,0.498854,6,6,6
53190,0,0,2,3,1,3.984645,0.498839,6,6,6
53200,3,7,1,12,1,3.985264,0.498913,6,6,6
53210,2,6,5,14,1,3.986710,0.499087,6,6,6
53220,12,0,0,13,1,3.988179,0.499273,6,6,6
53230,0,0,0,0,0,3.988514,0.499308,6,6,6
53240,0,0,0,1,1,3.988063,0.499271,6,6,6
53250,0,0,0,0,0,3.987582,0.499220,6,6,6
53260,0,0,0,0,0,3.987190,0.499174,6,6,6
53270,2,0,0,3,1,3.986949,0.499151,6,6,6
53280,0,0,0,0,0,3.986996,0.499157,6,6,6
53290,0,0,0,1,1,3.986782,0.499126,6,6,6
53300,1,0,0,2,1,3.986895,0.499149,6,6,6
53310,0,1,0,2,1,3.987246,0.499183,6,6,6
53320,0,0,0,0,0,3.986911,0.499154,6,6,6
53330,0,0,0,1,1,3.986460,0.499102,6,6,6
53340,1,0,0,2,1,3.985968,0.499047,6,6,6
53350,0,0,1,2,1,3.985706,0.499006,6,6,6
53360,0,0,0,0,0,3.985539,0.498984,6,6,6
53370,0,0,0,0,0,3.985181,0.498950,6,6,6
53380,0,0,1,2,1,3.984896,0.498916,6,6,6
53390,1,0,0,2,1,3.984805,0.498894,6,6,6
53400,2,0,0,3,1,3.984330,0.498841,6,6,6
53410,0,2,0,3,1,3.983896,0.498800,6,6,6
53420,0,0,0,0,0,3.984883,0.498925,6,6,6
53430,1,0,2,4,1,3.984620,0.498893,6,6,6
53440,4,3,1,9,1,3.984450,0.498864,6,6,6
53450,1,0,1,3,1,3.984134,0.498811,6,6,6
53460,4,3,1,9,1,3.983930,0.498780,6,6,6
53470,0,0,0,0,0,3.984448,0.498843,6,6,6
53480,0,0,0,0,0,3.983937,0.498799,6,6,6
53490,0,1,0,2,1,3.983592,0.498759,6,6,6
53500,0,1,4,6,1,3.983355,0.498720,6,6,6
53510,1,1,0,3,1,3.983183,0.498692,6,6,6
53520,2,0,2,5,1,3.982997,0.498675,6,6,6
53530,2,3,1,7,1,3.982904,0.498646,6,6,6
53540,0,1,0,2,1,3.982485,0.498596,6,6,6
53550,0,0,0,0,0,3.982064,0.498538,6,6,6
53560,2,6,2,11,1,3.982008,0.498534,6,6,6
53570,1,1,1,4,1,3.983710,0.498729,6,6,6
53580,0,0,0,0,0,3.983753,0.498731,6,6,6
53590,0,0,0,0,0,3.983308,0.498685,6,6,6
53600,0,0,0,1,1,3.982819,0.498643,6,6,6
53610,2,1,1,5,1,3.982559,0.498627,6,6,6
53620,0,0,0,0,0,3.982143,0.498586,6,6,6
53630,0,0,0,0,0,3.981829,0.498549,6,6,6
53640,4,1,5,11,1,3.981526,0.498510,6,6,6
53650,0,0,0,0,0,3.981487,0.498513,6,6,6
53660,4,1,1,7,1,3.981314,0.498489,6,6,6
53670,6,2,4,13,1,3.981770,0.498539,6,6,6
53680,4,0,2,7,1,3.982098,0.498588,6,6,6
53690,1,0,0,2,1,3.982333,0.498610,6,6,6
53700,0,0,0,0,0,3.981894,0.498562,6,6,6
53710,0,0,0,0,0,3.981513,0.498521,6,6,6
53720,0,0,0,1,1,3.981370,0.498505,6,6,6
53730,1,0,0,2,1,3.980839,0.498454,6,6,6
53740,0,0,0,1,1,3.980693,0.498429,6,6,6
53750,0,0,2,3,1,3.980540,0.498422,6,6,6
53760,8,6,4,19,1,3.981129,0.498479,6,6,6
53770,0,0,1,2,1,3.981726,0.498572,6,6,6
53780,1,0,0,2,1,3.981306,0.498509,6,6,6
53790,0,0,0,0,0,3.981454,0.498529,6,6,6
53800,0,0,3,4,1,3.981172,0.498479,6,6,6
53810,0,0,0,0,0,3.980971,0.498453,6,6,6
53820,0,4,0,5,1,3.980671,0.498424,6,6,6
53830,0,0,0,0,0,3.980135,0.498370,6,6,6
53840,0,2,1,4,1,3.979735,0.498323,6,6,6
53850,0,0,0,0,0,3.979437,0.498292,6,6,6
53860,1,8,7,17,1,3.980891,0.498442,6,6,6
53870,0,2,0,3,1,3.980699,0.498421,6,6,6
53880,3,4,1,9,1,3.980641,0.498398,6,6,6
53890,3,4,2,10,1,3.980564,0.498370,6,6,6
53900,0,0,0,0,0,3.980831,0.498401,6,6,6
53910,0,0,5,6,1,3.980571,0.498372,6,6,6
53920,0,0,0,0,0,3.980129,0.498322,6,6,6
53930,0,0,0,0,0,3.979591,0.498257,6,6,6
53940,0,0,0,0,0,3.979188,0.498215,6,6,6
53950,4,4,4,13,1,3.978857,0.498177,6,6,6
53960,1,0,0,2,1,3.979027,0.498216,6,6,6
53970,0,0,0,1,1,3.978988,0.498193,6,6,6
53980,0,0,0,1,1,3.978978,0.498179,6,6,6
53990,1,0,0,2,1,3.978850,0.498168,6,6,6
54000,1,0,3,5,1,3.978625,0.498131,6,6,6
54010,2,1,0,4,1,3.978277,0.498088,6,6,6
54020,2,3,1,7,1,3.979229,0.498208,6,6,6
54030,0,0,0,0,0,3.978697,0.498155,6,6,6
54040,0,0,0,0,0,3.978895,0.498183,6,6,6
54050,0,4,3,8,1,3.978488,0.498129,6,6,6
54060,0,0,0,1,1,3.978798,0.498171,6,6,6
54070,1,0,3,5,1,3.978282,0.498100,6,6,6
54080,2,1,4,8,1,3.978038,0.498065,6,6,6
54090,1,1,1,4,1,3.977741,0.498035,6,6,6
54100,1,6,3,11,1,3.978247,0.498084,6,6,6
54110,0,2,5,8,1,3.979130,0.498203,6,6,6
54120,1,3,2,7,1,3.979051,0.498191,6,6,6
54130,1,1,7,10,1,3.980754,0.498410,6,6,6
54140,0,0,5,6,1,3.981220,0.498464,6,6,6
54150,0,0,0,0,0,3.980964,0.498443,6,6,6
54160,0,2,1,4,1,3.980421,0.498385,6,6,6
54170,0,0,0,0,0,3.980059,0.498350,6,6,6
54180,2,0,0,3,1,3.979632,0.498312,6,6,6
54190,0,0,2,3,1,3.979236,0.498269,6,6,6
54200,0,1,1,3,1,3.978972,0.498229,6,6,6
54210,2,4,3,10,1,3.978803,0.498199,6,6,6
54220,0,0,0,1,1,3.978639,0.498196,6,6,6
54230,0,1,0,2,1,3.978250,0.498163,6,6,6
54240,0,0,0,0,0,3.978511,0.498189,6,6,6
54250,0,0,0,1,1,3.978194,0.498150,6,6,6
54260,0,1,0,2,1,3.978057,0.498132,6,6,6
54270,2,6,2,11,1,3.977837,0.498107,6,6,6
54280,0,0,0,1,1,3.977607,0.498094,6,6,6
54290,0,3,0,4,1,3.977259,0.498068,6,6,6
54300,0,0,0,1,1,3.976846,0.498011,6,6,6
54310,0,0,0,1,1,3.976810,0.498006,6,6,6
54320,0,0,0,0,0,3.976892,0.498010,6,6,6
54330,1,3,5,10,1,3.978179,0.498173,6,6,6
54340,0,0,0,0,0,3.978000,0.498160,6,6,6
54350,0,0,0,1,1,3.977518,0.498109,6,6,6
54360,0,0,0,1,1,3.977053,0.498037,6,6,6
54370,0,0,0,0,0,3.976663,0.497992,6,6,6
54380,0,0,0,1,1,3.976346,0.497946,6,6,6
54390,0,0,0,0,0,3.975820,0.497889,6,6,6
54400,0,0,0,0,0,3.975768,0.497890,6,6,6
54410,0,0,0,1,1,3.975244,0.497846,6,6,6
54420,1,0,0,2,1,3.974753,0.497798,6,6,6
54430,0,0,0,1,1,3.974291,0.497739,6,6,6
54440,0,0,2,3,1,3.974179,0.497724,6,6,6
54450,1,1,3,6,1,3.973939,0.497703,6,6,6
54460,0,0,0,1,1,3.973849,0.497689,6,6,6
54470,1,0,0,2,1,3.973499,0.497634,6,6,6
54480,0,0,0,0,0,3.973152,0.497598,6,6,6
54490,0,0,0,1,1,3.973481,0.497618,6,6,6
54500,0,0,2,3,1,3.973649,0.497628,6,6,6
54510,3,1,1,6,1,3.973565,0.497609,6,6,6
54520,0,0,0,1,1,3.973597,0.497608,6,6,6
54530,0,0,0,0,0,3.973375,0.497577,6,6,6
54540,3,1,1,6,1,3.973229,0.497559,6,6,6
54550,2,2,3,8,1,3.973777,0.497624,6,6,6
54560,1,0,1,3,1,3.973443,0.497584,6,6,6
54570,1,0,0,2,1,3.973082,0.497542,6,6,6
54580,0,0,0,1,1,3.972618,0.497491,6,6,6
54590,2,2,1,6,1,3.972610,0.497490,6,6,6
54600,2,0,1,4,1,3.972417,0.497470,6,6,6
54610,4,1,4,10,1,3.972218,0.497450,6,6,6
54620,4,7,10,22,1,3.973909,0.497641,6,6,6
54630,0,0,0,1,1,3.974297,0.497684,6,6,6
54640,1,0,0,2,1,3.973835,0.497624,6,6,6
54650,2,0,2,5,1,3.973629,0.497580,6,6,6
54660,1,0,0,2,1,3.973316,0.497550,6,6,6
54670,0,6,0,7,1,3.973091,0.497516,6,6,6
54680,0,0,0,0,0,3.972807,0.497482,6,6,6
54690,0,0,1,2,1,3.972231,0.497436,6,6,6
54700,0,0,0,1,1,3.971649,0.497388,6,6,6
54710,1,0,0,2,1,3.971162,0.497335,6,6,6
54720,3,0,0,4,1,3.970935,0.497298,6,6,6
54730,0,0,1,2,1,3.970465,0.497237,6,6,6
54740,1,4,1,7,1,3.970238,0.497221,6,6,6
54750,2,1,0,4,1,3.970320,0.497225,6,6,6
54760,0,1,0,2,1,3.970043,0.497186,6,6,6
54770,0,1,0,2,1,3.969714,0.497148,6,6,6
54780,0,0,0,0,0,3.969386,0.497115,6,6,6
54790,0,0,0,0,0,3.969142,0.497100,6,6,6
54800,0,0,0,1,1,3.968770,0.497055,6,6,6
54810,0,1,8,10,1,3.969142,0.497088,6,6,6
54820,2,2,3,8,1,3.969532,0.497122,6,6,6
54830,0,0,3,4,1,3.969485,0.497108,6,6,6
54840,0,3,0,4,1,3.969979,0.497174,6,6,6
54850,2,3,0,6,1,3.970305,0.497208,6,6,6
54860,4,2,1,8,1,3.970319,0.497212,6,6,6
54870,0,0,0,0,0,3.970654,0.497250,6,6,6
54880,7,3,5,16,1,3.970482,0.497221,6,6,6
54890,0,0,0,1,1,3.972284,0.497452,6,6,6
54900,0,1,0,2,1,3.972354,0.497454,6,6,6
54910,3,2,3,9,1,3.972260,0.497441,6,6,6
54920,0,0,0,0,0,3.972708,0.497492,6,6,6
54930,0,1,1,3,1,3.972753,0.497490,6,6,6
54940,1,1,1,4,1,3.972419,0.497462,6,6,6
54950,1,0,0,2,1,3.971948,0.497401,6,6,6
54960,0,1,3,5,1,3.972021,0.497405,6,6,6
54970,0,0,1,2,1,3.971801,0.497387,6,6,6
54980,0,0,0,0,0,3.971562,0.497357,6,6,6
54990,0,0,2,3,1,3.971586,0.497361,6,6,6
55000,3,1,1,6,1,3.971640,0.497364,6,6,6
55010,0,0,0,1,1,3.971382,0.497330,6,6,6
55020,0,0,0,0,0,3.970938,0.497280,6,6,6
55030,2,0,0,3,1,3.970589,0.497234,6,6,6
55040,3,0,0,4,1,3.970623,0.497231,6,6,6
55050,0,0,0,1,1,3.970210,0.497192,6,6,6
55060,4,2,1,8,1,3.970387,0.497198,6,6,6
55070,3,4,0,8,1,3.971230,0.497289,6,6,6
55080,0,0,0,0,0,3.970824,0.497252,6,6,6
55090,0,0,0,1,1,3.970550,0.497207,6,6,6
55100,0,0,0,1,1,3.970725,0.497229,6,6,6
55110,0,0,0,0,0,3.970903,0.497239,6,6,6
55120,0,0,0,0,0,3.970490,0.497196,6,6,6
55130,0,0,0,1,1,3.970106,0.497161,6,6,6
55140,0,0,0,0,0,3.970006,0.497159,6,6,6
55150,0,0,0,0,0,3.969556,0.497115,6,6,6
55160,0,0,1,2,1,3.969177,0.497067,6,6,6
55170,0,0,2,3,1,3.968831,0.497034,6,6,6
55180,1,0,0,2,1,3.968857,0.497048,6,6,6
55190,10,3,2,16,1,3.968765,0.497020,6,6,6
55200,2,0,0,3,1,3.968746,0.497015,6,6,6
55210,1,1,2,5,1,3.968658,0.496988,6,6,6
55220,1,3,4,9,1,3.968344,0.496943,6,6,6
55230,1,0,0,2,1,3.968105,0.496928,6,6,6
55240,0,0,0,1,1,3.968167,0.496924,6,6,6
55250,0,0,0,1,1,3.967708,0.496868,6,6,6
55260,2,3,1,7,1,3.969351,0.497056,6,6,6
55270,0,1,0,2,1,3.970017,0.497130,6,6,6
55280,0,0,4,5,1,3.970035,0.497128,6,6,6
55290,5,4,1,11,1,3.971092,0.497248,6,6,6
55300,0,0,0,0,0,3.971022,0.497250,6,6,6
55310,0,1,1,3,1,3.970606,0.497218,6,6,6
55320,0,1,1,3,1,3.970566,0.497216,6,6,6
55330,1,1,0,3,1,3.970450,0.497204,6,6,6
55340,0,0,0,1,1,3.970899,0.497240,6,6,6
55350,0,0,0,0,0,3.970577,0.497206,6,6,6
55360,3,2,15,21,1,3.971402,0.497299,6,6,6
55370,0,1,0,2,1,3.973498,0.497567,6,6,6
55380,0,0,0,0,0,3.973463,0.497561,6,6,6
55390,0,0,0,0,0,3.973206,0.497527,6,6,6
55400,0,0,0,1,1,3.973267,0.497521,6,6,6
55410,2,1,3,7,1,3.973052,0.497493,6,6,6
55420,0,0,0,1,1,3.972804,0.497463,6,6,6
55430,0,2,0,3,1,3.972910,0.497463,6,6,6
55440,8,11,2,22,1,3.975189,0.497728,6,6,6
55450,0,0,0,1,1,3.976146,0.497841,6,6,6
55460,0,0,0,0,0,3.976757,0.497908,6,6,6
55470,2,2,0,5,1,3.976333,0.497844,6,6,6
55480,1,0,0,2,1,3.975967,0.497810,6,6,6
55490,0,0,0,0,0,3.975516,0.497769,6,6,6
55500,2,1,2,6,1,3.975033,0.497718,6,6,6
55510,2,2,5,10,1,3.974933,0.497697,6,6,6
55520,0,0,0,0,0,3.974455,0.497668,6,6,6
55530,2,2,1,6,1,3.974088,0.497628,6,6,6
55540,0,0,0,0,0,3.973889,0.497604,6,6,6
55550,3,5,2,11,1,3.975092,0.497734,6,6,6
55560,0,0,4,5,1,3.975484,0.497775,6,6,6
55570,3,0,1,5,1,3.975442,0.497760,6,6,6
55580,0,1,0,2,1,3.975125,0.497727,6,6,6
55590,0,0,0,1,1,3.974746,0.497708,6,6,6
55600,0,0,0,0,0,3.974365,0.497672,6,6,6
55610,0,0,0,0,0,3.974668,0.497716,6,6,6
55620,1,1,3,6,1,3.974893,0.497731,6,6,6
55630,0,0,0,1,1,3.974830,0.497719,6,6,6
55640,1,0,1,3,1,3.974421,0.497677,6,6,6
55650,2,1,0,4,1,3.974026,0.497638,6,6,6
55660,0,0,0,0,0,3.973532,0.497589,6,6,6
55670,0,0,0,0,0,3.973197,0.497552,6,6,6
55680,2,2,0,5,1,3.972889,0.497508,6,6,6
55690,0,0,0,0,0,3.972931,0.497519,6,6,6
55700,0,1,2,4,1,3.972737,0.497493,6,6,6
55710,0,0,0,0,0,3.972891,0.497512,6,6,6
55720,0,0,2,3,1,3.972512,0.497472,6,6,6
55730,0,0,0,0,0,3.972257,0.497444,6,6,6
55740,0,0,0,1,1,3.971924,0.497409,6,6,6
55750,7,4,1,13,1,3.971861,0.497398,6,6,6
55760,3,11,4,19,1,3.975267,0.497810,6,6,6
55770,0,0,0,1,1,3.976050,0.497916,6,6,6
55780,0,1,0,2,1,3.975638,0.497871,6,6,6
55790,2,1,1,5,1,3.975797,0.497892,6,6,6
55800,0,1,3,5,1,3.975594,0.497863,6,6,6
55810,0,1,0,2,1,3.975514,0.497848,6,6,6
55820,0,0,0,1,1,3.975265,0.497828,6,6,6
55830,0,0,0,1,1,3.974993,0.497803,6,6,6
55840,0,0,0,0,0,3.974632,0.497750,6,6,6
55850,4,5,4,14,1,3.974865,0.497760,6,6,6
55860,0,2,0,3,1,3.975720,0.497856,6,6,6
55870,0,0,0,0,0,3.975423,0.497830,6,6,6
55880,0,0,1,2,1,3.975349,0.497814,6,6,6
55890,0,3,3,7,1,3.975022,0.497773,6,6,6
55900,3,3,2,9,1,3.975588,0.497835,6,6,6
55910,0,0,0,1,1,3.975437,0.497806,6,6,6
55920,0,0,0,0,0,3.975329,0.497771,6,6,6
55930,1,1,7,10,1,3.975367,0.497759,6,6,6
55940,0,0,1,2,1,3.976732,0.497929,6,6,6
55950,0,0,0,0,0,3.976846,0.497938,6,6,6
55960,4,3,1,9,1,3.976666,0.497920,6,6,6
55970,0,2,2,5,1,3.976253,0.497880,6,6,6
55980,2,1,1,5,1,3.975848,0.497838,6,6,6
55990,0,1,2,4,1,3.975477,0.497796,6,6,6
56000,0,1,0,2,1,3.975113,0.497764,6,6,6
56010,0,0,0,0,0,3.974544,0.497713,6,6,6
56020,3,1,4,9,1,3.974603,0.497732,6,6,6
56030,0,2,1,4,1,3.974408,0.497717,6,6,6
56040,0,0,0,1,1,3.974033,0.497668,6,6,6
56050,0,0,0,0,0,3.973565,0.497626,6,6,6
56060,0,0,0,1,1,3.973259,0.497585,6,6,6
56070,1,2,1,5,1,3.972906,0.497548,6,6,6
56080,0,0,0,1,1,3.972479,0.497495,6,6,6
56090,2,0,0,3,1,3.972183,0.497465,6,6,6
56100,1,6,4,12,1,3.972151,0.497465,6,6,6
56110,0,0,0,0,0,3.972704,0.497527,6,6,6
56120,2,1,1,5,1,3.972273,0.497484,6,6,6
56130,0,0,0,1,1,3.971805,0.497439,6,6,6
56140,1,0,0,2,1,3.971480,0.497397,6,6,6
56150,0,2,2,5,1,3.972002,0.497438,6,6,6
56160,0,4,1,6,1,3.971951,0.497431,6,6,6
56170,1,2,0,4,1,3.972028,0.497438,6,6,6
56180,2,1,2,6,1,3.972222,0.497460,6,6,6
56190,0,0,0,0,0,3.972462,0.497494,6,6,6
56200,0,0,0,1,1,3.971956,0.497444,6,6,6
56210,0,0,0,1,1,3.971670,0.497402,6,6,6
56220,4,0,1,6,1,3.971467,0.497368,6,6,6
56230,0,3,2,6,1,3.971205,0.497352,6,6,6
56240,0,0,0,0,0,3.971282,0.497361,6,6,6
56250,0,1,1,3,1,3.970793,0.497308,6,6,6
56260,0,0,0,1,1,3.970752,0.497292,6,6,6
56270,0,0,0,0,0,3.970619,0.497285,6,6,6
56280,0,0,0,1,1,3.970669,0.497276,6,6,6
56290,0,1,0,2,1,3.970327,0.497246,6,6,6
56300,0,0,0,0,0,3.969998,0.497206,6,6,6
56310,0,0,0,1,1,3.969628,0.497168,6,6,6
56320,0,0,0,0,0,3.969248,0.497116,6,6,6
56330,0,2,3,6,1,3.969049,0.497097,6,6,6
56340,2,0,0,3,1,3.969077,0.497095,6,6,6
56350,0,0,0,1,1,3.969003,0.497069,6,6,6
56360,2,0,0,3,1,3.968790,0.497045,6,6,6
56370,1,1,1,4,1,3.968580,0.497025,6,6,6
56380,4,1,2,8,1,3.968188,0.496998,6,6,6
56390,0,0,0,1,1,3.967957,0.496972,6,6,6
56400,0,9,0,10,1,3.968497,0.497036,6,6,6
56410,1,0,0,2,1,3.968377,0.497025,6,6,6
56420,0,0,1,2,1,3.967931,0.496975,6,6,6
56430,0,0,0,1,1,3.967912,0.496958,6,6,6
56440,0,0,0,1,1,3.967591,0.496926,6,6,6
56450,3,8,6,18,1,3.968363,0.497024,6,6,6
56460,3,11,1,16,1,3.970377,0.497267,6,6,6
56470,1,0,1,3,1,3.971502,0.497424,6,6,6
56480,4,1,0,6,1,3.971605,0.497435,6,6,6
56490,2,0,0,3,1,3.971290,0.497402,6,6,6
56500,1,2,0,4,1,3.971350,0.497398,6,6,6
56510,1,1,0,3,1,3.971387,0.497389,6,6,6
56520,0,0,1,2,1,3.971113,0.497355,6,6,6
56530,1,0,0,2,1,3.971564,0.497402,6,6,6
56540,1,3,3,8,1,3.971463,0.497385,6,6,6
56550,0,0,0,0,0,3.971102,0.497356,6,6,6
56560,0,0,0,0,0,3.970666,0.497321,6,6,6
56570,0,0,0,0,0,3.970219,0.497276,6,6,6
56580,0,0,0,0,0,3.969823,0.497238,6,6,6
56590,1,0,0,2,1,3.970406,0.497321,6,6,6
56600,4,0,2,7,1,3.970329,0.497309,6,6,6
56610,1,2,1,5,1,3.971055,0.497391,6,6,6
56620,0,2,2,5,1,3.970710,0.497336,6,6,6
56630,0,0,0,0,0,3.970401,0.497303,6,6,6
56640,0,0,0,1,1,3.969890,0.497262,6,6,6
56650,3,0,0,4,1,3.970350,0.497309,6,6,6
56660,2,2,0,5,1,3.970246,0.497300,6,6,6
56670,2,2,3,8,1,3.970023,0.497275,6,6,6
56680,0,1,1,3,1,3.969926,0.497257,6,6,6
56690,0,0,0,0,0,3.969448,0.497210,6,6,6
56700,0,0,0,0,0,3.969085,0.497170,6,6,6
56710,0,1,0,2,1,3.968696,0.497116,6,6,6
56720,7,3,2,13,1,3.969249,0.497174,6,6,6
56730,1,0,0,2,1,3.969154,0.497163,6,6,6
56740,2,1,0,4,1,3.968986,0.497135,6,6,6
56750,0,0,0,0,0,3.968604,0.497110,6,6,6
56760,0,0,1,2,1,3.968299,0.497064,6,6,6
56770,0,1,3,5,1,3.968361,0.497068,6,6,6
56780,7,6,1,15,1,3.969602,0.497204,6,6,6
56790,1,0,0,2,1,3.969328,0.497184,6,6,6
56800,0,0,0,1,1,3.969117,0.497162,6,6,6
56810,1,0,0,2,1,3.968763,0.497116,6,6,6
56820,0,0,0,1,1,3.968644,0.497109,6,6,6
56830,1,1,0,3,1,3.968292,0.497053,6,6,6
56840,1,1,0,3,1,3.968384,0.497069,6,6,6
56850,0,0,0,1,1,3.967928,0.497018,6,6,6
56860,0,0,0,0,0,3.967563,0.496981,6,6,6
56870,0,2,3,6,1,3.967810,0.497003,6,6,6
56880,0,0,0,0,0,3.967624,0.496985,6,6,6
56890,0,0,0,0,0,3.967426,0.496957,6,6,6
56900,2,2,3,8,1,3.967015,0.496908,6,6,6
56910,0,0,2,3,1,3.967329,0.496940,6,6,6
56920,0,0,0,0,0,3.967083,0.496912,6,6,6
56930,0,0,0,1,1,3.967751,0.496983,6,6,6
56940,1,0,2,4,1,3.967541,0.496946,6,6,6
56950,0,0,0,0,0,3.967274,0.496916,6,6,6
56960,0,0,0,0,0,3.966755,0.496859,6,6,6
56970,0,0,0,1,1,3.966510,0.496831,6,6,6
56980,1,0,1,3,1,3.966405,0.496811,6,6,6
56990,0,0,0,1,1,3.966707,0.496857,6,6,6
57000,0,0,4,5,1,3.966310,0.496810,6,6,6
57010,2,2,0,5,1,3.966220,0.496781,6,6,6
57020,3,2,8,14,1,3.966232,0.496773,6,6,6
57030,0,0,0,0,0,3.966372,0.496797,6,6,6
57040,0,0,0,1,1,3.965983,0.496755,6,6,6
57050,1,4,2,8,1,3.966036,0.496761,6,6,6
57060,1,2,2,6,1,3.966888,0.496859,6,6,6
57070,0,0,0,0,0,3.966520,0.496819,6,6,6
57080,0,0,0,1,1,3.966499,0.496802,6,6,6
57090,0,0,0,1,1,3.966442,0.496798,6,6,6
57100,2,4,8,15,1,3.967125,0.496849,6,6,6
57110,1,1,1,4,1,3.967680,0.496927,6,6,6
57120,0,1,0,2,1,3.967215,0.496879,6,6,6
57130,0,0,0,1,1,3.967160,0.496859,6,6,6
57140,2,2,4,9,1,3.967446,0.496882,6,6,6
57150,1,0,0,2,1,3.967128,0.496843,6,6,6
57160,1,0,3,5,1,3.966858,0.496819,6,6,6
57170,0,0,2,3,1,3.966604,0.496789,6,6,6
57180,1,1,1,4,1,3.966309,0.496758,6,6,6
57190,2,0,1,4,1,3.965864,0.496707,6,6,6
57200,0,4,0,5,1,3.965953,0.496723,6,6,6
57210,0,0,0,1,1,3.965695,0.496697,6,6,6
57220,1,1,0,3,1,3.965205,0.496649,6,6,6
57230,3,0,0,4,1,3.964958,0.496600,6,6,6
57240,0,0,0,0,0,3.964575,0.496563,6,6,6
57250,0,0,0,1,1,3.964569,0.496553,6,6,6
57260,0,5,0,6,1,3.964371,0.496524,6,6,6
57270,0,0,0,0,0,3.964362,0.496517,6,6,6
57280,0,0,0,1,1,3.964192,0.496488,6,6,6
57290,0,0,0,1,1,3.963955,0.496465,6,6,6
57300,2,2,0,5,1,3.963774,0.496444,6,6,6
57310,0,0,0,0,0,3.963566,0.496425,6,6,6
57320,1,0,1,3,1,3.963228,0.496390,6,6,6
57330,6,3,1,11,1,3.962933,0.496337,6,6,6
57340,1,0,1,3,1,3.962744,0.496317,6,6,6
57350,2,2,0,5,1,3.962523,0.496286,6,6,6
57360,4,5,3,13,1,3.962483,0.496274,6,6,6
57370,0,0,0,0,0,3.963633,0.496415,6,6,6
57380,0,0,0,0,0,3.963279,0.496380,6,6,6
57390,1,4,2,8,1,3.963139,0.496353,6,6,6
57400,0,0,1,2,1,3.962807,0.496323,6,6,6
57410,0,0,0,0,0,3.962697,0.496318,6,6,6
57420,1,1,2,5,1,3.962448,0.496280,6,6,6
57430,0,1,0,2,1,3.961998,0.496227,6,6,6
57440,0,0,0,0,0,3.961663,0.496184,6,6,6
57450,1,4,1,7,1,3.961638,0.496179,6,6,6
57460,3,0,0,4,1,3.963100,0.496352,6,6,6
57470,1,1,1,4,1,3.962849,0.496312,6,6,6
57480,1,10,3,15,1,3.963706,0.496399,6,6,6
57490,2,9,8,20,1,3.966072,0.496681,6,6,6
57500,0,0,1,2,1,3.967416,0.496847,6,6,6
57510,0,0,0,0,0,3.967247,0.496826,6,6,6
57520,3,0,0,4,1,3.967017,0.496805,6,6,6
57530,0,0,0,0,0,3.966779,0.496792,6,6,6
57540,1,8,1,11,1,3.967011,0.496804,6,6,6
57550,0,0,1,2,1,3.966645,0.496777,6,6,6
57560,1,3,3,8,1,3.966338,0.496734,6,6,6
57570,0,0,0,0,0,3.966906,0.496810,6,6,6
57580,2,2,3,8,1,3.966664,0.496769,6,6,6
57590,4,3,0,8,1,3.967651,0.496877,6,6,6
57600,6,7,2,16,1,3.967721,0.496889,6,6,6
57610,3,7,1,12,1,3.969800,0.497142,6,6,6
57620,0,0,0,0,0,3.969907,0.497157,6,6,6
57630,0,0,0,0,0,3.969443,0.497100,6,6,6
57640,1,1,2,5,1,3.969182,0.497055,6,6,6
57650,1,1,1,4,1,3.968764,0.497012,6,6,6
57660,2,8,2,13,1,3.968750,0.497009,6,6,6
57670,2,0,1,4,1,3.968952,0.497037,6,6,6
57680,0,0,0,0,0,3.968729,0.497022,6,6,6
57690,0,6,2,9,1,3.968714,0.497010,6,6,6
57700,8,0,1,10,1,3.968889,0.497035,6,6,6
57710,0,3,1,5,1,3.969211,0.497072,6,6,6
57720,4,2,3,10,1,3.969231,0.497076,6,6,6
57730,2,0,2,5,1,3.969538,0.497114,6,6,6
57740,0,0,0,0,0,3.969190,0.497073,6,6,6
57750,0,0,0,1,1,3.969291,0.497086,6,6,6
57760,2,3,8,14,1,3.969756,0.497140,6,6,6
57770,1,3,0,5,1,3.969909,0.497144,6,6,6
57780,0,0,1,2,1,3.969564,0.497123,6,6,6
57790,1,0,0,2,1,3.969296,0.497094,6,6,6
57800,0,0,0,0,0,3.969056,0.497073,6,6,6
57810,0,0,0,1,1,3.968640,0.497020,6,6,6
57820,0,0,2,3,1,3.968397,0.496992,6,6,6
57830,1,1,1,4,1,3.967949,0.496945,6,6,6
57840,0,0,0,1,1,3.968108,0.496980,6,6,6
57850,1,0,0,2,1,3.967752,0.496953,6,6,6
57860,0,0,0,1,1,3.967394,0.496918,6,6,6
57870,6,2,0,9,1,3.967420,0.496918,6,6,6
57880,3,1,1,6,1,3.967570,0.496927,6,6,6
57890,0,1,0,2,1,3.967182,0.496887,6,6,6
57900,2,1,1,5,1,3.966851,0.496838,6,6,6
57910,0,0,0,1,1,3.966667,0.496817,6,6,6
57920,0,0,0,0,0,3.966303,0.496789,6,6,6
57930,1,1,3,6,1,3.966094,0.496763,6,6,6
57940,9,3,2,15,1,3.966457,0.496810,6,6,6
57950,0,0,0,1,1,3.967345,0.496928,6,6,6
57960,0,1,2,4,1,3.967186,0.496907,6,6,6
57970,0,0,0,0,0,3.966844,0.496880,6,6,6
57980,0,0,0,0,0,3.966742,0.496874,6,6,6
57990,0,3,2,6,1,3.966794,0.496872,6,6,6
58000,0,0,0,0,0,3.966756,0.496870,6,6,6
58010,0,0,0,1,1,3.966254,0.496828,6,6,6
58020,1,0,0,2,1,3.965908,0.496792,6,6,6
58030,2,0,0,3,1,3.965760,0.496768,6,6,6
58040,0,0,0,1,1,3.965873,0.496779,6,6,6
58050,0,0,1,2,1,3.965546,0.496747,6,6,6
58060,3,3,2,9,1,3.965397,0.496723,6,6,6
58070,0,0,1,2,1,3.965489,0.496733,6,6,6
58080,0,1,0,2,1,3.965334,0.496710,6,6,6
58090,0,5,0,6,1,3.964998,0.496664,6,6,6
58100,1,1,1,4,1,3.964851,0.496646,6,6,6
58110,1,0,0,2,1,3.964400,0.496599,6,6,6
58120,0,0,0,1,1,3.964125,0.496572,6,6,6
58130,0,0,0,0,0,3.963853,0.496533,6,6,6
58140,0,0,0,0,0,3.963569,0.496515,6,6,6
58150,0,0,0,0,0,3.963295,0.496493,6,6,6
58160,0,7,0,8,1,3.963610,0.496517,6,6,6
58170,0,0,0,0,0,3.963211,0.496471,6,6,6
58180,2,5,0,8,1,3.963427,0.496488,6,6,6
58190,0,1,2,4,1,3.963220,0.496468,6,6,6
58200,0,0,0,1,1,3.962740,0.496423,6,6,6
58210,1,1,0,3,1,3.962527,0.496404,6,6,6
58220,1,1,1,4,1,3.962311,0.496386,6,6,6
58230,2,0,1,4,1,3.962207,0.496374,6,6,6
58240,0,2,0,3,1,3.962001,0.496346,6,6,6
58250,3,3,2,9,1,3.961896,0.496343,6,6,6
58260,4,2,2,9,1,3.963744,0.496569,6,6,6
58270,1,1,0,3,1,3.964168,0.496610,6,6,6
58280,1,1,0,3,1,3.963885,0.496578,6,6,6
58290,0,2,0,3,1,3.963603,0.496549,6,6,6
58300,12,4,3,20,1,3.964899,0.496693,6,6,6
58310,5,5,2,13,1,3.966923,0.496933,6,6,6
58320,0,0,0,0,0,3.966588,0.496910,6,6,6
58330,0,0,0,0,0,3.966327,0.496865,6,6,6
58340,0,0,0,1,1,3.966029,0.496820,6,6,6
58350,0,0,0,0,0,3.965930,0.496807,6,6,6
58360,0,1,2,4,1,3.966062,0.496814,6,6,6
58370,1,3,1,6,1,3.965901,0.496792,6,6,6
58380,1,0,0,2,1,3.966015,0.496794,6,6,6
58390,3,2,3,9,1,3.965910,0.496782,6,6,6
58400,0,2,0,3,1,3.965607,0.496751,6,6,6
58410,1,0,1,3,1,3.965208,0.496705,6,6,6
58420,1,1,0,3,1,3.965403,0.496722,6,6,6
58430,0,3,0,4,1,3.965057,0.496694,6,6,6
58440,1,1,0,3,1,3.965023,0.496686,6,6,6
58450,0,0,1,2,1,3.964914,0.496663,6,6,6
58460,0,6,2,9,1,3.966076,0.496797,6,6,6
58470,0,0,1,2,1,3.965937,0.496766,6,6,6
58480,3,2,0,6,1,3.966071,0.496788,6,6,6
58490,0,4,2,7,1,3.966027,0.496780,6,6,6
58500,0,0,0,0,0,3.966123,0.496799,6,6,6
58510,0,3,3,7,1,3.965894,0.496755,6,6,6
58520,2,0,0,3,1,3.966562,0.496821,6,6,6
58530,3,2,6,12,1,3.966725,0.496825,6,6,6
58540,0,0,0,0,0,3.966348,0.496785,6,6,6
58550,0,0,0,0,0,3.966009,0.496742,6,6,6
58560,2,4,3,10,1,3.965812,0.496707,6,6,6
58570,5,1,4,11,1,3.966276,0.496760,6,6,6
58580,1,0,2,4,1,3.966636,0.496792,6,6,6
58590,4,1,0,6,1,3.966403,0.496756,6,6,6
58600,0,0,0,1,1,3.966037,0.496723,6,6,6
58610,0,0,0,1,1,3.965701,0.496682,6,6,6
58620,1,0,0,2,1,3.965292,0.496642,6,6,6
58630,1,0,0,2,1,3.965095,0.496615,6,6,6
58640,1,1,0,3,1,3.964754,0.496571,6,6,6
58650,5,0,1,7,1,3.964723,0.496559,6,6,6
58660,7,4,6,18,1,3.964858,0.496557,6,6,6
58670,0,1,3,5,1,3.965252,0.496610,6,6,6
58680,0,2,0,3,1,3.965094,0.496584,6,6,6
58690,0,0,1,2,1,3.964663,0.496536,6,6,6
58700,0,0,0,0,0,3.964586,0.496523,6,6,6
58710,1,0,0,2,1,3.964355,0.496498,6,6,6
58720,5,1,7,14,1,3.964261,0.496485,6,6,6
58730,4,2,2,9,1,3.964357,0.496494,6,6,6
58740,0,0,0,0,0,3.964144,0.496471,6,6,6
58750,4,1,0,6,1,3.964172,0.496464,6,6,6
58760,0,1,1,3,1,3.964049,0.496449,6,6,6
58770,0,0,0,0,0,3.963991,0.496425,6,6,6
58780,1,0,0,2,1,3.963768,0.496400,6,6,6
58790,0,0,0,1,1,3.963289,0.496345,6,6,6
58800,0,0,0,1,1,3.963303,0.496345,6,6,6
58810,0,0,0,1,1,3.963089,0.496313,6,6,6
58820,0,0,0,1,1,3.962637,0.496272,6,6,6
58830,0,6,0,7,1,3.962510,0.496271,6,6,6
58840,5,4,4,14,1,3.963138,0.496342,6,6,6
58850,1,5,5,12,1,3.965696,0.496650,6,6,6
58860,0,0,0,0,0,3.965552,0.496631,6,6,6
58870,1,3,2,7,1,3.965196,0.496590,6,6,6
58880,0,0,0,1,1,3.964835,0.496557,6,6,6
58890,2,2,1,6,1,3.964655,0.496531,6,6,6
58900,0,0,0,1,1,3.964263,0.496495,6,6,6
58910,4,6,5,16,1,3.965738,0.496663,6,6,6
58920,0,3,3,7,1,3.966003,0.496703,6,6,6
58930,0,0,0,0,0,3.965676,0.496679,6,6,6
58940,10,6,2,19,1,3.965773,0.496678,6,6,6
58950,7,5,6,19,1,3.968324,0.496991,6,6,6
58960,0,1,0,2,1,3.969912,0.497187,6,6,6
58970,0,2,1,4,1,3.970047,0.497212,6,6,6
58980,1,0,0,2,1,3.969805,0.497186,6,6,6
58990,0,0,2,3,1,3.969397,0.497139,6,6,6
59000,0,2,1,4,1,3.969263,0.497125,6,6,6
59010,1,5,0,7,1,3.969117,0.497100,6,6,6
59020,0,0,0,0,0,3.968896,0.497068,6,6,6
59030,1,0,1,3,1,3.968542,0.497023,6,6,6
59040,1,3,0,5,1,3.968197,0.496984,6,6,6
59050,1,1,0,3,1,3.967891,0.496956,6,6,6
59060,0,0,0,0,0,3.967467,0.496907,6,6,6
59070,0,0,1,2,1,3.967085,0.496869,6,6,6
59080,1,1,0,3,1,3.966779,0.496838,6,6,6
59090,3,0,2,6,1,3.967565,0.496930,6,6,6
59100,1,0,1,3,1,3.967965,0.496978,6,6,6
59110,0,0,0,1,1,3.967600,0.496938,6,6,6
59120,0,1,5,7,1,3.967799,0.496956,6,6,6
59130,0,1,0,2,1,3.967625,0.496924,6,6,6
59140,0,0,0,1,1,3.967197,0.496888,6,6,6
59150,1,2,0,4,1,3.966891,0.496854,6,6,6
59160,0,0,0,1,1,3.966583,0.496811,6,6,6
59170,8,1,1,11,1,3.967012,0.496856,6,6,6
59180,1,1,2,5,1,3.967026,0.496866,6,6,6
59190,5,2,4,12,1,3.966967,0.496867,6,6,6
59200,0,3,1,5,1,3.967776,0.496960,6,6,6
59210,1,1,0,3,1,3.967427,0.496915,6,6,6
59220,3,0,0,4,1,3.966969,0.496878,6,6,6
59230,0,6,2,9,1,3.967025,0.496874,6,6,6
59240,0,0,0,0,0,3.966950,0.496868,6,6,6
59250,0,0,1,2,1,3.966607,0.496831,6,6,6
59260,0,0,0,0,0,3.966535,0.496822,6,6,6
59270,2,3,3,9,1,3.966242,0.496786,6,6,6
59280,0,0,0,1,1,3.967095,0.496889,6,6,6
59290,4,1,0,6,1,3.966937,0.496871,6,6,6
59300,0,0,3,4,1,3.966896,0.496874,6,6,6
59310,1,2,1,5,1,3.966593,0.496828,6,6,6
59320,0,0,0,1,1,3.966313,0.496796,6,6,6
59330,0,0,0,1,1,3.966743,0.496839,6,6,6
59340,0,0,1,2,1,3.967118,0.496881,6,6,6
59350,0,0,0,0,0,3.966826,0.496846,6,6,6
59360,1,0,2,4,1,3.966400,0.496806,6,6,6
59370,0,2,0,3,1,3.966221,0.496780,6,6,6
59380,0,0,1,2,1,3.965931,0.496738,6,6,6
59390,0,1,0,2,1,3.965962,0.496723,6,6,6
59400,0,0,0,1,1,3.965656,0.496696,6,6,6
59410,1,1,0,3,1,3.965469,0.496659,6,6,6
59420,0,1,0,2,1,3.965248,0.496630,6,6,6
59430,0,3,0,4,1,3.964778,0.496573,6,6,6
59440,2,3,3,9,1,3.964632,0.496549,6,6,6
59450,2,3,7,13,1,3.964468,0.496532,6,6,6
59460,0,0,0,1,1,3.964618,0.496550,6,6,6
59470,0,0,0,1,1,3.964587,0.496550,6,6,6
59480,0,0,0,1,1,3.964135,0.496497,6,6,6
59490,1,1,0,3,1,3.963960,0.496482,6,6,6
59500,0,0,2,3,1,3.963893,0.496466,6,6,6
59510,0,0,0,1,1,3.963542,0.496427,6,6,6
59520,1,1,3,6,1,3.963319,0.496403,6,6,6
59530,0,1,0,2,1,3.962948,0.496360,6,6,6
59540,0,1,0,2,1,3.962582,0.496318,6,6,6
59550,16,19,6,42,1,3.965287,0.496632,6,7,6
59560,2,9,0,12,1,3.969380,0.497145,6,8,6
59570,0,0,0,0,0,3.969508,0.497160,6,8,6
59580,1,1,1,4,1,3.969154,0.497116,6,8,6
59590,0,0,3,4,1,3.968896,0.497087,6,8,6
59600,1,3,2,7,1,3.968538,0.497044,6,8,6
59610,0,0,0,0,0,3.968334,0.497028,6,8,6
59620,0,0,2,3,1,3.968059,0.497000,6,8,6
59630,4,1,3,9,1,3.967892,0.496970,6,8,6
59640,0,0,0,1,1,3.968798,0.497070,6,8,6
59650,1,0,1,3,1,3.968365,0.497030,6,8,6
59660,3,0,2,6,1,3.967991,0.496984,6,8,6
59670,0,0,0,0,0,3.967974,0.496983,6,8,6
59680,0,1,0,2,1,3.967684,0.496956,6,8,6
59690,1,0,1,3,1,3.967371,0.496917,6,8,6
59700,0,0,0,0,0,3.967074,0.496885,6,8,6
59710,0,0,0,0,0,3.967126,0.496892,6,8,6
59720,0,1,0,2,1,3.966961,0.496872,6,8,6
59730,1,2,5,9,1,3.966704,0.496836,6,8,6
59740,0,0,1,2,1,3.966476,0.496803,6,8,6
59750,0,0,0,0,0,3.966426,0.496794,6,8,6
59760,0,4,1,6,1,3.967141,0.496862,6,8,6
59770,0,0,0,0,0,3.967611,0.496916,6,8,6
59780,1,1,6,9,1,3.968280,0.496988,6,8,6
59790,0,0,0,1,1,3.968823,0.497042,6,8,6
59800,0,0,0,0,0,3.968300,0.496986,6,8,6
59810,0,0,0,0,0,3.968622,0.497027,6,8,6
59820,0,0,0,0,0,3.968132,0.496978,6,8,6
59830,1,0,0,2,1,3.967660,0.496941,6,8,6
59840,0,2,0,3,1,3.967745,0.496943,6,8,6
59850,3,0,5,9,1,3.968133,0.496974,6,8,6
59860,1,0,1,3,1,3.968452,0.497008,6,8,6
59870,0,0,0,0,0,3.968196,0.496985,6,8,6
59880,2,2,1,6,1,3.967705,0.496937,6,8,6
59890,0,0,0,1,1,3.968125,0.496977,6,8,6
59900,1,1,2,5,1,3.967974,0.496957,6,8,6
59910,0,0,0,1,1,3.967903,0.496955,6,8,6
59920,0,2,3,6,1,3.967502,0.496908,6,8,6
59930,4,3,2,10,1,3.967652,0.496916,6,8,6
59940,1,0,0,2,1,3.967459,0.496892,6,8,6
59950,1,1,0,3,1,3.967003,0.496848,6,8,6
59960,0,0,0,1,1,3.966738,0.496821,6,8,6
59970,0,0,0,0,0,3.966424,0.496788,6,8,6
59980,0,2,3,6,1,3.966237,0.496762,6,8,6
59990,0,1,1,3,1,3.966969,0.496849,6,8,6
60000,0,0,0,0,0,3.966694,0.496821,6,8,6
60010,4,2,0,7,1,3.966837,0.496838,6,8,6
60020,0,0,0,0,0,3.966369,0.496802,6,8,6
60030,2,1,2,6,1,3.966468,0.496814,6,8,6
60040,2,0,2,5,1,3.966310,0.496785,6,8,6
60050,0,0,4,5,1,3.965965,0.496740,6,8,6
60060,0,0,0,0,0,3.965875,0.496728,6,8,6
60070,0,0,0,0,0,3.965605,0.496690,6,8,6
60080,0,0,0,1,1,3.965218,0.496642,6,8,6
60090,0,0,0,0,0,3.964841,0.496599,6,8,6
60100,2,0,0,3,1,3.964450,0.496558,6,8,6
60110,0,0,0,0,0,3.964506,0.496566,6,8,6
60120,1,0,0,2,1,3.964202,0.496534,6,8,6
60130,0,0,1,2,1,3.964223,0.496532,6,8,6
60140,0,0,0,0,0,3.963890,0.496503,6,8,6
60150,1,0,0,2,1,3.963785,0.496485,6,8,6
60160,0,3,0,4,1,3.963538,0.496470,6,8,6
60170,2,1,0,4,1,3.963273,0.496429,6,8,6
60180,0,0,1,2,1,3.962909,0.496377,6,8,6
60190,2,7,4,14,1,3.963017,0.496371,6,8,6
60200,0,0,0,1,1,3.963034,0.496376,6,8,6
60210,0,0,0,0,0,3.963064,0.496374,6,8,6
60220,3,10,8,22,1,3.963955,0.496487,6,8,6
60230,0,5,0,6,1,3.965354,0.496652,6,8,6
60240,2,0,3,6,1,3.965248,0.496652,6,8,6
60250,0,0,1,2,1,3.965142,0.496646,6,8,6
60260,0,0,0,0,0,3.965007,0.496639,6,8,6
60270,0,1,0,2,1,3.964653,0.496606,6,8,6
60280,0,1,0,2,1,3.964328,0.496568,6,8,6
60290,0,0,0,0,0,3.963914,0.496525,6,8,6
60300,0,0,0,1,1,3.963478,0.496478,6,8,6
60310,2,0,0,3,1,3.963348,0.496470,6,8,6
60320,1,0,0,2,1,3.962903,0.496440,6,8,6
60330,4,4,6,15,1,3.962922,0.496434,6,8,6
60340,0,0,0,0,0,3.964017,0.496579,6,8,6
60350,1,0,0,2,1,3.963722,0.496548,6,8,6
60360,0,0,1,2,1,3.963889,0.496566,6,8,6
60370,0,3,0,4,1,3.963689,0.496549,6,8,6
60380,0,0,0,0,0,3.963307,0.496515,6,8,6
60390,0,0,0,0,0,3.963029,0.496486,6,8,6
60400,1,0,0,2,1,3.962664,0.496442,6,8,6
60410,0,0,2,3,1,3.962379,0.496411,6,8,6
60420,2,1,4,8,1,3.962429,0.496427,6,8,6
60430,0,0,0,1,1,3.962010,0.496390,6,8,6
60440,0,0,0,0,0,3.961909,0.496369,6,8,6
60450,0,2,1,4,1,3.961476,0.496325,6,8,6
60460,0,0,1,2,1,3.961251,0.496293,6,8,6
60470,0,0,0,1,1,3.961130,0.496285,6,8,6
60480,0,0,0,0,0,3.960700,0.496242,6,8,6
60490,0,0,0,1,1,3.960549,0.496221,6,8,6
60500,1,0,0,2,1,3.960155,0.496175,6,8,6
60510,1,1,1,4,1,3.959920,0.496139,6,8,6
60520,2,3,2,8,1,3.959962,0.496123,6,8,6
60530,1,0,0,2,1,3.959659,0.496096,6,8,6
60540,5,1,4,11,1,3.959552,0.496073,6,8,6
60550,1,1,1,4,1,3.959671,0.496094,6,8,6
60560,1,2,3,7,1,3.959490,0.496076,6,8,6
60570,2,4,1,8,1,3.959406,0.496073,6,8,6
60580,0,2,2,5,1,3.959697,0.496115,6,8,6
60590,2,1,2,6,1,3.959370,0.496081,6,8,6
60600,0,2,3,6,1,3.959225,0.496057,6,8,6
60610,1,4,0,6,1,3.959381,0.496075,6,8,6
60620,4,1,1,7,1,3.959573,0.496090,6,8,6
60630,0,0,0,1,1,3.960773,0.496237,6,8,6
60640,3,1,0,5,1,3.960491,0.496203,6,8,6
60650,0,1,0,2,1,3.960194,0.496169,6,8,6
60660,0,0,0,0,0,3.960091,0.496156,6,8,6
60670,3,5,1,10,1,3.960304,0.496164,6,8,6
60680,0,0,0,1,1,3.960305,0.496166,6,8,6
60690,0,0,0,0,0,3.960093,0.496145,6,8,6
60700,4,2,0,7,1,3.960746,0.496224,6,8,6
60710,1,1,1,4,1,3.960480,0.496207,6,8,6
60720,4,4,8,17,1,3.962221,0.496411,6,8,6
60730,1,1,0,3,1,3.962596,0.496454,6,8,6
60740,0,0,0,0,0,3.962355,0.496416,6,8,6
60750,1,2,1,5,1,3.962329,0.496398,6,8,6
60760,0,0,0,1,1,3.961856,0.496358,6,8,6
60770,0,2,1,4,1,3.962086,0.496379,6,8,6
60780,1,1,4,7,1,3.961831,0.496356,6,8,6
60790,1,4,1,7,1,3.961444,0.496314,6,8,6
60800,1,3,1,6,1,3.961859,0.496358,6,8,6
60810,0,0,0,1,1,3.961695,0.496336,6,8,6
60820,0,0,2,3,1,3.961299,0.496276,6,8,6
60830,0,5,1,7,1,3.961968,0.496349,6,8,6
60840,0,0,0,1,1,3.961911,0.496331,6,8,6
60850,10,7,5,23,1,3.962432,0.496389,6,8,6
60860,2,0,3,6,1,3.963915,0.496563,6,8,6
60870,1,0,2,4,1,3.963911,0.496573,6,8,6
60880,0,0,0,1,1,3.963621,0.496553,6,8,6
60890,0,2,1,4,1,3.963231,0.496507,6,8,6
60900,1,0,3,5,1,3.963527,0.496534,6,8,6
60910,0,0,0,1,1,3.963156,0.496502,6,8,6
60920,0,0,1,2,1,3.962829,0.496456,6,8,6
60930,0,0,0,1,1,3.962519,0.496424,6,8,6
60940,0,0,0,1,1,3.962049,0.496376,6,8,6
60950,0,3,0,4,1,3.961791,0.496349,6,8,6
60960,1,1,1,4,1,3.961684,0.496336,6,8,6
60970,1,1,0,3,1,3.961723,0.496337,6,8,6
60980,2,0,0,3,1,3.962310,0.496410,6,8,6
60990,1,1,0,3,1,3.961864,0.496359,6,8,6
61000,0,0,0,1,1,3.961928,0.496366,6,8,6
61010,0,0,0,0,0,3.961535,0.496326,6,8,6
61020,2,1,1,5,1,3.961305,0.496303,6,8,6
61030,0,0,0,0,0,3.961234,0.496300,6,8,6
61040,0,2,1,4,1,3.961392,0.496318,6,8,6
61050,13,1,3,18,1,3.962197,0.496417,6,8,6
61060,13,1,5,20,1,3.965629,0.496839,6,8,6
61070,4,0,2,7,1,3.966395,0.496935,6,8,6
61080,4,3,0,8,1,3.966295,0.496914,6,8,6
61090,3,0,1,5,1,3.966885,0.496970,6,8,6
61100,0,0,0,0,0,3.966594,0.496943,6,8,6
61110,0,0,0,0,0,3.966317,0.496905,6,8,6
61120,0,0,0,1,1,3.966097,0.496877,6,8,6
61130,4,2,2,9,1,3.965995,0.496846,6,8,6
61140,0,0,1,2,1,3.966082,0.496864,6,8,6
61150,5,1,1,8,1,3.966607,0.496923,6,8,6
61160,0,0,0,1,1,3.966628,0.496938,6,8,6
61170,0,0,0,0,0,3.966227,0.496892,6,8,6
61180,3,4,0,8,1,3.966002,0.496858,6,8,6
61190,1,1,1,4,1,3.965969,0.496854,6,8,6
61200,1,0,1,3,1,3.965738,0.496828,6,8,6
61210,4,2,0,7,1,3.965546,0.496797,6,8,6
61220,8,8,0,17,1,3.968055,0.497098,6,8,6
61230,1,0,0,2,1,3.968620,0.497177,6,8,6
61240,1,0,3,5,1,3.968784,0.497179,6,8,6
61250,0,2,4,7,1,3.969248,0.497233,6,8,6
61260,0,2,1,4,1,3.969048,0.497207,6,8,6
61270,2,0,0,3,1,3.969115,0.497214,6,8,6
61280,1,6,9,17,1,3.969149,0.497199,6,8,6
61290,0,3,8,12,1,3.971497,0.497478,6,8,6
61300,0,0,0,1,1,3.971164,0.497456,6,8,6
61310,1,1,0,3,1,3.970918,0.497418,6,8,6
61320,0,0,0,0,0,3.970643,0.497384,6,8,6
61330,2,0,1,4,1,3.970669,0.497382,6,8,6
61340,5,9,4,19,1,3.971546,0.497470,6,8,6
61350,3,2,1,7,1,3.973070,0.497662,6,8,6
61360,0,0,2,3,1,3.973225,0.497674,6,8,6
61370,0,0,0,0,0,3.972858,0.497627,6,8,6
61380,0,0,0,1,1,3.972643,0.497600,6,8,6
61390,0,0,0,0,0,3.972261,0.497564,6,8,6
61400,1,1,2,5,1,3.972082,0.497538,6,8,6
61410,0,0,0,1,1,3.972055,0.497527,6,8,6
61420,0,1,1,3,1,3.971884,0.497498,6,8,6
61430,5,5,0,11,1,3.971840,0.497488,6,8,6
61440,0,0,0,0,0,3.972035,0.497507,6,8,6
61450,0,0,0,1,1,3.971672,0.497468,6,8,6
61460,0,0,0,1,1,3.971230,0.497410,6,8,6
61470,0,0,0,0,0,3.970964,0.497369,6,8,6
61480,0,0,0,0,0,3.971056,0.497384,6,8,6
61490,0,0,0,0,0,3.970609,0.497350,6,8,6
61500,0,0,0,1,1,3.970351,0.497314,6,8,6
61510,0,0,0,1,1,3.970157,0.497289,6,8,6
61520,1,1,0,3,1,3.969727,0.497229,6,8,6
61530,1,2,0,4,1,3.969723,0.497224,6,8,6
61540,2,6,1,10,1,3.969374,0.497188,6,8,6
61550,0,1,3,5,1,3.970136,0.497279,6,8,6
61560,1,2,1,5,1,3.970082,0.497264,6,8,6
61570,0,0,0,1,1,3.969874,0.497239,6,8,6
61580,1,1,0,3,1,3.969551,0.497205,6,8,6
61590,2,3,0,6,1,3.969398,0.497174,6,8,6
61600,2,0,0,3,1,3.969175,0.497148,6,8,6
61610,2,2,0,5,1,3.969564,0.497188,6,8,6
61620,0,0,1,2,1,3.969217,0.497149,6,8,6
61630,0,1,1,3,1,3.968974,0.497118,6,8,6
61640,0,0,1,2,1,3.968600,0.497073,6,8,6
61650,1,0,0,2,1,3.968252,0.497036,6,8,6
61660,0,1,1,3,1,3.968041,0.497009,6,8,6
61670,0,1,0,2,1,3.967895,0.496984,6,8,6
61680,0,0,1,2,1,3.967919,0.496985,6,8,6
61690,0,0,0,1,1,3.967555,0.496944,6,8,6
61700,2,2,2,7,1,3.967277,0.496904,6,8,6
61710,2,0,2,5,1,3.967254,0.496893,6,8,6
61720,5,7,4,17,1,3.967546,0.496912,6,8,6
61730,0,0,0,0,0,3.968249,0.497006,6,8,6
61740,0,0,0,0,0,3.968216,0.496997,6,8,6
61750,1,0,0,2,1,3.968047,0.496988,6,8,6
61760,3,2,0,6,1,3.967824,0.496962,6,8,6
61770,0,0,1,2,1,3.967880,0.496961,6,8,6
61780,3,1,0,5,1,3.967615,0.496925,6,8,6
61790,0,0,0,1,1,3.967440,0.496912,6,8,6
61800,0,0,0,0,0,3.967220,0.496884,6,8,6
61810,7,0,5,13,1,3.968328,0.497002,6,8,6
61820,1,3,0,5,1,3.968709,0.497033,6,8,6
61830,0,2,2,5,1,3.968596,0.497021,6,8,6
61840,2,2,3,8,1,3.968592,0.497021,6,8,6
61850,0,0,1,2,1,3.969488,0.497124,6,8,6
61860,2,1,1,5,1,3.969267,0.497104,6,8,6
61870,0,1,0,2,1,3.968876,0.497063,6,8,6
61880,0,0,0,1,1,3.968774,0.497048,6,8,6
61890,1,3,9,14,1,3.969575,0.497132,6,8,6
61900,0,0,0,0,0,3.969733,0.497168,6,8,6
61910,1,1,1,4,1,3.969380,0.497128,6,8,6
61920,0,0,0,1,1,3.969102,0.497108,6,8,6
61930,3,0,1,5,1,3.969050,0.497094,6,8,6
61940,2,3,1,7,1,3.970587,0.497269,6,8,6
61950,0,2,2,5,1,3.970360,0.497244,6,8,6
61960,1,1,2,5,1,3.970584,0.497263,6,8,6
61970,3,1,1,6,1,3.970490,0.497254,6,8,6
61980,0,0,0,0,0,3.970082,0.497215,6,8,6
61990,0,0,0,1,1,3.970122,0.497208,6,8,6
62000,0,1,1,3,1,3.969698,0.497157,6,8,6
62010,0,0,0,0,0,3.969482,0.497127,6,8,6
62020,2,1,1,5,1,3.969351,0.497111,6,8,6
62030,0,0,0,0,0,3.969258,0.497089,6,8,6
62040,0,0,0,1,1,3.968814,0.497044,6,8,6
62050,3,1,1,6,1,3.968879,0.497045,6,8,6
62060,0,0,0,1,1,3.969272,0.497098,6,8,6
62070,0,2,1,4,1,3.969357,0.497101,6,8,6
62080,1,1,0,3,1,3.969047,0.497071,6,8,6
62090,0,0,0,1,1,3.968800,0.497031,6,8,6
62100,0,0,0,1,1,3.968332,0.496986,6,8,6
62110,1,0,1,3,1,3.968228,0.496981,6,8,6
62120,0,0,0,0,0,3.967876,0.496936,6,8,6
62130,0,0,0,0,0,3.967678,0.496915,6,8,6
62140,0,1,0,2,1,3.967371,0.496877,6,8,6
62150,0,0,0,0,0,3.967276,0.496881,6,8,6
62160,0,0,0,0,0,3.967041,0.496860,6,8,6
62170,0,0,0,0,0,3.966673,0.496811,6,8,6
62180,5,1,3,10,1,3.966589,0.496796,6,8,6
62190,1,2,1,5,1,3.967885,0.496955,6,8,6
62200,0,0,0,0,0,3.967562,0.496908,6,8,6
62210,1,0,0,2,1,3.967211,0.496861,6,8,6
62220,2,2,1,6,1,3.966942,0.496833,6,8,6
62230,0,0,0,1,1,3.966789,0.496817,6,8,6
62240,0,0,0,0,0,3.966304,0.496770,6,8,6
62250,1,1,0,3,1,3.965951,0.496740,6,8,6
62260,0,0,0,0,0,3.966300,0.496791,6,8,6
62270,1,1,3,6,1,3.966572,0.496815,6,8,6
62280,3,0,0,4,1,3.966732,0.496829,6,8,6
62290,0,1,1,3,1,3.966621,0.496819,6,8,6
62300,0,0,0,1,1,3.966278,0.496777,6,8,6
62310,0,0,0,1,1,3.965950,0.496735,6,8,6
62320,0,0,0,0,0,3.965775,0.496716,6,8,6
62330,0,1,1,3,1,3.965433,0.496665,6,8,6
62340,2,1,0,4,1,3.965196,0.496633,6,8,6
62350,0,2,0,3,1,3.964964,0.496605,6,8,6
62360,0,2,0,3,1,3.964586,0.496560,6,8,6
62370,1,1,1,4,1,3.964304,0.496528,6,8,6
62380,0,0,0,0,0,3.964884,0.496605,6,8,6
62390,3,5,6,15,1,3.964655,0.496567,6,8,6
62400,0,0,0,1,1,3.964895,0.496616,6,8,6
62410,0,2,0,3,1,3.964564,0.496581,6,8,6
62420,0,3,1,5,1,3.964635,0.496585,6,8,6
62430,0,0,0,0,0,3.964369,0.496553,6,8,6
62440,0,0,0,1,1,3.964179,0.496534,6,8,6
62450,2,0,2,5,1,3.964095,0.496517,6,8,6
62460,1,2,0,4,1,3.964030,0.496508,6,8,6
62470,0,0,0,0,0,3.963691,0.496466,6,8,6
62480,0,0,0,0,0,3.963256,0.496420,6,8,6
62490,1,1,0,3,1,3.963030,0.496393,6,8,6
62500,0,1,2,4,1,3.962716,0.496351,6,8,6
62510,0,0,0,1,1,3.962460,0.496317,6,8,6
62520,1,0,1,3,1,3.962653,0.496334,6,8,6
62530,1,3,1,6,1,3.962407,0.496296,6,8,6
62540,0,0,0,1,1,3.962301,0.496293,6,8,6
62550,5,3,4,13,1,3.963764,0.496457,6,8,6
62560,3,1,0,5,1,3.963755,0.496462,6,8,6
62570,4,4,2,11,1,3.963853,0.496465,6,8,6
62580,0,0,0,0,0,3.964510,0.496543,6,8,6
62590,0,0,0,1,1,3.964143,0.496506,6,8,6
62600,1,0,0,2,1,3.963968,0.496482,6,8,6
62610,1,3,0,5,1,3.963560,0.496444,6,8,6
62620,1,0,1,3,1,3.964511,0.496558,6,8,6
62630,0,0,0,0,0,3.964906,0.496600,6,8,6
62640,5,4,0,10,1,3.964855,0.496585,6,8,6
62650,0,0,0,0,0,3.964434,0.496547,6,8,6
62660,3,0,0,4,1,3.964424,0.496548,6,8,6
62670,2,0,0,3,1,3.964217,0.496513,6,8,6
62680,3,2,6,12,1,3.964679,0.496566,6,8,6
62690,0,0,0,0,0,3.964979,0.496615,6,8,6
62700,0,0,1,2,1,3.964535,0.496572,6,8,6
62710,3,0,0,4,1,3.964990,0.496615,6,8,6
62720,0,1,2,4,1,3.964637,0.496568,6,8,6
62730,0,0,0,1,1,3.964250,0.496519,6,8,6
62740,4,0,0,5,1,3.963895,0.496463,6,8,6
62750,0,1,1,3,1,3.963685,0.496454,6,8,6
62760,4,0,2,7,1,3.963423,0.496423,6,8,6
62770,2,2,1,6,1,3.963552,0.496427,6,8,6
62780,4,2,0,7,1,3.963449,0.496402,6,8,6
62790,1,1,2,5,1,3.963182,0.496369,6,8,6
62800,5,1,1,8,1,3.962940,0.496341,6,8,6
62810,1,5,6,13,1,3.964648,0.496538,6,8,6
62820,2,2,6,11,1,3.964975,0.496583,6,8,6
62830,0,0,0,0,0,3.965050,0.496595,6,8,6
62840,1,0,0,2,1,3.964650,0.496551,6,8,6
62850,0,0,0,1,1,3.964195,0.496510,6,8,6
62860,0,0,1,2,1,3.964019,0.496494,6,8,6
62870,0,0,0,1,1,3.963873,0.496467,6,8,6
62880,1,0,3,5,1,3.963558,0.496432,6,8,6
62890,3,4,0,8,1,3.963257,0.496394,6,8,6
62900,0,1,0,2,1,3.963098,0.496381,6,8,6
62910,3,2,1,7,1,3.962851,0.496338,6,8,6
62920,1,1,0,3,1,3.962610,0.496296,6,8,6
62930,0,0,0,0,0,3.962348,0.496273,6,8,6
62940,0,0,0,1,1,3.962077,0.496236,6,8,6
62950,0,1,0,2,1,3.961951,0.496212,6,8,6
62960,0,1,0,2,1,3.961568,0.496169,6,8,6
62970,0,0,0,0,0,3.961502,0.496157,6,8,6
62980,1,2,3,7,1,3.961493,0.496157,6,8,6
62990,0,0,0,0,0,3.961721,0.496187,6,8,6
63000,0,0,1,2,1,3.961298,0.496145,6,8,6
63010,0,0,0,0,0,3.960960,0.496105,6,8,6
63020,3,1,0,5,1,3.960860,0.496082,6,8,6
63030,4,0,4,9,1,3.960846,0.496090,6,8,6
63040,0,0,0,1,1,3.961805,0.496211,6,8,6
63050,1,2,5,9,1,3.961502,0.496177,6,8,6
63060,0,0,0,1,1,3.962258,0.496272,6,8,6
63070,7,2,2,12,1,3.962710,0.496321,6,8,6
63080,2,1,1,5,1,3.963070,0.496377,6,8,6
63090,1,7,3,12,1,3.963332,0.496396,6,8,6
63100,0,1,2,4,1,3.963744,0.496441,6,8,6
63110,0,0,2,3,1,3.963491,0.496412,6,8,6
63120,1,0,0,2,1,3.963168,0.496367,6,8,6
63130,1,0,0,2,1,3.963388,0.496390,6,8,6
63140,2,0,1,4,1,3.963134,0.496359,6,8,6
63150,1,1,4,7,1,3.962918,0.496318,6,8,6
63160,0,0,0,1,1,3.962606,0.496290,6,8,6
63170,0,0,1,2,1,3.962410,0.496258,6,8,6
63180,1,0,1,3,1,3.962183,0.496227,6,8,6
63190,5,0,1,7,1,3.962383,0.496227,6,8,6
63200,3,0,0,4,1,3.962907,0.496291,6,8,6
63210,1,2,1,5,1,3.962644,0.496255,6,8,6
63220,0,1,2,4,1,3.962397,0.496227,6,8,6
63230,0,1,0,2,1,3.962389,0.496222,6,8,6
63240,0,1,0,2,1,3.962051,0.496179,6,8,6
63250,1,3,0,5,1,3.962237,0.496183,6,8,6
63260,4,1,6,12,1,3.964159,0.496415,6,8,6
63270,5,2,1,9,1,3.963926,0.496393,6,8,6
63280,0,0,0,0,0,3.964564,0.496475,6,8,6
63290,1,2,1,5,1,3.964635,0.496484,6,8,6
63300,1,2,1,5,1,3.964322,0.496451,6,8,6
63310,2,0,1,4,1,3.964064,0.496429,6,8,6
63320,0,1,0,2,1,3.963642,0.496390,6,8,6
63330,1,7,0,9,1,3.963352,0.496352,6,8,6
63340,3,1,3,8,1,3.963057,0.496316,6,8,6
63350,1,0,0,2,1,3.963245,0.496322,6,8,6
63360,0,0,0,1,1,3.963018,0.496301,6,8,6
63370,0,0,0,1,1,3.962798,0.496275,6,8,6
63380,0,0,0,1,1,3.963175,0.496322,6,8,6
63390,1,0,2,4,1,3.962823,0.496276,6,8,6
63400,0,0,0,1,1,3.962551,0.496242,6,8,6
63410,0,0,0,1,1,3.962373,0.496216,6,8,6
63420,1,3,0,5,1,3.962189,0.496192,6,8,6
63430,0,0,0,1,1,3.962149,0.496196,6,8,6
63440,5,0,3,9,1,3.962131,0.496184,6,8,6
63450,1,1,2,5,1,3.962131,0.496182,6,8,6
63460,0,0,0,0,0,3.961876,0.496159,6,8,6
63470,1,0,0,2,1,3.961528,0.496118,6,8,6
63480,3,0,2,6,1,3.961398,0.496101,6,8,6
63490,0,0,0,0,0,3.962082,0.496176,6,8,6
63500,3,2,2,8,1,3.962131,0.496182,6,8,6
63510,0,0,2,3,1,3.961939,0.496165,6,8,6
63520,6,0,2,9,1,3.961945,0.496157,6,8,6
63530,0,1,0,2,1,3.961955,0.496167,6,8,6
63540,1,0,0,2,1,3.961560,0.496124,6,8,6
63550,4,2,1,8,1,3.961781,0.496149,6,8,6
63560,0,1,0,2,1,3.961699,0.496144,6,8,6
63570,0,0,0,0,0,3.961720,0.496139,6,8,6
63580,0,0,0,1,1,3.962070,0.496180,6,8,6
63590,5,2,0,8,1,3.962094,0.496185,6,8,6
63600,0,0,0,1,1,3.961894,0.496168,6,8,6
63610,0,0,0,1,1,3.961443,0.496123,6,8,6
63620,2,0,0,3,1,3.961549,0.496135,6,8,6
63630,3,5,3,12,1,3.961528,0.496132,6,8,6
63640,1,15,1,18,1,3.963650,0.496381,6,8,6
63650,0,3,0,4,1,3.964013,0.496424,6,8,6
63660,1,2,0,4,1,3.963612,0.496389,6,8,6
63670,3,1,0,5,1,3.963971,0.496435,6,8,6
63680,0,0,1,2,1,3.963794,0.496404,6,8,6
63690,0,3,0,4,1,3.963628,0.496387,6,8,6
63700,1,2,2,6,1,3.963207,0.496348,6,8,6
63710,2,0,2,5,1,3.963436,0.496374,6,8,6
63720,0,0,0,1,1,3.963290,0.496347,6,8,6
63730,1,1,0,3,1,3.962882,0.496305,6,8,6
63740,0,1,0,2,1,3.962583,0.496274,6,8,6
63750,0,0,0,0,0,3.962559,0.496266,6,8,6
63760,0,0,1,2,1,3.962648,0.496272,6,8,6
63770,1,2,1,5,1,3.962259,0.496207,6,8,6
63780,0,0,0,1,1,3.962210,0.496198,6,8,6
63790,0,0,0,1,1,3.962112,0.496185,6,8,6
63800,1,0,0,2,1,3.961746,0.496150,6,8,6
63810,2,4,7,14,1,3.961889,0.496159,6,8,6
63820,0,0,0,0,0,3.961772,0.496152,6,8,6
63830,1,0,1,3,1,3.961616,0.496119,6,8,6
63840,0,0,0,0,0,3.961311,0.496086,6,8,6
63850,0,2,1,4,1,3.960892,0.496037,6,8,6
63860,2,2,0,5,1,3.960864,0.496030,6,8,6
63870,0,0,0,0,0,3.960604,0.496002,6,8,6
63880,12,0,8,21,1,3.962230,0.496188,6,8,6
63890,0,1,0,2,1,3.962386,0.496209,6,8,6
63900,0,0,1,2,1,3.962019,0.496173,6,8,6
63910,1,1,0,3,1,3.961634,0.496134,6,8,6
63920,0,0,1,2,1,3.961321,0.496089,6,8,6
63930,0,0,0,1,1,3.961061,0.496058,6,8,6
63940,3,3,7,14,1,3.961087,0.496061,6,8,6
63950,0,0,0,0,0,3.961249,0.496097,6,8,6
63960,0,1,3,5,1,3.961046,0.496061,6,8,6
63970,0,0,0,0,0,3.961042,0.496048,6,8,6
63980,0,0,0,0,0,3.960710,0.496010,6,8,6
63990,0,0,0,1,1,3.960505,0.495982,6,8,6
64000,0,0,0,0,0,3.960048,0.495936,6,8,6
64010,0,1,0,2,1,3.960001,0.495926,6,8,6
64020,3,2,0,6,1,3.959702,0.495891,6,8,6
64030,1,1,0,3,1,3.959735,0.495885,6,8,6
64040,0,0,0,0,0,3.959805,0.495894,6,8,6
64050,0,0,3,4,1,3.959598,0.495861,6,8,6
64060,0,1,1,3,1,3.959252,0.495824,6,8,6
64070,0,0,0,0,0,3.958977,0.495796,6,8,6
64080,0,0,0,1,1,3.958814,0.495777,6,8,6
64090,0,0,0,1,1,3.958600,0.495750,6,8,6
64100,0,1,0,2,1,3.958413,0.495736,6,8,6
64110,0,0,0,0,0,3.958249,0.495711,6,8,6
64120,1,1,0,3,1,3.958206,0.495702,6,8,6
64130,0,0,0,1,1,3.957797,0.495654,6,8,6
64140,0,0,0,1,1,3.957801,0.495657,6,8,6
64150,1,2,0,4,1,3.957486,0.495621,6,8,6
64160,0,0,0,0,0,3.957103,0.495574,6,8,6
64170,0,0,4,5,1,3.956827,0.495545,6,8,6
64180,2,0,1,4,1,3.956511,0.495516,6,8,6
64190,0,0,0,0,0,3.956791,0.495540,6,8,6
64200,0,1,0,2,1,3.956442,0.495492,6,8,6
64210,0,0,0,0,0,3.956016,0.495450,6,8,6
64220,0,0,0,0,0,3.955745,0.495422,6,8,6
64230,0,2,1,4,1,3.955332,0.495384,6,8,6
64240,2,3,4,10,1,3.955043,0.495345,6,8,6
64250,1,1,0,3,1,3.954962,0.495342,6,8,6
64260,5,1,2,9,1,3.954741,0.495305,6,8,6
64270,1,1,2,5,1,3.954768,0.495306,6,8,6
64280,0,0,0,1,1,3.954710,0.495301,6,8,6
64290,0,0,0,1,1,3.954355,0.495257,6,8,6
64300,4,7,1,13,1,3.954328,0.495251,6,8,6
64310,0,0,0,0,0,3.954922,0.495320,6,8,6
64320,0,2,0,3,1,3.955305,0.495361,6,8,6
64330,3,3,1,8,1,3.955626,0.495394,6,8,6
64340,0,0,0,1,1,3.955318,0.495357,6,8,6
64350,0,1,1,3,1,3.954986,0.495319,6,8,6
64360,0,0,0,1,1,3.955677,0.495395,6,8,6
64370,1,0,0,2,1,3.955740,0.495392,6,8,6
64380,0,0,0,0,0,3.955343,0.495352,6,8,6
64390,1,1,2,5,1,3.954959,0.495298,6,8,6
64400,1,0,1,3,1,3.954728,0.495273,6,8,6
64410,4,2,2,9,1,3.954460,0.495244,6,8,6
64420,1,0,3,5,1,3.954605,0.495259,6,8,6
64430,0,0,0,1,1,3.954504,0.495253,6,8,6
64440,3,2,9,15,1,3.955468,0.495360,6,8,6
64450,0,0,0,1,1,3.956405,0.495476,6,8,6
64460,0,0,0,0,0,3.956052,0.495428,6,8,6
64470,0,0,1,2,1,3.955673,0.495388,6,8,6
64480,0,0,0,0,0,3.955591,0.495376,6,8,6
64490,1,3,8,13,1,3.955568,0.495362,6,8,6
64500,2,1,3,7,1,3.955368,0.495339,6,8,6
64510,0,0,2,3,1,3.955214,0.495338,6,8,6
64520,0,0,2,3,1,3.955122,0.495317,6,8,6
64530,3,0,0,4,1,3.954848,0.495277,6,8,6
64540,0,1,3,5,1,3.954538,0.495243,6,8,6
64550,1,1,1,4,1,3.954388,0.495231,6,8,6
64560,0,0,0,0,0,3.954215,0.495213,6,8,6
64570,0,1,0,2,1,3.953805,0.495171,6,8,6
64580,0,0,1,2,1,3.953653,0.495146,6,8,6
64590,12,6,1,20,1,3.955308,0.495339,6,8,6
64600,18,3,3,25,1,3.958746,0.495757,8,8,6
64610,0,5,1,7,1,3.959048,0.495807,8,8,6
64620,0,0,0,1,1,3.959382,0.495839,8,8,6
64630,1,0,1,3,1,3.959124,0.495799,8,8,6
64640,0,0,1,2,1,3.959036,0.495780,8,8,6
64650,5,5,9,20,1,3.959470,0.495817,8,8,6
64660,1,1,2,5,1,3.960169,0.495915,8,8,6
64670,1,0,6,8,1,3.960137,0.495911,8,8,6
64680,2,2,0,5,1,3.960035,0.495900,8,8,6
64690,2,8,2,13,1,3.960228,0.495933,8,8,6
64700,1,2,0,4,1,3.961515,0.496088,8,8,6
64710,0,0,0,0,0,3.961695,0.496115,8,8,6
64720,0,0,0,0,0,3.961388,0.496083,8,8,6
64730,4,1,0,6,1,3.961039,0.496038,8,8,6
64740,0,3,1,5,1,3.960752,0.496008,8,8,6
64750,1,1,2,5,1,3.961180,0.496058,8,8,6
64760,4,1,1,7,1,3.960962,0.496036,8,8,6
64770,2,5,0,8,1,3.961412,0.496090,8,8,6
64780,1,3,2,7,1,3.961403,0.496085,8,8,6
64790,2,1,3,7,1,3.961320,0.496075,8,8,6
64800,0,0,0,1,1,3.961353,0.496071,8,8,6
64810,3,0,1,5,1,3.961286,0.496057,8,8,6
64820,2,0,9,12,1,3.961299,0.496050,8,8,6
64830,0,0,0,1,1,3.961262,0.496041,8,8,6
64840,0,7,3,11,1,3.961708,0.496075,8,8,6
64850,1,0,2,4,1,3.961791,0.496092,8,8,6
64860,1,1,0,3,1,3.961586,0.496072,8,8,6
64870,0,0,0,1,1,3.961232,0.496036,8,8,6
64880,0,0,1,2,1,3.960975,0.496009,8,8,6
64890,2,3,3,9,1,3.960714,0.495980,8,8,6
64900,1,1,3,6,1,3.962318,0.496167,8,8,6
64910,10,5,3,19,1,3.962819,0.496221,8,8,6
64920,5,6,0,12,1,3.963917,0.496348,8,8,6
64930,0,1,1,3,1,3.964392,0.496401,8,8,6
64940,1,4,5,11,1,3.964625,0.496422,8,8,6
64950,0,0,0,0,0,3.964517,0.496405,8,8,6
64960,0,0,0,1,1,3.964285,0.496387,8,8,6
64970,4,0,3,8,1,3.964978,0.496458,8,8,6
64980,7,0,2,10,1,3.965420,0.496510,8,8,6
64990,0,0,0,1,1,3.965113,0.496483,8,8,6
65000,1,1,1,4,1,3.964730,0.496439,8,8,6
65010,1,1,2,5,1,3.964472,0.496400,8,8,6
65020,2,1,0,4,1,3.964449,0.496395,8,8,6
65030,0,1,0,2,1,3.964237,0.496364,8,8,6
65040,0,1,0,2,1,3.963955,0.496334,8,8,6
65050,1,0,0,2,1,3.963610,0.496293,8,8,6
65060,1,0,0,2,1,3.963141,0.496250,8,8,6
65070,0,0,0,1,1,3.962749,0.496208,8,8,6
65080,0,0,2,3,1,3.962573,0.496178,8,8,6
65090,5,0,0,6,1,3.962601,0.496172,8,8,6
65100,0,0,1,2,1,3.962682,0.496187,8,8,6
65110,3,4,1,9,1,3.962569,0.496169,8,8,6
65120,0,0,0,0,0,3.962667,0.496175,8,8,6
65130,0,0,2,3,1,3.962274,0.496135,8,8,6
65140,3,0,2,6,1,3.962119,0.496110,8,8,6
65150,3,7,2,13,1,3.962161,0.496113,8,8,6
65160,0,0,0,0,0,3.962202,0.496123,8,8,6
65170,2,7,0,10,1,3.962019,0.496093,8,8,6
65180,0,0,1,2,1,3.961915,0.496076,8,8,6
65190,0,0,0,1,1,3.961560,0.496043,8,8,6
65200,0,1,0,2,1,3.961169,0.496000,8,8,6
65210,0,0,0,0,0,3.960822,0.495968,8,8,6
65220,0,0,0,0,0,3.960361,0.495920,8,8,6
65230,0,0,0,0,0,3.960132,0.495908,8,8,6
65240,0,0,0,0,0,3.959841,0.495881,8,8,6
65250,3,0,8,12,1,3.959661,0.495852,8,8,6
65260,3,2,0,6,1,3.960158,0.495910,8,8,6
65270,1,0,0,2,1,3.959876,0.495890,8,8,6
65280,1,0,0,2,1,3.959566,0.495845,8,8,6
65290,0,0,0,0,0,3.959243,0.495814,8,8,6
65300,0,0,0,1,1,3.959098,0.495800,8,8,6
65310,0,0,2,3,1,3.958813,0.495759,8,8,6
65320,0,0,0,0,0,3.958711,0.495753,8,8,6
65330,0,0,0,1,1,3.958539,0.495740,8,8,6
65340,0,0,0,0,0,3.958623,0.495751,8,8,6
65350,0,1,1,3,1,3.958640,0.495753,8,8,6
65360,1,0,1,3,1,3.958684,0.495754,8,8,6
65370,0,0,0,0,0,3.958417,0.495728,8,8,6
65380,0,0,0,1,1,3.958202,0.495693,8,8,6
65390,1,0,2,4,1,3.957801,0.495646,8,8,6
65400,0,0,4,5,1,3.957792,0.495639,8,8,6
65410,2,6,9,18,1,3.958448,0.495700,8,8,6
65420,5,11,4,21,1,3.960387,0.495924,8,8,6
65430,6,3,4,14,1,3.961030,0.495998,8,8,6
65440,1,0,0,2,1,3.960954,0.495989,8,8,6
65450,1,1,1,4,1,3.960791,0.495973,8,8,6
65460,2,3,0,6,1,3.960548,0.495939,8,8,6
65470,0,1,0,2,1,3.960260,0.495918,8,8,6
65480,0,0,0,1,1,3.960367,0.495929,8,8,6
65490,0,1,1,3,1,3.960154,0.495894,8,8,6
65500,7,0,0,8,1,3.960636,0.495956,8,8,6
65510,0,0,0,0,0,3.960509,0.495944,8,8,6
65520,0,0,0,0,0,3.960223,0.495913,8,8,6
65530,0,0,2,3,1,3.959777,0.495867,8,8,6
65540,0,0,0,0,0,3.959755,0.495866,8,8,6
65550,2,1,7,11,1,3.960083,0.495899,8,8,6
65560,1,1,0,3,1,3.960468,0.495943,8,8,6
65570,1,0,2,4,1,3.960260,0.495909,8,8,6
65580,0,0,0,1,1,3.960050,0.495874,8,8,6
65590,0,0,0,0,0,3.959789,0.495848,8,8,6
65600,0,1,0,2,1,3.959400,0.495808,8,8,6
65610,1,4,2,8,1,3.959414,0.495794,8,8,6
65620,0,1,1,3,1,3.959467,0.495808,8,8,6
65630,0,0,0,0,0,3.959377,0.495792,8,8,6
65640,2,0,9,12,1,3.959588,0.495806,8,8,6
65650,3,0,0,4,1,3.959521,0.495811,8,8,6
65660,2,3,0,6,1,3.959269,0.495774,8,8,6
65670,0,2,3,6,1,3.959493,0.495792,8,8,6
65680,3,4,3,11,1,3.959703,0.495805,8,8,6
65690,6,0,4,11,1,3.959905,0.495818,8,8,6
65700,4,3,2,10,1,3.960168,0.495850,8,8,6
65710,0,0,1,2,1,3.960665,0.495917,8,8,6
65720,4,1,0,6,1,3.960369,0.495879,8,8,6
65730,0,0,0,0,0,3.960412,0.495881,8,8,6
65740,0,0,0,1,1,3.960248,0.495855,8,8,6
65750,2,0,1,4,1,3.959909,0.495825,8,8,6
65760,0,1,1,3,1,3.959570,0.495794,8,8,6
65770,0,2,0,3,1,3.959284,0.495761,8,8,6
65780,0,0,1,2,1,3.958883,0.495710,8,8,6
65790,0,0,1,2,1,3.958606,0.495684,8,8,6
65800,0,2,0,3,1,3.958169,0.495642,8,8,6
65810,1,1,0,3,1,3.957963,0.495612,8,8,6
65820,0,0,2,3,1,3.957975,0.495616,8,8,6
65830,0,2,0,3,1,3.957712,0.495579,8,8,6
65840,0,4,1,6,1,3.957573,0.495562,8,8,6
65850,1,3,0,5,1,3.958515,0.495673,8,8,6
65860,0,0,0,0,0,3.958406,0.495668,8,8,6
65870,4,2,2,9,1,3.958638,0.495688,8,8,6
65880,3,1,0,5,1,3.958553,0.495678,8,8,6
65890,6,2,8,17,1,3.959853,0.495834,8,8,6
65900,4,4,4,13,1,3.959979,0.495833,8,8,6
65910,2,7,1,11,1,3.961357,0.495998,8,8,6
65920,1,0,0,2,1,3.961259,0.496004,8,8,6
65930,7,2,0,10,1,3.961050,0.495974,8,8,6
65940,0,0,0,1,1,3.961392,0.496005,8,8,6
65950,0,1,0,2,1,3.961135,0.495974,8,8,6
65960,1,0,3,5,1,3.960938,0.495950,8,8,6
65970,0,0,2,3,1,3.961337,0.496005,8,8,6
65980,1,0,1,3,1,3.961413,0.496002,8,8,6
65990,1,0,0,2,1,3.961192,0.495983,8,8,6
66000,0,1,0,2,1,3.960999,0.495959,8,8,6
66010,0,0,0,1,1,3.960736,0.495933,8,8,6
66020,0,0,4,5,1,3.960688,0.495922,8,8,6
66030,3,3,0,7,1,3.960708,0.495917,8,8,6
66040,0,1,0,2,1,3.961143,0.495971,8,8,6
66050,0,0,0,1,1,3.960793,0.495920,8,8,6
66060,0,0,0,0,0,3.960393,0.495864,8,8,6
66070,2,2,3,8,1,3.960334,0.495837,8,8,6
66080,2,0,7,10,1,3.960249,0.495823,8,8,6
66090,0,1,4,6,1,3.960119,0.495806,8,8,6
66100,2,4,4,11,1,3.960302,0.495825,8,8,6
66110,0,1,4,6,1,3.960461,0.495838,8,8,6
66120,1,1,5,8,1,3.960744,0.495859,8,8,6
66130,1,1,2,5,1,3.960607,0.495829,8,8,6
66140,0,0,0,0,0,3.961036,0.495879,8,8,6
66150,0,0,2,3,1,3.960682,0.495837,8,8,6
66160,0,1,2,4,1,3.960486,0.495816,8,8,6
66170,1,3,1,6,1,3.960742,0.495840,8,8,6
66180,0,0,0,1,1,3.960631,0.495829,8,8,6
66190,0,0,3,4,1,3.960296,0.495790,8,8,6
66200,0,0,0,0,0,3.961050,0.495876,8,8,6
66210,0,0,0,0,0,3.960786,0.495850,8,8,6
66220,0,0,0,0,0,3.960712,0.495842,8,8,6
66230,1,2,1,5,1,3.961029,0.495875,8,8,6
66240,0,1,0,2,1,3.960954,0.495865,8,8,6
66250,0,0,0,1,1,3.960510,0.495823,8,8,6
66260,0,0,0,1,1,3.960253,0.495797,8,8,6
66270,7,2,2,12,1,3.961400,0.495929,8,8,6
66280,1,2,0,4,1,3.961107,0.495902,8,8,6
66290,0,0,0,1,1,3.960823,0.495877,8,8,6
66300,0,0,0,0,0,3.960378,0.495836,8,8,6
66310,0,1,0,2,1,3.960549,0.495850,8,8,6
66320,0,0,0,1,1,3.960196,0.495801,8,8,6
66330,0,0,1,2,1,3.959864,0.495771,8,8,6
66340,0,0,0,0,0,3.959543,0.495740,8,8,6
66350,0,4,1,6,1,3.959301,0.495705,8,8,6
66360,0,2,2,5,1,3.959108,0.495687,8,8,6
66370,0,0,0,1,1,3.958764,0.495654,8,8,6
66380,0,0,0,1,1,3.958525,0.495638,8,8,6
66390,3,1,0,5,1,3.958993,0.495689,8,8,6
66400,11,6,2,20,1,3.959759,0.495774,8,8,6
66410,0,1,0,2,1,3.959856,0.495787,8,8,6
66420,0,0,0,1,1,3.959674,0.495760,8,8,6
66430,1,2,1,5,1,3.959628,0.495749,8,8,6
66440,0,0,0,0,0,3.959637,0.495746,8,8,6
66450,0,2,0,3,1,3.959349,0.495716,8,8,6
66460,6,1,2,10,1,3.959096,0.495685,8,8,6
66470,0,0,0,1,1,3.959310,0.495701,8,8,6
66480,0,1,0,2,1,3.959020,0.495667,8,8,6
66490,1,3,4,9,1,3.959341,0.495697,8,8,6
66500,3,0,0,4,1,3.959647,0.495723,8,8,6
66510,0,0,0,0,0,3.959363,0.495694,8,8,6
66520,1,1,0,3,1,3.959268,0.495668,8,8,6
66530,0,0,2,3,1,3.959052,0.495647,8,8,6
66540,0,0,0,0,0,3.958868,0.495617,8,8,6
66550,0,2,2,5,1,3.958562,0.495580,8,8,6
66560,0,0,0,1,1,3.958462,0.495583,8,8,6
66570,0,0,0,1,1,3.958065,0.495543,8,8,6
66580,0,0,4,5,1,3.958571,0.495595,8,8,6
66590,0,2,0,3,1,3.958497,0.495589,8,8,6
66600,2,0,0,3,1,3.958306,0.495565,8,8,6
66610,0,0,0,1,1,3.958021,0.495533,8,8,6
66620,1,1,4,7,1,3.957643,0.495491,8,8,6
66630,0,0,0,0,0,3.957269,0.495466,8,8,6
66640,1,1,1,4,1,3.957147,0.495455,8,8,6
66650,0,0,0,0,0,3.957084,0.495457,8,8,6
66660,0,0,0,0,0,3.956714,0.495419,8,8,6
66670,1,0,4,6,1,3.956636,0.495409,8,8,6
66680,0,0,0,1,1,3.956496,0.495388,8,8,6
66690,1,0,2,4,1,3.956264,0.495362,8,8,6
66700,0,0,0,0,0,3.956641,0.495403,8,8,6
66710,0,0,0,0,0,3.956424,0.495380,8,8,6
66720,0,0,0,0,0,3.956479,0.495390,8,8,6
66730,0,1,0,2,1,3.956234,0.495353,8,8,6
66740,2,2,2,7,1,3.955830,0.495309,8,8,6
66750,1,1,1,4,1,3.955477,0.495278,8,8,6
66760,0,0,0,1,1,3.955155,0.495240,8,8,6
66770,0,0,0,0,0,3.954911,0.495202,8,8,6
66780,0,0,0,1,1,3.954639,0.495168,8,8,6
66790,1,0,0,2,1,3.954233,0.495133,8,8,6
66800,0,0,0,1,1,3.953898,0.495097,8,8,6
66810,0,0,0,1,1,3.953591,0.495070,8,8,6
66820,0,0,0,1,1,3.953547,0.495055,8,8,6
66830,0,2,0,3,1,3.953492,0.495042,8,8,6
66840,0,0,1,2,1,3.953298,0.495025,8,8,6
66850,0,0,0,0,0,3.952944,0.494996,8,8,6
66860,0,0,1,2,1,3.952515,0.494946,8,8,6
66870,1,1,3,6,1,3.953255,0.495030,8,8,6
66880,1,2,0,4,1,3.953078,0.495013,8,8,6
66890,0,0,0,0,0,3.952794,0.494985,8,8,6
66900,1,0,1,3,1,3.952889,0.494998,8,8,6
66910,0,0,0,0,0,3.953082,0.495028,8,8,6
66920,0,0,0,1,1,3.952971,0.495010,8,8,6
66930,0,0,0,0,0,3.952651,0.494967,8,8,6
66940,5,3,6,15,1,3.953292,0.495033,8,8,6
66950,10,5,0,16,1,3.954597,0.495176,8,8,6
66960,4,0,0,5,1,3.954998,0.495229,8,8,6
66970,2,10,7,20,1,3.956370,0.495378,8,8,6
66980,0,0,0,0,0,3.956872,0.495450,8,8,6
66990,5,4,2,12,1,3.956632,0.495417,8,8,6
67000,3,1,2,7,1,3.957301,0.495495,8,8,6
67010,0,0,0,1,1,3.957590,0.495526,8,8,6
67020,0,0,2,3,1,3.957262,0.495488,8,8,6
67030,2,1,1,5,1,3.957196,0.495466,8,8,6
67040,0,0,5,6,1,3.957002,0.495435,8,8,6
67050,2,0,0,3,1,3.957083,0.495449,8,8,6
67060,2,1,0,4,1,3.956970,0.495440,8,8,6
67070,0,0,0,1,1,3.958042,0.495575,8,8,6
67080,2,8,3,14,1,3.957925,0.495559,8,8,6
67090,8,1,2,12,1,3.958600,0.495644,8,8,6
67100,2,0,1,4,1,3.958899,0.495677,8,8,6
67110,2,0,0,3,1,3.958528,0.495627,8,8,6
67120,0,0,0,0,0,3.958499,0.495625,8,8,6
67130,0,0,0,1,1,3.958119,0.495585,8,8,6
67140,3,2,3,9,1,3.957789,0.495550,8,8,6
67150,0,0,0,0,0,3.958209,0.495605,8,8,6
67160,2,14,3,20,1,3.960057,0.495825,8,8,6
67170,2,6,2,11,1,3.962203,0.496091,8,8,6
67180,0,0,0,0,0,3.962192,0.496089,8,8,6
67190,1,0,1,3,1,3.961839,0.496047,8,8,6
67200,1,2,3,7,1,3.962005,0.496062,8,8,6
67210,0,0,0,1,1,3.961688,0.496022,8,8,6
67220,0,2,0,3,1,3.961406,0.495988,8,8,6
67230,0,0,0,1,1,3.961246,0.495970,8,8,6
67240,0,0,0,1,1,3.961119,0.495945,8,8,6
67250,3,6,2,12,1,3.961037,0.495918,8,8,6
67260,1,2,0,4,1,3.961009,0.495923,8,8,6
67270,1,1,0,3,1,3.960668,0.495886,8,8,6
67280,0,2,0,3,1,3.960668,0.495891,8,8,6
67290,0,0,1,2,1,3.960905,0.495911,8,8,6
67300,3,9,2,15,1,3.961582,0.495982,8,8,6
67310,0,1,0,2,1,3.962192,0.496064,8,8,6
67320,0,0,0,0,0,3.962255,0.496060,8,8,6
67330,0,0,0,0,0,3.962224,0.496051,8,8,6
67340,0,1,1,3,1,3.962037,0.496036,8,8,6
67350,1,0,0,2,1,3.961651,0.496000,8,8,6
67360,0,0,0,0,0,3.961306,0.495964,8,8,6
67370,0,0,0,0,0,3.961249,0.495960,8,8,6
67380,0,0,0,0,0,3.960890,0.495917,8,8,6
67390,2,2,1,6,1,3.960657,0.495879,8,8,6
67400,3,10,10,24,1,3.962877,0.496143,8,8,6
67410,0,0,0,0,0,3.963576,0.496237,8,8,6
67420,0,0,0,0,0,3.963826,0.496271,8,8,6
67430,1,0,0,2,1,3.964101,0.496290,8,8,6
67440,2,1,0,4,1,3.964545,0.496333,8,8,6
67450,5,0,2,8,1,3.964399,0.496310,8,8,6
67460,1,1,0,3,1,3.964148,0.496284,8,8,6
67470,2,3,3,9,1,3.964344,0.496301,8,8,6
67480,5,3,4,13,1,3.966126,0.496512,8,8,6
67490,0,0,0,0,0,3.966634,0.496577,8,8,6
67500,1,2,1,5,1,3.966570,0.496566,8,8,6
67510,4,5,7,17,1,3.967033,0.496618,8,8,6
67520,3,3,3,10,1,3.967705,0.496688,8,8,6
67530,0,0,0,1,1,3.967634,0.496677,8,8,6
67540,1,0,0,2,1,3.967863,0.496711,8,8,6
67550,1,2,1,5,1,3.967935,0.496713,8,8,6
67560,0,0,0,1,1,3.968053,0.496729,8,8,6
67570,0,0,0,0,0,3.967954,0.496723,8,8,6
67580,0,0,0,1,1,3.967748,0.496702,8,8,6
67590,1,2,4,8,1,3.967607,0.496679,8,8,6
67600,0,0,0,0,0,3.967515,0.496669,8,8,6
67610,4,5,2,12,1,3.967790,0.496706,8,8,6
67620,0,1,2,4,1,3.968004,0.496732,8,8,6
67630,0,0,0,1,1,3.967865,0.496718,8,8,6
67640,0,0,0,1,1,3.967604,0.496692,8,8,6
67650,0,0,0,0,0,3.967278,0.496649,8,8,6
67660,0,0,0,1,1,3.967014,0.496618,8,8,6
67670,0,4,0,5,1,3.966740,0.496587,8,8,6
67680,4,1,6,12,1,3.967049,0.496613,8,8,6
67690,2,0,0,3,1,3.967036,0.496616,8,8,6
67700,2,0,2,5,1,3.966746,0.496582,8,8,6
67710,3,1,2,7,1,3.966700,0.496572,8,8,6
67720,0,0,0,0,0,3.966693,0.496577,8,8,6
67730,1,3,1,6,1,3.966748,0.496574,8,8,6
67740,1,3,3,8,1,3.966462,0.496543,8,8,6
67750,1,4,3,9,1,3.966624,0.496552,8,8,6
67760,1,0,0,2,1,3.966772,0.496577,8,8,6
67770,0,0,0,1,1,3.966474,0.496552,8,8,6
67780,5,0,1,7,1,3.966211,0.496520,8,8,6
67790,1,0,6,8,1,3.965964,0.496493,8,8,6
67800,0,0,0,1,1,3.965690,0.496464,8,8,6
67810,0,0,0,1,1,3.965625,0.496456,8,8,6
67820,2,0,0,3,1,3.965207,0.496410,8,8,6
67830,0,0,0,0,0,3.964787,0.496380,8,8,6
67840,1,2,2,6,1,3.964891,0.496393,8,8,6
67850,0,0,1,2,1,3.964562,0.496358,8,8,6
67860,1,0,0,2,1,3.964204,0.496322,8,8,6
67870,0,0,0,0,0,3.963744,0.496285,8,8,6
67880,5,6,0,12,1,3.964303,0.496346,8,8,6
67890,2,0,4,7,1,3.964641,0.496384,8,8,6
67900,3,1,0,5,1,3.964807,0.496399,8,8,6
67910,0,0,0,1,1,3.965504,0.496486,8,8,6
67920,0,2,4,7,1,3.966066,0.496542,8,8,6
67930,0,0,0,0,0,3.967179,0.496681,8,8,6
67940,0,0,0,1,1,3.966836,0.496639,8,8,6
67950,0,0,0,0,0,3.966596,0.496616,8,8,6
67960,3,4,1,9,1,3.966342,0.496579,8,8,6
67970,0,5,4,10,1,3.966518,0.496588,8,8,6
67980,1,0,3,5,1,3.966333,0.496564,8,8,6
67990,0,2,3,6,1,3.966127,0.496536,8,8,6
68000,1,1,0,3,1,3.965995,0.496521,8,8,6
68010,6,3,1,11,1,3.966272,0.496554,8,8,6
68020,6,1,6,14,1,3.967930,0.496756,8,8,6
68030,2,4,3,10,1,3.968253,0.496787,8,8,6
68040,0,0,0,1,1,3.968459,0.496818,8,8,6
68050,0,0,0,0,0,3.968198,0.496788,8,8,6
68060,0,0,0,0,0,3.968094,0.496766,8,8,6
68070,1,0,2,4,1,3.967883,0.496741,8,8,6
68080,1,2,0,4,1,3.967512,0.496701,8,8,6
68090,2,3,0,6,1,3.967391,0.496695,8,8,6
68100,0,1,0,2,1,3.967377,0.496701,8,8,6
68110,0,0,0,0,0,3.967017,0.496672,8,8,6
68120,0,0,1,2,1,3.967358,0.496709,8,8,6
68130,1,11,4,17,1,3.967779,0.496744,8,8,6
68140,0,8,11,20,1,3.970116,0.497019,8,8,6
68150,7,3,2,13,1,3.971900,0.497235,8,8,6
68160,0,1,0,2,1,3.972031,0.497249,8,8,6
68170,0,1,0,2,1,3.971677,0.497211,8,8,6
68180,1,1,1,4,1,3.971975,0.497264,8,8,6
68190,0,0,0,1,1,3.972261,0.497302,8,8,6
68200,0,0,0,0,0,3.972113,0.497291,8,8,6
68210,0,0,0,1,1,3.971849,0.497263,8,8,6
68220,6,0,6,13,1,3.972196,0.497282,8,8,6
68230,0,0,0,0,0,3.972565,0.497331,8,8,6
68240,3,3,1,8,1,3.972412,0.497303,8,8,6
68250,0,0,0,0,0,3.972196,0.497287,8,8,6
68260,0,0,0,0,0,3.971960,0.497269,8,8,6
68270,2,0,0,3,1,3.971656,0.497227,8,8,6
68280,0,1,0,2,1,3.971560,0.497218,8,8,6
68290,0,0,0,0,0,3.971355,0.497190,8,8,6
68300,0,0,0,0,0,3.971170,0.497170,8,8,6
68310,0,0,1,2,1,3.970945,0.497148,8,8,6
68320,1,0,0,2,1,3.970571,0.497112,8,8,6
68330,1,1,1,4,1,3.970243,0.497076,8,8,6
68340,0,0,2,3,1,3.969914,0.497035,8,8,6
68350,1,1,3,6,1,3.970040,0.497043,8,8,6
68360,4,2,5,12,1,3.970938,0.497154,8,8,6
68370,0,0,0,0,0,3.972222,0.497299,8,8,6
68380,0,1,2,4,1,3.972240,0.497297,8,8,6
68390,0,3,2,6,1,3.972584,0.497328,8,8,6
68400,0,0,0,0,0,3.972335,0.497298,8,8,6
68410,0,0,0,0,0,3.972137,0.497272,8,8,6
68420,1,0,1,3,1,3.971760,0.497233,8,8,6
68430,5,0,0,6,1,3.971562,0.497220,8,8,6
68440,1,0,0,2,1,3.971308,0.497195,8,8,6
68450,5,4,8,18,1,3.972324,0.497302,8,8,6
68460,1,1,2,5,1,3.972802,0.497358,8,8,6
68470,1,1,1,4,1,3.972665,0.497344,8,8,6
68480,1,0,0,2,1,3.972371,0.497313,8,8,6
68490,2,0,0,3,1,3.972739,0.497355,8,8,6
68500,0,0,0,0,0,3.972368,0.497314,8,8,6
68510,6,0,7,14,1,3.972666,0.497344,8,8,6
68520,0,3,3,7,1,3.974164,0.497526,8,8,6
68530,1,3,0,5,1,3.974057,0.497503,8,8,6
68540,4,2,6,13,1,3.974290,0.497519,8,8,6
68550,1,1,0,3,1,3.974337,0.497528,8,8,6
68560,1,0,0,2,1,3.974206,0.497509,8,8,6
68570,0,1,0,2,1,3.974160,0.497501,8,8,6
68580,0,1,0,2,1,3.974831,0.497559,8,8,6
68590,8,1,4,14,1,3.974824,0.497547,8,8,6
68600,1,0,0,2,1,3.974775,0.497546,8,8,6
68610,2,1,1,5,1,3.974757,0.497541,8,8,6
68620,0,0,0,0,0,3.974341,0.497498,8,8,6
68630,0,1,3,5,1,3.974948,0.497567,8,8,6
68640,0,0,0,1,1,3.974782,0.497553,8,8,6
68650,5,4,1,11,1,3.974662,0.497531,8,8,6
68660,1,0,1,3,1,3.974897,0.497570,8,8,6
68670,0,0,0,0,0,3.974775,0.497550,8,8,6
68680,0,0,0,1,1,3.974457,0.497511,8,8,6
68690,0,0,0,0,0,3.974413,0.497510,8,8,6
68700,1,0,2,4,1,3.974302,0.497490,8,8,6
68710,0,0,1,2,1,3.973963,0.497457,8,8,6
68720,0,1,0,2,1,3.973673,0.497414,8,8,6
68730,3,4,6,14,1,3.973997,0.497452,8,8,6
68740,0,0,0,1,1,3.973718,0.497421,8,8,6
68750,1,1,0,3,1,3.973611,0.497395,8,8,6
68760,0,0,0,1,1,3.973250,0.497363,8,8,6
68770,0,0,0,0,0,3.972846,0.497322,8,8,6
68780,2,1,0,4,1,3.972466,0.497290,8,8,6
68790,1,3,4,9,1,3.972427,0.497283,8,8,6
68800,1,8,0,10,1,3.972468,0.497291,8,8,6
68810,1,6,0,8,1,3.972703,0.497323,8,8,6
68820,0,1,1,3,1,3.972352,0.497299,8,8,6
68830,0,0,0,0,0,3.972079,0.497273,8,8,6
68840,0,0,0,0,0,3.971706,0.497232,8,8,6
68850,0,0,0,0,0,3.971609,0.497218,8,8,6
68860,2,0,2,5,1,3.971327,0.497186,8,8,6
68870,0,2,1,4,1,3.971318,0.497180,8,8,6
68880,1,1,3,6,1,3.971010,0.497150,8,8,6
68890,1,2,3,7,1,3.971367,0.497194,8,8,6
68900,0,0,0,0,0,3.971211,0.497192,8,8,6
68910,3,0,0,4,1,3.970978,0.497157,8,8,6
68920,0,0,0,0,0,3.970653,0.497122,8,8,6
68930,0,0,0,1,1,3.970222,0.497075,8,8,6
68940,1,1,1,4,1,3.969815,0.497028,8,8,6
68950,0,1,2,4,1,3.969742,0.497019,8,8,6
68960,4,1,6,12,1,3.970431,0.497096,8,8,6
68970,4,3,1,9,1,3.971186,0.497183,8,8,6
68980,1,2,1,5,1,3.971141,0.497182,8,8,6
68990,1,0,1,3,1,3.971018,0.497164,8,8,6
69000,0,0,0,0,0,3.970887,0.497146,8,8,6
69010,0,0,0,0,0,3.971092,0.497173,8,8,6
69020,3,4,0,8,1,3.971455,0.497210,8,8,6
69030,0,0,0,0,0,3.971173,0.497178,8,8,6
69040,0,0,0,0,0,3.970964,0.497147,8,8,6
69050,0,0,0,0,0,3.970630,0.497101,8,8,6
69060,2,1,1,5,1,3.970268,0.497062,8,8,6
69070,0,0,3,4,1,3.970470,0.497082,8,8,6
69080,4,0,1,6,1,3.971198,0.497173,8,8,6
69090,2,1,2,6,1,3.971328,0.497187,8,8,6
69100,0,0,0,0,0,3.971110,0.497160,8,8,6
69110,1,1,0,3,1,3.971386,0.497174,8,8,6
69120,0,0,0,1,1,3.971164,0.497155,8,8,6
69130,1,1,1,4,1,3.971338,0.497182,8,8,6
69140,0,0,0,1,1,3.971181,0.497175,8,8,6
69150,0,0,2,3,1,3.970984,0.497160,8,8,6
69160,0,0,0,0,0,3.970617,0.497124,8,8,6
69170,0,0,0,0,0,3.970258,0.497088,8,8,6
69180,1,0,0,2,1,3.970041,0.497066,8,8,6
69190,0,7,5,13,1,3.970033,0.497064,8,8,6
69200,0,0,0,1,1,3.971269,0.497229,8,8,6
69210,1,0,2,4,1,3.970970,0.497198,8,8,6
69220,0,0,0,1,1,3.970615,0.497163,8,8,6
69230,0,0,0,1,1,3.970539,0.497162,8,8,6
69240,0,1,0,2,1,3.970248,0.497130,8,8,6
69250,4,0,2,7,1,3.969968,0.497102,8,8,6
69260,0,0,0,1,1,3.969715,0.497072,8,8,6
69270,2,3,2,8,1,3.969513,0.497053,8,8,6
69280,3,3,0,7,1,3.969887,0.497092,8,8,6
69290,9,1,1,12,1,3.971637,0.497302,8,8,6
69300,0,3,3,7,1,3.971684,0.497305,8,8,6
69310,3,2,2,8,1,3.971458,0.497272,8,8,6
69320,0,0,0,0,0,3.971720,0.497307,8,8,6
69330,0,0,0,1,1,3.971816,0.497321,8,8,6
69340,0,1,0,2,1,3.971497,0.497288,8,8,6
69350,0,0,0,0,0,3.971352,0.497278,8,8,6
69360,1,0,0,2,1,3.971442,0.497277,8,8,6
69370,2,1,0,4,1,3.971500,0.497283,8,8,6
69380,0,3,1,5,1,3.971438,0.497270,8,8,6
69390,0,0,0,0,0,3.971283,0.497254,8,8,6
69400,0,0,0,1,1,3.970990,0.497222,8,8,6
69410,1,0,3,5,1,3.970634,0.497174,8,8,6
69420,2,1,1,5,1,3.970405,0.497156,8,8,6
69430,2,1,1,5,1,3.970492,0.497149,8,8,6
69440,1,2,0,4,1,3.970614,0.497157,8,8,6
69450,0,0,0,0,0,3.970374,0.497139,8,8,6
69460,3,3,3,10,1,3.970884,0.497190,8,8,6
69470,2,0,1,4,1,3.972691,0.497411,8,8,6
69480,0,0,8,9,1,3.973030,0.497448,8,8,6
69490,0,0,1,2,1,3.973095,0.497452,8,8,6
69500,0,4,0,5,1,3.973131,0.497450,8,8,6
69510,6,1,3,11,1,3.973020,0.497451,8,8,6
69520,2,2,2,7,1,3.973050,0.497459,8,8,6
69530,0,0,0,1,1,3.973136,0.497474,8,8,6
69540,3,1,0,5,1,3.972862,0.497432,8,8,6
69550,0,2,0,3,1,3.972807,0.497429,8,8,6
69560,0,3,2,6,1,3.972678,0.497414,8,8,6
69570,1,0,0,2,1,3.972687,0.497410,8,8,6
69580,0,0,0,0,0,3.972524,0.497387,8,8,6
69590,1,0,4,6,1,3.972383,0.497378,8,8,6
69600,0,0,0,1,1,3.972129,0.497355,8,8,6
69610,0,0,0,1,1,3.971863,0.497327,8,8,6
69620,1,0,0,2,1,3.971689,0.497310,8,8,6
69630,1,1,0,3,1,3.971383,0.497286,8,8,6
69640,1,0,0,2,1,3.971043,0.497244,8,8,6
69650,0,0,1,2,1,3.970707,0.497203,8,8,6
69660,0,0,1,2,1,3.970295,0.497163,8,8,6
69670,0,0,0,0,0,3.969993,0.497133,8,8,6
69680,1,0,0,2,1,3.969697,0.497099,8,8,6
69690,0,0,0,0,0,3.969466,0.497070,8,8,6
69700,1,1,0,3,1,3.969274,0.497044,8,8,6
69710,2,5,1,9,1,3.969280,0.497031,8,8,6
69720,0,0,5,6,1,3.969724,0.497078,8,8,6
69730,6,2,3,12,1,3.969842,0.497092,8,8,6
69740,0,2,1,4,1,3.970336,0.497159,8,8,6
69750,1,0,0,2,1,3.970431,0.497165,8,8,6
69760,2,3,3,9,1,3.970199,0.497144,8,8,6
69770,7,3,2,13,1,3.970760,0.497211,8,8,6
69780,0,2,0,3,1,3.970745,0.497202,8,8,6
69790,0,0,0,0,0,3.970871,0.497218,8,8,6
69800,2,2,0,5,1,3.970839,0.497208,8,8,6
69810,0,0,1,2,1,3.970461,0.497165,8,8,6
69820,0,0,0,1,1,3.970144,0.497120,8,8,6
69830,0,0,0,0,0,3.969828,0.497083,8,8,6
69840,0,0,0,0,0,3.969456,0.497044,8,8,6
69850,0,0,1,2,1,3.969181,0.497012,8,8,6
69860,0,0,0,1,1,3.968839,0.496990,8,8,6
69870,3,5,4,13,1,3.969071,0.497003,8,8,6
69880,2,7,1,11,1,3.970527,0.497179,8,8,6
69890,0,1,0,2,1,3.970508,0.497183,8,8,6
69900,2,3,1,7,1,3.970231,0.497150,8,8,6
69910,0,0,1,2,1,3.970051,0.497123,8,8,6
69920,1,3,0,5,1,3.969791,0.497089,8,8,6
69930,4,3,0,8,1,3.969643,0.497072,8,8,6
69940,0,1,1,3,1,3.969414,0.497048,8,8,6
69950,0,0,0,1,1,3.969422,0.497041,8,8,6
69960,0,0,0,0,0,3.969212,0.497013,8,8,6
69970,1,0,0,2,1,3.969037,0.496999,8,8,6
69980,2,5,1,9,1,3.970756,0.497194,8,8,6
69990,2,2,1,6,1,3.970887,0.497209,8,8,6
70000,7,1,2,11,1,3.970848,0.497201,8,8,6
70010,0,0,0,0,0,3.970688,0.497202,8,8,6
70020,3,0,4,8,1,3.970508,0.497181,8,8,6
70030,0,0,0,0,0,3.970655,0.497204,8,8,6
70040,2,0,2,5,1,3.970406,0.497174,8,8,6
70050,0,0,7,8,1,3.970361,0.497177,8,8,6
70060,1,0,0,2,1,3.970089,0.497140,8,8,6
70070,0,0,0,1,1,3.969898,0.497114,8,8,6
70080,0,0,0,1,1,3.969565,0.497091,8,8,6
70090,0,0,0,0,0,3.969354,0.497064,8,8,6
70100,0,0,0,0,0,3.969026,0.497026,8,8,6
70110,0,0,0,0,0,3.968782,0.496990,8,8,6
70120,0,0,1,2,1,3.968440,0.496944,8,8,6
70130,0,2,1,4,1,3.968317,0.496934,8,8,6
70140,7,0,6,14,1,3.968510,0.496954,8,8,6
70150,0,1,1,3,1,3.968702,0.496988,8,8,6
70160,2,0,1,4,1,3.969327,0.497046,8,8,6
70170,2,0,1,4,1,3.969024,0.497010,8,8,6
70180,0,3,1,5,1,3.968844,0.496993,8,8,6
70190,0,0,0,0,0,3.968567,0.496962,8,8,6
70200,0,0,0,0,0,3.968250,0.496922,8,8,6
70210,1,1,1,4,1,3.968022,0.496909,8,8,6
70220,3,2,4,10,1,3.968037,0.496913,8,8,6
70230,7,1,1,10,1,3.968920,0.497019,8,8,6
70240,0,0,0,1,1,3.968784,0.496998,8,8,6
70250,0,0,1,2,1,3.968542,0.496965,8,8,6
70260,0,0,0,0,0,3.968742,0.496995,8,8,6
70270,1,0,0,2,1,3.968749,0.496995,8,8,6
70280,0,0,1,2,1,3.968663,0.496995,8,8,6
70290,1,1,4,7,1,3.968419,0.496965,8,8,6
70300,0,0,0,1,1,3.968018,0.496921,8,8,6
70310,0,0,0,1,1,3.967838,0.496897,8,8,6
70320,2,0,0,3,1,3.968030,0.496923,8,8,6
70330,0,0,0,0,0,3.967831,0.496903,8,8,6
70340,0,0,0,0,0,3.967519,0.496856,8,8,6
70350,6,6,3,16,1,3.968501,0.496954,8,8,6
70360,0,0,0,1,1,3.968763,0.496985,8,8,6
70370,1,1,0,3,1,3.968639,0.496969,8,8,6
70380,6,5,4,16,1,3.969387,0.497051,8,8,6
70390,0,0,0,0,0,3.969864,0.497117,8,8,6
70400,0,1,0,2,1,3.969736,0.497090,8,8,6
70410,1,0,2,4,1,3.969593,0.497081,8,8,6
70420,0,0,1,2,1,3.969512,0.497067,8,8,6
70430,1,2,3,7,1,3.969313,0.497031,8,8,6
70440,0,0,0,1,1,3.969150,0.497012,8,8,6
70450,0,0,1,2,1,3.968893,0.496985,8,8,6
70460,4,1,4,10,1,3.969133,0.497008,8,8,6
70470,0,0,0,0,0,3.969362,0.497041,8,8,6
70480,4,7,3,15,1,3.969325,0.497037,8,8,6
70490,1,0,2,4,1,3.970324,0.497155,8,8,6
70500,0,3,5,9,1,3.970225,0.497133,8,8,6
70510,0,0,0,1,1,3.970655,0.497175,8,8,6
70520,0,0,0,1,1,3.970414,0.497140,8,8,6
70530,3,4,2,10,1,3.970260,0.497127,8,8,6
70540,0,0,0,0,0,3.969979,0.497099,8,8,6
70550,1,1,0,3,1,3.969775,0.497088,8,8,6
70560,1,2,0,4,1,3.970232,0.497128,8,8,6
70570,0,0,0,1,1,3.969856,0.497085,8,8,6
70580,2,0,1,4,1,3.969557,0.497047,8,8,6
70590,8,3,1,13,1,3.969564,0.497047,8,8,6
70600,0,0,0,0,0,3.969780,0.497082,8,8,6
70610,0,1,2,4,1,3.969905,0.497093,8,8,6
70620,0,0,0,1,1,3.969783,0.497078,8,8,6
70630,2,5,1,9,1,3.969559,0.497044,8,8,6
70640,2,0,1,4,1,3.969829,0.497073,8,8,6
70650,1,1,0,3,1,3.969615,0.497049,8,8,6
70660,0,1,1,3,1,3.969389,0.497011,8,8,6
70670,0,0,0,1,1,3.969444,0.497014,8,8,6
70680,0,0,0,0,0,3.969182,0.496984,8,8,6
70690,1,2,1,5,1,3.968991,0.496947,8,8,6
70700,0,0,0,1,1,3.969020,0.496951,8,8,6
70710,0,0,0,0,0,3.968613,0.496914,8,8,6
70720,0,0,0,0,0,3.968290,0.496884,8,8,6
70730,0,0,0,0,0,3.967974,0.496850,8,8,6
70740,0,0,0,1,1,3.967763,0.496825,8,8,6
70750,0,0,0,1,1,3.967625,0.496809,8,8,6
70760,5,3,0,9,1,3.967691,0.496808,8,8,6
70770,0,0,0,1,1,3.967570,0.496804,8,8,6
70780,1,0,7,9,1,3.968010,0.496847,8,8,6
70790,1,1,0,3,1,3.968085,0.496863,8,8,6
70800,1,1,0,3,1,3.967894,0.496837,8,8,6
70810,5,1,2,9,1,3.968199,0.496867,8,8,6
70820,0,0,0,0,0,3.968379,0.496893,8,8,6
70830,0,0,0,1,1,3.968020,0.496844,8,8,6
70840,0,0,0,0,0,3.967811,0.496807,8,8,6
70850,1,0,2,4,1,3.967688,0.496794,8,8,6
70860,0,0,0,0,0,3.967440,0.496770,8,8,6
70870,0,0,0,0,0,3.967455,0.496769,8,8,6
70880,0,2,2,5,1,3.967181,0.496734,8,8,6
70890,0,0,0,0,0,3.967174,0.496727,8,8,6
70900,1,0,0,2,1,3.967004,0.496707,8,8,6
70910,6,13,4,24,1,3.967926,0.496802,8,8,6
70920,0,0,0,1,1,3.967995,0.496825,8,8,6
70930,1,0,0,2,1,3.967691,0.496792,8,8,6
70940,0,0,0,1,1,3.967438,0.496771,8,8,6
70950,0,0,0,1,1,3.967286,0.496741,8,8,6
70960,0,0,0,1,1,3.966946,0.496705,8,8,6
70970,0,1,1,3,1,3.966903,0.496696,8,8,6
70980,2,1,4,8,1,3.966871,0.496692,8,8,6
70990,0,1,2,4,1,3.966748,0.496675,8,8,6
71000,4,1,1,7,1,3.966688,0.496666,8,8,6
71010,1,2,3,7,1,3.966993,0.496706,8,8,6
71020,0,2,0,3,1,3.966915,0.496696,8,8,6
71030,0,0,0,0,0,3.966863,0.496695,8,8,6
71040,5,0,3,9,1,3.967516,0.496758,8,8,6
71050,0,0,0,1,1,3.967684,0.496788,8,8,6
71060,0,0,0,1,1,3.967589,0.496775,8,8,6
71070,1,0,0,2,1,3.967329,0.496742,8,8,6
71080,0,0,0,1,1,3.966882,0.496704,8,8,6
71090,1,0,1,3,1,3.966864,0.496690,8,8,6
71100,0,3,0,4,1,3.966939,0.496699,8,8,6
71110,1,2,0,4,1,3.966903,0.496700,8,8,6
71120,2,0,1,4,1,3.967000,0.496702,8,8,6
71130,2,5,2,10,1,3.967230,0.496719,8,8,6
71140,0,0,0,0,0,3.967056,0.496702,8,8,6
71150,0,0,0,1,1,3.966778,0.496687,8,8,6
71160,1,1,0,3,1,3.966453,0.496643,8,8,6
71170,1,0,0,2,1,3.966367,0.496631,8,8,6
71180,2,0,1,4,1,3.966329,0.496623,8,8,6
71190,0,0,1,2,1,3.966284,0.496613,8,8,6
71200,0,2,1,4,1,3.966654,0.496654,8,8,6
71210,0,0,0,0,0,3.966259,0.496610,8,8,6
71220,0,0,0,1,1,3.966040,0.496593,8,8,6
71230,2,1,5,9,1,3.965871,0.496562,8,8,6
71240,0,2,1,4,1,3.965890,0.496572,8,8,6
71250,3,2,2,8,1,3.965651,0.496533,8,8,6
71260,4,3,5,13,1,3.965736,0.496550,8,8,6
71270,4,2,2,9,1,3.965785,0.496554,8,8,6
71280,0,3,1,5,1,3.965845,0.496562,8,8,6
71290,0,0,0,0,0,3.965555,0.496526,8,8,6
71300,1,0,0,2,1,3.965447,0.496513,8,8,6
71310,0,0,1,2,1,3.965109,0.496477,8,8,6
71320,0,5,2,8,1,3.964870,0.496447,8,8,6
71330,0,0,0,0,0,3.964796,0.496431,8,8,6
71340,0,1,0,2,1,3.964368,0.496373,8,8,6
71350,1,0,2,4,1,3.964118,0.496344,8,8,6
71360,0,2,0,3,1,3.963859,0.496314,8,8,6
71370,0,2,0,3,1,3.963600,0.496291,8,8,6
71380,0,0,0,0,0,3.963592,0.496293,8,8,6
71390,2,3,3,9,1,3.963610,0.496291,8,8,6
71400,0,1,1,3,1,3.963530,0.496282,8,8,6
71410,0,0,0,1,1,3.963248,0.496256,8,8,6
71420,1,4,1,7,1,3.962892,0.496220,8,8,6
71430,1,0,3,5,1,3.962885,0.496235,8,8,6
71440,0,0,0,1,1,3.962749,0.496223,8,8,6
71450,0,0,0,1,1,3.962508,0.496186,8,8,6
71460,0,2,9,12,1,3.962459,0.496168,8,8,6
71470,0,0,0,1,1,3.962774,0.496212,8,8,6
71480,0,0,0,0,0,3.962842,0.496217,8,8,6
71490,0,0,0,0,0,3.962576,0.496190,8,8,6
71500,2,0,1,4,1,3.962550,0.496183,8,8,6
71510,0,0,0,0,0,3.962523,0.496188,8,8,6
71520,1,0,2,4,1,3.962189,0.496150,8,8,6
71530,0,0,0,0,0,3.961909,0.496127,8,8,6
71540,0,0,1,2,1,3.961763,0.496106,8,8,6
71550,2,0,0,3,1,3.961877,0.496107,8,8,6
71560,0,1,1,3,1,3.961813,0.496098,8,8,6
71570,1,0,0,2,1,3.961740,0.496080,8,8,6
71580,0,2,2,5,1,3.961437,0.496044,8,8,6
71590,3,7,11,22,1,3.962148,0.496127,8,8,6
71600,0,0,0,0,0,3.963174,0.496268,8,8,6
71610,0,0,0,1,1,3.962809,0.496238,8,8,6
71620,1,1,2,5,1,3.962642,0.496215,8,8,6
71630,0,0,0,1,1,3.963240,0.496289,8,8,6
71640,0,1,0,2,1,3.963275,0.496276,8,8,6
71650,3,0,4,8,1,3.962978,0.496221,8,8,6
71660,2,0,0,3,1,3.962920,0.496216,8,8,6
71670,0,1,2,4,1,3.962761,0.496191,8,8,6
71680,0,0,0,0,0,3.962387,0.496151,8,8,6
71690,3,1,2,7,1,3.962879,0.496204,8,8,6
71700,2,1,1,5,1,3.963096,0.496232,8,8,6
71710,3,3,2,9,1,3.963445,0.496267,8,8,6
71720,0,2,3,6,1,3.963645,0.496288,8,8,6
71730,0,0,0,0,0,3.963700,0.496297,8,8,6
71740,0,0,0,1,1,3.963565,0.496277,8,8,6
71750,0,0,0,0,0,3.963214,0.496242,8,8,6
71760,3,1,2,7,1,3.963281,0.496248,8,8,6
71770,0,1,0,2,1,3.963086,0.496231,8,8,6
71780,3,6,19,29,1,3.964605,0.496397,8,8,6
71790,0,0,2,3,1,3.966942,0.496696,8,8,9
71800,0,0,0,0,0,3.966801,0.496673,8,8,9
71810,0,0,0,0,0,3.966485,0.496628,8,8,9
71820,1,0,0,2,1,3.966456,0.496623,8,8,9
71830,1,1,0,3,1,3.966214,0.496599,8,8,9
71840,0,0,0,1,1,3.966390,0.496622,8,8,9
71850,1,0,0,2,1,3.965988,0.496590,8,8,9
71860,1,0,0,2,1,3.965804,0.496565,8,8,9
71870,4,2,5,12,1,3.965979,0.496577,8,8,9
71880,0,0,0,1,1,3.966810,0.496677,8,8,9
71890,4,1,1,7,1,3.967086,0.496701,8,8,9
71900,4,1,3,9,1,3.967023,0.496691,8,8,9
71910,4,2,3,10,1,3.966960,0.496681,8,8,9
71920,0,0,0,0,0,3.966995,0.496692,8,8,9
71930,2,2,1,6,1,3.966776,0.496663,8,8,9
71940,0,0,0,0,0,3.966509,0.496633,8,8,9
71950,8,3,10,22,1,3.966949,0.496676,8,8,9
71960,2,0,0,3,1,3.966916,0.496688,8,8,9
71970,1,8,3,13,1,3.967083,0.496708,8,8,9
71980,1,1,2,5,1,3.967224,0.496721,8,8,9
71990,4,0,0,5,1,3.967389,0.496737,8,8,9
72000,0,0,0,0,0,3.967310,0.496736,8,8,9
72010,4,5,0,10,1,3.967282,0.496710,8,8,9
72020,0,0,2,3,1,3.967342,0.496721,8,8,9
72030,2,0,1,4,1,3.967019,0.496676,8,8,9
72040,4,5,0,10,1,3.966990,0.496661,8,8,9
72050,0,0,0,0,0,3.966735,0.496637,8,8,9
72060,0,0,0,0,0,3.967266,0.496697,8,8,9
72070,1,6,2,10,1,3.967203,0.496685,8,8,9
72080,0,0,0,0,0,3.967126,0.496680,8,8,9
72090,0,0,0,1,1,3.966729,0.496638,8,8,9
72100,1,5,0,7,1,3.966629,0.496610,8,8,9
72110,0,0,0,0,0,3.966867,0.496639,8,8,9
72120,2,2,6,11,1,3.966885,0.496639,8,8,9
72130,0,0,0,0,0,3.966907,0.496642,8,8,9
72140,0,0,0,0,0,3.966578,0.496610,8,8,9
72150,0,0,0,0,0,3.966150,0.496560,8,8,9
72160,3,4,3,11,1,3.966944,0.496649,8,8,9
72170,1,2,0,4,1,3.967995,0.496782,8,8,9
72180,3,0,0,4,1,3.968054,0.496791,8,8,9
72190,0,0,1,2,1,3.967993,0.496785,8,8,9
72200,0,0,0,0,0,3.968478,0.496842,8,8,9
72210,0,0,0,1,1,3.968210,0.496812,8,8,9
72220,4,3,3,11,1,3.968109,0.496806,8,8,9
72230,1,6,1,9,1,3.968410,0.496830,8,8,9
72240,1,2,1,5,1,3.969193,0.496929,8,8,9
72250,1,1,2,5,1,3.968804,0.496900,8,8,9
72260,0,2,1,4,1,3.968858,0.496897,8,8,9
72270,0,0,0,0,0,3.968677,0.496875,8,8,9
72280,0,0,0,0,0,3.968649,0.496863,8,8,9
72290,0,0,0,0,0,3.968600,0.496859,8,8,9
72300,0,0,2,3,1,3.968461,0.496849,8,8,9
72310,0,0,0,0,0,3.968101,0.496819,8,8,9
72320,0,0,0,0,0,3.967900,0.496797,8,8,9
72330,1,5,13,20,1,3.968505,0.496859,8,8,9
72340,10,1,6,18,1,3.970312,0.497078,8,8,9
72350,1,1,0,3,1,3.970420,0.497096,8,8,9
72360,0,0,0,1,1,3.970149,0.497049,8,8,9
72370,0,0,0,1,1,3.970108,0.497046,8,8,9
72380,0,0,0,0,0,3.970068,0.497049,8,8,9
72390,0,3,1,5,1,3.969840,0.497019,8,8,9
72400,0,0,1,2,1,3.969795,0.496996,8,8,9
72410,0,0,0,0,0,3.969535,0.496965,8,8,9
72420,0,3,3,7,1,3.969335,0.496935,8,8,9
72430,0,0,0,1,1,3.969354,0.496945,8,8,9
72440,1,0,1,3,1,3.969150,0.496916,8,8,9
72450,1,0,1,3,1,3.969077,0.496907,8,8,9
72460,1,0,0,2,1,3.968944,0.496890,8,8,9
72470,0,1,0,2,1,3.968670,0.496859,8,8,9
72480,0,0,0,1,1,3.968466,0.496835,8,8,9
72490,0,0,0,0,0,3.968304,0.496818,8,8,9
72500,0,2,1,4,1,3.968226,0.496799,8,8,9
72510,3,3,1,8,1,3.967920,0.496769,8,8,9
72520,1,1,3,6,1,3.968072,0.496789,8,8,9
72530,1,0,0,2,1,3.968222,0.496809,8,8,9
72540,2,1,0,4,1,3.968050,0.496785,8,8,9
72550,0,0,0,0,0,3.968084,0.496784,8,8,9
72560,1,1,1,4,1,3.967910,0.496764,8,8,9
72570,0,0,0,0,0,3.967510,0.496737,8,8,9
72580,0,0,0,0,0,3.967273,0.496701,8,8,9
72590,0,0,0,1,1,3.967044,0.496672,8,8,9
72600,0,0,0,1,1,3.966765,0.496635,8,8,9
72610,1,0,1,3,1,3.966576,0.496609,8,8,9
72620,1,3,4,9,1,3.966346,0.496579,8,8,9
72630,2,0,4,7,1,3.966673,0.496615,8,8,9
72640,1,1,2,5,1,3.966465,0.496588,8,8,9
72650,2,1,4,8,1,3.966378,0.496574,8,8,9
72660,1,0,1,3,1,3.966192,0.496551,8,8,9
72670,0,0,1,2,1,3.965824,0.496515,8,8,9
72680,0,2,1,4,1,3.966101,0.496531,8,8,9
72690,1,0,1,3,1,3.965809,0.496499,8,8,9
72700,2,5,3,11,1,3.965575,0.496464,8,8,9
72710,0,0,0,1,1,3.965614,0.496465,8,8,9
72720,1,0,6,8,1,3.965269,0.496427,8,8,9
72730,0,0,0,0,0,3.964939,0.496395,8,8,9
72740,3,1,1,6,1,3.964696,0.496370,8,8,9
72750,2,1,0,4,1,3.964573,0.496358,8,8,9
72760,0,0,1,2,1,3.964691,0.496369,8,8,9
72770,0,0,0,0,0,3.964496,0.496348,8,8,9
72780,0,0,0,0,0,3.964158,0.496313,8,8,9
72790,0,0,0,0,0,3.963952,0.496295,8,8,9
72800,0,1,2,4,1,3.963849,0.496279,8,8,9
72810,0,2,0,3,1,3.963813,0.496277,8,8,9
72820,0,0,0,0,0,3.963513,0.496240,8,8,9
72830,1,1,1,4,1,3.963198,0.496208,8,8,9
72840,0,0,0,0,0,3.963243,0.496221,8,8,9
72850,0,0,0,0,0,3.962949,0.496196,8,8,9
72860,0,0,0,0,0,3.962576,0.496154,8,8,9
72870,1,2,1,5,1,3.962341,0.496119,8,8,9
72880,0,0,0,0,0,3.962235,0.496094,8,8,9
72890,0,0,0,0,0,3.962264,0.496107,8,8,9
72900,0,4,3,8,1,3.962110,0.496091,8,8,9
72910,2,0,0,3,1,3.961922,0.496063,8,8,9
72920,3,0,0,4,1,3.961772,0.496039,8,8,9
72930,2,6,0,9,1,3.962220,0.496081,8,8,9
72940,1,0,1,3,1,3.962462,0.496110,8,8,9
72950,0,0,0,1,1,3.962172,0.496076,8,8,9
72960,0,0,1,2,1,3.962044,0.496057,8,8,9
72970,0,0,0,1,1,3.962055,0.496065,8,8,9
72980,0,5,2,8,1,3.961990,0.496057,8,8,9
72990,0,0,0,0,0,3.961921,0.496056,8,8,9
73000,0,0,0,1,1,3.961609,0.496017,8,8,9
73010,0,0,1,2,1,3.961364,0.495989,8,8,9
73020,0,0,0,0,0,3.961203,0.495970,8,8,9
73030,0,0,0,0,0,3.961063,0.495953,8,8,9
73040,1,0,0,2,1,3.960784,0.495926,8,8,9
73050,0,0,0,0,0,3.960455,0.495890,8,8,9
73060,1,1,2,5,1,3.960288,0.495861,8,8,9
73070,0,0,0,0,0,3.960011,0.495834,8,8,9
73080,0,0,0,1,1,3.959839,0.495811,8,8,9
73090,0,2,1,4,1,3.959544,0.495780,8,8,9
73100,0,0,0,1,1,3.959653,0.495789,8,8,9
73110,0,0,0,1,1,3.959387,0.495759,8,8,9
73120,4,1,1,7,1,3.959121,0.495728,8,8,9
73130,0,1,2,4,1,3.959069,0.495727,8,8,9
73140,0,0,0,0,0,3.958764,0.495685,8,8,9
73150,0,1,1,3,1,3.958514,0.495649,8,8,9
73160,3,2,1,7,1,3.958316,0.495621,8,8,9
73170,0,3,1,5,1,3.958068,0.495589,8,8,9
73180,0,0,1,2,1,3.957970,0.495583,8,8,9
73190,0,0,0,0,0,3.957926,0.495591,8,8,9
73200,0,0,2,3,1,3.957857,0.495576,8,8,9
73210,2,0,0,3,1,3.957832,0.495579,8,8,9
73220,0,0,0,0,0,3.957549,0.495545,8,8,9
73230,0,0,0,1,1,3.957191,0.495525,8,8,9
73240,4,5,1,11,1,3.956990,0.495500,8,8,9
73250,0,0,0,0,0,3.957054,0.495509,8,8,9
73260,1,1,1,4,1,3.956951,0.495500,8,8,9
73270,0,2,1,4,1,3.956642,0.495467,8,8,9
73280,0,0,0,0,0,3.956534,0.495448,8,8,9
73290,0,0,0,1,1,3.956168,0.495412,8,8,9
73300,2,3,1,7,1,3.956009,0.495386,8,8,9
73310,4,0,2,7,1,3.956454,0.495435,8,8,9
73320,3,3,0,7,1,3.956444,0.495442,8,8,9
73330,2,0,1,4,1,3.956149,0.495415,8,8,9
73340,1,0,2,4,1,3.955874,0.495387,8,8,9
73350,0,0,0,0,0,3.955507,0.495349,8,8,9
73360,9,1,12,23,1,3.956812,0.495501,8,8,9
73370,0,0,0,1,1,3.957791,0.495620,8,8,9
73380,2,0,2,5,1,3.957800,0.495612,8,8,9
73390,2,0,3,6,1,3.957514,0.495577,8,8,9
73400,0,2,0,3,1,3.957518,0.495574,8,8,9
73410,1,2,4,8,1,3.958526,0.495702,8,8,9
73420,7,4,1,13,1,3.959580,0.495819,8,8,9
73430,1,6,1,9,1,3.960084,0.495883,8,8,9
73440,3,4,1,9,1,3.959820,0.495859,8,8,9
73450,2,2,1,6,1,3.960148,0.495900,8,8,9
73460,0,0,0,1,1,3.959984,0.495873,8,8,9
73470,3,1,2,7,1,3.959897,0.495863,8,8,9
73480,0,0,1,2,1,3.960052,0.495890,8,8,9
73490,1,0,0,2,1,3.959809,0.495855,8,8,9
73500,1,1,0,3,1,3.959824,0.495856,8,8,9
73510,1,0,0,2,1,3.959630,0.495841,8,8,9
73520,0,1,0,2,1,3.959223,0.495801,8,8,9
73530,0,1,2,4,1,3.959082,0.495771,8,8,9
73540,1,0,0,2,1,3.958847,0.495739,8,8,9
73550,0,0,0,0,0,3.958708,0.495717,8,8,9
73560,3,0,2,6,1,3.958473,0.495682,8,8,9
73570,3,1,1,6,1,3.958314,0.495670,8,8,9
73580,0,1,2,4,1,3.958637,0.495706,8,8,9
73590,1,1,1,4,1,3.958566,0.495690,8,8,9
73600,0,0,0,0,0,3.958391,0.495665,8,8,9
73610,0,0,0,1,1,3.958396,0.495656,8,8,9
73620,0,0,7,8,1,3.958867,0.495698,8,8,9
73630,0,0,0,0,0,3.958727,0.495687,8,8,9
73640,3,7,7,18,1,3.959113,0.495730,8,8,9
73650,0,1,6,8,1,3.960709,0.495926,8,8,9
73660,1,3,0,5,1,3.961002,0.495962,8,8,9
73670,0,0,0,1,1,3.961003,0.495965,8,8,9
73680,0,0,1,2,1,3.960712,0.495934,8,8,9
73690,0,0,5,6,1,3.960543,0.495904,8,8,9
73700,2,1,2,6,1,3.960465,0.495899,8,8,9
73710,0,0,0,0,0,3.960279,0.495885,8,8,9
73720,2,1,1,5,1,3.960012,0.495849,8,8,9
73730,5,0,0,6,1,3.960147,0.495864,8,8,9
73740,1,0,1,3,1,3.959845,0.495824,8,8,9
73750,0,0,0,0,0,3.959801,0.495809,8,8,9
73760,2,0,0,3,1,3.959605,0.495786,8,8,9
73770,1,0,1,3,1,3.960354,0.495854,8,8,9
73780,7,3,1,12,1,3.960668,0.495893,8,8,9
73790,2,1,2,6,1,3.960590,0.495893,8,8,9
73800,0,1,1,3,1,3.961640,0.496020,8,8,9
73810,2,3,5,11,1,3.961635,0.496007,8,8,9
73820,0,0,2,3,1,3.961850,0.496040,8,8,9
73830,1,0,1,3,1,3.961735,0.496030,8,8,9
73840,0,0,3,4,1,3.961723,0.496031,8,8,9
73850,2,1,2,6,1,3.961457,0.495996,8,8,9
73860,2,0,0,3,1,3.961492,0.495994,8,8,9
73870,0,0,0,1,1,3.961162,0.495953,8,8,9
73880,0,0,0,1,1,3.960911,0.495914,8,8,9
73890,0,1,1,3,1,3.960520,0.495878,8,8,9
73900,4,0,0,5,1,3.960715,0.495898,8,8,9
73910,0,0,0,0,0,3.960518,0.495877,8,8,9
73920,0,0,0,0,0,3.960201,0.495855,8,8,9
73930,0,1,0,2,1,3.959808,0.495822,8,8,9
73940,2,2,2,7,1,3.959658,0.495797,8,8,9
73950,2,3,2,8,1,3.959589,0.495790,8,8,9
73960,0,0,0,0,0,3.959498,0.495780,8,8,9
73970,0,0,0,0,0,3.959218,0.495745,8,8,9
73980,0,0,0,0,0,3.958991,0.495718,8,8,9
73990,0,0,0,1,1,3.958747,0.495697,8,8,9
74000,3,5,5,14,1,3.958677,0.495694,8,8,9
74010,2,0,3,6,1,3.959262,0.495762,8,8,9
74020,3,5,0,9,1,3.959898,0.495833,8,8,9
74030,1,1,0,3,1,3.960123,0.495861,8,8,9
74040,1,5,2,9,1,3.959906,0.495832,8,8,9
74050,7,3,4,15,1,3.961471,0.496019,8,8,9
74060,4,0,6,11,1,3.961732,0.496054,8,8,9
74070,1,1,2,5,1,3.962388,0.496126,8,8,9
74080,0,0,0,1,1,3.962035,0.496100,8,8,9
74090,7,7,2,17,1,3.962773,0.496193,8,8,9
74100,2,2,3,8,1,3.963636,0.496313,8,8,9
74110,0,0,0,0,0,3.963571,0.496309,8,8,9
74120,0,0,0,0,0,3.963360,0.496285,8,8,9
74130,1,2,0,4,1,3.963037,0.496251,8,8,9
74140,0,3,0,4,1,3.962670,0.496213,8,8,9
74150,0,0,0,1,1,3.962415,0.496183,8,8,9
74160,0,0,0,1,1,3.962623,0.496209,8,8,9
74170,1,1,1,4,1,3.962199,0.496170,8,8,9
74180,0,0,0,1,1,3.961976,0.496146,8,8,9
74190,3,0,7,11,1,3.961773,0.496121,8,8,9
74200,0,0,0,0,0,3.962129,0.496166,8,8,9
74210,1,1,0,3,1,3.961920,0.496131,8,8,9
74220,1,0,2,4,1,3.961832,0.496112,8,8,9
74230,0,4,3,8,1,3.961558,0.496090,8,8,9
74240,0,1,1,3,1,3.961777,0.496115,8,8,9
74250,0,0,0,1,1,3.962096,0.496143,8,8,9
74260,2,1,0,4,1,3.961773,0.496104,8,8,9
74270,4,1,1,7,1,3.961755,0.496097,8,8,9
74280,0,0,0,1,1,3.961985,0.496127,8,8,9
74290,1,0,0,2,1,3.961595,0.496084,8,8,9
74300,0,0,0,1,1,3.961451,0.496074,8,8,9
74310,1,1,2,5,1,3.961703,0.496102,8,8,9
74320,1,0,2,4,1,3.961739,0.496104,8,8,9
74330,0,0,0,0,0,3.961458,0.496060,8,8,9
74340,1,0,3,5,1,3.961096,0.496009,8,8,9
74350,0,0,0,0,0,3.961018,0.496000,8,8,9
74360,3,1,1,6,1,3.960884,0.495979,8,8,9
74370,0,0,0,0,0,3.961282,0.496033,8,8,9
74380,0,0,0,1,1,3.961069,0.496010,8,8,9
74390,8,3,2,14,1,3.961199,0.496017,8,8,9
74400,0,0,3,4,1,3.962076,0.496126,8,8,9
74410,0,1,3,5,1,3.961769,0.496099,8,8,9
74420,0,0,5,6,1,3.961888,0.496118,8,8,9
74430,2,2,2,7,1,3.962038,0.496134,8,8,9
74440,0,0,0,0,0,3.961959,0.496132,8,8,9
74450,0,0,0,0,0,3.962110,0.496148,8,8,9
74460,5,5,4,15,1,3.962999,0.496251,8,8,9
74470,9,0,6,16,1,3.964711,0.496455,8,8,9
74480,3,1,3,8,1,3.966777,0.496707,8,8,9
74490,1,0,0,2,1,3.966723,0.496694,8,8,9
74500,2,3,3,9,1,3.966572,0.496671,8,8,9
74510,2,2,4,9,1,3.966644,0.496670,8,8,9
74520,1,1,2,5,1,3.966937,0.496710,8,8,9
74530,0,2,2,5,1,3.966667,0.496679,8,8,9
74540,1,1,3,6,1,3.966674,0.496680,8,8,9
74550,0,0,2,3,1,3.966792,0.496690,8,8,9
74560,1,0,1,3,1,3.966422,0.496647,8,8,9
74570,1,0,1,3,1,3.966414,0.496644,8,8,9
74580,0,0,1,2,1,3.966835,0.496689,8,8,9
74590,0,0,0,0,0,3.966545,0.496660,8,8,9
74600,1,0,5,7,1,3.966400,0.496636,8,8,9
74610,0,0,0,1,1,3.966392,0.496623,8,8,9
74620,1,1,3,6,1,3.966261,0.496604,8,8,9
74630,0,0,0,0,0,3.966290,0.496611,8,8,9
74640,1,0,0,2,1,3.966034,0.496577,8,8,9
74650,0,0,0,0,0,3.965866,0.496555,8,8,9
74660,0,2,2,5,1,3.965803,0.496538,8,8,9
74670,3,1,3,8,1,3.965907,0.496553,8,8,9
74680,1,1,2,5,1,3.965884,0.496557,8,8,9
74690,5,1,3,10,1,3.965973,0.496569,8,8,9
74700,0,0,0,1,1,3.965984,0.496566,8,8,9
74710,0,1,0,2,1,3.965738,0.496540,8,8,9
74720,0,0,0,0,0,3.965533,0.496511,8,8,9
74730,1,2,0,4,1,3.965926,0.496556,8,8,9
74740,0,0,0,0,0,3.965652,0.496527,8,8,9
74750,0,1,0,2,1,3.965265,0.496489,8,8,9
74760,0,0,0,0,0,3.964986,0.496452,8,8,9
74770,5,4,4,14,1,3.964955,0.496455,8,8,9
74780,1,0,2,4,1,3.965143,0.496485,8,8,9
74790,8,2,2,13,1,3.965081,0.496463,8,8,9
74800,0,0,0,1,1,3.964760,0.496431,8,8,9
74810,0,0,0,1,1,3.964502,0.496406,8,8,9
74820,0,0,0,1,1,3.964382,0.496389,8,8,9
74830,1,2,0,4,1,3.964087,0.496352,8,8,9
74840,1,3,2,7,1,3.964160,0.496356,8,8,9
74850,0,1,0,2,1,3.963977,0.496331,8,8,9
74860,1,1,0,3,1,3.963709,0.496299,8,8,9
74870,2,1,3,7,1,3.963480,0.496267,8,8,9
74880,1,0,1,3,1,3.963633,0.496283,8,8,9
74890,0,0,0,1,1,3.963511,0.496278,8,8,9
74900,0,2,0,3,1,3.963212,0.496252,8,8,9
74910,3,4,4,12,1,3.963301,0.496260,8,8,9
74920,1,2,5,9,1,3.963490,0.496284,8,8,9
74930,0,0,0,0,0,3.963358,0.496273,8,8,9
74940,0,0,0,0,0,3.963044,0.496235,8,8,9
74950,0,0,0,1,1,3.962982,0.496234,8,8,9
74960,0,0,1,2,1,3.962647,0.496196,8,8,9
74970,0,0,0,1,1,3.962538,0.496177,8,8,9
74980,0,0,2,3,1,3.962302,0.496141,8,8,9
74990,0,0,2,3,1,3.962065,0.496112,8,8,9
75000,0,0,0,0,0,3.961847,0.496080,8,8,9
75010,1,0,0,2,1,3.962036,0.496105,8,8,9
75020,0,0,0,1,1,3.961787,0.496090,8,8,9
75030,1,2,2,6,1,3.961597,0.496074,8,8,9
75040,1,0,1,3,1,3.962179,0.496142,8,8,9
75050,0,0,0,1,1,3.962513,0.496186,8,8,9
75060,0,0,0,1,1,3.962338,0.496161,8,8,9
75070,0,0,1,2,1,3.962214,0.496143,8,8,9
75080,6,0,0,7,1,3.962202,0.496133,8,8,9
75090,8,7,6,22,1,3.963210,0.496249,8,8,9
75100,0,0,0,1,1,3.963531,0.496304,8,8,9
75110,7,4,0,12,1,3.963738,0.496317,8,8,9
75120,0,2,0,3,1,3.963633,0.496308,8,8,9
75130,0,0,0,0,0,3.963272,0.496273,8,8,9
75140,0,0,0,0,0,3.962851,0.496229,8,8,9
75150,0,0,0,1,1,3.962455,0.496192,8,8,9
75160,0,0,0,1,1,3.962178,0.496163,8,8,9
75170,0,0,0,1,1,3.961994,0.496134,8,8,9
75180,4,0,2,7,1,3.961842,0.496110,8,8,9
75190,0,0,0,0,0,3.961742,0.496088,8,8,9
75200,4,2,2,9,1,3.961638,0.496074,8,8,9
75210,2,5,12,20,1,3.962622,0.496193,8,8,9
75220,4,9,8,22,1,3.964945,0.496475,8,8,9
75230,2,7,2,12,1,3.965737,0.496575,8,8,9
75240,4,0,3,8,1,3.967275,0.496758,8,8,9
75250,4,11,1,17,1,3.969481,0.497020,8,8,9
75260,2,11,0,14,1,3.972569,0.497399,8,10,9
75270,3,4,0,8,1,3.973022,0.497454,8,10,9
75280,1,2,0,4,1,3.974307,0.497606,8,10,9
75290,1,0,1,3,1,3.974010,0.497567,8,10,9
75300,4,0,2,7,1,3.974683,0.497637,8,10,9
75310,4,0,4,9,1,3.975047,0.497673,8,10,9
75320,3,0,2,6,1,3.974836,0.497657,8,10,9
75330,0,0,0,0,0,3.974601,0.497634,8,10,9
75340,0,0,0,0,0,3.974327,0.497594,8,10,9
75350,0,0,2,3,1,3.974173,0.497577,8,10,9
75360,0,0,0,0,0,3.974050,0.497564,8,10,9
75370,1,1,1,4,1,3.973925,0.497554,8,10,9
75380,1,1,0,3,1,3.973731,0.497534,8,10,9
75390,0,0,0,0,0,3.973789,0.497543,8,10,9
75400,1,1,1,4,1,3.973553,0.497508,8,10,9
75410,6,0,1,8,1,3.974384,0.497618,8,10,9
75420,5,1,1,8,1,3.975177,0.497723,8,10,9
75430,1,0,0,2,1,3.976104,0.497837,8,10,9
75440,0,0,0,0,0,3.975743,0.497794,8,10,9
75450,0,0,0,0,0,3.975440,0.497763,8,10,9
75460,0,0,2,3,1,3.975007,0.497729,8,10,9
75470,0,1,0,2,1,3.974873,0.497708,8,10,9
75480,0,1,0,2,1,3.974647,0.497686,8,10,9
75490,0,0,0,1,1,3.974482,0.497658,8,10,9
75500,0,1,1,3,1,3.974193,0.497632,8,10,9
75510,4,3,3,11,1,3.974150,0.497629,8,10,9
75520,1,1,0,3,1,3.974382,0.497659,8,10,9
75530,0,1,1,3,1,3.974160,0.497630,8,10,9
75540,2,0,0,3,1,3.974386,0.497660,8,10,9
75550,0,0,0,0,0,3.974264,0.497646,8,10,9
75560,2,1,3,7,1,3.973941,0.497609,8,10,9
75570,0,0,0,1,1,3.973703,0.497583,8,10,9
75580,0,0,0,0,0,3.973516,0.497571,8,10,9
75590,1,2,4,8,1,3.973436,0.497552,8,10,9
75600,0,0,0,0,0,3.973095,0.497514,8,10,9
75610,0,0,0,1,1,3.972947,0.497500,8,10,9
75620,0,1,2,4,1,3.972696,0.497462,8,10,9
75630,4,8,6,19,1,3.973156,0.497520,8,10,9
75640,4,7,3,15,1,3.974740,0.497711,8,10,9
75650,8,4,1,14,1,3.975538,0.497803,8,10,9
75660,0,0,0,1,1,3.976272,0.497893,8,10,9
75670,0,0,0,1,1,3.976022,0.497859,8,10,9
75680,0,0,2,3,1,3.975739,0.497821,8,10,9
75690,0,0,0,1,1,3.975647,0.497806,8,10,9
75700,0,0,0,1,1,3.975426,0.497778,8,10,9
75710,0,0,0,0,0,3.975155,0.497745,8,10,9
75720,3,0,0,4,1,3.975169,0.497745,8,10,9
75730,0,6,1,8,1,3.974897,0.497711,8,10,9
75740,0,0,0,1,1,3.974751,0.497699,8,10,9
75750,4,1,2,8,1,3.974745,0.497696,8,10,9
75760,2,1,0,4,1,3.974726,0.497693,8,10,9
75770,0,0,0,0,0,3.974407,0.497658,8,10,9
75780,3,3,7,14,1,3.974787,0.497696,8,10,9
75790,0,0,0,0,0,3.975796,0.497815,8,10,9
75800,1,3,7,12,1,3.976190,0.497855,8,10,9
75810,4,0,2,7,1,3.977176,0.497971,8,10,9
75820,0,1,7,9,1,3.977595,0.498025,8,10,9
75830,0,1,2,4,1,3.977379,0.497994,8,10,9
75840,2,1,1,5,1,3.977033,0.497957,8,10,9
75850,0,0,0,1,1,3.976937,0.497944,8,10,9
75860,0,0,0,1,1,3.976569,0.497905,8,10,9
75870,0,9,3,13,1,3.976783,0.497927,8,10,9
75880,2,2,2,7,1,3.977581,0.498025,8,10,9
75890,1,1,0,3,1,3.977434,0.498011,8,10,9
75900,2,0,0,3,1,3.977245,0.497994,8,10,9
75910,0,0,0,0,0,3.976947,0.497960,8,10,9
75920,0,0,1,2,1,3.976624,0.497931,8,10,9
75930,3,7,4,15,1,3.976552,0.497920,8,10,9
75940,0,2,0,3,1,3.976484,0.497924,8,10,9
75950,0,0,0,0,0,3.976418,0.497919,8,10,9
75960,0,0,0,1,1,3.976484,0.497926,8,10,9
75970,0,0,0,0,0,3.976280,0.497912,8,10,9
75980,0,1,0,2,1,3.976208,0.497897,8,10,9
75990,1,1,0,3,1,3.976314,0.497904,8,10,9
76000,1,2,2,6,1,3.976033,0.497858,8,10,9
76010,0,0,0,0,0,3.975978,0.497850,8,10,9
76020,0,1,0,2,1,3.975811,0.497822,8,10,9
76030,0,0,0,1,1,3.975682,0.497810,8,10,9
76040,0,1,0,2,1,3.975295,0.497772,8,10,9
76050,1,0,0,2,1,3.974951,0.497729,8,10,9
76060,1,1,1,4,1,3.974806,0.497707,8,10,9
76070,0,0,0,1,1,3.974915,0.497722,8,10,9
76080,0,0,0,1,1,3.974785,0.497705,8,10,9
76090,0,0,0,1,1,3.974783,0.497695,8,10,9
76100,5,2,0,8,1,3.974692,0.497675,8,10,9
76110,0,0,0,0,0,3.975070,0.497708,8,10,9
76120,4,4,2,11,1,3.974989,0.497693,8,10,9
76130,2,2,1,6,1,3.975950,0.497809,8,10,9
76140,1,1,2,5,1,3.975883,0.497809,8,10,9
76150,0,0,0,0,0,3.975782,0.497804,8,10,9
76160,0,1,0,2,1,3.975804,0.497806,8,10,9
76170,2,1,0,4,1,3.975777,0.497804,8,10,9
76180,0,0,0,0,0,3.975675,0.497789,8,10,9
76190,10,0,0,11,1,3.975733,0.497791,8,10,9
76200,0,0,0,1,1,3.975830,0.497806,8,10,9
76210,0,0,0,1,1,3.975667,0.497785,8,10,9
76220,0,0,1,2,1,3.975284,0.497749,8,10,9
76230,1,0,0,2,1,3.974928,0.497710,8,10,9
76240,2,2,5,10,1,3.975226,0.497732,8,10,9
76250,1,1,1,4,1,3.975529,0.497764,8,10,9
76260,1,6,1,9,1,3.975853,0.497808,8,10,9
76270,0,0,0,1,1,3.975574,0.497789,8,10,9
76280,0,0,1,2,1,3.975441,0.497772,8,10,9
76290,0,5,2,8,1,3.975592,0.497783,8,10,9
76300,3,1,2,7,1,3.976133,0.497841,8,10,9
76310,8,4,2,15,1,3.977207,0.497968,8,10,9
76320,1,0,0,2,1,3.978563,0.498127,8,10,9
76330,0,0,0,0,0,3.978283,0.498098,8,10,9
76340,0,0,0,0,0,3.977947,0.498057,8,10,9
76350,0,1,0,2,1,3.977705,0.498031,8,10,9
76360,0,0,0,1,1,3.977716,0.498027,8,10,9
76370,4,1,0,6,1,3.977576,0.498008,8,10,9
76380,0,0,0,1,1,3.978093,0.498076,8,10,9
76390,1,0,1,3,1,3.977975,0.498063,8,10,9
76400,1,1,1,4,1,3.977664,0.498024,8,10,9
76410,0,0,0,1,1,3.977455,0.498002,8,10,9
76420,1,1,4,7,1,3.977448,0.497994,8,10,9
76430,0,1,0,2,1,3.977388,0.497987,8,10,9
76440,0,0,0,0,0,3.977101,0.497959,8,10,9
76450,1,0,0,2,1,3.976836,0.497925,8,10,9
76460,0,0,0,0,0,3.976606,0.497897,8,10,9
76470,0,0,0,0,0,3.976333,0.497863,8,10,9
76480,0,1,2,4,1,3.976179,0.497841,8,10,9
76490,0,0,0,0,0,3.975915,0.497809,8,10,9
76500,0,0,0,0,0,3.975562,0.497776,8,10,9
76510,0,0,1,2,1,3.975249,0.497736,8,10,9
76520,0,0,1,2,1,3.975172,0.497721,8,10,9
76530,0,0,1,2,1,3.975056,0.497698,8,10,9
76540,2,0,1,4,1,3.975067,0.497697,8,10,9
76550,1,1,0,3,1,3.974965,0.497684,8,10,9
76560,0,0,0,0,0,3.974628,0.497653,8,10,9
76570,0,0,0,0,0,3.974977,0.497700,8,10,9
76580,0,0,0,1,1,3.974693,0.497680,8,10,9
76590,0,0,1,2,1,3.974389,0.497642,8,10,9
76600,0,0,0,0,0,3.974115,0.497607,8,10,9
76610,3,3,7,14,1,3.974312,0.497628,8,10,9
76620,2,2,1,6,1,3.975668,0.497792,8,10,9
76630,0,0,0,1,1,3.975384,0.497756,8,10,9
76640,0,0,0,0,0,3.975108,0.497723,8,10,9
76650,2,0,1,4,1,3.975025,0.497710,8,10,9
76660,2,4,6,13,1,3.975262,0.497730,8,10,9
76670,0,0,0,1,1,3.975278,0.497739,8,10,9
76680,1,0,4,6,1,3.975215,0.497717,8,10,9
76690,3,0,2,6,1,3.975427,0.497749,8,10,9
76700,4,2,0,7,1,3.975637,0.497765,8,10,9
76710,2,4,4,11,1,3.975450,0.497737,8,10,9
76720,0,0,0,0,0,3.975224,0.497715,8,10,9
76730,0,0,0,0,0,3.974853,0.497681,8,10,9
76740,0,0,0,0,0,3.974669,0.497661,8,10,9
76750,0,0,1,2,1,3.974583,0.497640,8,10,9
76760,0,2,1,4,1,3.974283,0.497605,8,10,9
76770,0,1,6,8,1,3.974428,0.497621,8,10,9
76780,0,1,4,6,1,3.974753,0.497652,8,10,9
76790,0,0,9,10,1,3.975850,0.497792,8,10,9
76800,1,0,2,4,1,3.975681,0.497780,8,10,9
76810,0,12,0,13,1,3.977114,0.497943,8,10,9
76820,4,0,4,9,1,3.977617,0.498008,8,10,9
76830,2,4,2,9,1,3.977402,0.497978,8,10,9
76840,0,0,0,0,0,3.977312,0.497959,8,10,9
76850,0,2,0,3,1,3.977086,0.497922,8,10,9
76860,0,0,0,0,0,3.976855,0.497891,8,10,9
76870,0,0,0,1,1,3.976716,0.497868,8,10,9
76880,0,1,2,4,1,3.976390,0.497843,8,10,9
76890,0,0,0,0,0,3.976189,0.497814,8,10,9
76900,2,1,2,6,1,3.975906,0.497778,8,10,9
76910,0,1,0,2,1,3.975663,0.497753,8,10,9
76920,1,2,3,7,1,3.975686,0.497755,8,10,9
76930,1,0,1,3,1,3.975555,0.497744,8,10,9
76940,3,0,1,5,1,3.975571,0.497744,8,10,9
76950,7,2,0,10,1,3.976883,0.497902,8,10,9
76960,6,5,3,15,1,3.977450,0.497963,8,10,9
76970,0,0,0,1,1,3.977883,0.498017,8,10,9
76980,0,0,0,0,0,3.977827,0.498002,8,10,9
76990,0,0,2,3,1,3.977481,0.497976,8,10,9
77000,1,1,0,3,1,3.977312,0.497963,8,10,9
77010,0,0,1,2,1,3.977035,0.497928,8,10,9
77020,1,2,1,5,1,3.976924,0.497911,8,10,9
77030,0,0,0,1,1,3.976543,0.497868,8,10,9
77040,1,1,6,9,1,3.977320,0.497955,8,10,9
77050,7,0,0,8,1,3.977681,0.497995,8,10,9
77060,2,0,2,5,1,3.977491,0.497973,8,10,9
77070,0,1,0,2,1,3.977247,0.497951,8,10,9
77080,0,0,0,0,0,3.977279,0.497962,8,10,9
77090,0,5,1,7,1,3.977058,0.497931,8,10,9
77100,0,0,0,0,0,3.976941,0.497926,8,10,9
77110,2,3,3,9,1,3.976845,0.497906,8,10,9
77120,0,0,0,0,0,3.976530,0.497879,8,10,9
77130,2,3,5,11,1,3.976352,0.497854,8,10,9
77140,5,4,15,25,1,3.978896,0.498158,8,10,9
77150,1,1,0,3,1,3.979253,0.498214,8,10,9
77160,0,0,0,0,0,3.979107,0.498204,8,10,9
77170,2,0,1,4,1,3.978797,0.498170,8,10,9
77180,5,6,3,15,1,3.978920,0.498182,8,10,9
77190,0,0,0,0,0,3.979687,0.498279,8,10,9
77200,4,6,6,17,1,3.980357,0.498353,8,10,9
77210,0,0,0,1,1,3.980349,0.498358,8,10,9
77220,0,0,1,2,1,3.980377,0.498354,8,10,9
77230,5,8,4,18,1,3.980465,0.498365,8,10,9
77240,2,7,3,13,1,3.981108,0.498440,8,10,9
77250,0,7,0,8,1,3.982328,0.498587,8,10,9
77260,0,0,0,1,1,3.982663,0.498631,8,10,9
77270,4,6,0,11,1,3.982841,0.498651,8,10,9
77280,1,0,1,3,1,3.982626,0.498629,8,10,9
77290,0,1,1,3,1,3.982323,0.498601,8,10,9
77300,1,5,0,7,1,3.982264,0.498591,8,10,9
77310,0,0,0,0,0,3.982111,0.498576,8,10,9
77320,0,1,1,3,1,3.981871,0.498538,8,10,9
77330,0,1,2,4,1,3.981942,0.498541,8,10,9
77340,0,3,1,5,1,3.981702,0.498509,8,10,9
77350,5,2,4,12,1,3.982188,0.498567,8,10,9
77360,0,0,0,0,0,3.981962,0.498537,8,10,9
77370,0,0,0,0,0,3.981774,0.498518,8,10,9
77380,0,0,2,3,1,3.981589,0.498497,8,10,9
77390,2,0,0,3,1,3.981381,0.498466,8,10,9
77400,0,3,1,5,1,3.981668,0.498498,8,10,9
77410,2,3,0,6,1,3.981462,0.498465,8,10,9
77420,0,0,1,2,1,3.981200,0.498434,8,10,9
77430,0,0,0,1,1,3.980947,0.498399,8,10,9
77440,2,4,1,8,1,3.980729,0.498371,8,10,9
77450,0,0,0,1,1,3.980606,0.498362,8,10,9
77460,3,2,0,6,1,3.980748,0.498376,8,10,9
77470,0,0,0,0,0,3.980664,0.498369,8,10,9
77480,2,5,0,8,1,3.980802,0.498388,8,10,9
77490,1,1,0,3,1,3.980679,0.498380,8,10,9
77500,2,0,0,3,1,3.980432,0.498361,8,10,9
77510,3,2,0,6,1,3.980192,0.498337,8,10,9
77520,0,0,0,0,0,3.980411,0.498361,8,10,9
77530,1,1,1,4,1,3.980182,0.498334,8,10,9
77540,0,0,1,2,1,3.980177,0.498336,8,10,9
77550,0,0,0,1,1,3.979978,0.498322,8,10,9
77560,0,2,2,5,1,3.979866,0.498302,8,10,9
77570,7,1,4,13,1,3.979884,0.498296,8,10,9
77580,0,0,0,0,0,3.979805,0.498274,8,10,9
77590,1,0,1,3,1,3.979612,0.498251,8,10,9
77600,0,0,0,0,0,3.979435,0.498235,8,10,9
77610,0,0,0,0,0,3.979351,0.498220,8,10,9
77620,0,0,0,0,0,3.978986,0.498192,8,10,9
77630,0,0,0,1,1,3.978717,0.498156,8,10,9
77640,3,0,1,5,1,3.978376,0.498117,8,10,9
77650,0,4,0,5,1,3.978230,0.498105,8,10,9
77660,0,0,0,0,0,3.977953,0.498071,8,10,9
77670,0,0,0,0,0,3.977734,0.498053,8,10,9
77680,3,1,0,5,1,3.977451,0.498015,8,10,9
77690,4,1,0,6,1,3.977260,0.497993,8,10,9
77700,0,0,0,0,0,3.977118,0.497984,8,10,9
77710,0,2,1,4,1,3.976932,0.497960,8,10,9
77720,0,0,0,0,0,3.976772,0.497941,8,10,9
77730,6,3,3,13,1,3.976952,0.497950,8,10,9
77740,1,1,5,8,1,3.977179,0.497967,8,10,9
77750,0,0,0,0,0,3.976946,0.497936,8,10,9
77760,7,6,2,16,1,3.977031,0.497941,8,10,9
77770,0,1,1,3,1,3.978490,0.498119,8,10,9
77780,6,1,1,9,1,3.978988,0.498186,8,10,9
77790,0,0,0,1,1,3.979475,0.498251,8,10,9
77800,2,1,0,4,1,3.979913,0.498300,8,10,9
77810,1,0,0,2,1,3.979725,0.498276,8,10,9
77820,0,2,0,3,1,3.979605,0.498253,8,10,9
77830,0,0,0,1,1,3.979254,0.498222,8,10,9
77840,0,3,0,4,1,3.979065,0.498197,8,10,9
77850,0,0,0,0,0,3.978836,0.498169,8,10,9
77860,1,2,0,4,1,3.978663,0.498151,8,10,9
77870,4,6,1,12,1,3.978597,0.498126,8,10,9
77880,0,0,0,0,0,3.979021,0.498174,8,10,9
77890,0,0,0,0,0,3.978946,0.498164,8,10,9
77900,2,0,2,5,1,3.978771,0.498142,8,10,9
77910,0,0,0,0,0,3.978788,0.498147,8,10,9
77920,0,0,0,1,1,3.978481,0.498108,8,10,9
77930,2,0,7,10,1,3.978831,0.498138,8,10,9
77940,2,0,6,9,1,3.979125,0.498169,8,10,9
77950,0,0,0,1,1,3.979415,0.498207,8,10,9
77960,0,0,1,2,1,3.979263,0.498188,8,10,9
77970,0,0,0,1,1,3.979094,0.498161,8,10,9
77980,1,2,2,6,1,3.979279,0.498171,8,10,9
77990,0,0,0,0,0,3.979114,0.498156,8,10,9
78000,1,3,1,6,1,3.979132,0.498156,8,10,9
78010,1,0,0,2,1,3.978990,0.498139,8,10,9
78020,0,0,0,1,1,3.978757,0.498107,8,10,9
78030,1,0,2,4,1,3.979309,0.498173,8,10,9
78040,1,0,0,2,1,3.978991,0.498141,8,10,9
78050,2,2,2,7,1,3.978917,0.498131,8,10,9
78060,1,1,0,3,1,3.979472,0.498195,8,10,9
78070,3,6,3,13,1,3.979844,0.498231,8,10,9
78080,6,1,2,10,1,3.980104,0.498264,8,10,9
78090,0,0,0,0,0,3.980016,0.498257,8,10,9
78100,2,0,0,3,1,3.980131,0.498282,8,10,9
78110,10,4,5,20,1,3.981042,0.498375,8,10,9
78120,16,6,8,31,1,3.983584,0.498683,8,10,9
78130,5,9,4,19,1,3.985492,0.498914,8,10,9
78140,0,3,5,9,1,3.986189,0.498997,8,10,9
78150,3,0,4,8,1,3.986342,0.499011,8,10,9
78160,0,1,3,5,1,3.986124,0.498993,8,10,9
78170,1,0,2,4,1,3.985842,0.498959,8,10,9
78180,0,0,0,0,0,3.985814,0.498952,8,10,9
78190,2,1,1,5,1,3.985681,0.498930,8,10,9
78200,0,0,0,0,0,3.985916,0.498954,8,10,9
78210,0,0,0,0,0,3.986052,0.498980,8,10,9
78220,0,0,0,0,0,3.985742,0.498952,8,10,9
78230,1,0,0,2,1,3.985843,0.498957,8,10,9
78240,2,1,2,6,1,3.985624,0.498924,8,10,9
78250,0,0,0,0,0,3.985402,0.498900,8,10,9
78260,4,2,1,8,1,3.985448,0.498900,8,10,9
78270,1,2,1,5,1,3.985279,0.498867,8,10,9
78280,4,0,0,5,1,3.985154,0.498847,8,10,9
78290,11,3,0,15,1,3.985403,0.498871,8,10,9
78300,1,5,5,12,1,3.986218,0.498974,8,10,9
78310,0,10,7,18,1,3.986925,0.499057,8,10,9
78320,1,4,2,8,1,3.987989,0.499185,8,10,9
78330,3,4,2,10,1,3.988042,0.499190,8,10,9
78340,3,0,2,6,1,3.988061,0.499192,8,10,9
78350,0,0,0,0,0,3.987811,0.499172,8,10,9
78360,0,0,0,0,0,3.987596,0.499148,8,10,9
78370,4,6,0,11,1,3.987661,0.499149,8,10,9
78380,0,0,0,0,0,3.987857,0.499179,8,10,9
78390,2,4,1,8,1,3.987566,0.499134,8,10,9
78400,0,1,3,5,1,3.987401,0.499108,8,10,9
78410,1,1,1,4,1,3.987129,0.499076,8,10,9
78420,0,2,2,5,1,3.987129,0.499066,8,10,9
78430,1,0,5,7,1,3.986959,0.499046,8,10,9
78440,0,0,0,1,1,3.987648,0.499133,8,10,9
78450,5,3,0,9,1,3.987603,0.499117,8,10,9
78460,0,2,1,4,1,3.988369,0.499210,8,10,9
78470,1,1,0,3,1,3.988546,0.499229,8,10,9
78480,1,0,0,2,1,3.988414,0.499211,8,10,9
78490,0,2,0,3,1,3.988166,0.499185,8,10,9
78500,0,0,3,4,1,3.988088,0.499177,8,10,9
78510,2,0,0,3,1,3.987805,0.499147,8,10,9
78520,0,0,0,1,1,3.987847,0.499139,8,10,9
78530,0,0,0,1,1,3.987920,0.499145,8,10,9
78540,0,0,0,0,0,3.987736,0.499123,8,10,9
78550,0,0,0,0,0,3.987350,0.499085,8,10,9
78560,1,0,3,5,1,3.987147,0.499058,8,10,9
78570,0,0,0,1,1,3.987877,0.499140,8,10,9
78580,0,1,1,3,1,3.987660,0.499109,8,10,9
78590,0,0,0,0,0,3.987506,0.499086,8,10,9
78600,1,0,1,3,1,3.987327,0.499074,8,10,9
78610,2,1,0,4,1,3.987036,0.499038,8,10,9
78620,0,0,1,2,1,3.986728,0.499010,8,10,9
78630,0,0,0,0,0,3.986436,0.498987,8,10,9
78640,1,0,0,2,1,3.986093,0.498943,8,10,9
78650,0,0,0,1,1,3.985851,0.498916,8,10,9
78660,0,0,2,3,1,3.985632,0.498891,8,10,9
78670,0,0,0,1,1,3.986135,0.498947,8,10,9
78680,0,0,0,1,1,3.986129,0.498944,8,10,9
78690,1,2,1,5,1,3.986261,0.498959,8,10,9
78700,3,1,1,6,1,3.985955,0.498923,8,10,9
78710,0,0,2,3,1,3.986081,0.498940,8,10,9
78720,0,0,0,0,0,3.985831,0.498914,8,10,9
78730,0,0,0,0,0,3.985634,0.498902,8,10,9
78740,1,1,2,5,1,3.985495,0.498879,8,10,9
78750,1,2,1,5,1,3.985222,0.498850,8,10,9
78760,0,0,1,2,1,3.985038,0.498828,8,10,9
78770,0,1,0,2,1,3.985138,0.498829,8,10,9
78780,1,5,10,17,1,3.985534,0.498868,8,10,9
78790,4,0,2,7,1,3.986992,0.499057,8,10,9
78800,2,0,0,3,1,3.987503,0.499115,8,10,9
78810,0,0,0,1,1,3.987450,0.499096,8,10,9
78820,3,3,1,8,1,3.987673,0.499124,8,10,9
78830,4,0,2,7,1,3.987529,0.499108,8,10,9
78840,1,0,1,3,1,3.987185,0.499079,8,10,9
78850,0,0,0,0,0,3.986868,0.499044,8,10,9
78860,0,0,0,1,1,3.986599,0.499008,8,10,9
78870,0,0,0,1,1,3.986217,0.498970,8,10,9
78880,2,0,1,4,1,3.986024,0.498942,8,10,9
78890,3,2,3,9,1,3.986064,0.498943,8,10,9
78900,3,6,1,11,1,3.986428,0.498994,8,10,9
78910,8,2,2,13,1,3.987365,0.499106,8,10,9
78920,4,4,4,13,1,3.987796,0.499159,8,10,9
78930,0,0,0,1,1,3.988847,0.499287,8,10,9
78940,2,1,2,6,1,3.988709,0.499267,8,10,9
78950,4,5,5,15,1,3.989064,0.499296,8,10,9
78960,4,0,0,5,1,3.990200,0.499430,8,10,9
78970,0,0,0,1,1,3.989908,0.499401,8,10,9
78980,1,0,0,2,1,3.990111,0.499422,8,10,9
78990,2,0,2,5,1,3.990035,0.499409,8,10,9
79000,0,0,0,1,1,3.989910,0.499390,8,10,9
79010,3,1,0,5,1,3.989552,0.499362,8,10,9
79020,0,0,0,1,1,3.989351,0.499338,8,10,9
79030,1,1,2,5,1,3.989146,0.499312,8,10,9
79040,2,3,0,6,1,3.989626,0.499359,8,10,9
79050,0,0,0,1,1,3.989308,0.499320,8,10,9
79060,0,0,2,3,1,3.989044,0.499290,8,10,9
79070,0,0,0,1,1,3.988761,0.499258,8,10,9
79080,3,2,2,8,1,3.988817,0.499260,8,10,9
79090,0,0,0,0,0,3.988720,0.499257,8,10,9
79100,1,1,0,3,1,3.988683,0.499249,8,10,9
79110,7,0,5,13,1,3.989094,0.499290,8,10,9
79120,0,0,0,0,0,3.989426,0.499325,8,10,9
79130,1,1,0,3,1,3.989129,0.499285,8,10,9
79140,2,1,1,5,1,3.988891,0.499262,8,10,9
79150,0,0,0,0,0,3.988615,0.499230,8,10,9
79160,0,0,2,3,1,3.988463,0.499207,8,10,9
79170,2,0,0,3,1,3.988405,0.499206,8,10,9
79180,2,2,4,9,1,3.988284,0.499193,8,10,9
79190,0,4,0,5,1,3.988406,0.499203,8,10,9
79200,2,0,0,3,1,3.988331,0.499189,8,10,9
79210,0,0,0,0,0,3.988165,0.499170,8,10,9
79220,0,1,0,2,1,3.987980,0.499148,8,10,9
79230,4,0,1,6,1,3.987905,0.499143,8,10,9
79240,0,0,0,1,1,3.987981,0.499157,8,10,9
79250,0,0,1,2,1,3.988075,0.499166,8,10,9
79260,5,1,2,9,1,3.987735,0.499131,8,10,9
79270,0,0,0,0,0,3.987818,0.499138,8,10,9
79280,0,0,0,0,0,3.987495,0.499098,8,10,9
79290,4,4,3,12,1,3.987348,0.499075,8,10,9
79300,0,0,0,0,0,3.987616,0.499105,8,10,9
79310,0,2,1,4,1,3.987289,0.499074,8,10,9
79320,1,2,0,4,1,3.987172,0.499063,8,10,9
79330,1,0,0,2,1,3.987055,0.499061,8,10,9
79340,0,0,0,1,1,3.986939,0.499044,8,10,9
79350,0,0,0,0,0,3.986609,0.499012,8,10,9
79360,1,0,0,2,1,3.986274,0.498967,8,10,9
79370,2,2,1,6,1,3.986096,0.498934,8,10,9
79380,5,4,4,14,1,3.986194,0.498937,8,10,9
79390,0,0,1,2,1,3.986636,0.498987,8,10,9
79400,1,1,2,5,1,3.986467,0.498954,8,10,9
79410,1,0,1,3,1,3.986399,0.498936,8,10,9
79420,1,1,0,3,1,3.986193,0.498909,8,10,9
79430,0,0,0,1,1,3.986133,0.498903,8,10,9
79440,0,0,1,2,1,3.986020,0.498884,8,10,9
79450,0,0,0,0,0,3.985653,0.498862,8,10,9
79460,0,0,1,2,1,3.985357,0.498835,8,10,9
79470,0,0,0,0,0,3.985035,0.498806,8,10,9
79480,2,0,3,6,1,3.985179,0.498824,8,10,9
79490,1,0,0,2,1,3.984824,0.498803,8,10,9
79500,1,0,1,3,1,3.984667,0.498777,8,10,9
79510,2,1,1,5,1,3.985416,0.498873,8,10,9
79520,1,0,1,3,1,3.985202,0.498843,8,10,9
79530,0,0,0,1,1,3.985093,0.498830,8,10,9
79540,0,0,0,0,0,3.985207,0.498849,8,10,9
79550,0,0,0,1,1,3.984988,0.498821,8,10,9
79560,1,0,0,2,1,3.984741,0.498786,8,10,9
79570,2,2,0,5,1,3.984482,0.498758,8,10,9
79580,2,0,0,3,1,3.984169,0.498726,8,10,9
79590,0,0,0,1,1,3.984013,0.498712,8,10,9
79600,0,0,3,4,1,3.983747,0.498674,8,10,9
79610,0,1,1,3,1,3.983465,0.498643,8,10,9
79620,0,0,0,0,0,3.983170,0.498610,8,10,9
79630,0,1,0,2,1,3.982995,0.498591,8,10,9
79640,0,0,0,0,0,3.982616,0.498552,8,10,9
79650,0,0,0,0,0,3.982229,0.498513,8,10,9
79660,0,0,1,2,1,3.981941,0.498480,8,10,9
79670,0,0,0,1,1,3.981574,0.498446,8,10,9
79680,0,0,0,1,1,3.981278,0.498408,8,10,9
79690,9,0,4,14,1,3.981882,0.498459,8,10,9
79700,3,0,2,6,1,3.981925,0.498462,8,10,9
79710,0,0,0,0,0,3.981777,0.498451,8,10,9
79720,0,0,0,0,0,3.981363,0.498417,8,10,9
79730,0,0,3,4,1,3.981637,0.498442,8,10,9
79740,0,0,0,0,0,3.981501,0.498431,8,10,9
79750,1,0,1,3,1,3.981307,0.498405,8,10,9
79760,0,0,0,1,1,3.981213,0.498403,8,10,9
79770,0,0,0,1,1,3.981050,0.498391,8,10,9
79780,0,1,1,3,1,3.980734,0.498357,8,10,9
79790,0,0,0,0,0,3.980851,0.498377,8,10,9
79800,1,1,3,6,1,3.980851,0.498375,8,10,9
79810,1,1,1,4,1,3.980604,0.498343,8,10,9
79820,1,1,2,5,1,3.980415,0.498319,8,10,9
79830,0,0,1,2,1,3.980564,0.498341,8,10,9
79840,0,0,0,1,1,3.980261,0.498319,8,10,9
79850,0,0,0,0,0,3.979946,0.498290,8,10,9
79860,0,0,0,1,1,3.979580,0.498255,8,10,9
79870,1,0,0,2,1,3.979490,0.498242,8,10,9
79880,0,1,0,2,1,3.979385,0.498234,8,10,9
79890,0,0,0,0,0,3.979248,0.498215,8,10,9
79900,0,1,0,2,1,3.979116,0.498203,8,10,9
79910,3,3,0,7,1,3.979035,0.498190,8,10,9
79920,3,1,0,5,1,3.979512,0.498253,8,10,9
79930,1,2,2,6,1,3.979391,0.498232,8,10,9
79940,2,1,0,4,1,3.979436,0.498239,8,10,9
79950,2,1,1,5,1,3.979699,0.498263,8,10,9
79960,1,1,2,5,1,3.979477,0.498237,8,10,9
79970,0,0,0,0,0,3.979196,0.498203,8,10,9
79980,0,0,0,1,1,3.978852,0.498165,8,10,9
79990,1,2,1,5,1,3.978748,0.498149,8,10,9
80000,1,0,0,2,1,3.978358,0.498121,8,10,9
80010,1,0,0,2,1,3.978107,0.498099,8,10,9
80020,2,1,3,7,1,3.977824,0.498064,8,10,9
80030,0,1,2,4,1,3.977550,0.498038,8,10,9
80040,8,0,1,10,1,3.977921,0.498077,8,10,9
80050,1,0,0,2,1,3.978651,0.498168,8,10,9
80060,0,0,0,0,0,3.978644,0.498164,8,10,9
80070,2,6,0,9,1,3.978542,0.498144,8,10,9
80080,7,1,0,9,1,3.978751,0.498164,8,10,9
80090,0,0,0,1,1,3.978618,0.498159,8,10,9
80100,1,0,2,4,1,3.978522,0.498145,8,10,9
80110,0,0,3,4,1,3.978322,0.498117,8,10,9
80120,1,0,1,3,1,3.978014,0.498085,8,10,9
80130,0,0,0,0,0,3.977824,0.498063,8,10,9
80140,0,2,5,8,1,3.978026,0.498080,8,10,9
80150,0,0,0,1,1,3.977660,0.498047,8,10,9
80160,0,0,0,0,0,3.977390,0.498017,8,10,9
80170,0,1,1,3,1,3.977146,0.497987,8,10,9
80180,1,2,2,6,1,3.977305,0.498002,8,10,9
80190,1,1,0,3,1,3.977135,0.497982,8,10,9
80200,0,1,1,3,1,3.977062,0.497964,8,10,9
80210,3,2,0,6,1,3.976865,0.497942,8,10,9
80220,0,0,3,4,1,3.977677,0.498035,8,10,9
80230,2,2,6,11,1,3.978006,0.498068,8,10,9
80240,1,0,0,2,1,3.977970,0.498065,8,10,9
80250,3,0,1,5,1,3.977860,0.498044,8,10,9
80260,0,0,0,0,0,3.977635,0.498019,8,10,9
80270,0,0,0,0,0,3.977272,0.497983,8,10,9
80280,0,1,0,2,1,3.977102,0.497964,8,10,9
80290,1,0,0,2,1,3.976822,0.497928,8,10,9
80300,0,0,0,0,0,3.976462,0.497893,8,10,9
80310,0,1,6,8,1,3.976698,0.497920,8,10,9
80320,1,0,0,2,1,3.976673,0.497917,8,10,9
80330,0,0,0,0,0,3.976478,0.497897,8,10,9
80340,1,2,2,6,1,3.976160,0.497863,8,10,9
80350,1,0,1,3,1,3.975930,0.497830,8,10,9
80360,0,0,0,0,0,3.975616,0.497803,8,10,9
80370,0,1,0,2,1,3.975618,0.497816,8,10,9
80380,0,0,0,1,1,3.975450,0.497787,8,10,9
80390,0,0,1,2,1,3.975653,0.497806,8,10,9
80400,0,0,0,0,0,3.975353,0.497778,8,10,9
80410,0,0,0,0,0,3.975468,0.497806,8,10,9
80420,2,0,1,4,1,3.975190,0.497778,8,10,9
80430,4,4,3,12,1,3.975169,0.497768,8,10,9
80440,1,2,0,4,1,3.975291,0.497783,8,10,9
80450,2,0,0,3,1,3.975143,0.497768,8,10,9
80460,0,2,0,3,1,3.974912,0.497738,8,10,9
80470,1,3,2,7,1,3.975040,0.497749,8,10,9
80480,0,0,0,0,0,3.974772,0.497730,8,10,9
80490,0,0,2,3,1,3.974481,0.497699,8,10,9
80500,0,1,1,3,1,3.974679,0.497721,8,10,9
80510,0,0,0,0,0,3.974279,0.497683,8,10,9
80520,0,3,0,4,1,3.973994,0.497650,8,10,9
80530,0,0,0,0,0,3.973862,0.497635,8,10,9
80540,0,3,0,4,1,3.973526,0.497597,8,10,9
80550,4,0,1,6,1,3.973282,0.497571,8,10,9
80560,0,2,2,5,1,3.973138,0.497555,8,10,9
80570,0,0,0,1,1,3.973040,0.497542,8,10,9
80580,1,0,1,3,1,3.972750,0.497510,8,10,9
80590,0,1,0,2,1,3.972553,0.497481,8,10,9
80600,0,1,0,2,1,3.972511,0.497483,8,10,9
80610,6,4,6,17,1,3.972759,0.497505,8,10,9
80620,5,1,2,9,1,3.972813,0.497519,8,10,9
80630,0,0,0,0,0,3.972769,0.497512,8,10,9
80640,0,0,0,0,0,3.972712,0.497503,8,10,9
80650,0,0,1,2,1,3.972713,0.497495,8,10,9
80660,0,2,1,4,1,3.972437,0.497465,8,10,9
80670,0,0,0,0,0,3.972068,0.497428,8,10,9
80680,0,0,0,1,1,3.971812,0.497392,8,10,9
80690,0,5,9,15,1,3.971785,0.497392,8,10,9
80700,2,8,7,18,1,3.973772,0.497620,8,10,9
80710,5,2,5,13,1,3.976109,0.497904,8,10,9
80720,0,0,1,2,1,3.976327,0.497935,8,10,9
80730,0,0,0,1,1,3.976224,0.497921,8,10,9
80740,0,0,0,0,0,3.976187,0.497905,8,10,9
80750,0,1,1,3,1,3.975982,0.497885,8,10,9
80760,0,0,0,1,1,3.975739,0.497862,8,10,9
80770,1,0,0,2,1,3.975418,0.497831,8,10,9
80780,0,2,0,3,1,3.975101,0.497794,8,10,9
80790,5,5,1,12,1,3.975243,0.497807,8,10,9
80800,0,0,0,0,0,3.975178,0.497804,8,10,9
80810,10,9,0,20,1,3.976468,0.497946,8,10,9
80820,0,0,0,1,1,3.976739,0.497981,8,10,9
80830,1,3,7,12,1,3.977291,0.498038,8,10,9
80840,0,0,0,1,1,3.977295,0.498039,8,10,9
80850,0,0,0,1,1,3.977226,0.498029,8,10,9
80860,6,0,10,17,1,3.978302,0.498156,8,10,9
80870,1,0,0,2,1,3.978159,0.498152,8,10,9
80880,0,5,0,6,1,3.977978,0.498133,8,10,9
80890,4,1,2,8,1,3.977738,0.498106,8,10,9
80900,0,0,0,0,0,3.977619,0.498094,8,10,9
80910,1,0,0,2,1,3.977464,0.498075,8,10,9
80920,6,3,1,11,1,3.978674,0.498218,8,10,9
80930,3,2,4,10,1,3.979084,0.498266,8,10,9
80940,0,0,0,1,1,3.979374,0.498302,8,10,9
80950,1,1,5,8,1,3.979823,0.498345,8,10,9
80960,0,0,0,0,0,3.979768,0.498341,8,10,9
80970,4,0,5,10,1,3.979560,0.498315,8,10,9
80980,0,1,0,2,1,3.979694,0.498332,8,10,9
80990,3,1,5,10,1,3.979591,0.498307,8,10,9
81000,0,0,2,3,1,3.979846,0.498341,8,10,9
81010,0,0,1,2,1,3.980171,0.498373,8,10,9
81020,0,0,0,0,0,3.979789,0.498333,8,10,9
81030,0,0,0,1,1,3.979660,0.498325,8,10,9
81040,1,1,0,3,1,3.979426,0.498291,8,10,9
81050,0,2,1,4,1,3.979149,0.498260,8,10,9
81060,0,0,0,0,0,3.978829,0.498234,8,10,9
81070,0,0,0,1,1,3.978575,0.498194,8,10,9
81080,0,6,6,13,1,3.978904,0.498231,8,10,9
81090,1,0,17,19,1,3.980610,0.498438,8,10,9
81100,0,0,0,0,0,3.981563,0.498553,8,10,9
81110,0,0,0,0,0,3.981383,0.498519,8,10,9
81120,2,0,0,3,1,3.981123,0.498495,8,10,9
81130,2,3,5,11,1,3.981448,0.498521,8,10,9
81140,1,4,0,6,1,3.981823,0.498570,8,10,9
81150,0,0,0,1,1,3.981939,0.498585,8,10,9
81160,0,0,0,0,0,3.981696,0.498566,8,10,9
81170,0,0,0,0,0,3.981439,0.498530,8,10,9
81180,0,0,0,0,0,3.981356,0.498502,8,10,9
81190,2,2,3,8,1,3.981461,0.498506,8,10,9
81200,2,3,1,7,1,3.982416,0.498614,8,10,9
81210,0,0,0,0,0,3.982180,0.498585,8,10,9
81220,0,2,0,3,1,3.982125,0.498582,8,10,9
81230,0,0,1,2,1,3.981921,0.498550,8,10,9
81240,0,2,0,3,1,3.981693,0.498526,8,10,9
81250,1,0,0,2,1,3.981380,0.498488,8,10,9
81260,0,0,0,0,0,3.981122,0.498459,8,10,9
81270,1,3,1,6,1,3.981005,0.498446,8,10,9
81280,0,0,0,0,0,3.980810,0.498416,8,10,9
81290,5,6,3,15,1,3.981161,0.498457,8,10,9
81300,0,0,0,1,1,3.981245,0.498461,8,10,9
81310,0,0,0,0,0,3.981325,0.498466,8,10,9
81320,0,1,1,3,1,3.980988,0.498427,8,10,9
81330,1,0,0,2,1,3.980759,0.498393,8,10,9
81340,2,2,2,7,1,3.980581,0.498369,8,10,9
81350,2,0,4,7,1,3.981411,0.498468,8,10,9
81360,0,0,0,1,1,3.981323,0.498463,8,10,9
81370,5,1,6,13,1,3.981356,0.498448,8,10,9
81380,0,0,0,0,0,3.981266,0.498443,8,10,9
81390,0,0,0,1,1,3.981135,0.498430,8,10,9
81400,0,1,0,2,1,3.980828,0.498403,8,10,9
81410,0,0,0,0,0,3.980569,0.498377,8,10,9
81420,2,0,1,4,1,3.980377,0.498360,8,10,9
81430,0,2,3,6,1,3.980889,0.498405,8,10,9
81440,0,0,0,1,1,3.981219,0.498444,8,10,9
81450,0,0,3,4,1,3.981125,0.498435,8,10,9
81460,0,0,0,1,1,3.981013,0.498415,8,10,9
81470,0,0,0,1,1,3.980918,0.498408,8,10,9
81480,0,0,0,0,0,3.980610,0.498374,8,10,9
81490,3,1,0,5,1,3.980424,0.498340,8,10,9
81500,0,0,0,1,1,3.980407,0.498331,8,10,9
81510,0,0,0,1,1,3.980276,0.498321,8,10,9
81520,1,0,0,2,1,3.980050,0.498300,8,10,9
81530,1,3,3,8,1,3.979757,0.498263,8,10,9
81540,1,0,1,3,1,3.979738,0.498258,8,10,9
81550,0,1,0,2,1,3.979371,0.498216,8,10,9
81560,0,0,1,2,1,3.979175,0.498192,8,10,9
81570,0,0,0,1,1,3.978806,0.498155,8,10,9
81580,0,0,0,1,1,3.978573,0.498120,8,10,9
81590,0,0,0,1,1,3.978274,0.498082,8,10,9
81600,0,2,3,6,1,3.978098,0.498051,8,10,9
81610,0,0,0,0,0,3.977929,0.498032,8,10,9
81620,0,0,0,1,1,3.978176,0.498053,8,10,9
81630,0,0,0,1,1,3.978096,0.498034,8,10,9
81640,0,0,0,0,0,3.977988,0.498029,8,10,9
81650,1,0,2,4,1,3.977759,0.497996,8,10,9
81660,4,3,6,14,1,3.977845,0.497998,8,10,9
81670,3,2,0,6,1,3.978191,0.498038,8,10,9
81680,0,1,4,6,1,3.977941,0.498008,8,10,9
81690,0,1,1,3,1,3.978141,0.498026,8,10,9
81700,0,0,0,0,0,3.977954,0.498001,8,10,9
81710,0,0,0,0,0,3.977702,0.497976,8,10,9
81720,2,3,1,7,1,3.977463,0.497949,8,10,9
81730,3,1,0,5,1,3.977462,0.497950,8,10,9
81740,0,0,0,1,1,3.977107,0.497910,8,10,9
81750,1,0,1,3,1,3.976945,0.497886,8,10,9
81760,3,0,3,7,1,3.976825,0.497870,8,10,9
81770,7,6,11,25,1,3.978236,0.498031,8,10,9
81780,0,0,4,5,1,3.979034,0.498142,8,10,9
81790,1,5,3,10,1,3.978997,0.498131,8,10,9
81800,1,0,0,2,1,3.979221,0.498172,8,10,9
81810,4,1,0,6,1,3.979029,0.498137,8,10,9
81820,1,0,0,2,1,3.979036,0.498139,8,10,9
81830,0,1,0,2,1,3.978715,0.498106,8,10,9
81840,1,0,0,2,1,3.978453,0.498070,8,10,9
81850,0,3,1,5,1,3.978125,0.498035,8,10,9
81860,5,2,2,10,1,3.978223,0.498038,8,10,9
81870,1,0,1,3,1,3.978068,0.498022,8,10,9
81880,0,0,0,1,1,3.977767,0.497983,8,10,9
81890,0,0,0,1,1,3.977734,0.497977,8,10,9
81900,2,0,3,6,1,3.977839,0.497981,8,10,9
81910,1,4,1,7,1,3.977700,0.497961,8,10,9
81920,2,6,0,9,1,3.978596,0.498075,8,10,9
81930,0,1,0,2,1,3.978370,0.498054,8,10,9
81940,0,0,0,0,0,3.978172,0.498041,8,10,9
81950,1,4,1,7,1,3.978118,0.498029,8,10,9
81960,1,2,0,4,1,3.978065,0.498018,8,10,9
81970,0,0,0,1,1,3.977884,0.497996,8,10,9
81980,1,1,5,8,1,3.977887,0.497997,8,10,9
81990,0,1,1,3,1,3.978194,0.498047,8,10,9
82000,2,2,0,5,1,3.978120,0.498037,8,10,9
82010,0,0,0,1,1,3.978135,0.498037,8,10,9
82020,0,0,1,2,1,3.977929,0.498019,8,10,9
82030,2,0,0,3,1,3.977793,0.498005,8,10,9
82040,0,0,0,1,1,3.977858,0.498008,8,10,9
82050,0,3,0,4,1,3.977808,0.498001,8,10,9
82060,1,0,0,2,1,3.977917,0.498011,8,10,9
82070,0,4,2,7,1,3.977764,0.497990,8,10,9
82080,0,1,3,5,1,3.977773,0.497988,8,10,9
82090,0,0,2,3,1,3.977469,0.497952,8,10,9
82100,0,0,0,0,0,3.977262,0.497924,8,10,9
82110,2,0,1,4,1,3.977356,0.497935,8,10,9
82120,1,2,0,4,1,3.977141,0.497910,8,10,9
82130,0,0,0,0,0,3.977012,0.497892,8,10,9
82140,7,5,0,13,1,3.977132,0.497901,8,10,9
82150,2,6,5,14,1,3.977888,0.497991,8,10,9
82160,0,0,0,0,0,3.978182,0.498034,8,10,9
82170,0,1,1,3,1,3.978000,0.498020,8,10,9
82180,1,1,1,4,1,3.977875,0.498003,8,10,9
82190,1,2,1,5,1,3.977857,0.497996,8,10,9
82200,1,1,0,3,1,3.977504,0.497961,8,10,9
82210,3,0,0,4,1,3.977211,0.497937,8,10,9
82220,0,2,2,5,1,3.977297,0.497946,8,10,9
82230,2,1,0,4,1,3.977352,0.497951,8,10,9
82240,3,1,2,7,1,3.977840,0.498009,8,10,9
82250,0,0,1,2,1,3.978921,0.498136,8,10,9
82260,0,0,0,0,0,3.978907,0.498125,8,10,9
82270,6,3,3,13,1,3.978734,0.498093,8,10,9
82280,4,2,0,7,1,3.979057,0.498133,8,10,9
82290,0,1,0,2,1,3.978890,0.498115,8,10,9
82300,1,3,2,7,1,3.978732,0.498090,8,10,9
82310,0,0,0,1,1,3.978399,0.498069,8,10,9
82320,1,0,0,2,1,3.978165,0.498042,8,10,9
82330,0,1,1,3,1,3.977839,0.498005,8,10,9
82340,2,1,3,7,1,3.977709,0.497989,8,10,9
82350,0,0,0,0,0,3.977732,0.497999,8,10,9
82360,1,1,1,4,1,3.977510,0.497977,8,10,9
82370,0,2,0,3,1,3.977209,0.497948,8,10,9
82380,0,1,1,3,1,3.978433,0.498095,8,10,9
82390,1,4,2,8,1,3.978658,0.498111,8,10,9
82400,2,0,0,3,1,3.978616,0.498106,8,10,9
82410,0,0,0,1,1,3.978468,0.498086,8,10,9
82420,0,0,0,0,0,3.978388,0.498076,8,10,9
82430,10,0,7,18,1,3.978624,0.498101,8,10,9
82440,0,0,0,0,0,3.979223,0.498183,8,10,9
82450,1,3,2,7,1,3.979021,0.498160,8,10,9
82460,5,3,3,12,1,3.978864,0.498139,8,10,9
82470,1,0,0,2,1,3.979985,0.498268,8,10,9
82480,0,0,0,1,1,3.979656,0.498229,8,10,9
82490,0,0,0,1,1,3.979294,0.498201,8,10,9
82500,10,4,2,17,1,3.979769,0.498240,8,10,9
82510,0,0,0,0,0,3.980134,0.498290,8,10,9
82520,2,1,2,6,1,3.979920,0.498261,8,10,9
82530,0,0,0,1,1,3.979795,0.498240,8,10,9
82540,1,0,0,2,1,3.979528,0.498223,8,10,9
82550,1,1,2,5,1,3.979284,0.498197,8,10,9
82560,0,2,0,3,1,3.979002,0.498160,8,10,9
82570,0,0,0,0,0,3.978718,0.498136,8,10,9
82580,1,3,3,8,1,3.978494,0.498113,8,10,9
82590,2,2,0,5,1,3.978448,0.498106,8,10,9
82600,0,1,2,4,1,3.978242,0.498076,8,10,9
82610,3,1,6,11,1,3.978119,0.498052,8,10,9
82620,1,1,7,10,1,3.978657,0.498108,8,10,9
82630,0,0,5,6,1,3.979641,0.498228,8,10,9
82640,4,1,9,15,1,3.979839,0.498244,8,10,9
82650,2,0,4,7,1,3.979830,0.498248,8,10,9
82660,2,0,3,6,1,3.979785,0.498247,8,10,9
82670,0,0,0,0,0,3.979634,0.498229,8,10,9
82680,0,0,0,0,0,3.979350,0.498191,8,10,9
82690,1,0,2,4,1,3.979141,0.498165,8,10,9
82700,0,0,0,0,0,3.979028,0.498151,8,10,9
82710,0,0,0,1,1,3.978795,0.498127,8,10,9
82720,0,0,0,0,0,3.978478,0.498096,8,10,9
82730,0,0,0,0,0,3.978384,0.498080,8,10,9
82740,1,0,1,3,1,3.978089,0.498051,8,10,9
82750,1,0,0,2,1,3.977941,0.498034,8,10,9
82760,0,0,0,1,1,3.977836,0.498023,8,10,9
82770,7,4,2,14,1,3.979041,0.498154,8,10,9
82780,9,10,3,23,1,3.980836,0.498365,8,10,9
82790,2,1,3,7,1,3.981261,0.498420,8,10,9
82800,1,0,0,2,1,3.981068,0.498396,8,10,9
82810,1,4,5,11,1,3.981883,0.498491,8,10,9
82820,0,0,0,0,0,3.981847,0.498488,8,10,9
82830,0,0,0,0,0,3.981596,0.498457,8,10,9
82840,2,3,2,8,1,3.981336,0.498427,8,10,9
82850,1,0,3,5,1,3.981230,0.498413,8,10,9
82860,0,0,0,0,0,3.980908,0.498381,8,10,9
82870,5,0,3,9,1,3.980988,0.498386,8,10,9
82880,0,2,0,3,1,3.981800,0.498469,8,10,9
82890,0,0,0,1,1,3.981525,0.498442,8,10,9
82900,0,0,0,1,1,3.981195,0.498411,8,10,9
82910,3,0,0,4,1,3.980938,0.498380,8,10,9
82920,0,0,1,2,1,3.980839,0.498361,8,10,9
82930,0,0,2,3,1,3.980612,0.498339,8,10,9
82940,1,0,0,2,1,3.980663,0.498346,8,10,9
82950,1,1,2,5,1,3.981069,0.498387,8,10,9
82960,1,1,0,3,1,3.980731,0.498350,8,10,9
82970,0,0,3,4,1,3.980728,0.498345,8,10,9
82980,0,0,0,1,1,3.981169,0.498397,8,10,9
82990,0,1,0,2,1,3.980859,0.498367,8,10,9
83000,0,0,0,0,0,3.980636,0.498343,8,10,9
83010,0,0,0,1,1,3.980372,0.498305,8,10,9
83020,0,0,0,0,0,3.980129,0.498276,8,10,9
83030,0,1,2,4,1,3.979846,0.498235,8,10,9
83040,0,0,0,0,0,3.979857,0.498234,8,10,9
83050,0,0,0,0,0,3.979641,0.498207,8,10,9
83060,0,0,1,2,1,3.979499,0.498196,8,10,9
83070,0,0,0,1,1,3.979194,0.498159,8,10,9
83080,0,0,0,0,0,3.978961,0.498131,8,10,9
83090,1,1,0,3,1,3.978768,0.498109,8,10,9
83100,0,0,0,0,0,3.978544,0.498090,8,10,9
83110,0,0,0,1,1,3.978348,0.498067,8,10,9
83120,1,1,2,5,1,3.978094,0.498041,8,10,9
83130,3,5,2,11,1,3.978321,0.498059,8,10,9
83140,1,1,1,4,1,3.978285,0.498063,8,10,9
83150,0,0,0,0,0,3.978490,0.498095,8,10,9
83160,1,0,1,3,1,3.978298,0.498066,8,10,9
83170,0,0,0,0,0,3.978057,0.498051,8,10,9
83180,0,0,0,1,1,3.978056,0.498045,8,10,9
83190,0,0,0,1,1,3.977681,0.498013,8,10,9
83200,0,0,1,2,1,3.978187,0.498064,8,10,9
83210,0,0,0,0,0,3.977936,0.498031,8,10,9
83220,0,0,0,1,1,3.977740,0.498009,8,10,9
83230,0,0,1,2,1,3.977657,0.497995,8,10,9
83240,2,0,0,3,1,3.977535,0.497979,8,10,9
83250,0,0,0,0,0,3.977598,0.497983,8,10,9
83260,0,0,0,1,1,3.977288,0.497951,8,10,9
83270,0,0,0,1,1,3.977092,0.497933,8,10,9
83280,0,0,2,3,1,3.976997,0.497918,8,10,9
83290,0,0,0,0,0,3.976711,0.497885,8,10,9
83300,1,3,0,5,1,3.976600,0.497859,8,10,9
83310,0,0,0,0,0,3.976433,0.497844,8,10,9
83320,0,0,0,1,1,3.976121,0.497813,8,10,9
83330,0,0,1,2,1,3.976151,0.497807,8,10,9
83340,1,0,0,2,1,3.975987,0.497794,8,10,9
83350,1,3,3,8,1,3.975893,0.497781,8,10,9
83360,0,0,0,0,0,3.975680,0.497763,8,10,9
83370,0,0,0,0,0,3.975552,0.497752,8,10,9
83380,2,2,9,14,1,3.975889,0.497775,8,10,9
83390,2,4,3,10,1,3.975976,0.497784,8,10,9
83400,0,0,0,1,1,3.975863,0.497775,8,10,9
83410,1,2,0,4,1,3.975727,0.497766,8,10,9
83420,0,0,1,2,1,3.975444,0.497728,8,10,9
83430,0,0,0,1,1,3.975105,0.497694,8,10,9
83440,3,3,1,8,1,3.974793,0.497657,8,10,9
83450,1,3,1,6,1,3.974831,0.497664,8,10,9
83460,3,5,2,11,1,3.975614,0.497752,8,10,9
83470,0,3,4,8,1,3.975712,0.497759,8,10,9
83480,0,0,0,1,1,3.976166,0.497811,8,10,9
83490,0,0,0,0,0,3.975915,0.497776,8,10,9
83500,0,0,0,0,0,3.975639,0.497737,8,10,9
83510,0,0,1,2,1,3.975345,0.497703,8,10,9
83520,2,3,0,6,1,3.975558,0.497725,8,10,9
83530,3,10,4,18,1,3.976265,0.497804,8,10,9
83540,2,1,3,7,1,3.976923,0.497881,8,10,9
83550,4,3,4,12,1,3.977077,0.497898,8,10,9
83560,2,0,1,4,1,3.977717,0.497976,8,10,9
83570,0,0,0,1,1,3.977677,0.497978,8,10,9
83580,1,1,0,3,1,3.977395,0.497950,8,10,9
83590,1,1,2,5,1,3.977200,0.497933,8,10,9
83600,0,0,3,4,1,3.977131,0.497920,8,10,9
83610,0,3,3,7,1,3.977068,0.497901,8,10,9
83620,3,0,1,5,1,3.976895,0.497875,8,10,9
83630,1,3,1,6,1,3.976626,0.497848,8,10,9
83640,1,0,2,4,1,3.976379,0.497826,8,10,9
83650,0,1,2,4,1,3.976205,0.497801,8,10,9
83660,0,6,5,12,1,3.975931,0.497772,8,10,9
83670,2,3,7,13,1,3.977304,0.497940,8,10,9
83680,0,0,1,2,1,3.977159,0.497915,8,10,9
83690,0,3,1,5,1,3.976951,0.497893,8,10,9
83700,1,0,0,2,1,3.976966,0.497895,8,10,9
83710,1,0,4,6,1,3.977240,0.497919,8,10,9
83720,0,0,0,0,0,3.977292,0.497933,8,10,9
83730,3,1,0,5,1,3.977168,0.497910,8,10,9
83740,3,0,1,5,1,3.977077,0.497904,8,10,9
83750,0,1,0,2,1,3.976853,0.497879,8,10,9
83760,0,0,1,2,1,3.976741,0.497862,8,10,9
83770,0,0,0,1,1,3.976425,0.497829,8,10,9
83780,1,0,0,2,1,3.976360,0.497826,8,10,9
83790,0,1,3,5,1,3.976147,0.497797,8,10,9
83800,2,1,0,4,1,3.976689,0.497852,8,10,9
83810,0,0,2,3,1,3.976709,0.497856,8,10,9
83820,0,0,1,2,1,3.976636,0.497850,8,10,9
83830,3,1,0,5,1,3.976410,0.497831,8,10,9
83840,3,1,0,5,1,3.976609,0.497858,8,10,9
83850,0,0,0,0,0,3.976532,0.497846,8,10,9
83860,0,1,0,2,1,3.976664,0.497858,8,10,9
83870,0,1,0,2,1,3.976336,0.497828,8,10,9
83880,3,2,1,7,1,3.976167,0.497807,8,10,9
83890,0,3,2,6,1,3.976022,0.497793,8,10,9
83900,0,0,0,0,0,3.976093,0.497804,8,10,9
83910,1,1,5,8,1,3.976265,0.497818,8,10,9
83920,0,0,2,3,1,3.976538,0.497841,8,10,9
83930,0,0,0,0,0,3.976357,0.497821,8,10,9
83940,0,0,1,2,1,3.976158,0.497786,8,10,9
83950,0,0,0,0,0,3.975929,0.497765,8,10,9
83960,0,2,1,4,1,3.975620,0.497737,8,10,9
83970,2,0,1,4,1,3.975466,0.497715,8,10,9
83980,0,1,4,6,1,3.976123,0.497796,8,10,9
83990,1,4,1,7,1,3.976215,0.497803,8,10,9
84000,1,1,2,5,1,3.976085,0.497792,8,10,9
84010,0,0,0,0,0,3.975991,0.497777,8,10,9
84020,0,0,0,0,0,3.975684,0.497751,8,10,9
84030,1,1,0,3,1,3.975424,0.497719,8,10,9
84040,1,9,6,17,1,3.976069,0.497795,8,10,9
84050,0,0,0,1,1,3.976316,0.497824,8,10,9
84060,2,3,0,6,1,3.976282,0.497817,8,10,9
84070,2,0,2,5,1,3.976404,0.497839,8,10,9
84080,0,0,0,0,0,3.976433,0.497836,8,10,9
84090,0,1,0,2,1,3.976443,0.497826,8,10,9
84100,0,3,0,4,1,3.976375,0.497811,8,10,9
84110,0,1,0,2,1,3.976559,0.497835,8,10,9
84120,1,4,2,8,1,3.976383,0.497808,8,10,9
84130,0,0,0,0,0,3.976079,0.497778,8,10,9
84140,0,0,0,0,0,3.975792,0.497756,8,10,9
84150,0,2,0,3,1,3.975581,0.497731,8,10,9
84160,1,1,4,7,1,3.975352,0.497691,8,10,9
84170,0,0,0,1,1,3.975505,0.497722,8,10,9
84180,1,2,2,6,1,3.975746,0.497750,8,10,9
84190,0,0,0,0,0,3.975492,0.497723,8,10,9
84200,2,1,3,7,1,3.975707,0.497738,8,10,9
84210,0,1,1,3,1,3.975416,0.497717,8,10,9
84220,0,0,1,2,1,3.975120,0.497682,8,10,9
84230,0,0,0,1,1,3.974794,0.497653,8,10,9
84240,2,0,1,4,1,3.974970,0.497672,8,10,9
84250,0,0,3,4,1,3.974956,0.497674,8,10,9
84260,4,0,1,6,1,3.974918,0.497664,8,10,9
84270,2,3,3,9,1,3.974832,0.497644,8,10,9
84280,0,0,0,1,1,3.975626,0.497736,8,10,9
84290,0,0,0,1,1,3.975337,0.497706,8,10,9
84300,0,0,0,1,1,3.975471,0.497722,8,10,9
84310,0,0,0,0,0,3.975202,0.497699,8,10,9
84320,2,0,0,3,1,3.974960,0.497673,8,10,9
84330,0,0,2,3,1,3.974715,0.497646,8,10,9
84340,0,0,0,0,0,3.974347,0.497611,8,10,9
84350,0,0,0,0,0,3.974173,0.497579,8,10,9
84360,0,1,2,4,1,3.973883,0.497552,8,10,9
84370,2,0,1,4,1,3.973753,0.497537,8,10,9
84380,0,0,0,1,1,3.974272,0.497608,8,10,9
84390,0,0,0,0,0,3.974280,0.497610,8,10,9
84400,0,0,0,0,0,3.974036,0.497578,8,10,9
84410,0,0,0,1,1,3.973824,0.497552,8,10,9
84420,0,0,1,2,1,3.973560,0.497518,8,10,9
84430,0,0,0,0,0,3.973267,0.497491,8,10,9
84440,0,0,0,1,1,3.973065,0.497465,8,10,9
84450,0,0,0,1,1,3.972904,0.497437,8,10,9
84460,0,4,0,5,1,3.973008,0.497443,8,10,9
84470,3,1,1,6,1,3.972930,0.497427,8,10,9
84480,0,0,0,0,0,3.972705,0.497405,8,10,9
84490,0,0,1,2,1,3.972551,0.497379,8,10,9
84500,0,0,0,1,1,3.972304,0.497355,8,10,9
84510,0,0,1,2,1,3.972049,0.497329,8,10,9
84520,1,2,1,5,1,3.971981,0.497325,8,10,9
84530,7,5,2,15,1,3.971981,0.497318,8,10,9
84540,0,1,1,3,1,3.972395,0.497366,8,10,9
84550,0,0,0,0,0,3.972271,0.497350,8,10,9
84560,1,1,1,4,1,3.972092,0.497321,8,10,9
84570,4,2,0,7,1,3.972019,0.497321,8,10,9
84580,1,0,0,2,1,3.972256,0.497350,8,10,9
84590,1,1,0,3,1,3.971973,0.497313,8,10,9
84600,1,0,0,2,1,3.971772,0.497294,8,10,9
84610,3,4,4,12,1,3.971691,0.497278,8,10,9
84620,3,3,0,7,1,3.971838,0.497299,8,10,9
84630,0,0,0,1,1,3.971819,0.497296,8,10,9
84640,0,0,0,1,1,3.971610,0.497272,8,10,9
84650,7,5,6,19,1,3.972080,0.497311,8,10,9
84660,0,2,1,4,1,3.972922,0.497417,8,10,9
84670,1,3,1,6,1,3.972727,0.497399,8,10,9
84680,2,1,0,4,1,3.972532,0.497376,8,10,9
84690,0,0,0,0,0,3.972269,0.497356,8,10,9
84700,0,0,0,0,0,3.972036,0.497334,8,10,9
84710,3,2,0,6,1,3.971850,0.497299,8,10,9
84720,4,1,3,9,1,3.971935,0.497309,8,10,9
84730,2,3,0,6,1,3.971715,0.497286,8,10,9
84740,0,0,0,1,1,3.971675,0.497279,8,10,9
84750,2,1,1,5,1,3.971672,0.497275,8,10,9
84760,3,0,0,4,1,3.971379,0.497247,8,10,9
84770,0,4,1,6,1,3.971923,0.497297,8,10,9
84780,0,2,0,3,1,3.971856,0.497293,8,10,9
84790,0,0,0,0,0,3.971585,0.497265,8,10,9
84800,1,3,2,7,1,3.971424,0.497236,8,10,9
84810,0,0,0,0,0,3.971214,0.497211,8,10,9
84820,0,0,0,1,1,3.971007,0.497186,8,10,9
84830,0,0,1,2,1,3.970880,0.497182,8,10,9
84840,2,1,2,6,1,3.970672,0.497143,8,10,9
84850,0,0,0,0,0,3.970991,0.497184,8,10,9
84860,3,1,0,5,1,3.970771,0.497155,8,10,9
84870,1,2,2,6,1,3.970675,0.497148,8,10,9
84880,1,1,1,4,1,3.970438,0.497108,8,10,9
84890,2,0,1,4,1,3.970418,0.497105,8,10,9
84900,2,0,1,4,1,3.970326,0.497094,8,10,9
84910,3,2,0,6,1,3.970129,0.497067,8,10,9
84920,0,3,1,5,1,3.970247,0.497083,8,10,9
84930,1,1,0,3,1,3.970028,0.497063,8,10,9
84940,0,2,0,3,1,3.969883,0.497054,8,10,9
84950,0,0,0,0,0,3.969622,0.497023,8,10,9
84960,0,0,0,0,0,3.969366,0.496993,8,10,9
84970,1,0,1,3,1,3.969083,0.496975,8,10,9
84980,1,1,0,3,1,3.968823,0.496949,8,10,9
84990,0,0,0,1,1,3.969270,0.497001,8,10,9
85000,0,0,0,1,1,3.969015,0.496973,8,10,9
85010,0,0,0,1,1,3.968721,0.496943,8,10,9
85020,4,3,3,11,1,3.969134,0.496987,8,10,9
85030,0,0,2,3,1,3.969322,0.497006,8,10,9
85040,0,0,0,0,0,3.969103,0.496982,8,10,9
85050,0,0,0,0,0,3.968951,0.496967,8,10,9
85060,0,0,0,0,0,3.968647,0.496936,8,10,9
85070,1,0,0,2,1,3.968552,0.496924,8,10,9
85080,0,0,0,1,1,3.968290,0.496893,8,10,9
85090,0,1,0,2,1,3.968247,0.496889,8,10,9
85100,0,0,0,1,1,3.968342,0.496899,8,10,9
85110,2,0,4,7,1,3.968020,0.496864,8,10,9
85120,0,0,0,1,1,3.967915,0.496857,8,10,9
85130,0,0,1,2,1,3.967602,0.496826,8,10,9
85140,0,2,1,4,1,3.968176,0.496893,8,10,9
85150,0,0,2,3,1,3.967936,0.496868,8,10,9
85160,0,0,1,2,1,3.967629,0.496838,8,10,9
85170,1,5,4,11,1,3.967545,0.496819,8,10,9
85180,0,0,0,0,0,3.967352,0.496800,8,10,9
85190,0,1,0,2,1,3.967061,0.496769,8,10,9
85200,4,1,3,9,1,3.967140,0.496774,8,10,9
85210,0,0,0,1,1,3.966990,0.496758,8,10,9
85220,1,0,0,2,1,3.966661,0.496723,8,10,9
85230,1,0,1,3,1,3.966369,0.496686,8,10,9
85240,4,1,1,7,1,3.966590,0.496707,8,10,9
85250,0,0,0,0,0,3.966487,0.496694,8,10,9
85260,0,1,0,2,1,3.966489,0.496683,8,10,9
85270,0,0,1,2,1,3.966596,0.496697,8,10,9
85280,5,5,4,15,1,3.966567,0.496679,8,10,9
85290,3,0,4,8,1,3.967411,0.496775,8,10,9
85300,2,2,5,10,1,3.967427,0.496775,8,10,9
85310,0,0,0,0,0,3.968255,0.496873,8,10,9
85320,6,4,4,15,1,3.968401,0.496872,8,10,9
85330,1,1,0,3,1,3.969181,0.496966,8,10,9
85340,2,0,7,10,1,3.970223,0.497083,8,10,9
85350,0,0,0,0,0,3.970055,0.497075,8,10,9
85360,3,3,0,7,1,3.969864,0.497059,8,10,9
85370,0,0,1,2,1,3.969742,0.497044,8,10,9
85380,0,0,0,1,1,3.969439,0.497008,8,10,9
85390,0,0,0,0,0,3.969266,0.496983,8,10,9
85400,0,0,1,2,1,3.968932,0.496949,8,10,9
85410,0,0,0,1,1,3.968849,0.496936,8,10,9
85420,1,0,1,3,1,3.968833,0.496935,8,10,9
85430,0,0,0,0,0,3.968624,0.496913,8,10,9
85440,4,10,2,17,1,3.969581,0.497022,8,10,9
85450,4,1,0,6,1,3.969865,0.497050,8,10,9
85460,2,0,0,3,1,3.970076,0.497077,8,10,9
85470,4,0,1,6,1,3.969843,0.497047,8,10,9
85480,1,0,0,2,1,3.969698,0.497032,8,10,9
85490,0,1,0,2,1,3.969587,0.497014,8,10,9
85500,5,1,0,7,1,3.969638,0.497027,8,10,9
85510,0,0,0,0,0,3.969358,0.497014,8,10,9
85520,0,1,1,3,1,3.969176,0.497003,8,10,9
85530,0,0,1,2,1,3.968844,0.496965,8,10,9
85540,0,0,0,0,0,3.968819,0.496961,8,10,9
85550,0,3,1,5,1,3.968961,0.496969,8,10,9
85560,2,1,2,6,1,3.968949,0.496964,8,10,9
85570,0,2,1,4,1,3.969130,0.496980,8,10,9
85580,0,0,0,1,1,3.968922,0.496963,8,10,9
85590,0,0,0,0,0,3.968643,0.496935,8,10,9
85600,0,0,0,0,0,3.968405,0.496900,8,10,9
85610,0,0,0,0,0,3.968223,0.496875,8,10,9
85620,0,3,1,5,1,3.968088,0.496858,8,10,9
85630,0,4,4,9,1,3.968689,0.496927,8,10,9
85640,1,2,1,5,1,3.969465,0.497019,8,10,9
85650,0,0,0,1,1,3.969721,0.497049,8,10,9
85660,0,0,0,1,1,3.969426,0.497014,8,10,9
85670,0,2,0,3,1,3.969602,0.497036,8,10,9
85680,1,0,3,5,1,3.969424,0.497013,8,10,9
85690,1,1,0,3,1,3.969192,0.496979,8,10,9
85700,0,0,0,0,0,3.969244,0.496992,8,10,9
85710,0,5,0,6,1,3.969090,0.496974,8,10,9
85720,0,0,0,0,0,3.968882,0.496952,8,10,9
85730,0,0,2,3,1,3.968724,0.496924,8,10,9
85740,2,2,1,6,1,3.968559,0.496894,8,10,9
85750,1,0,0,2,1,3.968600,0.496904,8,10,9
85760,0,0,0,0,0,3.968242,0.496868,8,10,9
85770,2,0,1,4,1,3.968007,0.496839,8,10,9
85780,0,0,0,1,1,3.968056,0.496845,8,10,9
85790,3,0,2,6,1,3.967898,0.496823,8,10,9
85800,1,0,2,4,1,3.968048,0.496838,8,10,9
85810,1,0,1,3,1,3.967971,0.496821,8,10,9
85820,0,0,2,3,1,3.967749,0.496794,8,10,9
85830,0,0,0,0,0,3.967865,0.496809,8,10,9
85840,1,2,0,4,1,3.967628,0.496780,8,10,9
85850,0,0,0,0,0,3.967849,0.496804,8,10,9
85860,1,0,2,4,1,3.967823,0.496799,8,10,9
85870,0,2,0,3,1,3.967619,0.496775,8,10,9
85880,0,0,0,0,0,3.967356,0.496747,8,10,9
85890,1,7,5,14,1,3.967716,0.496782,8,10,9
85900,0,0,0,1,1,3.967927,0.496805,8,10,9
85910,6,4,5,16,1,3.967885,0.496797,8,10,9
85920,0,2,0,3,1,3.968188,0.496837,8,10,9
85930,2,1,0,4,1,3.968096,0.496819,8,10,9
85940,0,0,0,0,0,3.967801,0.496789,8,10,9
85950,0,1,0,2,1,3.967473,0.496753,8,10,9
85960,3,3,5,12,1,3.967550,0.496756,8,10,9
85970,1,0,1,3,1,3.967596,0.496757,8,10,9
85980,0,0,0,0,0,3.967415,0.496741,8,10,9
85990,1,1,4,7,1,3.967323,0.496718,8,10,9
86000,0,0,1,2,1,3.967436,0.496730,8,10,9
86010,0,4,0,5,1,3.967627,0.496746,8,10,9
86020,2,1,2,6,1,3.967643,0.496742,8,10,9
86030,0,1,0,2,1,3.967490,0.496722,8,10,9
86040,1,1,1,4,1,3.967520,0.496725,8,10,9
86050,4,2,8,15,1,3.967773,0.496748,8,10,9
86060,0,0,0,0,0,3.967941,0.496770,8,10,9
86070,0,6,4,11,1,3.967890,0.496758,8,10,9
86080,7,3,2,13,1,3.969245,0.496921,8,10,9
86090,3,7,6,17,1,3.970050,0.497021,8,10,9
86100,0,1,1,3,1,3.970067,0.497040,8,10,9
86110,0,0,0,0,0,3.969826,0.497015,8,10,9
86120,2,1,5,9,1,3.969902,0.497026,8,10,9
86130,0,0,1,2,1,3.970045,0.497048,8,10,9
86140,0,0,1,2,1,3.969944,0.497031,8,10,9
86150,0,0,0,1,1,3.969723,0.497003,8,10,9
86160,0,0,0,0,0,3.969445,0.496975,8,10,9
86170,3,1,0,5,1,3.969282,0.496950,8,10,9
86180,0,1,2,4,1,3.969252,0.496950,8,10,9
86190,3,0,2,6,1,3.969081,0.496929,8,10,9
86200,2,0,0,3,1,3.969074,0.496931,8,10,9
86210,0,2,0,3,1,3.968904,0.496906,8,10,9
86220,0,0,0,1,1,3.968706,0.496878,8,10,9
86230,0,0,0,0,0,3.968456,0.496843,8,10,9
86240,0,2,0,3,1,3.968278,0.496820,8,10,9
86250,0,2,1,4,1,3.968111,0.496802,8,10,9
86260,0,1,0,2,1,3.967957,0.496787,8,10,9
86270,0,0,1,2,1,3.967736,0.496761,8,10,9
86280,1,0,0,2,1,3.967625,0.496751,8,10,9
86290,0,0,0,1,1,3.967240,0.496717,8,10,9
86300,5,0,5,11,1,3.968270,0.496828,8,10,9
86310,0,0,0,0,0,3.968139,0.496821,8,10,9
86320,1,0,3,5,1,3.968001,0.496808,8,10,9
86330,1,0,1,3,1,3.967857,0.496783,8,10,9
86340,0,0,0,1,1,3.967632,0.496754,8,10,9
86350,6,0,1,8,1,3.967787,0.496769,8,10,9
86360,0,0,0,1,1,3.967764,0.496768,8,10,9
86370,0,1,3,5,1,3.967490,0.496724,8,10,9
86380,0,1,6,8,1,3.967669,0.496742,8,10,9
86390,1,1,0,3,1,3.967417,0.496714,8,10,9
86400,0,1,0,2,1,3.967180,0.496690,8,10,9
