Tempo(s),Fila1,Fila2,Fila3,TotalSistema,ServidorOcupado,E[N],E[W],PerdasF1,PerdasF2,PerdasF3
10,1,6,1,9,1,3.655163,0.361897,0,0,0
20,1,5,0,7,1,4.682367,0.485219,0,0,0
30,1,0,1,3,1,4.974862,0.525514,0,0,0
40,2,1,1,5,1,6.359581,0.655627,0,0,0
50,4,9,6,20,1,7.254171,0.741735,0,0,0
60,11,15,4,31,1,9.849852,0.981713,0,0,0
70,7,8,7,23,1,13.006491,1.311894,2,0,0
80,3,8,4,16,1,13.716219,1.375060,2,0,0
90,3,7,3,14,1,13.752253,1.375225,2,0,0
100,2,2,0,5,1,13.281139,1.332110,2,0,0
110,0,0,1,2,1,13.141617,1.334790,2,0,0
120,1,2,3,7,1,12.411859,1.257959,2,0,0
130,7,13,2,23,1,12.720103,1.288865,2,0,0
140,6,15,7,29,1,13.393293,1.360712,2,0,0
150,11,20,12,44,1,15.038417,1.513935,2,2,0
160,0,8,4,13,1,15.986967,1.622013,2,4,0
170,11,3,4,19,1,16.001603,1.612491,2,4,0
180,2,8,1,12,1,15.637534,1.579549,2,4,0
190,8,17,7,33,1,16.056938,1.606539,2,4,0
200,8,20,9,38,1,17.113970,1.714827,2,20,0
210,5,18,7,31,1,17.685685,1.777881,2,25,0
220,13,14,16,44,1,18.413162,1.845511,2,27,0
230,10,18,9,38,1,19.298960,1.945971,2,27,0
240,5,18,16,40,1,20.083271,2.010002,2,32,0
250,10,13,19,43,1,20.933511,2.095027,2,32,1
260,11,0,17,29,1,21.720639,2.190600,10,32,7
270,11,12,19,43,1,22.262750,2.236214,10,32,16
280,12,18,8,39,1,22.895356,2.303521,10,32,16
290,7,8,4,20,1,22.946814,2.311419,10,33,16
300,3,3,0,7,1,22.509703,2.269886,10,33,16
310,19,10,7,37,1,22.672171,2.284164,10,33,16
320,7,8,7,23,1,22.711731,2.286896,10,33,16
330,5,3,3,12,1,22.424003,2.263665,10,33,16
340,5,4,19,29,1,22.431106,2.245092,10,33,16
350,1,1,5,8,1,22.223336,2.224876,10,33,18
360,0,3,0,4,1,21.738130,2.182908,10,33,18
370,3,6,3,13,1,21.279862,2.131443,10,33,18
380,14,12,14,41,1,21.490791,2.149079,10,33,18
390,6,6,0,13,1,21.509572,2.157596,10,33,18
400,6,3,2,12,1,21.312484,2.136590,10,33,18
410,1,2,2,6,1,20.936725,2.109105,10,33,18
420,3,5,1,10,1,20.596516,2.080957,10,33,18
430,1,0,0,2,1,20.257698,2.052984,10,33,18
440,3,8,7,19,1,20.128211,2.035021,10,33,18
450,0,1,4,6,1,20.094917,2.038943,10,33,18
460,0,0,0,0,0,19.736440,2.007687,10,33,18
470,3,10,9,23,1,19.532435,1.980208,10,33,18
480,5,15,9,30,1,19.603518,1.985585,10,33,18
490,5,15,9,30,1,19.935171,2.016147,10,35,18
500,8,14,13,36,1,20.126101,2.039945,10,35,18
510,1,7,8,17,1,20.203776,2.054621,10,35,18
520,1,5,7,14,1,20.148296,2.049514,10,35,18
530,2,3,3,9,1,19.903643,2.025913,10,35,18
540,14,11,4,30,1,19.793307,2.012500,10,35,18
550,11,18,12,42,1,20.015015,2.032544,10,35,18
560,13,17,14,45,1,20.357524,2.064508,10,35,18
570,17,20,20,58,1,20.944504,2.122376,12,47,25
580,12,10,12,35,1,21.407696,2.174512,12,49,30
590,12,9,9,31,1,21.597641,2.193220,12,49,30
600,15,6,11,33,1,21.734608,2.208054,12,49,30
610,16,13,10,40,1,21.902566,2.229734,12,49,30
620,17,13,9,40,1,22.179259,2.257616,17,49,30
630,18,15,13,47,1,22.476697,2.288352,20,49,30
640,10,18,12,41,1,22.852260,2.326670,26,53,30
650,3,11,7,22,1,22.899423,2.333013,26,53,30
660,10,6,1,18,1,22.808853,2.323482,26,53,30
670,8,0,2,11,1,22.789463,2.320860,26,53,30
680,9,17,10,37,1,22.789644,2.315052,26,53,30
690,11,15,2,29,1,22.917620,2.329919,26,55,30
700,8,12,16,37,1,23.077825,2.345307,26,55,30
710,19,13,16,49,1,23.420917,2.377588,28,55,36
720,14,13,13,41,1,23.746769,2.411860,29,55,41
730,7,11,5,24,1,23.883095,2.433309,29,55,41
740,8,8,4,21,1,23.798359,2.423058,29,55,41
750,20,19,7,47,1,23.996654,2.438354,30,55,41
760,18,16,13,48,1,24.312980,2.473941,32,58,41
770,9,6,9,25,1,24.514601,2.499172,32,58,41
780,12,8,4,25,1,24.539491,2.504030,32,58,41
790,9,3,2,15,1,24.453898,2.496263,32,58,41
800,8,0,1,10,1,24.372960,2.487354,32,58,41
810,12,12,2,27,1,24.218106,2.467505,32,58,41
820,7,7,1,16,1,24.232762,2.473346,32,58,41
830,10,2,6,19,1,24.069340,2.458171,32,58,41
840,4,3,2,10,1,23.927493,2.444550,32,58,41
850,0,3,1,5,1,23.723786,2.428959,32,58,41
860,1,1,2,5,1,23.483757,2.406581,32,58,41
870,2,3,8,14,1,23.310091,2.388667,32,58,41
880,1,3,4,9,1,23.157501,2.378455,32,58,41
890,10,8,15,34,1,23.128466,2.370648,32,58,41
900,17,1,17,36,1,23.256670,2.379605,32,58,42
910,5,1,20,27,1,23.341949,2.387990,32,58,47
920,5,5,10,21,1,23.350777,2.390687,32,58,47
930,3,4,1,9,1,23.229017,2.380757,32,58,47
940,0,0,1,2,1,23.043954,2.360649,32,58,47
950,8,5,1,15,1,22.934676,2.349611,32,58,47
960,9,10,6,26,1,22.883761,2.341050,32,58,47
970,4,2,6,13,1,22.777873,2.331139,32,58,47
980,0,3,0,4,1,22.644944,2.319888,32,58,47
990,6,6,2,15,1,22.564497,2.309164,32,58,47
1000,13,6,11,31,1,22.600987,2.313068,32,58,47
1010,0,7,9,17,1,22.584441,2.309668,32,58,47
1020,2,6,11,20,1,22.557435,2.305007,32,58,47
1030,0,0,0,0,0,22.434761,2.293579,32,58,47
1040,0,0,0,0,0,22.262807,2.277301,32,58,47
1050,1,4,0,6,1,22.066900,2.257648,32,58,47
1060,1,1,0,3,1,21.887812,2.240568,32,58,47
1070,5,1,3,10,1,21.775808,2.230743,32,58,47
1080,3,4,5,13,1,21.675666,2.222512,32,58,47
1090,1,9,16,27,1,21.720621,2.226394,32,58,47
1100,4,13,15,33,1,21.799052,2.233093,32,58,48
1110,15,18,16,50,1,21.938772,2.242361,32,62,48
1120,18,15,17,51,1,22.205440,2.270619,40,64,50
1130,11,3,1,16,1,22.284338,2.279057,40,64,50
1140,14,10,6,31,1,22.239481,2.272386,40,64,50
1150,8,17,15,41,1,22.384650,2.285568,40,69,50
1160,5,15,18,39,1,22.485138,2.296624,40,69,50
1170,7,19,20,47,1,22.620246,2.310002,40,72,51
1180,12,18,16,47,1,22.810267,2.330198,40,78,59
1190,15,19,18,53,1,23.039836,2.354032,40,80,68
1200,7,19,14,41,1,23.210032,2.373214,40,84,68
1210,7,14,7,29,1,23.315966,2.384207,40,84,68
1220,14,16,2,33,1,23.367868,2.386273,40,84,68
1230,2,1,1,5,1,23.299084,2.382597,40,84,68
1240,1,1,3,6,1,23.152555,2.368548,40,84,68
1250,0,3,3,7,1,22.995627,2.354373,40,84,68
1260,0,2,2,5,1,22.904660,2.344996,40,84,68
1270,0,4,2,7,1,22.814212,2.334922,40,84,68
1280,3,2,3,9,1,22.671882,2.321972,40,84,68
1290,10,10,12,33,1,22.649561,2.318700,40,84,68
1300,5,11,14,31,1,22.695579,2.321707,40,84,68
1310,18,10,13,42,1,22.850326,2.334029,45,84,72
1320,16,11,14,42,1,23.041730,2.354109,48,84,73
1330,17,16,5,39,1,23.160803,2.367161,49,84,73
1340,0,7,3,11,1,23.164011,2.368544,49,84,73
1350,13,11,6,31,1,23.156790,2.365978,49,84,73
1360,18,6,5,30,1,23.219925,2.370803,50,84,73
1370,13,5,6,25,1,23.192062,2.367242,50,84,73
1380,8,17,8,34,1,23.252492,2.372177,50,85,73
1390,1,1,1,4,1,23.205201,2.367530,50,85,73
1400,2,0,0,3,1,23.063144,2.352011,50,85,73
1410,0,3,5,9,1,22.967242,2.341563,50,85,73
1420,0,6,2,9,1,22.857530,2.330559,50,85,73
1430,0,0,0,0,0,22.745288,2.318797,50,85,73
1440,8,6,6,21,1,22.636584,2.306750,50,85,73
1450,9,14,8,32,1,22.655902,2.306309,50,85,73
1460,7,11,9,28,1,22.751463,2.317367,50,85,73
1470,4,8,15,28,1,22.762001,2.318790,50,85,73
1480,11,3,13,28,1,22.775191,2.321438,50,85,73
1490,18,0,18,37,1,22.858025,2.330696,52,85,74
1500,5,8,17,31,1,22.896834,2.335458,52,85,76
1510,15,11,20,47,1,22.923205,2.336734,52,85,76
1520,12,19,11,43,1,23.068289,2.351066,52,87,86
1530,4,12,8,25,1,23.121238,2.358524,52,87,86
1540,5,12,13,31,1,23.141983,2.358770,52,87,86
1550,14,18,12,45,1,23.278004,2.372495,52,92,91
1560,16,14,8,39,1,23.438806,2.390151,52,104,91
1570,10,5,0,16,1,23.475478,2.393901,55,104,91
1580,0,4,6,11,1,23.393924,2.385902,55,104,91
1590,1,0,0,2,1,23.304052,2.377507,55,104,91
1600,0,3,7,11,1,23.194423,2.365722,55,104,91
1610,0,0,0,0,0,23.076110,2.354705,55,104,91
1620,0,1,1,3,1,22.948456,2.344189,55,104,91
1630,0,1,0,2,1,22.832178,2.332881,55,104,91
1640,0,0,0,0,0,22.709700,2.323968,55,104,91
1650,1,0,1,3,1,22.591994,2.312886,55,104,91
1660,5,10,8,24,1,22.539391,2.306886,55,104,91
1670,4,6,8,19,1,22.544460,2.307646,55,104,91
1680,1,3,10,15,1,22.526819,2.304815,55,104,91
1690,4,0,2,7,1,22.441991,2.297351,55,104,91
1700,5,3,7,16,1,22.368914,2.289000,55,104,91
1710,5,2,13,21,1,22.328346,2.284127,55,104,91
1720,1,1,9,12,1,22.305399,2.280933,55,104,91
1730,3,2,2,8,1,22.197088,2.271977,55,104,91
1740,4,1,11,17,1,22.177779,2.268760,55,104,91
1750,13,2,8,24,1,22.189834,2.267972,55,104,91
1760,20,5,13,39,1,22.251891,2.274425,60,104,91
1770,14,0,15,30,1,22.328137,2.283779,61,104,91
1780,18,14,9,42,1,22.364444,2.286805,61,104,91
1790,19,15,1,36,1,22.428690,2.294266,65,104,91
1800,20,16,12,49,1,22.504378,2.300538,71,104,91
1810,9,14,13,37,1,22.621181,2.313762,73,106,91
1820,6,5,2,14,1,22.643051,2.316620,73,106,91
1830,19,13,7,40,1,22.659856,2.316752,73,106,91
1840,9,7,3,20,1,22.699358,2.320121,73,106,91
1850,14,17,7,39,1,22.742165,2.322807,73,106,91
1860,19,13,7,40,1,22.835544,2.333999,75,106,91
1870,15,12,7,35,1,22.941923,2.346390,78,109,91
1880,12,19,10,42,1,23.020726,2.353653,78,112,91
1890,11,14,13,39,1,23.108299,2.361177,78,115,91
1900,20,9,12,42,1,23.184637,2.370617,79,115,91
1910,18,17,8,44,1,23.272801,2.378333,79,115,91
1920,10,17,12,40,1,23.373522,2.388481,81,115,91
1930,14,18,2,35,1,23.443176,2.395707,81,117,91
1940,12,20,15,48,1,23.555360,2.407407,81,126,91
1950,3,17,17,38,1,23.628840,2.414391,81,128,91
1960,3,12,7,23,1,23.684764,2.422362,81,128,95
1970,14,19,1,35,1,23.682541,2.421855,81,128,95
1980,18,17,6,42,1,23.740085,2.427336,85,128,95
1990,18,17,1,37,1,23.822201,2.435833,91,130,95
2000,19,13,7,40,1,23.893752,2.441377,93,132,95
2010,10,1,2,14,1,23.905119,2.443019,93,132,95
2020,11,0,3,15,1,23.901946,2.442182,94,132,95
2030,19,6,7,33,1,23.929142,2.442977,102,132,95
2040,13,1,1,16,1,23.925428,2.444549,102,132,95
2050,18,7,8,34,1,23.944204,2.443894,104,132,95
2060,20,10,10,41,1,24.004588,2.451026,108,132,95
2070,19,3,11,34,1,24.065308,2.459645,115,132,95
2080,14,14,19,48,1,24.166392,2.468865,119,132,102
2090,12,18,19,50,1,24.276007,2.481020,119,132,107
2100,17,16,16,50,1,24.410260,2.495815,122,141,115
2110,13,8,16,38,1,24.547083,2.511972,136,141,120
2120,4,3,17,25,1,24.576993,2.516092,136,141,123
2130,0,0,8,9,1,24.563040,2.513779,136,141,124
2140,0,2,6,9,1,24.465305,2.503982,136,141,124
2150,5,7,11,24,1,24.450563,2.500058,136,141,124
2160,1,4,7,13,1,24.421735,2.497441,136,141,124
2170,0,3,0,4,1,24.372897,2.493009,136,141,124
2180,8,9,10,28,1,24.329900,2.487650,136,141,124
2190,19,16,19,55,1,24.380023,2.491937,136,141,127
2200,19,18,19,57,1,24.515454,2.506227,141,143,134
2210,14,17,15,47,1,24.649600,2.519570,145,145,145
2220,10,19,14,44,1,24.740209,2.529394,145,149,145
2230,3,20,9,33,1,24.760052,2.531633,145,150,145
2240,3,10,7,21,1,24.764729,2.534171,145,153,145
2250,17,4,7,29,1,24.764125,2.533040,145,153,145
2260,17,6,20,44,1,24.823483,2.537247,146,153,146
2270,13,0,17,31,1,24.871683,2.543415,147,153,149
2280,2,2,0,5,1,24.832717,2.541001,147,153,149
2290,0,0,1,2,1,24.745467,2.534081,147,153,149
2300,1,5,8,15,1,24.673570,2.525667,147,153,149
2310,3,5,12,21,1,24.660256,2.525277,147,153,149
2320,2,3,10,16,1,24.623421,2.523359,147,153,149
2330,0,1,0,2,1,24.549791,2.517872,147,153,149
2340,0,0,0,0,0,24.462179,2.510372,147,153,149
2350,0,7,4,12,1,24.379884,2.500010,147,153,149
2360,6,0,2,9,1,24.319582,2.494641,147,153,149
2370,14,6,2,23,1,24.250143,2.486387,147,153,149
2380,9,7,0,17,1,24.255136,2.487814,147,153,149
2390,0,0,0,0,0,24.181656,2.481927,147,153,149
2400,0,4,2,7,1,24.104169,2.473914,147,153,149
2410,6,17,3,27,1,24.078341,2.469521,147,153,149
2420,7,13,8,29,1,24.068799,2.467967,147,153,149
2430,7,16,8,32,1,24.114897,2.471601,147,154,149
2440,20,14,11,46,1,24.199822,2.480261,153,156,149
2450,17,20,18,56,1,24.303893,2.492029,170,158,150
2460,14,20,19,54,1,24.398966,2.502145,170,163,154
2470,18,16,13,48,1,24.509455,2.516036,170,173,161
2480,17,9,14,41,1,24.590533,2.525030,171,173,161
2490,1,0,18,20,1,24.626832,2.528902,171,173,163
2500,2,3,11,17,1,24.611737,2.527495,171,173,167
2510,1,2,4,8,1,24.532633,2.519720,171,173,167
2520,10,7,0,18,1,24.485918,2.515061,171,173,167
2530,20,19,9,49,1,24.527210,2.516376,171,175,167
2540,18,15,14,48,1,24.623578,2.527639,176,177,167
2550,13,13,15,42,1,24.712213,2.536780,183,177,171
2560,18,13,15,47,1,24.798184,2.544729,188,177,179
2570,10,1,16,28,1,24.835246,2.548680,188,177,179
2580,6,1,14,22,1,24.852016,2.549431,188,177,179
2590,2,5,0,8,1,24.803558,2.545114,188,177,179
2600,8,12,7,28,1,24.781355,2.540976,188,177,179
2610,4,18,14,37,1,24.818869,2.544775,188,180,179
2620,6,10,10,27,1,24.888840,2.551902,188,189,179
2630,9,19,19,48,1,24.947206,2.556644,188,189,180
2640,9,19,15,44,1,25.019028,2.565257,188,201,190
2650,15,13,15,44,1,25.091909,2.573479,188,206,195
2660,10,5,17,33,1,25.154611,2.579662,192,206,195
2670,5,5,9,20,1,25.130183,2.577702,192,206,195
2680,8,7,13,29,1,25.147644,2.579937,192,206,195
2690,4,6,6,17,1,25.132291,2.580081,192,206,195
2700,9,20,5,35,1,25.118645,2.577838,192,207,195
2710,18,20,3,42,1,25.168713,2.583313,194,211,195
2720,1,17,8,27,1,25.187401,2.586932,194,217,195
2730,8,17,17,43,1,25.208390,2.588053,194,217,195
2740,6,15,17,39,1,25.258135,2.593393,194,217,198
2750,8,12,18,39,1,25.300017,2.597829,194,217,203
2760,15,6,18,40,1,25.355694,2.603293,195,217,203
2770,9,6,15,31,1,25.392564,2.607890,196,217,206
2780,17,12,18,48,1,25.450649,2.612540,196,217,209
2790,19,8,20,48,1,25.529395,2.620374,205,217,221
2800,17,17,19,54,1,25.601382,2.627900,214,217,221
2810,20,11,17,49,1,25.685351,2.637138,220,217,231
2820,19,12,15,47,1,25.740567,2.642846,221,217,231
2830,17,10,0,28,1,25.773839,2.647549,225,217,231
2840,7,4,2,14,1,25.716510,2.643223,225,217,231
2850,9,1,1,12,1,25.674637,2.638756,225,217,231
2860,9,10,1,21,1,25.643209,2.634608,225,217,231
2870,0,2,0,3,1,25.595699,2.630511,225,217,231
2880,5,3,0,9,1,25.531983,2.623430,225,217,231
2890,4,3,2,10,1,25.490600,2.619673,225,217,231
2900,5,6,9,21,1,25.421393,2.611664,225,217,231
2910,5,3,9,18,1,25.385761,2.607850,225,217,231
2920,0,0,0,0,0,25.327873,2.603583,225,217,231
2930,2,3,1,7,1,25.251686,2.596233,225,217,231
2940,0,0,0,0,0,25.194492,2.590648,225,217,231
2950,7,5,4,17,1,25.131318,2.583814,225,217,231
2960,10,10,10,31,1,25.140058,2.583660,225,217,231
2970,9,4,6,20,1,25.177979,2.587942,226,217,231
2980,19,8,4,32,1,25.176904,2.586609,226,217,231
2990,20,19,19,59,1,25.241630,2.591063,242,217,231
3000,8,11,14,34,1,25.301799,2.598076,246,226,232
3010,15,11,12,39,1,25.362800,2.604552,246,226,240
3020,2,5,5,13,1,25.382292,2.606587,246,226,240
3030,1,7,2,11,1,25.322430,2.599856,246,226,240
3040,0,0,0,0,0,25.274084,2.594577,246,226,240
3050,1,4,3,9,1,25.199055,2.587172,246,226,240
3060,0,0,0,1,1,25.138385,2.581931,246,226,240
3070,0,0,0,1,1,25.069043,2.575615,246,226,240
3080,2,3,5,11,1,25.007948,2.567825,246,226,240
3090,0,0,0,0,0,24.960301,2.563051,246,226,240
3100,11,8,14,34,1,24.913754,2.556272,246,226,240
3110,2,5,12,20,1,24.900338,2.555609,246,226,240
3120,5,9,16,31,1,24.894285,2.554100,246,226,240
3130,6,18,19,44,1,24.932708,2.557662,246,226,247
3140,8,13,13,35,1,25.002418,2.565943,246,238,255
3150,9,12,10,32,1,25.002160,2.566288,246,238,255
3160,11,14,18,44,1,25.071767,2.573301,246,239,258
3170,17,17,19,54,1,25.147035,2.580978,248,240,270
3180,16,13,11,41,1,25.233746,2.589998,250,248,275
3190,14,14,15,44,1,25.296008,2.596926,251,248,275
3200,10,13,10,34,1,25.343929,2.602798,251,248,275
3210,11,4,11,27,1,25.352530,2.604879,251,248,275
3220,1,0,0,2,1,25.305739,2.601343,251,248,275
3230,3,7,12,23,1,25.255373,2.594950,251,248,275
3240,4,1,15,21,1,25.250483,2.594639,251,248,275
3250,1,0,0,2,1,25.212000,2.590957,251,248,275
3260,8,11,11,31,1,25.190824,2.587500,251,248,275
3270,4,12,7,24,1,25.202314,2.588872,251,248,275
3280,6,1,10,18,1,25.211169,2.590297,251,248,275
3290,6,2,12,21,1,25.217255,2.590140,251,248,275
3300,5,10,6,22,1,25.217547,2.589796,251,248,275
3310,11,13,5,30,1,25.248263,2.592095,251,248,275
3320,15,8,19,43,1,25.304677,2.596635,255,248,278
3330,12,4,15,32,1,25.349827,2.601866,256,248,284
3340,11,4,17,33,1,25.369506,2.604240,256,248,286
3350,13,12,20,46,1,25.396643,2.606659,256,248,289
3360,2,13,16,32,1,25.441285,2.612313,256,248,292
3370,5,16,12,34,1,25.473683,2.616069,256,250,292
3380,0,10,18,29,1,25.499005,2.618938,256,250,293
3390,11,19,16,47,1,25.534028,2.621690,256,252,296
3400,18,18,19,56,1,25.617603,2.630859,257,255,306
3410,17,13,13,44,1,25.686721,2.639736,261,261,311
3420,5,7,9,22,1,25.715623,2.644956,261,261,311
3430,1,11,4,17,1,25.691359,2.642161,261,261,311
3440,1,9,2,13,1,25.672129,2.639965,261,261,311
3450,1,7,10,19,1,25.639973,2.636599,261,261,311
3460,1,0,3,5,1,25.598254,2.632016,261,261,311
3470,3,2,0,6,1,25.536001,2.625946,261,261,311
3480,2,11,2,16,1,25.502212,2.621561,261,261,311
3490,3,8,3,15,1,25.471048,2.619227,261,261,311
3500,5,2,15,23,1,25.450858,2.617093,261,261,311
3510,19,5,18,43,1,25.485027,2.620703,261,261,330
3520,6,12,8,27,1,25.526962,2.625878,261,261,341
3530,7,14,8,30,1,25.507813,2.623389,261,261,341
3540,19,15,16,51,1,25.563636,2.628995,261,261,341
3550,13,15,8,37,1,25.618151,2.635536,265,261,341
3560,16,8,3,28,1,25.635161,2.637377,265,261,341
3570,18,6,8,33,1,25.637727,2.636973,265,261,341
3580,19,1,10,31,1,25.651568,2.638565,273,261,341
3590,15,2,0,18,1,25.653128,2.638364,275,261,341
3600,13,2,2,18,1,25.638137,2.637442,275,261,341
3610,2,0,1,4,1,25.598764,2.634233,275,261,341
3620,0,0,4,5,1,25.540952,2.627774,275,261,341
3630,2,0,1,4,1,25.488086,2.622053,275,261,341
3640,0,2,1,4,1,25.424959,2.617497,275,261,341
3650,0,1,1,3,1,25.367235,2.612154,275,261,341
3660,0,7,5,13,1,25.323628,2.606938,275,261,341
3670,0,1,0,2,1,25.275835,2.602905,275,261,341
3680,5,5,7,18,1,25.234499,2.597493,275,261,341
3690,7,1,6,15,1,25.192282,2.592724,275,261,341
3700,0,2,2,5,1,25.142371,2.587527,275,261,341
3710,0,3,1,5,1,25.082217,2.582710,275,261,341
3720,1,2,3,7,1,25.023059,2.576199,275,261,341
3730,11,6,7,25,1,25.009591,2.573685,275,261,341
3740,9,14,1,25,1,25.002944,2.573013,275,261,341
3750,17,4,10,32,1,24.999234,2.572149,275,261,341
3760,12,1,1,15,1,25.008702,2.574546,290,261,341
3770,16,1,0,18,1,24.986317,2.572111,290,261,341
3780,10,2,0,13,1,24.977873,2.571112,292,261,341
3790,4,4,4,13,1,24.962029,2.568863,292,261,341
3800,0,0,4,5,1,24.923368,2.564757,292,261,341
3810,1,1,4,7,1,24.891901,2.560632,292,261,341
3820,5,8,5,19,1,24.847308,2.554890,292,261,341
3830,15,5,7,28,1,24.846024,2.554295,292,261,341
3840,9,11,9,30,1,24.866348,2.555993,292,261,341
3850,12,7,16,36,1,24.879095,2.556913,292,261,341
3860,0,2,4,7,1,24.870120,2.556760,292,261,341
3870,2,3,1,7,1,24.813735,2.551185,292,261,341
3880,12,6,8,27,1,24.785325,2.547607,292,261,341
3890,3,4,0,8,1,24.775633,2.547168,292,261,341
3900,2,3,2,8,1,24.736396,2.542817,292,261,341
3910,11,15,6,33,1,24.733959,2.542118,292,261,341
3920,14,19,5,39,1,24.748014,2.543515,292,261,341
3930,11,10,3,25,1,24.780633,2.546754,292,265,341
3940,3,11,3,18,1,24.790744,2.548212,292,265,341
3950,0,2,1,4,1,24.756157,2.544676,292,265,341
3960,18,2,6,27,1,24.733953,2.541423,292,265,341
3970,16,11,9,37,1,24.740771,2.541816,296,265,341
3980,11,15,0,27,1,24.775934,2.545122,298,266,341
3990,9,12,1,23,1,24.781903,2.546086,298,266,341
4000,14,16,4,35,1,24.789964,2.546217,298,266,341
4010,14,6,7,28,1,24.790018,2.546311,298,266,341
4020,6,0,3,10,1,24.788033,2.546390,298,266,341
4030,0,3,4,8,1,24.753400,2.543050,298,266,341
4040,0,3,1,5,1,24.706733,2.538148,298,266,341
4050,6,3,16,26,1,24.681297,2.534785,298,266,341
4060,3,4,4,12,1,24.671041,2.533692,298,266,341
4070,0,0,0,1,1,24.625410,2.529029,298,266,341
4080,0,0,0,1,1,24.571869,2.523999,298,266,341
4090,0,0,2,3,1,24.516682,2.518479,298,266,341
4100,1,3,4,9,1,24.476148,2.513707,298,266,341
4110,0,0,1,2,1,24.432170,2.509214,298,266,341
4120,5,2,4,12,1,24.389455,2.505100,298,266,341
4130,4,0,0,5,1,24.351640,2.501425,298,266,341
4140,2,2,1,6,1,24.298673,2.496067,298,266,341
4150,0,1,5,7,1,24.257595,2.492178,298,266,341
4160,8,7,2,18,1,24.223096,2.488408,298,266,341
4170,11,3,3,18,1,24.181025,2.483556,298,266,341
4180,0,2,4,7,1,24.162613,2.481993,298,266,341
4190,0,0,0,0,0,24.117846,2.477172,298,266,341
4200,0,1,2,4,1,24.064070,2.472699,298,266,341
4210,2,8,6,17,1,24.020026,2.468433,298,266,341
4220,6,5,7,19,1,23.993694,2.465686,298,266,341
4230,1,2,4,8,1,23.953482,2.461094,298,266,341
4240,1,0,0,2,1,23.907362,2.456732,298,266,341
4250,2,3,2,8,1,23.861548,2.452814,298,266,341
4260,10,5,2,18,1,23.818963,2.447567,298,266,341
4270,2,2,0,5,1,23.781969,2.444431,298,266,341
4280,0,1,0,2,1,23.734897,2.440079,298,266,341
4290,3,10,3,17,1,23.715860,2.436853,298,266,341
4300,2,8,2,13,1,23.708853,2.436617,298,266,341
4310,10,5,8,24,1,23.685902,2.434102,298,266,341
4320,18,7,13,39,1,23.706667,2.435790,298,266,341
4330,13,3,6,23,1,23.730121,2.438856,302,266,341
4340,19,12,10,42,1,23.735854,2.438423,303,266,341
4350,16,18,4,39,1,23.775570,2.442522,308,267,341
4360,4,18,3,26,1,23.774684,2.442221,308,267,341
4370,13,4,3,21,1,23.769775,2.442024,308,267,341
4380,20,11,19,51,1,23.803405,2.445096,312,267,346
4390,17,9,18,45,1,23.850130,2.450146,315,267,356
4400,16,14,20,51,1,23.896838,2.455479,316,267,364
4410,14,13,19,47,1,23.954149,2.461215,316,267,372
4420,9,7,7,24,1,23.994520,2.466356,318,267,379
4430,18,14,9,42,1,24.021975,2.468622,318,267,379
4440,9,3,2,15,1,24.034869,2.470250,320,267,379
4450,12,10,12,35,1,24.022971,2.467905,320,267,379
4460,11,13,12,37,1,24.054498,2.471618,320,269,379
4470,2,9,6,18,1,24.049672,2.471652,320,269,379
4480,9,15,9,34,1,24.055038,2.471880,320,269,379
4490,6,16,7,30,1,24.066920,2.473289,320,269,379
4500,11,18,10,40,1,24.093570,2.475593,320,270,379
4510,14,17,12,44,1,24.128110,2.478878,320,271,379
4520,19,16,16,52,1,24.180572,2.483496,321,272,379
4530,18,20,19,58,1,24.244170,2.490726,330,281,386
4540,13,12,16,42,1,24.306644,2.497842,330,289,388
4550,17,12,14,44,1,24.364490,2.504200,331,289,391
4560,13,17,12,43,1,24.412246,2.509634,338,289,391
4570,15,17,16,49,1,24.471853,2.515155,340,292,392
4580,20,18,19,58,1,24.543421,2.523547,350,302,403
4590,6,11,15,33,1,24.584584,2.528473,351,302,408
4600,0,18,15,34,1,24.611001,2.530921,351,303,411
4610,10,15,17,43,1,24.656624,2.535965,351,307,418
4620,17,18,14,50,1,24.713210,2.541742,354,312,419
4630,20,7,17,45,1,24.760882,2.545979,354,312,419
4640,18,5,13,37,1,24.794941,2.549552,358,312,422
4650,11,8,13,33,1,24.821588,2.552250,359,312,423
4660,4,5,7,17,1,24.816568,2.552367,359,312,423
4670,16,4,4,25,1,24.806696,2.551140,359,312,423
4680,11,7,5,24,1,24.799000,2.550026,359,312,423
4690,16,5,3,25,1,24.790135,2.548737,359,312,423
4700,9,6,2,18,1,24.781214,2.547500,359,312,423
4710,0,6,6,13,1,24.758979,2.545674,359,312,423
4720,0,6,7,14,1,24.729813,2.542801,359,312,423
4730,7,0,11,19,1,24.713176,2.540938,359,312,423
4740,2,3,17,23,1,24.708498,2.540527,359,312,424
4750,4,6,14,25,1,24.709370,2.540576,359,312,424
4760,3,4,5,13,1,24.689212,2.538627,359,312,424
4770,0,0,1,2,1,24.650604,2.535217,359,312,424
4780,2,2,5,10,1,24.615878,2.531877,359,312,424
4790,3,2,3,9,1,24.576115,2.527473,359,312,424
4800,8,13,3,25,1,24.573553,2.527060,359,312,424
4810,2,2,3,8,1,24.568680,2.526896,359,312,424
4820,2,0,3,6,1,24.528598,2.522948,359,312,424
4830,6,1,4,12,1,24.488546,2.518250,359,312,424
4840,14,18,11,44,1,24.491886,2.517162,359,312,424
4850,11,17,4,33,1,24.531859,2.521607,362,320,424
4860,12,15,9,37,1,24.557657,2.524595,362,331,424
4870,11,16,15,43,1,24.584379,2.526556,362,332,424
4880,14,5,14,34,1,24.621820,2.530740,362,332,424
4890,11,5,12,29,1,24.637256,2.532076,362,332,428
4900,8,3,0,12,1,24.635035,2.531917,362,332,428
4910,0,8,1,10,1,24.619783,2.529994,362,332,428
4920,1,3,1,6,1,24.580309,2.526641,362,332,428
4930,0,1,2,4,1,24.548889,2.523163,362,332,428
4940,1,0,0,2,1,24.520385,2.520353,362,332,428
4950,0,0,1,2,1,24.474470,2.516015,362,332,428
4960,1,1,1,4,1,24.434344,2.512112,362,332,428
4970,2,10,10,23,1,24.413319,2.509549,362,332,428
4980,6,17,3,27,1,24.419528,2.510565,362,332,428
4990,9,15,16,41,1,24.444697,2.512545,362,332,428
5000,16,14,19,50,1,24.502676,2.517795,362,334,432
5010,20,20,15,56,1,24.561303,2.523939,366,345,434
5020,18,19,16,54,1,24.626344,2.531987,370,360,442
5030,11,19,13,44,1,24.669644,2.536815,370,361,442
5040,6,6,5,18,1,24.679175,2.538533,370,366,442
5050,7,5,9,22,1,24.662437,2.536203,370,366,442
5060,8,18,7,34,1,24.653205,2.535523,370,366,442
5070,0,0,0,0,0,24.645508,2.534847,370,373,442
5080,3,0,0,4,1,24.606727,2.530972,370,373,442
5090,4,1,7,13,1,24.580577,2.528396,370,373,442
5100,0,0,11,12,1,24.562332,2.526224,370,373,442
5110,9,3,0,13,1,24.534896,2.523059,370,373,442
5120,6,1,0,8,1,24.500976,2.519077,370,373,442
5130,9,4,3,17,1,24.486770,2.517630,370,373,442
5140,1,4,0,6,1,24.453228,2.514446,370,373,442
5150,6,6,8,21,1,24.427169,2.511378,370,373,442
5160,12,9,3,25,1,24.416266,2.510370,370,373,442
5170,5,6,14,26,1,24.428218,2.511312,370,373,442
5180,20,6,19,46,1,24.449978,2.513164,370,373,452
5190,18,0,16,35,1,24.474980,2.515698,370,373,457
5200,16,0,19,36,1,24.498460,2.517977,370,373,460
5210,18,6,11,36,1,24.522250,2.520586,374,373,462
5220,14,8,13,36,1,24.527125,2.519960,374,373,462
5230,0,0,1,2,1,24.503547,2.517999,374,373,462
5240,0,0,0,1,1,24.471642,2.514341,374,373,462
5250,9,4,1,15,1,24.442809,2.510805,374,373,462
5260,10,8,1,20,1,24.441276,2.510077,374,373,462
5270,5,10,5,21,1,24.419414,2.507752,374,373,462
5280,0,0,0,0,0,24.388283,2.505450,374,373,462
5290,1,0,0,2,1,24.346027,2.501418,374,373,462
5300,0,0,0,0,0,24.303977,2.498324,374,373,462
5310,3,4,3,11,1,24.264419,2.494368,374,373,462
5320,8,4,6,19,1,24.247600,2.492315,374,373,462
5330,2,3,13,19,1,24.247551,2.492083,374,373,462
5340,4,9,19,33,1,24.256307,2.493334,374,373,469
5350,10,7,20,38,1,24.271453,2.495192,374,373,476
5360,12,3,11,27,1,24.273302,2.495634,374,373,480
5370,12,12,16,41,1,24.297374,2.497357,374,373,488
5380,8,13,14,36,1,24.331968,2.501500,374,373,492
5390,12,20,14,47,1,24.367555,2.504359,374,373,492
5400,20,20,20,61,1,24.419058,2.509285,382,382,495
5410,19,19,17,56,1,24.475757,2.515604,392,392,498
5420,19,19,20,59,1,24.537254,2.522656,404,411,500
5430,9,12,13,35,1,24.563019,2.525270,404,411,500
5440,13,10,8,32,1,24.595290,2.529270,412,411,500
5450,0,14,4,19,1,24.604411,2.530363,412,411,500
5460,4,15,2,22,1,24.596354,2.529117,412,411,500
5470,0,1,1,3,1,24.576280,2.526875,412,411,500
5480,12,2,7,22,1,24.556136,2.524295,412,411,500
5490,14,2,1,18,1,24.543615,2.523210,412,411,500
5500,6,6,4,17,1,24.527053,2.521237,412,411,500
5510,9,8,18,36,1,24.542350,2.522588,412,411,508
5520,18,8,20,47,1,24.581016,2.526481,415,411,508
5530,9,0,10,20,1,24.599518,2.529290,417,411,513
5540,2,10,4,17,1,24.588586,2.527756,417,411,513
5550,0,8,1,10,1,24.572049,2.526022,417,411,513
5560,3,0,0,4,1,24.539416,2.522820,417,411,513
5570,2,0,0,3,1,24.501526,2.520007,417,411,513
5580,4,0,11,16,1,24.478113,2.517331,417,411,513
5590,1,0,1,3,1,24.459853,2.516066,417,411,513
5600,0,1,0,2,1,24.425106,2.512686,417,411,513
5610,1,0,10,12,1,24.393718,2.508915,417,411,513
5620,1,3,0,5,1,24.359940,2.505910,417,411,513
5630,0,1,0,2,1,24.319720,2.502468,417,411,513
5640,8,6,8,23,1,24.295494,2.499801,417,411,513
5650,3,2,4,10,1,24.281987,2.498056,417,411,513
5660,8,6,3,18,1,24.256402,2.495025,417,411,513
5670,11,6,7,25,1,24.252787,2.494075,417,411,513
5680,2,2,0,5,1,24.243975,2.492999,417,411,513
5690,0,0,0,0,0,24.207539,2.489443,417,411,513
5700,1,3,4,9,1,24.177120,2.486191,417,411,513
5710,4,2,0,7,1,24.153880,2.483589,417,411,513
5720,1,3,0,5,1,24.116063,2.480604,417,411,513
5730,8,9,6,24,1,24.087735,2.478055,417,411,513
5740,3,9,5,18,1,24.081717,2.477179,417,411,513
5750,4,11,8,24,1,24.073887,2.475719,417,411,513
5760,11,7,19,38,1,24.084066,2.476157,417,411,515
5770,10,12,14,37,1,24.109760,2.478722,417,411,516
5780,10,12,11,34,1,24.128109,2.480444,417,411,516
5790,2,6,3,12,1,24.119076,2.480276,417,411,516
5800,4,5,4,14,1,24.106977,2.478823,417,411,516
5810,6,10,6,23,1,24.096353,2.477434,417,411,516
5820,8,12,1,22,1,24.102879,2.477679,417,411,516
5830,15,16,5,37,1,24.125644,2.480294,420,413,516
5840,2,17,6,26,1,24.142623,2.482576,420,415,516
5850,6,18,11,36,1,24.153417,2.483522,420,422,516
5860,1,20,7,29,1,24.164639,2.485472,420,430,516
5870,8,12,6,27,1,24.167440,2.485465,420,430,516
5880,18,19,8,46,1,24.186693,2.486890,420,432,516
5890,19,18,5,43,1,24.222452,2.490621,429,437,516
5900,5,3,4,13,1,24.221270,2.490858,429,437,516
5910,1,5,2,9,1,24.193186,2.488240,429,437,516
5920,1,1,1,4,1,24.171624,2.486032,429,437,516
5930,4,13,5,23,1,24.155336,2.483807,429,437,516
5940,1,14,11,27,1,24.155982,2.483841,429,437,516
5950,0,16,20,37,1,24.173745,2.485034,429,440,517
5960,19,13,19,52,1,24.201929,2.487343,429,440,520
5970,16,8,11,36,1,24.233867,2.491324,443,440,522
5980,2,0,6,9,1,24.228206,2.491311,443,440,522
5990,8,2,5,16,1,24.203470,2.488778,443,440,522
6000,1,7,3,12,1,24.185897,2.487280,443,440,522
6010,2,2,1,6,1,24.165517,2.485662,443,440,522
6020,2,0,0,3,1,24.140532,2.482889,443,440,522
6030,1,5,2,9,1,24.112853,2.479672,443,440,522
6040,8,1,12,22,1,24.104353,2.478765,443,440,522
6050,6,7,10,24,1,24.100940,2.478425,443,440,522
6060,2,8,4,15,1,24.092161,2.477406,443,440,522
6070,6,17,0,24,1,24.089077,2.477225,443,442,522
6080,0,0,2,3,1,24.063102,2.474774,443,442,522
6090,0,0,0,1,1,24.029693,2.471431,443,442,522
6100,0,1,0,2,1,23.997277,2.468398,443,442,522
6110,1,0,2,4,1,23.962917,2.465329,443,442,522
6120,15,3,7,26,1,23.953423,2.463988,443,442,522
6130,17,1,1,20,1,23.963108,2.464951,451,442,522
6140,17,2,9,29,1,23.968762,2.465129,451,442,522
6150,12,0,3,16,1,23.986740,2.467029,455,442,522
6160,11,2,1,15,1,23.983125,2.466049,455,442,522
6170,8,3,10,22,1,23.969892,2.464822,455,442,522
6180,6,3,5,15,1,23.959534,2.463890,455,442,522
6190,5,2,3,11,1,23.932907,2.461325,455,442,522
6200,9,15,13,38,1,23.942375,2.461737,455,442,522
6210,11,14,13,39,1,23.977300,2.465297,455,445,522
6220,19,19,14,53,1,24.016573,2.469591,461,458,522
6230,13,14,7,35,1,24.046616,2.472854,462,459,522
6240,5,9,1,16,1,24.052644,2.474340,462,460,522
6250,16,14,14,45,1,24.050699,2.473537,462,460,522
6260,13,11,10,35,1,24.078586,2.477066,462,460,522
6270,18,13,12,44,1,24.107949,2.479851,478,460,522
6280,19,14,16,50,1,24.150541,2.484160,484,460,525
6290,12,3,9,25,1,24.169976,2.486696,484,460,525
6300,15,2,19,37,1,24.184984,2.488248,484,460,528
6310,16,6,16,39,1,24.204712,2.490205,484,460,535
6320,17,1,17,36,1,24.227403,2.492913,484,460,537
6330,9,10,10,30,1,24.229804,2.493451,484,460,537
6340,7,1,15,24,1,24.238727,2.494012,484,460,537
6350,8,0,0,9,1,24.229772,2.492815,484,460,537
6360,3,2,4,10,1,24.197532,2.489667,484,460,537
6370,9,6,7,23,1,24.183171,2.486992,484,460,537
6380,7,2,11,21,1,24.178230,2.486133,484,460,537
6390,3,2,1,7,1,24.158450,2.484309,484,460,537
6400,9,11,15,36,1,24.155297,2.482758,484,460,537
6410,0,3,13,17,1,24.157499,2.483235,484,460,538
6420,3,2,3,9,1,24.138329,2.481276,484,460,538
6430,1,0,7,9,1,24.110732,2.478608,484,460,538
6440,1,1,17,20,1,24.104845,2.477302,484,460,547
6450,1,4,15,21,1,24.109699,2.477576,484,460,549
6460,6,10,19,36,1,24.130150,2.479256,484,460,552
6470,0,1,1,3,1,24.124159,2.479756,484,460,558
6480,0,0,2,3,1,24.096678,2.476629,484,460,558
6490,0,3,0,4,1,24.071970,2.474688,484,460,558
6500,4,9,4,18,1,24.051161,2.472052,484,460,558
6510,4,3,16,24,1,24.041807,2.470829,484,460,558
6520,1,10,12,24,1,24.032432,2.469565,484,460,558
6530,2,15,13,31,1,24.035922,2.469548,484,460,558
6540,4,2,16,23,1,24.038715,2.469770,484,460,558
6550,3,0,15,19,1,24.042793,2.470124,484,460,558
6560,16,7,17,41,1,24.055695,2.471037,484,460,558
6570,19,18,18,56,1,24.092241,2.474572,491,460,561
6580,18,20,20,59,1,24.143944,2.480400,498,470,569
6590,16,17,18,52,1,24.193895,2.486126,502,477,580
6600,18,20,18,57,1,24.239624,2.490954,505,487,583
6610,10,9,19,39,1,24.268534,2.494092,505,489,583
6620,12,6,12,31,1,24.287606,2.495560,505,489,583
6630,17,20,13,51,1,24.307980,2.497511,511,489,583
6640,17,16,2,36,1,24.329992,2.499902,513,489,583
6650,14,2,0,17,1,24.335040,2.500587,516,489,583
6660,11,0,1,13,1,24.328920,2.499817,519,489,583
6670,0,2,0,3,1,24.308044,2.497992,519,489,583
6680,1,12,1,15,1,24.277261,2.495186,519,489,583
6690,0,4,5,10,1,24.269298,2.494570,519,489,583
6700,3,1,3,8,1,24.242750,2.491585,519,489,583
6710,15,11,13,40,1,24.242574,2.490853,519,489,583
6720,15,12,16,44,1,24.273413,2.493844,519,489,585
6730,16,16,7,40,1,24.298272,2.496068,522,489,585
6740,0,16,12,29,1,24.303725,2.496413,522,489,585
6750,10,18,12,41,1,24.311232,2.496893,522,489,585
6760,15,19,10,45,1,24.331663,2.498968,522,494,585
6770,17,13,13,44,1,24.371025,2.503024,528,507,585
6780,13,8,17,39,1,24.398129,2.505822,534,507,585
6790,14,15,14,44,1,24.429327,2.508850,534,507,589
6800,11,17,19,48,1,24.460294,2.512082,534,507,594
6810,13,19,17,50,1,24.481166,2.514316,534,508,594
6820,3,10,10,24,1,24.498313,2.516356,534,512,594
6830,0,10,0,11,1,24.492973,2.516162,534,512,594
6840,1,0,1,3,1,24.462891,2.513122,534,512,594
6850,5,6,4,16,1,24.438857,2.509800,534,512,594
6860,0,0,0,1,1,24.415497,2.507603,534,512,594
6870,3,6,4,14,1,24.389283,2.504737,534,512,594
6880,4,12,14,31,1,24.374654,2.502725,534,512,594
6890,4,14,18,37,1,24.380975,2.503464,534,512,599
6900,8,19,12,40,1,24.401846,2.505248,534,513,601
6910,8,18,7,34,1,24.418711,2.507069,534,514,601
6920,16,18,17,52,1,24.446993,2.509802,534,523,601
6930,10,11,11,33,1,24.472421,2.513023,534,523,601
6940,11,20,17,49,1,24.490729,2.514248,534,527,601
6950,8,14,13,36,1,24.522203,2.517680,534,534,605
6960,6,3,14,24,1,24.526726,2.518679,534,534,605
6970,1,13,18,33,1,24.528635,2.519261,534,534,613
6980,7,19,18,45,1,24.551283,2.521192,534,537,613
6990,3,19,17,40,1,24.575889,2.523807,534,542,615
7000,19,15,13,48,1,24.609120,2.527011,537,544,620
7010,13,11,8,33,1,24.631643,2.529450,541,544,620
7020,13,10,8,32,1,24.648093,2.531560,542,544,620
7030,15,10,2,28,1,24.663141,2.533415,542,548,620
7040,16,2,7,26,1,24.656192,2.532160,543,548,620
7050,0,0,0,1,1,24.647250,2.531514,543,548,620
7060,0,0,0,0,0,24.615536,2.528601,543,548,620
7070,7,4,9,21,1,24.590212,2.525205,543,548,620
7080,11,11,14,37,1,24.597326,2.525510,543,548,620
7090,3,6,17,27,1,24.604098,2.526110,543,548,620
7100,1,13,6,21,1,24.612121,2.527204,543,548,624
7110,4,14,5,24,1,24.607384,2.526622,543,550,624
7120,16,11,1,29,1,24.608773,2.526561,543,550,624
7130,18,3,2,24,1,24.607871,2.526155,544,550,624
7140,4,5,9,19,1,24.607087,2.525654,546,550,624
7150,14,10,18,43,1,24.617481,2.525866,546,550,624
7160,12,5,20,38,1,24.643050,2.528978,546,550,639
7170,17,6,20,44,1,24.662944,2.530492,546,550,656
7180,8,7,16,32,1,24.691703,2.533496,549,550,663
7190,10,19,20,50,1,24.711298,2.534980,549,550,667
7200,8,12,16,37,1,24.738117,2.537568,549,555,677
7210,6,6,17,30,1,24.748612,2.538915,549,555,680
7220,0,1,18,20,1,24.747355,2.538876,549,555,685
7230,0,0,0,1,1,24.727321,2.537233,549,555,687
7240,7,7,4,19,1,24.700382,2.534055,549,555,687
7250,3,1,0,5,1,24.678197,2.531831,549,555,687
7260,0,1,1,3,1,24.654751,2.529836,549,555,687
7270,13,5,4,23,1,24.640647,2.527834,549,555,687
7280,7,9,3,20,1,24.642600,2.527624,549,555,687
7290,15,12,0,28,1,24.646739,2.527711,549,555,687
7300,11,5,2,19,1,24.643674,2.527450,549,555,687
7310,4,4,1,10,1,24.633404,2.526202,549,555,687
7320,4,8,8,21,1,24.622961,2.525007,549,555,687
7330,1,2,2,6,1,24.604702,2.523188,549,555,687
7340,0,0,0,1,1,24.577316,2.520609,549,555,687
7350,0,16,6,23,1,24.569020,2.519636,549,555,687
7360,2,10,5,18,1,24.571926,2.519671,549,558,687
7370,5,9,13,28,1,24.564878,2.518686,549,558,687
7380,13,4,17,35,1,24.569085,2.518996,549,558,687
7390,12,0,18,31,1,24.583366,2.520129,549,558,689
7400,0,3,13,17,1,24.584870,2.520268,549,558,691
7410,14,11,13,39,1,24.590927,2.520350,549,558,691
7420,12,12,7,32,1,24.605323,2.521741,549,558,691
7430,12,12,1,26,1,24.603914,2.521581,549,558,691
7440,1,2,4,8,1,24.595242,2.520886,549,558,691
7450,0,1,0,2,1,24.567204,2.517824,549,558,691
7460,12,4,3,20,1,24.546874,2.515346,549,558,691
7470,1,2,1,5,1,24.525785,2.513412,549,558,691
7480,7,12,7,27,1,24.505925,2.510777,549,558,691
7490,4,4,2,11,1,24.500726,2.510781,549,558,691
7500,4,5,5,15,1,24.484995,2.508777,549,558,691
7510,0,3,1,5,1,24.467412,2.507099,549,558,691
7520,5,1,8,15,1,24.439520,2.504295,549,558,691
7530,1,3,0,5,1,24.416876,2.502029,549,558,691
7540,5,0,5,11,1,24.401262,2.500313,549,558,691
7550,3,0,3,7,1,24.383046,2.498229,549,558,691
7560,0,0,0,0,0,24.355482,2.495425,549,558,691
7570,5,1,7,14,1,24.339856,2.493608,549,558,691
7580,3,5,5,14,1,24.319951,2.491690,549,558,691
7590,2,0,0,3,1,24.297307,2.489727,549,558,691
7600,8,6,6,21,1,24.278997,2.487602,549,558,691
7610,14,1,6,22,1,24.282585,2.487755,556,558,691
7620,15,8,13,37,1,24.297262,2.488610,561,558,691
7630,10,15,6,32,1,24.312804,2.490123,561,558,691
7640,19,20,8,48,1,24.336373,2.492592,566,564,691
7650,15,19,9,44,1,24.362171,2.495556,571,572,691
7660,14,14,14,43,1,24.390407,2.498168,571,575,692
7670,11,9,17,38,1,24.413191,2.500790,571,575,698
7680,9,7,14,31,1,24.430308,2.502498,571,575,698
7690,9,10,8,28,1,24.438700,2.503245,571,575,698
7700,10,16,11,38,1,24.445859,2.503566,571,575,698
7710,0,20,11,32,1,24.461613,2.504968,571,577,698
7720,3,20,16,40,1,24.478163,2.506585,571,586,698
7730,6,15,20,42,1,24.490045,2.508155,571,586,698
7740,8,12,14,35,1,24.502453,2.509580,571,586,701
7750,1,10,7,19,1,24.509673,2.510673,571,586,701
7760,2,13,7,23,1,24.498630,2.509761,571,586,701
7770,18,17,19,55,1,24.525669,2.512319,571,589,701
7780,10,11,10,32,1,24.546463,2.515099,571,589,702
7790,0,2,2,5,1,24.545228,2.515456,571,589,702
7800,1,0,1,3,1,24.520677,2.512827,571,589,702
7810,0,0,0,0,0,24.496645,2.510548,571,589,702
7820,0,0,0,0,0,24.469025,2.508097,571,589,702
7830,0,0,0,0,0,24.443860,2.505307,571,589,702
7840,1,1,0,3,1,24.417047,2.502741,571,589,702
7850,17,3,5,26,1,24.401144,2.500313,571,589,702
7860,5,3,6,15,1,24.393817,2.500266,577,589,702
7870,2,3,1,7,1,24.376223,2.498449,577,589,702
7880,9,19,2,31,1,24.377665,2.497997,577,591,702
7890,9,9,1,20,1,24.375310,2.498067,577,591,702
7900,13,15,4,33,1,24.371793,2.497693,577,591,702
7910,11,10,13,35,1,24.390314,2.499642,577,591,704
7920,17,19,18,55,1,24.419643,2.502408,577,591,714
7930,16,15,15,47,1,24.456548,2.506532,579,595,715
7940,19,14,20,54,1,24.492004,2.509990,586,599,722
7950,18,17,14,50,1,24.526299,2.513912,592,600,728
7960,16,12,2,31,1,24.551919,2.516978,600,605,728
7970,12,13,6,32,1,24.556427,2.517523,600,605,728
7980,7,17,8,33,1,24.570475,2.519110,600,605,728
7990,9,10,6,26,1,24.575338,2.519464,600,606,728
8000,12,6,20,39,1,24.589877,2.520714,600,606,734
8010,13,3,19,36,1,24.604251,2.522399,600,606,734
8020,5,1,8,15,1,24.608696,2.523646,600,606,737
8030,9,11,11,32,1,24.611342,2.523676,600,606,737
8040,13,11,17,42,1,24.631757,2.526044,600,606,737
8050,16,15,17,49,1,24.661063,2.528873,600,606,743
8060,18,19,14,52,1,24.689152,2.531802,603,606,743
8070,15,17,20,53,1,24.712955,2.534582,603,606,747
8080,20,19,13,53,1,24.745155,2.537965,611,612,752
8090,14,14,5,34,1,24.771408,2.540963,612,617,752
8100,15,7,2,25,1,24.775558,2.541566,612,617,752
8110,16,4,2,23,1,24.781572,2.542102,613,617,752
8120,18,5,20,44,1,24.782750,2.541467,613,617,752
8130,18,8,16,43,1,24.807462,2.544467,624,617,761
8140,7,0,18,26,1,24.817767,2.545925,628,617,761
8150,13,0,15,29,1,24.824999,2.546490,628,617,766
8160,13,1,15,30,1,24.828599,2.546427,628,617,766
8170,1,3,1,6,1,24.821096,2.546505,628,617,766
8180,0,1,2,4,1,24.795559,2.544315,628,617,766
8190,0,0,1,2,1,24.770006,2.541611,628,617,766
8200,0,0,0,0,0,24.746340,2.538944,628,617,766
8210,4,2,5,12,1,24.721547,2.536478,628,617,766
8220,5,2,2,10,1,24.701401,2.534489,628,617,766
8230,1,0,0,2,1,24.675741,2.532407,628,617,766
8240,3,6,6,16,1,24.660478,2.530666,628,617,766
8250,8,4,3,16,1,24.650007,2.529448,628,617,766
8260,16,3,8,28,1,24.651772,2.529423,628,617,766
8270,14,3,12,30,1,24.655755,2.529909,628,617,766
8280,3,7,1,12,1,24.646689,2.529275,628,617,766
8290,3,2,2,8,1,24.628275,2.527212,628,617,766
8300,0,0,1,2,1,24.602068,2.525130,628,617,766
8310,0,0,4,5,1,24.577131,2.522740,628,617,766
8320,0,1,2,4,1,24.554009,2.520504,628,617,766
8330,7,3,3,14,1,24.529361,2.517707,628,617,766
8340,15,8,8,32,1,24.531456,2.517378,628,617,766
8350,18,4,9,32,1,24.536606,2.517673,628,617,766
8360,18,0,7,26,1,24.539444,2.518194,635,617,766
8370,13,8,12,34,1,24.549653,2.519071,635,617,766
8380,10,9,19,39,1,24.566289,2.520113,637,617,766
8390,9,7,13,30,1,24.581879,2.522004,637,617,767
8400,8,7,3,19,1,24.583216,2.521971,637,617,767
8410,3,17,2,23,1,24.582116,2.521842,637,617,767
8420,4,7,0,12,1,24.575195,2.521208,637,619,767
8430,16,5,0,22,1,24.570718,2.520856,637,619,767
8440,0,0,1,2,1,24.550982,2.519274,637,619,767
8450,1,3,9,14,1,24.528981,2.517244,637,619,767
8460,9,5,7,22,1,24.523573,2.516123,637,619,767
8470,8,4,8,21,1,24.517825,2.515425,637,619,767
8480,16,2,1,20,1,24.512730,2.514978,637,619,767
8490,0,5,10,16,1,24.501223,2.513568,637,619,767
8500,3,9,6,19,1,24.491074,2.512542,637,619,767
8510,8,12,9,30,1,24.493808,2.512413,637,619,767
8520,1,3,6,11,1,24.486182,2.512129,637,619,767
8530,3,1,12,17,1,24.476531,2.510700,637,619,767
8540,12,2,1,16,1,24.464606,2.509612,637,619,767
8550,12,14,6,33,1,24.467134,2.509766,637,619,767
8560,17,13,8,39,1,24.482979,2.511436,641,619,767
8570,14,13,15,43,1,24.501841,2.513175,649,619,767
8580,18,12,17,48,1,24.527563,2.515888,652,619,767
8590,15,17,17,50,1,24.553995,2.518674,662,625,769
8600,17,18,12,48,1,24.582672,2.521450,662,629,770
8610,19,16,9,45,1,24.610091,2.524127,673,641,770
8620,17,9,6,33,1,24.617699,2.524742,674,641,770
8630,17,9,8,35,1,24.626064,2.525465,674,641,770
8640,16,11,6,34,1,24.638494,2.526965,678,641,770
8650,15,5,9,30,1,24.648954,2.527963,678,641,770
8660,17,5,10,33,1,24.651875,2.527888,679,641,770
8670,12,6,3,22,1,24.652041,2.528160,684,641,770
8680,0,0,1,2,1,24.640457,2.527286,684,641,770
8690,4,4,2,11,1,24.617995,2.524818,684,641,770
8700,9,6,0,16,1,24.607855,2.523823,684,641,770
8710,5,2,8,16,1,24.598510,2.522464,684,641,770
8720,0,0,13,14,1,24.594759,2.521768,684,641,770
8730,0,2,0,3,1,24.575866,2.519699,684,641,770
8740,9,9,0,19,1,24.567715,2.518583,684,641,770
8750,13,12,10,36,1,24.564248,2.518303,684,641,770
8760,19,19,18,57,1,24.591057,2.520743,695,647,770
8770,17,14,17,49,1,24.625856,2.524592,698,655,774
8780,15,10,18,44,1,24.646208,2.526901,698,655,778
8790,15,3,18,37,1,24.669985,2.529473,703,655,779
8800,7,7,11,26,1,24.683637,2.531036,703,655,779
8810,0,12,12,25,1,24.686507,2.530962,703,655,779
8820,0,4,1,6,1,24.677904,2.530037,703,655,779
8830,1,7,4,13,1,24.656489,2.528034,703,655,779
8840,2,8,6,17,1,24.648026,2.527123,703,655,779
8850,2,0,0,3,1,24.628134,2.525304,703,655,779
8860,12,3,8,24,1,24.618031,2.523787,703,655,779
8870,9,18,6,34,1,24.628290,2.524504,703,655,779
8880,11,14,14,40,1,24.653685,2.526832,705,657,779
8890,3,11,16,31,1,24.666304,2.528375,705,657,781
8900,0,2,0,3,1,24.658890,2.527864,705,657,781
8910,0,0,0,0,0,24.633962,2.525877,705,657,781
8920,1,1,1,4,1,24.615308,2.523747,705,657,781
8930,3,1,5,10,1,24.591434,2.521576,705,657,781
8940,0,1,2,4,1,24.570570,2.519741,705,657,781
8950,0,4,0,5,1,24.549158,2.517617,705,657,781
8960,3,11,8,23,1,24.540986,2.516650,705,657,781
8970,1,0,1,3,1,24.528154,2.515205,705,657,781
8980,7,6,1,15,1,24.513234,2.513231,705,657,781
8990,1,4,0,6,1,24.502682,2.512193,705,657,781
9000,9,6,6,22,1,24.497214,2.511218,705,657,781
9010,6,1,6,14,1,24.498479,2.511278,705,657,781
9020,6,13,6,26,1,24.484008,2.509326,705,657,781
9030,2,2,0,5,1,24.475790,2.508614,705,657,781
9040,0,0,0,0,0,24.455575,2.506558,705,657,781
9050,16,10,8,35,1,24.448227,2.505509,705,657,781
9060,2,5,5,13,1,24.457988,2.506610,705,657,781
9070,9,12,8,30,1,24.453181,2.505766,705,657,781
9080,14,9,13,37,1,24.466344,2.507245,707,657,781
9090,19,10,14,44,1,24.485430,2.509415,707,657,781
9100,18,18,19,56,1,24.515748,2.512340,718,657,795
9110,17,18,12,48,1,24.544295,2.515763,718,661,796
9120,19,18,19,57,1,24.574185,2.518871,728,663,801
9130,17,20,19,57,1,24.608949,2.522620,729,668,808
9140,18,10,11,40,1,24.634665,2.525385,730,672,810
9150,19,17,12,49,1,24.656983,2.527349,733,672,810
9160,15,17,16,49,1,24.689146,2.530690,734,684,816
9170,18,20,20,59,1,24.718313,2.533894,742,697,816
9180,13,11,11,36,1,24.748705,2.537393,747,703,824
9190,20,14,10,45,1,24.767904,2.539235,748,703,824
9200,19,10,6,36,1,24.784284,2.541071,753,703,824
9210,16,17,11,45,1,24.804356,2.543201,759,703,824
9220,18,17,9,45,1,24.829431,2.545844,765,711,824
9230,13,20,10,44,1,24.847853,2.547946,766,716,824
9240,20,18,20,59,1,24.875223,2.550342,769,720,826
9250,11,8,16,36,1,24.903222,2.553568,771,723,840
9260,11,4,5,21,1,24.907773,2.554247,771,723,840
9270,3,3,7,14,1,24.896794,2.553277,771,723,840
9280,3,2,5,11,1,24.878364,2.551373,771,723,840
9290,1,6,1,9,1,24.861701,2.549397,771,723,840
9300,3,4,4,12,1,24.842860,2.547452,771,723,840
9310,1,3,1,6,1,24.820192,2.545563,771,723,840
9320,0,6,0,7,1,24.804684,2.544070,771,723,840
9330,1,1,0,3,1,24.783579,2.542143,771,723,840
9340,1,9,2,13,1,24.760084,2.540026,771,723,840
9350,2,1,0,4,1,24.743206,2.538475,771,723,840
9360,0,1,0,2,1,24.727953,2.536867,771,723,840
9370,1,0,2,4,1,24.703518,2.534485,771,723,840
9380,9,2,13,25,1,24.687277,2.532776,771,723,840
9390,0,0,0,0,0,24.679988,2.532484,771,723,840
9400,0,0,0,0,0,24.657855,2.530419,771,723,840
9410,0,1,4,6,1,24.636227,2.528101,771,723,840
9420,2,0,0,3,1,24.615642,2.525726,771,723,840
9430,4,7,0,12,1,24.596824,2.523918,771,723,840
9440,2,0,0,3,1,24.575619,2.522166,771,723,840
9450,0,0,0,1,1,24.552887,2.519681,771,723,840
9460,0,0,0,0,0,24.532777,2.517984,771,723,840
9470,3,0,7,11,1,24.514949,2.515839,771,723,840
9480,6,2,0,9,1,24.493362,2.513608,771,723,840
9490,3,0,4,8,1,24.479878,2.512046,771,723,840
9500,5,3,2,11,1,24.461477,2.510116,771,723,840
9510,2,6,1,10,1,24.449265,2.508875,771,723,840
9520,10,12,6,29,1,24.439602,2.507436,771,723,840
9530,14,9,1,25,1,24.451013,2.508485,771,723,840
9540,14,1,3,19,1,24.447682,2.508048,771,723,840
9550,8,1,9,19,1,24.443257,2.507903,771,723,840
9560,0,0,0,1,1,24.422426,2.506343,771,723,840
9570,4,0,3,8,1,24.404317,2.504711,771,723,840
9580,1,1,1,4,1,24.384008,2.502773,771,723,840
9590,0,1,0,2,1,24.369742,2.501400,771,723,840
9600,4,3,2,10,1,24.349312,2.499341,771,723,840
9610,3,1,3,8,1,24.333814,2.497548,771,723,840
9620,14,19,12,46,1,24.332226,2.496598,771,723,840
9630,16,13,4,34,1,24.352930,2.499054,772,726,840
9640,3,9,0,13,1,24.350141,2.499019,772,726,840
9650,5,4,6,16,1,24.335361,2.497673,772,726,840
9660,1,2,1,5,1,24.329520,2.497271,772,726,840
9670,9,3,6,19,1,24.313543,2.495430,772,726,840
9680,17,6,20,44,1,24.324333,2.496152,772,726,841
9690,6,1,18,26,1,24.342457,2.498183,783,726,848
9700,9,8,6,24,1,24.345868,2.498544,783,726,848
9710,12,8,20,41,1,24.357076,2.499521,783,726,850
9720,9,9,13,32,1,24.364177,2.500183,783,726,850
9730,14,6,6,27,1,24.371639,2.501119,783,726,850
9740,14,13,6,34,1,24.377539,2.501868,783,726,850
9750,19,9,9,38,1,24.387585,2.502857,783,726,850
9760,19,0,6,26,1,24.396774,2.503865,787,726,850
9770,18,0,7,26,1,24.399216,2.503943,789,726,850
9780,0,0,1,2,1,24.388550,2.503227,789,726,850
9790,5,5,0,11,1,24.368914,2.500935,789,726,850
9800,1,5,3,10,1,24.351337,2.498985,789,726,850
9810,11,10,7,29,1,24.340069,2.497893,789,726,850
9820,12,10,5,28,1,24.348489,2.498873,794,726,850
9830,6,8,7,22,1,24.344757,2.498319,794,726,850
9840,4,15,10,30,1,24.348619,2.498518,794,732,850
9850,7,15,3,26,1,24.357661,2.499432,794,735,850
9860,4,16,11,32,1,24.367277,2.500222,794,735,850
9870,10,17,16,44,1,24.377612,2.501165,794,737,850
9880,9,18,18,46,1,24.399516,2.503294,794,742,850
9890,9,12,20,42,1,24.418148,2.505270,794,748,853
9900,14,19,17,51,1,24.445671,2.507820,794,763,858
9910,16,19,19,55,1,24.472123,2.510728,794,772,858
9920,15,10,14,40,1,24.501224,2.514272,798,780,873
9930,9,12,9,31,1,24.508917,2.515021,798,780,873
9940,9,7,2,19,1,24.505841,2.514743,798,780,873
9950,1,0,2,4,1,24.496546,2.513853,798,780,873
9960,0,3,2,6,1,24.477722,2.511881,798,780,873
9970,8,12,7,28,1,24.468656,2.510729,798,780,873
9980,11,15,7,34,1,24.475113,2.511584,798,780,873
9990,11,19,9,40,1,24.485467,2.512839,798,793,873
10000,10,6,8,25,1,24.486304,2.513298,798,793,873
10010,13,9,1,24,1,24.487969,2.513067,798,793,873
10020,0,0,11,12,1,24.477813,2.511831,798,793,873
10030,16,4,3,24,1,24.465398,2.510363,798,793,873
10040,3,9,3,16,1,24.456376,2.509679,798,793,873
10050,8,11,18,38,1,24.458516,2.509449,798,793,873
10060,16,16,18,51,1,24.482358,2.511728,798,796,887
10070,0,18,8,27,1,24.499944,2.513775,798,808,887
10080,0,1,2,4,1,24.497331,2.513851,798,808,887
10090,5,7,5,18,1,24.481229,2.511980,798,808,887
10100,4,5,3,13,1,24.476560,2.511411,798,808,887
10110,8,5,4,18,1,24.472008,2.510726,798,808,887
10120,1,4,0,6,1,24.462710,2.509708,798,808,887
10130,0,1,2,4,1,24.442344,2.507859,798,808,887
10140,2,3,1,7,1,24.421374,2.506074,798,808,887
10150,7,5,3,16,1,24.411405,2.505215,798,808,887
10160,10,3,4,18,1,24.407167,2.504867,798,808,887
10170,9,9,3,22,1,24.405131,2.504795,798,808,887
10180,7,7,2,17,1,24.401290,2.504968,798,808,887
10190,8,10,1,20,1,24.402717,2.504872,798,808,887
10200,6,7,8,22,1,24.396013,2.504220,798,808,887
10210,2,1,4,8,1,24.393009,2.504224,798,808,887
10220,3,3,5,12,1,24.381100,2.503087,798,808,887
10230,7,4,7,19,1,24.366922,2.501491,798,808,887
10240,5,13,8,27,1,24.368088,2.501421,798,808,887
10250,7,5,2,15,1,24.361301,2.500810,798,808,887
10260,4,12,6,23,1,24.348884,2.499370,798,808,887
10270,0,0,0,0,0,24.332599,2.497809,798,808,887
10280,0,2,0,3,1,24.315318,2.495971,798,808,887
10290,1,14,0,16,1,24.306138,2.494491,798,808,887
10300,0,0,0,0,0,24.288899,2.492956,798,808,887
10310,0,2,0,3,1,24.268716,2.491020,798,808,887
10320,5,5,4,15,1,24.254565,2.489503,798,808,887
10330,19,3,9,32,1,24.251605,2.488617,799,808,887
10340,17,15,15,48,1,24.261970,2.489395,803,808,887
10350,10,14,17,42,1,24.281706,2.491456,808,808,887
10360,11,14,18,44,1,24.298878,2.493402,808,808,892
10370,18,16,20,55,1,24.324612,2.495980,813,808,906
10380,14,17,9,41,1,24.348230,2.498958,813,811,907
10390,11,12,10,34,1,24.367463,2.501239,813,821,907
10400,10,5,3,19,1,24.363979,2.501015,813,821,907
10410,17,1,9,28,1,24.359118,2.500330,813,821,907
10420,15,1,20,37,1,24.364671,2.500614,813,821,907
10430,14,4,13,32,1,24.371544,2.501355,813,821,910
10440,1,3,19,24,1,24.371133,2.501225,813,821,912
10450,9,9,15,34,1,24.380709,2.502096,813,821,925
10460,9,4,13,27,1,24.387864,2.503185,813,821,925
10470,15,12,19,47,1,24.398965,2.504040,813,821,927
10480,8,10,18,37,1,24.412861,2.505403,813,821,933
10490,4,10,10,25,1,24.414759,2.505633,813,821,935
10500,1,0,1,3,1,24.405096,2.505338,813,821,935
10510,0,0,1,2,1,24.389189,2.503642,813,821,935
10520,4,1,0,6,1,24.371931,2.501929,813,821,935
10530,1,5,1,8,1,24.352998,2.500142,813,821,935
10540,4,14,9,28,1,24.353392,2.499925,813,821,935
10550,4,17,10,32,1,24.356572,2.500310,813,821,935
10560,13,18,12,44,1,24.370308,2.501803,813,835,935
10570,14,20,10,45,1,24.386158,2.503391,813,835,935
10580,13,20,3,37,1,24.395856,2.504518,813,843,935
10590,13,20,14,48,1,24.406386,2.505124,813,845,935
10600,19,19,13,52,1,24.428667,2.507154,815,852,935
10610,20,16,8,45,1,24.449577,2.509602,820,864,935
10620,19,18,15,53,1,24.466275,2.511132,821,865,935
10630,10,12,9,32,1,24.487007,2.513319,828,868,935
10640,0,2,4,7,1,24.481544,2.513084,828,868,935
10650,6,1,3,11,1,24.463292,2.511075,828,868,935
10660,5,0,6,12,1,24.446034,2.509289,828,868,935
10670,14,3,3,21,1,24.440542,2.508495,828,868,935
10680,2,2,7,12,1,24.429297,2.507110,828,868,935
10690,7,6,8,22,1,24.423785,2.506507,828,868,935
10700,2,12,12,27,1,24.419806,2.506205,828,868,935
10710,1,0,2,4,1,24.414633,2.505877,828,868,935
10720,0,6,5,12,1,24.403668,2.504810,828,868,935
10730,4,0,7,12,1,24.387350,2.503241,828,868,935
10740,3,2,17,23,1,24.382880,2.502625,828,868,935
10750,8,4,11,24,1,24.383160,2.502568,828,868,935
10760,12,10,13,36,1,24.386391,2.502767,828,868,935
10770,13,17,10,41,1,24.395400,2.503678,828,868,935
10780,15,9,18,43,1,24.411870,2.505402,834,868,936
10790,8,5,17,31,1,24.429300,2.507297,834,868,941
10800,8,7,19,35,1,24.433574,2.507555,834,868,945
10810,1,1,3,6,1,24.433333,2.507779,834,868,946
10820,0,0,0,0,0,24.414257,2.506069,834,868,946
10830,10,3,12,26,1,24.404634,2.505068,834,868,946
10840,9,1,13,24,1,24.412296,2.505912,834,868,948
10850,10,1,1,13,1,24.415202,2.506244,834,868,948
10860,6,1,7,15,1,24.410559,2.505706,834,868,948
10870,1,0,0,2,1,24.393772,2.504276,834,868,948
10880,5,5,7,18,1,24.382135,2.502784,834,868,948
10890,1,5,5,12,1,24.375603,2.502383,834,868,948
10900,0,2,2,5,1,24.358211,2.500584,834,868,948
10910,3,8,2,14,1,24.345772,2.499175,834,868,948
10920,18,16,5,40,1,24.349553,2.499244,834,868,948
10930,19,12,2,34,1,24.360066,2.500287,838,868,948
10940,20,18,20,59,1,24.381351,2.502434,848,871,950
10950,17,7,16,41,1,24.406779,2.505665,852,880,958
10960,5,2,8,16,1,24.413646,2.506591,855,880,959
10970,1,0,1,3,1,24.400522,2.505370,855,880,959
10980,1,0,0,2,1,24.380832,2.503451,855,880,959
10990,1,1,0,3,1,24.361250,2.501590,855,880,959
11000,0,0,0,0,0,24.342523,2.499466,855,880,959
11010,8,9,11,29,1,24.330263,2.498169,855,880,959
11020,2,10,8,21,1,24.328782,2.498306,855,880,959
11030,2,7,9,19,1,24.329286,2.498250,855,880,959
11040,0,0,0,0,0,24.315128,2.497061,855,880,959
11050,3,6,0,10,1,24.298845,2.495188,855,880,959
11060,7,3,2,13,1,24.296724,2.495119,855,880,959
11070,2,7,3,13,1,24.283006,2.493788,855,880,959
11080,5,9,4,19,1,24.276837,2.493001,855,880,959
11090,5,9,3,18,1,24.267804,2.491990,855,880,959
11100,8,19,9,37,1,24.273339,2.492083,855,885,959
11110,0,20,7,28,1,24.279369,2.492781,855,887,959
11120,2,10,3,16,1,24.270842,2.492029,855,888,959
11130,0,0,0,1,1,24.258611,2.491150,855,888,959
11140,0,0,4,5,1,24.239912,2.489376,855,888,959
11150,0,0,1,2,1,24.221149,2.487664,855,888,959
11160,2,3,2,8,1,24.203342,2.485684,855,888,959
11170,8,1,1,11,1,24.189412,2.484421,855,888,959
11180,3,6,0,10,1,24.179621,2.483333,855,888,959
11190,6,3,14,24,1,24.173674,2.482298,855,888,959
11200,3,7,17,28,1,24.175797,2.482570,855,888,961
11210,1,7,16,25,1,24.182297,2.483109,855,888,969
11220,11,13,20,45,1,24.193853,2.483919,855,888,972
11230,16,11,18,46,1,24.209677,2.485711,855,888,980
11240,18,15,7,41,1,24.227655,2.487657,865,888,980
11250,13,17,18,49,1,24.252437,2.490029,870,891,986
11260,17,17,16,51,1,24.277041,2.492269,875,893,986
11270,15,12,18,46,1,24.303290,2.495041,879,900,993
11280,17,6,17,41,1,24.320857,2.497081,883,900,996
11290,14,13,16,44,1,24.334443,2.498280,883,900,997
11300,20,12,11,44,1,24.351253,2.499856,887,900,997
11310,12,17,12,42,1,24.368787,2.501733,898,901,997
11320,8,18,3,30,1,24.373744,2.502433,898,901,997
11330,9,18,8,36,1,24.374281,2.502316,898,901,997
11340,16,19,1,37,1,24.389044,2.503932,904,912,997
11350,7,12,1,21,1,24.397918,2.505192,906,913,997
11360,12,17,7,37,1,24.402564,2.505519,906,913,997
11370,2,15,3,21,1,24.402469,2.505790,906,913,997
11380,2,19,14,36,1,24.404508,2.505804,906,913,997
11390,9,11,13,34,1,24.407350,2.505969,906,913,997
11400,0,7,1,9,1,24.405604,2.506318,906,913,997
11410,10,4,0,15,1,24.399409,2.505443,906,913,997
11420,1,11,1,14,1,24.390234,2.504532,906,913,997
11430,11,18,9,39,1,24.391710,2.504174,906,915,997
11440,8,7,9,25,1,24.400753,2.505044,906,917,997
11450,5,15,15,36,1,24.407822,2.505555,906,917,997
11460,10,16,20,47,1,24.420161,2.506696,906,917,1002
11470,12,15,13,41,1,24.434182,2.508302,906,917,1003
11480,5,16,20,42,1,24.449880,2.509810,906,922,1007
11490,3,19,18,41,1,24.465436,2.511237,906,935,1009
11500,17,19,20,57,1,24.489854,2.513730,914,942,1022
11510,16,15,17,49,1,24.515369,2.516381,918,945,1036
11520,18,10,19,48,1,24.535911,2.518499,927,945,1039
11530,15,15,14,45,1,24.553456,2.520063,930,946,1045
11540,15,18,17,51,1,24.575259,2.522355,930,952,1048
11550,18,9,20,48,1,24.592314,2.523958,930,954,1050
11560,20,0,19,40,1,24.608625,2.525463,938,954,1051
11570,12,7,15,35,1,24.620417,2.527019,945,954,1058
11580,3,3,2,9,1,24.615781,2.526687,945,954,1058
11590,0,8,9,18,1,24.607366,2.525788,945,954,1058
11600,0,0,0,0,0,24.595144,2.524767,945,954,1058
11610,3,3,13,20,1,24.581935,2.523286,945,954,1058
11620,15,8,16,40,1,24.583293,2.523279,945,954,1058
11630,0,0,3,4,1,24.585427,2.523797,945,954,1060
11640,0,1,0,2,1,24.571181,2.522232,945,954,1060
11650,1,2,3,7,1,24.552864,2.520339,945,954,1060
11660,1,4,2,8,1,24.535515,2.518701,945,954,1060
11670,0,0,0,1,1,24.520772,2.517196,945,954,1060
11680,1,5,0,7,1,24.510161,2.515873,945,954,1060
11690,2,3,1,7,1,24.495659,2.514261,945,954,1060
11700,7,11,8,27,1,24.489385,2.513517,945,954,1060
11710,13,19,8,41,1,24.498551,2.514335,945,956,1060
11720,11,6,7,25,1,24.503953,2.515053,945,957,1060
11730,7,6,12,26,1,24.507302,2.515450,945,957,1060
11740,8,9,8,26,1,24.500499,2.514717,945,957,1060
11750,10,8,0,19,1,24.497112,2.514401,945,957,1060
11760,11,5,6,23,1,24.490281,2.513665,945,957,1060
11770,3,7,0,11,1,24.489090,2.513903,945,957,1060
11780,2,6,3,12,1,24.484900,2.513504,945,957,1060
11790,3,9,6,19,1,24.472084,2.512066,945,957,1060
11800,6,10,2,19,1,24.464727,2.510949,945,957,1060
11810,17,10,4,32,1,24.469625,2.511330,945,957,1060
11820,15,14,18,48,1,24.483743,2.512570,945,957,1060
11830,10,19,19,49,1,24.505507,2.514726,947,958,1062
11840,19,10,11,41,1,24.523784,2.516895,949,966,1063
11850,20,15,4,40,1,24.536424,2.518267,961,966,1063
11860,16,5,0,22,1,24.540847,2.519101,962,966,1063
11870,19,5,10,35,1,24.545637,2.519820,969,966,1063
11880,16,6,12,35,1,24.552559,2.520431,970,966,1063
11890,15,2,6,24,1,24.560489,2.521210,971,966,1063
11900,0,0,0,1,1,24.553191,2.520753,971,966,1063
11910,0,0,0,1,1,24.535498,2.519097,971,966,1063
11920,9,1,4,15,1,24.522192,2.517544,971,966,1063
11930,8,15,15,39,1,24.522698,2.517323,971,966,1063
11940,8,19,18,46,1,24.536941,2.518686,971,966,1066
11950,18,12,16,47,1,24.549813,2.519995,971,966,1066
11960,15,12,18,46,1,24.572648,2.522651,975,966,1074
11970,17,5,14,37,1,24.593736,2.524738,982,966,1078
11980,16,6,20,43,1,24.606873,2.526269,982,966,1079
11990,20,6,16,43,1,24.618822,2.527483,987,966,1083
12000,6,1,12,20,1,24.626657,2.528707,988,966,1083
12010,5,8,12,26,1,24.622190,2.528278,988,966,1083
12020,1,0,16,18,1,24.620890,2.528304,988,966,1084
12030,4,1,0,6,1,24.607397,2.527035,988,966,1084
12040,7,1,6,15,1,24.596551,2.525779,988,966,1084
12050,11,12,10,34,1,24.591828,2.525237,988,966,1084
12060,4,12,7,24,1,24.593308,2.525612,988,966,1084
12070,18,9,18,46,1,24.604731,2.526579,988,966,1084
12080,8,5,16,30,1,24.614226,2.527669,988,966,1087
12090,11,3,12,27,1,24.618908,2.528115,988,966,1087
12100,4,5,7,17,1,24.617243,2.528339,988,966,1087
12110,14,17,16,48,1,24.619091,2.528129,988,966,1087
12120,13,17,8,39,1,24.631964,2.529416,988,967,1087
12130,11,18,5,35,1,24.642029,2.530608,988,981,1087
12140,10,17,6,34,1,24.648538,2.531541,988,986,1087
12150,7,18,8,34,1,24.652143,2.531984,988,989,1087
12160,0,0,9,10,1,24.651974,2.532252,988,989,1087
12170,1,5,3,10,1,24.641896,2.530840,988,989,1087
12180,1,1,0,3,1,24.625034,2.528945,988,989,1087
12190,0,0,1,2,1,24.611792,2.527380,988,989,1087
12200,2,6,0,9,1,24.596785,2.525741,988,989,1087
12210,9,3,0,13,1,24.586250,2.524646,988,989,1087
12220,1,6,3,11,1,24.577918,2.524011,988,989,1087
12230,1,1,0,3,1,24.564532,2.522560,988,989,1087
12240,4,1,11,17,1,24.555962,2.521412,988,989,1087
12250,1,7,17,26,1,24.553434,2.520760,988,989,1087
12260,7,17,18,43,1,24.560637,2.521592,988,989,1087
12270,4,15,12,32,1,24.568560,2.522625,988,989,1088
12280,1,11,12,25,1,24.575926,2.523727,988,989,1091
12290,12,11,15,39,1,24.584101,2.524448,988,989,1091
12300,18,15,19,53,1,24.602404,2.526294,989,989,1098
12310,18,19,20,58,1,24.626067,2.528753,995,997,1102
12320,19,20,18,58,1,24.649087,2.531230,997,1012,1102
12330,20,15,13,49,1,24.667122,2.533006,1000,1014,1103
12340,18,12,15,46,1,24.683090,2.534675,1008,1014,1103
12350,18,16,15,50,1,24.700157,2.536541,1011,1014,1103
12360,14,9,10,34,1,24.712250,2.537833,1012,1014,1103
12370,16,12,6,35,1,24.722962,2.539004,1023,1014,1103
12380,19,16,9,45,1,24.741243,2.540763,1026,1022,1103
12390,11,13,7,32,1,24.750966,2.542001,1026,1022,1103
12400,20,15,15,51,1,24.768491,2.543556,1030,1024,1103
12410,13,9,16,39,1,24.786411,2.545320,1033,1024,1112
12420,19,12,12,44,1,24.800637,2.546599,1033,1024,1112
12430,14,20,19,54,1,24.820316,2.548270,1034,1025,1117
12440,12,13,12,38,1,24.839846,2.550621,1034,1031,1125
12450,10,16,15,42,1,24.856613,2.552393,1034,1031,1127
12460,12,11,12,36,1,24.867747,2.553691,1034,1031,1127
12470,19,18,18,56,1,24.887291,2.555706,1034,1038,1127
12480,4,15,19,39,1,24.905897,2.557520,1034,1047,1128
12490,4,19,19,43,1,24.915168,2.558564,1034,1048,1133
12500,14,8,19,42,1,24.928553,2.560115,1034,1048,1147
12510,13,10,18,42,1,24.945363,2.561723,1039,1048,1148
12520,16,11,10,38,1,24.959860,2.563198,1043,1048,1157
12530,7,8,14,30,1,24.963254,2.563597,1043,1048,1157
12540,18,14,20,53,1,24.973754,2.564704,1046,1048,1157
12550,19,20,19,59,1,24.997552,2.567471,1055,1051,1167
12560,14,13,8,36,1,25.019686,2.570214,1058,1064,1175
12570,11,19,6,37,1,25.029257,2.571121,1058,1064,1175
12580,15,19,5,40,1,25.040671,2.572090,1058,1066,1175
12590,15,12,0,28,1,25.048621,2.572998,1058,1066,1175
12600,15,12,1,29,1,25.046769,2.572858,1058,1066,1175
12610,14,4,2,21,1,25.045942,2.572990,1058,1066,1175
12620,9,14,1,25,1,25.046276,2.572863,1058,1066,1175
12630,8,9,2,20,1,25.039451,2.571940,1058,1066,1175
12640,9,11,3,24,1,25.036684,2.571496,1058,1066,1175
12650,10,16,7,34,1,25.039255,2.571684,1058,1071,1175
12660,17,18,19,55,1,25.055261,2.573210,1064,1073,1175
12670,7,14,12,34,1,25.072863,2.575276,1066,1076,1183
12680,4,3,5,13,1,25.068714,2.575129,1066,1076,1183
12690,0,0,0,0,0,25.054916,2.574135,1066,1076,1183
12700,1,0,1,3,1,25.038776,2.572359,1066,1076,1183
12710,9,8,13,31,1,25.035388,2.571873,1066,1076,1183
12720,7,10,10,28,1,25.040501,2.572239,1066,1076,1183
12730,0,0,1,2,1,25.038164,2.572151,1066,1076,1183
12740,0,3,1,5,1,25.021569,2.570599,1066,1076,1183
12750,1,1,2,5,1,25.004647,2.568784,1066,1076,1183
12760,8,2,1,12,1,24.992093,2.567398,1066,1076,1183
12770,3,4,4,12,1,24.982278,2.566521,1066,1076,1183
12780,5,1,1,8,1,24.965628,2.565044,1066,1076,1183
12790,18,0,0,19,1,24.960093,2.564235,1066,1076,1183
12800,15,8,5,29,1,24.960220,2.563823,1069,1076,1183
12810,16,8,10,35,1,24.966991,2.564320,1070,1076,1183
12820,10,8,18,37,1,24.971792,2.564718,1070,1076,1183
12830,14,18,18,51,1,24.986834,2.565880,1070,1076,1184
12840,20,12,18,51,1,25.003468,2.567658,1070,1076,1188
12850,18,20,11,50,1,25.020322,2.569581,1071,1079,1188
12860,19,17,2,39,1,25.032376,2.571135,1074,1083,1188
12870,18,16,6,41,1,25.044458,2.572404,1075,1086,1188
12880,12,19,0,32,1,25.052792,2.573390,1077,1093,1188
12890,9,13,14,37,1,25.055425,2.573688,1077,1094,1188
12900,1,8,19,29,1,25.063565,2.574757,1077,1094,1188
12910,4,15,15,35,1,25.066396,2.575076,1077,1094,1188
12920,3,14,16,34,1,25.077474,2.576241,1077,1094,1195
12930,0,9,17,27,1,25.082707,2.576765,1077,1095,1197
12940,11,6,5,23,1,25.085883,2.577242,1077,1095,1197
12950,12,4,4,21,1,25.080355,2.576824,1077,1095,1197
12960,1,4,4,10,1,25.068472,2.575569,1077,1095,1197
12970,3,1,2,7,1,25.054900,2.574161,1077,1095,1197
12980,14,0,6,21,1,25.053666,2.573756,1077,1095,1197
12990,19,8,6,34,1,25.055631,2.574005,1083,1095,1197
13000,15,11,12,39,1,25.066872,2.574963,1088,1095,1197
13010,16,7,12,36,1,25.073418,2.575440,1088,1095,1197
13020,12,10,20,43,1,25.080589,2.576021,1088,1095,1203
13030,3,10,8,22,1,25.088788,2.577155,1088,1095,1205
13040,3,4,3,11,1,25.081474,2.576431,1088,1095,1205
13050,10,4,6,21,1,25.077179,2.575976,1088,1095,1205
13060,7,9,18,35,1,25.077106,2.575935,1088,1095,1211
13070,5,13,10,29,1,25.082192,2.576627,1088,1095,1213
13080,13,16,12,42,1,25.088507,2.577101,1088,1095,1213
13090,14,16,7,38,1,25.103792,2.578799,1088,1096,1213
13100,16,19,12,48,1,25.119573,2.580225,1089,1099,1213
13110,18,19,15,53,1,25.134925,2.581951,1089,1102,1213
13120,18,17,19,55,1,25.156940,2.584422,1101,1118,1214
13130,9,12,10,32,1,25.175202,2.586810,1110,1129,1231
13140,12,13,18,44,1,25.183926,2.587430,1110,1129,1231
13150,12,2,9,24,1,25.192940,2.588666,1110,1129,1231
13160,10,9,7,27,1,25.197666,2.589037,1111,1129,1231
13170,10,1,6,18,1,25.198535,2.588971,1112,1129,1231
13180,19,11,8,39,1,25.202262,2.589078,1112,1129,1231
13190,17,20,12,50,1,25.216861,2.590525,1126,1133,1231
13200,15,12,12,40,1,25.232337,2.592162,1128,1133,1231
13210,10,14,9,34,1,25.231484,2.592242,1128,1133,1231
13220,14,16,14,45,1,25.243424,2.593214,1128,1133,1231
13230,11,0,11,23,1,25.249935,2.594111,1128,1133,1231
13240,1,1,2,5,1,25.245976,2.593852,1128,1133,1231
13250,0,0,0,1,1,25.230269,2.592265,1128,1133,1231
13260,0,1,2,4,1,25.214391,2.590640,1128,1133,1231
13270,2,7,4,14,1,25.205001,2.589421,1128,1133,1231
13280,4,0,2,7,1,25.188470,2.587890,1128,1133,1231
13290,1,2,15,19,1,25.177315,2.586590,1128,1133,1231
13300,5,14,10,30,1,25.179879,2.586861,1128,1133,1231
13310,0,12,4,17,1,25.176785,2.586629,1128,1133,1231
13320,8,6,1,16,1,25.166203,2.585609,1128,1133,1231
13330,2,4,3,10,1,25.156667,2.584675,1128,1133,1231
13340,14,14,14,43,1,25.152232,2.584246,1128,1133,1231
13350,10,17,16,44,1,25.168817,2.586116,1128,1139,1235
13360,10,19,13,43,1,25.183482,2.587709,1128,1146,1235
13370,3,14,11,29,1,25.192846,2.588856,1128,1146,1235
13380,2,9,11,23,1,25.193647,2.589164,1128,1146,1235
13390,8,14,7,30,1,25.192053,2.589006,1128,1146,1235
13400,15,15,10,41,1,25.203287,2.589829,1128,1146,1235
13410,19,11,9,40,1,25.211537,2.590703,1130,1146,1235
13420,17,14,13,45,1,25.222789,2.591865,1132,1146,1235
13430,19,17,15,52,1,25.239055,2.593265,1133,1151,1235
13440,17,19,15,52,1,25.257812,2.595219,1141,1158,1235
13450,16,17,18,52,1,25.274963,2.597047,1141,1162,1235
13460,13,12,17,43,1,25.294682,2.599040,1147,1166,1236
13470,7,16,18,42,1,25.306012,2.599972,1147,1166,1241
13480,8,12,15,36,1,25.317505,2.601180,1147,1169,1242
13490,4,6,20,31,1,25.321682,2.601397,1147,1169,1242
13500,3,5,8,17,1,25.319970,2.601387,1147,1169,1242
13510,4,1,9,15,1,25.318104,2.601261,1147,1169,1242
13520,0,0,0,1,1,25.305151,2.600095,1147,1169,1242
13530,0,2,0,3,1,25.290322,2.598380,1147,1169,1242
13540,2,3,1,7,1,25.275633,2.596917,1147,1169,1242
13550,1,0,0,2,1,25.258738,2.595207,1147,1169,1242
13560,2,10,6,19,1,25.247157,2.593866,1147,1169,1242
13570,1,2,1,5,1,25.236464,2.592578,1147,1169,1242
13580,5,6,8,20,1,25.224536,2.591359,1147,1169,1242
13590,13,8,0,22,1,25.217718,2.590176,1147,1169,1242
13600,11,11,0,23,1,25.215931,2.590254,1147,1169,1242
13610,7,11,5,24,1,25.217024,2.590412,1147,1169,1242
13620,6,11,6,24,1,25.218301,2.590589,1147,1169,1242
13630,3,12,6,22,1,25.225117,2.591198,1147,1171,1242
13640,0,20,5,26,1,25.224412,2.591094,1147,1177,1242
13650,0,0,0,0,0,25.213977,2.590243,1147,1178,1242
13660,0,1,0,2,1,25.198746,2.588880,1147,1178,1242
13670,5,5,3,14,1,25.182775,2.587420,1147,1178,1242
13680,3,3,0,7,1,25.170844,2.586182,1147,1178,1242
13690,2,5,10,18,1,25.159890,2.584772,1147,1178,1242
13700,10,19,8,38,1,25.165534,2.585338,1147,1185,1242
13710,2,8,1,12,1,25.164411,2.585249,1147,1190,1242
13720,0,4,1,6,1,25.152102,2.584030,1147,1190,1242
13730,0,0,1,2,1,25.137126,2.582459,1147,1190,1242
13740,0,0,4,5,1,25.122737,2.580929,1147,1190,1242
13750,0,0,0,0,0,25.107778,2.579573,1147,1190,1242
13760,0,0,0,0,0,25.091234,2.578091,1147,1190,1242
13770,11,12,8,32,1,25.087317,2.577483,1147,1190,1242
13780,3,5,0,9,1,25.088246,2.577566,1147,1192,1242
13790,8,10,3,22,1,25.078130,2.576456,1147,1192,1242
13800,15,9,7,32,1,25.084846,2.577018,1147,1192,1242
13810,19,6,9,35,1,25.098456,2.578442,1154,1192,1247
13820,13,0,14,28,1,25.105768,2.579238,1154,1192,1248
13830,17,1,17,36,1,25.111342,2.579837,1154,1192,1248
13840,3,3,10,17,1,25.109220,2.579836,1154,1192,1248
13850,1,1,1,4,1,25.097691,2.578791,1154,1192,1248
13860,0,1,7,9,1,25.086261,2.577451,1154,1192,1248
13870,1,0,0,2,1,25.071849,2.575996,1154,1192,1248
13880,10,6,6,23,1,25.061261,2.574838,1154,1192,1248
13890,9,0,3,13,1,25.055594,2.574148,1154,1192,1248
13900,0,0,0,1,1,25.042486,2.572769,1154,1192,1248
13910,7,1,8,17,1,25.035123,2.571848,1154,1192,1248
13920,0,1,4,6,1,25.030025,2.571236,1154,1192,1248
13930,0,0,0,1,1,25.017796,2.569987,1154,1192,1248
13940,9,0,2,12,1,25.005383,2.568737,1154,1192,1248
13950,14,4,7,26,1,24.999769,2.568034,1154,1192,1248
13960,15,5,6,27,1,25.000151,2.567948,1156,1192,1248
13970,20,4,8,33,1,25.000582,2.567602,1158,1192,1248
13980,19,4,17,41,1,25.005438,2.567731,1160,1192,1248
13990,14,3,6,24,1,25.009906,2.568348,1162,1192,1248
14000,12,0,2,15,1,25.010805,2.568617,1163,1192,1248
14010,1,3,3,8,1,24.999251,2.567343,1163,1192,1248
14020,3,6,7,17,1,24.985601,2.565779,1163,1192,1248
14030,1,3,8,13,1,24.979053,2.565170,1163,1192,1248
14040,2,0,11,14,1,24.974352,2.564826,1163,1192,1248
14050,5,1,5,12,1,24.965124,2.563660,1163,1192,1248
14060,4,0,5,10,1,24.956044,2.562810,1163,1192,1248
14070,17,11,4,33,1,24.954656,2.562338,1167,1192,1248
14080,15,9,0,25,1,24.960522,2.562929,1174,1192,1248
14090,3,0,5,9,1,24.952465,2.562295,1174,1192,1248
14100,3,2,1,7,1,24.939104,2.561005,1174,1192,1248
14110,5,8,2,16,1,24.929999,2.559854,1174,1192,1248
14120,9,6,5,21,1,24.922900,2.559113,1174,1192,1248
14130,6,10,5,22,1,24.919686,2.558623,1174,1192,1248
14140,16,12,6,35,1,24.921347,2.558690,1174,1192,1248
14150,16,7,7,31,1,24.929459,2.559381,1178,1192,1248
14160,11,5,0,17,1,24.927799,2.559348,1178,1192,1248
14170,5,1,0,7,1,24.918405,2.558373,1178,1192,1248
14180,0,2,0,3,1,24.907216,2.557398,1178,1192,1248
14190,3,6,4,14,1,24.893409,2.555803,1178,1192,1248
14200,6,16,11,34,1,24.897948,2.556220,1178,1192,1248
14210,3,20,6,30,1,24.905835,2.557093,1178,1202,1248
14220,1,16,4,22,1,24.908787,2.557440,1178,1207,1248
14230,3,10,10,24,1,24.902671,2.556894,1178,1207,1248
14240,2,9,14,26,1,24.905931,2.557088,1178,1207,1249
14250,15,17,17,50,1,24.920497,2.558499,1178,1213,1253
14260,13,10,8,32,1,24.931797,2.559795,1178,1213,1253
14270,3,13,1,18,1,24.930329,2.559652,1178,1213,1253
14280,4,2,4,11,1,24.920903,2.558857,1178,1213,1253
14290,2,0,6,9,1,24.908486,2.557644,1178,1213,1253
14300,1,1,2,5,1,24.896281,2.556655,1178,1213,1253
14310,0,2,2,5,1,24.881126,2.555161,1178,1213,1253
14320,1,5,12,19,1,24.873617,2.554049,1178,1213,1253
14330,16,6,9,32,1,24.876765,2.554068,1179,1213,1253
14340,19,11,5,36,1,24.885846,2.554770,1183,1213,1253
14350,15,14,7,37,1,24.896303,2.556070,1194,1213,1253
14360,17,13,6,37,1,24.905373,2.556991,1198,1213,1253
14370,11,10,6,28,1,24.910229,2.557515,1198,1213,1253
14380,6,8,8,23,1,24.909104,2.557553,1198,1213,1253
14390,12,18,3,34,1,24.914560,2.557974,1198,1218,1253
14400,13,17,5,36,1,24.915846,2.557949,1198,1218,1253
14410,1,3,4,9,1,24.911697,2.557604,1198,1218,1253
14420,0,15,11,27,1,24.910522,2.557308,1198,1218,1253
14430,0,10,0,11,1,24.907052,2.557141,1198,1218,1253
14440,0,7,6,14,1,24.898814,2.556067,1198,1218,1253
14450,5,1,2,9,1,24.886056,2.555000,1198,1218,1253
14460,6,7,6,20,1,24.880654,2.554362,1198,1218,1253
14470,1,2,5,9,1,24.875625,2.554125,1198,1218,1253
14480,0,0,0,1,1,24.863300,2.553120,1198,1218,1253
14490,7,14,2,24,1,24.851074,2.551890,1198,1218,1253
14500,15,18,8,42,1,24.852125,2.551734,1198,1218,1253
14510,14,15,7,37,1,24.863768,2.552972,1198,1219,1253
14520,5,8,1,15,1,24.864306,2.553089,1198,1219,1253
14530,5,4,13,23,1,24.860347,2.552581,1198,1219,1253
14540,0,7,17,25,1,24.858014,2.552331,1198,1219,1253
14550,6,14,14,35,1,24.861089,2.552563,1198,1219,1256
14560,7,7,13,28,1,24.866784,2.553011,1198,1219,1256
14570,0,5,16,22,1,24.868321,2.553176,1198,1219,1256
14580,3,5,11,20,1,24.868072,2.553122,1198,1219,1259
14590,16,18,15,50,1,24.874522,2.553612,1198,1221,1259
14600,12,16,11,40,1,24.890815,2.555453,1198,1221,1259
14610,16,16,10,43,1,24.904372,2.556691,1200,1228,1259
14620,8,15,4,28,1,24.913688,2.557798,1200,1238,1259
14630,12,6,6,25,1,24.911867,2.557690,1200,1238,1259
14640,14,3,5,23,1,24.910057,2.557368,1200,1238,1259
14650,16,5,2,24,1,24.912275,2.557764,1200,1238,1259
14660,16,9,11,37,1,24.914547,2.557969,1202,1238,1259
14670,12,5,8,26,1,24.919931,2.558457,1202,1238,1259
14680,0,0,0,1,1,24.913834,2.558125,1202,1238,1259
14690,0,0,1,2,1,24.900571,2.556948,1202,1238,1259
14700,0,5,6,12,1,24.889457,2.555689,1202,1238,1259
14710,1,3,2,7,1,24.878834,2.554374,1202,1238,1259
14720,6,9,0,16,1,24.871101,2.553444,1202,1238,1259
14730,15,17,4,37,1,24.878638,2.554047,1203,1239,1259
14740,2,8,9,20,1,24.876491,2.554012,1203,1239,1259
14750,8,17,17,43,1,24.884330,2.554575,1203,1239,1267
14760,4,13,12,30,1,24.892172,2.555423,1203,1239,1271
14770,5,7,3,16,1,24.890395,2.555159,1203,1239,1271
14780,0,6,4,11,1,24.878502,2.553945,1203,1239,1271
14790,6,5,10,22,1,24.869154,2.553081,1203,1239,1271
14800,6,15,12,34,1,24.871058,2.553125,1203,1239,1271
14810,3,8,11,23,1,24.869709,2.552940,1203,1239,1271
14820,3,12,9,25,1,24.872059,2.553083,1203,1239,1271
14830,3,16,17,37,1,24.874521,2.553007,1203,1239,1271
14840,12,8,7,28,1,24.880353,2.553826,1203,1239,1271
14850,8,9,8,26,1,24.884884,2.554351,1203,1239,1271
14860,10,11,2,24,1,24.883969,2.554159,1203,1239,1271
14870,0,0,0,0,0,24.876783,2.553570,1203,1239,1271
14880,0,0,0,0,0,24.861794,2.552074,1203,1239,1271
14890,10,6,7,24,1,24.852451,2.551016,1203,1239,1271
14900,8,3,13,25,1,24.853730,2.551208,1203,1239,1271
14910,1,5,6,13,1,24.849697,2.550942,1203,1239,1271
14920,4,2,8,15,1,24.842237,2.550113,1203,1239,1271
14930,2,5,7,15,1,24.833525,2.549016,1203,1239,1271
14940,10,6,10,27,1,24.837288,2.549252,1203,1239,1271
14950,6,12,8,27,1,24.834013,2.548923,1203,1239,1271
14960,12,16,4,33,1,24.839815,2.549456,1203,1242,1271
14970,12,19,9,41,1,24.846844,2.550273,1203,1244,1271
14980,2,16,11,30,1,24.850283,2.550616,1203,1244,1271
14990,6,16,17,40,1,24.858766,2.551476,1203,1244,1274
15000,0,17,19,37,1,24.866622,2.552220,1203,1246,1274
15010,4,12,9,26,1,24.868463,2.552277,1203,1246,1276
15020,7,5,11,24,1,24.864804,2.551892,1203,1246,1276
15030,8,3,13,25,1,24.861707,2.551512,1203,1246,1276
15040,2,3,5,11,1,24.858351,2.551332,1203,1246,1276
15050,0,0,0,1,1,24.845553,2.549939,1203,1246,1276
15060,2,8,1,12,1,24.837402,2.549040,1203,1246,1276
15070,5,9,10,25,1,24.833988,2.548628,1203,1246,1276
15080,4,4,0,9,1,24.827491,2.547934,1203,1246,1276
15090,1,0,0,2,1,24.814637,2.546519,1203,1246,1276
15100,14,12,1,28,1,24.809243,2.545748,1203,1246,1276
15110,1,2,0,4,1,24.803886,2.545379,1203,1246,1276
15120,5,3,3,12,1,24.794607,2.544141,1203,1246,1276
15130,5,1,4,11,1,24.784955,2.543107,1203,1246,1276
15140,0,0,0,1,1,24.774190,2.541993,1203,1246,1276
15150,0,3,5,9,1,24.762581,2.540655,1203,1246,1276
15160,7,0,14,22,1,24.751992,2.539405,1203,1246,1276
15170,0,3,9,13,1,24.748672,2.539330,1203,1246,1276
15180,1,1,1,4,1,24.738351,2.538244,1203,1246,1276
15190,5,2,0,8,1,24.727036,2.537160,1203,1246,1276
15200,2,1,1,5,1,24.714574,2.535940,1203,1246,1276
15210,13,8,13,35,1,24.711668,2.535411,1203,1246,1276
15220,13,17,8,39,1,24.718134,2.535945,1203,1247,1276
15230,14,16,7,38,1,24.730811,2.537220,1203,1250,1276
15240,19,17,4,41,1,24.738609,2.537891,1206,1254,1276
15250,16,10,0,27,1,24.745472,2.538518,1206,1254,1276
15260,18,0,2,21,1,24.745101,2.538642,1209,1254,1276
15270,18,17,8,44,1,24.747398,2.538851,1212,1254,1276
15280,12,4,0,17,1,24.752266,2.539495,1212,1254,1276
15290,10,6,10,27,1,24.752341,2.539238,1212,1254,1276
15300,14,2,8,25,1,24.756383,2.539712,1212,1254,1276
15310,9,5,0,15,1,24.746930,2.538699,1212,1254,1276
15320,7,8,0,16,1,24.743737,2.538567,1212,1254,1276
15330,0,2,2,5,1,24.735147,2.537711,1212,1254,1276
15340,6,7,8,22,1,24.728028,2.536751,1212,1254,1276
15350,8,8,9,26,1,24.729503,2.537012,1212,1254,1276
15360,3,12,16,32,1,24.731340,2.537276,1212,1254,1276
15370,0,0,6,7,1,24.728502,2.537366,1212,1254,1276
15380,8,0,9,18,1,24.727835,2.537000,1212,1254,1276
15390,14,2,11,28,1,24.726620,2.536562,1212,1254,1276
15400,15,13,11,40,1,24.726839,2.536187,1212,1254,1276
15410,8,9,10,28,1,24.729995,2.536553,1212,1254,1276
15420,6,20,20,47,1,24.735416,2.536932,1212,1257,1278
15430,3,6,9,19,1,24.741837,2.537633,1212,1257,1280
15440,7,1,9,18,1,24.737081,2.537356,1212,1257,1280
15450,16,3,2,22,1,24.734324,2.536963,1212,1257,1280
15460,11,5,4,21,1,24.739763,2.537630,1217,1257,1280
15470,0,0,0,0,0,24.728123,2.536579,1217,1257,1280
15480,3,8,1,13,1,24.718920,2.535610,1217,1257,1280
15490,4,3,3,11,1,24.707956,2.534594,1217,1257,1280
15500,2,4,5,12,1,24.700501,2.533837,1217,1257,1280
15510,0,0,0,0,0,24.688968,2.532763,1217,1257,1280
15520,4,0,0,5,1,24.675029,2.531441,1217,1257,1280
15530,5,1,1,8,1,24.663705,2.530288,1217,1257,1280
15540,5,9,4,19,1,24.657267,2.529418,1217,1257,1280
15550,1,3,4,9,1,24.650361,2.528851,1217,1257,1280
15560,0,0,0,1,1,24.637080,2.527796,1217,1257,1280
15570,8,1,5,15,1,24.625514,2.526534,1217,1257,1280
15580,5,4,1,11,1,24.614558,2.525618,1217,1257,1280
15590,8,2,0,11,1,24.607454,2.524880,1217,1257,1280
15600,2,6,3,12,1,24.599372,2.524224,1217,1257,1280
15610,3,0,2,6,1,24.590333,2.523437,1217,1257,1280
15620,12,6,11,30,1,24.583914,2.522537,1217,1257,1280
15630,18,7,2,28,1,24.590314,2.523185,1224,1257,1280
15640,17,11,7,36,1,24.596504,2.523695,1227,1257,1280
15650,18,15,10,44,1,24.608306,2.524748,1231,1257,1280
15660,17,20,15,53,1,24.625936,2.526515,1242,1262,1280
15670,16,15,17,49,1,24.645175,2.528811,1251,1271,1283
15680,12,19,14,46,1,24.660283,2.530269,1254,1273,1283
15690,12,15,20,48,1,24.675463,2.531884,1254,1278,1301
15700,9,5,17,32,1,24.683836,2.532834,1254,1278,1307
15710,4,4,9,18,1,24.683621,2.533018,1254,1278,1307
15720,10,10,8,29,1,24.682415,2.532802,1254,1278,1307
15730,10,12,12,35,1,24.687239,2.533205,1254,1278,1307
15740,12,9,15,37,1,24.695638,2.534207,1254,1278,1307
15750,10,7,13,31,1,24.704388,2.535013,1255,1278,1307
15760,1,6,1,9,1,24.702288,2.534871,1255,1278,1307
15770,6,3,8,18,1,24.692373,2.533713,1255,1278,1307
15780,3,3,8,15,1,24.686863,2.533204,1255,1278,1307
15790,5,1,2,9,1,24.678455,2.532431,1255,1278,1307
15800,10,6,4,21,1,24.672960,2.531727,1255,1278,1307
15810,6,4,1,12,1,24.669571,2.531419,1255,1278,1307
15820,6,3,3,13,1,24.664154,2.530838,1255,1278,1307
15830,0,0,0,1,1,24.654797,2.530017,1255,1278,1307
15840,2,14,0,17,1,24.649885,2.529241,1255,1278,1307
15850,1,14,4,20,1,24.650130,2.529241,1255,1280,1307
15860,0,5,5,11,1,24.644706,2.528709,1255,1280,1307
15870,1,1,1,4,1,24.637047,2.527914,1255,1280,1307
15880,1,1,0,3,1,24.623047,2.526485,1255,1280,1307
15890,0,1,2,4,1,24.616860,2.525825,1255,1280,1307
15900,0,0,0,0,0,24.604501,2.524662,1255,1280,1307
15910,3,9,1,14,1,24.592597,2.523383,1255,1280,1307
15920,1,1,1,4,1,24.584120,2.522472,1255,1280,1307
15930,0,0,0,1,1,24.571327,2.521378,1255,1280,1307
15940,7,14,7,29,1,24.563078,2.520360,1255,1280,1307
15950,9,13,2,25,1,24.564163,2.520674,1255,1280,1307
15960,5,15,10,31,1,24.562757,2.520472,1255,1280,1307
15970,14,16,10,41,1,24.572028,2.521382,1255,1291,1307
15980,17,17,8,43,1,24.584936,2.522714,1265,1292,1307
15990,18,5,10,34,1,24.595302,2.523769,1265,1294,1307
16000,20,5,20,46,1,24.604778,2.524748,1272,1294,1312
16010,9,3,9,22,1,24.611829,2.525576,1276,1294,1318
16020,4,0,10,15,1,24.608010,2.525224,1276,1294,1318
16030,5,1,4,11,1,24.601814,2.524660,1276,1294,1318
16040,10,4,6,21,1,24.591152,2.523267,1276,1294,1318
16050,6,3,4,14,1,24.590050,2.523354,1276,1294,1318
16060,2,0,4,7,1,24.582246,2.522690,1276,1294,1318
16070,0,1,0,2,1,24.570680,2.521413,1276,1294,1318
16080,0,0,0,0,0,24.559980,2.520323,1276,1294,1318
16090,0,1,2,4,1,24.551047,2.519285,1276,1294,1318
16100,3,4,6,14,1,24.539423,2.517971,1276,1294,1318
16110,2,5,11,19,1,24.531175,2.517244,1276,1294,1318
16120,8,7,18,34,1,24.533637,2.517440,1276,1294,1318
16130,11,0,16,28,1,24.539713,2.518135,1276,1294,1318
16140,6,20,15,42,1,24.538369,2.517780,1276,1294,1318
16150,2,6,10,19,1,24.539460,2.518107,1276,1296,1318
16160,4,4,8,17,1,24.530276,2.517348,1276,1296,1318
16170,0,0,2,3,1,24.522811,2.516685,1276,1296,1318
16180,1,7,5,14,1,24.513868,2.515694,1276,1296,1318
16190,1,0,0,2,1,24.501670,2.514529,1276,1296,1318
16200,1,1,2,5,1,24.488159,2.513070,1276,1296,1318
16210,5,8,6,20,1,24.475997,2.511988,1276,1296,1318
16220,0,0,0,1,1,24.469963,2.511550,1276,1296,1318
16230,10,0,4,15,1,24.458707,2.510386,1276,1296,1318
16240,0,3,0,4,1,24.449531,2.509514,1276,1296,1318
16250,3,5,3,12,1,24.438646,2.508309,1276,1296,1318
16260,8,17,11,37,1,24.438156,2.507743,1276,1296,1318
16270,5,3,4,13,1,24.439855,2.508098,1276,1298,1318
16280,11,0,0,12,1,24.435807,2.507564,1276,1298,1318
16290,5,5,0,11,1,24.429993,2.506942,1276,1298,1318
16300,15,14,4,34,1,24.431649,2.506930,1276,1298,1318
16310,0,2,4,7,1,24.432095,2.507283,1276,1298,1318
16320,8,8,2,19,1,24.422129,2.506220,1276,1298,1318
16330,4,14,9,28,1,24.423822,2.506259,1276,1298,1318
16340,0,10,11,22,1,24.429182,2.506926,1276,1298,1321
16350,5,10,18,34,1,24.433196,2.507125,1276,1298,1325
16360,4,5,8,18,1,24.433754,2.507079,1276,1298,1325
16370,2,7,19,29,1,24.433181,2.506745,1276,1298,1325
16380,11,16,7,35,1,24.439603,2.507364,1276,1298,1325
16390,20,7,15,43,1,24.448787,2.508392,1279,1298,1325
16400,11,4,4,20,1,24.453502,2.509009,1283,1298,1325
16410,9,6,0,16,1,24.452311,2.508737,1283,1298,1325
16420,0,0,0,0,0,24.442715,2.507822,1283,1298,1325
16430,14,8,6,29,1,24.436374,2.506756,1283,1298,1325
16440,20,13,11,45,1,24.443479,2.507540,1287,1298,1325
16450,16,4,9,30,1,24.453300,2.508727,1290,1298,1325
16460,2,6,3,12,1,24.446138,2.508015,1290,1298,1325
16470,0,0,0,0,0,24.436722,2.507181,1290,1298,1325
16480,0,1,0,2,1,24.423464,2.505953,1290,1298,1325
16490,5,15,8,29,1,24.417261,2.505215,1290,1298,1325
16500,16,8,18,43,1,24.419449,2.505104,1290,1298,1326
16510,16,0,5,22,1,24.424419,2.505855,1290,1298,1326
16520,10,1,5,17,1,24.421100,2.505708,1290,1298,1326
16530,17,9,3,30,1,24.421572,2.505562,1290,1298,1326
16540,17,10,6,34,1,24.425979,2.506099,1294,1298,1326
16550,19,19,11,50,1,24.437709,2.507310,1299,1301,1326
16560,16,13,2,32,1,24.446552,2.508286,1304,1306,1326
16570,15,17,5,38,1,24.455499,2.509180,1304,1309,1326
16580,11,19,5,36,1,24.460266,2.509677,1304,1309,1326
16590,14,17,1,33,1,24.462994,2.509824,1304,1309,1326
16600,8,5,4,18,1,24.464433,2.509870,1304,1310,1326
16610,3,4,8,16,1,24.458428,2.509386,1304,1310,1326
16620,2,0,13,16,1,24.448838,2.508533,1304,1310,1326
16630,10,9,9,29,1,24.447172,2.508075,1304,1310,1326
16640,11,2,0,14,1,24.445090,2.507962,1304,1310,1326
16650,19,8,3,31,1,24.444910,2.507997,1304,1310,1326
16660,18,2,5,26,1,24.446434,2.508238,1314,1310,1326
16670,0,0,2,3,1,24.436886,2.507327,1314,1310,1326
16680,1,2,3,7,1,24.427083,2.506421,1314,1310,1326
16690,4,9,4,18,1,24.422048,2.505680,1314,1310,1326
16700,0,0,0,1,1,24.410786,2.504732,1314,1310,1326
16710,0,1,0,2,1,24.397446,2.503493,1314,1310,1326
16720,4,1,4,10,1,24.387975,2.502344,1314,1310,1326
16730,0,4,5,10,1,24.375902,2.501404,1314,1310,1326
16740,7,1,0,9,1,24.370030,2.500747,1314,1310,1326
16750,0,0,0,1,1,24.358792,2.499677,1314,1310,1326
16760,2,3,3,9,1,24.346296,2.498585,1314,1310,1326
16770,0,1,1,3,1,24.334279,2.497435,1314,1310,1326
16780,11,9,11,32,1,24.330052,2.496886,1314,1310,1326
16790,19,16,9,45,1,24.338302,2.497556,1315,1310,1326
16800,15,14,13,43,1,24.350124,2.498913,1320,1310,1326
16810,14,15,15,45,1,24.360867,2.499961,1324,1310,1326
16820,19,17,16,53,1,24.375737,2.501372,1327,1310,1333
16830,9,17,17,44,1,24.393718,2.503575,1331,1316,1345
16840,18,19,19,57,1,24.404294,2.504759,1331,1317,1345
16850,17,14,13,45,1,24.418262,2.506382,1333,1328,1345
16860,1,19,7,28,1,24.426507,2.507235,1333,1330,1345
16870,13,19,10,43,1,24.436474,2.508204,1333,1335,1345
16880,11,19,10,41,1,24.447632,2.509233,1333,1342,1345
16890,0,12,4,17,1,24.451642,2.509911,1333,1344,1345
16900,0,0,1,2,1,24.441454,2.509024,1333,1344,1345
16910,1,4,2,8,1,24.431653,2.508024,1333,1344,1345
16920,0,0,1,2,1,24.421951,2.507278,1333,1344,1345
16930,7,15,6,29,1,24.416833,2.506485,1333,1344,1345
16940,0,6,2,9,1,24.414498,2.506327,1333,1344,1345
16950,1,1,1,4,1,24.402124,2.505139,1333,1344,1345
16960,0,1,0,2,1,24.392419,2.504194,1333,1344,1345
16970,0,0,4,5,1,24.382836,2.503202,1333,1344,1345
16980,6,5,13,25,1,24.380122,2.502642,1333,1344,1345
16990,1,6,11,19,1,24.381307,2.502876,1333,1344,1345
17000,0,1,16,18,1,24.378119,2.502675,1333,1344,1345
17010,1,6,16,24,1,24.378903,2.502687,1333,1344,1352
17020,2,17,18,38,1,24.385632,2.503323,1333,1345,1357
17030,5,12,18,36,1,24.396776,2.504503,1333,1349,1361
17040,2,13,19,35,1,24.403539,2.505204,1333,1349,1368
17050,6,19,15,41,1,24.411083,2.506000,1333,1352,1374
17060,0,9,7,17,1,24.411991,2.506174,1333,1352,1374
17070,0,0,2,3,1,24.403534,2.505659,1333,1352,1374
17080,7,9,13,30,1,24.396620,2.504835,1333,1352,1374
17090,6,12,19,38,1,24.405351,2.505737,1333,1352,1377
17100,12,7,16,36,1,24.413879,2.506664,1333,1352,1382
17110,6,0,19,26,1,24.417433,2.507020,1333,1352,1384
17120,1,5,17,24,1,24.418963,2.507168,1333,1352,1384
17130,0,0,0,1,1,24.415292,2.506857,1333,1352,1387
17140,3,3,5,12,1,24.402436,2.505618,1333,1352,1387
17150,5,6,10,22,1,24.401124,2.505414,1333,1352,1387
17160,16,16,8,41,1,24.407595,2.505724,1333,1352,1387
17170,1,4,10,16,1,24.408927,2.506137,1333,1352,1387
17180,2,8,13,24,1,24.404901,2.505729,1333,1352,1387
17190,8,10,10,29,1,24.406061,2.505765,1333,1352,1387
17200,12,6,5,24,1,24.406380,2.505789,1333,1352,1387
17210,18,8,10,37,1,24.411658,2.506037,1335,1352,1387
17220,16,8,5,30,1,24.417784,2.506717,1336,1352,1387
17230,15,9,5,30,1,24.421004,2.507009,1336,1352,1387
17240,11,5,3,20,1,24.421558,2.507132,1336,1352,1387
17250,9,1,4,15,1,24.418254,2.506739,1336,1352,1387
17260,0,0,1,2,1,24.409381,2.505998,1336,1352,1387
17270,1,0,0,2,1,24.396358,2.504816,1336,1352,1387
17280,1,1,0,3,1,24.387224,2.503899,1336,1352,1387
17290,1,3,4,9,1,24.375360,2.502880,1336,1352,1387
17300,1,0,0,2,1,24.364867,2.501705,1336,1352,1387
17310,3,1,2,7,1,24.353580,2.500626,1336,1352,1387
17320,0,2,1,4,1,24.341003,2.499533,1336,1352,1387
17330,6,9,8,24,1,24.330711,2.498304,1336,1352,1387
17340,2,1,13,17,1,24.330160,2.498149,1336,1352,1387
17350,6,5,12,24,1,24.333725,2.498447,1336,1352,1387
17360,5,18,12,36,1,24.337022,2.498659,1336,1353,1387
17370,3,20,13,37,1,24.345456,2.499590,1336,1359,1396
17380,11,17,17,46,1,24.355927,2.500449,1336,1367,1400
17390,5,11,15,32,1,24.362655,2.501234,1336,1367,1400
17400,1,18,8,28,1,24.362132,2.501083,1336,1367,1400
17410,5,16,3,25,1,24.362249,2.501042,1336,1376,1400
17420,0,14,7,22,1,24.363715,2.501361,1336,1376,1400
17430,6,8,5,20,1,24.363776,2.501270,1336,1377,1400
17440,3,1,6,11,1,24.361288,2.501050,1336,1377,1400
17450,6,15,2,24,1,24.357537,2.500494,1336,1377,1400
17460,8,8,4,21,1,24.354825,2.500222,1336,1377,1400
17470,20,7,12,40,1,24.358884,2.500395,1340,1377,1400
17480,15,12,19,47,1,24.369561,2.501233,1348,1377,1400
17490,20,7,20,48,1,24.379376,2.502261,1357,1377,1401
17500,11,4,16,32,1,24.385986,2.503107,1361,1377,1401
17510,18,10,17,46,1,24.392173,2.503543,1361,1377,1402
17520,16,19,18,54,1,24.405372,2.504889,1361,1378,1408
17530,10,17,16,44,1,24.417635,2.506257,1361,1387,1410
17540,13,18,11,43,1,24.426926,2.507261,1361,1387,1410
17550,17,17,7,42,1,24.433597,2.507908,1361,1387,1410
17560,17,9,2,29,1,24.440730,2.508690,1366,1388,1410
17570,19,14,1,35,1,24.445345,2.509009,1366,1388,1410
17580,17,20,9,47,1,24.451716,2.509552,1368,1390,1410
17590,17,16,11,45,1,24.465683,2.511065,1379,1400,1410
17600,19,15,15,50,1,24.479521,2.512638,1388,1402,1410
17610,17,8,17,43,1,24.492843,2.514129,1397,1402,1410
17620,15,16,19,51,1,24.508534,2.515819,1398,1406,1421
17630,11,16,15,43,1,24.520675,2.517262,1398,1406,1422
17640,4,10,16,31,1,24.527988,2.518004,1398,1408,1422
17650,9,9,20,39,1,24.533919,2.518370,1398,1408,1437
17660,7,7,13,28,1,24.539007,2.518913,1398,1408,1442
17670,12,20,14,47,1,24.544468,2.519304,1398,1412,1442
17680,4,19,11,35,1,24.552649,2.520238,1398,1426,1442
17690,8,18,6,33,1,24.554948,2.520407,1398,1427,1442
17700,10,16,18,45,1,24.565550,2.521458,1398,1437,1444
17710,13,20,9,43,1,24.579551,2.522901,1398,1441,1448
17720,13,13,16,43,1,24.586618,2.523574,1398,1445,1448
17730,18,11,18,48,1,24.598383,2.524993,1401,1445,1449
17740,17,11,16,45,1,24.611120,2.526204,1407,1445,1449
17750,16,12,9,38,1,24.619052,2.526995,1407,1445,1449
17760,9,12,10,32,1,24.625261,2.527755,1407,1445,1449
17770,0,3,12,16,1,24.628678,2.528214,1407,1445,1449
17780,0,0,0,0,0,24.619937,2.527352,1407,1445,1449
17790,4,3,7,15,1,24.609591,2.526194,1407,1445,1449
17800,2,1,1,5,1,24.599893,2.525176,1407,1445,1449
17810,0,1,0,2,1,24.588691,2.524032,1407,1445,1449
17820,8,7,1,17,1,24.581311,2.523179,1407,1445,1449
17830,14,13,13,41,1,24.582150,2.523039,1407,1445,1449
17840,18,13,10,42,1,24.590231,2.523918,1408,1445,1449
17850,15,13,19,48,1,24.606538,2.525583,1418,1451,1453
17860,10,6,7,24,1,24.616537,2.526761,1421,1451,1457
17870,9,3,1,14,1,24.612018,2.526332,1421,1451,1457
17880,12,2,3,18,1,24.604301,2.525517,1421,1451,1457
17890,0,0,0,0,0,24.596505,2.524825,1421,1451,1457
17900,0,0,0,0,0,24.584999,2.523780,1421,1451,1457
17910,6,1,3,11,1,24.574865,2.522586,1421,1451,1457
17920,6,6,7,20,1,24.564589,2.521350,1421,1451,1457
17930,2,2,8,13,1,24.558337,2.520541,1421,1451,1457
17940,1,5,1,8,1,24.548266,2.519528,1421,1451,1457
17950,0,2,1,4,1,24.538398,2.518392,1421,1451,1457
17960,3,2,8,14,1,24.529395,2.517302,1421,1451,1457
17970,2,1,11,15,1,24.527217,2.516883,1421,1451,1457
17980,2,2,2,7,1,24.522713,2.516528,1421,1451,1457
17990,17,4,9,31,1,24.520359,2.516164,1421,1451,1457
18000,11,13,11,36,1,24.522322,2.516429,1421,1451,1457
18010,10,20,18,49,1,24.531134,2.517225,1421,1456,1457
18020,10,13,10,34,1,24.540736,2.518446,1421,1460,1461
18030,18,18,20,57,1,24.555294,2.519803,1421,1460,1468
18040,19,19,18,57,1,24.571704,2.521494,1430,1460,1481
18050,19,17,13,50,1,24.585523,2.523119,1437,1462,1481
18060,13,12,11,37,1,24.595504,2.524250,1441,1462,1481
18070,18,15,16,50,1,24.608362,2.525562,1443,1462,1486
18080,12,13,15,41,1,24.619484,2.526810,1443,1462,1486
18090,0,0,14,15,1,24.619438,2.526797,1443,1462,1486
18100,2,4,0,7,1,24.611810,2.526020,1443,1462,1486
18110,1,0,0,2,1,24.600758,2.524835,1443,1462,1486
18120,0,2,1,4,1,24.588442,2.523720,1443,1462,1486
18130,7,0,2,10,1,24.578846,2.522713,1443,1462,1486
18140,4,7,0,12,1,24.569889,2.521785,1443,1462,1486
18150,0,1,0,2,1,24.558677,2.520755,1443,1462,1486
18160,3,6,2,12,1,24.548320,2.519555,1443,1462,1486
18170,9,13,0,23,1,24.548617,2.519449,1443,1462,1486
18180,7,9,2,19,1,24.546328,2.519178,1443,1462,1486
18190,18,9,6,34,1,24.547313,2.519158,1443,1462,1486
18200,17,12,3,33,1,24.552344,2.519879,1443,1462,1486
18210,12,17,8,38,1,24.561254,2.520785,1445,1467,1486
18220,19,17,15,52,1,24.573958,2.522039,1450,1471,1486
18230,16,16,9,42,1,24.585763,2.523214,1450,1476,1486
18240,16,19,13,49,1,24.600038,2.524671,1456,1477,1486
18250,13,19,5,38,1,24.610851,2.525886,1456,1479,1486
18260,11,5,6,23,1,24.613879,2.526303,1456,1479,1486
18270,16,0,10,27,1,24.617762,2.526721,1456,1479,1486
18280,2,3,1,7,1,24.611250,2.526144,1456,1479,1486
18290,13,11,3,28,1,24.607575,2.525617,1456,1479,1486
18300,10,17,11,39,1,24.613050,2.526185,1456,1479,1486
18310,3,7,20,31,1,24.618604,2.526776,1456,1479,1495
18320,10,6,12,29,1,24.623185,2.527379,1456,1479,1501
18330,0,17,12,30,1,24.627108,2.527576,1456,1479,1501
18340,1,5,1,8,1,24.624286,2.527405,1456,1479,1501
18350,8,2,2,13,1,24.615086,2.526524,1456,1479,1501
18360,13,4,6,24,1,24.609802,2.525860,1456,1479,1501
18370,1,2,4,8,1,24.603304,2.525411,1456,1479,1501
18380,17,8,3,29,1,24.602761,2.525164,1456,1479,1501
18390,14,13,9,37,1,24.608458,2.525853,1457,1479,1501
18400,16,5,5,27,1,24.610278,2.525905,1458,1479,1501
18410,16,8,3,28,1,24.610547,2.525953,1458,1479,1501
18420,18,6,4,29,1,24.611193,2.526082,1462,1479,1501
18430,9,11,6,27,1,24.610666,2.526104,1462,1479,1501
18440,6,6,15,28,1,24.611504,2.526224,1462,1479,1501
18450,13,8,18,40,1,24.617501,2.526831,1462,1479,1511
18460,17,17,19,54,1,24.630955,2.528331,1462,1479,1520
18470,13,19,13,46,1,24.646278,2.530078,1462,1484,1520
18480,18,18,16,53,1,24.659650,2.531330,1462,1486,1521
18490,12,13,11,37,1,24.670022,2.532527,1462,1486,1521
18500,16,15,16,48,1,24.682790,2.533816,1467,1486,1523
18510,18,12,10,41,1,24.695493,2.535337,1470,1486,1523
18520,19,4,12,36,1,24.704697,2.536287,1473,1486,1527
18530,7,1,1,10,1,24.708215,2.536710,1473,1486,1527
18540,0,0,0,1,1,24.697688,2.535733,1473,1486,1527
18550,1,3,1,6,1,24.686315,2.534501,1473,1486,1527
18560,1,3,7,12,1,24.675664,2.533455,1473,1486,1527
18570,0,4,13,18,1,24.672729,2.532949,1473,1486,1528
18580,2,0,9,12,1,24.670188,2.532750,1473,1486,1530
18590,1,0,0,2,1,24.659729,2.531822,1473,1486,1530
18600,4,2,4,11,1,24.650505,2.530992,1473,1486,1530
18610,3,0,4,8,1,24.641264,2.530091,1473,1486,1530
18620,6,4,7,18,1,24.635236,2.529366,1473,1486,1530
18630,1,2,0,4,1,24.625573,2.528547,1473,1486,1530
18640,0,0,0,1,1,24.617280,2.527756,1473,1486,1530
18650,3,8,2,14,1,24.609723,2.526916,1473,1486,1530
18660,15,15,3,34,1,24.611307,2.527015,1473,1486,1530
18670,16,19,12,48,1,24.620605,2.527808,1474,1489,1530
18680,20,9,5,35,1,24.625964,2.528503,1475,1491,1530
18690,16,2,5,24,1,24.627023,2.528436,1478,1491,1530
18700,17,6,4,28,1,24.628310,2.528643,1478,1491,1530
18710,7,2,1,11,1,24.623748,2.528389,1478,1491,1530
18720,0,6,0,7,1,24.617367,2.527614,1478,1491,1530
18730,3,5,7,16,1,24.609849,2.526681,1478,1491,1530
18740,3,17,9,30,1,24.609721,2.526563,1478,1491,1530
18750,4,19,6,30,1,24.609893,2.526642,1478,1492,1530
18760,9,18,12,40,1,24.616419,2.527414,1478,1508,1530
18770,4,19,6,30,1,24.620326,2.527779,1478,1510,1530
18780,1,14,4,20,1,24.621662,2.527784,1478,1517,1530
18790,5,7,6,19,1,24.618669,2.527371,1478,1517,1530
18800,8,11,0,20,1,24.615353,2.526995,1478,1517,1530
18810,2,7,5,15,1,24.611453,2.526614,1478,1517,1530
18820,4,12,10,27,1,24.612727,2.526613,1478,1517,1530
18830,7,6,1,15,1,24.608210,2.526279,1478,1517,1530
18840,6,13,13,33,1,24.608998,2.526145,1478,1517,1530
18850,12,19,16,48,1,24.619077,2.527117,1478,1517,1532
18860,19,11,14,45,1,24.632225,2.528500,1485,1520,1532
18870,11,17,15,44,1,24.643282,2.529695,1486,1520,1532
18880,16,15,16,48,1,24.656300,2.530914,1486,1525,1534
18890,15,12,19,47,1,24.670661,2.532559,1495,1525,1542
18900,15,4,19,39,1,24.676631,2.533329,1495,1525,1546
18910,20,8,19,48,1,24.684839,2.534108,1497,1525,1550
18920,15,14,19,49,1,24.696075,2.535322,1506,1525,1554
18930,11,13,9,34,1,24.706792,2.536483,1508,1527,1554
18940,5,4,5,15,1,24.708287,2.536601,1508,1527,1554
18950,13,6,16,36,1,24.710004,2.536522,1508,1527,1554
18960,7,2,14,24,1,24.711779,2.536641,1508,1527,1555
18970,5,2,15,23,1,24.711226,2.536508,1508,1527,1555
18980,3,5,20,29,1,24.711683,2.536492,1508,1527,1556
18990,6,9,15,31,1,24.715421,2.536826,1508,1527,1567
19000,10,10,17,38,1,24.724127,2.537739,1508,1528,1572
19010,17,2,15,35,1,24.729427,2.538330,1508,1528,1572
19020,19,10,18,48,1,24.737387,2.539194,1513,1528,1574
19030,19,12,13,45,1,24.746420,2.540086,1518,1528,1574
19040,20,8,2,31,1,24.751850,2.540690,1525,1528,1574
19050,9,2,5,17,1,24.749181,2.540354,1525,1528,1574
19060,0,0,4,5,1,24.742706,2.539791,1525,1528,1574
19070,9,9,16,35,1,24.740482,2.539213,1525,1528,1574
19080,7,6,19,33,1,24.746154,2.539856,1525,1528,1579
19090,7,11,20,39,1,24.751569,2.540294,1525,1528,1583
19100,12,3,13,29,1,24.752108,2.540410,1525,1528,1583
19110,11,4,17,33,1,24.758276,2.540845,1526,1528,1583
19120,3,1,15,20,1,24.759455,2.541026,1526,1528,1583
19130,7,7,11,26,1,24.754513,2.540457,1526,1528,1583
19140,5,7,11,24,1,24.753341,2.540438,1526,1528,1583
19150,3,8,13,25,1,24.753829,2.540507,1526,1528,1583
19160,15,13,9,38,1,24.756523,2.540586,1526,1528,1583
19170,9,9,6,25,1,24.754536,2.540374,1526,1528,1583
19180,0,1,4,6,1,24.748515,2.539953,1526,1528,1583
19190,2,1,0,4,1,24.740416,2.539087,1526,1528,1583
19200,1,7,5,14,1,24.733112,2.538248,1526,1528,1583
19210,8,13,5,27,1,24.727401,2.537492,1526,1528,1583
19220,3,4,0,8,1,24.727430,2.537596,1526,1528,1583
19230,3,0,0,4,1,24.718553,2.536650,1526,1528,1583
19240,0,0,1,2,1,24.707478,2.535722,1526,1528,1583
19250,6,2,6,15,1,24.697648,2.534652,1526,1528,1583
19260,5,2,6,14,1,24.694199,2.534398,1526,1528,1583
19270,13,6,15,35,1,24.692078,2.534133,1526,1528,1583
19280,10,13,20,44,1,24.698165,2.534669,1526,1528,1584
19290,12,17,11,41,1,24.710226,2.536128,1526,1529,1589
19300,1,10,9,21,1,24.715361,2.536891,1526,1529,1589
19310,6,5,8,20,1,24.712715,2.536706,1526,1529,1589
19320,9,5,7,22,1,24.709844,2.536295,1526,1529,1589
19330,4,6,14,25,1,24.709358,2.536251,1526,1529,1589
19340,12,9,19,41,1,24.713470,2.536625,1526,1529,1592
19350,7,9,11,28,1,24.718469,2.537050,1526,1529,1593
19360,2,9,3,15,1,24.715199,2.536706,1526,1529,1593
19370,4,4,1,10,1,24.706935,2.536012,1526,1529,1593
19380,0,1,0,2,1,24.696150,2.534817,1526,1529,1593
19390,2,5,0,8,1,24.688472,2.534021,1526,1529,1593
19400,13,9,10,33,1,24.683734,2.533286,1526,1529,1593
19410,15,11,19,46,1,24.693428,2.534126,1532,1529,1593
19420,19,20,20,60,1,24.706942,2.535291,1536,1529,1607
19430,16,16,11,44,1,24.721840,2.536839,1539,1533,1616
19440,11,14,13,39,1,24.730018,2.537805,1542,1533,1616
19450,7,8,19,35,1,24.735633,2.538454,1542,1533,1616
19460,11,10,17,39,1,24.739324,2.538798,1542,1533,1619
19470,20,2,20,43,1,24.746399,2.539450,1545,1533,1620
19480,3,10,6,20,1,24.748574,2.539719,1546,1533,1620
19490,2,11,0,14,1,24.746106,2.539459,1546,1533,1620
19500,5,6,14,26,1,24.740902,2.538917,1546,1533,1620
19510,18,16,16,51,1,24.746967,2.539519,1546,1533,1634
19520,17,19,20,57,1,24.759868,2.540755,1547,1533,1643
19530,16,12,13,42,1,24.774068,2.542392,1557,1537,1645
19540,13,17,11,42,1,24.784630,2.543428,1558,1538,1645
19550,10,15,11,37,1,24.790345,2.543781,1558,1540,1645
19560,3,12,9,25,1,24.791821,2.544005,1558,1540,1645
19570,6,14,7,28,1,24.796541,2.544428,1558,1541,1645
19580,12,17,10,40,1,24.801894,2.545037,1558,1548,1645
19590,15,8,2,26,1,24.808570,2.545848,1558,1553,1645
19600,10,19,2,32,1,24.810740,2.546157,1558,1553,1645
19610,12,18,8,39,1,24.815476,2.546556,1558,1558,1645
19620,4,14,3,22,1,24.817196,2.546885,1558,1558,1645
19630,11,11,7,30,1,24.813870,2.546562,1558,1558,1645
19640,11,10,5,27,1,24.813213,2.546408,1558,1558,1645
19650,0,1,0,2,1,24.808150,2.546147,1558,1558,1645
19660,2,0,0,3,1,24.797464,2.545109,1558,1558,1645
19670,0,0,0,1,1,24.789128,2.544272,1558,1558,1645
19680,3,3,1,8,1,24.778587,2.543276,1558,1558,1645
19690,1,1,1,4,1,24.770789,2.542494,1558,1558,1645
19700,4,13,5,23,1,24.763687,2.541572,1558,1558,1645
19710,7,8,6,22,1,24.761396,2.541264,1558,1558,1645
19720,11,11,4,27,1,24.757404,2.540688,1558,1558,1645
19730,12,5,6,24,1,24.758629,2.540700,1558,1558,1645
19740,4,9,9,23,1,24.760603,2.540856,1558,1558,1645
19750,2,3,6,12,1,24.757118,2.540385,1558,1558,1645
19760,8,1,2,12,1,24.748052,2.539554,1558,1558,1645
19770,13,2,7,23,1,24.747284,2.539441,1558,1558,1645
19780,5,0,4,10,1,24.744198,2.539302,1558,1558,1645
19790,2,7,5,15,1,24.734368,2.538193,1558,1558,1645
19800,0,1,1,3,1,24.724357,2.537356,1558,1558,1645
19810,1,7,0,9,1,24.714653,2.536406,1558,1558,1645
19820,1,1,0,3,1,24.703780,2.535532,1558,1558,1645
19830,0,0,1,2,1,24.693278,2.534394,1558,1558,1645
19840,3,3,9,16,1,24.684699,2.533506,1558,1558,1645
19850,0,0,0,1,1,24.678257,2.532968,1558,1558,1645
19860,1,1,3,6,1,24.667199,2.531800,1558,1558,1645
19870,11,1,5,18,1,24.659212,2.530907,1558,1558,1645
19880,0,7,5,13,1,24.651150,2.530203,1558,1558,1645
19890,0,19,17,37,1,24.655876,2.530498,1558,1559,1645
19900,5,9,0,15,1,24.655570,2.530694,1558,1561,1645
19910,2,7,0,10,1,24.648176,2.529966,1558,1561,1645
19920,10,11,10,32,1,24.645362,2.529475,1558,1561,1645
19930,3,6,6,16,1,24.646523,2.529769,1558,1561,1645
19940,2,4,11,18,1,24.640677,2.529200,1558,1561,1645
19950,2,1,14,18,1,24.639281,2.529050,1558,1561,1645
19960,0,0,2,3,1,24.634094,2.528523,1558,1561,1645
19970,1,0,3,5,1,24.623533,2.527613,1558,1561,1645
19980,0,0,1,2,1,24.612068,2.526662,1558,1561,1645
19990,2,3,6,12,1,24.602294,2.525664,1558,1561,1645
20000,1,0,0,2,1,24.592774,2.524809,1558,1561,1645
20010,0,3,0,4,1,24.581700,2.523716,1558,1561,1645
20020,1,4,3,9,1,24.572573,2.522590,1558,1561,1645
20030,5,4,5,15,1,24.565445,2.521696,1558,1561,1645
20040,10,5,9,25,1,24.560864,2.521192,1558,1561,1645
20050,11,4,10,26,1,24.562082,2.521322,1558,1561,1649
20060,0,0,0,0,0,24.556611,2.520882,1558,1561,1649
20070,3,4,2,10,1,24.547810,2.520074,1558,1561,1649
20080,5,1,3,10,1,24.542061,2.519309,1558,1561,1649
20090,2,0,2,5,1,24.532444,2.518237,1558,1561,1649
20100,0,0,0,0,0,24.521202,2.517294,1558,1561,1649
20110,10,0,7,18,1,24.512508,2.516356,1558,1561,1649
20120,18,19,9,47,1,24.516405,2.516479,1564,1563,1649
20130,19,19,15,54,1,24.528845,2.517825,1574,1572,1649
20140,18,15,13,47,1,24.540916,2.519121,1580,1575,1649
20150,18,16,13,48,1,24.553081,2.520349,1583,1575,1650
20160,3,8,13,25,1,24.556521,2.520746,1583,1575,1650
20170,1,6,14,22,1,24.557715,2.520784,1583,1575,1652
20180,7,4,4,16,1,24.553236,2.520176,1583,1575,1652
20190,8,1,4,14,1,24.553247,2.520157,1583,1575,1652
20200,17,1,4,23,1,24.548874,2.519509,1583,1575,1652
20210,16,6,16,39,1,24.552288,2.519801,1586,1575,1652
20220,19,11,17,48,1,24.560843,2.520633,1588,1575,1652
20230,13,9,13,36,1,24.568612,2.521449,1590,1575,1652
20240,2,11,2,16,1,24.565047,2.521063,1590,1575,1652
20250,14,14,6,35,1,24.562763,2.520720,1590,1575,1652
20260,20,15,13,49,1,24.570793,2.521243,1590,1575,1652
20270,16,5,3,25,1,24.576135,2.522027,1594,1575,1652
20280,3,0,0,4,1,24.570395,2.521533,1594,1575,1652
20290,6,6,8,21,1,24.561832,2.520621,1594,1575,1652
20300,4,9,6,20,1,24.558952,2.520331,1594,1575,1652
20310,2,6,3,12,1,24.556753,2.520213,1594,1575,1652
20320,0,2,0,3,1,24.547037,2.519311,1594,1575,1652
20330,0,0,6,7,1,24.541052,2.518778,1594,1575,1652
20340,4,7,1,13,1,24.532406,2.517807,1594,1575,1652
20350,11,6,3,21,1,24.528359,2.517423,1594,1575,1652
20360,10,14,4,29,1,24.528513,2.517355,1594,1575,1652
20370,12,14,1,28,1,24.529234,2.517422,1594,1575,1652
20380,15,8,7,31,1,24.529029,2.517369,1594,1575,1652
20390,17,3,13,34,1,24.532164,2.517607,1594,1575,1652
20400,7,3,2,13,1,24.533206,2.517695,1595,1575,1652
20410,13,13,17,44,1,24.536999,2.517836,1595,1575,1652
20420,13,16,18,48,1,24.548058,2.518888,1599,1575,1652
20430,17,18,17,53,1,24.561685,2.520432,1599,1590,1668
20440,8,12,5,26,1,24.566815,2.521141,1600,1590,1668
20450,4,9,6,20,1,24.564741,2.521010,1600,1590,1668
20460,3,7,4,15,1,24.559189,2.520294,1600,1590,1668
20470,0,0,3,4,1,24.554423,2.519785,1600,1590,1668
20480,5,4,3,13,1,24.548610,2.519143,1600,1590,1668
20490,6,3,1,11,1,24.542547,2.518489,1600,1590,1668
20500,1,0,4,6,1,24.532425,2.517393,1600,1590,1668
20510,0,1,0,2,1,24.527756,2.516945,1600,1590,1668
20520,4,0,1,6,1,24.519347,2.516213,1600,1590,1668
20530,2,0,5,8,1,24.509612,2.515195,1600,1590,1668
20540,2,1,2,6,1,24.501788,2.514284,1600,1590,1668
20550,0,8,3,12,1,24.491979,2.513321,1600,1590,1668
20560,11,4,9,25,1,24.492398,2.513370,1600,1590,1668
20570,20,11,20,52,1,24.498201,2.513908,1601,1590,1670
20580,14,10,11,36,1,24.508686,2.515128,1611,1590,1670
20590,4,16,15,36,1,24.514871,2.515718,1611,1590,1670
20600,3,8,3,15,1,24.517223,2.516140,1611,1590,1670
20610,15,8,4,28,1,24.513593,2.515686,1611,1590,1670
20620,10,4,3,18,1,24.515462,2.516058,1611,1590,1670
20630,7,13,11,32,1,24.510555,2.515247,1611,1590,1670
20640,10,12,4,27,1,24.511114,2.515198,1611,1590,1670
20650,3,2,0,6,1,24.507540,2.514949,1611,1590,1670
20660,8,8,5,22,1,24.498612,2.513964,1611,1590,1670
20670,9,9,6,25,1,24.493812,2.513364,1611,1590,1670
20680,3,5,1,10,1,24.489445,2.512872,1611,1590,1670
20690,4,7,4,16,1,24.481924,2.511994,1611,1590,1670
20700,8,10,5,24,1,24.477659,2.511662,1611,1590,1670
20710,1,0,7,9,1,24.475077,2.511340,1611,1590,1670
20720,8,10,11,30,1,24.476799,2.511274,1611,1590,1670
20730,6,11,10,28,1,24.483106,2.511889,1611,1590,1670
20740,7,10,10,28,1,24.484993,2.512039,1611,1590,1670
20750,4,13,11,29,1,24.486025,2.512163,1611,1590,1670
20760,4,20,9,34,1,24.489058,2.512443,1611,1593,1670
20770,3,17,5,26,1,24.492798,2.512944,1611,1600,1670
20780,2,7,2,12,1,24.489555,2.512617,1611,1601,1670
20790,10,10,5,26,1,24.486377,2.512235,1611,1601,1670
20800,17,20,9,47,1,24.493908,2.512852,1613,1603,1670
20810,15,14,7,37,1,24.501387,2.513712,1616,1604,1670
20820,12,15,2,30,1,24.508204,2.514393,1616,1606,1670
20830,5,9,3,18,1,24.509367,2.514530,1616,1606,1670
20840,3,15,3,22,1,24.510343,2.514772,1616,1606,1670
20850,4,19,13,37,1,24.508892,2.514431,1616,1606,1670
20860,14,18,18,51,1,24.518197,2.515342,1616,1616,1671
20870,16,17,18,52,1,24.531456,2.516622,1618,1618,1671
20880,15,20,18,54,1,24.546283,2.518223,1627,1633,1672
20890,16,12,17,46,1,24.559617,2.519782,1640,1638,1680
20900,15,13,20,49,1,24.569986,2.520790,1640,1638,1682
20910,18,19,15,53,1,24.583331,2.522091,1654,1638,1686
20920,13,19,15,48,1,24.592378,2.523099,1660,1638,1686
20930,11,17,16,45,1,24.603296,2.524299,1660,1651,1686
20940,11,11,8,31,1,24.610784,2.525098,1660,1651,1686
20950,3,12,4,20,1,24.608658,2.524997,1660,1651,1686
20960,5,14,6,26,1,24.610620,2.525229,1660,1651,1686
20970,5,16,16,38,1,24.616940,2.525784,1660,1652,1686
20980,7,1,3,12,1,24.613029,2.525611,1660,1652,1686
20990,1,2,3,7,1,24.606341,2.524893,1660,1652,1686
21000,12,5,2,20,1,24.601804,2.524285,1660,1652,1686
21010,13,2,0,16,1,24.599971,2.524066,1660,1652,1686
21020,12,3,1,17,1,24.595270,2.523675,1660,1652,1686
21030,0,12,3,16,1,24.588001,2.522948,1660,1652,1686
21040,4,10,9,24,1,24.586979,2.522701,1660,1652,1686
21050,9,18,2,30,1,24.586295,2.522439,1660,1652,1686
21060,5,6,1,13,1,24.585453,2.522347,1660,1655,1686
21070,7,0,3,11,1,24.577410,2.521613,1660,1655,1686
21080,13,17,8,39,1,24.577082,2.521487,1660,1655,1686
21090,0,10,0,11,1,24.579004,2.521714,1660,1655,1686
21100,15,12,1,29,1,24.578998,2.521450,1660,1655,1686
21110,6,14,2,23,1,24.579764,2.521583,1660,1655,1686
21120,3,13,9,26,1,24.579803,2.521679,1660,1655,1686
21130,6,15,13,35,1,24.581654,2.521862,1660,1655,1686
21140,2,8,13,24,1,24.586711,2.522228,1660,1655,1686
21150,6,7,12,26,1,24.588615,2.522380,1660,1655,1690
21160,18,13,15,47,1,24.594181,2.522835,1660,1655,1690
21170,19,20,8,48,1,24.602861,2.523804,1662,1662,1690
21180,13,14,1,29,1,24.608906,2.524675,1664,1665,1690
21190,15,20,3,39,1,24.614492,2.525291,1664,1670,1690
21200,20,19,3,43,1,24.622058,2.526036,1674,1675,1690
21210,8,9,4,22,1,24.624635,2.526453,1676,1676,1690
21220,9,8,6,24,1,24.622871,2.526131,1676,1676,1690
21230,14,5,7,27,1,24.619921,2.525626,1676,1676,1690
21240,14,1,12,28,1,24.618374,2.525376,1676,1676,1690
21250,18,7,6,32,1,24.619744,2.525474,1679,1676,1690
21260,16,7,6,30,1,24.620227,2.525298,1681,1676,1690
21270,15,8,6,30,1,24.624843,2.525838,1685,1676,1690
21280,12,4,0,17,1,24.625200,2.525966,1685,1676,1690
21290,0,0,1,2,1,24.617666,2.525284,1685,1676,1690
21300,0,0,0,0,0,24.609959,2.524512,1685,1676,1690
21310,0,0,0,0,0,24.599514,2.523495,1685,1676,1690
21320,2,5,4,12,1,24.592439,2.522775,1685,1676,1690
21330,9,13,20,43,1,24.592943,2.522650,1685,1676,1691
21340,9,18,16,44,1,24.602773,2.523640,1685,1684,1692
21350,12,15,4,32,1,24.612611,2.524595,1685,1687,1694
21360,0,6,0,7,1,24.609924,2.524592,1685,1687,1694
21370,2,0,5,8,1,24.601278,2.523686,1685,1687,1694
21380,1,1,4,7,1,24.594693,2.522944,1685,1687,1694
21390,5,7,0,13,1,24.590881,2.522474,1685,1687,1694
21400,0,4,1,6,1,24.584464,2.521604,1685,1687,1694
21410,5,5,1,12,1,24.575438,2.520697,1685,1687,1694
21420,13,9,9,32,1,24.574851,2.520558,1685,1687,1694
21430,8,0,11,20,1,24.575027,2.520473,1685,1687,1694
21440,11,12,9,33,1,24.573534,2.520230,1685,1687,1694
21450,10,13,6,30,1,24.576495,2.520431,1685,1687,1694
21460,4,1,1,7,1,24.574033,2.520245,1685,1687,1694
21470,0,0,0,0,0,24.565510,2.519401,1685,1687,1694
21480,6,8,13,28,1,24.561204,2.518773,1685,1687,1694
21490,12,6,14,33,1,24.566090,2.519292,1685,1687,1694
21500,8,4,5,18,1,24.567217,2.519426,1685,1687,1694
21510,13,1,5,20,1,24.565621,2.519172,1685,1687,1694
21520,16,6,0,23,1,24.563636,2.518999,1685,1687,1694
21530,14,2,5,22,1,24.561278,2.518715,1685,1687,1694
21540,12,7,1,21,1,24.563118,2.518838,1689,1687,1694
21550,1,2,1,5,1,24.558012,2.518405,1689,1687,1694
21560,3,0,3,7,1,24.549370,2.517609,1689,1687,1694
21570,5,6,6,18,1,24.544478,2.516910,1689,1687,1694
21580,5,0,2,8,1,24.539842,2.516620,1689,1687,1694
21590,0,16,7,24,1,24.536395,2.516069,1689,1687,1694
21600,7,15,6,29,1,24.534059,2.515776,1689,1687,1694
21610,3,11,1,16,1,24.533330,2.515851,1689,1687,1694
21620,0,0,0,0,0,24.524798,2.515304,1689,1687,1694
21630,0,0,1,2,1,24.515657,2.514313,1689,1687,1694
21640,4,2,6,13,1,24.506725,2.513344,1689,1687,1694
21650,7,2,2,12,1,24.501685,2.512797,1689,1687,1694
21660,20,18,12,51,1,24.502613,2.512684,1689,1687,1694
21670,16,11,17,45,1,24.515181,2.514157,1694,1688,1696
21680,17,17,17,52,1,24.525769,2.515249,1696,1688,1700
21690,19,12,18,50,1,24.537957,2.516541,1696,1688,1701
21700,10,17,11,39,1,24.544738,2.517242,1698,1688,1708
21710,13,9,9,32,1,24.551447,2.517984,1704,1688,1708
21720,5,4,6,16,1,24.554841,2.518243,1704,1688,1708
21730,0,1,0,2,1,24.550005,2.517824,1704,1688,1708
21740,2,5,5,13,1,24.540395,2.516880,1704,1688,1708
21750,4,3,4,12,1,24.534021,2.516067,1704,1688,1708
21760,6,3,5,15,1,24.526037,2.515195,1704,1688,1708
21770,14,14,4,33,1,24.528792,2.515341,1704,1688,1708
21780,11,18,6,36,1,24.534757,2.515947,1704,1688,1708
21790,2,14,16,33,1,24.539581,2.516471,1704,1692,1708
21800,1,4,14,20,1,24.540570,2.516413,1704,1692,1708
21810,6,8,11,26,1,24.538473,2.516074,1704,1692,1708
21820,16,10,9,36,1,24.541857,2.516333,1704,1692,1708
21830,4,2,11,18,1,24.544872,2.516719,1704,1692,1708
21840,17,11,16,45,1,24.551706,2.517119,1705,1692,1716
21850,19,14,18,52,1,24.560517,2.518170,1712,1692,1719
21860,20,10,15,46,1,24.571734,2.519409,1718,1692,1721
21870,7,11,12,31,1,24.576513,2.520048,1721,1692,1721
21880,18,7,13,39,1,24.581702,2.520621,1721,1692,1721
21890,4,5,1,11,1,24.580304,2.520567,1721,1692,1721
21900,3,9,6,19,1,24.572918,2.519827,1721,1692,1721
21910,0,0,0,1,1,24.566523,2.519107,1721,1692,1721
21920,2,3,4,10,1,24.559867,2.518442,1721,1692,1721
21930,8,2,2,13,1,24.556049,2.517963,1721,1692,1721
21940,0,0,0,0,0,24.547779,2.517238,1721,1692,1721
21950,0,0,4,5,1,24.538793,2.516382,1721,1692,1721
21960,2,4,5,12,1,24.530631,2.515516,1721,1692,1721
21970,8,7,4,20,1,24.525659,2.514871,1721,1692,1721
21980,10,13,9,33,1,24.526274,2.514905,1721,1692,1721
21990,14,12,16,43,1,24.533658,2.515633,1721,1692,1724
22000,13,19,18,51,1,24.542430,2.516422,1721,1698,1724
22010,16,17,20,54,1,24.553739,2.517705,1721,1704,1734
22020,11,17,20,49,1,24.562667,2.518673,1721,1704,1741
22030,13,10,17,41,1,24.573619,2.519802,1723,1704,1749
22040,17,16,18,52,1,24.584230,2.520638,1723,1704,1755
22050,18,15,12,46,1,24.595646,2.521909,1723,1710,1758
22060,9,5,8,23,1,24.602097,2.522659,1724,1710,1758
22070,9,18,8,36,1,24.604029,2.522687,1724,1710,1758
22080,16,16,10,43,1,24.611736,2.523648,1724,1712,1758
22090,16,14,13,44,1,24.622846,2.524840,1725,1712,1759
22100,17,18,20,56,1,24.633461,2.525712,1725,1712,1761
22110,20,20,15,56,1,24.647645,2.527442,1732,1732,1765
22120,16,18,15,50,1,24.659633,2.528748,1741,1736,1765
22130,10,5,9,25,1,24.668123,2.529706,1741,1739,1765
22140,0,0,3,4,1,24.665231,2.529580,1741,1739,1765
22150,5,0,5,11,1,24.661421,2.529183,1741,1739,1765
22160,0,3,0,4,1,24.653371,2.528375,1741,1739,1765
22170,5,0,0,6,1,24.645266,2.527749,1741,1739,1765
22180,4,10,2,17,1,24.638468,2.526987,1741,1739,1765
22190,0,13,1,15,1,24.637391,2.527058,1741,1739,1765
22200,7,11,3,22,1,24.633905,2.526729,1741,1739,1765
22210,16,14,8,39,1,24.634520,2.526635,1741,1739,1765
22220,16,3,7,27,1,24.639919,2.527264,1741,1739,1765
22230,13,5,6,25,1,24.637045,2.526824,1741,1739,1765
22240,13,7,17,38,1,24.643270,2.527398,1743,1739,1766
22250,6,8,0,15,1,24.643716,2.527485,1743,1739,1766
22260,8,8,1,18,1,24.639073,2.526840,1743,1739,1766
22270,1,2,4,8,1,24.635427,2.526344,1743,1739,1766
22280,0,0,0,0,0,24.625804,2.525479,1743,1739,1766
22290,0,0,0,0,0,24.615945,2.524451,1743,1739,1766
22300,2,7,1,11,1,24.607730,2.523591,1743,1739,1766
22310,0,4,0,5,1,24.599229,2.522783,1743,1739,1766
22320,0,0,0,0,0,24.590686,2.521901,1743,1739,1766
22330,6,5,5,17,1,24.582721,2.521090,1743,1739,1766
22340,1,6,1,9,1,24.576102,2.520568,1743,1739,1766
22350,0,0,0,0,0,24.566875,2.519732,1743,1739,1766
22360,0,0,0,1,1,24.557715,2.518844,1743,1739,1766
22370,9,11,2,23,1,24.551122,2.518046,1743,1739,1766
22380,11,19,10,41,1,24.552405,2.518091,1743,1743,1766
22390,20,17,5,43,1,24.560285,2.518917,1745,1752,1766
22400,8,2,4,15,1,24.560571,2.519194,1745,1752,1766
22410,15,10,1,27,1,24.562988,2.519367,1749,1752,1766
22420,15,15,4,35,1,24.566142,2.519512,1749,1754,1766
22430,20,12,10,43,1,24.572047,2.520066,1766,1754,1766
22440,19,8,3,31,1,24.573661,2.520214,1770,1754,1766
22450,13,1,6,21,1,24.574375,2.520420,1770,1754,1766
22460,4,1,5,11,1,24.570647,2.520043,1770,1754,1766
22470,5,2,8,16,1,24.565974,2.519455,1770,1754,1766
22480,9,7,3,20,1,24.559086,2.518708,1770,1754,1766
22490,2,1,0,4,1,24.553478,2.518196,1770,1754,1766
22500,1,3,4,9,1,24.544096,2.517206,1770,1754,1766
22510,3,15,2,21,1,24.543922,2.517170,1770,1763,1766
22520,9,17,10,37,1,24.546305,2.517363,1770,1771,1766
22530,20,13,14,48,1,24.554568,2.518217,1780,1771,1766
22540,13,5,18,37,1,24.563448,2.519317,1786,1771,1769
22550,12,19,18,50,1,24.573646,2.520299,1786,1772,1784
22560,17,11,18,47,1,24.585270,2.521383,1789,1775,1786
22570,19,10,16,46,1,24.596727,2.522609,1794,1775,1796
22580,12,9,17,39,1,24.604980,2.523542,1795,1775,1801
22590,10,18,19,48,1,24.614668,2.524587,1795,1781,1811
22600,4,16,11,32,1,24.621867,2.525434,1795,1786,1813
22610,5,7,3,16,1,24.618839,2.525118,1795,1786,1813
22620,11,4,1,17,1,24.616510,2.524919,1795,1786,1813
22630,1,2,4,8,1,24.610665,2.524382,1795,1786,1813
22640,8,0,8,17,1,24.604040,2.523651,1795,1786,1813
22650,3,0,7,11,1,24.597358,2.523189,1795,1786,1813
22660,10,1,6,18,1,24.594746,2.522949,1795,1786,1813
22670,3,1,5,10,1,24.586983,2.522295,1795,1786,1813
22680,1,3,0,5,1,24.578311,2.521502,1795,1786,1813
22690,2,0,0,3,1,24.569122,2.520656,1795,1786,1813
22700,1,4,2,8,1,24.560567,2.519909,1795,1786,1813
22710,1,3,6,11,1,24.551839,2.519008,1795,1786,1813
22720,2,1,0,4,1,24.543646,2.518127,1795,1786,1813
22730,6,2,6,15,1,24.536024,2.517350,1795,1786,1813
22740,20,5,19,45,1,24.541073,2.517680,1797,1786,1814
22750,15,5,19,40,1,24.548778,2.518499,1799,1786,1826
22760,8,8,20,37,1,24.554475,2.519100,1799,1786,1830
22770,7,10,15,33,1,24.561851,2.519896,1799,1786,1839
22780,20,17,17,55,1,24.572576,2.520957,1803,1794,1839
22790,17,11,9,38,1,24.583269,2.522127,1806,1797,1839
22800,12,6,4,23,1,24.587943,2.522714,1808,1797,1839
22810,6,11,0,18,1,24.586487,2.522479,1808,1797,1839
22820,10,9,5,25,1,24.584604,2.522257,1808,1797,1839
22830,3,6,3,13,1,24.583667,2.522337,1808,1797,1839
22840,0,11,10,22,1,24.580801,2.522059,1808,1797,1839
22850,2,3,9,15,1,24.577950,2.521772,1808,1797,1839
22860,1,6,11,19,1,24.570712,2.521023,1808,1797,1839
22870,0,0,3,4,1,24.565341,2.520613,1808,1797,1839
22880,11,2,9,23,1,24.561179,2.520089,1808,1797,1839
22890,1,1,1,4,1,24.555716,2.519670,1808,1797,1839
22900,5,11,7,24,1,24.553590,2.519253,1808,1797,1839
22910,7,13,6,27,1,24.554190,2.519377,1808,1797,1839
22920,11,17,18,47,1,24.561190,2.520145,1808,1803,1843
22930,10,18,14,43,1,24.568179,2.520789,1808,1809,1843
22940,5,3,10,19,1,24.570733,2.521112,1808,1809,1843
22950,4,0,0,5,1,24.566306,2.520641,1808,1809,1843
22960,10,12,2,25,1,24.562089,2.519977,1808,1809,1843
22970,5,12,0,18,1,24.561735,2.519889,1808,1809,1843
22980,0,4,2,7,1,24.559135,2.519572,1808,1809,1843
22990,0,0,0,0,0,24.550324,2.518673,1808,1809,1843
23000,1,3,0,5,1,24.541819,2.517828,1808,1809,1843
23010,0,2,2,5,1,24.533946,2.517037,1808,1809,1843
23020,3,3,2,9,1,24.524406,2.516097,1808,1809,1843
23030,3,1,8,13,1,24.516800,2.515333,1808,1809,1843
23040,7,2,14,24,1,24.517965,2.515279,1808,1809,1843
23050,13,4,3,21,1,24.519864,2.515479,1808,1809,1847
23060,10,10,3,24,1,24.518972,2.515348,1808,1809,1847
23070,6,3,1,11,1,24.517038,2.515166,1808,1809,1847
23080,1,3,1,6,1,24.510452,2.514429,1808,1809,1847
23090,5,2,4,12,1,24.502848,2.513587,1808,1809,1847
23100,0,4,10,15,1,24.500663,2.513313,1808,1809,1847
23110,0,1,1,3,1,24.494223,2.512668,1808,1809,1847
23120,0,7,7,15,1,24.486579,2.511890,1808,1809,1847
23130,16,9,4,30,1,24.486066,2.511742,1808,1809,1847
23140,12,8,3,24,1,24.485116,2.511528,1808,1809,1847
23150,19,19,13,52,1,24.490567,2.511937,1812,1809,1847
23160,10,13,9,33,1,24.501597,2.513062,1817,1810,1851
23170,1,18,10,30,1,24.504981,2.513582,1817,1810,1851
23180,3,20,10,34,1,24.505866,2.513656,1817,1815,1851
23190,9,18,16,44,1,24.515363,2.514602,1817,1815,1851
23200,6,14,15,36,1,24.519084,2.515156,1817,1815,1851
23210,18,15,12,46,1,24.526095,2.515825,1818,1815,1851
23220,8,10,9,28,1,24.532203,2.516468,1818,1815,1851
23230,3,13,3,20,1,24.529397,2.516197,1818,1815,1851
23240,6,12,8,27,1,24.528280,2.516021,1818,1815,1851
23250,13,12,11,37,1,24.527673,2.515831,1818,1815,1851
23260,6,0,0,7,1,24.530648,2.516130,1822,1815,1851
23270,0,1,0,2,1,24.522363,2.515319,1822,1815,1851
23280,2,1,2,6,1,24.513348,2.514577,1822,1815,1851
23290,4,3,10,18,1,24.507798,2.513969,1822,1815,1851
23300,0,8,14,23,1,24.506029,2.513682,1822,1815,1851
23310,2,3,16,22,1,24.507740,2.513775,1822,1815,1856
23320,0,5,5,11,1,24.502755,2.513302,1822,1815,1856
23330,6,0,5,12,1,24.499024,2.512814,1822,1815,1856
23340,0,1,0,2,1,24.493468,2.512349,1822,1815,1856
23350,6,9,4,20,1,24.488435,2.511783,1822,1815,1856
23360,14,13,15,43,1,24.492826,2.512074,1822,1815,1856
23370,13,17,10,41,1,24.501995,2.513009,1822,1827,1856
23380,11,10,3,25,1,24.509462,2.513879,1822,1827,1856
23390,0,7,0,8,1,24.507157,2.513770,1822,1827,1856
23400,0,0,0,0,0,24.498980,2.513179,1822,1827,1856
23410,6,11,10,28,1,24.493994,2.512507,1822,1827,1856
23420,13,7,14,35,1,24.497663,2.512955,1822,1827,1856
23430,7,0,3,11,1,24.496121,2.512813,1822,1827,1856
23440,4,1,3,9,1,24.490914,2.512372,1822,1827,1856
23450,0,0,3,4,1,24.488583,2.512215,1822,1827,1856
23460,9,9,13,32,1,24.486224,2.511704,1822,1827,1856
23470,5,5,9,20,1,24.484454,2.511528,1822,1827,1856
23480,0,4,0,5,1,24.480780,2.511277,1822,1827,1856
23490,16,1,4,22,1,24.475945,2.510633,1822,1827,1856
23500,16,5,1,23,1,24.475728,2.510539,1823,1827,1856
23510,18,1,7,27,1,24.475513,2.510599,1837,1827,1856
23520,17,2,1,21,1,24.476165,2.510628,1840,1827,1856
23530,1,0,2,4,1,24.470051,2.510115,1840,1827,1856
23540,2,3,8,14,1,24.465104,2.509580,1840,1827,1856
23550,1,1,0,3,1,24.458927,2.508996,1840,1827,1856
23560,5,5,3,14,1,24.450988,2.508165,1840,1827,1856
23570,10,3,2,16,1,24.446524,2.507723,1840,1827,1856
23580,2,1,2,6,1,24.438441,2.506954,1840,1827,1856
23590,1,1,1,4,1,24.430210,2.506136,1840,1827,1856
23600,1,1,2,5,1,24.421432,2.505285,1840,1827,1856
23610,1,7,7,16,1,24.415659,2.504709,1840,1827,1856
23620,1,2,4,8,1,24.407668,2.503927,1840,1827,1856
23630,7,11,2,21,1,24.402746,2.503427,1840,1827,1856
23640,0,0,6,7,1,24.397199,2.502874,1840,1827,1856
23650,13,4,14,32,1,24.393681,2.502312,1840,1827,1856
23660,14,1,12,28,1,24.399212,2.502852,1840,1827,1856
23670,5,9,5,20,1,24.399670,2.502883,1840,1827,1856
23680,8,9,11,29,1,24.398125,2.502545,1840,1827,1856
23690,18,12,17,48,1,24.404293,2.502956,1843,1827,1856
23700,17,15,15,48,1,24.415756,2.504223,1846,1830,1861
23710,15,20,15,51,1,24.426429,2.505389,1853,1842,1861
23720,8,17,16,42,1,24.437393,2.506605,1853,1847,1869
23730,13,12,15,41,1,24.445727,2.507444,1853,1851,1875
23740,14,13,12,40,1,24.451484,2.508029,1853,1851,1875
23750,15,15,13,44,1,24.459652,2.508872,1857,1851,1875
23760,13,14,11,39,1,24.466541,2.509616,1857,1851,1875
23770,16,10,15,42,1,24.473499,2.510357,1859,1851,1875
23780,12,5,14,32,1,24.480725,2.511158,1859,1851,1882
23790,19,7,16,43,1,24.488318,2.511963,1862,1851,1885
23800,12,13,18,44,1,24.497281,2.512802,1865,1851,1891
23810,18,7,18,44,1,24.505700,2.513605,1867,1851,1893
23820,15,1,15,32,1,24.512038,2.514196,1871,1851,1894
23830,20,0,17,38,1,24.515592,2.514501,1875,1851,1894
23840,14,6,19,40,1,24.520627,2.515131,1875,1851,1895
23850,14,2,18,35,1,24.524541,2.515646,1875,1851,1896
23860,4,8,6,19,1,24.524912,2.515624,1875,1851,1897
23870,4,4,18,27,1,24.523533,2.515348,1875,1851,1897
23880,1,12,13,27,1,24.526825,2.515896,1875,1851,1907
23890,5,11,8,25,1,24.527054,2.515882,1875,1851,1907
23900,2,4,11,18,1,24.525235,2.515700,1875,1851,1907
23910,17,11,11,40,1,24.526477,2.515682,1875,1851,1907
23920,12,11,6,30,1,24.529824,2.516063,1875,1851,1907
23930,5,9,7,22,1,24.528392,2.515824,1875,1851,1907
23940,4,4,3,12,1,24.525523,2.515535,1875,1851,1907
23950,6,3,6,16,1,24.521638,2.515228,1875,1851,1907
23960,6,5,16,28,1,24.522038,2.515178,1875,1851,1907
23970,4,2,14,21,1,24.521292,2.515193,1875,1851,1907
23980,3,9,3,16,1,24.515674,2.514589,1875,1851,1907
23990,2,15,11,29,1,24.515525,2.514558,1875,1851,1907
24000,6,15,16,38,1,24.518494,2.514965,1875,1851,1907
24010,10,18,7,36,1,24.521202,2.515355,1875,1856,1907
24020,3,13,10,27,1,24.524408,2.515721,1875,1859,1907
24030,1,6,3,11,1,24.521699,2.515513,1875,1859,1907
24040,0,0,0,0,0,24.513386,2.514708,1875,1859,1907
24050,0,1,3,5,1,24.504739,2.513709,1875,1859,1907
24060,9,0,4,14,1,24.497852,2.512932,1875,1859,1907
24070,2,1,2,6,1,24.491750,2.512290,1875,1859,1907
24080,4,13,6,24,1,24.487380,2.511719,1875,1859,1907
24090,16,10,9,36,1,24.492739,2.512156,1878,1859,1907
24100,17,8,14,40,1,24.498176,2.512687,1886,1859,1907
24110,18,4,14,37,1,24.504070,2.513511,1890,1859,1907
24120,15,16,13,45,1,24.510044,2.513979,1890,1859,1907
24130,8,18,8,35,1,24.516113,2.514671,1890,1859,1907
24140,4,15,3,23,1,24.517824,2.514820,1890,1859,1907
24150,7,18,4,30,1,24.518676,2.514763,1890,1860,1907
24160,13,13,3,30,1,24.521517,2.515027,1890,1865,1907
24170,15,6,7,29,1,24.523522,2.515164,1890,1865,1907
24180,6,4,1,12,1,24.518721,2.514655,1890,1865,1907
24190,0,3,0,4,1,24.513789,2.514208,1890,1865,1907
24200,7,12,3,23,1,24.510083,2.513812,1890,1865,1907
24210,1,0,2,4,1,24.505720,2.513562,1890,1865,1907
24220,0,11,14,26,1,24.502653,2.513103,1890,1865,1907
24230,1,0,1,3,1,24.498558,2.512848,1890,1865,1907
24240,4,6,5,16,1,24.492545,2.512141,1890,1865,1907
24250,1,5,4,11,1,24.487092,2.511417,1890,1865,1907
24260,7,7,8,23,1,24.479474,2.510524,1890,1865,1907
24270,12,6,17,36,1,24.483379,2.510760,1890,1865,1907
24280,5,0,7,13,1,24.482773,2.510810,1890,1865,1907
24290,8,3,8,20,1,24.477268,2.510145,1890,1865,1907
24300,5,0,0,6,1,24.473916,2.509838,1890,1865,1907
24310,4,2,3,10,1,24.467194,2.509122,1890,1865,1907
24320,19,1,5,26,1,24.465938,2.508861,1892,1865,1907
24330,15,3,13,32,1,24.468454,2.509210,1903,1865,1907
24340,12,3,14,30,1,24.468530,2.509001,1903,1865,1907
24350,6,9,15,31,1,24.471035,2.509094,1903,1865,1907
24360,4,4,11,20,1,24.471461,2.509333,1903,1865,1907
24370,5,5,3,14,1,24.466520,2.508843,1903,1865,1907
24380,0,0,0,0,0,24.459114,2.508258,1903,1865,1907
24390,1,2,2,6,1,24.451523,2.507485,1903,1865,1907
24400,1,4,2,8,1,24.444220,2.506889,1903,1865,1907
24410,14,8,14,37,1,24.442513,2.506435,1903,1865,1907
24420,12,13,9,35,1,24.447769,2.506948,1903,1865,1907
24430,19,2,3,25,1,24.450123,2.507394,1903,1865,1907
24440,20,9,5,35,1,24.450725,2.507451,1917,1865,1907
24450,9,1,0,11,1,24.450194,2.507486,1918,1865,1907
24460,7,3,2,13,1,24.443414,2.506786,1918,1865,1907
24470,2,4,3,10,1,24.436460,2.505983,1918,1865,1907
24480,2,5,0,8,1,24.431259,2.505455,1918,1865,1907
24490,3,5,3,12,1,24.427941,2.504973,1918,1865,1907
24500,3,0,6,10,1,24.424273,2.504519,1918,1865,1907
24510,3,3,3,10,1,24.417729,2.503864,1918,1865,1907
24520,5,1,0,7,1,24.411147,2.503184,1918,1865,1907
24530,0,0,0,1,1,24.403222,2.502471,1918,1865,1907
24540,1,1,0,3,1,24.396095,2.501735,1918,1865,1907
24550,5,4,4,14,1,24.388604,2.500909,1918,1865,1907
24560,0,0,0,1,1,24.380880,2.500196,1918,1865,1907
24570,5,3,10,19,1,24.375293,2.499639,1918,1865,1907
24580,0,5,4,10,1,24.372216,2.499214,1918,1865,1907
24590,1,1,3,6,1,24.368317,2.498830,1918,1865,1907
24600,0,0,0,0,0,24.359429,2.498007,1918,1865,1907
24610,3,7,10,21,1,24.355194,2.497547,1918,1865,1907
24620,1,7,7,16,1,24.354208,2.497597,1918,1865,1907
24630,11,7,5,24,1,24.351859,2.497299,1918,1865,1907
24640,4,14,6,25,1,24.353821,2.497599,1918,1865,1907
24650,3,0,0,4,1,24.349088,2.497244,1918,1865,1907
24660,0,4,3,8,1,24.342484,2.496582,1918,1865,1907
24670,0,5,5,11,1,24.335374,2.495920,1918,1865,1907
24680,3,0,5,9,1,24.332527,2.495571,1918,1865,1907
24690,1,4,10,16,1,24.329343,2.495188,1918,1865,1907
24700,4,2,3,10,1,24.321914,2.494514,1918,1865,1907
24710,3,3,1,8,1,24.317520,2.494131,1918,1865,1907
24720,11,15,7,34,1,24.317947,2.494148,1918,1865,1907
24730,16,19,6,42,1,24.322297,2.494703,1918,1868,1907
24740,18,15,3,37,1,24.327357,2.495279,1918,1874,1907
24750,10,6,1,18,1,24.329484,2.495595,1918,1874,1907
24760,0,0,0,0,0,24.322377,2.494996,1918,1874,1907
24770,0,7,8,16,1,24.315899,2.494264,1918,1874,1907
24780,1,2,3,7,1,24.311792,2.493920,1918,1874,1907
24790,3,2,4,10,1,24.305501,2.493083,1918,1874,1907
24800,0,20,8,29,1,24.305031,2.492824,1918,1877,1907
24810,2,8,9,20,1,24.304438,2.492840,1918,1877,1907
24820,2,5,0,8,1,24.300894,2.492420,1918,1877,1907
24830,1,2,3,7,1,24.294374,2.491921,1918,1877,1907
24840,3,3,7,14,1,24.289725,2.491521,1918,1877,1907
24850,3,5,4,13,1,24.285672,2.491141,1918,1877,1907
24860,0,0,0,1,1,24.278911,2.490494,1918,1877,1907
24870,0,0,1,2,1,24.270305,2.489688,1918,1877,1907
24880,1,0,0,2,1,24.261212,2.488914,1918,1877,1907
24890,1,0,2,4,1,24.253107,2.488006,1918,1877,1907
24900,0,0,0,0,0,24.244556,2.487133,1918,1877,1907
24910,0,1,0,2,1,24.235910,2.486303,1918,1877,1907
24920,9,6,11,27,1,24.231895,2.485742,1918,1877,1907
24930,6,7,7,21,1,24.230427,2.485719,1918,1877,1907
24940,5,6,1,13,1,24.228564,2.485502,1918,1877,1907
24950,0,0,0,1,1,24.221966,2.484830,1918,1877,1907
24960,4,2,0,7,1,24.214155,2.484064,1918,1877,1907
24970,0,4,9,14,1,24.208491,2.483488,1918,1877,1907
24980,1,3,4,9,1,24.202299,2.482991,1918,1877,1907
24990,2,4,1,8,1,24.195270,2.482223,1918,1877,1907
25000,7,5,5,18,1,24.188600,2.481452,1918,1877,1907
25010,2,0,3,6,1,24.183395,2.480933,1918,1877,1907
25020,1,0,0,2,1,24.177517,2.480366,1918,1877,1907
25030,4,0,0,5,1,24.169464,2.479321,1918,1877,1907
25040,3,3,3,10,1,24.162487,2.478488,1918,1877,1907
25050,7,3,8,19,1,24.157866,2.477938,1918,1877,1907
25060,3,12,3,19,1,24.153672,2.477624,1918,1877,1907
25070,3,3,6,13,1,24.146214,2.476894,1918,1877,1907
25080,9,16,12,38,1,24.145581,2.476703,1918,1877,1907
25090,0,19,9,29,1,24.148493,2.477037,1918,1884,1907
25100,5,6,4,16,1,24.147692,2.476858,1918,1884,1907
25110,20,1,2,24,1,24.147497,2.476762,1921,1884,1907
25120,6,0,0,7,1,24.145586,2.476602,1923,1884,1907
25130,11,11,11,34,1,24.143627,2.476244,1923,1884,1907
25140,7,14,9,31,1,24.149097,2.476729,1923,1884,1907
25150,6,3,7,17,1,24.150863,2.476996,1923,1884,1907
25160,11,2,11,25,1,24.148090,2.476677,1923,1884,1907
25170,0,2,1,4,1,24.143545,2.476306,1923,1884,1907
25180,9,4,0,14,1,24.139180,2.475773,1923,1884,1907
25190,4,1,0,6,1,24.134311,2.475309,1923,1884,1907
25200,3,2,3,9,1,24.127094,2.474654,1923,1884,1907
25210,3,2,5,11,1,24.119242,2.473844,1923,1884,1907
25220,5,10,8,24,1,24.114517,2.473264,1923,1884,1907
25230,3,9,3,16,1,24.111063,2.473035,1923,1884,1907
25240,1,3,0,5,1,24.106822,2.472645,1923,1884,1907
25250,0,1,0,2,1,24.098859,2.471813,1923,1884,1907
25260,3,3,5,12,1,24.092784,2.471165,1923,1884,1907
25270,4,4,5,14,1,24.088791,2.470801,1923,1884,1907
25280,6,3,5,15,1,24.082423,2.470283,1923,1884,1907
25290,4,5,14,24,1,24.079508,2.470069,1923,1884,1907
25300,9,12,16,38,1,24.082609,2.470141,1923,1884,1908
25310,17,3,19,40,1,24.088232,2.470693,1923,1884,1912
25320,19,5,16,41,1,24.094922,2.471424,1932,1884,1921
25330,11,1,3,16,1,24.096098,2.471650,1933,1884,1921
25340,2,1,4,8,1,24.090775,2.471089,1933,1884,1921
25350,7,6,1,15,1,24.085387,2.470451,1933,1884,1921
25360,8,10,2,21,1,24.083962,2.470320,1933,1884,1921
25370,7,5,6,19,1,24.084339,2.470284,1933,1884,1921
25380,6,2,0,9,1,24.078299,2.469699,1933,1884,1921
25390,8,0,2,11,1,24.075450,2.469342,1933,1884,1921
25400,0,1,0,2,1,24.068414,2.468735,1933,1884,1921
25410,0,0,0,1,1,24.059689,2.467924,1933,1884,1921
25420,0,0,0,1,1,24.052174,2.467228,1933,1884,1921
25430,6,3,3,13,1,24.045067,2.466564,1933,1884,1921
25440,2,2,3,8,1,24.037865,2.465830,1933,1884,1921
25450,4,1,2,8,1,24.031450,2.465256,1933,1884,1921
25460,1,10,7,19,1,24.026081,2.464601,1933,1884,1921
25470,7,5,9,22,1,24.021553,2.464171,1933,1884,1921
25480,2,5,5,13,1,24.017392,2.463640,1933,1884,1921
25490,0,3,0,4,1,24.012135,2.463145,1933,1884,1921
25500,1,2,0,4,1,24.005256,2.462484,1933,1884,1921
25510,8,3,4,16,1,23.999333,2.461901,1933,1884,1921
25520,4,3,4,12,1,23.993446,2.461331,1933,1884,1921
25530,0,0,0,1,1,23.985701,2.460630,1933,1884,1921
25540,0,1,0,2,1,23.977587,2.459892,1933,1884,1921
25550,1,3,4,9,1,23.971238,2.459146,1933,1884,1921
25560,7,5,1,14,1,23.967909,2.458849,1933,1884,1921
25570,3,4,2,10,1,23.962670,2.458227,1933,1884,1921
25580,1,4,7,13,1,23.958627,2.457886,1933,1884,1921
25590,3,0,0,4,1,23.952398,2.457282,1933,1884,1921
25600,5,1,3,10,1,23.944809,2.456537,1933,1884,1921
25610,5,7,8,21,1,23.943677,2.456327,1933,1884,1921
25620,5,4,4,14,1,23.942848,2.456267,1933,1884,1921
25630,1,7,3,12,1,23.938528,2.455769,1933,1884,1921
25640,6,8,9,24,1,23.937612,2.455641,1933,1884,1921
25650,8,12,5,26,1,23.937162,2.455746,1933,1884,1921
25660,12,6,2,21,1,23.937737,2.455555,1933,1884,1921
25670,16,10,3,30,1,23.940731,2.455936,1933,1884,1921
25680,8,5,0,14,1,23.939145,2.455915,1933,1884,1921
25690,18,11,1,31,1,23.939712,2.455889,1935,1884,1921
25700,14,8,1,24,1,23.939812,2.455973,1937,1884,1921
25710,14,16,3,34,1,23.940504,2.455843,1937,1884,1921
25720,7,6,4,18,1,23.943049,2.456148,1938,1886,1921
25730,1,4,1,7,1,23.936614,2.455679,1938,1886,1921
25740,1,0,0,2,1,23.929349,2.454938,1938,1886,1921
25750,5,2,0,8,1,23.923156,2.454239,1938,1886,1921
25760,8,10,8,27,1,23.919811,2.453744,1938,1886,1921
25770,4,9,10,24,1,23.919883,2.453805,1938,1886,1921
25780,1,14,3,19,1,23.917963,2.453564,1938,1886,1921
25790,8,16,10,35,1,23.919478,2.453616,1938,1886,1921
25800,7,17,1,26,1,23.922365,2.454025,1938,1888,1921
25810,4,4,1,10,1,23.920838,2.453951,1938,1888,1921
25820,3,2,3,9,1,23.913621,2.453274,1938,1888,1921
25830,3,3,10,17,1,23.912234,2.453087,1938,1888,1921
25840,7,8,12,28,1,23.910494,2.452787,1938,1888,1921
25850,0,0,13,14,1,23.910514,2.452735,1938,1888,1922
25860,8,12,12,33,1,23.909143,2.452541,1938,1888,1922
25870,1,16,12,30,1,23.914280,2.453034,1938,1893,1922
25880,1,16,5,23,1,23.915716,2.453234,1938,1893,1922
25890,3,15,6,25,1,23.916727,2.453391,1938,1893,1922
25900,18,16,3,38,1,23.920575,2.453723,1940,1895,1922
25910,15,6,2,24,1,23.925334,2.454284,1944,1904,1922
25920,9,0,4,14,1,23.923087,2.454048,1944,1904,1922
25930,9,6,5,21,1,23.920596,2.453593,1944,1904,1922
25940,0,10,3,14,1,23.916233,2.453160,1944,1904,1922
25950,0,0,3,4,1,23.909559,2.452568,1944,1904,1922
25960,2,0,4,7,1,23.901775,2.451687,1944,1904,1922
25970,3,5,0,9,1,23.895309,2.451086,1944,1904,1922
25980,1,3,4,9,1,23.887880,2.450300,1944,1904,1922
25990,5,2,12,20,1,23.882075,2.449613,1944,1904,1922
26000,3,2,18,24,1,23.881002,2.449305,1944,1904,1927
26010,4,5,17,27,1,23.881020,2.449273,1944,1904,1933
26020,2,10,18,31,1,23.883474,2.449423,1944,1904,1934
26030,0,8,1,10,1,23.884429,2.449632,1944,1904,1936
26040,0,0,0,1,1,23.876661,2.448888,1944,1904,1936
26050,0,0,2,3,1,23.870058,2.448148,1944,1904,1936
26060,4,3,17,25,1,23.866870,2.447826,1944,1904,1936
26070,0,7,15,23,1,23.868534,2.447973,1944,1904,1938
26080,0,9,12,22,1,23.869927,2.448005,1944,1904,1938
26090,3,3,1,8,1,23.866411,2.447688,1944,1904,1938
26100,3,0,0,4,1,23.859977,2.447081,1944,1904,1938
26110,0,0,0,0,0,23.852490,2.446328,1944,1904,1938
26120,2,3,2,8,1,23.844843,2.445644,1944,1904,1938
26130,1,4,2,8,1,23.837836,2.444892,1944,1904,1938
26140,12,11,5,29,1,23.839012,2.444873,1944,1904,1938
26150,15,5,4,25,1,23.838390,2.444757,1944,1904,1938
26160,11,7,15,34,1,23.840935,2.444946,1944,1904,1939
26170,19,18,16,54,1,23.849382,2.445645,1945,1907,1940
26180,14,13,17,45,1,23.858630,2.446617,1952,1907,1946
26190,19,13,15,48,1,23.867479,2.447472,1956,1907,1952
26200,8,17,8,34,1,23.872459,2.448055,1957,1907,1952
26210,1,2,1,5,1,23.870745,2.447903,1957,1907,1952
26220,3,3,8,15,1,23.866617,2.447408,1957,1907,1952
26230,8,7,7,23,1,23.862951,2.447114,1957,1907,1952
26240,2,4,0,7,1,23.856478,2.446551,1957,1907,1952
26250,2,13,11,27,1,23.852980,2.445986,1957,1907,1952
26260,0,0,0,1,1,23.847009,2.445589,1957,1907,1952
26270,3,1,3,8,1,23.839064,2.444894,1957,1907,1952
26280,4,10,9,24,1,23.834126,2.444354,1957,1907,1952
26290,15,17,11,44,1,23.838743,2.444680,1957,1907,1952
26300,19,16,20,56,1,23.847057,2.445594,1957,1907,1952
26310,17,19,15,52,1,23.856204,2.446585,1962,1907,1953
26320,12,7,19,39,1,23.864903,2.447635,1962,1908,1955
26330,17,4,14,36,1,23.869578,2.448195,1965,1908,1958
26340,14,16,18,49,1,23.877668,2.448953,1965,1908,1962
26350,11,19,18,49,1,23.888005,2.450028,1965,1911,1967
26360,16,18,19,54,1,23.898096,2.451115,1965,1911,1971
26370,15,7,16,39,1,23.904786,2.451825,1965,1911,1974
26380,13,7,20,41,1,23.911878,2.452586,1965,1911,1980
26390,14,3,19,37,1,23.918208,2.453355,1967,1911,1985
26400,9,5,20,35,1,23.921685,2.453764,1967,1911,1991
26410,10,3,15,29,1,23.927557,2.454409,1967,1911,2005
26420,13,10,16,40,1,23.933817,2.454960,1967,1911,2016
26430,11,7,13,32,1,23.941503,2.455667,1970,1911,2016
26440,9,6,1,17,1,23.941564,2.455640,1970,1911,2016
26450,3,2,1,7,1,23.935892,2.455082,1970,1911,2016
26460,6,7,9,23,1,23.930602,2.454373,1970,1911,2016
26470,9,9,6,25,1,23.931471,2.454400,1970,1911,2016
26480,10,18,1,30,1,23.933127,2.454537,1970,1914,2016
26490,12,14,6,33,1,23.938162,2.455106,1976,1926,2016
26500,18,9,13,41,1,23.943274,2.455530,1980,1926,2016
26510,19,17,14,51,1,23.953550,2.456532,1989,1931,2016
26520,15,15,9,40,1,23.962956,2.457558,1994,1938,2016
26530,15,15,9,40,1,23.966144,2.457833,1994,1938,2016
26540,19,19,9,48,1,23.973771,2.458696,2001,1940,2016
26550,1,6,2,10,1,23.973857,2.458786,2004,1940,2016
26560,3,6,1,11,1,23.968539,2.458312,2004,1940,2016
26570,0,0,2,3,1,23.961858,2.457641,2004,1940,2016
26580,0,0,0,0,0,23.954551,2.456896,2004,1940,2016
26590,5,5,7,18,1,23.950043,2.456400,2004,1940,2016
26600,20,8,11,40,1,23.950677,2.456404,2005,1940,2016
26610,18,12,14,45,1,23.958992,2.457271,2019,1940,2019
26620,19,16,19,55,1,23.969500,2.458334,2028,1942,2026
26630,17,17,17,52,1,23.980765,2.459485,2045,1942,2029
26640,13,10,11,35,1,23.987896,2.460382,2045,1942,2029
26650,14,6,17,38,1,23.994372,2.461080,2045,1942,2034
26660,16,3,9,29,1,23.996622,2.461306,2045,1942,2034
26670,5,16,5,27,1,23.996301,2.461249,2045,1942,2034
26680,2,0,12,15,1,23.991712,2.460925,2045,1942,2034
26690,1,1,1,4,1,23.984628,2.460297,2045,1942,2034
26700,0,2,0,3,1,23.976211,2.459571,2045,1942,2034
26710,0,0,0,0,0,23.967932,2.458972,2045,1942,2034
26720,0,1,0,2,1,23.960987,2.458188,2045,1942,2034
26730,0,0,1,2,1,23.953650,2.457459,2045,1942,2034
26740,10,2,6,19,1,23.949528,2.456918,2045,1942,2034
26750,15,3,10,29,1,23.951093,2.457083,2046,1942,2034
26760,11,12,1,25,1,23.952274,2.457284,2046,1942,2034
26770,13,8,2,24,1,23.953821,2.457513,2046,1942,2034
26780,0,4,0,5,1,23.953929,2.457519,2046,1942,2034
26790,0,0,0,1,1,23.946639,2.456832,2046,1942,2034
26800,0,9,5,15,1,23.940902,2.456116,2046,1942,2034
26810,2,6,4,13,1,23.937084,2.455738,2046,1942,2034
26820,0,0,0,0,0,23.934991,2.455613,2046,1942,2034
26830,1,2,1,5,1,23.928417,2.454943,2046,1942,2034
26840,9,1,2,13,1,23.924090,2.454316,2046,1942,2034
26850,11,3,2,17,1,23.921400,2.454110,2046,1942,2034
26860,0,4,0,5,1,23.916760,2.453563,2046,1942,2034
26870,13,10,9,33,1,23.914252,2.453114,2046,1942,2034
26880,3,3,6,13,1,23.912775,2.453079,2046,1942,2034
26890,0,0,2,3,1,23.905311,2.452496,2046,1942,2034
26900,1,7,4,13,1,23.901664,2.452023,2046,1942,2034
26910,6,10,11,28,1,23.900374,2.451755,2046,1942,2034
26920,11,19,3,34,1,23.901369,2.451796,2046,1942,2034
26930,15,12,0,28,1,23.903619,2.452022,2047,1942,2034
26940,12,15,0,28,1,23.906952,2.452341,2047,1947,2034
26950,12,20,13,46,1,23.910200,2.452585,2047,1951,2034
26960,8,19,17,45,1,23.919603,2.453629,2047,1961,2034
26970,5,17,19,42,1,23.925810,2.454223,2047,1965,2034
26980,7,6,15,29,1,23.926751,2.454352,2047,1965,2034
26990,0,0,15,16,1,23.926984,2.454511,2047,1965,2039
27000,5,3,3,12,1,23.920820,2.453883,2047,1965,2039
27010,1,12,7,21,1,23.918297,2.453499,2047,1965,2039
27020,8,10,18,37,1,23.920380,2.453596,2047,1965,2039
27030,1,9,12,23,1,23.922500,2.453864,2047,1965,2042
27040,3,12,12,28,1,23.925193,2.454127,2047,1965,2042
27050,0,6,6,13,1,23.925524,2.454202,2047,1965,2042
27060,13,8,12,34,1,23.924119,2.453951,2047,1965,2042
27070,14,15,10,40,1,23.928993,2.454353,2047,1968,2042
27080,19,15,5,40,1,23.934325,2.454886,2053,1968,2042
27090,12,0,4,17,1,23.937014,2.455241,2057,1968,2042
27100,1,1,3,6,1,23.931207,2.454724,2057,1968,2042
27110,6,9,2,18,1,23.925512,2.454089,2057,1968,2042
27120,5,2,0,8,1,23.921953,2.453719,2057,1968,2042
27130,0,2,2,5,1,23.917001,2.453169,2057,1968,2042
27140,2,0,10,13,1,23.911987,2.452595,2057,1968,2042
27150,0,3,0,4,1,23.904944,2.451896,2057,1968,2042
27160,3,3,3,10,1,23.898398,2.451284,2057,1968,2042
27170,3,3,8,15,1,23.892315,2.450600,2057,1968,2042
27180,13,3,3,20,1,23.889121,2.450360,2057,1968,2042
27190,17,2,6,26,1,23.887342,2.450090,2057,1968,2042
27200,9,0,7,17,1,23.886356,2.450003,2057,1968,2042
27210,0,0,4,5,1,23.882405,2.449731,2057,1968,2042
27220,4,4,3,12,1,23.876962,2.449095,2057,1968,2042
27230,7,3,9,20,1,23.877088,2.449075,2057,1968,2042
27240,0,0,8,9,1,23.875846,2.448915,2057,1968,2042
27250,12,13,13,39,1,23.873679,2.448541,2057,1968,2042
27260,19,19,19,58,1,23.882352,2.449297,2062,1971,2052
27270,20,18,19,58,1,23.893787,2.450585,2063,1988,2063
27280,14,16,17,48,1,23.905610,2.451968,2069,1990,2068
27290,20,19,11,51,1,23.913704,2.452913,2070,1993,2068
27300,13,14,14,42,1,23.923715,2.454055,2073,1999,2068
27310,12,12,8,33,1,23.928738,2.454612,2073,1999,2068
27320,17,10,13,41,1,23.934909,2.455084,2073,1999,2068
27330,18,6,9,34,1,23.939088,2.455397,2077,1999,2068
27340,19,2,13,35,1,23.942869,2.455780,2077,1999,2068
27350,10,3,16,30,1,23.944662,2.455950,2077,1999,2068
27360,5,6,18,30,1,23.946119,2.456169,2077,1999,2068
27370,0,1,0,2,1,23.939764,2.455613,2077,1999,2068
27380,3,3,1,8,1,23.932351,2.454894,2077,1999,2068
27390,16,18,1,36,1,23.931725,2.454724,2077,2001,2068
27400,12,16,7,36,1,23.934380,2.455047,2077,2001,2068
27410,3,11,1,16,1,23.934081,2.455104,2077,2001,2068
27420,6,11,2,20,1,23.929359,2.454523,2077,2001,2068
27430,13,13,7,34,1,23.931965,2.454767,2077,2001,2068
27440,10,19,5,35,1,23.935555,2.455213,2077,2001,2068
27450,19,20,7,47,1,23.939747,2.455510,2077,2010,2068
27460,13,15,4,33,1,23.944966,2.456243,2078,2021,2068
27470,14,4,2,21,1,23.947122,2.456477,2081,2021,2068
27480,9,11,10,31,1,23.946733,2.456332,2081,2021,2068
27490,9,11,12,33,1,23.951990,2.456738,2081,2021,2068
27500,11,17,16,45,1,23.958750,2.457253,2081,2021,2077
27510,14,19,7,41,1,23.964602,2.457848,2081,2021,2077
27520,8,19,3,31,1,23.966459,2.458053,2081,2021,2077
27530,0,5,1,7,1,23.961974,2.457661,2081,2021,2077
27540,0,0,0,1,1,23.954700,2.456920,2081,2021,2077
27550,2,0,0,3,1,23.947274,2.456153,2081,2021,2077
27560,2,3,1,7,1,23.941638,2.455571,2081,2021,2077
27570,0,6,2,9,1,23.937098,2.455128,2081,2021,2077
27580,1,0,0,2,1,23.929461,2.454413,2081,2021,2077
27590,5,3,9,18,1,23.922780,2.453641,2081,2021,2077
27600,1,0,0,2,1,23.916241,2.453121,2081,2021,2077
27610,1,0,0,2,1,23.908312,2.452385,2081,2021,2077
27620,4,10,5,20,1,23.902336,2.451667,2081,2021,2077
27630,0,0,0,1,1,23.898100,2.451374,2081,2021,2077
27640,0,3,2,6,1,23.890157,2.450645,2081,2021,2077
27650,19,11,15,46,1,23.888493,2.450234,2081,2021,2077
27660,13,8,14,36,1,23.896832,2.451166,2096,2021,2086
27670,18,7,20,46,1,23.902861,2.451716,2096,2021,2090
27680,18,13,19,51,1,23.912511,2.452829,2103,2021,2100
27690,14,13,16,44,1,23.922934,2.453984,2108,2021,2111
27700,20,14,12,47,1,23.930997,2.454834,2111,2021,2111
27710,8,20,12,41,1,23.938277,2.455685,2113,2022,2111
27720,9,13,14,37,1,23.942084,2.456016,2113,2025,2111
27730,9,10,12,32,1,23.944568,2.456239,2113,2025,2111
27740,9,2,13,25,1,23.948031,2.456708,2113,2025,2111
27750,9,6,4,20,1,23.948999,2.456875,2113,2025,2111
27760,13,11,4,29,1,23.949069,2.456678,2113,2025,2111
27770,4,10,10,25,1,23.951560,2.456929,2113,2025,2111
27780,2,4,6,13,1,23.949719,2.456844,2113,2025,2111
27790,1,10,8,20,1,23.949307,2.456806,2113,2025,2111
27800,8,18,2,29,1,23.952359,2.457096,2113,2026,2111
27810,13,16,6,36,1,23.953881,2.457175,2113,2026,2111
27820,4,17,5,27,1,23.956672,2.457412,2113,2026,2111
27830,0,9,6,16,1,23.956337,2.457400,2113,2026,2111
27840,10,17,6,34,1,23.957452,2.457410,2113,2026,2111
27850,9,18,18,46,1,23.961161,2.457795,2113,2026,2111
27860,9,7,15,32,1,23.967054,2.458503,2113,2028,2117
27870,0,2,1,4,1,23.966850,2.458532,2113,2028,2117
27880,13,16,9,39,1,23.968687,2.458562,2113,2033,2117
27890,7,17,8,33,1,23.973441,2.459018,2113,2034,2117
27900,1,5,0,7,1,23.971598,2.458906,2113,2036,2117
27910,3,6,11,21,1,23.967747,2.458334,2113,2036,2117
27920,0,0,1,2,1,23.962673,2.457927,2113,2036,2117
27930,9,2,2,14,1,23.958683,2.457558,2113,2036,2117
27940,2,0,3,6,1,23.953296,2.456929,2113,2036,2117
27950,11,7,11,30,1,23.950644,2.456508,2113,2036,2117
27960,6,12,15,34,1,23.953489,2.456741,2113,2036,2117
27970,7,7,16,31,1,23.956562,2.456944,2113,2036,2120
27980,19,7,19,46,1,23.963057,2.457551,2113,2036,2125
27990,15,14,6,36,1,23.966109,2.457923,2116,2036,2125
28000,8,9,10,28,1,23.969573,2.458283,2116,2036,2125
28010,8,6,5,20,1,23.970555,2.458289,2116,2036,2125
28020,4,0,3,8,1,23.964858,2.457736,2116,2036,2125
28030,0,1,0,2,1,23.958609,2.457100,2116,2036,2125
28040,8,4,2,15,1,23.952820,2.456349,2116,2036,2125
28050,4,8,3,16,1,23.946503,2.455625,2116,2036,2125
28060,0,9,13,23,1,23.944156,2.455452,2116,2036,2125
28070,0,3,19,23,1,23.943783,2.455409,2116,2036,2126
28080,3,6,10,20,1,23.941832,2.455079,2116,2036,2127
28090,13,16,12,42,1,23.943173,2.455078,2116,2036,2127
28100,5,20,15,41,1,23.948813,2.455661,2116,2045,2127
28110,0,15,19,35,1,23.952842,2.456052,2116,2048,2131
28120,0,6,13,20,1,23.953639,2.456273,2116,2048,2131
28130,0,3,14,18,1,23.953740,2.456252,2116,2048,2131
28140,5,1,18,25,1,23.952333,2.456130,2116,2048,2131
28150,7,3,13,24,1,23.951195,2.456054,2116,2048,2134
28160,4,4,9,18,1,23.948811,2.455886,2116,2048,2134
28170,8,0,6,15,1,23.946387,2.455678,2116,2048,2134
28180,6,1,8,16,1,23.944918,2.455478,2116,2048,2134
28190,0,6,4,11,1,23.943099,2.455242,2116,2048,2134
28200,0,4,0,5,1,23.936324,2.454588,2116,2048,2134
28210,6,1,4,12,1,23.930898,2.454027,2116,2048,2134
28220,2,1,2,6,1,23.926373,2.453639,2116,2048,2134
28230,3,8,7,19,1,23.920631,2.452966,2116,2048,2134
28240,1,0,0,2,1,23.914282,2.452328,2116,2048,2134
28250,5,0,3,9,1,23.908283,2.451664,2116,2048,2134
28260,0,3,3,7,1,23.901695,2.450984,2116,2048,2134
28270,9,5,5,20,1,23.895331,2.450265,2116,2048,2134
28280,0,2,3,6,1,23.892002,2.449973,2116,2048,2134
28290,4,2,0,7,1,23.886890,2.449489,2116,2048,2134
28300,4,1,4,10,1,23.883277,2.449052,2116,2048,2134
28310,5,10,1,17,1,23.880343,2.448738,2116,2048,2134
28320,0,3,2,6,1,23.875127,2.448155,2116,2048,2134
28330,2,3,5,11,1,23.868464,2.447414,2116,2048,2134
28340,0,2,2,5,1,23.863062,2.446812,2116,2048,2134
28350,5,4,3,13,1,23.856646,2.446052,2116,2048,2134
28360,5,4,7,17,1,23.853941,2.445682,2116,2048,2134
28370,5,4,11,21,1,23.851732,2.445470,2116,2048,2134
28380,6,4,6,17,1,23.849894,2.445348,2116,2048,2134
28390,17,2,1,21,1,23.848800,2.445267,2117,2048,2134
28400,20,3,14,38,1,23.851037,2.445404,2123,2048,2134
28410,16,5,0,22,1,23.852713,2.445739,2133,2048,2134
28420,17,11,2,31,1,23.854124,2.445774,2135,2048,2134
28430,11,8,3,23,1,23.855708,2.445861,2135,2048,2134
28440,12,3,7,23,1,23.857731,2.446065,2135,2048,2134
28450,11,1,14,27,1,23.859326,2.446180,2135,2048,2134
28460,19,0,18,38,1,23.861981,2.446378,2141,2048,2134
28470,17,2,18,38,1,23.866354,2.446813,2141,2048,2141
28480,17,3,13,34,1,23.870237,2.447163,2141,2048,2147
28490,10,8,18,37,1,23.871513,2.447263,2141,2048,2147
28500,19,11,16,47,1,23.879307,2.448050,2145,2048,2154
28510,8,4,8,21,1,23.882070,2.448426,2145,2048,2154
28520,2,6,4,13,1,23.878187,2.448068,2145,2048,2154
28530,9,13,12,35,1,23.878413,2.448016,2145,2048,2154
28540,7,8,3,19,1,23.878424,2.448128,2145,2048,2154
28550,4,11,6,22,1,23.878019,2.448091,2145,2048,2154
28560,9,2,3,15,1,23.877083,2.448079,2145,2048,2154
28570,6,0,1,8,1,23.873769,2.447709,2145,2048,2154
28580,1,3,7,12,1,23.868993,2.447162,2145,2048,2154
28590,12,12,11,36,1,23.869769,2.447106,2145,2048,2154
28600,20,19,19,59,1,23.879643,2.448097,2153,2050,2163
28610,10,13,10,34,1,23.889567,2.449321,2155,2061,2167
28620,11,16,6,34,1,23.895374,2.449842,2155,2062,2167
28630,10,7,4,22,1,23.895441,2.449915,2155,2062,2167
28640,9,10,6,26,1,23.893372,2.449637,2155,2062,2167
28650,6,12,5,24,1,23.895501,2.449816,2155,2062,2167
28660,19,16,19,55,1,23.900331,2.450115,2158,2063,2169
28670,11,14,17,43,1,23.908789,2.451039,2160,2063,2169
28680,14,10,16,41,1,23.916197,2.451830,2160,2063,2176
28690,5,4,11,21,1,23.919501,2.452278,2160,2063,2176
28700,1,1,7,10,1,23.916609,2.452030,2160,2063,2176
28710,0,1,3,5,1,23.909764,2.451412,2160,2063,2176
28720,9,4,3,17,1,23.903565,2.450781,2160,2063,2176
28730,6,6,4,17,1,23.900845,2.450428,2160,2063,2176
28740,4,1,3,9,1,23.894539,2.449953,2160,2063,2176
28750,5,2,2,10,1,23.889988,2.449456,2160,2063,2176
28760,7,1,5,14,1,23.885908,2.449016,2160,2063,2176
28770,0,0,0,0,0,23.879113,2.448437,2160,2063,2176
28780,0,4,2,7,1,23.873059,2.447786,2160,2063,2176
28790,10,8,2,21,1,23.868118,2.447162,2160,2063,2176
28800,16,11,2,30,1,23.869203,2.447173,2160,2063,2176
28810,10,14,2,27,1,23.871477,2.447446,2160,2063,2176
28820,20,18,5,44,1,23.875521,2.447787,2162,2073,2176
28830,17,20,11,49,1,23.882766,2.448613,2166,2078,2176
28840,19,18,9,47,1,23.890150,2.449497,2173,2085,2176
28850,15,17,14,47,1,23.897445,2.450232,2175,2089,2176
28860,19,11,7,38,1,23.902973,2.450794,2176,2089,2176
28870,6,2,2,11,1,23.903477,2.450973,2178,2089,2176
28880,2,10,2,15,1,23.900004,2.450586,2178,2089,2176
28890,0,11,5,17,1,23.898235,2.450314,2178,2089,2176
28900,4,20,12,37,1,23.899716,2.450496,2178,2089,2176
28910,8,11,18,38,1,23.904508,2.450992,2178,2097,2176
28920,13,0,3,17,1,23.906090,2.451316,2178,2097,2176
28930,11,4,1,17,1,23.902787,2.450903,2178,2097,2176
28940,1,1,1,4,1,23.897681,2.450488,2178,2097,2176
28950,4,5,11,21,1,23.892481,2.449951,2178,2097,2176
28960,15,1,16,33,1,23.892858,2.449881,2178,2097,2176
28970,7,4,15,27,1,23.894682,2.450134,2178,2097,2176
28980,11,3,18,33,1,23.893638,2.449893,2178,2097,2176
28990,1,0,16,18,1,23.894667,2.450107,2178,2097,2180
29000,7,14,20,42,1,23.896162,2.450221,2178,2097,2185
29010,12,16,14,43,1,23.903353,2.450980,2178,2103,2193
29020,13,8,15,37,1,23.908979,2.451553,2178,2103,2193
29030,17,9,15,42,1,23.914777,2.452118,2180,2103,2194
29040,11,7,18,37,1,23.921006,2.452830,2180,2103,2197
29050,3,2,3,9,1,23.920256,2.452758,2180,2103,2200
29060,0,2,0,3,1,23.914624,2.452297,2180,2103,2200
29070,0,0,2,3,1,23.907953,2.451652,2180,2103,2200
29080,0,9,5,15,1,23.901685,2.450936,2180,2103,2200
29090,5,5,1,12,1,23.898736,2.450621,2180,2103,2200
29100,3,3,1,8,1,23.893222,2.450146,2180,2103,2200
29110,5,8,9,23,1,23.887275,2.449550,2180,2103,2200
29120,13,9,11,34,1,23.890490,2.449867,2180,2103,2200
29130,17,16,18,52,1,23.898323,2.450588,2192,2103,2202
29140,6,11,13,31,1,23.904710,2.451256,2192,2103,2202
29150,10,17,16,44,1,23.911355,2.451907,2192,2111,2202
29160,8,18,14,41,1,23.918732,2.452565,2192,2116,2209
29170,8,17,2,28,1,23.921017,2.452795,2192,2116,2209
29180,13,7,0,21,1,23.922128,2.453008,2192,2116,2209
29190,18,6,10,35,1,23.922104,2.452959,2193,2116,2209
29200,19,0,3,23,1,23.924327,2.453165,2198,2116,2209
29210,14,4,2,21,1,23.923003,2.452974,2199,2116,2209
29220,1,8,1,11,1,23.919727,2.452685,2199,2116,2209
29230,4,15,5,25,1,23.918857,2.452463,2199,2118,2209
29240,9,14,3,27,1,23.918637,2.452591,2199,2118,2209
29250,1,11,3,16,1,23.916022,2.452353,2199,2118,2209
29260,1,10,1,13,1,23.912552,2.452028,2199,2118,2209
29270,1,1,0,3,1,23.906414,2.451420,2199,2118,2209
29280,5,3,3,12,1,23.900572,2.450697,2199,2118,2209
29290,3,1,0,5,1,23.894396,2.450060,2199,2118,2209
29300,7,5,9,22,1,23.891602,2.449580,2199,2118,2209
29310,1,1,0,3,1,23.886205,2.449117,2199,2118,2209
29320,0,2,1,4,1,23.878939,2.448377,2199,2118,2209
29330,0,2,0,3,1,23.872007,2.447790,2199,2118,2209
29340,2,1,0,4,1,23.864820,2.447084,2199,2118,2209
29350,3,4,2,10,1,23.858357,2.446434,2199,2118,2209
29360,0,0,1,2,1,23.851939,2.445908,2199,2118,2209
29370,12,8,9,30,1,23.850029,2.445538,2199,2118,2209
29380,20,10,13,44,1,23.853566,2.445965,2203,2118,2209
29390,11,13,16,41,1,23.861743,2.446807,2204,2118,2209
29400,14,10,16,41,1,23.869091,2.447591,2205,2118,2222
29410,7,7,11,26,1,23.871600,2.447938,2205,2118,2222
29420,4,11,11,27,1,23.872940,2.448105,2205,2118,2222
29430,8,18,15,42,1,23.877289,2.448479,2205,2119,2222
29440,12,19,20,52,1,23.885776,2.449328,2205,2123,2224
29450,2,6,14,23,1,23.890509,2.449937,2205,2125,2228
29460,2,2,5,10,1,23.890390,2.449972,2205,2125,2228
29470,5,8,16,30,1,23.886426,2.449570,2205,2125,2228
29480,5,6,2,14,1,23.882979,2.449221,2205,2125,2228
29490,12,4,10,27,1,23.882815,2.449132,2205,2125,2228
29500,16,3,10,30,1,23.885450,2.449483,2207,2125,2228
29510,18,10,13,42,1,23.891702,2.449975,2216,2125,2228
29520,18,4,13,36,1,23.894270,2.450201,2216,2125,2228
29530,12,20,13,46,1,23.900464,2.450832,2220,2128,2228
29540,7,18,15,41,1,23.906027,2.451432,2220,2134,2228
29550,2,11,8,22,1,23.905803,2.451379,2220,2134,2228
29560,9,8,3,21,1,23.907342,2.451474,2220,2134,2228
29570,13,11,7,32,1,23.909549,2.451560,2220,2134,2228
29580,9,8,14,32,1,23.912581,2.451816,2220,2134,2228
29590,17,9,16,43,1,23.914680,2.451993,2221,2134,2228
29600,16,7,3,27,1,23.916800,2.452376,2221,2134,2228
29610,7,5,5,18,1,23.915831,2.452349,2221,2134,2228
29620,5,12,13,31,1,23.917383,2.452564,2221,2134,2228
29630,7,19,18,45,1,23.923025,2.453206,2221,2138,2228
29640,16,20,14,51,1,23.930263,2.453936,2221,2142,2228
29650,0,19,13,33,1,23.934974,2.454491,2221,2146,2228
29660,8,12,16,37,1,23.939548,2.454888,2221,2148,2228
29670,9,8,13,31,1,23.943697,2.455395,2221,2148,2232
29680,7,2,15,25,1,23.945243,2.455490,2221,2148,2232
29690,6,12,12,31,1,23.948286,2.455704,2221,2148,2232
29700,11,10,10,32,1,23.950064,2.455840,2221,2148,2232
29710,13,14,18,46,1,23.956349,2.456353,2221,2148,2234
29720,17,12,8,38,1,23.962983,2.457080,2221,2148,2234
29730,20,17,8,46,1,23.969881,2.457792,2237,2151,2234
29740,11,16,19,47,1,23.978351,2.458682,2237,2160,2236
29750,14,17,17,49,1,23.986081,2.459479,2241,2161,2236
29760,6,1,18,26,1,23.992280,2.460136,2241,2161,2239
29770,12,9,18,40,1,23.994437,2.460336,2241,2161,2241
29780,17,16,18,52,1,24.002476,2.461174,2243,2161,2244
29790,14,9,17,41,1,24.009288,2.461885,2243,2161,2244
29800,10,17,2,30,1,24.015151,2.462516,2243,2161,2245
29810,3,16,0,20,1,24.015835,2.462743,2243,2167,2245
29820,1,13,0,15,1,24.014705,2.462725,2243,2167,2245
29830,8,4,6,19,1,24.011012,2.462215,2243,2167,2245
29840,0,0,0,1,1,24.008061,2.461976,2243,2167,2245
29850,0,0,0,1,1,24.001623,2.461253,2243,2167,2245
29860,1,1,4,7,1,23.995612,2.460573,2243,2167,2245
29870,1,3,4,9,1,23.989632,2.459922,2243,2167,2245
29880,5,12,5,23,1,23.986623,2.459601,2243,2167,2245
29890,2,9,9,21,1,23.987848,2.459663,2243,2169,2245
29900,3,7,12,23,1,23.987925,2.459701,2243,2169,2245
29910,2,1,4,8,1,23.984649,2.459454,2243,2169,2245
29920,5,2,10,18,1,23.980372,2.458952,2243,2169,2245
29930,18,2,6,27,1,23.980575,2.458944,2243,2169,2245
29940,10,2,13,26,1,23.983378,2.459311,2250,2169,2245
29950,17,17,13,48,1,23.986450,2.459513,2250,2169,2245
29960,15,17,20,53,1,23.995565,2.460418,2254,2171,2247
29970,9,19,19,48,1,24.003652,2.461201,2254,2186,2252
29980,10,16,18,45,1,24.011126,2.462073,2254,2189,2267
29990,4,19,15,39,1,24.016563,2.462728,2254,2190,2277
30000,9,6,10,26,1,24.019870,2.463071,2254,2191,2277
30010,12,7,16,36,1,24.023262,2.463348,2254,2191,2277
30020,4,9,17,31,1,24.026798,2.463664,2254,2191,2281
30030,0,8,10,19,1,24.025095,2.463570,2254,2191,2281
30040,4,8,12,25,1,24.023688,2.463371,2254,2191,2281
30050,3,0,5,9,1,24.018654,2.462960,2254,2191,2281
30060,5,5,5,16,1,24.014871,2.462509,2254,2191,2281
30070,1,17,7,26,1,24.011524,2.462204,2254,2191,2281
30080,9,8,4,22,1,24.009454,2.461946,2254,2191,2281
30090,2,3,15,21,1,24.006458,2.461609,2254,2191,2281
30100,0,0,18,19,1,24.006613,2.461655,2254,2191,2282
30110,8,1,4,14,1,24.003430,2.461299,2254,2191,2282
30120,5,4,4,14,1,24.001001,2.461013,2254,2191,2282
30130,10,19,10,40,1,24.002564,2.461077,2254,2191,2282
30140,10,17,2,30,1,24.007122,2.461582,2255,2202,2282
30150,0,11,4,16,1,24.007514,2.461660,2255,2213,2282
30160,1,3,2,7,1,24.003364,2.461122,2255,2213,2282
30170,4,5,2,12,1,23.997153,2.460481,2255,2213,2282
30180,2,2,0,5,1,23.991987,2.460006,2255,2213,2282
30190,0,1,1,3,1,23.986320,2.459488,2255,2213,2282
30200,1,3,6,11,1,23.981430,2.459049,2255,2213,2282
30210,0,0,0,0,0,23.974429,2.458536,2255,2213,2282
30220,0,0,0,1,1,23.967380,2.457884,2255,2213,2282
30230,6,13,8,28,1,23.966440,2.457634,2255,2213,2282
30240,15,4,10,30,1,23.970376,2.457942,2255,2213,2282
30250,11,7,11,30,1,23.969953,2.457853,2255,2213,2282
30260,19,18,15,53,1,23.976215,2.458466,2255,2216,2282
30270,11,18,18,48,1,23.984485,2.459343,2255,2217,2284
30280,5,6,13,25,1,23.989383,2.459933,2255,2217,2284
30290,3,10,19,33,1,23.991306,2.460010,2255,2217,2289
30300,3,10,14,28,1,23.993287,2.460225,2255,2217,2291
30310,9,11,19,40,1,23.995743,2.460407,2255,2217,2294
30320,5,9,8,23,1,23.998787,2.460848,2255,2217,2294
30330,1,4,1,7,1,23.995913,2.460649,2255,2217,2294
30340,1,4,7,13,1,23.990793,2.460062,2255,2217,2294
30350,10,18,11,40,1,23.990843,2.459938,2255,2218,2294
30360,17,11,12,41,1,23.995315,2.460385,2255,2218,2294
30370,18,3,0,22,1,23.999012,2.460868,2259,2218,2294
30380,10,6,3,20,1,23.998442,2.460789,2261,2218,2294
30390,5,9,7,22,1,23.996004,2.460551,2261,2218,2294
30400,0,7,4,12,1,23.994497,2.460509,2261,2218,2294
30410,1,3,5,10,1,23.989351,2.460110,2261,2218,2294
30420,8,12,0,21,1,23.987224,2.459772,2261,2218,2294
30430,20,5,0,26,1,23.987815,2.459762,2261,2218,2294
30440,19,6,3,29,1,23.987782,2.459788,2263,2218,2294
30450,19,2,4,26,1,23.987157,2.459828,2264,2218,2294
30460,20,10,6,37,1,23.988358,2.459905,2264,2218,2294
30470,19,16,10,46,1,23.994072,2.460537,2282,2218,2294
30480,13,17,12,43,1,23.999026,2.461066,2282,2218,2294
30490,18,5,11,35,1,24.002730,2.461367,2282,2218,2294
30500,18,8,10,37,1,24.004699,2.461598,2282,2218,2294
30510,18,11,17,47,1,24.010499,2.462156,2294,2218,2298
30520,12,8,11,32,1,24.017290,2.462989,2309,2218,2304
30530,18,5,9,33,1,24.019583,2.463129,2309,2218,2304
30540,14,11,3,29,1,24.023268,2.463495,2313,2218,2304
30550,17,12,1,31,1,24.025324,2.463619,2313,2218,2304
30560,16,17,0,34,1,24.029493,2.464059,2320,2219,2304
30570,16,18,11,46,1,24.032928,2.464325,2320,2224,2304
30580,17,17,15,50,1,24.040592,2.465140,2331,2224,2304
30590,19,20,15,55,1,24.048475,2.465919,2331,2227,2304
30600,5,15,11,32,1,24.053047,2.466491,2331,2232,2304
30610,10,19,20,50,1,24.056765,2.466728,2331,2237,2304
30620,5,16,14,36,1,24.062939,2.467440,2331,2248,2305
30630,4,17,18,40,1,24.067554,2.467794,2331,2248,2310
30640,1,10,7,19,1,24.071314,2.468283,2331,2248,2315
30650,8,13,8,30,1,24.070252,2.468120,2331,2248,2315
30660,2,8,17,28,1,24.072652,2.468296,2331,2248,2315
30670,5,18,19,43,1,24.078466,2.468757,2331,2249,2334
30680,8,17,19,45,1,24.084813,2.469428,2331,2251,2342
30690,10,17,19,47,1,24.091004,2.470117,2331,2254,2359
30700,10,15,16,42,1,24.098544,2.470936,2331,2254,2364
30710,16,16,16,49,1,24.107311,2.471847,2336,2254,2368
30720,15,17,18,51,1,24.117331,2.472829,2339,2259,2374
30730,10,20,17,48,1,24.126294,2.473819,2343,2264,2378
30740,8,14,7,30,1,24.128034,2.474092,2343,2264,2378
30750,11,10,6,28,1,24.129268,2.474149,2343,2264,2378
30760,18,20,6,45,1,24.134047,2.474511,2343,2265,2378
30770,16,19,3,39,1,24.140248,2.475250,2351,2273,2378
30780,9,9,1,20,1,24.141195,2.475377,2351,2274,2378
30790,2,13,4,20,1,24.140284,2.475180,2351,2274,2378
30800,4,14,0,19,1,24.141001,2.475217,2351,2274,2378
30810,7,3,0,11,1,24.137400,2.474984,2351,2274,2378
30820,3,5,7,16,1,24.135188,2.474745,2351,2274,2378
30830,4,0,3,8,1,24.133528,2.474653,2351,2274,2378
30840,2,4,3,10,1,24.128640,2.474107,2351,2274,2378
30850,5,12,4,22,1,24.126110,2.473835,2351,2274,2378
30860,2,4,1,8,1,24.124150,2.473663,2351,2274,2378
30870,0,2,3,6,1,24.118563,2.473111,2351,2274,2378
30880,4,1,1,7,1,24.112285,2.472521,2351,2274,2378
30890,6,8,4,19,1,24.108577,2.472121,2351,2274,2378
30900,3,5,4,13,1,24.105638,2.471815,2351,2274,2378
30910,17,3,3,24,1,24.103366,2.471505,2351,2274,2378
30920,18,4,0,23,1,24.103773,2.471616,2359,2274,2378
30930,6,1,2,10,1,24.100713,2.471348,2361,2274,2378
30940,0,1,0,2,1,24.094294,2.470759,2361,2274,2378
30950,3,2,5,11,1,24.088513,2.470089,2361,2274,2378
30960,9,4,2,16,1,24.085564,2.469758,2361,2274,2378
30970,0,0,0,1,1,24.079792,2.469309,2361,2274,2378
30980,2,4,0,7,1,24.073321,2.468625,2361,2274,2378
30990,8,6,0,15,1,24.067819,2.468106,2361,2274,2378
31000,2,4,4,11,1,24.062326,2.467629,2361,2274,2378
31010,1,0,0,2,1,24.055960,2.467151,2361,2274,2378
31020,4,10,6,21,1,24.050818,2.466522,2361,2274,2378
31030,9,19,14,43,1,24.052244,2.466632,2361,2278,2378
31040,13,15,15,44,1,24.057795,2.467189,2361,2279,2383
31050,15,16,18,50,1,24.063999,2.467797,2361,2279,2383
31060,14,15,19,49,1,24.072794,2.468646,2362,2279,2386
31070,13,18,18,50,1,24.081267,2.469519,2363,2287,2388
31080,12,19,13,45,1,24.088577,2.470297,2363,2300,2388
31090,15,18,12,46,1,24.095751,2.470972,2363,2307,2388
31100,13,18,13,45,1,24.102564,2.471642,2363,2311,2388
31110,8,2,14,25,1,24.105147,2.471960,2363,2311,2388
31120,7,8,18,34,1,24.104164,2.471847,2363,2311,2389
31130,14,9,12,36,1,24.107539,2.472214,2363,2311,2390
31140,10,12,13,36,1,24.110674,2.472531,2363,2311,2390
31150,2,0,4,7,1,24.111266,2.472629,2363,2311,2390
31160,2,4,2,9,1,24.108906,2.472350,2363,2311,2390
31170,2,7,3,13,1,24.104197,2.471782,2363,2311,2390
31180,3,1,0,5,1,24.097899,2.471116,2363,2311,2390
31190,3,0,0,4,1,24.091232,2.470567,2363,2311,2390
31200,3,4,1,9,1,24.084743,2.469905,2363,2311,2390
31210,10,10,5,26,1,24.083454,2.469745,2363,2311,2390
31220,13,5,4,23,1,24.083759,2.469821,2363,2311,2390
31230,5,1,0,7,1,24.083717,2.469804,2363,2311,2390
31240,6,1,1,9,1,24.078243,2.469328,2363,2311,2390
31250,2,0,5,8,1,24.071889,2.468689,2363,2311,2390
31260,1,2,2,6,1,24.066354,2.468133,2363,2311,2390
31270,6,15,5,27,1,24.065784,2.468079,2363,2311,2390
31280,7,3,9,20,1,24.062734,2.467746,2363,2311,2390
31290,14,11,5,31,1,24.062099,2.467637,2363,2311,2390
31300,15,10,3,29,1,24.064736,2.467855,2371,2311,2390
31310,10,15,7,33,1,24.064596,2.467772,2371,2311,2390
31320,3,16,7,27,1,24.066339,2.468035,2371,2311,2390
31330,6,14,6,27,1,24.067962,2.468246,2371,2319,2390
31340,12,13,3,29,1,24.068185,2.468209,2371,2319,2390
31350,18,3,4,26,1,24.068606,2.468288,2372,2319,2390
31360,8,1,2,12,1,24.068493,2.468434,2374,2319,2390
31370,9,2,9,21,1,24.067046,2.468266,2374,2319,2390
31380,5,7,7,20,1,24.068205,2.468381,2374,2319,2390
31390,9,8,13,31,1,24.068446,2.468393,2374,2319,2390
31400,3,2,4,10,1,24.066220,2.468169,2374,2319,2390
31410,0,0,0,0,0,24.060997,2.467831,2374,2319,2390
31420,1,1,1,4,1,24.054535,2.467140,2374,2319,2390
31430,4,1,5,11,1,24.048384,2.466441,2374,2319,2390
31440,4,3,3,11,1,24.043159,2.465965,2374,2319,2390
31450,12,3,5,21,1,24.041743,2.465711,2374,2319,2390
31460,2,6,0,9,1,24.036933,2.465142,2374,2319,2390
31470,9,8,0,18,1,24.035291,2.464993,2374,2319,2390
31480,15,14,17,47,1,24.039638,2.465315,2380,2319,2390
31490,15,17,19,52,1,24.047862,2.466170,2382,2319,2402
31500,12,9,9,31,1,24.055749,2.467200,2382,2323,2415
31510,19,16,11,47,1,24.058973,2.467479,2383,2323,2415
31520,10,8,6,25,1,24.065040,2.468241,2385,2328,2415
31530,2,2,3,8,1,24.063888,2.468191,2385,2328,2415
31540,12,6,3,22,1,24.060979,2.467873,2385,2328,2415
31550,7,16,8,32,1,24.063746,2.468137,2385,2328,2415
31560,6,18,14,39,1,24.066898,2.468376,2385,2328,2415
31570,0,2,5,8,1,24.067654,2.468465,2385,2329,2415
31580,1,3,0,5,1,24.062481,2.467971,2385,2329,2415
31590,0,0,0,0,0,24.056162,2.467335,2385,2329,2415
31600,0,0,0,0,0,24.051582,2.466861,2385,2329,2415
31610,8,3,5,17,1,24.046629,2.466229,2385,2329,2415
31620,3,0,6,10,1,24.042165,2.465839,2385,2329,2415
31630,1,2,0,4,1,24.037402,2.465379,2385,2329,2415
31640,1,4,9,15,1,24.031879,2.464816,2385,2329,2415
31650,7,5,2,15,1,24.027701,2.464320,2385,2329,2415
31660,11,1,1,14,1,24.023962,2.463852,2385,2329,2415
31670,12,6,11,30,1,24.024094,2.463838,2385,2329,2415
31680,14,8,15,38,1,24.024946,2.463922,2385,2329,2415
31690,10,9,10,30,1,24.028720,2.464297,2385,2329,2415
31700,19,4,7,31,1,24.032081,2.464582,2388,2329,2415
31710,19,10,3,33,1,24.033033,2.464691,2388,2329,2415
31720,14,11,5,31,1,24.033763,2.464738,2389,2329,2415
31730,0,5,2,8,1,24.031759,2.464577,2389,2329,2415
31740,0,7,6,14,1,24.026142,2.464005,2389,2329,2415
31750,0,0,0,0,0,24.020435,2.463535,2389,2329,2415
31760,11,2,12,26,1,24.015123,2.462922,2389,2329,2415
31770,18,0,10,29,1,24.015447,2.462896,2389,2329,2415
31780,15,8,2,26,1,24.018034,2.463094,2389,2329,2415
31790,9,7,2,19,1,24.018318,2.463111,2390,2329,2415
31800,14,3,1,19,1,24.015351,2.462755,2390,2329,2415
31810,4,6,8,19,1,24.013197,2.462523,2390,2329,2415
31820,9,11,6,27,1,24.013387,2.462523,2390,2329,2415
31830,10,0,13,24,1,24.017710,2.463033,2390,2329,2415
31840,7,5,13,26,1,24.017414,2.462968,2390,2329,2416
31850,7,7,13,28,1,24.019382,2.463126,2390,2329,2417
31860,7,4,7,19,1,24.021254,2.463457,2390,2329,2417
31870,7,12,9,29,1,24.021613,2.463505,2390,2329,2417
31880,15,0,18,34,1,24.023376,2.463635,2390,2329,2417
31890,6,1,12,20,1,24.022279,2.463534,2390,2329,2417
31900,1,3,1,6,1,24.017892,2.463152,2390,2329,2417
31910,1,2,0,4,1,24.011801,2.462531,2390,2329,2417
31920,6,0,3,10,1,24.006645,2.461959,2390,2329,2417
31930,0,4,1,6,1,24.001496,2.461514,2390,2329,2417
31940,9,1,2,13,1,23.996108,2.460926,2390,2329,2417
31950,14,12,2,29,1,23.994806,2.460678,2390,2329,2417
31960,7,7,4,19,1,23.993589,2.460526,2390,2329,2417
31970,17,4,19,41,1,23.995357,2.460632,2390,2329,2420
31980,9,5,15,30,1,24.000153,2.461057,2399,2329,2424
31990,12,1,8,22,1,24.000704,2.461054,2399,2329,2424
32000,18,2,10,31,1,24.001349,2.460991,2402,2329,2424
32010,13,1,6,21,1,24.002557,2.461253,2412,2329,2424
32020,16,0,1,18,1,24.001478,2.461201,2412,2329,2424
32030,16,3,2,22,1,24.000065,2.460958,2412,2329,2424
32040,9,5,8,23,1,23.999940,2.460894,2412,2329,2424
32050,10,7,3,21,1,23.999402,2.460772,2412,2329,2424
32060,3,9,0,13,1,23.997765,2.460617,2412,2329,2424
32070,6,2,14,23,1,23.992979,2.460020,2412,2329,2424
32080,6,1,3,11,1,23.988731,2.459659,2412,2329,2424
32090,0,3,5,9,1,23.983372,2.459169,2412,2329,2424
32100,6,12,8,27,1,23.979730,2.458650,2412,2329,2424
32110,17,8,11,37,1,23.981011,2.458621,2412,2329,2424
32120,20,9,6,36,1,23.983724,2.458841,2412,2329,2424
32130,12,0,6,19,1,23.984396,2.458890,2412,2329,2424
32140,9,4,5,19,1,23.981431,2.458590,2412,2329,2424
32150,0,0,0,1,1,23.977334,2.458253,2412,2329,2424
32160,1,4,3,9,1,23.971317,2.457648,2412,2329,2424
32170,10,11,2,24,1,23.970036,2.457505,2412,2329,2424
32180,10,10,7,28,1,23.971229,2.457554,2412,2329,2424
32190,19,11,10,41,1,23.973563,2.457711,2412,2329,2424
32200,15,17,15,48,1,23.981825,2.458625,2426,2329,2424
32210,14,9,20,44,1,23.987642,2.459257,2426,2329,2427
32220,12,5,12,30,1,23.991746,2.459768,2426,2329,2429
32230,5,6,3,15,1,23.990046,2.459598,2426,2329,2429
32240,0,1,7,9,1,23.987028,2.459269,2426,2329,2429
32250,1,5,3,10,1,23.981606,2.458725,2426,2329,2429
32260,0,5,2,8,1,23.977857,2.458345,2426,2329,2429
32270,0,4,10,15,1,23.975046,2.458069,2426,2329,2429
32280,2,5,2,10,1,23.972442,2.457728,2426,2329,2429
32290,2,0,0,3,1,23.966149,2.457228,2426,2329,2429
32300,14,4,9,28,1,23.965332,2.457031,2426,2329,2429
32310,18,11,4,34,1,23.968005,2.457278,2430,2329,2429
32320,20,17,6,44,1,23.972065,2.457714,2436,2330,2429
32330,16,2,0,19,1,23.973526,2.457899,2437,2330,2429
32340,13,0,1,15,1,23.972813,2.457854,2443,2330,2429
32350,0,0,0,0,0,23.967369,2.457409,2443,2330,2429
32360,4,7,4,16,1,23.963766,2.457028,2443,2330,2429
32370,10,0,0,11,1,23.960954,2.456713,2443,2330,2429
32380,8,1,8,18,1,23.957972,2.456403,2443,2330,2429
32390,11,3,4,19,1,23.953630,2.455954,2443,2330,2429
32400,5,1,2,9,1,23.952592,2.455883,2443,2330,2429
32410,0,0,1,2,1,23.947496,2.455458,2443,2330,2429
32420,6,8,10,25,1,23.943140,2.454891,2443,2330,2429
32430,2,3,3,9,1,23.940973,2.454712,2443,2330,2429
32440,0,0,0,1,1,23.935292,2.454196,2443,2330,2429
32450,1,5,2,9,1,23.930255,2.453567,2443,2330,2429
32460,3,8,4,16,1,23.927129,2.453119,2443,2330,2429
32470,3,5,7,16,1,23.929297,2.453407,2443,2330,2429
32480,2,0,5,8,1,23.927642,2.453195,2443,2330,2429
32490,10,7,2,20,1,23.924107,2.452775,2443,2330,2429
32500,12,10,14,37,1,23.926443,2.452941,2443,2330,2429
32510,12,3,13,29,1,23.929613,2.453255,2443,2330,2433
32520,16,7,4,28,1,23.933004,2.453584,2443,2330,2433
32530,10,2,0,13,1,23.931881,2.453542,2443,2330,2433
32540,10,10,17,38,1,23.933991,2.453662,2443,2330,2433
32550,15,15,16,47,1,23.938895,2.454146,2443,2330,2433
32560,16,18,18,53,1,23.946035,2.454821,2443,2330,2439
32570,15,17,20,53,1,23.955178,2.455785,2446,2332,2441
32580,15,19,7,42,1,23.962973,2.456697,2447,2333,2445
32590,15,15,7,38,1,23.966766,2.457152,2447,2333,2445
32600,2,1,1,5,1,23.966811,2.457269,2447,2333,2445
32610,3,0,2,6,1,23.960893,2.456596,2447,2333,2445
32620,1,0,2,4,1,23.954613,2.456073,2447,2333,2445
32630,4,7,0,12,1,23.948816,2.455374,2447,2333,2445
32640,0,0,0,0,0,23.942832,2.454873,2447,2333,2445
32650,6,6,18,31,1,23.938501,2.454317,2447,2333,2445
32660,1,15,14,31,1,23.942103,2.454799,2447,2333,2454
32670,0,13,6,20,1,23.944710,2.455132,2447,2335,2454
32680,5,8,1,15,1,23.941306,2.454794,2447,2335,2454
32690,6,3,3,13,1,23.936566,2.454305,2447,2335,2454
32700,8,9,15,33,1,23.937142,2.454160,2447,2335,2454
32710,4,8,8,21,1,23.937876,2.454332,2447,2335,2454
32720,1,3,4,9,1,23.932318,2.453789,2447,2335,2454
32730,10,4,9,24,1,23.929980,2.453477,2447,2335,2454
32740,7,3,3,14,1,23.928182,2.453381,2447,2335,2454
32750,9,10,15,35,1,23.926096,2.452979,2447,2335,2454
32760,2,3,8,14,1,23.926890,2.453126,2447,2335,2454
32770,12,13,12,38,1,23.926169,2.452949,2447,2335,2454
32780,18,14,5,38,1,23.931639,2.453521,2447,2336,2454
32790,9,14,6,30,1,23.933941,2.453838,2447,2337,2454
32800,16,13,16,46,1,23.937753,2.454203,2447,2337,2454
32810,17,17,19,54,1,23.946999,2.455193,2459,2344,2455
32820,14,10,17,42,1,23.954962,2.456075,2463,2344,2459
32830,11,11,18,41,1,23.961576,2.456811,2463,2344,2465
32840,6,18,15,40,1,23.967363,2.457447,2463,2344,2470
32850,12,17,19,49,1,23.972464,2.457920,2463,2344,2474
32860,18,20,16,55,1,23.981742,2.458952,2465,2359,2483
32870,15,17,14,47,1,23.989395,2.459848,2465,2369,2483
32880,18,12,19,50,1,23.997598,2.460678,2466,2369,2485
32890,18,13,17,49,1,24.005484,2.461468,2472,2369,2489
32900,14,19,18,52,1,24.013518,2.462342,2484,2371,2492
32910,8,6,13,28,1,24.018604,2.462898,2484,2371,2492
32920,8,4,1,14,1,24.017515,2.462713,2484,2371,2492
32930,5,8,4,18,1,24.017539,2.462689,2484,2371,2492
32940,15,20,5,41,1,24.019333,2.462755,2484,2371,2492
32950,10,19,16,46,1,24.024195,2.463288,2484,2377,2492
32960,18,13,11,43,1,24.030307,2.463834,2486,2380,2492
32970,12,14,7,34,1,24.036811,2.464520,2490,2389,2492
32980,14,18,7,40,1,24.041103,2.465018,2492,2391,2492
32990,5,14,3,23,1,24.042915,2.465277,2492,2391,2492
33000,1,16,6,24,1,24.042228,2.465134,2492,2391,2492
33010,0,16,1,18,1,24.042952,2.465243,2492,2400,2492
33020,13,4,6,24,1,24.040218,2.464921,2492,2400,2492
33030,10,8,7,26,1,24.040426,2.464916,2492,2400,2492
33040,5,9,15,30,1,24.042235,2.465021,2492,2400,2492
33050,1,10,12,24,1,24.044278,2.465234,2492,2400,2500
33060,7,9,5,22,1,24.040357,2.464737,2492,2400,2500
33070,2,7,1,11,1,24.039305,2.464694,2492,2400,2500
33080,2,18,11,32,1,24.040636,2.464766,2492,2400,2500
33090,1,10,8,20,1,24.040370,2.464697,2492,2400,2500
33100,8,10,2,21,1,24.037379,2.464364,2492,2400,2500
33110,12,11,10,34,1,24.036780,2.464299,2492,2400,2500
33120,9,16,16,42,1,24.039797,2.464613,2492,2400,2500
33130,6,14,10,31,1,24.041588,2.464877,2492,2400,2500
33140,11,8,18,38,1,24.045143,2.465207,2492,2400,2500
33150,16,13,17,47,1,24.048891,2.465535,2492,2400,2501
33160,20,15,16,52,1,24.054297,2.466169,2495,2400,2501
33170,18,4,17,40,1,24.059286,2.466807,2496,2400,2501
33180,11,4,9,25,1,24.061428,2.467122,2496,2400,2501
33190,1,0,0,2,1,24.060757,2.467034,2496,2400,2501
33200,4,10,18,33,1,24.057703,2.466611,2496,2400,2501
33210,9,13,15,38,1,24.062436,2.467024,2496,2400,2505
33220,6,3,7,17,1,24.062014,2.467038,2496,2400,2505
33230,4,1,2,8,1,24.059695,2.466820,2496,2400,2505
33240,1,0,0,2,1,24.053298,2.466259,2496,2400,2505
33250,10,0,14,25,1,24.050107,2.465890,2496,2400,2505
33260,14,4,16,35,1,24.052306,2.466120,2496,2400,2511
33270,12,2,1,16,1,24.052887,2.466290,2498,2400,2511
33280,16,6,6,29,1,24.053029,2.466293,2499,2400,2511
33290,1,5,1,8,1,24.050238,2.466049,2499,2400,2511
33300,2,1,0,4,1,24.044652,2.465533,2499,2400,2511
33310,0,0,0,1,1,24.040300,2.465159,2499,2400,2511
33320,5,0,6,12,1,24.036585,2.464790,2499,2400,2511
33330,6,11,7,25,1,24.034553,2.464457,2499,2400,2511
33340,16,9,2,28,1,24.034776,2.464529,2499,2400,2511
33350,1,0,2,4,1,24.033007,2.464450,2499,2400,2511
33360,20,6,4,31,1,24.030572,2.464197,2504,2400,2511
33370,5,0,6,12,1,24.029330,2.464104,2505,2400,2511
33380,0,0,0,1,1,24.024106,2.463602,2505,2400,2511
33390,4,0,0,5,1,24.018257,2.463014,2505,2400,2511
33400,5,0,1,7,1,24.012951,2.462458,2505,2400,2511
33410,4,3,5,13,1,24.007796,2.461888,2505,2400,2511
33420,6,4,5,16,1,24.002561,2.461363,2505,2400,2511
33430,0,1,1,3,1,23.998796,2.461117,2505,2400,2511
33440,1,2,2,6,1,23.992473,2.460548,2505,2400,2511
33450,1,2,0,4,1,23.986551,2.459959,2505,2400,2511
33460,2,0,2,5,1,23.980996,2.459431,2505,2400,2511
33470,4,14,10,29,1,23.978248,2.459048,2505,2400,2511
33480,7,19,3,30,1,23.981524,2.459372,2505,2400,2511
33490,16,18,7,42,1,23.985063,2.459739,2505,2402,2511
33500,13,12,20,46,1,23.993066,2.460481,2507,2410,2514
33510,16,7,16,40,1,23.997242,2.460996,2509,2410,2515
33520,9,8,12,30,1,24.000757,2.461315,2510,2410,2515
33530,6,1,7,15,1,24.001725,2.461478,2510,2410,2515
33540,4,5,12,22,1,23.998569,2.461061,2510,2410,2515
33550,3,5,12,21,1,23.999656,2.461063,2510,2410,2523
33560,4,1,13,19,1,23.999296,2.461038,2510,2410,2523
33570,1,1,0,3,1,23.995002,2.460736,2510,2410,2523
33580,4,4,4,13,1,23.989181,2.460151,2510,2410,2523
33590,13,9,1,24,1,23.988669,2.459974,2510,2410,2523
33600,9,5,0,15,1,23.986944,2.459884,2510,2410,2523
33610,5,2,0,8,1,23.983049,2.459451,2510,2410,2523
33620,0,0,0,0,0,23.978372,2.458990,2510,2410,2523
33630,1,0,0,2,1,23.972358,2.458385,2510,2410,2523
33640,3,2,4,10,1,23.966467,2.457739,2510,2410,2523
33650,0,2,5,8,1,23.963306,2.457292,2510,2410,2523
33660,8,2,3,14,1,23.961905,2.457077,2510,2410,2523
33670,7,5,6,19,1,23.957952,2.456653,2510,2410,2523
33680,1,0,1,3,1,23.954892,2.456433,2510,2410,2523
33690,4,11,9,25,1,23.949618,2.455852,2510,2410,2523
33700,3,7,7,18,1,23.949921,2.455812,2510,2411,2523
33710,3,4,2,10,1,23.947339,2.455573,2510,2411,2523
33720,0,0,0,1,1,23.942740,2.455143,2510,2411,2523
33730,6,2,1,10,1,23.937395,2.454651,2510,2411,2523
33740,0,9,15,25,1,23.935751,2.454419,2510,2411,2523
33750,8,8,17,34,1,23.938724,2.454616,2510,2411,2523
33760,13,2,15,31,1,23.941871,2.454846,2510,2411,2529
33770,16,2,0,19,1,23.940702,2.454752,2510,2411,2529
33780,2,2,1,6,1,23.937656,2.454503,2510,2411,2529
33790,2,4,1,8,1,23.932417,2.453940,2510,2411,2529
33800,0,0,1,2,1,23.926309,2.453377,2510,2411,2529
33810,3,1,1,6,1,23.920990,2.452866,2510,2411,2529
33820,2,3,5,11,1,23.916880,2.452418,2510,2411,2529
33830,17,13,13,44,1,23.919964,2.452627,2514,2411,2529
33840,20,12,18,51,1,23.926668,2.453341,2515,2411,2537
33850,16,7,13,37,1,23.933431,2.454157,2518,2414,2543
33860,4,6,7,18,1,23.934395,2.454356,2518,2414,2543
33870,0,13,10,24,1,23.934700,2.454302,2518,2414,2543
33880,3,2,3,9,1,23.932544,2.454092,2518,2414,2543
33890,2,0,4,7,1,23.929121,2.453797,2518,2414,2543
33900,0,2,0,3,1,23.923467,2.453229,2518,2414,2543
33910,0,0,0,0,0,23.917424,2.452539,2518,2414,2543
33920,4,10,8,23,1,23.917155,2.452359,2518,2414,2543
33930,0,0,0,0,0,23.915802,2.452217,2518,2414,2543
33940,8,9,12,30,1,23.911985,2.451667,2518,2414,2543
33950,0,0,3,4,1,23.910222,2.451519,2518,2414,2543
33960,3,12,6,22,1,23.908060,2.451250,2518,2414,2543
33970,1,4,0,6,1,23.903754,2.450879,2518,2414,2543
33980,9,3,0,13,1,23.898221,2.450323,2518,2414,2543
33990,6,3,4,14,1,23.893196,2.449863,2518,2414,2543
34000,16,9,4,30,1,23.891571,2.449619,2518,2414,2543
34010,14,0,14,29,1,23.891969,2.449583,2518,2414,2543
34020,19,6,20,46,1,23.895388,2.449915,2521,2414,2544
34030,19,18,9,47,1,23.899868,2.450312,2521,2414,2545
34040,16,19,10,46,1,23.907225,2.451048,2531,2431,2545
34050,17,16,7,41,1,23.913887,2.451794,2535,2436,2545
34060,18,20,12,51,1,23.920513,2.452574,2545,2455,2545
34070,5,19,15,40,1,23.927348,2.453389,2545,2464,2546
34080,3,13,16,33,1,23.931593,2.453932,2545,2467,2546
34090,9,12,3,25,1,23.930791,2.453779,2545,2467,2546
34100,8,11,2,22,1,23.930320,2.453683,2545,2467,2546
34110,3,3,11,18,1,23.926812,2.453320,2545,2467,2546
34120,9,2,6,18,1,23.923558,2.452954,2545,2467,2546
34130,7,4,3,15,1,23.922637,2.452915,2545,2467,2546
34140,10,11,7,29,1,23.921248,2.452739,2545,2467,2546
34150,0,10,14,25,1,23.921990,2.452937,2545,2467,2546
34160,11,9,16,37,1,23.923545,2.453005,2545,2467,2547
34170,13,1,9,24,1,23.925035,2.453235,2545,2467,2547
34180,15,1,10,27,1,23.923063,2.453081,2545,2467,2547
34190,10,1,16,28,1,23.925006,2.453313,2547,2467,2547
34200,4,0,7,12,1,23.923017,2.453165,2547,2467,2547
34210,7,2,1,11,1,23.918916,2.452748,2547,2467,2547
34220,10,1,4,16,1,23.914964,2.452368,2547,2467,2547
34230,1,4,0,6,1,23.910400,2.451919,2547,2467,2547
34240,8,4,4,17,1,23.905377,2.451356,2547,2467,2547
34250,0,1,3,5,1,23.902970,2.451157,2547,2467,2547
34260,3,2,4,10,1,23.897832,2.450656,2547,2467,2547
34270,0,0,0,1,1,23.892501,2.450297,2547,2467,2547
34280,0,0,0,0,0,23.886642,2.449795,2547,2467,2547
34290,1,6,3,11,1,23.881056,2.449218,2547,2467,2547
34300,12,2,2,17,1,23.877385,2.448728,2547,2467,2547
34310,12,3,11,27,1,23.877830,2.448741,2547,2467,2547
34320,9,6,12,28,1,23.878412,2.448775,2547,2467,2547
34330,9,0,9,19,1,23.877710,2.448780,2547,2467,2547
34340,9,3,7,20,1,23.878184,2.448810,2547,2467,2547
34350,20,0,8,29,1,23.879882,2.448974,2549,2467,2547
34360,14,0,7,22,1,23.881436,2.449071,2553,2467,2547
34370,12,13,8,34,1,23.883276,2.449117,2557,2467,2547
34380,4,18,7,30,1,23.883282,2.449100,2557,2467,2547
34390,16,20,15,52,1,23.887431,2.449419,2557,2479,2547
34400,18,7,9,35,1,23.892270,2.450044,2561,2479,2547
34410,18,20,6,45,1,23.896831,2.450603,2565,2480,2547
34420,20,7,5,33,1,23.899774,2.451011,2566,2482,2547
34430,15,7,13,36,1,23.902380,2.451238,2566,2482,2547
34440,13,14,16,44,1,23.907096,2.451703,2566,2482,2547
34450,3,14,8,26,1,23.909965,2.452118,2566,2483,2547
34460,0,11,15,27,1,23.911875,2.452274,2566,2483,2550
34470,1,3,11,16,1,23.913557,2.452428,2566,2483,2550
34480,6,1,5,13,1,23.909407,2.451941,2566,2483,2550
34490,7,15,18,41,1,23.910455,2.451877,2566,2483,2550
34500,16,17,15,49,1,23.918123,2.452681,2570,2483,2558
34510,12,12,12,37,1,23.922675,2.453123,2570,2483,2558
34520,5,8,13,27,1,23.924204,2.453305,2570,2483,2558
34530,10,0,6,17,1,23.923252,2.453197,2570,2483,2558
34540,8,4,9,22,1,23.922397,2.453106,2570,2483,2558
34550,2,3,9,15,1,23.920499,2.452929,2570,2483,2558
34560,4,2,0,7,1,23.916644,2.452632,2570,2483,2558
34570,4,8,2,15,1,23.912472,2.452107,2570,2483,2558
34580,4,5,6,16,1,23.908189,2.451606,2570,2483,2558
34590,14,19,18,52,1,23.910077,2.451694,2570,2483,2558
34600,12,11,15,39,1,23.917106,2.452520,2570,2488,2563
34610,17,15,18,51,1,23.923347,2.453157,2570,2488,2563
34620,15,5,16,37,1,23.930002,2.453887,2570,2488,2569
34630,18,7,18,44,1,23.935303,2.454383,2570,2488,2570
34640,18,8,17,44,1,23.941076,2.454943,2573,2488,2573
34650,10,7,14,32,1,23.948196,2.455778,2578,2488,2583
34660,7,0,16,24,1,23.948507,2.455785,2578,2488,2583
34670,18,6,16,41,1,23.950446,2.455893,2578,2488,2583
34680,5,2,9,17,1,23.950811,2.456065,2579,2488,2583
34690,0,1,1,3,1,23.945156,2.455540,2579,2488,2583
34700,3,0,0,4,1,23.940993,2.455087,2579,2488,2583
34710,1,0,1,3,1,23.936793,2.454704,2579,2488,2583
34720,0,0,0,1,1,23.931124,2.454025,2579,2488,2583
34730,1,3,2,7,1,23.926031,2.453456,2579,2488,2583
34740,5,5,1,12,1,23.921510,2.452981,2579,2488,2583
34750,1,1,1,4,1,23.916700,2.452463,2579,2488,2583
34760,6,6,2,15,1,23.912719,2.452095,2579,2488,2583
34770,4,7,3,15,1,23.910487,2.451891,2579,2488,2583
34780,8,8,12,29,1,23.909757,2.451733,2579,2488,2583
34790,11,19,18,49,1,23.912748,2.451964,2579,2496,2583
34800,10,9,18,38,1,23.919119,2.452780,2579,2498,2586
34810,11,15,13,40,1,23.924685,2.453275,2579,2498,2586
34820,8,18,19,46,1,23.929386,2.453805,2579,2504,2587
34830,6,7,8,22,1,23.930175,2.454012,2579,2504,2589
34840,0,0,0,0,0,23.926585,2.453785,2579,2504,2589
34850,8,8,1,18,1,23.924464,2.453513,2579,2504,2589
34860,11,20,11,43,1,23.925349,2.453449,2579,2504,2589
34870,1,12,3,17,1,23.928301,2.453827,2579,2510,2589
34880,11,16,1,29,1,23.929489,2.453874,2579,2517,2589
34890,6,17,1,25,1,23.931443,2.454114,2579,2520,2589
34900,4,4,1,10,1,23.929808,2.453899,2579,2520,2589
34910,0,3,0,4,1,23.924850,2.453387,2579,2520,2589
34920,5,1,1,8,1,23.920030,2.452940,2579,2520,2589
34930,3,4,9,17,1,23.916326,2.452514,2579,2520,2589
34940,1,13,14,29,1,23.917278,2.452550,2579,2520,2589
34950,3,12,14,30,1,23.920331,2.452896,2579,2520,2589
34960,11,6,9,27,1,23.923682,2.453171,2579,2520,2590
34970,14,11,8,34,1,23.927391,2.453555,2579,2520,2590
34980,15,5,7,28,1,23.930117,2.453716,2580,2520,2590
34990,17,1,13,32,1,23.932322,2.453939,2587,2520,2590
35000,14,4,6,25,1,23.935452,2.454228,2588,2520,2590
35010,7,14,1,23,1,23.934666,2.454137,2588,2520,2590
35020,6,7,3,17,1,23.932777,2.454026,2588,2520,2590
35030,8,14,8,31,1,23.932442,2.453974,2588,2520,2590
35040,0,9,1,11,1,23.932732,2.454086,2588,2520,2590
35050,3,3,2,9,1,23.928610,2.453588,2588,2520,2590
35060,2,1,5,9,1,23.924412,2.453255,2588,2520,2590
35070,3,1,1,6,1,23.918373,2.452732,2588,2520,2590
35080,0,0,1,2,1,23.913316,2.452203,2588,2520,2590
35090,0,0,0,1,1,23.907973,2.451638,2588,2520,2590
35100,0,0,0,1,1,23.901747,2.451039,2588,2520,2590
35110,2,0,2,5,1,23.895937,2.450475,2588,2520,2590
35120,10,8,10,29,1,23.892281,2.450047,2588,2520,2590
35130,20,1,9,31,1,23.894929,2.450279,2592,2520,2590
35140,5,3,1,10,1,23.893803,2.450282,2592,2520,2590
35150,18,1,1,21,1,23.891154,2.449949,2592,2520,2590
35160,7,4,5,17,1,23.888303,2.449632,2593,2520,2590
35170,4,8,3,16,1,23.887959,2.449543,2593,2520,2590
35180,3,5,0,9,1,23.886730,2.449343,2593,2520,2590
35190,0,3,1,5,1,23.881020,2.448754,2593,2520,2590
35200,7,9,0,17,1,23.876267,2.448234,2593,2520,2590
35210,0,4,0,5,1,23.874592,2.448074,2593,2520,2590
35220,8,5,9,23,1,23.871382,2.447634,2593,2520,2590
35230,2,1,1,5,1,23.866923,2.447159,2593,2520,2590
35240,10,11,1,23,1,23.864171,2.446803,2593,2520,2590
35250,5,10,14,30,1,23.865703,2.446928,2593,2520,2590
35260,17,13,11,42,1,23.868443,2.447042,2593,2520,2590
35270,12,1,12,26,1,23.872254,2.447458,2596,2520,2590
35280,1,1,6,9,1,23.872357,2.447586,2596,2520,2590
35290,6,2,11,20,1,23.869534,2.447300,2596,2520,2590
35300,12,3,5,21,1,23.869017,2.447230,2596,2520,2590
35310,18,14,6,39,1,23.869414,2.447175,2596,2520,2590
35320,17,9,17,44,1,23.875282,2.447759,2601,2522,2590
35330,14,19,18,52,1,23.883105,2.448586,2607,2523,2595
35340,19,12,18,50,1,23.891072,2.449499,2608,2527,2604
35350,20,9,18,48,1,23.897106,2.450186,2619,2527,2614
35360,17,3,9,30,1,23.898779,2.450332,2619,2527,2614
35370,19,11,2,33,1,23.898774,2.450307,2619,2527,2614
35380,16,12,11,40,1,23.900806,2.450463,2619,2527,2614
35390,17,14,14,46,1,23.905372,2.450913,2621,2527,2614
35400,17,8,15,41,1,23.910338,2.451447,2627,2527,2614
35410,15,15,11,42,1,23.915964,2.451971,2629,2527,2614
35420,14,16,15,46,1,23.921846,2.452543,2629,2527,2614
35430,11,13,9,34,1,23.925569,2.452942,2629,2527,2614
35440,9,19,13,42,1,23.928992,2.453340,2629,2528,2614
35450,8,14,1,24,1,23.931982,2.453643,2629,2530,2614
35460,9,3,6,19,1,23.930265,2.453492,2629,2530,2614
35470,8,3,1,13,1,23.927779,2.453262,2629,2530,2614
35480,20,0,6,27,1,23.925806,2.452993,2631,2530,2614
35490,19,5,3,28,1,23.926137,2.453066,2638,2530,2614
35500,13,4,8,26,1,23.925869,2.453007,2638,2530,2614
35510,19,9,11,40,1,23.927746,2.453104,2639,2530,2614
35520,13,15,15,44,1,23.934391,2.453718,2642,2530,2614
35530,15,20,19,55,1,23.941821,2.454441,2642,2532,2615
35540,12,17,15,45,1,23.950055,2.455388,2642,2537,2620
35550,11,20,12,44,1,23.953594,2.455734,2642,2539,2620
35560,11,18,19,49,1,23.959571,2.456443,2642,2559,2622
35570,7,13,13,34,1,23.964320,2.457039,2642,2565,2622
35580,4,15,17,37,1,23.965931,2.457187,2642,2565,2622
35590,9,16,20,46,1,23.969592,2.457545,2642,2565,2629
35600,4,9,16,30,1,23.973102,2.457994,2642,2565,2639
35610,11,3,17,32,1,23.974444,2.458156,2642,2565,2639
35620,9,8,11,29,1,23.973850,2.458120,2642,2565,2639
35630,10,16,15,42,1,23.978740,2.458505,2642,2565,2639
35640,14,16,10,41,1,23.982310,2.458854,2642,2565,2639
35650,17,20,20,58,1,23.988590,2.459466,2646,2567,2643
35660,14,18,12,45,1,23.996108,2.460368,2646,2571,2647
35670,19,18,20,58,1,24.002765,2.461005,2646,2578,2647
35680,12,6,16,35,1,24.008869,2.461670,2652,2578,2647
35690,7,8,11,27,1,24.009845,2.461752,2652,2578,2648
35700,4,6,3,14,1,24.010782,2.461817,2652,2578,2648
35710,2,7,9,19,1,24.008424,2.461522,2652,2578,2648
35720,3,13,1,18,1,24.007168,2.461383,2652,2578,2648
35730,2,1,4,8,1,24.005113,2.461183,2652,2578,2648
35740,5,2,9,17,1,24.001807,2.460834,2652,2578,2648
35750,0,1,2,4,1,23.998109,2.460423,2652,2578,2648
35760,2,2,2,7,1,23.993374,2.459878,2652,2578,2648
35770,4,2,0,7,1,23.987980,2.459294,2652,2578,2648
35780,1,3,2,7,1,23.983034,2.458713,2652,2578,2648
35790,5,3,10,19,1,23.979107,2.458230,2652,2578,2648
35800,1,6,7,15,1,23.974959,2.457738,2652,2578,2648
35810,6,5,12,24,1,23.973863,2.457636,2652,2578,2648
35820,9,14,16,40,1,23.975442,2.457767,2652,2578,2648
35830,3,16,17,37,1,23.980160,2.458304,2652,2580,2656
35840,7,15,17,40,1,23.986144,2.458907,2652,2586,2657
35850,14,12,19,46,1,23.991417,2.459374,2652,2586,2662
35860,20,16,6,43,1,23.996187,2.459761,2653,2586,2662
35870,12,15,5,33,1,24.000160,2.460320,2655,2586,2662
35880,10,11,12,34,1,24.003134,2.460601,2655,2587,2662
35890,13,11,11,36,1,24.005785,2.460919,2655,2587,2662
35900,11,18,18,48,1,24.011151,2.461494,2655,2589,2668
35910,9,13,9,32,1,24.015084,2.461978,2655,2589,2668
35920,6,17,10,34,1,24.017580,2.462196,2655,2589,2668
35930,8,20,19,48,1,24.022745,2.462792,2655,2597,2668
35940,12,18,16,47,1,24.028325,2.463410,2655,2603,2670
35950,8,13,19,41,1,24.034573,2.464076,2655,2610,2674
35960,6,14,10,31,1,24.037337,2.464342,2655,2610,2674
35970,1,19,13,34,1,24.041056,2.464762,2655,2616,2674
35980,8,13,1,23,1,24.041015,2.464825,2655,2616,2674
35990,11,10,6,28,1,24.042021,2.464847,2655,2619,2674
36000,12,1,15,29,1,24.043675,2.464908,2655,2619,2674
36010,19,8,10,38,1,24.047810,2.465252,2662,2619,2674
36020,18,11,14,44,1,24.052049,2.465690,2663,2619,2674
36030,20,18,17,56,1,24.058325,2.466281,2670,2619,2680
36040,17,18,18,54,1,24.067782,2.467381,2680,2633,2696
36050,18,11,19,49,1,24.074668,2.468126,2687,2633,2705
36060,12,18,17,48,1,24.081446,2.468881,2688,2633,2713
36070,14,13,13,41,1,24.086709,2.469389,2688,2643,2714
36080,19,17,9,46,1,24.091675,2.469811,2691,2643,2714
36090,18,17,18,54,1,24.099455,2.470647,2702,2643,2721
36100,17,13,14,45,1,24.107041,2.471513,2709,2649,2721
36110,9,17,5,32,1,24.109900,2.471859,2713,2651,2721
36120,3,4,0,8,1,24.108002,2.471738,2713,2651,2721
36130,12,1,8,22,1,24.105146,2.471218,2713,2651,2721
36140,16,11,10,38,1,24.108263,2.471485,2719,2651,2721
36150,12,17,3,33,1,24.112130,2.471920,2719,2651,2721
36160,3,10,3,17,1,24.112719,2.472048,2719,2651,2721
36170,18,15,3,37,1,24.114749,2.472196,2721,2651,2721
36180,9,6,4,20,1,24.114647,2.472288,2721,2651,2721
36190,0,0,0,0,0,24.110708,2.471986,2721,2651,2721
36200,0,0,0,0,0,24.104717,2.471396,2721,2651,2721
36210,12,2,9,24,1,24.100457,2.470830,2721,2651,2721
36220,5,0,10,16,1,24.100535,2.470891,2721,2651,2721
36230,0,7,5,13,1,24.098784,2.470785,2721,2651,2721
36240,0,0,0,0,0,24.094559,2.470412,2721,2651,2721
36250,8,5,7,21,1,24.090333,2.470017,2721,2651,2721
36260,5,5,9,20,1,24.088841,2.469847,2721,2651,2721
36270,8,3,9,21,1,24.088534,2.469840,2721,2651,2721
36280,0,2,0,3,1,24.084538,2.469455,2721,2651,2721
36290,0,0,0,0,0,24.079973,2.469060,2721,2651,2721
36300,16,10,9,36,1,24.077267,2.468703,2721,2651,2721
36310,20,5,10,36,1,24.077573,2.468710,2721,2651,2721
36320,10,11,14,36,1,24.082495,2.469288,2727,2651,2721
36330,4,13,13,31,1,24.084896,2.469559,2727,2651,2721
36340,1,0,8,10,1,24.084991,2.469621,2727,2651,2721
36350,5,11,17,34,1,24.084859,2.469465,2727,2651,2722
36360,9,4,4,18,1,24.085821,2.469595,2727,2651,2722
36370,9,3,10,23,1,24.084044,2.469445,2727,2651,2722
36380,0,0,13,14,1,24.082042,2.469361,2727,2651,2722
36390,1,5,2,9,1,24.077144,2.468925,2727,2651,2722
36400,1,0,1,3,1,24.072768,2.468473,2727,2651,2722
36410,1,3,18,23,1,24.069512,2.468122,2727,2651,2722
36420,5,3,13,22,1,24.070911,2.468241,2727,2651,2724
36430,15,6,17,39,1,24.072738,2.468391,2727,2651,2724
36440,4,0,17,22,1,24.075076,2.468606,2727,2651,2724
36450,2,0,19,22,1,24.074154,2.468467,2727,2651,2725
36460,5,8,19,33,1,24.074152,2.468463,2727,2651,2725
36470,6,9,18,34,1,24.077215,2.468774,2727,2651,2725
36480,15,9,17,42,1,24.081111,2.469198,2727,2651,2734
36490,5,1,12,19,1,24.083684,2.469521,2727,2651,2734
36500,0,0,0,1,1,24.080340,2.469265,2727,2651,2734
36510,13,1,2,17,1,24.076609,2.468886,2727,2651,2734
36520,2,1,0,4,1,24.073710,2.468565,2727,2651,2734
36530,5,0,5,11,1,24.068901,2.468110,2727,2651,2734
36540,2,3,6,12,1,24.063408,2.467585,2727,2651,2734
36550,4,5,1,11,1,24.060471,2.467308,2727,2651,2734
36560,0,3,0,4,1,24.057276,2.466991,2727,2651,2734
36570,9,3,3,16,1,24.054585,2.466635,2727,2651,2734
36580,4,1,5,11,1,24.051332,2.466202,2727,2651,2734
36590,9,6,17,33,1,24.050456,2.466033,2727,2651,2734
36600,13,19,17,50,1,24.055309,2.466492,2727,2653,2739
36610,4,10,6,21,1,24.057986,2.466874,2727,2655,2739
36620,10,19,14,44,1,24.060638,2.467150,2727,2665,2739
36630,7,1,1,10,1,24.061325,2.467383,2727,2667,2739
36640,0,0,5,6,1,24.056614,2.466896,2727,2667,2739
36650,0,0,0,0,0,24.051474,2.466407,2727,2667,2739
36660,0,0,0,1,1,24.045395,2.465884,2727,2667,2739
36670,5,2,5,13,1,24.039908,2.465352,2727,2667,2739
36680,11,16,7,35,1,24.041153,2.465394,2727,2667,2739
36690,4,7,4,16,1,24.039994,2.465341,2727,2667,2739
36700,11,20,12,44,1,24.040016,2.465174,2727,2671,2739
36710,17,18,19,55,1,24.046289,2.465821,2727,2679,2739
36720,13,14,11,39,1,24.051139,2.466315,2727,2679,2745
36730,11,10,12,34,1,24.054130,2.466625,2727,2679,2745
36740,11,7,14,33,1,24.056049,2.466798,2727,2679,2749
36750,4,1,8,14,1,24.054632,2.466650,2727,2679,2749
36760,0,2,0,3,1,24.049281,2.466235,2727,2679,2749
36770,1,1,6,9,1,24.043868,2.465697,2727,2679,2749
36780,0,0,1,2,1,24.037868,2.465140,2727,2679,2749
36790,6,7,4,18,1,24.033792,2.464699,2727,2679,2749
36800,6,1,4,12,1,24.031029,2.464439,2727,2679,2749
36810,11,4,0,16,1,24.028436,2.464122,2727,2679,2749
36820,10,12,11,34,1,24.027798,2.463950,2727,2679,2749
36830,8,8,14,31,1,24.029782,2.464192,2727,2679,2749
36840,3,14,13,31,1,24.031442,2.464365,2727,2679,2749
36850,3,5,4,13,1,24.029395,2.464221,2727,2679,2749
36860,4,2,2,9,1,24.025202,2.463870,2727,2679,2749
36870,0,0,0,0,0,24.020200,2.463436,2727,2679,2749
36880,2,2,2,7,1,24.016045,2.463013,2727,2679,2749
36890,2,0,2,5,1,24.012912,2.462702,2727,2679,2749
36900,5,8,3,17,1,24.008564,2.462259,2727,2679,2749
36910,1,2,4,8,1,24.006718,2.462094,2727,2679,2749
36920,3,4,0,8,1,24.004098,2.461877,2727,2679,2749
36930,2,2,0,5,1,23.998898,2.461333,2727,2679,2749
36940,0,5,4,10,1,23.995473,2.460903,2727,2679,2749
36950,0,0,0,1,1,23.990059,2.460406,2727,2679,2749
36960,1,3,1,6,1,23.984656,2.459801,2727,2679,2749
36970,0,0,13,14,1,23.981245,2.459420,2727,2679,2749
36980,0,3,3,7,1,23.977614,2.459058,2727,2679,2749
36990,1,2,15,19,1,23.974245,2.458621,2727,2679,2749
37000,8,11,19,39,1,23.976723,2.458851,2727,2679,2750
37010,0,19,19,39,1,23.979949,2.459213,2727,2679,2752
37020,3,19,12,35,1,23.982980,2.459554,2727,2682,2753
37030,2,17,7,27,1,23.986519,2.459928,2727,2685,2753
37040,4,2,0,7,1,23.984117,2.459719,2727,2685,2753
37050,4,2,10,17,1,23.980672,2.459274,2727,2685,2753
37060,3,1,3,8,1,23.979816,2.459257,2727,2685,2753
37070,2,9,0,12,1,23.975880,2.458864,2727,2685,2753
37080,4,0,1,6,1,23.972294,2.458479,2727,2685,2753
37090,3,15,8,27,1,23.969999,2.458241,2727,2685,2753
37100,2,8,0,11,1,23.970314,2.458242,2727,2685,2753
37110,14,5,6,26,1,23.969047,2.458041,2727,2685,2753
37120,10,11,14,36,1,23.970137,2.458102,2727,2685,2753
37130,0,5,6,12,1,23.968995,2.458022,2727,2685,2753
37140,1,1,2,5,1,23.963843,2.457559,2727,2685,2753
37150,6,4,7,18,1,23.959962,2.457130,2727,2685,2753
37160,6,3,8,18,1,23.959354,2.457105,2727,2685,2753
37170,5,0,8,14,1,23.958307,2.457035,2727,2685,2753
37180,3,0,0,4,1,23.953182,2.456513,2727,2685,2753
37190,7,3,7,18,1,23.949859,2.456122,2727,2685,2753
37200,3,13,2,19,1,23.950059,2.456064,2727,2685,2753
37210,8,4,1,14,1,23.948876,2.455885,2727,2685,2753
37220,8,0,5,14,1,23.946535,2.455608,2727,2685,2753
37230,9,1,3,14,1,23.944497,2.455342,2727,2685,2753
37240,0,0,0,0,0,23.939590,2.454944,2727,2685,2753
37250,0,0,0,1,1,23.934931,2.454476,2727,2685,2753
37260,5,11,6,23,1,23.929928,2.453913,2727,2685,2753
37270,7,6,7,21,1,23.928504,2.453770,2727,2685,2753
37280,5,14,9,29,1,23.929407,2.453819,2727,2685,2753
37290,12,9,2,24,1,23.928996,2.453814,2727,2685,2753
37300,15,15,1,32,1,23.930695,2.453951,2727,2686,2753
37310,13,17,7,38,1,23.934548,2.454323,2727,2686,2753
37320,16,16,16,49,1,23.940877,2.454935,2728,2695,2753
37330,20,20,9,50,1,23.945840,2.455454,2731,2698,2753
37340,10,15,12,38,1,23.952793,2.456218,2738,2706,2753
37350,10,8,15,34,1,23.955626,2.456586,2738,2706,2753
37360,16,8,14,39,1,23.961229,2.457123,2738,2706,2753
37370,14,6,13,34,1,23.965251,2.457580,2742,2706,2753
37380,17,12,7,37,1,23.967499,2.457821,2742,2706,2753
37390,16,12,2,31,1,23.972316,2.458352,2750,2706,2753
37400,19,14,10,44,1,23.977278,2.458797,2752,2707,2753
37410,16,5,7,29,1,23.981934,2.459284,2761,2707,2753
37420,20,7,3,31,1,23.982352,2.459324,2763,2707,2753
37430,15,15,1,32,1,23.985048,2.459698,2770,2707,2753
37440,0,2,0,3,1,23.984436,2.459713,2770,2707,2753
37450,1,1,1,4,1,23.979288,2.459128,2770,2707,2753
37460,0,0,0,1,1,23.974250,2.458635,2770,2707,2753
37470,3,0,0,4,1,23.970866,2.458116,2770,2707,2753
37480,3,1,5,10,1,23.965278,2.457500,2770,2707,2753
37490,9,5,3,18,1,23.964256,2.457365,2770,2707,2753
37500,13,1,1,16,1,23.963810,2.457316,2770,2707,2753
37510,2,1,4,8,1,23.960421,2.456992,2770,2707,2753
37520,2,2,2,7,1,23.957216,2.456660,2770,2707,2753
37530,0,0,0,0,0,23.952292,2.456105,2770,2707,2753
37540,2,1,1,5,1,23.946505,2.455482,2770,2707,2753
37550,1,0,4,6,1,23.940701,2.454957,2770,2707,2753
37560,2,6,0,9,1,23.935785,2.454423,2770,2707,2753
37570,1,0,0,2,1,23.930361,2.454018,2770,2707,2753
37580,0,0,0,1,1,23.925612,2.453521,2770,2707,2753
37590,0,2,0,3,1,23.919701,2.453018,2770,2707,2753
37600,0,1,0,2,1,23.916055,2.452681,2770,2707,2753
37610,8,4,0,13,1,23.911673,2.452282,2770,2707,2753
37620,16,14,4,35,1,23.912318,2.452151,2770,2707,2753
37630,9,5,1,16,1,23.913950,2.452349,2770,2707,2753
37640,12,5,11,29,1,23.914490,2.452387,2770,2707,2753
37650,18,5,15,39,1,23.916978,2.452626,2770,2707,2753
37660,15,13,15,44,1,23.922401,2.453139,2773,2707,2754
37670,9,19,18,47,1,23.928450,2.453709,2773,2707,2759
37680,7,13,15,36,1,23.932217,2.454072,2773,2707,2759
37690,11,11,10,33,1,23.932479,2.454036,2773,2707,2759
37700,4,14,9,28,1,23.933896,2.454264,2773,2707,2759
37710,13,7,14,35,1,23.937416,2.454535,2773,2707,2759
37720,17,10,15,43,1,23.940885,2.454795,2773,2707,2763
37730,14,5,13,33,1,23.944149,2.455086,2773,2707,2763
37740,17,4,6,28,1,23.945935,2.455353,2778,2707,2763
37750,13,4,19,37,1,23.948970,2.455641,2780,2707,2767
37760,10,6,11,28,1,23.949685,2.455744,2780,2707,2769
37770,12,9,17,39,1,23.953228,2.456011,2780,2707,2775
37780,0,0,4,5,1,23.952675,2.456031,2780,2707,2775
37790,4,0,2,7,1,23.947276,2.455488,2780,2707,2775
37800,1,6,7,15,1,23.942705,2.454996,2780,2707,2775
37810,2,4,2,9,1,23.940518,2.454842,2780,2707,2775
37820,3,7,13,24,1,23.937683,2.454455,2780,2707,2775
37830,4,8,7,20,1,23.939781,2.454640,2780,2707,2775
37840,5,6,9,21,1,23.938265,2.454368,2780,2707,2775
37850,0,0,10,11,1,23.935535,2.454152,2780,2707,2775
37860,5,3,6,15,1,23.931211,2.453672,2780,2707,2775
37870,2,2,0,5,1,23.926997,2.453250,2780,2707,2775
37880,4,1,9,15,1,23.924180,2.452939,2780,2707,2775
37890,3,2,5,11,1,23.919514,2.452464,2780,2707,2775
37900,7,5,2,15,1,23.916176,2.452171,2780,2707,2775
37910,6,9,10,26,1,23.914471,2.451901,2780,2707,2775
37920,4,4,8,17,1,23.913244,2.451705,2780,2707,2775
37930,11,5,0,17,1,23.912556,2.451665,2780,2707,2775
37940,4,10,2,17,1,23.910845,2.451447,2780,2707,2775
37950,4,4,4,13,1,23.908253,2.451218,2780,2707,2775
37960,9,5,17,32,1,23.906303,2.450935,2780,2707,2775
37970,1,2,7,11,1,23.906499,2.451005,2780,2707,2779
37980,12,8,10,31,1,23.907343,2.451016,2780,2707,2779
37990,17,15,9,42,1,23.910109,2.451296,2780,2707,2779
38000,17,1,1,20,1,23.910657,2.451416,2781,2707,2779
38010,1,2,1,5,1,23.908323,2.451160,2781,2707,2779
38020,4,4,3,12,1,23.903778,2.450658,2781,2707,2779
38030,8,2,18,29,1,23.903245,2.450515,2781,2707,2781
38040,17,20,19,57,1,23.908521,2.450966,2781,2707,2789
38050,16,18,15,50,1,23.914935,2.451661,2781,2711,2790
38060,6,14,15,36,1,23.920031,2.452240,2784,2717,2790
38070,8,5,12,26,1,23.920749,2.452323,2784,2717,2790
38080,1,0,4,6,1,23.919075,2.452221,2784,2717,2790
38090,3,0,0,4,1,23.913410,2.451776,2784,2717,2790
38100,18,11,10,40,1,23.912626,2.451594,2784,2717,2790
38110,10,13,13,37,1,23.917313,2.452131,2784,2717,2791
38120,13,9,20,43,1,23.921664,2.452547,2784,2717,2793
38130,19,19,16,55,1,23.927601,2.453159,2785,2718,2794
38140,20,17,14,52,1,23.934431,2.453810,2791,2718,2794
38150,14,18,17,50,1,23.941747,2.454590,2792,2720,2797
38160,14,17,20,52,1,23.948710,2.455301,2792,2725,2798
38170,10,17,19,47,1,23.953638,2.455817,2792,2725,2812
38180,13,7,13,34,1,23.958364,2.456410,2792,2725,2815
38190,11,5,4,21,1,23.959807,2.456575,2792,2725,2815
38200,16,9,14,40,1,23.963790,2.456980,2793,2725,2815
38210,14,15,18,48,1,23.969669,2.457507,2793,2725,2820
38220,9,16,19,45,1,23.974965,2.458008,2793,2727,2821
38230,19,5,17,42,1,23.980283,2.458662,2793,2727,2828
38240,17,1,14,33,1,23.983410,2.459098,2794,2727,2828
38250,14,8,12,35,1,23.985347,2.459267,2795,2727,2828
38260,14,2,12,29,1,23.986878,2.459342,2795,2727,2828
38270,14,0,14,29,1,23.989109,2.459542,2795,2727,2828
38280,3,5,18,27,1,23.989957,2.459606,2795,2727,2831
38290,1,3,11,16,1,23.988328,2.459383,2795,2727,2835
38300,3,5,20,29,1,23.988172,2.459305,2795,2727,2849
38310,6,3,18,28,1,23.987498,2.459246,2795,2727,2849
38320,7,12,12,32,1,23.990044,2.459451,2795,2727,2851
38330,13,13,9,36,1,23.993713,2.459719,2795,2727,2851
38340,6,1,0,8,1,23.994061,2.459922,2795,2727,2851
38350,5,10,3,19,1,23.989046,2.459366,2795,2727,2851
38360,0,8,0,9,1,23.987071,2.459141,2795,2727,2851
38370,6,13,8,28,1,23.985022,2.458895,2795,2727,2851
38380,1,1,2,5,1,23.981894,2.458676,2795,2727,2851
38390,0,2,4,7,1,23.977315,2.458223,2795,2727,2851
38400,0,4,9,14,1,23.973660,2.457793,2795,2727,2851
38410,6,7,13,27,1,23.972003,2.457607,2795,2727,2851
38420,14,4,18,37,1,23.974725,2.457844,2795,2727,2855
38430,13,8,15,37,1,23.979404,2.458321,2796,2727,2855
38440,12,8,12,33,1,23.983434,2.458737,2796,2727,2855
38450,7,7,11,26,1,23.984022,2.458893,2796,2727,2855
38460,14,16,16,47,1,23.988291,2.459288,2796,2727,2857
38470,18,11,16,46,1,23.993275,2.459835,2796,2727,2858
38480,16,11,14,42,1,23.998848,2.460417,2809,2727,2858
38490,18,19,16,54,1,24.005136,2.460901,2811,2731,2858
38500,15,11,15,42,1,24.012064,2.461615,2816,2734,2858
38510,9,0,7,17,1,24.013381,2.461852,2816,2734,2858
38520,1,0,0,2,1,24.009665,2.461579,2816,2734,2858
38530,9,14,7,31,1,24.006300,2.461113,2816,2734,2858
38540,5,17,20,43,1,24.009365,2.461405,2816,2734,2859
38550,10,18,15,44,1,24.014342,2.461965,2816,2742,2865
38560,5,15,20,41,1,24.018706,2.462429,2816,2742,2872
38570,6,19,13,39,1,24.022100,2.462839,2816,2742,2876
38580,13,18,15,47,1,24.027290,2.463362,2816,2744,2879
38590,9,19,11,40,1,24.032519,2.464000,2816,2760,2881
38600,10,4,12,27,1,24.034978,2.464281,2816,2768,2881
38610,7,10,14,32,1,24.037725,2.464514,2816,2768,2887
38620,9,7,16,33,1,24.040921,2.464858,2816,2768,2891
38630,7,5,6,19,1,24.040573,2.464931,2816,2768,2891
38640,7,4,14,26,1,24.038702,2.464670,2816,2768,2891
38650,9,8,11,29,1,24.041725,2.464958,2816,2768,2891
38660,17,15,9,42,1,24.042787,2.465005,2816,2768,2891
38670,2,2,0,5,1,24.043116,2.465212,2816,2768,2891
38680,1,0,2,4,1,24.037772,2.464654,2816,2768,2891
38690,5,1,2,9,1,24.033799,2.464153,2816,2768,2891
38700,15,1,10,27,1,24.033771,2.464029,2816,2768,2891
38710,9,5,11,26,1,24.033082,2.463916,2816,2768,2891
38720,1,3,6,11,1,24.031432,2.463725,2816,2768,2891
38730,4,1,1,7,1,24.028243,2.463369,2816,2768,2891
38740,0,1,0,2,1,24.024898,2.462951,2816,2768,2891
38750,0,0,0,0,0,24.020588,2.462532,2816,2768,2891
38760,5,7,0,13,1,24.015754,2.462014,2816,2768,2891
38770,9,6,9,25,1,24.013680,2.461694,2816,2768,2891
38780,4,5,9,19,1,24.013009,2.461688,2816,2768,2891
38790,2,2,3,8,1,24.009232,2.461291,2816,2768,2891
38800,4,4,3,12,1,24.004351,2.460801,2816,2768,2891
38810,6,1,3,11,1,24.000141,2.460425,2816,2768,2891
38820,0,6,9,16,1,23.997958,2.460075,2816,2768,2891
38830,9,0,3,13,1,23.994196,2.459582,2816,2768,2891
38840,3,4,18,26,1,23.991977,2.459254,2816,2768,2891
38850,3,4,19,27,1,23.993498,2.459401,2816,2768,2898
38860,0,0,0,1,1,23.990175,2.459083,2816,2768,2900
38870,0,2,3,6,1,23.984975,2.458580,2816,2768,2900
38880,2,4,6,13,1,23.980155,2.458089,2816,2768,2900
38890,1,13,15,30,1,23.979184,2.457994,2816,2768,2900
38900,5,7,9,22,1,23.979099,2.457995,2816,2768,2900
38910,1,3,1,6,1,23.974689,2.457644,2816,2768,2900
38920,2,3,0,6,1,23.969741,2.457159,2816,2768,2900
38930,6,4,15,26,1,23.969651,2.457044,2816,2768,2900
38940,5,8,19,33,1,23.972184,2.457346,2816,2768,2901
38950,16,2,14,33,1,23.974461,2.457570,2816,2768,2916
38960,15,19,14,49,1,23.980040,2.458048,2821,2771,2916
38970,18,16,16,51,1,23.986400,2.458781,2821,2786,2916
38980,12,17,9,39,1,23.990119,2.459205,2821,2786,2916
38990,12,11,8,32,1,23.994616,2.459689,2823,2788,2916
39000,11,10,3,25,1,23.994799,2.459711,2823,2788,2916
39010,12,7,2,22,1,23.994083,2.459622,2823,2788,2916
39020,10,17,4,32,1,23.995434,2.459745,2823,2788,2916
39030,6,16,6,29,1,23.996186,2.459800,2823,2788,2916
39040,10,11,10,32,1,23.996789,2.459871,2823,2788,2916
39050,19,11,4,35,1,24.000353,2.460195,2825,2788,2916
39060,20,20,2,43,1,24.004027,2.460633,2830,2795,2916
39070,16,18,8,43,1,24.008826,2.461187,2833,2808,2916
39080,14,19,18,52,1,24.014999,2.461791,2833,2813,2916
39090,11,15,19,46,1,24.021371,2.462461,2833,2818,2924
39100,14,20,15,50,1,24.027071,2.462997,2833,2825,2927
39110,12,13,13,39,1,24.032751,2.463667,2833,2831,2928
39120,15,6,16,38,1,24.036302,2.464041,2833,2831,2928
39130,6,8,14,29,1,24.039835,2.464348,2833,2831,2929
39140,2,1,5,9,1,24.039213,2.464353,2833,2831,2929
39150,1,0,7,9,1,24.035951,2.463970,2833,2831,2929
39160,1,0,2,4,1,24.032256,2.463531,2833,2831,2929
39170,0,1,3,5,1,24.027144,2.463062,2833,2831,2929
39180,3,1,4,9,1,24.022084,2.462514,2833,2831,2929
39190,1,0,2,4,1,24.019035,2.462231,2833,2831,2929
39200,1,0,0,2,1,24.013976,2.461709,2833,2831,2929
39210,10,8,9,28,1,24.012352,2.461514,2833,2831,2929
39220,8,0,1,10,1,24.010389,2.461336,2833,2831,2929
39230,10,0,6,17,1,24.008613,2.461061,2833,2831,2929
39240,5,0,1,7,1,24.005787,2.460807,2833,2831,2929
39250,2,5,10,18,1,24.000795,2.460318,2833,2831,2929
39260,5,8,14,28,1,24.000804,2.460258,2833,2831,2929
39270,5,0,9,15,1,23.999889,2.460213,2833,2831,2929
39280,2,3,12,18,1,23.998264,2.460031,2833,2831,2929
39290,8,10,17,36,1,23.999283,2.460107,2833,2831,2935
39300,10,8,2,21,1,24.000717,2.460264,2833,2831,2937
39310,11,2,0,14,1,23.998861,2.460083,2833,2831,2937
39320,2,2,6,11,1,23.995668,2.459695,2833,2831,2937
39330,8,2,18,29,1,23.996616,2.459674,2833,2831,2942
39340,13,5,11,30,1,23.996268,2.459591,2833,2831,2942
39350,17,10,18,46,1,23.998318,2.459721,2833,2831,2942
39360,12,15,15,43,1,24.002292,2.460120,2833,2831,2942
39370,14,13,13,41,1,24.006910,2.460590,2833,2831,2946
39380,12,6,7,26,1,24.009664,2.460966,2833,2831,2946
39390,8,7,20,36,1,24.013468,2.461346,2833,2831,2946
39400,18,15,17,51,1,24.020127,2.461981,2836,2831,2953
39410,19,12,16,48,1,24.025894,2.462627,2837,2831,2953
39420,17,14,15,47,1,24.032810,2.463353,2840,2833,2957
39430,17,6,19,43,1,24.037928,2.463906,2846,2833,2957
39440,2,9,13,25,1,24.038584,2.464054,2846,2833,2961
39450,7,0,8,16,1,24.038266,2.464051,2846,2833,2961
39460,15,11,12,39,1,24.041135,2.464259,2846,2833,2961
39470,11,12,13,37,1,24.047117,2.464888,2849,2837,2963
39480,6,3,7,17,1,24.047063,2.464880,2849,2837,2963
39490,1,0,0,2,1,24.043536,2.464586,2849,2837,2963
39500,4,0,5,10,1,24.039964,2.464146,2849,2837,2963
39510,2,4,16,23,1,24.039040,2.463998,2849,2837,2963
39520,4,8,9,22,1,24.040101,2.464027,2849,2837,2963
39530,3,5,16,25,1,24.040175,2.463917,2849,2837,2963
39540,2,0,12,15,1,24.039138,2.463795,2849,2837,2963
39550,0,6,9,16,1,24.037752,2.463657,2849,2837,2963
39560,6,3,9,19,1,24.035726,2.463427,2849,2837,2963
39570,1,0,9,11,1,24.032784,2.463174,2849,2837,2963
39580,4,4,1,10,1,24.028962,2.462799,2849,2837,2963
39590,17,16,2,36,1,24.031119,2.462921,2856,2837,2963
39600,1,12,3,17,1,24.031615,2.463046,2856,2837,2963
39610,6,4,9,20,1,24.028711,2.462663,2856,2837,2963
39620,8,1,8,18,1,24.028358,2.462509,2856,2837,2963
39630,2,3,5,11,1,24.025707,2.462260,2856,2837,2963
39640,0,2,4,7,1,24.021448,2.461808,2856,2837,2963
39650,12,0,2,15,1,24.018251,2.461491,2856,2837,2963
39660,0,0,6,7,1,24.016696,2.461341,2856,2837,2963
39670,2,7,19,29,1,24.015820,2.461153,2856,2837,2963
39680,2,3,15,21,1,24.015223,2.461109,2856,2837,2970
39690,1,4,11,17,1,24.013733,2.460928,2856,2837,2970
39700,2,6,6,15,1,24.010282,2.460559,2856,2837,2970
39710,8,7,4,20,1,24.007763,2.460285,2856,2837,2970
39720,1,0,0,2,1,24.004746,2.460037,2856,2837,2970
39730,0,0,7,8,1,24.000187,2.459624,2856,2837,2970
39740,1,1,0,3,1,23.995983,2.459248,2856,2837,2970
39750,10,1,0,12,1,23.990882,2.458748,2856,2837,2970
39760,10,4,3,18,1,23.988517,2.458534,2856,2837,2970
39770,19,5,8,33,1,23.988055,2.458446,2856,2837,2970
39780,14,0,0,15,1,23.988357,2.458550,2861,2837,2970
39790,4,8,5,18,1,23.984532,2.458156,2861,2837,2970
39800,0,0,0,1,1,23.980707,2.457818,2861,2837,2970
39810,13,7,13,34,1,23.978731,2.457562,2861,2837,2970
39820,19,11,18,49,1,23.983239,2.458002,2861,2837,2970
39830,17,2,17,37,1,23.986715,2.458451,2861,2837,2971
39840,20,5,13,39,1,23.990840,2.458903,2871,2837,2973
39850,11,0,7,19,1,23.992520,2.459236,2871,2837,2973
39860,4,2,4,11,1,23.988860,2.458896,2871,2837,2973
39870,7,1,0,9,1,23.984332,2.458486,2871,2837,2973
39880,6,4,1,12,1,23.980896,2.458163,2871,2837,2973
39890,0,1,3,5,1,23.977546,2.457798,2871,2837,2973
39900,0,0,0,1,1,23.972480,2.457307,2871,2837,2973
39910,6,2,3,12,1,23.967522,2.456809,2871,2837,2973
39920,8,2,12,23,1,23.964110,2.456425,2871,2837,2973
39930,10,10,10,31,1,23.964342,2.456408,2871,2837,2973
39940,8,2,3,14,1,23.965735,2.456573,2871,2837,2973
39950,11,11,16,39,1,23.965504,2.456433,2871,2837,2973
39960,16,12,11,40,1,23.970355,2.456871,2871,2837,2973
39970,5,3,1,10,1,23.970289,2.456969,2871,2837,2973
39980,6,10,5,22,1,23.968415,2.456717,2871,2837,2973
39990,6,9,15,31,1,23.968546,2.456709,2871,2837,2973
40000,18,14,17,50,1,23.973902,2.457161,2871,2837,2978
40010,20,5,19,45,1,23.977923,2.457627,2878,2837,2979
40020,18,11,18,48,1,23.982580,2.458057,2878,2837,2980
40030,12,19,15,47,1,23.988617,2.458692,2878,2844,2980
40040,8,14,9,32,1,23.992404,2.459115,2878,2844,2980
40050,11,6,1,19,1,23.992079,2.459029,2878,2844,2980
40060,1,5,2,9,1,23.987901,2.458686,2878,2844,2980
40070,5,0,7,13,1,23.984133,2.458285,2878,2844,2980
40080,1,5,4,11,1,23.979327,2.457827,2878,2844,2980
40090,11,16,18,46,1,23.980490,2.457824,2878,2844,2986
40100,15,15,16,47,1,23.987702,2.458592,2878,2848,2994
40110,7,8,4,20,1,23.990638,2.458972,2878,2848,2994
40120,13,9,6,29,1,23.991771,2.459073,2878,2848,2994
40130,18,15,3,37,1,23.994076,2.459237,2879,2848,2994
40140,12,11,3,27,1,23.997678,2.459647,2882,2848,2994
40150,1,9,1,12,1,23.996524,2.459508,2882,2848,2994
40160,4,11,3,19,1,23.993356,2.459130,2882,2848,2994
40170,3,0,3,7,1,23.990115,2.458864,2882,2848,2994
40180,1,1,1,4,1,23.986402,2.458500,2882,2848,2994
40190,9,6,7,23,1,23.982888,2.458143,2882,2848,2994
40200,10,15,7,33,1,23.985009,2.458320,2882,2848,2994
40210,8,16,8,33,1,23.986438,2.458520,2882,2848,2994
40220,9,16,2,28,1,23.988970,2.458796,2882,2850,2994
40230,7,2,3,13,1,23.987199,2.458662,2882,2850,2994
40240,11,6,11,29,1,23.986037,2.458471,2882,2850,2994
40250,10,11,12,34,1,23.988983,2.458776,2882,2850,2994
40260,12,18,9,40,1,23.993719,2.459259,2882,2850,2994
40270,17,20,19,57,1,23.999193,2.459761,2882,2855,2994
40280,16,13,18,48,1,24.005060,2.460422,2886,2857,2997
40290,14,13,16,44,1,24.010275,2.460992,2886,2857,3002
40300,17,12,19,49,1,24.016209,2.461566,2886,2857,3011
40310,12,11,17,41,1,24.022603,2.462262,2888,2857,3012
40320,11,9,12,33,1,24.025630,2.462589,2888,2857,3013
40330,13,11,7,32,1,24.027331,2.462723,2888,2857,3013
40340,18,11,11,41,1,24.030070,2.462944,2888,2857,3013
40350,16,5,8,30,1,24.032727,2.463283,2888,2857,3013
40360,14,0,3,18,1,24.034198,2.463368,2891,2857,3013
40370,9,2,3,15,1,24.032697,2.463237,2891,2857,3013
40380,9,2,8,20,1,24.031292,2.462971,2891,2857,3013
40390,11,7,16,35,1,24.032311,2.463060,2891,2857,3016
40400,15,7,3,26,1,24.034276,2.463228,2891,2857,3016
40410,6,7,2,16,1,24.032455,2.463045,2891,2857,3016
40420,1,4,4,10,1,24.029866,2.462808,2891,2857,3016
40430,2,9,15,27,1,24.029184,2.462636,2891,2857,3016
40440,7,16,11,35,1,24.032847,2.463065,2891,2857,3016
40450,6,16,6,29,1,24.036331,2.463481,2891,2865,3016
40460,7,9,2,19,1,24.036203,2.463516,2891,2865,3016
40470,11,17,4,33,1,24.036129,2.463443,2891,2865,3016
40480,16,15,12,44,1,24.039193,2.463704,2891,2865,3016
40490,2,11,5,19,1,24.041371,2.464037,2891,2865,3016
40500,0,4,1,6,1,24.038596,2.463769,2891,2865,3016
40510,4,5,3,13,1,24.033796,2.463181,2891,2865,3016
40520,0,0,0,1,1,24.029028,2.462776,2891,2865,3016
40530,4,5,13,23,1,24.026504,2.462434,2891,2865,3016
40540,9,7,18,35,1,24.028383,2.462562,2891,2865,3018
40550,12,5,16,34,1,24.031097,2.462893,2891,2865,3024
40560,17,0,19,37,1,24.034398,2.463260,2891,2865,3031
40570,11,11,6,29,1,24.036768,2.463507,2891,2865,3036
40580,0,1,0,2,1,24.034209,2.463385,2891,2865,3036
40590,2,0,0,3,1,24.029419,2.462910,2891,2865,3036
40600,0,0,0,0,0,24.024235,2.462425,2891,2865,3036
40610,4,6,7,18,1,24.020459,2.461936,2891,2865,3036
40620,8,9,10,28,1,24.023875,2.462234,2891,2865,3036
40630,0,0,0,0,0,24.022159,2.462173,2891,2865,3036
40640,2,8,4,15,1,24.017912,2.461661,2891,2865,3036
40650,1,6,5,13,1,24.017355,2.461583,2891,2865,3036
40660,2,0,5,8,1,24.013665,2.461338,2891,2865,3036
40670,6,4,13,24,1,24.013511,2.461313,2891,2865,3036
40680,7,4,9,21,1,24.013475,2.461344,2891,2865,3036
40690,12,0,1,14,1,24.012797,2.461340,2891,2865,3036
40700,9,7,3,20,1,24.011367,2.461210,2891,2865,3036
40710,11,17,12,41,1,24.012838,2.461314,2891,2868,3036
40720,15,19,8,43,1,24.017710,2.461848,2891,2877,3036
40730,12,1,2,16,1,24.018136,2.462025,2891,2877,3036
40740,0,0,0,1,1,24.013040,2.461581,2891,2877,3036
40750,2,2,3,8,1,24.007732,2.461021,2891,2877,3036
40760,2,2,3,8,1,24.003575,2.460630,2891,2877,3036
40770,4,6,1,12,1,24.001531,2.460424,2891,2877,3036
40780,1,1,7,10,1,23.997492,2.459988,2891,2877,3036
40790,0,0,0,0,0,23.992437,2.459510,2891,2877,3036
40800,3,3,2,9,1,23.988822,2.459057,2891,2877,3036
40810,14,0,19,34,1,23.989606,2.459060,2891,2877,3039
40820,12,3,8,24,1,23.990381,2.459162,2891,2877,3039
40830,7,1,3,12,1,23.989832,2.459109,2891,2877,3039
40840,4,2,7,14,1,23.986802,2.458777,2891,2877,3039
40850,2,9,10,22,1,23.984819,2.458497,2891,2877,3039
40860,10,15,12,38,1,23.985206,2.458441,2891,2877,3039
40870,10,12,17,40,1,23.988160,2.458760,2891,2877,3039
40880,4,5,19,29,1,23.989691,2.458920,2891,2877,3043
40890,2,14,8,25,1,23.990791,2.458981,2891,2877,3048
40900,0,1,0,2,1,23.987899,2.458762,2891,2877,3048
40910,8,5,2,16,1,23.984021,2.458276,2891,2877,3048
40920,15,11,10,37,1,23.982805,2.458044,2891,2877,3048
40930,9,7,16,33,1,23.985390,2.458238,2891,2877,3052
40940,12,14,11,38,1,23.988255,2.458560,2891,2877,3052
40950,0,0,0,1,1,23.987916,2.458615,2891,2877,3052
40960,0,0,0,1,1,23.982705,2.458127,2891,2877,3052
40970,6,0,0,7,1,23.978528,2.457647,2891,2877,3052
40980,8,5,6,20,1,23.974705,2.457265,2891,2877,3052
40990,0,0,0,1,1,23.970414,2.456989,2891,2877,3052
41000,0,8,8,17,1,23.967440,2.456583,2891,2877,3052
41010,11,17,9,38,1,23.967752,2.456508,2891,2877,3052
41020,8,9,5,23,1,23.969777,2.456725,2891,2877,3052
41030,19,13,10,43,1,23.972691,2.457009,2893,2877,3052
41040,8,18,9,36,1,23.975869,2.457270,2894,2877,3052
41050,9,18,17,45,1,23.981521,2.457896,2894,2886,3052
41060,11,17,20,49,1,23.987414,2.458534,2894,2893,3057
41070,19,11,18,49,1,23.993411,2.459226,2896,2893,3070
41080,15,10,16,42,1,23.999324,2.459860,2896,2893,3076
41090,19,16,20,56,1,24.005620,2.460570,2907,2893,3093
41100,17,19,16,53,1,24.012679,2.461352,2916,2902,3095
41110,19,19,19,58,1,24.018912,2.462111,2916,2903,3098
41120,16,8,12,37,1,24.023814,2.462599,2916,2907,3098
41130,16,3,12,32,1,24.025993,2.462863,2917,2907,3098
41140,18,17,10,46,1,24.028331,2.462989,2921,2907,3098
41150,12,11,4,28,1,24.030952,2.463396,2924,2907,3098
41160,19,13,5,38,1,24.033872,2.463711,2924,2907,3098
41170,16,13,5,35,1,24.037878,2.464088,2933,2908,3098
41180,13,9,4,27,1,24.039662,2.464293,2933,2908,3098
41190,8,2,5,16,1,24.037787,2.464129,2933,2908,3098
41200,1,1,1,4,1,24.033060,2.463654,2933,2908,3098
41210,4,2,1,8,1,24.029029,2.463231,2933,2908,3098
41220,11,6,4,22,1,24.025535,2.462907,2933,2908,3098
41230,1,8,8,18,1,24.022364,2.462592,2933,2908,3098
41240,2,4,0,7,1,24.019282,2.462346,2933,2908,3098
41250,0,0,0,0,0,24.014407,2.461887,2933,2908,3098
41260,2,0,0,3,1,24.009097,2.461492,2933,2908,3098
41270,6,6,4,17,1,24.004608,2.460889,2933,2908,3098
41280,0,0,0,1,1,24.001800,2.460592,2933,2908,3098
41290,0,15,7,23,1,23.998979,2.460263,2933,2908,3098
41300,1,17,5,24,1,24.000663,2.460464,2933,2918,3098
41310,9,11,1,22,1,24.000743,2.460475,2933,2918,3098
41320,0,0,0,0,0,23.998156,2.460256,2933,2918,3098
41330,0,0,0,1,1,23.993515,2.459796,2933,2918,3098
41340,4,2,2,9,1,23.989009,2.459380,2933,2918,3098
41350,11,14,4,30,1,23.985746,2.458927,2933,2918,3098
41360,7,19,4,31,1,23.987878,2.459185,2933,2923,3098
41370,0,14,9,24,1,23.987721,2.459179,2933,2925,3098
41380,1,12,8,22,1,23.987951,2.459242,2933,2925,3098
41390,9,2,10,22,1,23.987105,2.459140,2933,2925,3098
41400,0,0,0,0,0,23.984258,2.458925,2933,2925,3098
41410,3,16,2,22,1,23.981838,2.458637,2933,2925,3098
41420,1,2,2,6,1,23.978395,2.458270,2933,2925,3098
41430,0,6,0,7,1,23.974123,2.457835,2933,2925,3098
41440,3,6,0,10,1,23.969596,2.457313,2933,2925,3098
41450,0,0,0,0,0,23.965082,2.456866,2933,2925,3098
41460,7,11,15,34,1,23.962655,2.456481,2933,2925,3098
41470,1,7,13,22,1,23.962551,2.456583,2933,2925,3098
41480,8,11,16,36,1,23.963962,2.456773,2933,2925,3098
41490,17,8,18,44,1,23.967216,2.456989,2933,2925,3101
41500,15,4,20,40,1,23.970784,2.457418,2933,2925,3104
41510,7,3,4,15,1,23.971396,2.457557,2933,2925,3105
41520,1,4,3,9,1,23.968233,2.457200,2933,2925,3105
41530,0,0,0,0,0,23.963157,2.456725,2933,2925,3105
41540,3,7,0,11,1,23.957878,2.456254,2933,2925,3105
41550,6,4,3,14,1,23.954278,2.455822,2933,2925,3105
41560,6,9,4,20,1,23.951919,2.455613,2933,2925,3105
41570,11,18,6,36,1,23.952467,2.455679,2933,2925,3105
41580,11,17,3,32,1,23.954131,2.455883,2933,2925,3105
41590,0,6,0,7,1,23.954655,2.456000,2933,2927,3105
41600,2,1,0,4,1,23.949662,2.455570,2933,2927,3105
41610,6,3,4,14,1,23.944897,2.455037,2933,2927,3105
41620,0,14,19,34,1,23.945505,2.454981,2933,2927,3105
41630,9,8,20,38,1,23.947137,2.455116,2933,2927,3108
41640,12,19,19,51,1,23.951091,2.455427,2933,2927,3116
41650,10,14,17,42,1,23.956548,2.455978,2933,2931,3120
41660,3,8,9,21,1,23.958925,2.456292,2933,2931,3120
41670,6,3,1,11,1,23.956030,2.456040,2933,2931,3120
41680,12,18,6,37,1,23.956055,2.455859,2933,2934,3120
41690,9,19,1,30,1,23.957921,2.456090,2933,2937,3120
41700,18,11,1,31,1,23.961519,2.456480,2937,2945,3120
41710,4,5,2,12,1,23.958578,2.456206,2937,2945,3120
41720,1,2,1,5,1,23.954560,2.455882,2937,2945,3120
41730,3,0,1,5,1,23.949696,2.455447,2937,2945,3120
41740,0,1,0,2,1,23.944507,2.454960,2937,2945,3120
41750,2,6,2,11,1,23.941604,2.454630,2937,2945,3120
41760,2,1,2,6,1,23.937527,2.454317,2937,2945,3120
41770,9,12,5,27,1,23.935118,2.454025,2937,2945,3120
41780,1,0,5,7,1,23.933130,2.453891,2937,2945,3120
41790,2,5,7,15,1,23.931210,2.453715,2937,2945,3120
41800,1,1,5,8,1,23.929962,2.453597,2937,2945,3120
41810,3,7,10,21,1,23.926375,2.453262,2937,2945,3120
41820,4,8,3,16,1,23.923680,2.452995,2937,2945,3120
41830,8,2,5,16,1,23.920202,2.452659,2937,2945,3120
41840,10,4,6,21,1,23.919670,2.452590,2937,2945,3120
41850,2,1,0,4,1,23.916754,2.452390,2937,2945,3120
41860,4,11,2,18,1,23.914775,2.452125,2937,2945,3120
41870,1,20,7,29,1,23.915144,2.452130,2937,2952,3120
41880,2,12,3,18,1,23.915259,2.452180,2937,2961,3120
41890,10,19,10,40,1,23.917668,2.452365,2937,2966,3120
41900,14,17,20,52,1,23.922960,2.452928,2937,2980,3127
41910,19,19,12,51,1,23.929711,2.453690,2937,2987,3130
41920,14,17,14,46,1,23.935540,2.454273,2940,2991,3130
41930,13,19,16,49,1,23.942138,2.454976,2944,2997,3130
41940,12,19,12,44,1,23.947401,2.455579,2944,3006,3136
41950,10,14,15,40,1,23.951400,2.455944,2944,3006,3136
41960,4,15,11,31,1,23.955220,2.456411,2944,3006,3136
41970,5,3,13,22,1,23.954979,2.456330,2944,3006,3136
41980,2,0,16,19,1,23.954392,2.456219,2944,3006,3137
41990,3,6,13,23,1,23.954713,2.456183,2944,3006,3137
42000,0,5,14,20,1,23.953960,2.456073,2944,3006,3137
42010,7,2,16,26,1,23.952073,2.455828,2944,3006,3137
42020,10,8,14,33,1,23.953353,2.455933,2944,3006,3137
42030,18,17,11,47,1,23.958086,2.456313,2948,3006,3137
42040,20,18,18,57,1,23.964968,2.457022,2965,3016,3139
42050,18,7,9,35,1,23.970597,2.457663,2970,3016,3147
42060,16,2,15,34,1,23.972588,2.457882,2970,3016,3147
42070,13,0,2,16,1,23.973779,2.458061,2974,3016,3147
42080,11,4,11,27,1,23.973058,2.457960,2974,3016,3147
42090,0,8,20,29,1,23.974004,2.458067,2974,3016,3147
42100,9,5,8,23,1,23.973588,2.458033,2974,3016,3147
42110,1,6,3,11,1,23.972248,2.457935,2974,3016,3147
42120,1,1,4,7,1,23.969636,2.457682,2974,3016,3147
42130,0,1,1,3,1,23.965002,2.457174,2974,3016,3147
42140,0,0,0,0,0,23.960000,2.456635,2974,3016,3147
42150,1,4,7,13,1,23.956378,2.456272,2974,3016,3147
42160,0,9,7,17,1,23.955031,2.456000,2974,3016,3147
42170,7,12,17,37,1,23.956684,2.456137,2974,3016,3147
42180,10,14,19,44,1,23.960364,2.456440,2974,3016,3152
42190,13,16,17,47,1,23.964787,2.456897,2974,3016,3161
42200,13,19,14,47,1,23.971393,2.457601,2979,3025,3161
42210,20,17,18,56,1,23.978596,2.458462,2987,3036,3170
42220,18,19,18,56,1,23.985815,2.459343,2995,3043,3171
42230,15,19,12,47,1,23.992607,2.460018,3002,3047,3171
42240,13,15,17,46,1,23.999399,2.460670,3004,3051,3174
42250,19,13,12,45,1,24.004108,2.461126,3004,3051,3174
42260,17,10,10,38,1,24.007815,2.461540,3006,3051,3174
42270,17,17,20,55,1,24.013321,2.461964,3006,3051,3176
42280,8,5,13,27,1,24.017189,2.462477,3009,3051,3176
42290,5,9,6,21,1,24.017455,2.462448,3009,3051,3176
42300,13,16,12,42,1,24.018640,2.462477,3009,3051,3176
42310,6,11,9,27,1,24.020028,2.462760,3009,3051,3176
42320,5,7,9,22,1,24.020289,2.462796,3009,3051,3176
42330,3,16,15,35,1,24.020185,2.462639,3009,3051,3176
42340,3,6,0,10,1,24.019430,2.462589,3009,3051,3176
42350,8,11,4,24,1,24.019330,2.462516,3009,3051,3176
42360,7,15,10,33,1,24.018490,2.462374,3009,3051,3176
42370,14,16,11,42,1,24.020958,2.462558,3009,3054,3176
42380,16,14,2,33,1,24.024631,2.462992,3009,3055,3176
42390,17,10,12,40,1,24.027501,2.463230,3010,3055,3176
42400,18,8,7,34,1,24.029329,2.463492,3010,3055,3176
42410,12,0,0,13,1,24.028474,2.463401,3010,3055,3176
42420,8,4,10,23,1,24.027376,2.463233,3010,3055,3176
42430,5,0,4,10,1,24.026981,2.463231,3010,3055,3176
42440,0,0,0,0,0,24.024370,2.463008,3010,3055,3176
42450,14,7,14,36,1,24.025507,2.462991,3010,3055,3176
42460,5,6,14,26,1,24.024914,2.462833,3010,3055,3176
42470,0,1,12,14,1,24.024207,2.462763,3010,3055,3176
42480,1,0,0,2,1,24.020076,2.462313,3010,3055,3176
42490,0,1,3,5,1,24.015314,2.461852,3010,3055,3176
42500,0,0,0,0,0,24.011709,2.461462,3010,3055,3176
42510,5,5,3,14,1,24.006577,2.460951,3010,3055,3176
42520,9,7,9,26,1,24.005829,2.460878,3010,3055,3176
42530,6,1,1,9,1,24.003572,2.460602,3010,3055,3176
42540,1,2,0,4,1,23.999524,2.460268,3010,3055,3176
42550,2,1,3,7,1,23.995456,2.459854,3010,3055,3176
42560,6,0,2,9,1,23.991127,2.459390,3010,3055,3176
42570,0,0,0,0,0,23.986433,2.458929,3010,3055,3176
42580,0,3,3,7,1,23.983506,2.458591,3010,3055,3176
42590,8,3,8,20,1,23.981258,2.458264,3010,3055,3176
42600,11,12,9,33,1,23.980952,2.458229,3010,3055,3176
42610,17,17,7,42,1,23.983703,2.458462,3010,3055,3176
42620,20,16,4,41,1,23.987499,2.458854,3016,3055,3176
42630,14,12,6,33,1,23.992183,2.459361,3026,3055,3176
42640,14,19,13,47,1,23.994953,2.459565,3026,3055,3176
42650,5,11,20,37,1,24.000401,2.460216,3027,3059,3178
42660,10,6,16,33,1,24.000497,2.460205,3027,3059,3178
42670,7,0,7,15,1,24.000233,2.460235,3027,3059,3178
42680,8,0,17,26,1,23.999790,2.460151,3027,3059,3178
42690,1,0,0,2,1,23.998710,2.460156,3027,3059,3178
42700,8,1,6,16,1,23.994427,2.459667,3027,3059,3178
42710,2,0,1,4,1,23.992262,2.459460,3027,3059,3178
42720,6,6,4,17,1,23.988127,2.458957,3027,3059,3178
42730,4,1,0,6,1,23.985164,2.458674,3027,3059,3178
42740,19,6,6,32,1,23.983129,2.458316,3027,3059,3178
42750,17,11,9,38,1,23.985357,2.458477,3028,3059,3178
42760,9,14,5,29,1,23.988753,2.458822,3028,3059,3178
42770,2,7,9,19,1,23.987547,2.458714,3028,3059,3178
42780,2,7,7,17,1,23.987085,2.458681,3028,3059,3178
42790,3,0,2,6,1,23.984742,2.458497,3028,3059,3178
42800,3,2,6,12,1,23.980860,2.458138,3028,3059,3178
42810,5,11,8,25,1,23.979324,2.457896,3028,3059,3178
42820,9,20,10,40,1,23.980867,2.458004,3028,3066,3178
42830,18,3,1,23,1,23.983494,2.458312,3032,3068,3178
42840,17,6,5,29,1,23.983931,2.458384,3035,3068,3178
42850,17,14,7,39,1,23.987169,2.458731,3045,3068,3178
42860,16,6,7,30,1,23.989797,2.458974,3045,3068,3178
42870,12,0,3,16,1,23.991299,2.459166,3050,3068,3178
42880,7,6,10,24,1,23.989672,2.458985,3050,3068,3178
42890,3,1,5,10,1,23.988412,2.458901,3050,3068,3178
42900,4,6,7,18,1,23.985465,2.458643,3050,3068,3178
42910,2,7,5,15,1,23.982674,2.458354,3050,3068,3178
42920,4,1,3,9,1,23.978297,2.457915,3050,3068,3178
42930,9,14,2,26,1,23.975241,2.457534,3050,3068,3178
42940,7,5,2,15,1,23.973654,2.457375,3050,3068,3178
42950,2,9,15,27,1,23.971919,2.457194,3050,3068,3178
42960,8,17,8,34,1,23.974562,2.457410,3050,3072,3178
42970,1,13,13,28,1,23.975794,2.457487,3050,3077,3178
42980,9,9,16,35,1,23.977779,2.457723,3050,3077,3178
42990,3,16,17,37,1,23.981191,2.458023,3050,3081,3181
43000,7,9,11,28,1,23.982973,2.458197,3050,3083,3181
43010,3,7,14,25,1,23.984823,2.458378,3050,3083,3181
43020,11,13,13,38,1,23.986941,2.458546,3050,3083,3182
43030,0,13,14,28,1,23.989941,2.458828,3050,3083,3185
43040,2,7,14,24,1,23.991058,2.459022,3050,3083,3190
43050,6,7,18,32,1,23.992360,2.459082,3050,3083,3191
43060,2,2,1,6,1,23.990364,2.458963,3050,3083,3193
43070,0,3,2,6,1,23.988062,2.458707,3050,3083,3193
43080,3,5,1,10,1,23.984298,2.458266,3050,3083,3193
43090,0,0,0,1,1,23.981390,2.457983,3050,3083,3193
43100,5,10,9,25,1,23.978934,2.457705,3050,3083,3193
43110,3,2,3,9,1,23.976686,2.457496,3050,3083,3193
43120,2,7,5,15,1,23.974061,2.457148,3050,3083,3193
43130,0,0,0,0,0,23.970765,2.456843,3050,3083,3193
43140,7,9,4,21,1,23.966973,2.456411,3050,3083,3193
43150,6,4,4,15,1,23.964390,2.456149,3050,3083,3193
43160,2,1,2,6,1,23.961649,2.455930,3050,3083,3193
43170,9,7,4,21,1,23.959271,2.455596,3050,3083,3193
43180,1,0,1,3,1,23.957827,2.455516,3050,3083,3193
43190,0,1,0,2,1,23.952994,2.455030,3050,3083,3193
43200,2,10,5,18,1,23.950063,2.454692,3050,3083,3193
43210,4,11,0,16,1,23.948743,2.454618,3050,3083,3193
43220,0,1,1,3,1,23.944486,2.454243,3050,3083,3193
43230,6,3,6,16,1,23.940320,2.453761,3050,3083,3193
43240,1,0,0,2,1,23.936074,2.453393,3050,3083,3193
43250,6,0,3,10,1,23.933043,2.453103,3050,3083,3193
43260,2,6,5,14,1,23.928506,2.452641,3050,3083,3193
43270,0,0,0,0,0,23.924569,2.452265,3050,3083,3193
43280,4,3,2,10,1,23.920821,2.451866,3050,3083,3193
43290,0,0,0,1,1,23.916615,2.451520,3050,3083,3193
43300,1,4,6,12,1,23.912548,2.451141,3050,3083,3193
43310,7,7,7,22,1,23.909515,2.450845,3050,3083,3193
43320,4,5,9,19,1,23.908197,2.450730,3050,3083,3193
43330,1,0,3,5,1,23.905428,2.450438,3050,3083,3193
43340,10,5,3,19,1,23.902662,2.450071,3050,3083,3193
43350,12,0,11,24,1,23.903035,2.450060,3050,3083,3193
43360,3,1,0,5,1,23.900903,2.449862,3050,3083,3193
43370,0,10,1,12,1,23.900031,2.449724,3050,3083,3193
43380,9,18,15,43,1,23.900533,2.449686,3050,3084,3193
43390,2,15,18,36,1,23.904547,2.450124,3050,3088,3204
43400,8,13,18,40,1,23.907308,2.450474,3050,3088,3216
43410,4,9,9,23,1,23.908938,2.450708,3050,3088,3218
43420,8,13,1,23,1,23.908032,2.450618,3050,3088,3218
43430,16,3,12,32,1,23.909726,2.450726,3050,3088,3218
43440,19,5,11,36,1,23.912111,2.450967,3052,3088,3218
43450,15,10,1,27,1,23.914750,2.451212,3058,3088,3218
43460,19,5,19,44,1,23.919123,2.451635,3064,3088,3218
43470,16,12,15,44,1,23.924794,2.452289,3067,3088,3222
43480,15,15,15,46,1,23.930493,2.452888,3067,3092,3222
43490,12,7,8,28,1,23.934560,2.453400,3069,3092,3222
43500,6,4,6,17,1,23.933909,2.453291,3069,3092,3222
43510,3,9,8,21,1,23.931700,2.453044,3069,3092,3222
43520,2,17,6,26,1,23.929972,2.452818,3069,3092,3222
43530,4,15,14,34,1,23.930212,2.452806,3069,3092,3222
43540,9,20,15,45,1,23.933240,2.453143,3069,3101,3222
43550,10,19,6,36,1,23.936305,2.453477,3069,3105,3222
43560,4,18,3,26,1,23.938054,2.453643,3069,3111,3222
43570,4,14,2,21,1,23.937579,2.453649,3069,3111,3222
43580,1,11,1,14,1,23.935026,2.453408,3069,3111,3222
43590,9,16,6,32,1,23.933848,2.453227,3069,3113,3222
43600,11,12,4,28,1,23.934557,2.453262,3069,3113,3222
43610,19,7,11,38,1,23.935394,2.453288,3069,3113,3222
43620,18,7,9,35,1,23.937599,2.453506,3072,3113,3222
43630,16,9,15,41,1,23.940178,2.453733,3083,3113,3222
43640,5,8,18,32,1,23.941521,2.453874,3083,3113,3222
43650,6,11,10,28,1,23.943587,2.454083,3083,3113,3225
43660,11,4,11,27,1,23.944257,2.454184,3083,3113,3225
43670,6,18,16,41,1,23.946275,2.454348,3083,3113,3235
43680,3,16,13,33,1,23.948297,2.454570,3083,3116,3235
43690,6,14,12,33,1,23.951639,2.454985,3083,3119,3235
43700,10,10,0,21,1,23.954019,2.455244,3083,3120,3235
43710,12,5,8,26,1,23.953115,2.455148,3083,3120,3235
43720,18,9,3,31,1,23.953744,2.455285,3085,3120,3235
43730,20,8,3,32,1,23.954857,2.455420,3091,3120,3235
43740,1,3,0,5,1,23.950802,2.455025,3091,3120,3235
43750,4,0,6,11,1,23.947621,2.454702,3091,3120,3235
43760,1,1,10,13,1,23.946014,2.454557,3091,3120,3235
43770,5,5,3,14,1,23.943138,2.454272,3091,3120,3235
43780,14,1,1,17,1,23.942415,2.454201,3091,3120,3235
43790,6,1,2,10,1,23.940184,2.454015,3091,3120,3235
43800,10,6,5,22,1,23.938925,2.453832,3091,3120,3235
43810,7,5,6,19,1,23.937961,2.453685,3091,3120,3235
43820,3,5,6,15,1,23.935121,2.453345,3091,3120,3235
43830,6,5,8,20,1,23.933649,2.453083,3091,3120,3235
43840,0,0,17,18,1,23.933854,2.453130,3091,3120,3235
43850,10,6,18,35,1,23.933483,2.452992,3091,3120,3235
43860,9,5,18,33,1,23.935420,2.453165,3091,3120,3238
43870,16,13,12,42,1,23.939905,2.453651,3096,3120,3242
43880,13,17,17,48,1,23.944362,2.454117,3096,3120,3249
43890,9,19,18,47,1,23.949370,2.454685,3096,3129,3250
43900,7,12,17,37,1,23.954005,2.455158,3096,3134,3254
43910,10,4,13,28,1,23.955895,2.455389,3096,3134,3254
43920,5,11,3,20,1,23.956665,2.455528,3096,3134,3254
43930,18,13,5,37,1,23.956929,2.455473,3096,3134,3254
43940,18,11,2,32,1,23.958423,2.455681,3102,3134,3254
43950,12,16,6,35,1,23.960956,2.455903,3111,3134,3254
43960,1,19,5,26,1,23.962240,2.456044,3111,3139,3254
43970,9,16,6,32,1,23.961101,2.455976,3111,3139,3254
43980,3,10,1,15,1,23.962176,2.456153,3111,3139,3254
43990,0,0,0,0,0,23.959392,2.455945,3111,3139,3254
44000,7,5,4,17,1,23.956757,2.455564,3111,3139,3254
44010,8,7,8,24,1,23.954929,2.455316,3111,3139,3254
44020,11,8,10,30,1,23.955066,2.455322,3111,3139,3254
44030,8,4,2,15,1,23.954885,2.455358,3111,3139,3254
44040,6,2,1,10,1,23.952295,2.455033,3111,3139,3254
44050,0,1,0,2,1,23.948193,2.454645,3111,3139,3254
44060,2,0,4,7,1,23.943770,2.454212,3111,3139,3254
44070,5,1,5,12,1,23.941250,2.453871,3111,3139,3254
44080,0,0,0,1,1,23.937822,2.453563,3111,3139,3254
44090,2,2,1,6,1,23.934528,2.453194,3111,3139,3254
44100,0,12,5,18,1,23.933408,2.453003,3111,3139,3254
44110,10,13,4,28,1,23.934460,2.453085,3111,3139,3254
44120,14,11,16,42,1,23.938935,2.453507,3111,3139,3254
44130,15,13,14,43,1,23.943299,2.454015,3111,3139,3260
44140,11,18,7,37,1,23.947352,2.454405,3111,3142,3260
44150,13,11,15,40,1,23.951384,2.454844,3111,3144,3260
44160,18,20,20,59,1,23.958122,2.455510,3125,3155,3265
44170,13,19,15,48,1,23.965216,2.456240,3132,3165,3273
44180,14,17,15,47,1,23.970534,2.456811,3132,3168,3279
44190,14,19,11,45,1,23.975668,2.457312,3135,3169,3279
44200,8,5,1,15,1,23.976952,2.457544,3135,3175,3279
44210,12,4,8,25,1,23.976784,2.457535,3135,3175,3279
44220,11,2,6,20,1,23.975957,2.457499,3135,3175,3279
44230,10,1,0,12,1,23.973805,2.457322,3135,3175,3279
44240,0,0,2,3,1,23.971792,2.457124,3135,3175,3279
44250,0,3,1,5,1,23.966951,2.456597,3135,3175,3279
44260,4,6,11,22,1,23.963542,2.456160,3135,3175,3279
44270,5,13,15,34,1,23.964343,2.456154,3135,3175,3279
44280,12,11,13,37,1,23.967949,2.456527,3135,3175,3279
44290,4,5,3,13,1,23.968309,2.456562,3135,3175,3279
44300,0,6,1,8,1,23.965547,2.456259,3135,3175,3279
44310,0,3,1,5,1,23.960852,2.455815,3135,3175,3279
44320,8,9,6,24,1,23.959211,2.455565,3135,3175,3279
44330,5,7,1,14,1,23.956769,2.455375,3135,3175,3279
44340,2,0,0,3,1,23.953207,2.455058,3135,3175,3279
44350,6,0,0,7,1,23.949315,2.454697,3135,3175,3279
44360,0,0,0,1,1,23.944492,2.454291,3135,3175,3279
44370,0,0,0,1,1,23.939831,2.453816,3135,3175,3279
44380,2,1,0,4,1,23.935977,2.453373,3135,3175,3279
44390,4,12,9,26,1,23.933448,2.453100,3135,3175,3279
44400,5,1,1,8,1,23.931547,2.452931,3135,3175,3279
44410,0,0,0,1,1,23.929300,2.452681,3135,3175,3279
44420,10,5,2,18,1,23.925484,2.452197,3135,3175,3279
44430,4,6,3,14,1,23.924883,2.452144,3135,3175,3279
44440,6,3,0,10,1,23.921125,2.451762,3135,3175,3279
44450,12,7,5,25,1,23.920973,2.451643,3135,3175,3279
44460,7,14,9,31,1,23.919389,2.451455,3135,3175,3279
44470,8,6,2,17,1,23.918651,2.451439,3135,3175,3279
44480,6,1,1,9,1,23.915732,2.451177,3135,3175,3279
44490,12,2,4,19,1,23.914470,2.451000,3135,3175,3279
44500,1,4,5,11,1,23.911604,2.450755,3135,3175,3279
44510,3,0,4,8,1,23.909473,2.450512,3135,3175,3279
44520,7,2,7,17,1,23.905983,2.450084,3135,3175,3279
44530,18,1,6,26,1,23.903898,2.449823,3135,3175,3279
44540,16,0,11,28,1,23.906205,2.450068,3142,3175,3279
44550,19,5,1,26,1,23.906338,2.450164,3148,3175,3279
44560,14,4,1,20,1,23.905492,2.450108,3157,3175,3279
44570,11,8,6,26,1,23.905483,2.450077,3163,3175,3279
44580,7,16,4,28,1,23.906748,2.450221,3163,3175,3279
44590,8,14,7,30,1,23.909257,2.450459,3163,3175,3279
44600,1,20,6,28,1,23.910494,2.450589,3163,3178,3279
44610,4,13,3,21,1,23.909922,2.450533,3163,3183,3279
44620,10,0,2,13,1,23.907603,2.450378,3163,3183,3279
44630,10,6,6,23,1,23.906737,2.450185,3163,3183,3279
44640,0,16,11,28,1,23.907532,2.450219,3163,3183,3279
44650,8,16,8,33,1,23.908409,2.450256,3163,3183,3279
44660,4,15,10,30,1,23.910612,2.450474,3163,3184,3279
44670,15,10,15,41,1,23.913889,2.450740,3163,3184,3279
44680,18,14,12,45,1,23.918161,2.451243,3168,3184,3279
44690,18,17,16,52,1,23.923569,2.451778,3171,3188,3281
44700,13,17,12,43,1,23.929962,2.452498,3173,3195,3288
44710,15,10,14,40,1,23.934898,2.453035,3173,3199,3288
44720,12,17,20,50,1,23.939962,2.453580,3173,3199,3298
44730,18,19,18,56,1,23.946759,2.454263,3175,3209,3308
44740,11,15,16,43,1,23.953313,2.454972,3182,3216,3314
44750,13,14,12,40,1,23.957186,2.455377,3182,3216,3315
44760,14,19,13,47,1,23.961858,2.455848,3184,3223,3315
44770,8,16,19,44,1,23.965940,2.456304,3184,3223,3324
44780,10,12,17,40,1,23.969279,2.456660,3184,3223,3330
44790,5,2,15,23,1,23.970019,2.456756,3184,3223,3330
44800,2,7,10,20,1,23.968247,2.456527,3184,3223,3330
44810,4,2,5,12,1,23.969151,2.456634,3184,3223,3331
44820,6,3,6,16,1,23.965907,2.456209,3184,3223,3331
44830,0,0,0,1,1,23.962709,2.455919,3184,3223,3331
44840,1,0,1,3,1,23.958120,2.455513,3184,3223,3331
44850,0,0,2,3,1,23.954363,2.455086,3184,3223,3331
44860,0,0,1,2,1,23.949549,2.454669,3184,3223,3331
44870,0,1,0,2,1,23.945453,2.454247,3184,3223,3331
44880,7,2,2,12,1,23.942028,2.453865,3184,3223,3331
44890,2,6,6,15,1,23.939471,2.453534,3184,3223,3331
44900,3,4,4,12,1,23.937831,2.453352,3184,3223,3331
44910,1,4,2,8,1,23.933854,2.452970,3184,3223,3331
44920,1,12,4,18,1,23.931430,2.452691,3184,3223,3331
44930,9,16,12,38,1,23.932884,2.452709,3184,3223,3331
44940,9,11,18,39,1,23.936247,2.453035,3184,3223,3334
44950,6,1,10,18,1,23.936663,2.453215,3184,3223,3334
44960,5,7,3,16,1,23.934092,2.452943,3184,3223,3334
44970,1,12,15,29,1,23.934143,2.452929,3184,3223,3334
44980,7,17,18,43,1,23.936737,2.453120,3184,3226,3338
44990,0,14,2,17,1,23.937549,2.453285,3184,3226,3338
45000,6,16,0,23,1,23.935176,2.453056,3184,3226,3338
45010,0,10,0,11,1,23.934163,2.452972,3184,3226,3338
45020,1,8,5,15,1,23.931056,2.452662,3184,3226,3338
45030,18,8,10,37,1,23.931901,2.452680,3186,3226,3338
45040,19,18,12,50,1,23.936346,2.453088,3192,3226,3338
45050,17,13,10,41,1,23.940372,2.453582,3193,3226,3338
45060,12,17,8,38,1,23.944110,2.453980,3193,3229,3338
45070,11,8,7,27,1,23.945489,2.454119,3193,3229,3338
45080,5,3,4,13,1,23.942807,2.453875,3193,3229,3338
45090,0,3,1,5,1,23.938103,2.453418,3193,3229,3338
45100,5,3,5,14,1,23.934129,2.453070,3193,3229,3338
45110,1,8,3,13,1,23.931352,2.452783,3193,3229,3338
45120,0,0,0,1,1,23.927837,2.452431,3193,3229,3338
45130,0,0,0,0,0,23.923287,2.452001,3193,3229,3338
45140,0,0,0,0,0,23.918519,2.451544,3193,3229,3338
45150,3,1,7,12,1,23.913915,2.451025,3193,3229,3338
45160,13,4,13,31,1,23.912944,2.450873,3193,3229,3338
45170,7,3,19,30,1,23.913597,2.450926,3193,3229,3338
45180,5,11,19,36,1,23.915346,2.451109,3193,3229,3355
45190,4,3,11,19,1,23.915635,2.451203,3193,3229,3359
45200,0,0,2,3,1,23.912561,2.450952,3193,3229,3359
45210,0,0,0,0,0,23.908088,2.450513,3193,3229,3359
45220,1,7,7,16,1,23.905359,2.450248,3193,3229,3359
45230,4,0,1,6,1,23.900851,2.449850,3193,3229,3359
45240,0,0,3,4,1,23.896908,2.449432,3193,3229,3359
45250,0,0,0,1,1,23.892309,2.448981,3193,3229,3359
45260,0,1,0,2,1,23.887623,2.448553,3193,3229,3359
45270,2,4,1,8,1,23.883157,2.448099,3193,3229,3359
45280,7,1,4,13,1,23.879766,2.447793,3193,3229,3359
45290,7,6,13,27,1,23.877837,2.447593,3193,3229,3359
45300,5,5,15,26,1,23.878179,2.447570,3193,3229,3361
45310,8,1,17,27,1,23.879369,2.447629,3193,3229,3364
45320,0,8,15,24,1,23.879353,2.447591,3193,3229,3364
45330,10,11,15,37,1,23.880707,2.447606,3193,3229,3365
45340,0,11,9,21,1,23.881876,2.447768,3193,3229,3366
45350,5,6,7,19,1,23.881383,2.447770,3193,3229,3366
45360,4,5,4,14,1,23.879313,2.447528,3193,3229,3366
45370,0,0,0,1,1,23.875034,2.447175,3193,3229,3366
45380,0,0,0,0,0,23.870854,2.446755,3193,3229,3366
45390,17,4,11,33,1,23.870266,2.446577,3193,3229,3366
45400,14,6,11,32,1,23.872908,2.446884,3208,3229,3366
45410,15,9,13,38,1,23.875996,2.447148,3209,3229,3366
45420,9,15,13,38,1,23.879112,2.447509,3209,3230,3366
45430,6,11,9,27,1,23.882769,2.447909,3209,3233,3366
45440,0,8,13,22,1,23.885138,2.448172,3209,3236,3366
45450,3,1,10,15,1,23.883377,2.448005,3209,3236,3366
45460,9,9,2,21,1,23.881085,2.447707,3209,3236,3366
45470,1,1,7,10,1,23.879936,2.447554,3209,3236,3366
45480,3,5,7,16,1,23.880376,2.447547,3209,3236,3366
45490,7,10,18,36,1,23.880292,2.447492,3209,3236,3366
45500,0,6,11,18,1,23.881611,2.447636,3209,3236,3370
45510,4,13,14,32,1,23.882138,2.447677,3209,3236,3370
45520,3,4,4,12,1,23.881102,2.447601,3209,3236,3370
45530,0,1,2,4,1,23.877097,2.447254,3209,3236,3370
45540,0,0,0,0,0,23.872376,2.446834,3209,3236,3370
45550,8,13,5,27,1,23.870389,2.446579,3209,3236,3370
45560,16,17,10,44,1,23.873077,2.446797,3209,3236,3370
45570,7,16,7,31,1,23.877036,2.447173,3213,3238,3370
45580,19,16,3,39,1,23.879339,2.447406,3213,3245,3370
45590,18,7,4,30,1,23.881767,2.447647,3217,3245,3370
45600,14,14,12,41,1,23.883976,2.447805,3217,3245,3370
45610,18,11,10,40,1,23.888213,2.448287,3229,3245,3370
45620,2,0,2,5,1,23.886495,2.448218,3229,3245,3370
45630,1,6,3,11,1,23.882576,2.447803,3229,3245,3370
45640,2,6,10,19,1,23.880621,2.447523,3229,3245,3370
45650,17,11,18,47,1,23.882175,2.447598,3229,3245,3370
45660,17,6,15,39,1,23.886430,2.448059,3239,3245,3370
45670,16,3,11,31,1,23.887171,2.448105,3239,3245,3370
45680,9,0,0,10,1,23.888957,2.448264,3243,3245,3370
45690,16,3,12,32,1,23.889867,2.448267,3246,3245,3370
45700,12,2,4,19,1,23.889574,2.448383,3246,3245,3370
45710,7,3,5,16,1,23.888076,2.448227,3246,3245,3370
45720,13,1,6,21,1,23.885751,2.448030,3246,3245,3370
45730,10,2,8,21,1,23.884014,2.447850,3246,3245,3370
45740,2,1,0,4,1,23.882135,2.447677,3246,3245,3370
45750,0,3,1,5,1,23.877564,2.447283,3246,3245,3370
45760,10,0,10,21,1,23.874688,2.446936,3246,3245,3370
45770,0,2,4,7,1,23.871613,2.446663,3246,3245,3370
45780,0,2,3,6,1,23.867164,2.446259,3246,3245,3370
45790,0,0,0,1,1,23.863921,2.445996,3246,3245,3370
45800,0,0,0,0,0,23.859462,2.445629,3246,3245,3370
45810,5,3,1,10,1,23.854975,2.445189,3246,3245,3370
45820,5,5,9,20,1,23.853164,2.445006,3246,3245,3370
45830,0,0,11,12,1,23.852306,2.444883,3246,3245,3371
45840,11,2,6,20,1,23.850614,2.444647,3246,3245,3371
45850,1,1,0,3,1,23.846855,2.444325,3246,3245,3371
45860,3,2,0,6,1,23.842967,2.443809,3246,3245,3371
45870,0,0,0,0,0,23.838714,2.443464,3246,3245,3371
45880,2,0,13,16,1,23.837673,2.443333,3246,3245,3371
45890,10,0,0,11,1,23.834291,2.443082,3246,3245,3371
45900,0,2,2,5,1,23.831665,2.442789,3246,3245,3371
45910,0,0,0,0,0,23.827100,2.442384,3246,3245,3371
45920,0,0,1,2,1,23.822763,2.441893,3246,3245,3371
45930,2,2,0,5,1,23.818172,2.441453,3246,3245,3371
45940,0,5,4,10,1,23.814718,2.441124,3246,3245,3371
45950,11,4,5,21,1,23.813059,2.440875,3246,3245,3371
45960,0,0,0,0,0,23.810305,2.440639,3246,3245,3371
45970,0,5,14,20,1,23.806406,2.440221,3246,3245,3371
45980,12,15,14,42,1,23.807532,2.440241,3246,3245,3371
45990,8,15,5,29,1,23.808931,2.440459,3246,3245,3371
46000,8,19,7,35,1,23.810924,2.440709,3246,3245,3371
46010,0,10,1,12,1,23.811158,2.440780,3246,3245,3371
46020,1,1,0,3,1,23.807660,2.440490,3246,3245,3371
46030,4,5,2,12,1,23.804587,2.440156,3246,3245,3371
46040,5,3,8,17,1,23.803610,2.440059,3246,3245,3371
46050,0,4,0,5,1,23.801324,2.439909,3246,3245,3371
46060,6,0,2,9,1,23.797775,2.439646,3246,3245,3371
46070,18,10,7,36,1,23.799427,2.439699,3247,3245,3371
46080,14,7,1,23,1,23.802483,2.440058,3254,3245,3371
46090,10,5,19,35,1,23.802028,2.439949,3254,3245,3371
46100,19,15,16,51,1,23.807100,2.440435,3263,3245,3375
46110,14,11,14,40,1,23.813121,2.441049,3272,3245,3386
46120,11,2,10,24,1,23.814320,2.441143,3272,3245,3386
46130,19,2,15,37,1,23.816954,2.441389,3275,3245,3386
46140,20,1,11,33,1,23.817621,2.441422,3275,3245,3386
46150,14,7,10,32,1,23.820298,2.441656,3284,3245,3386
46160,16,4,9,30,1,23.821443,2.441679,3284,3245,3386
46170,12,4,9,26,1,23.822590,2.441810,3284,3245,3386
46180,16,9,10,36,1,23.824066,2.441943,3284,3245,3386
46190,18,16,13,48,1,23.828573,2.442397,3286,3247,3386
46200,11,14,4,30,1,23.831846,2.442811,3289,3248,3386
46210,16,13,0,30,1,23.834368,2.443073,3289,3253,3386
46220,17,15,5,38,1,23.836601,2.443256,3292,3253,3386
46230,19,11,6,37,1,23.837877,2.443401,3298,3253,3386
46240,12,13,0,26,1,23.840710,2.443748,3301,3256,3386
46250,2,16,6,25,1,23.840936,2.443785,3301,3256,3386
46260,9,16,12,38,1,23.841150,2.443713,3301,3256,3386
46270,4,19,10,34,1,23.842674,2.443845,3301,3266,3386
46280,14,14,14,43,1,23.845466,2.444096,3301,3269,3386
46290,9,16,10,36,1,23.849113,2.444484,3301,3276,3386
46300,7,15,7,30,1,23.850660,2.444667,3301,3276,3386
46310,4,10,18,33,1,23.850923,2.444649,3301,3276,3389
46320,14,1,13,29,1,23.851908,2.444720,3301,3276,3389
46330,17,7,12,37,1,23.853505,2.444844,3302,3276,3389
46340,14,0,14,29,1,23.854780,2.444994,3302,3276,3389
46350,18,6,13,38,1,23.857489,2.445247,3306,3276,3389
46360,18,3,0,22,1,23.858845,2.445454,3311,3276,3389
46370,15,14,6,36,1,23.860501,2.445632,3317,3276,3389
46380,13,17,2,33,1,23.862989,2.445831,3317,3276,3389
46390,10,17,1,29,1,23.864806,2.445999,3317,3276,3389
46400,7,15,6,29,1,23.864375,2.445958,3317,3276,3389
46410,4,15,7,27,1,23.863671,2.445883,3317,3276,3389
46420,2,2,2,7,1,23.863205,2.445919,3317,3276,3389
46430,6,9,5,21,1,23.859271,2.445465,3317,3276,3389
46440,0,1,2,4,1,23.859213,2.445484,3317,3276,3389
46450,1,11,7,20,1,23.855633,2.445023,3317,3276,3389
46460,5,11,13,30,1,23.858024,2.445282,3317,3281,3389
46470,0,0,6,7,1,23.857465,2.445238,3317,3281,3389
46480,12,0,7,20,1,23.853843,2.444854,3317,3281,3389
46490,8,0,3,12,1,23.852010,2.444653,3317,3281,3389
46500,5,6,6,18,1,23.848662,2.444340,3317,3281,3389
46510,15,1,1,18,1,23.847825,2.444257,3317,3281,3389
46520,1,4,6,12,1,23.844704,2.444021,3317,3281,3389
46530,0,0,0,1,1,23.840952,2.443661,3317,3281,3389
46540,2,6,5,14,1,23.837028,2.443321,3317,3281,3389
46550,0,0,0,1,1,23.834443,2.443140,3317,3281,3389
46560,5,0,0,6,1,23.830094,2.442697,3317,3281,3389
46570,5,3,0,9,1,23.825954,2.442281,3317,3281,3389
46580,20,8,0,29,1,23.826514,2.442298,3319,3281,3389
46590,18,8,4,31,1,23.827542,2.442412,3323,3281,3389
46600,18,11,8,38,1,23.829655,2.442562,3328,3281,3389
46610,16,5,4,26,1,23.830979,2.442722,3330,3281,3389
46620,20,12,15,48,1,23.833191,2.442925,3337,3281,3389
46630,7,13,5,26,1,23.836306,2.443365,3337,3281,3389
46640,10,9,1,21,1,23.837172,2.443425,3337,3281,3389
46650,0,0,1,2,1,23.833096,2.443032,3337,3281,3389
46660,4,4,9,18,1,23.830561,2.442743,3337,3281,3389
46670,1,2,3,7,1,23.828817,2.442529,3337,3281,3389
46680,0,3,3,7,1,23.824471,2.442108,3337,3281,3389
46690,4,8,2,15,1,23.821369,2.441702,3337,3281,3389
46700,3,6,0,10,1,23.819456,2.441488,3337,3281,3389
46710,11,4,2,18,1,23.817865,2.441290,3337,3281,3389
46720,6,5,5,17,1,23.817501,2.441229,3337,3281,3389
46730,2,0,0,3,1,23.813539,2.440879,3337,3281,3389
46740,1,0,1,3,1,23.809131,2.440463,3337,3281,3389
46750,0,3,0,4,1,23.804684,2.440005,3337,3281,3389
46760,0,1,2,4,1,23.800539,2.439615,3337,3281,3389
46770,0,0,2,3,1,23.797143,2.439232,3337,3281,3389
46780,4,2,1,8,1,23.793570,2.438880,3337,3281,3389
46790,0,0,6,7,1,23.789622,2.438489,3337,3281,3389
46800,6,1,7,15,1,23.786523,2.438121,3337,3281,3389
46810,0,0,1,2,1,23.785190,2.437982,3337,3281,3389
46820,3,5,1,10,1,23.781061,2.437593,3337,3281,3389
46830,0,2,0,3,1,23.776876,2.437119,3337,3281,3389
46840,6,3,3,13,1,23.773204,2.436757,3337,3281,3389
46850,15,8,4,28,1,23.771930,2.436522,3337,3281,3389
46860,10,16,2,29,1,23.773991,2.436641,3337,3283,3389
46870,10,16,7,34,1,23.776425,2.436877,3337,3283,3389
46880,8,14,13,36,1,23.778654,2.437135,3337,3284,3389
46890,5,15,9,30,1,23.781830,2.437528,3337,3288,3389
46900,0,8,3,12,1,23.782131,2.437588,3337,3290,3389
46910,6,20,4,31,1,23.782381,2.437532,3337,3297,3389
46920,8,19,2,30,1,23.783714,2.437703,3337,3298,3389
46930,1,0,6,8,1,23.782607,2.437641,3337,3298,3389
46940,11,5,6,23,1,23.781598,2.437503,3337,3298,3389
46950,0,0,2,3,1,23.778846,2.437261,3337,3298,3389
46960,0,0,0,1,1,23.774410,2.436804,3337,3298,3389
46970,2,1,1,5,1,23.770933,2.436419,3337,3298,3389
46980,1,0,2,4,1,23.767097,2.436018,3337,3298,3389
46990,0,0,0,0,0,23.762612,2.435583,3337,3298,3389
47000,3,7,3,14,1,23.759518,2.435226,3337,3298,3389
47010,1,1,2,5,1,23.756577,2.434907,3337,3298,3389
47020,2,0,3,6,1,23.753665,2.434611,3337,3298,3389
47030,7,13,2,23,1,23.750896,2.434267,3337,3298,3389
47040,0,0,0,0,0,23.749255,2.434154,3337,3298,3389
47050,0,2,0,3,1,23.744911,2.433675,3337,3298,3389
47060,1,6,2,10,1,23.741152,2.433288,3337,3298,3389
47070,0,3,2,6,1,23.738886,2.433021,3337,3298,3389
47080,6,3,1,11,1,23.736459,2.432717,3337,3298,3389
47090,0,0,8,9,1,23.733940,2.432420,3337,3298,3389
47100,4,4,8,17,1,23.731197,2.432126,3337,3298,3389
47110,3,4,16,24,1,23.729808,2.431960,3337,3298,3389
47120,7,2,16,26,1,23.732239,2.432196,3337,3298,3394
47130,13,6,19,39,1,23.733490,2.432301,3337,3298,3395
47140,9,7,11,28,1,23.733270,2.432250,3337,3298,3395
47150,3,11,16,31,1,23.736669,2.432607,3337,3298,3402
47160,9,18,19,47,1,23.740131,2.432959,3337,3299,3415
47170,5,16,18,40,1,23.744793,2.433408,3337,3303,3421
47180,6,15,13,35,1,23.746255,2.433609,3337,3303,3421
47190,8,10,11,30,1,23.747600,2.433718,3337,3303,3421
47200,6,20,12,39,1,23.749992,2.433971,3337,3304,3421
47210,13,9,7,30,1,23.752125,2.434198,3337,3306,3421
47220,9,9,12,31,1,23.754490,2.434338,3337,3306,3421
47230,2,8,9,20,1,23.754784,2.434392,3337,3306,3421
47240,3,3,13,20,1,23.754810,2.434372,3337,3306,3430
47250,0,2,7,10,1,23.754810,2.434348,3337,3306,3432
47260,2,5,2,10,1,23.751571,2.434004,3337,3306,3432
47270,7,5,5,18,1,23.749206,2.433696,3337,3306,3432
47280,2,2,9,14,1,23.746958,2.433484,3337,3306,3432
47290,3,0,5,9,1,23.743174,2.433073,3337,3306,3432
47300,1,4,1,7,1,23.740226,2.432753,3337,3306,3432
47310,3,5,1,10,1,23.736375,2.432320,3337,3306,3432
47320,2,4,1,8,1,23.732861,2.431994,3337,3306,3432
47330,9,0,1,11,1,23.730749,2.431760,3337,3306,3432
47340,0,3,0,4,1,23.728522,2.431498,3337,3306,3432
47350,2,1,4,8,1,23.724639,2.431082,3337,3306,3432
47360,0,0,0,1,1,23.721328,2.430793,3337,3306,3432
47370,0,0,0,1,1,23.717042,2.430373,3337,3306,3432
47380,0,1,3,5,1,23.712761,2.429942,3337,3306,3432
47390,0,0,0,1,1,23.708611,2.429520,3337,3306,3432
47400,0,0,0,1,1,23.704616,2.429077,3337,3306,3432
47410,1,5,4,11,1,23.700764,2.428696,3337,3306,3432
47420,3,3,3,10,1,23.697024,2.428242,3337,3306,3432
47430,6,5,5,17,1,23.693600,2.427874,3337,3306,3432
47440,1,4,2,8,1,23.691623,2.427632,3337,3306,3432
47450,1,0,1,3,1,23.687993,2.427321,3337,3306,3432
47460,0,0,0,1,1,23.683504,2.426932,3337,3306,3432
47470,9,4,1,15,1,23.680685,2.426610,3337,3306,3432
47480,0,0,0,0,0,23.678837,2.426481,3337,3306,3432
47490,3,8,4,16,1,23.675367,2.426139,3337,3306,3432
47500,0,15,3,19,1,23.674990,2.426051,3337,3307,3432
47510,4,14,19,38,1,23.675070,2.426005,3337,3307,3433
47520,12,16,17,46,1,23.679921,2.426447,3337,3310,3447
47530,13,16,17,47,1,23.685320,2.427019,3337,3310,3452
47540,16,19,16,52,1,23.691034,2.427540,3337,3316,3455
47550,15,13,18,47,1,23.696466,2.428115,3337,3317,3455
47560,12,11,12,36,1,23.700606,2.428564,3337,3317,3455
47570,10,4,10,25,1,23.701872,2.428791,3337,3317,3455
47580,2,0,0,3,1,23.700241,2.428653,3337,3317,3455
47590,3,0,2,6,1,23.697713,2.428360,3337,3317,3455
47600,0,0,0,1,1,23.693846,2.427956,3337,3317,3455
47610,1,0,0,2,1,23.689682,2.427601,3337,3317,3455
47620,3,8,14,26,1,23.686699,2.427251,3337,3317,3455
47630,0,3,15,19,1,23.685900,2.427251,3337,3317,3455
47640,1,1,8,11,1,23.683990,2.427147,3337,3317,3455
47650,3,1,17,22,1,23.683065,2.427003,3337,3317,3455
47660,1,13,16,31,1,23.683800,2.427003,3337,3317,3459
47670,6,18,19,44,1,23.686853,2.427314,3337,3321,3468
47680,4,14,19,38,1,23.690226,2.427620,3337,3326,3478
47690,1,13,17,32,1,23.692149,2.427862,3337,3326,3478
47700,5,6,20,32,1,23.693327,2.427934,3337,3326,3482
47710,9,8,18,36,1,23.694991,2.428113,3337,3326,3487
47720,1,14,18,34,1,23.697103,2.428311,3337,3326,3493
47730,6,18,15,40,1,23.700024,2.428525,3337,3334,3494
47740,1,1,0,3,1,23.698256,2.428394,3337,3334,3494
47750,1,6,0,8,1,23.694348,2.427965,3337,3334,3494
47760,1,1,0,3,1,23.689703,2.427597,3337,3334,3494
47770,13,10,1,25,1,23.688612,2.427467,3337,3334,3494
47780,18,15,6,40,1,23.690334,2.427594,3338,3334,3494
47790,17,15,7,40,1,23.694311,2.427927,3338,3334,3494
47800,11,14,13,39,1,23.696354,2.428072,3338,3334,3494
47810,6,17,1,25,1,23.699159,2.428383,3338,3341,3494
47820,4,14,2,21,1,23.699338,2.428441,3338,3343,3494
47830,0,2,1,4,1,23.697152,2.428230,3338,3343,3494
47840,4,4,8,17,1,23.695856,2.428028,3338,3343,3494
47850,11,9,14,35,1,23.696638,2.428080,3338,3343,3494
47860,14,1,14,30,1,23.698475,2.428318,3338,3343,3494
47870,12,3,12,28,1,23.699363,2.428417,3338,3343,3494
47880,17,6,19,43,1,23.702273,2.428739,3338,3343,3498
47890,6,14,14,35,1,23.703958,2.428946,3338,3343,3498
47900,7,2,0,10,1,23.702627,2.428860,3338,3343,3498
47910,0,2,8,11,1,23.699022,2.428431,3338,3343,3498
47920,0,1,0,2,1,23.696968,2.428182,3338,3343,3498
47930,10,5,1,17,1,23.694663,2.427871,3338,3343,3498
47940,12,0,2,15,1,23.693631,2.427768,3338,3343,3498
47950,0,0,0,0,0,23.689880,2.427423,3338,3343,3498
47960,0,2,0,3,1,23.685800,2.427045,3338,3343,3498
47970,2,1,1,5,1,23.681909,2.426639,3338,3343,3498
47980,3,8,5,17,1,23.677961,2.426216,3338,3343,3498
47990,1,10,3,15,1,23.676787,2.426135,3338,3343,3498
48000,3,2,1,7,1,23.674022,2.425793,3338,3343,3498
48010,1,4,6,12,1,23.670792,2.425450,3338,3343,3498
48020,2,2,5,10,1,23.666859,2.425076,3338,3343,3498
48030,12,3,4,20,1,23.665366,2.424936,3338,3343,3498
48040,4,11,3,19,1,23.663970,2.424781,3338,3343,3498
48050,8,7,0,16,1,23.663676,2.424753,3338,3343,3498
48060,1,1,1,4,1,23.660927,2.424552,3338,3343,3498
48070,10,3,1,15,1,23.659256,2.424296,3338,3343,3498
48080,3,1,6,11,1,23.658193,2.424159,3338,3343,3498
48090,5,6,0,12,1,23.656708,2.423969,3338,3343,3498
48100,0,0,0,0,0,23.653433,2.423652,3338,3343,3498
48110,2,18,8,29,1,23.651996,2.423405,3338,3345,3498
48120,5,18,5,29,1,23.653362,2.423527,3338,3351,3498
48130,0,0,0,1,1,23.651865,2.423480,3338,3352,3498
48140,9,2,1,13,1,23.649180,2.423156,3338,3352,3498
48150,5,2,1,9,1,23.645203,2.422767,3338,3352,3498
48160,6,5,3,15,1,23.641399,2.422339,3338,3352,3498
48170,0,7,1,9,1,23.638891,2.422080,3338,3352,3498
48180,8,2,3,14,1,23.634802,2.421690,3338,3352,3498
48190,0,0,0,0,0,23.631734,2.421420,3338,3352,3498
48200,3,2,2,8,1,23.627216,2.421012,3338,3352,3498
48210,9,7,3,20,1,23.626190,2.420863,3338,3352,3498
48220,1,4,0,6,1,23.625722,2.420875,3338,3352,3498
48230,4,10,8,23,1,23.623024,2.420545,3338,3352,3498
48240,4,3,11,19,1,23.620701,2.420331,3338,3352,3498
48250,12,18,12,43,1,23.620951,2.420277,3338,3352,3498
48260,6,3,11,21,1,23.622154,2.420403,3338,3352,3498
48270,6,18,8,33,1,23.623219,2.420474,3338,3352,3498
48280,14,10,18,43,1,23.626683,2.420817,3338,3352,3506
48290,19,15,17,52,1,23.631886,2.421364,3342,3352,3524
48300,7,15,14,37,1,23.635935,2.421838,3342,3352,3531
48310,3,16,17,37,1,23.638368,2.422126,3342,3353,3531
48320,1,12,15,29,1,23.639249,2.422199,3342,3353,3531
48330,0,7,7,15,1,23.638812,2.422193,3342,3353,3531
48340,9,17,12,39,1,23.640167,2.422227,3342,3353,3531
48350,16,19,18,54,1,23.644882,2.422642,3344,3354,3531
48360,19,14,18,52,1,23.651341,2.423342,3347,3369,3535
48370,16,16,13,46,1,23.656712,2.423947,3349,3369,3539
48380,20,17,13,51,1,23.661643,2.424420,3364,3374,3539
48390,19,15,16,51,1,23.667292,2.425032,3367,3377,3539
48400,16,19,13,49,1,23.673698,2.425717,3370,3379,3541
48410,9,14,10,34,1,23.678808,2.426311,3375,3385,3541
48420,19,3,12,35,1,23.680928,2.426500,3375,3385,3541
48430,17,0,7,25,1,23.682376,2.426657,3379,3385,3541
48440,18,10,9,38,1,23.682967,2.426597,3379,3385,3541
48450,15,11,12,39,1,23.685702,2.426850,3385,3385,3541
48460,16,9,6,32,1,23.686998,2.427001,3385,3385,3541
48470,8,11,7,27,1,23.687530,2.427069,3385,3385,3541
48480,8,16,20,45,1,23.689221,2.427137,3385,3385,3544
48490,6,14,10,31,1,23.692505,2.427451,3385,3392,3544
48500,16,16,17,50,1,23.697765,2.427968,3385,3402,3551
48510,7,8,15,31,1,23.702649,2.428533,3385,3403,3556
48520,13,7,7,28,1,23.703780,2.428718,3385,3403,3556
48530,16,14,5,36,1,23.705340,2.428917,3385,3403,3556
48540,17,16,16,50,1,23.710052,2.429434,3385,3404,3556
48550,16,20,14,51,1,23.715743,2.429979,3392,3408,3556
48560,13,10,9,33,1,23.718878,2.430390,3392,3410,3556
48570,13,4,0,18,1,23.719612,2.430515,3392,3410,3556
48580,13,6,3,23,1,23.718729,2.430427,3392,3410,3556
48590,0,0,4,5,1,23.716845,2.430263,3392,3410,3556
48600,1,1,5,8,1,23.713008,2.429898,3392,3410,3556
48610,11,13,6,31,1,23.711918,2.429738,3392,3410,3556
48620,11,20,3,35,1,23.712861,2.429833,3392,3417,3556
48630,19,15,9,44,1,23.715605,2.430092,3395,3422,3556
48640,13,9,3,26,1,23.718939,2.430467,3401,3422,3556
48650,12,0,1,14,1,23.718456,2.430349,3401,3422,3556
48660,2,1,0,4,1,23.715345,2.430038,3401,3422,3556
48670,10,1,1,13,1,23.712684,2.429697,3401,3422,3556
48680,4,7,4,16,1,23.710233,2.429418,3401,3422,3556
48690,2,0,0,3,1,23.708059,2.429178,3401,3422,3556
48700,8,2,10,21,1,23.705233,2.428892,3401,3422,3556
48710,7,8,7,23,1,23.704151,2.428748,3401,3422,3556
48720,8,11,17,37,1,23.705981,2.428959,3401,3422,3556
48730,3,10,17,31,1,23.709282,2.429321,3401,3423,3556
48740,1,10,16,28,1,23.710904,2.429469,3401,3423,3559
48750,8,14,15,38,1,23.712739,2.429538,3401,3423,3562
48760,6,17,15,39,1,23.715823,2.429898,3401,3424,3562
48770,4,6,3,14,1,23.715688,2.429943,3401,3424,3562
48780,4,4,1,10,1,23.713412,2.429754,3401,3424,3562
48790,5,1,1,8,1,23.709520,2.429302,3401,3424,3562
48800,4,4,16,25,1,23.707911,2.429008,3401,3424,3562
48810,7,2,16,26,1,23.707690,2.429003,3401,3424,3568
48820,4,9,10,24,1,23.706590,2.428843,3401,3424,3568
48830,0,7,4,12,1,23.705921,2.428762,3401,3424,3568
48840,0,0,0,0,0,23.702868,2.428488,3401,3424,3568
48850,10,9,10,30,1,23.701276,2.428206,3401,3424,3568
48860,11,7,7,26,1,23.703018,2.428352,3401,3424,3568
48870,14,6,7,28,1,23.703804,2.428496,3401,3424,3568
48880,13,15,9,38,1,23.705725,2.428600,3401,3424,3568
48890,13,13,5,32,1,23.708438,2.428830,3401,3424,3568
48900,17,9,7,34,1,23.710325,2.428945,3401,3424,3568
48910,15,18,4,38,1,23.713319,2.429285,3403,3424,3568
48920,14,18,4,37,1,23.714719,2.429386,3403,3424,3568
48930,17,10,5,33,1,23.716842,2.429596,3404,3429,3568
48940,6,0,0,7,1,23.716084,2.429603,3404,3429,3568
48950,1,5,3,10,1,23.712815,2.429256,3404,3429,3568
48960,2,11,7,21,1,23.711779,2.429133,3404,3429,3568
48970,3,0,3,7,1,23.708538,2.428839,3404,3429,3568
48980,0,0,0,0,0,23.704404,2.428485,3404,3429,3568
48990,2,8,0,11,1,23.701215,2.428080,3404,3429,3568
49000,7,4,4,16,1,23.698086,2.427702,3404,3429,3568
49010,0,5,11,17,1,23.696362,2.427513,3404,3429,3568
49020,2,4,8,15,1,23.693395,2.427187,3404,3429,3568
49030,0,4,2,7,1,23.690378,2.426886,3404,3429,3568
49040,0,8,11,20,1,23.689151,2.426698,3404,3429,3568
49050,0,2,0,3,1,23.685861,2.426425,3404,3429,3568
49060,2,1,0,4,1,23.682026,2.426080,3404,3429,3568
49070,0,0,0,0,0,23.679293,2.425712,3404,3429,3568
49080,8,9,5,23,1,23.675688,2.425291,3404,3429,3568
49090,10,5,8,24,1,23.675687,2.425228,3404,3429,3568
49100,8,3,9,21,1,23.676367,2.425275,3404,3429,3568
49110,6,1,2,10,1,23.674656,2.425083,3404,3429,3568
49120,0,5,1,7,1,23.670746,2.424696,3404,3429,3568
49130,2,9,4,16,1,23.667236,2.424319,3404,3429,3568
49140,2,5,3,11,1,23.666078,2.424143,3404,3429,3568
49150,4,4,10,19,1,23.663525,2.423935,3404,3429,3568
49160,3,6,10,20,1,23.662317,2.423804,3404,3429,3568
49170,6,8,3,18,1,23.661163,2.423725,3404,3429,3568
49180,10,2,2,15,1,23.658973,2.423453,3404,3429,3568
49190,6,5,10,22,1,23.655980,2.423145,3404,3429,3568
49200,1,16,10,28,1,23.656552,2.423166,3404,3429,3568
49210,1,1,0,3,1,23.654705,2.423015,3404,3429,3568
49220,2,3,5,11,1,23.650793,2.422623,3404,3429,3568
49230,6,4,15,26,1,23.650683,2.422610,3404,3429,3568
49240,3,1,16,21,1,23.650525,2.422667,3404,3429,3570
49250,2,8,5,16,1,23.649571,2.422562,3404,3429,3570
49260,0,0,0,0,0,23.646316,2.422267,3404,3429,3570
49270,2,0,1,4,1,23.642040,2.421822,3404,3429,3570
49280,0,0,0,1,1,23.637647,2.421391,3404,3429,3570
49290,1,0,0,2,1,23.634398,2.421001,3404,3429,3570
49300,14,9,6,30,1,23.631292,2.420610,3404,3429,3570
49310,7,18,1,27,1,23.632634,2.420761,3404,3431,3570
49320,11,19,8,39,1,23.634336,2.420938,3404,3433,3570
49330,3,7,2,13,1,23.634582,2.420992,3404,3433,3570
49340,10,10,1,22,1,23.633389,2.420757,3404,3433,3570
49350,17,18,5,41,1,23.635044,2.420824,3404,3435,3570
49360,12,8,0,21,1,23.636644,2.421046,3404,3435,3570
49370,7,10,5,23,1,23.635710,2.420914,3404,3435,3570
49380,11,12,1,25,1,23.635944,2.420906,3404,3435,3570
49390,12,7,0,20,1,23.635266,2.420860,3404,3435,3570
49400,19,10,15,45,1,23.636029,2.420846,3405,3435,3570
49410,11,13,8,33,1,23.638956,2.421144,3405,3435,3570
49420,11,14,16,42,1,23.641054,2.421332,3405,3435,3570
49430,10,9,16,36,1,23.643189,2.421533,3405,3435,3570
49440,13,10,17,41,1,23.645354,2.421688,3405,3435,3570
49450,6,8,20,35,1,23.648118,2.421974,3405,3435,3571
49460,4,12,16,33,1,23.649864,2.422171,3405,3435,3579
49470,10,14,16,41,1,23.652364,2.422375,3405,3435,3579
49480,19,20,19,59,1,23.658367,2.423029,3412,3436,3594
49490,4,11,3,19,1,23.661494,2.423427,3412,3436,3595
49500,10,15,9,35,1,23.662970,2.423562,3412,3436,3595
49510,8,19,19,47,1,23.667008,2.423938,3412,3440,3599
49520,7,13,19,40,1,23.670223,2.424261,3412,3443,3603
49530,8,2,15,26,1,23.671524,2.424402,3412,3443,3607
49540,17,10,20,48,1,23.673820,2.424510,3413,3443,3609
49550,11,18,8,38,1,23.676938,2.424918,3418,3443,3611
49560,9,3,9,22,1,23.677708,2.425015,3418,3443,3611
49570,6,1,8,16,1,23.676039,2.424832,3418,3443,3611
49580,0,1,2,4,1,23.672439,2.424462,3418,3443,3611
49590,5,0,2,8,1,23.668747,2.424077,3418,3443,3611
49600,0,2,1,4,1,23.665440,2.423736,3418,3443,3611
49610,1,1,1,4,1,23.661651,2.423407,3418,3443,3611
49620,7,8,10,26,1,23.659129,2.423031,3418,3443,3611
49630,8,14,12,35,1,23.659917,2.423055,3418,3443,3611
49640,16,11,9,37,1,23.661544,2.423260,3418,3443,3611
49650,19,20,19,59,1,23.666833,2.423715,3421,3443,3614
49660,20,15,17,53,1,23.672591,2.424373,3435,3447,3615
49670,18,16,19,54,1,23.677542,2.424813,3439,3447,3616
49680,12,19,16,48,1,23.683059,2.425481,3439,3459,3618
49690,4,17,10,32,1,23.685925,2.425813,3439,3467,3618
49700,2,11,9,23,1,23.685759,2.425734,3439,3467,3618
49710,1,9,3,14,1,23.685686,2.425715,3439,3467,3618
49720,4,14,4,23,1,23.684944,2.425607,3439,3467,3618
49730,9,13,8,31,1,23.686703,2.425726,3439,3467,3618
49740,0,14,11,26,1,23.688441,2.425912,3439,3467,3618
49750,2,2,7,12,1,23.687596,2.425809,3439,3467,3618
49760,0,2,2,5,1,23.683973,2.425496,3439,3467,3618
49770,0,2,0,3,1,23.680854,2.425105,3439,3467,3618
49780,5,11,12,29,1,23.678805,2.424803,3439,3467,3618
49790,17,11,20,49,1,23.682240,2.425124,3439,3467,3619
49800,6,9,16,32,1,23.684490,2.425352,3439,3467,3621
49810,0,3,17,21,1,23.685966,2.425557,3439,3467,3621
49820,12,8,4,25,1,23.685240,2.425465,3439,3467,3621
49830,16,11,5,33,1,23.687299,2.425655,3439,3467,3621
49840,15,16,12,44,1,23.691605,2.426094,3444,3474,3621
49850,16,16,5,38,1,23.694004,2.426358,3446,3474,3621
49860,12,4,5,22,1,23.693992,2.426415,3446,3474,3621
49870,1,0,0,2,1,23.690737,2.426159,3446,3474,3621
49880,3,2,0,6,1,23.687310,2.425826,3446,3474,3621
49890,2,3,1,7,1,23.683608,2.425505,3446,3474,3621
49900,3,5,12,21,1,23.682177,2.425362,3446,3474,3621
49910,10,5,17,33,1,23.682650,2.425419,3446,3474,3621
49920,0,0,17,18,1,23.682973,2.425505,3446,3474,3623
49930,0,8,16,25,1,23.682400,2.425424,3446,3474,3623
49940,1,0,1,3,1,23.679889,2.425210,3446,3474,3623
49950,0,5,4,10,1,23.675681,2.424772,3446,3474,3623
49960,5,2,7,15,1,23.673215,2.424508,3446,3474,3623
49970,1,2,0,4,1,23.669980,2.424175,3446,3474,3623
49980,1,1,2,5,1,23.666469,2.423819,3446,3474,3623
49990,5,5,12,23,1,23.663585,2.423457,3446,3474,3623
50000,13,6,0,20,1,23.662769,2.423317,3446,3474,3623
50010,7,8,6,22,1,23.661955,2.423217,3446,3474,3623
50020,9,15,3,28,1,23.662855,2.423283,3446,3474,3623
50030,0,3,1,5,1,23.660034,2.423051,3446,3474,3623
50040,4,3,0,8,1,23.656829,2.422702,3446,3474,3623
50050,2,2,6,11,1,23.653636,2.422388,3446,3474,3623
50060,16,3,18,38,1,23.653378,2.422310,3446,3474,3623
50070,14,2,20,37,1,23.656653,2.422718,3448,3474,3632
50080,18,1,20,40,1,23.659834,2.423017,3452,3474,3636
50090,18,8,15,42,1,23.662966,2.423351,3458,3474,3642
50100,14,11,6,32,1,23.664779,2.423575,3458,3474,3642
50110,14,20,9,44,1,23.667913,2.423899,3458,3477,3642
50120,8,15,7,31,1,23.672090,2.424389,3461,3484,3642
50130,13,18,19,51,1,23.675981,2.424821,3461,3490,3643
50140,19,19,16,55,1,23.682236,2.425474,3465,3507,3646
50150,12,12,12,37,1,23.687284,2.426024,3469,3514,3653
50160,10,11,9,31,1,23.690386,2.426305,3469,3514,3653
50170,4,11,10,26,1,23.690663,2.426342,3469,3514,3653
50180,0,7,6,14,1,23.690668,2.426306,3469,3514,3653
50190,3,13,13,30,1,23.690734,2.426271,3469,3514,3653
50200,8,2,10,21,1,23.690546,2.426310,3469,3514,3653
50210,0,1,1,3,1,23.688799,2.426238,3469,3514,3653
50220,4,14,3,22,1,23.685611,2.425924,3469,3514,3653
50230,0,16,0,17,1,23.685283,2.425869,3469,3515,3653
50240,2,19,1,23,1,23.684567,2.425764,3469,3515,3653
50250,11,19,9,40,1,23.684360,2.425662,3469,3516,3653
50260,17,18,15,51,1,23.688346,2.426098,3469,3522,3653
50270,19,15,14,49,1,23.694094,2.426745,3478,3527,3658
50280,16,8,6,31,1,23.697957,2.427143,3478,3527,3658
50290,2,0,5,8,1,23.695762,2.426991,3478,3527,3658
50300,5,2,5,13,1,23.691546,2.426597,3478,3527,3658
50310,6,12,0,19,1,23.691354,2.426585,3478,3527,3658
50320,2,18,18,39,1,23.692479,2.426684,3478,3528,3658
50330,2,6,13,22,1,23.694926,2.426953,3478,3528,3658
50340,5,5,8,19,1,23.694533,2.426910,3478,3528,3658
50350,2,2,2,7,1,23.691719,2.426694,3478,3528,3658
50360,12,4,15,32,1,23.689899,2.426442,3478,3528,3658
50370,13,1,14,29,1,23.692257,2.426692,3482,3528,3660
50380,11,12,9,33,1,23.693496,2.426792,3482,3528,3660
50390,12,13,13,39,1,23.696105,2.427057,3482,3528,3660
50400,2,10,19,32,1,23.698140,2.427308,3482,3528,3662
50410,3,15,15,34,1,23.701238,2.427629,3482,3528,3667
50420,11,16,9,37,1,23.702544,2.427751,3482,3528,3667
50430,7,18,9,35,1,23.705699,2.428082,3482,3528,3667
50440,3,14,11,29,1,23.708056,2.428282,3482,3528,3667
50450,13,19,19,52,1,23.711934,2.428648,3482,3528,3676
50460,16,15,17,49,1,23.717499,2.429271,3482,3531,3679
50470,18,12,18,49,1,23.723005,2.429897,3486,3536,3681
50480,13,11,19,44,1,23.727717,2.430358,3488,3536,3686
50490,18,8,18,45,1,23.731342,2.430644,3489,3536,3690
50500,17,6,19,43,1,23.735863,2.431129,3489,3536,3697
50510,2,2,15,20,1,23.737551,2.431389,3489,3536,3708
50520,6,11,17,35,1,23.738067,2.431386,3489,3536,3711
50530,5,10,15,31,1,23.739907,2.431691,3489,3536,3714
50540,1,7,6,15,1,23.739298,2.431637,3489,3536,3714
50550,7,6,1,15,1,23.736983,2.431467,3489,3536,3714
50560,1,0,3,5,1,23.735226,2.431369,3489,3536,3714
50570,1,3,4,9,1,23.731942,2.431035,3489,3536,3714
50580,13,14,0,28,1,23.731102,2.430854,3489,3537,3714
50590,4,2,0,7,1,23.729582,2.430760,3489,3537,3714
50600,1,2,3,7,1,23.725924,2.430369,3489,3537,3714
50610,6,4,1,12,1,23.722237,2.429999,3489,3537,3714
50620,3,8,6,18,1,23.721555,2.429898,3489,3537,3714
50630,4,1,1,7,1,23.718203,2.429612,3489,3537,3714
50640,0,8,5,14,1,23.715095,2.429282,3489,3537,3714
50650,6,4,8,19,1,23.714473,2.429187,3489,3537,3714
50660,7,4,8,20,1,23.713332,2.429112,3489,3537,3714
50670,6,14,9,30,1,23.714504,2.429162,3489,3537,3714
50680,2,13,7,23,1,23.717007,2.429441,3489,3537,3714
50690,5,18,4,28,1,23.716888,2.429407,3489,3540,3714
50700,6,8,0,15,1,23.718335,2.429519,3489,3545,3714
50710,2,12,9,24,1,23.717129,2.429384,3489,3545,3714
50720,1,0,0,2,1,23.714782,2.429196,3489,3545,3714
50730,2,8,7,18,1,23.712921,2.428964,3489,3545,3714
50740,2,6,0,9,1,23.710811,2.428775,3489,3545,3714
50750,1,13,10,25,1,23.710602,2.428664,3489,3545,3714
50760,8,18,9,36,1,23.711614,2.428785,3489,3545,3714
50770,2,7,4,14,1,23.711962,2.428893,3489,3546,3714
50780,20,5,4,30,1,23.710492,2.428721,3490,3546,3714
50790,19,8,4,32,1,23.710904,2.428771,3495,3546,3714
50800,9,8,6,24,1,23.712190,2.428959,3497,3546,3714
50810,11,4,10,26,1,23.714416,2.429190,3506,3546,3714
50820,4,9,1,15,1,23.713499,2.429036,3506,3546,3714
50830,8,12,5,26,1,23.711710,2.428831,3506,3546,3714
50840,11,9,4,25,1,23.713023,2.428944,3506,3546,3714
50850,12,5,7,25,1,23.713691,2.428991,3506,3546,3714
50860,18,0,3,22,1,23.713697,2.429015,3507,3546,3714
50870,14,0,1,16,1,23.712594,2.428870,3509,3546,3714
50880,2,3,3,9,1,23.709085,2.428558,3509,3546,3714
50890,0,10,1,12,1,23.706718,2.428245,3509,3546,3714
50900,8,3,7,19,1,23.704728,2.428010,3509,3546,3714
50910,0,4,9,14,1,23.702384,2.427817,3509,3546,3714
50920,3,7,1,12,1,23.698819,2.427480,3509,3546,3714
50930,7,3,13,24,1,23.697998,2.427325,3509,3546,3714
50940,6,0,13,20,1,23.698955,2.427461,3509,3546,3722
50950,16,1,19,37,1,23.700331,2.427532,3509,3546,3723
50960,7,2,14,24,1,23.701489,2.427678,3509,3546,3726
50970,1,14,13,29,1,23.703087,2.427864,3509,3546,3726
50980,2,6,9,18,1,23.703989,2.428052,3509,3546,3726
50990,1,1,6,9,1,23.704434,2.428110,3509,3546,3728
51000,0,0,0,1,1,23.700428,2.427713,3509,3546,3728
51010,0,0,0,0,0,23.697495,2.427318,3509,3546,3728
51020,1,4,0,6,1,23.694698,2.427064,3509,3546,3728
51030,2,6,6,15,1,23.690792,2.426730,3509,3546,3728
51040,3,2,16,22,1,23.691368,2.426787,3509,3546,3728
51050,0,0,0,1,1,23.689026,2.426594,3509,3546,3729
51060,9,2,3,15,1,23.685290,2.426234,3509,3546,3729
51070,0,2,0,3,1,23.681497,2.425887,3509,3546,3729
51080,0,0,3,4,1,23.678094,2.425522,3509,3546,3729
51090,0,8,2,11,1,23.676425,2.425252,3509,3546,3729
51100,0,0,2,3,1,23.673396,2.424935,3509,3546,3729
51110,8,13,5,27,1,23.671303,2.424651,3509,3546,3729
51120,14,7,2,24,1,23.671447,2.424664,3509,3547,3729
51130,11,1,2,15,1,23.670147,2.424534,3509,3547,3729
51140,3,6,2,12,1,23.668127,2.424248,3509,3547,3729
51150,10,2,12,25,1,23.665850,2.423959,3509,3547,3729
51160,8,3,6,18,1,23.664918,2.423857,3509,3547,3729
51170,0,4,8,13,1,23.662521,2.423552,3509,3547,3729
51180,3,0,0,4,1,23.659715,2.423248,3509,3547,3729
51190,8,1,1,11,1,23.656237,2.422919,3509,3547,3729
51200,0,0,0,0,0,23.652880,2.422602,3509,3547,3729
51210,1,2,0,4,1,23.648986,2.422250,3509,3547,3729
51220,2,0,1,4,1,23.646003,2.421899,3509,3547,3729
51230,2,3,3,9,1,23.642203,2.421542,3509,3547,3729
51240,0,1,0,2,1,23.638707,2.421231,3509,3547,3729
51250,0,0,1,2,1,23.634929,2.420847,3509,3547,3729
51260,6,3,1,11,1,23.631195,2.420424,3509,3547,3729
51270,1,1,1,4,1,23.627804,2.420157,3509,3547,3729
51280,0,2,2,5,1,23.623638,2.419787,3509,3547,3729
51290,3,2,2,8,1,23.619974,2.419453,3509,3547,3729
51300,1,1,3,6,1,23.616821,2.419123,3509,3547,3729
51310,5,1,0,7,1,23.613010,2.418775,3509,3547,3729
51320,0,1,1,3,1,23.608863,2.418445,3509,3547,3729
51330,7,6,5,19,1,23.605629,2.418126,3509,3547,3729
51340,10,7,5,23,1,23.605622,2.418036,3509,3547,3729
51350,16,4,15,36,1,23.607714,2.418220,3509,3547,3729
51360,17,17,17,52,1,23.612018,2.418683,3516,3547,3735
51370,14,0,12,27,1,23.615520,2.419059,3520,3547,3735
51380,8,0,9,18,1,23.615636,2.419065,3520,3547,3735
51390,4,4,1,10,1,23.613394,2.418838,3520,3547,3735
51400,2,4,2,9,1,23.609849,2.418492,3520,3547,3735
51410,6,9,2,18,1,23.607284,2.418252,3520,3547,3735
51420,11,4,0,16,1,23.607044,2.418216,3520,3547,3735
51430,1,3,3,8,1,23.604324,2.417979,3520,3547,3735
51440,0,1,0,2,1,23.600444,2.417546,3520,3547,3735
51450,3,0,3,7,1,23.596610,2.417161,3520,3547,3735
51460,4,6,1,12,1,23.593498,2.416859,3520,3547,3735
51470,6,6,2,15,1,23.592065,2.416701,3520,3547,3735
51480,1,6,12,20,1,23.591351,2.416588,3520,3547,3735
51490,11,8,8,28,1,23.592392,2.416693,3520,3547,3735
51500,1,2,1,5,1,23.591171,2.416580,3520,3547,3735
51510,2,1,0,4,1,23.588464,2.416306,3520,3547,3735
51520,0,5,3,9,1,23.585442,2.416028,3520,3547,3735
51530,3,7,0,11,1,23.582200,2.415670,3520,3547,3735
51540,0,0,1,2,1,23.579381,2.415365,3520,3547,3735
51550,1,1,0,3,1,23.576753,2.415109,3520,3547,3735
51560,2,2,2,7,1,23.572545,2.414695,3520,3547,3735
51570,4,2,0,7,1,23.568822,2.414264,3520,3547,3735
51580,0,0,0,0,0,23.564769,2.413904,3520,3547,3735
51590,0,0,0,0,0,23.560836,2.413543,3520,3547,3735
51600,0,0,1,2,1,23.557249,2.413226,3520,3547,3735
51610,0,0,0,1,1,23.553225,2.412860,3520,3547,3735
51620,0,1,0,2,1,23.549528,2.412470,3520,3547,3735
51630,0,1,5,7,1,23.545523,2.412106,3520,3547,3735
51640,4,3,2,10,1,23.543352,2.411920,3520,3547,3735
51650,1,3,1,6,1,23.539141,2.411539,3520,3547,3735
51660,1,0,0,2,1,23.535614,2.411214,3520,3547,3735
51670,2,3,0,6,1,23.531963,2.410848,3520,3547,3735
51680,6,3,8,18,1,23.531000,2.410709,3520,3547,3735
51690,6,9,12,28,1,23.532181,2.410761,3520,3547,3735
51700,3,0,4,8,1,23.531618,2.410764,3520,3547,3735
51710,0,12,5,18,1,23.529007,2.410494,3520,3547,3735
51720,0,0,1,2,1,23.526596,2.410269,3520,3547,3735
51730,11,2,8,22,1,23.525011,2.410053,3520,3547,3735
51740,15,8,17,41,1,23.527419,2.410340,3520,3547,3740
51750,6,2,18,27,1,23.528460,2.410450,3520,3547,3740
51760,11,1,16,29,1,23.529611,2.410518,3520,3547,3746
51770,11,4,10,26,1,23.528978,2.410404,3520,3547,3746
51780,13,9,9,32,1,23.530785,2.410616,3520,3547,3746
51790,13,16,7,37,1,23.533241,2.410794,3520,3547,3746
51800,11,14,2,28,1,23.535505,2.411043,3520,3548,3746
51810,4,8,0,13,1,23.534226,2.410967,3520,3548,3746
51820,0,2,4,7,1,23.530936,2.410652,3520,3548,3746
51830,5,3,2,11,1,23.527820,2.410308,3520,3548,3746
51840,13,7,9,30,1,23.527872,2.410278,3520,3548,3746
51850,0,3,8,12,1,23.525962,2.410085,3520,3548,3746
51860,1,5,7,14,1,23.523715,2.409867,3520,3548,3746
51870,5,3,11,20,1,23.522129,2.409698,3520,3548,3746
51880,11,1,18,31,1,23.522571,2.409708,3520,3548,3749
51890,2,5,14,22,1,23.523150,2.409785,3520,3548,3758
51900,2,14,1,18,1,23.523131,2.409805,3520,3548,3758
51910,0,2,3,6,1,23.520205,2.409513,3520,3548,3758
51920,3,4,4,12,1,23.517042,2.409201,3520,3548,3758
51930,7,10,9,27,1,23.515624,2.409035,3520,3548,3758
51940,5,8,1,15,1,23.515248,2.408976,3520,3548,3758
51950,7,7,13,28,1,23.514562,2.408861,3520,3548,3758
51960,0,3,4,8,1,23.512444,2.408742,3520,3548,3758
51970,6,0,1,8,1,23.508835,2.408365,3520,3548,3758
51980,6,3,10,20,1,23.507988,2.408210,3520,3548,3758
51990,1,0,3,5,1,23.504471,2.407943,3520,3548,3758
52000,8,6,15,30,1,23.503771,2.407808,3520,3548,3758
52010,13,10,13,37,1,23.506549,2.408039,3520,3548,3762
52020,10,2,6,19,1,23.507217,2.408186,3520,3548,3762
52030,8,4,8,21,1,23.506455,2.408115,3520,3548,3762
52040,1,6,15,23,1,23.506240,2.408125,3520,3548,3762
52050,8,3,5,17,1,23.504661,2.408037,3520,3548,3762
52060,0,0,0,0,0,23.501804,2.407771,3520,3548,3762
52070,8,5,3,17,1,23.498527,2.407428,3520,3548,3762
52080,15,6,2,24,1,23.498743,2.407420,3520,3548,3762
52090,10,5,3,19,1,23.498239,2.407462,3520,3548,3762
52100,5,5,6,17,1,23.498205,2.407489,3520,3548,3762
52110,9,9,11,30,1,23.497473,2.407370,3520,3548,3762
52120,0,8,3,12,1,23.497756,2.407444,3520,3548,3762
52130,2,2,0,5,1,23.493867,2.407091,3520,3548,3762
52140,3,6,2,12,1,23.491236,2.406768,3520,3548,3762
52150,16,2,7,26,1,23.490602,2.406621,3520,3548,3762
52160,15,2,11,29,1,23.491479,2.406709,3523,3548,3762
52170,2,8,14,25,1,23.491569,2.406683,3523,3548,3762
52180,2,18,10,31,1,23.492332,2.406698,3523,3548,3762
52190,1,6,2,10,1,23.491098,2.406603,3523,3548,3762
52200,11,1,15,28,1,23.491330,2.406601,3523,3548,3762
52210,18,2,16,37,1,23.493840,2.406800,3528,3548,3764
52220,20,15,19,55,1,23.497951,2.407143,3544,3548,3764
52230,13,17,17,48,1,23.503686,2.407866,3551,3548,3780
52240,12,17,18,48,1,23.507617,2.408281,3551,3548,3780
52250,1,16,15,33,1,23.509674,2.408485,3551,3550,3781
52260,14,8,13,36,1,23.512682,2.408740,3551,3550,3781
52270,6,16,12,35,1,23.515340,2.408977,3551,3550,3781
52280,8,2,10,21,1,23.516008,2.409077,3551,3550,3781
52290,8,4,8,21,1,23.516124,2.409129,3551,3550,3781
52300,3,6,4,14,1,23.514446,2.408932,3551,3550,3781
52310,12,4,9,26,1,23.513295,2.408808,3551,3550,3781
52320,15,1,0,17,1,23.514053,2.408874,3551,3550,3781
52330,12,18,1,32,1,23.514049,2.408848,3551,3550,3781
52340,17,15,5,38,1,23.515554,2.408972,3551,3550,3781
52350,13,11,19,44,1,23.518459,2.409254,3554,3550,3781
52360,20,11,20,52,1,23.522652,2.409639,3558,3550,3785
52370,15,11,12,39,1,23.526656,2.410142,3559,3550,3789
52380,5,11,6,23,1,23.526918,2.410233,3559,3550,3789
52390,4,8,12,25,1,23.525727,2.410123,3559,3550,3789
52400,12,4,9,26,1,23.525999,2.410111,3559,3550,3789
52410,9,3,9,22,1,23.525923,2.410135,3559,3550,3789
52420,2,8,14,25,1,23.525408,2.410080,3559,3550,3789
52430,1,10,11,23,1,23.524620,2.410035,3559,3550,3789
52440,0,11,18,30,1,23.526356,2.410197,3559,3550,3789
52450,1,1,12,15,1,23.526322,2.410178,3559,3550,3789
52460,2,7,3,13,1,23.524308,2.409960,3559,3550,3789
52470,6,3,4,14,1,23.521008,2.409620,3559,3550,3789
52480,1,0,0,2,1,23.517438,2.409262,3559,3550,3789
52490,5,3,0,9,1,23.513870,2.408914,3559,3550,3789
52500,4,1,5,11,1,23.510402,2.408533,3559,3550,3789
52510,8,1,4,14,1,23.509805,2.408465,3559,3550,3789
52520,6,7,11,25,1,23.508193,2.408294,3559,3550,3789
52530,7,19,14,41,1,23.510811,2.408523,3559,3559,3789
52540,3,14,13,31,1,23.513742,2.408812,3559,3567,3789
52550,4,3,17,25,1,23.513454,2.408804,3559,3567,3789
52560,4,8,12,25,1,23.512561,2.408720,3559,3567,3789
52570,4,14,14,33,1,23.513352,2.408804,3559,3567,3789
52580,9,10,8,28,1,23.514517,2.408940,3559,3567,3789
52590,8,7,5,21,1,23.514204,2.408883,3559,3567,3789
52600,17,5,4,27,1,23.513488,2.408812,3559,3567,3789
52610,17,20,7,45,1,23.515358,2.408894,3560,3567,3789
52620,19,14,2,36,1,23.518341,2.409240,3560,3575,3789
52630,14,13,4,32,1,23.520253,2.409425,3564,3575,3789
52640,19,14,9,43,1,23.523479,2.409763,3566,3576,3789
52650,8,10,4,23,1,23.523939,2.409846,3566,3576,3789
52660,3,2,1,7,1,23.521021,2.409592,3566,3576,3789
52670,4,8,9,22,1,23.518375,2.409324,3566,3576,3789
52680,5,8,13,27,1,23.516246,2.409080,3566,3576,3789
52690,10,18,18,47,1,23.517234,2.409067,3566,3576,3789
52700,14,9,17,41,1,23.522237,2.409634,3566,3579,3795
52710,11,17,11,40,1,23.526002,2.410013,3566,3579,3799
52720,16,17,18,52,1,23.530571,2.410466,3566,3585,3804
52730,12,18,9,40,1,23.535211,2.410958,3566,3587,3812
52740,7,7,13,28,1,23.536844,2.411123,3566,3587,3812
52750,15,13,19,48,1,23.539413,2.411310,3566,3587,3814
52760,19,14,18,52,1,23.543335,2.411700,3566,3587,3823
52770,4,8,13,26,1,23.544811,2.411939,3566,3587,3823
52780,3,5,15,24,1,23.546834,2.412154,3566,3587,3826
52790,3,0,2,6,1,23.544065,2.411943,3566,3587,3826
52800,2,0,2,5,1,23.540773,2.411618,3566,3587,3826
52810,2,3,4,10,1,23.537315,2.411225,3566,3587,3826
52820,4,5,6,16,1,23.535660,2.411030,3566,3587,3826
52830,18,6,13,38,1,23.536350,2.411038,3567,3587,3826
52840,19,5,5,30,1,23.537765,2.411261,3572,3587,3826
52850,9,0,1,11,1,23.536383,2.411117,3573,3587,3826
52860,0,0,2,3,1,23.534877,2.410915,3573,3587,3826
52870,0,2,1,4,1,23.530838,2.410518,3573,3587,3826
52880,0,2,1,4,1,23.527402,2.410257,3573,3587,3826
52890,3,1,6,11,1,23.523906,2.409827,3573,3587,3826
52900,4,4,2,11,1,23.520576,2.409470,3573,3587,3826
52910,4,5,16,26,1,23.519258,2.409301,3573,3587,3826
52920,2,0,3,6,1,23.518371,2.409232,3573,3587,3826
52930,2,6,6,15,1,23.515650,2.408923,3573,3587,3826
52940,0,1,0,2,1,23.511969,2.408586,3573,3587,3826
52950,3,3,2,9,1,23.508788,2.408240,3573,3587,3826
52960,3,6,7,17,1,23.506750,2.408053,3573,3587,3826
52970,5,2,1,9,1,23.504692,2.407784,3573,3587,3826
52980,19,4,5,29,1,23.504430,2.407695,3577,3587,3826
52990,10,1,1,13,1,23.503998,2.407761,3577,3587,3826
53000,0,0,0,0,0,23.501294,2.407566,3577,3587,3826
53010,3,1,0,5,1,23.497695,2.407191,3577,3587,3826
53020,9,4,14,28,1,23.496397,2.406991,3577,3587,3826
53030,4,7,14,26,1,23.496590,2.407055,3577,3587,3826
53040,3,6,4,14,1,23.494768,2.406895,3577,3587,3826
53050,0,1,0,2,1,23.491563,2.406616,3577,3587,3826
53060,1,3,1,6,1,23.487853,2.406192,3577,3587,3826
53070,0,0,0,0,0,23.484686,2.405898,3577,3587,3826
53080,13,15,10,39,1,23.484457,2.405738,3577,3587,3826
53090,17,18,1,37,1,23.486939,2.406033,3577,3594,3826
53100,10,17,8,36,1,23.488293,2.406170,3577,3594,3826
53110,7,16,13,37,1,23.490040,2.406384,3577,3594,3826
53120,16,17,15,49,1,23.493388,2.406688,3577,3594,3826
53130,15,16,12,44,1,23.498056,2.407188,3583,3596,3826
53140,11,10,0,22,1,23.500068,2.407420,3583,3596,3826
53150,4,0,1,6,1,23.499045,2.407360,3583,3596,3826
53160,4,3,5,13,1,23.496895,2.407114,3583,3596,3826
53170,1,2,1,5,1,23.493694,2.406854,3583,3596,3826
53180,0,0,0,0,0,23.489785,2.406540,3583,3596,3826
53190,3,6,6,16,1,23.487601,2.406338,3583,3596,3826
53200,2,13,9,25,1,23.487077,2.406245,3583,3596,3826
53210,4,5,4,14,1,23.485759,2.406108,3583,3596,3826
53220,7,7,3,18,1,23.485532,2.406097,3583,3596,3826
53230,6,5,7,19,1,23.484053,2.405888,3583,3596,3826
53240,2,2,3,8,1,23.482095,2.405690,3583,3596,3826
53250,5,9,2,17,1,23.478908,2.405376,3583,3596,3826
53260,5,2,3,11,1,23.476150,2.405082,3583,3596,3826
53270,4,2,6,13,1,23.473064,2.404755,3583,3596,3826
53280,1,1,0,3,1,23.470550,2.404528,3583,3596,3826
53290,6,4,2,13,1,23.467290,2.404192,3583,3596,3826
53300,0,0,0,0,0,23.464161,2.403935,3583,3596,3826
53310,0,0,0,1,1,23.460494,2.403576,3583,3596,3826
53320,8,8,5,22,1,23.458977,2.403386,3583,3596,3826
53330,3,5,2,11,1,23.457015,2.403225,3583,3596,3826
53340,4,14,14,33,1,23.456337,2.403080,3583,3596,3826
53350,3,4,4,12,1,23.455231,2.403071,3583,3596,3826
53360,4,1,2,8,1,23.452565,2.402768,3583,3596,3826
53370,6,2,1,10,1,23.450031,2.402511,3583,3596,3826
53380,8,17,4,30,1,23.449707,2.402462,3583,3596,3826
53390,5,13,3,22,1,23.449522,2.402478,3583,3599,3826
53400,2,2,1,6,1,23.446292,2.402238,3583,3599,3826
53410,0,6,0,7,1,23.443150,2.401923,3583,3599,3826
53420,7,9,0,17,1,23.440198,2.401601,3583,3599,3826
53430,14,9,4,28,1,23.441110,2.401660,3583,3599,3826
53440,15,11,9,36,1,23.442333,2.401793,3583,3599,3826
53450,18,10,9,38,1,23.445367,2.402097,3593,3599,3826
53460,13,7,11,32,1,23.448405,2.402434,3596,3599,3826
53470,9,5,9,24,1,23.449488,2.402548,3596,3599,3826
53480,13,14,18,46,1,23.452524,2.402876,3596,3599,3833
53490,16,18,20,55,1,23.458056,2.403464,3603,3599,3834
53500,17,11,14,43,1,23.463211,2.403995,3603,3601,3836
53510,17,6,17,41,1,23.467399,2.404472,3609,3601,3843
53520,14,1,15,31,1,23.470051,2.404733,3610,3601,3844
53530,12,0,14,27,1,23.472194,2.404951,3618,3601,3844
53540,4,1,15,21,1,23.472830,2.405023,3618,3601,3844
53550,5,6,15,27,1,23.471878,2.404924,3618,3601,3844
53560,5,1,2,9,1,23.469972,2.404736,3618,3601,3844
53570,6,7,1,15,1,23.466673,2.404387,3618,3601,3844
53580,10,14,6,31,1,23.465215,2.404249,3618,3601,3844
53590,17,12,14,44,1,23.468633,2.404566,3622,3606,3844
53600,15,16,17,49,1,23.472379,2.404920,3622,3606,3846
53610,18,16,10,45,1,23.477060,2.405481,3626,3614,3846
53620,14,13,13,41,1,23.479822,2.405789,3626,3614,3846
53630,2,4,2,9,1,23.479506,2.405773,3626,3614,3846
53640,0,7,0,8,1,23.476564,2.405456,3626,3614,3846
53650,6,0,8,15,1,23.473894,2.405209,3626,3614,3846
53660,4,1,2,8,1,23.473257,2.405187,3626,3614,3846
53670,11,1,7,20,1,23.470062,2.404743,3626,3614,3846
53680,4,2,7,14,1,23.469357,2.404660,3626,3614,3846
53690,10,1,11,23,1,23.468888,2.404573,3626,3614,3846
53700,3,0,1,5,1,23.468087,2.404522,3626,3614,3846
53710,0,0,2,3,1,23.464293,2.404090,3626,3614,3846
53720,1,10,9,21,1,23.463599,2.403980,3626,3614,3846
53730,0,0,0,1,1,23.461267,2.403781,3626,3614,3846
53740,0,0,0,0,0,23.458191,2.403459,3626,3614,3846
53750,3,6,7,17,1,23.454326,2.403098,3626,3614,3846
53760,6,1,6,14,1,23.452662,2.402958,3626,3614,3846
53770,5,3,4,13,1,23.450525,2.402797,3626,3614,3846
53780,2,0,7,10,1,23.449076,2.402646,3626,3614,3846
53790,0,0,4,5,1,23.445929,2.402304,3626,3614,3846
53800,3,2,2,8,1,23.443446,2.402029,3626,3614,3846
53810,6,1,0,8,1,23.440683,2.401730,3626,3614,3846
53820,9,4,4,18,1,23.437859,2.401412,3626,3614,3846
53830,3,0,1,5,1,23.434900,2.401130,3626,3614,3846
53840,2,3,0,6,1,23.431208,2.400791,3626,3614,3846
53850,10,4,5,20,1,23.429631,2.400554,3626,3614,3846
53860,12,5,4,22,1,23.428350,2.400398,3626,3614,3846
53870,14,1,0,16,1,23.426515,2.400240,3626,3614,3846
53880,2,5,4,12,1,23.425443,2.400083,3626,3614,3846
53890,1,1,4,7,1,23.422410,2.399789,3626,3614,3846
53900,2,1,0,4,1,23.419770,2.399507,3626,3614,3846
53910,1,11,4,17,1,23.418271,2.399334,3626,3614,3846
53920,5,8,12,26,1,23.417752,2.399260,3626,3614,3846
53930,0,6,10,17,1,23.417909,2.399284,3626,3614,3846
53940,1,0,10,12,1,23.417417,2.399241,3626,3614,3846
53950,4,0,1,6,1,23.414588,2.398945,3626,3614,3846
53960,1,1,4,7,1,23.411736,2.398696,3626,3614,3846
53970,6,0,2,9,1,23.408025,2.398364,3626,3614,3846
53980,4,3,1,9,1,23.405882,2.398134,3626,3614,3846
53990,4,5,1,11,1,23.402377,2.397727,3626,3614,3846
54000,10,0,1,12,1,23.400383,2.397521,3626,3614,3846
54010,11,5,1,18,1,23.399430,2.397413,3635,3614,3846
54020,12,14,10,37,1,23.400695,2.397513,3635,3614,3846
54030,19,18,17,55,1,23.405638,2.398063,3635,3620,3848
54040,14,15,20,50,1,23.409949,2.398512,3636,3620,3850
54050,19,18,16,54,1,23.415815,2.399166,3645,3630,3852
54060,19,19,18,57,1,23.421391,2.399735,3648,3637,3852
54070,17,13,16,47,1,23.427080,2.400380,3658,3640,3863
54080,17,6,11,35,1,23.430372,2.400734,3659,3640,3863
54090,19,11,17,48,1,23.433426,2.401031,3667,3640,3863
54100,18,20,18,57,1,23.438459,2.401559,3671,3641,3864
54110,18,20,18,57,1,23.444361,2.402230,3674,3649,3873
54120,19,14,10,44,1,23.449135,2.402845,3674,3652,3873
54130,19,14,15,49,1,23.453069,2.403305,3681,3652,3873
54140,6,18,13,38,1,23.456564,2.403689,3681,3658,3873
54150,8,13,8,30,1,23.459156,2.403993,3681,3659,3873
54160,11,14,6,32,1,23.460334,2.404121,3681,3659,3873
54170,10,2,2,15,1,23.459457,2.404029,3681,3659,3873
54180,11,4,3,19,1,23.458217,2.403896,3681,3659,3873
54190,8,7,2,18,1,23.455837,2.403686,3681,3659,3873
54200,18,14,10,43,1,23.456854,2.403712,3683,3659,3873
54210,17,15,6,39,1,23.460952,2.404171,3692,3662,3873
54220,18,12,7,38,1,23.462789,2.404275,3692,3662,3873
54230,12,5,1,19,1,23.463093,2.404377,3694,3662,3873
54240,1,1,2,5,1,23.460532,2.404140,3694,3662,3873
54250,1,5,5,12,1,23.458224,2.403874,3694,3662,3873
54260,3,4,9,17,1,23.457068,2.403731,3694,3662,3873
54270,5,5,20,31,1,23.457457,2.403751,3694,3662,3877
54280,0,2,12,15,1,23.455805,2.403643,3694,3662,3877
54290,0,1,10,12,1,23.455105,2.403556,3694,3662,3877
54300,4,1,6,12,1,23.452857,2.403387,3694,3662,3877
54310,2,3,2,8,1,23.450404,2.403107,3694,3662,3877
54320,11,3,3,18,1,23.448097,2.402810,3694,3662,3877
54330,5,2,3,11,1,23.445945,2.402592,3694,3662,3877
54340,0,0,0,1,1,23.442215,2.402271,3694,3662,3877
54350,0,0,0,1,1,23.438916,2.401900,3694,3662,3877
54360,0,1,3,5,1,23.435250,2.401531,3694,3662,3877
54370,11,8,4,24,1,23.433690,2.401310,3694,3662,3877
54380,8,16,0,25,1,23.433436,2.401255,3694,3662,3877
54390,0,10,2,13,1,23.432935,2.401216,3694,3666,3877
54400,11,16,2,30,1,23.433040,2.401198,3694,3666,3877
54410,15,16,5,37,1,23.435720,2.401493,3694,3667,3877
54420,13,19,11,44,1,23.438816,2.401768,3694,3676,3877
54430,10,14,6,31,1,23.440740,2.401963,3694,3676,3877
54440,20,13,17,51,1,23.445428,2.402383,3696,3677,3878
54450,3,0,14,18,1,23.447979,2.402697,3696,3677,3878
54460,0,0,0,1,1,23.445295,2.402528,3696,3677,3878
54470,5,2,4,12,1,23.442936,2.402248,3696,3677,3878
54480,10,10,2,23,1,23.441340,2.402011,3696,3677,3878
54490,19,14,7,41,1,23.442348,2.402085,3696,3677,3878
54500,19,14,7,41,1,23.445945,2.402488,3702,3681,3878
54510,12,6,0,19,1,23.447272,2.402663,3704,3681,3878
54520,15,8,1,25,1,23.448659,2.402762,3707,3681,3878
54530,10,3,0,14,1,23.448896,2.402807,3707,3681,3878
54540,4,6,0,11,1,23.447745,2.402651,3707,3681,3878
54550,11,3,11,26,1,23.446716,2.402481,3707,3681,3878
54560,2,0,7,10,1,23.445061,2.402359,3707,3681,3878
54570,2,2,1,6,1,23.442336,2.402096,3707,3681,3878
54580,5,3,5,14,1,23.440423,2.401903,3707,3681,3878
54590,11,9,5,26,1,23.437888,2.401592,3707,3681,3878
54600,19,12,1,33,1,23.438428,2.401577,3707,3681,3878
54610,18,18,20,57,1,23.442616,2.401942,3717,3687,3881
54620,14,20,18,53,1,23.448255,2.402585,3717,3690,3889
54630,0,14,11,26,1,23.450595,2.402891,3717,3691,3889
54640,2,2,10,15,1,23.449858,2.402827,3717,3691,3889
54650,7,1,15,24,1,23.449486,2.402787,3717,3691,3889
54660,9,3,1,14,1,23.448440,2.402700,3717,3691,3889
54670,7,2,1,11,1,23.446561,2.402389,3717,3691,3889
54680,15,1,7,24,1,23.446617,2.402384,3717,3691,3889
54690,12,1,9,23,1,23.447214,2.402412,3717,3691,3889
54700,10,7,10,28,1,23.447253,2.402423,3717,3691,3889
54710,17,3,12,33,1,23.448766,2.402567,3717,3691,3889
54720,18,10,5,34,1,23.449014,2.402600,3717,3691,3889
54730,16,10,4,31,1,23.450346,2.402743,3720,3691,3889
54740,17,0,2,20,1,23.450170,2.402728,3724,3691,3889
54750,1,9,3,14,1,23.447644,2.402427,3724,3691,3889
54760,5,5,11,22,1,23.446729,2.402336,3724,3691,3889
54770,4,8,12,25,1,23.446194,2.402297,3724,3691,3889
54780,0,0,0,1,1,23.443877,2.402099,3724,3691,3889
54790,4,5,8,18,1,23.440515,2.401654,3724,3691,3889
54800,6,13,15,35,1,23.440208,2.401548,3724,3691,3889
54810,5,7,9,22,1,23.441973,2.401781,3724,3691,3889
54820,11,19,6,37,1,23.443150,2.401873,3724,3691,3889
54830,0,19,0,20,1,23.443715,2.401947,3724,3695,3889
54840,11,12,8,32,1,23.443001,2.401836,3724,3695,3889
54850,11,8,15,35,1,23.446117,2.402167,3724,3695,3889
54860,9,3,17,30,1,23.446548,2.402151,3724,3695,3889
54870,2,2,16,21,1,23.446343,2.402165,3724,3695,3889
54880,10,4,20,35,1,23.447821,2.402332,3724,3695,3894
54890,10,5,20,36,1,23.449432,2.402482,3724,3695,3899
54900,13,12,8,34,1,23.450043,2.402520,3724,3695,3899
54910,15,12,5,33,1,23.452453,2.402757,3724,3695,3899
54920,1,5,1,8,1,23.451886,2.402759,3724,3695,3899
54930,0,0,0,1,1,23.448492,2.402491,3724,3695,3899
54940,11,1,2,15,1,23.446597,2.402348,3724,3695,3899
54950,6,8,3,18,1,23.445956,2.402308,3724,3695,3899
54960,4,5,2,12,1,23.443869,2.402097,3724,3695,3899
54970,1,0,0,2,1,23.440371,2.401817,3724,3695,3899
54980,0,0,0,1,1,23.436541,2.401485,3724,3695,3899
54990,6,6,3,16,1,23.433456,2.401132,3724,3695,3899
55000,1,1,2,5,1,23.430238,2.400827,3724,3695,3899
55010,0,3,5,9,1,23.428520,2.400613,3724,3695,3899
55020,1,8,5,15,1,23.425623,2.400319,3724,3695,3899
55030,2,0,3,6,1,23.424237,2.400171,3724,3695,3899
55040,0,0,1,2,1,23.420624,2.399884,3724,3695,3899
55050,10,1,2,14,1,23.416963,2.399498,3724,3695,3899
55060,18,10,9,38,1,23.417429,2.399454,3724,3695,3899
55070,12,16,17,46,1,23.420984,2.399817,3724,3695,3900
55080,12,13,15,41,1,23.424075,2.400078,3724,3695,3900
55090,9,15,15,40,1,23.425941,2.400227,3724,3695,3900
55100,9,19,19,48,1,23.430424,2.400712,3724,3705,3907
55110,0,11,8,20,1,23.432629,2.400981,3724,3705,3909
55120,6,15,18,40,1,23.433989,2.401069,3724,3705,3909
55130,13,19,18,51,1,23.438239,2.401552,3724,3710,3914
55140,10,15,19,45,1,23.442769,2.402072,3724,3715,3923
55150,8,13,16,38,1,23.446303,2.402517,3724,3717,3928
55160,1,14,14,30,1,23.447768,2.402683,3724,3717,3928
55170,5,14,11,31,1,23.448265,2.402737,3724,3717,3928
55180,7,8,10,26,1,23.449696,2.402917,3724,3717,3928
55190,0,4,4,9,1,23.447330,2.402731,3724,3717,3928
55200,5,8,5,19,1,23.446429,2.402583,3724,3717,3928
55210,5,2,0,8,1,23.444956,2.402431,3724,3717,3928
55220,1,1,3,6,1,23.441680,2.402075,3724,3717,3928
55230,1,2,2,6,1,23.438188,2.401702,3724,3717,3928
55240,5,7,5,18,1,23.436048,2.401401,3724,3717,3928
55250,11,4,3,19,1,23.433692,2.401189,3724,3717,3928
55260,1,1,14,17,1,23.433178,2.401121,3724,3717,3928
55270,10,10,19,40,1,23.434285,2.401175,3724,3717,3936
55280,3,10,14,28,1,23.436548,2.401418,3724,3717,3941
55290,3,0,2,6,1,23.435998,2.401387,3724,3717,3941
55300,0,4,0,5,1,23.434099,2.401186,3724,3717,3941
55310,0,0,0,0,0,23.430413,2.400833,3724,3717,3941
55320,4,0,11,16,1,23.427515,2.400583,3724,3717,3941
55330,3,3,5,12,1,23.424534,2.400254,3724,3717,3941
55340,0,6,0,7,1,23.421702,2.399984,3724,3717,3941
55350,4,5,2,12,1,23.418760,2.399654,3724,3717,3941
55360,0,1,13,15,1,23.416941,2.399439,3724,3717,3941
55370,8,6,17,32,1,23.415829,2.399199,3724,3717,3941
55380,0,6,16,23,1,23.416865,2.399352,3724,3717,3943
55390,11,17,19,48,1,23.418674,2.399514,3724,3717,3945
55400,6,13,12,32,1,23.422204,2.399869,3724,3717,3950
55410,11,17,9,38,1,23.424341,2.400024,3724,3719,3950
55420,13,9,11,34,1,23.426044,2.400126,3724,3719,3950
55430,15,7,17,40,1,23.427704,2.400294,3724,3719,3950
55440,11,2,10,24,1,23.430242,2.400624,3730,3719,3953
55450,1,0,1,3,1,23.428567,2.400481,3730,3719,3953
55460,8,12,6,27,1,23.425343,2.400114,3730,3719,3953
55470,8,12,5,26,1,23.427940,2.400325,3730,3719,3953
55480,1,0,0,2,1,23.426877,2.400254,3730,3719,3953
55490,1,3,0,5,1,23.424187,2.400017,3730,3719,3953
55500,1,12,8,22,1,23.423223,2.399881,3730,3719,3953
55510,4,2,4,11,1,23.421296,2.399739,3730,3719,3953
55520,1,1,0,3,1,23.418613,2.399475,3730,3719,3953
55530,6,11,2,20,1,23.416948,2.399259,3730,3719,3953
55540,10,9,9,29,1,23.417244,2.399301,3730,3719,3953
55550,9,7,6,23,1,23.418687,2.399500,3730,3719,3953
55560,5,15,11,32,1,23.418654,2.399442,3730,3719,3953
55570,7,15,0,23,1,23.419492,2.399539,3730,3719,3953
55580,1,19,14,35,1,23.419301,2.399540,3730,3719,3953
55590,9,18,13,41,1,23.421591,2.399790,3730,3723,3953
55600,4,15,5,25,1,23.423416,2.400002,3730,3727,3953
55610,0,10,7,18,1,23.423493,2.400052,3730,3727,3953
55620,6,4,4,15,1,23.421873,2.399902,3730,3727,3953
55630,17,11,7,36,1,23.423415,2.399961,3730,3727,3953
55640,2,0,1,4,1,23.422973,2.399972,3730,3727,3953
55650,1,2,0,4,1,23.419197,2.399671,3730,3727,3953
55660,4,2,1,8,1,23.416125,2.399311,3730,3727,3953
55670,0,0,0,0,0,23.413556,2.399072,3730,3727,3953
55680,0,0,0,0,0,23.410063,2.398757,3730,3727,3953
55690,3,6,2,12,1,23.407553,2.398484,3730,3727,3953
55700,7,3,15,26,1,23.408230,2.398556,3730,3727,3953
55710,8,5,15,29,1,23.409909,2.398700,3730,3727,3955
55720,4,1,11,17,1,23.409007,2.398610,3730,3727,3955
55730,0,0,0,0,0,23.406032,2.398405,3730,3727,3955
55740,1,0,2,4,1,23.402189,2.398058,3730,3727,3955
55750,0,5,3,9,1,23.399272,2.397784,3730,3727,3955
55760,1,3,5,10,1,23.396427,2.397512,3730,3727,3955
55770,7,4,3,15,1,23.393308,2.397231,3730,3727,3955
55780,4,4,1,10,1,23.391481,2.396997,3730,3727,3955
55790,0,0,0,1,1,23.387933,2.396716,3730,3727,3955
55800,6,6,2,15,1,23.385946,2.396488,3730,3727,3955
55810,9,8,12,30,1,23.384038,2.396260,3730,3727,3955
55820,19,0,13,33,1,23.386082,2.396428,3734,3727,3955
55830,16,2,14,33,1,23.387476,2.396556,3734,3727,3955
55840,19,17,17,54,1,23.390082,2.396689,3741,3727,3955
55850,19,20,14,54,1,23.394318,2.397130,3744,3729,3956
55860,8,2,5,16,1,23.397536,2.397608,3749,3732,3956
55870,3,1,0,5,1,23.395362,2.397454,3749,3732,3956
55880,2,2,3,8,1,23.392116,2.397119,3749,3732,3956
55890,0,0,0,1,1,23.388582,2.396781,3749,3732,3956
55900,1,7,1,10,1,23.385418,2.396438,3749,3732,3956
55910,0,0,0,0,0,23.383668,2.396239,3749,3732,3956
55920,7,9,6,23,1,23.380938,2.395848,3749,3732,3956
55930,7,19,3,30,1,23.382128,2.395955,3749,3736,3956
55940,2,10,0,13,1,23.382732,2.396037,3749,3743,3956
55950,2,2,0,5,1,23.379572,2.395764,3749,3743,3956
55960,1,0,1,3,1,23.375798,2.395441,3749,3743,3956
55970,2,1,4,8,1,23.373376,2.395156,3749,3743,3956
55980,7,8,16,32,1,23.373175,2.395072,3749,3743,3956
55990,5,9,12,27,1,23.374236,2.395214,3749,3743,3956
56000,10,16,13,40,1,23.376589,2.395445,3749,3743,3956
56010,6,12,4,23,1,23.379685,2.395808,3749,3744,3956
56020,16,9,9,35,1,23.380388,2.395826,3749,3744,3956
56030,19,18,20,58,1,23.383939,2.396131,3750,3744,3956
56040,10,18,8,37,1,23.388247,2.396636,3754,3748,3962
56050,3,8,3,15,1,23.388663,2.396747,3754,3753,3962
56060,2,8,7,18,1,23.387962,2.396634,3754,3753,3962
56070,0,4,8,13,1,23.387079,2.396551,3754,3753,3962
56080,4,1,16,22,1,23.385671,2.396383,3754,3753,3962
56090,0,5,3,9,1,23.384628,2.396300,3754,3753,3962
56100,8,10,12,31,1,23.384645,2.396257,3754,3753,3962
56110,15,15,15,46,1,23.388146,2.396649,3754,3753,3967
56120,20,13,10,44,1,23.392224,2.397122,3770,3753,3967
56130,6,5,9,21,1,23.393648,2.397340,3772,3753,3967
56140,2,5,4,12,1,23.391604,2.397146,3772,3753,3967
56150,3,2,0,6,1,23.388750,2.396896,3772,3753,3967
56160,4,4,0,9,1,23.387088,2.396732,3772,3753,3967
56170,3,7,0,11,1,23.384840,2.396469,3772,3753,3967
56180,13,14,14,42,1,23.384194,2.396371,3772,3753,3967
56190,1,13,12,27,1,23.387314,2.396711,3772,3753,3967
56200,17,6,7,31,1,23.389407,2.396945,3776,3753,3967
56210,9,5,1,16,1,23.390014,2.396970,3776,3753,3967
56220,11,8,12,32,1,23.389226,2.396818,3776,3753,3967
56230,13,2,5,21,1,23.390528,2.396950,3776,3753,3967
56240,13,12,7,33,1,23.391597,2.397035,3776,3753,3967
56250,12,17,4,34,1,23.392577,2.397125,3776,3753,3967
56260,13,19,12,45,1,23.394872,2.397324,3776,3759,3967
56270,13,17,7,38,1,23.397880,2.397648,3776,3766,3967
56280,11,18,17,47,1,23.402399,2.398144,3784,3775,3967
56290,8,17,19,45,1,23.406364,2.398522,3784,3778,3975
56300,7,20,12,40,1,23.409741,2.398897,3784,3783,3983
56310,7,20,13,41,1,23.412252,2.399144,3784,3783,3983
56320,11,19,6,37,1,23.415108,2.399491,3784,3785,3983
56330,17,20,19,57,1,23.419609,2.399894,3784,3790,3985
56340,17,8,11,37,1,23.422179,2.400182,3784,3790,3985
56350,2,0,0,3,1,23.422190,2.400229,3784,3790,3985
56360,4,7,1,13,1,23.419531,2.399902,3784,3790,3985
56370,3,2,0,6,1,23.416306,2.399592,3784,3790,3985
56380,8,3,7,19,1,23.415198,2.399464,3784,3790,3985
56390,13,0,9,23,1,23.415769,2.399520,3784,3790,3985
56400,11,5,15,32,1,23.416873,2.399605,3784,3790,3985
56410,14,2,19,36,1,23.418925,2.399823,3784,3790,3991
56420,16,15,13,45,1,23.422694,2.400185,3784,3790,3997
56430,19,18,13,51,1,23.427762,2.400738,3786,3795,3999
56440,11,17,5,34,1,23.431721,2.401176,3794,3795,3999
56450,1,0,0,2,1,23.429055,2.400980,3794,3795,3999
56460,0,16,3,20,1,23.427908,2.400821,3794,3795,3999
56470,9,14,0,24,1,23.428804,2.400920,3794,3795,3999
56480,0,8,4,13,1,23.428337,2.400827,3794,3795,3999
56490,2,4,4,11,1,23.425876,2.400603,3794,3795,3999
56500,16,4,19,40,1,23.426426,2.400571,3794,3795,4000
56510,11,5,7,24,1,23.427077,2.400644,3794,3795,4000
56520,5,5,0,11,1,23.425892,2.400560,3794,3795,4000
56530,3,3,0,7,1,23.423168,2.400310,3794,3795,4000
56540,0,0,0,1,1,23.419966,2.399971,3794,3795,4000
56550,1,4,3,9,1,23.416783,2.399643,3794,3795,4000
56560,0,2,0,3,1,23.413836,2.399383,3794,3795,4000
56570,0,5,0,6,1,23.410313,2.399016,3794,3795,4000
56580,3,6,6,16,1,23.407277,2.398672,3794,3795,4000
56590,2,8,3,14,1,23.407408,2.398649,3794,3795,4000
56600,11,18,3,33,1,23.407471,2.398610,3794,3795,4000
56610,14,14,3,32,1,23.409249,2.398791,3794,3800,4000
56620,3,11,2,17,1,23.409637,2.398846,3794,3800,4000
56630,5,12,5,23,1,23.410414,2.398915,3794,3800,4000
56640,18,12,12,43,1,23.412644,2.399073,3794,3800,4000
56650,17,7,4,29,1,23.415271,2.399414,3800,3800,4000
56660,0,0,0,1,1,23.413727,2.399323,3800,3800,4000
56670,0,0,0,1,1,23.410011,2.399027,3800,3800,4000
56680,5,3,7,16,1,23.407041,2.398669,3800,3800,4000
56690,14,3,11,29,1,23.406971,2.398682,3800,3800,4000
56700,19,6,17,43,1,23.409435,2.398902,3803,3800,4000
56710,20,5,19,45,1,23.413336,2.399248,3808,3800,4002
56720,13,0,2,16,1,23.413972,2.399368,3809,3800,4002
56730,2,1,4,8,1,23.411418,2.399178,3809,3800,4002
56740,9,0,10,20,1,23.409873,2.398905,3809,3800,4002
56750,9,8,4,22,1,23.408840,2.398785,3809,3800,4002
56760,12,7,5,25,1,23.407692,2.398609,3809,3800,4002
56770,15,12,0,28,1,23.409386,2.398768,3811,3800,4002
56780,14,12,7,34,1,23.410725,2.398903,3812,3800,4002
56790,10,6,12,29,1,23.412261,2.399002,3812,3800,4002
56800,10,8,9,28,1,23.412793,2.399072,3812,3800,4002
56810,14,14,9,38,1,23.414531,2.399210,3812,3800,4002
56820,9,18,0,28,1,23.415886,2.399347,3812,3801,4002
56830,1,0,1,3,1,23.414735,2.399292,3812,3801,4002
56840,1,1,4,7,1,23.412282,2.399030,3812,3801,4002
56850,1,0,0,2,1,23.409093,2.398710,3812,3801,4002
56860,10,4,7,22,1,23.407920,2.398532,3812,3801,4002
56870,19,5,7,32,1,23.408461,2.398625,3818,3801,4002
56880,20,3,3,27,1,23.409556,2.398800,3821,3801,4002
56890,10,6,3,20,1,23.408448,2.398737,3822,3801,4002
56900,16,13,2,32,1,23.409340,2.398792,3822,3801,4002
56910,20,20,8,49,1,23.412145,2.399073,3823,3806,4002
56920,19,16,16,52,1,23.416618,2.399534,3829,3821,4002
56930,16,10,10,37,1,23.420401,2.399946,3835,3821,4005
56940,9,4,12,26,1,23.420515,2.399956,3835,3821,4005
56950,7,5,12,25,1,23.421197,2.399998,3835,3821,4005
56960,4,2,4,11,1,23.418588,2.399724,3835,3821,4005
56970,6,2,1,10,1,23.416762,2.399510,3835,3821,4005
56980,1,0,0,2,1,23.414087,2.399238,3835,3821,4005
56990,0,0,0,1,1,23.410593,2.398904,3835,3821,4005
57000,5,7,2,15,1,23.408221,2.398633,3835,3821,4005
57010,1,13,1,16,1,23.407505,2.398524,3835,3821,4005
57020,6,5,1,13,1,23.405840,2.398334,3835,3821,4005
57030,1,0,0,2,1,23.403638,2.398128,3835,3821,4005
57040,3,1,2,7,1,23.399905,2.397766,3835,3821,4005
57050,9,10,7,27,1,23.397998,2.397517,3835,3821,4005
57060,6,5,2,14,1,23.397257,2.397443,3835,3821,4005
57070,11,1,2,15,1,23.396694,2.397349,3835,3821,4005
57080,10,5,2,18,1,23.395574,2.397216,3835,3821,4005
57090,12,12,3,28,1,23.395407,2.397154,3835,3821,4005
57100,9,9,2,21,1,23.396179,2.397279,3835,3821,4005
57110,10,7,12,30,1,23.396644,2.397299,3835,3821,4005
57120,3,11,18,33,1,23.398711,2.397534,3835,3821,4006
57130,1,10,19,31,1,23.400278,2.397702,3835,3821,4009
57140,4,8,6,19,1,23.401086,2.397749,3835,3821,4009
57150,2,2,9,14,1,23.398837,2.397482,3835,3821,4009
57160,5,4,6,16,1,23.397334,2.397339,3835,3821,4009
57170,1,2,0,4,1,23.394320,2.397007,3835,3821,4009
57180,8,6,1,16,1,23.392049,2.396674,3835,3821,4009
57190,1,5,13,20,1,23.391401,2.396576,3835,3821,4009
57200,13,10,19,43,1,23.392988,2.396685,3835,3821,4014
57210,11,7,2,21,1,23.395933,2.397062,3835,3821,4019
57220,5,2,5,13,1,23.393779,2.396883,3835,3821,4019
57230,6,3,5,15,1,23.393186,2.396765,3835,3821,4019
57240,4,0,4,9,1,23.391102,2.396575,3835,3821,4019
57250,7,17,9,34,1,23.390331,2.396409,3835,3821,4019
57260,10,18,3,32,1,23.391601,2.396541,3835,3823,4019
57270,6,14,0,21,1,23.391385,2.396449,3835,3824,4019
57280,15,17,6,39,1,23.391988,2.396415,3835,3824,4019
57290,10,13,4,28,1,23.393978,2.396630,3835,3829,4019
57300,9,7,14,31,1,23.394214,2.396601,3835,3829,4019
57310,7,2,2,12,1,23.394371,2.396641,3835,3829,4019
57320,14,13,5,33,1,23.394402,2.396634,3835,3829,4019
57330,0,5,10,16,1,23.393466,2.396588,3835,3829,4019
57340,10,2,13,26,1,23.392275,2.396426,3835,3829,4019
57350,12,6,14,33,1,23.391843,2.396384,3835,3829,4019
57360,15,18,16,50,1,23.394814,2.396665,3835,3830,4019
57370,11,12,11,35,1,23.399167,2.397135,3838,3837,4019
57380,16,18,7,42,1,23.401427,2.397378,3838,3842,4019
57390,19,17,5,42,1,23.404637,2.397671,3839,3844,4019
57400,10,7,2,20,1,23.406912,2.397941,3843,3844,4019
57410,11,1,2,15,1,23.406398,2.397895,3843,3844,4019
57420,3,4,3,11,1,23.404825,2.397685,3843,3844,4019
57430,8,4,1,14,1,23.402866,2.397419,3843,3844,4019
57440,2,5,4,12,1,23.400198,2.397131,3843,3844,4019
57450,0,0,0,0,0,23.397274,2.396915,3843,3844,4019
57460,5,1,0,7,1,23.393777,2.396551,3843,3844,4019
57470,4,1,5,11,1,23.390832,2.396261,3843,3844,4019
57480,0,1,0,2,1,23.388062,2.396065,3843,3844,4019
57490,0,1,9,11,1,23.385853,2.395858,3843,3844,4019
57500,0,11,10,22,1,23.386155,2.395866,3843,3844,4019
57510,0,0,0,0,0,23.384650,2.395762,3843,3844,4019
57520,3,0,3,7,1,23.381009,2.395391,3843,3844,4019
57530,0,7,0,8,1,23.378084,2.395115,3843,3844,4019
57540,4,6,7,18,1,23.375036,2.394823,3843,3844,4019
57550,10,17,0,28,1,23.376605,2.394931,3843,3845,4019
57560,3,5,2,11,1,23.374144,2.394779,3843,3845,4019
57570,6,4,6,17,1,23.372691,2.394620,3843,3845,4019
57580,19,7,8,35,1,23.372784,2.394594,3843,3845,4019
57590,11,9,11,32,1,23.373923,2.394760,3846,3845,4019
57600,9,17,13,40,1,23.376764,2.395041,3846,3845,4019
57610,2,20,18,41,1,23.379772,2.395377,3846,3851,4021
57620,2,13,10,26,1,23.381104,2.395529,3846,3852,4023
57630,1,19,11,32,1,23.381536,2.395542,3846,3856,4023
57640,0,0,0,1,1,23.379749,2.395378,3846,3857,4023
57650,0,0,0,0,0,23.376048,2.395070,3846,3857,4023
57660,0,0,0,1,1,23.372435,2.394664,3846,3857,4023
57670,1,8,1,11,1,23.369054,2.394367,3846,3857,4023
57680,0,0,0,1,1,23.366091,2.394045,3846,3857,4023
57690,0,0,2,3,1,23.362821,2.393738,3846,3857,4023
57700,7,6,3,17,1,23.360567,2.393471,3846,3857,4023
57710,0,1,1,3,1,23.358824,2.393346,3846,3857,4023
57720,5,6,3,15,1,23.355557,2.393048,3846,3857,4023
57730,7,7,3,18,1,23.353942,2.392881,3846,3857,4023
57740,1,0,0,2,1,23.351548,2.392740,3846,3857,4023
57750,11,0,7,19,1,23.348918,2.392464,3846,3857,4023
57760,12,1,1,15,1,23.348121,2.392432,3846,3857,4023
57770,3,0,2,6,1,23.346285,2.392293,3846,3857,4023
57780,2,0,0,3,1,23.343090,2.391959,3846,3857,4023
57790,2,1,1,5,1,23.340249,2.391633,3846,3857,4023
57800,1,5,0,7,1,23.337505,2.391333,3846,3857,4023
57810,0,0,0,1,1,23.334937,2.391106,3846,3857,4023
57820,4,0,2,7,1,23.331958,2.390842,3846,3857,4023
57830,0,1,0,2,1,23.328612,2.390539,3846,3857,4023
57840,0,5,0,6,1,23.325259,2.390194,3846,3857,4023
57850,4,12,4,21,1,23.322409,2.389896,3846,3857,4023
57860,0,0,0,0,0,23.320100,2.389679,3846,3857,4023
57870,9,0,0,10,1,23.317679,2.389454,3846,3857,4023
57880,10,0,0,11,1,23.315994,2.389297,3846,3857,4023
57890,0,0,0,1,1,23.313688,2.389059,3846,3857,4023
57900,0,0,0,0,0,23.309997,2.388734,3846,3857,4023
57910,2,1,4,8,1,23.306806,2.388392,3846,3857,4023
57920,11,11,8,31,1,23.305351,2.388174,3846,3857,4023
57930,17,13,17,48,1,23.308550,2.388432,3849,3857,4023
57940,16,15,3,35,1,23.311940,2.388841,3850,3857,4023
57950,11,10,3,25,1,23.314026,2.389045,3850,3858,4023
57960,6,13,8,28,1,23.313798,2.389041,3850,3858,4023
57970,1,15,0,17,1,23.313952,2.389127,3850,3861,4023
57980,5,10,10,26,1,23.314197,2.389150,3850,3861,4023
57990,0,16,18,35,1,23.315864,2.389332,3850,3865,4024
58000,4,17,19,41,1,23.317874,2.389578,3850,3865,4025
58010,0,17,17,35,1,23.320286,2.389807,3850,3865,4032
58020,13,17,20,51,1,23.323819,2.390163,3850,3871,4041
58030,19,18,17,55,1,23.327968,2.390535,3850,3871,4051
58040,15,7,14,37,1,23.332493,2.391044,3854,3873,4054
58050,4,0,9,14,1,23.333107,2.391147,3854,3873,4054
58060,6,4,10,21,1,23.333028,2.391133,3854,3873,4054
58070,3,12,4,20,1,23.332473,2.391070,3854,3873,4054
58080,10,7,13,31,1,23.333646,2.391218,3854,3873,4054
58090,8,14,17,40,1,23.336280,2.391503,3854,3873,4060
58100,4,15,15,35,1,23.338464,2.391713,3854,3873,4061
58110,4,4,9,18,1,23.337864,2.391687,3854,3873,4061
58120,2,0,0,3,1,23.335101,2.391440,3854,3873,4061
58130,3,5,7,16,1,23.332030,2.391141,3854,3873,4061
58140,2,6,1,10,1,23.329097,2.390859,3854,3873,4061
58150,4,2,12,19,1,23.326707,2.390596,3854,3873,4061
58160,3,0,2,6,1,23.324109,2.390336,3854,3873,4061
58170,2,1,0,4,1,23.320668,2.390058,3854,3873,4061
58180,0,0,10,11,1,23.318196,2.389786,3854,3873,4061
58190,13,2,7,23,1,23.316875,2.389649,3854,3873,4061
58200,18,7,6,32,1,23.317397,2.389692,3855,3873,4061
58210,17,8,6,32,1,23.319029,2.389878,3856,3873,4061
58220,17,12,7,37,1,23.321249,2.390079,3860,3873,4061
58230,18,16,15,50,1,23.325589,2.390581,3880,3873,4061
58240,15,20,17,53,1,23.330810,2.391152,3880,3873,4072
58250,5,17,18,41,1,23.334074,2.391527,3880,3883,4072
58260,3,8,12,24,1,23.335925,2.391698,3880,3883,4074
58270,8,1,1,11,1,23.334973,2.391619,3880,3883,4074
58280,9,10,1,21,1,23.334349,2.391570,3880,3883,4074
58290,18,20,14,53,1,23.336242,2.391737,3887,3885,4074
58300,17,14,8,40,1,23.340158,2.392137,3897,3889,4074
58310,11,17,17,46,1,23.343354,2.392467,3897,3897,4074
58320,14,10,17,42,1,23.345974,2.392742,3897,3897,4075
58330,17,12,17,47,1,23.350204,2.393149,3899,3897,4075
58340,16,9,18,44,1,23.354739,2.393603,3906,3897,4079
58350,13,1,11,26,1,23.357620,2.393981,3906,3897,4079
58360,12,2,15,30,1,23.358256,2.394031,3906,3897,4079
58370,2,6,19,28,1,23.358388,2.394047,3906,3897,4082
58380,0,1,11,13,1,23.359063,2.394169,3906,3897,4083
58390,0,5,0,6,1,23.356269,2.393852,3906,3897,4083
58400,1,2,0,4,1,23.352688,2.393483,3906,3897,4083
58410,0,1,0,2,1,23.349967,2.393177,3906,3897,4083
58420,6,4,6,17,1,23.347127,2.392888,3906,3897,4083
58430,2,1,8,12,1,23.345821,2.392757,3906,3897,4083
58440,12,6,9,28,1,23.344419,2.392578,3906,3897,4083
58450,20,11,20,52,1,23.347341,2.392817,3909,3897,4093
58460,18,5,16,40,1,23.350840,2.393215,3909,3897,4099
58470,7,3,16,27,1,23.352626,2.393418,3909,3897,4099
58480,6,16,16,39,1,23.354673,2.393638,3909,3897,4106
58490,6,17,12,36,1,23.356254,2.393794,3909,3900,4106
58500,3,18,11,33,1,23.358365,2.394013,3909,3904,4106
58510,4,15,2,22,1,23.359665,2.394228,3909,3912,4106
58520,4,16,1,22,1,23.359962,2.394324,3909,3912,4106
58530,5,11,7,24,1,23.360336,2.394327,3909,3912,4106
58540,10,15,8,34,1,23.362820,2.394538,3909,3915,4106
58550,19,7,0,27,1,23.363379,2.394614,3910,3915,4106
58560,12,11,1,25,1,23.363701,2.394629,3914,3915,4106
58570,0,0,0,0,0,23.361863,2.394476,3914,3915,4106
58580,0,3,1,5,1,23.358186,2.394169,3914,3915,4106
58590,1,3,4,9,1,23.355673,2.393901,3914,3915,4106
58600,7,9,8,25,1,23.354855,2.393748,3914,3915,4106
58610,5,6,10,22,1,23.354260,2.393711,3914,3915,4106
58620,19,8,7,35,1,23.355572,2.393839,3914,3915,4106
58630,14,13,2,30,1,23.357458,2.394035,3915,3915,4106
58640,20,13,10,44,1,23.359198,2.394195,3915,3915,4106
58650,10,5,3,19,1,23.360296,2.394318,3915,3915,4106
58660,2,7,7,17,1,23.357476,2.394040,3915,3915,4106
58670,8,0,6,15,1,23.356195,2.393835,3915,3915,4106
58680,6,9,4,20,1,23.354668,2.393660,3915,3915,4106
58690,5,3,1,10,1,23.353152,2.393495,3915,3915,4106
58700,3,18,20,42,1,23.353707,2.393495,3915,3917,4109
58710,5,12,19,37,1,23.355046,2.393660,3915,3917,4110
58720,6,15,15,37,1,23.356520,2.393784,3915,3917,4110
58730,10,11,7,29,1,23.358614,2.393993,3915,3917,4110
58740,4,2,5,12,1,23.359144,2.394108,3915,3917,4110
58750,4,3,1,9,1,23.356633,2.393866,3915,3917,4110
58760,2,11,1,15,1,23.356403,2.393778,3915,3917,4110
58770,3,11,4,19,1,23.355115,2.393644,3915,3917,4110
58780,3,8,12,24,1,23.354533,2.393591,3915,3917,4110
58790,5,15,13,34,1,23.354480,2.393550,3915,3917,4110
58800,5,4,8,18,1,23.354640,2.393632,3915,3917,4110
58810,8,6,10,25,1,23.353167,2.393412,3915,3917,4110
58820,4,0,13,18,1,23.353297,2.393424,3915,3917,4110
58830,3,13,16,33,1,23.352699,2.393327,3915,3917,4110
58840,5,4,16,26,1,23.352744,2.393359,3915,3917,4110
58850,0,3,3,7,1,23.350740,2.393144,3915,3917,4110
58860,5,7,1,14,1,23.347907,2.392856,3915,3917,4110
58870,15,7,11,34,1,23.349174,2.392934,3915,3917,4110
58880,18,10,19,48,1,23.351972,2.393206,3915,3917,4110
58890,13,14,6,34,1,23.355378,2.393587,3915,3917,4110
58900,13,7,2,23,1,23.355608,2.393592,3915,3917,4110
58910,16,0,4,21,1,23.355363,2.393611,3918,3917,4110
58920,18,7,9,35,1,23.356470,2.393677,3925,3917,4110
58930,15,8,11,35,1,23.359119,2.393918,3935,3917,4110
58940,8,10,16,35,1,23.361257,2.394193,3935,3917,4118
58950,18,6,13,38,1,23.363231,2.394311,3935,3917,4118
58960,13,5,3,22,1,23.365130,2.394545,3938,3917,4118
58970,1,0,1,3,1,23.363123,2.394417,3938,3917,4118
58980,6,7,4,18,1,23.360183,2.394072,3938,3917,4118
58990,0,10,9,20,1,23.359192,2.394006,3938,3917,4118
59000,11,10,20,42,1,23.360664,2.394072,3938,3917,4124
59010,2,17,20,40,1,23.363463,2.394365,3938,3921,4126
59020,0,20,16,37,1,23.365578,2.394593,3938,3925,4130
59030,4,20,19,44,1,23.368036,2.394830,3938,3930,4130
59040,11,17,14,43,1,23.371584,2.395221,3938,3931,4135
59050,7,19,17,44,1,23.374963,2.395541,3938,3938,4135
59060,8,8,10,27,1,23.377420,2.395858,3938,3939,4135
59070,10,9,12,32,1,23.378297,2.395929,3938,3939,4135
59080,19,5,13,38,1,23.380900,2.396198,3944,3939,4135
59090,13,8,16,38,1,23.382993,2.396419,3946,3939,4135
59100,17,5,16,39,1,23.384513,2.396540,3946,3939,4135
59110,19,8,19,47,1,23.387444,2.396822,3947,3939,4135
59120,6,2,15,24,1,23.388576,2.396986,3947,3939,4135
59130,16,1,20,38,1,23.389946,2.397075,3947,3939,4145
59140,1,0,10,12,1,23.391074,2.397218,3947,3939,4148
59150,5,2,11,19,1,23.388481,2.396988,3947,3939,4148
59160,0,6,11,18,1,23.388494,2.397004,3947,3939,4148
59170,1,0,9,11,1,23.387355,2.396890,3947,3939,4148
59180,0,0,0,0,0,23.385371,2.396730,3947,3939,4148
59190,1,4,8,14,1,23.383050,2.396470,3947,3939,4148
59200,2,12,5,20,1,23.381959,2.396373,3947,3939,4148
59210,10,12,9,32,1,23.381421,2.396328,3947,3939,4148
59220,4,17,10,32,1,23.382304,2.396421,3947,3939,4148
59230,0,5,2,8,1,23.382016,2.396390,3947,3939,4148
59240,5,0,0,6,1,23.379365,2.396125,3947,3939,4148
59250,0,3,0,4,1,23.376487,2.395882,3947,3939,4148
59260,5,2,3,11,1,23.374816,2.395688,3947,3939,4148
59270,8,6,7,22,1,23.373826,2.395539,3947,3939,4148
59280,13,2,3,19,1,23.372805,2.395458,3947,3939,4148
59290,15,2,4,22,1,23.372815,2.395407,3947,3939,4148
59300,3,1,1,6,1,23.371644,2.395285,3947,3939,4148
59310,4,5,3,13,1,23.368812,2.394960,3947,3939,4148
59320,0,0,0,0,0,23.365957,2.394724,3947,3939,4148
59330,7,1,7,16,1,23.363944,2.394499,3947,3939,4148
59340,1,0,2,4,1,23.361030,2.394240,3947,3939,4148
59350,3,1,9,14,1,23.359560,2.394030,3947,3939,4148
59360,0,3,1,5,1,23.356888,2.393820,3947,3939,4148
59370,3,5,10,19,1,23.355212,2.393622,3947,3939,4148
59380,0,6,5,12,1,23.354640,2.393533,3947,3939,4148
59390,0,0,0,0,0,23.352005,2.393290,3947,3939,4148
59400,2,4,0,7,1,23.348732,2.392932,3947,3939,4148
59410,4,5,6,16,1,23.346448,2.392667,3947,3939,4148
59420,3,6,4,14,1,23.344492,2.392473,3947,3939,4148
59430,9,2,7,19,1,23.344680,2.392487,3947,3939,4148
59440,12,14,3,30,1,23.344803,2.392469,3947,3939,4148
59450,17,16,0,34,1,23.346791,2.392712,3948,3940,4148
59460,20,19,7,47,1,23.349042,2.392908,3952,3944,4148
59470,17,20,5,43,1,23.351703,2.393212,3957,3953,4148
59480,6,19,11,37,1,23.354074,2.393544,3957,3956,4148
59490,14,19,12,46,1,23.356815,2.393811,3957,3957,4148
59500,15,13,14,43,1,23.361493,2.394280,3959,3965,4148
59510,15,18,13,47,1,23.365479,2.394724,3959,3966,4148
59520,19,12,16,48,1,23.369908,2.395230,3960,3967,4154
59530,19,13,13,46,1,23.372739,2.395530,3962,3967,4154
59540,17,16,15,49,1,23.377589,2.396001,3964,3967,4161
59550,13,17,12,43,1,23.380686,2.396288,3966,3967,4161
59560,3,8,1,13,1,23.381803,2.396475,3966,3967,4161
59570,0,3,0,4,1,23.380185,2.396344,3966,3967,4161
59580,0,0,0,1,1,23.376736,2.396014,3966,3967,4161
59590,0,0,0,1,1,23.373128,2.395704,3966,3967,4161
59600,1,10,3,15,1,23.370842,2.395439,3966,3967,4161
59610,6,5,12,24,1,23.369372,2.395253,3966,3967,4161
59620,10,2,6,19,1,23.368877,2.395193,3966,3967,4161
59630,11,11,13,36,1,23.368590,2.395104,3966,3967,4161
59640,6,16,10,33,1,23.370074,2.395266,3966,3967,4161
59650,5,15,6,27,1,23.371608,2.395443,3966,3972,4161
59660,4,3,8,16,1,23.370528,2.395322,3966,3972,4161
59670,12,1,5,19,1,23.371071,2.395318,3966,3972,4161
59680,1,0,0,2,1,23.370113,2.395235,3966,3972,4161
59690,9,4,8,22,1,23.368003,2.395008,3966,3972,4161
59700,12,0,4,17,1,23.366843,2.394855,3966,3972,4161
59710,8,2,0,11,1,23.364179,2.394543,3966,3972,4161
59720,7,5,0,13,1,23.362003,2.394277,3966,3972,4161
59730,14,1,1,17,1,23.361723,2.394230,3966,3972,4161
59740,2,3,0,6,1,23.359785,2.394079,3966,3972,4161
59750,6,1,5,13,1,23.357166,2.393809,3966,3972,4161
59760,8,7,14,30,1,23.358119,2.393913,3966,3972,4161
59770,18,10,10,39,1,23.360202,2.394108,3968,3972,4161
59780,17,16,18,52,1,23.365033,2.394594,3982,3974,4173
59790,15,18,16,50,1,23.369721,2.395089,3990,3987,4173
59800,17,14,7,39,1,23.374579,2.395659,3993,4000,4179
59810,14,13,1,29,1,23.376387,2.395933,3993,4000,4179
59820,14,18,8,41,1,23.379984,2.396271,3998,4004,4179
59830,17,11,11,40,1,23.382804,2.396546,4001,4009,4179
59840,17,9,20,47,1,23.384599,2.396658,4001,4009,4181
59850,19,14,19,53,1,23.388584,2.397040,4004,4009,4185
59860,11,9,18,39,1,23.392394,2.397490,4008,4009,4189
59870,3,3,17,24,1,23.392944,2.397594,4008,4009,4189
59880,7,9,13,30,1,23.393975,2.397624,4008,4009,4191
59890,20,18,14,53,1,23.396623,2.397796,4009,4009,4191
59900,17,13,8,39,1,23.400280,2.398201,4014,4012,4191
59910,12,16,3,32,1,23.402595,2.398375,4014,4012,4191
59920,15,7,3,26,1,23.404648,2.398580,4015,4012,4191
59930,12,1,1,15,1,23.404116,2.398565,4015,4012,4191
59940,0,0,0,1,1,23.402128,2.398314,4015,4012,4191
59950,10,11,5,27,1,23.400828,2.398073,4015,4012,4191
59960,14,5,3,23,1,23.401457,2.398139,4015,4012,4191
59970,11,5,2,19,1,23.400668,2.398077,4015,4012,4191
59980,18,9,4,32,1,23.400704,2.398075,4015,4012,4191
59990,14,18,6,39,1,23.403644,2.398383,4015,4020,4191
60000,17,13,7,38,1,23.406126,2.398611,4015,4023,4191
60010,15,15,19,50,1,23.409587,2.398939,4023,4023,4198
60020,18,19,18,56,1,23.414522,2.399443,4025,4035,4199
60030,14,10,17,42,1,23.419249,2.400012,4026,4036,4215
60040,7,9,13,30,1,23.421150,2.400238,4026,4036,4216
60050,1,1,0,3,1,23.419467,2.400133,4026,4036,4216
60060,5,4,1,11,1,23.416147,2.399796,4026,4036,4216
60070,8,0,1,10,1,23.414828,2.399696,4026,4036,4216
60080,1,3,6,11,1,23.411736,2.399373,4026,4036,4216
60090,6,3,1,11,1,23.409563,2.399099,4026,4036,4216
60100,5,14,3,23,1,23.409485,2.399049,4026,4036,4216
60110,2,13,14,30,1,23.410040,2.399042,4026,4036,4216
60120,2,8,8,19,1,23.410404,2.399111,4026,4036,4216
60130,2,3,8,14,1,23.408783,2.398959,4026,4036,4216
60140,1,1,3,6,1,23.405869,2.398659,4026,4036,4216
60150,0,0,3,4,1,23.402505,2.398357,4026,4036,4216
60160,7,3,0,11,1,23.399559,2.398066,4026,4036,4216
60170,0,0,0,0,0,23.396378,2.397816,4026,4036,4216
60180,5,7,3,16,1,23.393783,2.397568,4026,4036,4216
60190,2,4,7,14,1,23.393557,2.397519,4026,4036,4216
60200,7,10,7,25,1,23.391702,2.397286,4026,4036,4216
60210,5,7,13,26,1,23.392976,2.397399,4026,4036,4216
60220,4,7,11,23,1,23.393704,2.397460,4026,4036,4216
60230,15,8,5,29,1,23.394474,2.397484,4026,4036,4216
60240,18,3,8,30,1,23.395519,2.397618,4032,4036,4216
60250,18,8,12,39,1,23.396666,2.397762,4032,4036,4216
60260,17,12,16,46,1,23.399951,2.398064,4036,4036,4216
60270,17,15,12,45,1,23.404417,2.398569,4039,4036,4216
60280,18,17,18,54,1,23.408752,2.399044,4039,4036,4220
60290,18,19,17,55,1,23.413321,2.399556,4041,4040,4220
60300,17,15,8,41,1,23.416545,2.399889,4042,4041,4220
60310,18,15,11,45,1,23.418289,2.400021,4042,4041,4220
60320,17,19,15,52,1,23.422585,2.400467,4048,4048,4220
60330,16,12,18,47,1,23.427434,2.400975,4051,4054,4220
60340,3,10,18,32,1,23.430024,2.401308,4051,4054,4222
60350,12,8,20,41,1,23.431021,2.401388,4051,4054,4223
60360,19,10,17,47,1,23.434753,2.401789,4052,4054,4228
60370,18,14,11,44,1,23.437824,2.402110,4054,4054,4228
60380,18,16,19,54,1,23.442441,2.402586,4057,4057,4229
60390,19,19,14,53,1,23.447523,2.403150,4058,4060,4231
60400,15,16,10,42,1,23.451757,2.403615,4064,4073,4231
60410,12,14,12,39,1,23.454683,2.403876,4064,4073,4231
60420,5,6,17,29,1,23.456221,2.404044,4064,4073,4232
60430,3,3,18,25,1,23.457409,2.404217,4064,4073,4235
60440,0,0,0,0,0,23.455558,2.404099,4064,4073,4235
60450,2,0,0,3,1,23.452535,2.403771,4064,4073,4235
60460,0,0,0,0,0,23.449556,2.403501,4064,4073,4235
60470,4,2,4,11,1,23.446761,2.403204,4064,4073,4235
60480,6,12,1,20,1,23.445859,2.403094,4064,4073,4235
60490,11,16,8,36,1,23.447443,2.403197,4064,4073,4235
60500,4,14,10,29,1,23.448209,2.403347,4064,4073,4235
60510,15,17,4,37,1,23.450428,2.403528,4064,4075,4235
60520,12,17,3,33,1,23.451738,2.403644,4064,4075,4235
60530,15,18,11,45,1,23.453901,2.403791,4064,4080,4235
60540,11,16,1,29,1,23.455263,2.403949,4064,4080,4235
60550,6,18,6,31,1,23.456099,2.404005,4064,4082,4235
60560,8,15,6,30,1,23.456822,2.404081,4064,4084,4235
60570,12,16,2,31,1,23.458092,2.404206,4064,4090,4235
60580,15,15,2,33,1,23.460159,2.404395,4064,4099,4235
60590,14,15,2,32,1,23.462431,2.404643,4066,4099,4235
60600,15,12,3,31,1,23.463669,2.404756,4066,4100,4235
60610,20,5,2,28,1,23.464359,2.404812,4068,4100,4235
60620,2,1,2,6,1,23.462671,2.404731,4068,4100,4235
60630,7,5,6,19,1,23.460920,2.404517,4068,4100,4235
60640,6,8,1,16,1,23.459381,2.404374,4068,4100,4235
60650,8,5,9,23,1,23.458487,2.404301,4068,4100,4235
60660,1,0,0,2,1,23.455551,2.404068,4068,4100,4235
60670,8,4,5,18,1,23.453267,2.403844,4068,4100,4235
60680,14,3,10,28,1,23.452616,2.403714,4068,4100,4235
60690,15,15,19,50,1,23.455379,2.403959,4068,4100,4240
60700,18,20,12,51,1,23.458282,2.404247,4068,4100,4240
60710,18,20,18,57,1,23.463655,2.404816,4074,4106,4250
60720,16,7,13,37,1,23.467730,2.405285,4083,4117,4250
60730,11,17,16,45,1,23.471292,2.405636,4083,4117,4254
60740,13,20,9,43,1,23.474679,2.405937,4083,4119,4254
60750,8,13,8,30,1,23.477081,2.406193,4083,4120,4254
60760,18,2,7,28,1,23.477998,2.406249,4083,4120,4254
60770,19,16,8,44,1,23.479533,2.406376,4089,4120,4254
60780,16,17,10,44,1,23.483594,2.406803,4095,4129,4254
60790,20,18,20,59,1,23.487545,2.407202,4101,4130,4254
60800,19,16,15,51,1,23.492598,2.407759,4111,4135,4258
60810,15,11,5,32,1,23.496539,2.408157,4116,4135,4261
60820,20,20,6,47,1,23.498850,2.408335,4117,4144,4261
60830,17,12,1,31,1,23.500981,2.408584,4118,4148,4261
60840,15,8,2,26,1,23.501537,2.408591,4118,4148,4261
60850,12,2,0,15,1,23.501182,2.408561,4118,4148,4261
60860,13,3,2,19,1,23.500011,2.408415,4118,4148,4261
60870,13,0,12,26,1,23.500603,2.408510,4118,4148,4261
60880,4,6,6,17,1,23.500218,2.408481,4118,4148,4261
60890,9,9,5,24,1,23.499491,2.408360,4118,4148,4261
60900,4,10,1,16,1,23.500508,2.408467,4118,4148,4261
60910,8,4,8,21,1,23.499516,2.408351,4118,4148,4261
60920,19,11,19,50,1,23.502755,2.408584,4124,4148,4263
60930,12,8,7,28,1,23.504753,2.408824,4131,4148,4263
60940,15,14,10,40,1,23.507087,2.409037,4134,4149,4263
60950,9,14,9,33,1,23.508421,2.409180,4134,4149,4263
60960,5,15,18,39,1,23.510293,2.409399,4134,4149,4263
60970,5,11,5,22,1,23.511244,2.409515,4134,4149,4263
60980,3,2,10,16,1,23.510142,2.409457,4134,4149,4263
60990,7,4,5,17,1,23.508249,2.409212,4134,4149,4263
61000,6,12,4,23,1,23.506947,2.409057,4134,4149,4263
61010,13,18,13,45,1,23.508718,2.409160,4134,4157,4263
61020,15,15,17,48,1,23.512861,2.409530,4134,4159,4272
61030,17,15,19,52,1,23.517644,2.410015,4141,4172,4274
61040,20,19,18,58,1,23.522165,2.410472,4147,4174,4279
61050,5,20,10,36,1,23.524996,2.410797,4148,4180,4280
61060,7,20,10,38,1,23.525811,2.410859,4148,4191,4280
61070,0,18,16,35,1,23.527336,2.411005,4148,4192,4280
61080,4,9,19,33,1,23.528910,2.411161,4148,4192,4282
61090,3,0,0,4,1,23.527762,2.411090,4148,4192,4282
61100,3,2,2,8,1,23.524361,2.410780,4148,4192,4282
61110,0,0,0,0,0,23.521662,2.410510,4148,4192,4282
61120,1,0,0,2,1,23.519068,2.410271,4148,4192,4282
61130,0,0,0,0,0,23.516159,2.410015,4148,4192,4282
61140,4,1,3,9,1,23.512761,2.409702,4148,4192,4282
61150,1,4,5,11,1,23.509908,2.409452,4148,4192,4282
61160,13,20,13,47,1,23.510911,2.409440,4148,4194,4282
61170,17,17,17,52,1,23.515427,2.409881,4148,4195,4285
61180,18,19,20,58,1,23.520032,2.410392,4157,4198,4287
61190,10,11,14,36,1,23.524601,2.410907,4164,4205,4288
61200,6,9,17,33,1,23.526676,2.411158,4164,4205,4290
61210,7,16,15,39,1,23.529653,2.411445,4164,4211,4290
61220,16,19,19,55,1,23.533461,2.411765,4164,4217,4299
61230,7,14,19,41,1,23.536894,2.412172,4164,4220,4309
61240,0,5,0,6,1,23.536959,2.412233,4164,4220,4309
61250,0,0,1,2,1,23.534206,2.411969,4164,4220,4309
61260,0,4,5,10,1,23.532109,2.411757,4164,4220,4309
61270,4,3,8,16,1,23.530970,2.411654,4164,4220,4309
61280,0,4,2,7,1,23.528256,2.411399,4164,4220,4309
61290,14,2,2,19,1,23.526845,2.411220,4164,4220,4309
61300,10,7,9,27,1,23.525393,2.411029,4164,4220,4309
61310,3,6,15,25,1,23.525206,2.411004,4164,4220,4309
61320,7,11,18,37,1,23.526712,2.411129,4164,4220,4309
61330,1,11,14,27,1,23.527627,2.411193,4164,4220,4309
61340,1,7,7,16,1,23.528435,2.411286,4164,4220,4309
61350,3,6,2,12,1,23.526724,2.411117,4164,4220,4309
61360,12,8,11,32,1,23.526613,2.411076,4164,4220,4309
61370,8,4,12,25,1,23.528140,2.411251,4164,4220,4309
61380,0,1,0,2,1,23.525845,2.411054,4164,4220,4309
61390,3,5,0,9,1,23.523404,2.410806,4164,4220,4309
61400,9,1,8,19,1,23.522679,2.410682,4164,4220,4309
61410,1,0,2,4,1,23.521075,2.410552,4164,4220,4309
61420,5,3,6,15,1,23.518888,2.410310,4164,4220,4309
61430,13,11,6,31,1,23.519245,2.410293,4164,4220,4309
61440,7,17,5,30,1,23.520688,2.410383,4164,4220,4309
61450,2,19,2,24,1,23.521862,2.410505,4164,4231,4309
61460,2,19,18,40,1,23.522973,2.410593,4164,4238,4309
61470,2,16,10,29,1,23.525038,2.410819,4164,4248,4310
61480,6,19,10,36,1,23.526884,2.410975,4164,4251,4310
61490,1,11,0,13,1,23.527488,2.411123,4164,4254,4310
61500,5,5,5,16,1,23.525627,2.410919,4164,4254,4310
61510,0,0,0,1,1,23.523926,2.410819,4164,4254,4310
61520,0,0,0,1,1,23.520650,2.410482,4164,4254,4310
61530,1,0,2,4,1,23.517362,2.410175,4164,4254,4310
61540,1,0,2,4,1,23.514614,2.409920,4164,4254,4310
61550,0,3,1,5,1,23.511833,2.409629,4164,4254,4310
61560,3,2,3,9,1,23.508721,2.409336,4164,4254,4310
61570,6,5,8,20,1,23.507053,2.409108,4164,4254,4310
61580,0,4,1,6,1,23.504850,2.408924,4164,4254,4310
61590,0,0,0,1,1,23.502754,2.408700,4164,4254,4310
61600,3,0,0,4,1,23.499438,2.408374,4164,4254,4310
61610,12,4,9,26,1,23.497883,2.408125,4164,4254,4310
61620,2,2,0,5,1,23.496905,2.408067,4165,4254,4310
61630,3,2,3,9,1,23.493631,2.407726,4165,4254,4310
61640,1,2,4,8,1,23.491170,2.407464,4165,4254,4310
61650,5,7,3,16,1,23.488605,2.407143,4165,4254,4310
61660,3,2,2,8,1,23.487179,2.406968,4165,4254,4310
61670,10,5,3,19,1,23.485175,2.406773,4165,4254,4310
61680,4,9,7,21,1,23.484487,2.406708,4165,4254,4310
61690,5,10,0,16,1,23.483193,2.406582,4165,4254,4310
61700,3,4,1,9,1,23.480253,2.406319,4165,4254,4310
61710,7,13,7,28,1,23.479818,2.406181,4165,4254,4310
61720,19,15,6,41,1,23.480785,2.406262,4165,4254,4310
61730,11,16,0,28,1,23.483390,2.406544,4165,4255,4310
61740,2,13,11,27,1,23.482770,2.406466,4165,4255,4310
61750,6,11,15,33,1,23.484838,2.406621,4165,4258,4311
61760,4,7,7,19,1,23.485125,2.406684,4165,4258,4311
61770,11,6,8,26,1,23.484304,2.406579,4165,4258,4311
61780,17,5,6,29,1,23.484789,2.406555,4165,4258,4311
61790,7,9,2,19,1,23.484819,2.406588,4165,4258,4311
61800,2,8,10,21,1,23.484470,2.406535,4165,4258,4311
61810,1,1,18,21,1,23.484146,2.406528,4165,4258,4311
61820,7,5,9,22,1,23.483319,2.406489,4165,4258,4311
61830,0,1,0,2,1,23.481799,2.406320,4165,4258,4311
61840,0,0,0,1,1,23.478604,2.406019,4165,4258,4311
61850,5,16,11,33,1,23.477525,2.405867,4165,4258,4311
61860,15,18,10,44,1,23.480011,2.406104,4165,4264,4311
61870,17,17,11,46,1,23.482876,2.406412,4169,4264,4311
61880,16,17,11,45,1,23.486804,2.406773,4171,4267,4311
61890,16,11,14,42,1,23.490386,2.407126,4173,4268,4311
61900,17,6,1,25,1,23.492558,2.407419,4173,4268,4311
61910,18,8,10,37,1,23.493809,2.407490,4178,4268,4311
61920,16,11,18,46,1,23.497112,2.407814,4179,4268,4316
61930,14,1,17,33,1,23.499649,2.408097,4179,4268,4327
61940,15,8,13,37,1,23.501519,2.408243,4179,4268,4331
61950,4,14,10,29,1,23.502137,2.408321,4179,4268,4331
61960,11,13,17,42,1,23.504298,2.408532,4179,4268,4331
61970,11,14,20,46,1,23.507492,2.408870,4179,4268,4338
61980,11,15,11,38,1,23.509885,2.409177,4179,4268,4343
61990,17,19,9,46,1,23.513144,2.409478,4179,4271,4343
62000,15,12,18,46,1,23.516999,2.409895,4179,4275,4346
62010,9,16,16,42,1,23.518877,2.410090,4179,4275,4346
62020,16,5,17,39,1,23.521863,2.410346,4179,4275,4347
62030,13,5,12,31,1,23.524671,2.410704,4180,4275,4348
62040,6,0,0,7,1,23.523930,2.410619,4180,4275,4348
62050,1,2,1,5,1,23.520848,2.410301,4180,4275,4348
62060,1,2,6,10,1,23.518432,2.410036,4180,4275,4348
62070,12,8,9,30,1,23.516750,2.409830,4180,4275,4348
62080,6,12,13,32,1,23.518565,2.409923,4180,4275,4348
62090,3,15,6,25,1,23.519480,2.410019,4180,4281,4348
62100,7,16,6,30,1,23.519834,2.410070,4180,4281,4348
62110,5,19,18,43,1,23.521151,2.410183,4180,4283,4348
62120,13,14,14,42,1,23.525383,2.410611,4181,4289,4358
62130,14,3,7,25,1,23.526550,2.410729,4181,4289,4358
62140,13,6,11,31,1,23.527031,2.410777,4181,4289,4358
62150,17,7,19,44,1,23.529302,2.411000,4182,4289,4358
62160,18,0,13,32,1,23.532448,2.411376,4184,4289,4364
62170,17,0,4,22,1,23.533521,2.411508,4195,4289,4364
62180,9,10,14,34,1,23.534465,2.411552,4195,4289,4364
62190,9,9,20,39,1,23.536551,2.411776,4195,4289,4369
62200,2,4,12,19,1,23.537076,2.411872,4195,4289,4374
62210,0,0,0,1,1,23.535085,2.411738,4195,4289,4374
62220,7,7,1,16,1,23.532660,2.411479,4195,4289,4374
62230,2,6,6,15,1,23.531107,2.411291,4195,4289,4374
62240,3,0,0,4,1,23.528600,2.411060,4195,4289,4374
62250,7,17,5,30,1,23.527626,2.410919,4195,4289,4374
62260,8,15,11,35,1,23.529627,2.411178,4195,4289,4374
62270,18,7,4,30,1,23.531089,2.411298,4195,4289,4374
62280,10,14,0,25,1,23.532676,2.411475,4196,4289,4374
62290,19,12,10,42,1,23.534324,2.411611,4196,4290,4374
62300,11,9,10,31,1,23.537554,2.411968,4203,4290,4374
62310,16,15,11,43,1,23.540384,2.412248,4203,4290,4374
62320,16,15,7,39,1,23.543177,2.412569,4207,4295,4374
62330,20,15,18,54,1,23.546283,2.412798,4213,4295,4374
62340,19,15,17,52,1,23.550539,2.413221,4217,4296,4383
62350,13,18,15,47,1,23.555282,2.413741,4222,4306,4386
62360,14,19,15,49,1,23.559920,2.414250,4229,4307,4389
62370,14,15,19,49,1,23.564732,2.414769,4231,4317,4396
62380,19,16,15,51,1,23.569772,2.415312,4236,4325,4400
62390,17,17,12,47,1,23.573511,2.415741,4237,4328,4400
62400,10,10,11,32,1,23.576417,2.416033,4241,4330,4400
62410,9,16,5,31,1,23.577952,2.416161,4241,4339,4400
62420,6,4,0,11,1,23.576807,2.416030,4241,4339,4400
62430,14,2,0,17,1,23.575665,2.415923,4241,4339,4400
62440,19,9,8,37,1,23.575434,2.415890,4241,4339,4400
62450,8,5,13,27,1,23.577749,2.416138,4241,4339,4400
62460,4,3,0,8,1,23.576006,2.415985,4241,4339,4400
62470,3,14,10,28,1,23.575213,2.415839,4241,4339,4400
62480,0,17,3,21,1,23.575207,2.415844,4241,4344,4400
62490,0,18,2,21,1,23.575118,2.415806,4241,4354,4400
62500,4,1,9,15,1,23.573046,2.415596,4241,4355,4400
62510,0,2,0,3,1,23.570283,2.415378,4241,4355,4400
62520,1,1,2,5,1,23.567088,2.415093,4241,4355,4400
62530,2,5,6,14,1,23.564697,2.414795,4241,4355,4400
62540,0,2,2,5,1,23.562025,2.414511,4241,4355,4400
62550,0,0,0,1,1,23.559297,2.414234,4241,4355,4400
62560,6,8,11,26,1,23.556993,2.413941,4241,4355,4400
62570,14,14,6,35,1,23.557511,2.413921,4241,4355,4400
62580,19,12,13,45,1,23.559658,2.414108,4241,4355,4400
62590,11,18,13,43,1,23.561889,2.414288,4241,4355,4400
62600,18,19,12,50,1,23.565299,2.414620,4241,4358,4400
62610,10,17,1,29,1,23.567292,2.414862,4241,4358,4400
62620,14,10,4,29,1,23.568242,2.414942,4241,4358,4400
62630,19,6,3,29,1,23.569574,2.415065,4242,4358,4400
62640,19,11,7,38,1,23.570749,2.415164,4249,4358,4400
62650,17,9,5,32,1,23.572701,2.415382,4252,4358,4400
62660,17,4,10,32,1,23.574989,2.415615,4255,4358,4400
62670,3,0,19,23,1,23.575119,2.415646,4255,4358,4400
62680,14,10,19,44,1,23.576090,2.415709,4255,4358,4405
62690,9,9,17,36,1,23.579272,2.416088,4255,4358,4407
62700,13,9,18,41,1,23.581943,2.416364,4255,4358,4412
62710,18,17,18,54,1,23.586282,2.416792,4257,4358,4418
62720,19,12,20,52,1,23.590626,2.417219,4258,4363,4420
62730,14,19,20,54,1,23.595319,2.417710,4273,4365,4426
62740,7,15,17,40,1,23.598650,2.418094,4273,4365,4427
62750,12,19,11,43,1,23.602090,2.418393,4273,4366,4430
62760,12,12,0,25,1,23.603327,2.418534,4273,4366,4430
62770,17,13,2,33,1,23.604374,2.418628,4273,4366,4430
62780,0,0,0,0,0,23.603336,2.418551,4273,4366,4430
62790,2,0,11,14,1,23.601880,2.418401,4273,4366,4430
62800,1,3,3,8,1,23.599710,2.418153,4273,4366,4430
62810,7,6,6,20,1,23.598036,2.417988,4273,4366,4430
62820,1,8,1,11,1,23.596765,2.417903,4273,4366,4430
62830,6,13,10,30,1,23.595416,2.417728,4273,4366,4430
62840,3,11,16,31,1,23.596742,2.417878,4273,4367,4432
62850,2,12,13,28,1,23.599482,2.418165,4273,4374,4435
62860,4,10,9,24,1,23.598914,2.418078,4273,4374,4435
62870,13,5,2,21,1,23.598072,2.417986,4273,4374,4435
62880,18,13,7,39,1,23.598477,2.417978,4273,4374,4435
62890,7,2,2,12,1,23.596790,2.417871,4273,4374,4435
62900,16,1,8,26,1,23.595997,2.417772,4273,4374,4435
62910,19,15,19,54,1,23.598469,2.417937,4273,4374,4438
62920,19,17,13,50,1,23.603174,2.418434,4275,4384,4440
62930,15,4,11,31,1,23.606308,2.418773,4276,4384,4440
62940,18,5,11,35,1,23.608462,2.418980,4277,4384,4441
62950,12,2,6,21,1,23.609537,2.419093,4277,4384,4441
62960,9,10,10,30,1,23.608664,2.418982,4277,4384,4441
62970,2,12,20,35,1,23.609267,2.419054,4277,4384,4444
62980,1,2,11,15,1,23.609571,2.419111,4277,4384,4445
62990,12,9,6,28,1,23.609343,2.418992,4277,4384,4445
63000,9,16,1,27,1,23.610311,2.419136,4277,4384,4445
63010,0,8,0,9,1,23.608580,2.418997,4277,4384,4445
63020,9,9,1,20,1,23.607343,2.418845,4277,4384,4445
63030,8,1,1,11,1,23.606092,2.418703,4277,4384,4445
63040,11,7,6,25,1,23.604893,2.418567,4277,4384,4445
63050,0,6,5,12,1,23.602773,2.418380,4277,4384,4445
63060,5,9,14,29,1,23.601764,2.418208,4277,4384,4445
63070,5,4,11,21,1,23.601027,2.418135,4277,4384,4445
63080,0,0,0,0,0,23.598470,2.417958,4277,4384,4445
63090,1,0,3,5,1,23.596110,2.417750,4277,4384,4445
63100,7,4,6,18,1,23.593393,2.417470,4277,4384,4445
63110,14,5,6,26,1,23.592745,2.417319,4277,4384,4445
63120,17,2,7,27,1,23.593211,2.417401,4280,4384,4445
63130,17,7,8,33,1,23.595129,2.417560,4283,4384,4445
63140,14,13,3,31,1,23.597097,2.417745,4292,4384,4445
63150,8,13,8,30,1,23.597609,2.417788,4292,4384,4445
63160,9,17,10,37,1,23.599247,2.417950,4292,4391,4445
63170,6,10,5,22,1,23.599971,2.418046,4292,4391,4445
63180,17,11,18,47,1,23.601608,2.418146,4292,4391,4447
63190,20,5,13,39,1,23.604653,2.418448,4305,4391,4448
63200,4,11,8,24,1,23.604755,2.418461,4307,4391,4448
63210,2,2,2,7,1,23.603171,2.418278,4307,4391,4448
63220,9,7,7,24,1,23.601120,2.418035,4307,4391,4448
63230,13,10,9,33,1,23.601896,2.418070,4307,4391,4448
63240,16,12,9,38,1,23.603038,2.418224,4307,4391,4448
63250,19,5,15,40,1,23.605905,2.418540,4312,4391,4452
63260,9,8,17,35,1,23.607952,2.418791,4312,4391,4459
63270,19,9,8,37,1,23.609553,2.418934,4312,4391,4459
63280,16,9,12,38,1,23.612265,2.419183,4318,4391,4459
63290,17,13,10,41,1,23.614161,2.419356,4318,4391,4459
63300,14,13,11,39,1,23.617229,2.419688,4318,4391,4459
63310,17,12,5,35,1,23.618417,2.419820,4318,4391,4459
63320,20,18,9,48,1,23.621265,2.420103,4326,4391,4459
63330,16,16,7,40,1,23.624896,2.420485,4329,4392,4459
63340,14,9,0,24,1,23.627236,2.420809,4330,4392,4459
63350,17,16,7,41,1,23.629211,2.421002,4336,4392,4459
63360,18,15,17,51,1,23.633865,2.421489,4343,4399,4461
63370,18,18,18,55,1,23.638156,2.421892,4351,4400,4461
63380,19,12,20,52,1,23.642453,2.422370,4351,4403,4466
63390,17,9,8,35,1,23.645467,2.422701,4352,4403,4466
63400,13,15,11,40,1,23.646797,2.422886,4352,4403,4466
63410,13,19,10,43,1,23.649048,2.423155,4352,4409,4466
63420,9,19,12,41,1,23.652254,2.423528,4352,4421,4466
63430,13,6,1,21,1,23.653294,2.423602,4352,4423,4466
63440,20,7,1,29,1,23.653796,2.423613,4352,4423,4466
63450,11,3,0,15,1,23.653989,2.423635,4352,4423,4466
63460,3,0,6,10,1,23.652112,2.423429,4352,4423,4466
63470,7,6,3,17,1,23.649523,2.423112,4352,4423,4466
63480,2,5,0,8,1,23.647863,2.422967,4352,4423,4466
63490,8,5,1,15,1,23.645280,2.422674,4352,4423,4466
63500,7,6,3,17,1,23.643754,2.422481,4352,4423,4466
63510,2,6,1,10,1,23.642265,2.422319,4352,4423,4466
63520,10,12,3,26,1,23.641844,2.422235,4352,4423,4466
63530,9,6,7,23,1,23.642253,2.422232,4352,4423,4466
63540,14,1,10,26,1,23.642688,2.422236,4352,4423,4466
63550,11,1,6,19,1,23.642035,2.422187,4352,4423,4466
63560,16,3,3,23,1,23.642148,2.422213,4355,4423,4466
63570,6,3,3,13,1,23.641645,2.422152,4357,4423,4466
63580,6,10,10,27,1,23.641224,2.422084,4357,4423,4466
63590,9,7,18,35,1,23.641985,2.422160,4357,4423,4466
63600,4,10,17,32,1,23.643611,2.422333,4357,4423,4466
63610,2,9,19,31,1,23.645338,2.422493,4357,4423,4471
63620,2,18,16,37,1,23.647778,2.422746,4357,4427,4479
63630,0,11,9,21,1,23.649777,2.422964,4357,4427,4480
63640,8,17,10,36,1,23.650648,2.423025,4357,4427,4480
63650,7,16,2,26,1,23.651047,2.423088,4357,4427,4480
63660,10,19,8,38,1,23.651291,2.423045,4357,4428,4480
63670,8,18,10,37,1,23.653631,2.423306,4357,4442,4480
63680,18,15,12,46,1,23.656279,2.423486,4357,4443,4480
63690,12,11,9,33,1,23.659417,2.423849,4363,4443,4480
63700,5,6,6,18,1,23.659994,2.423965,4363,4443,4480
63710,1,5,2,9,1,23.659045,2.423878,4363,4443,4480
63720,5,6,8,20,1,23.657298,2.423678,4363,4443,4480
63730,0,2,3,6,1,23.655563,2.423530,4363,4443,4480
63740,4,6,8,19,1,23.653528,2.423293,4363,4443,4480
63750,2,5,8,16,1,23.652125,2.423167,4363,4443,4480
63760,6,7,0,14,1,23.650347,2.422987,4363,4443,4480
63770,6,1,2,10,1,23.647302,2.422720,4363,4443,4480
63780,8,12,2,23,1,23.646477,2.422615,4363,4443,4480
63790,11,10,7,29,1,23.645988,2.422536,4363,4443,4480
63800,9,14,2,26,1,23.645559,2.422518,4363,4443,4480
63810,10,11,9,31,1,23.646045,2.422543,4363,4443,4480
63820,9,4,2,16,1,23.645118,2.422446,4363,4443,4480
63830,11,5,10,27,1,23.644528,2.422353,4363,4443,4480
63840,10,1,16,28,1,23.645818,2.422488,4363,4443,4480
63850,10,3,10,24,1,23.646843,2.422525,4363,4443,4482
63860,4,0,4,9,1,23.644483,2.422329,4363,4443,4482
63870,4,9,4,18,1,23.642746,2.422126,4363,4443,4482
63880,1,8,3,13,1,23.641926,2.422032,4363,4443,4482
63890,10,4,0,15,1,23.640585,2.421874,4363,4443,4482
63900,8,7,5,21,1,23.638761,2.421643,4363,4443,4482
63910,0,8,0,9,1,23.637808,2.421575,4363,4443,4482
63920,2,8,1,12,1,23.636070,2.421411,4363,4443,4482
63930,5,0,3,9,1,23.633417,2.421122,4363,4443,4482
63940,7,1,8,17,1,23.631981,2.420962,4363,4443,4482
63950,0,0,4,5,1,23.629898,2.420743,4363,4443,4482
63960,7,5,3,16,1,23.627288,2.420412,4363,4443,4482
63970,0,0,0,1,1,23.624198,2.420156,4363,4443,4482
63980,2,1,12,16,1,23.621194,2.419808,4363,4443,4482
63990,5,8,10,24,1,23.619915,2.419660,4363,4443,4482
64000,4,3,10,18,1,23.619936,2.419684,4363,4443,4482
64010,1,7,1,10,1,23.618759,2.419558,4363,4443,4482
64020,4,8,6,19,1,23.617919,2.419417,4363,4443,4482
64030,3,12,10,26,1,23.616991,2.419285,4363,4443,4482
64040,0,8,6,15,1,23.616871,2.419271,4363,4443,4482
64050,3,2,2,8,1,23.615695,2.419223,4363,4443,4482
64060,1,9,7,18,1,23.614408,2.419140,4363,4443,4482
64070,1,0,6,8,1,23.612042,2.418915,4363,4443,4482
64080,2,10,4,17,1,23.609899,2.418729,4363,4443,4482
64090,0,0,9,10,1,23.609312,2.418648,4363,4443,4482
64100,4,5,1,11,1,23.606816,2.418352,4363,4443,4482
64110,5,5,0,11,1,23.604516,2.418115,4363,4443,4482
64120,1,4,3,9,1,23.602001,2.417833,4363,4443,4482
64130,4,8,7,20,1,23.599598,2.417581,4363,4443,4482
64140,3,7,6,17,1,23.597636,2.417340,4363,4443,4482
64150,6,9,12,28,1,23.598162,2.417319,4363,4443,4482
64160,7,4,14,26,1,23.597701,2.417267,4363,4443,4482
64170,6,14,17,38,1,23.599088,2.417346,4363,4443,4482
64180,8,20,14,43,1,23.602185,2.417654,4363,4448,4484
64190,7,19,20,47,1,23.604919,2.417948,4363,4450,4490
64200,13,20,17,51,1,23.606854,2.418106,4363,4450,4491
64210,19,18,18,56,1,23.610455,2.418416,4364,4455,4494
64220,19,20,19,59,1,23.615466,2.418985,4373,4462,4502
64230,18,17,14,50,1,23.619899,2.419457,4377,4471,4503
64240,16,16,14,47,1,23.624533,2.419957,4384,4474,4507
64250,17,12,17,47,1,23.627582,2.420245,4384,4474,4507
64260,9,1,11,22,1,23.629315,2.420425,4385,4474,4510
64270,14,3,4,22,1,23.629843,2.420466,4385,4474,4510
64280,15,0,1,17,1,23.630008,2.420505,4392,4474,4510
64290,10,5,9,25,1,23.629711,2.420473,4392,4474,4510
64300,12,10,4,27,1,23.629933,2.420463,4392,4474,4510
64310,16,5,4,26,1,23.631281,2.420604,4394,4474,4510
64320,17,16,7,41,1,23.632337,2.420660,4399,4474,4510
64330,13,13,0,27,1,23.634446,2.420879,4402,4476,4510
64340,15,19,5,40,1,23.635882,2.421044,4402,4477,4510
64350,4,20,5,30,1,23.636954,2.421183,4402,4479,4510
64360,5,11,3,20,1,23.636185,2.421091,4402,4479,4510
64370,7,17,4,29,1,23.636409,2.421101,4402,4479,4510
64380,1,6,0,8,1,23.635473,2.421058,4402,4479,4510
64390,7,0,4,12,1,23.633445,2.420883,4402,4479,4510
64400,1,1,6,9,1,23.631841,2.420779,4402,4479,4510
64410,7,6,5,19,1,23.630407,2.420596,4402,4479,4510
64420,8,19,7,35,1,23.630685,2.420631,4402,4479,4510
64430,9,17,4,31,1,23.632064,2.420790,4402,4484,4510
64440,15,9,1,26,1,23.633047,2.420870,4402,4488,4510
64450,15,7,10,33,1,23.633331,2.420863,4402,4488,4510
64460,11,16,13,41,1,23.636027,2.421126,4402,4488,4510
64470,9,19,11,40,1,23.638637,2.421430,4402,4491,4510
64480,15,18,9,43,1,23.641100,2.421674,4402,4494,4510
64490,4,16,10,31,1,23.643487,2.421963,4402,4497,4510
64500,8,16,13,38,1,23.646289,2.422252,4402,4499,4510
64510,14,20,15,50,1,23.648581,2.422474,4402,4501,4510
64520,11,14,9,35,1,23.652078,2.422904,4402,4503,4510
64530,15,0,11,27,1,23.654042,2.423104,4404,4503,4510
64540,9,4,8,22,1,23.655320,2.423222,4404,4503,4511
64550,5,14,2,22,1,23.655298,2.423229,4404,4503,4511
64560,3,18,5,27,1,23.655644,2.423252,4404,4505,4511
64570,2,2,3,8,1,23.654180,2.423089,4404,4505,4511
64580,0,1,1,3,1,23.650995,2.422803,4404,4505,4511
64590,0,0,0,0,0,23.648091,2.422547,4404,4505,4511
64600,2,7,5,15,1,23.645455,2.422294,4404,4505,4511
64610,1,12,5,19,1,23.643862,2.422126,4404,4505,4511
64620,8,14,10,33,1,23.644707,2.422180,4404,4505,4511
64630,5,1,2,9,1,23.643141,2.422095,4404,4505,4511
64640,1,0,1,3,1,23.640443,2.421894,4404,4505,4511
64650,1,0,0,2,1,23.637332,2.421608,4404,4505,4511
64660,2,2,3,8,1,23.634276,2.421278,4404,4505,4511
64670,6,0,0,7,1,23.631301,2.421053,4404,4505,4511
64680,2,3,5,11,1,23.628821,2.420770,4404,4505,4511
64690,0,8,1,10,1,23.626764,2.420547,4404,4505,4511
64700,0,18,11,30,1,23.626487,2.420497,4404,4505,4511
64710,9,6,4,20,1,23.626769,2.420487,4404,4505,4511
64720,12,5,2,20,1,23.626320,2.420408,4404,4505,4511
64730,15,14,15,45,1,23.627758,2.420474,4404,4505,4511
64740,15,20,13,49,1,23.631306,2.420832,4406,4514,4511
64750,18,20,10,49,1,23.634396,2.421185,4406,4527,4511
64760,8,15,12,36,1,23.637879,2.421537,4409,4531,4511
64770,5,6,13,25,1,23.640185,2.421814,4409,4531,4514
64780,12,11,20,44,1,23.641471,2.421887,4409,4531,4523
64790,15,7,20,43,1,23.644426,2.422180,4411,4531,4530
64800,8,1,5,15,1,23.645224,2.422322,4411,4531,4533
64810,2,0,5,8,1,23.642887,2.422104,4411,4531,4533
64820,3,3,0,7,1,23.640169,2.421809,4411,4531,4533
64830,1,4,0,6,1,23.637395,2.421492,4411,4531,4533
64840,11,19,13,44,1,23.638112,2.421469,4411,4531,4533
64850,11,17,14,43,1,23.641331,2.421766,4411,4533,4535
64860,18,17,14,50,1,23.645265,2.422156,4414,4533,4537
64870,19,20,11,51,1,23.649759,2.422642,4431,4541,4537
64880,14,16,12,43,1,23.653072,2.422999,4431,4546,4537
64890,0,14,17,32,1,23.655151,2.423249,4431,4546,4537
64900,9,14,16,40,1,23.657265,2.423472,4431,4546,4540
64910,4,15,19,39,1,23.659104,2.423601,4431,4546,4545
64920,1,15,17,34,1,23.661381,2.423864,4431,4548,4559
64930,0,11,2,14,1,23.662891,2.424044,4431,4548,4564
64940,0,9,0,10,1,23.662514,2.423981,4431,4548,4564
64950,2,6,5,14,1,23.660481,2.423763,4431,4548,4564
64960,4,4,2,11,1,23.657894,2.423508,4431,4548,4564
64970,7,14,0,22,1,23.658179,2.423494,4431,4548,4564
64980,16,13,10,40,1,23.658649,2.423502,4431,4548,4564
64990,6,6,4,17,1,23.658846,2.423594,4431,4548,4564
65000,18,15,7,41,1,23.660167,2.423708,4431,4548,4564
65010,17,18,8,44,1,23.663517,2.424065,4433,4554,4564
65020,11,17,5,34,1,23.666472,2.424397,4433,4557,4564
65030,9,16,3,29,1,23.668591,2.424643,4433,4562,4564
65040,0,3,1,5,1,23.666842,2.424497,4433,4562,4564
65050,2,2,5,10,1,23.664323,2.424211,4433,4562,4564
65060,9,5,9,24,1,23.661915,2.423940,4433,4562,4564
65070,6,15,0,22,1,23.661379,2.423830,4433,4562,4564
65080,13,14,0,28,1,23.662140,2.423899,4433,4563,4564
65090,12,17,7,37,1,23.664539,2.424151,4433,4563,4564
65100,7,7,3,18,1,23.665086,2.424217,4433,4563,4564
65110,11,8,3,23,1,23.663442,2.424039,4433,4563,4564
65120,9,2,6,18,1,23.662174,2.423885,4433,4563,4564
65130,3,5,4,13,1,23.660556,2.423722,4433,4563,4564
65140,10,7,13,31,1,23.660879,2.423712,4433,4563,4564
65150,3,3,15,22,1,23.661850,2.423794,4433,4563,4568
65160,8,6,0,15,1,23.661134,2.423727,4433,4563,4568
65170,1,18,5,25,1,23.660597,2.423598,4433,4563,4568
65180,12,18,6,37,1,23.662476,2.423778,4433,4568,4568
65190,13,18,8,40,1,23.665245,2.424037,4433,4570,4568
65200,12,12,5,30,1,23.667431,2.424267,4433,4571,4568
65210,18,19,1,39,1,23.669306,2.424435,4434,4573,4568
65220,18,18,6,43,1,23.672022,2.424701,4439,4582,4568
65230,15,13,9,38,1,23.674610,2.424918,4439,4583,4568
65240,11,16,16,44,1,23.678604,2.425326,4441,4589,4571
65250,13,15,20,49,1,23.682064,2.425653,4441,4590,4574
65260,5,20,19,45,1,23.685357,2.425996,4441,4595,4576
65270,5,18,15,39,1,23.688244,2.426321,4441,4596,4583
65280,15,17,20,53,1,23.691486,2.426644,4441,4604,4588
65290,14,13,20,48,1,23.694812,2.426964,4442,4604,4591
65300,10,20,13,44,1,23.698010,2.427275,4442,4608,4594
65310,15,19,7,42,1,23.700418,2.427589,4442,4618,4594
65320,10,17,14,42,1,23.703747,2.427963,4442,4620,4594
65330,13,17,15,46,1,23.706394,2.428274,4442,4620,4594
65340,17,11,17,46,1,23.710408,2.428673,4444,4624,4604
65350,13,7,19,40,1,23.713476,2.429035,4444,4624,4609
65360,13,7,12,33,1,23.715009,2.429209,4444,4624,4612
65370,11,0,7,19,1,23.715665,2.429340,4444,4624,4612
65380,0,0,1,2,1,23.714641,2.429222,4444,4624,4612
65390,2,2,2,7,1,23.712068,2.428919,4444,4624,4612
65400,0,5,1,7,1,23.709386,2.428673,4444,4624,4612
65410,2,2,3,8,1,23.706571,2.428361,4444,4624,4612
65420,5,0,0,6,1,23.703763,2.428060,4444,4624,4612
65430,8,4,1,14,1,23.701144,2.427810,4444,4624,4612
65440,0,0,0,0,0,23.698746,2.427601,4444,4624,4612
65450,3,1,0,5,1,23.695556,2.427280,4444,4624,4612
65460,8,2,5,16,1,23.693330,2.426997,4444,4624,4612
65470,5,8,4,18,1,23.692632,2.426921,4444,4624,4612
65480,12,17,13,43,1,23.693682,2.426939,4444,4624,4612
65490,2,8,4,15,1,23.695305,2.427161,4444,4624,4612
65500,2,1,1,5,1,23.693072,2.426958,4444,4624,4612
65510,3,1,7,12,1,23.691401,2.426762,4444,4624,4612
65520,9,13,11,34,1,23.690472,2.426586,4444,4624,4612
65530,8,8,13,30,1,23.692383,2.426769,4444,4624,4612
65540,14,9,19,43,1,23.694093,2.426905,4444,4624,4616
65550,13,1,17,32,1,23.696451,2.427198,4447,4624,4625
65560,0,5,15,21,1,23.696790,2.427224,4447,4624,4625
65570,3,7,7,18,1,23.695846,2.427118,4447,4624,4625
65580,11,18,6,36,1,23.697075,2.427170,4447,4629,4625
65590,6,1,3,11,1,23.697904,2.427307,4447,4629,4625
65600,1,0,0,2,1,23.695133,2.427064,4447,4629,4625
65610,0,0,2,3,1,23.692346,2.426803,4447,4629,4625
65620,5,4,4,14,1,23.689410,2.426524,4447,4629,4625
65630,2,2,1,6,1,23.686320,2.426232,4447,4629,4625
65640,0,3,0,4,1,23.683256,2.425966,4447,4629,4625
65650,4,9,15,29,1,23.683045,2.425898,4447,4629,4625
65660,1,15,18,35,1,23.684388,2.426023,4447,4629,4625
65670,7,6,5,19,1,23.684559,2.426073,4447,4629,4627
65680,8,0,12,21,1,23.683201,2.425894,4447,4629,4627
65690,4,1,18,24,1,23.683552,2.425937,4447,4629,4628
65700,3,3,5,12,1,23.682639,2.425853,4447,4629,4633
65710,2,2,3,8,1,23.680185,2.425619,4447,4629,4633
65720,4,5,9,19,1,23.678106,2.425397,4447,4629,4633
65730,3,11,17,32,1,23.678377,2.425295,4447,4629,4633
65740,9,4,6,20,1,23.678639,2.425328,4447,4629,4638
65750,5,0,3,9,1,23.677786,2.425269,4447,4629,4638
65760,9,8,0,18,1,23.676663,2.425157,4447,4629,4638
65770,3,8,3,15,1,23.676125,2.425093,4447,4629,4638
65780,12,18,6,37,1,23.676418,2.425031,4447,4631,4638
65790,16,19,3,39,1,23.678848,2.425282,4458,4636,4638
65800,16,17,11,45,1,23.681615,2.425560,4465,4643,4638
65810,11,13,12,37,1,23.684144,2.425837,4465,4645,4638
65820,6,2,6,15,1,23.684242,2.425970,4465,4645,4638
65830,10,10,4,25,1,23.683994,2.425936,4465,4645,4638
65840,4,2,6,13,1,23.683116,2.425901,4465,4645,4638
65850,3,1,3,8,1,23.681499,2.425745,4465,4645,4638
65860,0,0,0,1,1,23.678895,2.425447,4465,4645,4638
65870,5,2,1,9,1,23.675760,2.425158,4465,4645,4638
65880,4,9,5,19,1,23.673209,2.424892,4465,4645,4638
65890,1,12,7,21,1,23.673309,2.424901,4465,4645,4638
65900,0,0,0,1,1,23.670965,2.424765,4465,4645,4638
65910,0,0,0,1,1,23.667865,2.424510,4465,4645,4638
65920,3,1,1,6,1,23.665508,2.424237,4465,4645,4638
65930,4,5,0,10,1,23.662859,2.423949,4465,4645,4638
65940,5,6,13,25,1,23.662194,2.423819,4465,4645,4638
65950,6,5,13,25,1,23.661981,2.423807,4465,4645,4638
65960,5,10,18,34,1,23.663853,2.423997,4465,4645,4638
65970,1,7,6,15,1,23.664060,2.424074,4465,4645,4638
65980,0,4,1,6,1,23.662542,2.423909,4465,4645,4638
65990,3,1,3,8,1,23.659366,2.423609,4465,4645,4638
66000,9,16,5,31,1,23.658706,2.423547,4465,4645,4638
66010,7,11,9,28,1,23.660202,2.423729,4465,4648,4638
66020,0,3,3,7,1,23.659242,2.423656,4465,4648,4638
66030,5,11,2,19,1,23.657910,2.423510,4465,4648,4638
66040,7,2,0,10,1,23.658106,2.423537,4465,4648,4638
66050,2,12,7,22,1,23.658065,2.423512,4465,4648,4638
66060,8,4,9,22,1,23.658428,2.423522,4465,4648,4638
66070,0,9,15,25,1,23.658979,2.423535,4465,4648,4638
66080,3,6,11,21,1,23.658608,2.423492,4465,4648,4638
66090,0,9,1,11,1,23.657521,2.423406,4465,4648,4638
66100,3,6,1,11,1,23.655925,2.423282,4465,4648,4638
66110,16,1,5,23,1,23.654198,2.423077,4465,4648,4638
66120,18,6,8,33,1,23.655085,2.423137,4466,4648,4638
66130,16,8,20,45,1,23.657699,2.423418,4471,4648,4638
66140,11,2,20,34,1,23.659747,2.423657,4471,4648,4642
66150,5,3,1,10,1,23.659360,2.423683,4471,4648,4644
66160,7,0,2,10,1,23.657235,2.423419,4471,4648,4644
66170,0,0,1,2,1,23.654312,2.423141,4471,4648,4644
66180,6,6,6,19,1,23.652959,2.422997,4471,4648,4644
66190,1,3,3,8,1,23.651474,2.422854,4471,4648,4644
66200,0,2,0,3,1,23.648544,2.422602,4471,4648,4644
66210,13,9,17,40,1,23.647992,2.422431,4471,4648,4644
66220,19,19,11,50,1,23.651093,2.422736,4471,4648,4644
66230,16,19,20,56,1,23.655205,2.423160,4472,4655,4648
66240,18,19,18,56,1,23.660025,2.423690,4477,4661,4662
66250,0,7,6,14,1,23.662202,2.423934,4477,4661,4662
66260,3,7,7,18,1,23.660316,2.423705,4477,4661,4662
66270,1,2,9,13,1,23.659858,2.423653,4477,4661,4662
66280,0,1,1,3,1,23.657208,2.423399,4477,4661,4662
66290,1,1,1,4,1,23.654207,2.423101,4477,4661,4662
66300,2,5,13,21,1,23.652228,2.422905,4477,4661,4662
66310,12,5,11,29,1,23.652840,2.422959,4477,4661,4662
66320,12,2,17,32,1,23.653325,2.423022,4477,4661,4662
66330,10,5,19,35,1,23.654882,2.423127,4477,4661,4664
66340,11,0,11,23,1,23.655527,2.423196,4477,4661,4667
66350,11,4,12,28,1,23.654862,2.423089,4477,4661,4667
66360,14,8,17,40,1,23.657256,2.423277,4477,4661,4668
66370,19,8,16,44,1,23.660335,2.423609,4483,4661,4678
66380,18,8,15,42,1,23.662136,2.423792,4484,4661,4678
66390,9,6,10,26,1,23.662331,2.423796,4484,4661,4678
66400,9,0,11,21,1,23.662273,2.423751,4484,4661,4678
66410,1,2,1,5,1,23.660042,2.423536,4484,4661,4678
66420,2,1,0,4,1,23.657385,2.423270,4484,4661,4678
66430,4,0,2,7,1,23.654285,2.422992,4484,4661,4678
66440,1,0,0,2,1,23.651237,2.422716,4484,4661,4678
66450,0,0,1,2,1,23.649204,2.422488,4484,4661,4678
66460,0,0,2,3,1,23.646204,2.422194,4484,4661,4678
66470,5,9,16,31,1,23.645998,2.422123,4484,4661,4678
66480,1,3,9,14,1,23.645516,2.422076,4484,4661,4678
66490,5,3,15,24,1,23.645018,2.422020,4484,4661,4679
66500,2,0,9,12,1,23.644453,2.421953,4484,4661,4679
66510,0,0,0,0,0,23.643507,2.421847,4484,4661,4679
66520,3,0,1,5,1,23.641050,2.421609,4484,4661,4679
66530,17,9,2,29,1,23.639564,2.421396,4484,4661,4679
66540,2,4,6,13,1,23.638291,2.421283,4484,4661,4679
66550,2,3,6,12,1,23.636257,2.421073,4484,4661,4679
66560,3,6,0,10,1,23.633526,2.420777,4484,4661,4679
66570,9,10,3,23,1,23.632648,2.420634,4484,4661,4679
66580,4,10,10,25,1,23.631665,2.420557,4484,4661,4679
66590,10,3,2,16,1,23.631200,2.420520,4484,4661,4679
66600,0,2,2,5,1,23.628962,2.420289,4484,4661,4679
66610,3,2,1,7,1,23.626091,2.419982,4484,4661,4679
66620,0,4,4,9,1,23.623094,2.419719,4484,4661,4679
66630,3,13,17,34,1,23.623205,2.419647,4484,4661,4679
66640,3,13,13,30,1,23.624119,2.419735,4484,4661,4679
66650,3,1,6,11,1,23.622464,2.419617,4484,4661,4679
66660,6,3,3,13,1,23.620500,2.419388,4484,4661,4679
66670,7,4,2,14,1,23.618961,2.419222,4484,4661,4679
66680,0,0,0,1,1,23.616932,2.419027,4484,4661,4679
66690,1,0,0,2,1,23.614137,2.418777,4484,4661,4679
66700,3,1,0,5,1,23.610972,2.418477,4484,4661,4679
66710,8,2,4,15,1,23.608509,2.418179,4484,4661,4679
66720,0,0,0,0,0,23.606784,2.418031,4484,4661,4679
66730,1,9,8,19,1,23.604658,2.417771,4484,4661,4679
66740,8,9,7,25,1,23.603904,2.417692,4484,4661,4679
66750,12,8,8,29,1,23.604313,2.417729,4484,4661,4679
66760,20,5,19,45,1,23.606346,2.417932,4487,4661,4691
66770,20,9,12,42,1,23.608619,2.418178,4491,4661,4691
66780,20,3,7,31,1,23.610027,2.418369,4502,4661,4691
66790,20,15,15,51,1,23.612865,2.418651,4508,4661,4691
66800,18,20,15,54,1,23.616373,2.419020,4521,4663,4691
66810,13,17,6,37,1,23.619169,2.419383,4521,4667,4691
66820,1,12,4,18,1,23.618906,2.419366,4521,4667,4691
66830,1,3,0,5,1,23.617308,2.419275,4521,4667,4691
66840,1,7,2,11,1,23.614392,2.418960,4521,4667,4691
66850,6,1,4,12,1,23.613218,2.418850,4521,4667,4691
66860,4,0,4,9,1,23.611734,2.418703,4521,4667,4691
66870,0,0,0,1,1,23.608687,2.418416,4521,4667,4691
66880,12,4,12,29,1,23.606708,2.418182,4521,4667,4691
66890,14,8,20,43,1,23.608468,2.418361,4521,4667,4698
66900,19,7,19,46,1,23.611743,2.418643,4522,4667,4706
66910,15,6,15,37,1,23.614711,2.418983,4524,4667,4706
66920,14,8,13,36,1,23.617397,2.419216,4526,4667,4707
66930,14,12,15,42,1,23.619413,2.419451,4526,4667,4707
66940,12,18,17,48,1,23.623377,2.419837,4526,4668,4710
66950,11,16,16,44,1,23.626431,2.420167,4526,4672,4712
66960,11,16,12,40,1,23.630173,2.420582,4526,4672,4720
66970,11,16,18,46,1,23.633562,2.420898,4526,4672,4720
66980,8,5,14,28,1,23.635448,2.421142,4526,4672,4720
66990,6,0,7,14,1,23.635778,2.421204,4526,4672,4720
67000,4,3,3,11,1,23.633836,2.420992,4526,4672,4720
67010,11,12,10,34,1,23.633441,2.420902,4526,4672,4720
67020,9,15,7,32,1,23.634087,2.421015,4526,4672,4720
67030,9,20,15,45,1,23.636173,2.421213,4526,4678,4720
67040,7,14,6,28,1,23.637743,2.421372,4526,4679,4720
67050,7,20,9,37,1,23.639300,2.421519,4526,4685,4720
67060,15,17,13,46,1,23.643267,2.421950,4528,4694,4720
67070,19,3,10,33,1,23.645674,2.422203,4528,4694,4720
67080,15,3,1,20,1,23.645992,2.422315,4533,4694,4720
67090,10,2,1,14,1,23.644220,2.422110,4533,4694,4720
67100,0,7,2,10,1,23.642070,2.421925,4533,4694,4720
67110,5,5,6,17,1,23.641159,2.421849,4533,4694,4720
67120,5,2,10,18,1,23.640739,2.421827,4533,4694,4720
67130,1,1,0,3,1,23.638228,2.421590,4533,4694,4720
67140,0,2,0,3,1,23.635994,2.421356,4533,4694,4720
67150,4,5,7,17,1,23.633248,2.421048,4533,4694,4720
67160,9,5,0,15,1,23.632679,2.421018,4533,4694,4720
67170,3,0,5,9,1,23.631190,2.420875,4533,4694,4720
67180,1,1,2,5,1,23.628234,2.420596,4533,4694,4720
67190,1,5,0,7,1,23.625081,2.420265,4533,4694,4720
67200,0,1,0,2,1,23.621972,2.419970,4533,4694,4720
67210,3,9,8,21,1,23.620048,2.419720,4533,4694,4720
67220,3,6,4,14,1,23.617684,2.419432,4533,4694,4720
67230,8,12,2,23,1,23.616994,2.419331,4533,4694,4720
67240,5,0,2,8,1,23.615941,2.419225,4533,4694,4720
67250,2,10,11,24,1,23.613722,2.418956,4533,4694,4720
67260,3,8,14,26,1,23.613583,2.418944,4533,4694,4720
67270,2,4,14,21,1,23.613085,2.418932,4533,4694,4721
67280,3,1,6,11,1,23.611778,2.418797,4533,4694,4721
67290,5,4,8,18,1,23.609835,2.418556,4533,4694,4721
67300,0,1,0,2,1,23.608008,2.418367,4533,4694,4721
67310,0,0,0,0,0,23.605165,2.418075,4533,4694,4721
67320,4,2,3,10,1,23.602104,2.417738,4533,4694,4721
67330,2,0,7,10,1,23.599889,2.417447,4533,4694,4721
67340,0,0,0,1,1,23.597244,2.417200,4533,4694,4721
67350,0,0,0,0,0,23.594369,2.416879,4533,4694,4721
67360,3,2,1,7,1,23.591372,2.416548,4533,4694,4721
67370,1,1,1,4,1,23.588377,2.416218,4533,4694,4721
67380,3,14,5,23,1,23.586880,2.416004,4533,4694,4721
67390,0,2,2,5,1,23.586059,2.415945,4533,4694,4721
67400,4,1,7,13,1,23.584362,2.415792,4533,4694,4721
67410,10,5,14,30,1,23.583411,2.415645,4533,4694,4721
67420,10,5,15,31,1,23.584543,2.415760,4533,4694,4721
67430,9,12,18,40,1,23.586319,2.415918,4533,4694,4723
67440,6,10,17,34,1,23.588763,2.416149,4533,4694,4732
67450,5,9,18,33,1,23.591173,2.416424,4533,4694,4739
67460,3,12,6,22,1,23.591585,2.416472,4533,4694,4745
67470,0,1,1,3,1,23.589679,2.416338,4533,4694,4745
67480,0,0,2,3,1,23.586669,2.416083,4533,4694,4745
67490,0,0,0,1,1,23.584071,2.415782,4533,4694,4745
67500,0,10,1,12,1,23.581886,2.415561,4533,4694,4745
67510,2,14,2,19,1,23.580573,2.415429,4533,4694,4745
67520,9,18,5,33,1,23.581773,2.415536,4533,4694,4745
67530,5,14,7,27,1,23.582461,2.415623,4533,4694,4745
67540,1,10,2,14,1,23.582486,2.415588,4533,4694,4745
67550,3,14,1,19,1,23.582314,2.415543,4533,4694,4745
67560,8,19,6,34,1,23.582664,2.415522,4533,4694,4745
67570,2,15,7,25,1,23.584228,2.415674,4533,4697,4745
67580,5,9,14,29,1,23.585381,2.415761,4533,4697,4752
67590,11,10,8,30,1,23.585906,2.415737,4533,4697,4752
67600,14,14,1,30,1,23.587698,2.415930,4533,4697,4752
67610,2,4,3,10,1,23.586330,2.415847,4533,4697,4752
67620,0,0,4,5,1,23.585370,2.415722,4533,4697,4752
67630,0,1,1,3,1,23.583200,2.415454,4533,4697,4752
67640,6,10,2,19,1,23.581472,2.415272,4533,4697,4752
67650,4,11,6,22,1,23.580716,2.415212,4533,4697,4752
67660,2,17,0,20,1,23.580636,2.415195,4533,4697,4752
67670,2,5,2,10,1,23.579386,2.415044,4533,4697,4752
67680,4,6,4,15,1,23.577216,2.414787,4533,4697,4752
67690,15,14,3,33,1,23.577057,2.414711,4533,4697,4752
67700,5,2,1,9,1,23.576496,2.414682,4533,4697,4752
67710,6,4,5,16,1,23.573647,2.414396,4533,4697,4752
67720,2,3,0,6,1,23.572626,2.414254,4533,4697,4752
67730,1,0,0,2,1,23.569853,2.413983,4533,4697,4752
67740,2,5,1,9,1,23.567365,2.413727,4533,4697,4752
67750,4,2,10,17,1,23.565124,2.413481,4533,4697,4752
67760,5,8,3,17,1,23.563565,2.413262,4533,4697,4752
67770,1,9,5,16,1,23.562733,2.413179,4533,4697,4752
67780,0,2,4,7,1,23.560693,2.412987,4533,4697,4752
67790,7,19,12,39,1,23.560606,2.412937,4533,4702,4752
67800,14,13,20,48,1,23.563349,2.413158,4533,4702,4752
67810,18,13,9,41,1,23.566111,2.413418,4533,4702,4752
67820,17,19,10,47,1,23.568417,2.413627,4533,4704,4752
67830,19,13,5,38,1,23.571442,2.413932,4537,4707,4752
67840,19,17,9,46,1,23.573705,2.414173,4540,4714,4752
67850,20,17,16,54,1,23.577308,2.414541,4552,4717,4752
67860,19,18,20,58,1,23.581611,2.414940,4565,4726,4754
67870,14,15,16,46,1,23.585844,2.415405,4571,4735,4757
67880,19,20,19,59,1,23.588875,2.415696,4571,4735,4757
67890,19,13,10,43,1,23.592810,2.416138,4571,4735,4757
67900,17,17,10,45,1,23.595244,2.416328,4571,4735,4757
67910,19,15,17,52,1,23.598457,2.416630,4583,4735,4757
67920,18,12,16,47,1,23.601802,2.417030,4589,4735,4757
67930,13,15,13,42,1,23.605025,2.417340,4590,4735,4758
67940,8,11,9,29,1,23.606678,2.417574,4590,4735,4758
67950,11,19,7,38,1,23.607654,2.417650,4590,4738,4758
67960,8,11,10,30,1,23.609496,2.417838,4590,4747,4758
67970,12,8,4,25,1,23.610135,2.417924,4590,4747,4758
67980,9,4,2,16,1,23.610099,2.417933,4598,4747,4758
67990,0,0,0,1,1,23.608579,2.417791,4598,4747,4758
68000,7,2,11,21,1,23.607931,2.417716,4598,4747,4758
68010,9,8,18,36,1,23.608793,2.417756,4598,4747,4762
68020,11,0,10,22,1,23.609720,2.417879,4598,4747,4763
68030,17,5,10,33,1,23.610490,2.417942,4598,4747,4763
68040,20,9,12,42,1,23.612991,2.418167,4599,4747,4763
68050,18,12,18,49,1,23.616604,2.418598,4609,4747,4765
68060,11,10,19,41,1,23.619387,2.418889,4609,4747,4770
68070,16,18,17,52,1,23.623098,2.419242,4609,4750,4773
68080,8,19,13,41,1,23.626219,2.419531,4609,4754,4773
68090,14,16,11,42,1,23.628602,2.419705,4609,4758,4773
68100,20,15,20,56,1,23.632067,2.420037,4614,4759,4773
68110,17,17,18,53,1,23.636358,2.420562,4628,4759,4793
68120,16,14,20,51,1,23.640675,2.421010,4637,4759,4812
68130,8,11,11,31,1,23.643646,2.421317,4637,4759,4817
68140,8,20,3,32,1,23.644258,2.421375,4637,4759,4817
68150,14,14,9,38,1,23.644803,2.421418,4637,4759,4817
68160,19,14,1,35,1,23.646894,2.421642,4638,4759,4817
68170,15,18,2,36,1,23.648569,2.421863,4639,4759,4817
68180,14,3,1,19,1,23.649844,2.422014,4639,4759,4817
68190,13,0,8,22,1,23.649902,2.422037,4639,4759,4817
68200,17,10,5,33,1,23.650597,2.422092,4639,4759,4817
68210,19,2,11,33,1,23.652175,2.422238,4641,4759,4817
68220,18,7,2,28,1,23.652981,2.422323,4646,4759,4817
68230,15,6,12,34,1,23.655449,2.422567,4650,4759,4817
68240,17,3,11,32,1,23.656721,2.422689,4651,4759,4817
68250,20,10,17,48,1,23.658657,2.422875,4659,4759,4817
68260,17,6,7,31,1,23.661307,2.423163,4672,4759,4817
68270,7,2,4,14,1,23.660850,2.423148,4672,4759,4817
68280,5,1,5,12,1,23.658582,2.422936,4672,4759,4817
68290,3,7,3,14,1,23.656294,2.422690,4672,4759,4817
68300,10,14,7,32,1,23.656470,2.422670,4672,4759,4817
68310,6,15,3,25,1,23.657054,2.422736,4672,4759,4817
68320,5,6,3,15,1,23.656816,2.422725,4672,4759,4817
68330,10,6,14,31,1,23.656150,2.422648,4672,4759,4817
68340,4,0,4,9,1,23.655499,2.422616,4672,4759,4817
68350,3,0,1,5,1,23.654025,2.422417,4672,4759,4817
68360,9,3,3,16,1,23.652648,2.422238,4672,4759,4817
68370,19,8,7,35,1,23.653161,2.422257,4678,4759,4817
68380,18,6,3,28,1,23.654051,2.422351,4681,4759,4817
68390,14,4,0,19,1,23.654239,2.422376,4684,4759,4817
68400,0,1,0,2,1,23.653143,2.422309,4684,4759,4817
68410,5,8,4,18,1,23.650689,2.422064,4684,4759,4817
68420,5,0,2,8,1,23.648717,2.421886,4684,4759,4817
68430,1,1,2,5,1,23.645863,2.421603,4684,4759,4817
68440,0,6,1,8,1,23.643620,2.421347,4684,4759,4817
68450,0,0,0,0,0,23.640647,2.421078,4684,4759,4817
68460,2,5,3,11,1,23.637711,2.420786,4684,4759,4817
68470,1,0,1,3,1,23.634767,2.420502,4684,4759,4817
68480,0,0,0,0,0,23.631874,2.420208,4684,4759,4817
68490,1,2,5,9,1,23.629763,2.419940,4684,4759,4817
68500,1,8,2,12,1,23.627849,2.419753,4684,4759,4817
68510,8,15,13,37,1,23.627634,2.419614,4684,4759,4817
68520,14,9,16,40,1,23.629053,2.419718,4684,4759,4817
68530,14,5,19,39,1,23.631737,2.420014,4684,4759,4821
68540,17,11,18,47,1,23.634794,2.420369,4686,4759,4833
68550,14,11,16,42,1,23.638337,2.420723,4692,4759,4836
68560,18,18,12,49,1,23.642118,2.421106,4711,4759,4840
68570,17,20,15,53,1,23.646571,2.421597,4714,4770,4840
68580,7,16,6,30,1,23.649373,2.421922,4714,4773,4840
68590,6,18,13,38,1,23.651761,2.422158,4714,4779,4840
68600,9,13,11,34,1,23.652842,2.422275,4714,4782,4840
68610,3,15,12,31,1,23.654272,2.422431,4714,4782,4840
68620,7,13,13,34,1,23.654448,2.422440,4714,4782,4840
68630,15,8,19,43,1,23.655901,2.422613,4714,4782,4840
68640,14,7,16,38,1,23.658462,2.422892,4721,4782,4844
68650,16,10,19,46,1,23.661483,2.423207,4727,4782,4855
68660,12,14,18,45,1,23.665385,2.423613,4727,4790,4858
68670,11,14,13,39,1,23.668008,2.423902,4727,4790,4863
68680,11,13,14,39,1,23.669814,2.424108,4727,4790,4863
68690,3,12,9,25,1,23.670720,2.424203,4727,4790,4863
68700,2,8,13,24,1,23.670369,2.424129,4727,4790,4863
68710,8,10,6,25,1,23.669545,2.424047,4727,4790,4863
68720,3,1,1,6,1,23.667393,2.423826,4727,4790,4863
68730,10,4,5,20,1,23.665419,2.423561,4727,4790,4863
68740,13,15,5,34,1,23.665755,2.423547,4727,4790,4863
68750,8,20,8,37,1,23.667908,2.423817,4727,4793,4863
68760,1,4,1,7,1,23.666979,2.423735,4727,4793,4863
68770,0,0,1,2,1,23.663834,2.423509,4727,4793,4863
68780,10,13,6,30,1,23.662470,2.423299,4727,4793,4863
68790,8,19,8,36,1,23.663388,2.423320,4727,4805,4863
68800,7,7,3,18,1,23.664252,2.423450,4727,4805,4863
68810,0,0,0,0,0,23.661958,2.423196,4727,4805,4863
68820,2,1,0,4,1,23.658898,2.422910,4727,4805,4863
68830,2,7,6,16,1,23.656497,2.422631,4727,4805,4863
68840,7,9,7,24,1,23.655366,2.422528,4727,4805,4863
68850,8,11,4,24,1,23.655171,2.422518,4727,4805,4863
68860,9,8,2,20,1,23.655221,2.422496,4727,4805,4863
68870,4,6,15,26,1,23.655881,2.422523,4727,4805,4863
68880,3,12,18,34,1,23.657508,2.422742,4727,4805,4863
68890,0,16,15,32,1,23.659081,2.422844,4727,4805,4865
68900,12,12,17,42,1,23.660131,2.422936,4727,4805,4865
68910,8,10,9,28,1,23.661859,2.423087,4727,4805,4867
68920,13,15,5,34,1,23.662488,2.423114,4727,4805,4867
68930,15,17,10,43,1,23.664423,2.423336,4727,4811,4867
68940,12,9,6,28,1,23.666538,2.423537,4730,4811,4867
68950,16,17,12,46,1,23.669627,2.423809,4730,4817,4867
68960,8,14,5,28,1,23.671117,2.424025,4730,4817,4867
68970,3,18,8,30,1,23.671420,2.424073,4730,4819,4867
68980,5,17,9,32,1,23.672786,2.424197,4730,4823,4867
68990,3,5,2,11,1,23.672472,2.424156,4730,4823,4867
69000,8,10,4,23,1,23.670663,2.423948,4730,4823,4867
69010,5,16,2,24,1,23.669569,2.423835,4730,4823,4867
69020,7,3,1,12,1,23.668474,2.423718,4730,4823,4867
69030,7,3,0,11,1,23.666122,2.423447,4730,4823,4867
69040,0,2,3,6,1,23.663961,2.423200,4730,4823,4867
69050,6,1,6,14,1,23.661272,2.422934,4730,4823,4867
69060,10,0,10,21,1,23.660455,2.422842,4730,4823,4867
69070,6,1,9,17,1,23.659397,2.422761,4730,4823,4867
69080,10,12,19,42,1,23.660459,2.422818,4730,4823,4867
69090,16,13,9,39,1,23.662377,2.422995,4730,4823,4867
69100,15,4,14,34,1,23.664036,2.423139,4732,4823,4867
69110,20,8,14,43,1,23.666616,2.423380,4756,4823,4867
69120,13,16,12,42,1,23.669636,2.423688,4759,4823,4867
69130,18,3,0,22,1,23.669846,2.423748,4760,4823,4867
69140,1,2,0,4,1,23.668012,2.423559,4760,4823,4867
69150,5,1,7,14,1,23.666260,2.423317,4760,4823,4867
69160,5,1,1,8,1,23.663808,2.423079,4760,4823,4867
69170,0,0,1,2,1,23.661205,2.422830,4760,4823,4867
69180,1,4,2,8,1,23.658746,2.422519,4760,4823,4867
69190,3,1,0,5,1,23.656414,2.422272,4760,4823,4867
69200,0,1,0,2,1,23.653464,2.421987,4760,4823,4867
69210,4,9,2,16,1,23.651309,2.421747,4760,4823,4867
69220,6,10,9,26,1,23.650964,2.421682,4760,4823,4867
69230,14,15,7,37,1,23.653035,2.421882,4760,4823,4867
69240,6,15,5,27,1,23.654011,2.421970,4760,4823,4867
69250,13,20,6,40,1,23.654904,2.422028,4760,4824,4867
69260,16,16,7,40,1,23.657799,2.422380,4764,4837,4867
69270,10,17,2,30,1,23.658809,2.422508,4764,4837,4867
69280,19,18,6,44,1,23.660515,2.422652,4767,4841,4867
69290,9,13,2,25,1,23.662069,2.422875,4769,4844,4867
69300,6,15,5,27,1,23.661976,2.422893,4769,4844,4867
69310,4,4,0,9,1,23.659735,2.422712,4769,4844,4867
69320,7,2,4,14,1,23.658445,2.422550,4769,4844,4867
69330,15,19,20,55,1,23.660323,2.422645,4769,4849,4873
69340,15,16,17,49,1,23.664429,2.423096,4771,4857,4888
69350,12,13,17,43,1,23.668075,2.423500,4771,4866,4889
69360,13,19,19,52,1,23.671182,2.423817,4771,4867,4892
69370,19,12,19,51,1,23.675835,2.424314,4781,4870,4903
69380,19,0,16,36,1,23.678773,2.424614,4791,4870,4909
69390,16,2,18,37,1,23.680477,2.424819,4791,4870,4918
69400,17,3,19,40,1,23.682262,2.424993,4791,4870,4919
69410,9,3,15,28,1,23.684093,2.425201,4792,4870,4922
69420,6,4,18,29,1,23.685289,2.425326,4792,4870,4928
69430,4,7,15,27,1,23.686135,2.425394,4792,4870,4928
69440,2,6,2,11,1,23.685031,2.425333,4792,4870,4931
69450,5,9,3,18,1,23.683569,2.425189,4792,4870,4931
69460,0,8,2,11,1,23.681155,2.424912,4792,4870,4931
69470,8,5,0,14,1,23.679499,2.424741,4792,4870,4931
69480,12,1,5,19,1,23.678019,2.424599,4792,4870,4931
69490,19,9,4,33,1,23.678135,2.424567,4792,4870,4931
69500,20,14,16,51,1,23.680397,2.424780,4798,4870,4931
69510,18,12,16,47,1,23.683668,2.425145,4808,4870,4931
69520,19,10,17,47,1,23.687077,2.425525,4819,4870,4932
69530,18,5,20,44,1,23.689429,2.425797,4820,4870,4936
69540,0,0,7,8,1,23.689777,2.425892,4820,4870,4937
69550,3,10,9,23,1,23.688516,2.425773,4820,4870,4937
69560,7,15,15,38,1,23.689413,2.425881,4820,4870,4937
69570,2,9,4,16,1,23.689337,2.425894,4820,4870,4937
69580,1,5,0,7,1,23.687213,2.425671,4820,4870,4937
69590,4,8,5,18,1,23.684745,2.425389,4820,4870,4937
69600,2,3,12,18,1,23.684675,2.425384,4820,4870,4937
69610,1,0,0,2,1,23.682151,2.425160,4820,4870,4937
69620,12,10,11,34,1,23.681220,2.425045,4820,4870,4937
69630,10,11,8,30,1,23.682378,2.425145,4820,4870,4937
69640,10,8,7,26,1,23.682490,2.425177,4820,4870,4937
69650,13,16,3,33,1,23.684321,2.425324,4820,4874,4937
69660,11,13,5,30,1,23.685427,2.425443,4820,4875,4937
69670,11,7,6,25,1,23.686228,2.425470,4820,4875,4937
69680,8,5,10,24,1,23.686440,2.425498,4820,4875,4937
69690,12,1,17,31,1,23.687093,2.425535,4820,4875,4937
69700,11,4,19,35,1,23.688760,2.425694,4820,4875,4950
69710,3,3,3,10,1,23.688505,2.425677,4820,4875,4950
69720,8,9,5,23,1,23.687582,2.425535,4820,4875,4950
69730,3,9,12,25,1,23.688908,2.425648,4820,4875,4950
69740,5,16,14,36,1,23.689693,2.425709,4820,4875,4950
69750,10,18,17,46,1,23.691914,2.425929,4820,4887,4950
69760,4,19,19,43,1,23.694906,2.426298,4820,4887,4962
69770,4,12,14,31,1,23.696940,2.426519,4820,4888,4962
69780,5,12,10,28,1,23.699399,2.426780,4820,4893,4963
69790,7,4,12,24,1,23.699536,2.426772,4820,4893,4963
69800,13,0,14,28,1,23.700010,2.426812,4820,4893,4963
69810,8,13,11,33,1,23.701296,2.426946,4820,4893,4963
69820,1,2,5,9,1,23.699802,2.426824,4820,4893,4963
69830,14,1,10,26,1,23.699462,2.426720,4820,4893,4963
69840,7,6,2,16,1,23.698842,2.426641,4821,4893,4963
69850,13,9,14,37,1,23.699926,2.426691,4822,4893,4963
69860,3,5,18,27,1,23.701510,2.426898,4822,4893,4967
69870,2,2,7,12,1,23.701467,2.426874,4822,4893,4967
69880,3,8,2,14,1,23.700936,2.426826,4822,4893,4967
69890,6,16,7,30,1,23.701230,2.426855,4822,4893,4967
69900,12,14,13,40,1,23.703353,2.427043,4822,4896,4968
69910,5,11,7,24,1,23.704273,2.427168,4822,4896,4968
69920,20,17,3,41,1,23.705260,2.427250,4827,4896,4968
69930,16,16,5,38,1,23.708242,2.427604,4838,4905,4968
69940,3,14,8,26,1,23.709456,2.427709,4838,4914,4968
69950,0,14,5,20,1,23.708917,2.427628,4838,4914,4968
69960,0,11,2,14,1,23.709242,2.427667,4838,4915,4968
69970,0,1,0,2,1,23.707292,2.427509,4838,4915,4968
69980,0,0,0,0,0,23.704279,2.427195,4838,4915,4968
69990,2,4,7,14,1,23.701583,2.426936,4838,4915,4968
70000,4,12,10,27,1,23.701793,2.426963,4838,4915,4968
70010,5,4,5,15,1,23.700322,2.426840,4838,4915,4968
70020,15,11,11,38,1,23.700942,2.426877,4838,4915,4968
70030,14,16,14,45,1,23.703259,2.427067,4838,4915,4968
70040,18,9,19,47,1,23.706606,2.427366,4840,4915,4969
70050,13,15,16,45,1,23.710290,2.427778,4850,4915,4971
70060,5,7,14,27,1,23.712101,2.427962,4850,4915,4973
70070,3,4,8,16,1,23.712313,2.427997,4850,4915,4973
70080,8,2,6,17,1,23.711503,2.427948,4850,4915,4973
70090,14,16,1,32,1,23.712238,2.427986,4850,4915,4973
70100,16,19,6,42,1,23.714658,2.428198,4854,4926,4973
70110,18,20,17,56,1,23.718011,2.428501,4857,4930,4976
70120,15,14,15,45,1,23.721900,2.429001,4859,4943,4978
70130,12,14,17,44,1,23.725551,2.429419,4859,4943,4978
70140,4,5,6,16,1,23.726435,2.429562,4859,4943,4978
70150,1,19,6,27,1,23.726523,2.429531,4859,4946,4978
70160,17,20,16,54,1,23.729589,2.429812,4861,4958,4978
70170,10,15,10,36,1,23.733131,2.430191,4865,4963,4980
70180,15,18,9,43,1,23.735547,2.430401,4866,4965,4980
70190,15,9,7,32,1,23.738417,2.430715,4868,4965,4980
70200,19,9,10,39,1,23.739907,2.430838,4869,4965,4980
70210,19,14,3,37,1,23.742223,2.431053,4874,4965,4980
70220,18,10,13,42,1,23.744015,2.431196,4880,4965,4980
70230,18,13,13,45,1,23.747008,2.431456,4881,4965,4980
70240,6,11,11,29,1,23.748498,2.431674,4881,4965,4980
70250,1,14,17,33,1,23.750061,2.431805,4881,4966,4984
70260,8,17,15,41,1,23.752878,2.432096,4881,4975,4987
70270,14,2,7,24,1,23.754340,2.432269,4881,4979,4987
70280,7,8,0,16,1,23.753537,2.432161,4881,4979,4987
70290,11,8,13,33,1,23.754250,2.432201,4881,4979,4987
70300,17,4,15,37,1,23.755897,2.432357,4881,4979,4987
70310,15,9,14,39,1,23.757861,2.432533,4882,4979,4987
70320,17,16,17,51,1,23.760591,2.432800,4889,4979,4987
70330,16,15,9,41,1,23.763965,2.433205,4894,4979,4987
70340,19,17,3,40,1,23.766271,2.433397,4895,4980,4987
70350,17,10,11,39,1,23.768748,2.433660,4903,4980,4987
70360,10,7,3,21,1,23.768733,2.433657,4903,4980,4987
70370,20,20,3,44,1,23.769930,2.433747,4905,4981,4987
70380,9,18,3,31,1,23.771283,2.433923,4906,4982,4987
70390,9,10,0,20,1,23.771448,2.433946,4906,4982,4987
70400,2,3,0,6,1,23.770104,2.433821,4906,4982,4987
70410,0,0,0,1,1,23.767523,2.433545,4906,4982,4987
70420,0,0,4,5,1,23.764597,2.433315,4906,4982,4987
70430,0,0,0,1,1,23.761848,2.433075,4906,4982,4987
70440,0,3,1,5,1,23.759260,2.432858,4906,4982,4987
70450,2,10,1,14,1,23.757231,2.432650,4906,4982,4987
70460,11,5,4,21,1,23.756183,2.432516,4906,4982,4987
70470,7,7,9,24,1,23.754485,2.432355,4906,4982,4987
70480,9,15,5,30,1,23.755551,2.432488,4906,4982,4987
70490,20,10,4,35,1,23.756782,2.432595,4907,4982,4987
70500,18,2,8,29,1,23.757784,2.432746,4916,4982,4987
70510,0,0,0,1,1,23.756197,2.432646,4916,4982,4987
70520,2,8,4,15,1,23.753982,2.432404,4916,4982,4987
70530,11,3,9,24,1,23.753081,2.432264,4916,4982,4987
70540,4,2,15,22,1,23.752580,2.432170,4916,4982,4987
70550,7,6,20,34,1,23.752242,2.432130,4916,4982,4987
70560,4,20,15,40,1,23.753697,2.432292,4916,4983,4987
70570,7,19,18,45,1,23.756642,2.432578,4916,5002,4997
70580,2,13,10,26,1,23.758135,2.432751,4916,5009,4997
70590,11,14,9,35,1,23.760254,2.432974,4916,5015,4997
70600,7,18,6,32,1,23.761826,2.433144,4916,5015,4997
70610,18,20,2,41,1,23.763632,2.433293,4916,5021,4997
70620,7,14,11,33,1,23.765335,2.433480,4918,5022,4997
70630,8,4,9,22,1,23.765763,2.433519,4918,5022,4997
70640,6,3,5,15,1,23.765438,2.433481,4918,5022,4997
70650,3,1,11,16,1,23.764094,2.433342,4918,5022,4997
70660,1,1,2,5,1,23.761628,2.433135,4918,5022,4997
70670,2,9,0,12,1,23.759049,2.432859,4918,5022,4997
70680,2,1,5,9,1,23.756749,2.432678,4918,5022,4997
70690,6,12,9,28,1,23.755717,2.432536,4918,5022,4997
70700,9,17,18,45,1,23.757521,2.432660,4918,5022,4999
70710,9,16,12,38,1,23.759707,2.432904,4918,5030,4999
70720,8,11,7,27,1,23.760624,2.432996,4918,5030,4999
70730,5,2,0,8,1,23.759278,2.432864,4918,5030,4999
70740,5,4,4,14,1,23.757152,2.432638,4918,5030,4999
70750,8,0,6,15,1,23.754941,2.432411,4918,5030,4999
70760,3,4,0,8,1,23.753235,2.432274,4918,5030,4999
70770,1,0,1,3,1,23.750647,2.432043,4918,5030,4999
70780,6,3,2,12,1,23.748250,2.431754,4918,5030,4999
70790,0,4,0,5,1,23.745477,2.431490,4918,5030,4999
70800,3,7,2,13,1,23.742804,2.431169,4918,5030,4999
70810,14,10,7,32,1,23.742239,2.431089,4918,5030,4999
70820,7,2,1,11,1,23.741606,2.431051,4918,5030,4999
70830,8,5,8,22,1,23.740159,2.430821,4918,5030,4999
70840,2,4,6,13,1,23.737875,2.430624,4918,5030,4999
70850,2,9,3,15,1,23.737272,2.430565,4918,5030,4999
70860,2,3,3,9,1,23.734779,2.430333,4918,5030,4999
70870,2,0,3,6,1,23.731860,2.430054,4918,5030,4999
70880,1,2,3,7,1,23.729293,2.429836,4918,5030,4999
70890,0,1,5,7,1,23.726969,2.429604,4918,5030,4999
70900,8,3,13,25,1,23.725082,2.429374,4918,5030,4999
70910,16,16,13,46,1,23.726277,2.429453,4918,5030,4999
70920,19,20,10,50,1,23.729354,2.429771,4926,5032,4999
70930,15,17,18,51,1,23.732981,2.430127,4928,5042,4999
70940,15,18,16,50,1,23.736960,2.430536,4928,5045,4999
70950,6,19,4,30,1,23.738945,2.430760,4928,5057,4999
70960,1,1,2,5,1,23.737688,2.430612,4928,5057,4999
70970,9,3,3,16,1,23.736858,2.430498,4928,5057,4999
70980,4,9,5,19,1,23.735863,2.430384,4928,5057,4999
70990,14,20,16,51,1,23.737835,2.430560,4928,5063,4999
71000,9,19,8,37,1,23.739714,2.430759,4928,5064,4999
71010,14,17,13,45,1,23.742601,2.431060,4928,5067,4999
71020,17,12,16,46,1,23.745093,2.431300,4928,5068,4999
71030,13,7,16,37,1,23.747667,2.431605,4929,5068,5004
71040,13,9,14,37,1,23.749928,2.431796,4929,5068,5005
71050,15,4,16,36,1,23.750746,2.431893,4929,5068,5005
71060,16,12,17,46,1,23.752136,2.432024,4929,5068,5005
71070,16,15,20,52,1,23.755842,2.432395,4937,5068,5014
71080,19,19,16,55,1,23.760422,2.432884,4948,5073,5029
71090,19,17,18,55,1,23.764629,2.433327,4957,5087,5031
71100,14,12,10,37,1,23.768190,2.433729,4964,5087,5032
71110,15,5,9,30,1,23.768676,2.433841,4964,5087,5032
71120,4,1,9,15,1,23.767094,2.433695,4964,5087,5032
71130,0,0,0,1,1,23.764939,2.433512,4964,5087,5032
71140,1,0,0,2,1,23.762172,2.433234,4964,5087,5032
71150,5,1,3,10,1,23.759811,2.432981,4964,5087,5032
71160,5,4,3,13,1,23.758255,2.432771,4964,5087,5032
71170,15,9,0,25,1,23.757457,2.432650,4964,5087,5032
71180,16,6,9,32,1,23.757722,2.432658,4964,5087,5032
71190,13,12,3,29,1,23.759304,2.432798,4964,5087,5032
71200,15,12,3,31,1,23.760452,2.432943,4964,5087,5032
71210,11,16,2,30,1,23.762196,2.433151,4970,5087,5032
71220,13,17,11,42,1,23.763283,2.433220,4970,5087,5032
71230,15,19,11,46,1,23.766229,2.433499,4970,5092,5032
71240,8,17,17,43,1,23.769366,2.433812,4970,5095,5034
71250,2,9,17,29,1,23.771027,2.434044,4970,5095,5037
71260,0,12,4,17,1,23.771409,2.434071,4970,5095,5037
71270,7,4,2,14,1,23.769784,2.433932,4970,5095,5037
71280,8,1,2,12,1,23.768367,2.433758,4970,5095,5037
71290,16,7,3,27,1,23.767899,2.433680,4970,5095,5037
71300,15,10,0,26,1,23.768350,2.433697,4970,5095,5037
71310,12,17,8,38,1,23.770314,2.433890,4970,5095,5037
71320,10,19,15,45,1,23.771798,2.434024,4970,5101,5037
71330,8,16,4,29,1,23.772970,2.434160,4970,5102,5037
71340,0,2,0,3,1,23.773286,2.434240,4970,5103,5037
71350,3,1,2,7,1,23.770907,2.433981,4970,5103,5037
71360,7,2,10,20,1,23.770067,2.433873,4970,5103,5037
71370,0,1,1,3,1,23.767856,2.433695,4970,5103,5037
71380,3,11,1,16,1,23.765559,2.433441,4970,5103,5037
71390,3,11,10,25,1,23.765362,2.433402,4970,5103,5037
71400,6,8,12,27,1,23.765318,2.433382,4970,5103,5037
71410,8,10,12,31,1,23.766603,2.433551,4970,5103,5037
71420,14,7,7,29,1,23.767641,2.433677,4970,5103,5037
71430,2,1,0,4,1,23.766351,2.433586,4970,5103,5037
71440,14,9,3,27,1,23.765991,2.433541,4970,5103,5037
71450,18,12,12,43,1,23.766541,2.433603,4972,5103,5037
71460,0,0,0,0,0,23.766305,2.433626,4972,5103,5037
71470,4,2,1,8,1,23.763823,2.433388,4972,5103,5037
71480,11,12,12,36,1,23.763476,2.433303,4972,5103,5037
71490,16,20,18,55,1,23.766647,2.433585,4972,5110,5037
71500,15,18,14,48,1,23.770682,2.434052,4972,5122,5045
71510,12,3,17,33,1,23.773751,2.434393,4973,5122,5048
71520,12,2,10,25,1,23.774901,2.434499,4973,5122,5048
71530,5,6,0,12,1,23.774532,2.434495,4973,5122,5048
71540,11,11,17,40,1,23.774448,2.434454,4973,5122,5048
71550,4,6,11,22,1,23.776278,2.434640,4973,5122,5050
71560,5,3,3,12,1,23.774358,2.434470,4973,5122,5050
71570,1,2,7,11,1,23.772673,2.434293,4973,5122,5050
71580,0,0,0,0,0,23.770004,2.434019,4973,5122,5050
71590,3,4,2,10,1,23.767252,2.433736,4973,5122,5050
71600,4,6,3,14,1,23.765467,2.433524,4973,5122,5050
71610,0,0,0,1,1,23.763706,2.433349,4973,5122,5050
71620,0,1,0,2,1,23.760707,2.433072,4973,5122,5050
71630,0,0,0,0,0,23.758085,2.432813,4973,5122,5050
71640,3,0,2,6,1,23.755217,2.432536,4973,5122,5050
71650,3,1,1,6,1,23.752531,2.432277,4973,5122,5050
71660,0,0,0,0,0,23.749962,2.432016,4973,5122,5050
71670,1,0,2,4,1,23.747220,2.431720,4973,5122,5050
71680,2,7,2,12,1,23.744675,2.431396,4973,5122,5050
71690,0,2,0,3,1,23.742904,2.431237,4973,5122,5050
71700,10,12,1,24,1,23.741281,2.431067,4973,5122,5050
71710,12,6,4,23,1,23.741083,2.431031,4973,5122,5050
71720,19,4,13,37,1,23.741503,2.431090,4983,5122,5050
71730,12,0,3,16,1,23.742067,2.431199,4988,5122,5050
71740,0,0,0,0,0,23.739647,2.430978,4988,5122,5050
71750,3,9,11,24,1,23.737261,2.430698,4988,5122,5050
71760,4,2,16,23,1,23.737307,2.430691,4988,5122,5050
71770,0,1,0,2,1,23.735888,2.430621,4988,5122,5050
71780,1,3,5,10,1,23.733691,2.430408,4988,5122,5050
71790,3,9,1,14,1,23.732174,2.430259,4988,5122,5050
71800,10,3,3,17,1,23.730410,2.430094,4988,5122,5050
71810,13,7,15,36,1,23.732187,2.430240,4988,5122,5050
71820,19,4,10,34,1,23.734803,2.430503,4992,5122,5051
71830,11,5,9,26,1,23.737075,2.430735,4996,5122,5051
71840,16,1,16,34,1,23.738205,2.430842,4996,5122,5051
71850,20,4,15,40,1,23.740049,2.431040,4999,5122,5053
71860,16,10,15,42,1,23.742582,2.431292,5003,5122,5057
71870,12,4,7,24,1,23.744868,2.431500,5005,5122,5057
71880,8,17,12,38,1,23.746011,2.431585,5005,5122,5057
71890,1,4,12,18,1,23.746978,2.431697,5005,5122,5057
71900,3,1,8,13,1,23.745339,2.431528,5005,5122,5057
71910,2,4,6,13,1,23.743156,2.431313,5005,5122,5057
71920,0,0,0,1,1,23.740379,2.431083,5005,5122,5057
71930,1,0,5,7,1,23.738432,2.430851,5005,5122,5057
71940,9,14,7,31,1,23.737590,2.430702,5005,5122,5057
71950,5,7,4,17,1,23.738799,2.430842,5005,5122,5057
71960,13,11,3,28,1,23.739851,2.430934,5006,5122,5057
71970,19,10,5,35,1,23.741125,2.431008,5008,5122,5057
71980,14,1,9,25,1,23.742229,2.431155,5013,5122,5057
71990,5,0,0,6,1,23.740897,2.431062,5013,5122,5057
72000,2,1,3,7,1,23.738357,2.430797,5013,5122,5057
72010,0,0,0,1,1,23.736822,2.430684,5013,5122,5057
72020,0,1,0,2,1,23.733907,2.430422,5013,5122,5057
72030,4,14,6,25,1,23.731924,2.430225,5013,5122,5057
72040,3,9,10,23,1,23.731746,2.430202,5013,5122,5057
72050,3,1,10,15,1,23.730749,2.430099,5013,5122,5057
72060,1,0,8,10,1,23.730145,2.429980,5013,5122,5057
72070,0,0,0,0,0,23.727570,2.429681,5013,5122,5057
72080,4,5,2,12,1,23.725002,2.429358,5013,5122,5057
72090,0,3,3,7,1,23.723009,2.429174,5013,5122,5057
72100,11,2,10,24,1,23.721672,2.429046,5013,5122,5057
72110,2,4,0,7,1,23.720673,2.428949,5013,5122,5057
72120,1,2,2,6,1,23.718161,2.428677,5013,5122,5057
72130,2,10,6,19,1,23.716596,2.428516,5013,5122,5057
72140,6,12,0,19,1,23.716264,2.428467,5013,5122,5057
72150,13,12,6,32,1,23.716044,2.428402,5013,5122,5057
72160,1,0,1,3,1,23.715008,2.428298,5013,5122,5057
72170,1,0,0,2,1,23.712251,2.428083,5013,5122,5057
72180,1,9,4,15,1,23.710094,2.427817,5013,5122,5057
72190,4,3,1,9,1,23.707958,2.427600,5013,5122,5057
72200,5,2,0,8,1,23.705510,2.427379,5013,5122,5057
72210,0,0,0,1,1,23.703257,2.427178,5013,5122,5057
72220,1,0,0,2,1,23.700354,2.426911,5013,5122,5057
72230,2,0,2,5,1,23.697844,2.426680,5013,5122,5057
72240,5,9,16,31,1,23.697236,2.426569,5013,5122,5057
72250,3,4,6,14,1,23.696457,2.426536,5013,5122,5060
72260,4,4,15,24,1,23.696017,2.426490,5013,5122,5060
72270,19,2,20,42,1,23.697690,2.426618,5015,5122,5066
72280,14,0,15,30,1,23.700080,2.426879,5018,5122,5076
72290,13,5,12,31,1,23.701338,2.427021,5018,5122,5076
72300,0,4,0,5,1,23.700575,2.426983,5018,5122,5076
72310,4,8,6,19,1,23.699173,2.426827,5018,5122,5076
72320,2,4,5,12,1,23.698115,2.426721,5018,5122,5076
72330,3,9,7,20,1,23.696729,2.426564,5018,5122,5076
72340,4,6,3,14,1,23.695786,2.426498,5018,5122,5076
72350,3,6,4,14,1,23.694166,2.426327,5018,5122,5076
72360,0,5,0,6,1,23.691931,2.426107,5018,5122,5076
72370,0,1,0,2,1,23.689297,2.425840,5018,5122,5076
72380,12,6,0,19,1,23.688521,2.425718,5018,5122,5076
72390,13,8,8,30,1,23.688190,2.425676,5018,5122,5076
72400,14,14,10,39,1,23.689445,2.425803,5018,5122,5076
72410,6,13,11,31,1,23.690079,2.425881,5018,5122,5076
72420,0,3,2,6,1,23.688900,2.425804,5018,5122,5076
72430,4,9,2,16,1,23.686634,2.425519,5018,5122,5076
72440,17,4,2,24,1,23.686944,2.425525,5020,5122,5076
72450,14,7,2,24,1,23.687195,2.425588,5021,5122,5076
72460,10,13,1,25,1,23.687590,2.425606,5021,5122,5076
72470,4,7,0,12,1,23.686558,2.425517,5021,5122,5076
72480,4,14,3,22,1,23.686783,2.425528,5021,5122,5076
72490,1,9,4,15,1,23.686927,2.425566,5021,5122,5076
72500,5,5,9,20,1,23.685264,2.425374,5021,5122,5076
72510,4,7,4,16,1,23.684333,2.425226,5021,5122,5076
72520,0,0,0,0,0,23.682155,2.425050,5021,5122,5076
72530,5,0,9,15,1,23.680625,2.424864,5021,5122,5076
72540,3,5,4,13,1,23.679061,2.424679,5021,5122,5076
72550,8,11,1,21,1,23.678255,2.424578,5021,5122,5076
72560,4,13,9,27,1,23.678865,2.424602,5021,5122,5076
72570,1,12,3,17,1,23.679150,2.424630,5021,5122,5076
72580,2,10,4,17,1,23.678162,2.424524,5021,5122,5076
72590,5,9,3,18,1,23.676883,2.424392,5021,5122,5076
72600,10,11,7,29,1,23.677048,2.424435,5021,5122,5076
72610,10,10,1,22,1,23.678137,2.424576,5021,5122,5076
72620,7,15,5,28,1,23.678516,2.424611,5021,5124,5076
72630,1,9,2,13,1,23.678176,2.424612,5021,5124,5076
72640,6,8,1,16,1,23.677269,2.424525,5021,5124,5076
72650,8,9,3,21,1,23.676741,2.424446,5021,5124,5076
72660,0,5,0,6,1,23.676193,2.424416,5021,5124,5076
72670,11,8,17,37,1,23.676910,2.424382,5021,5124,5077
72680,18,7,19,45,1,23.678770,2.424558,5021,5124,5087
72690,20,11,19,51,1,23.681053,2.424763,5021,5124,5093
72700,12,4,11,28,1,23.682896,2.424981,5021,5124,5093
72710,18,11,13,43,1,23.684391,2.425106,5021,5124,5093
72720,20,9,16,46,1,23.687417,2.425432,5028,5124,5093
72730,15,12,17,45,1,23.690865,2.425801,5039,5124,5100
72740,3,18,11,33,1,23.692472,2.425961,5039,5124,5100
72750,6,6,9,22,1,23.692133,2.425952,5039,5124,5100
72760,17,17,18,53,1,23.694713,2.426164,5039,5124,5105
72770,12,16,18,47,1,23.698940,2.426613,5047,5134,5108
72780,15,15,19,50,1,23.702754,2.427009,5049,5139,5112
72790,11,12,11,35,1,23.706228,2.427394,5049,5139,5117
72800,15,17,8,41,1,23.708077,2.427572,5049,5144,5117
72810,10,5,4,20,1,23.709127,2.427672,5049,5145,5117
72820,3,13,5,22,1,23.708427,2.427582,5049,5145,5117
72830,0,2,4,7,1,23.707402,2.427506,5049,5145,5117
72840,9,3,10,23,1,23.705515,2.427298,5049,5145,5117
72850,9,15,7,32,1,23.704512,2.427140,5049,5145,5117
72860,14,12,19,46,1,23.706722,2.427331,5049,5145,5118
72870,7,9,19,36,1,23.709142,2.427625,5049,5145,5123
72880,8,4,12,25,1,23.711336,2.427849,5049,5145,5131
72890,2,1,9,13,1,23.710811,2.427825,5049,5145,5131
72900,0,0,0,0,0,23.708690,2.427586,5049,5145,5131
72910,1,10,2,14,1,23.706421,2.427318,5049,5145,5131
72920,0,0,0,1,1,23.704293,2.427147,5049,5145,5131
72930,2,1,6,10,1,23.701708,2.426898,5049,5145,5131
72940,6,4,7,18,1,23.700754,2.426714,5049,5145,5131
72950,9,0,1,11,1,23.699128,2.426526,5049,5145,5131
72960,14,11,7,33,1,23.699041,2.426513,5049,5145,5131
72970,18,13,2,34,1,23.701011,2.426737,5050,5145,5131
72980,11,16,3,31,1,23.702488,2.426819,5050,5150,5131
72990,16,12,17,46,1,23.704862,2.427041,5050,5150,5131
73000,15,7,17,40,1,23.708142,2.427403,5052,5150,5142
73010,18,11,12,42,1,23.710722,2.427696,5059,5150,5143
73020,18,8,15,42,1,23.712427,2.427877,5069,5150,5143
73030,20,16,13,50,1,23.715313,2.428133,5071,5150,5143
73040,19,13,19,52,1,23.718826,2.428489,5076,5151,5147
73050,19,9,19,48,1,23.722109,2.428851,5084,5151,5158
73060,15,11,7,34,1,23.725297,2.429244,5097,5151,5162
73070,18,18,9,46,1,23.727616,2.429443,5102,5157,5162
73080,18,8,15,42,1,23.731123,2.429835,5102,5158,5168
73090,17,2,7,27,1,23.732496,2.429981,5105,5158,5168
73100,3,3,7,14,1,23.731705,2.429906,5105,5158,5168
73110,2,3,6,12,1,23.730682,2.429800,5105,5158,5168
73120,0,4,10,15,1,23.729756,2.429684,5105,5158,5168
73130,13,17,15,46,1,23.731432,2.429773,5105,5159,5172
73140,14,6,11,32,1,23.734206,2.430072,5108,5159,5180
73150,5,7,16,29,1,23.734467,2.430129,5108,5159,5180
73160,10,4,8,23,1,23.734532,2.430182,5108,5159,5180
73170,13,5,8,27,1,23.734410,2.430158,5108,5159,5180
73180,8,0,1,10,1,23.734404,2.430211,5109,5159,5180
73190,6,10,11,28,1,23.733824,2.430082,5109,5159,5180
73200,13,19,14,47,1,23.734558,2.430102,5109,5160,5180
73210,17,17,17,52,1,23.738135,2.430440,5115,5161,5180
73220,20,11,17,49,1,23.741785,2.430836,5116,5162,5181
73230,18,11,17,47,1,23.744987,2.431227,5123,5162,5183
73240,18,17,13,49,1,23.748730,2.431637,5133,5162,5185
73250,18,5,10,34,1,23.751921,2.431972,5136,5162,5185
73260,13,0,17,31,1,23.753324,2.432115,5138,5162,5185
73270,15,7,18,41,1,23.754578,2.432215,5138,5162,5187
73280,15,9,19,44,1,23.756396,2.432366,5138,5162,5189
73290,17,13,16,47,1,23.759602,2.432731,5139,5162,5200
73300,17,17,9,44,1,23.762557,2.433042,5148,5167,5200
73310,10,10,17,38,1,23.763890,2.433178,5148,5169,5200
73320,4,7,10,22,1,23.763740,2.433205,5148,5169,5200
73330,8,20,14,43,1,23.765017,2.433280,5148,5169,5200
73340,6,18,2,27,1,23.765891,2.433352,5148,5170,5200
73350,5,6,6,18,1,23.764805,2.433243,5148,5171,5200
73360,12,10,9,32,1,23.765018,2.433230,5148,5171,5200
73370,12,20,20,53,1,23.767541,2.433419,5148,5174,5200
73380,10,10,17,38,1,23.770274,2.433759,5148,5176,5202
73390,14,18,11,44,1,23.771877,2.433878,5148,5181,5203
73400,16,19,10,46,1,23.774149,2.434079,5148,5193,5203
73410,13,12,15,41,1,23.778083,2.434501,5148,5200,5205
73420,16,5,15,37,1,23.780227,2.434722,5152,5200,5205
73430,20,3,19,43,1,23.782020,2.434888,5153,5200,5209
73440,13,8,15,37,1,23.783215,2.434968,5156,5200,5209
73450,8,13,10,32,1,23.783997,2.435051,5156,5200,5209
73460,13,16,4,34,1,23.785396,2.435176,5156,5201,5209
73470,8,8,3,20,1,23.785830,2.435274,5156,5201,5209
73480,8,6,1,16,1,23.785581,2.435223,5156,5201,5209
73490,3,3,0,7,1,23.783341,2.434999,5156,5201,5209
73500,8,8,12,29,1,23.783401,2.435018,5156,5201,5209
73510,8,9,6,24,1,23.783653,2.435046,5156,5201,5209
73520,1,7,8,17,1,23.782480,2.434925,5156,5201,5209
73530,0,9,14,24,1,23.782693,2.434885,5156,5201,5209
73540,3,3,14,21,1,23.782785,2.434886,5156,5201,5212
73550,11,9,13,34,1,23.782424,2.434780,5156,5201,5212
73560,11,4,14,30,1,23.783258,2.434858,5156,5201,5212
73570,15,4,13,33,1,23.783742,2.434879,5156,5201,5212
73580,13,3,2,19,1,23.783125,2.434828,5156,5201,5212
73590,14,1,7,23,1,23.783318,2.434806,5156,5201,5212
73600,4,6,3,14,1,23.782381,2.434740,5156,5201,5212
73610,0,0,0,1,1,23.780429,2.434590,5156,5201,5212
73620,0,2,3,6,1,23.777811,2.434270,5156,5201,5212
73630,3,2,1,7,1,23.776382,2.434092,5156,5201,5212
73640,1,0,1,3,1,23.773680,2.433821,5156,5201,5212
73650,8,4,16,29,1,23.773012,2.433654,5156,5201,5212
73660,1,4,9,15,1,23.772748,2.433636,5156,5201,5212
73670,0,2,10,13,1,23.771931,2.433558,5156,5201,5212
73680,5,6,8,20,1,23.770341,2.433401,5156,5201,5212
73690,17,19,6,43,1,23.772108,2.433536,5159,5203,5212
73700,13,15,11,40,1,23.774964,2.433828,5162,5210,5212
73710,19,11,19,50,1,23.777731,2.434046,5166,5213,5212
73720,12,8,14,35,1,23.780300,2.434358,5167,5213,5212
73730,18,20,11,50,1,23.782875,2.434604,5167,5214,5212
73740,9,13,6,29,1,23.785310,2.434879,5167,5217,5212
73750,17,19,7,44,1,23.786787,2.434989,5167,5217,5212
73760,18,20,9,48,1,23.788894,2.435220,5174,5222,5212
73770,10,18,9,38,1,23.791413,2.435477,5175,5230,5212
73780,9,19,15,44,1,23.793542,2.435711,5175,5230,5212
73790,13,9,4,27,1,23.795808,2.435959,5175,5238,5212
73800,14,6,5,26,1,23.796213,2.436009,5175,5238,5212
73810,14,16,8,39,1,23.797078,2.436049,5175,5238,5212
73820,2,16,6,25,1,23.797650,2.436097,5175,5238,5212
73830,3,13,8,25,1,23.797559,2.436076,5175,5238,5212
73840,3,12,18,34,1,23.798718,2.436201,5175,5238,5218
73850,3,12,11,27,1,23.799250,2.436244,5175,5238,5221
73860,15,19,12,47,1,23.800768,2.436300,5175,5240,5221
73870,18,18,5,42,1,23.803838,2.436668,5178,5245,5221
73880,10,9,2,22,1,23.805171,2.436810,5178,5246,5221
73890,15,3,8,27,1,23.805698,2.436863,5178,5246,5221
73900,7,6,2,16,1,23.806152,2.436932,5178,5246,5221
73910,8,15,5,29,1,23.806295,2.436945,5178,5246,5221
73920,3,10,5,19,1,23.806800,2.437047,5178,5246,5221
73930,0,7,2,10,1,23.805666,2.436933,5178,5246,5221
73940,5,1,3,10,1,23.802929,2.436642,5178,5246,5221
73950,6,0,7,14,1,23.802171,2.436556,5178,5246,5221
73960,8,5,6,20,1,23.800585,2.436396,5178,5246,5221
73970,0,0,0,1,1,23.799244,2.436312,5178,5246,5221
73980,2,2,14,19,1,23.797071,2.436061,5178,5246,5221
73990,1,6,2,10,1,23.795700,2.435940,5178,5246,5221
74000,0,0,0,0,0,23.793462,2.435760,5178,5246,5221
74010,0,2,2,5,1,23.791006,2.435491,5178,5246,5221
74020,2,4,4,11,1,23.788341,2.435231,5178,5246,5221
74030,0,0,4,5,1,23.786671,2.435032,5178,5246,5221
74040,2,2,3,8,1,23.784145,2.434759,5178,5246,5221
74050,0,1,2,4,1,23.781405,2.434490,5178,5246,5221
74060,19,5,7,32,1,23.780703,2.434391,5178,5246,5221
74070,18,2,4,25,1,23.781814,2.434530,5183,5246,5221
74080,15,7,5,28,1,23.780908,2.434406,5183,5246,5221
74090,16,13,12,42,1,23.783491,2.434666,5191,5246,5221
74100,13,8,9,31,1,23.784261,2.434744,5191,5246,5221
74110,16,3,0,20,1,23.784825,2.434814,5191,5246,5221
74120,9,17,7,34,1,23.784864,2.434807,5191,5246,5221
74130,8,11,8,28,1,23.787044,2.435019,5191,5258,5221
74140,14,10,0,25,1,23.787629,2.435111,5191,5258,5221
74150,3,4,1,9,1,23.787097,2.435110,5191,5258,5221
74160,12,5,5,23,1,23.786250,2.434985,5191,5258,5221
74170,17,8,0,26,1,23.787451,2.435097,5193,5258,5221
74180,18,15,14,48,1,23.789087,2.435156,5198,5258,5221
74190,20,15,14,50,1,23.792372,2.435508,5202,5258,5221
74200,18,12,8,39,1,23.794431,2.435744,5211,5258,5221
74210,16,9,19,45,1,23.796602,2.435992,5226,5258,5221
74220,11,8,16,36,1,23.799106,2.436311,5226,5258,5222
74230,7,3,20,31,1,23.799659,2.436364,5226,5258,5222
74240,17,1,19,38,1,23.800764,2.436496,5226,5258,5226
74250,17,0,15,33,1,23.802614,2.436681,5228,5258,5231
74260,16,3,12,32,1,23.803139,2.436733,5228,5258,5231
74270,10,6,9,26,1,23.804506,2.436846,5228,5258,5231
74280,11,10,9,31,1,23.805489,2.436955,5228,5258,5231
74290,7,0,5,13,1,23.805904,2.437057,5228,5258,5231
74300,4,3,6,14,1,23.803917,2.436842,5228,5258,5231
74310,7,7,2,17,1,23.802710,2.436708,5228,5258,5231
74320,8,16,1,26,1,23.801451,2.436568,5228,5258,5231
74330,20,20,13,54,1,23.803582,2.436765,5230,5263,5231
74340,19,13,10,43,1,23.807066,2.437174,5233,5264,5231
74350,18,15,6,40,1,23.810115,2.437462,5242,5265,5231
74360,20,14,7,42,1,23.812583,2.437713,5252,5265,5231
74370,13,13,1,28,1,23.814352,2.437907,5256,5265,5231
74380,2,4,9,16,1,23.813871,2.437853,5256,5265,5231
74390,1,2,6,10,1,23.812326,2.437724,5256,5265,5231
74400,1,1,3,6,1,23.809556,2.437449,5256,5265,5231
74410,0,0,0,1,1,23.807145,2.437222,5256,5265,5231
74420,0,1,0,2,1,23.805068,2.436985,5256,5265,5231
74430,2,9,0,12,1,23.802787,2.436730,5256,5265,5231
74440,6,4,1,12,1,23.800626,2.436531,5256,5265,5231
74450,1,3,0,5,1,23.798126,2.436284,5256,5265,5231
74460,4,1,11,17,1,23.796735,2.436100,5256,5265,5231
74470,2,2,0,5,1,23.795252,2.435954,5256,5265,5231
74480,7,5,10,23,1,23.793519,2.435792,5256,5265,5231
74490,0,0,0,1,1,23.792381,2.435708,5256,5265,5231
74500,0,0,0,0,0,23.790232,2.435467,5256,5265,5231
74510,5,5,0,11,1,23.787987,2.435190,5256,5265,5231
74520,1,2,2,6,1,23.785939,2.435022,5256,5265,5231
74530,11,13,14,39,1,23.785305,2.434883,5256,5265,5231
74540,14,20,13,48,1,23.787793,2.435093,5256,5268,5239
74550,18,20,14,53,1,23.790721,2.435368,5256,5274,5239
74560,16,13,17,47,1,23.793820,2.435658,5256,5284,5239
74570,14,11,14,40,1,23.796485,2.435929,5256,5284,5239
74580,13,3,11,28,1,23.798577,2.436139,5256,5284,5239
74590,1,1,1,4,1,23.796990,2.436002,5256,5284,5239
74600,6,6,4,17,1,23.796090,2.435872,5256,5284,5239
74610,2,0,0,3,1,23.794518,2.435741,5256,5284,5239
74620,1,9,3,14,1,23.793084,2.435549,5256,5284,5239
74630,3,8,10,22,1,23.791731,2.435390,5256,5284,5239
74640,13,20,17,51,1,23.793938,2.435601,5256,5290,5239
74650,5,13,18,37,1,23.796909,2.435981,5256,5296,5240
74660,8,15,19,43,1,23.798423,2.436135,5256,5296,5242
74670,1,14,13,29,1,23.800632,2.436424,5256,5303,5249
74680,3,2,9,15,1,23.800435,2.436392,5256,5303,5249
74690,2,1,1,5,1,23.797983,2.436167,5256,5303,5249
74700,0,2,3,6,1,23.795542,2.435913,5256,5303,5249
74710,0,0,2,3,1,23.793045,2.435679,5256,5303,5249
74720,3,6,7,17,1,23.790834,2.435435,5256,5303,5249
74730,0,0,0,1,1,23.788838,2.435307,5256,5303,5249
74740,1,0,4,6,1,23.785866,2.435045,5256,5303,5249
74750,3,1,1,6,1,23.783346,2.434796,5256,5303,5249
74760,2,4,1,8,1,23.780544,2.434518,5256,5303,5249
74770,12,1,2,16,1,23.779465,2.434356,5256,5303,5249
74780,0,0,0,0,0,23.777246,2.434161,5256,5303,5249
74790,1,1,1,4,1,23.774604,2.433907,5256,5303,5249
74800,7,8,5,21,1,23.773576,2.433767,5256,5303,5249
74810,4,0,1,6,1,23.771744,2.433615,5256,5303,5249
74820,14,7,9,31,1,23.770919,2.433496,5256,5303,5249
74830,14,3,15,33,1,23.772881,2.433739,5257,5303,5249
74840,16,3,14,34,1,23.774568,2.433891,5257,5303,5249
74850,11,8,8,28,1,23.775778,2.434027,5257,5303,5249
74860,11,17,17,46,1,23.777803,2.434163,5257,5306,5250
74870,13,20,16,50,1,23.779885,2.434329,5257,5309,5253
74880,14,20,16,51,1,23.782542,2.434606,5257,5313,5253
74890,17,15,9,42,1,23.785122,2.434910,5257,5314,5253
74900,17,17,16,51,1,23.788248,2.435215,5268,5315,5255
74910,18,20,11,50,1,23.791629,2.435560,5278,5328,5255
74920,14,17,13,45,1,23.795356,2.435937,5280,5339,5256
74930,13,20,9,43,1,23.798019,2.436209,5280,5345,5256
74940,15,18,15,49,1,23.801704,2.436622,5284,5358,5256
74950,20,17,19,57,1,23.805726,2.437059,5290,5360,5260
74960,15,13,16,45,1,23.808962,2.437416,5291,5360,5261
74970,19,19,11,50,1,23.812246,2.437731,5293,5365,5261
74980,18,19,4,42,1,23.814766,2.438028,5301,5365,5261
74990,17,19,15,52,1,23.817434,2.438307,5304,5377,5261
75000,19,15,18,53,1,23.821156,2.438687,5304,5380,5264
75010,14,17,12,44,1,23.824568,2.439028,5304,5380,5267
75020,15,4,6,26,1,23.826678,2.439266,5305,5380,5267
75030,16,6,18,41,1,23.828133,2.439371,5309,5380,5267
75040,20,11,16,48,1,23.830758,2.439579,5309,5385,5267
75050,14,17,13,45,1,23.834409,2.439995,5317,5391,5267
75060,15,19,11,46,1,23.837501,2.440300,5321,5397,5267
75070,12,18,5,36,1,23.839589,2.440536,5321,5400,5267
75080,13,14,1,29,1,23.840988,2.440705,5321,5401,5267
75090,7,16,13,37,1,23.842595,2.440842,5321,5406,5267
75100,5,11,7,24,1,23.843145,2.440920,5321,5406,5267
75110,1,8,10,20,1,23.843354,2.440997,5321,5406,5267
75120,2,0,2,5,1,23.841082,2.440827,5321,5406,5267
75130,6,3,1,11,1,23.839167,2.440600,5321,5406,5267
75140,11,4,1,17,1,23.838586,2.440519,5321,5406,5267
75150,3,2,4,10,1,23.836218,2.440269,5321,5406,5267
75160,3,5,3,12,1,23.834019,2.440036,5321,5406,5267
75170,5,8,9,23,1,23.833285,2.439950,5321,5406,5267
75180,5,5,2,13,1,23.832761,2.439889,5321,5406,5267
75190,6,0,2,9,1,23.830939,2.439678,5321,5406,5267
75200,12,13,14,40,1,23.830644,2.439584,5321,5406,5267
75210,14,20,9,44,1,23.832822,2.439752,5321,5406,5267
75220,14,14,17,46,1,23.836211,2.440072,5321,5415,5272
75230,4,19,16,40,1,23.838488,2.440317,5321,5416,5279
75240,9,14,18,42,1,23.840697,2.440535,5321,5416,5280
75250,5,19,19,44,1,23.843546,2.440796,5321,5416,5290
75260,1,16,19,37,1,23.845785,2.441038,5321,5424,5298
75270,6,17,11,35,1,23.847266,2.441231,5321,5425,5301
75280,0,7,5,13,1,23.847238,2.441224,5321,5425,5301
75290,10,14,8,33,1,23.847256,2.441185,5321,5425,5301
75300,10,17,12,40,1,23.848464,2.441294,5321,5425,5301
75310,2,4,8,15,1,23.848736,2.441331,5321,5425,5301
75320,7,2,0,10,1,23.846756,2.441161,5321,5425,5301
75330,3,6,5,15,1,23.845104,2.440981,5321,5425,5301
75340,0,4,1,6,1,23.844515,2.440959,5321,5425,5301
75350,2,6,3,12,1,23.842099,2.440704,5321,5425,5301
75360,0,0,0,1,1,23.839784,2.440476,5321,5425,5301
75370,4,1,4,10,1,23.837378,2.440252,5321,5425,5301
75380,6,5,3,15,1,23.835390,2.440024,5321,5425,5301
75390,14,7,0,22,1,23.835425,2.440027,5321,5425,5301
75400,16,7,10,34,1,23.835648,2.440009,5321,5425,5301
75410,3,0,7,11,1,23.834898,2.439987,5321,5425,5301
75420,1,4,3,9,1,23.832394,2.439723,5321,5425,5301
75430,0,13,0,14,1,23.831483,2.439576,5321,5427,5301
75440,3,2,2,8,1,23.828769,2.439323,5321,5427,5301
75450,2,10,1,14,1,23.827125,2.439131,5321,5427,5301
75460,0,3,2,6,1,23.825057,2.438912,5321,5427,5301
75470,7,11,4,23,1,23.824163,2.438779,5321,5427,5301
75480,2,0,0,3,1,23.821963,2.438599,5321,5427,5301
75490,2,0,3,6,1,23.819401,2.438349,5321,5427,5301
75500,17,12,1,31,1,23.820032,2.438320,5323,5427,5301
75510,7,3,2,13,1,23.820323,2.438385,5323,5427,5301
75520,5,0,1,7,1,23.818730,2.438225,5323,5427,5301
75530,0,3,3,7,1,23.816870,2.438030,5323,5427,5301
75540,0,3,2,6,1,23.814381,2.437774,5323,5427,5301
75550,0,13,11,25,1,23.813737,2.437654,5323,5427,5301
75560,5,5,7,18,1,23.813806,2.437654,5323,5427,5301
75570,9,1,11,22,1,23.814270,2.437710,5323,5427,5304
75580,0,1,0,2,1,23.812863,2.437562,5323,5427,5304
75590,2,0,1,4,1,23.810055,2.437290,5323,5427,5304
75600,1,2,1,5,1,23.807428,2.437066,5323,5427,5304
75610,3,3,5,12,1,23.805361,2.436830,5323,5427,5304
75620,3,1,4,9,1,23.803618,2.436661,5323,5427,5304
75630,5,0,8,14,1,23.800974,2.436419,5323,5427,5304
75640,7,4,10,22,1,23.800735,2.436341,5323,5427,5304
75650,2,2,2,7,1,23.799630,2.436217,5323,5427,5304
75660,3,19,10,33,1,23.799078,2.436083,5323,5427,5304
75670,9,19,7,36,1,23.800324,2.436203,5323,5439,5304
75680,7,11,13,32,1,23.802252,2.436449,5323,5441,5304
75690,1,4,7,13,1,23.800970,2.436330,5323,5441,5304
75700,3,4,11,19,1,23.800311,2.436238,5323,5441,5304
75710,16,7,19,43,1,23.801296,2.436312,5323,5441,5304
75720,19,18,16,54,1,23.804687,2.436681,5332,5441,5315
75730,20,11,6,38,1,23.807074,2.436934,5341,5443,5315
75740,2,2,1,6,1,23.806125,2.436866,5343,5443,5315
75750,1,0,0,2,1,23.803615,2.436614,5343,5443,5315
75760,1,6,1,9,1,23.801910,2.436462,5343,5443,5315
75770,12,12,2,27,1,23.802241,2.436422,5343,5443,5315
75780,11,17,11,40,1,23.803231,2.436483,5343,5443,5315
75790,7,15,17,40,1,23.805505,2.436731,5343,5455,5316
75800,1,14,16,32,1,23.807757,2.436918,5343,5455,5322
75810,5,14,20,40,1,23.809282,2.437096,5343,5455,5334
75820,2,7,6,16,1,23.809938,2.437218,5343,5455,5334
75830,7,3,7,18,1,23.808880,2.437116,5343,5455,5334
75840,5,8,9,23,1,23.807914,2.436996,5343,5455,5334
75850,6,17,14,38,1,23.808529,2.437032,5343,5455,5334
75860,5,16,18,40,1,23.810164,2.437172,5343,5455,5334
75870,8,17,16,42,1,23.812205,2.437366,5343,5455,5338
75880,9,14,9,33,1,23.814082,2.437577,5343,5457,5338
75890,7,15,6,29,1,23.815569,2.437751,5343,5457,5338
75900,8,18,7,34,1,23.816581,2.437867,5343,5458,5338
75910,5,19,0,25,1,23.817284,2.438010,5343,5461,5338
75920,5,9,1,16,1,23.816764,2.437992,5343,5463,5338
75930,7,2,7,17,1,23.815184,2.437843,5343,5463,5338
75940,3,1,3,8,1,23.814137,2.437721,5343,5463,5338
75950,10,3,1,15,1,23.813364,2.437602,5343,5463,5338
75960,6,3,0,10,1,23.812253,2.437441,5343,5463,5338
75970,0,0,0,1,1,23.810058,2.437281,5343,5463,5338
75980,7,1,1,10,1,23.809270,2.437111,5343,5463,5338
75990,7,10,7,25,1,23.808009,2.436981,5343,5463,5338
76000,14,18,7,40,1,23.808418,2.436979,5343,5464,5338
76010,13,16,6,36,1,23.810222,2.437189,5343,5473,5338
76020,2,15,0,18,1,23.810620,2.437219,5343,5475,5338
76030,4,9,8,22,1,23.810589,2.437211,5343,5475,5338
76040,11,14,6,32,1,23.811024,2.437242,5343,5475,5338
76050,12,20,10,43,1,23.813148,2.437438,5343,5476,5338
76060,10,15,17,43,1,23.816494,2.437806,5343,5482,5343
76070,17,20,11,49,1,23.819923,2.438156,5343,5484,5349
76080,20,18,12,51,1,23.822665,2.438455,5345,5498,5349
76090,20,18,15,54,1,23.825734,2.438749,5353,5507,5349
76100,18,19,20,58,1,23.829540,2.439180,5358,5516,5349
76110,13,17,17,48,1,23.833517,2.439639,5361,5527,5356
76120,18,15,17,51,1,23.837433,2.440058,5364,5532,5356
76130,17,16,11,45,1,23.840108,2.440318,5364,5532,5356
76140,12,19,11,43,1,23.841880,2.440502,5364,5538,5356
76150,18,12,15,46,1,23.844629,2.440772,5366,5541,5356
76160,7,1,14,23,1,23.846335,2.441011,5366,5541,5359
76170,1,9,7,18,1,23.845314,2.440926,5366,5541,5361
76180,0,0,0,0,0,23.843812,2.440810,5366,5541,5361
76190,1,1,3,6,1,23.841453,2.440577,5366,5541,5361
76200,15,10,10,36,1,23.840966,2.440471,5366,5541,5361
76210,15,7,12,35,1,23.843037,2.440695,5368,5541,5361
76220,16,11,7,35,1,23.844826,2.440844,5370,5541,5361
76230,16,20,15,52,1,23.847912,2.441182,5375,5545,5361
76240,11,16,19,47,1,23.850893,2.441467,5375,5548,5362
76250,19,20,18,58,1,23.854010,2.441749,5378,5549,5368
76260,14,12,19,46,1,23.857707,2.442159,5378,5557,5368
76270,18,17,14,50,1,23.861926,2.442632,5382,5566,5377
76280,14,16,9,40,1,23.865320,2.442988,5388,5572,5377
76290,18,4,8,31,1,23.866286,2.443083,5388,5572,5377
76300,19,13,3,36,1,23.867357,2.443172,5394,5572,5377
76310,17,4,2,24,1,23.867627,2.443231,5396,5572,5377
76320,12,6,0,19,1,23.868450,2.443331,5407,5572,5377
76330,2,0,1,4,1,23.866662,2.443199,5407,5572,5377
76340,6,1,1,9,1,23.865320,2.443045,5407,5572,5377
76350,8,6,10,25,1,23.863296,2.442830,5407,5572,5377
76360,19,16,15,51,1,23.864861,2.442897,5407,5572,5377
76370,17,12,13,43,1,23.868134,2.443231,5409,5577,5377
76380,20,13,14,48,1,23.871653,2.443630,5433,5577,5385
76390,14,7,18,40,1,23.873796,2.443851,5437,5577,5385
76400,13,6,5,25,1,23.874727,2.443949,5437,5577,5386
76410,3,2,2,8,1,23.872317,2.443760,5437,5577,5386
76420,1,0,1,3,1,23.870348,2.443577,5437,5577,5386
76430,0,0,0,1,1,23.867663,2.443272,5437,5577,5386
76440,4,3,2,10,1,23.865367,2.443062,5437,5577,5386
76450,1,0,2,4,1,23.864287,2.442967,5437,5577,5386
76460,1,1,3,6,1,23.861974,2.442762,5437,5577,5386
76470,9,5,3,18,1,23.860371,2.442587,5437,5577,5386
76480,14,13,0,28,1,23.861176,2.442665,5437,5577,5386
76490,10,11,0,22,1,23.862082,2.442760,5448,5577,5386
76500,1,11,2,15,1,23.861594,2.442709,5448,5577,5386
76510,10,18,5,34,1,23.861731,2.442676,5448,5580,5386
76520,15,15,10,41,1,23.863164,2.442822,5448,5580,5386
76530,9,3,10,23,1,23.864305,2.442941,5448,5580,5386
76540,4,15,10,30,1,23.865257,2.442998,5448,5580,5386
76550,6,18,2,27,1,23.865552,2.443027,5448,5582,5386
76560,2,13,4,20,1,23.865867,2.443091,5448,5588,5386
76570,13,10,4,28,1,23.865628,2.443040,5448,5588,5386
76580,18,12,2,33,1,23.866348,2.443093,5448,5588,5386
76590,8,9,1,19,1,23.866881,2.443159,5448,5588,5386
76600,7,2,4,14,1,23.865898,2.443012,5448,5588,5386
76610,8,0,0,9,1,23.865040,2.442943,5448,5588,5386
76620,1,1,4,7,1,23.863865,2.442847,5448,5588,5386
76630,8,17,5,31,1,23.863004,2.442706,5448,5588,5386
76640,5,12,12,30,1,23.862930,2.442678,5448,5590,5386
76650,13,12,15,41,1,23.864126,2.442770,5448,5590,5386
76660,18,18,17,54,1,23.867734,2.443125,5451,5593,5390
76670,18,13,13,45,1,23.871677,2.443561,5458,5607,5398
76680,13,10,13,37,1,23.874466,2.443851,5458,5607,5400
76690,14,11,9,35,1,23.875673,2.444003,5458,5607,5400
76700,16,14,6,37,1,23.877143,2.444130,5458,5607,5400
76710,13,19,1,34,1,23.878848,2.444297,5458,5614,5400
76720,17,17,9,44,1,23.880943,2.444475,5458,5621,5400
76730,14,20,19,54,1,23.883962,2.444805,5464,5623,5400
76740,14,19,19,53,1,23.887560,2.445209,5464,5625,5410
76750,7,15,15,38,1,23.890051,2.445485,5464,5625,5410
76760,7,14,14,36,1,23.891003,2.445579,5464,5625,5410
76770,1,1,11,14,1,23.891506,2.445652,5464,5625,5410
76780,6,2,16,25,1,23.890891,2.445578,5464,5625,5410
76790,1,8,1,11,1,23.889899,2.445495,5464,5625,5411
76800,11,15,13,40,1,23.890441,2.445511,5464,5625,5411
76810,13,7,16,37,1,23.891969,2.445699,5464,5625,5411
76820,8,9,9,27,1,23.892533,2.445791,5464,5625,5411
76830,4,8,1,14,1,23.892673,2.445850,5464,5625,5411
76840,12,10,2,25,1,23.892437,2.445773,5464,5625,5411
76850,14,4,4,23,1,23.892417,2.445770,5464,5625,5411
76860,11,4,3,19,1,23.891844,2.445700,5464,5625,5411
76870,10,6,1,18,1,23.891765,2.445642,5464,5625,5411
76880,15,5,7,28,1,23.891965,2.445636,5464,5625,5411
76890,16,3,8,28,1,23.892281,2.445664,5464,5625,5411
76900,14,2,1,18,1,23.891986,2.445646,5469,5625,5411
76910,4,7,3,15,1,23.891208,2.445575,5469,5625,5411
76920,2,0,5,8,1,23.888691,2.445326,5469,5625,5411
76930,7,4,4,16,1,23.886661,2.445137,5469,5625,5411
76940,10,4,10,25,1,23.886339,2.445086,5469,5625,5411
76950,2,5,7,15,1,23.885826,2.445062,5469,5625,5411
76960,3,12,13,29,1,23.886019,2.445045,5469,5625,5415
76970,2,2,9,14,1,23.886235,2.445069,5469,5625,5417
76980,0,2,3,6,1,23.883922,2.444832,5469,5625,5417
76990,0,0,0,0,0,23.881206,2.444595,5469,5625,5417
77000,1,5,2,9,1,23.878648,2.444378,5469,5625,5417
77010,4,1,0,6,1,23.876132,2.444155,5469,5625,5417
77020,0,6,14,21,1,23.874026,2.443925,5469,5625,5417
77030,1,5,18,25,1,23.874333,2.443929,5469,5625,5417
77040,3,2,4,10,1,23.873114,2.443784,5469,5625,5417
77050,5,7,4,17,1,23.871773,2.443601,5469,5625,5417
77060,0,1,0,2,1,23.869795,2.443423,5469,5625,5417
77070,1,4,0,6,1,23.867369,2.443196,5469,5625,5417
77080,8,2,1,12,1,23.866122,2.443061,5469,5625,5417
77090,4,1,5,11,1,23.865070,2.442972,5469,5625,5417
77100,4,3,13,21,1,23.864320,2.442849,5469,5625,5417
77110,7,7,15,30,1,23.863811,2.442776,5469,5625,5417
77120,10,6,13,30,1,23.865144,2.442892,5469,5625,5418
77130,1,5,1,8,1,23.864842,2.442925,5469,5625,5418
77140,1,0,1,3,1,23.862517,2.442706,5469,5625,5418
77150,15,1,8,25,1,23.861830,2.442592,5469,5625,5418
77160,13,10,13,37,1,23.862546,2.442648,5469,5625,5418
77170,12,7,5,25,1,23.863183,2.442722,5469,5625,5418
77180,9,5,3,18,1,23.861816,2.442575,5469,5625,5418
77190,18,2,17,38,1,23.862085,2.442546,5470,5625,5418
77200,17,14,20,52,1,23.864967,2.442830,5476,5625,5427
77210,16,14,14,45,1,23.868203,2.443138,5479,5625,5432
77220,5,15,14,35,1,23.870434,2.443356,5479,5627,5434
77230,3,6,8,18,1,23.870226,2.443392,5479,5627,5434
77240,4,2,13,20,1,23.869526,2.443348,5479,5627,5434
77250,11,16,17,45,1,23.870668,2.443425,5479,5627,5435
77260,4,17,17,39,1,23.873131,2.443715,5479,5628,5435
77270,9,19,11,40,1,23.874944,2.443926,5479,5633,5438
77280,10,11,9,31,1,23.876602,2.444091,5479,5635,5438
77290,6,12,9,28,1,23.877420,2.444219,5479,5635,5438
77300,11,15,12,39,1,23.878336,2.444286,5479,5635,5438
77310,10,17,13,41,1,23.881063,2.444526,5479,5636,5440
77320,8,16,15,40,1,23.883020,2.444715,5479,5637,5440
77330,2,18,8,29,1,23.883680,2.444798,5479,5639,5440
77340,6,16,9,32,1,23.884878,2.444958,5479,5640,5440
77350,9,6,7,23,1,23.885001,2.445022,5479,5640,5440
77360,1,4,13,19,1,23.884603,2.444957,5479,5640,5440
77370,1,5,8,15,1,23.883779,2.444895,5479,5640,5440
77380,5,17,14,37,1,23.884201,2.444869,5479,5640,5440
77390,4,13,9,27,1,23.885932,2.445077,5479,5642,5440
77400,11,11,12,35,1,23.886800,2.445149,5479,5642,5440
77410,18,19,19,57,1,23.890233,2.445477,5481,5644,5445
77420,13,9,17,40,1,23.894101,2.445901,5490,5648,5452
77430,13,6,16,36,1,23.895694,2.446063,5490,5648,5455
77440,20,5,11,37,1,23.897344,2.446244,5492,5648,5455
77450,9,3,14,27,1,23.898330,2.446363,5492,5648,5458
77460,0,2,6,9,1,23.896669,2.446224,5492,5648,5458
77470,0,2,0,3,1,23.894554,2.446007,5492,5648,5458
77480,0,0,0,1,1,23.891692,2.445778,5492,5648,5458
77490,3,0,4,8,1,23.889056,2.445529,5492,5648,5458
77500,7,2,14,24,1,23.889303,2.445541,5492,5648,5458
77510,4,5,14,24,1,23.889184,2.445521,5492,5648,5458
77520,6,3,18,28,1,23.889227,2.445511,5492,5648,5463
77530,14,3,20,38,1,23.889754,2.445555,5492,5648,5464
77540,15,16,17,49,1,23.892732,2.445862,5494,5648,5477
77550,7,0,17,25,1,23.894534,2.446077,5494,5648,5477
77560,11,6,8,26,1,23.894101,2.445993,5494,5648,5477
77570,14,3,9,27,1,23.894965,2.446065,5494,5648,5477
77580,13,9,0,23,1,23.894658,2.446081,5494,5648,5477
77590,0,2,4,7,1,23.893223,2.445939,5494,5648,5477
77600,8,10,1,20,1,23.891565,2.445756,5494,5648,5477
77610,0,0,0,1,1,23.889632,2.445576,5494,5648,5477
77620,2,3,2,8,1,23.887410,2.445351,5494,5648,5477
77630,1,0,0,2,1,23.884651,2.445116,5494,5648,5477
77640,4,3,0,8,1,23.883007,2.444895,5494,5648,5477
77650,1,0,2,4,1,23.880458,2.444643,5494,5648,5477
77660,2,6,8,17,1,23.879302,2.444523,5494,5648,5477
77670,0,0,5,6,1,23.878625,2.444456,5494,5648,5477
77680,0,0,12,13,1,23.877084,2.444323,5494,5648,5477
77690,0,0,1,2,1,23.874509,2.444087,5494,5648,5477
77700,9,6,10,26,1,23.873645,2.443998,5494,5648,5477
77710,6,12,7,26,1,23.874189,2.444049,5494,5648,5477
77720,9,18,7,35,1,23.874573,2.444059,5494,5648,5477
77730,14,9,2,26,1,23.876742,2.444309,5496,5649,5477
77740,0,0,0,1,1,23.875335,2.444244,5496,5649,5477
77750,0,0,1,2,1,23.872610,2.444006,5496,5649,5477
77760,4,2,4,11,1,23.869943,2.443703,5496,5649,5477
77770,0,3,0,4,1,23.867762,2.443504,5496,5649,5477
77780,1,6,9,17,1,23.865599,2.443275,5496,5649,5477
77790,2,0,3,6,1,23.863199,2.443045,5496,5649,5477
77800,11,8,3,23,1,23.861773,2.442885,5496,5649,5477
77810,10,5,2,18,1,23.861062,2.442779,5496,5649,5477
77820,17,7,4,29,1,23.860989,2.442751,5496,5649,5477
77830,12,10,0,23,1,23.861873,2.442828,5498,5649,5477
77840,6,9,4,20,1,23.860670,2.442694,5498,5649,5477
77850,11,8,5,25,1,23.860340,2.442669,5498,5649,5477
77860,16,3,4,24,1,23.860325,2.442621,5498,5649,5477
77870,19,2,10,32,1,23.860266,2.442592,5499,5649,5477
77880,15,1,14,31,1,23.861083,2.442655,5501,5649,5477
77890,10,0,1,12,1,23.860180,2.442584,5501,5649,5477
77900,4,3,1,9,1,23.858266,2.442429,5501,5649,5477
77910,2,0,0,3,1,23.855727,2.442145,5501,5649,5477
77920,3,10,9,23,1,23.854045,2.441985,5501,5649,5477
77930,4,9,9,23,1,23.855208,2.442119,5501,5649,5477
77940,4,13,10,28,1,23.855934,2.442205,5501,5649,5477
77950,4,18,14,37,1,23.857206,2.442312,5501,5649,5477
77960,9,19,11,40,1,23.858778,2.442472,5501,5663,5477
77970,11,18,19,49,1,23.861238,2.442713,5501,5673,5484
77980,4,14,11,30,1,23.863015,2.442923,5501,5675,5488
77990,5,15,20,41,1,23.864188,2.443013,5501,5675,5488
78000,6,14,20,41,1,23.865963,2.443203,5501,5675,5505
78010,12,9,18,40,1,23.868335,2.443493,5501,5676,5516
78020,7,2,19,29,1,23.869188,2.443567,5501,5676,5518
78030,6,0,10,17,1,23.869599,2.443624,5501,5676,5519
78040,12,12,16,41,1,23.869277,2.443542,5501,5676,5519
78050,17,3,16,37,1,23.871146,2.443735,5501,5676,5523
78060,11,0,9,21,1,23.870975,2.443736,5501,5676,5523
78070,20,7,1,29,1,23.871402,2.443766,5504,5676,5523
78080,12,8,8,29,1,23.871935,2.443868,5507,5676,5523
78090,13,14,6,34,1,23.872948,2.443945,5507,5676,5523
78100,16,16,3,36,1,23.873887,2.444005,5507,5676,5523
78110,9,19,13,42,1,23.875244,2.444126,5507,5677,5523
78120,6,15,4,26,1,23.876124,2.444270,5507,5678,5523
78130,1,3,6,11,1,23.876147,2.444313,5507,5678,5523
78140,20,11,15,47,1,23.876855,2.444320,5507,5678,5523
78150,15,16,19,51,1,23.880163,2.444664,5514,5678,5524
78160,18,19,9,47,1,23.882893,2.444959,5514,5678,5525
78170,20,18,20,59,1,23.886649,2.445339,5531,5684,5527
78180,18,20,14,53,1,23.890493,2.445735,5536,5691,5534
78190,11,18,16,46,1,23.893481,2.446036,5536,5696,5534
78200,19,19,13,52,1,23.896929,2.446411,5536,5701,5534
78210,13,12,11,37,1,23.899589,2.446698,5536,5705,5534
78220,15,10,11,37,1,23.901682,2.446911,5536,5705,5534
78230,9,19,12,41,1,23.903532,2.447116,5536,5707,5534
78240,12,9,14,36,1,23.905419,2.447311,5536,5709,5534
78250,0,4,11,16,1,23.904901,2.447299,5536,5709,5534
78260,1,6,1,9,1,23.903908,2.447170,5536,5709,5534
78270,4,2,6,13,1,23.902260,2.447001,5536,5709,5534
78280,3,4,15,23,1,23.901667,2.446920,5536,5709,5534
78290,1,4,19,25,1,23.901944,2.446944,5536,5709,5536
78300,0,13,13,27,1,23.901708,2.446915,5536,5709,5537
78310,1,11,15,28,1,23.902489,2.446985,5536,5709,5537
78320,2,19,18,40,1,23.904070,2.447120,5536,5712,5537
78330,0,15,11,27,1,23.905355,2.447241,5536,5715,5537
78340,12,10,13,36,1,23.906283,2.447306,5536,5715,5537
78350,11,7,19,38,1,23.908415,2.447514,5536,5715,5541
78360,10,6,20,37,1,23.910260,2.447689,5536,5715,5554
78370,12,7,10,30,1,23.912368,2.447920,5538,5715,5554
78380,19,13,13,46,1,23.915195,2.448192,5542,5715,5562
78390,10,18,10,39,1,23.918124,2.448494,5545,5717,5568
78400,5,15,4,25,1,23.919126,2.448609,5545,5721,5568
78410,3,11,11,26,1,23.918438,2.448528,5545,5721,5568
78420,6,13,7,27,1,23.918184,2.448501,5545,5721,5568
78430,2,7,1,11,1,23.917242,2.448441,5545,5721,5568
78440,1,0,2,4,1,23.914843,2.448195,5545,5721,5568
78450,11,6,6,24,1,23.912989,2.447946,5545,5721,5568
78460,19,2,5,27,1,23.913104,2.447970,5551,5721,5568
78470,13,6,8,28,1,23.913019,2.447979,5558,5721,5568
78480,19,4,7,31,1,23.913360,2.448029,5563,5721,5568
78490,10,0,4,15,1,23.914162,2.448126,5565,5721,5568
78500,10,0,2,13,1,23.913538,2.448052,5565,5721,5568
78510,18,10,8,37,1,23.913802,2.448011,5571,5721,5568
78520,9,9,11,30,1,23.915142,2.448166,5571,5721,5568
78530,12,7,12,32,1,23.915339,2.448185,5571,5721,5568
78540,1,16,14,32,1,23.916226,2.448269,5571,5721,5568
78550,4,10,13,28,1,23.917040,2.448358,5571,5725,5568
78560,7,7,5,20,1,23.917269,2.448418,5571,5725,5568
78570,5,2,2,10,1,23.916322,2.448314,5571,5725,5568
78580,1,6,5,13,1,23.914409,2.448095,5571,5725,5568
78590,6,5,2,14,1,23.912575,2.447947,5571,5725,5568
78600,0,0,2,3,1,23.910109,2.447704,5571,5725,5568
78610,4,8,9,22,1,23.909058,2.447560,5571,5725,5568
78620,4,13,5,23,1,23.909816,2.447649,5571,5725,5568
78630,1,12,1,15,1,23.909463,2.447599,5571,5725,5568
78640,2,13,0,16,1,23.908259,2.447494,5571,5725,5568
78650,1,10,0,12,1,23.907792,2.447464,5571,5734,5568
78660,2,0,1,4,1,23.905304,2.447212,5571,5734,5568
78670,2,0,0,3,1,23.902964,2.446987,5571,5734,5568
78680,1,1,0,3,1,23.901033,2.446728,5571,5734,5568
78690,5,7,5,18,1,23.899261,2.446549,5571,5734,5568
78700,10,7,5,23,1,23.897979,2.446414,5571,5734,5568
78710,12,3,7,23,1,23.898495,2.446440,5571,5734,5568
78720,12,6,0,19,1,23.898395,2.446406,5577,5734,5568
78730,16,7,7,31,1,23.898820,2.446439,5579,5734,5568
78740,19,6,16,42,1,23.900713,2.446629,5580,5734,5568
78750,18,10,17,46,1,23.902942,2.446824,5588,5734,5568
78760,20,4,18,43,1,23.905245,2.447043,5595,5734,5571
78770,10,9,5,25,1,23.906469,2.447190,5597,5734,5571
78780,19,20,14,54,1,23.908948,2.447401,5600,5742,5571
78790,11,17,9,38,1,23.911480,2.447688,5604,5749,5571
78800,1,8,2,12,1,23.911822,2.447757,5604,5749,5571
78810,5,0,1,7,1,23.910667,2.447663,5604,5749,5571
78820,9,10,7,27,1,23.910233,2.447542,5604,5749,5571
78830,14,11,18,44,1,23.911202,2.447621,5604,5749,5571
78840,8,8,19,36,1,23.913324,2.447818,5604,5749,5582
78850,1,4,2,8,1,23.913212,2.447853,5604,5749,5590
78860,1,2,6,10,1,23.911734,2.447685,5604,5749,5590
78870,1,1,2,5,1,23.909158,2.447471,5604,5749,5590
78880,2,4,7,14,1,23.906803,2.447194,5604,5749,5590
78890,9,9,1,20,1,23.905323,2.447029,5604,5749,5590
78900,10,6,2,19,1,23.904946,2.446964,5604,5749,5590
78910,12,2,0,15,1,23.904778,2.446949,5606,5749,5590
78920,0,0,0,0,0,23.902263,2.446741,5606,5749,5590
78930,8,1,3,13,1,23.900740,2.446534,5606,5749,5590
78940,0,0,1,2,1,23.898455,2.446311,5606,5749,5590
78950,3,5,7,16,1,23.896231,2.446067,5606,5749,5590
78960,18,7,12,38,1,23.897087,2.446116,5606,5749,5590
78970,13,18,20,52,1,23.899712,2.446355,5609,5750,5590
78980,16,18,19,54,1,23.903539,2.446752,5609,5752,5608
78990,14,18,13,46,1,23.907089,2.447146,5609,5755,5611
79000,10,8,8,27,1,23.908660,2.447338,5609,5755,5611
79010,11,0,16,28,1,23.908536,2.447302,5609,5755,5611
79020,4,3,20,28,1,23.909306,2.447357,5609,5755,5614
79030,7,8,18,34,1,23.910349,2.447473,5609,5755,5621
79040,5,7,9,22,1,23.911418,2.447613,5609,5755,5621
79050,12,6,9,28,1,23.911075,2.447520,5609,5755,5621
79060,10,12,8,31,1,23.911588,2.447577,5609,5755,5621
79070,5,0,0,6,1,23.911685,2.447590,5609,5755,5621
79080,0,0,0,1,1,23.909278,2.447346,5609,5755,5621
79090,3,3,4,11,1,23.906789,2.447106,5609,5755,5621
79100,6,6,15,28,1,23.905496,2.446912,5609,5755,5621
79110,2,3,14,20,1,23.904981,2.446890,5609,5755,5621
79120,4,6,7,18,1,23.904225,2.446805,5609,5755,5621
79130,8,7,16,32,1,23.904913,2.446850,5609,5755,5622
79140,10,11,18,40,1,23.906693,2.447005,5609,5755,5634
79150,10,18,18,47,1,23.909376,2.447314,5609,5764,5636
79160,11,15,19,46,1,23.912333,2.447609,5609,5771,5645
79170,7,1,12,21,1,23.913872,2.447813,5609,5771,5648
79180,1,1,8,11,1,23.914009,2.447826,5609,5771,5648
79190,2,0,12,15,1,23.912459,2.447676,5609,5771,5648
79200,9,2,7,19,1,23.911054,2.447494,5609,5771,5648
79210,17,0,18,36,1,23.912361,2.447604,5613,5771,5649
79220,17,6,20,44,1,23.914968,2.447845,5616,5771,5659
79230,14,5,17,37,1,23.916954,2.448063,5616,5771,5664
79240,9,4,15,29,1,23.917680,2.448158,5616,5771,5664
79250,15,2,20,38,1,23.918191,2.448197,5616,5771,5665
79260,19,16,17,53,1,23.920115,2.448327,5617,5771,5676
79270,9,1,10,21,1,23.922298,2.448587,5617,5771,5676
79280,3,1,0,5,1,23.920492,2.448446,5617,5771,5676
79290,3,0,5,9,1,23.918367,2.448221,5617,5771,5676
79300,2,0,1,4,1,23.916323,2.448017,5617,5771,5676
79310,11,8,1,21,1,23.915367,2.447858,5617,5771,5676
79320,10,6,12,29,1,23.915290,2.447843,5617,5771,5676
79330,1,5,7,14,1,23.915165,2.447835,5617,5771,5676
79340,2,16,4,23,1,23.914083,2.447702,5617,5771,5676
79350,8,19,20,48,1,23.914784,2.447713,5617,5771,5676
79360,1,17,19,38,1,23.916519,2.447896,5617,5778,5678
79370,1,15,14,31,1,23.917981,2.448047,5617,5778,5685
79380,7,12,5,25,1,23.917460,2.448015,5617,5778,5685
79390,5,14,3,23,1,23.917340,2.448034,5617,5778,5685
79400,5,9,1,16,1,23.917111,2.448044,5617,5778,5685
79410,1,0,0,2,1,23.914685,2.447829,5617,5778,5685
79420,0,0,0,1,1,23.912102,2.447643,5617,5778,5685
79430,7,5,3,16,1,23.910009,2.447396,5617,5778,5685
79440,10,1,7,19,1,23.908395,2.447205,5617,5778,5685
79450,7,9,6,23,1,23.907517,2.447114,5617,5778,5685
79460,3,12,6,22,1,23.907337,2.447072,5617,5778,5685
79470,13,17,6,37,1,23.908276,2.447158,5617,5778,5685
79480,0,2,1,4,1,23.908216,2.447230,5617,5778,5685
79490,2,2,1,6,1,23.905929,2.446995,5617,5778,5685
79500,5,7,0,13,1,23.903565,2.446714,5617,5778,5685
79510,2,4,1,8,1,23.902242,2.446603,5617,5778,5685
79520,5,12,8,26,1,23.900407,2.446370,5617,5778,5685
79530,2,4,0,7,1,23.899119,2.446269,5617,5778,5685
79540,2,1,6,10,1,23.896762,2.446026,5617,5778,5685
79550,12,8,4,25,1,23.896304,2.445944,5617,5778,5685
79560,3,9,1,14,1,23.895914,2.445916,5617,5778,5685
79570,1,11,6,19,1,23.895919,2.445934,5617,5778,5685
79580,5,6,15,27,1,23.896676,2.445992,5617,5778,5685
79590,1,4,1,7,1,23.895426,2.445894,5617,5778,5685
79600,4,2,2,9,1,23.893717,2.445725,5617,5778,5685
79610,6,12,4,23,1,23.893771,2.445707,5617,5778,5685
79620,16,10,0,27,1,23.893972,2.445705,5619,5778,5685
79630,13,4,0,18,1,23.893000,2.445623,5619,5778,5685
79640,12,2,4,19,1,23.892613,2.445564,5619,5778,5685
79650,17,9,6,33,1,23.892596,2.445580,5626,5778,5685
79660,4,3,4,12,1,23.892185,2.445553,5626,5778,5685
79670,18,3,5,27,1,23.891003,2.445374,5626,5778,5685
79680,14,6,4,25,1,23.891581,2.445445,5627,5778,5685
79690,11,4,13,29,1,23.892448,2.445505,5627,5778,5685
79700,11,4,12,28,1,23.893240,2.445553,5627,5778,5685
79710,1,8,8,18,1,23.892659,2.445515,5627,5778,5685
79720,5,5,10,21,1,23.892739,2.445481,5627,5778,5685
79730,2,3,16,22,1,23.892052,2.445385,5627,5778,5685
79740,0,0,0,0,0,23.889891,2.445185,5627,5778,5685
79750,12,3,4,20,1,23.888011,2.444970,5627,5778,5685
79760,0,1,0,2,1,23.886188,2.444810,5627,5778,5685
79770,2,0,0,3,1,23.883837,2.444562,5627,5778,5685
79780,3,3,2,9,1,23.881497,2.444316,5627,5778,5685
79790,7,1,3,12,1,23.880422,2.444198,5627,5778,5685
79800,3,2,8,14,1,23.878180,2.443990,5627,5778,5685
79810,0,7,4,12,1,23.876676,2.443823,5627,5778,5685
79820,2,5,3,11,1,23.875289,2.443686,5627,5778,5685
79830,2,4,2,9,1,23.873051,2.443478,5627,5778,5685
79840,0,0,0,1,1,23.870975,2.443274,5627,5778,5685
79850,2,0,1,4,1,23.868321,2.442976,5627,5778,5685
79860,0,3,3,7,1,23.866100,2.442717,5627,5778,5685
79870,13,9,6,29,1,23.864878,2.442566,5627,5778,5685
79880,5,6,0,12,1,23.864341,2.442525,5627,5778,5685
79890,3,1,11,16,1,23.863343,2.442394,5627,5778,5685
79900,1,0,3,5,1,23.862288,2.442310,5627,5778,5685
79910,2,1,0,4,1,23.859603,2.442066,5627,5778,5685
79920,5,6,8,20,1,23.857753,2.441816,5627,5778,5685
79930,0,13,4,18,1,23.857597,2.441805,5627,5778,5685
79940,12,13,9,35,1,23.858532,2.441847,5627,5779,5685
79950,15,15,16,47,1,23.860610,2.442034,5628,5779,5685
79960,15,13,13,42,1,23.862851,2.442262,5628,5779,5685
79970,8,14,14,37,1,23.864976,2.442451,5628,5779,5686
79980,2,16,20,39,1,23.866961,2.442637,5628,5785,5691
79990,5,11,19,36,1,23.868006,2.442753,5628,5785,5692
80000,17,19,16,53,1,23.870930,2.443064,5628,5786,5699
80010,20,17,15,53,1,23.874594,2.443453,5629,5786,5702
80020,17,17,20,55,1,23.878218,2.443839,5640,5788,5711
80030,20,16,14,51,1,23.882055,2.444290,5644,5793,5714
80040,14,15,10,40,1,23.885455,2.444668,5649,5794,5719
80050,13,18,15,47,1,23.888897,2.445023,5649,5799,5723
80060,11,18,17,47,1,23.891523,2.445284,5649,5799,5723
80070,19,15,19,54,1,23.895326,2.445720,5654,5804,5733
80080,18,10,9,38,1,23.897332,2.445940,5660,5804,5733
80090,20,8,15,44,1,23.899170,2.446124,5663,5804,5733
80100,20,6,15,42,1,23.901087,2.446307,5667,5804,5733
80110,19,8,20,48,1,23.903192,2.446502,5672,5804,5736
80120,17,14,13,45,1,23.905466,2.446750,5678,5804,5738
80130,15,5,9,30,1,23.907077,2.446932,5680,5804,5738
80140,11,17,3,32,1,23.907623,2.446984,5680,5804,5738
80150,16,17,12,46,1,23.909254,2.447119,5680,5809,5738
80160,11,15,15,42,1,23.912198,2.447441,5680,5813,5738
80170,7,11,13,32,1,23.913575,2.447606,5680,5813,5738
80180,0,10,5,16,1,23.913763,2.447678,5680,5813,5738
80190,0,0,0,1,1,23.911315,2.447414,5680,5813,5738
80200,4,20,6,31,1,23.909830,2.447220,5680,5813,5738
80210,12,18,8,39,1,23.911470,2.447390,5680,5814,5738
80220,17,12,1,31,1,23.912609,2.447506,5680,5814,5738
80230,11,10,3,25,1,23.912726,2.447539,5680,5814,5738
80240,0,2,1,4,1,23.912034,2.447508,5680,5814,5738
80250,11,3,10,25,1,23.911789,2.447457,5680,5814,5738
80260,3,0,16,20,1,23.912112,2.447533,5680,5814,5738
80270,0,1,14,16,1,23.911474,2.447485,5680,5814,5738
80280,11,12,19,43,1,23.912161,2.447539,5680,5814,5738
80290,3,13,11,28,1,23.913866,2.447747,5680,5814,5742
80300,5,13,13,32,1,23.914516,2.447834,5680,5827,5742
80310,6,4,14,25,1,23.914845,2.447886,5680,5827,5742
80320,1,3,7,12,1,23.913832,2.447821,5680,5827,5742
80330,9,1,5,16,1,23.913194,2.447743,5680,5827,5742
80340,8,3,7,19,1,23.911877,2.447591,5680,5827,5742
80350,3,3,0,7,1,23.910611,2.447483,5680,5827,5742
80360,10,6,6,23,1,23.910128,2.447420,5680,5827,5742
80370,1,2,2,6,1,23.909104,2.447336,5680,5827,5742
80380,1,2,5,9,1,23.907404,2.447180,5680,5827,5742
80390,13,10,10,34,1,23.906218,2.447029,5680,5827,5742
80400,0,3,2,6,1,23.906316,2.447101,5680,5827,5742
80410,3,11,0,15,1,23.904211,2.446890,5680,5827,5742
80420,0,1,0,2,1,23.902190,2.446711,5680,5827,5742
80430,0,10,5,16,1,23.900980,2.446558,5680,5827,5742
80440,13,14,9,37,1,23.902007,2.446628,5680,5830,5742
80450,15,13,10,39,1,23.903518,2.446756,5680,5830,5742
80460,16,18,12,47,1,23.905647,2.446955,5680,5831,5742
80470,12,19,11,43,1,23.907464,2.447165,5680,5835,5742
80480,4,12,3,20,1,23.908404,2.447310,5680,5835,5742
80490,11,17,4,33,1,23.908589,2.447303,5680,5836,5742
80500,20,14,4,39,1,23.909540,2.447349,5680,5836,5742
80510,13,12,3,29,1,23.910937,2.447510,5688,5836,5742
80520,17,18,6,42,1,23.912417,2.447630,5688,5840,5742
80530,15,16,17,49,1,23.915075,2.447885,5689,5840,5742
80540,19,19,6,45,1,23.917578,2.448144,5691,5842,5742
80550,17,12,3,33,1,23.919117,2.448331,5693,5846,5742
80560,17,14,6,38,1,23.920192,2.448462,5697,5846,5742
80570,16,0,2,19,1,23.921023,2.448565,5709,5846,5742
80580,9,5,1,16,1,23.920194,2.448436,5709,5846,5742
80590,0,1,0,2,1,23.918121,2.448266,5709,5846,5742
80600,3,6,8,18,1,23.915966,2.448007,5709,5846,5742
80610,0,0,0,1,1,23.914482,2.447873,5709,5846,5742
80620,1,13,6,21,1,23.913188,2.447721,5709,5846,5742
80630,8,11,17,37,1,23.914094,2.447810,5709,5846,5742
80640,7,3,18,29,1,23.915232,2.447937,5709,5846,5751
80650,3,2,15,21,1,23.915532,2.447967,5709,5846,5755
80660,2,0,3,6,1,23.914117,2.447818,5709,5846,5755
80670,20,9,2,32,1,23.913523,2.447735,5710,5846,5755
80680,10,1,3,15,1,23.913184,2.447709,5711,5846,5755
80690,7,8,8,24,1,23.912522,2.447640,5711,5846,5755
80700,9,19,8,37,1,23.913523,2.447720,5711,5858,5755
80710,12,9,7,29,1,23.914955,2.447878,5711,5861,5755
80720,0,16,9,26,1,23.916004,2.447944,5711,5861,5755
80730,1,9,9,20,1,23.916819,2.448042,5711,5862,5755
80740,0,0,0,0,0,23.915567,2.447950,5711,5862,5755
80750,2,6,7,16,1,23.913487,2.447739,5711,5862,5755
80760,2,0,1,4,1,23.911102,2.447528,5711,5862,5755
80770,0,6,0,7,1,23.908559,2.447273,5711,5862,5755
80780,1,3,1,6,1,23.905937,2.447038,5711,5862,5755
80790,1,16,12,30,1,23.905700,2.446960,5711,5862,5755
80800,0,14,8,23,1,23.906294,2.447038,5711,5862,5755
80810,0,8,0,9,1,23.906187,2.447036,5711,5862,5755
80820,1,2,0,4,1,23.903851,2.446787,5711,5862,5755
80830,2,1,4,8,1,23.901729,2.446565,5711,5862,5755
80840,2,1,5,9,1,23.899792,2.446366,5711,5862,5755
80850,2,2,0,5,1,23.897325,2.446178,5711,5862,5755
80860,0,1,2,4,1,23.894781,2.445956,5711,5862,5755
80870,0,0,0,0,0,23.892113,2.445723,5711,5862,5755
80880,9,3,8,21,1,23.890097,2.445494,5711,5862,5755
80890,6,4,11,22,1,23.891411,2.445612,5711,5862,5757
80900,10,8,3,22,1,23.891006,2.445625,5711,5862,5757
80910,4,3,0,8,1,23.889912,2.445521,5711,5862,5757
80920,0,0,0,0,0,23.887490,2.445337,5711,5862,5757
80930,0,3,1,5,1,23.884705,2.445116,5711,5862,5757
80940,3,8,11,23,1,23.883064,2.444873,5711,5862,5757
80950,3,2,8,14,1,23.883363,2.444900,5711,5862,5757
80960,0,1,2,4,1,23.881171,2.444693,5711,5862,5757
80970,3,0,3,7,1,23.878790,2.444411,5711,5862,5757
80980,3,2,1,7,1,23.876904,2.444245,5711,5862,5757
80990,6,1,1,9,1,23.874273,2.443968,5711,5862,5757
81000,4,5,2,12,1,23.872022,2.443743,5711,5862,5757
81010,2,1,0,4,1,23.870824,2.443632,5711,5862,5757
81020,4,0,7,12,1,23.868936,2.443422,5711,5862,5757
81030,2,0,3,6,1,23.866487,2.443168,5711,5862,5757
81040,1,1,8,11,1,23.864603,2.442977,5711,5862,5757
81050,2,1,0,4,1,23.862344,2.442788,5711,5862,5757
81060,4,1,3,9,1,23.860161,2.442563,5711,5862,5757
81070,0,0,0,0,0,23.858412,2.442426,5711,5862,5757
81080,8,7,5,21,1,23.856585,2.442220,5711,5862,5757
81090,0,4,7,12,1,23.855889,2.442151,5711,5862,5757
81100,0,3,9,13,1,23.854115,2.441959,5711,5862,5757
81110,9,1,10,21,1,23.853611,2.441910,5711,5862,5757
81120,18,7,16,42,1,23.854975,2.441993,5711,5862,5763
81130,5,2,5,13,1,23.854837,2.442036,5711,5862,5763
81140,1,1,11,14,1,23.853165,2.441876,5711,5862,5763
81150,7,6,1,15,1,23.851044,2.441640,5711,5862,5763
81160,7,11,6,25,1,23.850580,2.441597,5711,5862,5763
81170,14,19,10,44,1,23.851914,2.441693,5711,5865,5763
81180,5,18,7,31,1,23.853723,2.441871,5711,5867,5763
81190,0,11,3,15,1,23.853653,2.441841,5711,5869,5763
81200,0,0,0,0,0,23.851353,2.441651,5711,5869,5763
81210,4,11,4,20,1,23.850112,2.441471,5711,5869,5763
81220,0,6,2,9,1,23.848671,2.441331,5711,5869,5763
81230,14,13,14,42,1,23.848914,2.441328,5711,5869,5763
81240,13,8,12,34,1,23.849964,2.441465,5711,5869,5763
81250,13,0,16,30,1,23.850902,2.441566,5712,5869,5763
81260,8,8,0,17,1,23.850305,2.441464,5712,5869,5763
81270,5,3,6,15,1,23.849753,2.441397,5712,5869,5763
81280,1,1,0,3,1,23.848102,2.441237,5712,5869,5763
81290,3,6,2,12,1,23.847134,2.441112,5712,5869,5763
81300,0,9,6,16,1,23.846330,2.440986,5712,5869,5763
81310,3,12,9,25,1,23.846334,2.440976,5712,5869,5763
81320,2,12,6,21,1,23.846807,2.441017,5712,5869,5763
81330,0,13,11,25,1,23.847652,2.441054,5712,5870,5763
81340,0,1,0,2,1,23.846158,2.440921,5712,5870,5763
81350,5,3,0,9,1,23.844068,2.440713,5712,5870,5763
81360,3,1,0,5,1,23.841633,2.440502,5712,5870,5763
81370,0,0,5,6,1,23.839264,2.440299,5712,5870,5763
81380,4,0,7,12,1,23.838003,2.440138,5712,5870,5763
81390,10,3,2,16,1,23.837488,2.440100,5712,5870,5763
81400,1,7,2,11,1,23.835838,2.439918,5712,5870,5763
81410,4,4,7,16,1,23.834135,2.439721,5712,5870,5763
81420,3,7,4,15,1,23.832395,2.439527,5712,5870,5763
81430,5,8,0,14,1,23.832115,2.439521,5712,5870,5763
81440,11,15,13,40,1,23.831842,2.439434,5712,5870,5763
81450,7,15,7,30,1,23.834218,2.439695,5712,5871,5763
81460,7,10,0,18,1,23.835265,2.439850,5712,5873,5763
81470,8,11,6,26,1,23.836233,2.439942,5712,5873,5763
81480,11,11,9,32,1,23.836988,2.440009,5712,5873,5763
81490,5,1,1,8,1,23.835951,2.439942,5712,5873,5763
81500,0,0,1,2,1,23.833453,2.439750,5712,5873,5763
81510,2,2,1,6,1,23.831603,2.439566,5712,5873,5763
81520,0,0,0,0,0,23.829500,2.439325,5712,5873,5763
81530,1,0,3,5,1,23.827424,2.439161,5712,5873,5763
81540,5,3,11,20,1,23.826246,2.439008,5712,5873,5763
81550,0,1,0,2,1,23.824254,2.438803,5712,5873,5763
81560,12,18,6,37,1,23.823417,2.438668,5712,5873,5763
81570,18,16,6,41,1,23.825747,2.438918,5720,5880,5763
81580,16,12,6,35,1,23.827958,2.439213,5726,5885,5763
81590,17,16,3,37,1,23.829976,2.439425,5727,5891,5763
81600,13,19,2,35,1,23.831449,2.439593,5727,5893,5763
81610,17,16,12,46,1,23.832703,2.439687,5727,5894,5763
81620,8,6,0,15,1,23.832872,2.439765,5727,5894,5763
81630,5,2,1,9,1,23.831079,2.439611,5727,5894,5763
81640,0,0,0,0,0,23.828613,2.439354,5727,5894,5763
81650,4,3,6,14,1,23.826210,2.439092,5727,5894,5763
81660,9,7,15,32,1,23.826570,2.439128,5727,5894,5763
81670,5,12,16,34,1,23.827387,2.439226,5727,5894,5765
81680,6,11,12,30,1,23.828125,2.439328,5727,5894,5765
81690,13,19,6,39,1,23.829592,2.439489,5727,5898,5765
81700,17,18,17,53,1,23.832189,2.439727,5727,5903,5765
81710,18,13,18,50,1,23.835963,2.440167,5731,5906,5768
81720,18,15,20,54,1,23.838851,2.440499,5731,5906,5780
81730,18,19,12,50,1,23.842787,2.440940,5739,5912,5785
81740,17,19,19,56,1,23.846313,2.441297,5743,5912,5788
81750,8,15,14,38,1,23.849582,2.441674,5743,5915,5798
81760,8,14,1,24,1,23.850462,2.441738,5743,5915,5798
81770,13,11,7,32,1,23.851297,2.441808,5743,5915,5798
81780,18,10,4,33,1,23.852796,2.441994,5743,5915,5798
81790,18,20,8,47,1,23.855047,2.442183,5748,5917,5798
81800,19,16,9,45,1,23.856967,2.442379,5748,5918,5798
81810,19,20,5,45,1,23.859470,2.442640,5761,5922,5798
81820,15,11,4,31,1,23.861525,2.442868,5763,5928,5798
81830,13,18,8,40,1,23.863095,2.443052,5763,5929,5798
81840,14,11,8,34,1,23.865500,2.443313,5767,5936,5798
81850,20,20,20,61,1,23.868492,2.443591,5770,5937,5800
81860,8,14,7,30,1,23.870617,2.443859,5772,5937,5811
81870,15,16,5,37,1,23.872118,2.444000,5772,5937,5811
81880,16,9,9,35,1,23.873370,2.444127,5772,5938,5811
81890,16,6,5,28,1,23.874351,2.444208,5775,5938,5811
81900,4,7,0,12,1,23.874052,2.444170,5775,5938,5811
81910,1,15,1,18,1,23.873489,2.444093,5775,5939,5811
81920,4,17,9,31,1,23.874284,2.444155,5775,5941,5811
81930,7,18,4,30,1,23.874721,2.444211,5775,5951,5811
81940,0,5,1,7,1,23.875589,2.444305,5775,5953,5811
81950,8,8,0,17,1,23.874089,2.444129,5775,5953,5811
81960,10,19,13,43,1,23.874410,2.444106,5775,5956,5811
81970,7,19,1,28,1,23.874801,2.444167,5775,5957,5811
81980,8,0,4,13,1,23.874482,2.444115,5775,5959,5811
81990,2,0,0,3,1,23.872987,2.443982,5775,5959,5811
82000,0,3,0,4,1,23.871057,2.443808,5775,5959,5811
82010,3,1,0,5,1,23.869064,2.443591,5775,5959,5811
82020,1,2,13,17,1,23.867805,2.443418,5775,5959,5811
82030,10,19,5,35,1,23.868123,2.443389,5775,5959,5811
82040,17,15,0,33,1,23.868927,2.443458,5775,5967,5811
82050,16,8,3,28,1,23.869533,2.443543,5775,5967,5811
82060,8,1,4,14,1,23.868880,2.443500,5775,5967,5811
82070,7,4,7,19,1,23.867748,2.443374,5775,5967,5811
82080,11,5,11,28,1,23.867546,2.443334,5775,5967,5811
82090,19,9,13,42,1,23.867782,2.443330,5777,5967,5811
82100,19,7,11,38,1,23.870077,2.443594,5788,5967,5811
82110,17,7,20,45,1,23.872037,2.443791,5788,5967,5814
82120,8,12,14,35,1,23.873427,2.443972,5788,5967,5815
82130,9,8,15,33,1,23.874473,2.444090,5788,5967,5815
82140,5,1,17,24,1,23.875133,2.444224,5788,5967,5823
82150,12,10,3,26,1,23.874752,2.444202,5788,5967,5823
82160,6,2,5,14,1,23.874559,2.444194,5788,5967,5823
82170,5,3,0,9,1,23.872469,2.444018,5788,5967,5823
82180,3,16,2,22,1,23.871759,2.443932,5788,5967,5823
82190,9,9,6,25,1,23.871578,2.443913,5788,5967,5823
82200,16,12,6,35,1,23.873070,2.444052,5788,5967,5823
82210,8,16,2,27,1,23.873600,2.444133,5788,5967,5823
82220,3,19,5,28,1,23.873974,2.444186,5788,5971,5823
82230,0,8,5,14,1,23.873749,2.444216,5788,5975,5823
82240,8,11,5,25,1,23.872931,2.444120,5788,5975,5823
82250,12,15,8,36,1,23.874309,2.444275,5788,5978,5823
82260,6,5,12,24,1,23.874275,2.444298,5788,5978,5823
82270,4,7,3,15,1,23.873641,2.444229,5788,5978,5823
82280,0,0,0,0,0,23.871282,2.444035,5788,5978,5823
82290,3,7,2,13,1,23.869085,2.443785,5788,5978,5823
82300,0,3,1,5,1,23.867422,2.443638,5788,5978,5823
82310,8,1,1,11,1,23.865978,2.443474,5788,5978,5823
82320,6,11,10,28,1,23.864680,2.443325,5788,5978,5823
82330,0,17,6,24,1,23.865859,2.443447,5788,5990,5823
82340,2,6,0,9,1,23.865108,2.443363,5788,5990,5823
82350,8,13,18,40,1,23.865377,2.443335,5788,5990,5823
82360,5,20,20,46,1,23.868015,2.443598,5788,5994,5826
82370,1,13,4,19,1,23.868684,2.443687,5788,6001,5826
82380,3,1,0,5,1,23.867218,2.443545,5788,6001,5826
82390,5,5,13,24,1,23.865833,2.443396,5788,6001,5826
82400,10,11,14,36,1,23.866174,2.443400,5788,6001,5826
82410,2,11,11,25,1,23.867004,2.443517,5788,6001,5826
82420,10,10,11,32,1,23.867467,2.443558,5788,6001,5826
82430,20,0,14,35,1,23.868268,2.443642,5788,6001,5826
82440,10,8,11,30,1,23.868752,2.443663,5792,6001,5826
82450,16,0,8,25,1,23.869006,2.443682,5792,6001,5826
82460,18,5,11,35,1,23.870106,2.443772,5794,6001,5826
82470,16,1,5,23,1,23.870771,2.443876,5802,6001,5826
82480,18,14,13,46,1,23.871757,2.443909,5802,6001,5826
82490,11,10,8,30,1,23.872751,2.444019,5802,6001,5826
82500,18,14,8,41,1,23.873362,2.444059,5802,6001,5826
82510,4,8,1,14,1,23.873988,2.444131,5802,6001,5826
82520,2,5,7,15,1,23.871717,2.443886,5802,6001,5826
82530,0,4,1,6,1,23.870426,2.443740,5802,6001,5826
82540,5,0,0,6,1,23.869499,2.443617,5802,6001,5826
82550,6,7,2,16,1,23.867376,2.443390,5802,6001,5826
82560,3,3,2,9,1,23.866227,2.443250,5802,6001,5826
82570,13,2,2,18,1,23.866105,2.443270,5802,6001,5826
82580,20,10,8,39,1,23.866667,2.443330,5805,6001,5826
82590,18,9,9,37,1,23.867886,2.443459,5808,6001,5826
82600,3,3,4,11,1,23.866765,2.443386,5808,6001,5826
82610,3,0,0,4,1,23.864885,2.443211,5808,6001,5826
82620,7,5,1,14,1,23.862726,2.442946,5808,6001,5826
82630,16,1,6,24,1,23.862412,2.442880,5808,6001,5826
82640,20,18,5,44,1,23.863379,2.442948,5808,6001,5826
82650,10,17,8,36,1,23.865895,2.443204,5808,6003,5826
82660,11,13,8,33,1,23.866885,2.443320,5808,6003,5826
82670,14,14,10,39,1,23.868292,2.443424,5808,6003,5826
82680,9,16,11,37,1,23.870234,2.443646,5808,6005,5826
82690,13,6,1,21,1,23.870998,2.443756,5808,6005,5826
82700,0,0,0,0,0,23.869411,2.443617,5808,6005,5826
82710,11,4,3,19,1,23.868233,2.443493,5808,6005,5826
82720,3,4,1,9,1,23.866596,2.443327,5808,6005,5826
82730,10,6,5,22,1,23.865354,2.443184,5808,6005,5826
82740,14,5,3,23,1,23.864870,2.443179,5808,6005,5826
82750,12,6,5,24,1,23.865194,2.443217,5808,6005,5826
82760,7,0,5,13,1,23.865454,2.443230,5808,6005,5826
82770,6,4,8,19,1,23.864364,2.443091,5808,6005,5826
82780,15,19,6,41,1,23.864267,2.443062,5808,6005,5826
82790,17,11,13,42,1,23.866599,2.443284,5815,6006,5826
82800,12,14,2,29,1,23.868115,2.443438,5815,6006,5826
82810,9,13,5,28,1,23.868589,2.443498,5815,6006,5826
82820,16,9,1,27,1,23.868955,2.443541,5815,6006,5826
82830,16,2,4,23,1,23.869262,2.443589,5817,6006,5826
82840,18,13,5,37,1,23.870456,2.443708,5821,6006,5826
82850,17,13,3,34,1,23.872189,2.443848,5824,6006,5826
82860,13,1,0,15,1,23.871891,2.443831,5824,6006,5826
82870,7,7,1,16,1,23.870528,2.443688,5824,6006,5826
82880,5,7,6,19,1,23.869353,2.443530,5824,6006,5826
82890,2,4,1,8,1,23.867956,2.443432,5824,6006,5826
82900,2,1,0,4,1,23.865803,2.443222,5824,6006,5826
82910,6,3,1,11,1,23.864091,2.443007,5824,6006,5826
82920,2,3,3,9,1,23.861765,2.442819,5824,6006,5826
82930,0,1,2,4,1,23.859838,2.442660,5824,6006,5826
82940,0,3,0,4,1,23.857525,2.442419,5824,6006,5826
82950,1,2,0,4,1,23.855109,2.442177,5824,6006,5826
82960,1,17,18,37,1,23.855775,2.442196,5824,6009,5826
82970,6,13,11,31,1,23.857206,2.442360,5824,6009,5829
82980,2,2,11,16,1,23.856860,2.442341,5824,6009,5829
82990,14,8,12,35,1,23.857402,2.442327,5824,6009,5829
83000,6,8,6,21,1,23.858119,2.442399,5824,6009,5829
83010,3,4,3,11,1,23.856541,2.442237,5824,6009,5829
83020,5,3,13,22,1,23.855510,2.442094,5824,6009,5829
83030,0,0,0,1,1,23.854594,2.442038,5824,6009,5829
83040,11,13,1,26,1,23.853533,2.441899,5824,6009,5829
83050,1,9,3,14,1,23.853679,2.441895,5824,6009,5829
83060,4,20,8,33,1,23.853208,2.441797,5824,6011,5829
83070,12,20,4,37,1,23.854559,2.441968,5824,6018,5829
83080,20,19,8,48,1,23.855878,2.442078,5824,6023,5829
83090,15,17,3,36,1,23.857890,2.442298,5831,6031,5829
83100,4,17,8,30,1,23.858647,2.442392,5831,6035,5829
83110,7,9,4,21,1,23.859756,2.442499,5831,6036,5829
83120,0,0,0,0,0,23.858493,2.442384,5831,6036,5829
83130,2,2,2,7,1,23.856231,2.442154,5831,6036,5829
83140,4,10,11,26,1,23.855157,2.442082,5831,6036,5829
83150,3,1,3,8,1,23.854973,2.442069,5831,6036,5829
83160,7,8,9,25,1,23.853730,2.441971,5831,6036,5829
83170,7,7,7,22,1,23.854127,2.442001,5831,6036,5829
83180,1,9,0,11,1,23.854000,2.441963,5831,6036,5829
83190,3,4,3,11,1,23.851905,2.441745,5831,6036,5829
83200,1,1,4,7,1,23.849945,2.441546,5831,6036,5829
83210,6,5,2,14,1,23.847950,2.441329,5831,6036,5829
83220,7,5,0,13,1,23.847223,2.441242,5831,6036,5829
83230,16,12,1,30,1,23.847312,2.441202,5834,6036,5829
83240,18,1,6,26,1,23.847934,2.441255,5835,6036,5829
83250,18,4,9,32,1,23.848402,2.441257,5835,6036,5829
83260,17,8,18,44,1,23.850205,2.441411,5841,6036,5831
83270,19,14,14,48,1,23.852565,2.441616,5844,6036,5834
83280,12,8,16,37,1,23.854340,2.441787,5844,6036,5834
83290,17,5,8,31,1,23.855564,2.441912,5844,6036,5834
83300,18,15,7,41,1,23.856465,2.442030,5847,6036,5834
83310,19,16,5,41,1,23.858373,2.442227,5856,6037,5834
83320,20,14,9,44,1,23.860334,2.442412,5859,6037,5834
83330,14,14,7,36,1,23.862526,2.442633,5862,6040,5834
83340,5,5,11,22,1,23.863281,2.442706,5862,6040,5834
83350,5,1,1,8,1,23.862280,2.442606,5862,6040,5834
83360,5,2,1,9,1,23.860842,2.442395,5862,6040,5834
83370,11,4,2,18,1,23.859167,2.442207,5862,6040,5834
83380,15,14,12,42,1,23.860055,2.442228,5862,6040,5834
83390,13,18,14,46,1,23.863410,2.442559,5865,6045,5834
83400,17,18,18,54,1,23.866694,2.442879,5865,6057,5837
83410,17,17,15,50,1,23.870329,2.443268,5876,6058,5838
83420,17,14,16,48,1,23.873230,2.443588,5881,6058,5838
83430,17,20,18,56,1,23.876562,2.443904,5888,6062,5842
83440,16,19,19,55,1,23.880186,2.444280,5891,6074,5842
83450,17,13,15,46,1,23.883376,2.444681,5898,6075,5842
83460,17,9,12,39,1,23.886207,2.444982,5905,6078,5842
83470,20,14,13,48,1,23.888385,2.445222,5909,6078,5842
83480,20,15,16,52,1,23.890877,2.445494,5916,6078,5842
83490,14,19,13,47,1,23.893942,2.445834,5921,6078,5842
83500,11,18,20,50,1,23.897104,2.446166,5921,6080,5843
83510,15,19,10,45,1,23.899390,2.446366,5921,6082,5843
83520,6,12,4,23,1,23.900601,2.446501,5925,6082,5843
83530,2,0,0,3,1,23.899030,2.446381,5925,6082,5843
83540,1,1,0,3,1,23.896551,2.446129,5925,6082,5843
83550,8,12,3,24,1,23.895112,2.445927,5925,6082,5843
83560,5,3,11,20,1,23.894292,2.445875,5925,6082,5843
83570,7,1,16,25,1,23.894333,2.445867,5925,6082,5844
83580,7,9,16,33,1,23.894358,2.445862,5925,6082,5844
83590,1,4,1,7,1,23.893783,2.445841,5925,6082,5844
83600,3,7,1,12,1,23.891545,2.445611,5925,6082,5844
83610,4,1,0,6,1,23.889099,2.445417,5925,6082,5844
83620,5,1,2,9,1,23.886750,2.445199,5925,6082,5844
83630,18,4,0,23,1,23.886304,2.445168,5930,6082,5844
83640,2,1,11,15,1,23.885180,2.445034,5932,6082,5844
83650,6,4,16,27,1,23.884783,2.444959,5932,6082,5844
83660,10,4,13,28,1,23.885797,2.445068,5932,6082,5848
83670,14,6,9,30,1,23.886615,2.445157,5932,6082,5848
83680,5,1,5,12,1,23.885970,2.445150,5932,6082,5848
83690,16,7,3,27,1,23.885536,2.445015,5934,6082,5848
83700,15,0,0,16,1,23.885644,2.445043,5934,6082,5848
83710,4,1,2,8,1,23.884007,2.444907,5934,6082,5848
83720,3,3,5,12,1,23.881987,2.444703,5934,6082,5848
83730,0,0,6,7,1,23.880993,2.444636,5934,6082,5848
83740,2,3,2,8,1,23.878573,2.444441,5934,6082,5848
83750,4,1,2,8,1,23.876488,2.444268,5934,6082,5848
83760,4,3,12,20,1,23.876705,2.444275,5934,6082,5848
83770,10,14,19,44,1,23.877867,2.444351,5934,6082,5848
83780,0,10,6,17,1,23.878483,2.444425,5934,6082,5848
83790,4,1,13,19,1,23.877567,2.444312,5934,6082,5848
83800,10,5,19,35,1,23.877643,2.444292,5934,6082,5851
83810,0,11,19,31,1,23.878618,2.444421,5934,6082,5854
83820,0,2,5,8,1,23.878238,2.444414,5934,6082,5855
83830,1,3,2,7,1,23.876360,2.444224,5934,6082,5855
83840,1,8,7,17,1,23.874849,2.444035,5934,6082,5855
83850,16,8,18,43,1,23.875885,2.444087,5934,6082,5855
83860,11,4,16,32,1,23.876927,2.444201,5934,6082,5856
83870,4,3,15,23,1,23.877053,2.444234,5934,6082,5857
83880,1,8,4,14,1,23.876481,2.444196,5934,6082,5857
83890,0,6,7,14,1,23.874822,2.444013,5934,6082,5857
83900,3,8,8,20,1,23.873786,2.443924,5934,6082,5857
83910,1,3,13,18,1,23.872959,2.443826,5934,6082,5857
83920,0,1,2,4,1,23.871752,2.443729,5934,6082,5857
83930,1,1,4,7,1,23.869997,2.443575,5934,6082,5857
83940,0,0,0,0,0,23.867939,2.443393,5934,6082,5857
83950,2,3,4,10,1,23.865669,2.443154,5934,6082,5857
83960,0,0,0,0,0,23.863336,2.442935,5934,6082,5857
83970,0,2,1,4,1,23.860700,2.442718,5934,6082,5857
83980,2,1,1,5,1,23.858194,2.442496,5934,6082,5857
83990,6,9,13,29,1,23.857302,2.442356,5934,6082,5857
84000,0,0,0,1,1,23.856379,2.442299,5934,6082,5857
84010,0,1,2,4,1,23.853860,2.442055,5934,6082,5857
84020,19,13,15,48,1,23.853948,2.441986,5938,6082,5857
84030,11,5,10,27,1,23.855955,2.442238,5942,6082,5857
84040,10,6,17,34,1,23.856930,2.442328,5942,6082,5857
84050,19,4,20,44,1,23.858801,2.442536,5945,6082,5862
84060,11,12,15,39,1,23.861311,2.442852,5945,6082,5871
84070,6,6,9,22,1,23.862780,2.443064,5945,6082,5871
84080,12,19,17,49,1,23.864619,2.443183,5945,6083,5875
84090,13,11,16,41,1,23.866889,2.443405,5948,6084,5875
84100,1,8,11,21,1,23.868200,2.443601,5948,6084,5882
84110,5,8,4,18,1,23.867489,2.443560,5948,6084,5882
84120,4,16,8,29,1,23.868507,2.443628,5948,6090,5882
84130,0,12,10,23,1,23.868497,2.443640,5948,6090,5882
84140,7,11,17,36,1,23.869647,2.443736,5948,6090,5882
84150,4,14,16,35,1,23.870907,2.443864,5948,6090,5882
84160,12,10,14,37,1,23.873031,2.444051,5948,6090,5890
84170,14,11,8,34,1,23.874505,2.444186,5948,6090,5890
84180,16,20,1,38,1,23.875491,2.444254,5948,6099,5890
84190,12,19,2,34,1,23.876915,2.444434,5948,6106,5890
84200,7,20,9,37,1,23.877589,2.444478,5948,6119,5890
84210,10,16,7,34,1,23.878457,2.444540,5948,6119,5890
84220,13,3,0,17,1,23.878854,2.444591,5948,6119,5890
84230,0,3,0,4,1,23.877053,2.444388,5948,6119,5890
84240,0,0,0,0,0,23.874583,2.444167,5948,6119,5890
84250,9,3,4,17,1,23.872236,2.443949,5948,6119,5890
84260,0,0,1,2,1,23.870169,2.443799,5948,6119,5890
84270,10,6,2,19,1,23.868541,2.443620,5948,6119,5890
84280,2,0,3,6,1,23.867029,2.443488,5948,6119,5890
84290,11,9,10,31,1,23.865934,2.443336,5948,6119,5890
84300,8,7,19,35,1,23.866495,2.443339,5948,6119,5890
84310,20,9,17,47,1,23.868642,2.443543,5956,6119,5893
84320,19,8,8,36,1,23.870727,2.443756,5958,6119,5893
84330,18,12,18,49,1,23.873391,2.444001,5969,6119,5897
84340,11,13,19,44,1,23.876500,2.444324,5971,6120,5906
84350,8,19,16,44,1,23.878655,2.444511,5971,6121,5912
84360,20,19,14,54,1,23.881325,2.444783,5972,6135,5912
84370,18,11,17,47,1,23.884210,2.445051,5977,6135,5912
84380,13,17,20,51,1,23.886872,2.445311,5980,6135,5915
84390,17,5,16,39,1,23.889586,2.445611,5982,6135,5925
84400,17,3,15,36,1,23.890576,2.445685,5982,6135,5925
84410,18,10,14,43,1,23.892953,2.445919,5986,6135,5928
84420,5,5,10,21,1,23.893484,2.445990,5986,6135,5928
84430,1,0,1,3,1,23.891676,2.445836,5986,6135,5928
84440,1,0,1,3,1,23.889375,2.445624,5986,6135,5928
84450,0,0,0,1,1,23.886738,2.445418,5986,6135,5928
84460,3,1,4,9,1,23.884529,2.445215,5986,6135,5928
84470,2,5,11,19,1,23.883366,2.445068,5986,6135,5928
84480,19,20,18,58,1,23.884807,2.445191,5986,6135,5928
84490,20,13,16,50,1,23.887203,2.445429,5987,6136,5929
84500,17,4,10,32,1,23.888329,2.445540,5987,6136,5929
84510,20,16,6,43,1,23.890317,2.445737,5995,6136,5929
84520,10,12,0,23,1,23.891396,2.445870,5997,6136,5929
84530,19,15,10,45,1,23.892821,2.445989,5998,6136,5929
84540,18,5,5,29,1,23.893761,2.446108,5999,6136,5929
84550,20,3,8,32,1,23.894731,2.446218,6004,6136,5929
84560,0,0,0,0,0,23.893822,2.446192,6008,6136,5929
84570,7,6,6,20,1,23.892521,2.446058,6008,6136,5929
84580,0,7,1,9,1,23.892173,2.446045,6008,6136,5929
84590,9,13,8,31,1,23.891812,2.445954,6008,6136,5929
84600,4,4,3,12,1,23.891074,2.445913,6008,6136,5929
84610,7,18,4,30,1,23.890571,2.445825,6008,6136,5929
84620,14,20,4,39,1,23.891113,2.445885,6008,6140,5929
84630,11,19,3,34,1,23.892255,2.446019,6008,6142,5929
84640,7,14,2,24,1,23.893441,2.446157,6008,6147,5929
84650,2,1,0,4,1,23.892807,2.446103,6008,6147,5929
84660,15,10,11,37,1,23.892266,2.445993,6008,6147,5929
84670,17,20,18,56,1,23.893982,2.446124,6008,6150,5929
84680,17,19,19,56,1,23.897577,2.446547,6011,6163,5938
84690,20,20,19,60,1,23.901405,2.446929,6013,6175,5951
84700,5,9,8,23,1,23.904039,2.447239,6014,6179,5955
84710,4,18,12,35,1,23.905204,2.447370,6014,6188,5955
84720,13,10,11,35,1,23.905649,2.447408,6014,6188,5955
84730,16,14,6,37,1,23.908246,2.447679,6017,6188,5955
84740,5,8,7,21,1,23.909012,2.447807,6017,6188,5955
84750,0,0,0,1,1,23.907519,2.447700,6017,6188,5955
84760,0,0,0,0,0,23.905133,2.447502,6017,6188,5955
84770,0,0,2,3,1,23.902638,2.447275,6017,6188,5955
84780,5,9,13,28,1,23.901417,2.447123,6017,6188,5955
84790,0,3,8,12,1,23.901142,2.447117,6017,6188,5955
84800,4,10,9,24,1,23.899985,2.446995,6017,6188,5955
84810,2,0,0,3,1,23.898356,2.446857,6017,6188,5955
84820,0,1,0,2,1,23.895831,2.446636,6017,6188,5955
84830,1,0,0,2,1,23.893452,2.446438,6017,6188,5955
84840,9,3,4,17,1,23.891677,2.446226,6017,6188,5955
84850,13,4,13,31,1,23.891703,2.446166,6017,6188,5955
84860,12,14,14,41,1,23.893166,2.446288,6017,6188,5955
84870,16,9,6,32,1,23.894797,2.446490,6017,6188,5955
84880,10,1,18,30,1,23.896141,2.446600,6019,6188,5958
84890,17,10,19,47,1,23.897624,2.446724,6020,6188,5967
84900,19,15,10,45,1,23.900506,2.447012,6023,6188,5967
84910,19,17,18,55,1,23.903218,2.447253,6023,6188,5969
84920,9,14,18,42,1,23.906229,2.447587,6025,6191,5970
84930,8,18,16,43,1,23.907799,2.447735,6025,6194,5970
84940,5,19,17,42,1,23.909277,2.447889,6025,6206,5970
84950,7,6,9,23,1,23.909807,2.447968,6025,6208,5973
84960,5,6,7,19,1,23.909763,2.447942,6025,6208,5973
84970,2,3,14,20,1,23.909385,2.447938,6025,6208,5973
84980,11,5,16,33,1,23.909825,2.447956,6025,6208,5973
84990,14,0,8,23,1,23.910542,2.448063,6025,6208,5975
85000,3,1,0,5,1,23.909364,2.447959,6025,6208,5975
85010,1,2,3,7,1,23.906975,2.447749,6025,6208,5975
85020,12,7,8,28,1,23.905492,2.447555,6025,6208,5975
85030,1,2,0,4,1,23.904356,2.447491,6025,6208,5975
85040,4,2,5,12,1,23.902546,2.447302,6025,6208,5975
85050,3,3,3,10,1,23.900840,2.447158,6025,6208,5975
85060,8,7,0,16,1,23.899662,2.447028,6025,6208,5975
85070,9,4,8,22,1,23.898366,2.446874,6025,6208,5975
85080,11,18,16,46,1,23.899961,2.447001,6025,6211,5975
85090,10,12,10,33,1,23.901688,2.447188,6025,6213,5975
85100,17,7,7,32,1,23.902328,2.447209,6025,6213,5975
85110,17,5,9,32,1,23.903403,2.447318,6030,6213,5975
85120,5,8,17,31,1,23.904333,2.447356,6030,6213,5975
85130,5,11,14,31,1,23.905744,2.447529,6030,6213,5976
85140,2,8,13,24,1,23.906679,2.447609,6030,6213,5976
85150,13,3,18,35,1,23.907692,2.447685,6030,6213,5976
85160,3,13,11,28,1,23.907858,2.447687,6030,6213,5976
85170,0,3,5,9,1,23.908160,2.447761,6030,6213,5976
85180,2,1,0,4,1,23.906006,2.447542,6030,6213,5976
85190,1,3,0,5,1,23.903569,2.447312,6030,6213,5976
85200,7,3,9,20,1,23.902455,2.447159,6030,6213,5976
85210,0,4,1,6,1,23.901124,2.446998,6030,6213,5976
85220,9,7,6,23,1,23.900005,2.446871,6030,6213,5976
85230,5,0,2,8,1,23.898742,2.446732,6030,6213,5976
85240,7,2,1,11,1,23.897775,2.446656,6030,6213,5976
85250,0,2,2,5,1,23.895474,2.446416,6030,6213,5976
85260,1,0,0,2,1,23.892993,2.446155,6030,6213,5976
85270,4,0,5,10,1,23.890677,2.445935,6030,6213,5976
85280,4,1,4,10,1,23.889249,2.445808,6030,6213,5976
85290,1,8,2,12,1,23.887266,2.445607,6030,6213,5976
85300,0,0,1,2,1,23.884799,2.445398,6030,6213,5976
85310,2,0,4,7,1,23.883683,2.445277,6030,6213,5976
85320,4,2,4,11,1,23.881551,2.445052,6030,6213,5976
85330,11,13,12,37,1,23.881428,2.445026,6030,6213,5976
85340,19,14,17,51,1,23.883355,2.445226,6030,6213,5976
85350,14,14,12,41,1,23.885572,2.445478,6030,6213,5976
85360,16,16,15,48,1,23.888180,2.445744,6030,6216,5978
85370,16,17,17,51,1,23.891187,2.446022,6032,6217,5981
85380,15,17,12,45,1,23.893712,2.446259,6033,6219,5981
85390,20,17,19,57,1,23.896263,2.446504,6033,6219,5982
85400,13,19,19,52,1,23.899218,2.446823,6035,6220,5987
85410,12,5,7,25,1,23.901409,2.447050,6035,6220,5991
85420,9,7,18,35,1,23.902423,2.447147,6035,6220,5991
85430,7,17,16,41,1,23.904177,2.447311,6035,6230,5992
85440,10,9,18,38,1,23.905827,2.447484,6035,6230,5996
85450,7,14,9,31,1,23.906941,2.447618,6035,6230,5997
85460,2,15,0,18,1,23.907386,2.447692,6035,6230,5997
85470,5,14,4,24,1,23.907014,2.447665,6035,6230,5997
85480,1,18,4,24,1,23.907262,2.447666,6035,6230,5997
85490,6,17,9,33,1,23.907538,2.447667,6035,6230,5997
85500,1,15,2,19,1,23.907718,2.447710,6035,6233,5997
85510,6,4,8,19,1,23.906176,2.447569,6035,6233,5997
85520,8,12,4,25,1,23.905865,2.447481,6035,6233,5997
85530,13,9,8,31,1,23.907602,2.447634,6035,6233,5997
85540,8,4,8,21,1,23.907537,2.447641,6035,6233,5997
85550,12,10,16,39,1,23.908068,2.447648,6035,6233,6005
85560,8,15,15,39,1,23.910616,2.447943,6035,6237,6015
85570,9,17,5,32,1,23.911423,2.448048,6035,6237,6015
85580,12,19,1,33,1,23.912625,2.448158,6035,6253,6015
85590,17,17,14,49,1,23.914836,2.448390,6048,6267,6015
85600,20,16,12,49,1,23.917390,2.448656,6056,6267,6015
85610,15,9,12,37,1,23.919012,2.448842,6056,6267,6015
85620,16,9,13,39,1,23.920630,2.449015,6058,6267,6015
85630,17,13,13,44,1,23.922562,2.449194,6058,6267,6015
85640,16,7,18,42,1,23.924407,2.449371,6058,6267,6015
85650,17,13,13,44,1,23.926416,2.449543,6058,6267,6015
85660,19,17,18,55,1,23.929291,2.449807,6063,6267,6015
85670,16,18,18,53,1,23.932839,2.450167,6063,6275,6020
85680,19,18,19,57,1,23.935776,2.450487,6063,6275,6027
85690,19,18,16,54,1,23.939517,2.450866,6079,6278,6039
85700,14,18,15,48,1,23.942370,2.451166,6079,6279,6039
85710,7,7,13,28,1,23.944088,2.451358,6079,6279,6039
85720,10,18,17,46,1,23.945996,2.451512,6079,6279,6041
85730,12,14,7,34,1,23.947832,2.451719,6079,6280,6041
85740,17,19,12,49,1,23.950116,2.451935,6079,6284,6041
85750,8,18,10,37,1,23.951966,2.452129,6079,6297,6041
85760,6,13,7,27,1,23.953141,2.452272,6079,6301,6041
85770,1,3,5,10,1,23.952029,2.452160,6079,6301,6041
85780,3,4,5,13,1,23.949669,2.451914,6079,6301,6041
85790,1,7,0,9,1,23.948298,2.451761,6079,6301,6041
85800,0,1,0,2,1,23.946095,2.451555,6079,6301,6041
85810,7,4,0,12,1,23.944687,2.451355,6079,6301,6041
85820,12,0,4,17,1,23.943721,2.451249,6079,6301,6041
85830,11,7,6,25,1,23.943151,2.451169,6079,6301,6041
85840,0,0,0,1,1,23.942326,2.451098,6079,6301,6041
85850,1,7,4,13,1,23.940622,2.450888,6079,6301,6041
85860,1,3,1,6,1,23.939463,2.450748,6079,6301,6041
85870,2,5,0,8,1,23.937412,2.450552,6079,6301,6041
85880,6,10,6,23,1,23.935732,2.450370,6079,6301,6041
85890,8,0,0,9,1,23.934169,2.450244,6079,6301,6041
85900,10,12,16,39,1,23.933702,2.450096,6079,6301,6041
85910,19,12,10,42,1,23.935289,2.450278,6079,6301,6041
85920,18,9,11,39,1,23.937138,2.450516,6089,6301,6041
85930,19,19,13,52,1,23.939459,2.450744,6089,6304,6041
85940,9,19,8,37,1,23.942188,2.451081,6093,6312,6041
85950,2,18,1,22,1,23.942156,2.451068,6093,6312,6041
85960,0,6,0,7,1,23.941426,2.451030,6093,6312,6041
85970,0,0,0,1,1,23.939560,2.450850,6093,6312,6041
85980,2,7,4,14,1,23.937494,2.450640,6093,6312,6041
85990,6,1,4,12,1,23.936464,2.450528,6093,6312,6041
86000,2,4,8,15,1,23.934515,2.450339,6093,6312,6041
86010,0,0,0,0,0,23.933055,2.450230,6093,6312,6041
86020,3,4,12,20,1,23.931419,2.450041,6093,6312,6041
86030,4,3,0,8,1,23.930422,2.449955,6093,6312,6041
86040,1,5,4,11,1,23.929077,2.449822,6093,6312,6041
86050,0,3,0,4,1,23.927157,2.449631,6093,6312,6041
86060,0,16,4,21,1,23.925566,2.449432,6093,6312,6041
86070,2,18,7,28,1,23.925966,2.449449,6093,6313,6041
86080,2,18,0,21,1,23.925778,2.449423,6093,6315,6041
86090,6,2,4,13,1,23.924706,2.449297,6093,6315,6041
86100,7,3,2,13,1,23.922868,2.449103,6093,6315,6041
86110,12,6,4,23,1,23.922711,2.449083,6093,6315,6041
86120,19,13,18,51,1,23.924295,2.449221,6095,6315,6041
86130,14,10,13,38,1,23.927058,2.449540,6102,6315,6050
86140,19,9,6,35,1,23.928760,2.449722,6105,6315,6050
86150,16,15,9,41,1,23.929304,2.449760,6105,6315,6050
86160,12,6,0,19,1,23.930456,2.449900,6105,6315,6050
86170,7,0,4,12,1,23.929650,2.449846,6105,6315,6050
86180,7,4,4,16,1,23.928208,2.449683,6105,6315,6050
86190,4,9,3,17,1,23.927079,2.449531,6105,6315,6050
86200,3,11,5,20,1,23.925874,2.449407,6105,6315,6050
86210,1,3,1,6,1,23.924822,2.449295,6105,6315,6050
86220,1,1,1,4,1,23.922837,2.449109,6105,6315,6050
86230,6,4,6,17,1,23.921534,2.448942,6105,6315,6050
86240,2,3,1,7,1,23.920112,2.448790,6105,6315,6050
86250,0,5,0,6,1,23.918692,2.448629,6105,6315,6050
86260,0,0,0,0,0,23.916387,2.448415,6105,6315,6050
86270,0,4,4,9,1,23.914351,2.448206,6105,6315,6050
86280,3,9,5,18,1,23.913115,2.448079,6105,6315,6050
86290,5,0,1,7,1,23.911308,2.447931,6105,6315,6050
86300,8,14,5,28,1,23.911082,2.447834,6105,6315,6050
86310,4,17,13,35,1,23.911335,2.447862,6105,6315,6050
86320,7,16,14,38,1,23.913220,2.448086,6105,6318,6050
86330,4,10,18,33,1,23.913686,2.448138,6105,6318,6050
86340,1,2,10,14,1,23.913394,2.448128,6105,6318,6050
86350,18,8,17,44,1,23.913685,2.448055,6105,6318,6053
86360,17,6,1,25,1,23.915008,2.448187,6105,6318,6053
86370,17,9,6,33,1,23.914756,2.448134,6107,6318,6053
86380,17,4,11,33,1,23.915819,2.448221,6109,6318,6053
86390,18,2,11,32,1,23.917757,2.448486,6117,6318,6056
86400,10,9,11,31,1,23.917915,2.448527,6117,6318,6056
