Tempo(s),Fila1,Fila2,Fila3,TotalSistema,ServidorOcupado,E[N],E[W],PerdasF1,PerdasF2,PerdasF3
10,5,1,0,7,1,6.750582,0.733759,0,0,0
20,14,4,4,23,1,8.842460,0.888689,0,0,0
30,14,6,3,24,1,13.202136,1.329074,0,0,0
40,11,2,3,17,1,15.437276,1.591472,0,0,0
50,20,20,3,44,1,18.161426,1.808907,6,2,0
60,6,0,4,11,1,19.759771,2.065481,13,3,0
70,19,17,0,37,1,21.210603,2.189885,19,3,0
80,11,12,3,27,1,23.363029,2.414783,23,5,0
90,2,0,0,3,1,22.691063,2.350053,23,5,0
100,3,2,0,6,1,20.964055,2.186033,23,5,0
110,0,0,0,0,0,19.646370,2.058191,23,5,0
120,0,0,0,1,1,18.184881,1.917562,23,5,0
130,1,0,0,2,1,17.080868,1.802364,23,5,0
140,4,0,0,5,1,16.196659,1.704911,23,5,0
150,14,4,2,21,1,15.955891,1.660919,23,5,0
160,19,11,3,34,1,16.471294,1.701360,28,5,0
170,5,4,0,10,1,16.619552,1.729084,34,5,0
180,3,2,1,7,1,16.032886,1.666235,34,5,0
190,3,0,2,6,1,15.442241,1.606805,34,5,0
200,10,2,9,22,1,15.672108,1.623212,34,5,0
210,6,7,0,14,1,15.821723,1.640771,34,5,0
220,12,4,2,19,1,15.823238,1.638942,34,5,0
230,8,4,0,13,1,15.829584,1.637052,34,5,0
240,0,0,0,0,0,15.387039,1.602817,34,5,0
250,4,0,3,8,1,15.116156,1.569368,34,5,0
260,6,5,1,13,1,15.142072,1.571005,34,5,0
270,20,4,8,33,1,15.316220,1.577185,36,5,0
280,16,12,5,34,1,15.912264,1.644678,44,5,0
290,19,12,3,35,1,16.399949,1.692521,49,5,0
300,14,9,1,25,1,16.990018,1.765502,66,5,0
310,7,1,0,9,1,17.128196,1.781792,66,5,0
320,5,4,2,12,1,16.862948,1.752564,66,5,0
330,0,0,0,0,0,16.591763,1.726129,66,5,0
340,1,0,0,2,1,16.283384,1.691005,66,5,0
350,13,12,8,34,1,16.154722,1.668384,66,5,0
360,5,1,4,11,1,16.260349,1.686953,66,5,0
370,11,1,5,18,1,16.320606,1.691491,66,5,0
380,10,5,4,20,1,16.476982,1.710725,66,5,0
390,8,3,0,12,1,16.441774,1.703584,66,5,0
400,12,13,5,31,1,16.455941,1.698240,66,5,0
410,20,10,4,35,1,16.868007,1.742036,75,5,0
420,1,1,0,3,1,16.824451,1.752982,80,5,0
430,5,2,0,8,1,16.500200,1.719187,80,5,0
440,11,11,0,23,1,16.457751,1.711108,80,5,0
450,17,11,12,41,1,16.761378,1.734334,80,5,0
460,15,3,3,22,1,17.116102,1.772092,87,5,0
470,1,1,0,3,1,17.011079,1.765726,87,5,0
480,0,0,0,0,0,16.736569,1.731369,87,5,0
490,1,4,1,7,1,16.455453,1.703607,87,5,0
500,0,0,0,1,1,16.426248,1.696926,87,5,0
510,6,11,1,19,1,16.339975,1.683513,87,5,0
520,9,3,2,15,1,16.423136,1.695123,87,5,0
530,13,11,3,28,1,16.534846,1.699335,87,5,0
540,20,11,5,37,1,16.850761,1.730913,96,5,0
550,19,4,12,36,1,17.229903,1.770967,101,5,0
560,20,13,2,36,1,17.601303,1.808906,112,5,0
570,19,7,1,28,1,17.881406,1.839452,120,5,0
580,12,6,5,24,1,18.109644,1.865316,123,5,0
590,12,3,1,17,1,18.223000,1.876037,123,5,0
600,12,5,0,18,1,18.137393,1.865987,123,5,0
610,4,0,1,6,1,17.941950,1.848748,123,5,0
620,13,6,1,21,1,17.837282,1.834929,123,5,0
630,8,6,2,17,1,17.866649,1.838613,123,5,0
640,20,13,2,36,1,17.949697,1.842175,123,5,0
650,18,3,0,22,1,18.134191,1.864772,126,5,0
660,0,0,0,1,1,18.126704,1.864655,126,5,0
670,7,7,0,15,1,17.993071,1.849549,126,5,0
680,4,3,1,9,1,18.035316,1.854812,126,5,0
690,3,1,0,5,1,17.835730,1.834350,126,5,0
700,2,0,1,4,1,17.684923,1.817834,126,5,0
710,2,2,0,5,1,17.464446,1.796025,126,5,0
720,1,0,0,2,1,17.356914,1.783245,126,5,0
730,20,3,3,27,1,17.214116,1.762950,127,5,0
740,18,16,7,42,1,17.427666,1.783991,132,5,0
750,14,10,6,31,1,17.688117,1.814042,135,5,0
760,9,7,5,22,1,17.829403,1.831128,138,5,0
770,8,4,2,15,1,17.875390,1.835207,139,5,0
780,6,5,0,12,1,17.855816,1.833053,139,5,0
790,5,0,1,7,1,17.759732,1.824709,139,5,0
800,4,1,0,6,1,17.669883,1.814156,139,5,0
810,10,3,4,18,1,17.516241,1.798017,139,5,0
820,4,2,0,7,1,17.439510,1.790459,139,5,0
830,2,6,1,10,1,17.271654,1.771999,139,5,0
840,4,3,0,8,1,17.123925,1.755871,139,5,0
850,0,0,0,1,1,16.972535,1.741088,139,5,0
860,6,2,0,9,1,16.900528,1.734422,139,5,0
870,8,7,2,18,1,16.771196,1.717794,139,5,0
880,2,2,3,8,1,16.648452,1.706937,139,5,0
890,0,0,0,0,0,16.502462,1.692853,139,5,0
900,2,8,4,15,1,16.420725,1.683410,139,5,0
910,3,2,2,8,1,16.371550,1.681313,139,5,0
920,1,0,2,4,1,16.295998,1.674558,139,5,0
930,0,3,2,6,1,16.166572,1.659849,139,5,0
940,4,8,3,16,1,16.062163,1.648121,139,5,0
950,15,4,3,23,1,16.070825,1.646601,139,5,0
960,8,12,3,24,1,16.073193,1.645193,139,5,0
970,0,1,1,3,1,15.981766,1.641151,139,5,0
980,2,2,1,6,1,15.846943,1.629078,139,5,0
990,13,8,4,26,1,15.806068,1.621723,139,5,0
1000,10,9,3,23,1,15.849211,1.626227,139,5,0
1010,16,5,0,22,1,15.953281,1.636816,140,5,0
1020,17,11,4,33,1,16.033635,1.642659,142,5,0
1030,4,4,3,12,1,16.098249,1.652666,145,5,0
1040,14,6,2,23,1,16.165270,1.656996,145,5,0
1050,17,10,5,33,1,16.252611,1.664090,147,5,0
1060,12,16,4,33,1,16.434532,1.681363,156,5,0
1070,17,10,8,36,1,16.640650,1.702572,165,5,0
1080,11,10,3,25,1,16.744146,1.712794,169,5,0
1090,8,6,3,18,1,16.786574,1.717579,169,5,0
1100,0,0,0,1,1,16.707837,1.713944,169,5,0
1110,11,2,2,16,1,16.651441,1.706973,169,5,0
1120,4,2,1,8,1,16.614042,1.702290,169,5,0
1130,9,3,0,13,1,16.555099,1.694805,169,5,0
1140,9,7,1,18,1,16.570585,1.695277,169,5,0
1150,1,2,0,4,1,16.470214,1.688726,169,5,0
1160,15,5,2,23,1,16.429732,1.682720,169,5,0
1170,9,6,6,22,1,16.493907,1.687762,169,5,0
1180,14,7,4,26,1,16.541411,1.690384,169,5,0
1190,10,3,0,14,1,16.581834,1.695222,169,5,0
1200,16,12,2,31,1,16.616715,1.697460,169,5,0
1210,7,3,1,12,1,16.682679,1.704758,169,5,0
1220,0,1,0,2,1,16.604116,1.695290,169,5,0
1230,14,4,4,23,1,16.581998,1.693305,169,5,0
1240,9,6,1,17,1,16.604548,1.694620,169,5,0
1250,2,0,0,3,1,16.540658,1.689201,169,5,0
1260,3,3,0,7,1,16.439344,1.679524,169,5,0
1270,4,2,1,8,1,16.364142,1.670884,169,5,0
1280,7,7,4,19,1,16.296574,1.664242,169,5,0
1290,18,7,0,26,1,16.374801,1.672088,170,5,0
1300,15,20,4,40,1,16.531059,1.688035,183,6,0
1310,20,14,4,39,1,16.678482,1.701621,188,6,0
1320,19,5,5,30,1,16.755786,1.709378,190,6,0
1330,14,5,2,22,1,16.792932,1.713827,192,6,0
1340,11,1,1,14,1,16.803848,1.714809,192,6,0
1350,10,13,4,28,1,16.826330,1.716843,192,6,0
1360,2,3,2,8,1,16.782589,1.714439,192,6,0
1370,15,5,6,27,1,16.736806,1.710258,192,6,0
1380,0,0,0,0,0,16.680714,1.705266,192,6,0
1390,0,0,0,1,1,16.581481,1.695972,192,6,0
1400,2,3,1,7,1,16.489582,1.687407,192,6,0
1410,16,4,2,23,1,16.449299,1.682274,192,6,0
1420,6,0,4,11,1,16.475498,1.684199,192,6,0
1430,15,11,2,29,1,16.493840,1.685330,192,6,0
1440,11,5,5,22,1,16.522251,1.689056,192,6,0
1450,18,6,5,30,1,16.574603,1.694028,192,6,0
1460,5,2,1,9,1,16.614496,1.699633,194,6,0
1470,1,0,0,2,1,16.579467,1.695195,194,6,0
1480,5,2,1,9,1,16.526380,1.689744,194,6,0
1490,11,4,5,21,1,16.480404,1.683865,194,6,0
1500,5,2,5,13,1,16.488401,1.686045,194,6,0
1510,15,5,7,28,1,16.542469,1.690635,195,6,0
1520,15,6,5,27,1,16.613760,1.697105,199,6,0
1530,20,15,7,43,1,16.719767,1.707237,203,6,0
1540,10,6,2,19,1,16.764254,1.714501,205,6,0
1550,3,10,0,14,1,16.714144,1.708787,205,6,0
1560,20,6,9,36,1,16.771287,1.713710,212,6,0
1570,13,2,6,22,1,16.852482,1.722215,218,6,0
1580,15,10,3,29,1,16.914742,1.727333,219,6,0
1590,18,10,9,38,1,16.985148,1.734626,221,6,0
1600,19,8,5,33,1,17.114514,1.748386,227,6,0
1610,19,4,1,25,1,17.188300,1.756023,228,6,0
1620,18,8,7,34,1,17.250327,1.762013,229,6,0
1630,18,14,2,35,1,17.337939,1.770840,237,6,0
1640,7,3,3,14,1,17.373929,1.775280,237,6,0
1650,6,5,0,12,1,17.341059,1.771907,237,6,0
1660,5,7,1,14,1,17.323205,1.770286,237,6,0
1670,9,1,0,11,1,17.317929,1.768649,237,6,0
1680,13,7,4,25,1,17.332501,1.769913,237,6,0
1690,15,6,3,25,1,17.393701,1.776691,238,6,0
1700,20,14,5,40,1,17.476711,1.785267,245,6,0
1710,19,5,0,25,1,17.545498,1.793568,253,6,0
1720,12,5,1,19,1,17.566413,1.794301,254,6,0
1730,19,8,2,30,1,17.604811,1.796727,257,6,0
1740,16,7,8,32,1,17.701446,1.807012,268,6,0
1750,17,19,11,48,1,17.822046,1.820381,278,9,0
1760,18,11,8,38,1,17.966972,1.836132,303,18,0
1770,15,9,3,28,1,18.056302,1.844607,305,18,0
1780,16,8,4,29,1,18.140232,1.852425,312,18,0
1790,15,11,7,34,1,18.215324,1.860722,315,18,0
1800,18,10,3,32,1,18.302773,1.869644,319,18,0
1810,20,9,1,31,1,18.367886,1.876390,320,18,0
1820,0,0,0,1,1,18.365417,1.877918,323,18,0
1830,7,4,0,12,1,18.309469,1.871235,323,18,0
1840,10,2,1,14,1,18.287579,1.869916,323,18,0
1850,20,9,4,34,1,18.324688,1.872552,330,18,0
1860,15,10,7,33,1,18.412167,1.881890,334,18,0
1870,16,6,3,26,1,18.451634,1.886732,336,18,0
1880,13,13,4,31,1,18.493617,1.889976,340,18,0
1890,16,12,5,34,1,18.553368,1.895965,343,18,0
1900,19,18,4,42,1,18.633470,1.904033,349,18,0
1910,17,19,15,52,1,18.773870,1.918263,359,24,0
1920,18,13,10,42,1,18.911625,1.932634,368,26,0
1930,16,12,8,37,1,19.001646,1.943259,378,26,0
1940,13,1,5,20,1,19.064523,1.950078,384,26,0
1950,20,15,2,38,1,19.120588,1.954968,390,26,0
1960,8,6,3,18,1,19.147940,1.958357,392,26,0
1970,17,12,4,34,1,19.206338,1.962473,398,26,0
1980,20,7,4,32,1,19.254793,1.968427,399,26,0
1990,19,14,10,44,1,19.350693,1.976892,413,26,0
2000,16,6,4,27,1,19.450775,1.989137,432,26,0
2010,0,1,2,4,1,19.415034,1.987381,432,26,0
2020,2,1,1,5,1,19.351993,1.980496,432,26,0
2030,5,0,1,7,1,19.275484,1.973433,432,26,0
2040,20,9,6,36,1,19.277565,1.971339,433,26,0
2050,20,19,12,52,1,19.391104,1.984116,453,31,0
2060,18,10,4,33,1,19.504379,1.996176,458,31,0
2070,19,17,6,43,1,19.595235,2.005148,470,31,0
2080,20,2,8,31,1,19.685690,2.016857,481,31,0
2090,13,7,6,27,1,19.732195,2.020691,484,31,0
2100,20,4,8,33,1,19.783193,2.026274,492,31,0
2110,20,10,6,37,1,19.847483,2.033119,497,31,0
2120,19,8,7,35,1,19.928167,2.041939,504,31,0
2130,20,18,11,50,1,20.022541,2.051865,518,33,0
2140,20,15,14,50,1,20.150368,2.067101,535,38,0
2150,18,9,1,29,1,20.218037,2.074783,546,38,0
2160,19,14,4,38,1,20.266653,2.080805,550,38,0
2170,16,5,9,31,1,20.333778,2.086551,550,38,0
2180,13,3,5,22,1,20.381027,2.093908,553,38,0
2190,2,0,1,4,1,20.345457,2.090875,553,38,0
2200,9,3,3,16,1,20.286661,2.084473,553,38,0
2210,12,8,0,21,1,20.272297,2.083028,553,38,0
2220,9,2,1,13,1,20.243333,2.080083,553,38,0
2230,12,1,5,19,1,20.230332,2.077342,553,38,0
2240,7,3,5,16,1,20.229561,2.077014,553,38,0
2250,15,4,5,25,1,20.202921,2.074033,553,38,0
2260,13,13,7,34,1,20.212679,2.074225,553,38,0
2270,13,8,6,28,1,20.283412,2.082373,564,38,0
2280,12,3,1,17,1,20.318350,2.086280,569,38,0
2290,2,3,5,11,1,20.297983,2.084505,569,38,0
2300,10,5,3,19,1,20.261777,2.080543,569,38,0
2310,6,1,0,8,1,20.260798,2.080663,569,38,0
2320,20,8,3,32,1,20.270578,2.079493,573,38,0
2330,16,12,9,38,1,20.339761,2.086267,585,38,0
2340,17,12,10,40,1,20.398306,2.092042,597,38,0
2350,20,6,3,30,1,20.474299,2.099974,614,39,0
2360,12,8,1,22,1,20.459778,2.099077,614,39,0
2370,20,10,2,33,1,20.510774,2.104899,617,39,0
2380,11,8,3,23,1,20.551946,2.109710,621,39,0
2390,11,5,2,19,1,20.542300,2.108577,621,39,0
2400,8,9,5,23,1,20.540160,2.107494,621,39,0
2410,9,6,2,18,1,20.541618,2.108044,621,39,0
2420,9,3,2,15,1,20.526293,2.105261,621,39,0
2430,9,3,8,21,1,20.526754,2.105708,621,39,0
2440,19,20,10,50,1,20.584454,2.110428,631,40,0
2450,18,16,5,40,1,20.681569,2.121409,652,42,0
2460,11,7,4,23,1,20.718039,2.126523,657,42,0
2470,15,5,5,26,1,20.731638,2.127426,657,42,0
2480,19,7,8,35,1,20.762386,2.130709,664,42,0
2490,12,3,8,24,1,20.785282,2.133010,669,42,0
2500,20,2,5,28,1,20.821902,2.136105,676,42,0
2510,3,0,0,4,1,20.806351,2.135599,679,42,0
2520,0,0,0,0,0,20.738484,2.129885,679,42,0
2530,2,1,0,4,1,20.669670,2.122677,679,42,0
2540,6,3,4,14,1,20.604499,2.115931,679,42,0
2550,14,4,2,21,1,20.595447,2.113246,679,42,0
2560,10,8,4,23,1,20.619836,2.116296,684,42,0
2570,17,8,4,30,1,20.636592,2.118645,691,42,0
2580,13,12,5,31,1,20.661260,2.120790,691,42,0
2590,8,5,2,16,1,20.694301,2.125312,692,42,0
2600,10,11,5,27,1,20.712939,2.126669,696,42,0
2610,20,5,2,28,1,20.737262,2.129619,702,42,0
2620,7,5,7,20,1,20.751476,2.131444,706,42,0
2630,9,2,0,12,1,20.742712,2.131572,706,42,0
2640,1,0,0,2,1,20.691170,2.126798,706,42,0
2650,1,0,1,3,1,20.638114,2.122027,706,42,0
2660,4,2,0,7,1,20.570816,2.115864,706,42,0
2670,0,0,0,0,0,20.516627,2.111366,706,42,0
2680,5,0,4,10,1,20.447874,2.104386,706,42,0
2690,9,4,2,16,1,20.424947,2.101959,706,42,0
2700,19,11,0,31,1,20.428684,2.100196,707,42,0
2710,14,6,7,28,1,20.455173,2.103180,707,42,0
2720,13,11,1,26,1,20.463617,2.103353,707,42,0
2730,13,12,10,36,1,20.508998,2.108200,710,42,0
2740,20,20,9,50,1,20.584446,2.115739,730,46,0
2750,11,7,1,20,1,20.631076,2.123174,743,47,0
2760,5,1,4,11,1,20.611967,2.120668,743,47,0
2770,6,3,2,12,1,20.590716,2.117553,743,47,0
2780,0,0,0,1,1,20.550073,2.114330,743,47,0
2790,0,1,1,3,1,20.496003,2.108160,743,47,0
2800,2,6,0,9,1,20.451236,2.103187,743,47,0
2810,0,1,1,3,1,20.404663,2.098799,743,47,0
2820,6,5,1,13,1,20.371217,2.094841,743,47,0
2830,18,7,8,34,1,20.380645,2.095449,743,47,0
2840,13,7,5,26,1,20.435193,2.102219,753,47,0
2850,0,1,0,2,1,20.419333,2.100754,753,47,0
2860,1,0,2,4,1,20.355700,2.094374,753,47,0
2870,0,0,0,1,1,20.295382,2.088706,753,47,0
2880,15,8,3,27,1,20.271076,2.085770,753,47,0
2890,14,2,1,18,1,20.284376,2.087821,753,47,0
2900,9,6,4,20,1,20.274078,2.085367,753,47,0
2910,5,0,3,9,1,20.258043,2.084249,753,47,0
2920,1,0,1,3,1,20.221904,2.081646,753,47,0
2930,1,2,1,5,1,20.186652,2.077662,753,47,0
2940,2,0,0,3,1,20.132602,2.072038,753,47,0
2950,4,2,7,14,1,20.084728,2.067195,753,47,0
2960,14,11,4,30,1,20.083155,2.066829,753,47,0
2970,20,17,11,49,1,20.145686,2.072702,760,49,0
2980,20,17,15,53,1,20.252069,2.084309,780,55,1
2990,7,6,2,16,1,20.291486,2.089888,782,56,1
3000,11,10,1,23,1,20.262012,2.086501,782,56,1
3010,15,5,3,24,1,20.259471,2.086961,782,56,1
3020,11,5,3,20,1,20.269553,2.088646,782,56,1
3030,6,11,1,19,1,20.253499,2.086712,782,56,1
3040,20,11,4,36,1,20.264257,2.086763,787,56,1
3050,12,1,3,17,1,20.268601,2.087712,787,56,1
3060,0,0,0,1,1,20.224597,2.084238,787,56,1
3070,0,0,0,0,0,20.169946,2.078190,787,56,1
3080,5,0,0,6,1,20.122097,2.073125,787,56,1
3090,2,4,1,8,1,20.064530,2.067474,787,56,1
3100,8,4,0,13,1,20.023528,2.062978,787,56,1
3110,1,1,3,6,1,19.994206,2.060644,787,56,1
3120,15,6,6,28,1,19.973958,2.057879,788,56,1
3130,14,8,2,25,1,20.010596,2.060505,800,56,1
3140,16,12,5,34,1,20.052416,2.064277,805,56,1
3150,15,13,6,35,1,20.108384,2.069102,813,57,1
3160,19,16,2,38,1,20.134622,2.072354,816,57,1
3170,17,1,3,22,1,20.170051,2.076213,817,57,1
3180,0,0,0,0,0,20.123861,2.072408,817,57,1
3190,0,0,0,1,1,20.074772,2.067626,817,57,1
3200,17,1,1,20,1,20.036863,2.063263,817,57,1
3210,15,5,2,23,1,20.032676,2.062376,817,57,1
3220,8,12,1,22,1,20.040112,2.063019,818,57,1
3230,7,2,0,10,1,20.033811,2.061525,818,57,1
3240,1,2,1,5,1,19.986179,2.056701,818,57,1
3250,0,0,0,0,0,19.934545,2.052113,818,57,1
3260,4,3,1,9,1,19.895405,2.048223,818,57,1
3270,6,1,2,10,1,19.864681,2.045584,818,57,1
3280,1,1,0,3,1,19.816853,2.041499,818,57,1
3290,2,0,0,3,1,19.775375,2.038124,818,57,1
3300,2,3,0,6,1,19.732694,2.033536,818,57,1
3310,4,1,2,8,1,19.686381,2.028955,818,57,1
3320,7,1,3,12,1,19.659013,2.026136,818,57,1
3330,4,1,1,7,1,19.619969,2.022427,818,57,1
3340,1,0,0,2,1,19.574454,2.017860,818,57,1
3350,1,1,3,6,1,19.532222,2.013693,818,57,1
3360,1,3,2,7,1,19.495366,2.009832,818,57,1
3370,6,0,0,7,1,19.476505,2.008133,818,57,1
3380,0,0,1,2,1,19.426836,2.004173,818,57,1
3390,1,0,0,2,1,19.379305,1.999995,818,57,1
3400,3,1,3,8,1,19.336457,1.995809,818,57,1
3410,4,1,1,7,1,19.296786,1.991467,818,57,1
3420,2,0,2,5,1,19.254295,1.987375,818,57,1
3430,1,2,1,5,1,19.208914,1.982326,818,57,1
3440,1,0,0,2,1,19.162092,1.977370,818,57,1
3450,7,0,2,10,1,19.131790,1.974237,818,57,1
3460,6,2,2,11,1,19.112835,1.972864,818,57,1
3470,0,0,0,1,1,19.066980,1.969296,818,57,1
3480,0,0,0,0,0,19.017524,1.964877,818,57,1
3490,0,0,0,0,0,18.970284,1.959984,818,57,1
3500,4,3,0,8,1,18.933093,1.956187,818,57,1
3510,3,3,0,7,1,18.900829,1.952381,818,57,1
3520,0,0,0,0,0,18.861177,1.948217,818,57,1
3530,1,4,0,6,1,18.819686,1.943978,818,57,1
3540,2,3,3,9,1,18.779982,1.940319,818,57,1
3550,16,9,4,30,1,18.781043,1.940078,818,57,1
3560,19,11,4,35,1,18.818946,1.943869,832,57,1
3570,20,13,10,44,1,18.879207,1.950027,842,57,1
3580,17,11,8,37,1,18.938885,1.956350,849,57,1
3590,11,8,2,22,1,18.969841,1.960100,855,57,1
3600,20,8,3,32,1,18.995109,1.962136,859,57,1
3610,0,2,0,3,1,18.985653,1.961990,864,57,1
3620,4,3,2,10,1,18.957582,1.958238,864,57,1
3630,6,2,0,9,1,18.919803,1.954214,864,57,1
3640,2,3,1,7,1,18.878252,1.949746,864,57,1
3650,0,0,0,0,0,18.845264,1.946439,864,57,1
3660,11,7,7,26,1,18.841056,1.945391,864,57,1
3670,6,2,0,9,1,18.840908,1.945367,864,57,1
3680,2,4,0,7,1,18.812015,1.942594,864,57,1
3690,7,6,1,15,1,18.792015,1.940357,864,57,1
3700,9,6,1,17,1,18.776369,1.938301,864,57,1
3710,1,0,0,2,1,18.745237,1.935295,864,57,1
3720,1,1,0,3,1,18.706177,1.931737,864,57,1
3730,18,12,4,35,1,18.682177,1.928236,864,57,1
3740,20,6,7,34,1,18.730888,1.933471,877,57,1
3750,14,8,5,28,1,18.752480,1.935267,882,57,1
3760,18,9,2,30,1,18.767082,1.937088,886,57,1
3770,18,9,6,34,1,18.799221,1.940293,891,57,1
3780,19,12,8,40,1,18.855436,1.946142,900,63,1
3790,20,8,3,32,1,18.891639,1.950244,913,63,1
3800,19,9,6,35,1,18.914852,1.953005,916,63,1
3810,10,3,2,16,1,18.939163,1.955719,921,63,1
3820,9,1,1,12,1,18.935030,1.954914,921,63,1
3830,18,17,5,41,1,18.949897,1.955176,921,63,1
3840,17,13,5,36,1,18.993282,1.959596,926,63,1
3850,20,14,1,36,1,19.032654,1.964339,928,63,1
3860,12,16,7,36,1,19.075338,1.969107,939,63,1
3870,18,15,3,37,1,19.104424,1.971629,944,63,1
3880,20,10,3,34,1,19.148456,1.976326,953,63,1
3890,20,14,1,36,1,19.167909,1.978013,955,63,1
3900,7,9,3,20,1,19.181879,1.979187,956,63,1
3910,4,3,0,8,1,19.166351,1.977581,956,63,1
3920,0,0,0,0,0,19.124510,1.973675,956,63,1
3930,0,0,1,2,1,19.083371,1.969890,956,63,1
3940,3,0,0,4,1,19.042078,1.965879,956,63,1
3950,5,7,4,17,1,19.013476,1.962816,956,63,1
3960,15,5,2,23,1,19.022746,1.963766,956,63,1
3970,14,8,0,23,1,19.027877,1.963932,956,63,1
3980,17,5,4,27,1,19.043100,1.964733,956,63,1
3990,9,5,2,17,1,19.037924,1.964601,959,63,1
4000,6,2,3,12,1,19.042576,1.965026,962,63,1
4010,17,10,2,30,1,19.049473,1.965531,968,63,1
4020,16,1,1,19,1,19.067321,1.968025,971,63,1
4030,2,2,0,5,1,19.047003,1.966274,971,63,1
4040,8,4,0,13,1,19.023537,1.963444,971,63,1
4050,9,2,1,13,1,19.000536,1.960115,971,63,1
4060,1,0,0,2,1,18.973980,1.957721,971,63,1
4070,16,16,6,39,1,18.972013,1.956274,971,63,1
4080,13,10,6,30,1,19.020333,1.961404,982,63,1
4090,17,8,4,30,1,19.054861,1.965013,992,63,1
4100,5,6,1,13,1,19.051353,1.965342,992,63,1
4110,7,5,3,16,1,19.045991,1.964194,992,63,1
4120,1,1,0,3,1,19.027842,1.963205,992,63,1
4130,2,3,2,8,1,18.994259,1.958611,992,63,1
4140,5,2,5,13,1,18.967818,1.955056,992,63,1
4150,2,6,3,12,1,18.939210,1.952302,992,63,1
4160,1,0,0,2,1,18.913585,1.950096,992,63,1
4170,4,1,2,8,1,18.880197,1.946027,992,63,1
4180,0,0,0,1,1,18.849163,1.943261,992,63,1
4190,3,4,2,10,1,18.828729,1.940772,992,63,1
4200,6,4,0,11,1,18.824246,1.940120,992,63,1
4210,10,3,5,19,1,18.810257,1.938347,992,63,1
4220,15,3,2,21,1,18.818135,1.939351,994,63,1
4230,11,3,0,15,1,18.820794,1.939248,996,63,1
4240,8,2,4,15,1,18.839562,1.940996,997,63,1
4250,12,6,4,23,1,18.854412,1.942670,1002,63,1
4260,20,14,6,41,1,18.887961,1.945847,1004,63,1
4270,20,15,4,40,1,18.930670,1.950391,1007,63,1
4280,17,16,9,43,1,18.976304,1.954954,1007,64,1
4290,18,11,6,36,1,19.015723,1.959301,1012,64,1
4300,14,6,4,25,1,19.037432,1.961916,1012,64,1
4310,17,6,1,25,1,19.058006,1.964179,1018,64,1
4320,18,6,1,26,1,19.074200,1.965896,1021,64,1
4330,9,3,5,18,1,19.080246,1.966427,1027,64,1
4340,17,8,6,32,1,19.095625,1.967359,1028,64,1
4350,14,4,5,24,1,19.117856,1.969559,1029,64,1
4360,18,12,3,34,1,19.129860,1.970753,1029,64,1
4370,17,4,4,26,1,19.168079,1.975252,1037,64,1
4380,20,8,4,33,1,19.195309,1.977781,1042,64,1
4390,15,12,5,33,1,19.230064,1.981271,1047,64,1
4400,20,11,3,35,1,19.251180,1.983264,1055,64,1
4410,17,10,6,34,1,19.289182,1.987600,1064,64,1
4420,19,13,3,36,1,19.327330,1.991347,1071,64,1
4430,13,13,9,36,1,19.355967,1.994208,1076,64,1
4440,20,9,5,35,1,19.388079,1.997658,1081,64,1
4450,13,8,2,24,1,19.402717,1.999632,1081,64,1
4460,11,6,6,24,1,19.408716,1.999835,1081,64,1
4470,13,13,6,33,1,19.440805,2.002683,1085,64,1
4480,13,13,2,29,1,19.469336,2.005902,1088,64,1
4490,9,12,3,25,1,19.482891,2.007393,1090,64,1
4500,0,3,1,5,1,19.481159,2.007769,1090,64,1
4510,1,3,0,5,1,19.448023,2.004447,1090,64,1
4520,0,0,0,0,0,19.417239,2.001503,1090,64,1
4530,8,5,1,15,1,19.400759,1.999077,1090,64,1
4540,6,2,1,10,1,19.382799,1.997955,1090,64,1
4550,14,7,3,25,1,19.382878,1.997918,1090,64,1
4560,7,0,1,9,1,19.372950,1.997392,1090,64,1
4570,10,11,3,25,1,19.367512,1.995930,1090,64,1
4580,6,2,1,10,1,19.379247,1.997096,1091,64,1
4590,14,3,11,29,1,19.376937,1.996322,1091,64,1
4600,10,4,0,15,1,19.388656,1.997487,1091,64,1
4610,18,18,5,42,1,19.392066,1.997529,1091,64,1
4620,5,5,2,13,1,19.406806,1.999720,1096,64,1
4630,13,2,4,20,1,19.401514,1.998865,1096,64,1
4640,17,9,5,32,1,19.407664,1.998836,1096,64,1
4650,20,14,7,42,1,19.446253,2.002282,1102,64,1
4660,15,8,9,33,1,19.478070,2.005165,1107,64,1
4670,17,5,2,25,1,19.500255,2.007013,1109,64,1
4680,10,6,1,18,1,19.511194,2.008455,1114,64,1
4690,6,4,3,14,1,19.508828,2.008041,1114,64,1
4700,19,12,3,35,1,19.523239,2.008960,1118,64,1
4710,15,14,5,35,1,19.562055,2.012830,1128,66,1
4720,12,1,4,18,1,19.585859,2.016166,1143,66,1
4730,11,6,1,19,1,19.578589,2.015030,1143,66,1
4740,12,5,1,19,1,19.570731,2.014359,1143,66,1
4750,4,2,2,9,1,19.553300,2.013008,1143,66,1
4760,1,0,1,3,1,19.531167,2.010735,1143,66,1
4770,5,2,3,11,1,19.508077,2.008147,1143,66,1
4780,3,4,2,10,1,19.479432,2.005680,1143,66,1
4790,15,13,12,41,1,19.487939,2.005785,1143,66,1
4800,15,9,5,30,1,19.512655,2.008551,1144,66,1
4810,20,15,7,43,1,19.546691,2.012018,1150,66,1
4820,16,15,4,36,1,19.586846,2.017019,1162,66,1
4830,3,5,3,12,1,19.601325,2.019204,1162,66,1
4840,1,0,1,3,1,19.580176,2.017286,1162,66,1
4850,8,3,4,16,1,19.548115,2.013942,1162,66,1
4860,6,1,0,8,1,19.541854,2.013044,1162,66,1
4870,11,4,3,19,1,19.521122,2.010657,1162,66,1
4880,12,3,6,22,1,19.532889,2.011957,1165,66,1
4890,16,10,3,30,1,19.550802,2.013255,1165,66,1
4900,15,7,7,30,1,19.578638,2.016041,1179,66,1
4910,14,16,1,32,1,19.601410,2.018306,1188,66,1
4920,10,6,3,20,1,19.617066,2.020727,1193,66,1
4930,9,0,2,12,1,19.607121,2.019790,1193,66,1
4940,3,1,0,5,1,19.605366,2.020118,1193,66,1
4950,18,0,1,20,1,19.608830,2.020056,1195,66,1
4960,14,12,0,27,1,19.623559,2.021577,1197,66,1
4970,3,0,1,5,1,19.620645,2.021363,1197,66,1
4980,5,0,2,8,1,19.589774,2.018687,1197,66,1
4990,2,0,3,6,1,19.558940,2.015511,1197,66,1
5000,0,1,0,2,1,19.527888,2.012230,1197,66,1
5010,2,4,0,7,1,19.497060,2.009055,1197,66,1
5020,20,7,5,33,1,19.491281,2.007885,1198,66,1
5030,19,9,6,35,1,19.527205,2.011712,1212,66,1
5040,20,13,9,43,1,19.558186,2.014618,1218,66,1
5050,8,10,3,22,1,19.578563,2.017461,1226,66,1
5060,10,1,4,16,1,19.581023,2.017429,1226,66,1
5070,1,0,0,2,1,19.554322,2.015049,1226,66,1
5080,1,0,0,2,1,19.529184,2.012624,1226,66,1
5090,13,10,5,29,1,19.532032,2.012185,1226,66,1
5100,14,14,6,35,1,19.561622,2.015481,1235,66,1
5110,17,2,2,22,1,19.578888,2.017425,1238,66,1
5120,20,20,8,49,1,19.615029,2.020785,1248,69,1
5130,17,17,9,44,1,19.654741,2.025285,1259,74,1
5140,16,8,11,36,1,19.687688,2.028885,1265,74,1
5150,13,6,7,27,1,19.710172,2.031407,1265,74,1
5160,7,1,4,13,1,19.724993,2.033139,1268,74,1
5170,15,8,8,32,1,19.731471,2.033199,1268,74,1
5180,1,3,1,6,1,19.723350,2.033092,1270,74,1
5190,1,2,0,4,1,19.694262,2.030538,1270,74,1
5200,7,2,2,12,1,19.674373,2.028366,1270,74,1
5210,0,0,0,1,1,19.649455,2.025837,1270,74,1
5220,4,6,0,11,1,19.633517,2.024514,1270,74,1
5230,10,2,3,16,1,19.623324,2.022545,1270,74,1
5240,1,2,1,5,1,19.599481,2.020207,1270,74,1
5250,9,6,3,19,1,19.576063,2.017636,1270,74,1
5260,12,7,2,22,1,19.560715,2.016055,1270,74,1
5270,9,2,0,12,1,19.562525,2.016400,1270,74,1
5280,0,0,0,0,0,19.531204,2.013998,1270,74,1
5290,2,3,2,8,1,19.505948,2.011275,1270,74,1
5300,3,2,1,7,1,19.485784,2.009078,1270,74,1
5310,12,6,2,21,1,19.465617,2.006804,1270,74,1
5320,1,3,2,7,1,19.458066,2.006297,1270,74,1
5330,8,5,0,14,1,19.468486,2.006789,1272,74,1
5340,7,5,1,14,1,19.459876,2.005786,1272,74,1
5350,13,8,0,22,1,19.457652,2.004514,1272,74,1
5360,8,4,4,17,1,19.460184,2.004893,1272,74,1
5370,13,12,3,29,1,19.469190,2.005593,1272,74,1
5380,17,7,3,28,1,19.483459,2.007143,1275,74,1
5390,17,9,6,33,1,19.494487,2.008396,1278,74,1
5400,1,0,0,2,1,19.490136,2.008449,1278,74,1
5410,4,2,0,7,1,19.463696,2.005611,1278,74,1
5420,6,2,2,11,1,19.439392,2.002499,1278,74,1
5430,10,1,5,17,1,19.435049,2.002093,1278,74,1
5440,7,1,3,12,1,19.420263,2.000459,1278,74,1
5450,17,12,5,35,1,19.426701,2.000936,1278,74,1
5460,15,3,3,22,1,19.437291,2.002559,1280,74,1
5470,17,12,3,33,1,19.460928,2.004392,1290,74,1
5480,20,16,2,39,1,19.494117,2.007626,1295,74,1
5490,15,13,3,32,1,19.519989,2.009841,1302,74,1
5500,17,5,7,30,1,19.536420,2.011575,1302,74,1
5510,20,3,1,25,1,19.561458,2.014233,1310,74,1
5520,6,2,1,10,1,19.560163,2.014067,1311,74,1
5530,19,15,9,44,1,19.568558,2.014185,1314,74,1
5540,18,15,5,39,1,19.604589,2.018237,1321,75,1
5550,14,12,3,30,1,19.615437,2.019247,1321,75,1
5560,13,7,6,27,1,19.633961,2.020860,1321,75,1
5570,9,3,1,14,1,19.634932,2.021190,1321,75,1
5580,7,1,1,10,1,19.624599,2.020131,1321,75,1
5590,13,6,3,23,1,19.611996,2.018802,1321,75,1
5600,2,2,2,7,1,19.601320,2.017968,1321,75,1
5610,3,0,2,6,1,19.584692,2.016151,1321,75,1
5620,9,3,1,14,1,19.564564,2.013862,1321,75,1
5630,6,3,2,12,1,19.546393,2.011519,1321,75,1
5640,8,1,4,14,1,19.533187,2.010130,1321,75,1
5650,13,8,1,23,1,19.539055,2.010410,1321,75,1
5660,20,10,5,36,1,19.562524,2.013235,1333,75,1
5670,16,3,4,24,1,19.589512,2.015982,1340,75,1
5680,20,13,6,40,1,19.615273,2.018676,1346,75,1
5690,13,5,3,22,1,19.626942,2.020139,1350,75,1
5700,8,3,1,13,1,19.620504,2.019518,1350,75,1
5710,16,10,1,28,1,19.615636,2.018586,1350,75,1
5720,9,5,3,18,1,19.611281,2.018181,1352,75,1
5730,20,6,2,29,1,19.633786,2.019995,1354,75,1
5740,4,3,4,12,1,19.622949,2.018923,1356,75,1
5750,1,1,0,3,1,19.600118,2.016509,1356,75,1
5760,8,9,1,19,1,19.592182,2.015124,1356,75,1
5770,3,2,1,7,1,19.578068,2.013967,1356,75,1
5780,14,11,2,28,1,19.570604,2.012777,1356,75,1
5790,6,0,0,7,1,19.573286,2.013527,1356,75,1
5800,3,1,2,7,1,19.554247,2.011254,1356,75,1
5810,10,11,3,25,1,19.547039,2.010307,1356,75,1
5820,3,5,1,10,1,19.535855,2.009698,1356,75,1
5830,5,4,1,11,1,19.521287,2.007994,1356,75,1
5840,1,1,0,3,1,19.505932,2.006529,1356,75,1
5850,7,7,2,17,1,19.494331,2.005131,1356,75,1
5860,10,10,5,26,1,19.503342,2.006101,1356,75,1
5870,18,9,2,30,1,19.528141,2.008413,1369,75,1
5880,4,2,0,7,1,19.533483,2.009428,1369,75,1
5890,4,2,2,9,1,19.513308,2.006904,1369,75,1
5900,5,5,3,14,1,19.489563,2.003841,1369,75,1
5910,13,4,9,27,1,19.504733,2.004852,1369,75,1
5920,20,13,4,38,1,19.534873,2.007925,1375,75,1
5930,19,9,7,36,1,19.555172,2.010231,1379,75,1
5940,18,7,2,28,1,19.574824,2.012818,1390,75,1
5950,15,8,6,30,1,19.574966,2.012181,1390,75,1
5960,13,7,2,23,1,19.587139,2.013094,1392,75,1
5970,4,2,0,7,1,19.586921,2.013048,1392,75,1
5980,0,0,0,0,0,19.563320,2.010805,1392,75,1
5990,9,7,5,22,1,19.548816,2.008566,1392,75,1
6000,14,9,5,29,1,19.553791,2.008917,1392,75,1
6010,11,4,0,16,1,19.571776,2.011395,1402,75,1
6020,8,10,2,21,1,19.561794,2.009796,1402,75,1
6030,4,4,1,10,1,19.546835,2.008442,1402,75,1
6040,10,9,1,21,1,19.537123,2.007011,1402,75,1
6050,2,0,0,3,1,19.516856,2.004975,1402,75,1
6060,5,7,5,18,1,19.504273,2.003490,1402,75,1
6070,8,7,1,17,1,19.505000,2.003611,1402,75,1
6080,14,5,3,23,1,19.497221,2.002383,1404,75,1
6090,11,12,0,24,1,19.501355,2.002685,1411,75,1
6100,20,11,5,37,1,19.514878,2.003615,1417,75,1
6110,20,7,4,32,1,19.540840,2.006294,1420,75,1
6120,18,4,6,29,1,19.571007,2.009505,1432,75,1
6130,19,15,5,40,1,19.597707,2.012193,1435,75,1
6140,9,5,0,15,1,19.623537,2.015330,1452,75,1
6150,7,2,3,13,1,19.621078,2.014888,1452,75,1
6160,0,0,0,1,1,19.606215,2.014147,1452,75,1
6170,5,0,2,8,1,19.584647,2.011742,1452,75,1
6180,3,3,3,10,1,19.558603,2.009379,1452,75,1
6190,11,5,0,17,1,19.558418,2.008871,1452,75,1
6200,14,9,7,31,1,19.564672,2.009459,1452,75,1
6210,11,4,2,18,1,19.568363,2.009683,1453,75,1
6220,9,3,3,16,1,19.561407,2.008816,1453,75,1
6230,6,5,4,16,1,19.554679,2.007905,1453,75,1
6240,4,9,6,20,1,19.540694,2.006284,1453,75,1
6250,11,12,4,28,1,19.555695,2.007409,1458,75,1
6260,9,7,5,22,1,19.570726,2.009295,1464,75,1
6270,14,10,5,30,1,19.579698,2.010196,1464,75,1
6280,13,7,5,26,1,19.584342,2.010719,1464,75,1
6290,13,9,4,27,1,19.597339,2.011673,1466,75,1
6300,16,9,1,27,1,19.608739,2.012955,1466,75,1
6310,12,2,1,16,1,19.611985,2.013269,1466,75,1
6320,9,4,3,17,1,19.603410,2.012697,1466,75,1
6330,7,1,2,11,1,19.600101,2.012207,1466,75,1
6340,6,2,2,11,1,19.589981,2.011246,1466,75,1
6350,13,7,1,22,1,19.604140,2.012518,1466,75,1
6360,8,14,1,24,1,19.606042,2.012759,1466,75,1
6370,19,6,4,30,1,19.615322,2.013822,1467,75,1
6380,13,3,4,21,1,19.625815,2.015139,1468,75,1
6390,16,5,1,23,1,19.639784,2.016651,1472,75,1
6400,7,6,3,17,1,19.638537,2.016665,1472,75,1
6410,0,0,0,0,0,19.612976,2.014569,1472,75,1
6420,2,0,0,3,1,19.589625,2.012150,1472,75,1
6430,1,2,2,6,1,19.564431,2.009028,1472,75,1
6440,11,9,1,22,1,19.566989,2.008918,1472,75,1
6450,15,9,2,27,1,19.577995,2.009869,1473,75,1
6460,20,7,16,44,1,19.610627,2.013488,1490,76,1
6470,15,13,7,36,1,19.638032,2.016923,1497,76,1
6480,20,17,8,46,1,19.666129,2.019660,1513,77,1
6490,18,8,0,27,1,19.691501,2.022886,1518,79,1
6500,18,12,8,39,1,19.709656,2.024410,1529,79,1
6510,18,12,3,34,1,19.734692,2.026897,1534,80,1
6520,14,6,1,22,1,19.738510,2.027780,1537,80,1
6530,20,16,5,42,1,19.766995,2.030142,1543,81,1
6540,19,5,8,33,1,19.798169,2.033675,1557,87,1
6550,14,9,9,33,1,19.811661,2.035168,1559,87,1
6560,18,9,6,34,1,19.831309,2.037453,1567,87,1
6570,12,8,6,27,1,19.854327,2.039828,1575,87,1
6580,18,7,7,33,1,19.877591,2.042133,1586,87,1
6590,19,6,3,29,1,19.901341,2.044584,1593,87,1
6600,9,7,3,20,1,19.912370,2.045887,1595,87,1
6610,8,6,5,20,1,19.922958,2.046985,1604,87,1
6620,15,13,1,30,1,19.930997,2.047695,1608,87,1
6630,15,13,8,37,1,19.956441,2.050542,1624,87,1
6640,11,5,2,19,1,19.962558,2.051307,1624,87,1
6650,16,19,6,42,1,19.992171,2.054170,1638,91,1
6660,6,6,7,20,1,20.008747,2.056708,1647,92,1
6670,2,2,1,6,1,19.991949,2.055276,1647,92,1
6680,3,2,0,6,1,19.969552,2.053014,1647,92,1
6690,2,0,0,3,1,19.947968,2.051181,1647,92,1
6700,7,3,3,14,1,19.930993,2.049066,1647,92,1
6710,6,3,2,12,1,19.912065,2.047129,1647,92,1
6720,9,5,2,17,1,19.909533,2.046501,1647,92,1
6730,4,6,2,13,1,19.894516,2.045123,1647,92,1
6740,10,10,4,25,1,19.895480,2.044607,1647,92,1
6750,16,3,0,20,1,19.892313,2.044540,1647,92,1
6760,4,1,0,6,1,19.882626,2.043616,1647,92,1
6770,11,9,2,23,1,19.881262,2.043391,1647,92,1
6780,17,6,8,32,1,19.892369,2.044418,1652,92,1
6790,9,5,2,17,1,19.898963,2.045074,1659,92,1
6800,12,5,3,21,1,19.893977,2.044478,1659,92,1
6810,7,4,3,15,1,19.885564,2.043716,1659,92,1
6820,14,9,3,27,1,19.885615,2.043453,1659,92,1
6830,20,8,8,37,1,19.900096,2.044920,1660,92,1
6840,9,7,1,18,1,19.914204,2.046134,1661,92,1
6850,12,9,3,25,1,19.907855,2.045154,1661,92,1
6860,11,3,5,20,1,19.916398,2.045889,1661,92,1
6870,13,5,5,24,1,19.915505,2.045563,1661,92,1
6880,9,4,0,14,1,19.913758,2.045425,1661,92,1
6890,18,15,6,40,1,19.918924,2.045143,1661,92,1
6900,17,7,4,29,1,19.944701,2.048015,1683,92,1
6910,11,7,3,22,1,19.955382,2.049093,1688,92,1
6920,18,7,7,33,1,19.959552,2.049016,1694,92,1
6930,18,10,3,32,1,19.973076,2.050417,1699,92,1
6940,11,11,7,30,1,19.993603,2.052233,1707,92,1
6950,17,16,7,41,1,20.014832,2.054183,1709,92,1
6960,19,16,5,41,1,20.044501,2.057514,1727,92,1
6970,14,15,6,36,1,20.073069,2.060550,1746,93,1
6980,18,13,9,41,1,20.089503,2.061886,1749,93,1
6990,20,16,2,39,1,20.111553,2.064132,1753,93,1
7000,20,19,4,44,1,20.143322,2.067405,1771,98,1
7010,9,3,1,14,1,20.153839,2.068710,1774,98,1
7020,12,9,2,24,1,20.154211,2.068398,1775,98,1
7030,7,3,2,13,1,20.153960,2.068476,1775,98,1
7040,1,0,3,5,1,20.137724,2.066913,1775,98,1
7050,9,2,4,16,1,20.129366,2.065737,1775,98,1
7060,9,2,2,14,1,20.132728,2.066306,1779,98,1
7070,12,11,3,27,1,20.132227,2.066358,1779,98,1
7080,12,4,2,19,1,20.141968,2.067700,1782,98,1
7090,10,2,1,14,1,20.139972,2.067957,1782,98,1
7100,1,0,1,3,1,20.123586,2.066375,1782,98,1
7110,5,2,1,9,1,20.108971,2.064886,1782,98,1
7120,7,10,3,21,1,20.097210,2.063214,1782,98,1
7130,8,4,0,13,1,20.095791,2.062783,1782,98,1
7140,8,7,3,19,1,20.091727,2.062260,1782,98,1
7150,13,8,3,25,1,20.093519,2.062457,1782,98,1
7160,5,6,0,12,1,20.098137,2.062854,1782,98,1
7170,4,3,1,9,1,20.083689,2.061355,1782,98,1
7180,0,0,0,1,1,20.059263,2.058831,1782,98,1
7190,2,7,2,12,1,20.046063,2.057254,1782,98,1
7200,14,12,4,31,1,20.051732,2.057467,1782,98,1
7210,15,7,1,24,1,20.057957,2.057973,1784,98,1
7220,14,7,1,23,1,20.066465,2.058625,1784,98,1
7230,15,7,0,23,1,20.071741,2.059151,1785,98,1
7240,15,20,8,44,1,20.098123,2.061872,1806,99,1
7250,17,7,6,31,1,20.117803,2.063700,1808,101,1
7260,4,3,2,10,1,20.118828,2.064082,1810,101,1
7270,12,9,4,26,1,20.113085,2.063011,1810,101,1
7280,11,6,8,26,1,20.126417,2.064248,1822,101,1
7290,14,14,5,34,1,20.151404,2.067145,1844,101,1
7300,3,2,1,7,1,20.151390,2.067332,1844,101,1
7310,6,7,0,14,1,20.134330,2.065364,1844,101,1
7320,5,4,1,11,1,20.112372,2.062952,1844,101,1
7330,13,9,4,27,1,20.100855,2.061496,1844,101,1
7340,7,8,0,16,1,20.106009,2.062385,1844,101,1
7350,0,0,0,0,0,20.090517,2.061069,1844,101,1
7360,2,9,2,14,1,20.070482,2.059257,1844,101,1
7370,10,5,1,17,1,20.070173,2.059181,1844,101,1
7380,2,0,1,4,1,20.059183,2.058296,1844,101,1
7390,0,2,2,5,1,20.038912,2.056115,1844,101,1
7400,0,5,3,9,1,20.015755,2.053866,1844,101,1
7410,3,3,5,12,1,19.996265,2.051993,1844,101,1
7420,5,4,1,11,1,19.976988,2.049885,1844,101,1
7430,5,0,2,8,1,19.957754,2.048122,1844,101,1
7440,7,7,0,15,1,19.943717,2.046949,1844,101,1
7450,1,1,0,3,1,19.929833,2.045620,1844,101,1
7460,1,0,0,2,1,19.910626,2.043633,1844,101,1
7470,1,0,0,2,1,19.889440,2.041274,1844,101,1
7480,20,12,1,34,1,19.886560,2.041018,1844,101,1
7490,2,0,1,4,1,19.880386,2.040649,1845,101,1
7500,10,7,2,20,1,19.865860,2.038807,1845,101,1
7510,5,2,2,10,1,19.848295,2.037462,1845,101,1
7520,0,0,0,1,1,19.833362,2.035885,1845,101,1
7530,1,0,1,3,1,19.814223,2.034154,1845,101,1
7540,5,3,1,10,1,19.803310,2.032740,1845,101,1
7550,6,1,1,9,1,19.792383,2.031658,1845,101,1
7560,15,11,2,29,1,19.799541,2.032211,1848,101,1
7570,19,10,9,39,1,19.816260,2.033994,1848,101,1
7580,18,12,7,38,1,19.846039,2.037311,1861,101,1
7590,5,6,4,16,1,19.859591,2.039017,1866,101,1
7600,9,2,5,17,1,19.859050,2.038862,1866,101,1
7610,12,9,3,25,1,19.856444,2.038220,1866,101,1
7620,14,11,2,28,1,19.868700,2.039133,1867,101,1
7630,19,7,2,29,1,19.880875,2.040147,1870,101,1
7640,12,6,0,19,1,19.897728,2.042081,1876,102,1
7650,8,3,0,12,1,19.899735,2.042518,1876,102,1
7660,0,1,1,3,1,19.881772,2.040823,1876,102,1
7670,3,3,2,9,1,19.865171,2.038994,1876,102,1
7680,9,6,3,19,1,19.859233,2.038314,1876,102,1
7690,18,13,3,35,1,19.878210,2.040138,1887,102,1
7700,17,7,5,30,1,19.897585,2.042492,1896,102,1
7710,5,5,4,15,1,19.897555,2.042473,1896,102,1
7720,12,2,1,16,1,19.891565,2.041815,1896,102,1
7730,14,11,0,26,1,19.894420,2.042120,1896,102,1
7740,13,7,4,25,1,19.896259,2.042645,1896,102,1
7750,5,2,1,9,1,19.890379,2.042431,1896,102,1
7760,5,2,0,8,1,19.870514,2.040591,1896,102,1
7770,5,5,0,11,1,19.859077,2.039264,1896,102,1
7780,10,4,4,19,1,19.846449,2.037628,1896,102,1
7790,7,4,5,17,1,19.844242,2.037386,1896,102,1
7800,7,7,1,16,1,19.843844,2.037597,1896,102,1
7810,5,0,0,6,1,19.832320,2.036799,1896,102,1
7820,4,0,3,8,1,19.815434,2.035235,1896,102,1
7830,7,5,0,13,1,19.800985,2.033521,1896,102,1
7840,12,8,1,22,1,19.799910,2.033181,1896,102,1
7850,0,0,0,0,0,19.794730,2.032765,1897,102,1
7860,9,6,5,21,1,19.782750,2.031173,1897,102,1
7870,16,9,2,28,1,19.794062,2.032292,1901,102,1
7880,11,0,2,14,1,19.791357,2.032396,1901,102,1
7890,7,3,2,13,1,19.788483,2.031793,1901,102,1
7900,10,5,1,17,1,19.780492,2.030931,1901,102,1
7910,6,3,4,14,1,19.763032,2.029201,1901,102,1
7920,0,0,0,0,0,19.746262,2.027621,1901,102,1
7930,0,0,0,0,0,19.733043,2.026247,1901,102,1
7940,0,0,1,2,1,19.715060,2.024280,1901,102,1
7950,1,1,0,3,1,19.693838,2.022242,1901,102,1
7960,1,6,1,9,1,19.675615,2.020198,1901,102,1
7970,0,1,0,2,1,19.657693,2.018707,1901,102,1
7980,0,0,0,0,0,19.638746,2.016641,1901,102,1
7990,0,0,2,3,1,19.617694,2.014593,1901,102,1
8000,6,4,2,13,1,19.610405,2.013854,1901,102,1
8010,20,14,5,40,1,19.619538,2.014724,1902,102,1
8020,15,15,2,33,1,19.636512,2.016709,1913,102,1
8030,2,2,2,7,1,19.636901,2.017042,1913,102,1
8040,5,3,2,11,1,19.619553,2.015012,1913,102,1
8050,0,0,0,0,0,19.601256,2.013425,1913,102,1
8060,0,0,4,5,1,19.580162,2.011626,1913,102,1
8070,0,0,0,0,0,19.562179,2.009685,1913,102,1
8080,8,4,0,13,1,19.550884,2.008457,1913,102,1
8090,12,10,6,29,1,19.551054,2.008228,1913,102,1
8100,13,13,2,29,1,19.561886,2.009120,1918,102,1
8110,0,0,0,1,1,19.560822,2.009351,1918,102,1
8120,0,0,0,0,0,19.545656,2.007523,1918,102,1
8130,5,0,1,7,1,19.527474,2.005968,1918,102,1
8140,9,5,4,19,1,19.521561,2.004990,1918,102,1
8150,12,11,2,26,1,19.526860,2.005493,1918,102,1
8160,6,6,0,13,1,19.528530,2.005775,1918,102,1
8170,1,0,0,2,1,19.515087,2.004756,1918,102,1
8180,4,6,1,12,1,19.500721,2.003264,1918,102,1
8190,12,12,3,28,1,19.499343,2.003206,1918,102,1
8200,20,9,8,38,1,19.509730,2.004182,1924,102,1
8210,20,16,9,46,1,19.531792,2.006507,1931,102,1
8220,18,14,8,41,1,19.561608,2.010131,1947,108,1
8230,16,12,1,30,1,19.577556,2.012004,1954,108,1
8240,2,2,1,6,1,19.573622,2.011632,1954,108,1
8250,2,2,1,6,1,19.560794,2.010146,1954,108,1
8260,5,3,3,12,1,19.553501,2.009280,1954,108,1
8270,4,2,2,9,1,19.542384,2.008020,1954,108,1
8280,0,0,0,0,0,19.522524,2.006262,1954,108,1
8290,2,0,0,3,1,19.507979,2.004725,1954,108,1
8300,2,2,4,9,1,19.490756,2.002715,1954,108,1
8310,3,1,1,6,1,19.489175,2.002337,1954,108,1
8320,9,2,1,13,1,19.477190,2.000892,1954,108,1
8330,17,4,3,25,1,19.482306,2.001500,1955,108,1
8340,18,19,13,51,1,19.501435,2.003177,1962,109,1
8350,20,20,5,46,1,19.523081,2.005533,1968,110,1
8360,5,4,2,12,1,19.540188,2.007570,1975,112,1
8370,0,1,0,2,1,19.522389,2.006291,1975,112,1
8380,20,4,5,30,1,19.524443,2.005993,1984,112,1
8390,20,15,9,45,1,19.538939,2.007589,1992,112,1
8400,16,6,9,32,1,19.560476,2.010351,2003,112,1
8410,15,8,8,32,1,19.574726,2.011848,2004,112,1
8420,14,10,1,26,1,19.596280,2.014095,2014,116,1
8430,12,7,5,25,1,19.603956,2.015014,2015,116,1
8440,11,15,3,30,1,19.620966,2.016917,2027,116,1
8450,16,9,1,27,1,19.627448,2.017565,2027,116,1
8460,19,9,4,33,1,19.639824,2.018697,2027,116,1
8470,14,8,9,32,1,19.662378,2.021268,2045,119,1
8480,16,1,3,21,1,19.667930,2.022066,2045,119,1
8490,9,11,6,27,1,19.674027,2.022773,2045,119,1
8500,15,5,4,25,1,19.678329,2.023197,2045,119,1
8510,13,2,7,23,1,19.686416,2.023791,2045,119,1
8520,11,5,3,20,1,19.693305,2.024725,2045,119,1
8530,4,1,2,8,1,19.682076,2.023553,2045,119,1
8540,5,1,5,12,1,19.674372,2.022426,2045,119,1
8550,7,3,2,13,1,19.673579,2.022303,2045,119,1
8560,1,5,4,11,1,19.663484,2.021151,2045,119,1
8570,2,0,0,3,1,19.651083,2.020295,2045,119,1
8580,0,0,1,2,1,19.632218,2.018652,2045,119,1
8590,0,0,2,3,1,19.618426,2.017579,2045,119,1
8600,10,5,0,16,1,19.612041,2.016903,2045,119,1
8610,10,1,0,12,1,19.608486,2.016399,2045,119,1
8620,9,6,0,16,1,19.597768,2.015207,2045,119,1
8630,7,2,1,11,1,19.592412,2.014878,2045,119,1
8640,5,7,1,14,1,19.585043,2.014150,2045,119,1
8650,0,0,1,2,1,19.569865,2.012834,2045,119,1
8660,4,3,2,10,1,19.555753,2.010958,2045,119,1
8670,0,1,0,2,1,19.536351,2.009207,2045,119,1
8680,4,2,0,7,1,19.521071,2.007689,2045,119,1
8690,0,2,1,4,1,19.502729,2.005998,2045,119,1
8700,7,6,4,18,1,19.487833,2.004518,2045,119,1
8710,6,6,1,14,1,19.484230,2.004318,2045,119,1
8720,12,0,0,13,1,19.481215,2.003919,2046,119,1
8730,4,1,1,7,1,19.468586,2.002672,2046,119,1
8740,2,1,1,5,1,19.451926,2.001034,2046,119,1
8750,14,10,2,27,1,19.449225,2.000126,2050,119,1
8760,15,3,4,23,1,19.456797,2.000793,2051,119,1
8770,16,10,7,34,1,19.473678,2.002746,2066,119,1
8780,18,7,3,29,1,19.486260,2.004139,2067,119,1
8790,16,11,2,30,1,19.504057,2.005905,2079,119,1
8800,17,3,2,23,1,19.514275,2.007196,2085,119,1
8810,5,6,1,13,1,19.510386,2.006801,2085,119,1
8820,3,1,4,9,1,19.500445,2.005620,2085,119,1
8830,20,6,2,29,1,19.499908,2.005336,2086,119,1
8840,13,3,2,19,1,19.499301,2.005396,2089,119,1
8850,13,4,4,22,1,19.495167,2.005070,2090,119,1
8860,4,5,0,10,1,19.493381,2.004868,2090,119,1
8870,0,0,1,2,1,19.480923,2.003824,2090,119,1
8880,6,3,2,12,1,19.463996,2.002204,2090,119,1
8890,13,1,3,18,1,19.453220,2.000916,2090,119,1
8900,11,5,4,21,1,19.453308,2.001138,2090,119,1
8910,18,14,1,34,1,19.460913,2.001879,2094,119,1
8920,9,5,5,20,1,19.473985,2.003436,2102,119,1
8930,13,8,4,26,1,19.474333,2.003546,2102,119,1
8940,8,2,1,12,1,19.477992,2.004089,2102,119,1
8950,1,2,4,8,1,19.462972,2.002640,2102,119,1
8960,3,1,3,8,1,19.452004,2.001630,2102,119,1
8970,5,3,0,9,1,19.440380,2.000691,2102,119,1
8980,3,0,1,5,1,19.426283,1.999473,2102,119,1
8990,10,4,2,17,1,19.411623,1.997853,2102,119,1
9000,6,2,0,9,1,19.407975,1.997459,2102,119,1
9010,1,0,1,3,1,19.399402,1.996443,2102,119,1
9020,3,1,0,5,1,19.381970,1.994653,2102,119,1
9030,1,0,0,2,1,19.363393,1.992745,2102,119,1
9040,6,13,2,22,1,19.356564,1.991797,2102,119,1
9050,18,2,0,21,1,19.360136,1.992237,2104,119,1
9060,1,0,0,2,1,19.350062,1.991566,2104,119,1
9070,0,0,0,0,0,19.332453,1.989576,2104,119,1
9080,1,4,0,6,1,19.315210,1.987828,2104,119,1
9090,8,5,3,17,1,19.307338,1.986909,2104,119,1
9100,11,6,3,21,1,19.305402,1.986557,2104,119,1
9110,19,2,3,25,1,19.318520,1.987843,2113,119,1
9120,8,5,7,21,1,19.325135,1.988618,2114,119,1
9130,14,12,5,32,1,19.328631,1.988914,2118,119,1
9140,3,0,0,4,1,19.328997,1.989113,2118,119,1
9150,11,4,1,17,1,19.314477,1.987488,2118,119,1
9160,12,5,6,24,1,19.314980,1.987120,2118,119,1
9170,12,11,6,30,1,19.322976,1.987925,2118,119,1
9180,18,12,3,34,1,19.336844,1.989022,2126,119,1
9190,13,8,1,23,1,19.355589,1.991200,2126,119,1
9200,3,2,3,9,1,19.355483,1.991060,2126,119,1
9210,8,4,0,13,1,19.351000,1.990515,2126,119,1
9220,12,5,6,24,1,19.350865,1.990217,2128,119,1
9230,16,4,3,24,1,19.358540,1.991100,2128,119,1
9240,20,13,4,38,1,19.366902,1.991566,2128,119,1
9250,19,11,3,34,1,19.385517,1.993929,2136,119,1
9260,19,12,7,39,1,19.402546,1.995774,2148,119,1
9270,18,12,14,45,1,19.423655,1.997950,2157,119,1
9280,12,11,6,30,1,19.445865,2.000484,2168,119,1
9290,17,4,7,29,1,19.453529,2.001055,2173,119,1
9300,2,1,0,4,1,19.454943,2.001338,2174,119,1
9310,2,2,0,5,1,19.436317,1.999692,2174,119,1
9320,4,1,1,7,1,19.419312,1.997947,2174,119,1
9330,20,9,18,48,1,19.425536,1.998040,2180,119,1
9340,17,15,4,37,1,19.441028,1.999771,2181,119,1
9350,19,9,2,31,1,19.465222,2.002529,2199,124,1
9360,5,4,3,13,1,19.477451,2.004100,2204,124,1
9370,10,4,4,19,1,19.472819,2.003561,2204,124,1
9380,7,7,6,21,1,19.478774,2.003914,2204,124,1
9390,6,3,3,13,1,19.476397,2.004223,2204,124,1
9400,11,4,4,20,1,19.471680,2.003522,2204,124,1
9410,17,10,5,33,1,19.477223,2.003812,2205,124,1
9420,15,15,10,41,1,19.490356,2.005124,2207,124,1
9430,15,17,5,38,1,19.510014,2.007151,2227,126,1
9440,20,8,4,33,1,19.530216,2.009387,2238,127,1
9450,19,6,4,30,1,19.539899,2.010606,2249,127,1
9460,16,12,0,29,1,19.548157,2.011372,2252,127,1
9470,10,4,5,20,1,19.552958,2.011848,2252,127,1
9480,2,4,1,8,1,19.542478,2.010949,2252,127,1
9490,14,9,4,28,1,19.539788,2.010306,2252,127,1
9500,11,11,11,34,1,19.549885,2.011196,2252,127,1
9510,18,8,3,30,1,19.562970,2.012503,2258,127,1
9520,17,14,0,32,1,19.569910,2.013200,2265,127,1
9530,5,3,2,11,1,19.578364,2.014357,2274,127,1
9540,5,3,3,12,1,19.564977,2.012897,2274,127,1
9550,1,1,0,3,1,19.552017,2.011871,2274,127,1
9560,16,4,3,24,1,19.544015,2.010814,2274,127,1
9570,11,8,2,22,1,19.544609,2.011074,2274,127,1
9580,9,11,4,25,1,19.546624,2.011134,2274,127,1
9590,13,2,3,19,1,19.550234,2.011423,2276,127,1
9600,6,2,0,9,1,19.549056,2.011435,2276,127,1
9610,14,11,5,31,1,19.548543,2.011064,2276,127,1
9620,12,8,1,22,1,19.556674,2.011904,2282,127,1
9630,0,0,0,0,0,19.545452,2.011012,2282,127,1
9640,17,2,2,22,1,19.540903,2.010184,2284,127,1
9650,16,4,4,25,1,19.553223,2.011262,2290,127,1
9660,7,4,1,13,1,19.556725,2.011756,2290,127,1
9670,11,8,7,27,1,19.552841,2.010912,2290,127,1
9680,19,8,1,29,1,19.565807,2.012250,2295,127,1
9690,20,7,9,37,1,19.578168,2.013420,2310,127,1
9700,18,6,6,31,1,19.589719,2.014848,2317,127,1
9710,13,6,3,23,1,19.600011,2.015740,2318,127,1
9720,19,5,5,30,1,19.609057,2.016868,2328,127,1
9730,20,15,5,41,1,19.624151,2.018425,2332,130,1
9740,19,7,0,27,1,19.638902,2.019968,2341,130,1
9750,20,2,5,28,1,19.642929,2.020345,2342,130,1
9760,18,4,7,30,1,19.650566,2.021454,2350,130,1
9770,16,0,3,20,1,19.657662,2.022253,2353,130,1
9780,13,0,6,20,1,19.662296,2.022670,2353,130,1
9790,3,3,0,7,1,19.655821,2.022072,2353,130,1
9800,16,7,6,30,1,19.649761,2.021220,2353,130,1
9810,0,0,0,0,0,19.642616,2.020849,2355,130,1
9820,0,1,4,6,1,19.631056,2.019559,2355,130,1
9830,9,1,5,16,1,19.618930,2.018062,2355,130,1
9840,4,1,3,9,1,19.608166,2.017044,2355,130,1
9850,5,5,3,14,1,19.596527,2.015725,2355,130,1
9860,18,7,7,33,1,19.601681,2.015860,2356,130,1
9870,20,10,8,39,1,19.616323,2.017539,2365,130,1
9880,6,6,0,13,1,19.620384,2.018087,2367,130,1
9890,12,6,2,21,1,19.609037,2.016841,2367,130,1
9900,11,11,2,25,1,19.608993,2.016988,2367,130,1
9910,12,19,1,33,1,19.615377,2.017733,2367,130,1
9920,3,3,3,10,1,19.619046,2.018240,2376,130,1
9930,2,3,3,9,1,19.604901,2.016769,2376,130,1
9940,17,2,2,22,1,19.596412,2.015733,2376,130,1
9950,4,0,0,5,1,19.586669,2.014985,2376,130,1
9960,14,3,4,22,1,19.583016,2.014343,2376,130,1
9970,14,9,5,29,1,19.592326,2.015264,2381,130,1
9980,16,6,3,26,1,19.602704,2.016273,2388,130,1
9990,17,8,1,27,1,19.606429,2.016620,2389,130,1
10000,3,2,0,6,1,19.600939,2.016350,2390,130,1
10010,0,1,0,2,1,19.586575,2.014504,2390,130,1
10020,3,3,1,8,1,19.570202,2.013032,2390,130,1
10030,0,0,0,0,0,19.555548,2.011529,2390,130,1
10040,4,3,2,10,1,19.540840,2.010082,2390,130,1
10050,5,2,2,10,1,19.534457,2.009306,2390,130,1
10060,4,2,0,7,1,19.520520,2.008001,2390,130,1
10070,1,4,3,9,1,19.511029,2.006885,2390,130,1
10080,13,13,3,30,1,19.504670,2.006215,2390,130,1
10090,13,6,5,25,1,19.513301,2.007210,2394,130,1
10100,20,4,4,29,1,19.522087,2.008097,2399,130,1
10110,12,4,3,20,1,19.532029,2.009206,2409,130,1
10120,19,13,3,36,1,19.541892,2.010123,2416,130,1
10130,18,12,6,37,1,19.556646,2.011706,2424,130,1
10140,11,7,7,26,1,19.570370,2.013122,2425,131,1
10150,19,2,4,26,1,19.575650,2.013813,2426,131,1
10160,0,3,1,5,1,19.564257,2.012808,2426,131,1
10170,5,1,0,7,1,19.547521,2.011070,2426,131,1
10180,7,5,3,16,1,19.541198,2.010403,2426,131,1
10190,0,0,0,0,0,19.526716,2.008816,2426,131,1
10200,5,2,2,10,1,19.511863,2.007069,2426,131,1
10210,2,2,0,5,1,19.495081,2.005671,2426,131,1
10220,0,0,1,2,1,19.478440,2.004043,2426,131,1
10230,18,10,0,29,1,19.477847,2.003765,2426,131,1
10240,17,11,3,32,1,19.486265,2.004877,2427,131,1
10250,10,3,1,15,1,19.485484,2.004760,2427,131,1
10260,9,1,0,11,1,19.484488,2.004621,2427,131,1
10270,0,0,0,0,0,19.471003,2.003378,2427,131,1
10280,5,7,0,13,1,19.460500,2.002261,2427,131,1
10290,3,1,4,9,1,19.450565,2.001323,2427,131,1
10300,6,1,2,10,1,19.438298,1.999865,2427,131,1
10310,19,7,4,31,1,19.438539,1.999515,2427,131,1
10320,4,4,1,10,1,19.429228,1.998621,2428,131,1
10330,1,0,1,3,1,19.414371,1.996818,2428,131,1
10340,3,1,0,5,1,19.403356,1.995611,2428,131,1
10350,1,0,1,3,1,19.386600,1.993951,2428,131,1
10360,0,1,0,2,1,19.370412,1.992271,2428,131,1
10370,12,8,2,23,1,19.359992,1.991026,2428,131,1
10380,11,5,3,20,1,19.360787,1.990994,2428,131,1
10390,18,5,4,28,1,19.370599,1.992106,2440,131,1
10400,20,10,8,39,1,19.383851,1.993651,2448,131,1
10410,7,12,0,20,1,19.399243,1.995574,2455,135,1
10420,20,11,10,42,1,19.400614,1.995581,2458,135,1
10430,18,11,14,44,1,19.423897,1.998217,2479,135,1
10440,19,12,4,36,1,19.439668,2.000060,2485,135,1
10450,12,5,2,20,1,19.446178,2.000793,2485,135,1
10460,20,12,4,37,1,19.448398,2.000435,2486,135,1
10470,20,10,4,35,1,19.466752,2.002367,2500,135,1
10480,20,9,4,34,1,19.478355,2.003427,2504,135,1
10490,15,12,5,33,1,19.493392,2.004899,2514,135,1
10500,14,5,2,22,1,19.506084,2.006170,2521,135,1
10510,7,3,4,15,1,19.509814,2.006676,2521,135,1
10520,0,2,1,4,1,19.496837,2.005404,2521,135,1
10530,8,5,0,14,1,19.483329,2.003902,2521,135,1
10540,15,5,1,22,1,19.483833,2.003997,2521,135,1
10550,10,5,3,19,1,19.480524,2.003466,2521,135,1
10560,17,9,7,34,1,19.484680,2.003644,2521,135,1
10570,10,14,3,28,1,19.491768,2.004261,2532,135,1
10580,9,8,6,24,1,19.494717,2.004608,2532,135,1
10590,14,6,9,30,1,19.502651,2.005331,2532,135,1
10600,11,8,0,20,1,19.508927,2.006079,2535,135,1
10610,7,4,4,16,1,19.511064,2.006362,2535,135,1
10620,10,9,4,24,1,19.510020,2.005929,2535,135,1
10630,18,11,1,31,1,19.510977,2.005722,2535,135,1
10640,6,6,0,13,1,19.513269,2.005982,2535,135,1
10650,6,4,3,14,1,19.503545,2.004911,2535,135,1
10660,3,1,1,6,1,19.495343,2.004189,2535,135,1
10670,2,1,1,5,1,19.479809,2.002636,2535,135,1
10680,10,4,5,20,1,19.467321,2.001357,2535,135,1
10690,18,5,0,24,1,19.467971,2.001391,2536,135,1
10700,3,2,0,6,1,19.462879,2.000680,2536,135,1
10710,8,2,1,12,1,19.456476,1.999989,2536,135,1
10720,0,0,0,1,1,19.442634,1.998917,2536,135,1
10730,0,0,1,2,1,19.429840,1.997606,2536,135,1
10740,4,2,1,8,1,19.414666,1.996204,2536,135,1
10750,2,7,7,17,1,19.404505,1.995107,2536,135,1
10760,16,7,3,27,1,19.406076,1.995312,2536,135,1
10770,20,8,10,39,1,19.411518,1.995800,2539,135,1
10780,19,13,5,38,1,19.436600,1.998593,2562,137,1
10790,19,7,8,35,1,19.455474,2.000825,2570,139,1
10800,14,7,3,25,1,19.462733,2.001576,2570,139,1
10810,9,3,0,13,1,19.471844,2.002575,2573,139,1
10820,20,8,0,29,1,19.472540,2.002327,2576,139,1
10830,13,8,1,23,1,19.476004,2.002764,2580,139,1
10840,2,2,0,5,1,19.466710,2.002041,2580,139,1
10850,7,0,1,9,1,19.455984,2.001151,2580,139,1
10860,1,1,1,4,1,19.450318,2.000326,2580,139,1
10870,8,4,4,17,1,19.446753,1.999453,2580,139,1
10880,0,1,0,2,1,19.434234,1.998190,2580,139,1
10890,5,7,9,22,1,19.424403,1.997014,2580,139,1
10900,18,15,2,36,1,19.427271,1.997164,2585,139,1
10910,17,10,5,33,1,19.436349,1.998121,2592,139,1
10920,15,10,10,36,1,19.442529,1.998855,2597,139,1
10930,16,16,0,33,1,19.458750,2.000697,2608,139,1
10940,18,17,3,39,1,19.474881,2.002248,2617,139,1
10950,20,4,5,30,1,19.486669,2.003371,2628,142,1
10960,9,7,9,26,1,19.494702,2.004089,2631,142,1
10970,16,7,5,29,1,19.501347,2.004758,2631,142,1
10980,20,12,5,38,1,19.511774,2.005760,2635,142,1
10990,18,5,2,26,1,19.520250,2.006956,2635,142,1
11000,16,7,4,28,1,19.526471,2.007676,2635,142,1
11010,13,13,3,30,1,19.530539,2.007949,2635,142,1
11020,13,4,2,20,1,19.537237,2.008774,2638,142,1
11030,16,14,1,32,1,19.540644,2.008979,2638,142,1
11040,14,7,1,23,1,19.543895,2.009356,2638,142,1
11050,11,2,1,15,1,19.541285,2.008887,2638,142,1
11060,1,1,0,3,1,19.535959,2.008382,2638,142,1
11070,11,6,6,24,1,19.526400,2.007031,2638,142,1
11080,16,5,7,29,1,19.535535,2.007957,2644,142,1
11090,20,20,6,47,1,19.549717,2.009159,2653,142,1
11100,18,7,6,32,1,19.563795,2.010984,2667,145,1
11110,19,8,6,34,1,19.578936,2.012453,2674,146,1
11120,16,13,0,30,1,19.589349,2.013491,2678,146,1
11130,14,6,4,25,1,19.592767,2.013848,2679,146,1
11140,2,1,0,4,1,19.588367,2.013587,2679,146,1
11150,6,10,3,20,1,19.582088,2.012854,2679,146,1
11160,20,9,9,39,1,19.596215,2.014255,2683,148,1
11170,6,7,5,19,1,19.603065,2.015132,2689,148,1
11180,13,5,3,22,1,19.598818,2.014682,2689,148,1
11190,14,7,0,22,1,19.598341,2.014453,2689,148,1
11200,14,3,3,21,1,19.602486,2.014847,2689,148,1
11210,4,1,1,7,1,19.596435,2.014619,2689,148,1
11220,18,14,4,37,1,19.597873,2.014568,2689,148,1
11230,13,3,5,22,1,19.603328,2.015374,2693,148,1
11240,15,3,4,23,1,19.609204,2.015688,2701,148,1
11250,15,12,1,29,1,19.614492,2.016034,2702,148,1
11260,20,14,3,38,1,19.626612,2.017212,2714,148,1
11270,19,12,8,40,1,19.645479,2.019212,2723,148,1
11280,20,9,2,32,1,19.658317,2.020555,2728,148,1
11290,14,1,0,16,1,19.665043,2.021878,2738,148,1
11300,1,2,0,4,1,19.662236,2.021355,2738,148,1
11310,1,0,3,5,1,19.656200,2.020556,2738,148,1
11320,9,5,3,18,1,19.644566,2.019108,2738,148,1
11330,20,5,0,26,1,19.646247,2.019433,2741,148,1
11340,10,6,1,18,1,19.648190,2.019656,2750,148,1
11350,17,7,0,25,1,19.656624,2.020437,2751,148,1
11360,15,6,3,25,1,19.663759,2.021157,2753,148,1
11370,10,7,5,23,1,19.668413,2.021220,2754,148,1
11380,17,13,4,35,1,19.682348,2.022476,2755,148,1
11390,0,0,0,1,1,19.680878,2.022567,2757,148,1
11400,16,5,4,26,1,19.677041,2.021960,2757,148,1
11410,7,2,0,10,1,19.671093,2.021391,2757,148,1
11420,6,5,0,12,1,19.660987,2.020122,2757,148,1
11430,19,1,2,23,1,19.655010,2.019314,2757,148,1
11440,5,0,2,8,1,19.654538,2.019562,2757,148,1
11450,4,1,0,6,1,19.643322,2.018288,2757,148,1
11460,1,2,1,5,1,19.629361,2.016914,2757,148,1
11470,13,6,3,23,1,19.629115,2.016479,2757,148,1
11480,9,7,3,20,1,19.634479,2.017271,2763,148,1
11490,13,20,5,39,1,19.639570,2.017493,2763,149,1
11500,13,11,9,34,1,19.652587,2.018747,2772,153,1
11510,6,4,2,13,1,19.652554,2.018696,2772,153,1
11520,7,9,7,24,1,19.645544,2.018018,2772,153,1
11530,10,3,6,20,1,19.652656,2.019007,2784,153,1
11540,19,5,7,32,1,19.657768,2.019304,2785,153,1
11550,9,7,8,25,1,19.663511,2.019936,2791,153,1
11560,5,4,2,12,1,19.664588,2.020071,2791,153,1
11570,0,0,0,0,0,19.657213,2.019373,2791,153,1
11580,7,3,1,12,1,19.643241,2.017980,2791,153,1
11590,12,9,0,22,1,19.640773,2.017697,2791,153,1
11600,1,2,2,6,1,19.640716,2.017929,2791,153,1
11610,3,1,0,5,1,19.629498,2.016783,2791,153,1
11620,17,1,0,19,1,19.623435,2.015756,2791,153,1
11630,20,11,2,34,1,19.627694,2.016182,2797,153,1
11640,20,10,4,35,1,19.638414,2.017556,2808,153,1
11650,19,15,6,41,1,19.653770,2.019229,2821,153,1
11660,3,2,2,8,1,19.652629,2.019651,2821,153,1
11670,12,4,7,24,1,19.646626,2.018898,2821,153,1
11680,1,2,0,4,1,19.648773,2.019266,2826,153,1
11690,14,7,8,30,1,19.646233,2.018940,2826,153,1
11700,19,13,5,38,1,19.660719,2.020522,2839,153,1
11710,20,2,9,32,1,19.668270,2.021162,2839,153,1
11720,1,5,2,9,1,19.665013,2.020957,2840,153,1
11730,6,1,0,8,1,19.656566,2.020200,2840,153,1
11740,7,5,2,15,1,19.646074,2.019039,2840,153,1
11750,20,7,6,34,1,19.654674,2.019734,2844,153,1
11760,17,8,7,33,1,19.670180,2.021350,2858,153,1
11770,17,13,8,39,1,19.684972,2.022858,2863,153,1
11780,11,9,4,25,1,19.697979,2.024395,2867,153,1
11790,15,6,4,26,1,19.699873,2.024595,2869,153,1
11800,20,13,11,45,1,19.716166,2.026063,2878,153,1
11810,20,14,11,46,1,19.733029,2.027713,2898,153,1
11820,17,7,11,36,1,19.748485,2.029466,2908,154,1
11830,8,7,2,18,1,19.756905,2.030371,2910,154,1
11840,9,6,1,17,1,19.757960,2.030556,2910,154,1
11850,0,0,0,0,0,19.752054,2.030042,2910,154,1
11860,0,1,0,2,1,19.741044,2.028881,2910,154,1
11870,5,0,3,9,1,19.731363,2.027698,2910,154,1
11880,18,10,3,32,1,19.729905,2.027361,2910,154,1
11890,4,3,1,9,1,19.724285,2.026876,2910,154,1
11900,2,1,1,5,1,19.711385,2.025661,2910,154,1
11910,9,1,4,15,1,19.702973,2.024645,2910,154,1
11920,14,10,7,32,1,19.709039,2.024785,2912,154,1
11930,8,4,5,18,1,19.713523,2.025461,2912,154,1
11940,5,2,1,9,1,19.707929,2.024840,2912,154,1
11950,7,0,2,10,1,19.701549,2.024225,2912,154,1
11960,6,1,1,9,1,19.699533,2.023954,2912,154,1
11970,17,9,6,33,1,19.705290,2.024412,2912,154,1
11980,19,14,9,43,1,19.719833,2.025634,2923,154,1
11990,14,12,2,29,1,19.733747,2.027364,2936,154,1
12000,12,7,2,22,1,19.740332,2.028012,2937,154,1
12010,2,4,1,8,1,19.738659,2.027794,2937,154,1
12020,5,1,2,9,1,19.727821,2.026739,2937,154,1
12030,4,5,1,11,1,19.719983,2.025853,2937,154,1
12040,3,4,0,8,1,19.709265,2.024637,2937,154,1
12050,2,5,2,10,1,19.696787,2.023395,2937,154,1
12060,12,12,3,28,1,19.697327,2.023198,2937,154,1
12070,9,7,0,17,1,19.703388,2.023758,2938,154,1
12080,1,1,0,3,1,19.696931,2.023049,2938,154,1
12090,0,0,0,1,1,19.683521,2.021730,2938,154,1
12100,0,0,0,0,0,19.669993,2.020621,2938,154,1
12110,5,2,1,9,1,19.659685,2.019688,2938,154,1
12120,0,0,1,2,1,19.647796,2.018797,2938,154,1
12130,4,0,2,7,1,19.640964,2.017862,2938,154,1
12140,5,9,0,15,1,19.628922,2.016426,2938,154,1
12150,6,8,0,15,1,19.627046,2.016136,2938,154,1
12160,7,10,1,19,1,19.618463,2.015346,2938,154,1
12170,3,4,4,12,1,19.613364,2.014811,2938,154,1
12180,6,5,2,14,1,19.603937,2.013662,2938,154,1
12190,14,18,8,41,1,19.606718,2.013766,2938,155,1
12200,17,14,11,43,1,19.621676,2.015190,2950,155,1
12210,8,5,2,16,1,19.626346,2.015829,2954,155,1
12220,4,2,0,7,1,19.617426,2.014986,2954,155,1
12230,7,2,0,10,1,19.605666,2.014123,2954,155,1
12240,6,1,3,11,1,19.594387,2.013004,2954,155,1
12250,2,1,2,6,1,19.583735,2.012050,2954,155,1
12260,4,2,2,9,1,19.575079,2.011267,2954,155,1
12270,8,8,5,22,1,19.576080,2.011106,2954,155,1
12280,20,10,4,35,1,19.579744,2.011253,2957,155,1
12290,17,11,4,33,1,19.590081,2.012186,2960,155,1
12300,20,20,5,46,1,19.608523,2.014171,2977,160,1
12310,20,3,6,30,1,19.619549,2.015376,2983,162,1
12320,5,3,4,13,1,19.617960,2.015286,2986,162,1
12330,11,1,1,14,1,19.615775,2.014967,2986,162,1
12340,1,2,1,5,1,19.604333,2.013848,2986,162,1
12350,3,4,2,10,1,19.590253,2.012474,2986,162,1
12360,0,2,0,3,1,19.578634,2.011587,2986,162,1
12370,4,1,3,9,1,19.567309,2.010245,2986,162,1
12380,14,18,9,42,1,19.568715,2.009862,2986,162,1
12390,13,8,4,26,1,19.580314,2.011192,2994,162,1
12400,19,11,13,44,1,19.593086,2.012227,3006,162,1
12410,20,13,8,42,1,19.609594,2.013962,3022,162,1
12420,18,14,7,40,1,19.626930,2.015848,3036,164,1
12430,9,8,3,21,1,19.637074,2.016963,3036,165,1
12440,8,5,1,15,1,19.634091,2.016879,3036,165,1
12450,0,0,0,0,0,19.623879,2.015819,3036,165,1
12460,8,1,2,12,1,19.617250,2.015044,3036,165,1
12470,0,0,0,0,0,19.606231,2.013918,3036,165,1
12480,8,3,4,16,1,19.594354,2.012406,3036,165,1
12490,15,11,6,33,1,19.604795,2.013336,3039,165,1
12500,20,8,5,34,1,19.617487,2.014546,3061,165,1
12510,10,6,8,25,1,19.624067,2.015393,3062,165,1
12520,7,2,3,13,1,19.619501,2.015079,3062,165,1
12530,10,7,1,19,1,19.617494,2.014764,3062,165,1
12540,1,2,0,4,1,19.612699,2.014277,3062,165,1
12550,6,2,1,10,1,19.605168,2.013493,3062,165,1
12560,0,0,0,0,0,19.592532,2.012218,3062,165,1
12570,7,3,1,12,1,19.581525,2.010929,3062,165,1
12580,10,7,3,21,1,19.572896,2.010033,3062,165,1
12590,8,4,3,16,1,19.567603,2.009414,3062,165,1
12600,1,4,2,8,1,19.557079,2.008568,3062,165,1
12610,1,0,1,3,1,19.545421,2.007753,3062,165,1
12620,5,2,3,11,1,19.539987,2.007086,3062,165,1
12630,0,0,1,2,1,19.531055,2.006093,3062,165,1
12640,0,0,1,2,1,19.518151,2.004708,3062,165,1
12650,15,5,7,28,1,19.513190,2.004091,3062,165,1
12660,8,6,5,20,1,19.521243,2.004891,3063,165,1
12670,5,5,3,14,1,19.522950,2.005186,3063,165,1
12680,3,4,1,9,1,19.515028,2.004330,3063,165,1
12690,1,0,0,2,1,19.509432,2.003972,3063,165,1
12700,9,7,4,21,1,19.508428,2.003729,3068,165,1
12710,10,0,2,13,1,19.505465,2.003608,3068,165,1
12720,15,7,3,26,1,19.514341,2.004412,3078,165,1
12730,4,2,1,8,1,19.512261,2.004188,3078,165,1
12740,3,8,2,14,1,19.505258,2.003394,3078,165,1
12750,7,3,1,12,1,19.495602,2.002376,3078,165,1
12760,16,13,9,39,1,19.496965,2.002457,3078,165,1
12770,17,7,7,32,1,19.512863,2.004160,3091,165,1
12780,18,12,6,37,1,19.524865,2.005383,3096,165,1
12790,16,6,5,28,1,19.536423,2.006560,3101,165,1
12800,8,0,0,9,1,19.539211,2.006868,3101,165,1
12810,5,7,2,15,1,19.532046,2.005897,3101,165,1
12820,11,3,0,15,1,19.534238,2.006047,3106,165,1
12830,20,2,1,24,1,19.537191,2.006260,3107,165,1
12840,17,8,5,31,1,19.540826,2.006592,3107,165,1
12850,14,4,2,21,1,19.546645,2.007243,3109,165,1
12860,20,11,4,36,1,19.551801,2.007699,3112,165,1
12870,14,7,4,26,1,19.560295,2.008802,3115,165,1
12880,14,13,5,33,1,19.572715,2.010163,3135,165,1
12890,18,16,10,45,1,19.585542,2.011502,3144,165,1
12900,16,9,10,36,1,19.602012,2.013296,3157,167,1
12910,15,16,8,40,1,19.614669,2.014618,3165,167,1
12920,17,12,6,36,1,19.629328,2.016225,3172,167,1
12930,11,7,1,20,1,19.634575,2.016962,3174,167,1
12940,20,7,7,35,1,19.635613,2.016738,3179,167,1
12950,18,6,5,30,1,19.642484,2.017338,3181,167,1
12960,0,0,0,0,0,19.638966,2.017270,3183,167,1
12970,0,1,0,2,1,19.630618,2.016450,3183,167,1
12980,2,2,1,6,1,19.618354,2.015212,3183,167,1
12990,3,4,1,9,1,19.606780,2.014220,3183,167,1
13000,2,2,3,8,1,19.601508,2.013509,3183,167,1
13010,4,1,1,7,1,19.591642,2.012469,3183,167,1
13020,15,1,5,22,1,19.592702,2.012488,3183,167,1
13030,17,1,0,19,1,19.596530,2.012887,3186,167,1
13040,9,5,1,16,1,19.599405,2.013204,3187,167,1
13050,8,11,0,20,1,19.598987,2.013167,3187,167,1
13060,19,2,2,24,1,19.602591,2.013669,3191,167,1
13070,9,3,2,15,1,19.593717,2.012668,3191,167,1
13080,2,1,5,9,1,19.583693,2.011628,3191,167,1
13090,14,14,0,29,1,19.582808,2.011417,3191,167,1
13100,16,8,10,35,1,19.592965,2.012387,3196,167,1
13110,17,15,3,36,1,19.607902,2.013942,3206,167,1
13120,16,10,3,30,1,19.620748,2.015362,3212,167,1
13130,19,14,6,40,1,19.631575,2.016622,3223,167,1
13140,11,12,3,27,1,19.641960,2.017883,3227,167,1
13150,6,8,1,16,1,19.640595,2.017764,3227,167,1
13160,17,9,5,32,1,19.641578,2.017682,3227,167,1
13170,4,13,0,18,1,19.642177,2.017780,3227,167,1
13180,3,0,4,8,1,19.633135,2.016982,3227,167,1
13190,4,2,4,11,1,19.624165,2.016192,3227,167,1
13200,14,5,11,31,1,19.620517,2.015493,3227,167,1
13210,19,11,4,35,1,19.629964,2.016469,3236,167,1
13220,12,11,5,29,1,19.638378,2.017307,3240,167,1
13230,17,12,6,36,1,19.651147,2.018562,3247,167,1
13240,14,9,6,30,1,19.661872,2.019794,3250,167,1
13250,13,12,5,31,1,19.669777,2.020612,3253,167,1
13260,17,7,5,30,1,19.678454,2.021743,3257,167,1
13270,17,13,7,38,1,19.689253,2.022639,3263,171,1
13280,20,13,9,43,1,19.707800,2.024847,3277,174,1
13290,8,6,3,18,1,19.714493,2.025728,3277,174,1
13300,4,3,3,11,1,19.714060,2.025626,3277,174,1
13310,12,9,2,24,1,19.711392,2.025232,3277,174,1
13320,14,8,3,26,1,19.708810,2.024878,3277,174,1
13330,10,0,0,11,1,19.704396,2.024383,3277,174,1
13340,7,3,1,12,1,19.692144,2.023207,3277,174,1
13350,4,1,1,7,1,19.684423,2.022372,3277,174,1
13360,8,0,2,11,1,19.680657,2.021819,3277,174,1
13370,4,0,2,7,1,19.670107,2.020850,3277,174,1
13380,1,0,1,3,1,19.664330,2.020106,3277,174,1
13390,0,0,0,1,1,19.652318,2.019048,3277,174,1
13400,2,3,4,10,1,19.644730,2.018196,3277,174,1
13410,0,0,0,0,0,19.632866,2.017075,3277,174,1
13420,0,2,1,4,1,19.621027,2.015957,3277,174,1
13430,0,1,1,3,1,19.609939,2.014807,3277,174,1
13440,17,7,1,26,1,19.604380,2.014025,3277,174,1
13450,13,5,2,21,1,19.609778,2.014570,3283,174,1
13460,16,14,9,40,1,19.617212,2.015108,3286,174,1
13470,13,4,4,22,1,19.630212,2.016726,3292,176,1
13480,0,0,0,0,0,19.622762,2.016396,3292,176,1
13490,0,0,0,0,0,19.609741,2.015293,3292,176,1
13500,8,6,4,19,1,19.600123,2.014340,3292,176,1
13510,9,6,2,18,1,19.596160,2.013968,3292,176,1
13520,12,13,4,30,1,19.600034,2.014141,3294,176,1
13530,20,18,9,48,1,19.616922,2.015927,3315,181,1
13540,19,16,12,48,1,19.638422,2.018356,3332,190,1
13550,20,8,13,42,1,19.660215,2.020769,3351,193,1
13560,15,15,10,41,1,19.677780,2.022563,3360,194,1
13570,10,3,2,16,1,19.687651,2.023981,3364,194,1
13580,10,1,0,12,1,19.685346,2.023809,3364,194,1
13590,9,3,4,17,1,19.677750,2.022834,3364,194,1
13600,2,1,0,4,1,19.673577,2.022470,3364,194,1
13610,5,2,2,10,1,19.664191,2.021372,3364,194,1
13620,7,4,5,17,1,19.658288,2.020724,3364,194,1
13630,3,3,1,8,1,19.649659,2.020130,3364,194,1
13640,6,2,0,9,1,19.638341,2.018986,3364,194,1
13650,8,2,4,15,1,19.631519,2.018228,3364,194,1
13660,0,0,0,0,0,19.622439,2.017253,3364,194,1
13670,10,6,2,19,1,19.613142,2.016226,3364,194,1
13680,2,2,1,6,1,19.606272,2.015569,3364,194,1
13690,6,3,1,11,1,19.594977,2.014276,3364,194,1
13700,2,4,0,7,1,19.589470,2.013744,3364,194,1
13710,0,2,1,4,1,19.576864,2.012679,3364,194,1
13720,7,5,3,16,1,19.569813,2.011928,3364,194,1
13730,5,9,2,17,1,19.566785,2.011485,3364,194,1
13740,15,9,1,26,1,19.569863,2.011776,3364,194,1
13750,20,9,5,35,1,19.576229,2.012028,3366,194,1
13760,17,12,3,33,1,19.584852,2.012964,3381,194,1
13770,14,10,4,29,1,19.589228,2.013313,3381,194,1
13780,17,3,11,32,1,19.599012,2.014458,3397,194,1
13790,13,10,2,26,1,19.603175,2.014951,3398,194,1
13800,5,12,2,20,1,19.604689,2.014975,3398,194,1
13810,16,6,5,28,1,19.607229,2.015001,3398,194,1
13820,14,5,6,26,1,19.607651,2.015034,3399,194,1
13830,18,4,2,25,1,19.609780,2.015212,3399,194,1
13840,20,9,1,31,1,19.613448,2.015609,3400,194,1
13850,8,0,0,9,1,19.614998,2.015907,3405,194,1
13860,4,4,4,13,1,19.604445,2.014753,3405,194,1
13870,14,10,5,30,1,19.605281,2.014768,3406,194,1
13880,5,4,0,10,1,19.606600,2.015013,3412,194,1
13890,10,8,4,23,1,19.600399,2.014276,3412,194,1
13900,6,1,2,10,1,19.605040,2.014862,3417,194,1
13910,1,1,1,4,1,19.594360,2.013977,3417,194,1
13920,2,2,0,5,1,19.583063,2.012761,3417,194,1
13930,8,4,4,17,1,19.574828,2.012082,3417,194,1
13940,20,1,4,26,1,19.578801,2.012628,3417,194,1
13950,1,0,6,8,1,19.573726,2.012185,3418,194,1
13960,1,2,1,5,1,19.562177,2.011061,3418,194,1
13970,16,1,1,19,1,19.553722,2.010211,3418,194,1
13980,16,11,4,32,1,19.559864,2.010565,3421,194,1
13990,15,10,4,30,1,19.569816,2.011577,3429,194,1
14000,16,8,1,26,1,19.575563,2.012276,3433,194,1
14010,13,1,0,15,1,19.576261,2.012248,3433,194,1
14020,10,10,3,24,1,19.577054,2.012408,3433,194,1
14030,2,6,4,13,1,19.578988,2.012699,3433,194,1
14040,16,0,1,18,1,19.574731,2.012413,3433,194,1
14050,2,6,0,9,1,19.567155,2.011815,3433,194,1
14060,8,2,2,13,1,19.558240,2.010902,3433,194,1
14070,20,6,7,34,1,19.566923,2.011696,3448,194,1
14080,8,0,2,11,1,19.567777,2.011905,3450,194,1
14090,10,6,0,17,1,19.566145,2.011932,3450,194,1
14100,5,1,5,12,1,19.558035,2.011146,3450,194,1
14110,5,0,0,6,1,19.550953,2.010348,3450,194,1
14120,2,0,0,3,1,19.543966,2.009575,3450,194,1
14130,6,10,1,18,1,19.534802,2.008402,3450,194,1
14140,7,3,2,13,1,19.529000,2.007722,3450,194,1
14150,4,1,2,8,1,19.523223,2.007088,3450,194,1
14160,13,8,1,23,1,19.521472,2.006796,3450,194,1
14170,15,7,1,24,1,19.521603,2.006755,3450,194,1
14180,17,3,6,27,1,19.524405,2.006974,3454,194,1
14190,20,9,10,40,1,19.532295,2.007542,3460,194,1
14200,19,12,3,35,1,19.546534,2.009068,3479,197,1
14210,16,4,4,25,1,19.553551,2.009924,3485,197,1
14220,5,1,1,8,1,19.549626,2.009699,3485,197,1
14230,0,0,0,0,0,19.540034,2.008877,3485,197,1
14240,0,0,0,0,0,19.531390,2.008239,3485,197,1
14250,10,7,3,21,1,19.525791,2.007652,3485,197,1
14260,15,9,8,33,1,19.529755,2.008049,3485,197,1
14270,15,11,5,32,1,19.535495,2.008599,3485,197,1
14280,8,4,0,13,1,19.538001,2.008977,3485,197,1
14290,0,1,0,2,1,19.527077,2.007900,3485,197,1
14300,10,1,2,14,1,19.518937,2.006995,3485,197,1
14310,0,0,0,0,0,19.510242,2.006220,3485,197,1
14320,1,0,0,2,1,19.501414,2.005416,3485,197,1
14330,10,7,5,23,1,19.497307,2.004969,3485,197,1
14340,10,4,1,16,1,19.497507,2.004878,3485,197,1
14350,9,9,3,22,1,19.496979,2.004899,3485,197,1
14360,12,4,0,17,1,19.494675,2.004737,3485,197,1
14370,18,4,4,27,1,19.493046,2.004530,3485,197,1
14380,9,4,0,14,1,19.497529,2.005081,3487,197,1
14390,13,8,4,26,1,19.499345,2.005171,3487,197,1
14400,6,5,2,14,1,19.503723,2.005653,3488,197,1
14410,14,8,2,25,1,19.495657,2.004684,3488,197,1
14420,12,9,0,22,1,19.498732,2.005104,3489,197,1
14430,10,2,4,17,1,19.494496,2.004672,3489,197,1
14440,10,13,9,33,1,19.500817,2.005154,3496,197,1
14450,17,19,6,43,1,19.509949,2.005825,3497,197,1
14460,16,12,11,40,1,19.521247,2.007062,3497,198,1
14470,4,1,2,8,1,19.521334,2.007217,3497,198,1
14480,7,4,2,14,1,19.517793,2.006672,3497,198,1
14490,4,5,3,13,1,19.512702,2.006109,3497,198,1
14500,7,0,5,13,1,19.510276,2.005650,3497,198,1
14510,12,15,4,32,1,19.509378,2.005434,3497,198,1
14520,20,10,6,37,1,19.519705,2.006656,3516,198,1
14530,12,14,5,32,1,19.530498,2.007627,3517,198,1
14540,13,5,6,25,1,19.541548,2.008810,3519,198,1
14550,9,4,4,18,1,19.545336,2.009303,3519,198,1
14560,3,0,0,4,1,19.537688,2.008478,3519,198,1
14570,9,3,3,16,1,19.528115,2.007568,3519,198,1
14580,8,2,0,11,1,19.523963,2.007174,3519,198,1
14590,13,4,5,23,1,19.516746,2.006407,3519,198,1
14600,12,10,3,26,1,19.518438,2.006529,3519,198,1
14610,13,8,1,23,1,19.531133,2.007922,3529,198,1
14620,20,5,6,32,1,19.535422,2.008240,3535,198,1
14630,10,2,2,15,1,19.535433,2.008287,3536,198,1
14640,15,1,1,18,1,19.529738,2.007607,3536,198,1
14650,4,1,1,7,1,19.523181,2.006782,3536,198,1
14660,7,7,4,19,1,19.515929,2.005886,3536,198,1
14670,8,4,3,16,1,19.513291,2.005619,3536,198,1
14680,12,11,3,27,1,19.514428,2.005614,3536,198,1
14690,0,1,0,2,1,19.517856,2.006167,3543,198,1
14700,3,2,0,6,1,19.507276,2.005083,3543,198,1
14710,0,2,0,3,1,19.494963,2.004228,3543,198,1
14720,0,1,1,3,1,19.487155,2.003289,3543,198,1
14730,4,2,2,9,1,19.476656,2.002157,3543,198,1
14740,8,1,0,10,1,19.468090,2.001225,3543,198,1
14750,18,16,5,40,1,19.473200,2.001698,3545,198,1
14760,14,5,2,22,1,19.484831,2.003037,3553,201,1
14770,18,5,5,29,1,19.488630,2.003264,3556,201,1
14780,20,10,3,34,1,19.494093,2.003928,3560,201,1
14790,12,11,0,24,1,19.504471,2.005054,3564,201,1
14800,20,5,3,29,1,19.511362,2.005794,3567,201,1
14810,1,7,0,9,1,19.514602,2.006312,3570,201,1
14820,15,2,3,21,1,19.512670,2.005964,3570,201,1
14830,1,1,1,4,1,19.508997,2.005729,3570,201,1
14840,9,3,3,16,1,19.502822,2.004945,3570,201,1
14850,12,10,7,30,1,19.507403,2.005462,3575,201,1
14860,16,14,10,41,1,19.520540,2.006969,3583,206,1
14870,15,16,4,36,1,19.534638,2.008616,3589,206,1
14880,12,8,5,26,1,19.543193,2.009458,3598,206,1
14890,18,12,3,34,1,19.548624,2.009701,3599,206,1
14900,15,9,10,35,1,19.564756,2.011266,3619,206,1
14910,20,17,5,43,1,19.576280,2.012315,3628,208,1
14920,13,8,8,30,1,19.587551,2.013783,3635,208,1
14930,16,13,3,33,1,19.592901,2.014309,3636,208,1
14940,13,9,9,32,1,19.598663,2.014808,3638,208,1
14950,13,8,4,26,1,19.605635,2.015362,3643,208,1
14960,13,14,10,38,1,19.617865,2.016430,3652,208,1
14970,20,11,3,35,1,19.629130,2.017675,3663,208,1
14980,9,5,2,17,1,19.632261,2.018056,3665,208,1
14990,3,3,2,9,1,19.624164,2.017504,3665,208,1
15000,11,0,0,12,1,19.619991,2.017037,3665,208,1
15010,13,5,5,24,1,19.616522,2.016602,3665,208,1
15020,19,6,10,36,1,19.622131,2.016920,3669,208,1
15030,18,10,8,37,1,19.634096,2.018374,3679,208,1
15040,18,12,3,34,1,19.643473,2.019315,3686,208,1
15050,17,3,4,25,1,19.648574,2.019843,3689,208,1
15060,10,6,5,22,1,19.653159,2.020345,3689,208,1
15070,10,16,7,34,1,19.655724,2.020461,3690,208,1
15080,11,3,5,20,1,19.661091,2.021100,3700,208,1
15090,0,1,1,3,1,19.656977,2.020639,3700,208,1
15100,1,0,0,2,1,19.647533,2.019727,3700,208,1
15110,9,7,3,20,1,19.640990,2.018921,3700,208,1
15120,14,13,5,33,1,19.649260,2.019803,3700,208,1
15130,20,12,7,40,1,19.660591,2.020875,3712,208,1
15140,16,17,13,47,1,19.676215,2.022403,3725,211,1
15150,20,17,7,45,1,19.691332,2.023960,3734,213,1
15160,19,10,9,39,1,19.707523,2.025807,3746,215,1
15170,6,4,0,11,1,19.710972,2.026523,3749,215,1
15180,8,2,3,14,1,19.706866,2.025994,3749,215,1
15190,3,1,3,8,1,19.707896,2.026104,3749,215,1
15200,0,3,1,5,1,19.698102,2.025142,3749,215,1
15210,9,3,1,14,1,19.692514,2.024557,3749,215,1
15220,3,4,0,8,1,19.689480,2.024564,3749,215,1
15230,0,0,0,1,1,19.680099,2.023657,3749,215,1
15240,17,4,1,23,1,19.675791,2.023013,3751,215,1
15250,12,5,2,20,1,19.671970,2.022583,3751,215,1
15260,14,12,1,28,1,19.676156,2.022908,3759,215,1
15270,18,17,3,39,1,19.681990,2.023334,3759,215,1
15280,17,7,4,29,1,19.691199,2.024298,3773,215,1
15290,10,15,6,32,1,19.698363,2.025188,3775,215,1
15300,8,8,3,20,1,19.700984,2.025379,3775,215,1
15310,20,10,8,39,1,19.707658,2.026042,3777,215,1
15320,20,9,4,34,1,19.719911,2.027224,3793,215,1
15330,11,4,1,17,1,19.721448,2.027494,3798,215,1
15340,15,7,3,26,1,19.722488,2.027727,3798,215,1
15350,6,0,0,7,1,19.716409,2.027038,3798,215,1
15360,2,2,2,7,1,19.710510,2.026557,3798,215,1
15370,2,0,2,5,1,19.700208,2.025528,3798,215,1
15380,4,1,3,9,1,19.692316,2.024572,3798,215,1
15390,12,3,5,21,1,19.686685,2.024050,3798,215,1
15400,18,11,2,32,1,19.693792,2.024676,3803,215,1
15410,14,10,2,27,1,19.699936,2.025217,3809,215,1
15420,17,6,4,28,1,19.702325,2.025345,3810,215,1
15430,17,9,2,29,1,19.710736,2.026119,3815,215,1
15440,10,10,8,29,1,19.718145,2.026884,3823,216,1
15450,19,6,3,29,1,19.724910,2.027489,3825,216,1
15460,12,9,1,23,1,19.727371,2.027908,3826,216,1
15470,7,3,3,14,1,19.729068,2.028248,3826,216,1
15480,5,8,2,16,1,19.723181,2.027781,3826,216,1
15490,14,8,9,32,1,19.726668,2.027833,3829,216,1
15500,12,7,3,23,1,19.733623,2.028700,3836,216,1
15510,0,1,0,2,1,19.728812,2.028464,3836,216,1
15520,0,0,0,0,0,19.719519,2.027513,3836,216,1
15530,0,7,2,10,1,19.709274,2.026422,3836,216,1
15540,2,0,0,3,1,19.702819,2.025749,3836,216,1
15550,1,0,0,2,1,19.691599,2.024706,3836,216,1
15560,4,4,0,9,1,19.683750,2.023822,3836,216,1
15570,6,0,1,8,1,19.677349,2.023127,3836,216,1
15580,7,3,7,18,1,19.668772,2.022276,3836,216,1
15590,6,3,1,11,1,19.666779,2.022194,3836,216,1
15600,2,0,0,3,1,19.660270,2.021715,3836,216,1
15610,4,4,2,11,1,19.649417,2.020722,3836,216,1
15620,4,2,0,7,1,19.640236,2.019847,3836,216,1
15630,3,2,0,6,1,19.631446,2.018880,3836,216,1
15640,4,2,5,12,1,19.625914,2.018514,3836,216,1
15650,2,2,0,5,1,19.620425,2.018018,3836,216,1
15660,3,5,3,12,1,19.611963,2.017032,3836,216,1
15670,19,11,12,43,1,19.619174,2.017565,3846,216,1
15680,6,4,7,18,1,19.628859,2.018670,3855,216,1
15690,5,6,0,12,1,19.623639,2.017977,3855,216,1
15700,16,13,0,30,1,19.627756,2.018351,3860,216,1
15710,20,9,6,36,1,19.636443,2.019261,3866,216,1
15720,13,4,3,21,1,19.643828,2.020156,3872,216,1
15730,2,1,1,5,1,19.636891,2.019683,3872,216,1
15740,0,2,0,3,1,19.626356,2.018655,3872,216,1
15750,20,1,3,25,1,19.624488,2.018282,3874,216,1
15760,15,5,3,24,1,19.630821,2.019028,3879,216,1
15770,19,14,4,38,1,19.638573,2.019605,3881,216,1
15780,11,8,2,22,1,19.646710,2.020339,3885,216,1
15790,15,4,3,23,1,19.648965,2.020706,3885,216,1
15800,7,3,4,15,1,19.644480,2.020366,3885,216,1
15810,13,7,4,25,1,19.644675,2.020218,3885,216,1
15820,14,6,1,22,1,19.649611,2.020729,3885,216,1
15830,17,12,5,35,1,19.651927,2.020813,3885,216,1
15840,17,10,7,35,1,19.658497,2.021584,3887,216,1
15850,18,4,11,34,1,19.667657,2.022476,3898,216,1
15860,8,6,5,20,1,19.673867,2.023118,3902,216,1
15870,2,13,6,22,1,19.666847,2.022386,3902,216,1
15880,19,7,0,27,1,19.671961,2.022811,3909,216,1
15890,11,5,4,21,1,19.671935,2.022837,3911,216,1
15900,9,7,1,18,1,19.677940,2.023340,3912,216,1
15910,0,0,1,2,1,19.675803,2.023216,3912,216,1
15920,2,3,0,6,1,19.667638,2.022471,3912,216,1
15930,14,6,3,24,1,19.662828,2.021875,3912,216,1
15940,6,6,3,16,1,19.660680,2.021801,3912,216,1
15950,3,4,0,8,1,19.656491,2.021438,3912,216,1
15960,11,6,0,18,1,19.649661,2.020400,3912,216,1
15970,17,20,7,45,1,19.656348,2.020844,3914,220,1
15980,18,8,6,33,1,19.667731,2.022044,3921,224,1
15990,13,8,3,25,1,19.671699,2.022364,3924,224,1
16000,4,6,2,13,1,19.666109,2.021650,3924,224,1
16010,12,1,2,16,1,19.666182,2.021622,3924,224,1
16020,9,8,2,20,1,19.665283,2.021352,3924,224,1
16030,11,1,2,15,1,19.662780,2.021112,3924,224,1
16040,0,0,0,1,1,19.654803,2.020386,3924,224,1
16050,0,0,0,0,0,19.645425,2.019374,3924,224,1
16060,3,3,1,8,1,19.636468,2.018237,3924,224,1
16070,1,1,0,3,1,19.626281,2.017310,3924,224,1
16080,3,0,0,4,1,19.616466,2.016408,3924,224,1
16090,0,0,0,0,0,19.607070,2.015536,3924,224,1
16100,10,5,0,16,1,19.602385,2.014994,3924,224,1
16110,11,5,1,18,1,19.597857,2.014506,3924,224,1
16120,9,1,3,14,1,19.598022,2.014527,3924,224,1
16130,3,0,0,4,1,19.591449,2.014086,3924,224,1
16140,12,0,4,17,1,19.583971,2.013064,3924,224,1
16150,4,0,4,9,1,19.575850,2.012169,3924,224,1
16160,0,0,0,1,1,19.568072,2.011514,3924,224,1
16170,5,9,1,16,1,19.561582,2.010710,3924,224,1
16180,19,3,10,33,1,19.559689,2.010378,3924,224,1
16190,7,10,0,18,1,19.566028,2.010995,3926,224,1
16200,1,1,0,3,1,19.565941,2.011041,3926,224,1
16210,14,8,1,24,1,19.562489,2.010499,3926,224,1
16220,12,8,2,23,1,19.563963,2.010680,3929,224,1
16230,4,5,0,10,1,19.561637,2.010317,3929,224,1
16240,13,6,2,22,1,19.559071,2.009892,3929,224,1
16250,11,2,3,17,1,19.557205,2.009730,3929,224,1
16260,2,2,1,6,1,19.550566,2.009178,3929,224,1
16270,2,2,1,6,1,19.542845,2.008452,3929,224,1
16280,17,11,3,32,1,19.542723,2.008241,3929,224,1
16290,18,7,5,31,1,19.548560,2.008870,3933,224,1
16300,11,1,2,15,1,19.550757,2.009138,3934,224,1
16310,17,6,4,28,1,19.548067,2.008764,3934,224,1
16320,20,20,0,41,1,19.555979,2.009505,3944,224,1
16330,20,12,3,36,1,19.568293,2.010951,3955,225,1
16340,10,7,1,19,1,19.577617,2.012015,3968,228,1
16350,14,2,0,17,1,19.578566,2.012192,3968,228,1
16360,9,3,3,16,1,19.576424,2.012001,3968,228,1
16370,4,3,1,9,1,19.571729,2.011535,3968,228,1
16380,20,12,3,36,1,19.572067,2.011510,3968,228,1
16390,17,8,2,28,1,19.585044,2.012986,3976,229,1
16400,9,5,1,16,1,19.592121,2.013932,3977,229,1
16410,11,7,3,22,1,19.589674,2.013545,3977,229,1
16420,0,0,0,1,1,19.583255,2.012839,3977,229,1
16430,7,7,7,22,1,19.573975,2.011813,3977,229,1
16440,0,1,0,2,1,19.569587,2.011429,3977,229,1
16450,0,0,0,1,1,19.559801,2.010502,3977,229,1
16460,5,4,1,11,1,19.553194,2.009751,3977,229,1
16470,14,6,0,21,1,19.555509,2.009792,3978,229,1
16480,19,10,5,35,1,19.560973,2.010370,3984,229,1
16490,18,15,3,37,1,19.567275,2.011021,3988,229,1
16500,6,5,0,12,1,19.571595,2.011757,3992,229,1
16510,5,2,0,8,1,19.568831,2.011489,3992,229,1
16520,3,2,0,6,1,19.561067,2.010582,3992,229,1
16530,14,12,5,32,1,19.559496,2.010287,3992,229,1
16540,16,18,7,42,1,19.570726,2.011382,4005,230,1
16550,15,14,4,34,1,19.583974,2.012810,4019,232,1
16560,16,7,6,30,1,19.592568,2.013847,4024,232,1
16570,16,17,9,43,1,19.601645,2.014709,4032,232,1
16580,10,4,9,24,1,19.610519,2.015712,4042,235,1
16590,10,7,3,21,1,19.613900,2.016226,4045,235,1
16600,9,14,5,29,1,19.618905,2.016606,4045,235,1
16610,13,10,4,28,1,19.622093,2.016825,4045,235,1
16620,13,10,5,29,1,19.625999,2.017243,4049,235,1
16630,3,2,5,11,1,19.621548,2.016789,4049,235,1
16640,17,6,4,28,1,19.622212,2.016724,4049,235,1
16650,8,6,1,16,1,19.627255,2.017295,4049,235,1
16660,3,3,1,8,1,19.620301,2.016622,4049,235,1
16670,1,0,1,3,1,19.612997,2.015763,4049,235,1
16680,11,3,1,16,1,19.606767,2.014977,4049,235,1
16690,10,7,5,23,1,19.603595,2.014630,4049,235,1
16700,14,1,3,19,1,19.606483,2.015080,4049,235,1
16710,12,9,4,26,1,19.610517,2.015312,4049,235,1
16720,18,7,6,32,1,19.613636,2.015649,4049,235,1
16730,20,15,5,41,1,19.621420,2.016378,4049,235,1
16740,17,10,4,32,1,19.630536,2.017430,4059,235,1
16750,19,11,4,35,1,19.640296,2.018350,4073,235,1
16760,20,10,3,34,1,19.646724,2.018990,4081,235,1
16770,20,14,3,38,1,19.656463,2.019982,4090,235,1
16780,16,8,7,32,1,19.666763,2.021156,4097,235,1
16790,12,8,10,31,1,19.675997,2.022183,4101,235,1
16800,18,12,8,39,1,19.685172,2.023229,4118,235,1
16810,17,2,3,23,1,19.692244,2.023984,4120,235,1
16820,3,3,2,9,1,19.691842,2.023971,4120,235,1
16830,6,0,0,7,1,19.688279,2.023645,4120,235,1
16840,3,0,0,4,1,19.679155,2.022724,4120,235,1
16850,1,1,0,3,1,19.669616,2.021808,4120,235,1
16860,0,1,0,2,1,19.660060,2.020867,4120,235,1
16870,3,1,2,7,1,19.652783,2.020073,4120,235,1
16880,9,1,0,11,1,19.645657,2.019430,4120,235,1
16890,3,1,1,6,1,19.643263,2.019138,4120,235,1
16900,13,12,6,32,1,19.641345,2.018834,4120,235,1
16910,11,8,3,23,1,19.647013,2.019396,4123,235,1
16920,4,5,1,11,1,19.647406,2.019489,4123,235,1
16930,17,1,0,19,1,19.646027,2.019351,4123,235,1
16940,1,1,0,3,1,19.638414,2.018670,4123,235,1
16950,0,0,0,0,0,19.629681,2.017653,4123,235,1
16960,0,2,1,4,1,19.619086,2.016739,4123,235,1
16970,0,0,1,2,1,19.610052,2.015801,4123,235,1
16980,17,3,3,24,1,19.605502,2.015227,4125,235,1
16990,8,4,2,15,1,19.607005,2.015446,4125,235,1
17000,14,10,3,28,1,19.611809,2.015931,4131,235,1
17010,17,11,6,35,1,19.621401,2.017018,4140,235,1
17020,18,5,6,30,1,19.628360,2.017920,4150,235,1
17030,9,6,1,17,1,19.625673,2.017635,4151,235,1
17040,15,12,1,29,1,19.627592,2.017799,4151,235,1
17050,19,13,4,37,1,19.639666,2.019080,4164,237,1
17060,14,8,6,29,1,19.648036,2.020029,4171,239,1
17070,16,11,7,35,1,19.651045,2.020354,4171,239,1
17080,14,5,4,24,1,19.650069,2.020317,4171,239,1
17090,15,5,8,29,1,19.654182,2.020670,4172,239,1
17100,12,5,3,21,1,19.658700,2.021272,4176,239,1
17110,20,11,5,37,1,19.669661,2.022378,4184,240,1
17120,13,5,2,21,1,19.674445,2.022788,4191,240,1
17130,8,3,3,15,1,19.672568,2.022574,4191,240,1
17140,0,3,3,7,1,19.664812,2.021876,4191,240,1
17150,20,12,0,33,1,19.667359,2.022081,4197,240,1
17160,16,15,6,38,1,19.679328,2.023399,4202,244,1
17170,20,12,5,38,1,19.691207,2.024612,4228,249,1
17180,16,17,12,46,1,19.706105,2.026219,4239,256,1
17190,20,19,11,51,1,19.719053,2.027566,4250,259,1
17200,18,11,2,32,1,19.729737,2.028789,4256,261,1
17210,8,5,2,16,1,19.733813,2.029381,4256,261,1
17220,2,2,0,5,1,19.730792,2.029134,4256,261,1
17230,10,8,2,21,1,19.723955,2.028264,4256,261,1
17240,7,3,0,11,1,19.720129,2.027994,4256,261,1
17250,0,1,0,2,1,19.710736,2.027056,4256,261,1
17260,0,2,1,4,1,19.699920,2.026163,4256,261,1
17270,0,0,0,1,1,19.690428,2.025431,4256,261,1
17280,5,2,1,9,1,19.680450,2.024516,4256,261,1
17290,2,10,3,16,1,19.671938,2.023643,4256,261,1
17300,1,1,3,6,1,19.665678,2.022977,4256,261,1
17310,15,5,5,26,1,19.664820,2.022952,4256,261,1
17320,18,10,4,33,1,19.663654,2.022798,4256,261,1
17330,20,15,8,44,1,19.672531,2.023714,4270,261,1
17340,10,9,1,21,1,19.680706,2.024677,4278,261,1
17350,0,0,1,2,1,19.678471,2.024570,4278,261,1
17360,2,1,2,6,1,19.668125,2.023556,4278,261,1
17370,11,7,6,25,1,19.665735,2.023181,4278,261,1
17380,14,8,5,28,1,19.671028,2.023740,4282,261,1
17390,12,7,1,21,1,19.675663,2.024159,4286,261,1
17400,0,0,0,0,0,19.672533,2.023875,4286,261,1
17410,1,0,0,2,1,19.664973,2.023172,4286,261,1
17420,0,1,2,4,1,19.654964,2.022252,4286,261,1
17430,3,3,1,8,1,19.645642,2.021331,4286,261,1
17440,9,5,3,18,1,19.641869,2.020969,4286,261,1
17450,14,17,6,38,1,19.642498,2.020869,4286,261,1
17460,15,12,11,39,1,19.655771,2.022177,4297,264,1
17470,3,3,1,8,1,19.659574,2.022773,4297,264,1
17480,7,2,3,13,1,19.653133,2.021958,4297,264,1
17490,18,8,4,31,1,19.652992,2.021851,4300,264,1
17500,11,8,5,25,1,19.654292,2.022082,4300,264,1
17510,20,9,6,36,1,19.662083,2.022886,4311,264,1
17520,20,10,6,37,1,19.671236,2.023901,4320,264,1
17530,20,10,10,41,1,19.682013,2.025120,4333,265,1
17540,11,12,6,30,1,19.689986,2.025990,4341,265,1
17550,16,9,3,29,1,19.693707,2.026458,4341,265,1
17560,16,4,3,24,1,19.699094,2.026943,4342,265,1
17570,10,2,2,15,1,19.697260,2.026816,4342,265,1
17580,0,2,1,4,1,19.688970,2.026107,4342,265,1
17590,5,1,1,8,1,19.682766,2.025234,4342,265,1
17600,3,0,0,4,1,19.675092,2.024506,4342,265,1
17610,2,3,0,6,1,19.667416,2.023742,4342,265,1
17620,3,1,1,6,1,19.661759,2.023174,4342,265,1
17630,4,5,1,11,1,19.652927,2.022432,4342,265,1
17640,0,1,2,4,1,19.647634,2.021972,4342,265,1
17650,6,3,3,13,1,19.641420,2.021076,4342,265,1
17660,4,0,3,8,1,19.636139,2.020499,4342,265,1
17670,2,0,1,4,1,19.627287,2.019732,4342,265,1
17680,1,3,0,5,1,19.619131,2.018941,4342,265,1
17690,4,1,0,6,1,19.611116,2.018083,4342,265,1
17700,5,4,1,11,1,19.606880,2.017427,4342,265,1
17710,10,5,6,22,1,19.605446,2.017117,4342,265,1
17720,17,9,6,33,1,19.610746,2.017677,4349,265,1
17730,18,6,3,28,1,19.617508,2.018304,4353,265,1
17740,13,14,3,31,1,19.624542,2.019101,4358,265,1
17750,8,1,2,12,1,19.623085,2.019058,4358,265,1
17760,7,4,1,13,1,19.616954,2.018535,4358,265,1
17770,9,4,0,14,1,19.611347,2.017937,4358,265,1
17780,0,0,0,1,1,19.604950,2.017234,4358,265,1
17790,2,0,1,4,1,19.596583,2.016434,4358,265,1
17800,0,0,0,0,0,19.586451,2.015684,4358,265,1
17810,9,13,1,24,1,19.581733,2.015096,4358,265,1
17820,10,7,5,23,1,19.585442,2.015480,4363,265,1
17830,12,16,6,35,1,19.593482,2.016146,4377,269,1
17840,18,17,12,48,1,19.605633,2.017341,4400,269,1
17850,20,6,2,29,1,19.615065,2.018337,4411,269,1
17860,3,7,4,15,1,19.613856,2.018365,4411,269,1
17870,20,10,3,34,1,19.615347,2.018242,4411,269,1
17880,13,3,2,19,1,19.617698,2.018521,4418,269,1
17890,2,1,1,5,1,19.612409,2.018072,4418,269,1
17900,8,0,1,10,1,19.606975,2.017526,4418,269,1
17910,0,0,0,1,1,19.600949,2.016920,4418,269,1
17920,2,2,0,5,1,19.594110,2.016184,4418,269,1
17930,8,4,2,15,1,19.587706,2.015492,4418,269,1
17940,11,8,9,29,1,19.590585,2.015721,4418,269,1
17950,8,1,3,13,1,19.590335,2.015767,4418,269,1
17960,3,2,1,7,1,19.587362,2.015556,4418,269,1
17970,8,3,0,12,1,19.584965,2.015265,4418,269,1
17980,20,7,5,33,1,19.587389,2.015505,4426,269,1
17990,9,12,6,28,1,19.592298,2.016116,4430,269,1
18000,20,12,4,37,1,19.598875,2.016829,4436,269,1
18010,11,4,3,19,1,19.603328,2.017463,4439,269,1
18020,3,0,0,4,1,19.600624,2.017278,4439,269,1
18030,5,2,3,11,1,19.592968,2.016412,4439,269,1
18040,6,4,2,13,1,19.587858,2.015807,4439,269,1
18050,0,3,1,5,1,19.581448,2.015230,4439,269,1
18060,5,8,1,15,1,19.574154,2.014539,4439,269,1
18070,1,1,2,5,1,19.566098,2.013757,4439,269,1
18080,7,8,1,17,1,19.557851,2.013036,4439,269,1
18090,11,2,0,14,1,19.553386,2.012624,4439,269,1
18100,11,9,1,22,1,19.552614,2.012432,4439,269,1
18110,18,8,1,28,1,19.553167,2.012548,4439,269,1
18120,19,5,6,31,1,19.560910,2.013358,4446,269,1
18130,19,8,2,30,1,19.565573,2.013897,4447,269,1
18140,20,15,6,42,1,19.574893,2.014996,4456,269,1
18150,20,16,3,40,1,19.585172,2.015998,4459,269,1
18160,20,19,13,53,1,19.595421,2.017009,4465,270,1
18170,18,10,4,33,1,19.604843,2.018175,4471,270,3
18180,14,5,5,25,1,19.608500,2.018542,4472,270,3
18190,18,10,4,33,1,19.615065,2.019265,4483,270,3
18200,19,10,4,34,1,19.619553,2.019660,4484,270,3
18210,8,11,3,23,1,19.621404,2.019978,4494,270,3
18220,20,10,1,32,1,19.626368,2.020445,4500,270,3
18230,3,6,4,14,1,19.632217,2.021299,4506,270,3
18240,10,4,0,15,1,19.629183,2.020920,4506,270,3
18250,2,3,2,8,1,19.624775,2.020661,4506,270,3
18260,11,5,1,18,1,19.624550,2.020469,4506,270,3
18270,0,2,1,4,1,19.616376,2.019617,4506,270,3
18280,9,5,9,24,1,19.609503,2.018809,4506,270,3
18290,16,17,6,40,1,19.617393,2.019486,4517,270,3
18300,12,12,5,30,1,19.621501,2.019865,4517,270,3
18310,12,1,1,15,1,19.623402,2.020244,4517,270,3
18320,17,9,5,32,1,19.621170,2.019721,4517,270,3
18330,16,3,0,20,1,19.622579,2.019732,4517,270,3
18340,10,5,5,21,1,19.623322,2.019810,4517,270,3
18350,19,9,2,31,1,19.627653,2.020223,4517,270,3
18360,20,7,7,35,1,19.636065,2.021057,4527,270,3
18370,5,10,1,17,1,19.637103,2.021211,4528,270,3
18380,1,2,0,4,1,19.633956,2.020968,4528,270,3
18390,19,10,2,32,1,19.636735,2.021120,4529,270,3
18400,17,6,5,29,1,19.643293,2.021797,4530,270,3
18410,19,10,1,31,1,19.650877,2.022602,4537,270,3
18420,14,7,3,25,1,19.653583,2.022882,4539,270,3
18430,9,7,3,20,1,19.658131,2.023386,4544,270,3
18440,2,1,0,4,1,19.653670,2.023007,4544,270,3
18450,4,9,2,16,1,19.647939,2.022272,4544,270,3
18460,18,9,3,31,1,19.648845,2.022345,4544,270,3
18470,15,5,2,23,1,19.653396,2.022838,4549,270,3
18480,0,0,0,0,0,19.646885,2.022383,4549,270,3
18490,11,6,2,20,1,19.640252,2.021680,4549,270,3
18500,14,4,1,20,1,19.636714,2.021295,4549,270,3
18510,18,12,5,36,1,19.641519,2.021757,4555,270,3
18520,20,16,5,42,1,19.651087,2.022755,4569,271,3
18530,15,8,13,37,1,19.659286,2.023657,4578,271,3
18540,17,14,0,32,1,19.669737,2.024836,4588,271,3
18550,20,12,6,39,1,19.675899,2.025449,4590,271,3
18560,9,6,4,20,1,19.683931,2.026390,4595,271,3
18570,17,9,7,34,1,19.687072,2.026602,4595,271,3
18580,15,12,1,29,1,19.695034,2.027513,4608,271,3
18590,13,10,5,29,1,19.700411,2.028113,4613,271,3
18600,16,15,6,38,1,19.708995,2.028909,4615,271,3
18610,6,5,2,14,1,19.714643,2.029548,4617,271,3
18620,15,12,1,29,1,19.717883,2.029883,4617,271,3
18630,3,2,1,7,1,19.721240,2.030320,4623,271,3
18640,6,5,5,17,1,19.714284,2.029549,4623,271,3
18650,6,6,3,16,1,19.708275,2.028899,4623,271,3
18660,1,3,2,7,1,19.700338,2.028005,4623,271,3
18670,6,2,2,11,1,19.697253,2.027599,4623,271,3
18680,6,4,2,13,1,19.691649,2.027035,4623,271,3
18690,2,1,0,4,1,19.686111,2.026556,4623,271,3
18700,6,11,1,19,1,19.678974,2.025667,4623,271,3
18710,14,15,3,33,1,19.683510,2.025990,4636,271,3
18720,14,5,5,25,1,19.685021,2.026114,4636,271,3
18730,0,0,0,1,1,19.680117,2.025689,4636,271,3
18740,0,0,0,0,0,19.671338,2.024865,4636,271,3
18750,11,1,3,16,1,19.665088,2.024079,4636,271,3
18760,1,2,0,4,1,19.658316,2.023539,4636,271,3
18770,2,4,1,8,1,19.650640,2.022573,4636,271,3
18780,7,9,0,17,1,19.646247,2.022034,4636,271,3
18790,14,9,1,25,1,19.642850,2.021609,4636,271,3
18800,11,2,1,15,1,19.643451,2.021639,4636,271,3
18810,4,6,0,11,1,19.638787,2.021172,4636,271,3
18820,0,0,0,1,1,19.633764,2.020646,4636,271,3
18830,0,4,2,7,1,19.624769,2.019854,4636,271,3
18840,5,1,1,8,1,19.618816,2.019299,4636,271,3
18850,0,1,0,2,1,19.614180,2.018823,4636,271,3
18860,1,0,1,3,1,19.604762,2.017878,4636,271,3
18870,0,0,0,0,0,19.597453,2.017116,4636,271,3
18880,6,7,2,16,1,19.589501,2.016266,4636,271,3
18890,10,7,5,23,1,19.589436,2.016305,4636,271,3
18900,20,10,4,35,1,19.595284,2.016843,4644,271,3
18910,17,9,2,29,1,19.601659,2.017468,4649,271,3
18920,17,11,8,37,1,19.606379,2.017944,4650,271,3
18930,15,13,9,38,1,19.613732,2.018637,4661,271,3
18940,15,7,6,29,1,19.619493,2.019309,4665,271,3
18950,18,20,5,44,1,19.629325,2.020191,4668,273,3
18960,18,19,5,43,1,19.641429,2.021537,4682,282,3
18970,17,6,4,28,1,19.646413,2.022096,4689,283,3
18980,18,14,6,39,1,19.654373,2.023005,4697,283,3
18990,6,1,1,9,1,19.655871,2.023237,4699,283,3
19000,4,2,0,7,1,19.648678,2.022685,4699,283,3
19010,0,1,0,2,1,19.640225,2.021893,4699,283,3
19020,7,0,2,10,1,19.633792,2.021155,4699,283,3
19030,3,2,2,8,1,19.627831,2.020521,4699,283,3
19040,10,1,4,16,1,19.624221,2.020097,4699,283,3
19050,13,5,0,19,1,19.624302,2.020128,4699,283,3
19060,16,3,4,24,1,19.627643,2.020485,4700,283,3
19070,7,5,6,19,1,19.626202,2.020273,4700,283,3
19080,20,9,0,30,1,19.630757,2.020732,4705,283,3
19090,10,7,3,21,1,19.631253,2.020839,4708,283,3
19100,15,7,9,32,1,19.633079,2.020898,4708,283,3
19110,0,1,0,2,1,19.634453,2.021303,4713,283,3
19120,0,0,0,1,1,19.626001,2.020543,4713,283,3
19130,1,1,0,3,1,19.618407,2.019621,4713,283,3
19140,3,2,0,6,1,19.613539,2.018991,4713,283,3
19150,2,2,0,5,1,19.605437,2.018256,4713,283,3
19160,12,8,2,23,1,19.600464,2.017757,4713,283,3
19170,15,8,4,28,1,19.602515,2.018024,4713,283,3
19180,11,9,2,23,1,19.608785,2.018714,4720,283,3
19190,14,2,4,21,1,19.609685,2.018797,4720,283,3
19200,10,7,7,25,1,19.608972,2.018682,4720,283,3
19210,17,7,0,25,1,19.612773,2.019064,4722,283,3
19220,10,5,2,18,1,19.614117,2.019204,4728,283,3
19230,6,5,3,15,1,19.612816,2.019050,4728,283,3
19240,14,6,4,25,1,19.607506,2.018440,4728,283,3
19250,17,19,8,45,1,19.616713,2.019422,4734,283,3
19260,7,5,1,14,1,19.624586,2.020439,4741,287,3
19270,5,0,0,6,1,19.618318,2.019752,4741,287,3
19280,11,4,1,17,1,19.613437,2.019250,4741,287,3
19290,11,6,4,22,1,19.613262,2.019202,4741,287,3
19300,19,3,0,23,1,19.613816,2.019303,4741,287,3
19310,6,9,5,21,1,19.611993,2.019117,4741,287,3
19320,13,5,0,19,1,19.612036,2.019198,4741,287,3
19330,10,4,2,17,1,19.612449,2.019339,4741,287,3
19340,12,4,4,21,1,19.608800,2.018857,4741,287,3
19350,11,9,1,22,1,19.605850,2.018426,4741,287,3
19360,11,1,1,14,1,19.605018,2.018342,4741,287,3
19370,8,1,2,12,1,19.604597,2.018289,4741,287,3
19380,7,5,3,16,1,19.600591,2.017739,4741,287,3
19390,1,3,0,5,1,19.597036,2.017310,4741,287,3
19400,9,3,3,16,1,19.592446,2.016775,4741,287,3
19410,3,2,3,9,1,19.588114,2.016352,4741,287,3
19420,7,9,1,18,1,19.586716,2.016081,4741,287,3
19430,15,4,8,28,1,19.589831,2.016403,4743,287,3
19440,16,6,1,24,1,19.589190,2.016360,4743,287,3
19450,15,6,7,29,1,19.592304,2.016683,4744,287,3
19460,19,12,5,37,1,19.593415,2.016681,4744,287,3
19470,11,4,2,18,1,19.598645,2.017338,4753,287,3
19480,17,8,2,28,1,19.598864,2.017320,4753,287,3
19490,15,7,5,28,1,19.604392,2.017987,4762,287,3
19500,0,2,2,5,1,19.601577,2.017805,4762,287,3
19510,8,9,11,29,1,19.596740,2.017064,4762,287,3
19520,19,8,2,30,1,19.602959,2.017642,4767,287,3
19530,19,11,2,33,1,19.607931,2.018027,4768,287,3
19540,9,8,2,20,1,19.614272,2.018724,4776,287,3
19550,17,6,3,27,1,19.617704,2.018962,4776,287,3
19560,13,1,3,18,1,19.619299,2.019075,4776,287,3
19570,12,13,5,31,1,19.620767,2.018984,4776,287,3
19580,19,13,3,36,1,19.629763,2.019795,4778,287,3
19590,18,13,2,34,1,19.638765,2.020712,4786,287,3
19600,13,6,6,26,1,19.641155,2.021087,4788,287,3
19610,18,5,10,34,1,19.647598,2.021636,4797,287,3
19620,5,4,0,10,1,19.647529,2.021768,4803,287,3
19630,8,6,1,16,1,19.644973,2.021295,4803,287,3
19640,20,6,5,32,1,19.647066,2.021428,4805,287,3
19650,18,11,1,31,1,19.649474,2.021551,4805,287,3
19660,6,0,0,7,1,19.650558,2.021950,4807,287,3
19670,17,8,9,35,1,19.652678,2.021990,4808,287,3
19680,18,10,3,32,1,19.663065,2.023114,4820,290,3
19690,11,2,3,17,1,19.665750,2.023308,4826,290,3
19700,2,5,0,8,1,19.659243,2.022767,4826,290,3
19710,4,1,3,9,1,19.653076,2.022135,4826,290,3
19720,9,1,7,18,1,19.649347,2.021763,4826,290,3
19730,11,5,5,22,1,19.649210,2.021825,4826,290,3
19740,20,12,3,36,1,19.653589,2.022120,4829,290,3
19750,18,5,2,26,1,19.659214,2.022721,4840,290,3
19760,19,6,3,29,1,19.661456,2.022828,4845,290,3
19770,19,9,7,36,1,19.663684,2.022891,4846,290,3
19780,11,5,5,22,1,19.666741,2.023291,4847,290,3
19790,5,5,3,14,1,19.666532,2.023104,4847,290,3
19800,16,8,6,31,1,19.669129,2.023268,4848,290,3
19810,17,19,2,39,1,19.677477,2.024098,4861,292,3
19820,12,5,12,30,1,19.680881,2.024397,4865,294,3
19830,20,13,7,41,1,19.685843,2.024795,4874,294,3
19840,16,9,3,29,1,19.693685,2.025698,4887,294,3
19850,18,12,4,35,1,19.700461,2.026334,4891,294,3
19860,7,12,4,24,1,19.705329,2.026974,4897,294,3
19870,19,7,2,29,1,19.709017,2.027313,4900,294,3
19880,13,4,1,19,1,19.710358,2.027517,4902,294,3
19890,0,0,0,1,1,19.704282,2.026999,4902,294,3
19900,0,0,0,0,0,19.696383,2.026293,4902,294,3
19910,7,5,1,14,1,19.689053,2.025583,4902,294,3
19920,13,8,0,22,1,19.689289,2.025599,4902,294,3
19930,15,9,9,34,1,19.691154,2.025772,4902,294,3
19940,18,16,6,41,1,19.701521,2.026799,4912,294,3
19950,12,14,7,34,1,19.711600,2.027838,4918,302,3
19960,18,8,5,32,1,19.718486,2.028590,4931,302,3
19970,15,13,4,33,1,19.726925,2.029450,4931,302,3
19980,15,14,6,36,1,19.732723,2.030028,4938,302,3
19990,15,17,6,39,1,19.741928,2.030987,4942,302,3
20000,12,13,4,30,1,19.748794,2.031685,4954,302,3
20010,17,5,6,29,1,19.756627,2.032514,4962,304,3
20020,5,1,0,7,1,19.757011,2.032556,4964,304,3
20030,13,5,6,25,1,19.754088,2.032163,4964,304,3
20040,0,3,3,7,1,19.753429,2.032181,4964,304,3
20050,8,6,1,16,1,19.748885,2.031518,4964,304,3
20060,3,4,2,10,1,19.745078,2.031264,4964,304,3
20070,5,3,2,11,1,19.739093,2.030650,4964,304,3
20080,0,3,1,5,1,19.732098,2.029974,4964,304,3
20090,6,3,0,10,1,19.724718,2.029134,4964,304,3
20100,11,7,0,19,1,19.724028,2.029065,4966,304,3
20110,11,8,3,23,1,19.726624,2.029262,4966,304,3
20120,19,6,3,29,1,19.731216,2.029684,4966,304,3
20130,6,6,2,15,1,19.731287,2.029735,4966,304,3
20140,2,0,0,3,1,19.728705,2.029337,4966,304,3
20150,16,6,4,27,1,19.727896,2.029153,4966,304,3
20160,18,5,4,28,1,19.735613,2.030063,4986,304,3
20170,20,8,5,34,1,19.741930,2.030756,4996,304,3
20180,19,10,2,32,1,19.749686,2.031473,5017,304,3
20190,20,6,6,33,1,19.754927,2.032118,5020,304,3
20200,17,13,5,36,1,19.763636,2.032975,5034,304,3
20210,20,3,8,32,1,19.770079,2.033743,5045,304,3
20220,17,15,4,37,1,19.777443,2.034441,5049,304,3
20230,19,8,4,32,1,19.782437,2.034988,5049,304,3
20240,20,14,1,36,1,19.791639,2.035999,5058,307,3
20250,18,13,7,39,1,19.800213,2.036873,5063,307,3
20260,15,11,4,31,1,19.807600,2.037749,5079,307,3
20270,1,1,0,3,1,19.808243,2.037982,5079,307,3
20280,15,3,2,21,1,19.805106,2.037527,5079,307,3
20290,13,3,7,24,1,19.807864,2.037885,5079,307,3
20300,17,17,7,42,1,19.813212,2.038179,5086,307,3
20310,18,9,1,29,1,19.820020,2.039037,5092,307,3
20320,4,4,1,10,1,19.820014,2.039193,5092,307,3
20330,1,1,0,3,1,19.815198,2.038710,5092,307,3
20340,0,0,0,1,1,19.807883,2.037918,5092,307,3
20350,3,4,4,12,1,19.801881,2.037292,5092,307,3
20360,12,1,3,17,1,19.796887,2.036647,5092,307,3
20370,1,0,0,2,1,19.789721,2.036128,5092,307,3
20380,8,0,2,11,1,19.784278,2.035487,5092,307,3
20390,10,3,0,14,1,19.778290,2.034750,5092,307,3
20400,5,1,4,11,1,19.772713,2.034261,5092,307,3
20410,7,4,2,14,1,19.767049,2.033700,5092,307,3
20420,14,11,6,32,1,19.768717,2.033720,5092,307,3
20430,6,11,0,18,1,19.771906,2.034132,5095,307,3
20440,4,3,0,8,1,19.765808,2.033527,5095,307,3
20450,17,10,2,30,1,19.767603,2.033632,5096,307,3
20460,18,6,8,33,1,19.771965,2.034063,5096,307,3
20470,12,12,4,29,1,19.773238,2.034114,5097,307,3
20480,11,4,5,21,1,19.778059,2.034633,5100,307,3
20490,6,3,2,12,1,19.774539,2.034313,5100,307,3
20500,3,0,1,5,1,19.770534,2.033832,5100,307,3
20510,3,1,1,6,1,19.764628,2.033257,5100,307,3
20520,4,10,3,18,1,19.760138,2.032604,5100,307,3
20530,7,7,0,15,1,19.756591,2.032261,5100,307,3
20540,17,4,4,26,1,19.757736,2.032259,5100,307,3
20550,7,7,6,21,1,19.761183,2.032555,5101,307,3
20560,15,5,1,22,1,19.761515,2.032612,5101,307,3
20570,12,13,3,29,1,19.767720,2.033252,5108,307,3
20580,15,7,8,31,1,19.774149,2.033946,5114,307,3
20590,14,8,2,25,1,19.776004,2.034150,5114,307,3
20600,10,8,2,21,1,19.778046,2.034402,5114,307,3
20610,19,5,6,31,1,19.782826,2.034805,5121,307,3
20620,15,0,8,24,1,19.785964,2.035140,5125,307,3
20630,11,6,5,23,1,19.786589,2.035217,5126,307,3
20640,17,12,3,33,1,19.791070,2.035538,5130,307,3
20650,19,3,4,27,1,19.797651,2.036359,5145,307,3
20660,2,12,2,17,1,19.800787,2.036714,5149,307,3
20670,14,3,2,20,1,19.799375,2.036663,5149,307,3
20680,11,7,6,25,1,19.799024,2.036639,5149,307,3
20690,11,7,3,22,1,19.800112,2.036793,5151,307,3
20700,20,7,4,32,1,19.802713,2.036952,5153,307,3
20710,13,5,7,26,1,19.806257,2.037339,5153,307,3
20720,12,8,1,22,1,19.808028,2.037483,5153,307,3
20730,11,13,11,36,1,19.809735,2.037519,5153,307,3
20740,14,9,6,30,1,19.817548,2.038406,5159,307,3
20750,16,13,5,35,1,19.824826,2.039116,5164,307,3
20760,5,1,0,7,1,19.826364,2.039418,5165,307,3
20770,2,2,0,5,1,19.819205,2.038795,5165,307,3
20780,8,3,1,13,1,19.813984,2.038149,5165,307,3
20790,2,3,1,7,1,19.810415,2.037834,5165,307,3
20800,11,6,0,18,1,19.807199,2.037435,5165,307,3
20810,8,5,0,14,1,19.805884,2.037262,5165,307,3
20820,10,13,6,30,1,19.806130,2.037319,5165,307,3
20830,8,8,2,19,1,19.807957,2.037560,5169,307,3
20840,1,0,0,2,1,19.801902,2.036919,5169,307,3
20850,0,0,0,1,1,19.793779,2.036156,5169,307,3
20860,20,2,7,30,1,19.793120,2.035940,5170,307,3
20870,13,13,0,27,1,19.794924,2.036168,5170,307,3
20880,10,2,7,20,1,19.796640,2.036356,5180,307,3
20890,10,7,2,20,1,19.794096,2.035926,5180,307,3
20900,17,4,3,25,1,19.796813,2.036068,5180,307,3
20910,19,5,7,32,1,19.801030,2.036464,5180,307,3
20920,20,7,8,36,1,19.806632,2.037022,5190,307,3
20930,17,3,2,23,1,19.809379,2.037257,5190,307,3
20940,15,12,6,34,1,19.814146,2.037579,5190,307,3
20950,19,7,3,30,1,19.822798,2.038351,5195,310,3
20960,18,9,3,31,1,19.829517,2.039205,5206,310,3
20970,11,8,5,25,1,19.833326,2.039559,5206,310,3
20980,8,9,0,18,1,19.831905,2.039455,5206,310,3
20990,2,4,1,8,1,19.827227,2.039057,5206,310,3
21000,4,5,1,11,1,19.821998,2.038631,5206,310,3
21010,0,0,0,1,1,19.816548,2.038053,5206,310,3
21020,15,5,4,25,1,19.815966,2.037886,5212,310,3
21030,8,3,3,15,1,19.817456,2.037922,5212,310,3
21040,9,2,1,13,1,19.814521,2.037612,5212,310,3
21050,5,2,0,8,1,19.811046,2.037257,5212,310,3
21060,13,5,2,21,1,19.805031,2.036562,5212,310,3
21070,19,6,2,28,1,19.807295,2.036698,5214,310,3
21080,17,4,1,23,1,19.809099,2.036905,5214,310,3
21090,19,9,4,33,1,19.813958,2.037328,5219,310,3
21100,0,1,2,4,1,19.815065,2.037653,5219,310,3
21110,9,6,1,17,1,19.815178,2.037498,5219,310,3
21120,5,3,1,10,1,19.811802,2.037154,5219,310,3
21130,7,0,6,14,1,19.808355,2.036643,5219,310,3
21140,1,4,0,6,1,19.805575,2.036399,5219,310,3
21150,2,4,0,7,1,19.797947,2.035618,5219,310,3
21160,0,0,0,0,0,19.789967,2.034859,5219,310,3
21170,9,2,2,14,1,19.785749,2.034369,5219,310,3
21180,18,10,10,39,1,19.787963,2.034461,5219,310,3
21190,19,12,2,34,1,19.797054,2.035388,5238,310,3
21200,10,6,3,20,1,19.798554,2.035545,5240,310,3
21210,16,2,4,23,1,19.800117,2.035570,5240,310,3
21220,9,8,3,21,1,19.805749,2.036250,5248,310,3
21230,11,8,2,22,1,19.809215,2.036649,5252,310,3
21240,17,9,6,33,1,19.808998,2.036659,5252,310,3
21250,20,18,8,47,1,19.819653,2.037698,5266,310,3
21260,15,17,5,38,1,19.829674,2.038809,5273,310,3
21270,19,10,3,33,1,19.837081,2.039623,5279,310,3
21280,18,19,8,46,1,19.846428,2.040478,5292,310,3
21290,17,6,5,29,1,19.852605,2.041313,5300,313,3
21300,20,18,6,45,1,19.860585,2.042086,5316,313,3
21310,19,8,6,34,1,19.869061,2.043138,5327,317,3
21320,17,8,9,35,1,19.874643,2.043704,5329,317,3
21330,14,16,4,35,1,19.882442,2.044460,5337,317,3
21340,16,11,4,32,1,19.886168,2.044895,5337,317,3
21350,7,13,6,27,1,19.887870,2.045092,5337,317,3
21360,13,7,6,27,1,19.891418,2.045380,5337,317,3
21370,10,7,3,21,1,19.892685,2.045483,5337,317,3
21380,20,11,5,37,1,19.900368,2.046118,5346,317,3
21390,14,13,3,31,1,19.905098,2.046627,5349,317,3
21400,17,4,5,27,1,19.907264,2.046951,5349,317,3
21410,16,18,11,46,1,19.914586,2.047549,5354,317,3
21420,17,4,2,24,1,19.922390,2.048491,5362,317,3
21430,13,19,7,40,1,19.923613,2.048521,5362,324,3
21440,13,12,5,31,1,19.928102,2.049005,5368,325,3
21450,14,12,7,34,1,19.936085,2.049789,5369,326,3
21460,5,11,7,24,1,19.939692,2.050172,5369,326,3
21470,1,0,0,2,1,19.936306,2.049846,5369,326,3
21480,0,0,2,3,1,19.928875,2.049055,5369,326,3
21490,11,2,0,14,1,19.923961,2.048455,5369,326,3
21500,15,12,7,35,1,19.926527,2.048701,5369,326,3
21510,17,6,6,30,1,19.931901,2.049247,5369,326,3
21520,7,2,6,16,1,19.930923,2.049168,5369,326,3
21530,15,7,3,26,1,19.931774,2.049288,5369,326,3
21540,11,11,9,32,1,19.936467,2.049704,5372,326,3
21550,9,2,3,15,1,19.937222,2.049785,5376,326,3
21560,9,0,6,16,1,19.933533,2.049427,5376,326,3
21570,4,0,0,5,1,19.928878,2.048834,5376,326,3
21580,20,6,6,33,1,19.931512,2.048981,5386,326,3
21590,9,2,0,12,1,19.931397,2.049128,5386,326,3
21600,0,0,0,1,1,19.924577,2.048507,5386,326,3
21610,9,0,2,12,1,19.919057,2.047981,5386,326,3
21620,10,4,0,15,1,19.919048,2.047963,5386,326,3
21630,6,5,5,17,1,19.913651,2.047362,5386,326,3
21640,11,7,1,20,1,19.914169,2.047418,5386,326,3
21650,0,2,0,3,1,19.908566,2.046913,5386,326,3
21660,11,4,0,16,1,19.904827,2.046346,5386,326,3
21670,17,10,3,31,1,19.910849,2.046958,5389,326,3
21680,18,14,5,38,1,19.918676,2.047775,5401,326,3
21690,0,0,0,0,0,19.919570,2.048093,5402,326,3
21700,0,0,0,1,1,19.911325,2.047228,5402,326,3
21710,0,1,0,2,1,19.903657,2.046588,5402,326,3
21720,6,0,2,9,1,19.896575,2.045804,5402,326,3
21730,0,0,0,0,0,19.889349,2.045102,5402,326,3
21740,3,2,0,6,1,19.883708,2.044486,5402,326,3
21750,3,0,0,4,1,19.876661,2.043822,5402,326,3
21760,5,5,0,11,1,19.871247,2.043152,5402,326,3
21770,2,3,0,6,1,19.868217,2.042804,5402,326,3
21780,6,4,0,11,1,19.862326,2.042239,5402,326,3
21790,1,6,5,13,1,19.858737,2.041815,5402,326,3
21800,15,16,4,36,1,19.862236,2.042033,5409,326,3
21810,13,15,0,29,1,19.865378,2.042282,5411,326,3
21820,15,10,5,31,1,19.873016,2.043002,5423,326,3
21830,20,15,8,44,1,19.881062,2.043803,5428,328,3
21840,16,8,3,28,1,19.888812,2.044583,5448,328,3
21850,12,10,7,30,1,19.889796,2.044600,5448,328,3
21860,12,7,5,25,1,19.894965,2.045182,5454,328,3
21870,5,4,3,13,1,19.896439,2.045346,5454,328,3
21880,5,2,2,10,1,19.891331,2.044766,5454,328,3
21890,2,2,0,5,1,19.885340,2.044230,5454,328,3
21900,14,3,0,18,1,19.879767,2.043784,5454,328,3
21910,16,10,10,37,1,19.885771,2.044327,5462,328,3
21920,19,11,5,36,1,19.894446,2.045212,5471,329,3
21930,19,9,4,33,1,19.900468,2.045824,5473,329,3
21940,17,12,3,33,1,19.905178,2.046301,5474,329,3
21950,20,12,4,37,1,19.910203,2.046849,5474,329,3
21960,9,6,1,17,1,19.913845,2.047361,5478,329,3
21970,16,7,4,28,1,19.913959,2.047519,5478,329,3
21980,3,2,1,7,1,19.913733,2.047546,5478,329,3
21990,0,0,0,1,1,19.906966,2.046929,5478,329,3
22000,1,1,0,3,1,19.898692,2.046215,5478,329,3
22010,1,0,0,2,1,19.894070,2.045751,5478,329,3
22020,7,4,1,13,1,19.887172,2.045073,5478,329,3
22030,8,9,0,18,1,19.883330,2.044671,5478,329,3
22040,18,8,2,29,1,19.887822,2.045144,5482,329,3
22050,19,2,7,29,1,19.891825,2.045511,5487,329,3
22060,10,7,2,20,1,19.894822,2.045793,5488,329,3
22070,15,1,2,19,1,19.895609,2.045866,5488,329,3
22080,12,3,1,17,1,19.893257,2.045598,5488,329,3
22090,19,12,7,39,1,19.895843,2.045695,5488,329,3
22100,9,4,0,14,1,19.898620,2.046154,5493,329,3
22110,17,8,9,35,1,19.899955,2.046094,5493,329,3
22120,13,8,1,23,1,19.908103,2.047001,5506,330,3
22130,5,1,1,8,1,19.907309,2.046855,5506,330,3
22140,3,5,4,13,1,19.901199,2.046163,5506,330,3
22150,8,7,2,18,1,19.900659,2.046119,5506,330,3
22160,17,2,5,25,1,19.898208,2.045832,5506,330,3
22170,19,8,4,32,1,19.903367,2.046270,5512,332,3
22180,7,4,1,13,1,19.905865,2.046472,5520,332,3
22190,6,0,2,9,1,19.899430,2.045766,5520,332,3
22200,1,1,0,3,1,19.892132,2.045208,5520,332,3
22210,5,3,0,9,1,19.886209,2.044516,5520,332,3
22220,3,3,0,7,1,19.878928,2.043940,5520,332,3
22230,1,3,3,8,1,19.872194,2.043288,5520,332,3
22240,1,0,1,3,1,19.867932,2.042937,5520,332,3
22250,1,2,1,5,1,19.861264,2.042216,5520,332,3
22260,0,0,0,0,0,19.853167,2.041518,5520,332,3
22270,0,0,0,0,0,19.845964,2.040855,5520,332,3
22280,20,3,4,28,1,19.842980,2.040550,5521,332,3
22290,5,4,3,13,1,19.839820,2.040425,5522,332,3
22300,8,5,2,16,1,19.835208,2.040029,5522,332,3
22310,5,1,2,9,1,19.832064,2.039707,5522,332,3
22320,9,3,1,14,1,19.825704,2.039187,5522,332,3
22330,0,1,1,3,1,19.819537,2.038564,5522,332,3
22340,1,2,0,4,1,19.812686,2.037890,5522,332,3
22350,5,0,0,6,1,19.806010,2.037121,5522,332,3
22360,1,1,1,4,1,19.798037,2.036378,5522,332,3
22370,18,11,2,32,1,19.796501,2.035988,5522,332,3
22380,1,0,1,3,1,19.795749,2.036109,5524,332,3
22390,11,7,6,25,1,19.795117,2.035971,5524,332,3
22400,15,10,8,34,1,19.803424,2.036791,5530,332,3
22410,19,15,13,48,1,19.812729,2.037740,5538,333,3
22420,12,11,5,29,1,19.821573,2.038755,5548,333,3
22430,11,6,1,19,1,19.821098,2.038811,5548,333,3
22440,16,14,2,33,1,19.827265,2.039391,5562,333,3
22450,20,16,7,44,1,19.835158,2.040224,5566,333,3
22460,11,4,6,22,1,19.839282,2.040753,5569,333,3
22470,0,1,0,2,1,19.834318,2.040394,5569,333,3
22480,0,2,0,3,1,19.828602,2.039845,5569,333,3
22490,3,0,2,6,1,19.821400,2.039134,5569,333,3
22500,11,3,1,16,1,19.817657,2.038714,5569,333,3
22510,4,1,1,7,1,19.816149,2.038589,5569,333,3
22520,15,11,4,31,1,19.810696,2.037983,5569,333,3
22530,13,9,4,27,1,19.814339,2.038313,5569,333,3
22540,9,4,0,14,1,19.815328,2.038417,5572,333,3
22550,1,1,0,3,1,19.814091,2.038412,5572,333,3
22560,12,4,2,19,1,19.810076,2.037834,5572,333,3
22570,12,15,0,28,1,19.815123,2.038299,5574,333,3
22580,12,9,7,29,1,19.817217,2.038480,5574,333,3
22590,7,4,5,17,1,19.817809,2.038477,5574,333,3
22600,8,4,3,16,1,19.817535,2.038405,5574,333,3
22610,7,6,4,18,1,19.814411,2.038160,5574,333,3
22620,18,8,9,36,1,19.817028,2.038357,5577,333,3
22630,15,13,0,29,1,19.822638,2.038982,5589,336,3
22640,16,5,2,24,1,19.823700,2.039019,5590,336,3
22650,12,10,1,24,1,19.829207,2.039532,5595,336,3
22660,17,10,0,28,1,19.833366,2.039971,5605,336,3
22670,20,12,7,40,1,19.838945,2.040575,5611,336,3
22680,18,17,5,41,1,19.847162,2.041422,5628,336,3
22690,18,7,4,30,1,19.853754,2.042112,5638,336,3
22700,5,1,0,7,1,19.852358,2.041952,5641,336,3
22710,1,0,0,2,1,19.844946,2.041173,5641,336,3
22720,2,0,0,3,1,19.839104,2.040657,5641,336,3
22730,6,5,3,15,1,19.833221,2.040054,5641,336,3
22740,0,0,1,2,1,19.826955,2.039578,5641,336,3
22750,17,3,2,23,1,19.821396,2.038851,5641,336,3
22760,7,5,5,18,1,19.823233,2.038996,5642,336,3
22770,12,10,0,23,1,19.821109,2.038761,5642,336,3
22780,0,3,4,8,1,19.822108,2.038847,5642,336,3
22790,4,2,2,9,1,19.814984,2.038089,5642,336,3
22800,20,11,5,37,1,19.818510,2.038307,5648,336,3
22810,11,3,3,18,1,19.819611,2.038450,5650,336,3
22820,2,2,0,5,1,19.813263,2.037937,5650,336,3
22830,1,2,0,4,1,19.808376,2.037537,5650,336,3
22840,7,3,1,12,1,19.802247,2.036734,5650,336,3
22850,1,7,0,9,1,19.801857,2.036660,5650,336,3
22860,12,7,3,23,1,19.801681,2.036387,5650,336,3
22870,8,11,2,22,1,19.799999,2.036125,5650,336,3
22880,10,6,3,20,1,19.803495,2.036486,5650,336,3
22890,5,4,1,11,1,19.801052,2.036247,5650,336,3
22900,2,1,1,5,1,19.794540,2.035616,5650,336,3
22910,0,0,0,1,1,19.787370,2.034899,5650,336,3
22920,3,1,1,6,1,19.780607,2.034123,5650,336,3
22930,7,1,2,11,1,19.774655,2.033586,5650,336,3
22940,2,6,0,9,1,19.772728,2.033445,5650,336,3
22950,2,1,0,4,1,19.765550,2.032764,5650,336,3
22960,0,1,0,2,1,19.758220,2.032030,5650,336,3
22970,4,3,3,11,1,19.751809,2.031400,5650,336,3
22980,18,12,1,32,1,19.749727,2.031107,5650,336,3
22990,3,8,3,15,1,19.750478,2.031177,5652,336,3
23000,10,3,4,18,1,19.748328,2.030922,5652,336,3
23010,18,4,2,25,1,19.751673,2.031213,5653,336,3
23020,14,20,8,43,1,19.757905,2.031738,5656,337,3
23030,11,9,6,27,1,19.764405,2.032463,5656,340,3
23040,11,4,0,16,1,19.766241,2.032573,5656,340,3
23050,11,8,6,26,1,19.766301,2.032545,5656,340,3
23060,11,9,3,24,1,19.769507,2.032841,5657,340,3
23070,20,8,5,34,1,19.773407,2.033208,5659,340,3
23080,16,2,6,25,1,19.776790,2.033639,5676,340,3
23090,12,8,5,26,1,19.779493,2.033892,5681,340,3
23100,15,15,3,34,1,19.784006,2.034413,5683,340,3
23110,14,4,5,24,1,19.789007,2.035056,5689,340,3
23120,1,3,1,6,1,19.786323,2.034991,5689,340,3
23130,16,4,1,22,1,19.785802,2.034912,5689,340,3
23140,1,5,2,9,1,19.783226,2.034604,5689,340,3
23150,14,9,4,28,1,19.780835,2.034351,5689,340,3
23160,7,2,1,11,1,19.780492,2.034363,5689,340,3
23170,0,8,3,12,1,19.775974,2.033873,5689,340,3
23180,6,7,3,17,1,19.771021,2.033402,5689,340,3
23190,8,3,2,14,1,19.770376,2.033302,5689,340,3
23200,1,1,2,5,1,19.764417,2.032709,5689,340,3
23210,16,1,1,19,1,19.762662,2.032531,5689,340,3
23220,7,0,2,10,1,19.758050,2.032068,5689,340,3
23230,6,5,2,14,1,19.753463,2.031607,5689,340,3
23240,5,4,1,11,1,19.752077,2.031457,5689,340,3
23250,16,3,3,23,1,19.749353,2.031098,5689,340,3
23260,13,6,3,23,1,19.752812,2.031384,5692,340,3
23270,16,9,0,26,1,19.753731,2.031427,5692,340,3
23280,8,7,5,21,1,19.759030,2.031938,5700,340,3
23290,17,11,7,36,1,19.759574,2.031979,5700,340,3
23300,15,8,9,33,1,19.765339,2.032565,5703,340,3
23310,16,4,8,29,1,19.769798,2.033106,5703,340,3
23320,15,14,5,35,1,19.773405,2.033354,5703,340,3
23330,4,3,1,9,1,19.775641,2.033729,5703,340,3
23340,13,4,1,19,1,19.773681,2.033368,5703,340,3
23350,14,16,7,38,1,19.776257,2.033501,5703,340,3
23360,18,13,2,34,1,19.784300,2.034348,5713,341,3
23370,19,16,4,40,1,19.789226,2.034786,5724,341,3
23380,20,17,1,39,1,19.796010,2.035539,5744,341,3
23390,19,9,7,36,1,19.802970,2.036141,5753,341,3
23400,15,6,5,27,1,19.807579,2.036689,5754,341,3
23410,13,5,1,20,1,19.809535,2.036847,5754,341,3
23420,16,8,5,30,1,19.813195,2.037208,5754,341,3
23430,18,14,9,42,1,19.819738,2.037829,5767,341,3
23440,14,10,1,26,1,19.827208,2.038761,5776,341,3
23450,20,17,13,51,1,19.835717,2.039611,5793,343,3
23460,14,12,0,27,1,19.845860,2.040710,5808,347,3
23470,12,9,6,28,1,19.850781,2.041245,5814,347,3
23480,9,5,2,17,1,19.854367,2.041625,5815,347,3
23490,12,14,2,29,1,19.859402,2.042127,5828,347,3
23500,7,8,3,19,1,19.861645,2.042449,5828,347,3
23510,5,13,0,19,1,19.862106,2.042463,5828,347,3
23520,9,5,4,19,1,19.862798,2.042554,5828,347,3
23530,3,0,1,5,1,19.858555,2.042209,5828,347,3
23540,7,0,1,9,1,19.852683,2.041670,5828,347,3
23550,10,4,1,16,1,19.850910,2.041329,5828,347,3
23560,20,10,5,36,1,19.852581,2.041450,5832,347,3
23570,14,6,3,24,1,19.856147,2.041890,5835,347,3
23580,1,2,1,5,1,19.852887,2.041717,5835,347,3
23590,1,0,0,2,1,19.846527,2.041154,5835,347,3
23600,9,5,0,15,1,19.841617,2.040660,5835,347,3
23610,0,0,0,1,1,19.835802,2.040162,5835,347,3
23620,9,3,5,18,1,19.831866,2.039750,5835,347,3
23630,20,10,6,37,1,19.834173,2.039848,5836,347,3
23640,18,7,2,28,1,19.836594,2.040054,5845,347,3
23650,16,13,3,33,1,19.843458,2.040727,5846,347,3
23660,12,7,1,21,1,19.846320,2.041094,5846,347,3
23670,7,3,3,14,1,19.848105,2.041342,5846,347,3
23680,2,0,1,4,1,19.841984,2.040732,5846,347,3
23690,0,6,2,9,1,19.836357,2.040182,5846,347,3
23700,12,7,1,21,1,19.833299,2.039781,5846,347,3
23710,15,8,1,25,1,19.832567,2.039664,5846,347,3
23720,17,6,1,25,1,19.833508,2.039754,5846,347,3
23730,9,11,2,23,1,19.836655,2.040026,5850,347,3
23740,10,9,0,20,1,19.837411,2.040044,5850,347,3
23750,17,8,6,32,1,19.841108,2.040268,5854,347,3
23760,10,8,6,25,1,19.847276,2.041019,5876,349,3
23770,8,4,7,20,1,19.848649,2.041065,5877,349,3
23780,0,0,0,1,1,19.848359,2.040984,5877,349,3
23790,1,1,1,4,1,19.841368,2.040347,5877,349,3
23800,1,0,0,2,1,19.834574,2.039668,5877,349,3
23810,0,0,0,0,0,19.827540,2.038974,5877,349,3
23820,1,4,1,7,1,19.821318,2.038406,5877,349,3
23830,6,2,3,12,1,19.816105,2.037855,5877,349,3
23840,1,1,0,3,1,19.811619,2.037351,5877,349,3
23850,2,6,4,13,1,19.806733,2.036755,5877,349,3
23860,7,4,0,12,1,19.805551,2.036565,5877,349,3
23870,6,5,2,14,1,19.802796,2.036214,5877,349,3
23880,6,1,0,8,1,19.798291,2.035893,5877,349,3
23890,2,1,0,4,1,19.792055,2.035447,5877,349,3
23900,4,2,0,7,1,19.785893,2.034806,5877,349,3
23910,0,0,0,0,0,19.781778,2.034376,5877,349,3
23920,0,0,0,1,1,19.775102,2.033674,5877,349,3
23930,20,5,0,26,1,19.772613,2.033272,5877,349,3
23940,15,11,9,36,1,19.778250,2.033836,5884,349,3
23950,18,10,5,34,1,19.786356,2.034681,5891,349,3
23960,18,9,8,36,1,19.792152,2.035357,5897,349,3
23970,16,6,9,32,1,19.798988,2.036255,5912,349,3
23980,19,5,3,28,1,19.807653,2.037227,5934,350,3
23990,6,1,1,9,1,19.808788,2.037415,5934,350,3
24000,14,13,4,32,1,19.806471,2.037057,5934,350,3
24010,14,7,1,23,1,19.807278,2.037185,5934,350,3
24020,15,12,3,31,1,19.811149,2.037646,5941,350,3
24030,15,8,3,27,1,19.814706,2.037927,5948,350,3
24040,20,13,7,41,1,19.820923,2.038534,5963,350,3
24050,15,16,2,34,1,19.827225,2.039158,5968,350,3
24060,18,5,2,26,1,19.832398,2.039787,5970,350,3
24070,16,6,0,23,1,19.833889,2.040047,5980,350,3
24080,6,6,2,15,1,19.832698,2.039979,5981,350,3
24090,5,1,2,9,1,19.831134,2.039707,5981,350,3
24100,6,3,5,15,1,19.827157,2.039152,5981,350,3
24110,2,0,1,4,1,19.821673,2.038668,5981,350,3
24120,8,7,0,16,1,19.816476,2.038127,5981,350,3
24130,1,1,0,3,1,19.814472,2.037984,5981,350,3
24140,3,5,1,10,1,19.809199,2.037357,5981,350,3
24150,0,0,1,2,1,19.803359,2.036801,5981,350,3
24160,3,2,3,9,1,19.797697,2.036273,5981,350,3
24170,6,7,1,15,1,19.793090,2.035836,5981,350,3
24180,10,0,1,12,1,19.787801,2.035207,5981,350,3
24190,4,5,0,10,1,19.783198,2.034718,5981,350,3
24200,7,9,0,17,1,19.777579,2.034142,5981,350,3
24210,4,2,0,7,1,19.775764,2.033949,5981,350,3
24220,3,1,1,6,1,19.769012,2.033265,5981,350,3
24230,6,4,1,12,1,19.763293,2.032601,5981,350,3
24240,16,13,6,36,1,19.765571,2.032699,5981,350,3
24250,6,5,5,17,1,19.767941,2.033023,5981,350,3
24260,12,5,2,20,1,19.769485,2.033192,5984,350,3
24270,3,4,0,8,1,19.769487,2.033220,5986,350,3
24280,11,2,5,19,1,19.766749,2.032881,5986,350,3
24290,12,7,6,26,1,19.767509,2.032832,5986,350,3
24300,7,1,1,10,1,19.765450,2.032596,5986,350,3
24310,1,0,0,2,1,19.758777,2.031955,5986,350,3
24320,0,0,0,0,0,19.751964,2.031291,5986,350,3
24330,0,0,0,1,1,19.744878,2.030573,5986,350,3
24340,13,10,4,28,1,19.745277,2.030530,5986,350,3
24350,16,11,3,31,1,19.750778,2.031081,5996,350,3
24360,18,10,5,34,1,19.755608,2.031554,6002,350,3
24370,15,6,0,22,1,19.760266,2.032035,6005,350,3
24380,9,10,2,22,1,19.759135,2.031852,6005,350,3
24390,0,0,0,1,1,19.755589,2.031575,6005,350,3
24400,2,4,1,8,1,19.749730,2.031043,6005,350,3
24410,3,2,0,6,1,19.742987,2.030386,6005,350,3
24420,0,0,0,0,0,19.736027,2.029749,6005,350,3
24430,1,5,2,9,1,19.730856,2.029134,6005,350,3
24440,1,0,2,4,1,19.724615,2.028460,6005,350,3
24450,6,1,1,9,1,19.718413,2.027841,6005,350,3
24460,9,1,2,13,1,19.718036,2.027660,6009,350,3
24470,13,6,0,20,1,19.717445,2.027558,6009,350,3
24480,10,5,4,20,1,19.716740,2.027479,6009,350,3
24490,19,5,3,28,1,19.717279,2.027571,6010,350,3
24500,7,6,1,15,1,19.720088,2.027981,6014,350,3
24510,3,0,1,5,1,19.714763,2.027512,6014,350,3
24520,4,6,1,12,1,19.709040,2.026858,6014,350,3
24530,12,3,1,17,1,19.707715,2.026698,6014,350,3
24540,6,4,1,12,1,19.702693,2.026192,6014,350,3
24550,8,2,3,14,1,19.699738,2.025941,6014,350,3
24560,19,9,3,32,1,19.700651,2.025952,6015,350,3
24570,16,6,2,25,1,19.703434,2.026257,6015,350,3
24580,1,5,6,13,1,19.702817,2.026306,6019,350,3
24590,5,0,2,8,1,19.697679,2.025763,6019,350,3
24600,1,0,0,2,1,19.693134,2.025280,6019,350,3
24610,12,1,1,15,1,19.690396,2.024891,6019,350,3
24620,7,1,2,11,1,19.691093,2.024914,6021,350,3
24630,10,6,2,19,1,19.689984,2.024776,6021,350,3
24640,19,8,1,29,1,19.691761,2.024919,6021,350,3
24650,1,0,1,3,1,19.691734,2.024986,6024,350,3
24660,7,1,0,9,1,19.686702,2.024445,6024,350,3
24670,3,0,0,4,1,19.680115,2.023871,6024,350,3
24680,19,7,10,37,1,19.681520,2.023832,6036,350,3
24690,20,13,7,41,1,19.689053,2.024685,6042,350,3
24700,20,13,4,38,1,19.696821,2.025663,6055,350,3
24710,19,20,8,48,1,19.706229,2.026598,6069,350,3
24720,17,16,2,36,1,19.713387,2.027421,6082,351,3
24730,14,3,2,20,1,19.715650,2.027715,6086,351,3
24740,2,4,5,12,1,19.714966,2.027655,6086,351,3
24750,0,0,0,0,0,19.709666,2.027137,6086,351,3
24760,8,2,2,13,1,19.705227,2.026707,6086,351,3
24770,6,11,4,22,1,19.701641,2.026256,6086,351,3
24780,18,10,10,39,1,19.704236,2.026567,6088,351,3
24790,20,14,6,41,1,19.713938,2.027769,6099,351,3
24800,2,3,5,11,1,19.718612,2.028302,6109,351,3
24810,0,2,1,4,1,19.712076,2.027615,6109,351,3
24820,10,6,6,23,1,19.706567,2.026941,6109,351,3
24830,11,3,3,18,1,19.709676,2.027229,6109,351,3
24840,10,6,3,20,1,19.707807,2.027047,6109,351,3
24850,2,1,3,7,1,19.701236,2.026339,6109,351,3
24860,8,4,1,14,1,19.695779,2.025704,6109,351,3
24870,13,6,2,22,1,19.695243,2.025693,6109,351,3
24880,9,10,4,24,1,19.698546,2.026026,6112,351,3
24890,20,14,5,40,1,19.703082,2.026445,6119,351,3
24900,15,14,4,34,1,19.710474,2.027165,6132,351,3
24910,11,8,2,22,1,19.715293,2.027729,6134,351,3
24920,14,10,6,31,1,19.719746,2.028240,6134,351,3
24930,20,13,8,42,1,19.723642,2.028533,6136,351,3
24940,19,11,3,34,1,19.730396,2.029372,6144,351,3
24950,11,4,3,19,1,19.729526,2.029301,6144,351,3
24960,5,6,0,12,1,19.732077,2.029507,6146,351,3
24970,10,3,5,19,1,19.731104,2.029359,6146,351,3
24980,0,2,1,4,1,19.727580,2.028915,6146,351,3
24990,0,1,0,2,1,19.720721,2.028311,6146,351,3
25000,3,3,0,7,1,19.716542,2.027767,6146,351,3
25010,3,1,2,7,1,19.711293,2.027104,6146,351,3
25020,7,2,1,11,1,19.711595,2.027203,6146,351,3
25030,5,3,5,14,1,19.706667,2.026665,6146,351,3
25040,0,1,2,4,1,19.703297,2.026387,6146,351,3
25050,10,3,2,16,1,19.699077,2.025914,6146,351,3
25060,13,3,1,18,1,19.696780,2.025555,6146,351,3
25070,7,4,0,12,1,19.694979,2.025355,6146,351,3
25080,10,2,4,17,1,19.689584,2.024785,6146,351,3
25090,9,6,1,17,1,19.688471,2.024631,6146,351,3
25100,5,2,4,12,1,19.684772,2.024178,6146,351,3
25110,2,1,5,9,1,19.680344,2.023692,6146,351,3
25120,2,2,0,5,1,19.673652,2.023064,6146,351,3
25130,5,9,2,17,1,19.668354,2.022422,6146,351,3
25140,8,4,0,13,1,19.663635,2.021988,6146,351,3
25150,2,2,0,5,1,19.660797,2.021707,6146,351,3
25160,2,2,1,6,1,19.653926,2.021044,6146,351,3
25170,1,4,0,6,1,19.648045,2.020474,6146,351,3
25180,10,4,1,16,1,19.645235,2.020187,6146,351,3
25190,7,3,2,13,1,19.644369,2.020108,6146,351,3
25200,15,15,7,38,1,19.644721,2.020155,6146,351,3
25210,14,7,4,26,1,19.647879,2.020448,6149,351,3
25220,14,3,1,19,1,19.651837,2.020899,6155,351,3
25230,19,10,11,41,1,19.656284,2.021333,6164,351,3
25240,19,12,9,41,1,19.661406,2.021854,6178,351,3
25250,7,9,8,25,1,19.664638,2.022295,6183,351,3
25260,13,5,0,19,1,19.667671,2.022642,6185,351,3
25270,20,13,12,46,1,19.667647,2.022444,6188,351,3
25280,17,9,2,29,1,19.670509,2.022888,6194,351,3
25290,15,11,4,31,1,19.672311,2.023076,6194,351,3
25300,11,10,5,27,1,19.675300,2.023393,6194,351,3
25310,14,6,2,23,1,19.677844,2.023550,6194,351,3
25320,20,16,7,44,1,19.682961,2.023963,6200,351,3
25330,7,3,1,12,1,19.684875,2.024285,6208,351,3
25340,2,2,1,6,1,19.680445,2.023881,6208,351,3
25350,0,1,1,3,1,19.673868,2.023231,6208,351,3
25360,2,0,0,3,1,19.667460,2.022664,6208,351,3
25370,14,6,1,22,1,19.663066,2.022083,6208,351,3
25380,11,8,5,25,1,19.664694,2.022244,6212,351,3
25390,16,9,0,26,1,19.667933,2.022563,6212,351,3
25400,13,7,9,30,1,19.671298,2.022911,6217,351,3
25410,14,0,4,19,1,19.675239,2.023441,6221,351,3
25420,11,8,0,20,1,19.674061,2.023347,6221,351,3
25430,3,3,0,7,1,19.670072,2.023061,6221,351,3
25440,17,9,3,30,1,19.668126,2.022740,6221,351,3
25450,10,9,2,22,1,19.667582,2.022662,6221,351,3
25460,9,2,2,14,1,19.668700,2.022803,6221,351,3
25470,6,5,3,15,1,19.667214,2.022587,6221,351,3
25480,8,0,0,9,1,19.663076,2.022196,6221,351,3
25490,7,1,4,13,1,19.659002,2.021673,6221,351,3
25500,19,9,5,34,1,19.660851,2.021783,6223,351,3
25510,19,5,9,34,1,19.667390,2.022433,6231,351,3
25520,17,10,2,30,1,19.672696,2.022997,6244,352,3
25530,16,6,8,31,1,19.674687,2.023179,6244,352,3
25540,12,7,3,23,1,19.678976,2.023655,6251,352,3
25550,1,2,3,7,1,19.677602,2.023548,6251,352,3
25560,1,0,0,2,1,19.671981,2.023094,6251,352,3
25570,0,1,1,3,1,19.666293,2.022487,6251,352,3
25580,3,0,0,4,1,19.661073,2.022025,6251,352,3
25590,6,2,1,10,1,19.654954,2.021528,6251,352,3
25600,17,8,5,31,1,19.655928,2.021549,6251,352,3
25610,15,4,5,25,1,19.658972,2.021929,6251,352,3
25620,19,6,3,29,1,19.660752,2.022032,6251,352,3
25630,6,1,0,8,1,19.661431,2.022226,6252,352,3
25640,19,7,0,27,1,19.657470,2.021771,6252,352,3
25650,6,4,0,11,1,19.659196,2.022154,6255,352,3
25660,0,0,0,0,0,19.652907,2.021703,6255,352,3
25670,10,9,3,23,1,19.650753,2.021362,6255,352,3
25680,11,10,6,28,1,19.650294,2.021130,6255,352,3
25690,8,6,0,15,1,19.650313,2.021207,6255,352,3
25700,4,1,0,6,1,19.646011,2.020758,6255,352,3
25710,7,5,3,16,1,19.641529,2.020218,6255,352,3
25720,20,7,10,38,1,19.644676,2.020462,6256,352,3
25730,19,13,15,48,1,19.655422,2.021586,6271,356,3
25740,19,10,4,34,1,19.664173,2.022536,6294,356,3
25750,20,20,15,56,1,19.673300,2.023493,6313,364,3
25760,20,20,6,47,1,19.684838,2.024786,6333,371,3
25770,16,16,8,41,1,19.693904,2.025818,6346,371,3
25780,18,18,5,42,1,19.703960,2.026894,6353,374,7
25790,18,16,10,45,1,19.713839,2.027953,6374,380,7
25800,20,18,4,43,1,19.723986,2.029120,6387,382,7
25810,20,8,5,34,1,19.731807,2.029950,6390,385,7
25820,10,10,3,24,1,19.736689,2.030535,6399,385,7
25830,19,10,7,37,1,19.741656,2.031015,6406,385,7
25840,19,12,1,33,1,19.748373,2.031716,6409,385,7
25850,15,15,7,38,1,19.753272,2.032246,6413,385,7
25860,17,16,6,40,1,19.760797,2.032973,6416,385,7
25870,19,9,1,30,1,19.767221,2.033725,6424,386,7
25880,12,1,0,14,1,19.768874,2.033993,6426,386,7
25890,11,3,2,17,1,19.765086,2.033548,6426,386,7
25900,0,0,0,0,0,19.760245,2.033133,6426,386,7
25910,0,1,0,2,1,19.755694,2.032610,6426,386,7
25920,5,2,0,8,1,19.750925,2.032129,6426,386,7
25930,2,0,0,3,1,19.745952,2.031635,6426,386,7
25940,8,2,2,13,1,19.740381,2.030942,6426,386,7
25950,0,1,2,4,1,19.737614,2.030715,6426,386,7
25960,3,2,1,7,1,19.732588,2.030103,6426,386,7
25970,11,12,1,25,1,19.729311,2.029880,6426,386,7
25980,19,0,2,22,1,19.734521,2.030354,6428,386,7
25990,1,0,1,3,1,19.733756,2.030397,6428,386,7
26000,3,4,0,8,1,19.730790,2.029885,6428,386,7
26010,12,4,3,20,1,19.728874,2.029553,6428,386,7
26020,7,2,1,11,1,19.726963,2.029454,6428,386,7
26030,3,1,0,5,1,19.722759,2.029095,6428,386,7
26040,3,1,2,7,1,19.717206,2.028510,6428,386,7
26050,0,1,2,4,1,19.712187,2.028011,6428,386,7
26060,15,8,0,24,1,19.712240,2.027906,6428,386,7
26070,19,18,6,44,1,19.719037,2.028567,6441,386,7
26080,7,6,3,17,1,19.723226,2.029215,6449,386,7
26090,6,5,0,12,1,19.718142,2.028726,6449,386,7
26100,1,1,0,3,1,19.712638,2.028145,6449,386,7
26110,6,5,1,13,1,19.706858,2.027448,6449,386,7
26120,12,7,3,23,1,19.707320,2.027370,6450,386,7
26130,0,1,0,2,1,19.703904,2.027100,6450,386,7
26140,4,0,3,8,1,19.697666,2.026388,6450,386,7
26150,11,6,8,26,1,19.695530,2.026122,6450,386,7
26160,20,17,4,42,1,19.700778,2.026496,6453,386,7
26170,10,9,2,22,1,19.705231,2.027051,6456,386,7
26180,16,2,4,23,1,19.706469,2.027220,6456,386,7
26190,0,0,1,2,1,19.701328,2.026852,6456,386,7
26200,0,0,0,0,0,19.694696,2.026267,6456,386,7
26210,7,2,2,12,1,19.691601,2.025918,6456,386,7
26220,20,9,7,37,1,19.691846,2.025866,6458,386,7
26230,18,8,6,33,1,19.696907,2.026491,6464,386,7
26240,17,5,3,26,1,19.701905,2.026967,6473,386,7
26250,18,4,2,25,1,19.706069,2.027278,6474,386,7
26260,17,6,5,29,1,19.710897,2.027745,6481,386,7
26270,17,12,9,39,1,19.716350,2.028299,6485,386,7
26280,18,9,3,31,1,19.720267,2.028783,6490,386,7
26290,9,8,0,18,1,19.721801,2.029006,6493,386,7
26300,19,7,5,32,1,19.724809,2.029238,6501,386,7
26310,19,15,5,40,1,19.731074,2.029797,6502,386,7
26320,13,8,3,25,1,19.734815,2.030136,6502,386,7
26330,9,6,2,18,1,19.735969,2.030232,6502,386,7
26340,11,6,0,18,1,19.736509,2.030194,6504,386,7
26350,19,10,5,35,1,19.737636,2.030225,6504,386,7
26360,20,10,7,38,1,19.742959,2.030766,6511,386,7
26370,15,14,6,36,1,19.749026,2.031439,6521,386,7
26380,20,8,7,36,1,19.755510,2.032124,6529,386,7
26390,19,9,10,39,1,19.763621,2.032992,6546,386,7
26400,17,3,8,29,1,19.767477,2.033437,6551,386,7
26410,17,14,6,38,1,19.772462,2.033992,6552,386,7
26420,15,9,11,36,1,19.779054,2.034703,6557,386,7
26430,20,12,6,39,1,19.784180,2.035216,6563,386,7
26440,16,9,3,29,1,19.790654,2.035931,6567,386,7
26450,19,7,5,32,1,19.796088,2.036468,6572,387,7
26460,7,5,0,13,1,19.798942,2.036882,6579,387,7
26470,10,6,4,21,1,19.796616,2.036637,6579,387,7
26480,8,7,2,18,1,19.795370,2.036565,6579,387,7
26490,4,1,0,6,1,19.790356,2.036043,6579,387,7
26500,0,1,0,2,1,19.784831,2.035500,6579,387,7
26510,2,0,1,4,1,19.778734,2.034859,6579,387,7
26520,2,1,0,4,1,19.772885,2.034353,6579,387,7
26530,10,14,1,26,1,19.770549,2.033949,6579,387,7
26540,15,10,3,29,1,19.775818,2.034437,6591,388,7
26550,14,9,0,24,1,19.778010,2.034727,6594,388,7
26560,19,8,8,36,1,19.781397,2.035006,6599,388,7
26570,12,8,1,22,1,19.786172,2.035562,6603,388,7
26580,19,9,4,33,1,19.790052,2.035892,6607,388,7
26590,20,12,6,39,1,19.793653,2.036154,6614,388,7
26600,13,9,4,27,1,19.799016,2.036755,6623,388,7
26610,6,7,2,16,1,19.798304,2.036715,6623,388,7
26620,11,8,3,23,1,19.799992,2.036740,6624,388,7
26630,9,8,3,21,1,19.801140,2.036805,6624,388,7
26640,12,10,1,24,1,19.801115,2.036678,6624,388,7
26650,20,16,3,40,1,19.805625,2.037120,6627,388,7
26660,13,7,4,25,1,19.809236,2.037596,6644,388,7
26670,11,5,5,22,1,19.811352,2.037807,6649,388,7
26680,8,4,2,15,1,19.814960,2.038141,6650,388,7
26690,18,10,5,34,1,19.816012,2.038298,6650,388,7
26700,20,16,7,44,1,19.825003,2.039271,6658,390,7
26710,10,4,2,17,1,19.830803,2.040105,6667,390,7
26720,0,0,0,1,1,19.825544,2.039668,6667,390,7
26730,11,4,4,20,1,19.822697,2.039188,6667,390,7
26740,18,11,0,30,1,19.823328,2.039208,6667,390,7
26750,15,14,10,40,1,19.827933,2.039636,6678,390,7
26760,15,12,1,29,1,19.834850,2.040451,6689,390,7
26770,16,6,3,26,1,19.837555,2.040786,6689,390,7
26780,10,6,2,19,1,19.837324,2.040795,6689,390,7
26790,2,2,1,6,1,19.834167,2.040410,6689,390,7
26800,5,3,1,10,1,19.828211,2.039814,6689,390,7
26810,6,10,0,17,1,19.826493,2.039561,6689,390,7
26820,12,1,2,16,1,19.824776,2.039401,6689,390,7
26830,0,0,0,1,1,19.820901,2.039098,6689,390,7
26840,6,11,1,19,1,19.815421,2.038458,6689,390,7
26850,3,2,3,9,1,19.812714,2.038165,6689,390,7
26860,0,0,0,0,0,19.807015,2.037550,6689,390,7
26870,7,3,0,11,1,19.801283,2.036930,6689,390,7
26880,10,1,2,14,1,19.796882,2.036401,6689,390,7
26890,2,0,0,3,1,19.794970,2.036199,6689,390,7
26900,3,2,0,6,1,19.788776,2.035610,6689,390,7
26910,4,3,2,10,1,19.785761,2.035294,6689,390,7
26920,16,8,5,30,1,19.786598,2.035249,6689,390,7
26930,18,9,8,36,1,19.792100,2.035778,6692,391,7
26940,2,2,3,8,1,19.792606,2.035956,6695,391,7
26950,0,0,0,0,0,19.788456,2.035624,6695,391,7
26960,11,11,5,28,1,19.783923,2.035066,6695,391,7
26970,11,8,4,24,1,19.787521,2.035461,6700,391,7
26980,14,11,8,34,1,19.790631,2.035728,6704,391,7
26990,10,6,2,19,1,19.793980,2.036067,6713,391,7
27000,8,5,1,15,1,19.790087,2.035691,6713,391,7
27010,1,2,1,5,1,19.785641,2.035305,6713,391,7
27020,3,1,1,6,1,19.779207,2.034676,6713,391,7
27030,19,12,6,38,1,19.779537,2.034627,6713,391,7
27040,19,15,6,41,1,19.787292,2.035511,6727,395,7
27050,15,6,6,28,1,19.791636,2.036076,6731,395,7
27060,16,14,1,32,1,19.797726,2.036750,6742,396,7
27070,15,9,3,28,1,19.800555,2.037066,6744,396,7
27080,13,5,4,23,1,19.804285,2.037506,6746,396,7
27090,15,5,6,27,1,19.806764,2.037786,6746,396,7
27100,14,7,3,25,1,19.811197,2.038189,6748,396,7
27110,20,10,6,37,1,19.814735,2.038477,6755,396,7
27120,8,3,2,14,1,19.817949,2.038840,6758,396,7
27130,10,2,3,16,1,19.817475,2.038770,6758,396,7
27140,6,5,2,14,1,19.814240,2.038408,6758,396,7
27150,7,8,2,18,1,19.813056,2.038280,6758,396,7
27160,3,1,1,6,1,19.810238,2.038123,6758,396,7
27170,11,1,0,13,1,19.808973,2.037809,6758,396,7
27180,5,3,3,12,1,19.804224,2.037222,6758,396,7
27190,0,0,0,1,1,19.801267,2.036935,6758,396,7
27200,9,4,1,15,1,19.797363,2.036496,6758,396,7
27210,9,0,2,12,1,19.795901,2.036378,6758,396,7
27220,14,5,1,21,1,19.795431,2.036285,6758,396,7
27230,7,0,1,9,1,19.791462,2.035894,6758,396,7
27240,10,10,1,22,1,19.788002,2.035455,6758,396,7
27250,14,4,2,21,1,19.787464,2.035302,6758,396,7
27260,9,1,9,20,1,19.787201,2.035292,6758,396,7
27270,15,10,6,32,1,19.789805,2.035523,6765,396,7
27280,14,14,9,38,1,19.797609,2.036396,6779,402,7
27290,18,10,5,34,1,19.802878,2.036902,6785,402,7
27300,8,9,0,18,1,19.803787,2.036951,6788,402,7
27310,18,9,1,29,1,19.805985,2.037094,6790,402,7
27320,14,10,1,26,1,19.809165,2.037454,6793,402,7
27330,18,15,11,45,1,19.815450,2.037925,6798,402,7
27340,17,9,6,33,1,19.821907,2.038576,6812,402,7
27350,13,1,4,19,1,19.820983,2.038521,6812,402,7
27360,0,0,0,1,1,19.816696,2.038181,6812,402,7
27370,7,2,1,11,1,19.811654,2.037519,6812,402,7
27380,0,0,0,1,1,19.807526,2.037081,6812,402,7
27390,1,4,0,6,1,19.801652,2.036509,6812,402,7
27400,0,0,0,0,0,19.796636,2.036079,6812,402,7
27410,0,0,0,0,0,19.790711,2.035495,6812,402,7
27420,1,3,0,5,1,19.786159,2.034944,6812,402,7
27430,2,0,0,3,1,19.780205,2.034425,6812,402,7
27440,6,8,2,17,1,19.777323,2.034039,6812,402,7
27450,2,0,2,5,1,19.776350,2.033880,6812,402,7
27460,0,0,0,1,1,19.770240,2.033383,6812,402,7
27470,1,0,0,2,1,19.763893,2.032876,6812,402,7
27480,6,3,0,10,1,19.759164,2.032338,6812,402,7
27490,10,5,4,20,1,19.756719,2.032073,6812,402,7
27500,19,6,2,28,1,19.760289,2.032450,6816,402,7
27510,14,7,3,25,1,19.764341,2.032853,6828,402,7
27520,14,6,0,21,1,19.763027,2.032674,6828,402,7
27530,9,11,11,32,1,19.766274,2.033010,6829,402,7
27540,1,0,0,2,1,19.763735,2.032887,6829,402,7
27550,2,2,2,7,1,19.758204,2.032297,6829,402,7
27560,0,0,1,2,1,19.754626,2.031847,6829,402,7
27570,12,3,0,16,1,19.749569,2.031359,6829,402,7
27580,10,3,0,14,1,19.749551,2.031344,6829,402,7
27590,12,7,4,24,1,19.749425,2.031302,6829,402,7
27600,18,11,3,33,1,19.751673,2.031543,6829,402,7
27610,11,8,2,22,1,19.755932,2.032058,6836,402,7
27620,8,4,1,14,1,19.753772,2.031906,6836,402,7
27630,0,0,0,1,1,19.748448,2.031450,6836,402,7
27640,8,7,0,16,1,19.743746,2.030931,6836,402,7
27650,15,9,4,29,1,19.747226,2.031260,6840,402,7
27660,3,2,0,6,1,19.744186,2.031040,6840,402,7
27670,0,0,0,1,1,19.738159,2.030497,6840,402,7
27680,9,4,0,14,1,19.734285,2.030062,6840,402,7
27690,13,9,4,27,1,19.735464,2.030102,6841,402,7
27700,14,18,5,38,1,19.739127,2.030405,6842,402,7
27710,15,8,3,27,1,19.743177,2.030785,6849,402,7
27720,15,6,1,23,1,19.744344,2.031035,6849,402,7
27730,12,8,2,23,1,19.746923,2.031272,6850,402,7
27740,20,8,6,35,1,19.750352,2.031566,6851,402,7
27750,18,14,1,34,1,19.757874,2.032387,6879,405,7
27760,6,2,0,9,1,19.758251,2.032487,6879,405,7
27770,5,2,4,12,1,19.754363,2.032036,6879,405,7
27780,7,5,1,14,1,19.751000,2.031564,6879,405,7
27790,16,1,3,21,1,19.751322,2.031516,6881,405,7
27800,13,6,1,21,1,19.753020,2.031595,6881,405,7
27810,8,7,3,19,1,19.751773,2.031416,6881,405,7
27820,17,9,0,27,1,19.751916,2.031364,6881,405,7
27830,0,0,0,0,0,19.750761,2.031262,6881,405,7
27840,15,4,8,28,1,19.747832,2.030910,6881,405,7
27850,6,14,0,21,1,19.751568,2.031386,6887,405,7
27860,15,10,7,33,1,19.754543,2.031634,6891,405,7
27870,10,4,5,20,1,19.757367,2.031941,6891,405,7
27880,17,3,9,30,1,19.758455,2.032070,6891,405,7
27890,15,14,1,31,1,19.762405,2.032403,6894,405,7
27900,15,12,3,31,1,19.767475,2.032874,6900,405,7
27910,20,13,9,43,1,19.774021,2.033511,6902,405,7
27920,19,19,3,42,1,19.780759,2.034109,6906,405,7
27930,2,5,1,9,1,19.783026,2.034463,6907,407,7
27940,2,1,0,4,1,19.778808,2.034061,6907,407,7
27950,2,3,1,7,1,19.772771,2.033599,6907,407,7
27960,9,3,5,18,1,19.768496,2.033184,6907,407,7
27970,20,16,5,42,1,19.769297,2.033118,6911,407,7
27980,18,17,13,49,1,19.777061,2.033911,6927,410,7
27990,14,6,5,26,1,19.783510,2.034688,6934,415,7
28000,14,12,4,31,1,19.784634,2.034768,6934,415,7
28010,18,13,5,37,1,19.790401,2.035415,6946,415,7
28020,18,19,0,38,1,19.797154,2.036134,6955,418,7
28030,20,14,10,45,1,19.804338,2.036793,6970,420,7
28040,15,10,3,29,1,19.812414,2.037752,6985,423,7
28050,17,19,13,50,1,19.819626,2.038413,6993,424,7
28060,18,13,11,43,1,19.827544,2.039282,7014,425,7
28070,12,6,2,21,1,19.831634,2.039853,7020,425,7
28080,9,6,4,20,1,19.834065,2.040083,7020,425,7
28090,17,6,2,26,1,19.834667,2.040049,7020,425,7
28100,13,17,5,36,1,19.839195,2.040472,7021,425,7
28110,20,7,0,28,1,19.844973,2.041142,7030,425,7
28120,16,11,0,28,1,19.848702,2.041490,7034,425,7
28130,13,16,4,34,1,19.853131,2.041918,7039,427,7
28140,14,6,3,24,1,19.855529,2.042136,7042,427,7
28150,19,13,1,34,1,19.859798,2.042450,7052,428,7
28160,17,10,3,31,1,19.864869,2.042981,7053,428,7
28170,6,11,4,22,1,19.867668,2.043285,7057,428,7
28180,11,6,0,18,1,19.869040,2.043488,7058,428,7
28190,15,9,2,27,1,19.869245,2.043444,7064,428,7
28200,13,0,9,23,1,19.874421,2.043993,7074,429,7
28210,14,10,10,35,1,19.877398,2.044226,7075,429,7
28220,11,6,0,18,1,19.880563,2.044665,7076,429,7
28230,1,0,2,4,1,19.876191,2.044202,7076,429,7
28240,2,1,0,4,1,19.870918,2.043714,7076,429,7
28250,11,3,0,15,1,19.871240,2.043696,7076,429,7
28260,4,6,2,13,1,19.867957,2.043301,7076,429,7
28270,14,3,1,19,1,19.867716,2.043256,7076,429,7
28280,12,1,4,18,1,19.865020,2.042988,7076,429,7
28290,10,4,2,17,1,19.863459,2.042762,7076,429,7
28300,3,1,2,7,1,19.859229,2.042373,7076,429,7
28310,2,2,0,5,1,19.853376,2.041884,7076,429,7
28320,10,7,1,19,1,19.849932,2.041413,7076,429,7
28330,8,4,3,16,1,19.850424,2.041377,7076,429,7
28340,9,6,6,22,1,19.849412,2.041222,7076,429,7
28350,6,5,1,13,1,19.848372,2.041154,7076,429,7
28360,0,0,0,0,0,19.844645,2.040817,7076,429,7
28370,8,0,1,10,1,19.841582,2.040341,7076,429,7
28380,19,7,5,32,1,19.840793,2.040195,7077,429,7
28390,15,10,3,29,1,19.842003,2.040337,7077,429,7
28400,16,9,5,31,1,19.846931,2.040808,7087,429,7
28410,19,15,7,42,1,19.853117,2.041417,7094,429,7
28420,18,16,10,45,1,19.860763,2.042182,7109,429,7
28430,14,11,1,27,1,19.866735,2.042872,7115,429,7
28440,3,3,4,11,1,19.866502,2.042828,7115,429,7
28450,12,3,1,17,1,19.863971,2.042481,7115,429,7
28460,2,0,0,3,1,19.861015,2.042216,7115,429,7
28470,2,0,1,4,1,19.855931,2.041747,7115,429,7
28480,11,1,2,15,1,19.851962,2.041340,7115,429,7
28490,6,4,0,11,1,19.848419,2.041037,7115,429,7
28500,19,15,8,43,1,19.851776,2.041288,7121,429,7
28510,20,5,4,30,1,19.858032,2.041985,7144,429,7
28520,19,6,0,26,1,19.861408,2.042304,7148,429,7
28530,17,12,3,33,1,19.864378,2.042626,7148,429,7
28540,14,8,5,28,1,19.868333,2.043079,7152,429,7
28550,20,9,4,34,1,19.874042,2.043616,7160,430,7
28560,15,5,0,21,1,19.877482,2.044097,7164,430,7
28570,6,5,3,15,1,19.877062,2.044033,7164,430,7
28580,13,6,4,24,1,19.878663,2.044126,7164,430,7
28590,18,6,5,30,1,19.881491,2.044419,7170,430,7
28600,16,4,1,22,1,19.886988,2.045082,7176,431,7
28610,1,1,1,4,1,19.883876,2.044793,7176,431,7
28620,6,5,2,14,1,19.879555,2.044181,7176,431,7
28630,0,0,0,1,1,19.875583,2.043760,7176,431,7
28640,3,1,1,6,1,19.870414,2.043260,7176,431,7
28650,4,3,2,10,1,19.865203,2.042718,7176,431,7
28660,11,10,3,25,1,19.866803,2.042753,7176,431,7
28670,20,8,6,35,1,19.869159,2.043033,7177,431,7
28680,4,2,4,11,1,19.870284,2.043275,7183,431,7
28690,15,8,0,24,1,19.870683,2.043186,7183,431,7
28700,19,9,5,34,1,19.873927,2.043522,7187,431,7
28710,20,15,12,48,1,19.880991,2.044287,7199,431,7
28720,17,15,5,38,1,19.888893,2.045240,7216,431,7
28730,17,6,2,26,1,19.893940,2.045776,7224,431,7
28740,15,11,3,30,1,19.897688,2.046178,7234,431,7
28750,19,8,6,34,1,19.899384,2.046324,7238,431,7
28760,20,12,8,41,1,19.906055,2.046976,7242,431,7
28770,20,10,2,33,1,19.912586,2.047759,7265,436,7
28780,14,8,10,33,1,19.917568,2.048324,7272,436,7
28790,20,14,1,36,1,19.923933,2.048995,7284,436,7
28800,16,5,1,23,1,19.928081,2.049482,7289,436,7
28810,17,18,8,44,1,19.932359,2.049902,7299,436,7
28820,13,6,4,24,1,19.935787,2.050197,7302,436,7
28830,0,0,0,0,0,19.932082,2.049869,7302,436,7
28840,0,0,0,0,0,19.927405,2.049397,7302,436,7
28850,2,5,1,9,1,19.922265,2.048819,7302,436,7
28860,1,0,0,2,1,19.916967,2.048371,7302,436,7
28870,10,3,1,15,1,19.911993,2.047810,7302,436,7
28880,5,0,6,12,1,19.908712,2.047423,7302,436,7
28890,11,8,4,24,1,19.907364,2.047250,7302,436,7
28900,0,0,0,0,0,19.906766,2.047241,7302,436,7
28910,4,2,0,7,1,19.902091,2.046762,7302,436,7
28920,0,5,0,6,1,19.899646,2.046403,7302,436,7
28930,4,3,4,12,1,19.895675,2.046004,7302,436,7
28940,2,1,1,5,1,19.892140,2.045693,7302,436,7
28950,11,5,3,20,1,19.887738,2.045111,7302,436,7
28960,2,3,1,7,1,19.888109,2.045188,7302,436,7
28970,2,3,2,8,1,19.884303,2.044776,7302,436,7
28980,4,7,2,14,1,19.883091,2.044610,7302,436,7
28990,1,0,2,4,1,19.879347,2.044328,7302,436,7
29000,10,3,1,15,1,19.875565,2.043890,7302,436,7
29010,8,13,14,36,1,19.876386,2.043940,7302,436,7
29020,19,2,3,25,1,19.879017,2.044242,7302,436,7
29030,1,1,2,5,1,19.876219,2.044064,7305,436,7
29040,9,7,5,22,1,19.872760,2.043594,7305,436,7
29050,16,2,1,20,1,19.874831,2.043809,7307,436,7
29060,0,0,1,2,1,19.871299,2.043491,7307,436,7
29070,14,3,0,18,1,19.870149,2.043375,7307,436,7
29080,17,7,3,28,1,19.869505,2.043195,7307,436,7
29090,10,6,5,22,1,19.869713,2.043153,7311,436,7
29100,6,0,3,10,1,19.869163,2.043076,7311,436,7
29110,16,7,6,30,1,19.871342,2.043295,7317,436,7
29120,14,1,2,18,1,19.872666,2.043462,7317,436,7
29130,8,9,6,24,1,19.869899,2.043107,7317,436,7
29140,14,5,3,23,1,19.871102,2.043196,7317,436,7
29150,10,3,2,16,1,19.870181,2.043060,7317,436,7
29160,0,0,0,1,1,19.866285,2.042683,7317,436,7
29170,0,0,1,2,1,19.860353,2.042039,7317,436,7
29180,0,0,0,0,0,19.854338,2.041494,7317,436,7
29190,6,0,2,9,1,19.848828,2.040865,7317,436,7
29200,5,1,1,8,1,19.844627,2.040428,7317,436,7
29210,0,0,0,0,0,19.839181,2.039927,7317,436,7
29220,3,2,1,7,1,19.833616,2.039393,7317,436,7
29230,1,3,5,10,1,19.829895,2.039005,7317,436,7
29240,7,4,3,15,1,19.826873,2.038717,7317,436,7
29250,9,1,0,11,1,19.824500,2.038418,7317,436,7
29260,19,8,2,30,1,19.826236,2.038562,7324,436,7
29270,7,1,0,9,1,19.824760,2.038469,7324,436,7
29280,20,10,3,34,1,19.828290,2.038727,7327,436,7
29290,14,13,2,30,1,19.831300,2.039052,7328,436,7
29300,19,16,8,44,1,19.839063,2.039810,7337,440,7
29310,17,10,12,40,1,19.848107,2.040784,7349,443,7
29320,17,8,5,31,1,19.851270,2.041140,7354,443,7
29330,20,14,5,40,1,19.856866,2.041739,7363,443,7
29340,8,13,3,25,1,19.859810,2.042015,7366,443,7
29350,20,11,8,40,1,19.862205,2.042112,7367,443,7
29360,15,10,4,30,1,19.867629,2.042686,7373,443,7
29370,11,16,5,33,1,19.872967,2.043187,7381,443,7
29380,19,12,8,40,1,19.877248,2.043600,7381,443,7
29390,19,6,3,29,1,19.881951,2.044179,7385,443,7
29400,9,6,2,18,1,19.882817,2.044313,7386,443,7
29410,13,1,2,17,1,19.882974,2.044416,7386,443,7
29420,16,8,9,34,1,19.886146,2.044551,7403,443,7
29430,18,10,5,34,1,19.890082,2.044915,7404,443,7
29440,20,20,6,47,1,19.897001,2.045621,7417,445,7
29450,10,3,0,14,1,19.900216,2.046089,7423,447,7
29460,11,11,1,24,1,19.903072,2.046313,7431,447,7
29470,5,2,0,8,1,19.902458,2.046231,7431,447,7
29480,6,5,1,13,1,19.897542,2.045684,7431,447,7
29490,6,5,0,12,1,19.895246,2.045422,7431,447,7
29500,10,2,5,18,1,19.891808,2.045077,7431,447,7
29510,10,4,2,17,1,19.890567,2.044923,7431,447,7
29520,3,3,0,7,1,19.889094,2.044766,7431,447,7
29530,1,6,0,8,1,19.885676,2.044303,7431,447,7
29540,7,1,1,10,1,19.882776,2.043893,7431,447,7
29550,6,6,3,16,1,19.881187,2.043682,7431,447,7
29560,9,10,1,21,1,19.879101,2.043427,7431,447,7
29570,17,7,2,27,1,19.879950,2.043509,7434,447,7
29580,2,3,0,6,1,19.878771,2.043418,7437,447,7
29590,1,0,0,2,1,19.873288,2.042942,7437,447,7
29600,8,6,1,16,1,19.868122,2.042448,7437,447,7
29610,16,8,3,28,1,19.870276,2.042693,7438,447,7
29620,11,6,4,22,1,19.872837,2.042923,7440,447,7
29630,6,9,0,16,1,19.872075,2.042818,7440,447,7
29640,12,14,4,31,1,19.873710,2.042882,7440,447,7
29650,20,13,4,38,1,19.878890,2.043423,7445,447,7
29660,15,6,3,25,1,19.884718,2.044088,7450,447,7
29670,0,0,0,1,1,19.883113,2.043946,7450,447,7
29680,3,2,0,6,1,19.877200,2.043333,7450,447,7
29690,3,2,0,6,1,19.874027,2.042903,7450,447,7
29700,3,0,0,4,1,19.871507,2.042611,7450,447,7
29710,4,3,2,10,1,19.867064,2.042177,7450,447,7
29720,3,0,3,7,1,19.861589,2.041673,7450,447,7
29730,0,2,0,3,1,19.855799,2.041171,7450,447,7
29740,2,0,0,3,1,19.850527,2.040688,7450,447,7
29750,11,3,0,15,1,19.845601,2.040141,7450,447,7
29760,13,5,0,19,1,19.842558,2.039739,7450,447,7
29770,1,2,0,4,1,19.838093,2.039303,7450,447,7
29780,5,4,1,11,1,19.833568,2.038804,7450,447,7
29790,0,1,0,2,1,19.827989,2.038310,7450,447,7
29800,0,0,0,1,1,19.822139,2.037760,7450,447,7
29810,8,10,3,22,1,19.817725,2.037196,7450,447,7
29820,14,6,1,22,1,19.821058,2.037540,7450,447,7
29830,13,8,3,25,1,19.823466,2.037762,7450,447,7
29840,8,2,1,12,1,19.824030,2.037829,7450,447,7
29850,12,4,1,18,1,19.823878,2.037745,7450,447,7
29860,15,4,1,21,1,19.820939,2.037403,7450,447,7
29870,19,9,3,32,1,19.821689,2.037356,7450,447,7
29880,7,0,1,9,1,19.821719,2.037375,7450,447,7
29890,4,5,0,10,1,19.817556,2.036977,7450,447,7
29900,2,0,1,4,1,19.813210,2.036525,7450,447,7
29910,0,0,0,0,0,19.808125,2.036040,7450,447,7
29920,4,1,1,7,1,19.803910,2.035496,7450,447,7
29930,17,14,4,36,1,19.805773,2.035529,7452,447,7
29940,17,13,5,36,1,19.809362,2.035928,7454,447,7
29950,16,13,4,34,1,19.815202,2.036481,7460,452,7
29960,11,7,2,21,1,19.820277,2.037103,7460,452,7
29970,7,1,3,12,1,19.819718,2.037096,7460,452,7
29980,2,0,0,3,1,19.815891,2.036768,7460,452,7
29990,4,3,0,8,1,19.810585,2.036127,7460,452,7
30000,7,5,4,17,1,19.806020,2.035590,7460,452,7
30010,9,16,4,30,1,19.810561,2.036010,7470,452,7
30020,18,11,5,35,1,19.813535,2.036290,7473,452,7
30030,15,5,2,23,1,19.817617,2.036670,7480,452,7
30040,18,9,6,34,1,19.820861,2.036984,7482,452,7
30050,20,9,10,40,1,19.825724,2.037556,7485,452,7
30060,20,13,19,53,1,19.832181,2.038117,7497,452,9
30070,14,8,4,27,1,19.837248,2.038758,7506,452,9
30080,20,9,1,31,1,19.839033,2.038909,7508,452,9
30090,18,17,7,43,1,19.845474,2.039615,7513,452,9
30100,20,17,7,45,1,19.854787,2.040581,7535,459,9
30110,16,3,6,26,1,19.859833,2.041255,7547,459,9
30120,10,9,5,25,1,19.864002,2.041693,7547,459,9
30130,19,14,1,35,1,19.865662,2.041817,7549,459,9
30140,11,14,3,29,1,19.869691,2.042268,7551,459,9
30150,12,9,5,27,1,19.872631,2.042572,7551,459,9
30160,16,4,3,24,1,19.874613,2.042805,7556,459,9
30170,12,2,4,19,1,19.873446,2.042674,7556,459,9
30180,11,4,2,18,1,19.872089,2.042494,7556,459,9
30190,7,2,0,10,1,19.871389,2.042487,7556,459,9
30200,11,5,1,18,1,19.869364,2.042184,7556,459,9
30210,14,11,4,30,1,19.871181,2.042282,7560,459,9
30220,0,0,3,4,1,19.872232,2.042573,7565,459,9
30230,5,3,0,9,1,19.867326,2.042112,7565,459,9
30240,0,0,0,0,0,19.863749,2.041809,7565,459,9
30250,0,0,0,1,1,19.857821,2.041326,7565,459,9
30260,1,1,0,3,1,19.852865,2.040874,7565,459,9
30270,4,1,1,7,1,19.847335,2.040356,7565,459,9
30280,10,8,3,22,1,19.846637,2.040245,7565,459,9
30290,0,3,1,5,1,19.847658,2.040435,7568,459,9
30300,4,0,1,6,1,19.842020,2.039899,7568,459,9
30310,12,11,5,29,1,19.840913,2.039704,7568,459,9
30320,14,7,2,24,1,19.842034,2.039814,7568,459,9
30330,9,5,0,15,1,19.840444,2.039611,7568,459,9
30340,0,2,1,4,1,19.835934,2.039225,7568,459,9
30350,3,2,1,7,1,19.831110,2.038752,7568,459,9
30360,7,2,0,10,1,19.828559,2.038457,7568,459,9
30370,10,0,0,11,1,19.825364,2.038089,7568,459,9
30380,19,20,6,46,1,19.830269,2.038533,7578,461,9
30390,18,9,4,32,1,19.837071,2.039310,7593,461,9
30400,12,3,0,16,1,19.838046,2.039433,7593,461,9
30410,7,1,0,9,1,19.835383,2.039099,7593,461,9
30420,10,2,3,16,1,19.832219,2.038679,7593,461,9
30430,12,8,3,24,1,19.833777,2.038814,7597,461,9
30440,8,5,4,18,1,19.834436,2.038849,7598,461,9
30450,7,1,2,11,1,19.832246,2.038667,7598,461,9
30460,9,8,1,19,1,19.831207,2.038590,7598,461,9
30470,12,5,5,23,1,19.833726,2.038816,7601,461,9
30480,6,5,5,17,1,19.834165,2.038849,7601,461,9
30490,13,10,4,28,1,19.836323,2.038936,7601,461,9
30500,20,20,5,46,1,19.842255,2.039486,7610,461,9
30510,19,5,8,33,1,19.848223,2.040156,7618,462,9
30520,20,12,3,36,1,19.853499,2.040686,7632,462,9
30530,14,12,0,27,1,19.857676,2.041138,7640,462,9
30540,15,9,2,27,1,19.859182,2.041330,7640,462,9
30550,16,15,2,34,1,19.864114,2.041804,7647,462,9
30560,14,16,6,37,1,19.870099,2.042408,7652,462,9
30570,17,17,8,43,1,19.879034,2.043342,7672,465,9
30580,20,18,4,43,1,19.887091,2.044144,7682,465,9
30590,20,20,9,50,1,19.896303,2.045148,7698,473,9
30600,20,8,7,36,1,19.901428,2.045718,7704,476,9
30610,16,13,6,36,1,19.907425,2.046343,7708,482,9
30620,18,13,6,38,1,19.912649,2.046855,7713,482,9
30630,20,6,6,33,1,19.917048,2.047364,7718,482,9
30640,1,0,0,2,1,19.915403,2.047300,7721,482,9
30650,8,0,0,9,1,19.910674,2.046877,7721,482,9
30660,16,5,2,24,1,19.910121,2.046678,7721,482,9
30670,11,6,1,19,1,19.912759,2.046999,7727,482,9
30680,20,12,7,40,1,19.916317,2.047292,7734,482,9
30690,9,3,0,13,1,19.917598,2.047535,7735,482,9
30700,0,0,0,0,0,19.914549,2.047374,7735,482,9
30710,2,0,0,3,1,19.908975,2.046844,7735,482,9
30720,6,0,0,7,1,19.904235,2.046331,7735,482,9
30730,10,3,2,16,1,19.901289,2.045975,7735,482,9
30740,2,2,1,6,1,19.899342,2.045763,7735,482,9
30750,1,0,1,3,1,19.894391,2.045222,7735,482,9
30760,5,4,0,10,1,19.890135,2.044766,7735,482,9
30770,7,3,2,13,1,19.885711,2.044265,7735,482,9
30780,12,2,2,17,1,19.882355,2.043772,7735,482,9
30790,2,0,0,3,1,19.879092,2.043377,7735,482,9
30800,1,0,3,5,1,19.873912,2.042881,7735,482,9
30810,13,9,0,23,1,19.871842,2.042683,7735,482,9
30820,9,2,3,15,1,19.871295,2.042581,7735,482,9
30830,5,3,1,10,1,19.870262,2.042470,7735,482,9
30840,6,2,3,12,1,19.866723,2.042034,7735,482,9
30850,17,6,3,27,1,19.867544,2.042045,7735,482,9
30860,8,6,3,18,1,19.868770,2.042112,7735,482,9
30870,8,2,1,12,1,19.867044,2.042059,7735,482,9
30880,12,1,0,14,1,19.865340,2.041811,7735,482,9
30890,4,0,0,5,1,19.863720,2.041714,7735,482,9
30900,0,0,0,1,1,19.859175,2.041310,7735,482,9
30910,2,5,0,8,1,19.853749,2.040748,7735,482,9
30920,7,1,2,11,1,19.849608,2.040222,7735,482,9
30930,8,7,3,19,1,19.847047,2.039954,7735,482,9
30940,12,16,9,38,1,19.848027,2.039969,7735,482,9
30950,18,10,3,32,1,19.853015,2.040484,7747,482,9
30960,18,7,7,33,1,19.858270,2.041100,7753,482,9
30970,18,7,10,36,1,19.862302,2.041483,7761,482,9
30980,17,9,2,29,1,19.865098,2.041745,7761,482,9
30990,9,8,5,23,1,19.867107,2.041994,7764,482,9
31000,18,13,7,39,1,19.872656,2.042472,7770,482,9
31010,20,18,4,43,1,19.880782,2.043343,7791,486,9
31020,15,10,9,35,1,19.886605,2.043977,7807,486,9
31030,19,13,5,38,1,19.893450,2.044730,7825,486,9
31040,17,18,1,37,1,19.896944,2.045057,7828,486,9
31050,18,3,5,27,1,19.901371,2.045589,7836,486,9
31060,19,12,8,40,1,19.905129,2.045963,7844,486,9
31070,15,7,5,28,1,19.910579,2.046600,7849,486,9
31080,20,20,8,49,1,19.915435,2.047047,7864,488,9
31090,14,6,3,24,1,19.920284,2.047649,7869,488,9
31100,10,5,2,18,1,19.921553,2.047917,7870,488,9
31110,3,1,1,6,1,19.919298,2.047707,7870,488,9
31120,1,1,0,3,1,19.913853,2.047176,7870,488,9
31130,2,3,0,6,1,19.909779,2.046800,7870,488,9
31140,0,0,1,2,1,19.905249,2.046349,7870,488,9
31150,6,7,3,17,1,19.901024,2.045789,7870,488,9
31160,13,1,3,18,1,19.899716,2.045636,7870,488,9
31170,5,8,4,18,1,19.897886,2.045423,7870,488,9
31180,4,3,1,9,1,19.896897,2.045431,7870,488,9
31190,4,1,0,6,1,19.892532,2.044990,7870,488,9
31200,7,2,3,13,1,19.888885,2.044644,7870,488,9
31210,9,7,5,22,1,19.886594,2.044364,7870,488,9
31220,15,9,6,31,1,19.887866,2.044429,7870,488,9
31230,5,2,1,9,1,19.889225,2.044570,7873,488,9
31240,4,8,2,15,1,19.886630,2.044245,7873,488,9
31250,0,0,1,2,1,19.882306,2.043823,7873,488,9
31260,3,1,0,5,1,19.877367,2.043290,7873,488,9
31270,2,1,0,4,1,19.872124,2.042739,7873,488,9
31280,12,9,1,23,1,19.871265,2.042599,7873,488,9
31290,19,3,5,28,1,19.873182,2.042778,7873,488,9
31300,8,2,4,15,1,19.875552,2.043104,7875,488,9
31310,8,3,1,13,1,19.873778,2.042977,7875,488,9
31320,3,3,0,7,1,19.869350,2.042497,7875,488,9
31330,9,1,1,12,1,19.866745,2.042218,7875,488,9
31340,6,5,3,15,1,19.864065,2.041897,7875,488,9
31350,14,8,4,27,1,19.865090,2.041938,7875,488,9
31360,7,3,1,12,1,19.865567,2.042042,7875,488,9
31370,3,0,1,5,1,19.860872,2.041515,7875,488,9
31380,0,0,0,0,0,19.856355,2.041126,7875,488,9
31390,7,7,7,22,1,19.852568,2.040752,7875,488,9
31400,11,3,3,18,1,19.850738,2.040619,7875,488,9
31410,9,1,3,14,1,19.849216,2.040438,7875,488,9
31420,3,3,2,9,1,19.845921,2.040094,7875,488,9
31430,0,0,0,0,0,19.840706,2.039560,7875,488,9
31440,2,4,3,10,1,19.835904,2.039001,7875,488,9
31450,16,14,4,35,1,19.834123,2.038727,7875,488,9
31460,7,0,2,10,1,19.834691,2.038834,7875,488,9
31470,8,4,3,16,1,19.833145,2.038624,7875,488,9
31480,19,7,4,31,1,19.835602,2.038831,7875,488,9
31490,11,10,0,22,1,19.837706,2.039110,7878,488,9
31500,15,9,4,29,1,19.838356,2.039112,7878,488,9
31510,3,4,2,10,1,19.839038,2.039204,7878,488,9
31520,6,7,4,18,1,19.838017,2.039014,7878,488,9
31530,0,0,0,0,0,19.834662,2.038705,7878,488,9
31540,1,1,0,3,1,19.830332,2.038255,7878,488,9
31550,9,1,2,13,1,19.825393,2.037723,7878,488,9
31560,14,4,2,21,1,19.823373,2.037431,7878,488,9
31570,6,5,3,15,1,19.822174,2.037236,7878,488,9
31580,5,4,3,13,1,19.817570,2.036785,7878,488,9
31590,3,0,3,7,1,19.814905,2.036540,7878,488,9
31600,14,7,2,24,1,19.816135,2.036661,7879,488,9
31610,20,13,7,41,1,19.818503,2.036953,7880,488,9
31620,11,12,9,33,1,19.823830,2.037522,7886,488,9
31630,16,11,4,32,1,19.827822,2.038067,7889,488,9
31640,12,3,5,21,1,19.827853,2.038099,7890,488,9
31650,15,7,3,26,1,19.830382,2.038407,7899,488,9
31660,18,7,6,32,1,19.833626,2.038789,7901,488,9
31670,9,5,1,16,1,19.834105,2.038820,7902,488,9
31680,9,10,6,26,1,19.836948,2.039068,7902,488,9
31690,12,6,0,19,1,19.836774,2.039164,7902,488,9
31700,12,1,4,18,1,19.836416,2.039063,7902,488,9
31710,12,5,3,21,1,19.837517,2.039125,7902,488,9
31720,9,9,1,20,1,19.837630,2.039158,7902,488,9
31730,14,7,3,25,1,19.838961,2.039264,7902,488,9
31740,8,1,1,11,1,19.839068,2.039198,7902,488,9
31750,14,5,8,28,1,19.838398,2.038992,7902,488,9
31760,8,5,1,15,1,19.839108,2.039120,7902,488,9
31770,14,4,6,25,1,19.839190,2.039077,7902,488,9
31780,4,14,2,21,1,19.836535,2.038734,7902,488,9
31790,8,2,2,13,1,19.834109,2.038480,7902,488,9
31800,15,6,5,27,1,19.833177,2.038274,7902,488,9
31810,12,7,2,22,1,19.834402,2.038448,7907,488,9
31820,0,0,0,1,1,19.830618,2.038140,7907,488,9
31830,1,0,1,3,1,19.825950,2.037768,7907,488,9
31840,1,1,2,5,1,19.820495,2.037255,7907,488,9
31850,13,5,0,19,1,19.817432,2.036909,7907,488,9
31860,13,6,4,24,1,19.818144,2.037089,7907,488,9
31870,8,6,1,16,1,19.816594,2.036919,7907,488,9
31880,1,1,0,3,1,19.813471,2.036646,7907,488,9
31890,18,3,4,26,1,19.811226,2.036345,7907,488,9
31900,14,5,5,25,1,19.812335,2.036395,7907,488,9
31910,3,3,1,8,1,19.808669,2.036066,7907,488,9
31920,12,3,1,17,1,19.806762,2.035898,7907,488,9
31930,19,14,5,39,1,19.807995,2.035968,7912,488,9
31940,20,17,5,43,1,19.816618,2.036935,7943,504,9
31950,17,8,0,26,1,19.819944,2.037272,7948,504,9
31960,20,10,10,41,1,19.824549,2.037622,7954,504,9
31970,20,14,9,44,1,19.830706,2.038238,7965,504,9
31980,20,14,11,46,1,19.837271,2.039026,7981,504,9
31990,17,9,15,42,1,19.843389,2.039656,7986,505,9
32000,14,10,2,27,1,19.848363,2.040281,7991,505,9
32010,18,11,5,35,1,19.852767,2.040794,8004,505,9
32020,16,6,7,30,1,19.856416,2.041257,8020,505,9
32030,19,11,7,38,1,19.862674,2.041921,8029,507,9
32040,16,7,3,27,1,19.865263,2.042196,8034,507,9
32050,20,11,1,33,1,19.868416,2.042541,8037,507,9
32060,14,4,5,24,1,19.868314,2.042520,8037,507,9
32070,15,6,5,27,1,19.870119,2.042681,8037,507,9
32080,11,13,8,33,1,19.872997,2.042952,8047,507,9
32090,19,7,5,32,1,19.878190,2.043560,8054,511,9
32100,9,3,9,22,1,19.879975,2.043713,8054,511,9
32110,11,3,4,19,1,19.879392,2.043694,8054,511,9
32120,3,0,0,4,1,19.876629,2.043431,8054,511,9
32130,1,2,0,4,1,19.872057,2.042937,8054,511,9
32140,0,0,0,1,1,19.866800,2.042391,8054,511,9
32150,16,2,5,24,1,19.863685,2.041897,8054,511,9
32160,6,1,1,9,1,19.862816,2.041803,8054,511,9
32170,2,1,2,6,1,19.862099,2.041692,8054,511,9
32180,0,1,3,5,1,19.857154,2.041231,8054,511,9
32190,0,0,0,1,1,19.852579,2.040736,8054,511,9
32200,7,2,1,11,1,19.848079,2.040288,8054,511,9
32210,0,0,0,1,1,19.844433,2.039981,8054,511,9
32220,16,4,3,24,1,19.841488,2.039634,8054,511,9
32230,13,8,0,22,1,19.843851,2.039827,8056,511,9
32240,14,5,4,24,1,19.845377,2.039947,8056,511,9
32250,17,7,5,30,1,19.848357,2.040216,8059,511,9
32260,20,10,6,37,1,19.851824,2.040502,8065,511,9
32270,17,17,1,36,1,19.856517,2.040915,8068,511,9
32280,11,9,0,21,1,19.861945,2.041507,8073,513,9
32290,15,7,0,23,1,19.862720,2.041563,8073,513,9
32300,20,9,10,40,1,19.865246,2.041805,8078,513,9
32310,15,4,2,22,1,19.867709,2.042060,8082,513,9
32320,19,15,6,41,1,19.871212,2.042364,8086,513,9
32330,9,6,1,17,1,19.875661,2.042946,8103,513,9
32340,12,3,1,17,1,19.875484,2.042832,8103,513,9
32350,9,6,2,18,1,19.873573,2.042515,8103,513,9
32360,7,6,0,14,1,19.871932,2.042335,8103,513,9
32370,0,1,0,2,1,19.870180,2.042150,8103,513,9
32380,5,1,0,7,1,19.866053,2.041676,8103,513,9
32390,7,1,2,11,1,19.865163,2.041632,8103,513,9
32400,2,4,0,7,1,19.862793,2.041455,8103,513,9
32410,7,0,0,8,1,19.858559,2.041113,8103,513,9
32420,2,2,2,7,1,19.853404,2.040643,8103,513,9
32430,13,11,7,32,1,19.853002,2.040487,8103,513,9
32440,10,6,0,17,1,19.854788,2.040634,8104,513,9
32450,10,5,1,17,1,19.853955,2.040479,8104,513,9
32460,0,0,2,3,1,19.849897,2.040135,8104,513,9
32470,11,2,2,16,1,19.847789,2.039901,8104,513,9
32480,9,7,2,19,1,19.847826,2.039874,8108,513,9
32490,9,5,1,16,1,19.846264,2.039735,8108,513,9
32500,18,4,3,26,1,19.844409,2.039475,8108,513,9
32510,12,10,3,26,1,19.847510,2.039809,8114,513,9
32520,8,10,6,25,1,19.849181,2.039937,8114,513,9
32530,17,6,4,28,1,19.850655,2.040033,8114,513,9
32540,9,3,2,15,1,19.850133,2.039988,8114,513,9
32550,10,13,2,26,1,19.851742,2.040091,8116,513,9
32560,14,4,2,21,1,19.852829,2.040146,8116,513,9
32570,6,5,2,14,1,19.851564,2.039986,8116,513,9
32580,17,7,4,29,1,19.851998,2.040052,8118,513,9
32590,10,4,0,15,1,19.852209,2.040037,8118,513,9
32600,0,0,0,0,0,19.847809,2.039709,8118,513,9
32610,9,4,6,20,1,19.844845,2.039387,8118,513,9
32620,13,2,1,17,1,19.845500,2.039444,8119,513,9
32630,9,3,2,15,1,19.843606,2.039277,8119,513,9
32640,16,6,3,26,1,19.843142,2.039180,8119,513,9
32650,6,1,1,9,1,19.842515,2.039098,8119,513,9
32660,6,2,0,9,1,19.840583,2.038876,8119,513,9
32670,2,1,0,4,1,19.835601,2.038436,8119,513,9
32680,3,3,2,9,1,19.833295,2.038118,8119,513,9
32690,0,0,0,1,1,19.828131,2.037634,8119,513,9
32700,13,13,5,32,1,19.824957,2.037143,8119,513,9
32710,8,6,5,20,1,19.827525,2.037435,8120,513,9
32720,7,2,4,14,1,19.826200,2.037301,8120,513,9
32730,8,10,3,22,1,19.825377,2.037193,8120,513,9
32740,15,8,3,27,1,19.829458,2.037652,8122,513,9
32750,19,15,3,38,1,19.833178,2.038018,8128,513,9
32760,15,8,4,28,1,19.836494,2.038392,8129,513,9
32770,3,8,3,15,1,19.837619,2.038516,8129,513,9
32780,19,11,4,35,1,19.840088,2.038676,8137,513,9
32790,13,9,9,32,1,19.844009,2.039049,8145,513,9
32800,14,9,15,39,1,19.851432,2.039833,8163,514,9
32810,19,6,5,31,1,19.856355,2.040379,8171,514,9
32820,20,14,3,38,1,19.859212,2.040681,8172,514,9
32830,10,4,1,16,1,19.859466,2.040684,8172,514,9
32840,10,9,4,24,1,19.858738,2.040669,8172,514,9
32850,19,5,4,29,1,19.860304,2.040691,8179,514,9
32860,18,7,6,32,1,19.865405,2.041243,8191,514,9
32870,9,1,2,13,1,19.867767,2.041564,8192,514,9
32880,20,1,9,31,1,19.868540,2.041582,8201,514,9
32890,18,7,8,34,1,19.870256,2.041792,8202,514,9
32900,19,11,7,38,1,19.876330,2.042418,8219,514,9
32910,17,7,7,32,1,19.881208,2.042947,8222,515,9
32920,19,18,4,42,1,19.887412,2.043510,8232,518,9
32930,10,1,1,13,1,19.889752,2.043893,8239,518,9
32940,4,12,2,19,1,19.888329,2.043659,8239,518,9
32950,6,3,2,12,1,19.886897,2.043476,8239,518,9
32960,1,2,0,4,1,19.885369,2.043321,8239,518,9
32970,8,9,3,21,1,19.882600,2.042956,8239,518,9
32980,4,4,0,9,1,19.881176,2.042830,8239,518,9
32990,18,6,2,27,1,19.880363,2.042705,8241,518,9
33000,12,6,4,23,1,19.882110,2.042784,8241,518,9
33010,10,6,3,20,1,19.883259,2.042771,8241,518,9
33020,19,11,2,33,1,19.884462,2.042839,8241,518,9
33030,18,5,2,26,1,19.886605,2.043017,8241,518,9
33040,9,6,3,19,1,19.884739,2.042790,8241,518,9
33050,13,15,7,36,1,19.886824,2.042930,8241,518,9
33060,0,0,0,1,1,19.886974,2.042998,8241,518,9
33070,3,3,0,7,1,19.881908,2.042435,8241,518,9
33080,2,3,2,8,1,19.877024,2.041936,8241,518,9
33090,9,1,1,12,1,19.874013,2.041597,8241,518,9
33100,15,5,3,24,1,19.876400,2.041730,8244,518,9
33110,19,13,8,41,1,19.880037,2.042119,8251,518,9
33120,15,17,1,34,1,19.885513,2.042703,8253,519,9
33130,16,11,0,28,1,19.890537,2.043297,8258,519,9
33140,20,20,10,51,1,19.896334,2.043888,8267,524,9
33150,20,19,7,47,1,19.904521,2.044776,8273,525,9
33160,10,7,1,19,1,19.908199,2.045264,8279,525,9
33170,19,15,11,46,1,19.912336,2.045697,8282,525,9
33180,10,1,1,13,1,19.916135,2.046128,8284,525,9
33190,7,0,2,10,1,19.914241,2.045910,8284,525,9
33200,2,1,1,5,1,19.909797,2.045550,8284,525,9
33210,10,6,4,21,1,19.908029,2.045232,8284,525,9
33220,11,2,0,14,1,19.907681,2.045204,8284,525,9
33230,2,0,2,5,1,19.904182,2.044815,8284,525,9
33240,6,0,5,12,1,19.900625,2.044484,8284,525,9
33250,18,7,3,29,1,19.899836,2.044354,8284,525,9
33260,14,8,4,27,1,19.902395,2.044651,8288,525,9
33270,9,3,2,15,1,19.902288,2.044686,8288,525,9
33280,19,10,0,30,1,19.902608,2.044702,8290,525,9
33290,7,4,0,12,1,19.904408,2.044851,8293,525,9
33300,20,8,4,33,1,19.904326,2.044694,8293,525,9
33310,12,8,6,27,1,19.908565,2.045169,8301,525,9
33320,10,5,1,17,1,19.908232,2.045125,8301,525,9
33330,3,3,0,7,1,19.906420,2.044997,8301,525,9
33340,10,5,3,19,1,19.904819,2.044785,8301,525,9
33350,10,6,0,17,1,19.906738,2.044965,8311,525,9
33360,14,14,5,34,1,19.907467,2.045011,8311,525,9
33370,19,5,1,26,1,19.910427,2.045380,8323,525,9
33380,8,1,1,11,1,19.911567,2.045587,8323,525,9
33390,3,1,0,5,1,19.906779,2.045098,8323,525,9
33400,1,0,0,2,1,19.904027,2.044804,8323,525,9
33410,4,0,0,5,1,19.898918,2.044338,8323,525,9
33420,10,4,5,20,1,19.896363,2.043983,8323,525,9
33430,20,10,1,32,1,19.898031,2.044113,8323,525,9
33440,14,2,0,17,1,19.900360,2.044304,8328,525,9
33450,14,6,0,21,1,19.900757,2.044259,8328,525,9
33460,14,9,2,26,1,19.903384,2.044550,8333,525,9
33470,13,17,8,39,1,19.907376,2.044812,8340,525,9
33480,11,8,3,23,1,19.908787,2.044965,8346,525,9
33490,10,5,3,19,1,19.909903,2.045076,8346,525,9
33500,12,1,2,16,1,19.909792,2.045111,8346,525,9
33510,1,4,1,7,1,19.909190,2.045088,8346,525,9
33520,5,0,0,6,1,19.905035,2.044689,8346,525,9
33530,15,6,3,25,1,19.904568,2.044549,8351,525,9
33540,9,8,7,25,1,19.907345,2.044862,8358,525,9
33550,20,19,7,47,1,19.910424,2.045105,8363,526,9
33560,19,13,4,37,1,19.917417,2.045857,8378,527,9
33570,18,10,4,33,1,19.920702,2.046215,8387,527,9
33580,12,16,2,31,1,19.921653,2.046303,8390,527,9
33590,0,0,0,1,1,19.919723,2.046201,8390,527,9
33600,11,4,4,20,1,19.918384,2.045978,8390,527,9
33610,20,7,4,32,1,19.919099,2.046022,8393,527,9
33620,6,5,1,13,1,19.919925,2.046153,8395,527,9
33630,0,0,0,1,1,19.918635,2.046073,8395,527,9
33640,15,2,4,22,1,19.918003,2.045922,8398,527,9
33650,11,5,3,20,1,19.918037,2.045897,8399,527,9
33660,14,7,2,24,1,19.919205,2.045919,8400,527,9
33670,6,0,6,13,1,19.917080,2.045653,8400,527,9
33680,7,5,2,15,1,19.915231,2.045447,8400,527,9
33690,4,1,2,8,1,19.911361,2.045114,8400,527,9
33700,3,2,2,8,1,19.908804,2.044866,8400,527,9
33710,4,0,2,7,1,19.903894,2.044420,8400,527,9
33720,0,3,1,5,1,19.899916,2.044032,8400,527,9
33730,5,2,1,9,1,19.895821,2.043502,8400,527,9
33740,18,5,6,30,1,19.896163,2.043546,8400,527,9
33750,9,2,0,12,1,19.895093,2.043513,8400,527,9
33760,4,3,1,9,1,19.890636,2.042995,8400,527,9
33770,11,5,3,20,1,19.890392,2.042935,8400,527,9
33780,16,4,6,27,1,19.891639,2.043034,8404,527,9
33790,16,5,11,33,1,19.892990,2.043088,8404,527,9
33800,20,7,6,34,1,19.897258,2.043553,8421,527,9
33810,20,11,7,39,1,19.899667,2.043772,8423,527,9
33820,20,18,11,50,1,19.904996,2.044328,8431,527,9
33830,19,13,7,40,1,19.913548,2.045308,8456,527,11
33840,19,9,9,38,1,19.917170,2.045744,8461,527,11
33850,13,11,4,29,1,19.922993,2.046450,8468,527,11
33860,9,0,0,10,1,19.923126,2.046472,8468,527,11
33870,2,0,0,3,1,19.918773,2.046095,8468,527,11
33880,2,2,1,6,1,19.913689,2.045600,8468,527,11
33890,0,1,0,2,1,19.909135,2.045178,8468,527,11
33900,17,4,6,28,1,19.906676,2.044847,8468,527,11
33910,19,10,8,38,1,19.908218,2.044958,8472,527,11
33920,17,15,4,37,1,19.912485,2.045399,8474,527,11
33930,1,10,2,14,1,19.916323,2.045906,8484,527,11
33940,6,2,2,11,1,19.914502,2.045752,8484,527,11
33950,1,0,0,2,1,19.911003,2.045389,8484,527,11
33960,4,2,5,12,1,19.907491,2.044962,8484,527,11
33970,0,0,0,0,0,19.905303,2.044746,8484,527,11
33980,1,0,1,3,1,19.900184,2.044265,8484,527,11
33990,7,3,3,14,1,19.896682,2.043834,8484,527,11
34000,10,7,2,20,1,19.895433,2.043689,8484,527,11
34010,11,3,2,17,1,19.893565,2.043456,8484,527,11
34020,9,7,6,23,1,19.893639,2.043435,8484,527,11
34030,20,16,4,41,1,19.898840,2.043959,8493,529,11
34040,17,11,3,32,1,19.904934,2.044630,8501,531,11
34050,20,13,3,37,1,19.909729,2.045113,8506,531,11
34060,15,12,4,32,1,19.913632,2.045491,8507,531,11
34070,13,6,8,28,1,19.917990,2.045990,8513,532,11
34080,16,9,8,34,1,19.921586,2.046368,8519,532,11
34090,14,8,4,27,1,19.927342,2.046986,8539,532,11
34100,20,13,10,44,1,19.932136,2.047425,8550,532,11
34110,18,19,9,47,1,19.939462,2.048168,8563,536,11
34120,18,11,7,37,1,19.945608,2.048795,8574,540,11
34130,8,9,5,23,1,19.948100,2.049121,8578,540,11
34140,8,8,0,17,1,19.946931,2.048972,8578,540,11
34150,3,0,0,4,1,19.944462,2.048782,8578,540,11
34160,2,8,3,14,1,19.940613,2.048241,8578,540,11
34170,5,12,3,21,1,19.939849,2.048097,8578,540,11
34180,8,4,4,17,1,19.939609,2.048044,8578,540,11
34190,12,3,1,17,1,19.939017,2.047985,8578,540,11
34200,8,9,1,19,1,19.938219,2.047912,8578,540,11
34210,6,0,4,11,1,19.935074,2.047591,8578,540,11
34220,0,2,1,4,1,19.930307,2.047067,8578,540,11
34230,13,5,0,19,1,19.927100,2.046691,8578,540,11
34240,19,5,3,28,1,19.928836,2.046846,8584,540,11
34250,19,11,8,39,1,19.932931,2.047251,8591,540,11
34260,19,13,1,34,1,19.937378,2.047704,8593,540,11
34270,18,7,1,27,1,19.939905,2.047984,8594,540,11
34280,11,9,8,29,1,19.943762,2.048419,8605,540,11
34290,17,6,9,33,1,19.944239,2.048403,8605,540,11
34300,8,3,5,17,1,19.946682,2.048754,8613,540,11
34310,1,1,0,3,1,19.944803,2.048582,8613,540,11
34320,10,4,1,16,1,19.941142,2.048140,8613,540,11
34330,16,2,1,20,1,19.942347,2.048187,8617,540,11
34340,7,0,1,9,1,19.938780,2.048013,8617,540,11
34350,0,0,0,0,0,19.934335,2.047626,8617,540,11
34360,3,3,0,7,1,19.929754,2.047176,8617,540,11
34370,4,3,0,8,1,19.925115,2.046775,8617,540,11
34380,12,6,4,23,1,19.925882,2.046807,8617,540,11
34390,13,4,0,18,1,19.924741,2.046685,8617,540,11
34400,5,2,0,8,1,19.923023,2.046554,8617,540,11
34410,8,8,1,18,1,19.923489,2.046598,8617,540,11
34420,18,4,0,23,1,19.924733,2.046819,8618,540,11
34430,18,8,1,28,1,19.926563,2.046930,8619,540,11
34440,18,7,2,28,1,19.929096,2.047186,8621,540,11
34450,19,10,1,31,1,19.931709,2.047414,8622,540,11
34460,16,8,2,27,1,19.934938,2.047772,8622,540,11
34470,16,7,6,30,1,19.937035,2.047990,8626,540,11
34480,9,10,1,21,1,19.938716,2.048146,8626,540,11
34490,3,2,2,8,1,19.935776,2.047871,8626,540,11
34500,1,1,0,3,1,19.932572,2.047580,8626,540,11
34510,5,1,0,7,1,19.928681,2.047104,8626,540,11
34520,17,8,5,31,1,19.929214,2.047148,8626,540,11
34530,14,3,2,20,1,19.930514,2.047266,8627,540,11
34540,9,3,2,15,1,19.930642,2.047275,8627,540,11
34550,12,9,2,24,1,19.929537,2.047182,8627,540,11
34560,11,3,0,15,1,19.928168,2.047013,8627,540,11
34570,6,2,3,12,1,19.927813,2.046991,8627,540,11
34580,13,8,0,22,1,19.926577,2.046775,8627,540,11
34590,3,6,4,14,1,19.926320,2.046720,8627,540,11
34600,8,1,1,11,1,19.924193,2.046540,8627,540,11
34610,9,1,1,12,1,19.923216,2.046357,8627,540,11
34620,3,4,0,8,1,19.920607,2.046085,8627,540,11
34630,14,5,0,20,1,19.917498,2.045695,8627,540,11
34640,5,7,9,22,1,19.918663,2.045853,8627,540,11
34650,9,8,7,25,1,19.920066,2.045921,8627,540,11
34660,16,10,3,30,1,19.922028,2.046137,8627,540,11
34670,11,4,0,16,1,19.923911,2.046363,8627,540,11
34680,1,2,8,12,1,19.923141,2.046340,8627,540,11
34690,0,0,0,1,1,19.919532,2.046002,8627,540,11
34700,2,0,0,3,1,19.914723,2.045565,8627,540,11
34710,15,9,3,28,1,19.912299,2.045270,8627,540,11
34720,6,3,1,11,1,19.913784,2.045461,8630,540,11
34730,14,11,8,34,1,19.917173,2.045805,8641,540,11
34740,20,8,1,30,1,19.920964,2.046220,8647,540,11
34750,20,12,5,38,1,19.924907,2.046585,8655,540,11
34760,20,14,9,44,1,19.929238,2.047057,8665,540,11
34770,15,6,1,23,1,19.930627,2.047244,8667,540,11
34780,18,10,5,34,1,19.934501,2.047601,8669,540,11
34790,20,11,7,39,1,19.938960,2.047977,8681,540,11
34800,18,8,2,29,1,19.943661,2.048486,8687,540,11
34810,14,4,5,24,1,19.943336,2.048461,8687,540,11
34820,13,5,0,19,1,19.946310,2.048823,8692,540,11
34830,17,4,2,24,1,19.948414,2.049005,8699,540,11
34840,12,6,0,19,1,19.949116,2.049067,8699,540,11
34850,4,4,0,9,1,19.946863,2.048856,8699,540,11
34860,8,2,1,12,1,19.943038,2.048459,8699,540,11
34870,7,10,3,21,1,19.942014,2.048248,8699,540,11
34880,7,7,0,15,1,19.940440,2.048058,8699,540,11
34890,5,8,0,14,1,19.938637,2.047857,8699,540,11
34900,5,0,0,6,1,19.938118,2.047788,8699,540,11
34910,14,7,5,27,1,19.936848,2.047593,8699,540,11
34920,15,7,0,23,1,19.938232,2.047689,8699,540,11
34930,11,2,2,16,1,19.937079,2.047621,8699,540,11
34940,1,2,2,6,1,19.933212,2.047257,8699,540,11
34950,3,3,1,8,1,19.928813,2.046801,8699,540,11
34960,6,2,1,10,1,19.924657,2.046334,8699,540,11
34970,10,4,4,19,1,19.922927,2.046099,8699,540,11
34980,12,2,0,15,1,19.923178,2.046127,8699,540,11
34990,9,4,1,15,1,19.922616,2.046125,8699,540,11
35000,7,0,0,8,1,19.919458,2.045779,8699,540,11
35010,9,6,1,17,1,19.917603,2.045525,8699,540,11
35020,12,3,0,16,1,19.917459,2.045506,8699,540,11
35030,2,1,0,4,1,19.913773,2.045214,8699,540,11
35040,14,6,3,24,1,19.912999,2.045041,8699,540,11
35050,17,12,1,31,1,19.911760,2.044814,8699,540,11
35060,6,5,1,13,1,19.912119,2.044943,8699,540,11
35070,20,14,5,40,1,19.914080,2.045032,8703,540,11
35080,13,4,1,19,1,19.917424,2.045468,8711,540,11
35090,0,0,0,1,1,19.915110,2.045251,8711,540,11
35100,7,4,1,13,1,19.911389,2.044823,8711,540,11
35110,3,3,0,7,1,19.907314,2.044413,8711,540,11
35120,6,7,0,14,1,19.903944,2.044003,8711,540,11
35130,14,6,1,22,1,19.903497,2.043858,8711,540,11
35140,9,10,6,26,1,19.903769,2.043834,8711,540,11
35150,18,2,5,26,1,19.904168,2.043889,8711,540,11
35160,5,3,1,10,1,19.904023,2.043877,8712,540,11
35170,9,7,4,21,1,19.901493,2.043613,8712,540,11
35180,2,2,1,6,1,19.900321,2.043448,8712,540,11
35190,0,0,2,3,1,19.895898,2.043031,8712,540,11
35200,5,0,0,6,1,19.892695,2.042645,8712,540,11
35210,1,1,0,3,1,19.889015,2.042270,8712,540,11
35220,12,7,2,22,1,19.886661,2.042012,8712,540,11
35230,0,0,0,1,1,19.885465,2.041928,8712,540,11
35240,9,1,2,13,1,19.880961,2.041414,8712,540,11
35250,9,1,0,11,1,19.876780,2.041106,8712,540,11
35260,0,0,0,0,0,19.872714,2.040750,8712,540,11
35270,7,3,3,14,1,19.868502,2.040260,8712,540,11
35280,1,0,1,3,1,19.864030,2.039857,8712,540,11
35290,2,1,0,4,1,19.859167,2.039395,8712,540,11
35300,2,5,1,9,1,19.856149,2.039010,8712,540,11
35310,2,5,1,9,1,19.853737,2.038759,8712,540,11
35320,10,8,3,22,1,19.849245,2.038306,8712,540,11
35330,9,11,2,23,1,19.849969,2.038406,8712,540,11
35340,5,2,2,10,1,19.850332,2.038375,8712,540,11
35350,0,1,3,5,1,19.846832,2.038006,8712,540,11
35360,2,2,1,6,1,19.841970,2.037479,8712,540,11
35370,4,1,0,6,1,19.837773,2.036979,8712,540,11
35380,7,5,2,15,1,19.835085,2.036623,8712,540,11
35390,14,12,3,30,1,19.836918,2.036819,8712,540,11
35400,5,4,0,10,1,19.836867,2.036893,8712,540,11
35410,0,0,0,0,0,19.833036,2.036532,8712,540,11
35420,7,2,0,10,1,19.830438,2.036196,8712,540,11
35430,6,5,2,14,1,19.830522,2.036131,8712,540,11
35440,0,0,0,0,0,19.828127,2.035952,8712,540,11
35450,6,3,3,13,1,19.824912,2.035571,8712,540,11
35460,4,2,4,11,1,19.821558,2.035158,8712,540,11
35470,8,6,6,21,1,19.819627,2.034868,8712,540,11
35480,7,2,0,10,1,19.816699,2.034611,8712,540,11
35490,5,4,9,19,1,19.815901,2.034520,8712,540,11
35500,0,0,0,1,1,19.812137,2.034224,8712,540,11
35510,1,1,2,5,1,19.807902,2.033785,8712,540,11
35520,2,0,0,3,1,19.802884,2.033384,8712,540,11
35530,3,3,3,10,1,19.799090,2.032979,8712,540,11
35540,3,0,0,4,1,19.795786,2.032642,8712,540,11
35550,5,2,2,10,1,19.792116,2.032326,8712,540,11
35560,14,9,0,24,1,19.789938,2.031953,8712,540,11
35570,19,6,5,31,1,19.792651,2.032210,8716,540,11
35580,18,13,8,40,1,19.797164,2.032594,8724,540,11
35590,15,7,0,23,1,19.802405,2.033204,8730,542,11
35600,2,4,0,7,1,19.803361,2.033299,8730,542,11
35610,4,3,0,8,1,19.799835,2.032916,8730,542,11
35620,0,0,0,1,1,19.794779,2.032522,8730,542,11
35630,5,1,1,8,1,19.791261,2.032145,8730,542,11
35640,2,1,4,8,1,19.787149,2.031673,8730,542,11
35650,7,4,3,15,1,19.785348,2.031525,8730,542,11
35660,10,2,2,15,1,19.784946,2.031498,8730,542,11
35670,6,5,1,13,1,19.782677,2.031308,8730,542,11
35680,3,5,5,14,1,19.781575,2.031221,8730,542,11
35690,17,15,10,43,1,19.783812,2.031336,8730,542,11
35700,7,12,7,27,1,19.787852,2.031788,8735,542,11
35710,11,10,0,22,1,19.789819,2.031992,8735,542,11
35720,11,7,1,20,1,19.790743,2.032060,8735,542,11
35730,17,9,3,30,1,19.792134,2.032170,8737,542,11
35740,1,3,2,7,1,19.792207,2.032244,8738,542,11
35750,4,9,0,14,1,19.790366,2.032093,8738,542,11
35760,5,1,1,8,1,19.789354,2.032079,8738,542,11
35770,11,1,2,15,1,19.787296,2.031811,8738,542,11
35780,2,1,1,5,1,19.785608,2.031640,8738,542,11
35790,0,1,0,2,1,19.781475,2.031294,8738,542,11
35800,3,0,0,4,1,19.779198,2.031074,8738,542,11
35810,8,2,2,13,1,19.776772,2.030804,8738,542,11
35820,3,1,1,6,1,19.772236,2.030357,8738,542,11
35830,0,0,0,0,0,19.767670,2.029897,8738,542,11
35840,5,4,2,12,1,19.762946,2.029489,8738,542,11
35850,8,2,1,12,1,19.760387,2.029240,8738,542,11
35860,9,5,0,15,1,19.757698,2.028967,8738,542,11
35870,1,2,2,6,1,19.754519,2.028648,8738,542,11
35880,2,1,1,5,1,19.750391,2.028197,8738,542,11
35890,5,2,1,9,1,19.746963,2.027842,8738,542,11
35900,1,1,0,3,1,19.743778,2.027511,8738,542,11
35910,3,3,4,11,1,19.739178,2.027110,8738,542,11
35920,6,6,2,15,1,19.738304,2.027005,8738,542,11
35930,17,13,2,33,1,19.739624,2.027114,8740,542,11
35940,19,9,9,38,1,19.743233,2.027481,8748,542,11
35950,15,11,4,31,1,19.747642,2.027896,8751,542,11
35960,15,9,4,29,1,19.749355,2.028108,8751,542,11
35970,18,15,13,47,1,19.753837,2.028582,8763,542,11
35980,16,8,2,27,1,19.758611,2.029197,8773,542,11
35990,9,13,2,25,1,19.760516,2.029435,8773,542,11
36000,9,6,3,19,1,19.761429,2.029566,8773,542,11
36010,10,2,0,13,1,19.761394,2.029547,8773,542,11
36020,10,5,2,18,1,19.760271,2.029341,8773,542,11
36030,18,12,8,39,1,19.762820,2.029518,8774,542,11
36040,20,13,8,42,1,19.766560,2.029916,8778,542,11
36050,13,10,0,24,1,19.769208,2.030231,8779,542,11
36060,15,5,5,26,1,19.772739,2.030642,8786,542,11
36070,16,18,7,42,1,19.776267,2.030960,8791,542,11
36080,6,10,0,17,1,19.780546,2.031401,8793,548,11
36090,12,7,3,23,1,19.780196,2.031298,8793,548,11
36100,3,3,1,8,1,19.778318,2.031102,8793,548,11
36110,11,6,0,18,1,19.775470,2.030794,8793,548,11
36120,0,0,0,1,1,19.771486,2.030462,8793,548,11
36130,8,2,0,11,1,19.767391,2.030003,8793,548,11
36140,1,2,0,4,1,19.763226,2.029549,8793,548,11
36150,1,2,1,5,1,19.758790,2.029159,8793,548,11
36160,4,0,0,5,1,19.754167,2.028790,8793,548,11
36170,14,9,2,26,1,19.751542,2.028552,8793,548,11
36180,2,2,0,5,1,19.750535,2.028548,8793,548,11
36190,4,2,0,7,1,19.747822,2.028254,8793,548,11
36200,6,1,1,9,1,19.743898,2.027842,8793,548,11
36210,18,7,2,28,1,19.743642,2.027743,8795,548,11
36220,18,7,6,32,1,19.745273,2.027941,8800,548,11
36230,16,11,5,33,1,19.747839,2.028201,8804,548,11
36240,18,7,4,30,1,19.750063,2.028575,8805,548,11
36250,2,1,1,5,1,19.750402,2.028664,8805,548,11
36260,4,2,0,7,1,19.746141,2.028246,8805,548,11
36270,13,5,4,23,1,19.744178,2.027983,8805,548,11
36280,8,1,2,12,1,19.746050,2.028137,8807,548,11
36290,9,4,1,15,1,19.742680,2.027856,8807,548,11
36300,13,4,0,18,1,19.742197,2.027872,8807,548,11
36310,18,7,2,28,1,19.744262,2.028034,8812,548,11
36320,20,9,3,33,1,19.747592,2.028332,8820,548,11
36330,13,15,6,35,1,19.751988,2.028786,8833,548,11
36340,18,15,9,43,1,19.757705,2.029398,8851,548,11
36350,19,14,5,39,1,19.764037,2.030068,8867,548,11
36360,19,6,5,31,1,19.767147,2.030498,8872,548,11
36370,19,3,8,31,1,19.771653,2.030992,8887,548,11
36380,10,2,1,14,1,19.772632,2.031158,8888,548,11
36390,0,0,0,1,1,19.769874,2.030859,8888,548,11
36400,1,2,0,4,1,19.765464,2.030379,8888,548,11
36410,4,6,1,12,1,19.761402,2.029918,8888,548,11
36420,11,7,3,22,1,19.760285,2.029708,8888,548,11
36430,0,1,0,2,1,19.757709,2.029497,8888,548,11
36440,7,4,2,14,1,19.754555,2.029124,8888,548,11
36450,4,4,1,10,1,19.750664,2.028692,8888,548,11
36460,18,13,9,41,1,19.753636,2.028948,8894,548,11
36470,20,10,11,42,1,19.758082,2.029406,8903,548,11
36480,20,5,9,35,1,19.762148,2.029849,8915,548,11
36490,5,0,0,6,1,19.764614,2.030224,8922,548,11
36500,14,11,3,29,1,19.764699,2.030132,8923,548,11
36510,12,4,5,22,1,19.765510,2.030235,8923,548,11
36520,7,3,1,12,1,19.765626,2.030226,8923,548,11
36530,14,1,0,16,1,19.764199,2.030075,8923,548,11
36540,4,3,3,11,1,19.761841,2.029830,8923,548,11
36550,6,3,0,10,1,19.759482,2.029498,8923,548,11
36560,6,0,0,7,1,19.756118,2.029132,8923,548,11
36570,0,0,0,1,1,19.752695,2.028788,8923,548,11
36580,1,4,1,7,1,19.748605,2.028290,8923,548,11
36590,4,2,0,7,1,19.744865,2.027880,8923,548,11
36600,14,9,1,25,1,19.744909,2.027812,8923,548,11
36610,11,7,5,24,1,19.746596,2.027971,8923,548,11
36620,9,7,4,21,1,19.747354,2.028045,8923,548,11
36630,9,8,4,22,1,19.747215,2.028061,8923,548,11
36640,19,17,0,37,1,19.749768,2.028240,8925,548,11
36650,11,7,6,25,1,19.752876,2.028596,8925,548,11
36660,9,3,5,18,1,19.753189,2.028670,8925,548,11
36670,15,7,3,26,1,19.754221,2.028738,8925,548,11
36680,18,6,3,28,1,19.758069,2.029067,8931,548,11
36690,16,4,7,28,1,19.760006,2.029302,8932,548,11
36700,1,1,0,3,1,19.758683,2.029242,8932,548,11
36710,0,1,1,3,1,19.754398,2.028850,8932,548,11
36720,11,6,3,21,1,19.751617,2.028561,8932,548,11
36730,14,9,0,24,1,19.751025,2.028468,8932,548,11
36740,8,3,1,13,1,19.749698,2.028373,8932,548,11
36750,11,6,2,20,1,19.746394,2.028036,8932,548,11
36760,16,2,7,26,1,19.749206,2.028293,8940,548,11
36770,18,10,5,34,1,19.752135,2.028534,8944,548,11
36780,9,6,1,17,1,19.756147,2.028976,8952,549,11
36790,18,11,4,34,1,19.757085,2.029029,8952,549,11
36800,8,4,1,14,1,19.758334,2.029244,8954,549,11
36810,3,2,3,9,1,19.754637,2.028872,8954,549,11
36820,4,2,4,11,1,19.751271,2.028523,8954,549,11
36830,3,2,0,6,1,19.747861,2.028209,8954,549,11
36840,0,0,0,1,1,19.743330,2.027780,8954,549,11
36850,1,0,0,2,1,19.738834,2.027382,8954,549,11
36860,6,6,0,13,1,19.737001,2.027139,8954,549,11
36870,16,14,4,35,1,19.737756,2.027196,8955,549,11
36880,0,0,0,1,1,19.738671,2.027456,8957,549,11
36890,12,5,2,20,1,19.738612,2.027367,8957,549,11
36900,8,5,4,18,1,19.736590,2.027111,8957,549,11
36910,14,9,2,26,1,19.737410,2.027180,8957,549,11
36920,7,3,3,14,1,19.737341,2.027108,8958,549,11
36930,12,15,5,33,1,19.736870,2.027067,8958,549,11
36940,18,7,4,30,1,19.739923,2.027394,8963,549,11
36950,12,6,2,21,1,19.742032,2.027601,8966,549,11
36960,12,4,6,23,1,19.742322,2.027611,8967,549,11
36970,11,6,2,20,1,19.741757,2.027515,8967,549,11
36980,1,2,0,4,1,19.741118,2.027440,8967,549,11
36990,6,8,3,18,1,19.738854,2.027148,8967,549,11
37000,12,4,1,18,1,19.738287,2.027143,8967,549,11
37010,4,6,3,14,1,19.734820,2.026766,8967,549,11
37020,9,9,0,19,1,19.735947,2.026856,8967,549,11
37030,10,8,5,24,1,19.735424,2.026703,8967,549,11
37040,5,3,2,11,1,19.735372,2.026705,8967,549,11
37050,12,6,6,25,1,19.736093,2.026725,8967,549,11
37060,11,6,1,19,1,19.737030,2.026784,8967,549,11
37070,8,7,0,16,1,19.737244,2.026870,8968,549,11
37080,3,1,0,5,1,19.733701,2.026520,8968,549,11
37090,0,1,1,3,1,19.729836,2.026164,8968,549,11
37100,7,1,3,12,1,19.726296,2.025775,8968,549,11
37110,6,9,2,18,1,19.724424,2.025551,8968,549,11
37120,15,7,8,31,1,19.726533,2.025708,8970,549,11
37130,20,7,3,31,1,19.730528,2.026137,8976,549,11
37140,14,5,2,22,1,19.731957,2.026247,8976,549,11
37150,20,12,0,33,1,19.733435,2.026322,8980,549,11
37160,14,9,8,32,1,19.738332,2.026827,8985,549,11
37170,13,9,3,26,1,19.742736,2.027276,8991,549,11
37180,15,9,2,27,1,19.743280,2.027368,8991,549,11
37190,6,6,0,13,1,19.743696,2.027424,8991,549,11
37200,3,1,0,5,1,19.739269,2.027067,8991,549,11
37210,5,7,0,13,1,19.738598,2.027011,8991,549,11
37220,12,0,7,20,1,19.736872,2.026819,8991,549,11
37230,11,0,3,15,1,19.736303,2.026802,8991,549,11
37240,13,7,2,23,1,19.735634,2.026769,8991,549,11
37250,9,7,6,23,1,19.736322,2.026758,8991,549,11
37260,3,4,0,8,1,19.737558,2.026948,8996,549,11
37270,4,1,0,6,1,19.735995,2.026840,8996,549,11
37280,13,14,11,39,1,19.737558,2.026858,8997,549,11
37290,9,1,2,13,1,19.739047,2.026985,8997,549,11
37300,0,0,0,0,0,19.735126,2.026718,8997,549,11
37310,0,0,0,0,0,19.730746,2.026254,8997,549,11
37320,3,5,0,9,1,19.727493,2.025977,8997,549,11
37330,6,2,3,12,1,19.723403,2.025598,8997,549,11
37340,20,9,2,32,1,19.725842,2.025778,9013,549,11
37350,20,16,7,44,1,19.732493,2.026608,9029,551,11
37360,16,3,8,28,1,19.736518,2.027113,9034,552,11
37370,11,8,1,21,1,19.736238,2.027136,9034,552,11
37380,16,14,3,34,1,19.739926,2.027528,9046,552,11
37390,16,12,3,32,1,19.742511,2.027735,9048,552,11
37400,6,5,5,17,1,19.743680,2.027846,9048,552,11
37410,6,4,1,12,1,19.743270,2.027739,9048,552,11
37420,3,4,2,10,1,19.740493,2.027467,9048,552,11
37430,19,9,2,31,1,19.738855,2.027150,9048,552,11
37440,20,19,1,41,1,19.742453,2.027477,9051,552,11
37450,19,11,4,35,1,19.747701,2.028107,9062,552,11
37460,18,11,9,39,1,19.752839,2.028682,9073,552,11
37470,6,5,1,13,1,19.754094,2.028890,9076,552,11
37480,13,8,0,22,1,19.753860,2.028802,9076,552,11
37490,15,9,7,32,1,19.755155,2.028848,9080,552,11
37500,16,4,0,21,1,19.756374,2.028969,9084,552,11
37510,18,11,1,31,1,19.757420,2.028957,9084,552,11
37520,13,6,2,22,1,19.759694,2.029248,9087,552,11
37530,19,3,1,24,1,19.760603,2.029305,9087,552,11
37540,10,16,1,28,1,19.761257,2.029440,9087,552,11
37550,6,5,3,15,1,19.760861,2.029446,9087,552,11
37560,10,1,2,14,1,19.758384,2.029227,9087,552,11
37570,6,1,1,9,1,19.757387,2.029193,9087,552,11
37580,8,0,0,9,1,19.754499,2.028832,9087,552,11
37590,7,1,4,13,1,19.750817,2.028467,9087,552,11
37600,14,16,2,33,1,19.751390,2.028423,9087,552,11
37610,17,15,6,39,1,19.755286,2.028858,9095,552,11
37620,20,10,3,34,1,19.758232,2.029152,9101,552,11
37630,18,14,11,44,1,19.763218,2.029649,9107,552,11
37640,13,11,1,26,1,19.766737,2.029974,9121,552,11
37650,6,8,2,17,1,19.768304,2.030209,9121,552,11
37660,2,6,6,15,1,19.767195,2.030053,9121,552,11
37670,1,1,0,3,1,19.764771,2.029878,9121,552,11
37680,1,0,0,2,1,19.760827,2.029386,9121,552,11
37690,2,2,2,7,1,19.756790,2.029035,9121,552,11
37700,3,6,3,13,1,19.752649,2.028650,9121,552,11
37710,13,6,5,25,1,19.752092,2.028523,9121,552,11
37720,8,8,0,17,1,19.751595,2.028502,9121,552,11
37730,2,1,0,4,1,19.748043,2.028227,9121,552,11
37740,0,0,1,2,1,19.743920,2.027845,9121,552,11
37750,18,9,1,29,1,19.745213,2.027836,9127,552,11
37760,16,13,4,34,1,19.747587,2.028087,9131,552,11
37770,17,1,2,21,1,19.751642,2.028583,9141,552,11
37780,5,4,4,14,1,19.749238,2.028305,9141,552,11
37790,16,6,10,33,1,19.750870,2.028436,9145,552,11
37800,14,4,5,24,1,19.752693,2.028592,9150,552,11
37810,20,20,3,44,1,19.755605,2.028860,9163,552,11
37820,9,8,4,22,1,19.758725,2.029194,9166,552,11
37830,19,11,1,32,1,19.761495,2.029420,9175,552,11
37840,16,10,6,33,1,19.762912,2.029578,9175,552,11
37850,0,0,0,0,0,19.762278,2.029570,9175,552,11
37860,7,3,0,11,1,19.759034,2.029173,9175,552,11
37870,8,1,3,13,1,19.757271,2.028972,9175,552,11
37880,8,6,2,17,1,19.757513,2.028900,9175,552,11
37890,0,1,0,2,1,19.754410,2.028639,9175,552,11
37900,2,4,1,8,1,19.750491,2.028183,9175,552,11
37910,6,2,1,10,1,19.746929,2.027776,9175,552,11
37920,9,2,2,14,1,19.743862,2.027419,9175,552,11
37930,9,0,1,11,1,19.742413,2.027239,9175,552,11
37940,0,0,1,2,1,19.738989,2.026923,9175,552,11
37950,11,6,0,18,1,19.736249,2.026506,9175,552,11
37960,0,0,0,0,0,19.732167,2.026188,9175,552,11
37970,0,0,0,0,0,19.728083,2.025782,9175,552,11
37980,0,0,0,1,1,19.723850,2.025376,9175,552,11
37990,13,6,5,25,1,19.721826,2.025149,9175,552,11
38000,16,10,0,27,1,19.724967,2.025441,9176,552,11
38010,15,7,2,25,1,19.725932,2.025509,9180,552,11
38020,6,5,4,16,1,19.725036,2.025425,9180,552,11
38030,1,3,2,7,1,19.722403,2.025145,9180,552,11
38040,7,4,6,18,1,19.720840,2.024938,9180,552,11
38050,6,0,2,9,1,19.719621,2.024804,9180,552,11
38060,17,8,1,27,1,19.719493,2.024700,9180,552,11
38070,17,15,4,37,1,19.721201,2.024878,9181,552,11
38080,13,6,2,22,1,19.724215,2.025293,9188,552,11
38090,13,8,2,24,1,19.725218,2.025322,9188,552,11
38100,15,10,7,33,1,19.728267,2.025648,9193,552,11
38110,14,13,1,29,1,19.731137,2.025923,9196,552,11
38120,10,3,3,17,1,19.731034,2.025903,9196,552,11
38130,9,3,3,16,1,19.728681,2.025604,9196,552,11
38140,14,10,1,26,1,19.730814,2.025803,9202,552,11
38150,13,7,0,21,1,19.732176,2.025907,9204,552,11
38160,8,0,0,9,1,19.729788,2.025670,9204,552,11
38170,4,7,1,13,1,19.726427,2.025305,9204,552,11
38180,5,4,2,12,1,19.726661,2.025304,9205,552,11
38190,0,0,0,0,0,19.722629,2.024887,9205,552,11
38200,9,4,2,16,1,19.718731,2.024423,9205,552,11
38210,0,2,0,3,1,19.715216,2.024048,9205,552,11
38220,8,2,2,13,1,19.712020,2.023733,9205,552,11
38230,7,2,1,11,1,19.710174,2.023584,9205,552,11
38240,0,0,0,1,1,19.708630,2.023406,9205,552,11
38250,0,0,0,1,1,19.703853,2.022983,9205,552,11
38260,0,0,0,0,0,19.700918,2.022695,9205,552,11
38270,18,5,1,25,1,19.699925,2.022513,9205,552,11
38280,2,3,0,6,1,19.698050,2.022323,9205,552,11
38290,3,0,0,4,1,19.694327,2.021921,9205,552,11
38300,5,3,1,10,1,19.690588,2.021572,9205,552,11
38310,7,6,5,19,1,19.690405,2.021474,9205,552,11
38320,13,4,0,18,1,19.690528,2.021467,9205,552,11
38330,5,9,0,15,1,19.688856,2.021249,9205,552,11
38340,1,0,0,2,1,19.684911,2.020955,9205,552,11
38350,13,3,1,18,1,19.682078,2.020661,9205,552,11
38360,5,2,0,8,1,19.680557,2.020539,9205,552,11
38370,10,4,1,16,1,19.677140,2.020228,9205,552,11
38380,7,14,6,28,1,19.675759,2.020148,9205,552,11
38390,20,9,7,37,1,19.679962,2.020576,9219,552,11
38400,1,10,1,13,1,19.681826,2.020905,9225,552,11
38410,12,6,3,22,1,19.680654,2.020819,9225,552,11
38420,10,4,5,20,1,19.682361,2.020986,9225,552,11
38430,11,2,5,19,1,19.683155,2.021096,9226,552,11
38440,14,3,5,23,1,19.684185,2.021177,9227,552,11
38450,7,6,6,20,1,19.685556,2.021272,9228,552,11
38460,18,3,1,23,1,19.685861,2.021283,9230,552,11
38470,13,8,0,22,1,19.686858,2.021329,9231,552,11
38480,19,6,3,29,1,19.687089,2.021349,9231,552,11
38490,14,16,4,35,1,19.691727,2.021887,9243,552,11
38500,16,7,6,30,1,19.695709,2.022319,9246,552,11
38510,5,8,2,16,1,19.694456,2.022144,9246,552,11
38520,8,2,0,11,1,19.693261,2.022045,9246,552,11
38530,0,1,2,4,1,19.689696,2.021724,9246,552,11
38540,0,0,1,2,1,19.685320,2.021342,9246,552,11
38550,3,0,0,4,1,19.680811,2.020854,9246,552,11
38560,20,9,4,34,1,19.681254,2.020815,9247,552,11
38570,5,1,0,7,1,19.681368,2.020894,9251,552,11
38580,1,2,1,5,1,19.677517,2.020501,9251,552,11
38590,6,5,7,19,1,19.675999,2.020309,9251,552,11
38600,20,7,0,28,1,19.676849,2.020398,9257,552,11
38610,8,1,3,13,1,19.676767,2.020424,9257,552,11
38620,5,4,3,13,1,19.673848,2.020180,9257,552,11
38630,7,2,3,13,1,19.672881,2.020040,9257,552,11
38640,4,0,0,5,1,19.669463,2.019643,9257,552,11
38650,11,10,5,27,1,19.667516,2.019300,9257,552,11
38660,17,13,10,41,1,19.670485,2.019565,9271,552,11
38670,8,6,2,17,1,19.673672,2.019947,9276,553,11
38680,18,2,4,25,1,19.674498,2.020008,9276,553,11
38690,13,6,1,21,1,19.675282,2.020063,9279,553,11
38700,16,11,8,36,1,19.678270,2.020378,9281,553,11
38710,6,6,0,13,1,19.679614,2.020545,9281,553,11
38720,4,3,0,8,1,19.677011,2.020258,9281,553,11
38730,1,0,1,3,1,19.673889,2.019918,9281,553,11
38740,7,4,3,15,1,19.671716,2.019612,9281,553,11
38750,6,3,0,10,1,19.670619,2.019496,9281,553,11
38760,7,7,1,16,1,19.668976,2.019308,9281,553,11
38770,7,3,1,12,1,19.667982,2.019203,9281,553,11
38780,1,1,2,5,1,19.665140,2.018924,9281,553,11
38790,10,4,2,17,1,19.662471,2.018566,9281,553,11
38800,4,6,1,12,1,19.661214,2.018429,9281,553,11
38810,8,8,0,17,1,19.659705,2.018223,9281,553,11
38820,11,8,2,22,1,19.659240,2.018151,9281,553,11
38830,2,5,2,10,1,19.657043,2.017949,9281,553,11
38840,0,2,0,3,1,19.652929,2.017576,9281,553,11
38850,15,5,7,28,1,19.651054,2.017317,9281,553,11
38860,9,3,1,14,1,19.653032,2.017565,9286,553,11
38870,16,11,1,29,1,19.654183,2.017626,9289,553,11
38880,11,8,4,24,1,19.656324,2.017848,9289,553,11
38890,5,14,5,25,1,19.656744,2.017851,9289,553,11
38900,6,9,5,21,1,19.655118,2.017697,9289,553,11
38910,8,12,3,24,1,19.657017,2.017868,9291,553,11
38920,15,11,2,29,1,19.659672,2.018110,9298,553,11
38930,20,12,11,44,1,19.664420,2.018520,9311,553,11
38940,11,4,5,21,1,19.666869,2.018774,9320,553,11
38950,8,5,5,19,1,19.667517,2.018773,9322,553,11
38960,7,8,1,17,1,19.667179,2.018645,9322,553,11
38970,4,0,2,7,1,19.663222,2.018310,9322,553,11
38980,6,2,1,10,1,19.660505,2.018002,9322,553,11
38990,0,0,0,1,1,19.657168,2.017683,9322,553,11
39000,12,7,6,26,1,19.654324,2.017260,9322,553,11
39010,19,7,5,32,1,19.656180,2.017506,9322,553,11
39020,11,8,0,20,1,19.658198,2.017726,9323,553,11
39030,0,4,1,6,1,19.655878,2.017448,9323,553,11
39040,1,0,0,2,1,19.652139,2.017104,9323,553,11
39050,0,0,0,0,0,19.648506,2.016781,9323,553,11
39060,2,4,4,11,1,19.644711,2.016335,9323,553,11
39070,0,0,0,1,1,19.640514,2.015912,9323,553,11
39080,3,0,2,6,1,19.638437,2.015643,9323,553,11
39090,17,5,1,24,1,19.636766,2.015415,9323,553,11
39100,11,7,2,21,1,19.637771,2.015521,9323,553,11
39110,7,6,0,14,1,19.637270,2.015498,9323,553,11
39120,13,7,3,24,1,19.637368,2.015511,9323,553,11
39130,13,6,2,22,1,19.638176,2.015543,9323,553,11
39140,4,2,1,8,1,19.637602,2.015460,9323,553,11
39150,0,0,0,1,1,19.634228,2.015132,9323,553,11
39160,9,2,3,15,1,19.631968,2.014865,9323,553,11
39170,0,0,0,1,1,19.628094,2.014533,9323,553,11
39180,5,1,5,12,1,19.625254,2.014223,9323,553,11
39190,0,5,3,9,1,19.622689,2.013920,9323,553,11
39200,5,2,3,11,1,19.618949,2.013575,9323,553,11
39210,0,0,0,0,0,19.615323,2.013289,9323,553,11
39220,3,0,1,5,1,19.611203,2.012869,9323,553,11
39230,6,1,2,10,1,19.610285,2.012698,9323,553,11
39240,3,2,4,10,1,19.608932,2.012509,9323,553,11
39250,0,0,0,0,0,19.605038,2.012138,9323,553,11
39260,4,7,0,12,1,19.601147,2.011756,9323,553,11
39270,13,11,4,29,1,19.600615,2.011667,9323,553,11
39280,19,13,5,38,1,19.602420,2.011839,9326,553,11
39290,19,8,10,38,1,19.606352,2.012261,9334,553,11
39300,20,13,6,40,1,19.610528,2.012718,9347,553,11
39310,9,7,1,18,1,19.615023,2.013292,9357,556,11
39320,19,8,3,31,1,19.617318,2.013503,9358,556,11
39330,18,7,7,33,1,19.621030,2.013876,9365,556,11
39340,17,7,4,29,1,19.624310,2.014304,9375,556,11
39350,17,5,5,28,1,19.626495,2.014426,9376,556,11
39360,8,3,4,16,1,19.626879,2.014530,9376,556,11
39370,3,0,0,4,1,19.625420,2.014414,9376,556,11
39380,7,0,4,12,1,19.623884,2.014222,9376,556,11
39390,2,1,0,4,1,19.620148,2.013809,9376,556,11
39400,4,4,2,11,1,19.616016,2.013377,9376,556,11
39410,7,5,0,13,1,19.613713,2.013096,9376,556,11
39420,12,3,1,17,1,19.612886,2.012961,9376,556,11
39430,11,9,4,25,1,19.612158,2.012794,9376,556,11
39440,16,7,2,26,1,19.613654,2.012913,9376,556,11
39450,14,18,5,38,1,19.616708,2.013203,9379,556,11
39460,20,7,5,33,1,19.619007,2.013446,9383,556,11
39470,13,6,1,21,1,19.621873,2.013811,9388,556,11
39480,11,3,3,18,1,19.621495,2.013753,9388,556,11
39490,11,5,1,18,1,19.620520,2.013650,9388,556,11
39500,13,7,2,23,1,19.621630,2.013787,9388,556,11
39510,20,12,1,34,1,19.624206,2.014043,9392,556,11
39520,11,4,5,21,1,19.625970,2.014284,9399,556,11
39530,6,2,1,10,1,19.624461,2.014153,9399,556,11
39540,11,0,6,18,1,19.622350,2.013902,9399,556,11
39550,18,13,7,39,1,19.624623,2.014090,9406,556,11
39560,20,11,0,32,1,19.629694,2.014665,9421,556,11
39570,17,13,9,40,1,19.634457,2.015193,9426,556,11
39580,7,1,1,10,1,19.635779,2.015383,9427,556,11
39590,1,0,0,2,1,19.632067,2.014973,9427,556,11
39600,3,3,1,8,1,19.628118,2.014544,9427,556,11
39610,13,20,3,37,1,19.627377,2.014366,9427,557,11
39620,20,19,6,46,1,19.632963,2.014952,9441,561,11
39630,20,13,11,45,1,19.639653,2.015750,9454,563,11
39640,17,12,5,35,1,19.645444,2.016425,9460,563,11
39650,6,5,1,13,1,19.646558,2.016615,9462,563,11
39660,8,5,7,21,1,19.644550,2.016275,9462,563,11
39670,9,4,4,18,1,19.645821,2.016377,9465,563,11
39680,6,0,0,7,1,19.645009,2.016332,9465,563,11
39690,3,0,0,4,1,19.642663,2.016140,9465,563,11
39700,18,9,0,28,1,19.643587,2.016154,9466,563,11
39710,5,1,1,8,1,19.641713,2.016037,9466,563,11
39720,13,7,7,28,1,19.640127,2.015798,9466,563,11
39730,13,15,10,39,1,19.645778,2.016344,9478,564,11
39740,0,0,0,1,1,19.644291,2.016329,9478,564,11
39750,7,6,0,14,1,19.643466,2.016247,9478,564,11
39760,3,1,1,6,1,19.640011,2.015920,9478,564,11
39770,0,0,0,0,0,19.636551,2.015526,9478,564,11
39780,8,3,1,13,1,19.632756,2.015097,9478,564,11
39790,18,0,3,22,1,19.632252,2.015011,9478,564,11
39800,7,4,1,13,1,19.631916,2.015062,9478,564,11
39810,2,1,0,4,1,19.628177,2.014732,9478,564,11
39820,4,11,3,19,1,19.624951,2.014419,9478,564,11
39830,20,8,1,30,1,19.625438,2.014388,9481,564,11
39840,0,1,0,2,1,19.623928,2.014334,9483,564,11
39850,13,6,2,22,1,19.623251,2.014256,9483,564,11
39860,12,6,1,20,1,19.623233,2.014261,9483,564,11
39870,0,3,0,4,1,19.620188,2.013962,9483,564,11
39880,8,0,1,10,1,19.617852,2.013786,9483,564,11
39890,11,7,4,23,1,19.616251,2.013619,9483,564,11
39900,5,4,2,12,1,19.614115,2.013402,9483,564,11
39910,5,6,2,14,1,19.610618,2.013060,9483,564,11
39920,0,0,0,0,0,19.606779,2.012746,9483,564,11
39930,13,11,1,26,1,19.605982,2.012542,9483,564,11
39940,16,12,0,29,1,19.607605,2.012690,9490,564,11
39950,11,13,1,26,1,19.609630,2.012880,9494,564,11
39960,9,1,1,12,1,19.609894,2.012930,9494,564,11
39970,9,9,0,19,1,19.607428,2.012673,9494,564,11
39980,0,0,0,0,0,19.605591,2.012487,9494,564,11
39990,20,14,4,39,1,19.604122,2.012246,9500,564,11
40000,18,8,5,32,1,19.608050,2.012630,9511,564,11
40010,15,6,4,26,1,19.610141,2.012832,9519,564,11
40020,20,16,8,45,1,19.613151,2.013076,9529,564,11
40030,19,15,10,45,1,19.618800,2.013637,9547,564,11
40040,19,14,2,36,1,19.624506,2.014287,9561,566,11
40050,19,8,2,30,1,19.626233,2.014425,9563,566,11
40060,17,13,4,35,1,19.629060,2.014681,9564,566,11
40070,14,9,0,24,1,19.630937,2.014881,9564,566,11
40080,11,12,3,27,1,19.631919,2.015025,9564,566,11
40090,0,1,1,3,1,19.630704,2.015001,9564,566,11
40100,5,5,1,12,1,19.627735,2.014719,9564,566,11
40110,13,10,1,25,1,19.627237,2.014629,9564,566,11
40120,11,6,1,19,1,19.628380,2.014790,9564,566,11
40130,10,9,2,22,1,19.628224,2.014755,9564,566,11
40140,4,2,1,8,1,19.627017,2.014633,9564,566,11
40150,10,6,5,22,1,19.625660,2.014465,9564,566,11
40160,13,6,2,22,1,19.626534,2.014537,9567,566,11
40170,18,10,3,32,1,19.628057,2.014649,9567,566,11
40180,10,3,4,18,1,19.629530,2.014823,9571,566,11
40190,7,10,3,21,1,19.629064,2.014793,9571,566,11
40200,6,11,4,22,1,19.628672,2.014719,9571,566,11
40210,8,5,3,17,1,19.628197,2.014651,9571,566,11
40220,9,7,4,21,1,19.627851,2.014587,9571,566,11
40230,14,9,10,34,1,19.629253,2.014697,9572,566,11
40240,14,9,2,26,1,19.631047,2.014899,9581,566,11
40250,15,3,0,19,1,19.632238,2.014983,9582,566,11
40260,16,9,1,27,1,19.633516,2.015080,9582,566,11
40270,5,1,0,7,1,19.634395,2.015219,9582,566,11
40280,1,2,0,4,1,19.630288,2.014799,9582,566,11
40290,8,1,0,10,1,19.627730,2.014513,9582,566,11
40300,4,6,2,13,1,19.624431,2.014151,9582,566,11
40310,16,4,7,28,1,19.626318,2.014337,9589,566,11
40320,13,9,3,26,1,19.628492,2.014542,9593,566,11
40330,0,0,0,0,0,19.627846,2.014488,9593,566,11
40340,2,0,1,4,1,19.623601,2.014060,9593,566,11
40350,15,14,6,36,1,19.622334,2.013819,9593,566,11
40360,11,4,4,20,1,19.623486,2.014001,9594,566,11
40370,9,1,1,12,1,19.623423,2.014017,9594,566,11
40380,11,0,2,14,1,19.622183,2.013846,9594,566,11
40390,3,1,2,7,1,19.619511,2.013610,9594,566,11
40400,6,9,3,19,1,19.617511,2.013366,9594,566,11
40410,2,0,0,3,1,19.614190,2.013022,9594,566,11
40420,6,6,4,17,1,19.611242,2.012650,9594,566,11
40430,1,1,1,4,1,19.607614,2.012321,9594,566,11
40440,1,0,0,2,1,19.605087,2.012054,9594,566,11
40450,12,2,3,18,1,19.602765,2.011818,9594,566,11
40460,2,0,0,3,1,19.600381,2.011677,9594,566,11
40470,0,0,0,0,0,19.597042,2.011327,9594,566,11
40480,4,0,0,5,1,19.592981,2.010984,9594,566,11
40490,1,0,1,3,1,19.588839,2.010571,9594,566,11
40500,2,2,1,6,1,19.585229,2.010182,9594,566,11
40510,1,1,2,5,1,19.582011,2.009869,9594,566,11
40520,0,0,0,1,1,19.579898,2.009629,9594,566,11
40530,0,0,0,0,0,19.575953,2.009328,9594,566,11
40540,6,4,5,16,1,19.573246,2.009022,9594,566,11
40550,16,10,0,27,1,19.574383,2.009075,9595,566,11
40560,14,18,5,38,1,19.577392,2.009365,9595,568,11
40570,11,7,3,22,1,19.578456,2.009456,9599,568,11
40580,6,2,2,11,1,19.577102,2.009345,9599,568,11
40590,6,3,2,12,1,19.576027,2.009145,9599,568,11
40600,1,0,0,2,1,19.572722,2.008778,9599,568,11
40610,0,1,0,2,1,19.568718,2.008369,9599,568,11
40620,0,0,0,0,0,19.564766,2.007951,9599,568,11
40630,2,2,1,6,1,19.560674,2.007584,9599,568,11
40640,8,3,4,16,1,19.557771,2.007283,9599,568,11
40650,16,4,3,24,1,19.557703,2.007238,9599,568,11
40660,20,7,4,32,1,19.559828,2.007377,9599,568,11
40670,14,6,0,21,1,19.560085,2.007446,9604,568,11
40680,11,16,2,30,1,19.560192,2.007434,9604,568,11
40690,10,10,5,26,1,19.561320,2.007557,9606,568,11
40700,15,8,5,29,1,19.563098,2.007736,9608,568,11
40710,7,4,0,12,1,19.562193,2.007661,9608,568,11
40720,7,5,0,13,1,19.560667,2.007466,9608,568,11
40730,4,5,0,10,1,19.557640,2.007193,9608,568,11
40740,1,2,0,4,1,19.553673,2.006849,9608,568,11
40750,9,2,4,16,1,19.550545,2.006500,9608,568,11
40760,15,2,0,18,1,19.549167,2.006381,9608,568,11
40770,16,19,4,40,1,19.550354,2.006434,9608,571,11
40780,15,6,2,24,1,19.552928,2.006771,9610,571,11
40790,15,6,6,28,1,19.554811,2.006956,9611,571,11
40800,17,12,3,33,1,19.557446,2.007239,9612,571,11
40810,18,14,0,33,1,19.560880,2.007604,9614,571,11
40820,20,13,5,39,1,19.564479,2.007975,9628,574,11
40830,8,3,2,14,1,19.567462,2.008354,9639,576,11
40840,3,0,0,4,1,19.565273,2.008147,9639,576,11
40850,3,6,0,10,1,19.561710,2.007758,9639,576,11
40860,0,0,0,1,1,19.558587,2.007480,9639,576,11
40870,0,0,0,1,1,19.554593,2.007093,9639,576,11
40880,6,2,3,12,1,19.552236,2.006813,9639,576,11
40890,14,14,8,37,1,19.554011,2.006906,9639,576,11
40900,17,18,3,39,1,19.558047,2.007318,9650,576,11
40910,20,16,11,48,1,19.562952,2.007848,9675,576,11
40920,6,5,0,12,1,19.565346,2.008207,9680,576,11
40930,6,8,1,16,1,19.564677,2.008181,9680,576,11
40940,1,1,1,4,1,19.561985,2.007952,9680,576,11
40950,0,0,3,4,1,19.558481,2.007569,9680,576,11
40960,8,3,0,12,1,19.554657,2.007169,9680,576,11
40970,6,2,1,10,1,19.553333,2.006995,9680,576,11
40980,11,3,0,15,1,19.551290,2.006712,9680,576,11
40990,6,9,0,16,1,19.549886,2.006580,9680,576,11
41000,13,4,0,18,1,19.550500,2.006645,9683,576,11
41010,6,1,8,16,1,19.548817,2.006460,9683,576,11
41020,3,1,4,9,1,19.546014,2.006229,9683,576,11
41030,12,1,2,16,1,19.546590,2.006240,9683,576,11
41040,2,0,1,4,1,19.543100,2.005889,9683,576,11
41050,4,1,1,7,1,19.539529,2.005550,9683,576,11
41060,16,6,0,23,1,19.539351,2.005509,9685,576,11
41070,10,10,0,21,1,19.540486,2.005592,9687,576,11
41080,6,0,0,7,1,19.538838,2.005420,9687,576,11
41090,1,0,1,3,1,19.536323,2.005124,9687,576,11
41100,9,0,2,12,1,19.532791,2.004769,9687,576,11
41110,11,3,2,17,1,19.531600,2.004599,9687,576,11
41120,19,11,10,41,1,19.533726,2.004769,9689,576,11
41130,17,13,7,38,1,19.536864,2.005108,9697,576,11
41140,17,4,1,23,1,19.540647,2.005499,9706,576,11
41150,0,0,0,0,0,19.538004,2.005240,9706,576,11
41160,7,8,1,17,1,19.535319,2.004941,9706,576,11
41170,15,10,2,28,1,19.537807,2.005149,9711,576,11
41180,3,1,5,10,1,19.538297,2.005176,9711,576,11
41190,10,6,4,21,1,19.536804,2.004990,9711,576,11
41200,9,0,2,12,1,19.535659,2.004830,9711,576,11
41210,10,5,2,18,1,19.535181,2.004783,9711,576,11
41220,10,5,2,18,1,19.533938,2.004638,9711,576,11
41230,15,9,3,28,1,19.536016,2.004764,9712,576,11
41240,3,1,0,5,1,19.535386,2.004836,9712,576,11
41250,10,2,2,15,1,19.532102,2.004456,9712,576,11
41260,15,9,6,31,1,19.533281,2.004535,9712,576,11
41270,18,8,1,28,1,19.536392,2.004816,9717,576,11
41280,2,5,2,10,1,19.537613,2.004969,9719,576,11
41290,17,2,5,25,1,19.538049,2.004986,9719,576,11
41300,20,12,9,42,1,19.541896,2.005288,9724,576,11
41310,10,9,3,23,1,19.543946,2.005550,9728,576,11
41320,5,3,2,11,1,19.543650,2.005542,9728,576,11
41330,6,1,2,10,1,19.540823,2.005289,9728,576,11
41340,1,3,2,7,1,19.538946,2.005109,9728,576,11
41350,0,0,0,0,0,19.534836,2.004774,9728,576,11
41360,14,4,0,19,1,19.532091,2.004430,9728,576,11
41370,11,10,2,24,1,19.531423,2.004304,9728,576,11
41380,17,8,7,33,1,19.533745,2.004534,9733,576,11
41390,7,3,1,12,1,19.534347,2.004633,9736,576,11
41400,7,6,1,15,1,19.532598,2.004436,9736,576,11
41410,5,2,2,10,1,19.529960,2.004167,9736,576,11
41420,9,5,3,18,1,19.529032,2.004005,9736,576,11
41430,9,7,1,18,1,19.530948,2.004224,9741,576,11
41440,2,0,0,3,1,19.528391,2.003973,9741,576,11
41450,3,6,4,14,1,19.524533,2.003560,9741,576,11
41460,0,0,0,1,1,19.523018,2.003466,9741,576,11
41470,3,2,1,7,1,19.518924,2.003098,9741,576,11
41480,6,5,3,15,1,19.515909,2.002810,9741,576,11
41490,20,1,1,23,1,19.516201,2.002788,9744,576,11
41500,18,20,5,44,1,19.519697,2.003094,9753,576,11
41510,16,9,7,33,1,19.524418,2.003651,9763,580,11
41520,13,9,4,27,1,19.526250,2.003841,9763,580,11
41530,17,9,3,30,1,19.528249,2.004058,9767,580,11
41540,19,10,7,37,1,19.531736,2.004373,9768,581,11
41550,15,15,6,37,1,19.534826,2.004618,9775,581,11
41560,20,6,2,29,1,19.538055,2.005006,9777,581,11
41570,0,0,0,0,0,19.538599,2.005109,9780,581,11
41580,5,1,1,8,1,19.535179,2.004726,9780,581,11
41590,6,0,3,10,1,19.531688,2.004350,9780,581,11
41600,9,3,2,15,1,19.529144,2.004022,9780,581,11
41610,3,1,0,5,1,19.526186,2.003706,9780,581,11
41620,1,0,1,3,1,19.522615,2.003366,9780,581,11
41630,6,0,3,10,1,19.519774,2.003082,9780,581,11
41640,0,0,0,1,1,19.516313,2.002763,9780,581,11
41650,8,2,0,11,1,19.513977,2.002486,9780,581,11
41660,6,5,5,17,1,19.512449,2.002292,9780,581,11
41670,7,2,0,10,1,19.509575,2.002029,9780,581,11
41680,4,7,2,14,1,19.507072,2.001755,9780,581,11
41690,6,0,1,8,1,19.503774,2.001473,9780,581,11
41700,9,11,3,24,1,19.502032,2.001213,9780,581,11
41710,9,3,1,14,1,19.502782,2.001302,9782,581,11
41720,4,6,2,13,1,19.502260,2.001235,9782,581,11
41730,11,5,2,19,1,19.502701,2.001244,9782,581,11
41740,0,3,0,4,1,19.500419,2.001036,9782,581,11
41750,0,1,0,2,1,19.497154,2.000669,9782,581,11
41760,16,11,5,33,1,19.495832,2.000496,9782,581,11
41770,4,0,0,5,1,19.495732,2.000532,9782,581,11
41780,0,0,0,1,1,19.492459,2.000233,9782,581,11
41790,10,2,3,16,1,19.490976,2.000078,9782,581,11
41800,19,13,3,36,1,19.492698,2.000213,9782,581,11
41810,20,8,3,32,1,19.497285,2.000676,9791,581,11
41820,8,4,2,15,1,19.497753,2.000736,9796,581,11
41830,5,6,4,16,1,19.497151,2.000691,9796,581,11
41840,2,9,3,15,1,19.495093,2.000473,9796,581,11
41850,12,3,4,20,1,19.495500,2.000472,9796,581,11
41860,8,6,4,19,1,19.496570,2.000560,9797,581,11
41870,4,2,0,7,1,19.494640,2.000394,9797,581,11
41880,2,7,3,13,1,19.491211,2.000049,9797,581,11
41890,3,2,2,8,1,19.488363,1.999739,9797,581,11
41900,10,5,0,16,1,19.487801,1.999625,9797,581,11
41910,6,4,2,13,1,19.486747,1.999529,9797,581,11
41920,5,7,3,16,1,19.484854,1.999322,9797,581,11
41930,8,10,1,20,1,19.484292,1.999198,9797,581,11
41940,13,6,7,27,1,19.485167,1.999217,9798,581,11
41950,12,9,4,26,1,19.487780,1.999458,9799,581,11
41960,7,2,0,10,1,19.487935,1.999476,9800,581,11
41970,4,4,1,10,1,19.484940,1.999122,9800,581,11
41980,4,0,0,5,1,19.482834,1.998894,9800,581,11
41990,1,0,0,2,1,19.478920,1.998504,9800,581,11
42000,0,0,0,1,1,19.474964,1.998174,9800,581,11
42010,0,0,0,0,0,19.470712,1.997833,9800,581,11
42020,11,6,6,24,1,19.470393,1.997714,9800,581,11
42030,13,8,4,26,1,19.472303,1.997859,9803,581,11
42040,13,8,4,26,1,19.473718,1.998001,9804,581,11
42050,20,20,5,46,1,19.477599,1.998373,9816,582,11
42060,20,18,5,44,1,19.483573,1.999007,9832,583,11
42070,17,18,8,44,1,19.488596,1.999491,9841,588,11
42080,13,14,3,31,1,19.493497,2.000064,9863,589,11
42090,14,17,6,38,1,19.497640,2.000535,9874,593,11
42100,16,17,7,41,1,19.502856,2.001053,9886,596,11
42110,17,12,7,37,1,19.506695,2.001513,9893,596,11
42120,19,8,2,30,1,19.511150,2.002026,9905,596,11
42130,11,7,8,27,1,19.513215,2.002230,9905,596,11
42140,20,6,3,30,1,19.515312,2.002467,9909,596,11
42150,9,3,2,15,1,19.516609,2.002642,9914,596,11
42160,7,1,0,9,1,19.514685,2.002446,9914,596,11
42170,11,5,2,19,1,19.512193,2.002168,9914,596,11
42180,2,2,1,6,1,19.508973,2.001865,9914,596,11
42190,16,3,3,23,1,19.507914,2.001705,9914,596,11
42200,18,4,1,24,1,19.509830,2.001913,9925,596,11
42210,11,8,1,21,1,19.509921,2.001905,9925,596,11
42220,9,5,1,16,1,19.507085,2.001626,9925,596,11
42230,5,2,1,9,1,19.506183,2.001546,9925,596,11
42240,11,4,4,20,1,19.506261,2.001493,9925,596,11
42250,0,0,0,0,0,19.503785,2.001280,9925,596,11
42260,1,0,3,5,1,19.499623,2.000874,9925,596,11
42270,6,0,0,7,1,19.495695,2.000498,9925,596,11
42280,3,1,2,7,1,19.492660,2.000193,9925,596,11
42290,2,3,0,6,1,19.491641,2.000081,9925,596,11
42300,11,10,5,27,1,19.489423,1.999793,9925,596,11
42310,17,11,4,33,1,19.492535,2.000090,9930,596,11
42320,0,0,0,1,1,19.491018,2.000063,9930,596,11
42330,0,4,0,5,1,19.487125,1.999738,9930,596,11
42340,2,0,1,4,1,19.483492,1.999397,9930,596,11
42350,1,1,0,3,1,19.480003,1.999012,9930,596,11
42360,1,1,1,4,1,19.476523,1.998666,9930,596,11
42370,0,0,0,0,0,19.472972,1.998280,9930,596,11
42380,9,5,3,18,1,19.471756,1.998046,9930,596,11
42390,15,3,8,27,1,19.472277,1.998087,9930,596,11
42400,7,9,2,19,1,19.473132,1.998172,9930,596,11
42410,16,3,3,23,1,19.474095,1.998293,9930,596,11
42420,11,2,1,15,1,19.474551,1.998356,9931,596,11
42430,20,11,5,37,1,19.474828,1.998295,9933,596,11
42440,13,9,0,23,1,19.478193,1.998681,9939,599,11
42450,1,0,4,6,1,19.475948,1.998482,9939,599,11
42460,3,4,1,9,1,19.472507,1.998150,9939,599,11
42470,8,2,5,16,1,19.471024,1.997933,9939,599,11
42480,11,4,0,16,1,19.469855,1.997810,9939,599,11
42490,17,10,5,33,1,19.470544,1.997816,9939,599,11
42500,9,4,0,14,1,19.471122,1.997945,9944,599,11
42510,0,0,0,0,0,19.467956,1.997675,9944,599,11
42520,17,3,3,24,1,19.466718,1.997468,9944,599,11
42530,8,6,1,16,1,19.465758,1.997343,9944,599,11
42540,4,3,0,8,1,19.465539,1.997284,9944,599,11
42550,8,4,2,15,1,19.462658,1.996967,9944,599,11
42560,9,5,1,16,1,19.461286,1.996814,9944,599,11
42570,16,5,10,32,1,19.462348,1.996910,9944,599,11
42580,17,8,9,35,1,19.464958,1.997214,9946,599,11
42590,19,10,7,37,1,19.468119,1.997579,9953,599,11
42600,12,14,1,28,1,19.470987,1.997929,9961,599,11
42610,14,4,0,19,1,19.471790,1.998037,9961,599,11
42620,12,5,0,18,1,19.472004,1.997999,9961,599,11
42630,16,7,2,26,1,19.472785,1.998072,9961,599,11
42640,15,17,1,34,1,19.477135,1.998472,9965,599,11
42650,11,8,5,25,1,19.479939,1.998743,9965,601,11
42660,1,1,0,3,1,19.480493,1.998811,9965,601,11
42670,11,8,0,20,1,19.477936,1.998522,9965,601,11
42680,8,1,4,14,1,19.476034,1.998358,9965,601,11
42690,11,4,4,20,1,19.473370,1.998126,9965,601,11
42700,19,8,5,33,1,19.472271,1.997953,9965,601,11
42710,17,8,8,34,1,19.475886,1.998311,9973,601,11
42720,10,4,5,20,1,19.477100,1.998453,9973,601,11
42730,20,2,11,34,1,19.478444,1.998564,9975,601,11
42740,2,0,0,3,1,19.478821,1.998691,9980,601,11
42750,9,1,3,14,1,19.476933,1.998442,9980,601,11
42760,4,0,0,5,1,19.476558,1.998463,9980,601,11
42770,16,14,6,37,1,19.476335,1.998366,9980,601,11
42780,18,15,2,36,1,19.480668,1.998842,9982,601,11
42790,19,8,6,34,1,19.485282,1.999336,9998,601,11
42800,11,6,1,19,1,19.486374,1.999451,10001,601,11
42810,17,12,10,40,1,19.489574,1.999647,10003,601,11
42820,15,12,8,36,1,19.494168,2.000183,10019,606,11
42830,20,5,10,36,1,19.497093,2.000476,10020,606,11
42840,17,18,8,44,1,19.501039,2.000863,10028,606,11
42850,19,12,7,39,1,19.506560,2.001461,10036,608,11
42860,16,13,8,38,1,19.508405,2.001595,10036,608,11
42870,12,7,4,24,1,19.509930,2.001754,10038,608,11
42880,3,3,3,10,1,19.507200,2.001514,10038,608,11
42890,11,4,2,18,1,19.503980,2.001219,10038,608,11
42900,18,11,4,34,1,19.503614,2.001127,10038,608,11
42910,17,4,10,32,1,19.507121,2.001474,10042,608,11
42920,12,6,9,28,1,19.509459,2.001716,10048,608,11
42930,2,4,1,8,1,19.509575,2.001721,10048,608,11
42940,5,2,1,9,1,19.507079,2.001524,10048,608,11
42950,8,15,6,30,1,19.507500,2.001474,10052,608,11
42960,4,3,1,9,1,19.508600,2.001623,10052,608,11
42970,17,13,9,40,1,19.510959,2.001728,10055,608,11
42980,4,7,1,13,1,19.512680,2.001912,10057,608,11
42990,4,0,1,6,1,19.511493,2.001826,10057,608,11
43000,10,1,1,13,1,19.509305,2.001551,10057,608,11
43010,7,5,1,14,1,19.507457,2.001345,10057,608,11
43020,11,5,2,19,1,19.507035,2.001299,10057,608,11
43030,2,3,4,10,1,19.505535,2.001138,10057,608,11
43040,0,0,0,0,0,19.502285,2.000807,10057,608,11
43050,0,0,0,1,1,19.499401,2.000589,10057,608,11
43060,8,5,1,15,1,19.498847,2.000454,10057,608,11
43070,8,6,0,15,1,19.497665,2.000311,10057,608,11
43080,8,3,5,17,1,19.496587,2.000159,10057,608,11
43090,0,0,0,0,0,19.493622,1.999919,10057,608,11
43100,6,5,0,12,1,19.491473,1.999668,10057,608,11
43110,0,0,0,1,1,19.489404,1.999472,10057,608,11
43120,1,0,0,2,1,19.485409,1.999093,10057,608,11
43130,11,2,3,17,1,19.483818,1.998894,10057,608,11
43140,4,5,1,11,1,19.482509,1.998791,10057,608,11
43150,12,6,1,20,1,19.481470,1.998677,10057,608,11
43160,19,8,1,29,1,19.482682,1.998813,10058,608,11
43170,16,9,4,30,1,19.485850,1.999154,10065,608,11
43180,19,11,8,39,1,19.489440,1.999501,10071,608,11
43190,10,7,1,19,1,19.490838,1.999661,10071,608,11
43200,20,10,5,36,1,19.493355,1.999874,10075,608,11
43210,18,8,2,29,1,19.496755,2.000273,10103,608,11
43220,16,11,1,29,1,19.499044,2.000491,10103,608,11
43230,13,6,1,21,1,19.499951,2.000562,10105,608,11
43240,13,10,0,24,1,19.503099,2.000811,10109,608,11
43250,20,15,6,42,1,19.506025,2.001076,10116,608,11
43260,14,13,3,31,1,19.509586,2.001538,10122,608,11
43270,15,11,4,31,1,19.511537,2.001817,10125,608,11
43280,13,8,2,24,1,19.513405,2.001996,10129,608,11
43290,0,2,1,4,1,19.512448,2.001938,10129,608,11
43300,0,2,0,3,1,19.508430,2.001599,10129,608,11
43310,2,3,0,6,1,19.504579,2.001263,10129,608,11
43320,2,0,2,5,1,19.502091,2.000963,10129,608,11
43330,0,0,0,0,0,19.498837,2.000646,10129,608,11
43340,9,2,2,14,1,19.496419,2.000357,10129,608,11
43350,6,10,1,18,1,19.496400,2.000353,10129,608,11
43360,13,17,4,35,1,19.498813,2.000564,10137,608,11
43370,3,4,0,8,1,19.498400,2.000553,10137,608,11
43380,2,5,3,11,1,19.495940,2.000321,10137,608,11
43390,5,5,0,11,1,19.494577,2.000146,10137,608,11
43400,9,2,2,14,1,19.493448,2.000018,10137,608,11
43410,12,10,1,24,1,19.493002,1.999889,10137,608,11
43420,9,9,4,23,1,19.493411,1.999948,10137,608,11
43430,0,0,1,2,1,19.492221,1.999800,10137,608,11
43440,1,1,0,3,1,19.488255,1.999390,10137,608,11
43450,9,3,1,14,1,19.486335,1.999162,10137,608,11
43460,12,1,4,18,1,19.486376,1.999150,10137,608,11
43470,19,11,7,38,1,19.487848,1.999214,10138,608,11
43480,9,5,2,17,1,19.489419,1.999424,10138,608,11
43490,7,0,1,9,1,19.488115,1.999307,10138,608,11
43500,0,0,3,4,1,19.485341,1.999034,10138,608,11
43510,0,0,0,1,1,19.481755,1.998748,10138,608,11
43520,0,1,0,2,1,19.477982,1.998387,10138,608,11
43530,4,0,0,5,1,19.475034,1.998082,10138,608,11
43540,1,0,1,3,1,19.471788,1.997784,10138,608,11
43550,6,1,1,9,1,19.468112,1.997367,10138,608,11
43560,19,5,8,33,1,19.469505,1.997479,10146,608,11
43570,13,10,3,27,1,19.471440,1.997656,10146,608,11
43580,10,6,1,18,1,19.473519,1.997853,10152,608,11
43590,0,0,0,0,0,19.471393,1.997712,10152,608,11
43600,8,6,3,18,1,19.468442,1.997332,10152,608,11
43610,8,8,6,23,1,19.470392,1.997534,10152,608,11
43620,8,9,2,20,1,19.472454,1.997781,10159,608,11
43630,20,3,2,26,1,19.473539,1.997861,10161,608,11
43640,0,3,0,4,1,19.471389,1.997666,10163,608,11
43650,14,4,2,21,1,19.470560,1.997523,10163,608,11
43660,13,4,6,24,1,19.471039,1.997602,10163,608,11
43670,6,1,1,9,1,19.471683,1.997680,10163,608,11
43680,2,0,0,3,1,19.469512,1.997473,10163,608,11
43690,5,2,1,9,1,19.466370,1.997209,10163,608,11
43700,10,1,2,14,1,19.463652,1.996900,10163,608,11
43710,17,4,1,23,1,19.462392,1.996726,10163,608,11
43720,16,11,6,34,1,19.465978,1.997091,10171,608,11
43730,19,8,6,34,1,19.470026,1.997481,10180,610,11
43740,16,15,4,36,1,19.474180,1.997923,10187,610,11
43750,2,1,0,4,1,19.473069,1.997887,10187,610,11
43760,4,2,4,11,1,19.469068,1.997516,10187,610,11
43770,1,5,0,7,1,19.465751,1.997178,10187,610,11
43780,12,4,5,22,1,19.463574,1.996900,10187,610,11
43790,0,0,0,0,0,19.462155,1.996780,10187,610,11
43800,7,8,2,18,1,19.460082,1.996448,10187,610,11
43810,14,10,6,31,1,19.463825,1.996806,10195,610,11
43820,12,9,6,28,1,19.466776,1.997130,10197,610,11
43830,15,20,4,40,1,19.470441,1.997429,10197,611,11
43840,8,7,13,29,1,19.475869,1.998128,10216,619,11
43850,15,10,9,35,1,19.479555,1.998518,10231,619,11
43860,19,11,2,33,1,19.482225,1.998780,10234,619,11
43870,17,3,4,25,1,19.483192,1.998821,10235,619,11
43880,6,3,2,12,1,19.483721,1.998868,10235,619,11
43890,0,0,0,1,1,19.482553,1.998792,10235,619,11
43900,1,0,1,3,1,19.478657,1.998413,10235,619,11
43910,17,8,5,31,1,19.477024,1.998164,10235,619,11
43920,19,15,6,41,1,19.481105,1.998589,10254,619,11
43930,16,15,7,39,1,19.485836,1.999044,10265,624,11
43940,19,16,9,45,1,19.489974,1.999466,10268,624,11
43950,16,7,0,24,1,19.491477,1.999697,10268,624,11
43960,6,2,1,10,1,19.489517,1.999573,10268,624,11
43970,4,1,3,9,1,19.488337,1.999431,10268,624,11
43980,9,4,1,15,1,19.485082,1.999146,10268,624,11
43990,5,1,0,7,1,19.483725,1.999037,10268,624,11
44000,11,7,3,22,1,19.483201,1.998953,10268,624,11
44010,2,2,0,5,1,19.481018,1.998815,10268,624,11
44020,3,5,0,9,1,19.477714,1.998510,10268,624,11
44030,3,2,0,6,1,19.474649,1.998240,10268,624,11
44040,5,0,2,8,1,19.471257,1.997913,10268,624,11
44050,5,4,2,12,1,19.469626,1.997673,10268,624,11
44060,3,4,1,9,1,19.468118,1.997516,10268,624,11
44070,1,0,0,2,1,19.465302,1.997271,10268,624,11
44080,1,0,1,3,1,19.461373,1.996903,10268,624,11
44090,7,5,3,16,1,19.459036,1.996618,10268,624,11
44100,6,8,5,20,1,19.458649,1.996562,10268,624,11
44110,19,19,8,47,1,19.461080,1.996744,10279,624,11
44120,4,2,1,8,1,19.463362,1.997064,10289,627,11
44130,2,4,2,9,1,19.461169,1.996836,10289,627,11
44140,0,3,0,4,1,19.457275,1.996467,10289,627,11
44150,6,0,2,9,1,19.454925,1.996223,10289,627,11
44160,6,4,3,14,1,19.453113,1.996063,10289,627,11
44170,2,2,0,5,1,19.450230,1.995815,10289,627,11
44180,0,0,0,1,1,19.446385,1.995492,10289,627,11
44190,2,2,0,5,1,19.443140,1.995092,10289,627,11
44200,10,5,2,18,1,19.442874,1.995011,10289,627,11
44210,8,2,1,12,1,19.441377,1.994827,10289,627,11
44220,10,6,0,17,1,19.440956,1.994786,10289,627,11
44230,0,0,0,0,0,19.438360,1.994647,10289,627,11
44240,0,1,0,2,1,19.434753,1.994334,10289,627,11
44250,9,4,1,15,1,19.431829,1.994050,10289,627,11
44260,3,1,1,6,1,19.428951,1.993716,10289,627,11
44270,5,2,0,8,1,19.426322,1.993439,10289,627,11
44280,10,6,1,18,1,19.425603,1.993293,10289,627,11
44290,5,1,1,8,1,19.424220,1.993139,10289,627,11
44300,6,3,0,10,1,19.422659,1.992917,10289,627,11
44310,16,5,3,25,1,19.421614,1.992779,10289,627,11
44320,5,3,2,11,1,19.422144,1.992877,10289,627,11
44330,9,5,4,19,1,19.422349,1.992859,10289,627,11
44340,19,7,11,38,1,19.424651,1.993074,10301,627,11
44350,13,1,2,17,1,19.424999,1.993158,10303,627,11
44360,3,1,2,7,1,19.424278,1.993086,10303,627,11
44370,1,0,0,2,1,19.421704,1.992833,10303,627,11
44380,0,2,2,5,1,19.417798,1.992467,10303,627,11
44390,11,4,2,18,1,19.416241,1.992332,10303,627,11
44400,14,5,6,26,1,19.415567,1.992192,10303,627,11
44410,9,11,0,21,1,19.416167,1.992274,10303,627,11
44420,12,12,8,33,1,19.417903,1.992366,10303,627,11
44430,17,9,10,37,1,19.421357,1.992695,10309,627,11
44440,20,9,7,37,1,19.424653,1.993054,10325,627,11
44450,8,4,1,14,1,19.426139,1.993278,10325,627,11
44460,5,7,3,16,1,19.425032,1.993143,10325,627,11
44470,2,3,0,6,1,19.423544,1.992988,10325,627,11
44480,0,2,1,4,1,19.421115,1.992773,10325,627,11
44490,17,7,0,25,1,19.420746,1.992724,10327,627,11
44500,20,9,2,32,1,19.423206,1.992969,10336,627,11
44510,6,4,0,11,1,19.423184,1.993038,10337,627,11
44520,1,0,0,2,1,19.421202,1.992823,10337,627,11
44530,11,9,4,25,1,19.418415,1.992497,10337,627,11
44540,4,1,0,6,1,19.416242,1.992318,10337,627,11
44550,2,5,2,10,1,19.412551,1.991950,10337,627,11
44560,5,3,1,10,1,19.409354,1.991634,10337,627,11
44570,5,3,5,14,1,19.406115,1.991312,10337,627,11
44580,6,4,0,11,1,19.405057,1.991188,10337,627,11
44590,10,0,2,13,1,19.404989,1.991183,10337,627,11
44600,8,6,4,19,1,19.405668,1.991236,10337,627,11
44610,5,2,0,8,1,19.403603,1.990935,10337,627,11
44620,0,0,0,0,0,19.400009,1.990614,10337,627,11
44630,0,0,0,0,0,19.396168,1.990258,10337,627,11
44640,3,1,0,5,1,19.393026,1.989879,10337,627,11
44650,2,1,0,4,1,19.389979,1.989609,10337,627,11
44660,0,0,0,1,1,19.386492,1.989254,10337,627,11
44670,1,0,0,2,1,19.383380,1.988950,10337,627,11
44680,0,0,0,1,1,19.379865,1.988610,10337,627,11
44690,15,5,4,25,1,19.379167,1.988462,10337,627,11
44700,18,7,9,35,1,19.380271,1.988560,10337,627,11
44710,20,6,5,32,1,19.382455,1.988786,10350,627,11
44720,16,6,1,24,1,19.383152,1.988800,10353,627,11
44730,19,15,6,41,1,19.386383,1.989070,10360,627,11
44740,16,16,5,38,1,19.391605,1.989649,10379,629,11
44750,8,8,1,18,1,19.392093,1.989738,10379,629,11
44760,4,4,0,9,1,19.388976,1.989470,10379,629,11
44770,12,5,5,23,1,19.386438,1.989184,10379,629,11
44780,13,5,5,24,1,19.386407,1.989133,10379,629,11
44790,12,2,4,19,1,19.387754,1.989296,10379,629,11
44800,13,16,5,35,1,19.390487,1.989515,10379,629,11
44810,14,4,2,21,1,19.394007,1.989878,10390,629,11
44820,4,10,2,17,1,19.394107,1.989859,10390,629,11
44830,7,9,1,18,1,19.393286,1.989726,10390,629,11
44840,0,0,2,3,1,19.390064,1.989398,10390,629,11
44850,6,8,0,15,1,19.387500,1.989160,10390,629,11
44860,2,0,3,6,1,19.386705,1.989044,10390,629,11
44870,3,1,0,5,1,19.383302,1.988706,10390,629,11
44880,6,4,2,13,1,19.381967,1.988558,10390,629,11
44890,11,4,7,23,1,19.383001,1.988652,10394,629,11
44900,7,1,0,9,1,19.383175,1.988695,10394,629,11
44910,15,2,1,19,1,19.382327,1.988574,10394,629,11
44920,6,14,5,26,1,19.382320,1.988516,10394,629,11
44930,7,2,0,10,1,19.381910,1.988508,10394,629,11
44940,5,3,4,13,1,19.378826,1.988203,10394,629,11
44950,4,1,0,6,1,19.377237,1.988074,10394,629,11
44960,17,6,2,26,1,19.376368,1.987932,10394,629,11
44970,15,2,7,25,1,19.375448,1.987772,10394,629,11
44980,17,5,5,28,1,19.378202,1.988043,10399,629,11
44990,18,15,5,39,1,19.382508,1.988509,10406,632,11
45000,16,11,6,34,1,19.385048,1.988808,10407,632,11
45010,7,13,7,28,1,19.390160,1.989380,10422,638,11
45020,20,14,5,40,1,19.393073,1.989677,10422,638,11
45030,9,7,2,19,1,19.395617,1.989931,10433,638,11
45040,18,3,3,25,1,19.397309,1.990138,10440,638,11
45050,12,7,5,25,1,19.396848,1.990080,10440,638,11
45060,19,5,3,28,1,19.398917,1.990280,10441,638,11
45070,17,10,7,35,1,19.401381,1.990494,10449,638,11
45080,19,14,3,37,1,19.404150,1.990790,10462,638,11
45090,16,7,5,29,1,19.407418,1.991172,10472,638,11
45100,19,17,9,46,1,19.411503,1.991576,10485,643,11
45110,13,7,4,25,1,19.414204,1.991941,10487,644,11
45120,8,9,0,18,1,19.414544,1.991973,10487,644,11
45130,0,1,0,2,1,19.412090,1.991746,10487,644,11
45140,8,0,3,12,1,19.409388,1.991417,10487,644,11
45150,0,0,1,2,1,19.405929,1.991118,10487,644,11
45160,2,1,0,4,1,19.403538,1.990803,10487,644,11
45170,13,1,6,21,1,19.400935,1.990502,10487,644,11
45180,16,6,3,26,1,19.402205,1.990620,10490,644,11
45190,18,7,3,29,1,19.403770,1.990715,10490,644,11
45200,20,9,6,36,1,19.404982,1.990851,10492,644,11
45210,16,13,3,33,1,19.409429,1.991354,10508,644,11
45220,16,9,6,32,1,19.412036,1.991592,10511,644,11
45230,16,4,2,23,1,19.414056,1.991793,10515,644,11
45240,18,14,1,34,1,19.416204,1.991979,10515,644,11
45250,16,8,7,32,1,19.419810,1.992351,10526,644,11
45260,0,0,0,0,0,19.419652,1.992418,10526,644,11
45270,3,1,1,6,1,19.415762,1.992085,10526,644,11
45280,18,14,0,33,1,19.416014,1.992018,10527,644,11
45290,5,3,0,9,1,19.415469,1.991973,10527,644,11
45300,4,1,0,6,1,19.413470,1.991774,10527,644,11
45310,8,11,4,24,1,19.412410,1.991596,10527,644,11
45320,10,7,4,22,1,19.413900,1.991724,10532,644,11
45330,18,2,1,22,1,19.414450,1.991823,10532,644,11
45340,2,3,0,6,1,19.414653,1.991882,10532,644,11
45350,2,0,0,3,1,19.411325,1.991556,10532,644,11
45360,1,0,0,2,1,19.407728,1.991279,10532,644,11
45370,4,0,0,5,1,19.404340,1.990920,10532,644,11
45380,3,1,4,9,1,19.402468,1.990640,10532,644,11
45390,4,4,0,9,1,19.399091,1.990291,10532,644,11
45400,11,5,0,17,1,19.396656,1.989999,10532,644,11
45410,3,2,5,11,1,19.393936,1.989717,10532,644,11
45420,7,6,1,15,1,19.392807,1.989572,10532,644,11
45430,7,4,2,14,1,19.390588,1.989360,10532,644,11
45440,15,3,6,25,1,19.392799,1.989544,10540,644,11
45450,1,2,2,6,1,19.390849,1.989391,10540,644,11
45460,5,3,3,12,1,19.387256,1.989038,10540,644,11
45470,6,0,3,10,1,19.386998,1.989036,10540,644,11
45480,1,9,1,12,1,19.384395,1.988708,10540,644,11
45490,8,1,2,12,1,19.384314,1.988657,10541,644,11
45500,20,12,3,36,1,19.386155,1.988776,10542,644,11
45510,14,2,3,20,1,19.388231,1.988956,10546,644,11
45520,10,14,4,29,1,19.389343,1.989023,10547,644,11
45530,8,11,1,21,1,19.390524,1.989150,10549,644,11
45540,11,8,5,25,1,19.391597,1.989245,10549,644,11
45550,20,9,7,37,1,19.394770,1.989568,10561,644,11
45560,20,8,8,37,1,19.397768,1.989909,10575,644,11
45570,14,9,6,30,1,19.400183,1.990239,10584,644,11
45580,16,10,6,33,1,19.403749,1.990612,10592,644,11
45590,20,8,7,36,1,19.407372,1.990968,10609,644,11
45600,16,4,3,24,1,19.410380,1.991283,10617,644,11
45610,16,5,7,29,1,19.413283,1.991628,10623,644,11
45620,9,5,1,16,1,19.414531,1.991744,10623,644,11
45630,0,1,0,2,1,19.411359,1.991443,10623,644,11
45640,5,3,2,11,1,19.408874,1.991110,10623,644,11
45650,3,1,1,6,1,19.406224,1.990823,10623,644,11
45660,10,11,2,24,1,19.404000,1.990534,10623,644,11
45670,11,2,0,14,1,19.404339,1.990571,10623,644,11
45680,4,5,1,11,1,19.403252,1.990435,10623,644,11
45690,12,10,1,24,1,19.403464,1.990400,10623,644,11
45700,15,20,6,42,1,19.404621,1.990477,10623,648,11
45710,12,15,7,35,1,19.407009,1.990742,10623,648,11
45720,0,1,0,2,1,19.406086,1.990729,10623,648,11
45730,0,0,0,0,0,19.402460,1.990364,10623,648,11
45740,20,12,6,39,1,19.403200,1.990366,10629,648,11
45750,13,8,7,29,1,19.406818,1.990699,10635,648,11
45760,18,19,8,46,1,19.411269,1.991194,10643,653,11
45770,19,18,9,47,1,19.416216,1.991762,10652,653,11
45780,20,11,8,40,1,19.420905,1.992276,10664,653,11
45790,20,5,9,35,1,19.425128,1.992734,10671,653,11
45800,7,3,4,15,1,19.427277,1.993001,10673,653,11
45810,9,7,2,19,1,19.426783,1.992930,10673,653,11
45820,13,12,0,26,1,19.427134,1.992910,10673,653,11
45830,16,17,13,47,1,19.430539,1.993239,10681,653,11
45840,17,15,4,37,1,19.436431,1.993935,10694,659,11
45850,19,11,2,33,1,19.439107,1.994252,10695,659,11
45860,17,10,4,32,1,19.441972,1.994584,10702,659,11
45870,18,9,12,40,1,19.445839,1.994978,10711,659,11
45880,14,9,5,29,1,19.448150,1.995240,10716,659,11
45890,9,2,0,12,1,19.449353,1.995374,10722,659,11
45900,2,1,0,4,1,19.445841,1.995078,10722,659,11
45910,4,5,4,14,1,19.442745,1.994772,10722,659,11
45920,0,0,0,0,0,19.440165,1.994545,10722,659,11
45930,6,0,3,10,1,19.438155,1.994314,10722,659,11
45940,6,3,6,16,1,19.437672,1.994217,10722,659,11
45950,12,8,4,25,1,19.437628,1.994237,10722,659,11
45960,3,0,1,5,1,19.435850,1.994057,10722,659,11
45970,16,9,3,29,1,19.436366,1.994041,10724,659,11
45980,15,10,6,32,1,19.438308,1.994215,10730,659,11
45990,9,4,7,21,1,19.440408,1.994428,10734,659,11
46000,5,9,5,20,1,19.440815,1.994423,10734,659,11
46010,9,1,3,14,1,19.440491,1.994388,10734,659,11
46020,3,1,1,6,1,19.438939,1.994182,10734,659,11
46030,18,6,6,31,1,19.439288,1.994140,10734,659,11
46040,20,12,4,37,1,19.441815,1.994388,10745,659,11
46050,15,10,4,30,1,19.446767,1.994925,10761,665,11
46060,16,12,2,31,1,19.450199,1.995297,10775,665,11
46070,20,11,4,36,1,19.452618,1.995573,10778,665,11
46080,19,7,3,30,1,19.455847,1.995987,10793,665,11
46090,13,13,11,38,1,19.458675,1.996235,10794,665,11
46100,14,7,4,26,1,19.461978,1.996611,10799,665,11
46110,7,1,0,9,1,19.461908,1.996557,10799,665,11
46120,6,9,0,16,1,19.461048,1.996440,10799,665,11
46130,11,10,1,23,1,19.461471,1.996508,10799,665,11
46140,19,18,8,46,1,19.465524,1.996841,10818,665,11
46150,14,12,3,30,1,19.470806,1.997461,10829,669,11
46160,12,3,1,17,1,19.471812,1.997584,10829,669,11
46170,13,6,3,23,1,19.472019,1.997607,10829,669,11
46180,14,6,1,22,1,19.471509,1.997557,10829,669,11
46190,12,5,0,18,1,19.471069,1.997527,10829,669,11
46200,7,8,4,20,1,19.471407,1.997555,10829,669,11
46210,13,7,1,22,1,19.469872,1.997378,10829,669,11
46220,14,6,3,24,1,19.469695,1.997393,10829,669,11
46230,8,10,1,20,1,19.470119,1.997438,10829,669,11
46240,7,5,0,13,1,19.467793,1.997237,10829,669,11
46250,1,2,0,4,1,19.464778,1.996957,10829,669,11
46260,3,7,0,11,1,19.461401,1.996581,10829,669,11
46270,0,1,0,2,1,19.458335,1.996273,10829,669,11
46280,0,3,0,4,1,19.455349,1.996040,10829,669,11
46290,9,0,0,10,1,19.453283,1.995825,10829,669,11
46300,1,2,1,5,1,19.449982,1.995529,10829,669,11
46310,0,0,0,1,1,19.446534,1.995155,10829,669,11
46320,1,0,0,2,1,19.442756,1.994844,10829,669,11
46330,3,5,1,10,1,19.441394,1.994676,10829,669,11
46340,1,0,0,2,1,19.438931,1.994443,10829,669,11
46350,2,5,0,8,1,19.435515,1.994108,10829,669,11
46360,2,0,0,3,1,19.433790,1.993933,10829,669,11
46370,3,1,1,6,1,19.430083,1.993616,10829,669,11
46380,9,4,1,15,1,19.428282,1.993376,10829,669,11
46390,8,6,3,18,1,19.428187,1.993342,10829,669,11
46400,20,6,6,33,1,19.429652,1.993468,10836,669,11
46410,11,7,3,22,1,19.431624,1.993588,10840,669,11
46420,6,4,0,11,1,19.431057,1.993594,10840,669,11
46430,2,0,0,3,1,19.429313,1.993430,10840,669,11
46440,1,2,1,5,1,19.427083,1.993208,10840,669,11
46450,13,7,2,23,1,19.427088,1.993206,10841,669,11
46460,20,19,8,48,1,19.431106,1.993612,10856,671,11
46470,20,13,7,41,1,19.435862,1.994163,10866,672,11
46480,20,19,12,52,1,19.441198,1.994752,10878,672,11
46490,15,10,6,32,1,19.446577,1.995381,10904,673,11
46500,15,4,10,30,1,19.449839,1.995727,10909,673,11
46510,16,2,2,21,1,19.451881,1.995965,10913,673,11
46520,19,7,1,28,1,19.452512,1.995979,10913,673,11
46530,13,3,7,24,1,19.452700,1.996071,10914,673,11
46540,5,0,1,7,1,19.453534,1.996233,10916,673,11
46550,0,0,0,1,1,19.450559,1.995938,10916,673,11
46560,1,0,0,2,1,19.447544,1.995613,10916,673,11
46570,3,4,5,13,1,19.443850,1.995249,10916,673,11
46580,19,0,6,26,1,19.445193,1.995376,10922,673,11
46590,19,1,10,31,1,19.445607,1.995390,10922,673,11
46600,1,0,1,3,1,19.445569,1.995507,10928,673,11
46610,0,0,0,1,1,19.443174,1.995267,10928,673,11
46620,16,17,1,35,1,19.442841,1.995200,10928,673,11
46630,19,11,9,40,1,19.445869,1.995460,10928,673,11
46640,3,5,2,11,1,19.447767,1.995665,10928,673,11
46650,12,5,9,27,1,19.448531,1.995733,10930,673,11
46660,10,4,0,15,1,19.450055,1.995979,10935,673,11
46670,10,0,8,19,1,19.449771,1.995934,10935,673,11
46680,20,10,2,33,1,19.450860,1.996017,10935,673,11
46690,17,9,2,29,1,19.451617,1.996110,10936,673,11
46700,16,5,5,27,1,19.452592,1.996238,10937,673,11
46710,8,6,3,18,1,19.453650,1.996349,10938,673,11
46720,11,17,4,33,1,19.455390,1.996468,10943,673,11
46730,16,12,2,31,1,19.457131,1.996666,10943,673,11
46740,9,4,3,17,1,19.457188,1.996700,10943,673,11
46750,9,11,0,21,1,19.456682,1.996668,10943,673,11
46760,0,3,1,5,1,19.453893,1.996410,10943,673,11
46770,17,12,7,37,1,19.453909,1.996312,10943,673,11
46780,19,12,1,33,1,19.456928,1.996642,10953,673,11
46790,18,7,3,29,1,19.458800,1.996814,10957,673,11
46800,10,5,4,20,1,19.459778,1.996956,10958,673,11
46810,0,0,0,1,1,19.458698,1.996834,10958,673,11
46820,9,4,3,17,1,19.456796,1.996601,10958,673,11
46830,7,7,0,15,1,19.455793,1.996487,10958,673,11
46840,8,3,2,14,1,19.454638,1.996322,10958,673,11
46850,4,3,3,11,1,19.452117,1.996057,10958,673,11
46860,7,5,5,18,1,19.450489,1.995896,10958,673,11
46870,16,10,4,31,1,19.451503,1.995915,10960,673,11
46880,17,11,9,38,1,19.454987,1.996283,10969,673,11
46890,18,15,3,37,1,19.459094,1.996698,10985,673,11
46900,6,8,3,18,1,19.460501,1.996879,10985,673,11
46910,4,1,0,6,1,19.458176,1.996647,10985,673,11
46920,8,12,1,22,1,19.456421,1.996425,10985,673,11
46930,18,7,3,29,1,19.457749,1.996537,10995,673,11
46940,11,4,1,17,1,19.458600,1.996696,10996,673,11
46950,12,16,4,33,1,19.458539,1.996631,10996,673,11
46960,20,7,3,31,1,19.458608,1.996653,10996,673,11
46970,20,20,0,41,1,19.461792,1.996969,10996,674,11
46980,19,6,6,32,1,19.465294,1.997400,11006,674,11
46990,2,3,2,8,1,19.466379,1.997561,11012,674,11
47000,8,4,1,14,1,19.464308,1.997333,11012,674,11
47010,14,2,6,23,1,19.463662,1.997256,11012,674,11
47020,17,8,11,37,1,19.464811,1.997367,11012,674,11
47030,14,8,4,27,1,19.466311,1.997575,11017,674,11
47040,19,13,7,40,1,19.468536,1.997696,11017,674,11
47050,19,18,6,44,1,19.472906,1.998142,11030,682,11
47060,13,7,4,25,1,19.476914,1.998577,11043,683,11
47070,11,6,6,24,1,19.478995,1.998754,11043,683,11
47080,12,13,5,31,1,19.480448,1.998940,11046,683,11
47090,20,15,8,44,1,19.484136,1.999337,11058,683,11
47100,19,13,3,36,1,19.488319,1.999817,11075,683,11
47110,12,10,5,28,1,19.490644,2.000070,11075,683,11
47120,9,4,9,23,1,19.491353,2.000180,11075,683,11
47130,17,10,8,36,1,19.493994,2.000444,11085,683,11
47140,7,5,5,18,1,19.495752,2.000705,11088,683,11
47150,0,4,0,5,1,19.494462,2.000605,11088,683,11
47160,7,3,2,13,1,19.491974,2.000277,11088,683,11
47170,10,4,1,16,1,19.490744,2.000149,11088,683,11
47180,0,2,0,3,1,19.489341,2.000007,11088,683,11
47190,3,0,1,5,1,19.486189,1.999690,11088,683,11
47200,9,3,3,16,1,19.482929,1.999344,11088,683,11
47210,9,12,13,35,1,19.482929,1.999320,11088,683,11
47220,20,19,5,45,1,19.487678,1.999792,11099,687,11
47230,17,7,6,31,1,19.492179,2.000277,11112,689,11
47240,20,8,9,38,1,19.493970,2.000424,11114,689,11
47250,5,2,0,8,1,19.494940,2.000556,11121,689,11
47260,8,1,3,13,1,19.492564,2.000249,11121,689,11
47270,6,1,0,8,1,19.489260,1.999981,11121,689,11
47280,16,8,8,33,1,19.489446,1.999902,11123,689,11
47290,15,7,1,24,1,19.491248,2.000133,11126,689,11
47300,0,3,1,5,1,19.490736,2.000104,11126,689,11
47310,0,0,0,0,0,19.487518,1.999784,11126,689,11
47320,7,1,0,9,1,19.484178,1.999513,11126,689,11
47330,1,1,3,6,1,19.481594,1.999306,11126,689,11
47340,2,1,1,5,1,19.477967,1.998979,11126,689,11
47350,7,0,0,8,1,19.475206,1.998736,11126,689,11
47360,14,6,4,25,1,19.474328,1.998613,11126,689,11
47370,9,2,0,12,1,19.472781,1.998496,11126,689,11
47380,1,3,2,7,1,19.470769,1.998226,11126,689,11
47390,4,1,0,6,1,19.468625,1.997965,11126,689,11
47400,5,4,6,16,1,19.466603,1.997729,11126,689,11
47410,0,0,0,0,0,19.463681,1.997513,11126,689,11
47420,2,1,0,4,1,19.460466,1.997207,11126,689,11
47430,2,2,1,6,1,19.458520,1.996957,11126,689,11
47440,0,0,0,1,1,19.455553,1.996710,11126,689,11
47450,7,2,0,10,1,19.453433,1.996486,11126,689,11
47460,12,2,1,16,1,19.452642,1.996390,11126,689,11
47470,1,2,0,4,1,19.450789,1.996240,11126,689,11
47480,1,0,0,2,1,19.447562,1.995928,11126,689,11
47490,4,3,3,11,1,19.445656,1.995726,11126,689,11
47500,0,1,0,2,1,19.442285,1.995464,11126,689,11
47510,10,3,3,17,1,19.440996,1.995303,11126,689,11
47520,15,7,8,31,1,19.441240,1.995317,11126,689,11
47530,12,11,3,27,1,19.444425,1.995684,11136,689,11
47540,20,17,1,39,1,19.448200,1.996031,11143,689,11
47550,17,6,3,27,1,19.451739,1.996439,11149,689,11
47560,16,4,8,29,1,19.454190,1.996675,11157,689,11
47570,14,14,5,34,1,19.456637,1.996971,11157,689,11
47580,20,13,3,37,1,19.460651,1.997346,11160,691,11
47590,15,12,9,37,1,19.464389,1.997749,11163,691,11
47600,15,12,5,33,1,19.468095,1.998170,11169,691,11
47610,17,10,7,35,1,19.471162,1.998431,11175,691,11
47620,13,12,4,30,1,19.472344,1.998606,11176,691,11
47630,12,11,0,24,1,19.475807,1.999002,11180,695,11
47640,11,8,2,22,1,19.476850,1.999055,11180,695,11
47650,14,1,2,18,1,19.477855,1.999190,11180,695,11
47660,8,2,0,11,1,19.475806,1.999003,11180,695,11
47670,0,2,0,3,1,19.472879,1.998743,11180,695,11
47680,1,0,0,2,1,19.469212,1.998441,11180,695,11
47690,6,10,2,19,1,19.467317,1.998214,11180,695,11
47700,12,4,0,17,1,19.466633,1.998099,11180,695,11
47710,0,0,0,1,1,19.464293,1.997903,11180,695,11
47720,6,6,6,19,1,19.463027,1.997698,11180,695,11
47730,15,8,5,29,1,19.463463,1.997744,11180,695,11
47740,15,5,2,23,1,19.465306,1.997961,11181,695,11
47750,4,3,2,10,1,19.466735,1.998105,11181,695,11
47760,15,7,3,26,1,19.466620,1.998052,11181,695,11
47770,16,7,6,30,1,19.468931,1.998343,11185,695,11
47780,17,11,7,36,1,19.472132,1.998648,11190,695,11
47790,3,3,4,11,1,19.473858,1.998891,11194,695,11
47800,0,0,0,0,0,19.470591,1.998635,11194,695,11
47810,8,1,3,13,1,19.469258,1.998491,11194,695,11
47820,4,8,2,15,1,19.466334,1.998227,11194,695,11
47830,10,7,0,18,1,19.466636,1.998256,11194,695,11
47840,10,3,2,16,1,19.466506,1.998210,11194,695,11
47850,4,2,0,7,1,19.464951,1.998039,11194,695,11
47860,15,6,3,25,1,19.464208,1.997926,11194,695,11
47870,11,5,2,19,1,19.465130,1.998035,11197,695,11
47880,7,3,3,14,1,19.464683,1.997923,11197,695,11
47890,14,9,5,29,1,19.464030,1.997815,11197,695,11
47900,14,8,1,24,1,19.465274,1.997948,11200,695,11
47910,7,3,1,12,1,19.463652,1.997745,11200,695,11
47920,0,1,1,3,1,19.460355,1.997413,11200,695,11
47930,10,3,7,21,1,19.457906,1.997112,11200,695,11
47940,0,1,1,3,1,19.454637,1.996830,11200,695,11
47950,0,0,0,0,0,19.451288,1.996578,11200,695,11
47960,6,7,3,17,1,19.449146,1.996330,11200,695,11
47970,4,3,3,11,1,19.448426,1.996262,11200,695,11
47980,18,3,5,27,1,19.448038,1.996155,11200,695,11
47990,17,10,7,35,1,19.451326,1.996495,11214,695,11
48000,10,4,2,17,1,19.452707,1.996655,11214,695,11
48010,6,4,1,12,1,19.452158,1.996580,11214,695,11
48020,6,2,7,16,1,19.450574,1.996393,11214,695,11
48030,4,1,4,10,1,19.449028,1.996236,11214,695,11
48040,8,0,0,9,1,19.446068,1.995951,11214,695,11
48050,12,6,2,21,1,19.447517,1.996008,11216,695,11
48060,2,3,3,9,1,19.446861,1.995900,11216,695,11
48070,4,0,2,7,1,19.443537,1.995552,11216,695,11
48080,5,6,0,12,1,19.441657,1.995370,11216,695,11
48090,7,7,3,18,1,19.439968,1.995164,11216,695,11
48100,11,5,1,18,1,19.440057,1.995171,11216,695,11
48110,11,8,1,21,1,19.439277,1.995076,11216,695,11
48120,9,3,0,13,1,19.438766,1.994982,11216,695,11
48130,8,0,2,11,1,19.437766,1.994877,11216,695,11
48140,9,4,1,15,1,19.435704,1.994689,11216,695,11
48150,9,6,5,21,1,19.435948,1.994746,11216,695,11
48160,9,10,4,24,1,19.436655,1.994833,11216,695,11
48170,19,8,1,29,1,19.438908,1.995096,11229,695,11
48180,19,15,7,42,1,19.441342,1.995335,11240,695,11
48190,13,5,4,23,1,19.445098,1.995769,11253,695,11
48200,13,7,3,24,1,19.445714,1.995812,11253,695,11
48210,5,3,0,9,1,19.445366,1.995838,11253,695,11
48220,1,1,0,3,1,19.442663,1.995562,11253,695,11
48230,0,0,0,0,0,19.439799,1.995313,11253,695,11
48240,3,3,0,7,1,19.436559,1.994999,11253,695,11
48250,11,6,6,24,1,19.435786,1.994828,11253,695,11
48260,16,9,3,29,1,19.437745,1.995056,11253,695,11
48270,19,4,4,28,1,19.440162,1.995357,11253,695,11
48280,2,0,0,3,1,19.437597,1.995202,11253,695,11
48290,10,1,3,15,1,19.434139,1.994904,11253,695,11
48300,20,8,2,31,1,19.435370,1.995053,11260,695,11
48310,14,9,3,27,1,19.437096,1.995253,11261,695,11
48320,11,5,6,23,1,19.438685,1.995422,11261,695,11
48330,10,7,0,18,1,19.438107,1.995301,11261,695,11
48340,1,0,0,2,1,19.436575,1.995159,11261,695,11
48350,0,0,1,2,1,19.433171,1.994828,11261,695,11
48360,4,1,1,7,1,19.430295,1.994500,11261,695,11
48370,10,3,2,16,1,19.430020,1.994423,11261,695,11
48380,18,6,4,29,1,19.432263,1.994613,11268,695,11
48390,15,3,5,24,1,19.433183,1.994658,11270,695,11
48400,7,3,5,16,1,19.433030,1.994623,11270,695,11
48410,4,1,0,6,1,19.431389,1.994469,11270,695,11
48420,1,4,0,6,1,19.428700,1.994183,11270,695,11
48430,2,4,1,8,1,19.427027,1.994030,11270,695,11
48440,7,3,0,11,1,19.425762,1.993821,11270,695,11
48450,9,6,1,17,1,19.424540,1.993664,11270,695,11
48460,16,6,3,26,1,19.424539,1.993606,11270,695,11
48470,16,5,0,22,1,19.425772,1.993760,11270,695,11
48480,12,2,2,17,1,19.427151,1.993870,11275,695,11
48490,13,5,3,22,1,19.426852,1.993811,11275,695,11
48500,6,2,2,11,1,19.425488,1.993698,11275,695,11
48510,8,11,6,26,1,19.426720,1.993793,11275,695,11
48520,16,8,2,27,1,19.429313,1.994074,11292,695,11
48530,1,4,0,6,1,19.427985,1.994015,11292,695,11
48540,3,0,1,5,1,19.425418,1.993737,11292,695,11
48550,13,7,1,22,1,19.422893,1.993424,11292,695,11
48560,0,0,0,0,0,19.421212,1.993321,11292,695,11
48570,2,1,3,7,1,19.417609,1.992999,11292,695,11
48580,1,1,2,5,1,19.414467,1.992721,11292,695,11
48590,3,8,0,12,1,19.411247,1.992342,11292,695,11
48600,4,1,0,6,1,19.409197,1.992179,11292,695,11
48610,3,0,0,4,1,19.406174,1.991892,11292,695,11
48620,8,6,1,16,1,19.403433,1.991587,11292,695,11
48630,7,3,1,12,1,19.404110,1.991591,11292,695,11
48640,1,0,2,4,1,19.401544,1.991342,11292,695,11
48650,7,3,0,11,1,19.399290,1.991071,11292,695,11
48660,4,2,3,10,1,19.396216,1.990786,11292,695,11
48670,3,6,2,12,1,19.392941,1.990494,11292,695,11
48680,2,0,1,4,1,19.391246,1.990309,11292,695,11
48690,0,3,2,6,1,19.388103,1.990026,11292,695,11
48700,8,5,4,18,1,19.386183,1.989873,11292,695,11
48710,16,8,2,27,1,19.386814,1.989927,11295,695,11
48720,9,6,6,22,1,19.386747,1.989918,11295,695,11
48730,14,7,0,22,1,19.386044,1.989814,11295,695,11
48740,8,9,6,24,1,19.386968,1.989910,11297,695,11
48750,15,4,5,25,1,19.388201,1.990009,11301,695,11
48760,10,5,7,23,1,19.387669,1.989898,11301,695,11
48770,12,8,4,25,1,19.388975,1.990029,11309,695,11
48780,1,2,0,4,1,19.387482,1.989861,11309,695,11
48790,7,11,3,22,1,19.385191,1.989594,11309,695,11
48800,14,7,1,23,1,19.384810,1.989515,11309,695,11
48810,17,10,5,33,1,19.385508,1.989568,11311,695,11
48820,8,9,1,19,1,19.387380,1.989825,11313,695,11
48830,19,10,4,34,1,19.389456,1.989968,11314,695,11
48840,4,10,1,16,1,19.392589,1.990359,11322,695,11
48850,13,7,1,22,1,19.394399,1.990542,11326,695,11
48860,5,3,1,10,1,19.393853,1.990500,11326,695,11
48870,2,0,0,3,1,19.391149,1.990179,11326,695,11
48880,6,6,2,15,1,19.391576,1.990166,11327,695,11
48890,19,5,5,30,1,19.393032,1.990309,11336,695,11
48900,18,13,2,34,1,19.396464,1.990721,11343,697,11
48910,0,0,0,0,0,19.396560,1.990758,11343,697,11
48920,1,0,0,2,1,19.393193,1.990481,11343,697,11
48930,5,2,2,10,1,19.389888,1.990169,11343,697,11
48940,2,0,3,6,1,19.387911,1.989938,11343,697,11
48950,9,6,2,18,1,19.386129,1.989770,11343,697,11
48960,11,2,0,14,1,19.384155,1.989577,11343,697,11
48970,17,4,5,27,1,19.383660,1.989507,11343,697,11
48980,18,12,11,42,1,19.386763,1.989811,11347,698,11
48990,15,10,4,30,1,19.390726,1.990278,11360,698,11
49000,9,8,3,21,1,19.391463,1.990351,11360,698,11
49010,5,4,3,13,1,19.390403,1.990290,11360,698,11
49020,0,0,1,2,1,19.386974,1.989994,11360,698,11
49030,3,1,0,5,1,19.384416,1.989729,11360,698,11
49040,9,7,2,19,1,19.383947,1.989699,11360,698,11
49050,16,12,4,33,1,19.384538,1.989691,11362,698,11
49060,11,8,6,26,1,19.388064,1.990059,11378,698,11
49070,10,10,1,22,1,19.388447,1.990079,11378,698,11
49080,20,10,7,38,1,19.390236,1.990219,11378,698,11
49090,17,16,3,37,1,19.393706,1.990622,11386,698,11
49100,14,9,7,31,1,19.396441,1.990897,11389,698,11
49110,14,5,0,20,1,19.398243,1.991075,11393,698,11
49120,18,13,4,36,1,19.401088,1.991261,11397,698,11
49130,18,14,8,41,1,19.404077,1.991557,11414,698,11
49140,18,17,7,43,1,19.408718,1.992072,11421,698,11
49150,18,12,10,41,1,19.412796,1.992572,11431,698,11
49160,9,6,2,18,1,19.413892,1.992732,11435,698,11
49170,18,9,1,29,1,19.415734,1.992877,11438,698,11
49180,18,11,4,34,1,19.418122,1.993099,11447,698,11
49190,4,9,2,16,1,19.418503,1.993198,11448,698,11
49200,7,0,1,9,1,19.418221,1.993187,11448,698,11
49210,2,0,0,3,1,19.415075,1.992908,11448,698,11
49220,8,5,7,21,1,19.413593,1.992745,11448,698,11
49230,5,8,0,14,1,19.413049,1.992678,11448,698,11
49240,15,9,7,32,1,19.414118,1.992732,11449,698,11
49250,7,4,2,14,1,19.416305,1.992966,11450,699,11
49260,6,1,0,8,1,19.415276,1.992841,11450,699,11
49270,0,0,0,1,1,19.412356,1.992573,11450,699,11
49280,0,0,0,0,0,19.409271,1.992233,11450,699,11
49290,0,0,1,2,1,19.405961,1.991924,11450,699,11
49300,4,0,1,6,1,19.402780,1.991632,11450,699,11
49310,1,4,0,6,1,19.400075,1.991348,11450,699,11
49320,0,0,0,1,1,19.397597,1.991120,11450,699,11
49330,0,2,1,4,1,19.394745,1.990842,11450,699,11
49340,8,3,2,14,1,19.393509,1.990638,11450,699,11
49350,2,1,1,5,1,19.390955,1.990448,11450,699,11
49360,0,0,0,1,1,19.387776,1.990156,11450,699,11
49370,2,1,3,7,1,19.384625,1.989835,11450,699,11
49380,4,0,0,5,1,19.382219,1.989610,11450,699,11
49390,8,1,0,10,1,19.378952,1.989310,11450,699,11
49400,9,5,0,15,1,19.376696,1.989001,11450,699,11
49410,15,6,7,29,1,19.376013,1.988879,11450,699,11
49420,5,1,0,7,1,19.375303,1.988808,11450,699,11
49430,8,9,4,22,1,19.373864,1.988571,11450,699,11
49440,12,7,0,20,1,19.373820,1.988539,11450,699,11
49450,14,15,6,36,1,19.375040,1.988604,11450,699,11
49460,13,7,8,29,1,19.378590,1.989012,11457,699,11
49470,3,1,1,6,1,19.376791,1.988804,11457,699,11
49480,7,4,0,12,1,19.374550,1.988551,11457,699,11
49490,3,1,2,7,1,19.371832,1.988291,11457,699,11
49500,0,0,0,0,0,19.369069,1.988009,11457,699,11
49510,11,4,2,18,1,19.367722,1.987777,11457,699,11
49520,0,0,0,1,1,19.365642,1.987566,11457,699,11
49530,0,0,0,0,0,19.363328,1.987392,11457,699,11
49540,1,1,1,4,1,19.360859,1.987087,11457,699,11
49550,5,0,0,6,1,19.358258,1.986887,11457,699,11
49560,5,3,1,10,1,19.356998,1.986727,11457,699,11
49570,9,8,1,19,1,19.355149,1.986510,11457,699,11
49580,11,3,2,17,1,19.355405,1.986481,11459,699,11
49590,7,5,1,14,1,19.354586,1.986415,11459,699,11
49600,11,11,0,23,1,19.352964,1.986217,11459,699,11
49610,12,11,4,28,1,19.354309,1.986365,11460,699,11
49620,14,7,8,30,1,19.355727,1.986480,11460,699,11
49630,18,4,1,24,1,19.357966,1.986707,11465,699,11
49640,19,18,2,40,1,19.360517,1.986967,11473,699,11
49650,3,0,0,4,1,19.361509,1.987161,11478,699,11
49660,0,0,0,0,0,19.358095,1.986886,11478,699,11
49670,1,1,2,5,1,19.354807,1.986579,11478,699,11
49680,2,2,1,6,1,19.352169,1.986261,11478,699,11
49690,3,4,3,11,1,19.349646,1.986028,11478,699,11
49700,6,2,0,9,1,19.347693,1.985809,11478,699,11
49710,1,1,0,3,1,19.345243,1.985608,11478,699,11
49720,2,5,4,12,1,19.342671,1.985301,11478,699,11
49730,12,5,1,19,1,19.340880,1.985119,11478,699,11
49740,13,9,1,24,1,19.340304,1.985070,11478,699,11
49750,20,11,8,40,1,19.343425,1.985359,11485,700,11
49760,17,12,8,38,1,19.346571,1.985647,11496,700,11
49770,12,6,3,22,1,19.347657,1.985834,11499,700,11
49780,3,4,5,13,1,19.346181,1.985713,11499,700,11
49790,10,4,2,17,1,19.344780,1.985542,11499,700,11
49800,11,3,1,16,1,19.343993,1.985504,11499,700,11
49810,11,4,3,19,1,19.344322,1.985540,11499,700,11
49820,14,6,1,22,1,19.345078,1.985603,11499,700,11
49830,16,5,0,22,1,19.344368,1.985495,11499,700,11
49840,20,8,0,29,1,19.346001,1.985619,11499,700,11
49850,6,6,0,13,1,19.347247,1.985790,11505,700,11
49860,5,3,2,11,1,19.345501,1.985637,11505,700,11
49870,2,2,0,5,1,19.342761,1.985361,11505,700,11
49880,3,1,0,5,1,19.339412,1.985036,11505,700,11
49890,11,1,0,13,1,19.336892,1.984730,11505,700,11
49900,0,0,0,1,1,19.333778,1.984412,11505,700,11
49910,0,0,0,1,1,19.330502,1.984098,11505,700,11
49920,3,2,2,8,1,19.327962,1.983863,11505,700,11
49930,14,10,3,28,1,19.327051,1.983714,11505,700,11
49940,7,1,4,13,1,19.326565,1.983654,11505,700,11
49950,9,0,3,13,1,19.324141,1.983403,11505,700,11
49960,10,4,1,16,1,19.323323,1.983317,11505,700,11
49970,12,4,6,23,1,19.322408,1.983208,11505,700,11
49980,2,1,0,4,1,19.322065,1.983232,11505,700,11
49990,0,1,0,2,1,19.318791,1.982877,11505,700,11
50000,4,1,2,8,1,19.316150,1.982604,11505,700,11
50010,5,6,0,12,1,19.315255,1.982444,11505,700,11
50020,5,0,2,8,1,19.312854,1.982208,11505,700,11
50030,6,8,4,19,1,19.310513,1.981925,11505,700,11
50040,5,3,2,11,1,19.308011,1.981726,11505,700,11
50050,10,4,0,15,1,19.306512,1.981570,11505,700,11
50060,4,5,1,11,1,19.303376,1.981242,11505,700,11
50070,5,4,0,10,1,19.300975,1.981034,11505,700,11
50080,3,1,1,6,1,19.298399,1.980824,11505,700,11
50090,7,4,1,13,1,19.295288,1.980519,11505,700,11
50100,6,3,2,12,1,19.294839,1.980482,11505,700,11
50110,10,3,4,18,1,19.293141,1.980314,11505,700,11
50120,16,8,0,25,1,19.292902,1.980246,11505,700,11
50130,9,4,0,14,1,19.294090,1.980362,11511,700,11
50140,13,0,1,15,1,19.292266,1.980156,11511,700,11
50150,15,6,7,29,1,19.293498,1.980240,11511,700,11
50160,10,10,0,21,1,19.293843,1.980305,11511,700,11
50170,9,2,2,14,1,19.294459,1.980407,11513,700,11
50180,20,11,5,37,1,19.295921,1.980457,11516,700,11
50190,13,13,5,32,1,19.298094,1.980678,11519,700,11
50200,11,3,1,16,1,19.299103,1.980808,11519,700,11
50210,14,7,5,27,1,19.300704,1.980921,11522,700,11
50220,13,8,2,24,1,19.303060,1.981161,11527,700,11
50230,7,9,4,21,1,19.304111,1.981242,11528,700,11
50240,19,5,1,26,1,19.305181,1.981366,11528,700,11
50250,6,5,4,16,1,19.305187,1.981461,11532,700,11
50260,9,10,2,22,1,19.306204,1.981555,11537,700,11
50270,15,5,9,30,1,19.307604,1.981717,11537,700,11
50280,8,6,4,19,1,19.308652,1.981842,11537,700,11
50290,6,0,0,7,1,19.307689,1.981749,11537,700,11
50300,5,2,2,10,1,19.304912,1.981478,11537,700,11
50310,5,6,2,14,1,19.302676,1.981222,11537,700,11
50320,6,4,4,15,1,19.302394,1.981182,11537,700,11
50330,4,4,2,11,1,19.302143,1.981150,11537,700,11
50340,17,6,0,24,1,19.303011,1.981225,11538,700,11
50350,0,0,0,1,1,19.301294,1.980994,11538,700,11
50360,12,8,3,24,1,19.298955,1.980643,11538,700,11
50370,10,7,5,23,1,19.300423,1.980763,11540,700,11
50380,18,6,3,28,1,19.302179,1.980908,11540,700,11
50390,20,8,3,32,1,19.304902,1.981190,11548,701,11
50400,17,14,8,40,1,19.308153,1.981569,11555,701,11
50410,16,16,5,38,1,19.312864,1.982067,11559,707,11
50420,9,15,1,26,1,19.316832,1.982496,11563,712,11
50430,20,7,4,32,1,19.319882,1.982803,11569,712,11
50440,12,5,0,18,1,19.321296,1.982925,11569,712,11
50450,7,1,1,10,1,19.321256,1.982919,11569,712,11
50460,2,1,0,4,1,19.319301,1.982732,11569,712,11
50470,13,7,4,25,1,19.318666,1.982641,11569,712,11
50480,2,0,0,3,1,19.317063,1.982514,11569,712,11
50490,7,5,1,14,1,19.314352,1.982197,11569,712,11
50500,3,5,3,12,1,19.313569,1.982123,11569,712,11
50510,1,1,0,3,1,19.311740,1.981937,11569,712,11
50520,0,0,0,0,0,19.308384,1.981655,11569,712,11
50530,3,1,0,5,1,19.305812,1.981388,11569,712,11
50540,6,4,3,14,1,19.304673,1.981213,11569,712,11
50550,4,0,4,9,1,19.303842,1.981133,11569,712,11
50560,7,2,2,12,1,19.301850,1.980931,11569,712,11
50570,11,5,1,18,1,19.301149,1.980832,11569,712,11
50580,10,11,1,23,1,19.301189,1.980814,11569,712,11
50590,17,9,2,29,1,19.301384,1.980816,11569,712,11
50600,7,2,1,11,1,19.301670,1.980891,11572,712,11
50610,15,13,2,31,1,19.299980,1.980663,11572,712,11
50620,17,8,0,26,1,19.303340,1.980998,11575,715,11
50630,3,1,1,6,1,19.303040,1.980977,11575,715,11
50640,7,4,0,12,1,19.300848,1.980754,11575,715,11
50650,7,7,2,17,1,19.299768,1.980600,11575,715,11
50660,7,2,1,11,1,19.298045,1.980409,11575,715,11
50670,14,7,2,24,1,19.297248,1.980233,11575,715,11
50680,1,1,3,6,1,19.298364,1.980405,11578,715,11
50690,0,0,0,1,1,19.295680,1.980136,11578,715,11
50700,0,0,0,1,1,19.293152,1.979854,11578,715,11
50710,11,1,1,14,1,19.290989,1.979630,11578,715,11
50720,5,5,3,14,1,19.288767,1.979408,11578,715,11
50730,7,7,7,22,1,19.289568,1.979456,11578,715,11
50740,2,3,1,7,1,19.289248,1.979433,11578,715,11
50750,3,4,1,9,1,19.286294,1.979135,11578,715,11
50760,5,6,1,13,1,19.285581,1.979052,11578,715,11
50770,13,6,1,21,1,19.285527,1.979020,11578,715,11
50780,19,6,5,31,1,19.287031,1.979212,11582,715,11
50790,0,1,0,2,1,19.286262,1.979155,11582,715,11
50800,10,5,4,20,1,19.285743,1.979024,11582,715,11
50810,9,4,5,19,1,19.285178,1.978936,11582,715,11
50820,14,6,3,24,1,19.286160,1.978982,11585,715,11
50830,6,0,2,9,1,19.286331,1.979018,11587,715,11
50840,14,9,5,29,1,19.287492,1.979019,11587,715,11
50850,17,8,8,34,1,19.290722,1.979400,11601,715,11
50860,12,4,4,21,1,19.291594,1.979475,11608,715,11
50870,11,19,8,39,1,19.292487,1.979557,11612,715,11
50880,14,8,8,31,1,19.294706,1.979810,11612,716,11
50890,19,15,0,35,1,19.297960,1.980122,11623,716,11
50900,17,13,5,36,1,19.300712,1.980378,11631,716,11
50910,20,15,6,42,1,19.304719,1.980787,11647,716,11
50920,19,15,6,41,1,19.308605,1.981172,11661,716,11
50930,19,10,5,35,1,19.312370,1.981640,11669,716,11
50940,18,7,2,28,1,19.314492,1.981887,11671,716,11
50950,20,9,8,38,1,19.317173,1.982140,11682,716,11
50960,14,10,3,28,1,19.320301,1.982487,11688,716,11
50970,8,4,2,15,1,19.319732,1.982379,11688,716,11
50980,17,3,6,27,1,19.320466,1.982424,11688,716,11
50990,19,8,10,38,1,19.323154,1.982638,11694,716,11
51000,9,14,10,34,1,19.326403,1.982941,11704,717,11
51010,16,7,2,26,1,19.328897,1.983215,11704,717,11
51020,14,4,2,21,1,19.330019,1.983304,11705,717,11
51030,0,1,0,2,1,19.327835,1.983141,11705,717,11
51040,0,0,0,0,0,19.324992,1.982875,11705,717,11
51050,0,0,0,1,1,19.321637,1.982573,11705,717,11
51060,10,1,3,15,1,19.319393,1.982348,11705,717,11
51070,0,0,0,1,1,19.317284,1.982146,11705,717,11
51080,6,6,6,19,1,19.314837,1.981841,11705,717,11
51090,20,17,7,45,1,19.317635,1.982110,11705,717,11
51100,20,14,9,44,1,19.322660,1.982695,11726,720,13
51110,16,17,9,43,1,19.326688,1.983094,11732,721,13
51120,20,12,9,42,1,19.330599,1.983533,11747,722,13
51130,12,4,4,21,1,19.331444,1.983665,11747,722,13
51140,15,6,7,29,1,19.331634,1.983619,11747,722,13
51150,10,4,3,18,1,19.333868,1.983894,11751,722,13
51160,14,1,0,16,1,19.332965,1.983771,11751,722,13
51170,4,4,0,9,1,19.331689,1.983654,11751,722,13
51180,11,6,2,20,1,19.330862,1.983539,11751,722,13
51190,13,8,4,26,1,19.332149,1.983558,11755,722,13
51200,4,1,6,12,1,19.332792,1.983653,11755,722,13
51210,0,0,0,1,1,19.330406,1.983462,11755,722,13
51220,1,0,0,2,1,19.327271,1.983158,11755,722,13
51230,5,1,1,8,1,19.324567,1.982850,11755,722,13
51240,0,0,0,1,1,19.321465,1.982594,11755,722,13
51250,5,4,2,12,1,19.318995,1.982334,11755,722,13
51260,4,6,0,11,1,19.318170,1.982271,11755,722,13
51270,13,4,5,23,1,19.317930,1.982224,11755,722,13
51280,18,15,4,38,1,19.318646,1.982272,11760,722,13
51290,14,7,1,23,1,19.320327,1.982474,11770,722,13
51300,8,3,2,14,1,19.320752,1.982559,11774,722,13
51310,11,4,2,18,1,19.320057,1.982466,11774,722,13
51320,19,6,1,27,1,19.320181,1.982480,11776,722,13
51330,16,11,5,33,1,19.322926,1.982819,11790,722,13
51340,13,7,4,25,1,19.324839,1.983037,11790,722,13
51350,6,2,0,9,1,19.323886,1.982969,11790,722,13
51360,0,0,0,1,1,19.320758,1.982733,11790,722,13
51370,3,3,5,12,1,19.318375,1.982530,11790,722,13
51380,1,0,1,3,1,19.316297,1.982358,11790,722,13
51390,20,10,12,43,1,19.317706,1.982389,11791,722,13
51400,13,12,4,30,1,19.321185,1.982827,11804,722,13
51410,12,7,1,21,1,19.322897,1.983036,11804,722,13
51420,2,0,2,5,1,19.320399,1.982821,11804,722,13
51430,6,1,0,8,1,19.317630,1.982495,11804,722,13
51440,9,3,2,15,1,19.314849,1.982235,11804,722,13
51450,9,5,0,15,1,19.314161,1.982186,11804,722,13
51460,9,4,2,16,1,19.313884,1.982124,11804,722,13
51470,16,10,6,33,1,19.315584,1.982217,11813,722,13
51480,16,16,1,34,1,19.318290,1.982509,11820,724,13
51490,10,8,5,24,1,19.319630,1.982656,11821,724,13
51500,15,10,3,29,1,19.320953,1.982769,11821,724,13
51510,2,7,0,10,1,19.319695,1.982678,11821,724,13
51520,1,5,2,9,1,19.318339,1.982517,11821,724,13
51530,12,8,1,22,1,19.317323,1.982315,11821,724,13
51540,10,7,0,18,1,19.317392,1.982281,11821,724,13
51550,20,8,4,33,1,19.318449,1.982336,11821,724,13
51560,19,8,6,34,1,19.320727,1.982556,11822,724,13
51570,20,12,4,37,1,19.323496,1.982794,11829,725,13
51580,13,10,4,28,1,19.326765,1.983131,11846,725,13
51590,17,16,6,40,1,19.329603,1.983424,11856,725,13
51600,14,7,6,28,1,19.333068,1.983880,11863,726,13
51610,14,6,4,25,1,19.334830,1.984047,11863,726,13
51620,14,15,0,30,1,19.336388,1.984201,11869,726,13
51630,13,10,2,26,1,19.338430,1.984463,11875,726,13
51640,7,5,1,14,1,19.339392,1.984552,11875,726,13
51650,7,7,0,15,1,19.337877,1.984351,11875,726,13
51660,1,4,1,7,1,19.335523,1.984044,11875,726,13
51670,1,2,1,5,1,19.333298,1.983834,11875,726,13
51680,14,2,3,20,1,19.332678,1.983748,11875,726,13
51690,14,1,7,23,1,19.332404,1.983718,11875,726,13
51700,2,0,0,3,1,19.330356,1.983529,11875,726,13
51710,1,0,0,2,1,19.328537,1.983423,11875,726,13
51720,1,1,0,3,1,19.325631,1.983099,11875,726,13
51730,11,8,1,21,1,19.323653,1.982851,11875,726,13
51740,0,4,0,5,1,19.322224,1.982753,11875,726,13
51750,14,5,3,23,1,19.321240,1.982587,11875,726,13
51760,18,19,2,40,1,19.322518,1.982665,11875,726,13
51770,20,17,6,44,1,19.326254,1.983062,11885,726,13
51780,20,18,7,46,1,19.331183,1.983609,11904,726,13
51790,11,1,5,18,1,19.332551,1.983802,11905,726,13
51800,14,10,1,26,1,19.332436,1.983780,11905,726,13
51810,16,13,3,33,1,19.334239,1.983936,11913,726,13
51820,12,2,5,20,1,19.334997,1.983999,11913,726,13
51830,15,8,2,26,1,19.336575,1.984171,11916,726,13
51840,10,10,4,25,1,19.337781,1.984257,11916,726,13
51850,14,12,0,27,1,19.339285,1.984398,11918,726,13
51860,14,5,1,21,1,19.340457,1.984559,11918,726,13
51870,8,4,1,14,1,19.340812,1.984589,11918,726,13
51880,15,5,2,23,1,19.341272,1.984619,11918,726,13
51890,17,11,7,36,1,19.343977,1.984894,11923,726,13
51900,1,0,0,2,1,19.344836,1.984984,11926,726,13
51910,1,0,0,2,1,19.342540,1.984723,11926,726,13
51920,7,3,0,11,1,19.339582,1.984370,11926,726,13
51930,1,1,2,5,1,19.336509,1.984072,11926,726,13
51940,3,0,0,4,1,19.334339,1.983871,11926,726,13
51950,5,0,3,9,1,19.331263,1.983608,11926,726,13
51960,10,2,0,13,1,19.329192,1.983374,11926,726,13
51970,15,4,3,23,1,19.328950,1.983327,11926,726,13
51980,3,3,0,7,1,19.326984,1.983170,11926,726,13
51990,3,1,2,7,1,19.325064,1.982967,11926,726,13
52000,2,4,2,9,1,19.322875,1.982780,11926,726,13
52010,1,0,1,3,1,19.320124,1.982511,11926,726,13
52020,0,0,0,1,1,19.317147,1.982215,11926,726,13
52030,7,6,1,15,1,19.314914,1.981992,11926,726,13
52040,13,3,4,21,1,19.314815,1.981995,11926,726,13
52050,13,7,3,24,1,19.314543,1.981918,11926,726,13
52060,0,0,0,0,0,19.313137,1.981729,11926,726,13
52070,14,11,8,34,1,19.311701,1.981497,11926,726,13
52080,12,3,1,17,1,19.313635,1.981694,11931,726,13
52090,12,5,2,20,1,19.312498,1.981555,11931,726,13
52100,6,5,3,15,1,19.310509,1.981345,11931,726,13
52110,1,1,1,4,1,19.308659,1.981165,11931,726,13
52120,8,7,0,16,1,19.307837,1.981016,11931,726,13
52130,12,2,1,16,1,19.307520,1.980978,11931,726,13
52140,4,0,3,8,1,19.306713,1.980971,11931,726,13
52150,6,8,2,17,1,19.304326,1.980735,11931,726,13
52160,20,6,2,29,1,19.305417,1.980791,11936,726,13
52170,0,0,0,0,0,19.303971,1.980753,11938,726,13
52180,0,0,0,0,0,19.301141,1.980480,11938,726,13
52190,4,4,1,10,1,19.298672,1.980213,11938,726,13
52200,13,7,3,24,1,19.297794,1.980121,11938,726,13
52210,7,0,0,8,1,19.298267,1.980140,11938,726,13
52220,0,0,0,1,1,19.296146,1.979986,11938,726,13
52230,0,1,0,2,1,19.293028,1.979746,11938,726,13
52240,0,0,0,0,0,19.290261,1.979522,11938,726,13
52250,1,4,2,8,1,19.287397,1.979253,11938,726,13
52260,7,2,3,13,1,19.286673,1.979200,11938,726,13
52270,1,0,0,2,1,19.284083,1.978963,11938,726,13
52280,6,2,5,14,1,19.281531,1.978660,11938,726,13
52290,0,0,0,0,0,19.278805,1.978375,11938,726,13
52300,12,6,0,19,1,19.276680,1.978127,11938,726,13
52310,15,6,7,29,1,19.277518,1.978176,11938,726,13
52320,18,12,6,37,1,19.278773,1.978283,11939,726,13
52330,13,7,2,23,1,19.280970,1.978565,11943,726,13
52340,17,8,2,28,1,19.280299,1.978463,11943,726,13
52350,7,3,3,14,1,19.280701,1.978541,11943,726,13
52360,1,3,1,6,1,19.279217,1.978379,11943,726,13
52370,8,5,4,18,1,19.277583,1.978182,11943,726,13
52380,14,14,2,31,1,19.278815,1.978283,11943,726,13
52390,13,10,0,24,1,19.279758,1.978381,11943,726,13
52400,1,0,1,3,1,19.278903,1.978326,11943,726,13
52410,4,1,0,6,1,19.275666,1.978038,11943,726,13
52420,9,4,3,17,1,19.273961,1.977885,11943,726,13
52430,19,8,3,31,1,19.276118,1.978065,11955,726,13
52440,19,5,3,28,1,19.277653,1.978228,11964,726,13
52450,0,1,0,2,1,19.275806,1.978083,11964,726,13
52460,2,6,1,10,1,19.273247,1.977795,11964,726,13
52470,12,3,5,21,1,19.272966,1.977764,11964,726,13
52480,11,5,2,19,1,19.273826,1.977897,11965,726,13
52490,10,4,0,15,1,19.274467,1.977960,11967,726,13
52500,4,2,1,8,1,19.272542,1.977757,11967,726,13
52510,14,9,4,28,1,19.272203,1.977642,11967,726,13
52520,13,9,3,26,1,19.272783,1.977711,11968,726,13
52530,15,4,4,24,1,19.272940,1.977729,11968,726,13
52540,7,15,1,24,1,19.273660,1.977801,11968,726,13
52550,6,11,6,24,1,19.274544,1.977893,11968,726,13
52560,17,9,5,32,1,19.276606,1.978026,11970,726,13
52570,19,6,4,30,1,19.279004,1.978281,11980,726,13
52580,20,10,2,33,1,19.280610,1.978417,11989,726,13
52590,19,14,11,45,1,19.283656,1.978693,11994,726,13
52600,17,10,4,32,1,19.287185,1.979080,12006,726,13
52610,13,6,2,22,1,19.287015,1.979064,12006,726,13
52620,19,9,8,37,1,19.289192,1.979251,12008,726,13
52630,10,3,3,17,1,19.290408,1.979431,12009,726,13
52640,12,15,5,33,1,19.289931,1.979322,12009,726,13
52650,13,1,10,25,1,19.290805,1.979410,12009,726,13
52660,9,6,3,19,1,19.293427,1.979754,12017,726,13
52670,16,0,3,20,1,19.294109,1.979853,12017,726,13
52680,12,6,3,22,1,19.293874,1.979850,12017,726,13
52690,16,11,2,30,1,19.294523,1.979926,12017,726,13
52700,18,18,7,44,1,19.298296,1.980288,12038,726,13
52710,13,17,6,37,1,19.303485,1.980926,12060,733,13
52720,20,7,3,31,1,19.306565,1.981259,12071,733,13
52730,15,2,9,27,1,19.307960,1.981346,12076,733,13
52740,15,10,6,32,1,19.309202,1.981483,12078,733,13
52750,11,6,0,18,1,19.311068,1.981722,12079,733,13
52760,15,10,1,27,1,19.312116,1.981782,12079,733,13
52770,19,7,3,30,1,19.314213,1.981952,12080,733,13
52780,15,8,3,27,1,19.315499,1.982074,12087,733,13
52790,11,1,2,15,1,19.315576,1.982080,12087,733,13
52800,0,0,0,1,1,19.314499,1.981975,12087,733,13
52810,0,0,0,1,1,19.312393,1.981784,12087,733,13
52820,1,2,0,4,1,19.309241,1.981474,12087,733,13
52830,0,0,0,0,0,19.306355,1.981206,12087,733,13
52840,8,10,4,23,1,19.305537,1.981036,12087,733,13
52850,4,5,1,11,1,19.305568,1.981052,12087,733,13
52860,0,0,0,0,0,19.302866,1.980773,12087,733,13
52870,20,15,6,42,1,19.303519,1.980722,12092,733,13
52880,9,11,3,24,1,19.305128,1.980866,12095,733,13
52890,20,13,10,44,1,19.308035,1.981124,12103,733,13
52900,18,11,2,32,1,19.311354,1.981508,12111,733,13
52910,20,5,9,35,1,19.314012,1.981798,12129,733,13
52920,15,4,4,24,1,19.315509,1.981973,12131,733,13
52930,9,3,4,17,1,19.314802,1.981891,12131,733,13
52940,4,3,0,8,1,19.313495,1.981762,12131,733,13
52950,2,0,1,4,1,19.311159,1.981539,12131,733,13
52960,10,5,1,17,1,19.308787,1.981259,12131,733,13
52970,3,0,1,5,1,19.308054,1.981201,12131,733,13
52980,5,6,2,14,1,19.305925,1.980931,12131,733,13
52990,8,2,1,12,1,19.305112,1.980834,12131,733,13
53000,5,4,1,11,1,19.303028,1.980618,12131,733,13
53010,0,0,0,1,1,19.300372,1.980409,12131,733,13
53020,1,0,0,2,1,19.297254,1.980129,12131,733,13
53030,12,14,3,30,1,19.296585,1.979993,12131,733,13
53040,5,2,2,10,1,19.297507,1.980074,12132,733,13
53050,7,3,0,11,1,19.294657,1.979802,12132,733,13
53060,2,2,0,5,1,19.293225,1.979692,12132,733,13
53070,0,2,4,7,1,19.290104,1.979408,12132,733,13
53080,0,1,1,3,1,19.287286,1.979090,12132,733,13
53090,4,0,0,5,1,19.285043,1.978869,12132,733,13
53100,3,5,0,9,1,19.282947,1.978678,12132,733,13
53110,2,1,2,6,1,19.280122,1.978398,12132,733,13
53120,14,2,3,20,1,19.278616,1.978218,12132,733,13
53130,8,3,2,14,1,19.278580,1.978228,12132,733,13
53140,1,1,0,3,1,19.275773,1.977976,12132,733,13
53150,10,3,1,15,1,19.273862,1.977782,12132,733,13
53160,13,9,4,27,1,19.274636,1.977828,12132,734,13
53170,8,1,0,10,1,19.275121,1.977948,12132,734,13
53180,3,1,0,5,1,19.272462,1.977647,12132,734,13
53190,2,0,1,4,1,19.269920,1.977349,12132,734,13
53200,0,1,1,3,1,19.267640,1.977163,12132,734,13
53210,4,4,0,9,1,19.268188,1.977194,12138,734,13
53220,0,0,0,1,1,19.265617,1.976944,12138,734,13
53230,6,10,2,19,1,19.263539,1.976698,12138,734,13
53240,6,3,2,12,1,19.263870,1.976764,12138,734,13
53250,15,17,8,41,1,19.265599,1.976859,12138,734,13
53260,12,1,3,17,1,19.267420,1.977094,12141,734,13
53270,11,0,3,15,1,19.266043,1.976973,12141,734,13
53280,20,7,0,28,1,19.265880,1.976962,12143,734,13
53290,20,5,7,33,1,19.268803,1.977245,12156,734,13
53300,9,3,3,16,1,19.268841,1.977227,12156,734,13
53310,0,0,1,2,1,19.266291,1.977032,12156,734,13
53320,0,0,0,0,0,19.263153,1.976746,12156,734,13
53330,1,0,1,3,1,19.259907,1.976445,12156,734,13
53340,6,1,2,10,1,19.257060,1.976174,12156,734,13
53350,20,9,8,38,1,19.258218,1.976256,12162,734,13
53360,19,14,9,43,1,19.261833,1.976671,12171,734,13
53370,18,15,4,38,1,19.266283,1.977171,12189,737,13
53380,19,10,4,34,1,19.270556,1.977603,12210,738,13
53390,18,13,9,41,1,19.272663,1.977799,12211,738,13
53400,17,8,8,34,1,19.275265,1.978101,12218,738,13
53410,20,18,11,50,1,19.278857,1.978434,12230,740,13
53420,10,15,1,27,1,19.281294,1.978743,12246,740,13
53430,19,5,9,34,1,19.283683,1.978963,12249,740,13
53440,16,10,3,30,1,19.286079,1.979229,12261,740,13
53450,19,5,3,28,1,19.288257,1.979436,12268,740,13
53460,3,6,2,12,1,19.288752,1.979526,12271,740,13
53470,3,1,0,5,1,19.286198,1.979266,12271,740,13
53480,12,8,1,22,1,19.285105,1.979049,12271,740,13
53490,8,0,2,11,1,19.284828,1.979045,12271,740,13
53500,2,4,5,12,1,19.283474,1.978877,12271,740,13
53510,17,13,4,35,1,19.285209,1.979053,12276,740,13
53520,20,16,8,45,1,19.288020,1.979317,12284,740,13
53530,17,10,5,33,1,19.291214,1.979680,12300,740,13
53540,16,10,11,38,1,19.294530,1.980015,12306,740,13
53550,17,15,5,38,1,19.298707,1.980437,12316,740,13
53560,1,3,0,5,1,19.299563,1.980565,12317,740,13
53570,0,0,0,0,0,19.296912,1.980264,12317,740,13
53580,3,0,2,6,1,19.294001,1.979941,12317,740,13
53590,1,1,1,4,1,19.291095,1.979678,12317,740,13
53600,2,1,0,4,1,19.288166,1.979387,12317,740,13
53610,0,0,0,0,0,19.284927,1.979087,12317,740,13
53620,4,3,3,11,1,19.281746,1.978769,12317,740,13
53630,0,0,0,1,1,19.279015,1.978472,12317,740,13
53640,1,2,0,4,1,19.276057,1.978166,12317,740,13
53650,6,1,3,11,1,19.273392,1.977910,12317,740,13
53660,10,8,7,26,1,19.273388,1.977858,12317,740,13
53670,0,0,0,1,1,19.273281,1.977875,12317,740,13
53680,0,0,0,1,1,19.270428,1.977626,12317,740,13
53690,10,6,1,18,1,19.267806,1.977324,12317,740,13
53700,12,9,1,23,1,19.268580,1.977428,12317,740,13
53710,17,4,4,26,1,19.270186,1.977587,12320,740,13
53720,18,9,3,31,1,19.271881,1.977725,12320,740,13
53730,17,10,8,36,1,19.274157,1.977960,12329,740,13
53740,18,9,3,31,1,19.276081,1.978155,12329,740,13
53750,20,11,7,39,1,19.277742,1.978331,12335,740,13
53760,18,3,5,27,1,19.280757,1.978680,12341,740,13
53770,12,2,6,21,1,19.281826,1.978765,12341,740,13
53780,1,1,0,3,1,19.280405,1.978651,12341,740,13
53790,17,4,2,24,1,19.279003,1.978467,12341,740,13
53800,14,5,6,26,1,19.279648,1.978524,12341,740,13
53810,8,8,2,19,1,19.279505,1.978526,12341,740,13
53820,17,7,5,30,1,19.280817,1.978647,12344,740,13
53830,8,13,6,28,1,19.282154,1.978824,12347,740,13
53840,3,2,1,7,1,19.280996,1.978752,12347,740,13
53850,8,1,1,11,1,19.278501,1.978494,12347,740,13
53860,11,3,0,15,1,19.275997,1.978302,12347,740,13
53870,12,9,2,24,1,19.277910,1.978466,12357,741,13
53880,6,7,3,17,1,19.279137,1.978620,12358,741,13
53890,11,11,1,24,1,19.280062,1.978717,12363,741,13
53900,5,9,12,27,1,19.280620,1.978783,12365,741,13
53910,13,8,11,33,1,19.281683,1.978879,12365,741,13
53920,8,6,8,23,1,19.283763,1.979151,12369,741,13
53930,2,1,1,5,1,19.282673,1.979082,12369,741,13
53940,0,0,1,2,1,19.279687,1.978856,12369,741,13
53950,0,0,0,0,0,19.276488,1.978567,12369,741,13
53960,2,0,2,5,1,19.273930,1.978314,12369,741,13
53970,8,0,4,13,1,19.272571,1.978176,12369,741,13
53980,13,1,3,18,1,19.272527,1.978128,12369,741,13
53990,9,4,2,16,1,19.272505,1.978135,12369,741,13
54000,1,0,0,2,1,19.270635,1.977997,12369,741,13
54010,1,3,0,5,1,19.267635,1.977721,12369,741,13
54020,0,2,0,3,1,19.265317,1.977454,12369,741,13
54030,1,0,0,2,1,19.262668,1.977180,12369,741,13
54040,5,0,1,7,1,19.260889,1.977014,12369,741,13
54050,2,2,0,5,1,19.259762,1.976896,12369,741,13
54060,0,0,0,0,0,19.257932,1.976703,12369,741,13
54070,3,3,1,8,1,19.254973,1.976412,12369,741,13
54080,11,11,0,23,1,19.253338,1.976234,12369,741,13
54090,11,6,6,24,1,19.254090,1.976339,12370,741,13
54100,16,11,7,35,1,19.257538,1.976654,12377,741,13
54110,12,11,8,32,1,19.261127,1.977039,12397,741,13
54120,11,7,0,19,1,19.262487,1.977157,12397,741,13
54130,3,3,3,10,1,19.262427,1.977194,12397,741,13
54140,8,5,11,25,1,19.260785,1.977004,12397,741,13
54150,18,5,1,25,1,19.261951,1.977088,12399,741,13
54160,7,7,7,22,1,19.263258,1.977190,12402,741,13
54170,16,4,2,23,1,19.264154,1.977239,12403,741,13
54180,18,5,6,30,1,19.266850,1.977506,12418,741,13
54190,16,8,3,28,1,19.269234,1.977752,12420,741,13
54200,19,5,1,26,1,19.270866,1.977955,12435,741,13
54210,15,11,4,31,1,19.273835,1.978224,12445,742,13
54220,8,5,0,14,1,19.274671,1.978338,12445,742,13
54230,3,0,2,6,1,19.273024,1.978193,12445,742,13
54240,11,1,6,19,1,19.271340,1.977980,12445,742,13
54250,2,5,3,11,1,19.270547,1.977945,12445,742,13
54260,7,3,1,12,1,19.268909,1.977783,12445,742,13
54270,11,3,4,19,1,19.268334,1.977665,12445,742,13
54280,9,1,0,11,1,19.267469,1.977630,12445,742,13
54290,18,16,9,44,1,19.269048,1.977727,12455,742,13
54300,19,12,9,41,1,19.272588,1.978088,12472,745,13
54310,17,9,2,29,1,19.275714,1.978485,12486,747,13
54320,18,10,0,29,1,19.277362,1.978705,12488,747,13
54330,13,4,1,19,1,19.277753,1.978709,12494,747,13
54340,2,1,2,6,1,19.276437,1.978643,12494,747,13
54350,0,0,0,0,0,19.273344,1.978431,12494,747,13
54360,9,5,0,15,1,19.270481,1.978188,12494,747,13
54370,20,9,7,37,1,19.271282,1.978230,12498,747,13
54380,20,17,6,44,1,19.275028,1.978602,12506,747,13
54390,13,6,1,21,1,19.277559,1.978855,12511,748,13
54400,0,0,0,1,1,19.276806,1.978836,12511,748,13
54410,0,0,0,1,1,19.273815,1.978545,12511,748,13
54420,7,3,0,11,1,19.272176,1.978360,12511,748,13
54430,13,4,2,20,1,19.271348,1.978228,12511,748,13
54440,3,2,1,7,1,19.270608,1.978116,12511,748,13
54450,8,7,0,16,1,19.268970,1.977916,12511,748,13
54460,4,5,3,13,1,19.266706,1.977715,12511,748,13
54470,5,1,4,11,1,19.266821,1.977710,12511,748,13
54480,5,2,3,11,1,19.264925,1.977513,12511,748,13
54490,8,4,2,15,1,19.263334,1.977333,12511,748,13
54500,10,6,3,20,1,19.264001,1.977369,12511,748,13
54510,20,12,3,36,1,19.265210,1.977454,12512,748,13
54520,12,13,4,30,1,19.267407,1.977688,12516,748,13
54530,16,11,5,33,1,19.270211,1.977993,12527,748,13
54540,14,5,4,24,1,19.271989,1.978199,12532,748,13
54550,10,5,10,26,1,19.272904,1.978201,12532,748,13
54560,4,4,2,11,1,19.272636,1.978164,12532,748,13
54570,0,0,0,0,0,19.269798,1.977871,12532,748,13
54580,20,11,0,32,1,19.270309,1.977888,12536,748,13
54590,20,8,7,36,1,19.273700,1.978230,12546,750,13
54600,20,10,4,35,1,19.276309,1.978518,12549,750,13
54610,17,14,3,35,1,19.278583,1.978749,12552,750,13
54620,14,9,6,30,1,19.282292,1.979146,12566,752,13
54630,19,17,11,48,1,19.285924,1.979469,12578,752,13
54640,20,17,11,49,1,19.291635,1.980097,12602,753,13
54650,18,13,1,33,1,19.295285,1.980492,12607,753,13
54660,8,4,1,14,1,19.295489,1.980537,12607,753,13
54670,2,1,0,4,1,19.292602,1.980306,12607,753,13
54680,13,5,2,21,1,19.292529,1.980270,12607,753,13
54690,14,2,12,29,1,19.294485,1.980472,12611,753,13
54700,9,3,3,16,1,19.296676,1.980714,12617,753,13
54710,8,5,4,18,1,19.295910,1.980636,12617,753,13
54720,20,4,2,27,1,19.295897,1.980611,12617,753,13
54730,19,9,2,31,1,19.298169,1.980842,12621,753,13
54740,16,8,6,31,1,19.300864,1.981142,12628,753,13
54750,19,13,5,38,1,19.303406,1.981412,12634,753,13
54760,18,14,6,39,1,19.307791,1.981927,12654,760,13
54770,16,13,8,38,1,19.310772,1.982249,12657,760,13
54780,20,14,11,46,1,19.313233,1.982448,12662,760,13
54790,16,19,8,44,1,19.317836,1.982970,12681,768,13
54800,12,8,4,25,1,19.320788,1.983308,12687,771,13
54810,6,0,2,9,1,19.319301,1.983191,12687,771,13
54820,9,5,5,20,1,19.318105,1.983062,12687,771,13
54830,14,9,9,33,1,19.318960,1.983140,12687,771,13
54840,7,3,1,12,1,19.320308,1.983306,12689,771,13
54850,5,5,0,11,1,19.319745,1.983242,12689,771,13
54860,9,4,1,15,1,19.319441,1.983201,12689,771,13
54870,7,4,2,14,1,19.316827,1.982957,12689,771,13
54880,3,5,5,14,1,19.315082,1.982805,12689,771,13
54890,7,1,2,11,1,19.312846,1.982596,12689,771,13
54900,2,1,1,5,1,19.310948,1.982377,12689,771,13
54910,19,10,6,36,1,19.311191,1.982314,12689,771,13
54920,19,12,7,39,1,19.314147,1.982641,12696,771,13
54930,9,16,5,31,1,19.317384,1.983046,12710,771,13
54940,16,19,3,39,1,19.321080,1.983438,12710,771,13
54950,14,6,1,22,1,19.323305,1.983719,12711,771,13
54960,13,16,6,36,1,19.326310,1.984033,12718,771,13
54970,15,14,10,40,1,19.330197,1.984434,12722,772,13
54980,15,5,3,24,1,19.332583,1.984684,12736,775,13
54990,15,6,4,26,1,19.332835,1.984671,12736,775,13
55000,20,10,3,34,1,19.334980,1.984863,12741,775,13
55010,17,7,4,29,1,19.338007,1.985153,12758,775,13
55020,7,4,0,12,1,19.339577,1.985323,12768,775,13
55030,3,1,3,8,1,19.337323,1.985056,12768,775,13
55040,8,5,2,16,1,19.336078,1.984907,12768,775,13
55050,0,0,1,2,1,19.334113,1.984729,12768,775,13
55060,1,0,1,3,1,19.331465,1.984459,12768,775,13
55070,2,2,1,6,1,19.328541,1.984179,12768,775,13
55080,0,1,1,3,1,19.326031,1.983890,12768,775,13
55090,6,1,1,9,1,19.324841,1.983732,12768,775,13
55100,1,0,0,2,1,19.322042,1.983509,12768,775,13
55110,0,0,0,1,1,19.319073,1.983228,12768,775,13
55120,9,5,2,17,1,19.318033,1.983115,12768,775,13
55130,2,2,1,6,1,19.315957,1.982933,12768,775,13
55140,4,1,1,7,1,19.313080,1.982669,12768,775,13
55150,0,3,0,4,1,19.310314,1.982409,12768,775,13
55160,0,0,1,2,1,19.307146,1.982125,12768,775,13
55170,0,0,0,1,1,19.305032,1.981917,12768,775,13
55180,0,1,0,2,1,19.302375,1.981653,12768,775,13
55190,4,7,0,12,1,19.299748,1.981359,12768,775,13
55200,16,1,0,18,1,19.298212,1.981166,12768,775,13
55210,5,2,3,11,1,19.297401,1.981081,12768,775,13
55220,11,0,4,16,1,19.297649,1.981101,12768,775,13
55230,17,11,1,30,1,19.296735,1.980964,12768,775,13
55240,16,5,2,24,1,19.298699,1.981134,12769,775,13
55250,17,5,2,25,1,19.300089,1.981271,12769,775,13
55260,9,0,2,12,1,19.299268,1.981199,12769,775,13
55270,2,3,0,6,1,19.298131,1.981099,12769,775,13
55280,4,3,2,10,1,19.295988,1.980902,12769,775,13
55290,7,3,5,16,1,19.293993,1.980717,12769,775,13
55300,11,2,0,14,1,19.293340,1.980648,12769,775,13
55310,0,0,0,0,0,19.291011,1.980451,12769,775,13
55320,0,1,0,2,1,19.288094,1.980138,12769,775,13
55330,2,0,1,4,1,19.285170,1.979876,12769,775,13
55340,4,3,0,8,1,19.282580,1.979652,12769,775,13
55350,2,5,1,9,1,19.281594,1.979534,12769,775,13
55360,6,8,0,15,1,19.281494,1.979503,12769,775,13
55370,14,8,0,23,1,19.281203,1.979468,12769,775,13
55380,19,14,8,42,1,19.283419,1.979686,12774,775,13
55390,18,15,11,45,1,19.286964,1.980014,12783,775,13
55400,20,14,3,38,1,19.290295,1.980417,12801,775,13
55410,12,19,4,36,1,19.294238,1.980856,12815,776,13
55420,19,20,11,51,1,19.298463,1.981262,12821,782,13
55430,19,9,6,35,1,19.301643,1.981630,12835,783,13
55440,16,3,4,24,1,19.303917,1.981839,12836,783,13
55450,12,2,2,17,1,19.304825,1.981908,12836,783,13
55460,16,12,3,32,1,19.306328,1.981976,12836,783,13
55470,14,5,6,26,1,19.307457,1.982057,12836,783,13
55480,19,11,0,31,1,19.308962,1.982176,12840,783,13
55490,8,3,5,17,1,19.310409,1.982330,12842,783,13
55500,8,6,0,15,1,19.308399,1.982143,12842,783,13
55510,2,0,0,3,1,19.306233,1.981967,12842,783,13
55520,6,7,2,16,1,19.304835,1.981828,12842,783,13
55530,20,11,7,39,1,19.307546,1.982038,12849,783,13
55540,16,18,7,42,1,19.312665,1.982598,12860,797,13
55550,10,16,10,37,1,19.315431,1.982895,12868,797,13
55560,6,4,3,14,1,19.316673,1.983009,12874,797,13
55570,0,0,0,1,1,19.314587,1.982767,12874,797,13
55580,11,6,4,22,1,19.313438,1.982655,12874,797,13
55590,17,5,5,28,1,19.315795,1.982898,12876,797,13
55600,18,16,4,39,1,19.318830,1.983182,12879,797,13
55610,20,10,2,33,1,19.321279,1.983420,12887,797,13
55620,13,10,5,29,1,19.322526,1.983575,12891,797,13
55630,20,13,12,46,1,19.324739,1.983738,12892,797,13
55640,17,12,7,37,1,19.328624,1.984175,12904,797,13
55650,19,15,12,47,1,19.331613,1.984480,12905,797,13
55660,18,11,6,36,1,19.334598,1.984813,12914,797,13
55670,18,5,5,29,1,19.336052,1.985030,12925,797,13
55680,4,4,2,11,1,19.335985,1.985017,12925,797,13
55690,9,3,0,13,1,19.333830,1.984797,12925,797,13
55700,0,0,0,1,1,19.331491,1.984577,12925,797,13
55710,2,0,0,3,1,19.328370,1.984291,12925,797,13
55720,11,1,2,15,1,19.326660,1.984121,12925,797,13
55730,6,5,1,13,1,19.324881,1.983932,12925,797,13
55740,0,0,0,1,1,19.322019,1.983662,12925,797,13
55750,0,0,1,2,1,19.318960,1.983404,12925,797,13
55760,0,0,0,0,0,19.316407,1.983158,12925,797,13
55770,11,3,3,18,1,19.314217,1.982876,12925,797,13
55780,9,6,2,18,1,19.314059,1.982876,12925,797,13
55790,16,2,4,23,1,19.315409,1.983012,12927,797,13
55800,13,17,0,31,1,19.317350,1.983169,12927,797,13
55810,17,5,10,33,1,19.320374,1.983540,12928,797,13
55820,11,10,1,23,1,19.323253,1.983844,12930,797,13
55830,20,12,3,36,1,19.325460,1.984014,12935,797,13
55840,19,8,3,31,1,19.327207,1.984228,12945,797,13
55850,14,4,4,23,1,19.328359,1.984391,12952,797,13
55860,10,2,3,16,1,19.327378,1.984292,12952,797,13
55870,1,4,0,6,1,19.326041,1.984185,12952,797,13
55880,20,8,5,34,1,19.325427,1.984087,12952,797,13
55890,19,12,5,37,1,19.328373,1.984398,12970,797,13
55900,11,7,5,24,1,19.329989,1.984609,12973,797,13
55910,7,4,2,14,1,19.329470,1.984587,12973,797,13
55920,16,2,2,21,1,19.328949,1.984520,12973,797,13
55930,19,10,2,32,1,19.330980,1.984705,12977,797,13
55940,20,14,7,42,1,19.333356,1.984932,12983,797,13
55950,13,6,2,22,1,19.336551,1.985320,12992,797,13
55960,1,1,0,3,1,19.334660,1.985181,12992,797,13
55970,0,0,0,1,1,19.331619,1.984896,12992,797,13
55980,15,9,2,27,1,19.330660,1.984701,12992,797,13
55990,10,7,3,21,1,19.331217,1.984770,12992,797,13
56000,0,0,0,1,1,19.329122,1.984622,12992,797,13
56010,3,4,0,8,1,19.326517,1.984349,12992,797,13
56020,5,8,1,15,1,19.324098,1.984117,12992,797,13
56030,3,5,3,12,1,19.325090,1.984147,12993,797,13
56040,0,0,0,0,0,19.323104,1.984003,12993,797,13
56050,19,14,8,42,1,19.322167,1.983897,12993,797,13
56060,18,16,9,44,1,19.326097,1.984302,13013,800,13
56070,15,3,2,21,1,19.328104,1.984575,13023,800,13
56080,20,15,0,36,1,19.329617,1.984699,13027,800,13
56090,20,6,5,32,1,19.331767,1.984943,13034,800,13
56100,7,6,0,14,1,19.332647,1.985049,13035,800,13
56110,13,13,3,30,1,19.332788,1.985011,13035,800,13
56120,17,12,1,31,1,19.335229,1.985270,13039,800,13
56130,20,17,3,41,1,19.338483,1.985595,13044,801,13
56140,20,14,2,37,1,19.340953,1.985868,13044,801,13
56150,14,5,4,24,1,19.343552,1.986176,13049,804,13
56160,15,4,1,21,1,19.344487,1.986245,13056,804,13
56170,8,9,2,20,1,19.344120,1.986194,13056,804,13
56180,1,0,1,3,1,19.342672,1.986097,13056,804,13
56190,0,0,0,0,0,19.340523,1.985907,13056,804,13
56200,0,0,1,2,1,19.338184,1.985654,13056,804,13
56210,10,8,3,22,1,19.336239,1.985459,13056,804,13
56220,13,8,7,29,1,19.337326,1.985550,13059,804,13
56230,16,1,5,23,1,19.339024,1.985712,13065,804,13
56240,20,14,13,48,1,19.341531,1.985873,13072,804,13
56250,20,14,7,42,1,19.346166,1.986383,13096,805,13
56260,13,6,4,24,1,19.348695,1.986615,13104,805,13
56270,18,8,7,34,1,19.350269,1.986774,13108,805,13
56280,6,7,8,22,1,19.352300,1.987013,13115,805,13
56290,0,3,1,5,1,19.351062,1.986916,13115,805,13
56300,1,0,0,2,1,19.349053,1.986748,13115,805,13
56310,4,0,0,5,1,19.346711,1.986523,13115,805,13
56320,1,0,0,2,1,19.344576,1.986294,13115,805,13
56330,6,5,0,12,1,19.343090,1.986147,13115,805,13
56340,4,0,2,7,1,19.341675,1.986028,13115,805,13
56350,0,1,0,2,1,19.339505,1.985811,13115,805,13
56360,3,1,3,8,1,19.336616,1.985570,13115,805,13
56370,0,0,0,1,1,19.334038,1.985342,13115,805,13
56380,1,2,3,7,1,19.332411,1.985202,13115,805,13
56390,9,6,1,17,1,19.330341,1.984980,13115,805,13
56400,19,6,5,31,1,19.331618,1.985058,13117,805,13
56410,9,8,0,18,1,19.332861,1.985195,13120,805,13
56420,4,2,1,8,1,19.332630,1.985176,13120,805,13
56430,2,0,2,5,1,19.329714,1.984932,13120,805,13
56440,4,2,4,11,1,19.326780,1.984661,13120,805,13
56450,2,2,5,10,1,19.324446,1.984405,13120,805,13
56460,11,15,3,30,1,19.322963,1.984210,13120,805,13
56470,18,10,3,32,1,19.324013,1.984302,13127,805,13
56480,20,9,10,40,1,19.326577,1.984469,13133,805,13
56490,18,17,3,39,1,19.330973,1.984918,13145,805,13
56500,16,6,3,26,1,19.333059,1.985155,13145,805,13
56510,0,1,0,2,1,19.332752,1.985190,13145,805,13
56520,11,0,0,12,1,19.330627,1.984988,13145,805,13
56530,14,4,3,22,1,19.330809,1.984975,13145,805,13
56540,17,8,6,32,1,19.330924,1.984967,13145,805,13
56550,9,1,5,16,1,19.331404,1.985021,13145,805,13
56560,5,0,1,7,1,19.330176,1.984868,13145,805,13
56570,4,7,2,14,1,19.327746,1.984656,13145,805,13
56580,8,1,5,15,1,19.326260,1.984458,13145,805,13
56590,12,7,1,21,1,19.325718,1.984371,13145,805,13
56600,14,9,5,29,1,19.326169,1.984408,13145,805,13
56610,11,7,4,23,1,19.328392,1.984645,13150,805,13
56620,16,6,9,32,1,19.329459,1.984723,13150,805,13
56630,20,15,6,42,1,19.331399,1.984909,13156,805,13
56640,15,7,3,26,1,19.334091,1.985227,13168,805,13
56650,19,13,2,35,1,19.336717,1.985498,13185,806,13
56660,16,5,3,25,1,19.339988,1.985860,13195,806,13
56670,10,10,5,26,1,19.341420,1.986009,13203,806,13
56680,2,0,0,3,1,19.340060,1.985917,13203,806,13
56690,1,1,1,4,1,19.337339,1.985657,13203,806,13
56700,1,2,1,5,1,19.334813,1.985410,13203,806,13
56710,0,1,0,2,1,19.333370,1.985249,13203,806,13
56720,0,0,0,0,0,19.330369,1.984971,13203,806,13
56730,0,2,0,3,1,19.327802,1.984705,13203,806,13
56740,0,0,0,1,1,19.325489,1.984483,13203,806,13
56750,4,6,3,14,1,19.323605,1.984270,13203,806,13
56760,20,2,7,30,1,19.323565,1.984231,13204,806,13
56770,15,12,7,35,1,19.325930,1.984436,13206,806,13
56780,18,13,5,37,1,19.328540,1.984702,13213,806,13
56790,19,17,2,39,1,19.331412,1.984980,13223,806,13
56800,13,6,4,24,1,19.333763,1.985233,13232,806,13
56810,19,8,1,29,1,19.335505,1.985425,13239,806,13
56820,12,7,7,27,1,19.336928,1.985547,13239,806,13
56830,15,6,3,25,1,19.338070,1.985666,13239,806,13
56840,12,3,2,18,1,19.338855,1.985733,13239,806,13
56850,8,0,0,9,1,19.336971,1.985563,13239,806,13
56860,6,0,1,8,1,19.334833,1.985316,13239,806,13
56870,10,2,2,15,1,19.334134,1.985210,13239,806,13
56880,4,1,0,6,1,19.331980,1.985036,13239,806,13
56890,0,0,0,1,1,19.329074,1.984768,13239,806,13
56900,0,0,0,1,1,19.326340,1.984514,13239,806,13
56910,8,9,2,20,1,19.324028,1.984246,13239,806,13
56920,4,2,2,9,1,19.323922,1.984265,13239,806,13
56930,11,3,8,23,1,19.322463,1.984084,13239,806,13
56940,11,7,4,23,1,19.323480,1.984179,13239,806,13
56950,7,0,0,8,1,19.321784,1.984017,13239,806,13
56960,4,4,1,10,1,19.319919,1.983863,13239,806,13
56970,20,3,1,25,1,19.320002,1.983862,13241,806,13
56980,10,13,3,27,1,19.321237,1.983990,13245,806,13
56990,12,8,4,25,1,19.322968,1.984126,13250,806,13
57000,5,1,0,7,1,19.323338,1.984166,13255,806,13
57010,6,7,0,14,1,19.321389,1.983906,13255,806,13
57020,11,3,0,15,1,19.320706,1.983859,13255,806,13
57030,10,3,2,16,1,19.318942,1.983629,13255,806,13
57040,11,3,0,15,1,19.319220,1.983648,13255,806,13
57050,16,6,7,30,1,19.319297,1.983622,13255,806,13
57060,18,6,5,30,1,19.321708,1.983871,13262,806,13
57070,16,8,2,27,1,19.322638,1.983975,13262,806,13
57080,2,7,4,14,1,19.322207,1.983946,13262,806,13
57090,20,13,3,37,1,19.322958,1.983961,13262,806,13
57100,16,14,2,33,1,19.325735,1.984272,13273,806,13
57110,17,2,0,20,1,19.327411,1.984456,13282,806,13
57120,11,4,0,16,1,19.328001,1.984522,13282,806,13
57130,11,2,7,21,1,19.327154,1.984419,13282,806,13
57140,11,4,3,19,1,19.326417,1.984319,13282,806,13
57150,20,8,8,37,1,19.328619,1.984518,13289,806,13
57160,14,12,1,28,1,19.330512,1.984725,13292,806,13
57170,0,1,0,2,1,19.329560,1.984682,13292,806,13
57180,3,0,0,4,1,19.327888,1.984480,13292,806,13
57190,1,0,0,2,1,19.325840,1.984271,13292,806,13
57200,7,5,0,13,1,19.324689,1.984101,13292,806,13
57210,7,2,0,10,1,19.323601,1.983962,13292,806,13
57220,7,2,9,19,1,19.322450,1.983799,13292,806,13
57230,13,8,4,26,1,19.323392,1.983900,13296,806,13
57240,9,1,3,14,1,19.323434,1.983938,13296,806,13
57250,18,13,0,32,1,19.324824,1.984033,13300,806,13
57260,16,10,4,31,1,19.326885,1.984274,13305,806,13
57270,15,17,0,33,1,19.329654,1.984578,13312,806,13
57280,14,7,0,22,1,19.331712,1.984776,13313,806,13
57290,18,6,0,25,1,19.332723,1.984863,13313,806,13
57300,3,5,3,12,1,19.332039,1.984866,13313,806,13
57310,7,3,4,15,1,19.330550,1.984718,13313,806,13
57320,6,5,4,16,1,19.329861,1.984592,13313,806,13
57330,5,7,0,13,1,19.327481,1.984399,13313,806,13
57340,0,3,3,7,1,19.326479,1.984311,13313,806,13
57350,1,0,3,5,1,19.324201,1.984086,13313,806,13
57360,4,2,4,11,1,19.322633,1.983891,13313,806,13
57370,0,0,0,1,1,19.320596,1.983719,13313,806,13
57380,0,2,0,3,1,19.317959,1.983460,13313,806,13
57390,14,3,4,22,1,19.315971,1.983250,13313,806,13
57400,15,3,4,23,1,19.315518,1.983223,13313,806,13
57410,13,9,7,30,1,19.317019,1.983382,13316,806,13
57420,9,2,0,12,1,19.316280,1.983300,13316,806,13
57430,0,1,0,2,1,19.314576,1.983098,13316,806,13
57440,0,0,0,0,0,19.311675,1.982851,13316,806,13
57450,3,6,1,11,1,19.310414,1.982674,13316,806,13
57460,18,6,0,25,1,19.310276,1.982668,13316,806,13
57470,7,9,3,20,1,19.310276,1.982680,13316,806,13
57480,8,2,4,15,1,19.309957,1.982659,13316,806,13
57490,18,8,3,30,1,19.310282,1.982662,13316,806,13
57500,0,14,1,16,1,19.311390,1.982777,13323,806,13
57510,7,1,1,10,1,19.311035,1.982749,13323,806,13
57520,12,5,5,23,1,19.309776,1.982579,13323,806,13
57530,7,3,4,15,1,19.309336,1.982606,13323,806,13
57540,13,8,0,22,1,19.309788,1.982597,13323,806,13
57550,16,6,5,28,1,19.311181,1.982745,13325,806,13
57560,19,19,8,47,1,19.313590,1.982973,13328,806,13
57570,20,6,5,32,1,19.317110,1.983353,13346,807,13
57580,2,0,1,4,1,19.316008,1.983234,13346,807,13
57590,2,0,1,4,1,19.314571,1.983092,13346,807,13
57600,3,4,1,9,1,19.311811,1.982792,13346,807,13
57610,3,3,0,7,1,19.309638,1.982553,13346,807,13
57620,1,3,0,5,1,19.307367,1.982339,13346,807,13
57630,0,0,0,1,1,19.304841,1.982120,13346,807,13
57640,12,1,4,18,1,19.303009,1.981898,13346,807,13
57650,16,18,4,39,1,19.304891,1.982064,13349,807,13
57660,19,20,13,53,1,19.309330,1.982528,13366,816,13
57670,15,11,5,32,1,19.313286,1.982964,13373,816,13
57680,4,2,0,7,1,19.313096,1.983020,13373,816,13
57690,13,3,1,18,1,19.312666,1.982977,13373,816,13
57700,9,11,0,21,1,19.312613,1.982952,13373,816,13
57710,3,8,4,16,1,19.312780,1.982971,13373,816,13
57720,5,3,1,10,1,19.312344,1.982920,13373,816,13
57730,6,0,2,9,1,19.311531,1.982856,13373,816,13
57740,0,0,0,0,0,19.309188,1.982592,13373,816,13
57750,2,0,0,3,1,19.306517,1.982305,13373,816,13
57760,0,0,0,1,1,19.304669,1.982095,13373,816,13
57770,4,1,8,14,1,19.302856,1.981886,13373,816,13
57780,17,8,6,32,1,19.302639,1.981788,13376,816,13
57790,11,6,2,20,1,19.304272,1.981967,13382,816,13
57800,17,15,0,33,1,19.306054,1.982116,13391,816,13
57810,10,3,3,17,1,19.306243,1.982141,13391,816,13
57820,10,7,2,20,1,19.305474,1.982032,13391,816,13
57830,7,5,2,15,1,19.305235,1.982005,13391,816,13
57840,19,5,4,29,1,19.306466,1.982069,13395,816,13
57850,14,5,4,24,1,19.308579,1.982330,13400,816,13
57860,19,7,5,32,1,19.309968,1.982474,13404,816,13
57870,19,6,5,31,1,19.311007,1.982568,13404,816,13
57880,0,0,1,2,1,19.310280,1.982551,13405,816,13
57890,0,2,0,3,1,19.307542,1.982303,13405,816,13
57900,16,5,6,28,1,19.305600,1.982070,13405,816,13
57910,20,10,6,37,1,19.308254,1.982393,13425,816,13
57920,9,3,4,17,1,19.309832,1.982563,13426,816,13
57930,6,7,3,17,1,19.309716,1.982592,13426,816,13
57940,17,8,1,27,1,19.310469,1.982639,13431,816,13
57950,10,6,5,22,1,19.311608,1.982736,13432,816,13
57960,8,4,3,16,1,19.311795,1.982770,13432,816,13
57970,17,3,2,23,1,19.311828,1.982730,13432,816,13
57980,19,10,4,34,1,19.313715,1.982928,13433,816,13
57990,18,20,8,47,1,19.317649,1.983302,13452,822,13
58000,17,9,10,37,1,19.321550,1.983757,13463,827,13
58010,13,7,4,25,1,19.322653,1.983941,13473,827,13
58020,0,1,1,3,1,19.322872,1.983976,13473,827,13
58030,1,0,0,2,1,19.320576,1.983731,13473,827,13
58040,6,0,4,11,1,19.318928,1.983532,13473,827,13
58050,0,0,0,0,0,19.316089,1.983231,13473,827,13
58060,6,1,2,10,1,19.313813,1.982946,13473,827,13
58070,15,3,4,23,1,19.313493,1.982852,13473,827,13
58080,20,8,5,34,1,19.315247,1.983037,13479,827,13
58090,17,10,5,33,1,19.316887,1.983245,13484,827,13
58100,19,14,7,41,1,19.320554,1.983630,13509,828,13
58110,19,10,4,34,1,19.323035,1.983893,13516,828,13
58120,17,2,6,26,1,19.324244,1.984053,13519,828,13
58130,0,0,0,0,0,19.323008,1.983981,13520,828,13
58140,2,1,0,4,1,19.321313,1.983832,13520,828,13
58150,3,3,1,8,1,19.318514,1.983578,13520,828,13
58160,0,0,0,1,1,19.315880,1.983330,13520,828,13
58170,3,4,0,8,1,19.314359,1.983168,13520,828,13
58180,6,9,1,17,1,19.314582,1.983196,13520,828,13
58190,11,13,2,27,1,19.314755,1.983239,13520,828,13
58200,2,6,1,10,1,19.315370,1.983346,13521,828,13
58210,0,0,0,0,0,19.312938,1.983133,13521,828,13
58220,15,4,1,21,1,19.311491,1.982936,13521,828,13
58230,16,16,2,35,1,19.314035,1.983181,13535,828,13
58240,13,10,6,30,1,19.317353,1.983562,13542,828,13
58250,12,7,6,26,1,19.317919,1.983590,13542,828,13
58260,0,0,2,3,1,19.316091,1.983463,13542,828,13
58270,5,6,4,16,1,19.314937,1.983328,13542,828,13
58280,9,0,1,11,1,19.314099,1.983261,13542,828,13
58290,20,4,1,26,1,19.314112,1.983239,13548,828,13
58300,13,9,10,33,1,19.316221,1.983436,13559,828,13
58310,15,7,3,26,1,19.318328,1.983651,13564,828,13
58320,15,2,2,20,1,19.319699,1.983807,13569,828,13
58330,12,7,1,21,1,19.321699,1.984041,13570,828,13
58340,5,2,0,8,1,19.321697,1.984084,13570,828,13
58350,0,0,0,1,1,19.319160,1.983874,13570,828,13
58360,10,10,2,23,1,19.317826,1.983721,13570,828,13
58370,15,6,5,27,1,19.319256,1.983859,13571,828,13
58380,3,1,0,5,1,19.318066,1.983717,13571,828,13
58390,8,0,0,9,1,19.316389,1.983560,13571,828,13
58400,10,2,2,15,1,19.313988,1.983308,13571,828,13
58410,13,4,8,26,1,19.313279,1.983229,13571,828,13
58420,13,12,6,32,1,19.315196,1.983407,13573,828,13
58430,18,13,10,42,1,19.318443,1.983759,13586,828,13
58440,20,17,14,52,1,19.322477,1.984181,13606,828,13
58450,18,16,2,37,1,19.326039,1.984601,13618,832,13
58460,18,7,6,32,1,19.328141,1.984842,13632,832,13
58470,16,13,8,38,1,19.330478,1.985101,13642,832,13
58480,20,4,4,29,1,19.333650,1.985358,13653,837,13
58490,10,5,2,18,1,19.334277,1.985410,13654,837,13
58500,11,8,1,21,1,19.335090,1.985439,13654,837,13
58510,15,6,1,23,1,19.335998,1.985485,13654,837,13
58520,11,0,5,17,1,19.335650,1.985433,13654,837,13
58530,12,5,5,23,1,19.335503,1.985423,13654,837,13
58540,17,5,3,26,1,19.337907,1.985664,13661,837,13
58550,16,10,1,28,1,19.339215,1.985824,13663,837,13
58560,19,6,1,27,1,19.341714,1.986089,13668,837,13
58570,20,9,8,38,1,19.344494,1.986359,13677,837,13
58580,20,7,5,33,1,19.347369,1.986631,13686,837,13
58590,14,7,5,27,1,19.348634,1.986793,13688,837,13
58600,8,9,4,22,1,19.351018,1.987029,13698,837,13
58610,3,0,1,5,1,19.349464,1.986951,13698,837,13
58620,0,0,0,0,0,19.346458,1.986650,13698,837,13
58630,3,1,0,5,1,19.343625,1.986354,13698,837,13
58640,11,6,2,20,1,19.342264,1.986170,13698,837,13
58650,3,4,3,11,1,19.340236,1.986012,13698,837,13
58660,2,0,0,3,1,19.337472,1.985764,13698,837,13
58670,5,0,1,7,1,19.335086,1.985531,13698,837,13
58680,1,2,0,4,1,19.333041,1.985291,13698,837,13
58690,2,3,4,10,1,19.330531,1.985049,13698,837,13
58700,2,1,0,4,1,19.329183,1.984918,13698,837,13
58710,0,0,0,1,1,19.326617,1.984660,13698,837,13
58720,7,2,1,11,1,19.324844,1.984437,13698,837,13
58730,0,0,1,2,1,19.322637,1.984240,13698,837,13
58740,8,6,2,17,1,19.322128,1.984189,13698,837,13
58750,1,2,0,4,1,19.320425,1.983994,13698,837,13
58760,4,3,1,9,1,19.318300,1.983733,13698,837,13
58770,6,1,0,8,1,19.316200,1.983480,13698,837,13
58780,0,0,0,1,1,19.313647,1.983233,13698,837,13
58790,1,0,0,2,1,19.310940,1.982943,13698,837,13
58800,0,1,0,2,1,19.308148,1.982713,13698,837,13
58810,1,1,1,4,1,19.305847,1.982471,13698,837,13
58820,6,4,0,11,1,19.303288,1.982216,13698,837,13
58830,0,0,0,0,0,19.300858,1.982010,13698,837,13
58840,0,1,0,2,1,19.298282,1.981746,13698,837,13
58850,1,0,0,2,1,19.296174,1.981559,13698,837,13
58860,8,3,4,16,1,19.294857,1.981439,13698,837,13
58870,10,4,2,17,1,19.294677,1.981411,13698,837,13
58880,0,0,0,1,1,19.293568,1.981354,13698,837,13
58890,13,2,7,23,1,19.292045,1.981140,13698,837,13
58900,12,2,2,17,1,19.292581,1.981169,13698,837,13
58910,18,8,7,34,1,19.292757,1.981136,13698,837,13
58920,2,10,4,17,1,19.293910,1.981266,13705,837,13
58930,17,6,3,27,1,19.294949,1.981343,13706,837,13
58940,16,5,4,26,1,19.296646,1.981505,13707,837,13
58950,0,0,0,1,1,19.294394,1.981313,13707,837,13
58960,2,0,1,4,1,19.291711,1.981032,13707,837,13
58970,0,0,0,1,1,19.289105,1.980769,13707,837,13
58980,4,2,1,8,1,19.287278,1.980528,13707,837,13
58990,2,2,0,5,1,19.284834,1.980292,13707,837,13
59000,1,0,0,2,1,19.281923,1.980046,13707,837,13
59010,0,3,1,5,1,19.279209,1.979782,13707,837,13
59020,13,5,3,22,1,19.278777,1.979701,13707,837,13
59030,2,4,0,7,1,19.279445,1.979751,13709,837,13
59040,3,5,2,11,1,19.277015,1.979471,13709,837,13
59050,16,7,1,25,1,19.276268,1.979403,13709,837,13
59060,3,3,2,9,1,19.274604,1.979244,13709,837,13
59070,5,2,1,9,1,19.272985,1.979086,13709,837,13
59080,15,12,2,30,1,19.272995,1.979033,13709,837,13
59090,15,12,0,28,1,19.274029,1.979151,13709,837,13
59100,18,8,1,28,1,19.275324,1.979282,13710,837,13
59110,19,11,5,36,1,19.276480,1.979378,13710,837,13
59120,20,7,8,36,1,19.279878,1.979735,13718,838,13
59130,20,6,3,30,1,19.281971,1.979968,13728,838,13
59140,17,13,4,35,1,19.283721,1.980153,13732,838,13
59150,20,8,9,38,1,19.286236,1.980385,13744,838,13
59160,18,15,8,42,1,19.290680,1.980891,13769,846,13
59170,19,19,14,53,1,19.295224,1.981379,13795,849,13
59180,7,2,2,12,1,19.297261,1.981662,13799,853,13
59190,1,0,0,2,1,19.294599,1.981469,13799,853,13
59200,0,0,0,1,1,19.291726,1.981209,13799,853,13
59210,3,1,0,5,1,19.289502,1.980938,13799,853,13
59220,1,0,0,2,1,19.287177,1.980707,13799,853,13
59230,16,7,3,27,1,19.285321,1.980480,13799,853,13
59240,14,16,4,35,1,19.287660,1.980742,13804,853,13
59250,18,7,8,34,1,19.289500,1.980919,13804,853,13
59260,15,2,2,20,1,19.291307,1.981116,13814,853,13
59270,18,11,9,39,1,19.293539,1.981274,13814,853,13
59280,11,7,3,22,1,19.295133,1.981511,13817,855,13
59290,6,5,0,12,1,19.294633,1.981489,13817,855,13
59300,18,3,7,29,1,19.296289,1.981626,13836,855,13
59310,14,7,1,23,1,19.297605,1.981745,13839,855,13
59320,15,12,6,34,1,19.299702,1.981896,13842,856,13
59330,15,10,2,28,1,19.300538,1.981994,13842,856,13
59340,13,1,3,18,1,19.301301,1.982049,13845,856,13
59350,8,0,2,11,1,19.300067,1.981910,13845,856,13
59360,5,1,1,8,1,19.299042,1.981827,13845,856,13
59370,5,3,2,11,1,19.297586,1.981682,13845,856,13
59380,1,1,3,6,1,19.295389,1.981451,13845,856,13
59390,0,0,0,0,0,19.292776,1.981215,13845,856,13
59400,11,10,2,24,1,19.292233,1.981154,13845,856,13
59410,19,4,1,25,1,19.292499,1.981192,13846,856,13
59420,5,0,4,10,1,19.291890,1.981176,13846,856,13
59430,12,3,3,19,1,19.291383,1.981094,13846,856,13
59440,0,0,0,1,1,19.288792,1.980874,13846,856,13
59450,0,0,0,0,0,19.286134,1.980640,13846,856,13
59460,5,1,0,7,1,19.283778,1.980416,13846,856,13
59470,13,3,3,20,1,19.283956,1.980384,13846,856,13
59480,12,14,2,29,1,19.285362,1.980520,13847,856,13
59490,18,11,8,38,1,19.287669,1.980738,13854,856,13
59500,15,10,1,27,1,19.290497,1.981050,13868,856,13
59510,6,5,4,16,1,19.289782,1.980940,13868,856,13
59520,3,3,0,7,1,19.288370,1.980813,13868,856,13
59530,7,3,0,11,1,19.286541,1.980559,13868,856,13
59540,17,4,2,24,1,19.287237,1.980583,13871,856,13
59550,13,6,1,21,1,19.288766,1.980714,13874,856,13
59560,14,10,0,25,1,19.289597,1.980805,13878,856,13
59570,8,4,5,18,1,19.290193,1.980870,13878,856,13
59580,10,3,0,14,1,19.290936,1.980914,13878,856,13
59590,12,7,4,24,1,19.291204,1.980878,13878,856,13
59600,0,0,1,2,1,19.290678,1.980815,13878,856,13
59610,3,2,2,8,1,19.288884,1.980601,13878,856,13
59620,0,2,1,4,1,19.286986,1.980432,13878,856,13
59630,0,0,1,2,1,19.284207,1.980189,13878,856,13
59640,5,2,2,10,1,19.282020,1.979986,13878,856,13
59650,20,16,2,39,1,19.283167,1.980095,13886,856,13
59660,15,11,7,34,1,19.286732,1.980462,13902,857,13
59670,12,17,6,36,1,19.290331,1.980836,13908,859,13
59680,20,8,3,32,1,19.293621,1.981203,13918,859,13
59690,19,2,1,23,1,19.294301,1.981308,13918,859,13
59700,19,11,5,36,1,19.296128,1.981504,13918,859,13
59710,17,14,6,38,1,19.299516,1.981846,13922,860,13
59720,12,6,1,20,1,19.301576,1.982086,13928,860,13
59730,20,15,0,36,1,19.302250,1.982106,13928,860,13
59740,18,11,7,37,1,19.305071,1.982403,13933,861,13
59750,17,11,2,31,1,19.307403,1.982685,13938,861,13
59760,20,12,2,35,1,19.310041,1.982984,13949,861,13
59770,14,6,6,27,1,19.311074,1.983109,13952,861,13
59780,17,6,8,32,1,19.312781,1.983238,13952,861,13
59790,13,8,2,24,1,19.313570,1.983323,13952,861,13
59800,7,10,4,22,1,19.314199,1.983406,13952,861,13
59810,11,2,0,14,1,19.313494,1.983332,13952,861,13
59820,18,10,6,35,1,19.313496,1.983303,13953,861,13
59830,19,2,4,26,1,19.315755,1.983533,13964,861,13
59840,5,7,2,15,1,19.316874,1.983676,13970,861,13
59850,12,1,0,14,1,19.316161,1.983631,13970,861,13
59860,6,5,2,14,1,19.315174,1.983484,13970,861,13
59870,5,2,2,10,1,19.315428,1.983501,13970,861,13
59880,14,8,1,24,1,19.316751,1.983614,13976,861,13
59890,11,0,3,15,1,19.316442,1.983580,13976,861,13
59900,20,1,6,28,1,19.316720,1.983573,13976,861,13
59910,0,0,0,1,1,19.314843,1.983402,13981,861,13
59920,4,6,0,11,1,19.312878,1.983154,13981,861,13
59930,7,5,1,14,1,19.311439,1.983000,13981,861,13
59940,15,4,8,28,1,19.312545,1.983132,13982,861,13
59950,20,12,4,37,1,19.313615,1.983230,13982,861,13
59960,20,18,4,43,1,19.317364,1.983623,13993,861,13
59970,18,13,6,38,1,19.321305,1.984053,14009,864,13
59980,18,10,5,34,1,19.323633,1.984300,14013,864,13
59990,0,0,0,1,1,19.323120,1.984333,14013,864,13
60000,2,3,0,6,1,19.320463,1.984062,14013,864,13
60010,1,4,2,8,1,19.318594,1.983844,14013,864,13
60020,14,2,0,17,1,19.317258,1.983654,14013,864,13
60030,10,3,0,14,1,19.317035,1.983663,14013,864,13
60040,10,1,3,15,1,19.318066,1.983783,14018,864,13
60050,1,3,0,5,1,19.315662,1.983501,14018,864,13
60060,4,1,1,7,1,19.314027,1.983331,14018,864,13
60070,3,1,1,6,1,19.311551,1.983108,14018,864,13
60080,8,6,1,16,1,19.309770,1.982882,14018,864,13
60090,11,1,5,18,1,19.309431,1.982846,14018,864,13
60100,12,11,5,29,1,19.310612,1.982951,14018,864,13
60110,9,4,0,14,1,19.311333,1.983020,14018,864,13
60120,0,0,0,0,0,19.309780,1.982868,14018,864,13
60130,0,0,0,1,1,19.307497,1.982666,14018,864,13
60140,16,5,3,25,1,19.306557,1.982540,14018,864,13
60150,13,8,2,24,1,19.307053,1.982562,14018,864,13
60160,20,12,3,36,1,19.308279,1.982682,14018,864,13
60170,20,10,4,35,1,19.310821,1.982955,14026,864,13
60180,19,16,9,45,1,19.314078,1.983253,14033,866,13
60190,13,5,3,22,1,19.316603,1.983575,14042,867,13
60200,7,1,0,9,1,19.316236,1.983562,14042,867,13
60210,3,3,3,10,1,19.314498,1.983419,14042,867,13
60220,20,9,1,31,1,19.314011,1.983360,14043,867,13
60230,7,8,8,24,1,19.315251,1.983427,14043,867,13
60240,18,16,4,39,1,19.317934,1.983667,14057,867,13
60250,7,6,0,14,1,19.319102,1.983869,14059,867,13
60260,7,5,2,15,1,19.319475,1.983882,14059,867,13
60270,11,0,2,14,1,19.318814,1.983842,14059,867,13
60280,4,7,3,15,1,19.317591,1.983711,14059,867,13
60290,9,11,5,26,1,19.317461,1.983676,14059,867,13
60300,6,2,2,11,1,19.318092,1.983759,14059,867,13
60310,2,4,0,7,1,19.316005,1.983546,14059,867,13
60320,0,0,0,1,1,19.313952,1.983333,14059,867,13
60330,9,8,2,20,1,19.311698,1.983089,14059,867,13
60340,14,12,3,30,1,19.312281,1.983147,14059,867,13
60350,20,11,6,38,1,19.313543,1.983227,14059,867,13
60360,20,16,8,45,1,19.316188,1.983513,14068,867,13
60370,18,16,2,37,1,19.319792,1.983949,14080,867,13
60380,18,11,2,32,1,19.321803,1.984160,14083,867,13
60390,19,15,4,39,1,19.324522,1.984380,14086,867,13
60400,16,7,2,26,1,19.326461,1.984624,14088,867,13
60410,10,6,1,18,1,19.326523,1.984655,14088,867,13
60420,11,6,4,22,1,19.327012,1.984704,14088,867,13
60430,13,7,2,23,1,19.327465,1.984748,14090,867,13
60440,6,0,0,7,1,19.327692,1.984746,14090,867,13
60450,1,5,1,8,1,19.324906,1.984454,14090,867,13
60460,17,13,3,34,1,19.324971,1.984368,14090,867,13
60470,18,6,0,25,1,19.326816,1.984592,14092,867,13
60480,7,7,1,16,1,19.327184,1.984598,14092,867,13
60490,10,13,0,24,1,19.327127,1.984603,14092,867,13
60500,20,12,4,37,1,19.328135,1.984651,14095,867,13
60510,13,3,4,21,1,19.330048,1.984882,14101,867,13
60520,18,6,3,28,1,19.329858,1.984827,14101,867,13
60530,19,5,3,28,1,19.330778,1.984936,14102,867,13
60540,16,10,4,31,1,19.332513,1.985119,14115,867,13
60550,0,0,0,1,1,19.331554,1.985089,14115,867,13
60560,14,6,4,25,1,19.330497,1.984888,14115,867,13
60570,20,9,4,34,1,19.331760,1.985008,14120,867,13
60580,12,9,3,25,1,19.332962,1.985143,14120,867,13
60590,17,5,1,24,1,19.333660,1.985216,14120,867,13
60600,18,7,12,38,1,19.335548,1.985358,14129,867,13
60610,15,14,4,34,1,19.338280,1.985656,14132,868,13
60620,11,15,7,34,1,19.341803,1.986026,14152,869,13
60630,9,10,0,20,1,19.342264,1.986081,14152,869,13
60640,2,0,0,3,1,19.340863,1.985946,14152,869,13
60650,4,2,1,8,1,19.338652,1.985686,14152,869,13
60660,0,0,0,0,0,19.335985,1.985447,14152,869,13
60670,9,3,0,13,1,19.333696,1.985220,14152,869,13
60680,8,8,2,19,1,19.334773,1.985356,14152,869,13
60690,16,16,5,38,1,19.335994,1.985415,14164,869,13
60700,20,11,5,37,1,19.339490,1.985819,14176,869,13
60710,14,10,4,29,1,19.341583,1.986109,14189,869,13
60720,11,8,5,25,1,19.342156,1.986173,14193,869,13
60730,14,5,5,25,1,19.342771,1.986274,14193,869,13
60740,17,12,7,37,1,19.344491,1.986412,14199,869,13
60750,13,10,3,27,1,19.347328,1.986755,14204,869,13
60760,3,2,3,9,1,19.345935,1.986653,14204,869,13
60770,14,12,2,29,1,19.346344,1.986619,14204,869,13
60780,17,6,0,24,1,19.348390,1.986861,14210,869,13
60790,16,9,7,33,1,19.349972,1.987001,14210,869,13
60800,18,11,9,39,1,19.352870,1.987293,14221,869,13
60810,17,11,6,35,1,19.355595,1.987601,14227,869,13
60820,6,0,1,8,1,19.355630,1.987616,14227,869,13
60830,17,10,5,33,1,19.356746,1.987685,14231,869,13
60840,20,16,7,44,1,19.359497,1.987925,14240,874,13
60850,12,8,12,33,1,19.363186,1.988325,14247,877,13
60860,19,9,3,32,1,19.365359,1.988587,14255,877,13
60870,18,8,3,30,1,19.366909,1.988777,14258,877,13
60880,5,8,4,18,1,19.367421,1.988831,14262,877,13
60890,11,12,5,29,1,19.367005,1.988733,14262,877,13
60900,9,8,5,23,1,19.368303,1.988854,14262,877,13
60910,11,6,0,18,1,19.369384,1.988983,14262,877,13
60920,19,2,1,23,1,19.368811,1.988882,14262,877,13
60930,2,3,1,7,1,19.368883,1.988907,14264,877,13
60940,4,1,1,7,1,19.366292,1.988686,14264,877,13
60950,0,0,0,0,0,19.364044,1.988457,14264,877,13
60960,0,0,0,0,0,19.361767,1.988227,14264,877,13
60970,7,6,7,21,1,19.360841,1.988097,14264,877,13
60980,0,3,1,5,1,19.359301,1.987973,14264,877,13
60990,19,5,5,30,1,19.358806,1.987917,14264,877,13
61000,12,9,2,24,1,19.359318,1.987961,14265,877,13
61010,17,1,7,26,1,19.360713,1.988122,14272,877,13
61020,16,3,5,25,1,19.362115,1.988244,14275,877,13
61030,16,12,5,34,1,19.364261,1.988466,14285,877,13
61040,16,17,7,41,1,19.366323,1.988699,14288,878,13
61050,15,6,0,22,1,19.368420,1.988952,14293,878,13
61060,4,10,1,16,1,19.368260,1.988964,14293,878,13
61070,12,2,0,15,1,19.367657,1.988893,14293,878,13
61080,12,6,2,21,1,19.367903,1.988913,14293,878,13
61090,14,8,0,23,1,19.368524,1.988958,14293,878,13
61100,14,6,3,24,1,19.368813,1.988975,14293,878,13
61110,0,0,0,1,1,19.367432,1.988858,14293,878,13
61120,6,2,3,12,1,19.365970,1.988693,14293,878,13
61130,6,1,0,8,1,19.365314,1.988630,14293,878,13
61140,8,7,1,17,1,19.363521,1.988367,14293,878,13
61150,8,4,2,15,1,19.363429,1.988362,14293,878,13
61160,8,12,3,24,1,19.362638,1.988299,14293,878,13
61170,13,6,8,28,1,19.364138,1.988431,14295,878,13
61180,3,7,4,15,1,19.363685,1.988376,14295,878,13
61190,9,9,3,22,1,19.364305,1.988427,14295,878,13
61200,19,12,9,41,1,19.366299,1.988633,14305,878,13
61210,20,13,9,43,1,19.369151,1.988871,14307,878,13
61220,19,4,6,30,1,19.372062,1.989198,14319,879,13
61230,18,19,8,46,1,19.375519,1.989561,14337,879,13
61240,16,15,5,37,1,19.379361,1.990006,14348,881,13
61250,20,6,0,27,1,19.381676,1.990262,14357,882,13
61260,20,12,2,35,1,19.383461,1.990427,14371,882,13
61270,20,6,3,30,1,19.386089,1.990718,14381,882,13
61280,20,15,1,37,1,19.388689,1.990973,14398,882,13
61290,13,4,2,20,1,19.389432,1.991097,14400,882,13
61300,11,5,2,19,1,19.389586,1.991134,14400,882,13
61310,9,3,0,13,1,19.388375,1.991028,14400,882,13
61320,4,1,0,6,1,19.386235,1.990799,14400,882,13
61330,10,6,0,17,1,19.385316,1.990613,14400,882,13
61340,7,4,3,15,1,19.384540,1.990554,14400,882,13
61350,6,10,6,23,1,19.384008,1.990454,14400,882,13
61360,8,8,2,19,1,19.383757,1.990423,14400,882,13
61370,9,3,4,17,1,19.384229,1.990466,14400,882,13
61380,8,7,1,17,1,19.384008,1.990448,14400,882,13
61390,15,10,2,28,1,19.384756,1.990480,14400,882,13
61400,16,7,5,29,1,19.385229,1.990520,14400,882,13
61410,11,7,1,20,1,19.386025,1.990596,14400,882,13
61420,11,2,5,19,1,19.386752,1.990678,14400,882,13
61430,14,6,3,24,1,19.387148,1.990730,14400,882,13
61440,13,8,3,25,1,19.387983,1.990831,14403,882,13
61450,7,1,2,11,1,19.388172,1.990868,14403,882,13
61460,18,3,4,26,1,19.388067,1.990859,14403,882,13
61470,16,12,4,33,1,19.388929,1.990919,14403,882,13
61480,16,12,5,34,1,19.390453,1.991060,14404,882,13
61490,14,4,7,26,1,19.392523,1.991260,14404,882,13
61500,17,9,3,30,1,19.394353,1.991436,14404,882,13
61510,15,7,5,28,1,19.395112,1.991519,14404,882,13
61520,10,4,2,17,1,19.396811,1.991698,14405,882,13
61530,17,16,6,40,1,19.398663,1.991849,14408,882,13
61540,18,8,2,29,1,19.401617,1.992161,14417,882,13
61550,15,7,1,24,1,19.403065,1.992294,14419,882,13
61560,14,9,0,24,1,19.404430,1.992389,14426,882,13
61570,0,0,0,0,0,19.402906,1.992267,14426,882,13
61580,0,0,0,1,1,19.400296,1.992030,14426,882,13
61590,4,3,0,8,1,19.398386,1.991822,14426,882,13
61600,7,5,3,16,1,19.395960,1.991581,14426,882,13
61610,17,8,1,27,1,19.395815,1.991551,14426,882,13
61620,4,9,2,16,1,19.396302,1.991602,14430,882,13
61630,1,1,0,3,1,19.394526,1.991461,14430,882,13
61640,10,11,2,24,1,19.393308,1.991297,14430,882,13
61650,5,2,1,9,1,19.392177,1.991199,14430,882,13
61660,12,7,4,24,1,19.392159,1.991168,14430,882,13
61670,3,5,0,9,1,19.391072,1.991134,14430,882,13
61680,15,3,2,21,1,19.390674,1.991062,14430,882,13
61690,4,8,0,13,1,19.391128,1.991103,14430,882,13
61700,10,3,3,17,1,19.390950,1.991033,14430,882,13
61710,12,17,7,37,1,19.393654,1.991246,14434,882,13
61720,16,5,3,25,1,19.394942,1.991392,14437,882,13
61730,10,8,7,26,1,19.395363,1.991437,14437,882,13
61740,5,1,1,8,1,19.394283,1.991377,14437,882,13
61750,3,0,0,4,1,19.393085,1.991265,14437,882,13
61760,8,0,1,10,1,19.390627,1.990998,14437,882,13
61770,12,6,3,22,1,19.391165,1.991021,14437,882,13
61780,17,8,3,29,1,19.392115,1.991077,14437,882,13
61790,18,12,5,36,1,19.394973,1.991372,14443,882,13
61800,20,13,4,38,1,19.396900,1.991538,14451,882,13
61810,18,6,1,26,1,19.399066,1.991821,14465,882,13
61820,15,13,4,33,1,19.399453,1.991786,14465,882,13
61830,12,4,4,21,1,19.400217,1.991885,14467,882,13
61840,0,0,0,0,0,19.398818,1.991756,14467,882,13
61850,2,2,0,5,1,19.397113,1.991566,14467,882,13
61860,0,0,0,0,0,19.394466,1.991306,14467,882,13
61870,8,2,4,15,1,19.393855,1.991185,14467,882,13
61880,10,14,7,32,1,19.394642,1.991191,14467,882,13
61890,15,16,7,39,1,19.397504,1.991459,14477,882,13
61900,19,13,5,38,1,19.400070,1.991718,14487,882,13
61910,16,5,5,27,1,19.401881,1.991945,14495,882,13
61920,17,8,6,32,1,19.402844,1.992041,14499,882,13
61930,19,13,2,35,1,19.405388,1.992317,14506,882,13
61940,20,11,11,43,1,19.408414,1.992590,14517,883,13
61950,17,3,6,27,1,19.410507,1.992859,14520,883,13
61960,16,17,7,41,1,19.413036,1.993096,14534,885,13
61970,11,5,1,18,1,19.414351,1.993253,14534,886,13
61980,7,1,5,14,1,19.412881,1.993120,14534,886,13
61990,5,4,2,12,1,19.412246,1.993049,14534,886,13
62000,4,5,3,13,1,19.410886,1.992884,14534,886,13
62010,6,7,5,19,1,19.409877,1.992782,14534,886,13
62020,0,0,2,3,1,19.408572,1.992623,14534,886,13
62030,5,3,3,12,1,19.406184,1.992373,14534,886,13
62040,9,5,1,16,1,19.404644,1.992199,14534,886,13
62050,13,7,1,22,1,19.405221,1.992250,14534,886,13
62060,10,5,3,19,1,19.404938,1.992202,14534,886,13
62070,13,8,3,25,1,19.405428,1.992215,14534,886,13
62080,9,7,0,17,1,19.406264,1.992305,14534,886,13
62090,16,8,3,28,1,19.408112,1.992470,14543,886,13
62100,15,10,6,32,1,19.409071,1.992560,14545,886,13
62110,17,17,5,40,1,19.411647,1.992875,14552,886,13
62120,15,4,7,27,1,19.414570,1.993226,14563,887,13
62130,20,11,5,37,1,19.415861,1.993294,14572,887,13
62140,6,2,1,10,1,19.416412,1.993378,14572,887,13
62150,5,3,2,11,1,19.414970,1.993218,14572,887,13
62160,0,0,0,1,1,19.413108,1.993068,14572,887,13
62170,4,2,1,8,1,19.410692,1.992814,14572,887,13
62180,2,1,2,6,1,19.408829,1.992625,14572,887,13
62190,13,1,4,19,1,19.407745,1.992455,14572,887,13
62200,13,4,6,24,1,19.408366,1.992514,14581,887,13
62210,10,3,1,15,1,19.407875,1.992458,14581,887,13
62220,14,9,5,29,1,19.408601,1.992524,14581,887,13
62230,16,11,2,30,1,19.409523,1.992604,14582,887,13
62240,19,18,12,50,1,19.412203,1.992864,14588,887,13
62250,19,12,2,34,1,19.415419,1.993281,14596,888,13
62260,15,13,9,38,1,19.418505,1.993579,14607,888,13
62270,20,13,3,37,1,19.421313,1.993843,14610,891,13
62280,15,14,6,36,1,19.424235,1.994137,14611,895,13
62290,18,8,6,33,1,19.427822,1.994477,14629,895,13
62300,14,9,7,31,1,19.429444,1.994629,14633,895,13
62310,18,18,8,45,1,19.431997,1.994876,14638,895,13
62320,13,5,1,20,1,19.434497,1.995173,14649,895,13
62330,10,9,3,23,1,19.434789,1.995145,14649,895,13
62340,18,6,8,33,1,19.436585,1.995311,14662,895,13
62350,15,1,5,22,1,19.438312,1.995503,14662,895,13
62360,6,4,4,15,1,19.437217,1.995405,14662,895,13
62370,6,2,6,15,1,19.436689,1.995375,14662,895,13
62380,3,2,2,8,1,19.435987,1.995311,14662,895,13
62390,4,1,1,7,1,19.435065,1.995247,14662,895,13
62400,0,0,0,0,0,19.432424,1.994994,14662,895,13
62410,1,0,0,2,1,19.430006,1.994750,14662,895,13
62420,4,8,1,14,1,19.428330,1.994583,14662,895,13
62430,14,1,7,23,1,19.428955,1.994635,14674,895,13
62440,18,8,0,27,1,19.430282,1.994724,14678,895,13
62450,7,4,1,13,1,19.431287,1.994841,14679,895,13
62460,1,0,2,4,1,19.429218,1.994666,14679,895,13
62470,3,2,2,8,1,19.426832,1.994436,14679,895,13
62480,8,3,0,12,1,19.426687,1.994412,14679,895,13
62490,1,1,0,3,1,19.424611,1.994256,14679,895,13
62500,5,1,0,7,1,19.422478,1.994019,14679,895,13
62510,0,1,1,3,1,19.419905,1.993786,14679,895,13
62520,9,3,3,16,1,19.417695,1.993557,14679,895,13
62530,1,1,0,3,1,19.415826,1.993422,14679,895,13
62540,2,3,4,10,1,19.414001,1.993232,14679,895,13
62550,5,0,1,7,1,19.413302,1.993159,14679,895,13
62560,2,0,5,8,1,19.410737,1.992959,14679,895,13
62570,0,0,1,2,1,19.408511,1.992754,14679,895,13
62580,0,0,0,0,0,19.406182,1.992484,14679,895,13
62590,12,4,3,20,1,19.405381,1.992354,14679,895,13
62600,0,0,0,1,1,19.403204,1.992151,14679,895,13
62610,3,1,0,5,1,19.401825,1.991972,14679,895,13
62620,4,5,3,13,1,19.399904,1.991753,14679,895,13
62630,3,3,2,9,1,19.398005,1.991582,14679,895,13
62640,1,0,2,4,1,19.395280,1.991336,14679,895,13
62650,8,3,2,14,1,19.393426,1.991121,14679,895,13
62660,6,2,2,11,1,19.392180,1.990952,14679,895,13
62670,5,1,0,7,1,19.390054,1.990778,14679,895,13
62680,15,5,4,25,1,19.389546,1.990688,14679,895,13
62690,17,16,2,36,1,19.391517,1.990833,14681,895,13
62700,20,14,1,36,1,19.394114,1.991110,14702,895,13
62710,14,7,10,32,1,19.395375,1.991231,14705,895,13
62720,15,13,10,39,1,19.396961,1.991409,14705,895,13
62730,15,9,2,27,1,19.399452,1.991702,14711,895,13
62740,19,12,8,40,1,19.401621,1.991929,14720,895,13
62750,20,17,6,44,1,19.404649,1.992241,14723,895,13
62760,18,11,8,38,1,19.408344,1.992638,14736,901,13
62770,20,14,6,41,1,19.411058,1.992934,14747,903,13
62780,11,6,5,23,1,19.413450,1.993210,14759,903,13
62790,15,1,2,19,1,19.414760,1.993340,14759,903,13
62800,15,4,0,20,1,19.414295,1.993309,14759,903,13
62810,18,11,4,34,1,19.415449,1.993393,14759,903,13
62820,20,8,6,35,1,19.417883,1.993602,14764,903,13
62830,15,9,2,27,1,19.420332,1.993858,14774,903,13
62840,15,10,0,26,1,19.420765,1.993849,14774,903,13
62850,9,4,1,15,1,19.419747,1.993765,14774,903,13
62860,7,4,0,12,1,19.418468,1.993629,14774,903,13
62870,3,1,0,5,1,19.416400,1.993411,14774,903,13
62880,6,1,6,14,1,19.415213,1.993238,14774,903,13
62890,2,0,0,3,1,19.413103,1.993030,14774,903,13
62900,7,4,3,15,1,19.411524,1.992866,14774,903,13
62910,5,4,0,10,1,19.410987,1.992864,14774,903,13
62920,3,6,2,12,1,19.409778,1.992734,14774,903,13
62930,7,4,1,13,1,19.409060,1.992652,14774,903,13
62940,18,12,5,36,1,19.410417,1.992715,14776,903,13
62950,19,7,6,33,1,19.412891,1.992993,14779,903,13
62960,13,11,4,29,1,19.415446,1.993286,14779,912,13
62970,11,8,6,26,1,19.417338,1.993498,14789,912,13
62980,9,2,3,15,1,19.416308,1.993387,14789,912,13
62990,20,20,8,49,1,19.418181,1.993532,14796,914,13
63000,8,3,1,13,1,19.420617,1.993838,14804,915,13
63010,11,7,0,19,1,19.420301,1.993771,14804,915,13
63020,1,0,1,3,1,19.418205,1.993596,14804,915,13
63030,17,7,5,30,1,19.418036,1.993554,14804,915,13
63040,20,11,5,37,1,19.421465,1.993918,14817,916,13
63050,20,16,11,48,1,19.424905,1.994233,14833,923,13
63060,15,11,3,30,1,19.428260,1.994644,14844,926,13
63070,19,7,9,36,1,19.430279,1.994797,14845,926,13
63080,8,2,3,14,1,19.431121,1.994895,14846,926,13
63090,8,3,2,14,1,19.429991,1.994760,14846,926,13
63100,0,1,0,2,1,19.428654,1.994621,14846,926,13
63110,0,0,1,2,1,19.426548,1.994413,14846,926,13
63120,0,0,0,1,1,19.424240,1.994167,14846,926,13
63130,3,2,3,9,1,19.421747,1.993923,14846,926,13
63140,7,2,3,13,1,19.420480,1.993778,14846,926,13
63150,1,2,0,4,1,19.418265,1.993633,14846,926,13
63160,7,8,0,16,1,19.416608,1.993457,14846,926,13
63170,11,7,7,26,1,19.416593,1.993399,14846,926,13
63180,20,5,2,28,1,19.417734,1.993507,14851,926,13
63190,10,5,4,20,1,19.419278,1.993680,14854,926,13
63200,13,5,4,23,1,19.418824,1.993648,14854,926,13
63210,14,7,3,25,1,19.420737,1.993855,14867,926,13
63220,14,11,4,30,1,19.423123,1.994118,14872,926,13
63230,10,5,1,17,1,19.423743,1.994183,14873,926,13
63240,1,1,0,3,1,19.422430,1.994082,14873,926,13
63250,0,2,1,4,1,19.420197,1.993847,14873,926,13
63260,0,0,0,1,1,19.417838,1.993597,14873,926,13
63270,0,0,0,1,1,19.415541,1.993359,14873,926,13
63280,2,1,2,6,1,19.412996,1.993076,14873,926,13
63290,5,2,0,8,1,19.411900,1.992952,14873,926,13
63300,0,0,0,0,0,19.409441,1.992720,14873,926,13
63310,2,2,3,8,1,19.406907,1.992487,14873,926,13
63320,15,5,6,27,1,19.407597,1.992540,14875,926,13
63330,19,6,3,29,1,19.409388,1.992744,14880,926,13
63340,18,7,2,28,1,19.411625,1.992988,14883,927,13
63350,12,5,2,20,1,19.412708,1.993133,14887,927,13
63360,12,3,0,16,1,19.412417,1.993095,14887,927,13
63370,14,9,2,26,1,19.413061,1.993172,14887,927,13
63380,5,3,3,12,1,19.414005,1.993309,14888,927,13
63390,12,4,3,20,1,19.414244,1.993312,14888,927,13
63400,0,0,0,1,1,19.412898,1.993162,14888,927,13
63410,4,0,0,5,1,19.411103,1.992947,14888,927,13
63420,8,2,5,16,1,19.408944,1.992740,14888,927,13
63430,1,0,0,2,1,19.407482,1.992620,14888,927,13
63440,1,0,0,2,1,19.404898,1.992382,14888,927,13
63450,8,2,1,12,1,19.402720,1.992130,14888,927,13
63460,17,6,8,32,1,19.403478,1.992171,14888,927,13
63470,20,1,0,22,1,19.404287,1.992248,14890,927,13
63480,0,0,2,3,1,19.402348,1.992099,14890,927,13
63490,3,2,0,6,1,19.400832,1.991948,14890,927,13
63500,2,4,0,7,1,19.399167,1.991727,14890,927,13
63510,3,0,0,4,1,19.397290,1.991522,14890,927,13
63520,0,0,0,1,1,19.394549,1.991255,14890,927,13
63530,20,13,3,37,1,19.395581,1.991298,14895,927,13
63540,18,6,0,25,1,19.398136,1.991607,14906,929,13
63550,7,1,1,10,1,19.397866,1.991609,14906,929,13
63560,2,1,0,4,1,19.395586,1.991341,14906,929,13
63570,12,9,4,26,1,19.394137,1.991155,14906,929,13
63580,9,2,2,14,1,19.393794,1.991137,14906,929,13
63590,5,0,1,7,1,19.392114,1.990985,14906,929,13
63600,8,4,3,16,1,19.391278,1.990856,14906,929,13
63610,4,2,1,8,1,19.389708,1.990702,14906,929,13
63620,16,4,9,30,1,19.388572,1.990500,14906,929,13
63630,13,4,1,19,1,19.389100,1.990527,14907,929,13
63640,20,10,4,35,1,19.388495,1.990421,14916,929,13
63650,19,10,3,33,1,19.391231,1.990726,14928,929,13
63660,19,5,8,33,1,19.392509,1.990884,14934,929,13
63670,11,2,1,15,1,19.394216,1.991064,14939,929,13
63680,0,0,1,2,1,19.391938,1.990876,14939,929,13
63690,6,2,0,9,1,19.390029,1.990662,14939,929,13
63700,4,6,2,13,1,19.388941,1.990555,14939,929,13
63710,9,4,2,16,1,19.388282,1.990479,14939,929,13
63720,17,6,5,29,1,19.388052,1.990431,14939,929,13
63730,17,6,1,25,1,19.389111,1.990538,14942,929,13
63740,13,4,8,26,1,19.390407,1.990682,14948,929,13
63750,15,8,2,26,1,19.390128,1.990641,14948,929,13
63760,9,6,6,22,1,19.391099,1.990698,14951,929,13
63770,17,12,0,30,1,19.392990,1.990867,14955,929,13
63780,20,19,3,43,1,19.395523,1.991122,14969,935,13
63790,17,15,4,37,1,19.398106,1.991405,14975,935,13
63800,16,12,2,31,1,19.401228,1.991717,14985,936,13
63810,18,20,4,43,1,19.403944,1.992023,14995,936,13
63820,12,14,1,28,1,19.406587,1.992334,14999,940,13
63830,20,6,6,33,1,19.409121,1.992624,15004,940,13
63840,20,5,3,29,1,19.410073,1.992707,15005,940,13
63850,11,8,7,27,1,19.412382,1.993000,15010,941,13
63860,1,1,0,3,1,19.410587,1.992839,15010,941,13
63870,12,6,2,21,1,19.409217,1.992694,15010,941,13
63880,8,9,5,23,1,19.408607,1.992610,15010,941,13
63890,2,1,1,5,1,19.407264,1.992467,15010,941,13
63900,1,1,1,4,1,19.405158,1.992233,15010,941,13
63910,0,0,2,3,1,19.403330,1.992034,15010,941,13
63920,6,4,2,13,1,19.402152,1.991892,15010,941,13
63930,8,6,2,17,1,19.401140,1.991767,15010,941,13
63940,2,7,2,12,1,19.400962,1.991734,15010,941,13
63950,4,1,2,8,1,19.399048,1.991567,15010,941,13
63960,17,2,8,28,1,19.397920,1.991395,15010,941,13
63970,9,8,9,27,1,19.398424,1.991467,15010,941,13
63980,9,5,4,19,1,19.398897,1.991530,15010,941,13
63990,3,10,3,17,1,19.397997,1.991442,15010,941,13
64000,19,6,0,26,1,19.397019,1.991308,15010,941,13
64010,7,3,1,12,1,19.396493,1.991258,15010,941,13
64020,11,11,3,26,1,19.395860,1.991201,15010,941,13
64030,17,3,3,24,1,19.395878,1.991243,15010,941,13
64040,11,3,3,18,1,19.396030,1.991272,15010,941,13
64050,19,9,14,43,1,19.396759,1.991323,15010,941,13
64060,9,6,3,19,1,19.398585,1.991579,15022,941,13
64070,11,6,6,24,1,19.398349,1.991495,15022,941,13
64080,14,2,6,23,1,19.399456,1.991661,15023,941,13
64090,14,4,2,21,1,19.399552,1.991682,15023,941,13
64100,4,1,2,8,1,19.398681,1.991632,15023,941,13
64110,0,0,0,0,0,19.396263,1.991375,15023,941,13
64120,8,4,3,16,1,19.394371,1.991186,15023,941,13
64130,6,2,0,9,1,19.393872,1.991126,15023,941,13
64140,7,3,2,13,1,19.392245,1.990957,15023,941,13
64150,8,6,1,16,1,19.390513,1.990749,15023,941,13
64160,1,0,0,2,1,19.389092,1.990630,15023,941,13
64170,9,6,0,16,1,19.386883,1.990363,15023,941,13
64180,5,5,2,13,1,19.386695,1.990396,15023,941,13
64190,19,6,0,26,1,19.387309,1.990460,15023,941,13
64200,7,0,1,9,1,19.387572,1.990504,15023,941,13
64210,6,3,3,13,1,19.386486,1.990356,15023,941,13
64220,1,3,0,5,1,19.384943,1.990227,15023,941,13
64230,4,1,0,6,1,19.383012,1.990021,15023,941,13
64240,0,2,1,4,1,19.381548,1.989868,15023,941,13
64250,16,12,1,30,1,19.381370,1.989816,15023,941,13
64260,6,5,1,13,1,19.381132,1.989806,15023,941,13
64270,11,4,1,17,1,19.380652,1.989761,15023,941,13
64280,1,3,3,8,1,19.379338,1.989596,15023,941,13
64290,4,2,2,9,1,19.377498,1.989392,15023,941,13
64300,3,4,2,10,1,19.377052,1.989345,15023,941,13
64310,13,10,3,27,1,19.377190,1.989322,15023,941,13
64320,0,1,2,4,1,19.376781,1.989335,15023,941,13
64330,17,7,5,30,1,19.376313,1.989289,15023,941,13
64340,0,0,0,0,0,19.375037,1.989210,15023,941,13
64350,4,3,0,8,1,19.373621,1.989072,15023,941,13
64360,3,4,2,10,1,19.371865,1.988893,15023,941,13
64370,15,6,1,23,1,19.372155,1.988879,15023,941,13
64380,18,6,5,30,1,19.372965,1.988907,15023,941,13
64390,15,3,3,22,1,19.373043,1.988929,15023,941,13
64400,9,5,3,18,1,19.373815,1.988974,15023,941,13
64410,11,6,1,19,1,19.373548,1.988948,15023,941,13
64420,14,3,1,19,1,19.374148,1.988989,15023,941,13
64430,9,5,1,16,1,19.373677,1.988907,15023,941,13
64440,5,6,1,13,1,19.371970,1.988784,15023,941,13
64450,0,0,0,1,1,19.370175,1.988604,15023,941,13
64460,8,2,4,15,1,19.368088,1.988400,15023,941,13
64470,14,9,4,28,1,19.369301,1.988488,15029,941,13
64480,9,5,6,21,1,19.370062,1.988584,15029,941,13
64490,15,11,5,32,1,19.371313,1.988716,15029,941,13
64500,20,14,3,38,1,19.373337,1.988894,15034,941,13
64510,16,8,5,30,1,19.375808,1.989184,15054,941,13
64520,15,18,4,38,1,19.377670,1.989351,15056,942,13
64530,9,6,0,16,1,19.378308,1.989481,15056,942,13
64540,10,5,7,23,1,19.378177,1.989450,15056,942,13
64550,18,7,2,28,1,19.378633,1.989472,15056,942,13
64560,10,8,7,26,1,19.379680,1.989594,15062,942,13
64570,7,5,9,22,1,19.380898,1.989708,15062,942,13
64580,6,6,1,14,1,19.381279,1.989738,15062,942,13
64590,0,0,0,0,0,19.379298,1.989540,15062,942,13
64600,0,1,0,2,1,19.377112,1.989335,15062,942,13
64610,1,0,0,2,1,19.374820,1.989168,15062,942,13
64620,4,0,0,5,1,19.372530,1.988943,15062,942,13
64630,3,0,1,5,1,19.370319,1.988708,15062,942,13
64640,7,6,2,16,1,19.368782,1.988533,15062,942,13
64650,19,8,5,33,1,19.370560,1.988679,15063,942,13
64660,18,10,7,36,1,19.372134,1.988841,15068,942,13
64670,19,19,7,46,1,19.375930,1.989229,15084,948,13
64680,18,12,8,39,1,19.378960,1.989570,15090,950,13
64690,16,9,6,32,1,19.381283,1.989845,15100,950,13
64700,16,10,7,34,1,19.384237,1.990159,15108,957,13
64710,10,9,0,20,1,19.385372,1.990264,15110,957,13
64720,12,6,0,19,1,19.385298,1.990232,15110,957,13
64730,19,8,7,35,1,19.387188,1.990390,15113,957,13
64740,11,5,3,20,1,19.389249,1.990612,15126,957,13
64750,0,1,0,2,1,19.387544,1.990473,15126,957,13
64760,1,1,0,3,1,19.385152,1.990260,15126,957,13
64770,12,6,1,20,1,19.383744,1.990069,15126,957,13
64780,3,0,1,5,1,19.382470,1.989896,15126,957,13
64790,6,1,2,10,1,19.380593,1.989698,15126,957,13
64800,2,1,3,7,1,19.378164,1.989444,15126,957,13
64810,8,1,4,14,1,19.376041,1.989177,15126,957,13
64820,17,13,5,36,1,19.376444,1.989156,15128,957,13
64830,14,15,3,33,1,19.379956,1.989559,15143,961,13
64840,18,8,0,27,1,19.381883,1.989796,15145,961,13
64850,10,1,3,15,1,19.382003,1.989825,15145,961,13
64860,13,5,1,20,1,19.382548,1.989876,15146,961,13
64870,0,0,0,0,0,19.380549,1.989707,15146,961,13
64880,12,3,2,18,1,19.379634,1.989554,15146,961,13
64890,3,3,1,8,1,19.377795,1.989402,15146,961,13
64900,18,6,4,29,1,19.377597,1.989364,15146,961,13
64910,14,5,0,20,1,19.379771,1.989626,15152,961,13
64920,19,15,6,41,1,19.382953,1.989944,15168,961,13
64930,11,9,10,31,1,19.385277,1.990235,15176,961,13
64940,15,4,2,22,1,19.387165,1.990401,15179,961,13
64950,11,1,4,17,1,19.388168,1.990537,15184,961,13
64960,10,3,0,14,1,19.386293,1.990380,15184,961,13
64970,5,3,1,10,1,19.384024,1.990149,15184,961,13
64980,13,9,11,34,1,19.383858,1.990070,15184,961,13
64990,19,10,3,33,1,19.386734,1.990392,15192,965,13
65000,8,8,2,19,1,19.386248,1.990362,15192,965,13
65010,19,5,4,29,1,19.386855,1.990407,15192,965,13
65020,5,2,2,10,1,19.386100,1.990356,15192,965,13
65030,8,6,0,15,1,19.386077,1.990355,15192,965,13
65040,14,5,1,21,1,19.386630,1.990416,15192,965,13
65050,13,4,5,23,1,19.387660,1.990538,15192,965,13
65060,9,6,1,17,1,19.388441,1.990651,15199,965,13
65070,13,7,3,24,1,19.387755,1.990538,15199,965,13
65080,10,6,3,20,1,19.388269,1.990580,15201,965,13
65090,3,6,2,12,1,19.387441,1.990477,15201,965,13
65100,12,14,7,34,1,19.387557,1.990427,15201,965,13
65110,18,7,2,28,1,19.389677,1.990659,15201,965,13
65120,12,7,0,20,1,19.390360,1.990736,15204,965,13
65130,8,7,1,17,1,19.389894,1.990699,15204,965,13
65140,3,5,1,10,1,19.388084,1.990543,15204,965,13
65150,0,4,0,5,1,19.385846,1.990314,15204,965,13
65160,0,0,0,0,0,19.383546,1.990101,15204,965,13
65170,3,3,1,8,1,19.381623,1.989893,15204,965,13
65180,1,0,1,3,1,19.379494,1.989666,15204,965,13
65190,20,13,3,37,1,19.379073,1.989539,15209,965,13
65200,10,9,6,26,1,19.381373,1.989796,15215,965,13
65210,12,7,4,24,1,19.381485,1.989799,15215,965,13
65220,7,5,1,14,1,19.381952,1.989855,15215,965,13
65230,8,0,4,13,1,19.380110,1.989676,15215,965,13
65240,14,6,1,22,1,19.381206,1.989765,15217,965,13
65250,4,1,3,9,1,19.381542,1.989794,15217,965,13
65260,3,2,1,7,1,19.380082,1.989636,15217,965,13
65270,3,0,0,4,1,19.378598,1.989473,15217,965,13
65280,6,3,4,14,1,19.376970,1.989351,15217,965,13
65290,7,2,4,14,1,19.376755,1.989311,15217,965,13
65300,20,3,6,30,1,19.376857,1.989304,15217,965,13
65310,16,8,7,32,1,19.378352,1.989465,15217,965,13
65320,8,0,3,12,1,19.378527,1.989466,15217,965,13
65330,10,1,3,15,1,19.376882,1.989298,15217,965,13
65340,1,3,0,5,1,19.375039,1.989116,15217,965,13
65350,13,7,11,32,1,19.374575,1.989032,15217,965,13
65360,15,13,2,31,1,19.375040,1.989091,15217,965,13
65370,9,11,5,26,1,19.376293,1.989221,15219,965,13
65380,7,2,2,12,1,19.376227,1.989240,15219,965,13
65390,0,0,0,1,1,19.373900,1.989056,15219,965,13
65400,8,1,2,12,1,19.371679,1.988819,15219,965,13
65410,6,6,0,13,1,19.370211,1.988704,15219,965,13
65420,3,0,1,5,1,19.368320,1.988546,15219,965,13
65430,1,3,0,5,1,19.366043,1.988360,15219,965,13
65440,2,0,0,3,1,19.363533,1.988138,15219,965,13
65450,3,0,4,8,1,19.361172,1.987918,15219,965,13
65460,2,0,0,3,1,19.358987,1.987686,15219,965,13
65470,7,3,2,13,1,19.358825,1.987646,15223,965,13
65480,0,0,0,0,0,19.358251,1.987569,15223,965,13
65490,0,0,0,1,1,19.355729,1.987337,15223,965,13
65500,0,0,0,0,0,19.354413,1.987199,15223,965,13
65510,3,1,2,7,1,19.351915,1.986938,15223,965,13
65520,3,1,1,6,1,19.349620,1.986719,15223,965,13
65530,7,7,2,17,1,19.349565,1.986687,15223,965,13
65540,14,8,7,30,1,19.351925,1.986902,15233,965,13
65550,1,2,1,5,1,19.350387,1.986767,15233,965,13
65560,20,4,3,28,1,19.350508,1.986747,15233,965,13
65570,11,9,4,25,1,19.349913,1.986671,15235,965,13
65580,19,14,4,38,1,19.351135,1.986786,15242,965,13
65590,7,4,0,12,1,19.351749,1.986887,15244,965,13
65600,8,4,0,13,1,19.349732,1.986688,15244,965,13
65610,19,7,0,27,1,19.350795,1.986776,15253,965,13
65620,9,4,0,14,1,19.351000,1.986811,15253,965,13
65630,0,0,0,0,0,19.349128,1.986636,15253,965,13
65640,10,9,0,20,1,19.347231,1.986433,15253,965,13
65650,9,4,2,16,1,19.347022,1.986431,15253,965,13
65660,1,0,0,2,1,19.344881,1.986250,15253,965,13
65670,0,0,0,0,0,19.342520,1.986002,15253,965,13
65680,8,2,0,11,1,19.340450,1.985822,15253,965,13
65690,7,4,0,12,1,19.339722,1.985711,15253,965,13
65700,9,0,0,10,1,19.337727,1.985505,15253,965,13
65710,6,0,4,11,1,19.335707,1.985261,15253,965,13
65720,12,6,3,22,1,19.335472,1.985198,15253,965,13
65730,13,5,5,24,1,19.336177,1.985253,15253,965,13
65740,5,6,1,13,1,19.336032,1.985252,15253,965,13
65750,13,4,0,18,1,19.335988,1.985242,15253,965,13
65760,16,16,4,37,1,19.337678,1.985367,15258,966,13
65770,20,9,4,34,1,19.340021,1.985578,15261,966,13
65780,12,2,0,15,1,19.341444,1.985738,15265,966,13
65790,6,3,4,14,1,19.341237,1.985733,15265,966,13
65800,5,5,0,11,1,19.340431,1.985621,15265,966,13
65810,11,4,1,17,1,19.340486,1.985588,15265,966,13
65820,0,0,0,0,0,19.338815,1.985451,15265,966,13
65830,5,3,0,9,1,19.336698,1.985204,15265,966,13
65840,7,2,2,12,1,19.334315,1.984979,15265,966,13
65850,14,5,1,21,1,19.334040,1.984918,15265,966,13
65860,7,10,0,18,1,19.334136,1.984926,15265,966,13
65870,10,8,0,19,1,19.334655,1.984987,15265,966,13
65880,0,0,0,0,0,19.333600,1.984896,15265,966,13
65890,9,0,3,13,1,19.332348,1.984734,15265,966,13
65900,14,14,6,35,1,19.333758,1.984800,15267,966,13
65910,20,16,7,44,1,19.336084,1.985025,15267,970,13
65920,17,16,7,41,1,19.339693,1.985446,15279,973,13
65930,12,8,8,29,1,19.341661,1.985708,15284,973,13
65940,2,2,2,7,1,19.341991,1.985789,15284,973,13
65950,13,3,3,20,1,19.340299,1.985589,15284,973,13
65960,15,11,3,30,1,19.340613,1.985554,15284,973,13
65970,18,8,0,27,1,19.342359,1.985778,15288,973,13
65980,12,9,2,24,1,19.343437,1.985862,15288,973,13
65990,11,12,7,31,1,19.344135,1.985911,15288,973,13
66000,17,12,4,34,1,19.346542,1.986159,15300,973,13
66010,19,12,1,33,1,19.349054,1.986443,15309,973,13
66020,15,9,2,27,1,19.351136,1.986683,15314,973,13
66030,11,3,3,18,1,19.352549,1.986844,15321,973,13
66040,20,10,6,37,1,19.353609,1.986957,15326,973,13
66050,18,10,3,32,1,19.355714,1.987190,15344,973,13
66060,11,9,3,24,1,19.357810,1.987410,15350,973,13
66070,0,0,0,1,1,19.356161,1.987288,15350,973,13
66080,4,1,3,9,1,19.355015,1.987165,15350,973,13
66090,3,3,1,8,1,19.353473,1.987042,15350,973,13
66100,3,3,3,10,1,19.351964,1.986907,15350,973,13
66110,9,0,0,10,1,19.350440,1.986773,15350,973,13
66120,13,6,4,24,1,19.350100,1.986715,15350,973,13
66130,10,5,4,20,1,19.350215,1.986728,15350,973,13
66140,16,2,4,23,1,19.350444,1.986778,15350,973,13
66150,16,6,4,27,1,19.351126,1.986821,15350,973,13
66160,13,6,8,28,1,19.352613,1.986997,15357,973,13
66170,12,12,5,30,1,19.355251,1.987253,15363,973,13
66180,18,9,1,29,1,19.356289,1.987333,15365,973,13
66190,17,9,3,30,1,19.357504,1.987487,15367,973,13
66200,8,4,2,15,1,19.358005,1.987540,15367,973,13
66210,2,2,1,6,1,19.356713,1.987424,15367,973,13
66220,0,0,0,1,1,19.354410,1.987201,15367,973,13
66230,0,0,2,3,1,19.351846,1.986954,15367,973,13
66240,7,13,2,23,1,19.352513,1.986971,15370,973,13
66250,17,10,1,29,1,19.353626,1.987068,15370,973,13
66260,20,8,10,39,1,19.356010,1.987280,15378,973,13
66270,13,3,9,26,1,19.358230,1.987540,15392,973,13
66280,9,2,4,16,1,19.357932,1.987530,15392,973,13
66290,17,10,10,38,1,19.358885,1.987585,15397,973,13
66300,12,10,3,26,1,19.360861,1.987823,15403,973,13
66310,20,13,7,41,1,19.362263,1.987987,15409,973,13
66320,16,9,7,33,1,19.364704,1.988267,15413,973,13
66330,17,15,1,34,1,19.367388,1.988574,15418,973,13
66340,19,10,14,44,1,19.370881,1.988937,15428,976,13
66350,13,6,2,22,1,19.372961,1.989186,15438,980,13
66360,8,2,3,14,1,19.373654,1.989277,15440,980,13
66370,7,8,3,19,1,19.371891,1.989069,15440,980,13
66380,20,10,4,35,1,19.372270,1.989085,15440,980,13
66390,12,5,1,19,1,19.372860,1.989174,15442,980,13
66400,1,0,0,2,1,19.371431,1.989041,15442,980,13
66410,9,7,0,17,1,19.370268,1.988852,15442,980,13
66420,5,2,0,8,1,19.368512,1.988691,15442,980,13
66430,2,2,1,6,1,19.366296,1.988511,15442,980,13
66440,17,9,2,29,1,19.366555,1.988539,15443,980,13
66450,18,8,7,34,1,19.368205,1.988706,15445,980,13
66460,15,9,3,28,1,19.370588,1.988940,15460,980,13
66470,10,11,3,25,1,19.370550,1.988937,15463,980,13
66480,4,7,3,15,1,19.369744,1.988834,15463,980,13
66490,3,0,0,4,1,19.368063,1.988660,15463,980,13
66500,0,2,1,4,1,19.365992,1.988436,15463,980,13
66510,10,9,4,24,1,19.365316,1.988359,15463,980,13
66520,20,10,2,33,1,19.366082,1.988408,15472,980,13
66530,15,5,2,23,1,19.367970,1.988649,15477,980,13
66540,7,11,4,23,1,19.368546,1.988703,15477,980,13
66550,13,6,3,23,1,19.369773,1.988864,15478,980,13
66560,15,8,1,25,1,19.371100,1.988998,15478,980,13
66570,19,7,8,35,1,19.373674,1.989264,15495,980,13
66580,0,0,0,1,1,19.373417,1.989276,15496,980,13
66590,5,2,2,10,1,19.371961,1.989136,15496,980,13
66600,3,6,1,11,1,19.371111,1.989020,15496,980,13
66610,1,1,1,4,1,19.369757,1.988922,15496,980,13
66620,4,3,0,8,1,19.368041,1.988759,15496,980,13
66630,17,7,0,25,1,19.368041,1.988733,15496,980,13
66640,9,7,3,20,1,19.367953,1.988777,15496,980,13
66650,8,2,2,13,1,19.367373,1.988715,15496,980,13
66660,13,8,0,22,1,19.366933,1.988638,15496,980,13
66670,9,1,6,17,1,19.368137,1.988760,15499,980,13
66680,2,5,1,9,1,19.367285,1.988695,15499,980,13
66690,4,9,2,16,1,19.367148,1.988660,15499,980,13
66700,11,5,2,19,1,19.367096,1.988656,15499,980,13
66710,16,6,3,26,1,19.367915,1.988705,15499,980,13
66720,8,3,3,15,1,19.367834,1.988685,15499,980,13
66730,2,0,1,4,1,19.366282,1.988542,15499,980,13
66740,5,2,0,8,1,19.364338,1.988329,15499,980,13
66750,0,0,2,3,1,19.362065,1.988106,15499,980,13
66760,11,2,1,15,1,19.360841,1.987960,15499,980,13
66770,6,4,1,12,1,19.358699,1.987759,15499,980,13
66780,0,0,0,1,1,19.356601,1.987567,15499,980,13
66790,11,5,3,20,1,19.356093,1.987436,15499,980,13
66800,9,3,1,14,1,19.355274,1.987369,15499,980,13
66810,10,4,1,16,1,19.354875,1.987323,15499,980,13
66820,4,4,2,11,1,19.353229,1.987115,15499,980,13
66830,4,1,0,6,1,19.351392,1.986885,15499,980,13
66840,4,3,1,9,1,19.349458,1.986703,15499,980,13
66850,7,4,5,17,1,19.348701,1.986614,15499,980,13
66860,8,2,7,18,1,19.348094,1.986532,15499,980,13
66870,15,6,1,23,1,19.348155,1.986539,15499,980,13
66880,8,4,5,18,1,19.348393,1.986562,15499,980,13
66890,15,10,5,31,1,19.349241,1.986632,15499,980,13
66900,11,1,2,15,1,19.350172,1.986741,15500,980,13
66910,20,5,2,28,1,19.350153,1.986691,15502,980,13
66920,1,3,2,7,1,19.349880,1.986686,15503,980,13
66930,7,0,5,13,1,19.348551,1.986535,15503,980,13
66940,1,0,1,3,1,19.347014,1.986370,15503,980,13
66950,0,0,0,1,1,19.344567,1.986095,15503,980,13
66960,9,5,2,17,1,19.342555,1.985872,15503,980,13
66970,14,9,6,30,1,19.342248,1.985783,15503,980,13
66980,20,15,5,41,1,19.344599,1.985989,15510,981,13
66990,13,4,1,19,1,19.346116,1.986201,15518,981,13
67000,2,3,0,6,1,19.344802,1.986083,15518,981,13
67010,13,2,0,16,1,19.343794,1.985971,15518,981,13
67020,1,0,0,2,1,19.341813,1.985821,15518,981,13
67030,5,1,2,9,1,19.339257,1.985593,15518,981,13
67040,1,4,0,6,1,19.336975,1.985403,15518,981,13
67050,10,2,2,15,1,19.335017,1.985154,15518,981,13
67060,1,2,1,5,1,19.332792,1.984884,15518,981,13
67070,3,1,0,5,1,19.330301,1.984651,15518,981,13
67080,3,3,0,7,1,19.328507,1.984489,15518,981,13
67090,2,1,0,4,1,19.326005,1.984270,15518,981,13
67100,0,1,1,3,1,19.323689,1.983994,15518,981,13
67110,15,5,3,24,1,19.322893,1.983868,15518,981,13
67120,17,7,7,32,1,19.324038,1.983944,15518,981,13
67130,10,8,1,20,1,19.324998,1.984020,15518,981,13
67140,20,9,7,37,1,19.326858,1.984188,15519,981,13
67150,16,12,2,31,1,19.328792,1.984391,15528,981,13
67160,19,6,3,29,1,19.329895,1.984505,15530,981,13
67170,15,4,6,26,1,19.330015,1.984513,15531,981,13
67180,8,2,4,15,1,19.330645,1.984572,15534,981,13
67190,12,12,7,32,1,19.330941,1.984559,15534,981,13
67200,10,2,6,19,1,19.332031,1.984714,15534,981,13
67210,11,1,3,16,1,19.332085,1.984745,15534,981,13
67220,4,3,1,9,1,19.331140,1.984640,15534,981,13
67230,11,3,0,15,1,19.329660,1.984480,15534,981,13
67240,1,0,3,5,1,19.327555,1.984278,15534,981,13
67250,8,10,5,24,1,19.326025,1.984079,15534,981,13
67260,16,2,4,23,1,19.325853,1.984042,15536,981,13
67270,15,11,6,33,1,19.327627,1.984255,15537,981,13
67280,4,1,1,7,1,19.327626,1.984308,15537,981,13
67290,5,0,2,8,1,19.325669,1.984126,15537,981,13
67300,3,1,3,8,1,19.324017,1.983976,15537,981,13
67310,0,0,0,1,1,19.321975,1.983774,15537,981,13
67320,0,0,0,0,0,19.319575,1.983568,15537,981,13
67330,6,2,0,9,1,19.317672,1.983347,15537,981,13
67340,6,5,3,15,1,19.318273,1.983364,15537,981,13
67350,14,7,5,27,1,19.318269,1.983335,15537,981,13
67360,9,9,4,23,1,19.319087,1.983402,15537,981,13
67370,4,1,3,9,1,19.317778,1.983269,15537,981,13
67380,15,3,2,21,1,19.318562,1.983308,15537,981,13
67390,2,6,3,12,1,19.318204,1.983269,15537,981,13
67400,3,2,2,8,1,19.317032,1.983129,15537,981,13
67410,2,4,2,9,1,19.315745,1.983022,15537,981,13
67420,8,3,3,15,1,19.313721,1.982780,15537,981,13
67430,17,9,6,33,1,19.314665,1.982851,15537,981,13
67440,11,10,2,24,1,19.316430,1.983057,15538,981,13
67450,3,3,1,8,1,19.315848,1.983029,15538,981,13
67460,17,7,2,27,1,19.316032,1.983043,15542,981,13
67470,19,3,2,25,1,19.317166,1.983164,15542,981,13
67480,1,0,0,2,1,19.315993,1.983072,15542,981,13
67490,12,5,4,22,1,19.315192,1.982957,15542,981,13
67500,15,14,5,35,1,19.318353,1.983256,15544,984,13
67510,17,11,5,34,1,19.320960,1.983513,15552,984,13
67520,18,4,3,26,1,19.322341,1.983686,15555,984,13
67530,20,10,4,35,1,19.324161,1.983865,15559,984,13
67540,6,3,0,10,1,19.324516,1.983894,15560,984,13
67550,16,6,3,26,1,19.324705,1.983875,15560,984,13
67560,9,0,3,13,1,19.323849,1.983807,15560,984,13
67570,18,7,0,26,1,19.324234,1.983850,15560,984,13
67580,4,0,1,6,1,19.323318,1.983785,15560,984,13
67590,14,3,1,19,1,19.323005,1.983754,15560,984,13
67600,6,2,2,11,1,19.322101,1.983713,15560,984,13
67610,6,1,1,9,1,19.320071,1.983530,15560,984,13
67620,8,8,8,25,1,19.319578,1.983448,15560,984,13
67630,0,0,0,1,1,19.319197,1.983452,15562,984,13
67640,7,3,1,12,1,19.316976,1.983243,15562,984,13
67650,20,11,3,35,1,19.316863,1.983170,15562,984,13
67660,14,5,2,22,1,19.318006,1.983321,15569,984,13
67670,15,5,3,24,1,19.318634,1.983354,15569,984,13
67680,15,6,2,24,1,19.319739,1.983486,15574,984,13
67690,11,8,2,22,1,19.319550,1.983456,15574,984,13
67700,20,14,10,45,1,19.321160,1.983608,15581,984,13
67710,17,13,3,34,1,19.324469,1.984006,15595,990,13
67720,12,6,2,21,1,19.326212,1.984207,15596,990,13
67730,10,4,2,17,1,19.326558,1.984241,15596,990,13
67740,17,14,4,36,1,19.326811,1.984241,15596,990,13
67750,17,12,8,38,1,19.329007,1.984471,15604,990,13
67760,13,7,2,23,1,19.330896,1.984684,15612,990,13
67770,18,7,9,35,1,19.332033,1.984787,15612,990,13
67780,18,11,3,33,1,19.334293,1.985047,15617,990,13
67790,11,8,6,26,1,19.335704,1.985181,15617,990,13
67800,17,8,12,38,1,19.337388,1.985325,15619,990,13
67810,19,8,1,29,1,19.339690,1.985545,15623,990,13
67820,10,11,2,24,1,19.341331,1.985750,15631,990,13
67830,0,0,0,0,0,19.340269,1.985667,15631,990,13
67840,14,4,4,23,1,19.339859,1.985539,15631,990,13
67850,0,0,2,3,1,19.339674,1.985545,15631,990,13
67860,8,2,2,13,1,19.338334,1.985348,15631,990,13
67870,17,18,6,42,1,19.339530,1.985439,15631,990,13
67880,16,8,7,32,1,19.342226,1.985744,15650,990,13
67890,20,5,10,36,1,19.343801,1.985892,15654,990,13
67900,9,16,11,37,1,19.346896,1.986193,15667,991,13
67910,20,7,13,41,1,19.349261,1.986434,15672,991,13
67920,19,10,3,33,1,19.351222,1.986631,15683,992,13
67930,16,6,1,24,1,19.353083,1.986871,15697,992,13
67940,10,5,4,20,1,19.354514,1.987016,15699,992,13
67950,8,4,2,15,1,19.355186,1.987068,15699,992,13
67960,8,4,4,17,1,19.353698,1.986926,15699,992,13
67970,5,3,3,12,1,19.353928,1.986933,15699,992,13
67980,7,12,0,20,1,19.353586,1.986878,15699,992,13
67990,8,7,3,19,1,19.352528,1.986761,15699,992,13
68000,20,19,10,50,1,19.355094,1.987002,15707,992,13
68010,20,17,5,43,1,19.359197,1.987505,15736,993,14
68020,20,8,3,32,1,19.361410,1.987734,15736,993,14
68030,14,7,5,27,1,19.363345,1.987940,15752,993,14
68040,20,7,3,31,1,19.364512,1.988040,15753,993,14
68050,18,12,6,37,1,19.365790,1.988142,15754,993,14
68060,11,14,0,26,1,19.367498,1.988346,15760,993,14
68070,13,9,3,26,1,19.368648,1.988453,15760,993,14
68080,17,17,11,46,1,19.372396,1.988797,15767,993,15
68090,19,12,6,38,1,19.375857,1.989190,15781,993,15
68100,18,18,9,46,1,19.378722,1.989473,15787,993,15
68110,19,14,1,35,1,19.381283,1.989791,15794,993,15
68120,18,14,10,43,1,19.384226,1.990076,15802,993,15
68130,15,4,6,26,1,19.386510,1.990300,15810,993,15
68140,12,6,11,30,1,19.388199,1.990487,15811,993,15
68150,16,15,3,35,1,19.390375,1.990705,15815,993,15
68160,18,4,3,26,1,19.392637,1.990948,15818,993,15
68170,19,6,3,29,1,19.393853,1.991023,15820,993,15
68180,18,15,3,37,1,19.395628,1.991212,15826,993,15
68190,20,9,4,34,1,19.398041,1.991494,15834,993,15
68200,16,3,0,20,1,19.399156,1.991607,15835,993,15
68210,18,6,0,25,1,19.400276,1.991750,15838,993,15
68220,13,2,0,16,1,19.400665,1.991848,15838,993,15
68230,4,6,2,13,1,19.398721,1.991650,15838,993,15
68240,14,5,1,21,1,19.398785,1.991631,15838,993,15
68250,16,7,4,28,1,19.398840,1.991622,15841,993,15
68260,12,0,5,18,1,19.399109,1.991615,15841,993,15
68270,2,6,2,11,1,19.398235,1.991518,15841,993,15
68280,7,6,2,16,1,19.397031,1.991389,15841,993,15
68290,9,3,0,13,1,19.396678,1.991336,15841,993,15
68300,10,3,2,16,1,19.395548,1.991219,15841,993,15
68310,9,3,4,17,1,19.394545,1.991099,15841,993,15
68320,3,1,1,6,1,19.392862,1.990948,15841,993,15
68330,4,3,0,8,1,19.390819,1.990743,15841,993,15
68340,11,7,3,22,1,19.389932,1.990644,15841,993,15
68350,1,1,2,5,1,19.388784,1.990506,15841,993,15
68360,5,2,5,13,1,19.387136,1.990300,15841,993,15
68370,0,1,0,2,1,19.385311,1.990152,15841,993,15
68380,4,0,2,7,1,19.384023,1.989982,15841,993,15
68390,10,9,0,20,1,19.384479,1.990018,15841,993,15
68400,4,2,1,8,1,19.383045,1.989932,15841,993,15
68410,0,1,0,2,1,19.380637,1.989686,15841,993,15
68420,3,2,0,6,1,19.378479,1.989478,15841,993,15
68430,9,4,3,17,1,19.377331,1.989322,15841,993,15
68440,5,3,2,11,1,19.376173,1.989181,15841,993,15
68450,3,2,2,8,1,19.374249,1.989008,15841,993,15
68460,19,4,2,26,1,19.373114,1.988851,15841,993,15
68470,1,0,0,2,1,19.372243,1.988757,15841,993,15
68480,2,3,5,11,1,19.370849,1.988577,15841,993,15
68490,3,3,2,9,1,19.368713,1.988344,15841,993,15
68500,13,5,3,22,1,19.366885,1.988154,15841,993,15
68510,17,13,0,31,1,19.368479,1.988304,15847,993,15
68520,20,16,14,51,1,19.371394,1.988617,15858,995,15
68530,17,11,6,35,1,19.374719,1.988989,15867,1005,15
68540,6,3,1,11,1,19.375251,1.989065,15869,1005,15
68550,10,2,0,13,1,19.374673,1.989007,15869,1005,15
68560,19,5,4,29,1,19.374718,1.988998,15870,1005,15
68570,19,12,2,34,1,19.376681,1.989222,15877,1005,15
68580,20,11,7,39,1,19.378224,1.989370,15877,1005,15
68590,20,5,7,33,1,19.379915,1.989536,15883,1005,15
68600,18,4,3,26,1,19.381150,1.989628,15886,1005,15
68610,16,14,5,36,1,19.383409,1.989855,15897,1005,15
68620,15,5,3,24,1,19.385209,1.990041,15900,1005,15
68630,0,0,0,1,1,19.384306,1.989985,15900,1005,15
68640,0,0,0,0,0,19.381738,1.989770,15900,1005,15
68650,4,2,0,7,1,19.379540,1.989579,15900,1005,15
68660,0,0,0,1,1,19.377015,1.989327,15900,1005,15
68670,8,4,4,17,1,19.375112,1.989103,15900,1005,15
68680,0,0,0,1,1,19.373655,1.988984,15900,1005,15
68690,6,3,1,11,1,19.372259,1.988812,15900,1005,15
68700,7,1,3,12,1,19.370943,1.988628,15900,1005,15
68710,5,3,0,9,1,19.370137,1.988537,15900,1005,15
68720,0,0,0,1,1,19.368487,1.988375,15900,1005,15
68730,14,7,6,28,1,19.367883,1.988246,15900,1005,15
68740,20,10,5,36,1,19.369580,1.988410,15902,1005,15
68750,17,6,0,24,1,19.371615,1.988652,15909,1006,15
68760,9,11,2,23,1,19.371951,1.988650,15909,1006,15
68770,13,7,4,25,1,19.372024,1.988640,15909,1006,15
68780,0,0,0,0,0,19.370940,1.988575,15912,1006,15
68790,0,2,0,3,1,19.368590,1.988376,15912,1006,15
68800,8,4,1,14,1,19.367462,1.988250,15912,1006,15
68810,12,8,4,25,1,19.367184,1.988220,15912,1006,15
68820,17,12,8,38,1,19.368142,1.988313,15912,1006,15
68830,9,2,0,12,1,19.368940,1.988462,15912,1006,15
68840,5,2,4,12,1,19.367701,1.988297,15912,1006,15
68850,1,6,1,9,1,19.365642,1.988075,15912,1006,15
68860,1,1,0,3,1,19.363648,1.987904,15912,1006,15
68870,1,0,1,3,1,19.361528,1.987682,15912,1006,15
68880,0,1,0,2,1,19.359261,1.987474,15912,1006,15
68890,12,7,2,22,1,19.357431,1.987273,15912,1006,15
68900,0,0,0,0,0,19.355799,1.987154,15912,1006,15
68910,10,2,0,13,1,19.354057,1.986961,15912,1006,15
68920,9,8,5,23,1,19.353598,1.986877,15912,1006,15
68930,4,5,2,12,1,19.354969,1.987039,15921,1006,15
68940,16,2,1,20,1,19.354380,1.986992,15921,1006,15
68950,9,6,2,18,1,19.353899,1.986959,15921,1006,15
68960,0,0,0,1,1,19.352498,1.986857,15921,1006,15
68970,6,7,4,18,1,19.350373,1.986623,15921,1006,15
68980,8,4,2,15,1,19.349990,1.986570,15921,1006,15
68990,6,1,0,8,1,19.349360,1.986512,15921,1006,15
69000,15,10,0,26,1,19.348888,1.986441,15921,1006,15
69010,12,6,5,24,1,19.349455,1.986536,15921,1006,15
69020,18,12,8,39,1,19.349915,1.986570,15925,1006,15
69030,11,11,4,27,1,19.351673,1.986799,15933,1006,15
69040,12,2,6,21,1,19.352218,1.986859,15933,1006,15
69050,20,10,8,39,1,19.354110,1.987051,15941,1006,15
69060,20,6,3,30,1,19.356035,1.987265,15952,1006,15
69070,3,2,2,8,1,19.355303,1.987209,15952,1006,15
69080,10,2,0,13,1,19.354350,1.987100,15952,1006,15
69090,2,0,1,4,1,19.353581,1.986999,15952,1006,15
69100,0,0,0,0,0,19.351346,1.986788,15952,1006,15
69110,15,4,2,22,1,19.349838,1.986596,15952,1006,15
69120,13,4,6,24,1,19.350591,1.986639,15956,1006,15
69130,7,2,0,10,1,19.350240,1.986631,15956,1006,15
69140,7,0,1,9,1,19.349303,1.986545,15956,1006,15
69150,0,0,0,0,0,19.347362,1.986329,15956,1006,15
69160,12,6,5,24,1,19.346264,1.986173,15956,1006,15
69170,9,4,3,17,1,19.345828,1.986153,15956,1006,15
69180,20,14,9,44,1,19.347430,1.986284,15965,1006,15
69190,14,9,3,27,1,19.350118,1.986605,15977,1011,15
69200,12,2,2,17,1,19.351254,1.986737,15982,1011,15
69210,0,0,0,1,1,19.349805,1.986652,15982,1011,15
69220,5,4,6,16,1,19.348588,1.986460,15982,1011,15
69230,0,0,0,1,1,19.347228,1.986357,15982,1011,15
69240,7,7,0,15,1,19.345487,1.986174,15982,1011,15
69250,0,0,1,2,1,19.343641,1.986024,15982,1011,15
69260,2,3,0,6,1,19.341525,1.985819,15982,1011,15
69270,20,10,5,36,1,19.341309,1.985745,15983,1011,15
69280,14,15,4,34,1,19.343480,1.986005,15985,1011,15
69290,16,19,3,39,1,19.345850,1.986205,15993,1011,15
69300,19,10,7,37,1,19.347492,1.986375,16008,1011,15
69310,19,11,5,36,1,19.349215,1.986568,16011,1011,15
69320,18,8,5,32,1,19.350867,1.986747,16018,1011,15
69330,19,4,6,30,1,19.353137,1.986984,16032,1011,15
69340,17,0,4,22,1,19.354823,1.987185,16036,1011,15
69350,5,3,2,11,1,19.353667,1.987059,16036,1011,15
69360,0,0,0,0,0,19.351200,1.986839,16036,1011,15
69370,3,3,3,10,1,19.348873,1.986598,16036,1011,15
69380,8,4,3,16,1,19.347186,1.986426,16036,1011,15
69390,19,9,10,39,1,19.348133,1.986475,16036,1011,15
69400,20,12,13,46,1,19.351859,1.986879,16050,1018,15
69410,10,4,8,23,1,19.352547,1.987010,16050,1018,15
69420,20,5,8,34,1,19.353773,1.987090,16053,1018,15
69430,8,7,2,18,1,19.354917,1.987232,16063,1018,15
69440,0,0,0,1,1,19.353273,1.987067,16063,1018,15
69450,3,1,3,8,1,19.351137,1.986852,16063,1018,15
69460,0,0,0,0,0,19.349074,1.986656,16063,1018,15
69470,1,0,0,2,1,19.346972,1.986468,16063,1018,15
69480,12,6,0,19,1,19.345969,1.986375,16063,1018,15
69490,16,11,5,33,1,19.346902,1.986457,16063,1018,15
69500,10,8,10,29,1,19.348877,1.986693,16070,1018,15
69510,15,10,7,33,1,19.351183,1.986899,16072,1018,15
69520,16,10,2,29,1,19.353872,1.987161,16082,1018,15
69530,17,8,0,26,1,19.355094,1.987314,16085,1018,15
69540,10,3,3,17,1,19.355272,1.987354,16085,1018,15
69550,0,0,0,1,1,19.354063,1.987237,16085,1018,15
69560,3,0,4,8,1,19.352020,1.986999,16085,1018,15
69570,3,1,0,5,1,19.350128,1.986809,16085,1018,15
69580,0,2,2,5,1,19.347670,1.986593,16085,1018,15
69590,0,0,0,0,0,19.345356,1.986395,16085,1018,15
69600,5,0,0,6,1,19.343636,1.986199,16085,1018,15
69610,5,4,0,10,1,19.342172,1.986047,16085,1018,15
69620,7,11,10,29,1,19.341218,1.985924,16085,1018,15
69630,19,16,7,43,1,19.344627,1.986272,16102,1020,15
69640,20,17,10,48,1,19.348550,1.986673,16121,1023,15
69650,14,11,2,28,1,19.351205,1.986976,16130,1023,15
69660,8,3,2,14,1,19.351310,1.987032,16130,1023,15
69670,13,2,2,18,1,19.350064,1.986905,16130,1023,15
69680,0,0,0,0,0,19.348555,1.986775,16130,1023,15
69690,0,0,1,2,1,19.346322,1.986593,16130,1023,15
69700,1,1,2,5,1,19.344012,1.986363,16130,1023,15
69710,7,4,0,12,1,19.341922,1.986161,16130,1023,15
69720,10,1,3,15,1,19.341375,1.986124,16130,1023,15
69730,2,3,1,7,1,19.339396,1.985933,16130,1023,15
69740,0,0,1,2,1,19.337789,1.985778,16130,1023,15
69750,6,2,4,13,1,19.336047,1.985580,16130,1023,15
69760,2,0,1,4,1,19.333704,1.985370,16130,1023,15
69770,3,1,0,5,1,19.331504,1.985148,16130,1023,15
69780,7,4,1,13,1,19.329751,1.984945,16130,1023,15
69790,5,5,1,12,1,19.328651,1.984822,16130,1023,15
69800,0,0,0,0,0,19.327186,1.984681,16130,1023,15
69810,6,4,2,13,1,19.324893,1.984479,16130,1023,15
69820,1,0,0,2,1,19.322740,1.984297,16130,1023,15
69830,8,6,1,16,1,19.320576,1.984032,16130,1023,15
69840,0,1,0,2,1,19.319544,1.983951,16130,1023,15
69850,10,3,6,20,1,19.317801,1.983750,16130,1023,15
69860,8,5,1,15,1,19.318296,1.983778,16130,1023,15
69870,0,0,1,2,1,19.316596,1.983622,16130,1023,15
69880,2,3,1,7,1,19.314687,1.983474,16130,1023,15
69890,3,3,1,8,1,19.312980,1.983323,16130,1023,15
69900,10,8,7,26,1,19.311362,1.983132,16130,1023,15
69910,5,16,5,27,1,19.312389,1.983200,16133,1023,15
69920,18,7,0,26,1,19.313956,1.983351,16141,1023,15
69930,19,15,9,44,1,19.315529,1.983470,16152,1023,15
69940,13,14,2,30,1,19.318545,1.983810,16157,1023,15
69950,16,13,3,33,1,19.320599,1.984033,16157,1023,15
69960,20,11,3,35,1,19.322883,1.984281,16161,1023,15
69970,20,8,2,31,1,19.325319,1.984549,16165,1023,15
69980,6,3,0,10,1,19.325972,1.984652,16167,1023,15
69990,0,0,0,0,0,19.324204,1.984527,16167,1023,15
70000,2,0,0,3,1,19.322408,1.984353,16167,1023,15
70010,0,2,2,5,1,19.320015,1.984123,16167,1023,15
70020,4,5,3,13,1,19.318203,1.983926,16167,1023,15
70030,15,4,5,25,1,19.317882,1.983871,16167,1023,15
70040,17,11,15,44,1,19.319841,1.984059,16169,1023,15
70050,10,18,10,39,1,19.322133,1.984301,16174,1023,15
70060,19,14,4,38,1,19.324489,1.984518,16182,1025,15
70070,15,11,8,35,1,19.327596,1.984850,16190,1025,15
70080,16,9,12,38,1,19.329935,1.985056,16200,1025,15
70090,17,5,5,28,1,19.331682,1.985260,16201,1025,15
70100,16,10,7,34,1,19.332852,1.985352,16201,1025,15
70110,20,13,7,41,1,19.335837,1.985671,16220,1025,15
70120,18,8,6,33,1,19.338106,1.985940,16229,1025,15
70130,20,7,4,32,1,19.340898,1.986228,16233,1025,15
70140,9,11,0,21,1,19.341689,1.986331,16233,1025,15
70150,0,0,0,0,0,19.340529,1.986236,16233,1025,15
70160,0,3,4,8,1,19.338567,1.986047,16233,1025,15
70170,4,3,0,8,1,19.337088,1.985876,16233,1025,15
70180,5,3,2,11,1,19.335116,1.985660,16233,1025,15
70190,0,1,0,2,1,19.332885,1.985452,16233,1025,15
70200,10,6,4,21,1,19.331489,1.985293,16233,1025,15
70210,1,0,1,3,1,19.330072,1.985145,16233,1025,15
70220,1,0,3,5,1,19.327785,1.984882,16233,1025,15
70230,5,2,0,8,1,19.325892,1.984689,16233,1025,15
70240,13,6,3,23,1,19.325210,1.984571,16233,1025,15
70250,5,2,4,12,1,19.325447,1.984628,16233,1025,15
70260,11,5,3,20,1,19.324695,1.984535,16233,1025,15
70270,19,11,10,41,1,19.325441,1.984546,16233,1025,15
70280,11,6,1,19,1,19.327339,1.984773,16239,1025,15
70290,11,2,2,16,1,19.326777,1.984743,16239,1025,15
70300,9,7,6,23,1,19.327280,1.984784,16239,1025,15
70310,8,12,7,28,1,19.327822,1.984838,16239,1025,15
70320,13,12,3,29,1,19.328503,1.984929,16239,1025,15
70330,20,16,9,46,1,19.330992,1.985145,16247,1026,15
70340,20,14,11,46,1,19.334813,1.985562,16278,1027,15
70350,18,18,4,41,1,19.338010,1.985891,16299,1027,15
70360,19,17,7,44,1,19.340795,1.986170,16300,1032,15
70370,20,19,13,53,1,19.345383,1.986674,16317,1052,16
70380,19,12,8,40,1,19.348816,1.987057,16326,1056,16
70390,19,19,3,42,1,19.351688,1.987376,16333,1061,16
70400,20,7,1,29,1,19.353386,1.987540,16339,1061,16
70410,18,8,1,28,1,19.353849,1.987562,16339,1061,16
70420,13,5,1,20,1,19.354466,1.987630,16340,1061,16
70430,4,4,5,14,1,19.354128,1.987605,16340,1061,16
70440,3,4,4,12,1,19.352199,1.987431,16340,1061,16
70450,10,4,1,16,1,19.351246,1.987328,16340,1061,16
70460,11,4,2,18,1,19.350154,1.987171,16340,1061,16
70470,6,4,0,11,1,19.348600,1.986983,16340,1061,16
70480,15,5,1,22,1,19.348337,1.986905,16340,1061,16
70490,0,0,0,0,0,19.348297,1.986879,16340,1061,16
70500,16,15,4,36,1,19.347940,1.986800,16340,1061,16
70510,19,0,5,25,1,19.350284,1.987074,16343,1061,16
70520,17,6,3,27,1,19.351855,1.987222,16349,1061,16
70530,15,3,7,26,1,19.352446,1.987284,16349,1061,16
70540,12,4,0,17,1,19.353552,1.987433,16350,1061,16
70550,11,4,0,16,1,19.353896,1.987464,16351,1061,16
70560,14,4,9,28,1,19.354535,1.987490,16351,1061,16
70570,13,2,1,17,1,19.355595,1.987629,16351,1061,16
70580,13,16,1,31,1,19.355981,1.987615,16351,1061,16
70590,17,18,12,48,1,19.358474,1.987834,16356,1065,16
70600,17,2,4,24,1,19.360834,1.988138,16361,1068,16
70610,4,1,1,7,1,19.360241,1.988093,16369,1068,16
70620,5,6,3,15,1,19.359173,1.988036,16369,1068,16
70630,9,0,2,12,1,19.358388,1.987942,16369,1068,16
70640,16,5,3,25,1,19.358109,1.987869,16369,1068,16
70650,4,2,1,8,1,19.358383,1.987901,16370,1068,16
70660,1,0,1,3,1,19.356162,1.987662,16370,1068,16
70670,18,4,4,27,1,19.355550,1.987528,16370,1068,16
70680,1,3,1,6,1,19.355702,1.987565,16371,1068,16
70690,7,3,4,15,1,19.353586,1.987361,16371,1068,16
70700,7,3,3,14,1,19.352135,1.987152,16371,1068,16
70710,18,20,5,44,1,19.354750,1.987396,16383,1073,16
70720,15,6,4,26,1,19.357060,1.987651,16396,1078,16
70730,13,12,6,32,1,19.358647,1.987784,16397,1078,16
70740,6,3,3,13,1,19.357739,1.987720,16397,1078,16
70750,6,5,0,12,1,19.356196,1.987540,16397,1078,16
70760,13,11,3,28,1,19.357278,1.987595,16397,1078,16
70770,18,8,10,37,1,19.359850,1.987860,16405,1078,16
70780,15,10,5,31,1,19.361683,1.988124,16413,1078,16
70790,16,11,5,33,1,19.361936,1.988134,16413,1078,16
70800,19,12,3,35,1,19.364531,1.988404,16425,1078,16
70810,18,7,2,28,1,19.366299,1.988590,16430,1078,16
70820,16,12,1,30,1,19.366845,1.988610,16430,1078,16
70830,1,0,0,2,1,19.365912,1.988541,16430,1078,16
70840,8,3,1,13,1,19.364549,1.988376,16430,1078,16
70850,15,16,0,32,1,19.364285,1.988310,16430,1078,16
70860,20,5,6,32,1,19.366014,1.988483,16436,1078,16
70870,20,16,5,42,1,19.368486,1.988723,16439,1078,16
70880,19,10,6,36,1,19.370972,1.988977,16446,1078,16
70890,20,11,1,33,1,19.372899,1.989196,16452,1078,16
70900,20,15,8,44,1,19.375619,1.989508,16467,1078,16
70910,20,17,13,51,1,19.379451,1.989920,16495,1085,16
70920,20,17,3,41,1,19.383074,1.990325,16508,1085,16
70930,19,15,11,46,1,19.386669,1.990721,16520,1088,16
70940,5,4,1,11,1,19.386897,1.990751,16521,1088,16
70950,7,3,0,11,1,19.386149,1.990629,16521,1088,16
70960,7,4,2,14,1,19.384402,1.990454,16521,1088,16
70970,12,9,4,26,1,19.385479,1.990548,16533,1088,16
70980,16,7,5,29,1,19.386973,1.990703,16537,1088,16
70990,18,11,2,32,1,19.388738,1.990859,16537,1088,16
71000,11,3,5,20,1,19.389751,1.990967,16544,1088,16
71010,11,6,6,24,1,19.391503,1.991169,16550,1088,16
71020,15,7,9,32,1,19.391911,1.991186,16550,1088,16
71030,17,14,7,39,1,19.394589,1.991491,16567,1088,16
71040,18,9,4,32,1,19.396056,1.991654,16574,1088,16
71050,0,1,2,4,1,19.395278,1.991601,16574,1088,16
71060,0,0,0,0,0,19.392975,1.991391,16574,1088,16
71070,2,8,2,13,1,19.391321,1.991231,16574,1088,16
71080,0,0,0,0,0,19.389840,1.991075,16574,1088,16
71090,0,0,0,1,1,19.387444,1.990864,16574,1088,16
71100,0,0,0,1,1,19.385205,1.990635,16574,1088,16
71110,11,14,8,34,1,19.385206,1.990605,16574,1088,16
71120,14,4,2,21,1,19.386719,1.990779,16577,1088,16
71130,15,8,0,24,1,19.388020,1.990902,16577,1088,16
71140,19,2,13,35,1,19.389887,1.991069,16580,1088,16
71150,2,0,0,3,1,19.388945,1.991011,16583,1088,16
71160,3,3,0,7,1,19.386916,1.990800,16583,1088,16
71170,10,7,2,20,1,19.386550,1.990718,16583,1088,16
71180,6,2,1,10,1,19.385607,1.990648,16583,1088,16
71190,2,2,1,6,1,19.384048,1.990495,16583,1088,16
71200,1,1,0,3,1,19.381867,1.990304,16583,1088,16
71210,10,1,2,14,1,19.380323,1.990189,16583,1088,16
71220,12,6,0,19,1,19.379725,1.990103,16583,1088,16
71230,14,7,3,25,1,19.380054,1.990124,16583,1088,16
71240,11,5,5,22,1,19.380931,1.990220,16586,1088,16
71250,19,2,8,30,1,19.381938,1.990293,16589,1088,16
71260,17,4,7,29,1,19.383714,1.990465,16595,1088,16
71270,15,11,12,39,1,19.385406,1.990632,16605,1088,16
71280,19,14,10,44,1,19.388267,1.990929,16619,1088,16
71290,20,10,5,36,1,19.391864,1.991303,16636,1090,16
71300,20,12,9,42,1,19.394477,1.991561,16645,1094,16
71310,13,3,1,18,1,19.395755,1.991716,16648,1094,16
71320,4,1,2,8,1,19.395682,1.991715,16648,1094,16
71330,6,3,1,11,1,19.394501,1.991607,16648,1094,16
71340,6,16,2,25,1,19.393726,1.991525,16648,1094,16
71350,20,16,2,39,1,19.395826,1.991751,16658,1094,16
71360,14,17,6,38,1,19.397653,1.991942,16664,1094,16
71370,19,12,3,35,1,19.399028,1.992070,16664,1094,16
71380,19,17,7,44,1,19.402039,1.992406,16669,1096,16
71390,16,11,7,35,1,19.405530,1.992737,16681,1098,16
71400,18,16,7,42,1,19.408386,1.993037,16688,1098,16
71410,11,5,4,21,1,19.410315,1.993265,16688,1098,16
71420,20,10,6,37,1,19.411865,1.993431,16697,1098,16
71430,10,10,2,23,1,19.412589,1.993552,16697,1098,16
71440,12,5,0,18,1,19.412733,1.993574,16697,1098,16
71450,14,6,1,22,1,19.413582,1.993651,16699,1098,16
71460,13,8,2,24,1,19.414427,1.993736,16699,1098,16
71470,8,0,4,13,1,19.413273,1.993644,16699,1098,16
71480,3,2,1,7,1,19.412140,1.993543,16699,1098,16
71490,4,6,2,13,1,19.410234,1.993363,16699,1098,16
71500,2,2,3,8,1,19.408428,1.993198,16699,1098,16
71510,6,9,1,17,1,19.407057,1.993044,16699,1098,16
71520,2,1,0,4,1,19.405464,1.992879,16699,1098,16
71530,0,0,0,1,1,19.403234,1.992614,16699,1098,16
71540,6,7,1,15,1,19.402023,1.992465,16699,1098,16
71550,2,2,0,5,1,19.400301,1.992301,16699,1098,16
71560,0,1,0,2,1,19.398021,1.992096,16699,1098,16
71570,0,2,1,4,1,19.395875,1.991862,16699,1098,16
71580,0,1,0,2,1,19.393720,1.991665,16699,1098,16
71590,2,0,0,3,1,19.391855,1.991520,16699,1098,16
71600,1,0,2,4,1,19.389482,1.991300,16699,1098,16
71610,3,6,3,13,1,19.388821,1.991202,16699,1098,16
71620,13,7,14,35,1,19.388871,1.991197,16699,1098,16
71630,13,14,3,31,1,19.389706,1.991295,16699,1098,16
71640,16,9,1,27,1,19.391593,1.991490,16699,1098,16
71650,14,7,6,28,1,19.393685,1.991720,16707,1098,16
71660,16,6,2,25,1,19.395321,1.991895,16713,1098,16
71670,17,9,3,30,1,19.396670,1.992020,16715,1098,16
71680,11,4,3,19,1,19.395970,1.991972,16715,1098,16
71690,3,1,3,8,1,19.395044,1.991896,16715,1098,16
71700,0,0,0,0,0,19.392607,1.991658,16715,1098,16
71710,0,0,1,2,1,19.390787,1.991446,16715,1098,16
71720,4,4,3,12,1,19.388927,1.991231,16715,1098,16
71730,1,1,0,3,1,19.386712,1.991055,16715,1098,16
71740,0,0,0,0,0,19.384327,1.990803,16715,1098,16
71750,4,5,4,14,1,19.382427,1.990603,16715,1098,16
71760,1,0,0,2,1,19.380822,1.990431,16715,1098,16
71770,0,0,0,0,0,19.378605,1.990227,16715,1098,16
71780,3,0,2,6,1,19.376571,1.990036,16715,1098,16
71790,16,5,2,24,1,19.376469,1.990007,16715,1098,16
71800,2,1,0,4,1,19.376006,1.989975,16715,1098,16
71810,8,6,8,23,1,19.374630,1.989812,16715,1098,16
71820,6,4,5,16,1,19.373903,1.989761,16715,1098,16
71830,16,6,0,23,1,19.373859,1.989720,16716,1098,16
71840,16,5,1,23,1,19.374937,1.989823,16719,1098,16
71850,11,19,4,35,1,19.377898,1.990114,16732,1107,16
71860,11,3,3,18,1,19.378681,1.990221,16732,1108,16
71870,11,5,4,21,1,19.379118,1.990267,16732,1108,16
71880,10,6,3,20,1,19.379365,1.990280,16732,1108,16
71890,2,4,0,7,1,19.377556,1.990109,16732,1108,16
71900,1,2,2,6,1,19.375516,1.989892,16732,1108,16
71910,3,0,0,4,1,19.373473,1.989652,16732,1108,16
71920,14,14,2,31,1,19.373851,1.989615,16732,1108,16
71930,2,3,0,6,1,19.372529,1.989537,16732,1108,16
71940,0,0,1,2,1,19.370128,1.989346,16732,1108,16
71950,10,4,1,16,1,19.368473,1.989188,16732,1108,16
71960,19,8,5,33,1,19.368952,1.989204,16733,1108,16
71970,13,9,12,35,1,19.371087,1.989422,16734,1108,16
71980,15,10,4,30,1,19.372654,1.989624,16734,1108,16
71990,9,7,2,19,1,19.373472,1.989720,16734,1108,16
72000,7,6,1,15,1,19.372508,1.989645,16734,1108,16
72010,10,7,3,21,1,19.372045,1.989612,16734,1108,16
72020,6,11,0,18,1,19.372531,1.989621,16734,1108,16
72030,6,4,3,14,1,19.372233,1.989588,16734,1108,16
72040,19,5,3,28,1,19.372514,1.989613,16737,1108,16
72050,9,4,4,18,1,19.372002,1.989561,16738,1108,16
72060,7,5,3,16,1,19.371520,1.989501,16738,1108,16
72070,1,1,1,4,1,19.370432,1.989396,16738,1108,16
72080,8,15,5,29,1,19.371000,1.989433,16749,1108,16
72090,15,12,12,40,1,19.373202,1.989609,16759,1108,16
72100,0,0,0,1,1,19.373745,1.989726,16766,1108,16
72110,0,0,0,0,0,19.371777,1.989510,16766,1108,16
72120,9,0,1,11,1,19.369744,1.989328,16766,1108,16
72130,7,2,3,13,1,19.369578,1.989258,16766,1108,16
72140,5,2,0,8,1,19.368160,1.989111,16766,1108,16
72150,13,7,1,22,1,19.366784,1.988939,16766,1108,16
72160,9,3,3,16,1,19.366345,1.988915,16766,1108,16
72170,2,0,1,4,1,19.364650,1.988759,16766,1108,16
72180,1,0,1,3,1,19.362602,1.988524,16766,1108,16
72190,10,6,1,18,1,19.361358,1.988389,16766,1108,16
72200,4,7,2,14,1,19.361801,1.988402,16767,1108,16
72210,18,10,6,35,1,19.362880,1.988477,16768,1108,16
72220,13,17,4,35,1,19.364941,1.988692,16772,1108,16
72230,15,4,3,23,1,19.365872,1.988812,16772,1108,16
72240,12,8,2,23,1,19.366408,1.988876,16772,1108,16
72250,13,8,3,25,1,19.366858,1.988907,16772,1108,16
72260,19,11,6,37,1,19.368142,1.989048,16775,1108,16
72270,16,4,5,26,1,19.369305,1.989217,16776,1108,16
72280,18,4,1,24,1,19.370652,1.989370,16783,1108,16
72290,9,7,2,19,1,19.371143,1.989408,16783,1108,16
72300,14,17,5,37,1,19.371990,1.989467,16787,1108,16
72310,16,9,10,36,1,19.373603,1.989589,16787,1108,16
72320,5,9,4,19,1,19.374341,1.989683,16789,1108,16
72330,5,8,6,20,1,19.375431,1.989793,16791,1108,16
72340,17,16,8,42,1,19.376895,1.989876,16791,1108,16
72350,8,14,4,27,1,19.379740,1.990234,16799,1109,16
72360,12,9,2,24,1,19.380376,1.990290,16800,1109,16
72370,8,3,1,13,1,19.380040,1.990267,16800,1109,16
72380,5,3,4,13,1,19.378742,1.990158,16800,1109,16
72390,5,2,0,8,1,19.376549,1.989903,16800,1109,16
72400,11,6,6,24,1,19.376301,1.989856,16800,1109,16
72410,13,7,1,22,1,19.376942,1.989928,16800,1109,16
72420,0,1,0,2,1,19.375983,1.989879,16800,1109,16
72430,3,4,1,9,1,19.373932,1.989686,16800,1109,16
72440,11,1,4,17,1,19.373224,1.989566,16800,1109,16
72450,0,2,2,5,1,19.371760,1.989417,16800,1109,16
72460,2,1,0,4,1,19.369611,1.989155,16800,1109,16
72470,0,0,0,1,1,19.367351,1.988972,16800,1109,16
72480,9,2,0,12,1,19.365328,1.988788,16800,1109,16
72490,5,3,0,9,1,19.363617,1.988608,16800,1109,16
72500,0,0,0,1,1,19.361254,1.988400,16800,1109,16
72510,1,0,1,3,1,19.359106,1.988180,16800,1109,16
72520,14,7,2,24,1,19.357391,1.988002,16800,1109,16
72530,14,3,3,21,1,19.357455,1.988055,16800,1109,16
72540,17,4,1,23,1,19.358048,1.988139,16802,1109,16
72550,10,2,0,13,1,19.358209,1.988160,16802,1109,16
72560,1,2,0,4,1,19.356158,1.988004,16802,1109,16
72570,1,1,0,3,1,19.354224,1.987795,16802,1109,16
72580,5,8,0,14,1,19.352519,1.987578,16802,1109,16
72590,9,0,2,12,1,19.351848,1.987485,16802,1109,16
72600,11,2,1,15,1,19.349836,1.987297,16802,1109,16
72610,8,7,0,16,1,19.349486,1.987253,16802,1109,16
72620,10,6,7,24,1,19.349004,1.987194,16802,1109,16
72630,2,6,0,9,1,19.348227,1.987075,16802,1109,16
72640,4,6,0,11,1,19.347261,1.986974,16802,1109,16
72650,3,0,2,6,1,19.345826,1.986831,16802,1109,16
72660,0,0,1,2,1,19.343905,1.986635,16802,1109,16
72670,0,0,2,3,1,19.342172,1.986483,16802,1109,16
72680,4,1,0,6,1,19.339982,1.986254,16802,1109,16
72690,8,2,3,14,1,19.339237,1.986144,16802,1109,16
72700,3,6,4,14,1,19.338699,1.986071,16802,1109,16
72710,1,2,1,5,1,19.337258,1.985977,16802,1109,16
72720,12,3,5,21,1,19.336889,1.985864,16802,1109,16
72730,20,7,4,32,1,19.337835,1.985934,16805,1109,16
72740,11,7,6,25,1,19.339044,1.986060,16809,1109,16
72750,17,4,2,24,1,19.340270,1.986175,16809,1109,16
72760,5,5,3,14,1,19.340696,1.986209,16810,1109,16
72770,13,0,3,17,1,19.340864,1.986227,16812,1109,16
72780,11,12,2,26,1,19.341716,1.986274,16816,1109,16
72790,1,1,0,3,1,19.340683,1.986230,16816,1109,16
72800,7,2,2,12,1,19.339256,1.986074,16816,1109,16
72810,11,3,4,19,1,19.338750,1.986031,16816,1109,16
72820,17,10,2,30,1,19.338907,1.986001,16816,1109,16
72830,10,7,5,23,1,19.339892,1.986117,16818,1109,16
72840,1,1,1,4,1,19.339048,1.986062,16818,1109,16
72850,0,0,0,0,0,19.336631,1.985849,16818,1109,16
72860,5,6,0,12,1,19.335054,1.985640,16818,1109,16
72870,2,0,1,4,1,19.333024,1.985444,16818,1109,16
72880,5,2,9,17,1,19.331245,1.985259,16818,1109,16
72890,10,7,8,26,1,19.330716,1.985173,16818,1109,16
72900,8,3,1,13,1,19.330877,1.985207,16818,1109,16
72910,19,10,9,39,1,19.332506,1.985322,16830,1109,16
72920,7,6,2,16,1,19.334613,1.985562,16836,1109,16
72930,15,6,3,25,1,19.335312,1.985607,16837,1109,16
72940,3,2,2,8,1,19.335113,1.985610,16837,1109,16
72950,14,3,2,20,1,19.334969,1.985602,16837,1109,16
72960,17,5,3,26,1,19.335920,1.985683,16842,1109,16
72970,14,7,7,29,1,19.337458,1.985809,16847,1109,16
72980,16,17,4,38,1,19.339807,1.986046,16854,1109,16
72990,12,9,5,27,1,19.342086,1.986328,16863,1111,16
73000,11,7,7,26,1,19.342332,1.986388,16863,1111,16
73010,2,3,0,6,1,19.341918,1.986414,16863,1111,16
73020,9,5,3,18,1,19.340443,1.986252,16863,1111,16
73030,9,5,3,18,1,19.340923,1.986269,16863,1111,16
73040,10,0,2,13,1,19.341419,1.986332,16865,1111,16
73050,1,0,0,2,1,19.339657,1.986191,16865,1111,16
73060,3,1,1,6,1,19.337710,1.986009,16865,1111,16
73070,2,4,1,8,1,19.336018,1.985825,16865,1111,16
73080,3,5,1,10,1,19.333795,1.985620,16865,1111,16
73090,3,2,1,7,1,19.332292,1.985419,16865,1111,16
73100,1,0,0,2,1,19.330137,1.985222,16865,1111,16
73110,3,0,0,4,1,19.328127,1.985011,16865,1111,16
73120,2,2,2,7,1,19.326009,1.984825,16865,1111,16
73130,2,1,0,4,1,19.323843,1.984612,16865,1111,16
73140,0,0,0,1,1,19.321406,1.984396,16865,1111,16
73150,19,4,6,30,1,19.319885,1.984218,16865,1111,16
73160,18,7,2,28,1,19.320850,1.984344,16868,1111,16
73170,0,2,0,3,1,19.320351,1.984310,16868,1111,16
73180,5,6,2,14,1,19.319387,1.984148,16868,1111,16
73190,5,4,2,12,1,19.318565,1.984051,16868,1111,16
73200,6,0,2,9,1,19.317445,1.983923,16868,1111,16
73210,4,0,0,5,1,19.316309,1.983821,16868,1111,16
73220,9,2,1,13,1,19.315033,1.983716,16868,1111,16
73230,9,4,1,15,1,19.316667,1.983888,16872,1112,16
73240,20,16,12,49,1,19.318990,1.984086,16880,1117,16
73250,19,17,8,45,1,19.322473,1.984442,16890,1119,16
73260,20,14,4,39,1,19.325138,1.984722,16902,1119,16
73270,16,9,8,34,1,19.327704,1.985034,16916,1119,16
73280,13,9,1,24,1,19.329233,1.985206,16929,1119,16
73290,20,13,8,42,1,19.331238,1.985387,16944,1119,16
73300,16,15,12,44,1,19.334290,1.985716,16958,1120,16
73310,19,10,3,33,1,19.337500,1.986066,16970,1120,16
73320,15,9,1,26,1,19.339652,1.986285,16979,1120,16
73330,14,6,2,23,1,19.341134,1.986436,16984,1120,16
73340,15,4,2,22,1,19.341837,1.986534,16984,1120,16
73350,20,13,4,38,1,19.344001,1.986730,16989,1120,16
73360,17,12,2,32,1,19.346849,1.987026,16995,1124,16
73370,4,1,1,7,1,19.345582,1.986905,16995,1124,16
73380,0,2,0,3,1,19.343763,1.986711,16995,1124,16
73390,6,3,1,11,1,19.341764,1.986490,16995,1124,16
73400,8,6,5,20,1,19.340626,1.986360,16995,1124,16
73410,12,2,5,20,1,19.340157,1.986338,16995,1124,16
73420,5,1,4,11,1,19.338746,1.986169,16995,1124,16
73430,1,4,1,7,1,19.337221,1.985977,16995,1124,16
73440,3,2,3,9,1,19.335308,1.985790,16995,1124,16
73450,3,3,0,7,1,19.333204,1.985603,16995,1124,16
73460,13,11,3,28,1,19.332407,1.985489,16995,1124,16
73470,19,13,4,37,1,19.334453,1.985683,16997,1124,16
73480,12,6,2,21,1,19.336456,1.985921,17003,1124,16
73490,14,6,3,24,1,19.336513,1.985914,17003,1124,16
73500,16,7,5,29,1,19.337789,1.986057,17015,1124,16
73510,11,7,3,22,1,19.339554,1.986234,17030,1124,16
73520,9,4,3,17,1,19.340126,1.986315,17030,1124,16
73530,17,7,0,25,1,19.339782,1.986267,17030,1124,16
73540,3,0,0,4,1,19.341151,1.986398,17033,1124,16
73550,3,2,0,6,1,19.339472,1.986221,17033,1124,16
73560,16,11,4,32,1,19.338872,1.986127,17033,1124,16
73570,17,8,7,33,1,19.340540,1.986288,17034,1124,16
73580,7,5,0,13,1,19.341361,1.986426,17038,1124,16
73590,11,3,7,22,1,19.340735,1.986374,17038,1124,16
73600,12,4,5,22,1,19.341013,1.986384,17041,1124,16
73610,12,9,4,26,1,19.341562,1.986422,17042,1124,16
73620,4,4,5,14,1,19.341945,1.986463,17043,1124,16
73630,13,11,4,29,1,19.342625,1.986500,17044,1124,16
73640,10,16,1,28,1,19.344790,1.986740,17052,1125,16
73650,19,12,6,38,1,19.346604,1.986911,17053,1125,16
73660,6,0,4,11,1,19.347218,1.987025,17055,1125,16
73670,4,1,0,6,1,19.345549,1.986824,17055,1125,16
73680,0,1,1,3,1,19.343221,1.986605,17055,1125,16
73690,2,0,2,5,1,19.340802,1.986402,17055,1125,16
73700,5,4,2,12,1,19.339420,1.986236,17055,1125,16
73710,3,2,4,10,1,19.338701,1.986175,17055,1125,16
73720,9,3,1,14,1,19.337844,1.986090,17055,1125,16
73730,8,3,3,15,1,19.338020,1.986082,17055,1125,16
73740,13,12,2,28,1,19.339328,1.986217,17062,1125,16
73750,19,7,8,35,1,19.340782,1.986351,17064,1125,16
73760,17,19,8,45,1,19.343873,1.986644,17073,1134,16
73770,15,10,6,32,1,19.346533,1.986974,17089,1134,16
73780,17,5,1,24,1,19.348741,1.987202,17096,1136,16
73790,16,6,3,26,1,19.350047,1.987326,17103,1136,16
73800,9,8,3,21,1,19.350258,1.987384,17103,1136,16
73810,11,6,5,23,1,19.350836,1.987403,17105,1136,16
73820,6,3,1,11,1,19.350623,1.987407,17105,1136,16
73830,0,0,0,1,1,19.349138,1.987297,17105,1136,16
73840,1,1,1,4,1,19.347308,1.987102,17105,1136,16
73850,6,7,2,16,1,19.345878,1.986965,17105,1136,16
73860,5,6,3,15,1,19.345570,1.986934,17105,1136,16
73870,15,16,6,38,1,19.345831,1.986917,17108,1136,16
73880,14,4,5,24,1,19.347132,1.987069,17111,1136,16
73890,16,5,5,27,1,19.348225,1.987177,17111,1136,16
73900,13,5,2,21,1,19.348555,1.987192,17113,1136,16
73910,13,6,0,20,1,19.349042,1.987249,17113,1136,16
73920,9,3,6,19,1,19.349419,1.987302,17113,1136,16
73930,2,5,0,8,1,19.347751,1.987170,17113,1136,16
73940,2,0,0,3,1,19.345811,1.986978,17113,1136,16
73950,6,4,1,12,1,19.344601,1.986835,17113,1136,16
73960,5,4,1,11,1,19.343238,1.986682,17113,1136,16
73970,16,3,5,25,1,19.342327,1.986562,17113,1136,16
73980,12,12,4,29,1,19.343794,1.986711,17119,1136,16
73990,19,10,2,32,1,19.346279,1.986970,17133,1136,16
74000,16,14,9,40,1,19.348146,1.987144,17145,1136,16
74010,18,16,7,42,1,19.349948,1.987297,17147,1136,16
74020,19,12,11,43,1,19.352558,1.987555,17158,1137,16
74030,16,13,5,35,1,19.354849,1.987783,17159,1137,16
74040,13,7,5,26,1,19.356036,1.987919,17161,1137,16
74050,16,13,5,35,1,19.357895,1.988075,17166,1137,16
74060,10,4,3,18,1,19.359125,1.988241,17173,1137,16
74070,11,0,5,17,1,19.358703,1.988207,17173,1137,16
74080,10,3,2,16,1,19.358383,1.988170,17173,1137,16
74090,4,7,2,14,1,19.358197,1.988160,17173,1137,16
74100,15,6,0,22,1,19.358043,1.988129,17173,1137,16
74110,0,1,2,4,1,19.356399,1.988027,17173,1137,16
74120,0,0,0,0,0,19.354665,1.987861,17173,1137,16
74130,1,5,4,11,1,19.352501,1.987659,17173,1137,16
74140,10,9,5,25,1,19.352150,1.987602,17173,1137,16
74150,5,1,0,7,1,19.351207,1.987509,17173,1137,16
74160,0,0,0,0,0,19.349197,1.987315,17173,1137,16
74170,1,6,1,9,1,19.347944,1.987170,17173,1137,16
74180,5,2,0,8,1,19.346370,1.987045,17173,1137,16
74190,7,1,3,12,1,19.345479,1.986925,17173,1137,16
74200,5,2,0,8,1,19.343347,1.986707,17173,1137,16
74210,1,6,3,11,1,19.341371,1.986516,17173,1137,16
74220,10,2,0,13,1,19.340270,1.986417,17173,1137,16
74230,15,5,7,28,1,19.340981,1.986453,17173,1137,16
74240,20,14,9,44,1,19.343249,1.986692,17189,1137,16
74250,11,8,0,20,1,19.345698,1.986986,17202,1137,16
74260,6,6,1,14,1,19.345227,1.986925,17202,1137,16
74270,4,1,2,8,1,19.343798,1.986807,17202,1137,16
74280,9,4,5,19,1,19.342706,1.986701,17202,1137,16
74290,20,10,7,38,1,19.344364,1.986867,17210,1137,16
74300,15,4,5,25,1,19.345911,1.987073,17216,1137,16
74310,12,8,2,23,1,19.347028,1.987208,17223,1137,16
74320,18,4,3,26,1,19.347978,1.987279,17226,1137,16
74330,2,2,0,5,1,19.347429,1.987262,17226,1137,16
74340,1,0,0,2,1,19.345192,1.987017,17226,1137,16
74350,0,0,1,2,1,19.343552,1.986872,17226,1137,16
74360,3,0,0,4,1,19.341624,1.986672,17226,1137,16
74370,1,4,2,8,1,19.340056,1.986517,17226,1137,16
74380,2,0,0,3,1,19.337723,1.986312,17226,1137,16
74390,10,1,0,12,1,19.336500,1.986190,17226,1137,16
74400,20,10,4,35,1,19.336984,1.986207,17226,1137,16
74410,15,13,3,32,1,19.338769,1.986389,17236,1137,16
74420,15,12,6,34,1,19.340960,1.986623,17246,1137,16
74430,2,1,0,4,1,19.339916,1.986536,17246,1137,16
74440,4,1,1,7,1,19.339003,1.986457,17246,1137,16
74450,6,3,1,11,1,19.336897,1.986269,17246,1137,16
74460,5,2,3,11,1,19.335276,1.986101,17246,1137,16
74470,4,2,2,9,1,19.334322,1.985996,17246,1137,16
74480,12,7,2,22,1,19.333349,1.985869,17246,1137,16
74490,0,0,0,1,1,19.331555,1.985727,17246,1137,16
74500,9,6,2,18,1,19.331133,1.985638,17246,1137,16
74510,15,1,6,23,1,19.332435,1.985762,17252,1137,16
74520,20,11,9,41,1,19.334231,1.985925,17255,1137,16
74530,14,6,0,21,1,19.336130,1.986168,17261,1137,16
74540,11,14,4,30,1,19.337627,1.986342,17270,1137,16
74550,18,14,9,42,1,19.339588,1.986531,17276,1137,16
74560,13,10,2,26,1,19.341585,1.986748,17285,1137,16
74570,19,13,1,34,1,19.343541,1.986952,17293,1141,16
74580,8,2,2,13,1,19.344719,1.987077,17295,1141,16
74590,1,0,1,3,1,19.342706,1.986931,17295,1141,16
74600,0,4,1,6,1,19.341147,1.986797,17295,1141,16
74610,4,3,1,9,1,19.339233,1.986587,17295,1141,16
74620,2,3,0,6,1,19.337279,1.986407,17295,1141,16
74630,0,0,0,1,1,19.335109,1.986215,17295,1141,16
74640,0,0,1,2,1,19.333457,1.986024,17295,1141,16
74650,0,0,0,1,1,19.331521,1.985805,17295,1141,16
74660,2,0,3,6,1,19.329732,1.985600,17295,1141,16
74670,0,2,0,3,1,19.327449,1.985385,17295,1141,16
74680,0,3,3,7,1,19.325339,1.985156,17295,1141,16
74690,0,0,0,0,0,19.323814,1.985008,17295,1141,16
74700,0,1,0,2,1,19.321624,1.984793,17295,1141,16
74710,4,2,3,10,1,19.319860,1.984615,17295,1141,16
74720,6,1,0,8,1,19.317795,1.984426,17295,1141,16
74730,6,4,2,13,1,19.316182,1.984228,17295,1141,16
74740,1,0,0,2,1,19.314723,1.984071,17295,1141,16
74750,10,8,2,21,1,19.314349,1.983990,17295,1141,16
74760,2,4,1,8,1,19.313836,1.983990,17295,1141,16
74770,0,0,0,1,1,19.311734,1.983805,17295,1141,16
74780,0,0,0,0,0,19.310119,1.983651,17295,1141,16
74790,7,0,1,9,1,19.308170,1.983463,17295,1141,16
74800,9,7,3,20,1,19.308204,1.983464,17295,1141,16
74810,20,11,5,37,1,19.309716,1.983596,17303,1141,16
74820,18,14,5,38,1,19.312007,1.983802,17314,1141,16
74830,13,12,4,30,1,19.313355,1.983956,17319,1141,16
74840,20,16,8,45,1,19.315777,1.984189,17321,1143,16
74850,18,13,6,38,1,19.317855,1.984422,17328,1144,16
74860,15,9,5,30,1,19.319761,1.984611,17341,1144,16
74870,10,4,2,17,1,19.320347,1.984683,17341,1144,16
74880,9,5,2,17,1,19.320719,1.984700,17341,1144,16
74890,7,0,0,8,1,19.319987,1.984613,17341,1144,16
74900,6,0,1,8,1,19.318192,1.984456,17341,1144,16
74910,0,1,1,3,1,19.316589,1.984290,17341,1144,16
74920,12,10,3,26,1,19.315884,1.984169,17341,1144,16
74930,15,7,6,29,1,19.317321,1.984285,17344,1144,16
74940,18,8,1,28,1,19.318537,1.984387,17347,1144,16
74950,15,8,6,30,1,19.320063,1.984547,17350,1144,16
74960,20,7,4,32,1,19.322793,1.984850,17364,1144,16
74970,12,7,8,28,1,19.324470,1.985015,17374,1144,16
74980,7,3,6,17,1,19.323711,1.984957,17374,1144,16
74990,19,10,3,33,1,19.324525,1.985020,17377,1144,16
75000,15,5,2,23,1,19.326028,1.985227,17393,1144,16
75010,10,3,1,15,1,19.326925,1.985299,17393,1144,16
75020,16,5,3,25,1,19.326949,1.985283,17395,1144,16
75030,19,13,7,40,1,19.328945,1.985464,17403,1144,16
75040,17,12,2,32,1,19.330245,1.985610,17405,1144,16
75050,20,14,3,38,1,19.332383,1.985874,17419,1144,16
75060,12,9,6,28,1,19.334284,1.986070,17424,1144,16
75070,8,9,5,23,1,19.335302,1.986151,17426,1144,16
75080,20,18,13,52,1,19.338045,1.986390,17442,1146,16
75090,16,16,3,36,1,19.341497,1.986792,17455,1148,16
75100,18,8,0,27,1,19.342881,1.986949,17461,1148,16
75110,14,10,3,28,1,19.343897,1.987079,17467,1148,16
75120,20,15,6,42,1,19.345840,1.987290,17476,1148,16
75130,17,6,2,26,1,19.347862,1.987534,17485,1151,16
75140,16,8,9,34,1,19.350005,1.987728,17492,1151,16
75150,18,9,5,33,1,19.351659,1.987923,17504,1151,16
75160,20,14,5,40,1,19.353410,1.988085,17516,1151,16
75170,11,8,5,25,1,19.354922,1.988266,17517,1151,16
75180,10,3,7,21,1,19.354775,1.988224,17517,1151,16
75190,8,2,1,12,1,19.354705,1.988210,17519,1151,16
75200,1,3,0,5,1,19.353310,1.988070,17519,1151,16
75210,1,0,0,2,1,19.351761,1.987907,17519,1151,16
75220,10,9,0,20,1,19.351393,1.987846,17519,1151,16
75230,20,17,2,40,1,19.352353,1.987880,17519,1151,16
75240,18,10,13,42,1,19.355149,1.988176,17529,1152,16
75250,20,10,5,36,1,19.357348,1.988411,17537,1152,16
75260,19,14,13,47,1,19.358951,1.988599,17546,1152,16
75270,20,18,5,44,1,19.362218,1.988960,17559,1153,16
75280,19,6,2,28,1,19.364010,1.989191,17565,1153,16
75290,7,10,5,23,1,19.364454,1.989256,17565,1153,16
75300,15,12,2,30,1,19.366081,1.989457,17583,1153,16
75310,11,3,1,16,1,19.366507,1.989521,17583,1153,16
75320,10,9,4,24,1,19.366684,1.989534,17583,1153,16
75330,20,10,3,34,1,19.367264,1.989595,17584,1153,16
75340,14,4,0,19,1,19.368068,1.989703,17588,1153,16
75350,16,7,2,26,1,19.368146,1.989682,17588,1153,16
75360,3,1,0,5,1,19.368534,1.989758,17588,1153,16
75370,4,1,2,8,1,19.366726,1.989557,17588,1153,16
75380,2,2,0,5,1,19.365064,1.989403,17588,1153,16
75390,18,8,4,31,1,19.365806,1.989461,17599,1153,16
75400,13,8,0,22,1,19.367420,1.989601,17606,1153,16
75410,13,7,7,28,1,19.368455,1.989692,17606,1153,16
75420,20,7,6,34,1,19.369862,1.989840,17610,1153,16
75430,1,5,1,8,1,19.370178,1.989912,17619,1153,16
75440,5,3,2,11,1,19.368189,1.989719,17619,1153,16
75450,9,0,0,10,1,19.366573,1.989521,17619,1153,16
75460,19,15,1,36,1,19.368035,1.989645,17623,1153,16
75470,16,8,1,26,1,19.369006,1.989776,17623,1153,16
75480,5,3,0,9,1,19.367958,1.989677,17623,1153,16
75490,17,10,7,35,1,19.368853,1.989702,17630,1153,16
75500,0,0,0,0,0,19.370203,1.989883,17637,1153,16
75510,10,2,2,15,1,19.368449,1.989687,17637,1153,16
75520,5,6,1,13,1,19.367068,1.989563,17637,1153,16
75530,11,3,10,25,1,19.366644,1.989487,17637,1153,16
75540,3,4,0,8,1,19.365606,1.989411,17637,1153,16
75550,13,6,1,21,1,19.364171,1.989238,17637,1153,16
75560,13,3,1,18,1,19.365084,1.989322,17640,1153,16
75570,3,3,1,8,1,19.364535,1.989285,17640,1153,16
75580,2,1,1,5,1,19.363038,1.989149,17640,1153,16
75590,0,0,0,1,1,19.361027,1.988919,17640,1153,16
75600,4,2,0,7,1,19.358974,1.988717,17640,1153,16
75610,4,0,2,7,1,19.357240,1.988526,17640,1153,16
75620,17,8,2,28,1,19.357400,1.988538,17641,1153,16
75630,3,4,0,8,1,19.356776,1.988453,17641,1153,16
75640,0,0,0,0,0,19.354621,1.988265,17641,1153,16
75650,1,1,0,3,1,19.352414,1.988104,17641,1153,16
75660,0,0,0,1,1,19.350408,1.987894,17641,1153,16
75670,19,2,5,27,1,19.350087,1.987840,17641,1153,16
75680,9,3,7,20,1,19.350950,1.987940,17641,1153,16
75690,15,4,4,24,1,19.351014,1.987940,17641,1153,16
75700,20,15,12,48,1,19.352680,1.988079,17647,1153,16
75710,11,9,0,21,1,19.354860,1.988312,17651,1153,16
75720,17,8,1,27,1,19.355746,1.988412,17651,1153,16
75730,0,0,0,0,0,19.355465,1.988403,17651,1153,16
75740,13,8,4,26,1,19.355075,1.988345,17651,1153,16
75750,17,15,3,36,1,19.356271,1.988442,17656,1153,16
75760,20,13,8,42,1,19.358467,1.988636,17659,1153,16
75770,19,17,13,50,1,19.361305,1.988907,17667,1156,16
75780,18,11,1,31,1,19.364448,1.989282,17673,1160,16
75790,19,11,9,40,1,19.366254,1.989431,17675,1160,16
75800,9,12,3,25,1,19.368065,1.989640,17680,1160,16
75810,19,6,8,34,1,19.370179,1.989823,17690,1160,16
75820,14,14,8,37,1,19.371446,1.989959,17690,1160,16
75830,13,8,3,25,1,19.374256,1.990268,17703,1161,16
75840,5,5,0,11,1,19.374374,1.990283,17703,1161,16
75850,0,1,0,2,1,19.372422,1.990084,17703,1161,16
75860,8,5,2,16,1,19.370514,1.989859,17703,1161,16
75870,17,8,1,27,1,19.370499,1.989850,17703,1161,16
75880,5,4,8,18,1,19.371014,1.989904,17706,1161,16
75890,3,2,0,6,1,19.369439,1.989738,17706,1161,16
75900,17,13,4,35,1,19.369836,1.989715,17710,1161,16
75910,16,17,2,36,1,19.372087,1.989958,17715,1161,16
75920,12,3,4,20,1,19.373227,1.990097,17718,1161,16
75930,14,6,2,23,1,19.372997,1.990078,17718,1161,16
75940,3,15,3,22,1,19.373406,1.990110,17720,1161,16
75950,1,6,3,11,1,19.371971,1.989990,17720,1161,16
75960,1,4,0,6,1,19.370890,1.989840,17720,1161,16
75970,9,6,5,21,1,19.370164,1.989739,17720,1161,16
75980,18,11,5,35,1,19.371198,1.989814,17727,1161,16
75990,15,6,4,26,1,19.371981,1.989903,17727,1161,16
76000,15,2,4,22,1,19.372764,1.990020,17730,1161,16
76010,4,0,1,6,1,19.372765,1.990024,17730,1161,16
76020,5,6,3,15,1,19.371106,1.989835,17730,1161,16
76030,11,7,1,20,1,19.371255,1.989825,17730,1161,16
76040,2,3,1,7,1,19.369551,1.989675,17730,1161,16
76050,2,0,0,3,1,19.368083,1.989554,17730,1161,16
76060,8,3,1,13,1,19.366399,1.989404,17730,1161,16
76070,3,3,2,9,1,19.364480,1.989240,17730,1161,16
76080,2,0,0,3,1,19.362659,1.989086,17730,1161,16
76090,7,1,5,14,1,19.360795,1.988928,17730,1161,16
76100,7,2,4,14,1,19.360682,1.988887,17730,1161,16
76110,12,0,2,15,1,19.360780,1.988933,17730,1161,16
76120,12,0,7,20,1,19.360567,1.988896,17730,1161,16
76130,5,2,0,8,1,19.359721,1.988826,17730,1161,16
76140,9,7,0,17,1,19.359449,1.988778,17730,1161,16
76150,3,6,0,10,1,19.359699,1.988802,17730,1161,16
76160,0,0,0,0,0,19.357714,1.988601,17730,1161,16
76170,1,0,0,2,1,19.355528,1.988410,17730,1161,16
76180,13,1,3,18,1,19.354380,1.988239,17730,1161,16
76190,7,1,0,9,1,19.354183,1.988228,17730,1161,16
76200,4,5,0,10,1,19.352500,1.988086,17730,1161,16
76210,3,1,1,6,1,19.351322,1.987963,17730,1161,16
76220,1,7,3,12,1,19.349187,1.987734,17730,1161,16
76230,9,5,5,20,1,19.349452,1.987746,17731,1161,16
76240,7,0,4,12,1,19.348702,1.987680,17731,1161,16
76250,19,6,3,29,1,19.349000,1.987664,17733,1161,16
76260,15,18,6,40,1,19.351176,1.987829,17739,1161,16
76270,5,8,2,16,1,19.352493,1.988024,17742,1165,16
76280,6,3,2,12,1,19.351454,1.987916,17742,1165,16
76290,8,0,3,12,1,19.351036,1.987858,17742,1165,16
76300,3,0,0,4,1,19.349404,1.987718,17742,1165,16
76310,9,5,1,16,1,19.347780,1.987520,17742,1165,16
76320,5,5,1,12,1,19.346540,1.987401,17742,1165,16
76330,11,4,5,21,1,19.347674,1.987484,17746,1165,16
76340,8,10,5,24,1,19.347950,1.987503,17746,1165,16
76350,11,0,4,16,1,19.349354,1.987626,17748,1165,16
76360,12,2,2,17,1,19.349576,1.987647,17748,1165,16
76370,0,0,0,0,0,19.348066,1.987523,17748,1165,16
76380,8,3,3,15,1,19.346303,1.987329,17748,1165,16
76390,2,0,0,3,1,19.345133,1.987223,17748,1165,16
76400,4,5,1,11,1,19.343457,1.987076,17748,1165,16
76410,0,0,0,0,0,19.341688,1.986930,17748,1165,16
76420,13,6,1,21,1,19.340993,1.986838,17748,1165,16
76430,0,0,0,1,1,19.340028,1.986751,17748,1165,16
76440,5,1,0,7,1,19.338460,1.986558,17748,1165,16
76450,6,0,0,7,1,19.336451,1.986350,17748,1165,16
76460,9,4,4,18,1,19.334975,1.986176,17748,1165,16
76470,0,0,0,0,0,19.334122,1.986121,17748,1165,16
76480,0,0,0,0,0,19.331850,1.985904,17748,1165,16
76490,0,0,0,1,1,19.329903,1.985703,17748,1165,16
76500,2,3,3,9,1,19.328111,1.985535,17748,1165,16
76510,4,4,3,12,1,19.326238,1.985333,17748,1165,16
76520,6,4,5,16,1,19.325457,1.985241,17748,1165,16
76530,6,5,1,13,1,19.324438,1.985102,17748,1165,16
76540,8,1,6,16,1,19.323342,1.984977,17748,1165,16
76550,7,2,1,11,1,19.322461,1.984867,17748,1165,16
76560,13,5,5,24,1,19.322692,1.984878,17751,1165,16
76570,5,1,4,11,1,19.323481,1.984954,17752,1165,16
76580,8,6,0,15,1,19.322963,1.984889,17752,1165,16
76590,5,6,1,13,1,19.321520,1.984747,17752,1165,16
76600,10,5,1,17,1,19.320779,1.984669,17752,1165,16
76610,10,6,5,22,1,19.321750,1.984735,17752,1165,16
76620,14,12,5,32,1,19.322003,1.984717,17752,1165,16
76630,15,2,1,19,1,19.323280,1.984852,17755,1165,16
76640,3,2,0,6,1,19.323286,1.984864,17755,1165,16
76650,5,2,0,8,1,19.321152,1.984672,17755,1165,16
76660,5,2,0,8,1,19.320324,1.984588,17755,1165,16
76670,8,5,1,15,1,19.319886,1.984552,17755,1165,16
76680,11,12,4,28,1,19.319867,1.984524,17755,1165,16
76690,8,7,3,19,1,19.320959,1.984621,17755,1165,16
76700,2,0,0,3,1,19.319448,1.984467,17755,1165,16
76710,0,4,2,7,1,19.317656,1.984244,17755,1165,16
76720,11,7,3,22,1,19.316043,1.984048,17755,1165,16
76730,9,10,5,25,1,19.316250,1.984041,17755,1165,16
76740,13,7,1,22,1,19.317417,1.984185,17755,1165,16
76750,17,11,11,40,1,19.319783,1.984376,17755,1168,16
76760,18,9,8,36,1,19.321683,1.984617,17760,1168,16
76770,15,10,2,28,1,19.322894,1.984759,17760,1168,16
76780,4,2,2,9,1,19.323828,1.984858,17760,1168,16
76790,9,8,1,19,1,19.323226,1.984803,17760,1168,16
76800,12,13,2,28,1,19.324428,1.984919,17766,1168,16
76810,18,19,8,46,1,19.327895,1.985247,17785,1172,16
76820,18,10,5,34,1,19.330727,1.985568,17798,1172,16
76830,17,5,5,28,1,19.332924,1.985808,17807,1172,16
76840,15,3,7,26,1,19.334137,1.985957,17808,1172,16
76850,9,5,1,16,1,19.334722,1.986021,17808,1172,16
76860,0,0,0,0,0,19.333872,1.985966,17808,1172,16
76870,7,10,1,19,1,19.331905,1.985763,17808,1172,16
76880,18,6,1,26,1,19.332356,1.985807,17808,1172,16
76890,20,12,9,42,1,19.334390,1.985993,17824,1172,16
76900,1,2,1,5,1,19.334407,1.986078,17832,1172,16
76910,7,4,1,13,1,19.333545,1.985930,17832,1172,16
76920,5,1,4,11,1,19.332326,1.985774,17832,1172,16
76930,4,5,0,10,1,19.331036,1.985658,17832,1172,16
76940,0,0,0,1,1,19.329411,1.985513,17832,1172,16
76950,5,4,1,11,1,19.327511,1.985313,17832,1172,16
76960,13,12,1,27,1,19.327288,1.985260,17832,1172,16
76970,4,4,1,10,1,19.328157,1.985387,17832,1172,16
76980,2,3,1,7,1,19.326167,1.985197,17832,1172,16
76990,9,5,3,18,1,19.325694,1.985117,17832,1172,16
77000,0,0,0,1,1,19.324688,1.985033,17832,1172,16
77010,9,9,2,21,1,19.323544,1.984883,17832,1172,16
77020,20,4,9,34,1,19.323998,1.984848,17834,1172,16
77030,14,3,2,20,1,19.325446,1.984992,17835,1172,16
77040,7,1,2,11,1,19.324082,1.984861,17835,1172,16
77050,3,2,2,8,1,19.322132,1.984672,17835,1172,16
77060,5,1,2,9,1,19.320791,1.984525,17835,1172,16
77070,3,4,1,9,1,19.319121,1.984413,17835,1172,16
77080,17,7,1,26,1,19.318140,1.984289,17835,1172,16
77090,6,10,0,17,1,19.318933,1.984363,17836,1172,16
77100,20,11,3,35,1,19.319534,1.984402,17836,1172,16
77110,10,6,1,18,1,19.320610,1.984569,17843,1172,16
77120,20,13,8,42,1,19.321096,1.984591,17843,1172,16
77130,20,3,2,26,1,19.323614,1.984893,17856,1172,16
77140,19,8,5,33,1,19.324710,1.985006,17862,1172,16
77150,9,7,1,18,1,19.324691,1.985006,17862,1172,16
77160,14,3,6,24,1,19.325126,1.985022,17862,1172,16
77170,10,6,2,19,1,19.326239,1.985116,17863,1172,16
77180,16,14,5,36,1,19.326689,1.985103,17864,1172,16
77190,16,8,1,26,1,19.328463,1.985296,17864,1172,16
77200,2,1,0,4,1,19.328157,1.985284,17864,1172,16
77210,1,1,0,3,1,19.325935,1.985094,17864,1172,16
77220,0,0,0,1,1,19.323785,1.984903,17864,1172,16
77230,7,2,2,12,1,19.322826,1.984798,17864,1172,16
77240,7,5,4,17,1,19.322430,1.984745,17864,1172,16
77250,16,9,6,32,1,19.322851,1.984799,17864,1172,16
77260,18,12,7,38,1,19.325090,1.985025,17877,1174,16
77270,4,1,2,8,1,19.325936,1.985139,17885,1174,16
77280,10,4,3,18,1,19.324165,1.984964,17885,1174,16
77290,11,1,3,16,1,19.324154,1.984937,17885,1174,16
77300,0,0,0,0,0,19.322792,1.984848,17885,1174,16
77310,3,3,0,7,1,19.321083,1.984676,17885,1174,16
77320,8,0,2,11,1,19.319918,1.984565,17885,1174,16
77330,1,0,0,2,1,19.318253,1.984411,17885,1174,16
77340,7,6,0,14,1,19.317965,1.984330,17885,1174,16
77350,15,8,0,24,1,19.318123,1.984360,17885,1174,16
77360,18,18,10,47,1,19.319955,1.984507,17895,1174,16
77370,20,9,10,40,1,19.323386,1.984873,17911,1178,16
77380,20,19,8,48,1,19.326546,1.985186,17928,1182,16
77390,12,13,12,38,1,19.329129,1.985468,17941,1186,16
77400,13,9,1,24,1,19.330932,1.985691,17948,1186,16
77410,15,10,4,30,1,19.331348,1.985737,17948,1186,16
77420,6,4,2,13,1,19.331572,1.985793,17948,1186,16
77430,4,1,1,7,1,19.329428,1.985597,17948,1186,16
77440,3,0,0,4,1,19.327840,1.985395,17948,1186,16
77450,9,3,1,14,1,19.326738,1.985262,17948,1186,16
77460,7,5,1,14,1,19.326234,1.985182,17948,1186,16
77470,15,3,3,22,1,19.325176,1.985061,17948,1186,16
77480,15,8,0,24,1,19.325350,1.985088,17951,1186,16
77490,20,7,2,30,1,19.327826,1.985367,17965,1186,16
77500,6,5,2,14,1,19.328544,1.985479,17966,1186,16
77510,5,2,3,11,1,19.328195,1.985459,17966,1186,16
77520,15,8,5,29,1,19.329682,1.985584,17975,1186,16
77530,10,3,1,15,1,19.329931,1.985650,17975,1186,16
77540,16,0,0,17,1,19.329083,1.985567,17975,1186,16
77550,18,8,4,31,1,19.329566,1.985612,17975,1186,16
77560,15,6,6,28,1,19.331161,1.985787,17982,1186,16
77570,2,4,2,9,1,19.331600,1.985862,17984,1186,16
77580,4,1,3,9,1,19.329973,1.985672,17984,1186,16
77590,19,8,7,35,1,19.331472,1.985798,17991,1186,16
77600,18,7,3,29,1,19.333222,1.986029,17994,1186,16
77610,10,7,6,24,1,19.334571,1.986171,18002,1186,16
77620,9,3,2,15,1,19.334477,1.986115,18002,1186,16
77630,15,7,0,23,1,19.333619,1.986004,18002,1186,16
77640,10,8,1,20,1,19.334452,1.986080,18002,1186,16
77650,0,0,0,1,1,19.333273,1.985983,18002,1186,16
77660,1,0,0,2,1,19.331395,1.985781,18002,1186,16
77670,0,0,7,8,1,19.329893,1.985622,18002,1186,16
77680,18,19,1,39,1,19.331055,1.985690,18008,1186,16
77690,20,12,8,41,1,19.332806,1.985863,18014,1186,16
77700,18,12,6,37,1,19.335272,1.986133,18022,1191,16
77710,9,4,4,18,1,19.336079,1.986217,18024,1191,16
77720,10,9,1,21,1,19.335901,1.986163,18024,1191,16
77730,15,12,7,35,1,19.337964,1.986368,18032,1192,16
77740,15,2,4,22,1,19.338842,1.986453,18032,1192,16
77750,10,6,4,21,1,19.338291,1.986379,18032,1192,16
77760,5,0,5,11,1,19.337798,1.986364,18032,1192,16
77770,5,1,0,7,1,19.336244,1.986223,18032,1192,16
77780,0,3,1,5,1,19.334239,1.986045,18032,1192,16
77790,12,12,3,28,1,19.334099,1.985955,18032,1192,16
77800,2,1,1,5,1,19.334688,1.986030,18047,1192,16
77810,0,0,1,2,1,19.333183,1.985863,18047,1192,16
77820,10,6,0,17,1,19.331573,1.985706,18047,1192,16
77830,13,3,7,24,1,19.331116,1.985660,18047,1192,16
77840,20,8,2,31,1,19.333088,1.985861,18057,1192,16
77850,20,11,7,39,1,19.334880,1.986057,18071,1192,16
77860,19,6,6,32,1,19.336624,1.986279,18087,1192,16
77870,13,5,0,19,1,19.337354,1.986355,18087,1192,16
77880,6,0,2,9,1,19.335974,1.986229,18087,1192,16
77890,0,0,0,1,1,19.334410,1.986072,18087,1192,16
77900,1,0,2,4,1,19.332684,1.985906,18087,1192,16
77910,9,6,1,17,1,19.331372,1.985723,18087,1192,16
77920,0,3,1,5,1,19.329811,1.985590,18087,1192,16
77930,0,0,0,0,0,19.328336,1.985468,18087,1192,16
77940,19,11,1,32,1,19.328304,1.985408,18088,1192,16
77950,20,4,2,27,1,19.329850,1.985575,18093,1192,16
77960,4,8,0,13,1,19.330032,1.985645,18093,1192,16
77970,7,3,2,13,1,19.328991,1.985526,18093,1192,16
77980,7,11,2,21,1,19.327990,1.985418,18093,1192,16
77990,17,6,3,27,1,19.328554,1.985477,18093,1192,16
78000,16,7,4,28,1,19.329457,1.985581,18096,1192,16
78010,18,12,9,40,1,19.331210,1.985760,18098,1192,16
78020,14,13,1,29,1,19.333380,1.985973,18105,1193,16
78030,11,9,1,22,1,19.334490,1.986091,18113,1193,16
78040,16,9,9,35,1,19.335082,1.986111,18115,1193,16
78050,12,11,3,27,1,19.336136,1.986236,18119,1193,16
78060,9,11,8,29,1,19.336366,1.986223,18119,1193,16
78070,14,9,2,26,1,19.336805,1.986243,18119,1193,16
78080,13,3,1,18,1,19.337109,1.986265,18119,1193,16
78090,4,3,4,12,1,19.337271,1.986285,18119,1193,16
78100,20,12,8,41,1,19.338470,1.986360,18123,1193,16
78110,11,10,3,25,1,19.339310,1.986423,18126,1193,16
78120,17,4,5,27,1,19.339746,1.986485,18126,1193,16
78130,8,3,4,16,1,19.339968,1.986529,18132,1193,16
78140,20,15,4,40,1,19.340404,1.986541,18137,1193,16
78150,15,9,3,28,1,19.341496,1.986639,18140,1193,16
78160,2,0,1,4,1,19.341456,1.986672,18140,1193,16
78170,2,3,2,8,1,19.339543,1.986487,18140,1193,16
78180,18,5,3,27,1,19.339705,1.986468,18140,1193,16
78190,12,8,1,22,1,19.340560,1.986546,18140,1193,16
78200,14,5,8,28,1,19.342007,1.986701,18151,1193,16
78210,18,12,5,36,1,19.344124,1.986870,18160,1193,16
78220,19,12,12,44,1,19.346536,1.987090,18166,1193,16
78230,9,11,6,27,1,19.348220,1.987282,18171,1193,16
78240,20,19,6,46,1,19.350300,1.987478,18176,1193,16
78250,16,12,3,32,1,19.352692,1.987785,18190,1193,16
78260,16,17,8,42,1,19.354099,1.987907,18190,1193,16
78270,20,8,8,37,1,19.356580,1.988183,18213,1193,16
78280,0,0,1,2,1,19.357352,1.988287,18217,1193,16
78290,3,8,4,16,1,19.355677,1.988111,18217,1193,16
78300,11,3,0,15,1,19.355294,1.988059,18217,1193,16
78310,1,0,0,2,1,19.354507,1.987966,18217,1193,16
78320,14,6,4,25,1,19.354245,1.987909,18217,1193,16
78330,14,8,3,26,1,19.354713,1.987945,18217,1193,16
78340,9,4,5,19,1,19.354488,1.987941,18217,1193,16
78350,11,2,5,19,1,19.354765,1.987960,18222,1193,16
78360,8,6,7,22,1,19.354325,1.987926,18222,1193,16
78370,19,9,9,38,1,19.355833,1.988061,18229,1193,16
78380,6,4,0,11,1,19.356828,1.988170,18232,1193,16
78390,16,8,3,28,1,19.356511,1.988104,18235,1193,16
78400,11,9,8,29,1,19.357336,1.988153,18236,1193,16
78410,2,0,1,4,1,19.357095,1.988145,18236,1193,16
78420,0,0,0,1,1,19.355765,1.988020,18236,1193,16
78430,12,5,2,20,1,19.355042,1.987918,18236,1193,16
78440,12,13,3,29,1,19.355710,1.987962,18238,1193,16
78450,13,5,8,27,1,19.356876,1.988087,18238,1193,16
78460,5,1,9,16,1,19.357194,1.988100,18238,1193,16
78470,13,0,2,16,1,19.357338,1.988119,18238,1193,16
78480,10,3,2,16,1,19.357880,1.988157,18240,1193,16
78490,1,3,0,5,1,19.357020,1.988090,18240,1193,16
78500,12,5,4,22,1,19.356616,1.987987,18240,1193,16
78510,2,2,0,5,1,19.355283,1.987870,18240,1193,16
78520,3,13,3,20,1,19.353724,1.987692,18240,1193,16
78530,13,0,2,16,1,19.353373,1.987655,18240,1193,16
78540,3,3,2,9,1,19.352258,1.987562,18240,1193,16
78550,9,4,1,15,1,19.351209,1.987455,18240,1193,16
78560,17,5,8,31,1,19.350634,1.987337,18240,1193,16
78570,6,5,0,12,1,19.350309,1.987302,18240,1193,16
78580,5,3,3,12,1,19.348706,1.987136,18240,1193,16
78590,4,0,0,5,1,19.347209,1.986981,18240,1193,16
78600,0,0,1,2,1,19.345543,1.986849,18240,1193,16
78610,5,4,2,12,1,19.343612,1.986639,18240,1193,16
78620,0,0,0,1,1,19.342096,1.986528,18240,1193,16
78630,4,1,5,11,1,19.339874,1.986327,18240,1193,16
78640,0,0,0,1,1,19.339076,1.986262,18240,1193,16
78650,0,0,1,2,1,19.337673,1.986106,18240,1193,16
78660,0,2,1,4,1,19.335553,1.985912,18240,1193,16
78670,0,0,0,0,0,19.333689,1.985719,18240,1193,16
78680,3,5,3,12,1,19.333638,1.985715,18240,1193,16
78690,0,2,6,9,1,19.332220,1.985611,18240,1193,16
78700,7,4,2,14,1,19.331898,1.985543,18240,1193,16
78710,20,5,8,34,1,19.333070,1.985644,18244,1193,16
78720,12,0,6,19,1,19.334413,1.985832,18246,1193,16
78730,11,3,3,18,1,19.333440,1.985728,18246,1193,16
78740,17,3,1,22,1,19.333735,1.985767,18248,1193,16
78750,14,3,1,19,1,19.333477,1.985769,18248,1193,16
78760,9,9,6,25,1,19.334136,1.985810,18248,1193,16
78770,10,0,0,11,1,19.333793,1.985817,18248,1193,16
78780,0,1,2,4,1,19.331739,1.985627,18248,1193,16
78790,4,2,1,8,1,19.330868,1.985565,18248,1193,16
78800,4,3,3,11,1,19.329968,1.985486,18248,1193,16
78810,3,0,0,4,1,19.328624,1.985318,18248,1193,16
78820,1,0,1,3,1,19.327133,1.985127,18248,1193,16
78830,11,8,1,21,1,19.325568,1.984959,18248,1193,16
78840,16,11,0,28,1,19.326907,1.985095,18253,1193,16
78850,19,9,5,34,1,19.329195,1.985373,18263,1193,16
78860,18,2,7,28,1,19.331256,1.985590,18266,1193,16
78870,14,2,1,18,1,19.332184,1.985705,18270,1193,16
78880,20,6,3,30,1,19.333095,1.985766,18270,1193,16
78890,12,10,6,29,1,19.334006,1.985834,18274,1193,16
78900,15,9,1,26,1,19.334642,1.985908,18275,1193,16
78910,12,18,11,42,1,19.336707,1.986101,18283,1199,16
78920,17,3,2,23,1,19.338026,1.986255,18284,1199,16
78930,19,6,3,29,1,19.338276,1.986279,18284,1199,16
78940,15,7,4,27,1,19.339351,1.986396,18285,1199,16
78950,7,6,3,17,1,19.339177,1.986361,18285,1199,16
78960,1,1,1,4,1,19.337542,1.986225,18285,1199,16
78970,0,0,0,1,1,19.336026,1.986098,18285,1199,16
78980,5,4,3,13,1,19.335432,1.986002,18285,1199,16
78990,1,4,3,9,1,19.335052,1.985985,18285,1199,16
79000,13,16,8,38,1,19.334636,1.985914,18285,1199,16
79010,20,14,11,46,1,19.337334,1.986187,18296,1204,16
79020,17,3,0,21,1,19.339378,1.986447,18312,1204,16
79030,14,9,0,24,1,19.340221,1.986504,18315,1204,16
79040,17,1,3,22,1,19.340787,1.986589,18315,1204,16
79050,10,14,8,33,1,19.341302,1.986609,18317,1204,16
79060,9,5,4,19,1,19.342563,1.986773,18329,1204,16
79070,16,6,1,24,1,19.343253,1.986837,18335,1204,16
79080,3,3,4,11,1,19.341870,1.986711,18335,1204,16
79090,9,0,2,12,1,19.340798,1.986623,18335,1204,16
79100,8,3,1,13,1,19.339531,1.986470,18335,1204,16
79110,2,4,1,8,1,19.339027,1.986412,18335,1204,16
79120,0,0,0,1,1,19.337285,1.986231,18335,1204,16
79130,0,0,0,1,1,19.335493,1.986048,18335,1204,16
79140,3,2,4,10,1,19.333713,1.985858,18335,1204,16
79150,4,0,0,5,1,19.331945,1.985678,18335,1204,16
79160,3,2,1,7,1,19.330248,1.985540,18335,1204,16
79170,0,0,0,0,0,19.328131,1.985332,18335,1204,16
79180,2,2,0,5,1,19.326339,1.985130,18335,1204,16
79190,8,4,1,14,1,19.325244,1.985001,18335,1204,16
79200,20,15,4,40,1,19.325943,1.985025,18335,1204,16
79210,14,17,4,36,1,19.327761,1.985220,18342,1204,16
79220,2,4,5,12,1,19.328506,1.985315,18347,1204,16
79230,5,3,2,11,1,19.327314,1.985196,18347,1204,16
79240,15,10,6,32,1,19.328272,1.985314,18347,1204,16
79250,18,5,4,28,1,19.329419,1.985425,18347,1204,16
79260,12,11,7,31,1,19.330157,1.985486,18347,1204,16
79270,20,11,8,40,1,19.332150,1.985679,18351,1204,16
79280,16,8,4,29,1,19.334350,1.985937,18359,1204,16
79290,17,8,7,33,1,19.334782,1.985956,18360,1204,16
79300,6,11,2,20,1,19.335888,1.986089,18365,1204,16
79310,12,13,4,30,1,19.337606,1.986269,18375,1204,16
79320,15,9,6,31,1,19.339266,1.986425,18382,1204,16
79330,15,4,1,21,1,19.340380,1.986514,18383,1204,16
79340,1,2,2,6,1,19.340201,1.986517,18383,1204,16
79350,8,3,0,12,1,19.338843,1.986366,18383,1204,16
79360,0,0,0,0,0,19.338208,1.986296,18383,1204,16
79370,8,14,3,26,1,19.337440,1.986185,18383,1204,16
79380,18,10,1,30,1,19.339043,1.986371,18386,1207,16
79390,0,2,0,3,1,19.338956,1.986373,18386,1207,16
79400,1,0,2,4,1,19.337268,1.986175,18386,1207,16
79410,10,1,2,14,1,19.336156,1.986083,18386,1207,16
79420,9,8,1,19,1,19.335616,1.986056,18386,1207,16
79430,3,4,2,10,1,19.335225,1.986038,18386,1207,16
79440,7,2,1,11,1,19.334553,1.985967,18386,1207,16
79450,13,7,2,23,1,19.334617,1.985977,18386,1207,16
79460,6,4,5,16,1,19.335660,1.986070,18387,1207,16
79470,2,1,0,4,1,19.334591,1.985981,18387,1207,16
79480,13,2,0,16,1,19.332982,1.985776,18387,1207,16
79490,19,14,0,34,1,19.333679,1.985810,18390,1207,16
79500,16,10,3,30,1,19.334527,1.985880,18392,1207,16
79510,18,15,6,40,1,19.335823,1.986032,18392,1207,16
79520,15,6,4,26,1,19.336734,1.986126,18392,1207,16
79530,11,5,0,17,1,19.337188,1.986169,18392,1207,16
79540,9,2,0,12,1,19.336152,1.986089,18392,1207,16
79550,3,1,4,9,1,19.334613,1.985950,18392,1207,16
79560,14,1,3,19,1,19.334334,1.985896,18392,1207,16
79570,7,0,1,9,1,19.333144,1.985780,18392,1207,16
79580,4,6,4,15,1,19.332238,1.985642,18392,1207,16
79590,12,8,0,21,1,19.332861,1.985702,18392,1207,16
79600,10,4,2,17,1,19.333015,1.985706,18392,1207,16
79610,1,7,2,11,1,19.331614,1.985581,18392,1207,16
79620,6,4,2,13,1,19.330529,1.985486,18392,1207,16
79630,3,5,1,10,1,19.328599,1.985314,18392,1207,16
79640,7,7,5,20,1,19.326970,1.985109,18392,1207,16
79650,6,2,4,13,1,19.326682,1.985078,18392,1207,16
79660,13,5,6,25,1,19.327517,1.985167,18394,1207,16
79670,6,1,0,8,1,19.327599,1.985158,18394,1207,16
79680,13,6,5,25,1,19.326760,1.985063,18394,1207,16
79690,20,15,10,46,1,19.327916,1.985098,18395,1207,16
79700,20,14,9,44,1,19.331003,1.985444,18415,1208,16
79710,11,11,4,27,1,19.333475,1.985763,18435,1208,16
79720,11,4,2,18,1,19.333356,1.985749,18435,1208,16
79730,9,4,0,14,1,19.332967,1.985749,18435,1208,16
79740,11,3,1,16,1,19.332318,1.985693,18435,1208,16
79750,16,3,5,25,1,19.332891,1.985738,18435,1208,16
79760,4,2,2,9,1,19.332429,1.985727,18436,1208,16
79770,1,2,1,5,1,19.330995,1.985583,18436,1208,16
79780,1,0,0,2,1,19.328976,1.985394,18436,1208,16
79790,0,0,1,2,1,19.327027,1.985213,18436,1208,16
79800,0,1,0,2,1,19.325096,1.985010,18436,1208,16
79810,1,2,6,10,1,19.323140,1.984810,18436,1208,16
79820,3,1,0,5,1,19.321522,1.984655,18436,1208,16
79830,8,4,4,17,1,19.320417,1.984530,18436,1208,16
79840,3,0,2,6,1,19.319087,1.984394,18436,1208,16
79850,3,4,0,8,1,19.317425,1.984242,18436,1208,16
79860,2,1,0,4,1,19.316655,1.984174,18436,1208,16
79870,2,1,0,4,1,19.315124,1.984031,18436,1208,16
79880,1,2,2,6,1,19.313019,1.983831,18436,1208,16
79890,1,0,0,2,1,19.311261,1.983659,18436,1208,16
79900,1,0,0,2,1,19.309907,1.983554,18436,1208,16
79910,3,5,1,10,1,19.308812,1.983470,18436,1208,16
79920,1,0,0,2,1,19.307475,1.983346,18436,1208,16
79930,7,0,1,9,1,19.305995,1.983190,18436,1208,16
79940,5,8,0,14,1,19.304173,1.982971,18436,1208,16
79950,2,3,1,7,1,19.302452,1.982808,18436,1208,16
79960,19,6,1,27,1,19.302831,1.982812,18436,1208,16
79970,15,13,4,33,1,19.303861,1.982893,18438,1208,16
79980,17,7,5,30,1,19.305641,1.983074,18445,1208,16
79990,12,8,3,24,1,19.306110,1.983113,18445,1208,16
80000,19,13,8,41,1,19.308167,1.983295,18453,1209,16
80010,20,13,7,41,1,19.311361,1.983608,18467,1212,16
80020,20,12,2,35,1,19.314347,1.983936,18476,1217,16
80030,19,19,11,50,1,19.317198,1.984212,18485,1221,16
80040,17,15,12,45,1,19.320228,1.984509,18493,1226,16
80050,20,9,7,37,1,19.322921,1.984797,18511,1226,16
80060,10,9,5,25,1,19.324988,1.985030,18521,1226,16
80070,0,0,0,1,1,19.323562,1.984938,18521,1226,16
80080,0,0,0,1,1,19.321902,1.984746,18521,1226,16
80090,3,4,7,15,1,19.320639,1.984607,18521,1226,16
80100,10,5,3,19,1,19.319265,1.984449,18521,1226,16
80110,6,2,4,13,1,19.319711,1.984495,18521,1226,16
80120,4,1,1,7,1,19.318721,1.984402,18521,1226,16
80130,9,1,1,12,1,19.317590,1.984256,18521,1226,16
80140,0,0,0,1,1,19.316247,1.984125,18521,1226,16
80150,8,4,1,14,1,19.314716,1.983943,18521,1226,16
80160,2,0,0,3,1,19.314856,1.983958,18521,1226,16
80170,7,0,0,8,1,19.313908,1.983867,18521,1226,16
80180,17,8,0,26,1,19.313692,1.983848,18522,1226,16
80190,11,13,4,29,1,19.314902,1.983948,18523,1226,16
80200,17,3,2,23,1,19.315745,1.984038,18527,1226,16
80210,6,4,0,11,1,19.315728,1.984047,18527,1226,16
80220,18,10,4,33,1,19.316360,1.984095,18532,1226,16
80230,14,6,0,21,1,19.316980,1.984190,18532,1226,16
80240,8,6,2,17,1,19.316465,1.984128,18532,1226,16
80250,0,1,1,3,1,19.315078,1.984030,18532,1226,16
80260,0,0,0,1,1,19.313910,1.983898,18532,1226,16
80270,5,0,0,6,1,19.312690,1.983743,18532,1226,16
80280,10,1,4,16,1,19.311409,1.983610,18532,1226,16
80290,17,12,4,34,1,19.312635,1.983693,18535,1226,16
80300,14,6,7,28,1,19.313102,1.983760,18539,1226,16
80310,14,8,2,25,1,19.314509,1.983928,18543,1226,16
80320,14,12,4,31,1,19.315400,1.984011,18543,1226,16
80330,12,10,5,28,1,19.317408,1.984223,18555,1226,16
80340,19,18,7,45,1,19.319216,1.984392,18564,1226,16
80350,18,11,5,35,1,19.321420,1.984657,18565,1228,16
80360,19,6,6,32,1,19.322233,1.984731,18572,1228,16
80370,12,10,4,27,1,19.323300,1.984814,18572,1228,16
80380,5,1,1,8,1,19.324025,1.984912,18572,1228,16
80390,0,0,1,2,1,19.322575,1.984746,18572,1228,16
80400,4,2,1,8,1,19.320927,1.984570,18572,1228,16
80410,2,0,1,4,1,19.318960,1.984387,18572,1228,16
80420,4,1,1,7,1,19.317187,1.984211,18572,1228,16
80430,0,2,0,3,1,19.315553,1.984062,18572,1228,16
80440,1,0,0,2,1,19.313337,1.983875,18572,1228,16
80450,0,0,0,0,0,19.311246,1.983669,18572,1228,16
80460,0,1,0,2,1,19.309496,1.983500,18572,1228,16
80470,0,1,0,2,1,19.307290,1.983330,18572,1228,16
80480,2,1,1,5,1,19.305624,1.983175,18572,1228,16
80490,0,0,0,0,0,19.303771,1.982986,18572,1228,16
80500,5,3,1,10,1,19.301772,1.982824,18572,1228,16
80510,0,1,0,2,1,19.300301,1.982661,18572,1228,16
80520,1,0,0,2,1,19.298868,1.982490,18572,1228,16
80530,13,3,0,17,1,19.298190,1.982396,18572,1228,16
80540,12,7,2,22,1,19.298177,1.982388,18572,1228,16
80550,18,7,1,27,1,19.298323,1.982373,18572,1228,16
80560,10,10,1,22,1,19.298463,1.982363,18572,1228,16
80570,10,6,1,18,1,19.298201,1.982317,18572,1228,16
80580,12,5,4,22,1,19.298652,1.982339,18572,1228,16
80590,10,4,2,17,1,19.298806,1.982351,18572,1228,16
80600,1,0,0,2,1,19.297522,1.982245,18572,1228,16
80610,9,1,4,15,1,19.295960,1.982045,18572,1228,16
80620,10,9,0,20,1,19.295435,1.981967,18572,1228,16
80630,16,11,7,35,1,19.296433,1.982075,18573,1228,16
80640,20,17,4,42,1,19.298443,1.982272,18578,1228,16
80650,7,8,4,20,1,19.299826,1.982433,18580,1228,16
80660,5,8,2,16,1,19.298929,1.982332,18580,1228,16
80670,17,15,0,33,1,19.299512,1.982337,18583,1228,16
80680,20,10,7,38,1,19.300680,1.982460,18589,1228,16
80690,15,18,6,40,1,19.303122,1.982709,18596,1228,16
80700,11,7,5,24,1,19.305863,1.983037,18603,1228,16
80710,12,3,6,22,1,19.305583,1.982997,18603,1228,16
80720,3,0,0,4,1,19.305351,1.982999,18603,1228,16
80730,4,1,1,7,1,19.303486,1.982816,18603,1228,16
80740,6,7,2,16,1,19.301696,1.982651,18603,1228,16
80750,7,2,0,10,1,19.301058,1.982589,18603,1228,16
80760,5,2,0,8,1,19.299908,1.982466,18603,1228,16
80770,3,1,2,7,1,19.298602,1.982346,18603,1228,16
80780,4,2,2,9,1,19.297374,1.982230,18603,1228,16
80790,7,4,3,15,1,19.295895,1.982087,18603,1228,16
80800,10,11,2,24,1,19.296076,1.982096,18603,1228,16
80810,1,1,1,4,1,19.294527,1.981968,18603,1228,16
80820,3,4,3,11,1,19.292680,1.981780,18603,1228,16
80830,0,2,1,4,1,19.290927,1.981653,18603,1228,16
80840,2,2,0,5,1,19.288913,1.981432,18603,1228,16
80850,16,11,5,33,1,19.288537,1.981377,18603,1228,16
80860,6,11,2,20,1,19.289017,1.981442,18603,1228,16
80870,13,5,4,23,1,19.289213,1.981440,18603,1228,16
80880,1,1,1,4,1,19.288816,1.981406,18603,1228,16
80890,0,1,0,2,1,19.287204,1.981284,18603,1228,16
80900,0,0,0,1,1,19.285128,1.981096,18603,1228,16
80910,2,6,3,12,1,19.283675,1.980923,18603,1228,16
80920,11,15,7,34,1,19.284389,1.980962,18603,1228,16
80930,10,7,3,21,1,19.285381,1.981057,18603,1228,16
80940,20,10,6,37,1,19.286885,1.981202,18617,1228,16
80950,20,17,2,40,1,19.289522,1.981502,18628,1230,16
80960,14,9,2,26,1,19.291102,1.981685,18641,1230,16
80970,19,10,5,35,1,19.292132,1.981769,18645,1230,16
80980,15,8,3,27,1,19.293313,1.981899,18651,1230,16
80990,6,2,2,11,1,19.293746,1.981944,18652,1230,16
81000,9,1,1,12,1,19.292039,1.981807,18652,1230,16
81010,6,3,3,13,1,19.291389,1.981752,18652,1230,16
81020,18,14,7,40,1,19.291739,1.981763,18655,1230,16
81030,14,3,1,19,1,19.292804,1.981899,18658,1230,16
81040,20,6,3,30,1,19.292983,1.981941,18660,1230,16
81050,14,12,5,32,1,19.294532,1.982146,18669,1230,16
81060,9,4,8,22,1,19.295463,1.982267,18669,1230,16
81070,5,5,0,11,1,19.295148,1.982223,18669,1230,16
81080,5,4,0,10,1,19.295171,1.982262,18669,1230,16
81090,12,3,4,20,1,19.293991,1.982124,18669,1230,16
81100,13,7,4,25,1,19.295050,1.982238,18678,1230,16
81110,14,7,4,26,1,19.296472,1.982390,18684,1230,16
81120,13,6,15,35,1,19.297705,1.982505,18686,1230,16
81130,10,6,8,25,1,19.299294,1.982702,18695,1230,16
81140,9,1,7,18,1,19.300443,1.982841,18706,1230,16
81150,10,5,0,16,1,19.300335,1.982813,18706,1230,16
81160,3,0,0,4,1,19.298797,1.982651,18706,1230,16
81170,10,6,1,18,1,19.297862,1.982533,18706,1230,16
81180,17,19,2,39,1,19.298642,1.982582,18707,1230,16
81190,14,2,2,19,1,19.300588,1.982825,18715,1230,16
81200,14,5,2,22,1,19.301162,1.982885,18715,1230,16
81210,7,2,1,11,1,19.299816,1.982790,18715,1230,16
81220,3,2,1,7,1,19.299039,1.982721,18715,1230,16
81230,4,5,3,13,1,19.297365,1.982542,18715,1230,16
81240,4,2,3,10,1,19.296937,1.982509,18715,1230,16
81250,3,1,1,6,1,19.295046,1.982366,18715,1230,16
81260,0,0,0,0,0,19.293802,1.982242,18715,1230,16
81270,3,1,0,5,1,19.291642,1.982018,18715,1230,16
81280,9,2,2,14,1,19.290518,1.981861,18715,1230,16
81290,12,9,2,24,1,19.290389,1.981811,18715,1230,16
81300,3,3,1,8,1,19.289989,1.981803,18715,1230,16
81310,1,0,0,2,1,19.287972,1.981632,18715,1230,16
81320,4,2,2,9,1,19.287296,1.981563,18715,1230,16
81330,19,11,0,31,1,19.287077,1.981504,18715,1230,16
81340,6,2,1,10,1,19.287644,1.981558,18715,1230,16
81350,15,4,1,21,1,19.287309,1.981502,18715,1230,16
81360,17,10,2,30,1,19.288514,1.981602,18718,1230,16
81370,20,8,3,32,1,19.290633,1.981793,18725,1230,16
81380,3,3,4,11,1,19.290353,1.981795,18727,1230,16
81390,7,7,0,15,1,19.289878,1.981769,18727,1230,16
81400,4,8,3,16,1,19.289924,1.981780,18727,1230,16
81410,10,6,1,18,1,19.288651,1.981630,18727,1230,16
81420,9,5,2,17,1,19.288337,1.981611,18727,1230,16
81430,2,2,0,5,1,19.287134,1.981513,18727,1230,16
81440,14,9,4,28,1,19.287582,1.981533,18727,1230,16
81450,12,6,5,24,1,19.288246,1.981607,18733,1230,16
81460,12,4,3,20,1,19.288796,1.981661,18733,1230,16
81470,19,4,4,28,1,19.289277,1.981717,18733,1230,16
81480,13,6,4,24,1,19.290100,1.981805,18738,1230,16
81490,16,8,2,27,1,19.291447,1.981936,18744,1230,16
81500,17,9,4,31,1,19.292511,1.982071,18746,1230,16
81510,8,2,0,11,1,19.292814,1.982143,18746,1230,16
81520,9,2,0,12,1,19.291894,1.982022,18746,1230,16
81530,0,2,0,3,1,19.290546,1.981867,18746,1230,16
81540,10,1,2,14,1,19.288925,1.981669,18746,1230,16
81550,8,7,4,20,1,19.288802,1.981652,18746,1230,16
81560,19,11,5,36,1,19.289575,1.981683,18747,1230,16
81570,13,2,10,26,1,19.291238,1.981879,18755,1230,16
81580,3,6,2,12,1,19.291086,1.981872,18755,1230,16
81590,10,5,3,19,1,19.290777,1.981841,18755,1230,16
81600,10,0,1,12,1,19.290634,1.981840,18755,1230,16
81610,14,0,3,18,1,19.289997,1.981780,18755,1230,16
81620,15,6,4,26,1,19.289524,1.981700,18755,1230,16
81630,1,0,0,2,1,19.288879,1.981699,18755,1230,16
81640,8,4,3,16,1,19.287515,1.981570,18755,1230,16
81650,10,4,1,16,1,19.286485,1.981443,18755,1230,16
81660,11,3,4,19,1,19.285337,1.981325,18755,1230,16
81670,0,3,0,4,1,19.285424,1.981330,18755,1230,16
81680,6,3,2,12,1,19.283833,1.981170,18755,1230,16
81690,19,7,1,28,1,19.284088,1.981212,18756,1230,16
81700,2,2,3,8,1,19.283215,1.981136,18756,1230,16
81710,9,2,4,16,1,19.282888,1.981090,18756,1230,16
81720,8,6,1,16,1,19.282817,1.981086,18756,1230,16
81730,20,16,11,48,1,19.284535,1.981214,18764,1230,16
81740,17,11,7,36,1,19.287534,1.981548,18783,1231,16
81750,18,19,5,43,1,19.289725,1.981749,18791,1231,16
81760,18,7,8,34,1,19.292407,1.982058,18821,1236,16
81770,13,7,3,24,1,19.293572,1.982171,18826,1236,16
81780,11,1,2,15,1,19.293645,1.982179,18826,1236,16
81790,14,9,2,26,1,19.294534,1.982256,18831,1236,16
81800,9,10,4,24,1,19.295847,1.982422,18845,1236,16
81810,11,10,6,28,1,19.296620,1.982475,18845,1236,16
81820,10,12,3,26,1,19.297051,1.982490,18845,1236,16
81830,0,0,2,3,1,19.295566,1.982381,18845,1236,16
81840,10,3,1,15,1,19.294085,1.982209,18845,1236,16
81850,14,6,6,27,1,19.294505,1.982231,18845,1236,16
81860,8,13,0,22,1,19.294952,1.982268,18845,1236,16
81870,16,9,6,32,1,19.295128,1.982294,18845,1236,16
81880,18,12,3,34,1,19.296748,1.982464,18848,1236,16
81890,20,20,9,50,1,19.299537,1.982746,18866,1242,16
81900,19,13,5,38,1,19.302946,1.983147,18894,1243,17
81910,16,15,8,40,1,19.305725,1.983446,18903,1245,17
81920,16,3,7,27,1,19.307957,1.983713,18910,1245,17
81930,12,8,1,22,1,19.308593,1.983775,18914,1245,17
81940,14,11,1,27,1,19.308424,1.983738,18914,1245,17
81950,20,14,5,40,1,19.309597,1.983864,18914,1245,17
81960,15,7,3,26,1,19.310289,1.983951,18916,1245,17
81970,6,7,8,22,1,19.311005,1.984033,18921,1245,17
81980,7,12,2,22,1,19.311348,1.984079,18923,1245,17
81990,20,11,5,37,1,19.312511,1.984170,18926,1245,17
82000,9,11,0,21,1,19.313195,1.984263,18930,1245,17
82010,1,1,3,6,1,19.311796,1.984133,18930,1245,17
82020,0,0,1,2,1,19.309794,1.983928,18930,1245,17
82030,1,1,0,3,1,19.307952,1.983759,18930,1245,17
82040,11,5,6,23,1,19.307461,1.983640,18930,1245,17
82050,12,8,5,26,1,19.307246,1.983611,18930,1245,17
82060,14,16,6,37,1,19.308602,1.983744,18932,1245,17
82070,20,10,7,38,1,19.310760,1.983954,18941,1248,17
82080,13,13,7,34,1,19.312590,1.984165,18948,1248,17
82090,19,16,6,42,1,19.314978,1.984389,18955,1250,17
82100,20,7,5,33,1,19.316687,1.984585,18962,1250,17
82110,10,9,4,24,1,19.318076,1.984751,18972,1250,17
82120,5,1,4,11,1,19.318799,1.984794,18972,1250,17
82130,0,1,2,4,1,19.317478,1.984669,18972,1250,17
82140,2,1,0,4,1,19.315855,1.984486,18972,1250,17
82150,6,5,1,13,1,19.314328,1.984325,18972,1250,17
82160,4,0,1,6,1,19.312825,1.984193,18972,1250,17
82170,3,7,1,12,1,19.311569,1.984011,18972,1250,17
82180,13,15,6,35,1,19.312725,1.984088,18975,1250,17
82190,19,14,6,40,1,19.314488,1.984258,18984,1250,17
82200,14,15,7,37,1,19.316982,1.984547,18997,1253,17
82210,12,3,1,17,1,19.317808,1.984675,18997,1253,17
82220,3,1,2,7,1,19.316902,1.984573,18997,1253,17
82230,13,8,0,22,1,19.315939,1.984494,18997,1253,17
82240,19,4,9,33,1,19.316314,1.984534,18998,1253,17
82250,12,3,3,19,1,19.315991,1.984539,19006,1253,17
82260,3,1,1,6,1,19.315740,1.984529,19006,1253,17
82270,4,8,0,13,1,19.313778,1.984335,19006,1253,17
82280,18,6,3,28,1,19.313899,1.984314,19006,1253,17
82290,20,16,10,47,1,19.316931,1.984634,19028,1256,17
82300,20,16,5,42,1,19.319603,1.984877,19040,1259,17
82310,17,7,4,29,1,19.322044,1.985146,19048,1262,17
82320,13,15,9,38,1,19.323772,1.985287,19053,1262,17
82330,17,8,6,32,1,19.325370,1.985484,19059,1262,17
82340,14,8,2,25,1,19.326389,1.985594,19062,1262,17
82350,6,1,0,8,1,19.326253,1.985584,19062,1262,17
82360,16,7,3,27,1,19.325987,1.985528,19062,1262,17
82370,11,4,4,20,1,19.326060,1.985556,19062,1262,17
82380,16,16,3,36,1,19.328099,1.985756,19079,1263,17
82390,15,12,0,28,1,19.330567,1.986048,19091,1269,17
82400,6,5,3,15,1,19.331499,1.986142,19091,1269,17
82410,0,1,0,2,1,19.329785,1.985957,19091,1269,17
82420,7,4,3,15,1,19.328337,1.985781,19091,1269,17
82430,10,3,0,14,1,19.328165,1.985767,19091,1269,17
82440,19,5,3,28,1,19.327225,1.985679,19091,1269,17
82450,19,9,11,40,1,19.328049,1.985744,19093,1269,17
82460,13,5,7,26,1,19.330205,1.986041,19106,1269,17
82470,15,10,5,31,1,19.331113,1.986130,19106,1269,17
82480,17,5,4,27,1,19.332665,1.986263,19111,1269,17
82490,8,8,0,17,1,19.333186,1.986300,19111,1269,17
82500,10,4,0,15,1,19.332353,1.986245,19111,1269,17
82510,0,0,1,2,1,19.331125,1.986115,19111,1269,17
82520,10,3,0,14,1,19.329948,1.985970,19111,1269,17
82530,7,4,2,14,1,19.329160,1.985875,19111,1269,17
82540,14,14,4,33,1,19.329773,1.985934,19111,1269,17
82550,19,6,4,30,1,19.330980,1.986101,19114,1269,17
82560,18,6,4,29,1,19.331940,1.986185,19119,1269,17
82570,11,8,6,26,1,19.332514,1.986233,19120,1269,17
82580,11,6,3,21,1,19.333877,1.986354,19120,1269,17
82590,11,6,1,19,1,19.334247,1.986398,19120,1269,17
82600,3,0,1,5,1,19.333820,1.986367,19120,1269,17
82610,7,5,5,18,1,19.332260,1.986188,19120,1269,17
82620,4,4,0,9,1,19.331332,1.986098,19120,1269,17
82630,4,6,1,12,1,19.329675,1.985961,19120,1269,17
82640,7,3,1,12,1,19.329438,1.985927,19120,1269,17
82650,7,3,2,13,1,19.328868,1.985852,19120,1269,17
82660,0,0,1,2,1,19.328158,1.985770,19120,1269,17
82670,18,9,2,30,1,19.327404,1.985630,19120,1269,17
82680,18,6,5,30,1,19.329198,1.985798,19125,1269,17
82690,13,5,2,21,1,19.330531,1.985943,19127,1269,17
82700,4,2,0,7,1,19.329966,1.985895,19127,1269,17
82710,5,0,1,7,1,19.328155,1.985710,19127,1269,17
82720,15,4,3,23,1,19.328443,1.985723,19127,1269,17
82730,9,6,3,19,1,19.328959,1.985775,19127,1269,17
82740,13,3,3,20,1,19.328081,1.985678,19127,1269,17
82750,14,6,1,22,1,19.327756,1.985613,19127,1269,17
82760,9,2,1,13,1,19.327600,1.985618,19127,1269,17
82770,5,1,1,8,1,19.326774,1.985551,19127,1269,17
82780,9,11,5,26,1,19.326864,1.985551,19127,1269,17
82790,16,7,0,24,1,19.327419,1.985619,19127,1269,17
82800,3,0,0,4,1,19.327042,1.985606,19127,1269,17
82810,10,9,1,21,1,19.325587,1.985450,19127,1269,17
82820,19,9,3,32,1,19.326122,1.985478,19127,1269,17
82830,18,12,6,37,1,19.327494,1.985605,19128,1269,17
82840,9,8,1,19,1,19.328058,1.985691,19134,1269,17
82850,15,2,7,25,1,19.328804,1.985742,19137,1269,17
82860,11,9,5,26,1,19.328860,1.985729,19137,1269,17
82870,19,10,10,40,1,19.330009,1.985828,19140,1269,17
82880,14,9,9,33,1,19.332134,1.986044,19143,1269,17
82890,18,11,0,30,1,19.333874,1.986254,19147,1269,17
82900,19,13,4,37,1,19.335809,1.986468,19160,1269,17
82910,14,10,5,30,1,19.337691,1.986655,19166,1269,17
82920,14,11,11,37,1,19.339793,1.986859,19166,1270,17
82930,16,2,9,28,1,19.341218,1.987024,19166,1270,17
82940,1,6,1,9,1,19.341275,1.987038,19171,1270,17
82950,17,9,4,31,1,19.340332,1.986912,19171,1270,17
82960,10,6,3,20,1,19.341172,1.987012,19175,1270,17
82970,5,1,2,9,1,19.341107,1.987006,19175,1270,17
82980,3,3,1,8,1,19.339411,1.986847,19175,1270,17
82990,3,4,2,10,1,19.338323,1.986739,19175,1270,17
83000,5,2,1,9,1,19.336821,1.986590,19175,1270,17
83010,2,3,0,6,1,19.335082,1.986454,19175,1270,17
83020,4,1,2,8,1,19.333348,1.986291,19175,1270,17
83030,0,0,2,3,1,19.331770,1.986123,19175,1270,17
83040,3,4,2,10,1,19.330030,1.985947,19175,1270,17
83050,7,8,1,17,1,19.330004,1.985970,19178,1270,17
83060,12,3,3,19,1,19.329646,1.985939,19178,1270,17
83070,14,9,4,28,1,19.329530,1.985889,19178,1270,17
83080,17,13,7,38,1,19.330688,1.985994,19180,1270,17
83090,14,8,1,24,1,19.332872,1.986236,19183,1270,17
83100,2,1,1,5,1,19.331907,1.986118,19183,1270,17
83110,2,3,0,6,1,19.330182,1.985966,19183,1270,17
83120,5,1,4,11,1,19.328297,1.985793,19183,1270,17
83130,5,7,4,17,1,19.328245,1.985779,19183,1270,17
83140,0,1,2,4,1,19.327047,1.985691,19183,1270,17
83150,3,0,1,5,1,19.325718,1.985570,19183,1270,17
83160,16,10,4,31,1,19.325404,1.985487,19185,1270,17
83170,11,0,2,14,1,19.325542,1.985499,19190,1270,17
83180,8,6,0,15,1,19.324831,1.985385,19190,1270,17
83190,18,9,7,35,1,19.324759,1.985342,19190,1270,17
83200,8,8,9,26,1,19.326511,1.985545,19196,1270,17
83210,13,14,3,31,1,19.328186,1.985733,19204,1270,17
83220,18,6,2,27,1,19.329562,1.985880,19207,1270,17
83230,8,7,7,23,1,19.330944,1.986027,19215,1270,17
83240,5,2,1,9,1,19.330117,1.985953,19215,1270,17
83250,3,0,2,6,1,19.328688,1.985829,19215,1270,17
83260,16,11,1,29,1,19.328421,1.985744,19215,1270,17
83270,10,4,0,15,1,19.329254,1.985859,19220,1270,17
83280,2,1,0,4,1,19.328486,1.985796,19220,1270,17
83290,9,10,0,20,1,19.327342,1.985660,19220,1270,17
83300,13,8,1,23,1,19.326962,1.985631,19220,1270,17
83310,12,5,6,24,1,19.326965,1.985618,19221,1270,17
83320,7,1,1,10,1,19.326853,1.985619,19221,1270,17
83330,9,4,3,17,1,19.326093,1.985544,19221,1270,17
83340,12,6,2,21,1,19.326822,1.985618,19225,1270,17
83350,18,1,4,24,1,19.327202,1.985621,19225,1270,17
83360,3,4,6,14,1,19.327754,1.985656,19226,1270,17
83370,0,1,1,3,1,19.325942,1.985483,19226,1270,17
83380,0,4,0,5,1,19.324040,1.985296,19226,1270,17
83390,1,3,2,7,1,19.322665,1.985126,19226,1270,17
83400,13,3,0,17,1,19.321335,1.984981,19226,1270,17
83410,13,5,6,25,1,19.321378,1.984998,19226,1270,17
83420,20,3,7,31,1,19.322218,1.985051,19230,1270,17
83430,19,13,5,38,1,19.324264,1.985255,19243,1274,17
83440,16,6,4,27,1,19.325469,1.985377,19246,1274,17
83450,9,5,1,16,1,19.324868,1.985313,19246,1274,17
83460,12,9,3,25,1,19.324836,1.985304,19246,1274,17
83470,15,4,3,23,1,19.326239,1.985436,19247,1274,17
83480,15,14,8,38,1,19.327368,1.985551,19250,1274,17
83490,17,11,6,35,1,19.329220,1.985762,19255,1276,17
83500,17,7,4,29,1,19.331467,1.985996,19262,1276,17
83510,13,8,3,25,1,19.332845,1.986167,19263,1276,17
83520,4,2,3,10,1,19.333019,1.986206,19263,1276,17
83530,5,2,4,12,1,19.332149,1.986095,19263,1276,17
83540,3,3,0,7,1,19.331065,1.985994,19263,1276,17
83550,8,4,5,18,1,19.330743,1.985930,19263,1276,17
83560,9,2,1,13,1,19.330588,1.985915,19263,1276,17
83570,1,2,0,4,1,19.328847,1.985766,19263,1276,17
83580,1,0,0,2,1,19.327116,1.985560,19263,1276,17
83590,1,1,0,3,1,19.325331,1.985387,19263,1276,17
83600,8,4,0,13,1,19.323645,1.985195,19263,1276,17
83610,8,5,3,17,1,19.323225,1.985146,19263,1276,17
83620,18,15,6,40,1,19.324747,1.985279,19280,1276,17
83630,13,11,6,31,1,19.326533,1.985473,19283,1276,17
83640,5,1,1,8,1,19.325905,1.985424,19283,1276,17
83650,11,8,5,25,1,19.325494,1.985348,19283,1276,17
83660,20,11,7,39,1,19.326769,1.985446,19289,1276,17
83670,18,7,1,27,1,19.328783,1.985678,19300,1276,17
83680,20,17,7,45,1,19.330613,1.985864,19305,1276,17
83690,14,4,1,20,1,19.332260,1.986068,19315,1276,17
83700,7,4,1,13,1,19.331823,1.986044,19315,1276,17
83710,0,0,0,1,1,19.330329,1.985940,19315,1276,17
83720,0,1,3,5,1,19.328517,1.985762,19315,1276,17
83730,0,1,0,2,1,19.326697,1.985598,19315,1276,17
83740,4,2,1,8,1,19.324889,1.985410,19315,1276,17
83750,7,3,0,11,1,19.324694,1.985381,19315,1276,17
83760,16,12,2,31,1,19.324931,1.985358,19315,1276,17
83770,10,7,3,21,1,19.325739,1.985437,19320,1276,17
83780,10,12,0,23,1,19.326492,1.985466,19320,1276,17
83790,12,9,3,25,1,19.326972,1.985521,19320,1276,17
83800,5,4,4,14,1,19.326940,1.985550,19320,1276,17
83810,18,11,4,34,1,19.327921,1.985611,19320,1276,17
83820,7,7,1,16,1,19.328460,1.985664,19321,1276,17
83830,4,1,0,6,1,19.327163,1.985549,19321,1276,17
83840,0,0,0,1,1,19.326594,1.985491,19321,1276,17
83850,8,7,3,19,1,19.325570,1.985329,19321,1276,17
83860,18,15,6,40,1,19.326797,1.985385,19326,1276,17
83870,11,8,4,24,1,19.328665,1.985619,19333,1276,17
83880,14,8,2,25,1,19.329605,1.985673,19339,1276,17
83890,9,10,1,21,1,19.330001,1.985721,19339,1276,17
83900,12,2,3,18,1,19.329978,1.985705,19339,1276,17
83910,2,1,2,6,1,19.329265,1.985643,19339,1276,17
83920,1,0,2,4,1,19.327471,1.985462,19339,1276,17
83930,7,4,3,15,1,19.326135,1.985308,19339,1276,17
83940,1,1,3,6,1,19.324292,1.985129,19339,1276,17
83950,0,0,1,2,1,19.323303,1.985034,19339,1276,17
83960,4,6,2,13,1,19.321645,1.984876,19339,1276,17
83970,14,5,4,24,1,19.321152,1.984812,19339,1276,17
83980,8,1,2,12,1,19.321070,1.984778,19339,1276,17
83990,0,0,0,0,0,19.319346,1.984623,19339,1276,17
84000,11,1,1,14,1,19.318263,1.984476,19339,1276,17
84010,3,4,1,9,1,19.316730,1.984332,19339,1276,17
84020,4,0,2,7,1,19.314872,1.984156,19339,1276,17
84030,8,0,0,9,1,19.313416,1.984010,19339,1276,17
84040,14,11,3,29,1,19.312991,1.983943,19339,1276,17
84050,20,10,4,35,1,19.314007,1.984046,19339,1276,17
84060,10,3,4,18,1,19.314880,1.984144,19341,1277,17
84070,18,15,7,41,1,19.316206,1.984237,19342,1277,17
84080,8,5,1,15,1,19.317305,1.984363,19346,1278,17
84090,15,14,6,36,1,19.318476,1.984445,19352,1278,17
84100,15,12,5,33,1,19.320280,1.984629,19356,1278,17
84110,9,1,2,13,1,19.319511,1.984565,19356,1278,17
84120,6,6,2,15,1,19.319583,1.984549,19356,1278,17
84130,1,5,5,12,1,19.318746,1.984469,19356,1278,17
84140,19,9,4,33,1,19.319576,1.984526,19359,1278,17
84150,16,8,3,28,1,19.321188,1.984688,19361,1278,17
84160,20,11,10,42,1,19.324005,1.985002,19376,1282,17
84170,17,17,7,42,1,19.326072,1.985206,19386,1282,17
84180,17,13,7,38,1,19.328340,1.985454,19390,1283,17
84190,17,5,1,24,1,19.329868,1.985634,19391,1284,17
84200,7,4,1,13,1,19.329523,1.985606,19391,1284,17
84210,7,10,2,20,1,19.329006,1.985549,19391,1284,17
84220,2,0,2,5,1,19.328171,1.985442,19391,1284,17
84230,5,7,2,15,1,19.326645,1.985272,19391,1284,17
84240,14,8,3,26,1,19.326851,1.985284,19393,1284,17
84250,1,9,1,12,1,19.327496,1.985332,19393,1284,17
84260,14,1,4,20,1,19.326950,1.985248,19393,1284,17
84270,20,7,3,31,1,19.327449,1.985268,19396,1284,17
84280,17,11,6,35,1,19.327936,1.985331,19397,1284,17
84290,3,7,3,14,1,19.329074,1.985478,19401,1284,17
84300,0,4,1,6,1,19.328311,1.985415,19401,1284,17
84310,9,6,3,19,1,19.327746,1.985334,19401,1284,17
84320,10,5,3,19,1,19.327752,1.985338,19401,1284,17
84330,5,5,2,13,1,19.327955,1.985352,19401,1284,17
84340,3,0,1,5,1,19.326401,1.985230,19401,1284,17
84350,1,3,1,6,1,19.324576,1.985033,19401,1284,17
84360,2,2,0,5,1,19.323183,1.984889,19401,1284,17
84370,5,1,5,12,1,19.322437,1.984774,19401,1284,17
84380,9,7,0,17,1,19.321318,1.984626,19401,1284,17
84390,5,3,3,12,1,19.321826,1.984701,19401,1284,17
84400,20,13,4,38,1,19.322694,1.984752,19406,1284,17
84410,19,14,3,37,1,19.324542,1.984938,19413,1284,17
84420,20,15,3,39,1,19.327434,1.985234,19430,1286,17
84430,18,13,4,36,1,19.328750,1.985343,19431,1286,17
84440,11,6,1,19,1,19.329455,1.985450,19436,1286,17
84450,8,3,3,15,1,19.328864,1.985393,19436,1286,17
84460,19,12,3,35,1,19.329959,1.985465,19438,1286,17
84470,9,4,4,18,1,19.331072,1.985617,19444,1286,17
84480,2,0,0,3,1,19.330337,1.985585,19444,1286,17
84490,12,1,0,14,1,19.329052,1.985428,19444,1286,17
84500,12,5,2,20,1,19.328187,1.985335,19444,1286,17
84510,15,5,0,21,1,19.328664,1.985368,19444,1286,17
84520,17,10,4,32,1,19.330173,1.985495,19460,1286,17
84530,20,12,8,41,1,19.332475,1.985739,19467,1286,17
84540,18,4,5,28,1,19.334172,1.985910,19472,1286,17
84550,16,14,8,39,1,19.335835,1.986064,19486,1286,17
84560,8,5,3,17,1,19.336636,1.986172,19489,1286,17
84570,3,5,3,12,1,19.335435,1.986049,19489,1286,17
84580,20,16,8,45,1,19.336624,1.986131,19492,1286,17
84590,17,13,4,35,1,19.339236,1.986417,19506,1287,17
84600,17,2,1,21,1,19.339421,1.986464,19507,1287,17
84610,15,3,1,20,1,19.340154,1.986549,19507,1287,17
84620,3,9,2,15,1,19.339345,1.986479,19507,1287,17
84630,0,2,0,3,1,19.337740,1.986320,19507,1287,17
84640,1,0,0,2,1,19.336128,1.986138,19507,1287,17
84650,0,1,1,3,1,19.334294,1.985973,19507,1287,17
84660,1,1,0,3,1,19.332671,1.985807,19507,1287,17
84670,5,2,1,9,1,19.331122,1.985656,19507,1287,17
84680,19,4,4,28,1,19.331526,1.985676,19509,1287,17
84690,9,8,5,23,1,19.332277,1.985766,19509,1287,17
84700,14,3,4,22,1,19.332689,1.985834,19509,1287,17
84710,5,8,7,21,1,19.333234,1.985879,19509,1287,17
84720,9,2,0,12,1,19.332786,1.985826,19509,1287,17
84730,5,4,3,13,1,19.331099,1.985668,19509,1287,17
84740,11,2,2,16,1,19.329751,1.985538,19509,1287,17
84750,0,0,0,1,1,19.329069,1.985488,19509,1287,17
84760,3,3,0,7,1,19.327572,1.985332,19509,1287,17
84770,14,6,6,27,1,19.327620,1.985295,19509,1287,17
84780,15,11,9,36,1,19.328570,1.985352,19509,1287,17
84790,7,1,1,10,1,19.328969,1.985411,19509,1287,17
84800,18,11,10,40,1,19.329901,1.985448,19517,1287,17
84810,20,11,8,40,1,19.332926,1.985769,19548,1291,17
84820,13,7,2,23,1,19.333857,1.985875,19548,1291,17
84830,15,6,1,23,1,19.334816,1.985953,19548,1291,17
84840,20,13,4,38,1,19.336260,1.986066,19556,1291,17
84850,17,5,1,24,1,19.338027,1.986279,19570,1291,17
84860,14,4,9,28,1,19.338373,1.986316,19570,1291,17
84870,8,3,6,18,1,19.338795,1.986348,19570,1291,17
84880,14,9,4,28,1,19.339925,1.986438,19575,1291,17
84890,5,3,0,9,1,19.339992,1.986456,19575,1291,17
84900,8,4,4,17,1,19.338754,1.986313,19575,1291,17
84910,5,1,0,7,1,19.337998,1.986212,19575,1291,17
84920,13,6,0,20,1,19.337800,1.986166,19575,1291,17
84930,2,2,0,5,1,19.336596,1.986046,19575,1291,17
84940,2,3,1,7,1,19.334626,1.985870,19575,1291,17
84950,13,1,1,16,1,19.334099,1.985788,19575,1291,17
84960,3,2,2,8,1,19.333499,1.985713,19575,1291,17
84970,5,2,2,10,1,19.331535,1.985553,19575,1291,17
84980,0,0,0,0,0,19.330250,1.985444,19575,1291,17
84990,1,0,0,2,1,19.328263,1.985231,19575,1291,17
85000,8,2,2,13,1,19.327292,1.985120,19575,1291,17
85010,10,1,4,16,1,19.327069,1.985067,19575,1291,17
85020,10,2,2,15,1,19.326734,1.985004,19575,1291,17
85030,20,8,4,33,1,19.326901,1.985006,19576,1291,17
85040,10,1,2,14,1,19.327276,1.985062,19577,1291,17
85050,1,2,1,5,1,19.326443,1.984958,19577,1291,17
85060,5,10,2,18,1,19.325928,1.984851,19577,1291,17
85070,6,5,2,14,1,19.324953,1.984768,19577,1291,17
85080,11,5,6,23,1,19.325321,1.984778,19577,1291,17
85090,9,3,0,13,1,19.325308,1.984771,19577,1291,17
85100,3,1,1,6,1,19.324522,1.984679,19577,1291,17
85110,19,11,0,31,1,19.324989,1.984673,19579,1291,17
85120,8,10,1,20,1,19.325382,1.984733,19579,1291,17
85130,13,8,4,26,1,19.325889,1.984767,19579,1291,17
85140,20,7,6,34,1,19.327256,1.984901,19587,1291,17
85150,11,5,6,23,1,19.328782,1.985056,19593,1291,17
85160,16,6,3,26,1,19.329284,1.985092,19593,1291,17
85170,11,9,0,21,1,19.329242,1.985093,19593,1291,17
85180,5,3,0,9,1,19.328556,1.985014,19593,1291,17
85190,13,6,0,20,1,19.328293,1.984957,19593,1291,17
85200,11,9,3,24,1,19.328871,1.985051,19593,1291,17
85210,14,3,5,23,1,19.329009,1.985035,19593,1291,17
85220,18,9,4,32,1,19.329521,1.985090,19593,1291,17
85230,19,19,5,44,1,19.331713,1.985307,19610,1291,17
85240,14,5,0,20,1,19.332826,1.985446,19623,1291,17
85250,12,3,3,19,1,19.332341,1.985402,19623,1291,17
85260,6,0,0,7,1,19.331900,1.985367,19623,1291,17
85270,1,1,2,5,1,19.330415,1.985206,19623,1291,17
85280,7,8,2,18,1,19.329397,1.985083,19623,1291,17
85290,4,0,3,8,1,19.328664,1.985016,19623,1291,17
85300,2,1,0,4,1,19.326939,1.984863,19623,1291,17
85310,3,8,3,15,1,19.325192,1.984685,19623,1291,17
85320,15,5,2,23,1,19.325470,1.984690,19624,1291,17
85330,17,5,1,24,1,19.325655,1.984686,19624,1291,17
85340,15,4,3,23,1,19.325524,1.984657,19624,1291,17
85350,13,7,0,21,1,19.326137,1.984700,19625,1291,17
85360,6,9,1,17,1,19.326397,1.984725,19625,1291,17
85370,11,9,0,21,1,19.326002,1.984652,19625,1291,17
85380,6,3,0,10,1,19.324883,1.984552,19625,1291,17
85390,3,8,0,12,1,19.323294,1.984387,19625,1291,17
85400,9,2,3,15,1,19.321965,1.984225,19625,1291,17
85410,14,1,0,16,1,19.320431,1.984055,19625,1291,17
85420,14,5,10,30,1,19.321666,1.984144,19627,1291,17
85430,6,4,4,15,1,19.321561,1.984137,19627,1291,17
85440,11,10,2,24,1,19.320704,1.984030,19627,1291,17
85450,9,9,3,22,1,19.322035,1.984161,19630,1291,17
85460,13,10,6,30,1,19.322891,1.984262,19641,1291,17
85470,6,4,2,13,1,19.322944,1.984258,19641,1291,17
85480,16,0,2,19,1,19.322872,1.984209,19641,1291,17
85490,8,5,2,16,1,19.322852,1.984229,19641,1291,17
85500,10,2,0,13,1,19.322592,1.984249,19641,1291,17
85510,10,4,0,15,1,19.321993,1.984195,19641,1291,17
85520,7,1,2,11,1,19.321675,1.984176,19641,1291,17
85530,5,3,2,11,1,19.320839,1.984069,19641,1291,17
85540,0,0,0,0,0,19.319140,1.983905,19641,1291,17
85550,0,6,2,9,1,19.318017,1.983791,19641,1291,17
85560,5,4,2,12,1,19.316331,1.983623,19641,1291,17
85570,8,5,2,16,1,19.315256,1.983499,19641,1291,17
85580,6,0,0,7,1,19.314475,1.983418,19641,1291,17
85590,16,2,1,20,1,19.313343,1.983288,19641,1291,17
85600,11,2,6,20,1,19.312792,1.983213,19641,1291,17
85610,10,4,0,15,1,19.312290,1.983153,19641,1291,17
85620,12,12,2,27,1,19.312725,1.983142,19647,1291,17
85630,20,13,3,37,1,19.313435,1.983220,19649,1291,17
85640,16,5,2,24,1,19.314833,1.983346,19656,1291,17
85650,18,10,1,30,1,19.315420,1.983409,19658,1291,17
85660,6,4,0,11,1,19.315120,1.983375,19658,1291,17
85670,9,4,2,16,1,19.314216,1.983271,19658,1291,17
85680,10,0,1,12,1,19.313695,1.983225,19658,1291,17
85690,13,8,2,24,1,19.312990,1.983133,19658,1291,17
85700,0,0,0,1,1,19.312272,1.983084,19658,1291,17
85710,11,5,7,24,1,19.311016,1.982899,19658,1291,17
85720,1,11,0,13,1,19.311007,1.982896,19658,1291,17
85730,3,5,3,12,1,19.310021,1.982824,19658,1291,17
85740,2,0,0,3,1,19.309126,1.982731,19658,1291,17
85750,13,1,5,20,1,19.308173,1.982606,19658,1291,17
85760,4,2,0,7,1,19.307547,1.982575,19658,1291,17
85770,2,4,2,9,1,19.306001,1.982408,19658,1291,17
85780,15,8,6,30,1,19.306358,1.982422,19659,1291,17
85790,17,7,6,31,1,19.307861,1.982558,19659,1291,17
85800,9,3,3,16,1,19.308762,1.982682,19660,1291,17
85810,15,9,5,30,1,19.308607,1.982630,19660,1291,17
85820,20,17,8,46,1,19.310497,1.982806,19671,1296,17
85830,5,8,3,17,1,19.311555,1.982936,19679,1296,17
85840,3,6,0,10,1,19.310964,1.982877,19679,1296,17
85850,8,7,0,16,1,19.310418,1.982805,19679,1296,17
85860,13,5,3,22,1,19.310431,1.982807,19679,1296,17
85870,1,5,0,7,1,19.309961,1.982791,19679,1296,17
85880,2,0,0,3,1,19.308754,1.982684,19679,1296,17
85890,0,0,0,1,1,19.306809,1.982478,19679,1296,17
85900,0,1,0,2,1,19.305095,1.982322,19679,1296,17
85910,8,3,3,15,1,19.304000,1.982223,19679,1296,17
85920,1,2,0,4,1,19.303586,1.982200,19688,1296,17
85930,1,2,2,6,1,19.301692,1.981973,19688,1296,17
85940,1,1,0,3,1,19.300436,1.981831,19688,1296,17
85950,0,0,0,1,1,19.298460,1.981667,19688,1296,17
85960,1,3,1,6,1,19.296593,1.981483,19688,1296,17
85970,6,0,0,7,1,19.295167,1.981342,19688,1296,17
85980,3,1,3,8,1,19.293768,1.981176,19688,1296,17
85990,11,2,4,18,1,19.292370,1.981012,19688,1296,17
86000,3,0,1,5,1,19.292019,1.980979,19688,1296,17
86010,4,0,0,5,1,19.290198,1.980822,19688,1296,17
86020,5,0,1,7,1,19.288212,1.980623,19688,1296,17
86030,8,6,1,16,1,19.287764,1.980540,19688,1296,17
86040,8,2,1,12,1,19.287359,1.980504,19688,1296,17
86050,0,0,0,1,1,19.286019,1.980377,19688,1296,17
86060,12,4,3,20,1,19.285325,1.980281,19688,1296,17
86070,14,4,3,22,1,19.285519,1.980278,19691,1296,17
86080,10,1,2,14,1,19.285944,1.980311,19692,1296,17
86090,16,9,7,33,1,19.286901,1.980400,19692,1296,17
86100,7,4,0,12,1,19.287555,1.980478,19694,1296,17
86110,0,0,0,0,0,19.286804,1.980402,19694,1296,17
86120,1,0,0,2,1,19.285223,1.980238,19694,1296,17
86130,5,2,0,8,1,19.283901,1.980103,19694,1296,17
86140,3,0,0,4,1,19.282943,1.980013,19694,1296,17
86150,2,3,2,8,1,19.281011,1.979822,19694,1296,17
86160,14,6,3,24,1,19.281078,1.979802,19696,1296,17
86170,15,9,4,29,1,19.282105,1.979920,19696,1296,17
86180,6,1,1,9,1,19.281540,1.979903,19696,1296,17
86190,4,2,2,9,1,19.279704,1.979725,19696,1296,17
86200,9,0,2,12,1,19.277934,1.979572,19696,1296,17
86210,19,7,5,32,1,19.277964,1.979543,19696,1296,17
86220,8,6,5,20,1,19.278757,1.979626,19696,1296,17
86230,12,3,0,16,1,19.278557,1.979599,19696,1296,17
86240,15,3,4,23,1,19.279013,1.979625,19696,1296,17
86250,10,5,2,18,1,19.278820,1.979590,19696,1296,17
86260,9,1,4,15,1,19.278670,1.979568,19696,1296,17
86270,7,5,1,14,1,19.278725,1.979566,19696,1296,17
86280,0,0,0,1,1,19.277357,1.979476,19696,1296,17
86290,7,5,0,13,1,19.276426,1.979362,19696,1296,17
86300,4,4,3,12,1,19.275173,1.979239,19696,1296,17
86310,7,5,5,18,1,19.274029,1.979097,19696,1296,17
86320,17,15,3,36,1,19.275359,1.979225,19706,1296,17
86330,18,18,3,40,1,19.278096,1.979528,19717,1304,17
86340,19,8,4,32,1,19.279300,1.979666,19723,1304,17
86350,15,8,2,26,1,19.280436,1.979777,19733,1304,17
86360,12,9,3,25,1,19.280833,1.979809,19733,1304,17
86370,19,8,3,31,1,19.281988,1.979910,19735,1304,17
86380,0,0,1,2,1,19.281085,1.979858,19736,1304,17
86390,3,4,1,9,1,19.279158,1.979663,19736,1304,17
86400,5,3,0,9,1,19.278041,1.979496,19736,1304,17
