Tempo(s),Fila1,Fila2,Fila3,TotalSistema,ServidorOcupado,E[N],E[W],PerdasF1,PerdasF2,PerdasF3
10,11,0,2,14,1,9.619689,0.899036,0,0,0
20,10,1,1,13,1,8.864252,0.844215,0,0,0
30,7,0,0,8,1,9.291610,0.919961,0,0,0
40,19,5,2,27,1,11.776796,1.168913,8,0,0
50,19,5,1,26,1,14.642806,1.449783,25,0,0
60,20,1,1,23,1,15.925161,1.630563,40,0,0
70,17,2,4,24,1,16.821667,1.741889,55,0,0
80,15,2,2,20,1,17.722406,1.848491,80,0,0
90,19,4,5,29,1,17.762915,1.837543,83,0,0
100,13,4,3,21,1,18.314167,1.903760,88,0,0
110,5,1,1,8,1,18.760613,1.941362,89,0,0
120,2,0,1,4,1,17.445530,1.823575,89,0,0
130,7,2,1,11,1,16.622725,1.719136,89,0,0
140,15,2,3,21,1,16.692117,1.713267,89,0,0
150,5,1,1,8,1,16.442927,1.698649,90,0,0
160,0,0,0,1,1,15.993947,1.648860,90,0,0
170,4,0,1,6,1,15.380601,1.577974,90,0,0
180,8,1,0,10,1,14.919068,1.518910,90,0,0
190,0,1,0,2,1,14.405759,1.464470,90,0,0
200,7,2,0,10,1,13.997633,1.425421,90,0,0
210,13,0,2,16,1,13.659650,1.384424,90,0,0
220,16,2,3,22,1,13.747137,1.394362,90,0,0
230,16,0,0,17,1,14.072501,1.435970,97,0,0
240,15,3,2,21,1,14.430174,1.466854,108,0,0
250,17,5,6,29,1,14.701336,1.491613,108,0,0
260,6,0,0,7,1,14.856673,1.513611,112,0,0
270,9,1,3,14,1,14.790527,1.500730,112,0,0
280,9,0,3,13,1,15.000485,1.524550,123,0,0
290,2,0,0,3,1,14.857962,1.512393,123,0,0
300,3,0,0,4,1,14.506002,1.475687,123,0,0
310,13,1,1,16,1,14.175018,1.445003,123,0,0
320,19,2,5,27,1,14.424801,1.469575,135,0,0
330,9,2,1,13,1,14.569028,1.483882,142,0,0
340,0,0,0,0,0,14.325182,1.462192,142,0,0
350,0,0,0,0,0,14.016309,1.429402,142,0,0
360,10,7,2,20,1,13.896489,1.416804,142,0,0
370,6,1,2,10,1,13.930927,1.422308,142,0,0
380,20,3,1,25,1,14.070300,1.435359,149,0,0
390,7,0,1,9,1,14.073958,1.443293,152,0,0
400,13,5,4,23,1,14.023795,1.433193,157,0,0
410,17,1,0,19,1,14.145490,1.450275,160,0,0
420,6,1,1,9,1,14.085854,1.440482,160,0,0
430,9,1,0,11,1,14.102441,1.438342,160,0,0
440,12,0,1,14,1,13.958412,1.421032,160,0,0
450,0,0,0,1,1,13.847837,1.410805,160,0,0
460,19,0,0,20,1,13.686215,1.391306,160,0,0
470,18,1,0,20,1,13.744227,1.399434,163,0,0
480,20,1,4,26,1,13.905470,1.414715,170,0,0
490,9,1,2,13,1,13.958924,1.416709,172,0,0
500,19,3,5,28,1,14.110407,1.428468,180,0,0
510,14,2,3,20,1,14.272828,1.450317,198,0,0
520,14,5,2,22,1,14.372525,1.460280,198,0,0
530,1,0,1,3,1,14.376275,1.464429,198,0,0
540,19,0,3,23,1,14.268799,1.453802,198,0,0
550,7,0,0,8,1,14.303892,1.461479,198,0,0
560,0,0,0,0,0,14.144808,1.446247,198,0,0
570,0,0,0,1,1,14.005944,1.434056,198,0,0
580,10,1,3,15,1,13.912157,1.425124,198,0,0
590,15,3,0,19,1,13.989372,1.429712,198,0,0
600,12,1,2,16,1,14.102109,1.443656,206,0,0
610,9,0,1,11,1,14.034773,1.435963,206,0,0
620,14,1,0,16,1,13.935967,1.426263,206,0,0
630,0,0,0,0,0,13.802708,1.416700,206,0,0
640,8,5,1,15,1,13.625474,1.399952,206,0,0
650,16,2,2,21,1,13.662208,1.404243,208,0,0
660,17,1,2,21,1,13.798729,1.418782,222,0,0
670,12,2,1,16,1,13.850500,1.427008,226,0,0
680,9,0,0,10,1,13.886347,1.431582,228,0,0
690,11,0,3,15,1,13.811339,1.422786,228,0,0
700,16,1,1,19,1,13.928128,1.433778,234,0,0
710,19,1,1,22,1,14.065052,1.447273,250,0,0
720,16,2,2,21,1,14.176250,1.461051,262,0,0
730,17,2,0,20,1,14.303358,1.471663,268,0,0
740,1,0,0,2,1,14.220911,1.464849,268,0,0
750,9,0,2,12,1,14.175844,1.458220,268,0,0
760,14,0,4,19,1,14.172918,1.456778,268,0,0
770,10,3,1,15,1,14.200119,1.460605,270,0,0
780,4,0,3,8,1,14.159291,1.455680,270,0,0
790,3,1,0,5,1,14.044905,1.446418,270,0,0
800,1,0,0,2,1,13.929038,1.434135,270,0,0
810,0,0,0,1,1,13.787555,1.421578,270,0,0
820,11,1,2,15,1,13.699095,1.412278,270,0,0
830,7,1,1,10,1,13.652110,1.406037,270,0,0
840,5,2,0,8,1,13.532182,1.394728,270,0,0
850,9,3,0,13,1,13.448058,1.384718,270,0,0
860,10,0,2,13,1,13.551559,1.396064,279,0,0
870,18,6,4,29,1,13.592648,1.399811,291,0,0
880,15,0,1,17,1,13.709757,1.414205,307,0,0
890,9,0,1,11,1,13.755319,1.419719,312,0,0
900,1,0,0,2,1,13.665952,1.410800,312,0,0
910,0,0,0,0,0,13.576347,1.401529,312,0,0
920,0,0,0,0,0,13.487219,1.394184,312,0,0
930,0,0,0,0,0,13.396888,1.386193,312,0,0
940,10,6,1,18,1,13.423809,1.388161,331,0,0
950,9,0,0,10,1,13.427005,1.388446,331,0,0
960,19,4,2,26,1,13.547304,1.401143,339,0,0
970,16,5,3,25,1,13.625570,1.409943,352,0,0
980,5,0,1,7,1,13.691733,1.418233,357,0,0
990,2,1,0,4,1,13.592616,1.408045,357,0,0
1000,2,0,1,4,1,13.532871,1.402515,357,0,0
1010,8,1,0,10,1,13.465665,1.395620,357,0,0
1020,1,0,0,2,1,13.392490,1.388952,357,0,0
1030,13,1,2,17,1,13.326364,1.382570,357,0,0
1040,6,1,0,8,1,13.297888,1.379119,357,0,0
1050,15,3,1,20,1,13.302029,1.378653,357,0,0
1060,19,5,2,27,1,13.392261,1.388749,373,0,0
1070,20,3,1,25,1,13.516362,1.403446,399,0,0
1080,2,0,0,3,1,13.542689,1.407574,402,0,0
1090,0,0,0,0,0,13.442860,1.398427,402,0,0
1100,2,0,0,3,1,13.357226,1.390193,402,0,0
1110,0,0,0,0,0,13.263064,1.381958,402,0,0
1120,2,0,0,3,1,13.158729,1.372488,402,0,0
1130,6,1,1,9,1,13.113609,1.367514,402,0,0
1140,6,1,1,9,1,13.047472,1.360479,402,0,0
1150,3,0,0,4,1,13.001167,1.353920,402,0,0
1160,4,2,3,10,1,12.938756,1.346336,402,0,0
1170,2,0,1,4,1,12.892959,1.341822,402,0,0
1180,1,1,0,3,1,12.845336,1.335345,402,0,0
1190,7,1,1,10,1,12.774497,1.326728,402,0,0
1200,5,0,0,6,1,12.741781,1.323134,402,0,0
1210,15,5,0,21,1,12.714974,1.319592,402,0,0
1220,13,2,4,20,1,12.793591,1.327791,414,0,0
1230,0,0,0,1,1,12.848006,1.335281,422,0,0
1240,13,1,2,17,1,12.832052,1.333088,422,0,0
1250,7,0,1,9,1,12.859363,1.336177,422,0,0
1260,4,1,2,8,1,12.782579,1.328005,422,0,0
1270,0,0,0,1,1,12.724871,1.321389,422,0,0
1280,11,1,0,13,1,12.698819,1.317006,422,0,0
1290,14,0,2,17,1,12.689850,1.315486,422,0,0
1300,17,4,6,28,1,12.762584,1.323286,430,0,0
1310,15,1,3,20,1,12.880156,1.337747,461,0,0
1320,9,2,2,14,1,12.961455,1.347705,485,0,0
1330,15,2,3,21,1,12.937929,1.343282,485,0,0
1340,20,2,1,24,1,13.006561,1.351174,500,0,0
1350,5,1,0,7,1,13.009084,1.351775,507,0,0
1360,5,3,2,11,1,12.955902,1.347406,507,0,0
1370,20,2,1,24,1,13.019328,1.354224,518,0,0
1380,18,0,0,19,1,13.067641,1.359878,524,0,0
1390,20,5,3,29,1,13.117446,1.366298,530,0,0
1400,9,0,3,13,1,13.154785,1.371413,539,0,0
1410,13,4,0,18,1,13.182370,1.374992,539,0,0
1420,17,2,3,23,1,13.253141,1.381752,549,0,0
1430,3,0,1,5,1,13.273286,1.385156,549,0,0
1440,16,1,1,19,1,13.303919,1.388336,554,0,0
1450,9,3,1,14,1,13.318424,1.388932,554,0,0
1460,16,1,2,20,1,13.369098,1.394007,557,0,0
1470,16,1,2,20,1,13.422411,1.401545,568,0,0
1480,19,4,1,25,1,13.470565,1.406451,569,0,0
1490,7,2,3,13,1,13.511082,1.411153,574,0,0
1500,6,5,2,14,1,13.485869,1.408103,574,0,0
1510,3,0,0,4,1,13.463285,1.406695,574,0,0
1520,9,0,0,10,1,13.435065,1.403429,574,0,0
1530,11,1,1,14,1,13.397127,1.400205,574,0,0
1540,4,0,0,5,1,13.407577,1.401077,575,0,0
1550,3,2,0,6,1,13.377740,1.397365,575,0,0
1560,13,1,1,16,1,13.353525,1.393971,575,0,0
1570,13,0,1,15,1,13.388101,1.396725,582,0,0
1580,11,5,2,19,1,13.450539,1.402948,592,0,0
1590,18,2,0,21,1,13.501223,1.409054,605,0,0
1600,1,1,0,3,1,13.506875,1.410548,606,0,0
1610,0,0,0,0,0,13.441749,1.404271,606,0,0
1620,6,1,0,8,1,13.378278,1.397164,606,0,0
1630,10,1,1,13,1,13.342783,1.393078,606,0,0
1640,16,5,2,24,1,13.367163,1.394095,606,0,0
1650,19,4,4,28,1,13.398290,1.396625,608,0,0
1660,2,0,1,4,1,13.437660,1.401075,617,0,0
1670,3,0,1,5,1,13.365504,1.395461,617,0,0
1680,14,5,2,22,1,13.326520,1.391371,617,0,0
1690,2,0,0,3,1,13.305195,1.389469,617,0,0
1700,3,0,0,4,1,13.280321,1.385744,617,0,0
1710,1,0,1,3,1,13.227521,1.380811,617,0,0
1720,0,0,0,1,1,13.162149,1.375472,617,0,0
1730,19,2,4,26,1,13.117720,1.370142,617,0,0
1740,18,2,5,26,1,13.168787,1.375619,627,0,0
1750,12,2,0,15,1,13.192545,1.378490,629,0,0
1760,19,3,3,26,1,13.238321,1.383249,640,0,0
1770,10,1,0,12,1,13.279217,1.387416,646,0,0
1780,15,0,4,20,1,13.251084,1.384128,646,0,0
1790,20,4,0,25,1,13.270365,1.386040,646,0,0
1800,18,3,4,26,1,13.287595,1.387094,656,0,0
1810,19,3,3,26,1,13.336273,1.392240,671,0,0
1820,4,1,0,6,1,13.342832,1.393867,682,0,0
1830,11,1,3,16,1,13.334229,1.392152,682,0,0
1840,4,0,0,5,1,13.305048,1.389719,682,0,0
1850,9,2,1,13,1,13.250713,1.384414,682,0,0
1860,16,5,1,23,1,13.253643,1.383921,686,0,0
1870,10,0,1,12,1,13.267485,1.385503,692,0,0
1880,9,0,1,11,1,13.223731,1.381529,692,0,0
1890,2,1,0,4,1,13.197119,1.378575,692,0,0
1900,7,3,1,12,1,13.209540,1.378942,699,0,0
1910,12,5,1,19,1,13.199217,1.376345,699,0,0
1920,20,5,2,28,1,13.267871,1.383045,724,0,0
1930,12,2,1,16,1,13.319953,1.388844,730,0,0
1940,4,1,1,7,1,13.318534,1.388316,730,0,0
1950,10,0,4,15,1,13.304838,1.386143,730,0,0
1960,19,1,3,24,1,13.351523,1.391597,756,0,0
1970,11,3,1,16,1,13.371879,1.393788,760,0,0
1980,3,2,0,6,1,13.379755,1.394238,763,0,0
1990,1,1,0,3,1,13.349147,1.390973,763,0,0
2000,2,0,1,4,1,13.299602,1.386458,763,0,0
2010,8,1,0,10,1,13.268247,1.382181,763,0,0
2020,0,0,0,0,0,13.259018,1.381789,763,0,0
2030,5,2,1,9,1,13.252485,1.380680,763,0,0
2040,12,3,3,19,1,13.235976,1.378396,763,0,0
2050,7,0,1,9,1,13.223098,1.376846,763,0,0
2060,16,1,1,19,1,13.248596,1.379225,765,0,0
2070,18,2,2,23,1,13.290027,1.383125,779,0,0
2080,8,3,1,13,1,13.293099,1.383035,779,0,0
2090,3,1,0,5,1,13.249548,1.379336,779,0,0
2100,9,1,0,11,1,13.219145,1.376039,779,0,0
2110,18,2,1,22,1,13.205543,1.374017,779,0,0
2120,19,3,7,30,1,13.250469,1.378496,790,0,0
2130,9,0,1,11,1,13.280216,1.382409,800,0,0
2140,3,2,0,6,1,13.268932,1.381710,800,0,0
2150,13,2,4,20,1,13.285346,1.383019,801,0,0
2160,4,0,1,6,1,13.259821,1.379701,801,0,0
2170,9,5,1,16,1,13.263026,1.379645,801,0,0
2180,13,2,3,19,1,13.259017,1.379631,801,0,0
2190,17,0,3,21,1,13.318056,1.386111,824,0,0
2200,2,0,1,4,1,13.286077,1.383508,824,0,0
2210,9,0,1,11,1,13.283815,1.383209,829,0,0
2220,4,0,0,5,1,13.260385,1.380707,829,0,0
2230,2,3,0,6,1,13.228489,1.377581,829,0,0
2240,16,0,2,19,1,13.244111,1.379338,840,0,0
2250,18,3,2,24,1,13.243288,1.378871,840,0,0
2260,13,5,0,19,1,13.280822,1.382399,845,0,0
2270,17,3,3,24,1,13.317198,1.385618,853,0,0
2280,7,10,2,20,1,13.340412,1.388928,865,0,0
2290,18,0,0,19,1,13.360595,1.390843,874,0,0
2300,6,0,1,8,1,13.346067,1.389901,874,0,0
2310,2,0,0,3,1,13.321639,1.387170,874,0,0
2320,20,3,5,29,1,13.296512,1.383562,876,0,0
2330,14,3,3,21,1,13.329118,1.386838,883,0,0
2340,12,2,1,16,1,13.349222,1.389740,891,0,0
2350,7,0,0,8,1,13.399799,1.395627,910,0,0
2360,20,5,1,27,1,13.389337,1.394107,912,0,0
2370,1,1,0,3,1,13.376411,1.393805,915,0,0
2380,3,0,1,5,1,13.353705,1.391011,915,0,0
2390,5,2,2,10,1,13.324611,1.387920,915,0,0
2400,10,1,3,15,1,13.304755,1.386213,915,0,0
2410,3,0,1,5,1,13.279471,1.384715,915,0,0
2420,0,0,0,1,1,13.234818,1.380171,915,0,0
2430,5,2,1,9,1,13.198090,1.376099,915,0,0
2440,9,1,3,14,1,13.188196,1.374533,915,0,0
2450,4,2,1,8,1,13.151147,1.371369,915,0,0
2460,0,0,0,0,0,13.128186,1.369956,915,0,0
2470,14,0,1,16,1,13.098321,1.366368,915,0,0
2480,17,1,1,20,1,13.095387,1.365939,915,0,0
2490,17,2,0,20,1,13.102765,1.366644,924,0,0
2500,19,5,4,29,1,13.151309,1.371585,948,0,0
2510,19,2,2,24,1,13.192558,1.376796,966,0,0
2520,0,0,0,1,1,13.208865,1.378488,969,0,0
2530,4,0,1,6,1,13.170386,1.373782,969,0,0
2540,7,1,0,9,1,13.157744,1.371836,969,0,0
2550,5,2,0,8,1,13.149769,1.370719,969,0,0
2560,10,2,1,14,1,13.144995,1.369326,969,0,0
2570,11,1,1,14,1,13.174238,1.372372,977,0,0
2580,10,1,0,12,1,13.157505,1.370186,977,0,0
2590,19,2,2,24,1,13.198448,1.374175,991,0,0
2600,0,0,1,2,1,13.194238,1.374400,995,0,0
2610,7,1,0,9,1,13.165511,1.370860,995,0,0
2620,6,1,0,8,1,13.145000,1.368890,995,0,0
2630,17,1,0,19,1,13.158046,1.369762,995,0,0
2640,13,1,0,15,1,13.189327,1.372859,1004,0,0
2650,8,3,0,12,1,13.170881,1.370997,1004,0,0
2660,6,1,1,9,1,13.168000,1.370754,1008,0,0
2670,0,0,0,0,0,13.146912,1.368349,1008,0,0
2680,0,0,0,1,1,13.114096,1.364779,1008,0,0
2690,9,0,0,10,1,13.085578,1.361499,1008,0,0
2700,18,3,2,24,1,13.083992,1.360921,1008,0,0
2710,16,1,4,22,1,13.115697,1.363598,1018,0,0
2720,18,2,0,21,1,13.143988,1.366862,1023,0,0
2730,13,2,1,17,1,13.171388,1.369981,1036,0,0
2740,11,2,3,17,1,13.201218,1.373456,1039,0,0
2750,8,1,0,10,1,13.205553,1.374277,1039,0,0
2760,13,0,2,16,1,13.183497,1.372142,1039,0,0
2770,1,0,0,2,1,13.186706,1.372944,1043,0,0
2780,1,1,2,5,1,13.149967,1.370302,1043,0,0
2790,20,2,7,30,1,13.156442,1.370514,1045,0,0
2800,12,4,2,19,1,13.197615,1.375468,1055,0,0
2810,9,0,1,11,1,13.215859,1.377776,1060,0,0
2820,0,0,0,0,0,13.200325,1.376661,1060,0,0
2830,11,1,2,15,1,13.166072,1.372426,1060,0,0
2840,7,0,0,8,1,13.148825,1.371077,1060,0,0
2850,4,0,1,6,1,13.134619,1.369290,1060,0,0
2860,0,0,0,1,1,13.102711,1.366708,1060,0,0
2870,20,0,3,24,1,13.112885,1.366719,1066,0,0
2880,10,4,3,18,1,13.144507,1.369616,1070,0,0
2890,14,1,3,19,1,13.140334,1.368883,1070,0,0
2900,20,2,2,25,1,13.180515,1.373365,1100,0,0
2910,0,0,0,0,0,13.177964,1.373540,1101,0,0
2920,18,2,1,22,1,13.175430,1.372392,1103,0,0
2930,14,0,3,18,1,13.200591,1.374964,1110,0,0
2940,16,6,0,23,1,13.224334,1.377388,1116,0,0
2950,7,0,0,8,1,13.218650,1.377040,1122,0,0
2960,4,0,0,5,1,13.205823,1.375413,1122,0,0
2970,20,1,1,23,1,13.212083,1.375390,1123,0,0
2980,17,3,2,23,1,13.226803,1.376493,1125,0,0
2990,18,1,0,20,1,13.263492,1.380267,1151,0,0
3000,12,1,0,14,1,13.290471,1.382983,1164,0,0
3010,9,2,0,12,1,13.305871,1.384734,1167,0,0
3020,17,4,3,25,1,13.313429,1.385096,1167,0,0
3030,14,3,1,19,1,13.339984,1.388007,1177,0,0
3040,4,0,0,5,1,13.341772,1.388531,1177,0,0
3050,14,1,2,18,1,13.327632,1.386685,1177,0,0
3060,1,0,0,2,1,13.300260,1.384925,1177,0,0
3070,1,0,0,2,1,13.273312,1.382684,1177,0,0
3080,0,0,0,1,1,13.262283,1.381721,1177,0,0
3090,5,1,1,8,1,13.227965,1.378378,1177,0,0
3100,1,2,0,4,1,13.199957,1.375504,1177,0,0
3110,7,0,2,10,1,13.169099,1.372057,1177,0,0
3120,3,0,0,4,1,13.165504,1.371819,1177,0,0
3130,1,0,0,2,1,13.132620,1.368756,1177,0,0
3140,14,2,2,19,1,13.116164,1.366675,1177,0,0
3150,16,2,4,23,1,13.145966,1.369643,1183,0,0
3160,12,2,0,15,1,13.177097,1.372841,1193,0,0
3170,8,3,2,14,1,13.202912,1.375213,1202,0,0
3180,10,6,5,22,1,13.208190,1.375718,1202,0,0
3190,14,1,0,16,1,13.225239,1.378079,1202,0,0
3200,6,0,1,8,1,13.207208,1.376378,1202,0,0
3210,5,0,2,8,1,13.203096,1.375769,1202,0,0
3220,15,1,0,17,1,13.226085,1.377673,1211,0,0
3230,4,1,1,7,1,13.225962,1.377438,1211,0,0
3240,18,2,0,21,1,13.217746,1.376052,1211,0,0
3250,20,0,3,24,1,13.250973,1.379823,1236,0,0
3260,9,3,0,13,1,13.271011,1.382132,1255,0,0
3270,12,3,0,16,1,13.278694,1.382449,1255,0,0
3280,18,2,4,25,1,13.293282,1.383355,1265,0,0
3290,18,2,3,24,1,13.309756,1.385205,1267,0,0
3300,20,3,1,25,1,13.340753,1.388172,1291,0,0
3310,10,1,2,14,1,13.357515,1.390489,1297,0,0
3320,12,2,3,18,1,13.343308,1.389056,1297,0,0
3330,19,4,5,29,1,13.359713,1.390115,1299,0,0
3340,13,0,1,15,1,13.392004,1.393566,1307,0,0
3350,2,0,0,3,1,13.366927,1.391091,1307,0,0
3360,3,0,0,4,1,13.334740,1.388476,1307,0,0
3370,0,0,0,1,1,13.306261,1.386026,1307,0,0
3380,14,0,0,15,1,13.286880,1.383240,1307,0,0
3390,0,0,0,0,0,13.260703,1.380729,1307,0,0
3400,11,2,1,15,1,13.255891,1.379807,1311,0,0
3410,4,0,1,6,1,13.244358,1.378400,1311,0,0
3420,4,0,0,5,1,13.240216,1.377301,1311,0,0
3430,13,2,4,20,1,13.229233,1.375539,1311,0,0
3440,8,2,0,11,1,13.228394,1.375708,1311,0,0
3450,6,0,0,7,1,13.218683,1.374746,1311,0,0
3460,7,1,1,10,1,13.191368,1.371706,1311,0,0
3470,14,1,0,16,1,13.197489,1.371650,1315,0,0
3480,15,3,5,24,1,13.224177,1.374228,1320,0,0
3490,2,1,1,5,1,13.229953,1.375452,1332,0,0
3500,15,6,1,23,1,13.214170,1.373737,1332,0,0
3510,2,0,1,4,1,13.201508,1.372916,1332,0,0
3520,7,1,0,9,1,13.186792,1.370866,1332,0,0
3530,0,0,0,1,1,13.165141,1.368461,1332,0,0
3540,19,0,2,22,1,13.184405,1.369668,1336,0,0
3550,11,2,2,16,1,13.199185,1.371374,1336,0,0
3560,16,0,0,17,1,13.208935,1.372357,1338,0,0
3570,20,2,6,29,1,13.238165,1.375524,1359,0,0
3580,5,3,0,9,1,13.258075,1.378282,1369,0,0
3590,14,1,1,17,1,13.260094,1.378221,1372,0,0
3600,13,0,0,14,1,13.254059,1.376926,1372,0,0
3610,14,1,0,16,1,13.269177,1.378388,1375,0,0
3620,12,7,2,22,1,13.295883,1.381212,1386,0,0
3630,0,0,0,1,1,13.285997,1.380670,1386,0,0
3640,7,2,3,13,1,13.273051,1.379018,1386,0,0
3650,14,1,5,21,1,13.296160,1.381547,1401,0,0
3660,13,0,4,18,1,13.309333,1.383161,1406,0,0
3670,8,0,0,9,1,13.316697,1.384209,1406,0,0
3680,18,1,1,21,1,13.334641,1.386161,1408,0,0
3690,15,4,3,23,1,13.347810,1.386795,1411,0,0
3700,9,4,0,14,1,13.362638,1.388735,1414,0,0
3710,2,1,0,4,1,13.351037,1.387694,1414,0,0
3720,9,1,0,11,1,13.329106,1.384920,1414,0,0
3730,19,3,3,26,1,13.347948,1.386732,1424,0,0
3740,6,1,1,9,1,13.355926,1.388304,1425,0,0
3750,4,1,0,6,1,13.331778,1.386032,1425,0,0
3760,14,1,1,17,1,13.334970,1.385988,1431,0,0
3770,9,3,2,15,1,13.343579,1.386394,1431,0,0
3780,8,1,3,13,1,13.346752,1.386504,1431,0,0
3790,12,5,1,19,1,13.334453,1.385160,1431,0,0
3800,16,0,2,19,1,13.358275,1.388176,1452,0,0
3810,2,1,2,6,1,13.369572,1.389586,1455,0,0
3820,5,1,1,8,1,13.342922,1.387429,1455,0,0
3830,3,0,0,4,1,13.322938,1.385846,1455,0,0
3840,1,2,0,4,1,13.294422,1.382922,1455,0,0
3850,2,2,0,5,1,13.282795,1.381793,1455,0,0
3860,9,2,0,12,1,13.270229,1.380118,1455,0,0
3870,3,2,0,6,1,13.250384,1.377616,1455,0,0
3880,1,1,0,3,1,13.235763,1.375807,1455,0,0
3890,9,3,0,13,1,13.227824,1.374475,1455,0,0
3900,16,2,3,22,1,13.245583,1.376036,1465,0,0
3910,15,2,2,20,1,13.264652,1.377844,1466,0,0
3920,15,2,0,18,1,13.276349,1.378776,1468,0,0
3930,0,0,0,1,1,13.265763,1.377942,1468,0,0
3940,9,1,0,11,1,13.248052,1.376040,1468,0,0
3950,15,4,3,23,1,13.245519,1.375968,1471,0,0
3960,8,2,1,12,1,13.258244,1.377155,1474,0,0
3970,18,2,2,23,1,13.242539,1.375461,1474,0,0
3980,11,2,1,15,1,13.260343,1.377213,1474,0,0
3990,8,3,1,13,1,13.273528,1.378556,1485,0,0
4000,8,0,1,10,1,13.253904,1.376278,1485,0,0
4010,2,0,0,3,1,13.233712,1.374263,1485,0,0
4020,1,1,1,4,1,13.209993,1.371811,1485,0,0
4030,6,0,1,8,1,13.186171,1.369736,1485,0,0
4040,12,1,1,15,1,13.172693,1.368029,1485,0,0
4050,0,0,0,0,0,13.158557,1.366571,1485,0,0
4060,9,1,1,12,1,13.144999,1.365103,1485,0,0
4070,14,3,1,19,1,13.146750,1.365121,1485,0,0
4080,12,2,1,16,1,13.158419,1.366586,1487,0,0
4090,19,1,4,25,1,13.166296,1.367102,1488,0,0
4100,7,0,2,10,1,13.182110,1.368755,1499,0,0
4110,15,0,3,19,1,13.169877,1.367219,1499,0,0
4120,8,0,1,10,1,13.174891,1.367475,1500,0,0
4130,9,0,1,11,1,13.159275,1.366106,1500,0,0
4140,9,2,1,13,1,13.148652,1.365357,1500,0,0
4150,5,1,0,7,1,13.129976,1.363633,1500,0,0
4160,8,0,0,9,1,13.109231,1.361454,1500,0,0
4170,3,0,0,4,1,13.091084,1.359748,1500,0,0
4180,13,0,2,16,1,13.094961,1.360025,1501,0,0
4190,3,1,0,5,1,13.094639,1.359732,1501,0,0
4200,16,2,3,22,1,13.094779,1.359252,1502,0,0
4210,17,0,1,19,1,13.107002,1.360566,1506,0,0
4220,10,2,2,15,1,13.131151,1.363419,1511,0,0
4230,0,0,0,1,1,13.115705,1.361859,1511,0,0
4240,8,1,1,11,1,13.097924,1.359690,1511,0,0
4250,14,1,3,19,1,13.108577,1.360442,1514,0,0
4260,13,1,0,15,1,13.131109,1.363058,1531,0,0
4270,2,0,0,3,1,13.114098,1.361502,1531,0,0
4280,1,0,0,2,1,13.102768,1.360336,1531,0,0
4290,3,0,0,4,1,13.078588,1.358033,1531,0,0
4300,1,0,0,2,1,13.057195,1.356182,1531,0,0
4310,8,2,0,11,1,13.048046,1.355208,1531,0,0
4320,2,1,0,4,1,13.036728,1.354368,1531,0,0
4330,15,1,2,19,1,13.037264,1.354042,1531,0,0
4340,9,2,1,13,1,13.038191,1.354244,1532,0,0
4350,9,0,0,10,1,13.026814,1.353039,1532,0,0
4360,1,1,0,3,1,13.012856,1.351888,1532,0,0
4370,5,0,0,6,1,12.999218,1.350095,1532,0,0
4380,14,0,1,16,1,12.986459,1.348875,1532,0,0
4390,0,0,0,1,1,12.967463,1.347612,1532,0,0
4400,12,0,1,14,1,12.959342,1.346425,1532,0,0
4410,15,6,8,30,1,12.982797,1.348457,1538,0,0
4420,17,0,2,20,1,13.002522,1.350864,1540,0,0
4430,15,5,2,23,1,13.026589,1.353309,1553,0,0
4440,16,1,1,19,1,13.043354,1.355312,1554,0,0
4450,16,0,3,20,1,13.059350,1.357330,1559,0,0
4460,10,6,1,18,1,13.081975,1.359911,1571,0,0
4470,5,0,1,7,1,13.091111,1.361025,1571,0,0
4480,2,1,1,5,1,13.068291,1.359037,1571,0,0
4490,10,1,0,12,1,13.045010,1.356589,1571,0,0
4500,1,0,0,2,1,13.024291,1.354565,1571,0,0
4510,6,1,1,9,1,13.017288,1.353779,1571,0,0
4520,11,2,0,14,1,13.012666,1.352898,1571,0,0
4530,12,2,1,16,1,13.032019,1.354854,1579,0,0
4540,15,1,3,20,1,13.045291,1.356115,1579,0,0
4550,11,3,0,15,1,13.060327,1.357591,1585,0,0
4560,1,0,0,2,1,13.061735,1.358146,1585,0,0
4570,9,1,1,12,1,13.047564,1.356308,1585,0,0
4580,3,2,0,6,1,13.030929,1.354400,1585,0,0
4590,9,2,0,12,1,13.025929,1.353979,1585,0,0
4600,11,1,1,14,1,13.038602,1.355303,1594,0,0
4610,6,2,1,10,1,13.021755,1.353741,1594,0,0
4620,15,1,0,17,1,13.039912,1.355177,1605,0,0
4630,0,0,0,1,1,13.038830,1.355467,1605,0,0
4640,6,0,1,8,1,13.020327,1.353246,1605,0,0
4650,11,3,2,17,1,13.021904,1.353568,1605,0,0
4660,1,0,1,3,1,13.003756,1.352351,1605,0,0
4670,19,3,1,24,1,12.988858,1.350716,1605,0,0
4680,20,2,1,24,1,13.016785,1.353866,1626,0,0
4690,15,1,0,17,1,13.012014,1.353344,1626,0,0
4700,15,1,1,18,1,13.040830,1.356556,1644,0,0
4710,12,2,4,19,1,13.054964,1.357640,1647,0,0
4720,4,0,0,5,1,13.057014,1.357918,1647,0,0
4730,3,0,1,5,1,13.044425,1.356524,1647,0,0
4740,15,0,1,17,1,13.032113,1.355040,1647,0,0
4750,13,6,1,21,1,13.043388,1.356336,1658,0,0
4760,11,2,1,15,1,13.058088,1.358078,1665,0,0
4770,6,0,0,7,1,13.055373,1.358125,1665,0,0
4780,18,3,3,25,1,13.067838,1.358864,1670,0,0
4790,13,4,0,18,1,13.083982,1.360725,1678,0,0
4800,16,7,1,25,1,13.101982,1.362070,1683,0,0
4810,17,1,7,26,1,13.121590,1.364291,1697,0,0
4820,10,4,2,17,1,13.137799,1.366218,1703,0,0
4830,3,0,0,4,1,13.150284,1.367403,1709,0,0
4840,8,0,1,10,1,13.145572,1.366742,1709,0,0
4850,14,1,2,18,1,13.149076,1.367024,1709,0,0
4860,15,2,2,20,1,13.172740,1.369343,1719,0,0
4870,2,0,0,3,1,13.164895,1.369001,1719,0,0
4880,13,3,1,18,1,13.149324,1.367415,1719,0,0
4890,8,2,0,11,1,13.148443,1.367561,1719,0,0
4900,7,0,0,8,1,13.139795,1.366840,1719,0,0
4910,6,2,0,9,1,13.136464,1.366179,1719,0,0
4920,9,2,5,17,1,13.151450,1.368002,1735,0,0
4930,11,2,0,14,1,13.153897,1.368289,1735,0,0
4940,9,2,1,13,1,13.162643,1.368915,1739,0,0
4950,16,3,3,23,1,13.167076,1.369121,1739,0,0
4960,0,0,0,1,1,13.175546,1.370352,1745,0,0
4970,14,0,2,17,1,13.169082,1.369168,1745,0,0
4980,4,0,3,8,1,13.156164,1.368116,1745,0,0
4990,5,2,2,10,1,13.144720,1.366845,1745,0,0
5000,13,0,1,15,1,13.150448,1.367246,1748,0,0
5010,16,3,4,24,1,13.165375,1.368519,1750,0,0
5020,18,1,2,22,1,13.184793,1.370515,1762,0,0
5030,17,2,4,24,1,13.185234,1.370284,1762,0,0
5040,19,3,4,27,1,13.212323,1.373190,1789,0,0
5050,16,0,1,18,1,13.232285,1.375497,1805,0,0
5060,5,0,3,9,1,13.219796,1.374402,1805,0,0
5070,11,0,2,14,1,13.228771,1.375284,1813,0,0
5080,0,0,0,1,1,13.215852,1.373890,1813,0,0
5090,6,0,0,7,1,13.199374,1.372099,1813,0,0
5100,3,1,0,5,1,13.191117,1.371022,1813,0,0
5110,17,1,3,22,1,13.180047,1.369265,1813,0,0
5120,7,1,2,11,1,13.190097,1.370789,1822,0,0
5130,8,0,1,10,1,13.174624,1.369298,1822,0,0
5140,6,1,2,10,1,13.168871,1.368706,1823,0,0
5150,20,2,0,23,1,13.174836,1.369553,1826,0,0
5160,16,0,2,19,1,13.179092,1.369642,1828,0,0
5170,19,1,5,26,1,13.189629,1.370275,1846,0,0
5180,13,0,3,17,1,13.209163,1.372670,1858,0,0
5190,14,0,2,17,1,13.213491,1.373263,1859,0,0
5200,17,2,3,23,1,13.223223,1.374281,1859,0,0
5210,12,2,1,16,1,13.243714,1.377131,1877,0,0
5220,0,0,0,1,1,13.228711,1.376261,1877,0,0
5230,11,1,2,15,1,13.226029,1.375903,1877,0,0
5240,17,0,1,19,1,13.233775,1.376739,1882,0,0
5250,3,1,2,7,1,13.223827,1.375926,1882,0,0
5260,9,0,2,12,1,13.219604,1.375081,1882,0,0
5270,8,1,1,11,1,13.208220,1.373847,1882,0,0
5280,18,2,1,22,1,13.215899,1.373946,1882,0,0
5290,12,2,2,17,1,13.235296,1.375778,1889,0,0
5300,7,4,2,14,1,13.247811,1.377138,1900,0,0
5310,19,5,5,30,1,13.264709,1.378711,1913,0,0
5320,11,1,1,14,1,13.276202,1.380316,1922,0,0
5330,3,0,0,4,1,13.266857,1.379161,1922,0,0
5340,6,1,0,8,1,13.250799,1.377470,1922,0,0
5350,7,0,1,9,1,13.234949,1.375961,1922,0,0
5360,17,3,4,25,1,13.229479,1.375398,1927,0,0
5370,15,1,1,18,1,13.245170,1.377167,1930,0,0
5380,6,1,0,8,1,13.252241,1.377854,1932,0,0
5390,0,0,0,0,0,13.234817,1.376419,1932,0,0
5400,0,0,0,0,0,13.215296,1.374711,1932,0,0
5410,9,0,2,12,1,13.198100,1.372450,1932,0,0
5420,7,0,0,8,1,13.200174,1.372723,1932,0,0
5430,11,0,2,14,1,13.200232,1.372497,1932,0,0
5440,20,4,4,29,1,13.203212,1.372601,1937,0,0
5450,13,0,1,15,1,13.222945,1.375235,1953,0,0
5460,0,0,0,1,1,13.211863,1.374374,1953,0,0
5470,20,2,2,25,1,13.206952,1.373501,1955,0,0
5480,5,0,1,7,1,13.221768,1.375202,1959,0,0
5490,14,0,3,18,1,13.211405,1.373946,1959,0,0
5500,6,0,2,9,1,13.203990,1.373361,1959,0,0
5510,2,1,1,5,1,13.205291,1.373422,1964,0,0
5520,16,4,1,22,1,13.217671,1.374817,1972,0,0
5530,19,2,3,25,1,13.236101,1.376997,1989,0,0
5540,15,4,3,23,1,13.259906,1.379632,2004,0,0
5550,6,0,0,7,1,13.251914,1.378932,2004,0,0
5560,3,0,1,5,1,13.236058,1.377388,2004,0,0
5570,12,1,0,14,1,13.222332,1.375911,2004,0,0
5580,9,0,1,11,1,13.208840,1.374228,2004,0,0
5590,9,0,0,10,1,13.213827,1.374852,2007,0,0
5600,13,2,0,16,1,13.215549,1.374498,2013,0,0
5610,3,0,0,4,1,13.214750,1.374699,2023,0,0
5620,8,1,2,12,1,13.212709,1.374337,2023,0,0
5630,12,1,2,16,1,13.206885,1.373227,2023,0,0
5640,11,2,0,14,1,13.221479,1.375155,2044,0,0
5650,16,1,4,22,1,13.225527,1.375149,2044,0,0
5660,13,0,2,16,1,13.243454,1.377498,2062,0,0
5670,0,0,0,0,0,13.232088,1.376699,2062,0,0
5680,8,1,1,11,1,13.240532,1.377479,2079,0,0
5690,7,0,1,9,1,13.225874,1.376083,2079,0,0
5700,7,2,0,10,1,13.213193,1.374791,2079,0,0
5710,6,2,0,9,1,13.216031,1.374939,2079,0,0
5720,14,2,2,19,1,13.223621,1.375757,2088,0,0
5730,4,1,1,7,1,13.212151,1.374866,2088,0,0
5740,4,1,1,7,1,13.200730,1.373829,2088,0,0
5750,1,0,0,2,1,13.190048,1.372645,2088,0,0
5760,3,1,1,6,1,13.174899,1.371319,2088,0,0
5770,1,0,0,2,1,13.164195,1.370503,2088,0,0
5780,3,0,0,4,1,13.145960,1.368656,2088,0,0
5790,3,0,1,5,1,13.137355,1.367736,2088,0,0
5800,1,0,0,2,1,13.128267,1.366890,2088,0,0
5810,18,5,1,25,1,13.135326,1.367234,2090,0,0
5820,19,5,3,28,1,13.156921,1.369508,2112,0,0
5830,16,2,2,21,1,13.174304,1.371441,2128,0,0
5840,11,2,1,15,1,13.183248,1.372423,2131,0,0
5850,8,1,1,11,1,13.176875,1.371517,2131,0,0
5860,19,3,4,27,1,13.193150,1.373066,2149,0,0
5870,3,0,0,4,1,13.187773,1.372290,2150,0,0
5880,4,0,2,7,1,13.170874,1.370655,2150,0,0
5890,20,2,3,26,1,13.180377,1.371476,2157,0,0
5900,3,0,1,5,1,13.180285,1.371711,2161,0,0
5910,8,1,0,10,1,13.183295,1.371688,2162,0,0
5920,20,3,5,29,1,13.192256,1.372503,2165,0,0
5930,19,3,1,24,1,13.216725,1.375172,2194,0,0
5940,7,2,0,10,1,13.221249,1.376055,2197,0,0
5950,10,1,3,15,1,13.217475,1.375424,2197,0,0
5960,4,3,1,9,1,13.208889,1.374701,2197,0,0
5970,16,1,3,21,1,13.212895,1.374976,2197,0,0
5980,20,1,6,28,1,13.225756,1.376292,2203,0,0
5990,3,1,3,8,1,13.240438,1.378421,2219,0,0
6000,6,2,0,9,1,13.226102,1.377073,2219,0,0
6010,7,0,1,9,1,13.225424,1.377028,2219,0,0
6020,4,2,2,9,1,13.210044,1.375380,2219,0,0
6030,2,1,1,5,1,13.192499,1.373981,2219,0,0
6040,0,1,0,2,1,13.176120,1.372134,2219,0,0
6050,0,0,0,0,0,13.162147,1.370703,2219,0,0
6060,14,1,0,16,1,13.149623,1.369140,2219,0,0
6070,1,0,0,2,1,13.145925,1.368874,2220,0,0
6080,7,1,1,10,1,13.135364,1.367424,2220,0,0
6090,20,0,1,22,1,13.148124,1.368566,2242,0,0
6100,10,2,1,14,1,13.158922,1.369972,2246,0,0
6110,17,3,1,22,1,13.165317,1.370406,2246,0,0
6120,13,3,2,19,1,13.171418,1.370903,2246,0,0
6130,11,0,2,14,1,13.180688,1.371986,2255,0,0
6140,16,2,4,23,1,13.187174,1.372500,2255,0,0
6150,15,2,1,19,1,13.198050,1.373773,2265,0,0
6160,9,2,1,13,1,13.210061,1.375188,2272,0,0
6170,9,1,1,12,1,13.208202,1.374740,2272,0,0
6180,4,0,2,7,1,13.203973,1.374256,2272,0,0
6190,5,1,0,7,1,13.191144,1.372807,2272,0,0
6200,0,0,0,1,1,13.176180,1.371551,2272,0,0
6210,14,1,1,17,1,13.181959,1.371924,2281,0,0
6220,0,0,0,0,0,13.190215,1.372992,2290,0,0
6230,20,1,2,24,1,13.182727,1.371802,2290,0,0
6240,14,2,1,18,1,13.193938,1.373360,2301,0,0
6250,12,1,2,16,1,13.194782,1.373632,2301,0,0
6260,3,0,0,4,1,13.187032,1.372827,2301,0,0
6270,13,3,3,20,1,13.189917,1.373174,2313,0,0
6280,10,3,0,14,1,13.203928,1.374543,2318,0,0
6290,15,0,1,17,1,13.206123,1.374909,2318,0,0
6300,1,0,0,2,1,13.202776,1.375062,2318,0,0
6310,6,0,1,8,1,13.189359,1.373619,2318,0,0
6320,12,5,4,22,1,13.192153,1.373526,2318,0,0
6330,20,1,4,26,1,13.198320,1.374101,2321,0,0
6340,20,5,2,28,1,13.214213,1.375802,2344,0,0
6350,8,1,0,10,1,13.223088,1.376660,2358,0,0
6360,13,1,2,17,1,13.228877,1.377219,2365,0,0
6370,15,2,1,19,1,13.243710,1.378832,2372,0,0
6380,8,0,1,10,1,13.252206,1.379920,2381,0,0
6390,10,4,1,16,1,13.253232,1.379960,2381,0,0
6400,14,1,3,19,1,13.256979,1.380486,2382,0,0
6410,17,4,1,23,1,13.268366,1.381785,2387,0,0
6420,10,2,2,15,1,13.276534,1.382793,2396,0,0
6430,8,1,4,14,1,13.286622,1.383844,2397,0,0
6440,7,1,1,10,1,13.288713,1.383950,2397,0,0
6450,17,3,1,22,1,13.299468,1.385227,2407,0,0
6460,12,0,0,13,1,13.314460,1.386766,2414,0,0
6470,7,2,1,11,1,13.314522,1.386639,2414,0,0
6480,9,0,2,12,1,13.314267,1.386613,2414,0,0
6490,19,2,3,25,1,13.313689,1.386820,2425,0,0
6500,19,3,2,25,1,13.322179,1.387705,2426,0,0
6510,10,7,2,20,1,13.337021,1.389607,2444,0,0
6520,10,2,1,14,1,13.334076,1.389366,2444,0,0
6530,13,2,0,16,1,13.341735,1.390119,2444,0,0
6540,13,3,0,17,1,13.343138,1.390132,2444,0,0
6550,14,0,0,15,1,13.356717,1.391790,2461,0,0
6560,8,2,2,13,1,13.352038,1.391257,2461,0,0
6570,12,0,1,14,1,13.353593,1.391418,2461,0,0
6580,4,1,0,6,1,13.361355,1.392249,2465,0,0
6590,15,1,5,22,1,13.353177,1.391110,2465,0,0
6600,16,2,1,20,1,13.368315,1.392621,2476,0,0
6610,14,3,0,18,1,13.378686,1.393789,2478,0,0
6620,16,2,2,21,1,13.387443,1.394503,2478,0,0
6630,8,0,1,10,1,13.391058,1.394858,2478,0,0
6640,4,0,0,5,1,13.379522,1.393744,2478,0,0
6650,3,1,1,6,1,13.368096,1.392292,2478,0,0
6660,14,0,2,17,1,13.376024,1.392987,2480,0,0
6670,13,2,2,18,1,13.383633,1.393802,2480,0,0
6680,18,1,2,22,1,13.394352,1.394593,2488,0,0
6690,8,0,2,11,1,13.399274,1.395432,2491,0,0
6700,16,2,2,21,1,13.400008,1.395032,2491,0,0
6710,15,1,3,20,1,13.400587,1.394639,2491,0,0
6720,6,1,0,8,1,13.404607,1.395102,2491,0,0
6730,15,3,0,19,1,13.403817,1.394849,2495,0,0
6740,20,3,3,27,1,13.419891,1.396589,2512,0,0
6750,14,5,1,21,1,13.434752,1.398525,2521,0,0
6760,12,3,4,20,1,13.442556,1.399512,2528,0,0
6770,16,3,3,23,1,13.450609,1.400222,2532,0,0
6780,12,2,0,15,1,13.459913,1.401084,2540,0,0
6790,15,3,2,21,1,13.470791,1.401960,2547,0,0
6800,18,3,6,28,1,13.486555,1.403624,2561,0,0
6810,6,1,1,9,1,13.496055,1.404679,2578,0,0
6820,7,1,0,9,1,13.491287,1.403563,2578,0,0
6830,13,0,0,14,1,13.480221,1.402222,2578,0,0
6840,3,0,0,4,1,13.475252,1.401602,2578,0,0
6850,2,0,1,4,1,13.463047,1.400505,2578,0,0
6860,4,0,0,5,1,13.451085,1.399179,2578,0,0
6870,11,1,3,16,1,13.444365,1.398292,2580,0,0
6880,5,0,2,8,1,13.451596,1.399026,2595,0,0
6890,0,0,0,0,0,13.451671,1.399248,2595,0,0
6900,8,0,1,10,1,13.452513,1.399381,2595,0,0
6910,11,0,0,12,1,13.439832,1.397938,2595,0,0
6920,9,0,1,11,1,13.439071,1.397904,2595,0,0
6930,8,2,0,11,1,13.428335,1.396748,2595,0,0
6940,12,3,1,17,1,13.426732,1.396836,2602,0,0
6950,9,0,0,10,1,13.422566,1.396739,2602,0,0
6960,9,1,1,12,1,13.410674,1.395358,2602,0,0
6970,16,2,1,20,1,13.406108,1.394698,2602,0,0
6980,2,1,0,4,1,13.406015,1.394982,2602,0,0
6990,5,2,0,8,1,13.396962,1.393980,2602,0,0
7000,0,0,0,0,0,13.382815,1.392696,2602,0,0
7010,6,0,0,7,1,13.371299,1.391500,2602,0,0
7020,6,1,1,9,1,13.371150,1.391197,2602,0,0
7030,11,1,1,14,1,13.365192,1.390415,2602,0,0
7040,1,0,0,2,1,13.355012,1.389523,2602,0,0
7050,19,1,0,21,1,13.351250,1.388970,2602,0,0
7060,10,1,3,15,1,13.360470,1.389870,2607,0,0
7070,10,1,1,13,1,13.369635,1.390887,2611,0,0
7080,6,1,1,9,1,13.361080,1.389980,2611,0,0
7090,19,3,1,24,1,13.361576,1.389789,2614,0,0
7100,4,0,0,5,1,13.372821,1.391247,2632,0,0
7110,17,3,1,22,1,13.374018,1.391130,2632,0,0
7120,13,1,3,18,1,13.380508,1.391828,2642,0,0
7130,19,2,1,23,1,13.384831,1.392077,2646,0,0
7140,18,1,1,21,1,13.387559,1.392161,2646,0,0
7150,8,3,2,14,1,13.400030,1.393704,2658,0,0
7160,2,0,2,5,1,13.397993,1.393556,2658,0,0
7170,4,2,2,9,1,13.384920,1.391816,2658,0,0
7180,18,1,2,22,1,13.382974,1.391476,2658,0,0
7190,4,1,1,7,1,13.388865,1.392273,2674,0,0
7200,14,1,1,17,1,13.383610,1.391509,2674,0,0
7210,15,0,3,19,1,13.392517,1.392639,2678,0,0
7220,1,0,1,3,1,13.402735,1.393725,2684,0,0
7230,1,0,0,2,1,13.388234,1.392521,2684,0,0
7240,10,0,2,13,1,13.382067,1.392003,2684,0,0
7250,0,0,0,0,0,13.375735,1.391446,2684,0,0
7260,1,1,1,4,1,13.362586,1.390141,2684,0,0
7270,3,2,0,6,1,13.350027,1.388857,2684,0,0
7280,18,4,1,24,1,13.355962,1.389179,2692,0,0
7290,12,1,2,16,1,13.357043,1.389453,2692,0,0
7300,9,1,2,13,1,13.364139,1.390193,2699,0,0
7310,15,2,0,18,1,13.373812,1.391202,2702,0,0
7320,0,0,0,0,0,13.374495,1.391474,2703,0,0
7330,6,0,0,7,1,13.363582,1.390202,2703,0,0
7340,13,1,0,15,1,13.355749,1.389292,2703,0,0
7350,18,1,2,22,1,13.357776,1.389250,2710,0,0
7360,0,0,0,0,0,13.356107,1.389256,2710,0,0
7370,0,0,0,1,1,13.350792,1.388588,2710,0,0
7380,6,0,1,8,1,13.339551,1.387461,2710,0,0
7390,4,1,0,6,1,13.328040,1.386383,2710,0,0
7400,11,2,3,17,1,13.323907,1.385820,2710,0,0
7410,16,0,2,19,1,13.328022,1.386289,2710,0,0
7420,4,0,0,5,1,13.333102,1.386976,2711,0,0
7430,15,0,1,17,1,13.324248,1.385844,2711,0,0
7440,6,1,0,8,1,13.330591,1.386526,2715,0,0
7450,10,1,1,13,1,13.327638,1.385757,2715,0,0
7460,1,0,0,2,1,13.324953,1.385597,2715,0,0
7470,2,0,0,3,1,13.310668,1.384269,2715,0,0
7480,13,5,1,20,1,13.316471,1.384510,2721,0,0
7490,19,3,5,28,1,13.329892,1.385832,2728,0,0
7500,19,1,1,22,1,13.341193,1.387145,2734,0,0
7510,12,0,0,13,1,13.345865,1.387481,2737,0,0
7520,13,1,1,16,1,13.355610,1.388382,2755,0,0
7530,19,1,3,24,1,13.361755,1.388680,2762,0,0
7540,9,1,1,12,1,13.372095,1.389778,2769,0,0
7550,8,1,1,11,1,13.363394,1.388916,2769,0,0
7560,16,4,1,22,1,13.361127,1.388684,2777,0,0
7570,13,7,1,22,1,13.371682,1.390053,2798,0,0
7580,14,3,3,21,1,13.384062,1.391496,2804,0,0
7590,15,1,3,20,1,13.390868,1.392131,2811,0,0
7600,0,0,0,1,1,13.383244,1.391494,2811,0,0
7610,1,0,0,2,1,13.377363,1.390905,2811,0,0
7620,6,2,0,9,1,13.365317,1.389542,2811,0,0
7630,10,1,1,13,1,13.363534,1.389266,2811,0,0
7640,3,0,0,4,1,13.364147,1.389409,2811,0,0
7650,13,2,2,18,1,13.368113,1.389673,2820,0,0
7660,19,1,2,23,1,13.380247,1.391052,2841,0,0
7670,12,0,1,14,1,13.380086,1.391057,2841,0,0
7680,7,4,0,12,1,13.368763,1.389714,2841,0,0
7690,4,2,2,9,1,13.360743,1.388715,2841,0,0
7700,4,1,0,6,1,13.347871,1.387494,2841,0,0
7710,0,0,0,1,1,13.337519,1.386590,2841,0,0
7720,17,2,3,23,1,13.340338,1.386550,2849,0,0
7730,0,0,0,0,0,13.337060,1.386325,2849,0,0
7740,3,0,0,4,1,13.321343,1.384956,2849,0,0
7750,3,0,1,5,1,13.308585,1.383707,2849,0,0
7760,2,1,0,4,1,13.297139,1.382854,2849,0,0
7770,0,0,0,1,1,13.285322,1.381683,2849,0,0
7780,4,2,1,8,1,13.276111,1.380525,2849,0,0
7790,15,1,0,17,1,13.276334,1.380202,2849,0,0
7800,4,2,0,7,1,13.272759,1.379741,2849,0,0
7810,6,3,0,10,1,13.267383,1.378984,2849,0,0
7820,0,0,0,1,1,13.257598,1.378044,2849,0,0
7830,10,1,0,12,1,13.254509,1.377727,2850,0,0
7840,19,2,0,22,1,13.258122,1.377979,2852,0,0
7850,13,3,0,17,1,13.264880,1.378940,2856,0,0
7860,14,7,1,23,1,13.270248,1.379356,2861,0,0
7870,13,0,1,15,1,13.268637,1.379083,2861,0,0
7880,20,2,0,23,1,13.278055,1.379920,2867,0,0
7890,12,3,1,17,1,13.286207,1.381172,2874,0,0
7900,19,1,3,24,1,13.294622,1.382050,2885,0,0
7910,5,2,0,8,1,13.295930,1.382299,2888,0,0
7920,0,0,0,1,1,13.283942,1.381092,2888,0,0
7930,0,0,0,0,0,13.274128,1.380165,2888,0,0
7940,11,1,1,14,1,13.267636,1.379078,2888,0,0
7950,13,1,1,16,1,13.274094,1.379501,2892,0,0
7960,6,1,0,8,1,13.268076,1.378969,2892,0,0
7970,16,2,1,20,1,13.267603,1.378816,2892,0,0
7980,4,0,0,5,1,13.263234,1.378456,2892,0,0
7990,11,0,2,14,1,13.252920,1.377298,2892,0,0
8000,10,0,0,11,1,13.250068,1.376738,2892,0,0
8010,0,0,0,0,0,13.241010,1.375979,2892,0,0
8020,4,1,0,6,1,13.233292,1.375092,2892,0,0
8030,5,1,1,8,1,13.225803,1.374532,2892,0,0
8040,3,0,0,4,1,13.217161,1.373744,2892,0,0
8050,18,4,2,25,1,13.222657,1.374230,2905,0,0
8060,18,4,2,25,1,13.236890,1.375784,2930,0,0
8070,19,0,3,23,1,13.251298,1.377392,2947,0,0
8080,19,6,2,28,1,13.259036,1.378165,2961,0,0
8090,16,1,4,22,1,13.268367,1.379085,2966,0,0
8100,13,2,2,18,1,13.273693,1.379271,2967,0,0
8110,15,1,0,17,1,13.281151,1.379979,2967,0,0
8120,7,1,3,12,1,13.271675,1.379158,2967,0,0
8130,14,1,6,22,1,13.274910,1.379498,2973,0,0
8140,10,5,3,19,1,13.286864,1.380956,2985,0,0
8150,0,0,0,0,0,13.278614,1.380313,2985,0,0
8160,7,0,0,8,1,13.274138,1.379729,2985,0,0
8170,10,2,0,13,1,13.280569,1.380401,2988,0,0
8180,20,1,3,25,1,13.292001,1.381557,3005,0,0
8190,15,4,3,23,1,13.305734,1.383041,3008,0,0
8200,15,1,2,19,1,13.316741,1.384224,3030,0,0
8210,2,0,0,3,1,13.321457,1.384770,3033,0,0
8220,3,1,0,5,1,13.311562,1.383710,3033,0,0
8230,8,1,4,14,1,13.303642,1.382821,3033,0,0
8240,9,0,1,11,1,13.305593,1.382870,3033,0,0
8250,15,4,4,24,1,13.309202,1.382935,3039,0,0
8260,6,0,1,8,1,13.316401,1.384018,3039,0,0
8270,5,0,0,6,1,13.313028,1.383550,3039,0,0
8280,11,4,3,19,1,13.316164,1.383498,3045,0,0
8290,9,1,1,12,1,13.308076,1.382818,3045,0,0
8300,5,0,2,8,1,13.305193,1.382834,3045,0,0
8310,7,2,2,12,1,13.298012,1.381711,3045,0,0
8320,6,3,1,11,1,13.290370,1.381076,3045,0,0
8330,4,0,0,5,1,13.292196,1.381356,3045,0,0
8340,5,1,0,7,1,13.292325,1.381494,3045,0,0
8350,3,0,0,4,1,13.279887,1.380377,3045,0,0
8360,7,2,5,15,1,13.271827,1.379320,3045,0,0
8370,17,1,2,21,1,13.280047,1.380281,3056,0,0
8380,3,3,0,7,1,13.274522,1.380018,3056,0,0
8390,4,0,0,5,1,13.269971,1.379582,3056,0,0
8400,6,0,2,9,1,13.261539,1.378760,3056,0,0
8410,15,3,3,22,1,13.261773,1.378515,3067,0,0
8420,16,2,1,20,1,13.267361,1.379048,3082,0,0
8430,0,1,1,3,1,13.264566,1.378795,3083,0,0
8440,4,0,0,5,1,13.252246,1.377705,3083,0,0
8450,17,3,3,24,1,13.258424,1.378164,3084,0,0
8460,20,2,1,24,1,13.272646,1.379561,3097,0,0
8470,1,1,0,3,1,13.274018,1.379842,3100,0,0
8480,4,0,1,6,1,13.263213,1.378790,3100,0,0
8490,13,2,0,16,1,13.261282,1.378424,3100,0,0
8500,1,0,0,2,1,13.259929,1.378219,3100,0,0
8510,1,0,0,2,1,13.246644,1.377145,3100,0,0
8520,7,1,0,9,1,13.237732,1.376137,3100,0,0
8530,1,0,0,2,1,13.226684,1.375076,3100,0,0
8540,5,0,0,6,1,13.214446,1.373857,3100,0,0
8550,20,0,0,21,1,13.206735,1.372942,3100,0,0
8560,2,0,1,4,1,13.206109,1.373063,3112,0,0
8570,8,1,1,11,1,13.204714,1.372838,3112,0,0
8580,13,3,0,17,1,13.206267,1.372770,3112,0,0
8590,20,0,2,23,1,13.217843,1.373843,3119,0,0
8600,7,0,1,9,1,13.226034,1.374897,3125,0,0
8610,8,0,1,10,1,13.220307,1.374289,3125,0,0
8620,6,2,0,9,1,13.216485,1.373961,3125,0,0
8630,15,1,0,17,1,13.213968,1.373686,3125,0,0
8640,20,5,2,28,1,13.226035,1.375010,3147,0,0
8650,13,0,3,17,1,13.240773,1.376711,3157,0,0
8660,10,0,2,13,1,13.246080,1.377001,3157,0,0
8670,20,2,4,27,1,13.256632,1.377936,3172,0,0
8680,17,4,3,25,1,13.264913,1.378916,3183,0,0
8690,12,1,3,17,1,13.275335,1.380184,3193,0,0
8700,17,0,1,19,1,13.275975,1.380270,3193,0,0
8710,3,0,0,4,1,13.274941,1.380347,3195,0,0
8720,7,4,4,16,1,13.270350,1.379477,3195,0,0
8730,10,1,1,13,1,13.268306,1.379055,3195,0,0
8740,6,1,1,9,1,13.268393,1.378870,3195,0,0
8750,0,0,0,1,1,13.262663,1.378131,3195,0,0
8760,16,2,2,21,1,13.264023,1.378211,3195,0,0
8770,0,0,0,0,0,13.263135,1.378237,3195,0,0
8780,3,0,2,6,1,13.253869,1.377294,3195,0,0
8790,0,0,0,0,0,13.244591,1.376285,3195,0,0
8800,1,0,0,2,1,13.232518,1.375164,3195,0,0
8810,16,1,2,20,1,13.228993,1.374656,3195,0,0
8820,11,3,2,17,1,13.237277,1.375326,3196,0,0
8830,12,1,1,15,1,13.236454,1.375083,3196,0,0
8840,8,1,0,10,1,13.232654,1.374547,3196,0,0
8850,4,0,0,5,1,13.227200,1.374017,3196,0,0
8860,0,0,0,0,0,13.218043,1.373134,3196,0,0
8870,8,1,1,11,1,13.208482,1.372225,3196,0,0
8880,15,3,2,21,1,13.207734,1.371719,3196,0,0
8890,18,5,1,25,1,13.221897,1.373226,3207,0,0
8900,10,0,2,13,1,13.223243,1.373547,3207,0,0
8910,19,2,5,27,1,13.223553,1.373247,3207,0,0
8920,20,3,7,31,1,13.235916,1.374616,3218,0,0
8930,11,4,3,19,1,13.238709,1.375022,3219,0,0
8940,11,0,0,12,1,13.233761,1.374673,3219,0,0
8950,2,1,0,4,1,13.223906,1.373797,3219,0,0
8960,5,0,1,7,1,13.212372,1.372587,3219,0,0
8970,7,0,4,12,1,13.207015,1.372002,3219,0,0
8980,8,1,1,11,1,13.203337,1.371482,3219,0,0
8990,15,4,0,20,1,13.209081,1.372162,3225,0,0
9000,19,2,1,23,1,13.207342,1.371890,3227,0,0
9010,7,1,1,10,1,13.206747,1.371959,3227,0,0
9020,1,0,1,3,1,13.198203,1.371139,3227,0,0
9030,0,0,0,1,1,13.187172,1.370218,3227,0,0
9040,11,3,0,15,1,13.180907,1.369461,3227,0,0
9050,12,3,1,17,1,13.179182,1.369270,3227,0,0
9060,20,2,4,27,1,13.187185,1.370074,3232,0,0
9070,7,1,1,10,1,13.195166,1.371142,3239,0,0
9080,19,3,0,23,1,13.194755,1.370978,3239,0,0
9090,19,1,3,24,1,13.202335,1.371738,3241,0,0
9100,11,4,3,19,1,13.209254,1.372570,3247,0,0
9110,8,0,0,9,1,13.214982,1.373044,3248,0,0
9120,3,0,0,4,1,13.213438,1.372919,3248,0,0
9130,12,2,1,16,1,13.217014,1.373106,3248,0,0
9140,7,2,1,11,1,13.214949,1.372880,3248,0,0
9150,13,4,2,20,1,13.224282,1.373807,3250,0,0
9160,12,2,1,16,1,13.228303,1.374229,3250,0,0
9170,11,3,4,19,1,13.227197,1.374056,3250,0,0
9180,0,0,0,1,1,13.221396,1.373784,3250,0,0
9190,11,1,2,15,1,13.216021,1.373120,3250,0,0
9200,4,0,1,6,1,13.216308,1.373169,3250,0,0
9210,7,0,2,10,1,13.212280,1.372677,3250,0,0
9220,3,0,2,6,1,13.207122,1.372083,3250,0,0
9230,0,0,0,1,1,13.200962,1.371216,3250,0,0
9240,15,1,5,22,1,13.200070,1.370989,3250,0,0
9250,15,1,2,19,1,13.205041,1.371509,3254,0,0
9260,0,0,0,1,1,13.202268,1.371595,3254,0,0
9270,0,0,0,1,1,13.192345,1.370706,3254,0,0
9280,11,1,2,15,1,13.192990,1.370746,3254,0,0
9290,11,2,2,16,1,13.192210,1.370669,3254,0,0
9300,11,4,3,19,1,13.198923,1.371340,3257,0,0
9310,12,0,4,17,1,13.206438,1.371910,3258,0,0
9320,10,2,3,16,1,13.214352,1.372889,3278,0,0
9330,2,0,1,4,1,13.210473,1.372750,3278,0,0
9340,14,1,2,18,1,13.215181,1.372922,3279,0,0
9350,18,3,4,26,1,13.220137,1.373227,3279,0,0
9360,18,3,2,24,1,13.230514,1.374431,3301,0,0
9370,4,4,1,10,1,13.241297,1.375662,3321,0,0
9380,3,0,2,6,1,13.233605,1.375080,3321,0,0
9390,3,0,0,4,1,13.226275,1.374398,3321,0,0
9400,14,5,2,22,1,13.227547,1.374686,3327,0,0
9410,10,0,1,12,1,13.233337,1.375382,3327,0,0
9420,18,0,0,19,1,13.236248,1.375551,3327,0,0
9430,19,0,2,22,1,13.241592,1.376307,3337,0,0
9440,11,1,1,14,1,13.242854,1.376457,3339,0,0
9450,2,0,1,4,1,13.233215,1.375624,3339,0,0
9460,15,1,0,17,1,13.230632,1.375193,3339,0,0
9470,4,0,1,6,1,13.225756,1.374749,3341,0,0
9480,10,1,1,13,1,13.224061,1.374636,3346,0,0
9490,17,2,4,24,1,13.232897,1.375558,3353,0,0
9500,14,0,2,17,1,13.240685,1.376521,3359,0,0
9510,20,1,0,22,1,13.244242,1.376984,3363,0,0
9520,19,4,2,26,1,13.256288,1.378254,3394,0,0
9530,13,3,0,17,1,13.260923,1.378679,3394,0,0
9540,7,1,3,12,1,13.264816,1.378981,3394,0,0
9550,5,0,1,7,1,13.261343,1.378563,3394,0,0
9560,0,0,0,1,1,13.254734,1.377879,3394,0,0
9570,0,0,0,0,0,13.244153,1.376857,3394,0,0
9580,6,0,1,8,1,13.240353,1.376345,3394,0,0
9590,4,1,2,8,1,13.233372,1.375488,3394,0,0
9600,15,1,0,17,1,13.227778,1.374716,3394,0,0
9610,5,0,0,6,1,13.228034,1.374821,3394,0,0
9620,1,0,0,2,1,13.230850,1.375057,3397,0,0
9630,0,0,0,0,0,13.220131,1.373828,3397,0,0
9640,10,2,1,14,1,13.211730,1.373017,3397,0,0
9650,20,4,4,29,1,13.219537,1.373758,3411,0,0
9660,18,0,1,20,1,13.228005,1.374538,3418,0,0
9670,3,0,0,4,1,13.235827,1.375871,3444,0,0
9680,5,1,2,9,1,13.228573,1.375106,3444,0,0
9690,5,0,1,7,1,13.219918,1.374165,3444,0,0
9700,3,1,0,5,1,13.213623,1.373469,3444,0,0
9710,2,0,2,5,1,13.204875,1.372416,3444,0,0
9720,14,0,2,17,1,13.208873,1.372688,3444,0,0
9730,14,2,3,20,1,13.219208,1.373927,3457,0,0
9740,17,2,1,21,1,13.228691,1.375062,3465,0,0
9750,13,4,2,20,1,13.229045,1.375043,3468,0,0
9760,17,2,2,22,1,13.232963,1.375336,3471,0,0
9770,16,1,3,21,1,13.243651,1.376480,3491,0,0
9780,18,5,3,27,1,13.258272,1.377988,3508,0,0
9790,20,5,2,28,1,13.267196,1.378787,3509,0,0
9800,14,3,1,19,1,13.272752,1.379353,3514,0,0
9810,16,0,1,18,1,13.278938,1.379853,3515,0,0
9820,12,1,1,15,1,13.279728,1.379968,3515,0,0
9830,0,0,0,0,0,13.275553,1.379712,3515,0,0
9840,4,1,0,6,1,13.264717,1.378633,3515,0,0
9850,1,2,0,4,1,13.260738,1.378222,3515,0,0
9860,0,0,0,0,0,13.250832,1.377327,3515,0,0
9870,8,1,1,11,1,13.248101,1.376915,3515,0,0
9880,4,2,0,7,1,13.239417,1.376030,3515,0,0
9890,9,0,4,14,1,13.242190,1.376090,3515,0,0
9900,19,1,4,25,1,13.249618,1.376692,3525,0,0
9910,18,0,3,22,1,13.259903,1.377894,3542,0,0
9920,9,2,2,14,1,13.267420,1.378736,3554,0,0
9930,16,2,1,20,1,13.272088,1.379095,3562,0,0
9940,5,1,1,8,1,13.267406,1.378569,3562,0,0
9950,0,0,0,0,0,13.259876,1.378020,3562,0,0
9960,4,0,1,6,1,13.251194,1.377020,3562,0,0
9970,4,0,0,5,1,13.245285,1.376381,3562,0,0
9980,3,0,0,4,1,13.234929,1.375222,3562,0,0
9990,0,0,0,0,0,13.224606,1.374339,3562,0,0
10000,7,0,1,9,1,13.215997,1.373419,3562,0,0
10010,12,0,0,13,1,13.217682,1.373526,3562,0,0
10020,13,1,2,17,1,13.212807,1.373008,3562,0,0
10030,9,1,2,13,1,13.218662,1.373506,3572,0,0
10040,13,0,3,17,1,13.224992,1.374153,3575,0,0
10050,18,5,3,27,1,13.238775,1.375589,3596,0,0
10060,8,0,2,11,1,13.245822,1.376438,3605,0,0
10070,11,0,1,13,1,13.247259,1.376520,3605,0,0
10080,9,3,1,14,1,13.243206,1.375832,3605,0,0
10090,10,1,3,15,1,13.250536,1.376442,3611,0,0
10100,4,0,1,6,1,13.254168,1.376837,3611,0,0
10110,19,2,2,24,1,13.257737,1.376928,3617,0,0
10120,20,2,3,26,1,13.265724,1.377635,3623,0,0
10130,11,1,2,15,1,13.267139,1.377828,3624,0,0
10140,12,0,1,14,1,13.268330,1.377914,3624,0,0
10150,8,1,0,10,1,13.273192,1.378239,3632,0,0
10160,10,0,0,11,1,13.268426,1.377777,3632,0,0
10170,5,0,0,6,1,13.259463,1.376780,3632,0,0
10180,4,0,0,5,1,13.253331,1.376120,3632,0,0
10190,9,1,2,13,1,13.244991,1.375328,3632,0,0
10200,17,3,3,24,1,13.248369,1.375543,3636,0,0
10210,18,4,1,24,1,13.258091,1.376669,3649,0,0
10220,11,2,1,15,1,13.261272,1.376934,3653,0,0
10230,20,2,2,25,1,13.262550,1.376861,3654,0,0
10240,14,4,1,20,1,13.267650,1.377507,3657,0,0
10250,18,5,0,24,1,13.278828,1.378742,3687,0,0
10260,17,4,2,24,1,13.287124,1.379635,3690,0,0
10270,8,2,2,13,1,13.289716,1.379964,3690,0,0
10280,9,3,2,15,1,13.285322,1.379457,3690,0,0
10290,12,0,4,17,1,13.280656,1.378796,3690,0,0
10300,0,0,0,1,1,13.271752,1.378001,3690,0,0
10310,6,3,1,11,1,13.263425,1.377071,3690,0,0
10320,19,2,3,25,1,13.270959,1.377775,3698,0,0
10330,15,5,2,23,1,13.278459,1.378613,3705,0,0
10340,8,1,2,12,1,13.282191,1.379060,3707,0,0
10350,6,1,1,9,1,13.274007,1.378146,3707,0,0
10360,4,1,0,6,1,13.267498,1.377530,3707,0,0
10370,3,0,0,4,1,13.257635,1.376634,3707,0,0
10380,15,0,1,17,1,13.261122,1.376849,3717,0,0
10390,10,4,0,15,1,13.260713,1.376852,3717,0,0
10400,1,1,1,4,1,13.258517,1.376683,3717,0,0
10410,3,0,0,4,1,13.250872,1.375866,3717,0,0
10420,15,5,1,22,1,13.249606,1.375465,3717,0,0
10430,9,1,0,11,1,13.255676,1.376113,3728,0,0
10440,18,3,1,23,1,13.258711,1.376296,3734,0,0
10450,2,0,2,5,1,13.260793,1.376544,3743,0,0
10460,19,2,2,24,1,13.257892,1.375865,3744,0,0
10470,18,1,5,25,1,13.266754,1.376953,3764,0,0
10480,16,5,2,24,1,13.276095,1.377914,3775,0,0
10490,10,3,3,17,1,13.279582,1.378335,3775,0,0
10500,18,3,2,24,1,13.286992,1.379109,3790,0,0
10510,17,2,2,22,1,13.297370,1.380218,3800,0,0
10520,8,3,0,12,1,13.297517,1.380224,3800,0,0
10530,18,1,0,20,1,13.298943,1.380336,3805,0,0
10540,14,1,0,16,1,13.299952,1.380473,3805,0,0
10550,5,0,1,7,1,13.298104,1.380136,3805,0,0
10560,7,1,1,10,1,13.292600,1.379719,3805,0,0
10570,4,0,0,5,1,13.288739,1.379458,3805,0,0
10580,7,1,0,9,1,13.290919,1.379527,3806,0,0
10590,20,1,1,23,1,13.293629,1.379772,3809,0,0
10600,7,1,0,9,1,13.291910,1.379801,3825,0,0
10610,0,0,0,0,0,13.282388,1.378777,3825,0,0
10620,0,0,1,2,1,13.273221,1.377964,3825,0,0
10630,0,0,0,0,0,13.265001,1.377156,3825,0,0
10640,1,0,0,2,1,13.256851,1.376287,3825,0,0
10650,0,0,0,0,0,13.245918,1.375250,3825,0,0
10660,6,0,1,8,1,13.242373,1.374793,3825,0,0
10670,8,2,1,12,1,13.236041,1.374166,3825,0,0
10680,11,1,0,13,1,13.233329,1.373849,3825,0,0
10690,11,3,0,15,1,13.235568,1.373992,3825,0,0
10700,15,3,2,21,1,13.233926,1.373706,3825,0,0
10710,18,7,1,27,1,13.245349,1.375016,3852,0,0
10720,17,2,4,24,1,13.254481,1.376142,3866,0,0
10730,12,5,1,19,1,13.263324,1.377091,3871,0,0
10740,8,1,1,11,1,13.261072,1.376928,3871,0,0
10750,15,3,0,19,1,13.261814,1.377036,3872,0,0
10760,17,1,2,21,1,13.267510,1.377565,3872,0,0
10770,9,2,3,15,1,13.272887,1.378287,3892,0,0
10780,16,2,2,21,1,13.275189,1.378437,3892,0,0
10790,4,0,1,6,1,13.277124,1.378695,3898,0,0
10800,7,0,0,8,1,13.272640,1.378127,3898,0,0
10810,3,0,1,5,1,13.266584,1.377555,3898,0,0
10820,0,0,0,0,0,13.257399,1.376804,3898,0,0
10830,3,0,2,6,1,13.249012,1.376003,3898,0,0
10840,12,3,3,19,1,13.246341,1.375505,3898,0,0
10850,11,1,0,13,1,13.253733,1.376277,3912,0,0
10860,6,1,1,9,1,13.252531,1.376235,3912,0,0
10870,0,0,0,0,0,13.248863,1.375792,3912,0,0
10880,0,0,0,1,1,13.239285,1.374788,3912,0,0
10890,5,0,0,6,1,13.230525,1.373791,3912,0,0
10900,18,3,0,22,1,13.223232,1.372933,3912,0,0
10910,18,1,2,22,1,13.233742,1.374041,3933,0,0
10920,19,5,3,28,1,13.248953,1.375716,3957,0,0
10930,5,2,3,11,1,13.254080,1.376331,3961,0,0
10940,8,3,0,12,1,13.253568,1.376243,3961,0,0
10950,7,2,1,11,1,13.252923,1.376179,3961,0,0
10960,1,0,1,3,1,13.248864,1.375853,3961,0,0
10970,7,1,1,10,1,13.239472,1.374856,3961,0,0
10980,6,1,0,8,1,13.235100,1.374419,3961,0,0
10990,3,0,0,4,1,13.234317,1.374380,3961,0,0
11000,10,1,1,13,1,13.228663,1.373693,3961,0,0
11010,1,0,0,2,1,13.224644,1.373396,3961,0,0
11020,1,0,0,2,1,13.217220,1.372564,3961,0,0
11030,7,2,3,13,1,13.209420,1.371771,3961,0,0
11040,3,0,0,4,1,13.206574,1.371402,3961,0,0
11050,2,0,0,3,1,13.205704,1.371199,3962,0,0
11060,5,0,0,6,1,13.196722,1.370271,3962,0,0
11070,3,0,0,4,1,13.190715,1.369664,3962,0,0
11080,7,2,0,10,1,13.184631,1.368959,3962,0,0
11090,5,0,1,7,1,13.190699,1.369657,3972,0,0
11100,3,0,1,5,1,13.181354,1.368870,3972,0,0
11110,1,0,0,2,1,13.176021,1.368256,3972,0,0
11120,14,4,5,24,1,13.172505,1.367869,3972,0,0
11130,17,3,1,22,1,13.182266,1.369065,3987,0,0
11140,17,4,4,26,1,13.188118,1.369485,3987,0,0
11150,13,1,3,18,1,13.192269,1.370137,3988,0,0
11160,11,1,4,17,1,13.196460,1.370538,3997,0,0
11170,15,2,0,18,1,13.201814,1.371136,3997,0,0
11180,15,5,4,25,1,13.206641,1.371602,4003,0,0
11190,14,1,1,17,1,13.214174,1.372516,4007,0,0
11200,2,0,0,3,1,13.207079,1.371922,4007,0,0
11210,0,0,0,0,0,13.199585,1.371160,4007,0,0
11220,7,2,1,11,1,13.192302,1.370369,4007,0,0
11230,17,4,3,25,1,13.199904,1.370971,4020,0,0
11240,15,2,1,19,1,13.210386,1.372241,4039,0,0
11250,3,0,0,4,1,13.210949,1.372417,4039,0,0
11260,2,1,1,5,1,13.208608,1.372139,4039,0,0
11270,17,3,1,22,1,13.202686,1.371426,4039,0,0
11280,18,3,3,25,1,13.205949,1.371756,4041,0,0
11290,9,1,2,13,1,13.212964,1.372551,4050,0,0
11300,19,0,2,22,1,13.218407,1.373019,4062,0,0
11310,10,2,0,13,1,13.225057,1.373802,4070,0,0
11320,4,0,0,5,1,13.218821,1.373157,4070,0,0
11330,9,0,1,11,1,13.218685,1.373020,4070,0,0
11340,7,0,2,10,1,13.224078,1.373584,4084,0,0
11350,16,3,2,22,1,13.225883,1.373687,4084,0,0
11360,6,0,0,7,1,13.228699,1.374109,4097,0,0
11370,1,0,0,2,1,13.220253,1.373109,4097,0,0
11380,5,0,2,8,1,13.214971,1.372614,4097,0,0
11390,10,3,0,14,1,13.208805,1.371902,4097,0,0
11400,3,3,0,7,1,13.206665,1.371484,4097,0,0
11410,1,0,0,2,1,13.199848,1.370817,4097,0,0
11420,13,0,1,15,1,13.195269,1.370183,4097,0,0
11430,7,2,0,10,1,13.195993,1.370262,4097,0,0
11440,4,1,1,7,1,13.191959,1.369685,4097,0,0
11450,14,0,1,16,1,13.192762,1.369822,4097,0,0
11460,18,2,1,22,1,13.194432,1.369950,4101,0,0
11470,8,0,2,11,1,13.195003,1.370025,4101,0,0
11480,18,2,1,22,1,13.195526,1.370046,4105,0,0
11490,7,0,2,10,1,13.190993,1.369542,4105,0,0
11500,13,0,1,15,1,13.188510,1.369103,4105,0,0
11510,4,2,2,9,1,13.182974,1.368409,4105,0,0
11520,17,3,0,21,1,13.183545,1.368374,4105,0,0
11530,16,3,1,21,1,13.193097,1.369345,4125,0,0
11540,16,2,3,22,1,13.196744,1.369617,4125,0,0
11550,13,2,1,17,1,13.198555,1.369895,4125,0,0
11560,5,1,0,7,1,13.202235,1.370232,4126,0,0
11570,4,0,0,5,1,13.193475,1.369462,4126,0,0
11580,3,0,0,4,1,13.184644,1.368538,4126,0,0
11590,7,3,2,13,1,13.180198,1.367982,4126,0,0
11600,11,1,3,16,1,13.185323,1.368457,4127,0,0
11610,7,2,0,10,1,13.181719,1.367965,4127,0,0
11620,14,3,3,21,1,13.185225,1.368248,4130,0,0
11630,6,0,0,7,1,13.183361,1.368096,4130,0,0
11640,12,0,0,13,1,13.183458,1.368086,4132,0,0
11650,7,2,0,10,1,13.189960,1.368741,4138,0,0
11660,7,1,1,10,1,13.185759,1.368358,4138,0,0
11670,7,1,0,9,1,13.186199,1.368286,4139,0,0
11680,15,6,3,25,1,13.185087,1.368030,4139,0,0
11690,9,0,1,11,1,13.191103,1.368877,4157,0,0
11700,9,0,0,10,1,13.186456,1.368266,4157,0,0
11710,13,1,2,17,1,13.183464,1.367960,4157,0,0
11720,1,0,0,2,1,13.180415,1.367672,4157,0,0
11730,3,0,0,4,1,13.174298,1.366945,4157,0,0
11740,20,1,2,24,1,13.174021,1.366764,4158,0,0
11750,7,2,2,12,1,13.176262,1.367110,4161,0,0
11760,1,0,0,2,1,13.170258,1.366479,4161,0,0
11770,0,0,1,2,1,13.164643,1.365817,4161,0,0
11780,11,0,1,13,1,13.164033,1.365626,4161,0,0
11790,18,4,2,25,1,13.170946,1.366300,4163,0,0
11800,19,2,5,27,1,13.181042,1.367400,4185,0,0
11810,8,1,2,12,1,13.182152,1.367664,4186,0,0
11820,10,1,3,15,1,13.179007,1.367319,4186,0,0
11830,4,2,0,7,1,13.182140,1.367744,4186,0,0
11840,14,2,4,21,1,13.186438,1.368147,4188,0,0
11850,15,3,1,20,1,13.189726,1.368349,4188,0,0
11860,9,0,1,11,1,13.194030,1.368680,4192,0,0
11870,10,3,3,17,1,13.194436,1.368787,4192,0,0
11880,5,0,0,6,1,13.192810,1.368814,4192,0,0
11890,18,1,1,21,1,13.189476,1.368425,4192,0,0
11900,18,1,3,23,1,13.192703,1.368824,4192,0,0
11910,7,3,2,13,1,13.192816,1.368924,4192,0,0
11920,17,2,4,24,1,13.193322,1.368897,4192,0,0
11930,8,0,0,9,1,13.194033,1.369071,4197,0,0
11940,0,0,0,0,0,13.188411,1.368480,4197,0,0
11950,7,0,0,8,1,13.182745,1.367837,4197,0,0
11960,3,0,1,5,1,13.175641,1.367176,4197,0,0
11970,0,0,0,0,0,13.168171,1.366464,4197,0,0
11980,1,0,1,3,1,13.159928,1.365566,4197,0,0
11990,16,3,4,24,1,13.155582,1.364966,4197,0,0
12000,15,2,1,19,1,13.164131,1.366011,4208,0,0
12010,4,0,0,5,1,13.158406,1.365409,4208,0,0
12020,13,2,1,17,1,13.160521,1.365515,4213,0,0
12030,3,2,2,8,1,13.153818,1.364906,4213,0,0
12040,12,4,1,18,1,13.156167,1.365037,4214,0,0
12050,5,1,0,7,1,13.158365,1.365375,4214,0,0
12060,5,0,0,6,1,13.151539,1.364660,4214,0,0
12070,6,1,1,9,1,13.152384,1.364787,4215,0,0
12080,5,4,2,12,1,13.154004,1.364842,4217,0,0
12090,15,1,1,18,1,13.155659,1.365030,4217,0,0
12100,8,2,0,11,1,13.148037,1.364279,4217,0,0
12110,8,0,1,10,1,13.140987,1.363610,4217,0,0
12120,4,0,2,7,1,13.136374,1.362902,4217,0,0
12130,17,0,3,21,1,13.134241,1.362650,4217,0,0
12140,20,0,2,23,1,13.142620,1.363524,4231,0,0
12150,20,1,1,23,1,13.148567,1.364320,4244,0,0
12160,16,3,5,25,1,13.153347,1.364611,4244,0,0
12170,12,1,3,17,1,13.161833,1.365578,4256,0,0
12180,9,2,4,16,1,13.166175,1.366032,4262,0,0
12190,18,2,0,21,1,13.177044,1.367176,4283,0,0
12200,19,5,1,26,1,13.187615,1.368301,4299,0,0
12210,19,1,4,25,1,13.197110,1.369290,4307,0,0
12220,0,0,0,1,1,13.198570,1.369458,4311,0,0
12230,13,1,3,18,1,13.193323,1.368976,4311,0,0
12240,19,2,1,23,1,13.202423,1.369843,4323,0,0
12250,17,2,1,21,1,13.209075,1.370503,4328,0,0
12260,20,3,3,27,1,13.219433,1.371570,4361,0,0
12270,2,0,1,4,1,13.222975,1.372012,4366,0,0
12280,5,1,1,8,1,13.220872,1.371694,4366,0,0
12290,9,0,1,11,1,13.223024,1.372003,4373,0,0
12300,8,4,1,14,1,13.223019,1.371844,4373,0,0
12310,12,0,0,13,1,13.223991,1.371869,4373,0,0
12320,19,1,4,25,1,13.228305,1.372298,4383,0,0
12330,15,1,1,18,1,13.237593,1.373405,4412,0,0
12340,16,1,6,24,1,13.234558,1.372967,4412,0,0
12350,0,0,0,0,0,13.235305,1.373130,4412,0,0
12360,6,0,1,8,1,13.226835,1.372198,4412,0,0
12370,14,2,2,19,1,13.231087,1.372552,4422,0,0
12380,9,2,3,15,1,13.235801,1.372942,4422,0,0
12390,8,2,3,14,1,13.231018,1.372439,4422,0,0
12400,13,5,7,26,1,13.239394,1.373301,4437,0,0
12410,3,0,1,5,1,13.238773,1.373413,4437,0,0
12420,2,1,1,5,1,13.232992,1.372761,4437,0,0
12430,8,2,0,11,1,13.226254,1.371997,4437,0,0
12440,9,3,0,13,1,13.221353,1.371597,4437,0,0
12450,12,1,1,15,1,13.218152,1.371189,4437,0,0
12460,17,5,2,25,1,13.220413,1.371348,4447,0,0
12470,10,0,1,12,1,13.226845,1.372237,4469,0,0
12480,17,0,6,24,1,13.234049,1.372840,4481,0,0
12490,18,1,4,24,1,13.241268,1.373731,4498,0,0
12500,0,0,0,1,1,13.239983,1.373933,4506,0,0
12510,6,0,1,8,1,13.232449,1.373064,4506,0,0
12520,9,2,1,13,1,13.224789,1.372330,4506,0,0
12530,16,5,2,24,1,13.231651,1.373058,4528,0,0
12540,9,2,0,12,1,13.232682,1.373248,4532,0,0
12550,20,1,4,26,1,13.233610,1.373246,4534,0,0
12560,10,3,2,16,1,13.238662,1.373809,4546,0,0
12570,12,3,3,19,1,13.243427,1.374274,4548,0,0
12580,9,0,0,10,1,13.242130,1.374211,4548,0,0
12590,0,0,0,0,0,13.239800,1.374087,4551,0,0
12600,11,3,1,16,1,13.237353,1.373769,4551,0,0
12610,0,0,0,1,1,13.237074,1.373857,4551,0,0
12620,0,0,0,0,0,13.227984,1.372895,4551,0,0
12630,0,0,0,0,0,13.219685,1.372049,4551,0,0
12640,14,4,2,21,1,13.215628,1.371418,4551,0,0
12650,6,0,1,8,1,13.214614,1.371170,4551,0,0
12660,1,0,1,3,1,13.207339,1.370330,4551,0,0
12670,2,0,2,5,1,13.202228,1.369939,4551,0,0
12680,20,2,0,23,1,13.204409,1.370079,4560,0,0
12690,1,2,0,4,1,13.200660,1.369874,4567,0,0
12700,2,1,0,4,1,13.192564,1.369105,4567,0,0
12710,5,0,1,7,1,13.186091,1.368471,4567,0,0
12720,4,0,2,7,1,13.179088,1.367815,4567,0,0
12730,8,3,3,15,1,13.176766,1.367544,4567,0,0
12740,9,2,0,12,1,13.183408,1.368315,4570,0,0
12750,14,2,0,17,1,13.187160,1.368653,4572,0,0
12760,18,3,2,24,1,13.186749,1.368447,4572,0,0
12770,20,3,2,26,1,13.191284,1.368833,4576,0,0
12780,16,1,3,21,1,13.194915,1.369236,4589,0,0
12790,19,3,1,24,1,13.201659,1.369873,4601,0,0
12800,3,0,0,4,1,13.203292,1.370091,4601,0,0
12810,1,0,1,3,1,13.195593,1.369363,4601,0,0
12820,19,4,2,26,1,13.196159,1.369248,4612,0,0
12830,19,3,3,26,1,13.202975,1.369882,4622,0,0
12840,8,0,0,9,1,13.200919,1.369706,4622,0,0
12850,0,0,0,0,0,13.199881,1.369857,4622,0,0
12860,6,1,2,10,1,13.193319,1.369136,4622,0,0
12870,1,0,1,3,1,13.187873,1.368718,4622,0,0
12880,12,0,0,13,1,13.183096,1.368160,4622,0,0
12890,20,1,4,26,1,13.189140,1.368516,4633,0,0
12900,5,0,0,6,1,13.194807,1.369295,4644,0,0
12910,15,2,4,22,1,13.193316,1.368925,4644,0,0
12920,13,2,2,18,1,13.201698,1.369919,4659,0,0
12930,10,2,0,13,1,13.199165,1.369595,4659,0,0
12940,11,2,1,15,1,13.203374,1.369915,4672,0,0
12950,7,0,1,9,1,13.203738,1.369946,4672,0,0
12960,9,0,1,11,1,13.198805,1.369504,4672,0,0
12970,16,4,6,27,1,13.201794,1.369785,4679,0,0
12980,5,1,3,10,1,13.201658,1.369808,4679,0,0
12990,6,4,3,14,1,13.205943,1.370213,4682,0,0
13000,14,4,1,20,1,13.205547,1.370121,4682,0,0
13010,8,0,0,9,1,13.208599,1.370617,4689,0,0
13020,0,0,0,0,0,13.201152,1.369947,4689,0,0
13030,9,0,3,13,1,13.196974,1.369343,4689,0,0
13040,2,0,2,5,1,13.190905,1.368728,4689,0,0
13050,8,1,1,11,1,13.184231,1.368137,4689,0,0
13060,10,1,0,12,1,13.183552,1.368038,4689,0,0
13070,8,2,1,12,1,13.179007,1.367625,4689,0,0
13080,15,1,2,19,1,13.183063,1.368017,4693,0,0
13090,18,4,6,29,1,13.189702,1.368612,4706,0,0
13100,18,4,2,25,1,13.199837,1.369592,4717,0,0
13110,20,2,4,27,1,13.207128,1.370581,4745,0,0
13120,16,2,3,22,1,13.213003,1.371324,4752,0,0
13130,0,0,0,1,1,13.213458,1.371473,4752,0,0
13140,3,0,0,4,1,13.206519,1.370800,4752,0,0
13150,4,2,0,7,1,13.200759,1.370195,4752,0,0
13160,0,0,2,3,1,13.197378,1.369869,4752,0,0
13170,1,0,0,2,1,13.190427,1.369184,4752,0,0
13180,13,3,2,19,1,13.184914,1.368572,4752,0,0
13190,13,0,4,18,1,13.187634,1.368847,4752,0,0
13200,4,0,0,5,1,13.184458,1.368543,4752,0,0
13210,13,1,2,17,1,13.186053,1.368647,4752,0,0
13220,18,1,3,23,1,13.188117,1.368747,4752,0,0
13230,2,2,0,5,1,13.186933,1.368682,4755,0,0
13240,3,0,1,5,1,13.183192,1.368211,4755,0,0
13250,17,2,2,22,1,13.181437,1.367980,4757,0,0
13260,16,2,1,20,1,13.189514,1.368971,4762,0,0
13270,18,1,2,22,1,13.198649,1.369934,4775,0,0
13280,6,0,1,8,1,13.199971,1.370096,4776,0,0
13290,4,2,1,8,1,13.192405,1.369368,4776,0,0
13300,17,1,0,19,1,13.192804,1.369349,4776,0,0
13310,15,1,1,18,1,13.196317,1.369664,4779,0,0
13320,19,0,4,24,1,13.199738,1.369905,4783,0,0
13330,20,2,3,26,1,13.207100,1.370663,4793,0,0
13340,17,2,2,22,1,13.212386,1.371290,4796,0,0
13350,5,2,0,8,1,13.212492,1.371571,4801,0,0
13360,3,2,1,7,1,13.212545,1.371495,4801,0,0
13370,13,1,0,15,1,13.211016,1.371372,4801,0,0
13380,6,2,1,10,1,13.214276,1.371639,4801,0,0
13390,4,0,0,5,1,13.207721,1.370973,4801,0,0
13400,4,2,1,8,1,13.202004,1.370447,4801,0,0
13410,0,0,0,0,0,13.198390,1.370107,4801,0,0
13420,0,0,0,0,0,13.190779,1.369352,4801,0,0
13430,12,0,1,14,1,13.185020,1.368641,4801,0,0
13440,11,0,0,12,1,13.186474,1.368743,4806,0,0
13450,3,3,1,8,1,13.183733,1.368483,4806,0,0
13460,1,1,0,3,1,13.176350,1.367784,4806,0,0
13470,13,1,1,16,1,13.172211,1.367284,4806,0,0
13480,13,0,3,17,1,13.175223,1.367579,4806,0,0
13490,12,2,2,17,1,13.178754,1.367991,4812,0,0
13500,20,7,7,35,1,13.186318,1.368706,4825,0,0
13510,11,0,1,13,1,13.192398,1.369572,4835,0,0
13520,8,2,1,12,1,13.194135,1.369735,4835,0,0
13530,16,2,1,20,1,13.200091,1.370294,4853,0,0
13540,20,3,3,27,1,13.205172,1.370751,4863,0,0
13550,16,1,0,18,1,13.212452,1.371437,4874,0,0
13560,2,0,0,3,1,13.210794,1.371363,4874,0,0
13570,4,2,2,9,1,13.205071,1.370688,4874,0,0
13580,8,2,1,12,1,13.200309,1.370124,4874,0,0
13590,19,3,4,27,1,13.195926,1.369631,4874,0,0
13600,15,9,1,26,1,13.206228,1.370861,4893,0,0
13610,20,0,1,22,1,13.212144,1.371468,4897,0,0
13620,9,1,2,13,1,13.218286,1.372235,4909,0,0
13630,18,4,5,28,1,13.225871,1.372942,4923,0,0
13640,14,5,2,22,1,13.229163,1.373391,4931,0,0
13650,15,0,2,18,1,13.236300,1.374115,4943,0,0
13660,2,0,0,3,1,13.234904,1.373973,4943,0,0
13670,4,1,0,6,1,13.229267,1.373235,4943,0,0
13680,5,4,3,13,1,13.226410,1.372942,4943,0,0
13690,0,0,0,1,1,13.220696,1.372436,4943,0,0
13700,9,0,0,10,1,13.217296,1.371930,4943,0,0
13710,3,1,1,6,1,13.211329,1.371231,4943,0,0
13720,19,4,1,25,1,13.214804,1.371419,4947,0,0
13730,14,4,1,20,1,13.220256,1.371978,4958,0,0
13740,1,0,0,2,1,13.218936,1.371876,4962,0,0
13750,10,2,2,15,1,13.217933,1.371662,4965,0,0
13760,17,1,2,21,1,13.224469,1.372344,4978,0,0
13770,19,2,1,23,1,13.233308,1.373306,5001,0,0
13780,20,1,3,25,1,13.241095,1.374170,5018,0,0
13790,15,2,3,21,1,13.247069,1.374918,5031,0,0
13800,13,2,2,18,1,13.254208,1.375662,5038,0,0
13810,12,2,0,15,1,13.250565,1.375267,5038,0,0
13820,12,1,2,16,1,13.254081,1.375522,5040,0,0
13830,11,2,1,15,1,13.252788,1.375433,5040,0,0
13840,13,2,2,18,1,13.253950,1.375495,5040,0,0
13850,6,1,1,9,1,13.250496,1.375110,5040,0,0
13860,12,1,3,17,1,13.253432,1.375377,5041,0,0
13870,4,0,0,5,1,13.256873,1.375707,5047,0,0
13880,0,0,0,0,0,13.248963,1.374920,5047,0,0
13890,14,0,1,16,1,13.244257,1.374477,5047,0,0
13900,6,1,2,10,1,13.240047,1.373962,5047,0,0
13910,5,0,0,6,1,13.237503,1.373660,5047,0,0
13920,3,1,0,5,1,13.230819,1.372909,5047,0,0
13930,20,2,3,26,1,13.233077,1.372861,5048,0,0
13940,19,1,0,21,1,13.240606,1.373861,5070,0,0
13950,12,3,1,17,1,13.245165,1.374409,5073,0,0
13960,2,1,0,4,1,13.243758,1.374379,5073,0,0
13970,4,0,1,6,1,13.240795,1.373973,5073,0,0
13980,12,1,1,15,1,13.235350,1.373351,5073,0,0
13990,4,1,1,7,1,13.230779,1.372982,5073,0,0
14000,0,0,0,0,0,13.223255,1.372287,5073,0,0
14010,11,1,3,16,1,13.221679,1.372005,5073,0,0
14020,20,5,4,30,1,13.226651,1.372463,5086,0,0
14030,19,8,6,34,1,13.237449,1.373669,5124,0,0
14040,15,2,1,19,1,13.245398,1.374477,5124,0,0
14050,11,0,3,15,1,13.251652,1.375099,5138,0,0
14060,8,2,2,13,1,13.257128,1.375621,5148,0,0
14070,1,0,0,2,1,13.254920,1.375385,5148,0,0
14080,18,3,1,23,1,13.252813,1.375018,5148,0,0
14090,19,2,3,25,1,13.254973,1.375186,5149,0,0
14100,11,0,0,12,1,13.259446,1.375785,5151,0,0
14110,5,0,2,8,1,13.255568,1.375387,5151,0,0
14120,10,0,0,11,1,13.252363,1.375078,5156,0,0
14130,9,2,0,12,1,13.251710,1.375044,5156,0,0
14140,4,0,0,5,1,13.247549,1.374626,5156,0,0
14150,0,0,0,1,1,13.240633,1.373963,5156,0,0
14160,11,1,3,16,1,13.238569,1.373632,5156,0,0
14170,14,3,1,19,1,13.238972,1.373828,5156,0,0
14180,7,0,3,11,1,13.244596,1.374426,5181,0,0
14190,2,0,0,3,1,13.244495,1.374429,5181,0,0
14200,0,0,0,0,0,13.237777,1.373685,5181,0,0
14210,4,1,0,6,1,13.230050,1.372937,5181,0,0
14220,14,1,2,18,1,13.228603,1.372750,5181,0,0
14230,18,5,6,30,1,13.235568,1.373407,5185,0,0
14240,18,1,1,21,1,13.243854,1.374420,5207,0,0
14250,13,2,0,16,1,13.242538,1.374237,5207,0,0
14260,0,0,0,0,0,13.236889,1.373815,5207,0,0
14270,16,3,3,23,1,13.236502,1.373528,5207,0,0
14280,18,2,3,24,1,13.242120,1.374135,5216,0,0
14290,16,1,1,19,1,13.245859,1.374547,5219,0,0
14300,17,1,0,19,1,13.249071,1.374894,5225,0,0
14310,14,2,3,20,1,13.255004,1.375513,5232,0,0
14320,17,3,2,23,1,13.261020,1.376201,5243,0,0
14330,12,0,2,15,1,13.266378,1.376800,5247,0,0
14340,10,1,2,14,1,13.266486,1.376705,5248,0,0
14350,17,2,2,22,1,13.269569,1.377009,5248,0,0
14360,7,2,0,10,1,13.268295,1.376970,5250,0,0
14370,13,4,0,18,1,13.267067,1.376836,5250,0,0
14380,15,0,4,20,1,13.272952,1.377282,5251,0,0
14390,18,2,1,22,1,13.278468,1.377917,5264,0,0
14400,18,4,3,26,1,13.285012,1.378679,5276,0,0
14410,14,1,2,18,1,13.290829,1.379346,5285,0,0
14420,13,2,0,16,1,13.294699,1.379801,5292,0,0
14430,13,2,0,16,1,13.294063,1.379729,5292,0,0
14440,13,1,3,18,1,13.295623,1.379815,5296,0,0
14450,12,3,3,19,1,13.300821,1.380338,5303,0,0
14460,18,1,3,23,1,13.305220,1.380699,5304,0,0
14470,15,3,2,21,1,13.313420,1.381643,5334,0,0
14480,6,3,3,13,1,13.317244,1.382132,5334,0,0
14490,13,1,2,17,1,13.317978,1.382143,5334,0,0
14500,2,0,1,4,1,13.314542,1.381780,5334,0,0
14510,7,0,3,11,1,13.311934,1.381532,5334,0,0
14520,8,4,3,16,1,13.315152,1.381801,5340,0,0
14530,16,1,1,19,1,13.318732,1.382176,5345,0,0
14540,1,0,0,2,1,13.323095,1.382760,5350,0,0
14550,1,0,0,2,1,13.315532,1.382028,5350,0,0
14560,14,1,2,18,1,13.312294,1.381597,5350,0,0
14570,18,2,1,22,1,13.318378,1.382380,5352,0,0
14580,18,3,4,26,1,13.326269,1.383104,5368,0,0
14590,14,2,3,20,1,13.330065,1.383521,5382,0,0
14600,7,2,1,11,1,13.329411,1.383437,5382,0,0
14610,4,0,1,6,1,13.324416,1.382853,5382,0,0
14620,0,0,0,1,1,13.323473,1.382729,5382,0,0
14630,15,5,4,25,1,13.323622,1.382503,5382,0,0
14640,16,3,1,21,1,13.330288,1.383306,5416,0,0
14650,15,4,0,20,1,13.333621,1.383597,5418,0,0
14660,18,1,2,22,1,13.340089,1.384252,5426,0,0
14670,19,2,2,24,1,13.346284,1.384947,5451,0,0
14680,20,1,3,25,1,13.353178,1.385578,5466,0,0
14690,7,2,0,10,1,13.354440,1.385752,5474,0,0
14700,13,3,1,18,1,13.353290,1.385646,5474,0,0
14710,5,1,0,7,1,13.348968,1.385289,5474,0,0
14720,13,2,2,18,1,13.352525,1.385642,5485,0,0
14730,18,1,1,21,1,13.356448,1.386004,5488,0,0
14740,18,6,3,28,1,13.364745,1.386859,5503,0,0
14750,19,3,4,27,1,13.370307,1.387420,5509,0,0
14760,16,3,3,23,1,13.377667,1.388256,5523,0,0
14770,10,1,1,13,1,13.381703,1.388678,5524,0,0
14780,20,1,2,24,1,13.382619,1.388777,5527,0,0
14790,13,0,1,15,1,13.389465,1.389607,5556,0,0
14800,10,2,3,16,1,13.390966,1.389737,5556,0,0
14810,4,2,2,9,1,13.389749,1.389712,5556,0,0
14820,5,0,0,6,1,13.385042,1.389256,5556,0,0
14830,13,4,3,21,1,13.387409,1.389408,5556,0,0
14840,2,1,0,4,1,13.384612,1.389141,5560,0,0
14850,0,0,0,0,0,13.380503,1.388698,5560,0,0
14860,18,5,2,26,1,13.379098,1.388488,5561,0,0
14870,6,0,2,9,1,13.381667,1.388777,5561,0,0
14880,4,0,0,5,1,13.378698,1.388453,5561,0,0
14890,8,2,0,11,1,13.380727,1.388570,5561,0,0
14900,18,1,0,20,1,13.387698,1.389413,5593,0,0
14910,7,2,2,12,1,13.391757,1.389896,5593,0,0
14920,0,0,0,0,0,13.386255,1.389445,5593,0,0
14930,2,1,0,4,1,13.378891,1.388848,5593,0,0
14940,6,0,0,7,1,13.378037,1.388743,5593,0,0
14950,0,0,0,1,1,13.375090,1.388546,5593,0,0
14960,7,0,1,9,1,13.369675,1.387949,5593,0,0
14970,3,2,0,6,1,13.369947,1.387932,5595,0,0
14980,9,1,0,11,1,13.363787,1.387363,5595,0,0
14990,5,0,0,6,1,13.363319,1.387241,5595,0,0
15000,6,0,1,8,1,13.359164,1.386793,5595,0,0
15010,2,0,1,4,1,13.358668,1.386697,5596,0,0
15020,7,1,1,10,1,13.356934,1.386568,5596,0,0
15030,0,0,0,0,0,13.354741,1.386391,5596,0,0
15040,0,0,0,0,0,13.349034,1.385879,5596,0,0
15050,10,2,2,15,1,13.344900,1.385386,5596,0,0
15060,2,0,0,3,1,13.338562,1.384817,5596,0,0
15070,0,0,0,1,1,13.333833,1.384176,5596,0,0
15080,4,1,0,6,1,13.326413,1.383476,5596,0,0
15090,9,1,0,11,1,13.326645,1.383389,5598,0,0
15100,15,4,3,23,1,13.327786,1.383472,5607,0,0
15110,8,2,2,13,1,13.334435,1.384251,5618,0,0
15120,18,4,4,27,1,13.341588,1.384940,5629,0,0
15130,19,6,1,27,1,13.349500,1.385860,5662,0,0
15140,19,2,3,25,1,13.355735,1.386576,5679,0,0
15150,12,2,0,15,1,13.361695,1.387217,5688,0,0
15160,12,1,2,16,1,13.367671,1.387888,5698,0,0
15170,14,0,1,16,1,13.365259,1.387603,5698,0,0
15180,18,3,2,24,1,13.369361,1.387889,5706,0,0
15190,14,0,4,19,1,13.374195,1.388423,5709,0,0
15200,9,0,2,12,1,13.377287,1.388709,5717,0,0
15210,13,1,2,17,1,13.377814,1.388729,5717,0,0
15220,2,1,0,4,1,13.375785,1.388493,5717,0,0
15230,15,1,2,19,1,13.373866,1.388221,5717,0,0
15240,20,8,4,33,1,13.381540,1.389049,5732,0,0
15250,3,0,0,4,1,13.382928,1.389244,5740,0,0
15260,3,0,0,4,1,13.378913,1.388774,5740,0,0
15270,2,0,0,3,1,13.373839,1.388203,5740,0,0
15280,19,4,3,27,1,13.371535,1.387901,5740,0,0
15290,17,1,3,22,1,13.379530,1.388866,5760,0,0
15300,14,4,2,21,1,13.377559,1.388599,5760,0,0
15310,2,1,1,5,1,13.374717,1.388335,5760,0,0
15320,18,3,1,23,1,13.379013,1.388699,5762,0,0
15330,9,0,2,12,1,13.380420,1.388990,5770,0,0
15340,0,0,0,0,0,13.374507,1.388492,5770,0,0
15350,15,3,4,23,1,13.373841,1.388416,5770,0,0
15360,16,0,4,21,1,13.380085,1.389086,5780,0,0
15370,2,1,0,4,1,13.383652,1.389544,5781,0,0
15380,0,0,0,0,0,13.377155,1.388863,5781,0,0
15390,2,1,0,4,1,13.370275,1.388161,5781,0,0
15400,4,1,1,7,1,13.363452,1.387446,5781,0,0
15410,10,2,2,15,1,13.363467,1.387442,5791,0,0
15420,20,1,2,24,1,13.367198,1.387776,5795,0,0
15430,12,1,2,16,1,13.370154,1.388058,5796,0,0
15440,14,4,3,22,1,13.373754,1.388304,5806,0,0
15450,17,2,0,20,1,13.376899,1.388699,5806,0,0
15460,14,1,1,17,1,13.378421,1.388795,5806,0,0
15470,12,0,2,15,1,13.378659,1.388711,5806,0,0
15480,15,2,0,18,1,13.380968,1.388823,5806,0,0
15490,12,0,0,13,1,13.378034,1.388550,5806,0,0
15500,3,2,1,7,1,13.375671,1.388373,5806,0,0
15510,4,0,0,5,1,13.373887,1.388061,5806,0,0
15520,2,0,1,4,1,13.368683,1.387561,5806,0,0
15530,13,0,3,17,1,13.364031,1.387072,5806,0,0
15540,13,2,2,18,1,13.366748,1.387357,5809,0,0
15550,5,0,0,6,1,13.366706,1.387226,5809,0,0
15560,0,0,0,0,0,13.360592,1.386697,5809,0,0
15570,8,2,1,12,1,13.353680,1.386020,5809,0,0
15580,15,4,3,23,1,13.355780,1.386195,5811,0,0
15590,19,0,2,22,1,13.359563,1.386572,5815,0,0
15600,19,1,0,21,1,13.364501,1.387162,5828,0,0
15610,18,6,1,26,1,13.369243,1.387666,5838,0,0
15620,3,0,0,4,1,13.368500,1.387629,5840,0,0
15630,10,3,1,15,1,13.366387,1.387284,5840,0,0
15640,0,0,0,0,0,13.361605,1.387085,5840,0,0
15650,5,0,0,6,1,13.353923,1.386383,5840,0,0
15660,1,0,0,2,1,13.347871,1.385877,5840,0,0
15670,1,0,0,2,1,13.341264,1.385304,5840,0,0
15680,1,0,0,2,1,13.335817,1.384769,5840,0,0
15690,12,2,0,15,1,13.334713,1.384611,5840,0,0
15700,19,2,0,22,1,13.335024,1.384536,5841,0,0
15710,12,1,2,16,1,13.339477,1.385038,5853,0,0
15720,6,1,0,8,1,13.339590,1.385144,5854,0,0
15730,20,1,5,27,1,13.339671,1.385027,5860,0,0
15740,19,4,3,27,1,13.346668,1.385729,5869,0,0
15750,9,2,0,12,1,13.350451,1.386289,5886,0,0
15760,5,0,0,6,1,13.347813,1.386137,5886,0,0
15770,20,4,3,28,1,13.348600,1.386221,5895,0,0
15780,16,4,1,22,1,13.354626,1.386950,5907,0,0
15790,15,1,1,18,1,13.359985,1.387564,5909,0,0
15800,10,5,1,17,1,13.361352,1.387636,5909,0,0
15810,18,3,6,28,1,13.368124,1.388278,5922,0,0
15820,20,3,2,26,1,13.372213,1.388714,5925,0,0
15830,10,0,2,13,1,13.376056,1.389198,5934,0,0
15840,18,0,4,23,1,13.377824,1.389311,5934,0,0
15850,2,0,1,4,1,13.380032,1.389634,5935,0,0
15860,1,0,0,2,1,13.374320,1.389044,5935,0,0
15870,13,0,1,15,1,13.375487,1.389077,5940,0,0
15880,18,2,2,23,1,13.380895,1.389550,5949,0,0
15890,0,0,0,0,0,13.383476,1.389848,5958,0,0
15900,14,2,2,19,1,13.383181,1.389757,5958,0,0
15910,2,1,1,5,1,13.378819,1.389451,5958,0,0
15920,6,0,3,10,1,13.377965,1.389293,5958,0,0
15930,7,1,0,9,1,13.372496,1.388700,5958,0,0
15940,18,1,1,21,1,13.374448,1.388797,5964,0,0
15950,1,0,0,2,1,13.373232,1.388656,5967,0,0
15960,15,6,4,26,1,13.372132,1.388436,5970,0,0
15970,15,2,1,19,1,13.378839,1.389288,5984,0,0
15980,18,2,4,25,1,13.385154,1.389911,6000,0,0
15990,16,1,2,20,1,13.387900,1.390153,6002,0,0
16000,2,0,0,3,1,13.386198,1.390097,6002,0,0
16010,5,0,0,6,1,13.380494,1.389498,6002,0,0
16020,1,0,1,3,1,13.373643,1.388825,6002,0,0
16030,8,4,1,14,1,13.367691,1.388183,6002,0,0
16040,12,1,1,15,1,13.370536,1.388454,6006,0,0
16050,8,0,0,9,1,13.370015,1.388304,6006,0,0
16060,0,0,0,1,1,13.364775,1.387798,6006,0,0
16070,6,1,3,11,1,13.361381,1.387332,6006,0,0
16080,4,0,1,6,1,13.357210,1.386911,6006,0,0
16090,16,0,0,17,1,13.358364,1.386935,6006,0,0
16100,11,1,2,15,1,13.361203,1.387188,6010,0,0
16110,2,0,2,5,1,13.355768,1.386689,6010,0,0
16120,13,1,1,16,1,13.352711,1.386205,6010,0,0
16130,0,0,0,1,1,13.350118,1.386108,6010,0,0
16140,3,1,1,6,1,13.344839,1.385518,6010,0,0
16150,8,0,1,10,1,13.343974,1.385351,6010,0,0
16160,7,0,3,11,1,13.344781,1.385349,6010,0,0
16170,11,0,3,15,1,13.346210,1.385464,6010,0,0
16180,15,1,1,18,1,13.350841,1.385895,6016,0,0
16190,12,1,1,15,1,13.355462,1.386484,6019,0,0
16200,15,2,1,19,1,13.359935,1.387004,6025,0,0
16210,18,1,4,24,1,13.364021,1.387369,6028,0,0
16220,19,2,2,24,1,13.370740,1.388114,6034,0,0
16230,10,0,0,11,1,13.375828,1.388663,6039,0,0
16240,15,0,1,17,1,13.377776,1.388744,6052,0,0
16250,20,3,3,27,1,13.383835,1.389296,6067,0,0
16260,18,2,4,25,1,13.390510,1.390080,6095,0,0
16270,18,1,4,24,1,13.397054,1.390745,6109,0,0
16280,17,1,1,20,1,13.400581,1.391087,6118,0,0
16290,14,0,0,15,1,13.405643,1.391740,6128,0,0
16300,20,3,2,26,1,13.409791,1.392111,6129,0,0
16310,11,0,1,13,1,13.415462,1.392792,6142,0,0
16320,2,0,1,4,1,13.411002,1.392420,6142,0,0
16330,16,0,4,21,1,13.414934,1.392689,6146,0,0
16340,19,4,3,27,1,13.420185,1.393140,6158,0,0
16350,9,2,0,12,1,13.424076,1.393653,6162,0,0
16360,6,0,1,8,1,13.420638,1.393396,6162,0,0
16370,13,2,3,19,1,13.424662,1.393755,6168,0,0
16380,15,3,4,23,1,13.426177,1.393862,6168,0,0
16390,14,2,1,18,1,13.435135,1.394892,6193,0,0
16400,17,3,2,23,1,13.439481,1.395329,6205,0,0
16410,11,6,3,21,1,13.447468,1.396258,6236,0,0
16420,16,3,5,25,1,13.447315,1.396112,6236,0,0
16430,7,2,1,11,1,13.449369,1.396355,6239,0,0
16440,1,0,0,2,1,13.445241,1.395894,6239,0,0
16450,1,0,1,3,1,13.439439,1.395259,6239,0,0
16460,0,1,0,2,1,13.433916,1.394592,6239,0,0
16470,1,0,0,2,1,13.430447,1.394217,6239,0,0
16480,6,0,1,8,1,13.425857,1.393734,6239,0,0
16490,4,0,0,5,1,13.422497,1.393406,6239,0,0
16500,15,2,4,22,1,13.423406,1.393530,6248,0,0
16510,5,1,0,7,1,13.425809,1.393756,6250,0,0
16520,8,1,2,12,1,13.421873,1.393376,6250,0,0
16530,0,0,0,0,0,13.416158,1.392829,6250,0,0
16540,0,0,1,2,1,13.409289,1.392276,6250,0,0
16550,0,0,0,1,1,13.402376,1.391588,6250,0,0
16560,10,2,1,14,1,13.396998,1.390971,6250,0,0
16570,15,1,1,18,1,13.394311,1.390546,6250,0,0
16580,12,0,2,15,1,13.394742,1.390516,6251,0,0
16590,14,6,1,22,1,13.399852,1.391005,6261,0,0
16600,3,0,0,4,1,13.402445,1.391321,6262,0,0
16610,4,1,0,6,1,13.398131,1.390807,6262,0,0
16620,2,0,0,3,1,13.392273,1.390306,6262,0,0
16630,19,2,4,26,1,13.393728,1.390355,6266,0,0
16640,11,0,3,15,1,13.397812,1.390852,6281,0,0
16650,20,0,0,21,1,13.401535,1.391137,6293,0,0
16660,18,4,4,27,1,13.406435,1.391596,6304,0,0
16670,15,0,2,18,1,13.408084,1.391796,6310,0,0
16680,17,3,1,22,1,13.414182,1.392510,6317,0,0
16690,4,1,1,7,1,13.411391,1.392275,6317,0,0
16700,0,1,0,2,1,13.405441,1.391834,6317,0,0
16710,16,2,1,20,1,13.401616,1.391431,6317,0,0
16720,20,1,4,26,1,13.406855,1.391934,6332,0,0
16730,8,1,1,11,1,13.412535,1.392639,6341,0,0
16740,7,4,1,13,1,13.408351,1.392173,6341,0,0
16750,12,1,0,14,1,13.410099,1.392365,6341,0,0
16760,17,4,4,26,1,13.414158,1.392746,6348,0,0
16770,4,0,0,5,1,13.418717,1.393248,6358,0,0
16780,6,1,1,9,1,13.413840,1.392736,6358,0,0
16790,1,0,0,2,1,13.408845,1.392263,6358,0,0
16800,9,0,0,10,1,13.404875,1.391742,6358,0,0
16810,2,0,0,3,1,13.403434,1.391560,6358,0,0
16820,20,3,3,27,1,13.400608,1.391132,6362,0,0
16830,11,2,0,14,1,13.405572,1.391814,6376,0,0
16840,18,4,3,26,1,13.410515,1.392295,6377,0,0
16850,15,1,2,19,1,13.414738,1.392788,6386,0,0
16860,4,0,2,7,1,13.416902,1.393007,6386,0,0
16870,9,2,0,12,1,13.414607,1.392840,6386,0,0
16880,2,0,0,3,1,13.410141,1.392533,6386,0,0
16890,19,2,1,23,1,13.408089,1.392177,6386,0,0
16900,10,0,2,13,1,13.408309,1.392219,6386,0,0
16910,15,1,5,22,1,13.409650,1.392156,6386,0,0
16920,2,0,0,3,1,13.412932,1.392594,6391,0,0
16930,1,0,0,2,1,13.406224,1.391943,6391,0,0
16940,6,1,2,10,1,13.401087,1.391386,6391,0,0
16950,3,0,2,6,1,13.395889,1.390960,6391,0,0
16960,13,1,6,21,1,13.394364,1.390634,6394,0,0
16970,11,2,1,15,1,13.398032,1.390966,6398,0,0
16980,5,4,4,14,1,13.398239,1.390948,6398,0,0
16990,17,0,2,20,1,13.401501,1.391213,6400,0,0
17000,10,0,1,12,1,13.402227,1.391198,6402,0,0
17010,4,1,1,7,1,13.397772,1.390696,6402,0,0
17020,4,2,1,8,1,13.394565,1.390289,6402,0,0
17030,1,0,1,3,1,13.391678,1.390010,6402,0,0
17040,5,0,2,8,1,13.392032,1.389948,6402,0,0
17050,4,0,1,6,1,13.386822,1.389418,6402,0,0
17060,0,0,0,1,1,13.381190,1.388845,6402,0,0
17070,15,0,3,19,1,13.383224,1.388992,6403,0,0
17080,4,0,2,7,1,13.380757,1.388722,6403,0,0
17090,7,0,1,9,1,13.377131,1.388230,6403,0,0
17100,6,1,1,9,1,13.378322,1.388365,6403,0,0
17110,16,1,4,22,1,13.375058,1.387962,6403,0,0
17120,2,0,0,3,1,13.377019,1.388261,6408,0,0
17130,6,2,3,12,1,13.373574,1.387907,6408,0,0
17140,6,0,1,8,1,13.370641,1.387614,6408,0,0
17150,13,1,4,19,1,13.372289,1.387679,6408,0,0
17160,13,0,3,17,1,13.375438,1.387942,6410,0,0
17170,16,1,3,21,1,13.378365,1.388316,6414,0,0
17180,9,0,3,13,1,13.376957,1.388173,6415,0,0
17190,17,3,2,23,1,13.380197,1.388512,6421,0,0
17200,15,4,2,22,1,13.380496,1.388445,6421,0,0
17210,20,4,2,27,1,13.387255,1.389200,6444,0,0
17220,20,0,1,22,1,13.390317,1.389588,6454,0,0
17230,17,6,0,24,1,13.395558,1.390219,6470,0,0
17240,16,0,1,18,1,13.400205,1.390645,6476,0,0
17250,6,2,2,11,1,13.396289,1.390267,6476,0,0
17260,14,5,2,22,1,13.398299,1.390428,6476,0,0
17270,5,0,2,8,1,13.398767,1.390547,6476,0,0
17280,12,2,1,16,1,13.398825,1.390564,6479,0,0
17290,18,2,5,26,1,13.402472,1.390904,6488,0,0
17300,15,2,0,18,1,13.406388,1.391305,6496,0,0
17310,4,0,2,7,1,13.406284,1.391297,6496,0,0
17320,14,1,2,18,1,13.407051,1.391271,6499,0,0
17330,0,0,0,1,1,13.402451,1.390897,6499,0,0
17340,7,0,0,8,1,13.399043,1.390579,6499,0,0
17350,0,0,0,1,1,13.394391,1.390183,6499,0,0
17360,9,1,0,11,1,13.389409,1.389602,6499,0,0
17370,14,1,2,18,1,13.394696,1.390062,6509,0,0
17380,5,0,0,6,1,13.391848,1.389820,6509,0,0
17390,14,1,4,20,1,13.394681,1.390142,6512,0,0
17400,4,4,3,12,1,13.397158,1.390410,6512,0,0
17410,8,0,2,11,1,13.398298,1.390432,6512,0,0
17420,12,4,0,17,1,13.397590,1.390287,6512,0,0
17430,9,3,3,16,1,13.399670,1.390547,6512,0,0
17440,12,0,1,14,1,13.402541,1.390980,6518,0,0
17450,1,2,0,4,1,13.399546,1.390672,6518,0,0
17460,12,1,1,15,1,13.394747,1.390218,6518,0,0
17470,7,0,1,9,1,13.395411,1.390332,6518,0,0
17480,14,6,2,23,1,13.400833,1.390823,6530,0,0
17490,12,3,0,16,1,13.405546,1.391356,6541,0,0
17500,2,1,0,4,1,13.404378,1.391205,6541,0,0
17510,1,0,1,3,1,13.397620,1.390655,6541,0,0
17520,5,0,3,9,1,13.391608,1.390083,6541,0,0
17530,6,1,1,9,1,13.390777,1.389909,6541,0,0
17540,4,1,1,7,1,13.388049,1.389620,6541,0,0
17550,9,0,0,10,1,13.387299,1.389562,6541,0,0
17560,0,0,0,0,0,13.384760,1.389301,6541,0,0
17570,3,0,1,5,1,13.379629,1.388788,6541,0,0
17580,9,1,0,11,1,13.377785,1.388484,6541,0,0
17590,3,0,0,4,1,13.375996,1.388301,6541,0,0
17600,3,0,0,4,1,13.373659,1.388070,6541,0,0
17610,0,0,0,1,1,13.367944,1.387553,6541,0,0
17620,15,1,2,19,1,13.364681,1.387176,6541,0,0
17630,0,0,0,0,0,13.361746,1.386956,6541,0,0
17640,1,0,0,2,1,13.355766,1.386363,6541,0,0
17650,11,2,0,14,1,13.353282,1.386083,6541,0,0
17660,20,0,3,24,1,13.353943,1.386089,6543,0,0
17670,14,3,2,20,1,13.359992,1.386834,6567,0,0
17680,18,0,1,20,1,13.360953,1.386904,6570,0,0
17690,10,0,0,11,1,13.361713,1.386937,6573,0,0
17700,2,0,0,3,1,13.355938,1.386486,6573,0,0
17710,19,2,2,24,1,13.356735,1.386385,6577,0,0
17720,12,4,3,20,1,13.360012,1.386704,6578,0,0
17730,17,2,3,23,1,13.363475,1.387058,6579,0,0
17740,19,2,0,22,1,13.367565,1.387412,6584,0,0
17750,9,1,0,11,1,13.367555,1.387454,6586,0,0
17760,0,0,0,0,0,13.362208,1.386951,6586,0,0
17770,0,0,0,1,1,13.355637,1.386247,6586,0,0
17780,0,0,0,0,0,13.349031,1.385750,6586,0,0
17790,9,1,1,12,1,13.342614,1.385176,6586,0,0
17800,8,0,1,10,1,13.341074,1.385035,6586,0,0
17810,12,1,2,16,1,13.339742,1.384891,6586,0,0
17820,14,0,1,16,1,13.344929,1.385303,6597,0,0
17830,2,0,0,3,1,13.345270,1.385381,6597,0,0
17840,4,2,1,8,1,13.339707,1.384710,6597,0,0
17850,2,2,0,5,1,13.334261,1.384139,6597,0,0
17860,7,0,1,9,1,13.331722,1.383798,6597,0,0
17870,11,3,0,15,1,13.330680,1.383620,6602,0,0
17880,2,0,0,3,1,13.327505,1.383366,6602,0,0
17890,10,2,1,14,1,13.325708,1.383142,6602,0,0
17900,12,2,2,17,1,13.328185,1.383418,6605,0,0
17910,10,1,0,12,1,13.327426,1.383261,6605,0,0
17920,4,0,1,6,1,13.324214,1.382923,6605,0,0
17930,20,1,4,26,1,13.322061,1.382630,6606,0,0
17940,4,0,1,6,1,13.320719,1.382622,6611,0,0
17950,14,3,4,22,1,13.321649,1.382713,6613,0,0
17960,11,3,0,15,1,13.324819,1.383213,6616,0,0
17970,10,2,1,14,1,13.324902,1.383048,6616,0,0
17980,9,1,1,12,1,13.324093,1.383039,6616,0,0
17990,10,0,4,15,1,13.324323,1.382906,6616,0,0
18000,0,0,0,0,0,13.321952,1.382702,6616,0,0
18010,16,1,1,19,1,13.317092,1.382217,6616,0,0
18020,19,1,2,23,1,13.321400,1.382539,6630,0,0
18030,15,4,2,22,1,13.327465,1.383203,6643,0,0
18040,18,3,0,22,1,13.332646,1.383744,6652,0,0
18050,3,0,0,4,1,13.333214,1.383837,6652,0,0
18060,9,2,0,12,1,13.328253,1.383325,6652,0,0
18070,5,0,0,6,1,13.326085,1.382952,6652,0,0
18080,15,0,1,17,1,13.327634,1.383116,6653,0,0
18090,0,0,0,0,0,13.326037,1.383000,6653,0,0
18100,6,0,1,8,1,13.321251,1.382498,6653,0,0
18110,8,1,0,10,1,13.316216,1.381979,6653,0,0
18120,11,0,1,13,1,13.314739,1.381805,6653,0,0
18130,5,0,1,7,1,13.312412,1.381558,6653,0,0
18140,17,4,1,23,1,13.313625,1.381726,6655,0,0
18150,15,1,0,17,1,13.318866,1.382289,6661,0,0
18160,0,0,0,0,0,13.315048,1.381927,6661,0,0
18170,9,1,0,11,1,13.311175,1.381504,6661,0,0
18180,14,0,2,17,1,13.312123,1.381605,6661,0,0
18190,4,0,0,5,1,13.307796,1.381198,6661,0,0
18200,11,2,0,14,1,13.306098,1.380930,6661,0,0
18210,16,1,0,18,1,13.308667,1.381176,6664,0,0
18220,13,2,3,19,1,13.314197,1.381784,6683,0,0
18230,14,3,3,21,1,13.318867,1.382327,6697,0,0
18240,13,2,2,18,1,13.320565,1.382577,6697,0,0
18250,17,2,1,21,1,13.325892,1.383132,6726,0,0
18260,8,4,0,13,1,13.324212,1.382937,6726,0,0
18270,18,1,4,24,1,13.327265,1.383217,6726,0,0
18280,0,1,0,2,1,13.327128,1.383269,6730,0,0
18290,3,0,0,4,1,13.321720,1.382694,6730,0,0
18300,1,0,0,2,1,13.316376,1.382127,6730,0,0
18310,11,0,0,12,1,13.314296,1.381953,6730,0,0
18320,9,1,2,13,1,13.315043,1.382002,6730,0,0
18330,9,0,2,12,1,13.314466,1.381858,6730,0,0
18340,0,0,0,1,1,13.310893,1.381514,6730,0,0
18350,11,2,1,15,1,13.309822,1.381366,6730,0,0
18360,5,1,0,7,1,13.308497,1.381216,6730,0,0
18370,2,1,0,4,1,13.307391,1.381159,6730,0,0
18380,0,0,0,1,1,13.302088,1.380580,6730,0,0
18390,5,0,0,6,1,13.298651,1.380109,6730,0,0
18400,7,2,4,14,1,13.301984,1.380411,6739,0,0
18410,2,0,0,3,1,13.297821,1.380044,6739,0,0
18420,14,2,1,18,1,13.299014,1.380186,6740,0,0
18430,14,1,3,19,1,13.302445,1.380568,6743,0,0
18440,17,5,2,25,1,13.307870,1.381181,6760,0,0
18450,10,1,3,15,1,13.312051,1.381625,6770,0,0
18460,5,0,1,7,1,13.309573,1.381425,6770,0,0
18470,14,2,4,21,1,13.310304,1.381410,6770,0,0
18480,10,0,3,14,1,13.313470,1.381765,6775,0,0
18490,7,0,1,9,1,13.315172,1.381913,6775,0,0
18500,7,1,0,9,1,13.310594,1.381425,6775,0,0
18510,7,0,1,9,1,13.309922,1.381343,6775,0,0
18520,15,3,1,20,1,13.314294,1.381869,6777,0,0
18530,6,0,0,7,1,13.313232,1.381746,6777,0,0
18540,0,0,0,0,0,13.307999,1.381337,6777,0,0
18550,3,0,0,4,1,13.304843,1.380912,6777,0,0
18560,9,0,5,15,1,13.306314,1.380998,6778,0,0
18570,16,2,6,25,1,13.311063,1.381532,6783,0,0
18580,5,0,0,6,1,13.311400,1.381685,6783,0,0
18590,10,0,0,11,1,13.307858,1.381320,6783,0,0
18600,2,0,0,3,1,13.305271,1.381070,6783,0,0
18610,10,2,2,15,1,13.300695,1.380590,6783,0,0
18620,19,1,2,23,1,13.307491,1.381352,6805,0,0
18630,7,1,0,9,1,13.309260,1.381523,6805,0,0
18640,3,1,1,6,1,13.303726,1.380997,6805,0,0
18650,6,0,1,8,1,13.299430,1.380553,6805,0,0
18660,2,1,1,5,1,13.293843,1.380060,6805,0,0
18670,9,3,3,16,1,13.294718,1.380123,6805,0,0
18680,11,3,0,15,1,13.296774,1.380354,6808,0,0
18690,18,3,2,24,1,13.300902,1.380755,6829,0,0
18700,10,0,0,11,1,13.305500,1.381442,6841,0,0
18710,7,0,0,8,1,13.307658,1.381676,6841,0,0
18720,5,1,2,9,1,13.308794,1.381735,6841,0,0
18730,2,0,0,3,1,13.303485,1.381247,6841,0,0
18740,18,2,1,22,1,13.300589,1.380911,6841,0,0
18750,10,2,1,14,1,13.302217,1.381098,6843,0,0
18760,10,1,3,15,1,13.300562,1.380867,6843,0,0
18770,12,2,0,15,1,13.302708,1.381085,6843,0,0
18780,18,1,2,22,1,13.305141,1.381324,6843,0,0
18790,1,1,0,3,1,13.303581,1.381180,6843,0,0
18800,3,0,0,4,1,13.297252,1.380686,6843,0,0
18810,3,0,0,4,1,13.292518,1.380113,6843,0,0
18820,4,0,0,5,1,13.289040,1.379754,6843,0,0
18830,4,0,0,5,1,13.283075,1.379130,6843,0,0
18840,8,0,0,9,1,13.279912,1.378796,6843,0,0
18850,6,3,0,10,1,13.277130,1.378449,6843,0,0
18860,4,1,1,7,1,13.274946,1.378224,6843,0,0
18870,0,0,0,1,1,13.273474,1.378082,6845,0,0
18880,7,1,0,9,1,13.269303,1.377674,6845,0,0
18890,2,0,1,4,1,13.264224,1.377179,6845,0,0
18900,17,2,4,24,1,13.265561,1.377252,6851,0,0
18910,1,0,0,2,1,13.267079,1.377480,6857,0,0
18920,0,0,0,0,0,13.263199,1.377095,6857,0,0
18930,13,1,0,15,1,13.261398,1.376842,6857,0,0
18940,9,0,2,12,1,13.265113,1.377238,6863,0,0
18950,0,0,0,0,0,13.264043,1.377174,6863,0,0
18960,5,1,1,8,1,13.259348,1.376682,6863,0,0
18970,10,7,2,20,1,13.256840,1.376281,6863,0,0
18980,12,1,2,16,1,13.262283,1.376788,6880,0,0
18990,10,1,4,16,1,13.263749,1.376890,6885,0,0
19000,7,1,3,12,1,13.263525,1.376937,6885,0,0
19010,4,1,0,6,1,13.259832,1.376578,6885,0,0
19020,4,2,0,7,1,13.254089,1.376030,6885,0,0
19030,7,2,1,11,1,13.253627,1.375939,6885,0,0
19040,10,1,0,12,1,13.254859,1.375979,6885,0,0
19050,14,0,1,16,1,13.252485,1.375638,6885,0,0
19060,2,0,0,3,1,13.249996,1.375375,6885,0,0
19070,2,0,0,3,1,13.244927,1.374933,6885,0,0
19080,13,3,0,17,1,13.244504,1.374720,6885,0,0
19090,16,2,2,21,1,13.249506,1.375137,6899,0,0
19100,18,0,2,21,1,13.254761,1.375775,6914,0,0
19110,7,1,0,9,1,13.255757,1.375955,6917,0,0
19120,1,0,0,2,1,13.250600,1.375393,6917,0,0
19130,2,0,0,3,1,13.247584,1.375075,6917,0,0
19140,2,0,0,3,1,13.242163,1.374634,6917,0,0
19150,17,2,2,22,1,13.240998,1.374322,6917,0,0
19160,0,0,0,1,1,13.244161,1.374764,6933,0,0
19170,15,0,2,18,1,13.240734,1.374359,6933,0,0
19180,18,3,2,24,1,13.247224,1.375028,6958,0,0
19190,14,3,1,19,1,13.252411,1.375747,6978,0,0
19200,0,0,0,0,0,13.249039,1.375429,6978,0,0
19210,1,0,0,2,1,13.244110,1.374801,6978,0,0
19220,17,0,1,19,1,13.239891,1.374217,6978,0,0
19230,14,0,2,17,1,13.244300,1.374648,6982,0,0
19240,20,3,6,30,1,13.249622,1.375255,7008,0,0
19250,20,0,2,23,1,13.252070,1.375511,7019,0,0
19260,15,2,2,20,1,13.256902,1.375993,7026,0,0
19270,8,1,0,10,1,13.259321,1.376291,7026,0,0
19280,9,0,0,10,1,13.258173,1.376197,7026,0,0
19290,18,2,0,21,1,13.260098,1.376414,7027,0,0
19300,7,2,0,10,1,13.262356,1.376688,7035,0,0
19310,14,2,3,20,1,13.260432,1.376432,7035,0,0
19320,15,5,3,24,1,13.262654,1.376561,7047,0,0
19330,13,1,2,17,1,13.268375,1.377195,7069,0,0
19340,9,0,2,12,1,13.269911,1.377364,7069,0,0
19350,15,5,2,23,1,13.271238,1.377445,7071,0,0
19360,2,0,0,3,1,13.271585,1.377550,7073,0,0
19370,12,2,2,17,1,13.268091,1.377175,7073,0,0
19380,0,0,0,0,0,13.265813,1.376971,7073,0,0
19390,0,1,0,2,1,13.260508,1.376511,7073,0,0
19400,3,0,2,6,1,13.255404,1.376021,7073,0,0
19410,1,0,1,3,1,13.250229,1.375581,7073,0,0
19420,1,1,0,3,1,13.246730,1.375220,7073,0,0
19430,0,0,0,0,0,13.241522,1.374763,7073,0,0
19440,3,1,0,5,1,13.235650,1.374207,7073,0,0
19450,9,0,3,13,1,13.236677,1.374184,7073,0,0
19460,10,1,2,14,1,13.236264,1.374195,7073,0,0
19470,15,0,2,18,1,13.235732,1.374164,7073,0,0
19480,20,3,4,28,1,13.240648,1.374669,7086,0,0
19490,8,0,0,9,1,13.243136,1.375047,7092,0,0
19500,11,1,3,16,1,13.243985,1.375152,7093,0,0
19510,16,2,0,19,1,13.244714,1.375252,7094,0,0
19520,17,2,2,22,1,13.249246,1.375740,7102,0,0
19530,19,3,4,27,1,13.253788,1.376162,7113,0,0
19540,20,2,1,24,1,13.258601,1.376767,7120,0,0
19550,12,1,0,14,1,13.262620,1.377311,7135,0,0
19560,15,3,2,21,1,13.265169,1.377570,7135,0,0
19570,5,1,0,7,1,13.268278,1.377983,7153,0,0
19580,6,2,3,12,1,13.269412,1.378073,7159,0,0
19590,4,2,0,7,1,13.270061,1.378121,7159,0,0
19600,5,0,0,6,1,13.271140,1.378111,7159,0,0
19610,8,0,0,9,1,13.266489,1.377579,7159,0,0
19620,6,1,1,9,1,13.264214,1.377338,7159,0,0
19630,8,1,2,12,1,13.264615,1.377338,7161,0,0
19640,3,0,0,4,1,13.260052,1.376932,7161,0,0
19650,17,1,3,22,1,13.261768,1.377054,7161,0,0
19660,13,3,2,19,1,13.265074,1.377480,7161,0,0
19670,12,2,0,15,1,13.270347,1.378073,7170,0,0
19680,20,2,2,25,1,13.270086,1.378041,7176,0,0
19690,10,1,3,15,1,13.272833,1.378336,7181,0,0
19700,2,0,0,3,1,13.271230,1.378120,7181,0,0
19710,6,1,0,8,1,13.266214,1.377602,7181,0,0
19720,7,0,0,8,1,13.263099,1.377302,7181,0,0
19730,20,4,2,27,1,13.267228,1.377566,7191,0,0
19740,10,1,4,16,1,13.270826,1.377957,7197,0,0
19750,17,3,2,23,1,13.275919,1.378524,7228,0,0
19760,15,0,0,16,1,13.277842,1.378755,7228,0,0
19770,7,1,1,10,1,13.276459,1.378650,7228,0,0
19780,17,2,3,23,1,13.277595,1.378719,7238,0,0
19790,5,1,2,9,1,13.279210,1.378969,7243,0,0
19800,2,0,0,3,1,13.279287,1.379008,7243,0,0
19810,5,0,1,7,1,13.276433,1.378591,7243,0,0
19820,7,0,1,9,1,13.271629,1.378101,7243,0,0
19830,1,0,0,2,1,13.266622,1.377648,7243,0,0
19840,0,0,0,0,0,13.262881,1.377291,7243,0,0
19850,0,0,0,0,0,13.257939,1.376794,7243,0,0
19860,2,1,0,4,1,13.253139,1.376348,7243,0,0
19870,20,0,2,23,1,13.252780,1.376155,7248,0,0
19880,7,0,1,9,1,13.252925,1.376251,7248,0,0
19890,5,0,0,6,1,13.248015,1.375808,7248,0,0
19900,17,3,1,22,1,13.249879,1.375953,7251,0,0
19910,11,5,0,17,1,13.253223,1.376403,7263,0,0
19920,20,1,4,26,1,13.258464,1.376878,7286,0,0
19930,16,2,2,21,1,13.262515,1.377329,7296,0,0
19940,17,2,1,21,1,13.267889,1.377818,7311,0,0
19950,0,0,0,0,0,13.263970,1.377549,7311,0,0
19960,0,0,0,0,0,13.258887,1.377052,7311,0,0
19970,4,1,0,6,1,13.254343,1.376632,7311,0,0
19980,1,0,0,2,1,13.249763,1.376166,7311,0,0
19990,5,1,0,7,1,13.245609,1.375872,7311,0,0
20000,5,2,2,10,1,13.241298,1.375448,7311,0,0
20010,8,0,0,9,1,13.241076,1.375355,7311,0,0
20020,19,1,4,25,1,13.238422,1.374996,7313,0,0
20030,11,2,0,14,1,13.241052,1.375235,7313,0,0
20040,12,2,0,15,1,13.238949,1.374926,7313,0,0
20050,6,2,0,9,1,13.236609,1.374678,7313,0,0
20060,0,0,0,0,0,13.232197,1.374208,7313,0,0
20070,6,1,1,9,1,13.228781,1.373805,7313,0,0
20080,3,0,1,5,1,13.225290,1.373480,7313,0,0
20090,3,1,1,6,1,13.221302,1.373004,7313,0,0
20100,12,2,0,15,1,13.217708,1.372577,7313,0,0
20110,10,1,2,14,1,13.220009,1.372825,7318,0,0
20120,18,2,0,21,1,13.223926,1.373184,7327,0,0
20130,17,2,1,21,1,13.227167,1.373501,7330,0,0
20140,19,0,3,23,1,13.229088,1.373675,7331,0,0
20150,15,4,2,22,1,13.230934,1.373791,7333,0,0
20160,18,2,8,29,1,13.237127,1.374429,7339,0,0
20170,18,4,5,28,1,13.243996,1.375194,7364,0,0
20180,19,1,5,26,1,13.249698,1.375795,7387,0,0
20190,18,2,2,23,1,13.252213,1.376037,7390,0,0
20200,4,2,1,8,1,13.254002,1.376176,7392,0,0
20210,8,0,0,9,1,13.249634,1.375745,7392,0,0
20220,7,1,1,10,1,13.250205,1.375786,7392,0,0
20230,14,1,6,22,1,13.251283,1.375858,7393,0,0
20240,5,0,1,7,1,13.253621,1.376109,7393,0,0
20250,17,1,2,21,1,13.254132,1.376130,7393,0,0
20260,9,2,0,12,1,13.254120,1.376123,7393,0,0
20270,19,4,0,24,1,13.255739,1.376266,7394,0,0
20280,4,0,3,8,1,13.258682,1.376651,7408,0,0
20290,20,2,3,26,1,13.259138,1.376616,7411,0,0
20300,15,2,0,18,1,13.263146,1.376985,7419,0,0
20310,4,2,1,8,1,13.262039,1.376971,7419,0,0
20320,1,1,1,4,1,13.258566,1.376633,7419,0,0
20330,16,1,0,18,1,13.257849,1.376554,7419,0,0
20340,9,2,2,14,1,13.256162,1.376339,7419,0,0
20350,15,5,2,23,1,13.258907,1.376535,7423,0,0
20360,1,2,0,4,1,13.258143,1.376430,7423,0,0
20370,4,0,1,6,1,13.254694,1.376032,7423,0,0
20380,4,1,1,7,1,13.251596,1.375692,7423,0,0
20390,0,0,0,1,1,13.248728,1.375389,7423,0,0
20400,1,0,0,2,1,13.243682,1.374903,7423,0,0
20410,2,0,0,3,1,13.238958,1.374456,7423,0,0
20420,4,0,0,5,1,13.233829,1.374010,7423,0,0
20430,6,2,2,11,1,13.230532,1.373656,7423,0,0
20440,16,4,3,24,1,13.230165,1.373529,7423,0,0
20450,9,0,0,10,1,13.232042,1.373761,7427,0,0
20460,16,1,0,18,1,13.234728,1.374015,7434,0,0
20470,20,3,0,24,1,13.234876,1.373865,7434,0,0
20480,13,2,0,16,1,13.236527,1.374094,7442,0,0
20490,5,2,2,10,1,13.233388,1.373854,7442,0,0
20500,16,2,0,19,1,13.233371,1.373834,7447,0,0
20510,19,3,0,23,1,13.235994,1.374115,7452,0,0
20520,0,0,1,2,1,13.236388,1.374256,7453,0,0
20530,0,0,0,0,0,13.233765,1.374014,7453,0,0
20540,19,3,2,25,1,13.232939,1.373736,7453,0,0
20550,6,1,2,10,1,13.231371,1.373603,7453,0,0
20560,18,2,1,22,1,13.232387,1.373641,7453,0,0
20570,3,0,0,4,1,13.230761,1.373565,7453,0,0
20580,1,1,0,3,1,13.229893,1.373435,7453,0,0
20590,9,0,1,11,1,13.225391,1.373019,7453,0,0
20600,9,0,0,10,1,13.225929,1.373105,7453,0,0
20610,2,1,0,4,1,13.222067,1.372713,7453,0,0
20620,5,2,0,8,1,13.219287,1.372392,7453,0,0
20630,0,0,0,0,0,13.216207,1.372219,7453,0,0
20640,3,1,0,5,1,13.211682,1.371717,7453,0,0
20650,17,4,2,24,1,13.213997,1.371801,7461,0,0
20660,15,2,4,22,1,13.218664,1.372315,7473,0,0
20670,17,0,0,18,1,13.222451,1.372759,7476,0,0
20680,14,4,2,21,1,13.224132,1.372853,7478,0,0
20690,12,2,4,19,1,13.224514,1.372881,7478,0,0
20700,20,2,3,26,1,13.225939,1.373059,7482,0,0
20710,7,2,0,10,1,13.226306,1.373058,7484,0,0
20720,9,2,0,12,1,13.224005,1.372656,7484,0,0
20730,5,0,1,7,1,13.223137,1.372582,7484,0,0
20740,1,0,0,2,1,13.217706,1.372151,7484,0,0
20750,1,0,0,2,1,13.213842,1.371739,7484,0,0
20760,8,2,0,11,1,13.208769,1.371139,7484,0,0
20770,11,3,2,17,1,13.208534,1.371062,7484,0,0
20780,1,0,0,2,1,13.204838,1.370790,7484,0,0
20790,9,3,3,16,1,13.201750,1.370465,7484,0,0
20800,0,0,0,0,0,13.199440,1.370337,7484,0,0
20810,0,1,1,3,1,13.195625,1.369827,7484,0,0
20820,15,0,2,18,1,13.192091,1.369476,7484,0,0
20830,3,0,0,4,1,13.190628,1.369347,7486,0,0
20840,6,1,1,9,1,13.190312,1.369234,7486,0,0
20850,1,0,0,2,1,13.186599,1.368844,7486,0,0
20860,1,1,1,4,1,13.181037,1.368351,7486,0,0
20870,11,2,1,15,1,13.179528,1.368156,7486,0,0
20880,6,0,0,7,1,13.177265,1.367971,7486,0,0
20890,5,1,0,7,1,13.171988,1.367500,7486,0,0
20900,5,0,2,8,1,13.167744,1.367048,7486,0,0
20910,8,1,0,10,1,13.168874,1.367113,7496,0,0
20920,5,0,1,7,1,13.169978,1.367169,7496,0,0
20930,5,4,1,11,1,13.169140,1.367104,7496,0,0
20940,1,4,0,6,1,13.166168,1.366757,7496,0,0
20950,3,0,0,4,1,13.162480,1.366350,7496,0,0
20960,4,0,0,5,1,13.158699,1.365980,7496,0,0
20970,5,0,1,7,1,13.153574,1.365457,7496,0,0
20980,16,1,4,22,1,13.154332,1.365463,7496,0,0
20990,9,1,0,11,1,13.157309,1.365788,7496,0,0
21000,7,2,0,10,1,13.157164,1.365843,7499,0,0
21010,5,1,0,7,1,13.155102,1.365678,7499,0,0
21020,4,0,0,5,1,13.153069,1.365523,7499,0,0
21030,15,0,3,19,1,13.151261,1.365324,7499,0,0
21040,6,1,1,9,1,13.154540,1.365674,7504,0,0
21050,15,2,6,24,1,13.157108,1.365895,7506,0,0
21060,19,3,1,24,1,13.160572,1.366223,7521,0,0
21070,0,0,0,1,1,13.160856,1.366343,7526,0,0
21080,7,1,0,9,1,13.159083,1.366114,7526,0,0
21090,5,0,0,6,1,13.153787,1.365674,7526,0,0
21100,4,0,0,5,1,13.151550,1.365349,7526,0,0
21110,11,2,4,18,1,13.150515,1.365164,7526,0,0
21120,16,3,0,20,1,13.152017,1.365288,7526,0,0
21130,5,1,0,7,1,13.151517,1.365265,7531,0,0
21140,2,0,0,3,1,13.148967,1.365030,7531,0,0
21150,14,4,1,20,1,13.147343,1.364796,7531,0,0
21160,19,4,3,27,1,13.150293,1.365018,7531,0,0
21170,9,0,1,11,1,13.150421,1.365093,7538,0,0
21180,16,2,2,21,1,13.150678,1.365029,7538,0,0
21190,8,1,1,11,1,13.152926,1.365264,7540,0,0
21200,18,1,1,21,1,13.154389,1.365305,7540,0,0
21210,11,1,2,15,1,13.156835,1.365541,7541,0,0
21220,5,0,2,8,1,13.155754,1.365398,7541,0,0
21230,12,2,1,16,1,13.156715,1.365446,7547,0,0
21240,18,3,4,26,1,13.162269,1.365958,7569,0,0
21250,14,2,1,18,1,13.166792,1.366423,7581,0,0
21260,4,1,3,9,1,13.168053,1.366623,7583,0,0
21270,12,0,1,14,1,13.164869,1.366269,7583,0,0
21280,17,5,5,28,1,13.167886,1.366444,7583,0,0
21290,17,5,2,25,1,13.171252,1.366816,7586,0,0
21300,18,0,2,21,1,13.176467,1.367386,7602,0,0
21310,10,2,1,14,1,13.178979,1.367656,7609,0,0
21320,3,0,2,6,1,13.174936,1.367239,7609,0,0
21330,4,0,0,5,1,13.171807,1.366897,7609,0,0
21340,12,0,0,13,1,13.167243,1.366478,7609,0,0
21350,11,1,1,14,1,13.168026,1.366529,7609,0,0
21360,6,1,2,10,1,13.171634,1.366906,7616,0,0
21370,16,4,0,21,1,13.170945,1.366744,7617,0,0
21380,18,2,3,24,1,13.175188,1.367206,7623,0,0
21390,12,0,2,15,1,13.176341,1.367408,7625,0,0
21400,6,1,0,8,1,13.174835,1.367247,7625,0,0
21410,20,1,3,25,1,13.175837,1.367334,7628,0,0
21420,7,1,0,9,1,13.178522,1.367641,7633,0,0
21430,5,0,0,6,1,13.177915,1.367568,7633,0,0
21440,3,0,1,5,1,13.177382,1.367495,7633,0,0
21450,12,1,0,14,1,13.173972,1.367097,7633,0,0
21460,7,1,2,11,1,13.173658,1.367100,7633,0,0
21470,13,3,0,17,1,13.172511,1.367010,7633,0,0
21480,15,3,4,23,1,13.176226,1.367365,7633,0,0
21490,0,0,0,0,0,13.174383,1.367116,7633,0,0
21500,18,6,4,29,1,13.175116,1.367116,7646,0,0
21510,9,2,4,16,1,13.179464,1.367523,7648,0,0
21520,6,0,0,7,1,13.176599,1.367274,7648,0,0
21530,5,0,0,6,1,13.172797,1.366856,7648,0,0
21540,5,3,3,12,1,13.169985,1.366560,7648,0,0
21550,19,0,4,24,1,13.173466,1.366871,7664,0,0
21560,7,1,1,10,1,13.177246,1.367397,7689,0,0
21570,17,2,0,20,1,13.179441,1.367628,7695,0,0
21580,18,1,1,21,1,13.181252,1.367838,7695,0,0
21590,17,2,3,23,1,13.186655,1.368585,7717,0,0
21600,6,1,0,8,1,13.190768,1.369106,7728,0,0
21610,11,1,0,13,1,13.192432,1.369288,7728,0,0
21620,12,1,0,14,1,13.195121,1.369523,7741,0,0
21630,12,1,1,15,1,13.194526,1.369424,7743,0,0
21640,9,2,1,13,1,13.194867,1.369468,7743,0,0
21650,11,4,0,16,1,13.199167,1.369865,7755,0,0
21660,10,0,1,12,1,13.196910,1.369679,7755,0,0
21670,7,1,1,10,1,13.194492,1.369423,7755,0,0
21680,1,0,1,3,1,13.191493,1.369075,7755,0,0
21690,6,2,0,9,1,13.188161,1.368719,7755,0,0
21700,2,0,1,4,1,13.185127,1.368393,7755,0,0
21710,2,0,0,3,1,13.179834,1.367918,7755,0,0
21720,18,3,3,25,1,13.177698,1.367646,7755,0,0
21730,18,4,6,29,1,13.183314,1.368310,7766,0,0
21740,9,3,0,13,1,13.184287,1.368380,7766,0,0
21750,8,1,1,11,1,13.184144,1.368322,7767,0,0
21760,18,2,0,21,1,13.183763,1.368213,7770,0,0
21770,5,1,0,7,1,13.186029,1.368529,7772,0,0
21780,12,1,1,15,1,13.183601,1.368227,7772,0,0
21790,13,4,3,21,1,13.187602,1.368521,7776,0,0
21800,18,2,6,27,1,13.190887,1.368812,7788,0,0
21810,20,4,9,34,1,13.197485,1.369616,7823,0,0
21820,15,2,0,18,1,13.204366,1.370482,7850,0,0
21830,8,1,2,12,1,13.204276,1.370417,7850,0,0
21840,1,0,0,2,1,13.202194,1.370255,7850,0,0
21850,11,2,2,16,1,13.199773,1.369980,7850,0,0
21860,11,2,0,14,1,13.197022,1.369677,7850,0,0
21870,7,1,0,9,1,13.195989,1.369592,7850,0,0
21880,10,2,1,14,1,13.198101,1.369709,7851,0,0
21890,2,0,2,5,1,13.200316,1.369896,7854,0,0
21900,14,3,2,20,1,13.196931,1.369586,7854,0,0
21910,4,0,0,5,1,13.194432,1.369394,7854,0,0
21920,13,0,0,14,1,13.191143,1.368984,7854,0,0
21930,11,2,0,14,1,13.192530,1.369143,7860,0,0
21940,2,4,0,7,1,13.189431,1.368856,7860,0,0
21950,1,0,0,2,1,13.190927,1.368962,7860,0,0
21960,9,0,2,12,1,13.186928,1.368626,7860,0,0
21970,17,0,1,19,1,13.187511,1.368696,7862,0,0
21980,2,0,0,3,1,13.184484,1.368410,7862,0,0
21990,0,0,0,1,1,13.179591,1.367923,7862,0,0
22000,17,1,1,20,1,13.176194,1.367463,7862,0,0
22010,10,0,0,11,1,13.181077,1.368044,7886,0,0
22020,15,2,2,20,1,13.182527,1.368138,7886,0,0
22030,18,5,2,26,1,13.188379,1.368748,7906,0,0
22040,5,0,1,7,1,13.189947,1.368958,7908,0,0
22050,16,1,2,20,1,13.188709,1.368806,7908,0,0
22060,15,2,2,20,1,13.193256,1.369306,7918,0,0
22070,10,3,2,16,1,13.194527,1.369389,7919,0,0
22080,10,1,0,12,1,13.191548,1.369050,7919,0,0
22090,2,0,0,3,1,13.188224,1.368823,7919,0,0
22100,9,2,2,14,1,13.185653,1.368468,7919,0,0
22110,19,3,0,23,1,13.186818,1.368565,7919,0,0
22120,10,0,0,11,1,13.189598,1.368798,7927,0,0
22130,13,4,2,20,1,13.192276,1.369040,7936,0,0
22140,9,0,1,11,1,13.193980,1.369277,7940,0,0
22150,1,0,0,2,1,13.194144,1.369239,7940,0,0
22160,13,2,0,16,1,13.191147,1.368795,7940,0,0
22170,15,3,0,19,1,13.194431,1.369113,7941,0,0
22180,7,1,3,12,1,13.195006,1.369175,7941,0,0
22190,6,1,0,8,1,13.193294,1.369019,7941,0,0
22200,8,0,0,9,1,13.193607,1.369066,7941,0,0
22210,11,2,1,15,1,13.192026,1.368828,7941,0,0
22220,4,4,6,15,1,13.193571,1.369042,7942,0,0
22230,18,0,6,25,1,13.194336,1.369009,7947,0,0
22240,12,1,2,16,1,13.197805,1.369345,7947,0,0
22250,0,0,0,1,1,13.197958,1.369402,7947,0,0
22260,0,0,0,0,0,13.195664,1.369198,7947,0,0
22270,4,2,1,8,1,13.192451,1.368804,7947,0,0
22280,7,0,1,9,1,13.188881,1.368365,7947,0,0
22290,8,2,4,15,1,13.185795,1.368054,7947,0,0
22300,6,0,0,7,1,13.188032,1.368378,7952,0,0
22310,0,0,0,0,0,13.183524,1.367995,7952,0,0
22320,0,0,0,1,1,13.182631,1.367892,7952,0,0
22330,4,0,1,6,1,13.179052,1.367529,7952,0,0
22340,1,1,0,3,1,13.175955,1.367299,7952,0,0
22350,5,0,0,6,1,13.171782,1.366780,7952,0,0
22360,3,1,0,5,1,13.167776,1.366366,7952,0,0
22370,0,0,0,0,0,13.162794,1.365934,7952,0,0
22380,13,0,1,15,1,13.162732,1.365930,7952,0,0
22390,0,2,0,3,1,13.165223,1.366216,7955,0,0
22400,3,0,1,5,1,13.160489,1.365759,7955,0,0
22410,8,2,4,15,1,13.161291,1.365794,7957,0,0
22420,9,1,2,13,1,13.161374,1.365811,7957,0,0
22430,19,1,2,23,1,13.161194,1.365757,7961,0,0
22440,19,3,2,25,1,13.164629,1.366103,7977,0,0
22450,15,2,0,18,1,13.169228,1.366715,7997,0,0
22460,16,3,4,24,1,13.174851,1.367326,8015,0,0
22470,15,2,2,20,1,13.177381,1.367547,8017,0,0
22480,13,1,1,16,1,13.179828,1.367866,8017,0,0
22490,7,3,3,14,1,13.180085,1.367876,8017,0,0
22500,14,0,0,15,1,13.182809,1.368092,8023,0,0
22510,5,0,1,7,1,13.180735,1.367822,8023,0,0
22520,6,1,1,9,1,13.180845,1.367867,8023,0,0
22530,8,0,0,9,1,13.177369,1.367528,8023,0,0
22540,0,0,0,0,0,13.173181,1.367152,8023,0,0
22550,3,0,0,4,1,13.168604,1.366622,8023,0,0
22560,2,1,1,5,1,13.164340,1.366214,8023,0,0
22570,0,0,0,1,1,13.159191,1.365769,8023,0,0
22580,6,0,1,8,1,13.155192,1.365319,8023,0,0
22590,1,1,0,3,1,13.150709,1.364818,8023,0,0
22600,0,0,0,0,0,13.146983,1.364547,8023,0,0
22610,6,0,1,8,1,13.143588,1.364165,8023,0,0
22620,10,0,3,14,1,13.142051,1.363951,8023,0,0
22630,15,0,3,19,1,13.138992,1.363605,8023,0,0
22640,17,2,3,23,1,13.141970,1.363860,8028,0,0
22650,8,3,4,16,1,13.145451,1.364205,8034,0,0
22660,6,2,0,9,1,13.143456,1.364025,8034,0,0
22670,2,0,0,3,1,13.139947,1.363744,8034,0,0
22680,0,0,0,1,1,13.139298,1.363716,8045,0,0
22690,20,3,4,28,1,13.141491,1.363915,8053,0,0
22700,14,4,2,21,1,13.146506,1.364537,8063,0,0
22710,7,0,2,10,1,13.148941,1.364780,8067,0,0
22720,9,0,2,12,1,13.149714,1.364806,8077,0,0
22730,10,0,0,11,1,13.150696,1.364867,8077,0,0
22740,3,0,0,4,1,13.149454,1.364702,8077,0,0
22750,0,0,0,0,0,13.146033,1.364406,8077,0,0
22760,15,4,3,23,1,13.146998,1.364415,8081,0,0
22770,0,0,0,0,0,13.147867,1.364575,8088,0,0
22780,13,0,2,16,1,13.145460,1.364291,8088,0,0
22790,11,3,1,16,1,13.149580,1.364720,8102,0,0
22800,10,2,2,15,1,13.149882,1.364791,8110,0,0
22810,1,0,0,2,1,13.149303,1.364739,8110,0,0
22820,0,0,0,0,0,13.146006,1.364412,8110,0,0
22830,2,0,1,4,1,13.146346,1.364443,8116,0,0
22840,13,4,1,19,1,13.146642,1.364445,8116,0,0
22850,15,0,2,18,1,13.150046,1.364763,8122,0,0
22860,11,1,1,14,1,13.153104,1.365139,8125,0,0
22870,18,4,1,24,1,13.154907,1.365272,8128,0,0
22880,17,3,3,24,1,13.159292,1.365705,8150,0,0
22890,9,0,0,10,1,13.163110,1.366208,8160,0,0
22900,12,1,2,16,1,13.163436,1.366238,8160,0,0
22910,9,4,2,16,1,13.164644,1.366366,8161,0,0
22920,15,1,4,21,1,13.167578,1.366666,8163,0,0
22930,8,0,1,10,1,13.171225,1.367121,8168,0,0
22940,0,0,0,1,1,13.166532,1.366698,8168,0,0
22950,16,0,3,20,1,13.165735,1.366506,8168,0,0
22960,11,3,0,15,1,13.168461,1.366841,8182,0,0
22970,19,2,2,24,1,13.171357,1.367119,8195,0,0
22980,11,4,1,17,1,13.175800,1.367600,8217,0,0
22990,2,2,1,6,1,13.172759,1.367330,8217,0,0
23000,14,0,3,18,1,13.170833,1.367101,8217,0,0
23010,5,1,1,8,1,13.173304,1.367274,8229,0,0
23020,13,0,0,14,1,13.170459,1.366956,8229,0,0
23030,7,2,0,10,1,13.172126,1.367076,8232,0,0
23040,19,1,4,25,1,13.173372,1.367096,8238,0,0
23050,14,3,5,23,1,13.177396,1.367528,8248,0,0
23060,10,5,0,16,1,13.179498,1.367810,8252,0,0
23070,18,4,4,27,1,13.183899,1.368177,8262,0,0
23080,13,3,1,18,1,13.187648,1.368685,8274,0,0
23090,20,2,1,24,1,13.186503,1.368519,8275,0,0
23100,4,0,2,7,1,13.187046,1.368664,8280,0,0
23110,3,0,0,4,1,13.183966,1.368309,8280,0,0
23120,2,0,0,3,1,13.180962,1.368031,8280,0,0
23130,7,3,3,14,1,13.178817,1.367841,8280,0,0
23140,1,0,0,2,1,13.174802,1.367500,8280,0,0
23150,8,1,0,10,1,13.170539,1.366986,8280,0,0
23160,0,0,2,3,1,13.167609,1.366690,8280,0,0
23170,16,4,1,22,1,13.165658,1.366459,8280,0,0
23180,7,0,2,10,1,13.165257,1.366426,8280,0,0
23190,1,0,0,2,1,13.162109,1.366070,8280,0,0
23200,9,1,2,13,1,13.159941,1.365823,8280,0,0
23210,2,0,0,3,1,13.156268,1.365499,8280,0,0
23220,0,0,0,0,0,13.151324,1.365055,8280,0,0
23230,10,0,1,12,1,13.147695,1.364650,8280,0,0
23240,1,0,0,2,1,13.145019,1.364423,8280,0,0
23250,14,2,4,21,1,13.143847,1.364316,8280,0,0
23260,9,1,2,13,1,13.144990,1.364449,8284,0,0
23270,15,3,0,19,1,13.146358,1.364550,8284,0,0
23280,18,2,3,24,1,13.147847,1.364621,8284,0,0
23290,9,1,1,12,1,13.150722,1.364904,8291,0,0
23300,10,0,0,11,1,13.147889,1.364600,8291,0,0
23310,15,1,2,19,1,13.151116,1.364919,8297,0,0
23320,6,1,0,8,1,13.152167,1.365066,8297,0,0
23330,17,2,1,21,1,13.155529,1.365344,8299,0,0
23340,9,2,2,14,1,13.159272,1.365729,8304,0,0
23350,7,1,0,9,1,13.157982,1.365585,8304,0,0
23360,7,0,0,8,1,13.154534,1.365229,8304,0,0
23370,10,1,3,15,1,13.155233,1.365250,8304,0,0
23380,7,1,2,11,1,13.153691,1.365146,8304,0,0
23390,1,1,0,3,1,13.149753,1.364764,8304,0,0
23400,3,0,1,5,1,13.146768,1.364480,8304,0,0
23410,6,1,3,11,1,13.144640,1.364207,8304,0,0
23420,13,0,2,16,1,13.142840,1.363986,8304,0,0
23430,0,0,0,1,1,13.144730,1.364154,8311,0,0
23440,2,1,0,4,1,13.141156,1.363834,8311,0,0
23450,9,1,2,13,1,13.138941,1.363516,8311,0,0
23460,20,3,1,25,1,13.140425,1.363768,8315,0,0
23470,6,0,0,7,1,13.143297,1.364111,8320,0,0
23480,19,5,4,29,1,13.147800,1.364556,8354,0,0
23490,15,2,1,19,1,13.152181,1.365158,8373,0,0
23500,18,3,3,25,1,13.155830,1.365563,8377,0,0
23510,8,2,2,13,1,13.159139,1.365944,8380,0,0
23520,19,3,3,26,1,13.157965,1.365794,8380,0,0
23530,20,1,4,26,1,13.163898,1.366460,8405,0,0
23540,8,0,0,9,1,13.165535,1.366662,8412,0,0
23550,2,0,1,4,1,13.163694,1.366503,8412,0,0
23560,17,3,3,24,1,13.166486,1.366711,8418,0,0
23570,16,3,1,21,1,13.169101,1.366997,8423,0,0
23580,9,1,1,12,1,13.172535,1.367457,8430,0,0
23590,12,1,2,16,1,13.175632,1.367793,8440,0,0
23600,14,3,1,19,1,13.177223,1.367966,8442,0,0
23610,5,0,3,9,1,13.178584,1.368001,8442,0,0
23620,4,0,0,5,1,13.175412,1.367680,8442,0,0
23630,6,0,2,9,1,13.171546,1.367250,8442,0,0
23640,2,1,2,6,1,13.167851,1.366905,8442,0,0
23650,4,0,0,5,1,13.165680,1.366700,8442,0,0
23660,10,1,0,12,1,13.162518,1.366367,8442,0,0
23670,8,0,1,10,1,13.163344,1.366437,8442,0,0
23680,12,3,2,18,1,13.161742,1.366237,8442,0,0
23690,20,3,6,30,1,13.162818,1.366267,8443,0,0
23700,20,1,5,27,1,13.169346,1.367018,8474,0,0
23710,15,1,0,17,1,13.172727,1.367329,8484,0,0
23720,14,1,1,17,1,13.174485,1.367496,8484,0,0
23730,9,4,4,18,1,13.176486,1.367706,8485,0,0
23740,5,1,0,7,1,13.174446,1.367580,8485,0,0
23750,4,1,1,7,1,13.171498,1.367329,8485,0,0
23760,19,1,1,22,1,13.169934,1.367127,8485,0,0
23770,1,2,0,4,1,13.168023,1.366979,8485,0,0
23780,10,0,1,12,1,13.165376,1.366759,8485,0,0
23790,3,1,0,5,1,13.163114,1.366449,8485,0,0
23800,0,2,0,3,1,13.160341,1.366175,8485,0,0
23810,0,1,0,2,1,13.156408,1.365846,8485,0,0
23820,4,0,1,6,1,13.151754,1.365466,8485,0,0
23830,7,1,1,10,1,13.148989,1.365145,8485,0,0
23840,12,2,1,16,1,13.145746,1.364840,8485,0,0
23850,8,1,2,12,1,13.148324,1.365098,8492,0,0
23860,2,0,2,5,1,13.148399,1.365078,8493,0,0
23870,20,1,1,23,1,13.150310,1.365177,8499,0,0
23880,13,2,1,17,1,13.154622,1.365674,8505,0,0
23890,3,0,0,4,1,13.152241,1.365387,8505,0,0
23900,3,1,0,5,1,13.149022,1.365061,8505,0,0
23910,3,0,0,4,1,13.145068,1.364700,8505,0,0
23920,15,3,1,20,1,13.144099,1.364601,8505,0,0
23930,6,0,2,9,1,13.145253,1.364830,8520,0,0
23940,3,2,0,6,1,13.143215,1.364525,8520,0,0
23950,16,0,0,17,1,13.140290,1.364158,8520,0,0
23960,0,0,0,1,1,13.137584,1.363938,8520,0,0
23970,10,0,2,13,1,13.133728,1.363552,8520,0,0
23980,9,1,0,11,1,13.136356,1.363803,8530,0,0
23990,6,1,2,10,1,13.134824,1.363652,8530,0,0
24000,17,2,2,22,1,13.138481,1.363962,8540,0,0
24010,9,1,2,13,1,13.141765,1.364382,8554,0,0
24020,6,0,3,10,1,13.138338,1.364034,8554,0,0
24030,17,4,4,26,1,13.141531,1.364367,8583,0,0
24040,5,0,1,7,1,13.142365,1.364532,8588,0,0
24050,17,1,4,23,1,13.143438,1.364545,8592,0,0
24060,8,0,2,11,1,13.141437,1.364328,8592,0,0
24070,1,1,1,4,1,13.139030,1.364103,8592,0,0
24080,3,0,1,5,1,13.134663,1.363670,8592,0,0
24090,19,3,6,29,1,13.132188,1.363356,8592,0,0
24100,7,2,1,11,1,13.135134,1.363681,8596,0,0
24110,0,0,0,0,0,13.134303,1.363532,8596,0,0
24120,4,1,0,6,1,13.131216,1.363243,8596,0,0
24130,3,0,0,4,1,13.127441,1.362847,8596,0,0
24140,5,0,2,8,1,13.124875,1.362530,8596,0,0
24150,1,1,0,3,1,13.121091,1.362139,8596,0,0
24160,0,0,0,0,0,13.117507,1.361821,8596,0,0
24170,0,0,0,1,1,13.114431,1.361463,8596,0,0
24180,9,2,1,13,1,13.113335,1.361334,8596,0,0
24190,3,0,1,5,1,13.110951,1.361170,8596,0,0
24200,10,1,3,15,1,13.110325,1.361089,8596,0,0
24210,8,1,0,10,1,13.107630,1.360794,8596,0,0
24220,3,1,1,6,1,13.106371,1.360601,8596,0,0
24230,18,5,2,26,1,13.104529,1.360318,8596,0,0
24240,19,1,6,27,1,13.109095,1.360852,8604,0,0
24250,8,2,0,11,1,13.112316,1.361247,8619,0,0
24260,0,0,0,1,1,13.109468,1.360982,8619,0,0
24270,18,4,2,25,1,13.106441,1.360617,8619,0,0
24280,14,2,1,18,1,13.110084,1.361044,8624,0,0
24290,19,1,4,25,1,13.112739,1.361217,8627,0,0
24300,13,1,1,16,1,13.116139,1.361566,8634,0,0
24310,9,0,2,12,1,13.117667,1.361732,8634,0,0
24320,12,0,0,13,1,13.117631,1.361661,8634,0,0
24330,13,1,2,17,1,13.120254,1.361912,8652,0,0
24340,16,3,1,21,1,13.122599,1.362087,8659,0,0
24350,2,0,1,4,1,13.122778,1.362137,8660,0,0
24360,16,1,5,23,1,13.124248,1.362199,8663,0,0
24370,18,1,1,21,1,13.127482,1.362507,8670,0,0
24380,20,0,2,23,1,13.130418,1.362861,8684,0,0
24390,15,3,4,23,1,13.134899,1.363328,8703,0,0
24400,20,3,5,29,1,13.137953,1.363635,8723,0,0
24410,20,3,0,24,1,13.142193,1.364077,8728,0,0
24420,15,3,1,20,1,13.144833,1.364324,8729,0,0
24430,6,2,2,11,1,13.143907,1.364224,8729,0,0
24440,19,3,4,27,1,13.146826,1.364523,8742,0,0
24450,15,1,2,19,1,13.149293,1.364810,8749,0,0
24460,0,0,0,1,1,13.147215,1.364701,8749,0,0
24470,13,3,2,19,1,13.144917,1.364412,8749,0,0
24480,10,0,1,12,1,13.147038,1.364634,8758,0,0
24490,8,0,2,11,1,13.145728,1.364495,8758,0,0
24500,20,1,3,25,1,13.147635,1.364648,8762,0,0
24510,12,4,3,20,1,13.151717,1.365155,8774,0,0
24520,13,2,5,21,1,13.152946,1.365250,8774,0,0
24530,5,1,2,9,1,13.152583,1.365231,8774,0,0
24540,4,0,1,6,1,13.153054,1.365277,8774,0,0
24550,11,4,1,17,1,13.152132,1.365154,8774,0,0
24560,3,0,0,4,1,13.150302,1.364943,8774,0,0
24570,3,0,0,4,1,13.147450,1.364620,8774,0,0
24580,7,0,1,9,1,13.144970,1.364330,8774,0,0
24590,14,4,0,19,1,13.145365,1.364241,8774,0,0
24600,15,1,2,19,1,13.146414,1.364305,8775,0,0
24610,18,1,1,21,1,13.149498,1.364656,8784,0,0
24620,7,1,0,9,1,13.151324,1.364813,8787,0,0
24630,15,2,1,19,1,13.151277,1.364770,8787,0,0
24640,4,0,2,7,1,13.152091,1.364868,8787,0,0
24650,0,0,0,0,0,13.148133,1.364477,8787,0,0
24660,11,2,0,14,1,13.146075,1.364248,8787,0,0
24670,0,0,0,0,0,13.142736,1.363915,8787,0,0
24680,9,4,0,14,1,13.139123,1.363474,8787,0,0
24690,1,0,0,2,1,13.138978,1.363449,8791,0,0
24700,0,0,0,0,0,13.135386,1.363101,8791,0,0
24710,3,0,0,4,1,13.131607,1.362706,8791,0,0
24720,12,3,2,18,1,13.129444,1.362420,8791,0,0
24730,20,6,1,28,1,13.133235,1.362759,8796,0,0
24740,20,3,2,26,1,13.136528,1.363074,8811,0,0
24750,4,1,0,6,1,13.134207,1.362864,8811,0,0
24760,14,1,1,17,1,13.132039,1.362561,8811,0,0
24770,9,1,0,11,1,13.132315,1.362626,8811,0,0
24780,20,1,0,22,1,13.133589,1.362715,8814,0,0
24790,19,1,3,24,1,13.133950,1.362697,8822,0,0
24800,8,2,1,12,1,13.135004,1.362826,8826,0,0
24810,0,0,0,0,0,13.131227,1.362533,8826,0,0
24820,16,0,0,17,1,13.127329,1.362148,8826,0,0
24830,14,1,1,17,1,13.130865,1.362494,8839,0,0
24840,14,2,0,17,1,13.131119,1.362517,8839,0,0
24850,18,3,2,24,1,13.132010,1.362498,8839,0,0
24860,10,1,1,13,1,13.135212,1.362849,8845,0,0
24870,19,1,6,27,1,13.134027,1.362688,8846,0,0
24880,7,4,1,13,1,13.133683,1.362621,8846,0,0
24890,11,4,3,19,1,13.133622,1.362577,8846,0,0
24900,17,2,2,22,1,13.137602,1.363066,8877,0,0
24910,16,1,8,26,1,13.141460,1.363468,8885,0,0
24920,10,1,2,14,1,13.144371,1.363818,8892,0,0
24930,9,0,1,11,1,13.142180,1.363576,8892,0,0
24940,7,0,0,8,1,13.140306,1.363406,8892,0,0
24950,16,1,2,20,1,13.141834,1.363567,8898,0,0
24960,7,0,1,9,1,13.143149,1.363757,8898,0,0
24970,9,1,0,11,1,13.140134,1.363480,8898,0,0
24980,8,2,1,12,1,13.140724,1.363600,8898,0,0
24990,9,1,0,11,1,13.143768,1.363895,8904,0,0
25000,1,0,1,3,1,13.140572,1.363633,8904,0,0
25010,11,2,5,19,1,13.141926,1.363680,8910,0,0
25020,13,1,4,19,1,13.145048,1.363949,8910,0,0
25030,6,0,0,7,1,13.143971,1.363891,8910,0,0
25040,10,1,1,13,1,13.141644,1.363623,8910,0,0
25050,16,1,0,18,1,13.140413,1.363418,8910,0,0
25060,20,4,4,29,1,13.144385,1.363838,8934,0,0
25070,13,3,1,18,1,13.148631,1.364337,8945,0,0
25080,13,3,3,20,1,13.151610,1.364570,8947,0,0
25090,17,2,2,22,1,13.154365,1.364829,8959,0,0
25100,2,0,0,3,1,13.154576,1.364904,8961,0,0
25110,18,4,3,26,1,13.156669,1.365016,8963,0,0
25120,8,2,0,11,1,13.155337,1.364970,8972,0,0
25130,17,3,3,24,1,13.158466,1.365246,8978,0,0
25140,5,2,0,8,1,13.159867,1.365400,8980,0,0
25150,18,2,4,25,1,13.160535,1.365403,8980,0,0
25160,2,0,0,3,1,13.160813,1.365480,8986,0,0
25170,0,0,0,1,1,13.157853,1.365208,8986,0,0
25180,1,0,0,2,1,13.155728,1.365018,8986,0,0
25190,7,0,1,9,1,13.152130,1.364658,8986,0,0
25200,0,0,0,0,0,13.148546,1.364316,8986,0,0
25210,1,0,1,3,1,13.145738,1.363999,8986,0,0
25220,0,0,0,0,0,13.141425,1.363660,8986,0,0
25230,0,0,1,2,1,13.137466,1.363235,8986,0,0
25240,15,2,0,18,1,13.135509,1.362944,8986,0,0
25250,1,0,0,2,1,13.135868,1.363028,8989,0,0
25260,6,1,0,8,1,13.132507,1.362704,8989,0,0
25270,4,0,0,5,1,13.133676,1.362811,8989,0,0
25280,15,2,3,21,1,13.134142,1.362833,8989,0,0
25290,16,3,0,20,1,13.135858,1.362968,8989,0,0
25300,20,4,6,31,1,13.139843,1.363451,9009,0,0
25310,13,1,4,19,1,13.143826,1.363855,9032,0,0
25320,19,2,3,25,1,13.146909,1.364088,9033,0,0
25330,5,1,0,7,1,13.148361,1.364313,9042,0,0
25340,1,0,0,2,1,13.145183,1.364030,9042,0,0
25350,1,0,0,2,1,13.141303,1.363641,9042,0,0
25360,5,1,0,7,1,13.138245,1.363337,9042,0,0
25370,6,1,0,8,1,13.136192,1.363126,9042,0,0
25380,17,1,2,21,1,13.136599,1.363098,9043,0,0
25390,5,0,0,6,1,13.135302,1.362960,9043,0,0
25400,6,2,0,9,1,13.134359,1.362875,9043,0,0
25410,0,0,0,1,1,13.130386,1.362537,9043,0,0
25420,4,2,1,8,1,13.126684,1.362116,9043,0,0
25430,19,3,3,26,1,13.127832,1.362221,9058,0,0
25440,12,0,2,15,1,13.131160,1.362635,9077,0,0
25450,9,4,2,16,1,13.132400,1.362765,9077,0,0
25460,5,0,0,6,1,13.130502,1.362654,9077,0,0
25470,12,1,0,14,1,13.127164,1.362309,9077,0,0
25480,20,4,3,28,1,13.128818,1.362428,9079,0,0
25490,18,3,0,22,1,13.132289,1.362845,9085,0,0
25500,17,2,1,21,1,13.134953,1.363185,9089,0,0
25510,16,0,0,17,1,13.134623,1.363191,9089,0,0
25520,16,5,6,28,1,13.138969,1.363683,9108,0,0
25530,13,6,1,21,1,13.142141,1.364042,9110,0,0
25540,14,0,1,16,1,13.143633,1.364249,9112,0,0
25550,14,0,4,19,1,13.145234,1.364334,9115,0,0
25560,19,5,2,27,1,13.149864,1.364794,9136,0,0
25570,7,2,0,10,1,13.153358,1.365214,9148,0,0
25580,1,0,0,2,1,13.152132,1.365111,9148,0,0
25590,4,0,0,5,1,13.148698,1.364828,9148,0,0
25600,0,2,1,4,1,13.144705,1.364443,9148,0,0
25610,3,0,1,5,1,13.142403,1.364173,9148,0,0
25620,8,1,1,11,1,13.138338,1.363786,9148,0,0
25630,16,3,1,21,1,13.136349,1.363515,9148,0,0
25640,11,2,5,19,1,13.138837,1.363864,9157,0,0
25650,18,2,3,24,1,13.142442,1.364190,9164,0,0
25660,1,0,0,2,1,13.141437,1.364237,9169,0,0
25670,0,0,0,0,0,13.137961,1.363916,9169,0,0
25680,9,0,1,11,1,13.134401,1.363576,9169,0,0
25690,19,2,2,24,1,13.134537,1.363592,9170,0,0
25700,6,2,1,10,1,13.134895,1.363697,9173,0,0
25710,15,3,2,21,1,13.137477,1.363945,9179,0,0
25720,19,3,3,26,1,13.142343,1.364496,9194,0,0
25730,17,2,1,21,1,13.145636,1.364889,9202,0,0
25740,18,6,1,26,1,13.149431,1.365279,9202,0,0
25750,0,0,2,3,1,13.150385,1.365446,9207,0,0
25760,5,1,1,8,1,13.148239,1.365197,9207,0,0
25770,6,0,0,7,1,13.148059,1.365158,9207,0,0
25780,4,0,0,5,1,13.146144,1.364967,9207,0,0
25790,9,0,1,11,1,13.142705,1.364562,9207,0,0
25800,11,3,1,16,1,13.141334,1.364410,9207,0,0
25810,3,2,0,6,1,13.139890,1.364257,9207,0,0
25820,20,2,1,24,1,13.137631,1.363931,9207,0,0
25830,17,2,4,24,1,13.141286,1.364328,9215,0,0
25840,13,1,2,17,1,13.143035,1.364517,9217,0,0
25850,11,0,2,14,1,13.144528,1.364646,9217,0,0
25860,10,2,0,13,1,13.145638,1.364681,9217,0,0
25870,20,3,2,26,1,13.148492,1.364979,9219,0,0
25880,0,0,0,1,1,13.146706,1.364894,9221,0,0
25890,20,2,2,25,1,13.146379,1.364785,9228,0,0
25900,13,0,1,15,1,13.149209,1.365119,9238,0,0
25910,7,1,2,11,1,13.148841,1.365105,9238,0,0
25920,19,2,3,25,1,13.150784,1.365286,9251,0,0
25930,16,3,4,24,1,13.155120,1.365749,9253,0,0
25940,15,1,2,19,1,13.156442,1.365943,9264,0,0
25950,18,3,1,23,1,13.159201,1.366198,9270,0,0
25960,4,2,0,7,1,13.161806,1.366465,9279,0,0
25970,19,4,1,25,1,13.161211,1.366356,9283,0,0
25980,4,2,0,7,1,13.161588,1.366369,9292,0,0
25990,2,0,0,3,1,13.159399,1.366177,9292,0,0
26000,16,4,2,23,1,13.159015,1.366073,9293,0,0
26010,0,0,0,1,1,13.156753,1.365862,9293,0,0
26020,20,5,4,30,1,13.157756,1.365864,9303,0,0
26030,14,5,3,23,1,13.162167,1.366259,9312,0,0
26040,8,0,3,12,1,13.165880,1.366711,9327,0,0
26050,10,1,2,14,1,13.165054,1.366627,9327,0,0
26060,14,1,1,17,1,13.162211,1.366312,9327,0,0
26070,17,4,0,22,1,13.165173,1.366643,9341,0,0
26080,15,3,2,21,1,13.167931,1.367051,9355,0,0
26090,15,2,0,18,1,13.171080,1.367325,9360,0,0
26100,17,2,3,23,1,13.174019,1.367572,9361,0,0
26110,20,0,6,27,1,13.178599,1.368066,9372,0,0
26120,10,1,0,12,1,13.180175,1.368335,9378,0,0
26130,5,0,0,6,1,13.176866,1.368026,9378,0,0
26140,0,0,0,1,1,13.172942,1.367696,9378,0,0
26150,5,2,1,9,1,13.169161,1.367305,9378,0,0
26160,17,1,2,21,1,13.169916,1.367315,9381,0,0
26170,4,0,0,5,1,13.170620,1.367411,9381,0,0
26180,0,0,0,0,0,13.167487,1.367142,9381,0,0
26190,1,1,0,3,1,13.165690,1.366984,9381,0,0
26200,7,1,0,9,1,13.162274,1.366593,9381,0,0
26210,14,2,0,17,1,13.161365,1.366452,9381,0,0
26220,4,1,1,7,1,13.161072,1.366358,9381,0,0
26230,6,0,1,8,1,13.162509,1.366450,9389,0,0
26240,18,2,0,21,1,13.163711,1.366582,9389,0,0
26250,10,1,0,12,1,13.165561,1.366786,9397,0,0
26260,16,0,3,20,1,13.164614,1.366657,9397,0,0
26270,18,1,1,21,1,13.166913,1.366881,9400,0,0
26280,19,3,2,25,1,13.170731,1.367269,9422,0,0
26290,20,0,1,22,1,13.174264,1.367718,9445,0,0
26300,7,2,2,12,1,13.175834,1.367861,9462,0,0
26310,18,1,1,21,1,13.175988,1.367798,9471,0,0
26320,18,3,2,24,1,13.179202,1.368090,9482,0,0
26330,13,2,0,16,1,13.181748,1.368378,9484,0,0
26340,11,1,1,14,1,13.182451,1.368399,9484,0,0
26350,12,1,1,15,1,13.182781,1.368430,9484,0,0
26360,5,0,0,6,1,13.181075,1.368292,9484,0,0
26370,0,0,0,0,0,13.178683,1.368110,9484,0,0
26380,8,1,2,12,1,13.176600,1.367880,9484,0,0
26390,8,2,1,12,1,13.175044,1.367709,9484,0,0
26400,13,3,4,21,1,13.174003,1.367479,9484,0,0
26410,18,2,1,22,1,13.176862,1.367751,9496,0,0
26420,19,1,2,23,1,13.180647,1.368162,9510,0,0
26430,8,1,1,11,1,13.181311,1.368297,9510,0,0
26440,11,3,3,18,1,13.182331,1.368329,9510,0,0
26450,16,0,2,19,1,13.186017,1.368671,9514,0,0
26460,6,0,0,7,1,13.185436,1.368666,9515,0,0
26470,0,0,0,0,0,13.182619,1.368381,9515,0,0
26480,10,0,1,12,1,13.180518,1.368164,9515,0,0
26490,3,0,1,5,1,13.177444,1.367863,9515,0,0
26500,3,0,0,4,1,13.173650,1.367530,9515,0,0
26510,14,0,2,17,1,13.171769,1.367256,9517,0,0
26520,15,5,4,25,1,13.175808,1.367635,9527,0,0
26530,7,0,1,9,1,13.178769,1.367976,9545,0,0
26540,13,0,2,16,1,13.177752,1.367808,9545,0,0
26550,18,1,3,23,1,13.177119,1.367642,9550,0,0
26560,14,3,1,19,1,13.178193,1.367766,9551,0,0
26570,15,4,1,21,1,13.181399,1.368149,9576,0,0
26580,11,4,0,16,1,13.183877,1.368328,9581,0,0
26590,15,6,3,25,1,13.187644,1.368732,9589,0,0
26600,15,1,1,18,1,13.190227,1.368970,9605,0,0
26610,16,3,2,22,1,13.191310,1.369073,9607,0,0
26620,7,1,0,9,1,13.190028,1.368995,9607,0,0
26630,1,1,0,3,1,13.185907,1.368687,9607,0,0
26640,0,0,0,0,0,13.183583,1.368447,9607,0,0
26650,15,0,3,19,1,13.181961,1.368190,9607,0,0
26660,12,1,2,16,1,13.185301,1.368555,9615,0,0
26670,19,1,3,24,1,13.186650,1.368665,9623,0,0
26680,4,0,0,5,1,13.185561,1.368521,9625,0,0
26690,6,0,0,7,1,13.184058,1.368314,9625,0,0
26700,2,0,0,3,1,13.181220,1.368075,9625,0,0
26710,10,0,2,13,1,13.180047,1.367896,9625,0,0
26720,19,3,4,27,1,13.182648,1.368200,9640,0,0
26730,14,1,1,17,1,13.184625,1.368375,9644,0,0
26740,4,2,1,8,1,13.182820,1.368222,9644,0,0
26750,15,3,3,22,1,13.183220,1.368270,9646,0,0
26760,13,2,3,19,1,13.187605,1.368738,9671,0,0
26770,12,1,0,14,1,13.190067,1.368995,9680,0,0
26780,12,1,2,16,1,13.189101,1.368902,9680,0,0
26790,0,0,0,0,0,13.185991,1.368661,9680,0,0
26800,0,0,0,0,0,13.182038,1.368289,9680,0,0
26810,12,4,2,19,1,13.183314,1.368418,9680,0,0
26820,6,0,0,7,1,13.183864,1.368498,9680,0,0
26830,4,0,2,7,1,13.179547,1.368126,9680,0,0
26840,2,1,0,4,1,13.175348,1.367798,9680,0,0
26850,3,0,0,4,1,13.172314,1.367474,9680,0,0
26860,13,3,0,17,1,13.171037,1.367237,9680,0,0
26870,12,3,3,19,1,13.173777,1.367561,9693,0,0
26880,11,4,0,16,1,13.175853,1.367815,9700,0,0
26890,13,0,2,16,1,13.178145,1.368060,9708,0,0
26900,17,5,4,27,1,13.178681,1.368112,9709,0,0
26910,19,2,6,28,1,13.182996,1.368604,9717,0,0
26920,11,1,2,15,1,13.184339,1.368756,9717,0,0
26930,20,3,3,27,1,13.187992,1.369147,9735,0,0
26940,20,0,2,23,1,13.190748,1.369461,9746,0,0
26950,4,0,2,7,1,13.189152,1.369292,9748,0,0
26960,10,1,1,13,1,13.190534,1.369421,9751,0,0
26970,9,0,3,13,1,13.191895,1.369533,9762,0,0
26980,1,0,0,2,1,13.188972,1.369273,9762,0,0
26990,13,0,0,14,1,13.187082,1.369073,9762,0,0
27000,11,2,1,15,1,13.187685,1.369106,9762,0,0
27010,15,2,1,19,1,13.188051,1.369088,9762,0,0
27020,5,1,0,7,1,13.187812,1.369101,9762,0,0
27030,2,0,1,4,1,13.186108,1.368816,9762,0,0
27040,5,0,2,8,1,13.185525,1.368747,9762,0,0
27050,10,2,1,14,1,13.183044,1.368459,9762,0,0
27060,20,1,6,28,1,13.184072,1.368526,9763,0,0
27070,17,1,0,19,1,13.184120,1.368501,9769,0,0
27080,7,0,1,9,1,13.182509,1.368351,9769,0,0
27090,13,2,0,16,1,13.184790,1.368564,9770,0,0
27100,17,3,4,25,1,13.186526,1.368651,9770,0,0
27110,0,0,0,0,0,13.186503,1.368735,9771,0,0
27120,0,0,0,0,0,13.183273,1.368359,9771,0,0
27130,6,1,1,9,1,13.179901,1.368016,9771,0,0
27140,19,2,2,24,1,13.181481,1.368198,9785,0,0
27150,13,2,4,20,1,13.182586,1.368293,9788,0,0
27160,0,0,0,0,0,13.183208,1.368428,9791,0,0
27170,5,0,0,6,1,13.179796,1.368054,9791,0,0
27180,13,4,0,18,1,13.180252,1.368072,9791,0,0
27190,8,1,0,10,1,13.180761,1.368069,9793,0,0
27200,13,3,3,20,1,13.179715,1.367926,9793,0,0
27210,20,1,4,26,1,13.183890,1.368377,9807,0,0
27220,9,0,0,10,1,13.186086,1.368659,9817,0,0
27230,3,0,0,4,1,13.182313,1.368279,9817,0,0
27240,3,1,0,5,1,13.179403,1.367948,9817,0,0
27250,14,0,1,16,1,13.179698,1.367964,9822,0,0
27260,5,0,0,6,1,13.178049,1.367806,9822,0,0
27270,8,2,1,12,1,13.178871,1.367893,9822,0,0
27280,11,0,1,13,1,13.180285,1.368052,9824,0,0
27290,4,2,0,7,1,13.177096,1.367748,9824,0,0
27300,6,2,2,11,1,13.177762,1.367825,9835,0,0
27310,13,3,0,17,1,13.180152,1.368038,9844,0,0
27320,8,1,2,12,1,13.182274,1.368224,9844,0,0
27330,17,1,3,22,1,13.184833,1.368439,9845,0,0
27340,13,3,3,20,1,13.185832,1.368623,9848,0,0
27350,6,0,0,7,1,13.186433,1.368697,9849,0,0
27360,9,4,1,15,1,13.185785,1.368616,9849,0,0
27370,8,0,1,10,1,13.184967,1.368491,9849,0,0
27380,7,2,0,10,1,13.183158,1.368280,9849,0,0
27390,14,3,2,20,1,13.184506,1.368395,9851,0,0
27400,20,0,1,22,1,13.185228,1.368488,9851,0,0
27410,17,5,2,25,1,13.189073,1.368852,9865,0,0
27420,19,3,2,25,1,13.193283,1.369286,9886,0,0
27430,18,2,3,24,1,13.195988,1.369589,9901,0,0
27440,4,1,0,6,1,13.196855,1.369717,9901,0,0
27450,12,7,1,21,1,13.195716,1.369549,9901,0,0
27460,6,3,0,10,1,13.197367,1.369748,9904,0,0
27470,16,6,0,23,1,13.200322,1.370119,9923,0,0
27480,8,1,3,13,1,13.201895,1.370408,9935,0,0
27490,11,1,1,14,1,13.203379,1.370600,9935,0,0
27500,20,2,1,24,1,13.204393,1.370707,9935,0,0
27510,19,2,5,27,1,13.207997,1.371057,9939,0,0
27520,4,1,1,7,1,13.209632,1.371249,9940,0,0
27530,9,1,2,13,1,13.207500,1.370978,9940,0,0
27540,17,1,0,19,1,13.208254,1.371006,9941,0,0
27550,10,2,1,14,1,13.210854,1.371319,9948,0,0
27560,0,0,0,1,1,13.208193,1.371045,9948,0,0
27570,16,0,1,18,1,13.205953,1.370680,9948,0,0
27580,13,1,4,19,1,13.206474,1.370741,9948,0,0
27590,8,1,1,11,1,13.208008,1.370927,9953,0,0
27600,0,0,0,1,1,13.206119,1.370826,9953,0,0
27610,18,0,2,21,1,13.204613,1.370589,9953,0,0
27620,12,4,3,20,1,13.206403,1.370812,9956,0,0
27630,15,2,0,18,1,13.207580,1.370875,9956,0,0
27640,6,2,1,10,1,13.209745,1.371116,9974,0,0
27650,2,0,0,3,1,13.207568,1.370959,9974,0,0
27660,16,6,1,24,1,13.206807,1.370820,9974,0,0
27670,12,5,2,20,1,13.210592,1.371251,9992,0,0
27680,18,7,4,30,1,13.214900,1.371684,10007,0,0
27690,9,6,1,17,1,13.218604,1.372071,10019,0,0
27700,8,1,1,11,1,13.221828,1.372433,10024,0,0
27710,7,0,0,8,1,13.220654,1.372302,10024,0,0
27720,4,0,0,5,1,13.218142,1.372043,10024,0,0
27730,2,0,0,3,1,13.215342,1.371790,10024,0,0
27740,3,2,1,7,1,13.213323,1.371531,10024,0,0
27750,13,0,1,15,1,13.210909,1.371231,10024,0,0
27760,7,1,1,10,1,13.213408,1.371533,10038,0,0
27770,12,1,1,15,1,13.214474,1.371625,10039,0,0
27780,20,2,2,25,1,13.216809,1.371910,10040,0,0
27790,0,0,0,1,1,13.214761,1.371725,10040,0,0
27800,1,0,0,2,1,13.211078,1.371360,10040,0,0
27810,6,0,1,8,1,13.208945,1.371140,10040,0,0
27820,14,4,0,19,1,13.206979,1.370943,10040,0,0
27830,10,3,1,15,1,13.209943,1.371262,10045,0,0
27840,11,2,2,16,1,13.210432,1.371264,10045,0,0
27850,20,1,2,24,1,13.214570,1.371705,10061,0,0
27860,16,1,3,21,1,13.215809,1.371836,10062,0,0
27870,4,0,0,5,1,13.213015,1.371603,10062,0,0
27880,5,0,0,6,1,13.210270,1.371295,10062,0,0
27890,2,0,1,4,1,13.206674,1.370964,10062,0,0
27900,0,0,0,1,1,13.203450,1.370616,10062,0,0
27910,0,1,0,2,1,13.200963,1.370410,10062,0,0
27920,7,1,0,9,1,13.198121,1.370061,10062,0,0
27930,10,0,0,11,1,13.196133,1.369780,10062,0,0
27940,9,0,1,11,1,13.197799,1.369878,10065,0,0
27950,6,0,0,7,1,13.197076,1.369754,10071,0,0
27960,6,0,1,8,1,13.193688,1.369394,10071,0,0
27970,3,0,0,4,1,13.190336,1.369063,10071,0,0
27980,10,0,1,12,1,13.188730,1.368857,10071,0,0
27990,8,0,1,10,1,13.187510,1.368697,10071,0,0
28000,12,2,0,15,1,13.189272,1.368892,10074,0,0
28010,14,1,0,16,1,13.188963,1.368882,10074,0,0
28020,1,0,0,2,1,13.188225,1.368797,10074,0,0
28030,5,0,0,6,1,13.185665,1.368533,10074,0,0
28040,2,2,1,6,1,13.183693,1.368300,10074,0,0
28050,9,6,0,16,1,13.183607,1.368211,10074,0,0
28060,11,4,1,17,1,13.183039,1.368144,10074,0,0
28070,4,0,0,5,1,13.180679,1.367861,10074,0,0
28080,6,1,1,9,1,13.176811,1.367481,10074,0,0
28090,12,0,1,14,1,13.177679,1.367553,10074,0,0
28100,11,2,0,14,1,13.176290,1.367421,10074,0,0
28110,10,1,0,12,1,13.174075,1.367193,10074,0,0
28120,6,1,1,9,1,13.170733,1.366893,10074,0,0
28130,0,1,0,2,1,13.171774,1.367094,10079,0,0
28140,8,2,1,12,1,13.169269,1.366770,10079,0,0
28150,3,0,0,4,1,13.165796,1.366467,10079,0,0
28160,2,1,1,5,1,13.163051,1.366128,10079,0,0
28170,7,2,0,10,1,13.161851,1.365985,10079,0,0
28180,7,1,2,11,1,13.160013,1.365841,10079,0,0
28190,6,0,1,8,1,13.159489,1.365829,10079,0,0
28200,20,4,3,28,1,13.160319,1.365867,10092,0,0
28210,20,5,2,28,1,13.164848,1.366454,10124,0,0
28220,7,0,0,8,1,13.167486,1.366840,10141,0,0
28230,9,1,1,12,1,13.167535,1.366842,10141,0,0
28240,20,2,2,25,1,13.168349,1.366908,10146,0,0
28250,15,1,6,23,1,13.172587,1.367335,10169,0,0
28260,11,0,2,14,1,13.173537,1.367385,10169,0,0
28270,17,2,5,25,1,13.177656,1.367814,10177,0,0
28280,20,3,2,26,1,13.180625,1.368124,10187,0,0
28290,3,1,1,6,1,13.179628,1.368067,10188,0,0
28300,19,6,4,30,1,13.179610,1.367972,10194,0,0
28310,7,0,2,10,1,13.183704,1.368519,10229,0,0
28320,6,0,0,7,1,13.181156,1.368316,10229,0,0
28330,1,0,0,2,1,13.177930,1.368098,10229,0,0
28340,13,4,2,20,1,13.177662,1.368077,10229,0,0
28350,1,0,0,2,1,13.176409,1.367969,10229,0,0
28360,2,0,0,3,1,13.173167,1.367654,10229,0,0
28370,9,3,2,15,1,13.170890,1.367384,10229,0,0
28380,19,2,0,22,1,13.171613,1.367455,10230,0,0
28390,6,1,2,10,1,13.172778,1.367643,10232,0,0
28400,9,1,0,11,1,13.170109,1.367388,10232,0,0
28410,11,2,3,17,1,13.169108,1.367265,10232,0,0
28420,17,2,4,24,1,13.172702,1.367590,10238,0,0
28430,15,6,1,23,1,13.176596,1.367996,10249,0,0
28440,11,1,0,13,1,13.180000,1.368341,10267,0,0
28450,12,1,2,16,1,13.181548,1.368493,10267,0,0
28460,16,0,3,20,1,13.183337,1.368661,10269,0,0
28470,14,4,1,20,1,13.182758,1.368572,10269,0,0
28480,8,0,2,11,1,13.183845,1.368702,10271,0,0
28490,14,0,2,17,1,13.182627,1.368607,10271,0,0
28500,7,1,0,9,1,13.181745,1.368611,10271,0,0
28510,0,0,0,0,0,13.178383,1.368393,10271,0,0
28520,3,1,0,5,1,13.174360,1.368032,10271,0,0
28530,0,0,0,1,1,13.171030,1.367738,10271,0,0
28540,15,2,1,19,1,13.169324,1.367497,10271,0,0
28550,17,3,1,22,1,13.170600,1.367616,10276,0,0
28560,10,0,2,13,1,13.171778,1.367790,10293,0,0
28570,18,1,2,22,1,13.171965,1.367721,10294,0,0
28580,16,0,3,20,1,13.175255,1.368040,10298,0,0
28590,8,1,1,11,1,13.174554,1.367968,10299,0,0
28600,3,1,0,5,1,13.175426,1.368046,10303,0,0
28610,19,2,2,24,1,13.178751,1.368377,10334,0,0
28620,15,3,2,21,1,13.181676,1.368663,10343,0,0
28630,8,0,2,11,1,13.181696,1.368741,10344,0,0
28640,2,0,1,4,1,13.180676,1.368671,10344,0,0
28650,11,1,0,13,1,13.178548,1.368422,10344,0,0
28660,15,1,0,17,1,13.176118,1.368186,10344,0,0
28670,13,2,0,16,1,13.175432,1.368052,10344,0,0
28680,1,0,0,2,1,13.175043,1.368018,10344,0,0
28690,17,1,2,21,1,13.175399,1.368017,10349,0,0
28700,6,1,0,8,1,13.174862,1.367973,10349,0,0
28710,4,1,1,7,1,13.171700,1.367680,10349,0,0
28720,5,1,1,8,1,13.168772,1.367328,10349,0,0
28730,1,0,0,2,1,13.166605,1.367105,10349,0,0
28740,0,0,0,0,0,13.164484,1.366911,10349,0,0
28750,4,1,0,6,1,13.162972,1.366721,10349,0,0
28760,7,0,1,9,1,13.159670,1.366414,10349,0,0
28770,1,1,0,3,1,13.157637,1.366234,10349,0,0
28780,0,1,0,2,1,13.153939,1.365842,10349,0,0
28790,6,0,1,8,1,13.150758,1.365523,10349,0,0
28800,19,2,3,25,1,13.151838,1.365607,10351,0,0
28810,14,6,4,25,1,13.155895,1.366030,10363,0,0
28820,14,2,2,19,1,13.158731,1.366321,10367,0,0
28830,7,0,1,9,1,13.157897,1.366255,10367,0,0
28840,3,1,1,6,1,13.154164,1.365928,10367,0,0
28850,0,0,0,1,1,13.150630,1.365617,10367,0,0
28860,17,2,5,25,1,13.151606,1.365626,10375,0,0
28870,13,1,2,17,1,13.155002,1.366064,10396,0,0
28880,0,2,1,4,1,13.153417,1.365920,10396,0,0
28890,0,1,0,2,1,13.152552,1.365871,10396,0,0
28900,8,1,1,11,1,13.149342,1.365569,10396,0,0
28910,9,1,0,11,1,13.147020,1.365285,10396,0,0
28920,4,0,1,6,1,13.144417,1.365075,10396,0,0
28930,17,1,5,24,1,13.146432,1.365217,10401,0,0
28940,3,2,0,6,1,13.147588,1.365348,10410,0,0
28950,0,0,0,1,1,13.143900,1.365026,10410,0,0
28960,4,0,0,5,1,13.140276,1.364675,10410,0,0
28970,16,1,1,19,1,13.139331,1.364515,10410,0,0
28980,18,1,1,21,1,13.141838,1.364777,10416,0,0
28990,10,1,1,13,1,13.143946,1.365080,10433,0,0
29000,6,4,2,13,1,13.142860,1.364964,10433,0,0
29010,4,1,0,6,1,13.140826,1.364808,10433,0,0
29020,0,1,0,2,1,13.137853,1.364437,10433,0,0
29030,19,2,2,24,1,13.135509,1.364136,10433,0,0
29040,6,1,1,9,1,13.138268,1.364478,10452,0,0
29050,4,0,0,5,1,13.135557,1.364154,10452,0,0
29060,11,0,2,14,1,13.134588,1.363991,10452,0,0
29070,12,1,1,15,1,13.135649,1.364088,10460,0,0
29080,20,1,1,23,1,13.137200,1.364309,10467,0,0
29090,12,3,3,19,1,13.139382,1.364508,10484,0,0
29100,3,2,1,7,1,13.138162,1.364392,10484,0,0
29110,3,0,0,4,1,13.136166,1.364211,10484,0,0
29120,9,2,0,12,1,13.133527,1.363943,10484,0,0
29130,8,2,0,11,1,13.133827,1.363942,10484,0,0
29140,15,3,2,21,1,13.135316,1.364064,10489,0,0
29150,18,3,2,24,1,13.138371,1.364353,10502,0,0
29160,12,1,1,15,1,13.141415,1.364749,10509,0,0
29170,19,4,4,28,1,13.144908,1.365142,10511,0,0
29180,17,3,2,23,1,13.148645,1.365512,10527,0,0
29190,13,3,2,19,1,13.151108,1.365755,10530,0,0
29200,1,0,0,2,1,13.150885,1.365767,10530,0,0
29210,1,0,0,2,1,13.148144,1.365547,10530,0,0
29220,11,1,1,14,1,13.147220,1.365384,10530,0,0
29230,10,4,2,17,1,13.147409,1.365342,10530,0,0
29240,11,3,0,15,1,13.149104,1.365558,10537,0,0
29250,9,1,2,13,1,13.148685,1.365536,10537,0,0
29260,4,0,0,5,1,13.147292,1.365368,10537,0,0
29270,0,0,0,1,1,13.144209,1.365088,10537,0,0
29280,0,0,0,1,1,13.141872,1.364881,10537,0,0
29290,13,0,1,15,1,13.140161,1.364651,10537,0,0
29300,17,3,3,24,1,13.142189,1.364771,10541,0,0
29310,12,1,3,17,1,13.144462,1.365057,10542,0,0
29320,13,1,2,17,1,13.143531,1.364914,10542,0,0
29330,13,2,0,16,1,13.144805,1.364970,10542,0,0
29340,10,2,1,14,1,13.145073,1.364941,10542,0,0
29350,14,4,3,22,1,13.147303,1.365111,10544,0,0
29360,20,1,5,27,1,13.151490,1.365543,10563,0,0
29370,17,1,1,20,1,13.155215,1.365965,10577,0,0
29380,10,0,0,11,1,13.154920,1.365941,10577,0,0
29390,15,1,2,19,1,13.153198,1.365783,10577,0,0
29400,3,1,1,6,1,13.155302,1.366012,10595,0,0
29410,1,0,1,3,1,13.153915,1.365831,10595,0,0
29420,5,1,0,7,1,13.152849,1.365664,10595,0,0
29430,10,0,4,15,1,13.152693,1.365606,10596,0,0
29440,16,2,2,21,1,13.151704,1.365529,10597,0,0
29450,15,2,4,22,1,13.155163,1.365841,10616,0,0
29460,6,0,3,10,1,13.155653,1.365879,10616,0,0
29470,10,1,0,12,1,13.154195,1.365657,10616,0,0
29480,5,0,0,6,1,13.153409,1.365592,10616,0,0
29490,4,1,1,7,1,13.151510,1.365362,10616,0,0
29500,2,0,0,3,1,13.149248,1.365144,10616,0,0
29510,11,0,2,14,1,13.148760,1.365070,10616,0,0
29520,14,2,2,19,1,13.148871,1.365074,10620,0,0
29530,6,1,1,9,1,13.149657,1.365176,10621,0,0
29540,16,1,3,21,1,13.150431,1.365201,10621,0,0
29550,5,2,0,8,1,13.149957,1.365167,10621,0,0
29560,1,0,0,2,1,13.147392,1.364874,10621,0,0
29570,11,0,0,12,1,13.144994,1.364559,10621,0,0
29580,16,0,1,18,1,13.146615,1.364691,10622,0,0
29590,12,2,3,18,1,13.150186,1.365039,10634,0,0
29600,10,1,3,15,1,13.150796,1.365056,10634,0,0
29610,12,2,1,16,1,13.151970,1.365141,10634,0,0
29620,9,0,2,12,1,13.150211,1.364860,10634,0,0
29630,13,1,1,16,1,13.151092,1.364877,10634,0,0
29640,13,0,0,14,1,13.151180,1.364892,10634,0,0
29650,18,0,2,21,1,13.153037,1.365053,10635,0,0
29660,7,1,0,9,1,13.153189,1.365114,10637,0,0
29670,13,2,1,17,1,13.152157,1.364975,10637,0,0
29680,20,1,2,24,1,13.152308,1.364973,10637,0,0
29690,4,0,1,6,1,13.150468,1.364860,10637,0,0
29700,20,4,2,27,1,13.148807,1.364594,10637,0,0
29710,5,0,1,7,1,13.150054,1.364725,10643,0,0
29720,0,0,0,1,1,13.147169,1.364509,10643,0,0
29730,4,0,0,5,1,13.145249,1.364287,10643,0,0
29740,15,3,0,19,1,13.143694,1.364018,10643,0,0
29750,9,1,2,13,1,13.143994,1.363975,10644,0,0
29760,6,1,2,10,1,13.144798,1.364022,10645,0,0
29770,12,0,2,15,1,13.143335,1.363796,10645,0,0
29780,0,0,0,0,0,13.141627,1.363673,10645,0,0
29790,6,1,1,9,1,13.139476,1.363470,10645,0,0
29800,5,1,0,7,1,13.137271,1.363215,10645,0,0
29810,18,0,0,19,1,13.139909,1.363466,10658,0,0
29820,18,2,1,22,1,13.141470,1.363649,10667,0,0
29830,14,2,2,19,1,13.144162,1.363940,10670,0,0
29840,13,2,0,16,1,13.146289,1.364086,10673,0,0
29850,15,5,1,22,1,13.148622,1.364344,10679,0,0
29860,15,3,1,20,1,13.151426,1.364675,10688,0,0
29870,3,0,0,4,1,13.150734,1.364652,10688,0,0
29880,17,0,1,19,1,13.150886,1.364665,10691,0,0
29890,7,1,2,11,1,13.150776,1.364693,10692,0,0
29900,5,0,0,6,1,13.148708,1.364471,10692,0,0
29910,7,2,2,12,1,13.146670,1.364223,10692,0,0
29920,14,4,2,21,1,13.148694,1.364416,10692,0,0
29930,17,4,3,25,1,13.151708,1.364679,10706,0,0
29940,14,2,3,20,1,13.154489,1.364988,10714,0,0
29950,18,3,1,23,1,13.158361,1.365467,10721,0,0
29960,13,0,1,15,1,13.158993,1.365506,10721,0,0
29970,4,1,1,7,1,13.157464,1.365377,10721,0,0
29980,0,0,0,1,1,13.155347,1.365150,10721,0,0
29990,4,0,0,5,1,13.153241,1.364957,10721,0,0
30000,12,2,1,16,1,13.154078,1.365036,10727,0,0
30010,8,2,0,11,1,13.153850,1.365023,10727,0,0
30020,7,5,2,15,1,13.152403,1.364922,10727,0,0
30030,10,1,1,13,1,13.152152,1.364893,10727,0,0
30040,6,0,1,8,1,13.150984,1.364783,10727,0,0
30050,10,0,1,12,1,13.151798,1.364912,10727,0,0
30060,10,1,1,13,1,13.149362,1.364661,10727,0,0
30070,6,0,0,7,1,13.147201,1.364433,10727,0,0
30080,18,1,1,21,1,13.147617,1.364398,10728,0,0
30090,13,1,3,18,1,13.150018,1.364738,10736,0,0
30100,16,1,0,18,1,13.151793,1.364943,10737,0,0
30110,17,4,3,25,1,13.155556,1.365359,10762,0,0
30120,2,0,0,3,1,13.155809,1.365434,10763,0,0
30130,1,0,0,2,1,13.152870,1.365112,10763,0,0
30140,8,1,0,10,1,13.150915,1.364868,10763,0,0
30150,2,2,0,5,1,13.148243,1.364630,10763,0,0
30160,3,1,0,5,1,13.144989,1.364336,10763,0,0
30170,0,0,0,0,0,13.141861,1.364079,10763,0,0
30180,12,4,0,17,1,13.140519,1.363899,10763,0,0
30190,12,0,0,13,1,13.141399,1.364039,10763,0,0
30200,0,0,0,0,0,13.141196,1.364057,10763,0,0
30210,4,0,0,5,1,13.137892,1.363692,10763,0,0
30220,14,2,4,21,1,13.138217,1.363680,10764,0,0
30230,12,2,1,16,1,13.140142,1.363844,10764,0,0
30240,8,1,1,11,1,13.140922,1.363857,10764,0,0
30250,4,0,0,5,1,13.138767,1.363658,10764,0,0
30260,0,0,0,1,1,13.136529,1.363427,10764,0,0
30270,3,0,1,5,1,13.133735,1.363106,10764,0,0
30280,12,1,2,16,1,13.135365,1.363244,10766,0,0
30290,2,1,2,6,1,13.132593,1.362977,10766,0,0
30300,0,0,0,0,0,13.129058,1.362682,10766,0,0
30310,11,1,2,15,1,13.128972,1.362549,10774,0,0
30320,14,3,5,23,1,13.131989,1.362891,10791,0,0
30330,20,3,0,24,1,13.134070,1.363109,10799,0,0
30340,16,1,3,21,1,13.136371,1.363312,10806,0,0
30350,15,4,1,21,1,13.139451,1.363689,10826,0,0
30360,0,0,0,1,1,13.137477,1.363556,10826,0,0
30370,6,3,0,10,1,13.135361,1.363338,10826,0,0
30380,10,0,1,12,1,13.133375,1.363124,10826,0,0
30390,17,6,2,26,1,13.135097,1.363253,10828,0,0
30400,12,5,2,20,1,13.139520,1.363789,10857,0,0
30410,16,5,1,23,1,13.141120,1.363933,10857,0,0
30420,12,0,1,14,1,13.142207,1.363982,10861,0,0
30430,4,0,0,5,1,13.142892,1.364074,10863,0,0
30440,1,1,0,3,1,13.139475,1.363749,10863,0,0
30450,14,0,2,17,1,13.137793,1.363543,10863,0,0
30460,12,2,2,17,1,13.139482,1.363739,10865,0,0
30470,5,1,1,8,1,13.137221,1.363459,10865,0,0
30480,2,0,0,3,1,13.133825,1.363173,10865,0,0
30490,0,0,0,1,1,13.130359,1.362843,10865,0,0
30500,4,0,0,5,1,13.126677,1.362448,10865,0,0
30510,7,4,0,12,1,13.124132,1.362149,10865,0,0
30520,12,2,1,16,1,13.122585,1.361999,10865,0,0
30530,15,0,2,18,1,13.123741,1.362125,10865,0,0
30540,7,3,0,11,1,13.122099,1.361970,10865,0,0
30550,11,1,0,13,1,13.122999,1.362019,10866,0,0
30560,4,1,0,6,1,13.122444,1.361972,10867,0,0
30570,0,0,0,1,1,13.121650,1.361822,10867,0,0
30580,1,0,0,2,1,13.118685,1.361530,10867,0,0
30590,2,0,0,3,1,13.115253,1.361222,10867,0,0
30600,0,0,0,0,0,13.112215,1.360991,10867,0,0
30610,0,0,0,0,0,13.108664,1.360647,10867,0,0
30620,16,0,0,17,1,13.107218,1.360360,10867,0,0
30630,9,2,0,12,1,13.109203,1.360628,10877,0,0
30640,16,2,1,20,1,13.112054,1.360935,10879,0,0
30650,14,5,0,20,1,13.115376,1.361322,10895,0,0
30660,11,1,0,13,1,13.117230,1.361521,10898,0,0
30670,4,1,0,6,1,13.114837,1.361260,10898,0,0
30680,16,1,1,19,1,13.117369,1.361571,10905,0,0
30690,17,1,1,20,1,13.120598,1.361926,10917,0,0
30700,17,5,1,24,1,13.123032,1.362143,10921,0,0
30710,17,3,1,22,1,13.125392,1.362399,10924,0,0
30720,10,2,1,14,1,13.126964,1.362569,10928,0,0
30730,18,3,4,26,1,13.129756,1.362841,10945,0,0
30740,11,2,1,15,1,13.131326,1.363001,10949,0,0
30750,19,3,5,28,1,13.132032,1.362934,10953,0,0
30760,8,0,0,9,1,13.133162,1.363094,10953,0,0
30770,5,0,1,7,1,13.130481,1.362813,10953,0,0
30780,4,0,0,5,1,13.128360,1.362539,10953,0,0
30790,17,1,1,20,1,13.127441,1.362376,10953,0,0
30800,15,1,3,20,1,13.127836,1.362414,10953,0,0
30810,16,2,2,21,1,13.130260,1.362622,10956,0,0
30820,11,2,2,16,1,13.132368,1.362815,10957,0,0
30830,8,1,2,12,1,13.133292,1.362889,10957,0,0
30840,2,1,3,7,1,13.132321,1.362818,10957,0,0
30850,3,0,0,4,1,13.130617,1.362661,10957,0,0
30860,0,0,0,0,0,13.127310,1.362360,10957,0,0
30870,15,2,3,21,1,13.129415,1.362562,10972,0,0
30880,15,2,0,18,1,13.132370,1.362981,10984,0,0
30890,16,1,1,19,1,13.133740,1.363120,10990,0,0
30900,18,0,1,20,1,13.136597,1.363441,11002,0,0
30910,14,4,1,20,1,13.138366,1.363617,11003,0,0
30920,6,0,2,9,1,13.137099,1.363546,11006,0,0
30930,12,2,2,17,1,13.136890,1.363503,11006,0,0
30940,3,1,2,7,1,13.137503,1.363559,11006,0,0
30950,7,1,2,11,1,13.135997,1.363336,11006,0,0
30960,14,0,0,15,1,13.135655,1.363284,11006,0,0
30970,0,0,0,0,0,13.132920,1.363102,11006,0,0
30980,3,1,0,5,1,13.130970,1.362906,11006,0,0
30990,1,1,0,3,1,13.128341,1.362662,11006,0,0
31000,2,0,1,4,1,13.126121,1.362483,11006,0,0
31010,3,0,1,5,1,13.123794,1.362257,11006,0,0
31020,9,2,1,13,1,13.124238,1.362264,11006,0,0
31030,8,0,2,11,1,13.123925,1.362215,11006,0,0
31040,19,5,5,30,1,13.126706,1.362427,11016,0,0
31050,12,1,0,14,1,13.128995,1.362653,11033,0,0
31060,6,0,0,7,1,13.127635,1.362550,11033,0,0
31070,16,0,3,20,1,13.127643,1.362525,11038,0,0
31080,2,1,0,4,1,13.127201,1.362544,11039,0,0
31090,13,1,2,17,1,13.126818,1.362442,11039,0,0
31100,6,2,0,9,1,13.125326,1.362335,11039,0,0
31110,16,2,3,22,1,13.123984,1.362079,11039,0,0
31120,12,1,4,18,1,13.127805,1.362495,11050,0,0
31130,2,0,1,4,1,13.127655,1.362526,11050,0,0
31140,6,0,0,7,1,13.125213,1.362284,11050,0,0
31150,9,0,0,10,1,13.123092,1.362033,11050,0,0
31160,13,5,6,25,1,13.124823,1.362169,11057,0,0
31170,12,1,1,15,1,13.127049,1.362411,11057,0,0
31180,9,0,2,12,1,13.128250,1.362487,11057,0,0
31190,10,1,1,13,1,13.126390,1.362250,11057,0,0
31200,18,3,3,25,1,13.127846,1.362331,11059,0,0
31210,5,0,2,8,1,13.128049,1.362371,11059,0,0
31220,0,0,0,0,0,13.124337,1.362110,11059,0,0
31230,7,1,0,9,1,13.121753,1.361798,11059,0,0
31240,10,1,2,14,1,13.119448,1.361525,11059,0,0
31250,13,4,2,20,1,13.121067,1.361622,11059,0,0
31260,6,0,0,7,1,13.121997,1.361724,11060,0,0
31270,3,0,1,5,1,13.119868,1.361483,11060,0,0
31280,1,0,0,2,1,13.116338,1.361136,11060,0,0
31290,5,1,0,7,1,13.113296,1.360822,11060,0,0
31300,10,2,2,15,1,13.112402,1.360722,11060,0,0
31310,0,0,0,0,0,13.111068,1.360617,11060,0,0
31320,1,0,0,2,1,13.109361,1.360419,11060,0,0
31330,11,0,1,13,1,13.107886,1.360195,11060,0,0
31340,3,0,1,5,1,13.106815,1.360117,11063,0,0
31350,8,0,0,9,1,13.105018,1.359905,11063,0,0
31360,3,2,0,6,1,13.103930,1.359771,11063,0,0
31370,3,0,1,5,1,13.101107,1.359444,11063,0,0
31380,1,0,1,3,1,13.098867,1.359227,11063,0,0
31390,5,0,0,6,1,13.095468,1.358876,11063,0,0
31400,5,1,0,7,1,13.092049,1.358523,11063,0,0
31410,13,2,0,16,1,13.090870,1.358420,11063,0,0
31420,4,0,2,7,1,13.091218,1.358494,11063,0,0
31430,10,0,1,12,1,13.088042,1.358148,11063,0,0
31440,1,0,0,2,1,13.085535,1.357925,11063,0,0
31450,0,0,0,0,0,13.082137,1.357619,11063,0,0
31460,6,0,1,8,1,13.079205,1.357285,11063,0,0
31470,4,1,1,7,1,13.079879,1.357374,11063,0,0
31480,8,0,2,11,1,13.080872,1.357488,11067,0,0
31490,8,1,1,11,1,13.080861,1.357471,11067,0,0
31500,17,2,2,22,1,13.081801,1.357543,11068,0,0
31510,12,1,2,16,1,13.082877,1.357665,11070,0,0
31520,19,3,1,24,1,13.084541,1.357746,11078,0,0
31530,15,1,1,18,1,13.085133,1.357782,11080,0,0
31540,6,1,1,9,1,13.085581,1.357861,11092,0,0
31550,20,4,2,27,1,13.085929,1.357854,11092,0,0
31560,12,3,3,19,1,13.087422,1.358042,11099,0,0
31570,10,2,3,16,1,13.090586,1.358426,11112,0,0
31580,3,0,0,4,1,13.090283,1.358481,11112,0,0
31590,12,1,2,16,1,13.089301,1.358354,11112,0,0
31600,20,3,2,26,1,13.092420,1.358661,11120,0,0
31610,0,0,0,0,0,13.091019,1.358580,11120,0,0
31620,4,1,1,7,1,13.088599,1.358312,11120,0,0
31630,4,2,0,7,1,13.087612,1.358212,11120,0,0
31640,1,0,0,2,1,13.084931,1.357953,11120,0,0
31650,3,0,0,4,1,13.081616,1.357650,11120,0,0
31660,4,1,1,7,1,13.079365,1.357329,11120,0,0
31670,11,2,3,17,1,13.079699,1.357299,11120,0,0
31680,15,2,1,19,1,13.082150,1.357577,11134,0,0
31690,0,1,0,2,1,13.080003,1.357387,11134,0,0
31700,15,2,3,21,1,13.081055,1.357471,11141,0,0
31710,13,3,2,19,1,13.083901,1.357790,11152,0,0
31720,1,0,0,2,1,13.084412,1.357858,11153,0,0
31730,11,1,3,16,1,13.084400,1.357797,11153,0,0
31740,11,4,0,16,1,13.085338,1.357922,11153,0,0
31750,7,1,1,10,1,13.083560,1.357753,11153,0,0
31760,2,0,0,3,1,13.081275,1.357570,11153,0,0
31770,3,1,0,5,1,13.077835,1.357286,11153,0,0
31780,9,3,1,14,1,13.076260,1.357066,11153,0,0
31790,0,0,0,1,1,13.075414,1.356980,11153,0,0
31800,7,0,0,8,1,13.073922,1.356716,11153,0,0
31810,6,0,0,7,1,13.070847,1.356469,11153,0,0
31820,16,0,2,19,1,13.068924,1.356298,11153,0,0
31830,6,1,0,8,1,13.069939,1.356409,11155,0,0
31840,8,0,1,10,1,13.069557,1.356309,11155,0,0
31850,0,0,0,0,0,13.066694,1.356018,11155,0,0
31860,8,1,0,10,1,13.064514,1.355776,11155,0,0
31870,5,0,2,8,1,13.062209,1.355507,11155,0,0
31880,4,0,1,6,1,13.059780,1.355306,11155,0,0
31890,1,0,0,2,1,13.056565,1.354973,11155,0,0
31900,13,3,2,19,1,13.057988,1.355043,11157,0,0
31910,16,3,2,22,1,13.061260,1.355415,11168,0,0
31920,0,0,0,0,0,13.061056,1.355422,11173,0,0
31930,20,2,5,28,1,13.060860,1.355346,11180,0,0
31940,11,1,0,13,1,13.063156,1.355604,11185,0,0
31950,16,4,2,23,1,13.064570,1.355752,11192,0,0
31960,7,2,3,13,1,13.067349,1.356060,11210,0,0
31970,12,3,4,20,1,13.069860,1.356344,11223,0,0
31980,14,1,3,19,1,13.071897,1.356530,11229,0,0
31990,12,3,4,20,1,13.074548,1.356772,11237,0,0
32000,18,4,1,24,1,13.078387,1.357154,11248,0,0
32010,10,1,2,14,1,13.080188,1.357382,11252,0,0
32020,0,0,0,0,0,13.078512,1.357188,11252,0,0
32030,1,0,0,2,1,13.075806,1.356940,11252,0,0
32040,5,0,1,7,1,13.072661,1.356571,11252,0,0
32050,9,1,3,14,1,13.074688,1.356743,11268,0,0
32060,13,0,0,14,1,13.074445,1.356698,11268,0,0
32070,7,0,3,11,1,13.074757,1.356736,11268,0,0
32080,13,4,5,23,1,13.076283,1.356844,11269,0,0
32090,9,6,2,18,1,13.079430,1.357176,11284,0,0
32100,13,5,5,24,1,13.082613,1.357504,11297,0,0
32110,18,6,3,28,1,13.086689,1.357959,11314,0,0
32120,0,0,0,1,1,13.088288,1.358241,11328,0,0
32130,6,0,1,8,1,13.085542,1.357953,11328,0,0
32140,9,0,2,12,1,13.083713,1.357716,11328,0,0
32150,8,1,2,12,1,13.083332,1.357656,11328,0,0
32160,5,3,2,11,1,13.084649,1.357703,11331,0,0
32170,2,0,0,3,1,13.081801,1.357475,11331,0,0
32180,19,0,3,23,1,13.083518,1.357632,11347,0,0
32190,12,0,2,15,1,13.085740,1.357838,11354,0,0
32200,18,1,1,21,1,13.088581,1.358126,11366,0,0
32210,5,0,1,7,1,13.088590,1.358107,11366,0,0
32220,3,1,0,5,1,13.085956,1.357831,11366,0,0
32230,5,0,1,7,1,13.083746,1.357647,11366,0,0
32240,10,4,2,17,1,13.083446,1.357530,11369,0,0
32250,17,5,1,24,1,13.086010,1.357793,11374,0,0
32260,13,0,1,15,1,13.087658,1.357966,11375,0,0
32270,0,0,0,1,1,13.084987,1.357751,11375,0,0
32280,5,1,1,8,1,13.083109,1.357466,11375,0,0
32290,6,1,0,8,1,13.080507,1.357115,11375,0,0
32300,13,2,0,16,1,13.079297,1.356913,11375,0,0
32310,12,3,2,18,1,13.081061,1.357063,11379,0,0
32320,10,0,1,12,1,13.083284,1.357334,11387,0,0
32330,7,0,0,8,1,13.082600,1.357248,11387,0,0
32340,7,0,0,8,1,13.079827,1.356949,11387,0,0
32350,12,1,3,17,1,13.080396,1.356940,11387,0,0
32360,19,3,4,27,1,13.082115,1.357107,11392,0,0
32370,11,3,4,19,1,13.085433,1.357474,11414,0,0
32380,9,1,0,11,1,13.085052,1.357480,11414,0,0
32390,0,0,0,1,1,13.082229,1.357198,11414,0,0
32400,20,0,1,22,1,13.082868,1.357196,11419,0,0
32410,12,0,2,15,1,13.084388,1.357403,11421,0,0
32420,6,0,1,8,1,13.085149,1.357519,11421,0,0
32430,13,1,5,20,1,13.085260,1.357502,11427,0,0
32440,6,2,2,11,1,13.085639,1.357525,11427,0,0
32450,12,0,2,15,1,13.086346,1.357579,11427,0,0
32460,15,3,1,20,1,13.087813,1.357745,11452,0,0
32470,7,0,2,10,1,13.085496,1.357507,11452,0,0
32480,5,2,0,8,1,13.083005,1.357289,11452,0,0
32490,5,1,0,7,1,13.080265,1.357046,11452,0,0
32500,13,0,5,19,1,13.081091,1.357094,11452,0,0
32510,19,3,3,26,1,13.083946,1.357401,11461,0,0
32520,10,3,2,16,1,13.085732,1.357631,11462,0,0
32530,18,5,3,27,1,13.087958,1.357859,11465,0,0
32540,17,4,2,24,1,13.091556,1.358312,11495,0,0
32550,13,3,1,18,1,13.094331,1.358710,11507,0,0
32560,0,0,0,0,0,13.093198,1.358629,11507,0,0
32570,13,3,2,19,1,13.091346,1.358369,11507,0,0
32580,19,3,5,28,1,13.094543,1.358706,11531,0,0
32590,17,2,1,21,1,13.097785,1.359070,11547,0,0
32600,4,0,0,5,1,13.095750,1.358878,11547,0,0
32610,3,0,1,5,1,13.093010,1.358604,11547,0,0
32620,0,0,0,1,1,13.090672,1.358411,11547,0,0
32630,5,0,1,7,1,13.087389,1.358128,11547,0,0
32640,14,4,1,20,1,13.087013,1.358000,11547,0,0
32650,10,2,1,14,1,13.087040,1.358000,11547,0,0
32660,13,1,5,20,1,13.089057,1.358189,11547,0,0
32670,0,0,0,0,0,13.088405,1.358149,11547,0,0
32680,7,1,0,9,1,13.085660,1.357883,11547,0,0
32690,19,2,1,23,1,13.084262,1.357688,11548,0,0
32700,2,2,0,5,1,13.086554,1.357936,11559,0,0
32710,13,0,1,15,1,13.085249,1.357828,11559,0,0
32720,18,4,2,25,1,13.088253,1.358115,11574,0,0
32730,13,2,1,17,1,13.091095,1.358450,11590,0,0
32740,20,5,4,30,1,13.092372,1.358563,11590,0,0
32750,14,4,1,20,1,13.095768,1.358938,11602,0,0
32760,6,0,1,8,1,13.096974,1.359160,11609,0,0
32770,5,1,0,7,1,13.094267,1.358906,11609,0,0
32780,17,1,1,20,1,13.095695,1.358961,11613,0,0
32790,18,0,0,19,1,13.098449,1.359219,11619,0,0
32800,6,0,0,7,1,13.098899,1.359263,11620,0,0
32810,11,2,3,17,1,13.098106,1.359147,11620,0,0
32820,2,0,0,3,1,13.098716,1.359277,11633,0,0
32830,8,1,1,11,1,13.097702,1.359212,11633,0,0
32840,15,2,0,18,1,13.098883,1.359315,11633,0,0
32850,16,1,4,22,1,13.100791,1.359548,11633,0,0
32860,1,0,0,2,1,13.100274,1.359492,11633,0,0
32870,12,0,3,16,1,13.098221,1.359319,11633,0,0
32880,2,1,1,5,1,13.095409,1.359063,11633,0,0
32890,0,0,0,1,1,13.091880,1.358763,11633,0,0
32900,20,1,2,24,1,13.091710,1.358695,11638,0,0
32910,8,0,0,9,1,13.094741,1.359037,11650,0,0
32920,10,1,0,12,1,13.093767,1.358847,11650,0,0
32930,11,1,3,16,1,13.095676,1.359034,11663,0,0
32940,4,3,1,9,1,13.096254,1.359044,11668,0,0
32950,6,0,3,10,1,13.094496,1.358846,11668,0,0
32960,5,2,1,9,1,13.092925,1.358659,11668,0,0
32970,5,1,1,8,1,13.093086,1.358678,11668,0,0
32980,17,1,2,21,1,13.091360,1.358440,11668,0,0
32990,20,2,2,25,1,13.093937,1.358684,11683,0,0
33000,12,4,3,20,1,13.096803,1.358987,11687,0,0
33010,10,0,0,11,1,13.097311,1.359041,11687,0,0
33020,2,0,0,3,1,13.095289,1.358918,11687,0,0
33030,2,0,0,3,1,13.092923,1.358661,11687,0,0
33040,2,0,0,3,1,13.089514,1.358343,11687,0,0
33050,0,0,0,1,1,13.086469,1.358050,11687,0,0
33060,2,0,0,3,1,13.084231,1.357854,11687,0,0
33070,7,0,0,8,1,13.081356,1.357570,11687,0,0
33080,3,0,1,5,1,13.079163,1.357305,11687,0,0
33090,14,1,0,16,1,13.080257,1.357416,11694,0,0
33100,6,1,1,9,1,13.079703,1.357386,11694,0,0
33110,20,1,3,25,1,13.080760,1.357450,11700,0,0
33120,14,3,0,18,1,13.083840,1.357810,11715,0,0
33130,15,1,0,17,1,13.085977,1.358041,11722,0,0
33140,7,1,0,9,1,13.086879,1.358115,11722,0,0
33150,2,1,0,4,1,13.084427,1.357858,11722,0,0
33160,0,0,0,0,0,13.081079,1.357597,11722,0,0
33170,8,1,2,12,1,13.081936,1.357700,11724,0,0
33180,1,0,0,2,1,13.080397,1.357563,11724,0,0
33190,10,0,0,11,1,13.079764,1.357482,11727,0,0
33200,19,6,4,30,1,13.081102,1.357521,11727,0,0
33210,20,1,4,26,1,13.084616,1.357878,11738,0,0
33220,0,0,0,0,0,13.085027,1.358003,11745,0,0
33230,0,0,0,0,0,13.081647,1.357679,11745,0,0
33240,0,0,0,0,0,13.078596,1.357390,11745,0,0
33250,8,3,0,12,1,13.075778,1.357141,11745,0,0
33260,5,1,1,8,1,13.076631,1.357218,11748,0,0
33270,9,0,0,10,1,13.075568,1.357101,11748,0,0
33280,7,2,1,11,1,13.072464,1.356776,11748,0,0
33290,14,2,3,20,1,13.072426,1.356774,11748,0,0
33300,12,1,2,16,1,13.074264,1.356987,11753,0,0
33310,19,4,2,26,1,13.076357,1.357214,11775,0,0
33320,15,1,5,22,1,13.078542,1.357451,11775,0,0
33330,12,2,0,15,1,13.079539,1.357543,11780,0,0
33340,17,3,5,26,1,13.082935,1.357855,11793,0,0
33350,6,3,0,10,1,13.084900,1.358069,11800,0,0
33360,11,1,1,14,1,13.086275,1.358145,11807,0,0
33370,3,0,0,4,1,13.084453,1.357949,11807,0,0
33380,4,1,0,6,1,13.081343,1.357666,11807,0,0
33390,5,1,1,8,1,13.079013,1.357468,11807,0,0
33400,12,1,2,16,1,13.078005,1.357280,11807,0,0
33410,9,3,2,15,1,13.077631,1.357205,11810,0,0
33420,0,0,0,1,1,13.076028,1.357049,11810,0,0
33430,11,1,5,18,1,13.075109,1.356887,11810,0,0
33440,6,2,1,10,1,13.076895,1.357108,11819,0,0
33450,4,1,2,8,1,13.074372,1.356885,11819,0,0
33460,6,1,1,9,1,13.072438,1.356648,11819,0,0
33470,9,1,1,12,1,13.069821,1.356361,11819,0,0
33480,2,1,1,5,1,13.068607,1.356279,11819,0,0
33490,7,0,0,8,1,13.066669,1.356058,11819,0,0
33500,17,2,4,24,1,13.068359,1.356164,11820,0,0
33510,5,0,1,7,1,13.070427,1.356422,11828,0,0
33520,8,4,1,14,1,13.070738,1.356418,11828,0,0
33530,10,2,1,14,1,13.071357,1.356467,11830,0,0
33540,1,0,0,2,1,13.072639,1.356618,11831,0,0
33550,0,0,0,0,0,13.069412,1.356264,11831,0,0
33560,7,0,0,8,1,13.066018,1.356018,11831,0,0
33570,11,1,1,14,1,13.063938,1.355720,11831,0,0
33580,7,1,2,11,1,13.063363,1.355632,11831,0,0
33590,16,1,1,19,1,13.064187,1.355749,11835,0,0
33600,14,1,1,17,1,13.065143,1.355870,11835,0,0
33610,3,0,0,4,1,13.063215,1.355697,11835,0,0
33620,8,1,1,11,1,13.060520,1.355456,11835,0,0
33630,11,0,2,14,1,13.061476,1.355528,11835,0,0
33640,11,0,1,13,1,13.061543,1.355511,11835,0,0
33650,0,0,0,0,0,13.059718,1.355386,11835,0,0
33660,2,1,1,5,1,13.057501,1.355141,11835,0,0
33670,14,4,3,22,1,13.055571,1.354875,11835,0,0
33680,14,3,2,20,1,13.059431,1.355306,11851,0,0
33690,17,2,2,22,1,13.059530,1.355310,11851,0,0
33700,18,2,3,24,1,13.063673,1.355821,11871,0,0
33710,15,2,6,24,1,13.066923,1.356172,11899,0,0
33720,0,0,0,0,0,13.067219,1.356200,11899,0,0
33730,20,4,4,29,1,13.066349,1.356028,11900,0,0
33740,18,1,4,24,1,13.069160,1.356325,11913,0,0
33750,10,3,0,14,1,13.071216,1.356565,11930,0,0
33760,12,2,4,19,1,13.072073,1.356639,11930,0,0
33770,5,1,0,7,1,13.071327,1.356592,11930,0,0
33780,12,1,1,15,1,13.070112,1.356467,11930,0,0
33790,1,0,0,2,1,13.068898,1.356368,11930,0,0
33800,11,2,0,14,1,13.068968,1.356343,11930,0,0
33810,0,0,0,1,1,13.066644,1.356120,11930,0,0
33820,8,1,1,11,1,13.064345,1.355858,11930,0,0
33830,9,0,4,14,1,13.065984,1.356000,11933,0,0
33840,14,0,0,15,1,13.067951,1.356227,11934,0,0
33850,5,0,0,6,1,13.065514,1.356009,11934,0,0
33860,3,1,0,5,1,13.062858,1.355730,11934,0,0
33870,13,0,2,16,1,13.060794,1.355480,11934,0,0
33880,5,0,0,6,1,13.062443,1.355703,11950,0,0
33890,12,5,3,21,1,13.063072,1.355703,11950,0,0
33900,6,0,2,9,1,13.064204,1.355851,11958,0,0
33910,0,0,0,0,0,13.061543,1.355614,11958,0,0
33920,17,1,2,21,1,13.061864,1.355594,11958,0,0
33930,0,0,0,0,0,13.062053,1.355665,11961,0,0
33940,1,0,0,2,1,13.061291,1.355584,11961,0,0
33950,11,3,1,16,1,13.059779,1.355366,11961,0,0
33960,11,3,1,16,1,13.061796,1.355568,11970,0,0
33970,13,1,4,19,1,13.064310,1.355810,11972,0,0
33980,15,0,0,16,1,13.065562,1.355925,11974,0,0
33990,13,1,3,18,1,13.068021,1.356186,11982,0,0
34000,17,2,1,21,1,13.069245,1.356302,11983,0,0
34010,10,1,1,13,1,13.070253,1.356379,11991,0,0
34020,16,0,1,18,1,13.071655,1.356451,11994,0,0
34030,20,5,5,31,1,13.074060,1.356670,12002,0,0
34040,17,2,5,25,1,13.077036,1.356972,12022,0,0
34050,14,1,0,16,1,13.078771,1.357141,12025,0,0
34060,13,3,0,17,1,13.080308,1.357289,12025,0,0
34070,16,3,1,21,1,13.081914,1.357482,12036,0,0
34080,4,0,0,5,1,13.081570,1.357473,12036,0,0
34090,6,0,0,7,1,13.079357,1.357241,12036,0,0
34100,18,4,3,26,1,13.080988,1.357362,12037,0,0
34110,20,4,1,26,1,13.083686,1.357643,12048,0,0
34120,1,1,1,4,1,13.083527,1.357661,12049,0,0
34130,14,0,3,18,1,13.082323,1.357480,12049,0,0
34140,13,1,2,17,1,13.083928,1.357657,12056,0,0
34150,16,1,0,18,1,13.084644,1.357675,12056,0,0
34160,11,5,2,19,1,13.087391,1.357957,12074,0,0
34170,8,2,2,13,1,13.089695,1.358260,12081,0,0
34180,3,1,2,7,1,13.088830,1.358254,12081,0,0
34190,8,0,1,10,1,13.086748,1.357994,12081,0,0
34200,0,0,0,0,0,13.084848,1.357745,12081,0,0
34210,8,0,4,13,1,13.084555,1.357695,12081,0,0
34220,18,2,2,23,1,13.085541,1.357799,12095,0,0
34230,0,0,0,0,0,13.085116,1.357831,12097,0,0
34240,8,0,1,10,1,13.083683,1.357704,12097,0,0
34250,5,1,0,7,1,13.081849,1.357585,12097,0,0
34260,1,0,0,2,1,13.078721,1.357361,12097,0,0
34270,20,2,2,25,1,13.077510,1.357158,12097,0,0
34280,20,0,4,25,1,13.081380,1.357578,12122,0,0
34290,16,0,2,19,1,13.083385,1.357816,12125,0,0
34300,7,2,0,10,1,13.081946,1.357677,12125,0,0
34310,13,0,3,17,1,13.082712,1.357749,12129,0,0
34320,16,4,2,23,1,13.085011,1.357977,12136,0,0
34330,7,2,2,12,1,13.083869,1.357852,12136,0,0
34340,1,0,0,2,1,13.082146,1.357732,12136,0,0
34350,11,0,1,13,1,13.080445,1.357512,12136,0,0
34360,19,2,3,25,1,13.082980,1.357809,12145,0,0
34370,17,4,1,23,1,13.085844,1.358075,12158,0,0
34380,14,3,0,18,1,13.087354,1.358249,12164,0,0
34390,17,4,2,24,1,13.090556,1.358559,12181,0,0
34400,20,2,0,23,1,13.091477,1.358590,12181,0,0
34410,16,4,1,22,1,13.093457,1.358805,12184,0,0
34420,3,0,0,4,1,13.094053,1.358885,12184,0,0
34430,7,0,2,10,1,13.091399,1.358636,12184,0,0
34440,4,1,1,7,1,13.088563,1.358404,12184,0,0
34450,1,0,0,2,1,13.088567,1.358357,12184,0,0
34460,1,0,0,2,1,13.086113,1.358087,12184,0,0
34470,4,1,0,6,1,13.083712,1.357811,12184,0,0
34480,3,0,0,4,1,13.081169,1.357569,12184,0,0
34490,7,0,0,8,1,13.078736,1.357355,12184,0,0
34500,12,1,0,14,1,13.077582,1.357228,12184,0,0
34510,7,0,0,8,1,13.075996,1.357061,12184,0,0
34520,4,3,1,9,1,13.078313,1.357311,12194,0,0
34530,20,3,5,29,1,13.081066,1.357594,12215,0,0
34540,19,5,0,25,1,13.084479,1.358019,12223,0,0
34550,16,1,1,19,1,13.086685,1.358286,12231,0,0
34560,13,4,1,19,1,13.088253,1.358499,12235,0,0
34570,17,1,3,22,1,13.087944,1.358448,12235,0,0
34580,16,3,1,21,1,13.090532,1.358698,12238,0,0
34590,11,2,1,15,1,13.092338,1.358834,12240,0,0
34600,20,5,6,32,1,13.093406,1.358893,12248,0,0
34610,15,2,2,20,1,13.096884,1.359280,12261,0,0
34620,11,0,0,12,1,13.096107,1.359209,12261,0,0
34630,3,1,1,6,1,13.096640,1.359217,12261,0,0
34640,19,2,4,26,1,13.097705,1.359227,12262,0,0
34650,19,1,2,23,1,13.100492,1.359509,12272,0,0
34660,20,4,2,27,1,13.103268,1.359779,12281,0,0
34670,5,0,2,8,1,13.105536,1.360064,12295,0,0
34680,9,1,1,12,1,13.106344,1.360113,12295,0,0
34690,18,3,0,22,1,13.106890,1.360143,12295,0,0
34700,8,1,6,16,1,13.108841,1.360375,12301,0,0
34710,19,1,3,24,1,13.111001,1.360580,12303,0,0
34720,0,0,0,1,1,13.110775,1.360558,12307,0,0
34730,19,1,4,25,1,13.109757,1.360373,12307,0,0
34740,9,4,1,15,1,13.109648,1.360412,12308,0,0
34750,12,2,4,19,1,13.111894,1.360642,12310,0,0
34760,12,0,1,14,1,13.114283,1.360859,12319,0,0
34770,9,0,1,11,1,13.112997,1.360780,12319,0,0
34780,8,1,1,11,1,13.112918,1.360781,12320,0,0
34790,20,3,4,28,1,13.115463,1.360978,12329,0,0
34800,8,0,1,10,1,13.117372,1.361255,12332,0,0
34810,12,1,1,15,1,13.117633,1.361243,12332,0,0
34820,8,1,1,11,1,13.118260,1.361309,12339,0,0
34830,9,0,2,12,1,13.118446,1.361330,12339,0,0
34840,18,2,3,24,1,13.120754,1.361506,12350,0,0
34850,20,3,2,26,1,13.123021,1.361759,12362,0,0
34860,17,2,2,22,1,13.123271,1.361815,12362,0,0
34870,9,2,3,15,1,13.124595,1.361966,12364,0,0
34880,9,2,0,12,1,13.124736,1.361986,12364,0,0
34890,8,1,3,13,1,13.123784,1.361856,12364,0,0
34900,15,4,0,20,1,13.125621,1.362028,12372,0,0
34910,0,0,0,0,0,13.124297,1.361973,12372,0,0
34920,5,1,2,9,1,13.122513,1.361765,12372,0,0
34930,6,1,0,8,1,13.121244,1.361611,12372,0,0
34940,2,1,1,5,1,13.119072,1.361428,12372,0,0
34950,3,0,1,5,1,13.117497,1.361233,12372,0,0
34960,11,0,2,14,1,13.118212,1.361305,12372,0,0
34970,18,1,0,20,1,13.117014,1.361142,12377,0,0
34980,0,0,0,1,1,13.117928,1.361226,12383,0,0
34990,18,4,2,25,1,13.118665,1.361231,12393,0,0
35000,17,1,4,23,1,13.121434,1.361540,12411,0,0
35010,10,3,2,16,1,13.124417,1.361803,12417,0,0
35020,2,1,0,4,1,13.124063,1.361816,12417,0,0
35030,12,0,2,15,1,13.123179,1.361693,12417,0,0
35040,20,3,3,27,1,13.125209,1.361910,12433,0,0
35050,17,3,2,23,1,13.128594,1.362319,12452,0,0
35060,12,3,2,18,1,13.130488,1.362573,12459,0,0
35070,7,1,3,12,1,13.131976,1.362745,12463,0,0
35080,3,0,0,4,1,13.129500,1.362474,12463,0,0
35090,0,0,0,0,0,13.126818,1.362253,12463,0,0
35100,8,2,0,11,1,13.125814,1.362086,12463,0,0
35110,10,1,0,12,1,13.126082,1.362107,12463,0,0
35120,7,3,1,12,1,13.127993,1.362259,12476,0,0
35130,7,0,1,9,1,13.126804,1.362165,12476,0,0
35140,18,1,1,21,1,13.128477,1.362324,12480,0,0
35150,3,2,0,6,1,13.129600,1.362438,12484,0,0
35160,5,0,1,7,1,13.128669,1.362363,12484,0,0
35170,0,0,0,0,0,13.125653,1.362116,12484,0,0
35180,5,0,1,7,1,13.124670,1.361983,12484,0,0
35190,4,1,0,6,1,13.123396,1.361840,12484,0,0
35200,0,1,0,2,1,13.121207,1.361639,12484,0,0
35210,0,0,0,0,0,13.119410,1.361462,12484,0,0
35220,3,0,0,4,1,13.118344,1.361332,12484,0,0
35230,6,1,2,10,1,13.116039,1.361043,12484,0,0
35240,4,0,2,7,1,13.115572,1.360936,12484,0,0
35250,9,2,0,12,1,13.114088,1.360787,12484,0,0
35260,17,1,3,22,1,13.115084,1.360904,12488,0,0
35270,11,1,1,14,1,13.117757,1.361211,12498,0,0
35280,9,2,1,13,1,13.117262,1.361137,12498,0,0
35290,4,1,1,7,1,13.115803,1.360947,12498,0,0
35300,6,0,1,8,1,13.113797,1.360708,12498,0,0
35310,15,1,2,19,1,13.113310,1.360643,12498,0,0
35320,2,0,0,3,1,13.114372,1.360815,12501,0,0
35330,10,0,0,11,1,13.112480,1.360552,12501,0,0
35340,6,0,2,9,1,13.111320,1.360393,12501,0,0
35350,14,6,2,23,1,13.109236,1.360139,12501,0,0
35360,18,7,5,31,1,13.112391,1.360472,12513,0,0
35370,8,5,0,14,1,13.113151,1.360544,12513,0,0
35380,6,1,0,8,1,13.111671,1.360416,12513,0,0
35390,14,0,3,18,1,13.112357,1.360409,12513,0,0
35400,6,3,0,10,1,13.111859,1.360363,12513,0,0
35410,7,1,0,9,1,13.109207,1.360065,12513,0,0
35420,6,1,0,8,1,13.108073,1.359933,12513,0,0
35430,7,0,0,8,1,13.105426,1.359608,12513,0,0
35440,5,2,0,8,1,13.104717,1.359536,12514,0,0
35450,1,0,0,2,1,13.102467,1.359328,12514,0,0
35460,19,4,1,25,1,13.101890,1.359222,12519,0,0
35470,17,1,1,20,1,13.103704,1.359400,12520,0,0
35480,14,1,3,19,1,13.105559,1.359598,12524,0,0
35490,12,1,1,15,1,13.105676,1.359628,12524,0,0
35500,0,0,0,0,0,13.103206,1.359409,12524,0,0
35510,19,2,4,26,1,13.103914,1.359464,12530,0,0
35520,12,0,3,16,1,13.105678,1.359636,12540,0,0
35530,2,0,0,3,1,13.104237,1.359508,12540,0,0
35540,9,0,3,13,1,13.102156,1.359302,12540,0,0
35550,15,2,3,21,1,13.101293,1.359174,12540,0,0
35560,15,3,3,22,1,13.104244,1.359506,12554,0,0
35570,20,3,2,26,1,13.107248,1.359886,12576,0,0
35580,0,0,0,0,0,13.106392,1.359827,12576,0,0
35590,12,0,0,13,1,13.105126,1.359634,12576,0,0
35600,5,0,0,6,1,13.103263,1.359485,12576,0,0
35610,4,0,0,5,1,13.100523,1.359230,12576,0,0
35620,1,0,0,2,1,13.097849,1.359002,12576,0,0
35630,9,3,0,13,1,13.096365,1.358842,12576,0,0
35640,12,2,1,16,1,13.098270,1.359041,12582,0,0
35650,4,0,1,6,1,13.098177,1.359017,12582,0,0
35660,6,0,3,10,1,13.097419,1.358888,12582,0,0
35670,6,2,1,10,1,13.095281,1.358664,12582,0,0
35680,8,1,4,14,1,13.095102,1.358683,12582,0,0
35690,7,0,2,10,1,13.093984,1.358552,12582,0,0
35700,11,1,2,15,1,13.095002,1.358620,12584,0,0
35710,12,1,1,15,1,13.095967,1.358678,12584,0,0
35720,17,2,1,21,1,13.097598,1.358833,12596,0,0
35730,12,3,0,16,1,13.099451,1.359035,12613,0,0
35740,6,0,1,8,1,13.097662,1.358827,12613,0,0
35750,14,2,3,20,1,13.097100,1.358794,12613,0,0
35760,17,2,2,22,1,13.097983,1.358883,12614,0,0
35770,7,1,1,10,1,13.096590,1.358791,12615,0,0
35780,15,0,1,17,1,13.095073,1.358616,12615,0,0
35790,4,0,0,5,1,13.095368,1.358648,12615,0,0
35800,13,1,1,16,1,13.095606,1.358615,12618,0,0
35810,1,1,0,3,1,13.093795,1.358440,12618,0,0
35820,20,1,2,24,1,13.094241,1.358433,12620,0,0
35830,18,3,2,24,1,13.096376,1.358644,12634,0,0
35840,19,0,3,23,1,13.098137,1.358856,12643,0,0
35850,15,0,1,17,1,13.097859,1.358821,12643,0,0
35860,7,0,0,8,1,13.099037,1.359015,12643,0,0
35870,6,0,0,7,1,13.099677,1.359072,12643,0,0
35880,4,0,1,6,1,13.099216,1.358986,12643,0,0
35890,2,0,0,3,1,13.096938,1.358732,12643,0,0
35900,7,1,0,9,1,13.095032,1.358508,12643,0,0
35910,3,0,0,4,1,13.092381,1.358293,12643,0,0
35920,11,3,0,15,1,13.090894,1.358144,12643,0,0
35930,14,3,2,20,1,13.089858,1.358003,12643,0,0
35940,4,0,1,6,1,13.091277,1.358179,12649,0,0
35950,15,1,3,20,1,13.092268,1.358280,12650,0,0
35960,16,0,2,19,1,13.092996,1.358349,12650,0,0
35970,20,3,3,27,1,13.094485,1.358482,12654,0,0
35980,18,3,1,23,1,13.097719,1.358850,12667,0,0
35990,8,3,0,12,1,13.098931,1.359020,12667,0,0
36000,18,3,2,24,1,13.100455,1.359195,12670,0,0
36010,17,1,2,21,1,13.103332,1.359496,12684,0,0
36020,3,1,0,5,1,13.101492,1.359377,12685,0,0
36030,6,1,0,8,1,13.099205,1.359090,12685,0,0
36040,0,0,0,0,0,13.096533,1.358849,12685,0,0
36050,4,0,2,7,1,13.094035,1.358568,12685,0,0
36060,19,2,0,22,1,13.093182,1.358419,12685,0,0
36070,15,2,1,19,1,13.094680,1.358583,12688,0,0
36080,15,5,0,21,1,13.097325,1.358828,12703,0,0
36090,18,2,3,24,1,13.100658,1.359199,12723,0,0
36100,13,1,3,18,1,13.101223,1.359212,12723,0,0
36110,12,0,0,13,1,13.101040,1.359191,12723,0,0
36120,12,0,1,14,1,13.100446,1.359107,12723,0,0
36130,11,3,2,17,1,13.102142,1.359277,12731,0,0
36140,7,1,1,10,1,13.102010,1.359272,12731,0,0
36150,6,2,0,9,1,13.102464,1.359317,12733,0,0
36160,3,0,1,5,1,13.100831,1.359200,12733,0,0
36170,12,1,3,17,1,13.100454,1.359186,12733,0,0
36180,18,2,2,23,1,13.100513,1.359189,12736,0,0
36190,18,1,3,23,1,13.103010,1.359442,12758,0,0
36200,11,1,1,14,1,13.104298,1.359550,12763,0,0
36210,17,1,2,21,1,13.103403,1.359439,12763,0,0
36220,20,1,4,26,1,13.106339,1.359769,12786,0,0
36230,16,0,2,19,1,13.109275,1.360126,12808,0,0
36240,4,0,1,6,1,13.111016,1.360323,12812,0,0
36250,3,0,1,5,1,13.108677,1.360094,12812,0,0
36260,6,1,0,8,1,13.107036,1.359859,12812,0,0
36270,20,2,0,23,1,13.106849,1.359833,12812,0,0
36280,18,3,3,25,1,13.110608,1.360267,12832,0,0
36290,12,3,2,18,1,13.113459,1.360549,12842,0,0
36300,1,0,0,2,1,13.113084,1.360508,12847,0,0
36310,7,0,1,9,1,13.110625,1.360254,12847,0,0
36320,13,1,3,18,1,13.111547,1.360309,12851,0,0
36330,13,3,2,19,1,13.113076,1.360476,12853,0,0
36340,3,1,0,5,1,13.113790,1.360583,12853,0,0
36350,4,0,3,8,1,13.111373,1.360268,12853,0,0
36360,4,0,1,6,1,13.110044,1.360155,12853,0,0
36370,9,3,3,16,1,13.111242,1.360242,12859,0,0
36380,13,2,1,17,1,13.112382,1.360334,12862,0,0
36390,13,4,2,20,1,13.112558,1.360350,12862,0,0
36400,20,5,2,28,1,13.116105,1.360762,12889,0,0
36410,3,0,0,4,1,13.116483,1.360923,12903,0,0
36420,4,1,0,6,1,13.114256,1.360674,12903,0,0
36430,20,2,2,25,1,13.113032,1.360526,12904,0,0
36440,15,4,2,22,1,13.115063,1.360746,12915,0,0
36450,18,0,3,22,1,13.117079,1.360941,12925,0,0
36460,11,3,1,16,1,13.119373,1.361207,12929,0,0
36470,2,1,1,5,1,13.119259,1.361197,12932,0,0
36480,7,3,3,14,1,13.119618,1.361162,12932,0,0
36490,20,0,2,23,1,13.121198,1.361316,12943,0,0
36500,20,2,1,24,1,13.123667,1.361574,12947,0,0
36510,13,1,1,16,1,13.125130,1.361769,12964,0,0
36520,4,0,0,5,1,13.124011,1.361694,12964,0,0
36530,6,0,1,8,1,13.121265,1.361410,12964,0,0
36540,8,0,0,9,1,13.118621,1.361164,12964,0,0
36550,13,2,2,18,1,13.119247,1.361219,12971,0,0
36560,9,1,2,13,1,13.118626,1.361168,12971,0,0
36570,4,0,2,7,1,13.119696,1.361292,12971,0,0
36580,3,2,0,6,1,13.119102,1.361259,12971,0,0
36590,11,0,1,13,1,13.117218,1.361065,12971,0,0
36600,16,1,1,19,1,13.117867,1.361133,12971,0,0
36610,17,0,3,21,1,13.121068,1.361494,12988,0,0
36620,11,1,2,15,1,13.123506,1.361760,13001,0,0
36630,20,2,1,24,1,13.125317,1.361926,13008,0,0
36640,5,0,0,6,1,13.124857,1.361864,13011,0,0
36650,4,1,1,7,1,13.124023,1.361745,13011,0,0
36660,19,4,2,26,1,13.123471,1.361604,13011,0,0
36670,17,1,0,19,1,13.124699,1.361748,13011,0,0
36680,4,0,0,5,1,13.125330,1.361862,13015,0,0
36690,14,1,1,17,1,13.126707,1.362002,13015,0,0
36700,16,1,2,20,1,13.128746,1.362207,13024,0,0
36710,6,1,2,10,1,13.130890,1.362412,13035,0,0
36720,5,0,2,8,1,13.129861,1.362299,13035,0,0
36730,14,0,3,18,1,13.129269,1.362224,13035,0,0
36740,9,1,1,12,1,13.130040,1.362305,13039,0,0
36750,2,1,0,4,1,13.129398,1.362213,13039,0,0
36760,10,1,0,12,1,13.127979,1.362083,13039,0,0
36770,2,1,2,6,1,13.125678,1.361891,13039,0,0
36780,11,2,3,17,1,13.124925,1.361773,13039,0,0
36790,16,3,2,22,1,13.126525,1.361905,13047,0,0
36800,15,0,1,17,1,13.128216,1.362078,13052,0,0
36810,13,0,1,15,1,13.127833,1.361987,13052,0,0
36820,9,3,4,17,1,13.127367,1.361897,13052,0,0
36830,0,0,0,0,0,13.126098,1.361836,13052,0,0
36840,10,1,2,14,1,13.125036,1.361712,13052,0,0
36850,0,0,0,1,1,13.122405,1.361537,13052,0,0
36860,2,0,0,3,1,13.119445,1.361250,13052,0,0
36870,20,0,2,23,1,13.120298,1.361302,13066,0,0
36880,2,0,0,3,1,13.119291,1.361237,13066,0,0
36890,2,1,0,4,1,13.117331,1.361054,13066,0,0
36900,3,1,1,6,1,13.116280,1.360897,13066,0,0
36910,5,0,1,7,1,13.113701,1.360657,13066,0,0
36920,11,3,2,17,1,13.111868,1.360461,13066,0,0
36930,13,1,2,17,1,13.114707,1.360776,13075,0,0
36940,16,2,2,21,1,13.116002,1.360893,13078,0,0
36950,12,1,0,14,1,13.115002,1.360791,13078,0,0
36960,2,0,0,3,1,13.113222,1.360615,13078,0,0
36970,2,1,1,5,1,13.110858,1.360398,13078,0,0
36980,2,0,0,3,1,13.107864,1.360123,13078,0,0
36990,8,0,2,11,1,13.106817,1.360039,13078,0,0
37000,11,3,0,15,1,13.105115,1.359890,13078,0,0
37010,12,1,3,17,1,13.106637,1.360027,13088,0,0
37020,5,1,3,10,1,13.105987,1.359945,13088,0,0
37030,5,0,4,10,1,13.106163,1.359961,13097,0,0
37040,7,1,0,9,1,13.104508,1.359787,13097,0,0
37050,7,0,1,9,1,13.104787,1.359802,13097,0,0
37060,8,0,0,9,1,13.103118,1.359627,13097,0,0
37070,3,0,0,4,1,13.101573,1.359468,13097,0,0
37080,12,2,2,17,1,13.102866,1.359554,13107,0,0
37090,4,1,1,7,1,13.104399,1.359737,13112,0,0
37100,0,0,0,1,1,13.102022,1.359484,13112,0,0
37110,9,2,0,12,1,13.099933,1.359273,13112,0,0
37120,0,0,0,0,0,13.097212,1.359041,13112,0,0
37130,13,2,2,18,1,13.096518,1.358899,13112,0,0
37140,19,2,1,23,1,13.096531,1.358901,13114,0,0
37150,11,1,6,19,1,13.098991,1.359135,13123,0,0
37160,17,4,0,22,1,13.101762,1.359413,13134,0,0
37170,11,1,1,14,1,13.102764,1.359511,13134,0,0
37180,11,1,2,15,1,13.103480,1.359529,13134,0,0
37190,17,3,6,27,1,13.106294,1.359819,13151,0,0
37200,17,1,3,22,1,13.108703,1.360086,13160,0,0
37210,3,0,0,4,1,13.110000,1.360256,13163,0,0
37220,10,0,2,13,1,13.108407,1.360084,13163,0,0
37230,10,2,0,13,1,13.108054,1.360019,13163,0,0
37240,2,1,0,4,1,13.107167,1.359921,13163,0,0
37250,0,0,1,2,1,13.105500,1.359738,13163,0,0
37260,20,5,3,29,1,13.105663,1.359749,13174,0,0
37270,20,5,4,30,1,13.108931,1.360078,13187,0,0
37280,13,5,0,19,1,13.111186,1.360351,13199,0,0
37290,15,4,0,20,1,13.113707,1.360614,13206,0,0
37300,20,6,1,28,1,13.116217,1.360914,13224,0,0
37310,8,0,4,13,1,13.117628,1.361050,13229,0,0
37320,3,0,0,4,1,13.115734,1.360916,13229,0,0
37330,10,1,2,14,1,13.115152,1.360785,13229,0,0
37340,17,1,3,22,1,13.116057,1.360873,13229,0,0
37350,14,2,3,20,1,13.118910,1.361162,13246,0,0
37360,8,0,0,9,1,13.117787,1.361002,13246,0,0
37370,8,0,1,10,1,13.115953,1.360764,13246,0,0
37380,18,1,2,22,1,13.114102,1.360592,13246,0,0
37390,14,1,1,17,1,13.116824,1.360918,13262,0,0
37400,14,1,2,18,1,13.117891,1.360970,13267,0,0
37410,9,2,1,13,1,13.119585,1.361177,13274,0,0
37420,20,3,1,25,1,13.121102,1.361328,13288,0,0
37430,12,2,2,17,1,13.121852,1.361411,13288,0,0
37440,4,0,0,5,1,13.120550,1.361289,13288,0,0
37450,18,1,0,20,1,13.119583,1.361152,13288,0,0
37460,2,0,0,3,1,13.118884,1.361036,13290,0,0
37470,12,1,0,14,1,13.117386,1.360875,13290,0,0
37480,7,0,1,9,1,13.118130,1.360938,13296,0,0
37490,15,4,1,21,1,13.117647,1.360882,13296,0,0
37500,17,1,3,22,1,13.120741,1.361212,13304,0,0
37510,3,0,2,6,1,13.120519,1.361198,13307,0,0
37520,2,0,1,4,1,13.117609,1.360954,13307,0,0
37530,5,1,1,8,1,13.115294,1.360708,13307,0,0
37540,6,1,1,9,1,13.112602,1.360441,13307,0,0
37550,4,1,0,6,1,13.110256,1.360244,13307,0,0
37560,14,1,0,16,1,13.108931,1.360078,13307,0,0
37570,1,0,0,2,1,13.109128,1.360119,13307,0,0
37580,9,0,5,15,1,13.108819,1.360036,13307,0,0
37590,7,0,0,8,1,13.109600,1.360122,13307,0,0
37600,16,1,2,20,1,13.111557,1.360293,13323,0,0
37610,11,4,0,16,1,13.113138,1.360499,13324,0,0
37620,13,1,2,17,1,13.115263,1.360729,13333,0,0
37630,19,2,3,25,1,13.117643,1.360940,13345,0,0
37640,0,0,0,1,1,13.115869,1.360825,13345,0,0
37650,0,0,0,0,0,13.113192,1.360586,13345,0,0
37660,14,2,2,19,1,13.113543,1.360590,13346,0,0
37670,20,4,0,25,1,13.115884,1.360830,13351,0,0
37680,20,5,2,28,1,13.117686,1.361008,13359,0,0
37690,16,1,0,18,1,13.119234,1.361196,13363,0,0
37700,8,3,0,12,1,13.121307,1.361435,13375,0,0
37710,13,1,0,15,1,13.123129,1.361569,13377,0,0
37720,15,4,1,21,1,13.124280,1.361660,13380,0,0
37730,4,0,0,5,1,13.125690,1.361856,13385,0,0
37740,7,0,2,10,1,13.125011,1.361739,13386,0,0
37750,17,0,0,18,1,13.124054,1.361551,13386,0,0
37760,6,2,2,11,1,13.122914,1.361427,13386,0,0
37770,16,2,2,21,1,13.122963,1.361373,13387,0,0
37780,9,3,2,15,1,13.123646,1.361393,13387,0,0
37790,5,0,1,7,1,13.122665,1.361312,13387,0,0
37800,10,1,0,12,1,13.121610,1.361211,13387,0,0
37810,5,0,1,7,1,13.120328,1.361084,13387,0,0
37820,7,1,0,9,1,13.118087,1.360890,13387,0,0
37830,12,2,2,17,1,13.119570,1.361090,13395,0,0
37840,8,1,2,12,1,13.117888,1.360865,13395,0,0
37850,5,1,3,10,1,13.118434,1.360942,13395,0,0
37860,6,0,1,8,1,13.116900,1.360739,13395,0,0
37870,7,0,2,10,1,13.115001,1.360521,13395,0,0
37880,2,0,0,3,1,13.113858,1.360464,13395,0,0
37890,0,0,0,1,1,13.111255,1.360203,13395,0,0
37900,8,1,1,11,1,13.108959,1.359932,13395,0,0
37910,7,0,0,8,1,13.106867,1.359687,13395,0,0
37920,11,1,3,16,1,13.105157,1.359485,13395,0,0
37930,9,0,4,14,1,13.106048,1.359572,13398,0,0
37940,2,0,1,4,1,13.105118,1.359510,13398,0,0
37950,1,0,0,2,1,13.102941,1.359289,13398,0,0
37960,4,0,0,5,1,13.100835,1.359132,13398,0,0
37970,1,0,1,3,1,13.098374,1.358833,13398,0,0
37980,0,0,1,2,1,13.095986,1.358580,13398,0,0
37990,3,2,1,7,1,13.093712,1.358312,13398,0,0
38000,14,4,2,21,1,13.095687,1.358492,13398,0,0
38010,17,1,3,22,1,13.098595,1.358788,13418,0,0
38020,19,3,2,25,1,13.100097,1.358979,13428,0,0
38030,10,1,0,12,1,13.100785,1.359100,13430,0,0
38040,4,0,0,5,1,13.100080,1.359080,13430,0,0
38050,0,0,0,1,1,13.097215,1.358869,13430,0,0
38060,4,0,0,5,1,13.095753,1.358704,13430,0,0
38070,9,2,0,12,1,13.094398,1.358550,13430,0,0
38080,5,2,2,10,1,13.095224,1.358645,13430,0,0
38090,0,0,0,0,0,13.095258,1.358668,13433,0,0
38100,9,4,0,14,1,13.094007,1.358547,13433,0,0
38110,20,6,4,31,1,13.096293,1.358690,13440,0,0
38120,10,0,2,13,1,13.098435,1.358995,13452,0,0
38130,13,3,1,18,1,13.099146,1.359063,13452,0,0
38140,10,0,2,13,1,13.101696,1.359292,13458,0,0
38150,18,0,2,21,1,13.102951,1.359423,13463,0,0
38160,14,2,1,18,1,13.105640,1.359715,13471,0,0
38170,19,4,0,24,1,13.107108,1.359898,13471,0,0
38180,9,2,2,14,1,13.107541,1.359952,13473,0,0
38190,8,0,1,10,1,13.108446,1.360054,13475,0,0
38200,0,0,1,2,1,13.108022,1.359986,13475,0,0
38210,2,1,0,4,1,13.105516,1.359720,13475,0,0
38220,0,0,0,1,1,13.103109,1.359468,13475,0,0
38230,1,0,0,2,1,13.100410,1.359208,13475,0,0
38240,9,0,1,11,1,13.097604,1.358926,13475,0,0
38250,7,1,1,10,1,13.097405,1.358903,13475,0,0
38260,2,0,1,4,1,13.096018,1.358778,13475,0,0
38270,3,0,0,4,1,13.093542,1.358501,13475,0,0
38280,5,0,0,6,1,13.091593,1.358307,13475,0,0
38290,19,3,3,26,1,13.092928,1.358381,13483,0,0
38300,12,2,3,18,1,13.094360,1.358538,13487,0,0
38310,16,0,2,19,1,13.096816,1.358787,13509,0,0
38320,11,0,0,12,1,13.096546,1.358779,13509,0,0
38330,10,4,3,18,1,13.098345,1.359015,13518,0,0
38340,17,3,2,23,1,13.100339,1.359194,13522,0,0
38350,10,2,1,14,1,13.100862,1.359239,13523,0,0
38360,13,2,2,18,1,13.101491,1.359305,13525,0,0
38370,5,0,2,8,1,13.101590,1.359328,13525,0,0
38380,13,2,4,20,1,13.099889,1.359138,13525,0,0
38390,14,2,0,17,1,13.100465,1.359177,13530,0,0
38400,17,2,3,23,1,13.102591,1.359425,13538,0,0
38410,14,3,4,22,1,13.105695,1.359800,13552,0,0
38420,1,1,0,3,1,13.104573,1.359711,13552,0,0
38430,2,0,0,3,1,13.101838,1.359447,13552,0,0
38440,19,1,1,22,1,13.102449,1.359478,13558,0,0
38450,5,0,1,7,1,13.101838,1.359446,13563,0,0
38460,9,0,1,11,1,13.102198,1.359455,13563,0,0
38470,13,1,3,18,1,13.103881,1.359594,13565,0,0
38480,14,5,2,22,1,13.104322,1.359678,13565,0,0
38490,14,4,2,21,1,13.106862,1.359983,13576,0,0
38500,2,0,1,4,1,13.105176,1.359858,13576,0,0
38510,0,0,0,1,1,13.102645,1.359585,13576,0,0
38520,0,0,0,0,0,13.100418,1.359359,13576,0,0
38530,18,0,0,19,1,13.098771,1.359153,13576,0,0
38540,7,1,0,9,1,13.099337,1.359224,13581,0,0
38550,0,0,0,1,1,13.098511,1.359136,13581,0,0
38560,14,1,1,17,1,13.097686,1.359037,13581,0,0
38570,19,1,4,25,1,13.099507,1.359191,13581,0,0
38580,16,0,3,20,1,13.101497,1.359391,13598,0,0
38590,12,0,1,14,1,13.101219,1.359342,13598,0,0
38600,12,1,2,16,1,13.102500,1.359469,13605,0,0
38610,7,0,1,9,1,13.101912,1.359380,13605,0,0
38620,20,2,2,25,1,13.104210,1.359591,13613,0,0
38630,9,4,1,15,1,13.107335,1.359953,13638,0,0
38640,4,0,0,5,1,13.106807,1.359911,13638,0,0
38650,4,2,1,8,1,13.104804,1.359679,13638,0,0
38660,10,0,0,11,1,13.104257,1.359623,13638,0,0
38670,7,1,0,9,1,13.103470,1.359532,13638,0,0
38680,11,0,1,13,1,13.102817,1.359477,13638,0,0
38690,6,1,0,8,1,13.100929,1.359246,13638,0,0
38700,14,1,1,17,1,13.101867,1.359257,13640,0,0
38710,7,2,1,11,1,13.100687,1.359136,13640,0,0
38720,14,0,1,16,1,13.099591,1.358976,13640,0,0
38730,12,2,2,17,1,13.102271,1.359263,13653,0,0
38740,9,3,2,15,1,13.103048,1.359331,13653,0,0
38750,8,2,0,11,1,13.102171,1.359241,13653,0,0
38760,9,0,0,10,1,13.100520,1.359089,13653,0,0
38770,0,0,0,0,0,13.098729,1.358923,13653,0,0
38780,17,3,4,25,1,13.099333,1.358925,13654,0,0
38790,12,3,3,19,1,13.102038,1.359218,13657,0,0
38800,12,1,3,17,1,13.103558,1.359363,13657,0,0
38810,9,0,0,10,1,13.103535,1.359362,13657,0,0
38820,16,0,1,18,1,13.104382,1.359426,13663,0,0
38830,5,2,0,8,1,13.105423,1.359590,13663,0,0
38840,1,1,0,3,1,13.105044,1.359614,13663,0,0
38850,4,0,1,6,1,13.103208,1.359377,13663,0,0
38860,8,0,0,9,1,13.101534,1.359216,13663,0,0
38870,1,0,1,3,1,13.098977,1.358992,13663,0,0
38880,3,1,0,5,1,13.097021,1.358809,13663,0,0
38890,6,0,2,9,1,13.094557,1.358504,13663,0,0
38900,16,1,2,20,1,13.096556,1.358658,13676,0,0
38910,9,4,0,14,1,13.097598,1.358771,13678,0,0
38920,0,0,0,1,1,13.096961,1.358757,13678,0,0
38930,8,1,1,11,1,13.095685,1.358612,13678,0,0
38940,1,0,0,2,1,13.093352,1.358375,13678,0,0
38950,17,0,2,20,1,13.091192,1.358094,13678,0,0
38960,13,1,2,17,1,13.093136,1.358254,13687,0,0
38970,7,1,1,10,1,13.093269,1.358269,13687,0,0
38980,19,1,3,24,1,13.093606,1.358291,13687,0,0
38990,6,0,0,7,1,13.095675,1.358543,13696,0,0
39000,8,4,2,15,1,13.093960,1.358363,13696,0,0
39010,14,1,2,18,1,13.095621,1.358490,13706,0,0
39020,13,4,2,20,1,13.098777,1.358873,13727,0,0
39030,4,0,0,5,1,13.098519,1.358905,13727,0,0
39040,0,0,0,1,1,13.095985,1.358698,13727,0,0
39050,10,0,1,12,1,13.093537,1.358435,13727,0,0
39060,9,0,0,10,1,13.093305,1.358380,13727,0,0
39070,4,2,1,8,1,13.091163,1.358166,13727,0,0
39080,17,1,1,20,1,13.090410,1.358039,13727,0,0
39090,0,0,0,0,0,13.089095,1.357940,13727,0,0
39100,19,1,2,23,1,13.089543,1.357945,13730,0,0
39110,3,0,0,4,1,13.088222,1.357859,13730,0,0
39120,8,0,1,10,1,13.086251,1.357663,13730,0,0
39130,20,3,3,27,1,13.086365,1.357619,13730,0,0
39140,19,5,0,25,1,13.088651,1.357886,13741,0,0
39150,7,0,0,8,1,13.088366,1.357847,13747,0,0
39160,7,0,2,10,1,13.086427,1.357605,13747,0,0
39170,14,0,2,17,1,13.086257,1.357509,13747,0,0
39180,15,0,0,16,1,13.087819,1.357673,13748,0,0
39190,20,1,3,25,1,13.088955,1.357774,13755,0,0
39200,0,0,1,2,1,13.088603,1.357782,13762,0,0
39210,7,0,0,8,1,13.087650,1.357674,13762,0,0
39220,9,0,2,12,1,13.088481,1.357722,13764,0,0
39230,1,0,1,3,1,13.088107,1.357674,13766,0,0
39240,9,0,0,10,1,13.087127,1.357527,13766,0,0
39250,4,0,1,6,1,13.086420,1.357444,13766,0,0
39260,10,2,2,15,1,13.084538,1.357236,13766,0,0
39270,15,1,4,21,1,13.086219,1.357394,13776,0,0
39280,18,4,6,29,1,13.088583,1.357609,13784,0,0
39290,18,2,1,22,1,13.091921,1.357996,13803,0,0
39300,11,1,0,13,1,13.093965,1.358241,13807,0,0
39310,19,2,5,27,1,13.096378,1.358472,13818,0,0
39320,5,1,0,7,1,13.094645,1.358376,13818,0,0
39330,3,0,0,4,1,13.093243,1.358239,13818,0,0
39340,13,2,2,18,1,13.093089,1.358167,13818,0,0
39350,0,0,0,1,1,13.092387,1.358135,13818,0,0
39360,20,8,5,34,1,13.091956,1.358020,13819,0,0
39370,18,2,6,27,1,13.097080,1.358639,13861,0,0
39380,3,0,0,4,1,13.098662,1.358805,13863,0,0
39390,17,3,2,23,1,13.100266,1.358929,13874,0,0
39400,20,0,4,25,1,13.103665,1.359330,13901,0,0
39410,18,0,3,22,1,13.105800,1.359542,13904,0,0
39420,20,0,2,23,1,13.108256,1.359734,13915,0,0
39430,3,1,0,5,1,13.108234,1.359762,13916,0,0
39440,6,0,0,7,1,13.107477,1.359710,13916,0,0
39450,0,0,1,2,1,13.105120,1.359527,13916,0,0
39460,15,0,2,18,1,13.104469,1.359411,13916,0,0
39470,19,2,4,26,1,13.107062,1.359692,13942,0,0
39480,14,2,5,22,1,13.109073,1.359874,13953,0,0
39490,14,1,2,18,1,13.109489,1.359901,13953,0,0
39500,4,0,0,5,1,13.109654,1.359912,13953,0,0
39510,14,2,3,20,1,13.110471,1.359970,13963,0,0
39520,1,0,0,2,1,13.110370,1.360003,13964,0,0
39530,0,0,0,1,1,13.108122,1.359789,13964,0,0
39540,8,3,2,14,1,13.106756,1.359603,13964,0,0
39550,2,1,0,4,1,13.104640,1.359413,13964,0,0
39560,1,2,0,4,1,13.101964,1.359151,13964,0,0
39570,11,1,1,14,1,13.103298,1.359277,13977,0,0
39580,1,0,0,2,1,13.102255,1.359216,13977,0,0
39590,12,2,1,16,1,13.103287,1.359250,13977,0,0
39600,3,1,1,6,1,13.103337,1.359289,13977,0,0
39610,0,0,0,1,1,13.101050,1.359067,13977,0,0
39620,18,0,5,24,1,13.100629,1.358971,13981,0,0
39630,13,1,0,15,1,13.103571,1.359307,13997,0,0
39640,14,1,2,18,1,13.101802,1.359096,13997,0,0
39650,8,1,2,12,1,13.101802,1.359097,13997,0,0
39660,15,1,0,17,1,13.100920,1.358982,13997,0,0
39670,13,0,1,15,1,13.100785,1.358959,13997,0,0
39680,5,1,0,7,1,13.099662,1.358862,13997,0,0
39690,5,0,1,7,1,13.098537,1.358747,13997,0,0
39700,9,0,2,12,1,13.097419,1.358586,13997,0,0
39710,17,1,0,19,1,13.099567,1.358821,14004,0,0
39720,14,0,0,15,1,13.101362,1.359040,14015,0,0
39730,19,0,3,23,1,13.102072,1.359045,14015,0,0
39740,3,0,1,5,1,13.101708,1.359030,14015,0,0
39750,0,0,1,2,1,13.099922,1.358853,14015,0,0
39760,13,1,0,15,1,13.099411,1.358755,14015,0,0
39770,3,0,1,5,1,13.100334,1.358842,14021,0,0
39780,1,0,0,2,1,13.098022,1.358610,14021,0,0
39790,11,3,0,15,1,13.096865,1.358478,14021,0,0
39800,2,0,1,4,1,13.096528,1.358476,14022,0,0
39810,4,1,0,6,1,13.094172,1.358237,14022,0,0
39820,11,2,0,14,1,13.092818,1.358126,14022,0,0
39830,14,1,1,17,1,13.092349,1.358075,14022,0,0
39840,10,3,1,15,1,13.093410,1.358176,14023,0,0
39850,19,1,5,26,1,13.094554,1.358240,14025,0,0
39860,17,0,2,20,1,13.096600,1.358464,14031,0,0
39870,13,1,2,17,1,13.098546,1.358635,14041,0,0
39880,5,1,1,8,1,13.098802,1.358628,14041,0,0
39890,17,2,2,22,1,13.097760,1.358433,14041,0,0
39900,9,2,1,13,1,13.097921,1.358479,14048,0,0
39910,14,1,1,17,1,13.098861,1.358568,14051,0,0
39920,13,3,1,18,1,13.100639,1.358747,14053,0,0
39930,15,5,0,21,1,13.102200,1.358871,14057,0,0
39940,1,1,2,5,1,13.100639,1.358817,14057,0,0
39950,0,0,1,2,1,13.099294,1.358664,14057,0,0
39960,11,4,0,16,1,13.097933,1.358497,14057,0,0
39970,16,1,3,21,1,13.099776,1.358665,14065,0,0
39980,7,1,1,10,1,13.100990,1.358834,14071,0,0
39990,0,0,0,1,1,13.099286,1.358659,14071,0,0
40000,3,1,0,5,1,13.096963,1.358416,14071,0,0
40010,2,1,1,5,1,13.094427,1.358144,14071,0,0
40020,8,0,0,9,1,13.092253,1.357934,14071,0,0
40030,7,0,1,9,1,13.090049,1.357671,14071,0,0
40040,6,0,1,8,1,13.088439,1.357478,14071,0,0
40050,7,0,2,10,1,13.085953,1.357239,14071,0,0
40060,20,1,1,23,1,13.084499,1.357086,14075,0,0
40070,16,1,3,21,1,13.087139,1.357393,14090,0,0
40080,14,0,2,17,1,13.088681,1.357526,14099,0,0
40090,2,2,2,7,1,13.089038,1.357565,14099,0,0
40100,0,0,0,1,1,13.086972,1.357398,14099,0,0
40110,2,0,0,3,1,13.085000,1.357209,14099,0,0
40120,10,0,0,11,1,13.084769,1.357126,14099,0,0
40130,14,1,3,19,1,13.084289,1.357061,14099,0,0
40140,13,4,2,20,1,13.085306,1.357160,14102,0,0
40150,16,4,6,27,1,13.088025,1.357454,14119,0,0
40160,1,0,0,2,1,13.086966,1.357350,14119,0,0
40170,0,0,0,0,0,13.085015,1.357121,14119,0,0
40180,5,0,0,6,1,13.082892,1.356884,14119,0,0
40190,16,2,1,20,1,13.081627,1.356758,14119,0,0
40200,1,0,0,2,1,13.079742,1.356620,14119,0,0
40210,6,1,0,8,1,13.077880,1.356460,14119,0,0
40220,0,0,0,1,1,13.076290,1.356262,14119,0,0
40230,3,0,0,4,1,13.073935,1.356001,14119,0,0
40240,4,0,0,5,1,13.071988,1.355780,14119,0,0
40250,2,1,1,5,1,13.069545,1.355500,14119,0,0
40260,14,2,4,21,1,13.069640,1.355487,14119,0,0
40270,17,1,2,21,1,13.072135,1.355761,14133,0,0
40280,9,4,0,14,1,13.072284,1.355778,14133,0,0
40290,3,0,0,4,1,13.070162,1.355552,14133,0,0
40300,11,0,1,13,1,13.069512,1.355444,14133,0,0
40310,9,2,1,13,1,13.070465,1.355510,14133,0,0
40320,3,0,0,4,1,13.068574,1.355333,14133,0,0
40330,4,2,4,11,1,13.067066,1.355171,14133,0,0
40340,11,1,4,17,1,13.068384,1.355285,14143,0,0
40350,5,1,0,7,1,13.068786,1.355349,14143,0,0
40360,15,2,0,18,1,13.069859,1.355409,14145,0,0
40370,15,1,1,18,1,13.070382,1.355458,14145,0,0
40380,0,0,0,0,0,13.071216,1.355581,14150,0,0
40390,12,2,0,15,1,13.070335,1.355487,14150,0,0
40400,19,1,2,23,1,13.069798,1.355385,14150,0,0
40410,4,1,0,6,1,13.068477,1.355221,14150,0,0
40420,5,0,0,6,1,13.068160,1.355162,14150,0,0
40430,4,1,0,6,1,13.067036,1.355037,14150,0,0
40440,14,3,4,22,1,13.066607,1.354973,14150,0,0
40450,14,6,3,24,1,13.068681,1.355203,14163,0,0
40460,0,0,0,0,0,13.068117,1.355209,14163,0,0
40470,10,1,0,12,1,13.067273,1.355091,14163,0,0
40480,0,0,0,1,1,13.067205,1.355093,14167,0,0
40490,11,0,3,15,1,13.066644,1.355008,14167,0,0
40500,2,0,1,4,1,13.065346,1.354913,14167,0,0
40510,13,1,3,18,1,13.065971,1.354945,14168,0,0
40520,16,1,2,20,1,13.067391,1.355083,14173,0,0
40530,6,1,0,8,1,13.068374,1.355152,14173,0,0
40540,19,1,2,23,1,13.070125,1.355318,14181,0,0
40550,14,1,0,16,1,13.071900,1.355552,14195,0,0
40560,20,1,2,24,1,13.074418,1.355832,14207,0,0
40570,9,0,1,11,1,13.075893,1.356024,14210,0,0
40580,17,5,1,24,1,13.076144,1.355986,14214,0,0
40590,0,0,0,1,1,13.074895,1.355921,14214,0,0
40600,8,1,1,11,1,13.074336,1.355888,14214,0,0
40610,12,1,2,16,1,13.073295,1.355782,14214,0,0
40620,16,3,2,22,1,13.073370,1.355722,14214,0,0
40630,10,2,0,13,1,13.072969,1.355678,14214,0,0
40640,9,3,1,14,1,13.072882,1.355685,14214,0,0
40650,17,3,0,21,1,13.073855,1.355766,14216,0,0
40660,17,5,5,28,1,13.076453,1.356013,14231,0,0
40670,5,1,2,9,1,13.078234,1.356220,14236,0,0
40680,8,0,0,9,1,13.078330,1.356249,14236,0,0
40690,19,2,2,24,1,13.078656,1.356263,14239,0,0
40700,5,0,0,6,1,13.078021,1.356244,14239,0,0
40710,19,3,2,25,1,13.077043,1.356078,14239,0,0
40720,16,1,2,20,1,13.078636,1.356238,14239,0,0
40730,18,1,5,25,1,13.080372,1.356454,14258,0,0
40740,19,1,3,24,1,13.083889,1.356837,14282,0,0
40750,14,1,0,16,1,13.085493,1.357026,14291,0,0
40760,11,1,3,16,1,13.085844,1.357098,14291,0,0
40770,13,5,4,23,1,13.086778,1.357186,14291,0,0
40780,15,1,4,21,1,13.089204,1.357426,14294,0,0
40790,5,0,1,7,1,13.090224,1.357560,14297,0,0
40800,9,2,1,13,1,13.088367,1.357380,14297,0,0
40810,20,8,3,32,1,13.090619,1.357608,14314,0,0
40820,9,0,2,12,1,13.092879,1.357916,14327,0,0
40830,11,0,3,15,1,13.094315,1.358049,14330,0,0
40840,0,0,0,0,0,13.092608,1.357912,14330,0,0
40850,0,1,0,2,1,13.092048,1.357814,14330,0,0
40860,9,0,0,10,1,13.089784,1.357570,14330,0,0
40870,14,0,4,19,1,13.088841,1.357480,14330,0,0
40880,17,1,4,23,1,13.091264,1.357757,14358,0,0
40890,0,0,0,1,1,13.089834,1.357641,14358,0,0
40900,5,2,0,8,1,13.087392,1.357441,14358,0,0
40910,7,1,0,9,1,13.085885,1.357297,14358,0,0
40920,12,1,0,14,1,13.085395,1.357251,14358,0,0
40930,4,0,1,6,1,13.083418,1.357050,14358,0,0
40940,4,0,1,6,1,13.081324,1.356838,14358,0,0
40950,1,0,1,3,1,13.078573,1.356630,14358,0,0
40960,6,1,1,9,1,13.076340,1.356427,14358,0,0
40970,20,2,1,24,1,13.076417,1.356371,14358,0,0
40980,20,2,3,26,1,13.077981,1.356490,14366,0,0
40990,5,1,2,9,1,13.079538,1.356660,14366,0,0
41000,13,3,3,20,1,13.079590,1.356643,14368,0,0
41010,12,4,2,19,1,13.080602,1.356749,14368,0,0
41020,6,0,1,8,1,13.080935,1.356795,14369,0,0
41030,4,1,0,6,1,13.079041,1.356535,14369,0,0
41040,5,2,2,10,1,13.077129,1.356321,14369,0,0
41050,17,1,0,19,1,13.078354,1.356470,14384,0,0
41060,20,1,2,24,1,13.080943,1.356778,14405,0,0
41070,17,2,1,21,1,13.084624,1.357182,14419,0,0
41080,13,4,6,24,1,13.084992,1.357183,14419,0,0
41090,11,1,2,15,1,13.086836,1.357369,14423,0,0
41100,14,3,1,19,1,13.088698,1.357499,14430,0,0
41110,13,4,0,18,1,13.089881,1.357619,14437,0,0
41120,8,0,2,11,1,13.090938,1.357730,14439,0,0
41130,16,2,4,23,1,13.092903,1.357936,14449,0,0
41140,3,1,3,8,1,13.093014,1.358010,14449,0,0
41150,3,1,0,5,1,13.091048,1.357852,14449,0,0
41160,12,2,1,16,1,13.089627,1.357692,14449,0,0
41170,5,1,0,7,1,13.087985,1.357537,14449,0,0
41180,3,2,1,7,1,13.085963,1.357308,14449,0,0
41190,17,3,4,25,1,13.086120,1.357268,14450,0,0
41200,5,0,0,6,1,13.086947,1.357413,14450,0,0
41210,0,0,0,0,0,13.084661,1.357161,14450,0,0
41220,0,0,0,1,1,13.082042,1.356863,14450,0,0
41230,0,0,0,0,0,13.079568,1.356642,14450,0,0
41240,7,1,0,9,1,13.077874,1.356440,14450,0,0
41250,10,2,4,17,1,13.075520,1.356194,14450,0,0
41260,0,0,0,1,1,13.075246,1.356177,14450,0,0
41270,7,0,0,8,1,13.074400,1.356050,14450,0,0
41280,13,1,0,15,1,13.074169,1.355990,14450,0,0
41290,3,0,1,5,1,13.073385,1.355886,14450,0,0
41300,3,1,1,6,1,13.072006,1.355728,14450,0,0
41310,9,1,0,11,1,13.072017,1.355662,14453,0,0
41320,19,1,3,24,1,13.073485,1.355802,14459,0,0
41330,18,3,5,27,1,13.075972,1.356048,14470,0,0
41340,0,0,0,1,1,13.075101,1.356003,14472,0,0
41350,15,4,0,20,1,13.075902,1.356061,14487,0,0
41360,4,1,0,6,1,13.076315,1.356057,14487,0,0
41370,5,2,1,9,1,13.074338,1.355854,14487,0,0
41380,3,0,0,4,1,13.072586,1.355657,14487,0,0
41390,0,0,0,1,1,13.069938,1.355407,14487,0,0
41400,17,3,1,22,1,13.069046,1.355303,14489,0,0
41410,9,1,1,12,1,13.070352,1.355460,14492,0,0
41420,1,0,0,2,1,13.068248,1.355230,14492,0,0
41430,0,0,0,0,0,13.065743,1.355036,14492,0,0
41440,20,1,3,25,1,13.065077,1.354982,14492,0,0
41450,16,1,1,19,1,13.066801,1.355152,14505,0,0
41460,5,0,0,6,1,13.065675,1.355040,14505,0,0
41470,10,1,0,12,1,13.064198,1.354871,14505,0,0
41480,12,0,2,15,1,13.063830,1.354831,14505,0,0
41490,16,1,3,21,1,13.064622,1.354955,14511,0,0
41500,19,3,1,24,1,13.066381,1.355166,14520,0,0
41510,2,1,0,4,1,13.067297,1.355293,14521,0,0
41520,8,4,2,15,1,13.065476,1.355082,14521,0,0
41530,16,2,3,22,1,13.066693,1.355223,14521,0,0
41540,20,1,2,24,1,13.068245,1.355362,14524,0,0
41550,20,2,0,23,1,13.069630,1.355497,14534,0,0
41560,20,5,1,27,1,13.072512,1.355838,14548,0,0
41570,10,0,1,12,1,13.072755,1.355884,14548,0,0
41580,5,1,0,7,1,13.071123,1.355727,14548,0,0
41590,18,2,3,24,1,13.072383,1.355859,14558,0,0
41600,18,3,3,25,1,13.074170,1.356073,14559,0,0
41610,20,4,4,29,1,13.076200,1.356251,14561,0,0
41620,0,0,0,0,0,13.077294,1.356443,14565,0,0
41630,9,0,3,13,1,13.075244,1.356188,14565,0,0
41640,1,0,0,2,1,13.073777,1.356085,14565,0,0
41650,2,0,1,4,1,13.072430,1.355930,14565,0,0
41660,0,0,0,1,1,13.070077,1.355737,14565,0,0
41670,13,1,0,15,1,13.068554,1.355537,14565,0,0
41680,4,1,0,6,1,13.069093,1.355594,14567,0,0
41690,0,0,0,1,1,13.066477,1.355338,14567,0,0
41700,20,3,0,24,1,13.065084,1.355151,14572,0,0
41710,9,2,2,14,1,13.066789,1.355356,14580,0,0
41720,13,2,4,20,1,13.068498,1.355508,14592,0,0
41730,18,4,1,24,1,13.071043,1.355793,14621,0,0
41740,13,1,2,17,1,13.072543,1.355967,14623,0,0
41750,7,2,1,11,1,13.074473,1.356196,14634,0,0
41760,18,4,3,26,1,13.075599,1.356304,14648,0,0
41770,5,0,1,7,1,13.077187,1.356470,14659,0,0
41780,15,1,4,21,1,13.078292,1.356542,14659,0,0
41790,15,3,1,20,1,13.081005,1.356828,14678,0,0
41800,1,1,0,3,1,13.080213,1.356774,14678,0,0
41810,4,1,1,7,1,13.078779,1.356587,14678,0,0
41820,8,2,1,12,1,13.076851,1.356374,14678,0,0
41830,18,3,4,26,1,13.077857,1.356433,14684,0,0
41840,19,5,7,32,1,13.081313,1.356800,14701,0,0
41850,0,0,0,0,0,13.083251,1.357046,14716,0,0
41860,5,1,1,8,1,13.081038,1.356794,14716,0,0
41870,1,0,0,2,1,13.078792,1.356576,14716,0,0
41880,13,0,4,18,1,13.080190,1.356685,14724,0,0
41890,12,2,1,16,1,13.080776,1.356714,14724,0,0
41900,15,5,1,22,1,13.083235,1.356997,14746,0,0
41910,5,2,0,8,1,13.083929,1.357067,14746,0,0
41920,1,0,0,2,1,13.081932,1.356902,14746,0,0
41930,10,2,3,16,1,13.080411,1.356722,14746,0,0
41940,6,0,0,7,1,13.080256,1.356714,14746,0,0
41950,0,0,0,1,1,13.078373,1.356540,14746,0,0
41960,7,2,1,11,1,13.078464,1.356504,14746,0,0
41970,0,0,1,2,1,13.077825,1.356449,14746,0,0
41980,4,0,1,6,1,13.075395,1.356222,14746,0,0
41990,6,3,3,13,1,13.073435,1.355993,14746,0,0
42000,19,3,7,30,1,13.073888,1.355985,14747,0,0
42010,19,4,2,26,1,13.077795,1.356452,14776,0,0
42020,7,2,1,11,1,13.079194,1.356655,14786,0,0
42030,13,3,2,19,1,13.080234,1.356694,14792,0,0
42040,17,3,3,24,1,13.080823,1.356740,14792,0,0
42050,0,0,0,1,1,13.082780,1.356988,14793,0,0
42060,16,0,4,21,1,13.081782,1.356855,14793,0,0
42070,7,1,0,9,1,13.080422,1.356679,14793,0,0
42080,7,1,1,10,1,13.079956,1.356642,14793,0,0
42090,12,1,0,14,1,13.078261,1.356494,14793,0,0
42100,17,1,4,23,1,13.078972,1.356556,14797,0,0
42110,19,2,2,24,1,13.080905,1.356708,14809,0,0
42120,15,2,8,26,1,13.083746,1.357020,14825,0,0
42130,12,3,2,18,1,13.086748,1.357340,14843,0,0
42140,12,4,0,17,1,13.088973,1.357579,14858,0,0
42150,4,1,0,6,1,13.087478,1.357428,14858,0,0
42160,3,1,0,5,1,13.085658,1.357221,14858,0,0
42170,7,0,1,9,1,13.083626,1.356975,14858,0,0
42180,20,2,2,25,1,13.083382,1.356894,14862,0,0
42190,15,4,1,21,1,13.085791,1.357172,14876,0,0
42200,6,1,1,9,1,13.086671,1.357272,14876,0,0
42210,0,0,0,0,0,13.084520,1.357103,14876,0,0
42220,0,0,0,1,1,13.082501,1.356895,14876,0,0
42230,3,0,3,7,1,13.079925,1.356603,14876,0,0
42240,11,2,1,15,1,13.078263,1.356445,14876,0,0
42250,16,1,1,19,1,13.079637,1.356572,14876,0,0
42260,13,2,0,16,1,13.080511,1.356651,14879,0,0
42270,0,0,0,0,0,13.078465,1.356477,14879,0,0
42280,15,3,0,19,1,13.078412,1.356473,14886,0,0
42290,11,1,2,15,1,13.080808,1.356723,14899,0,0
42300,6,1,1,9,1,13.080471,1.356682,14899,0,0
42310,7,2,0,10,1,13.079904,1.356595,14899,0,0
42320,18,4,0,23,1,13.080925,1.356672,14899,0,0
42330,16,3,1,21,1,13.082917,1.356894,14904,0,0
42340,7,1,1,10,1,13.082209,1.356868,14904,0,0
42350,13,0,2,16,1,13.083319,1.356928,14906,0,0
42360,16,4,1,22,1,13.083416,1.356913,14906,0,0
42370,4,1,1,7,1,13.083859,1.356984,14906,0,0
42380,3,0,1,5,1,13.081460,1.356769,14906,0,0
42390,1,0,0,2,1,13.078811,1.356506,14906,0,0
42400,3,1,1,6,1,13.076661,1.356251,14906,0,0
42410,6,0,0,7,1,13.074909,1.356068,14906,0,0
42420,12,2,1,16,1,13.074651,1.355996,14906,0,0
42430,20,1,1,23,1,13.076911,1.356208,14912,0,0
42440,19,3,2,25,1,13.077981,1.356314,14917,0,0
42450,17,2,2,22,1,13.080727,1.356590,14945,0,0
42460,0,0,0,1,1,13.080591,1.356591,14945,0,0
42470,5,0,1,7,1,13.080343,1.356563,14945,0,0
42480,13,0,2,16,1,13.078673,1.356365,14945,0,0
42490,3,1,1,6,1,13.077812,1.356261,14945,0,0
42500,0,0,0,1,1,13.075788,1.356075,14945,0,0
42510,8,2,1,12,1,13.073740,1.355805,14945,0,0
42520,2,0,1,4,1,13.072189,1.355619,14945,0,0
42530,0,0,0,0,0,13.070500,1.355438,14945,0,0
42540,12,0,2,15,1,13.068456,1.355198,14945,0,0
42550,11,2,2,16,1,13.067284,1.355058,14945,0,0
42560,2,0,0,3,1,13.067452,1.355087,14945,0,0
42570,0,0,0,1,1,13.065943,1.354929,14945,0,0
42580,9,0,3,13,1,13.064148,1.354681,14945,0,0
42590,2,2,0,5,1,13.063357,1.354597,14945,0,0
42600,9,1,0,11,1,13.063936,1.354580,14953,0,0
42610,5,1,1,8,1,13.064395,1.354612,14955,0,0
42620,15,3,1,20,1,13.065975,1.354731,14963,0,0
42630,2,0,0,3,1,13.066063,1.354818,14969,0,0
42640,11,1,0,13,1,13.064474,1.354645,14969,0,0
42650,1,0,1,3,1,13.064962,1.354756,14971,0,0
42660,0,0,0,1,1,13.063599,1.354603,14971,0,0
42670,4,2,1,8,1,13.061868,1.354418,14971,0,0
42680,0,0,0,1,1,13.061305,1.354325,14971,0,0
42690,10,3,2,16,1,13.061083,1.354284,14971,0,0
42700,18,1,2,22,1,13.063133,1.354475,14980,0,0
42710,17,1,5,24,1,13.064410,1.354573,14988,0,0
42720,14,2,3,20,1,13.066047,1.354777,14994,0,0
42730,15,0,0,16,1,13.067539,1.354943,15002,0,0
42740,5,1,2,9,1,13.066367,1.354842,15002,0,0
42750,5,2,0,8,1,13.064155,1.354641,15002,0,0
42760,10,3,1,15,1,13.063348,1.354522,15002,0,0
42770,10,1,0,12,1,13.063377,1.354497,15002,0,0
42780,19,2,2,24,1,13.065740,1.354681,15009,0,0
42790,15,4,3,23,1,13.067920,1.354876,15012,0,0
42800,19,3,2,25,1,13.070216,1.355086,15022,0,0
42810,20,3,1,25,1,13.072765,1.355394,15037,0,0
42820,20,3,1,25,1,13.076293,1.355827,15071,0,0
42830,14,2,3,20,1,13.076325,1.355812,15075,0,0
42840,18,3,1,23,1,13.078674,1.356061,15095,0,0
42850,19,1,0,21,1,13.080822,1.356301,15100,0,0
42860,8,1,1,11,1,13.079215,1.356205,15100,0,0
42870,20,4,4,29,1,13.080926,1.356338,15113,0,0
42880,7,1,1,10,1,13.083216,1.356593,15129,0,0
42890,18,3,1,23,1,13.084959,1.356759,15138,0,0
42900,13,1,0,15,1,13.086441,1.356931,15147,0,0
42910,20,2,2,25,1,13.088298,1.357102,15160,0,0
42920,18,2,1,22,1,13.090068,1.357323,15180,0,0
42930,18,2,2,23,1,13.092552,1.357611,15189,0,0
42940,6,4,1,12,1,13.094166,1.357770,15199,0,0
42950,3,1,2,7,1,13.092651,1.357628,15199,0,0
42960,15,1,1,18,1,13.091964,1.357541,15199,0,0
42970,20,2,3,26,1,13.092999,1.357549,15201,0,0
42980,10,2,0,13,1,13.094517,1.357711,15203,0,0
42990,5,1,0,7,1,13.093544,1.357618,15203,0,0
43000,5,0,1,7,1,13.092237,1.357500,15203,0,0
43010,4,0,0,5,1,13.090263,1.357294,15203,0,0
43020,17,1,3,22,1,13.089874,1.357219,15205,0,0
43030,11,0,3,15,1,13.091392,1.357381,15215,0,0
43040,18,6,5,30,1,13.094339,1.357698,15238,0,0
43050,20,3,1,25,1,13.097380,1.358070,15258,0,0
43060,1,2,0,4,1,13.098492,1.358239,15272,0,0
43070,2,0,0,3,1,13.096826,1.358091,15272,0,0
43080,3,3,0,7,1,13.094599,1.357845,15272,0,0
43090,18,0,0,19,1,13.093653,1.357706,15272,0,0
43100,2,0,1,4,1,13.093289,1.357686,15272,0,0
43110,4,0,0,5,1,13.092001,1.357488,15272,0,0
43120,6,0,3,10,1,13.091117,1.357398,15272,0,0
43130,9,2,2,14,1,13.091109,1.357402,15272,0,0
43140,13,0,0,14,1,13.093072,1.357600,15275,0,0
43150,15,2,1,19,1,13.094508,1.357741,15277,0,0
43160,14,2,1,18,1,13.096650,1.357961,15286,0,0
43170,19,1,2,23,1,13.098231,1.358110,15291,0,0
43180,1,0,0,2,1,13.096941,1.358020,15291,0,0
43190,7,1,0,9,1,13.094941,1.357854,15291,0,0
43200,15,0,3,19,1,13.095725,1.357936,15292,0,0
43210,0,0,0,0,0,13.093683,1.357759,15292,0,0
43220,11,0,2,14,1,13.092467,1.357611,15292,0,0
43230,9,1,2,13,1,13.094319,1.357821,15303,0,0
43240,10,1,0,12,1,13.092744,1.357633,15303,0,0
43250,10,0,0,11,1,13.093272,1.357689,15303,0,0
43260,0,0,0,0,0,13.091339,1.357510,15303,0,0
43270,2,0,3,6,1,13.089552,1.357345,15303,0,0
43280,1,1,1,4,1,13.087771,1.357178,15303,0,0
43290,12,1,2,16,1,13.088001,1.357213,15303,0,0
43300,0,0,0,1,1,13.087917,1.357203,15308,0,0
43310,18,4,5,28,1,13.090003,1.357404,15327,0,0
43320,20,2,2,25,1,13.092363,1.357673,15352,0,0
43330,19,0,3,23,1,13.094579,1.357930,15362,0,0
43340,18,5,5,29,1,13.097641,1.358304,15377,0,0
43350,8,1,2,12,1,13.098465,1.358417,15379,0,0
43360,14,2,1,18,1,13.097569,1.358254,15379,0,0
43370,10,2,0,13,1,13.098955,1.358393,15380,0,0
43380,8,0,0,9,1,13.098247,1.358282,15380,0,0
43390,3,0,2,6,1,13.096346,1.358119,15380,0,0
43400,3,0,0,4,1,13.095132,1.358014,15380,0,0
43410,7,3,2,13,1,13.094864,1.357955,15380,0,0
43420,11,3,0,15,1,13.096109,1.358105,15383,0,0
43430,8,0,0,9,1,13.095033,1.357991,15383,0,0
43440,8,0,0,9,1,13.092529,1.357779,15383,0,0
43450,0,0,0,0,0,13.090764,1.357613,15383,0,0
43460,11,2,2,16,1,13.090157,1.357490,15383,0,0
43470,2,0,0,3,1,13.089890,1.357460,15384,0,0
43480,9,0,0,10,1,13.088869,1.357362,15384,0,0
43490,13,2,3,19,1,13.089584,1.357409,15384,0,0
43500,20,2,3,26,1,13.091238,1.357572,15398,0,0
43510,11,1,2,15,1,13.092175,1.357654,15400,0,0
43520,12,0,0,13,1,13.093326,1.357759,15401,0,0
43530,16,4,2,23,1,13.093267,1.357728,15407,0,0
43540,2,0,0,3,1,13.094033,1.357832,15408,0,0
43550,1,0,0,2,1,13.091932,1.357619,15408,0,0
43560,13,4,2,20,1,13.090944,1.357479,15408,0,0
43570,0,1,0,2,1,13.090280,1.357453,15408,0,0
43580,10,0,2,13,1,13.088710,1.357308,15408,0,0
43590,10,5,0,16,1,13.089589,1.357375,15409,0,0
43600,16,1,1,19,1,13.091023,1.357541,15414,0,0
43610,17,5,1,24,1,13.091620,1.357569,15414,0,0
43620,11,1,4,17,1,13.093148,1.357729,15414,0,0
43630,9,0,2,12,1,13.093934,1.357831,15414,0,0
43640,18,0,5,24,1,13.095657,1.358014,15423,0,0
43650,18,3,1,23,1,13.097578,1.358205,15434,0,0
43660,0,0,0,0,0,13.098922,1.358404,15447,0,0
43670,0,1,0,2,1,13.096709,1.358163,15447,0,0
43680,3,0,1,5,1,13.094754,1.357952,15447,0,0
43690,18,2,4,25,1,13.095834,1.358046,15447,0,0
43700,18,2,3,24,1,13.098566,1.358347,15466,0,0
43710,18,4,5,28,1,13.100670,1.358528,15470,0,0
43720,18,3,3,25,1,13.103398,1.358828,15479,0,0
43730,17,5,2,25,1,13.105874,1.359122,15486,0,0
43740,14,5,2,22,1,13.108254,1.359392,15508,0,0
43750,8,1,3,13,1,13.110564,1.359650,15519,0,0
43760,3,0,0,4,1,13.110556,1.359676,15522,0,0
43770,0,0,0,1,1,13.109132,1.359501,15522,0,0
43780,1,0,0,2,1,13.106568,1.359284,15522,0,0
43790,16,3,0,20,1,13.108070,1.359422,15544,0,0
43800,0,0,0,1,1,13.108378,1.359455,15548,0,0
43810,2,1,0,4,1,13.106321,1.359211,15548,0,0
43820,0,0,0,0,0,13.103883,1.358966,15548,0,0
43830,17,3,2,23,1,13.104245,1.358963,15557,0,0
43840,18,2,1,22,1,13.106417,1.359206,15566,0,0
43850,14,4,2,21,1,13.107744,1.359364,15566,0,0
43860,11,0,0,12,1,13.108523,1.359427,15566,0,0
43870,8,1,0,10,1,13.107292,1.359294,15566,0,0
43880,17,1,1,20,1,13.106450,1.359160,15566,0,0
43890,7,3,0,11,1,13.107112,1.359189,15574,0,0
43900,17,1,3,22,1,13.108311,1.359282,15574,0,0
43910,17,3,5,26,1,13.110209,1.359439,15591,0,0
43920,17,3,3,24,1,13.112809,1.359732,15614,0,0
43930,18,1,2,22,1,13.113473,1.359790,15614,0,0
43940,20,1,1,23,1,13.114322,1.359847,15619,0,0
43950,1,1,0,3,1,13.113769,1.359810,15619,0,0
43960,3,0,0,4,1,13.112077,1.359617,15619,0,0
43970,8,0,1,10,1,13.111814,1.359588,15619,0,0
43980,12,2,2,17,1,13.110606,1.359429,15619,0,0
43990,17,2,5,25,1,13.111831,1.359576,15621,0,0
44000,13,3,2,19,1,13.114328,1.359846,15633,0,0
44010,6,3,0,10,1,13.115943,1.360051,15655,0,0
44020,5,2,1,9,1,13.115184,1.359935,15655,0,0
44030,13,2,0,16,1,13.113835,1.359764,15655,0,0
44040,6,2,0,9,1,13.114609,1.359859,15655,0,0
44050,18,2,3,24,1,13.114773,1.359823,15655,0,0
44060,6,0,0,7,1,13.116422,1.360101,15662,0,0
44070,14,3,1,19,1,13.117069,1.360134,15662,0,0
44080,17,0,1,19,1,13.118147,1.360263,15673,0,0
44090,18,4,4,27,1,13.118688,1.360298,15673,0,0
44100,18,2,2,23,1,13.119681,1.360444,15677,0,0
44110,19,3,1,24,1,13.121729,1.360668,15686,0,0
44120,16,0,2,19,1,13.122626,1.360759,15691,0,0
44130,15,3,0,19,1,13.125004,1.361020,15702,0,0
44140,12,1,1,15,1,13.123812,1.360885,15702,0,0
44150,13,0,0,14,1,13.124307,1.360877,15703,0,0
44160,5,1,2,9,1,13.123304,1.360774,15703,0,0
44170,11,1,0,13,1,13.123403,1.360786,15703,0,0
44180,13,2,3,19,1,13.123473,1.360785,15703,0,0
44190,0,0,0,1,1,13.122743,1.360762,15703,0,0
44200,14,3,1,19,1,13.122244,1.360702,15703,0,0
44210,18,2,3,24,1,13.124900,1.360978,15724,0,0
44220,9,0,0,10,1,13.125482,1.360986,15725,0,0
44230,1,0,0,2,1,13.124166,1.360848,15725,0,0
44240,7,0,1,9,1,13.123125,1.360741,15725,0,0
44250,3,1,1,6,1,13.122192,1.360694,15725,0,0
44260,2,0,0,3,1,13.119794,1.360469,15725,0,0
44270,4,1,0,6,1,13.117683,1.360235,15725,0,0
44280,0,0,0,1,1,13.115491,1.360003,15725,0,0
44290,13,0,1,15,1,13.115557,1.359948,15726,0,0
44300,11,1,3,16,1,13.117578,1.360143,15739,0,0
44310,8,3,2,14,1,13.118313,1.360220,15741,0,0
44320,19,5,2,27,1,13.118808,1.360241,15744,0,0
44330,2,2,1,6,1,13.119811,1.360407,15755,0,0
44340,8,0,1,10,1,13.117654,1.360163,15755,0,0
44350,13,2,0,16,1,13.118272,1.360193,15755,0,0
44360,12,2,0,15,1,13.119961,1.360354,15759,0,0
44370,20,1,5,27,1,13.121784,1.360582,15784,0,0
44380,16,1,3,21,1,13.124267,1.360886,15802,0,0
44390,16,5,3,25,1,13.126877,1.361154,15815,0,0
44400,10,0,2,13,1,13.128280,1.361340,15821,0,0
44410,4,1,0,6,1,13.126316,1.361147,15821,0,0
44420,10,1,2,14,1,13.125641,1.361062,15821,0,0
44430,0,0,0,1,1,13.124797,1.360983,15821,0,0
44440,0,0,0,0,0,13.122590,1.360780,15821,0,0
44450,6,1,0,8,1,13.120570,1.360575,15821,0,0
44460,15,2,0,18,1,13.121378,1.360661,15821,0,0
44470,5,1,1,8,1,13.120320,1.360568,15821,0,0
44480,13,3,0,17,1,13.119583,1.360423,15821,0,0
44490,17,0,2,20,1,13.119828,1.360406,15821,0,0
44500,17,2,1,21,1,13.121250,1.360529,15829,0,0
44510,12,1,0,14,1,13.123095,1.360731,15830,0,0
44520,18,1,3,23,1,13.124765,1.360884,15846,0,0
44530,11,2,2,16,1,13.126331,1.361082,15861,0,0
44540,5,2,3,11,1,13.127566,1.361244,15871,0,0
44550,10,1,0,12,1,13.126758,1.361136,15871,0,0
44560,9,2,3,15,1,13.127106,1.361183,15874,0,0
44570,11,2,1,15,1,13.127838,1.361286,15876,0,0
44580,2,2,2,7,1,13.127151,1.361197,15876,0,0
44590,5,0,0,6,1,13.125745,1.361068,15876,0,0
44600,13,0,2,16,1,13.125177,1.360969,15876,0,0
44610,12,1,3,17,1,13.125891,1.361023,15876,0,0
44620,14,4,1,20,1,13.128001,1.361214,15886,0,0
44630,19,4,7,31,1,13.131077,1.361557,15907,0,0
44640,10,1,3,15,1,13.133030,1.361767,15921,0,0
44650,0,0,0,0,0,13.131501,1.361616,15921,0,0
44660,9,1,0,11,1,13.129282,1.361384,15921,0,0
44670,1,1,0,3,1,13.129521,1.361420,15921,0,0
44680,3,0,0,4,1,13.127292,1.361212,15921,0,0
44690,20,3,2,26,1,13.128381,1.361245,15930,0,0
44700,17,3,3,24,1,13.130709,1.361494,15941,0,0
44710,18,3,1,23,1,13.133808,1.361845,15962,0,0
44720,16,2,4,23,1,13.135639,1.362055,15974,0,0
44730,9,2,0,12,1,13.137745,1.362265,15980,0,0
44740,0,0,0,0,0,13.138101,1.362339,15980,0,0
44750,11,2,2,16,1,13.137830,1.362258,15980,0,0
44760,5,0,0,6,1,13.136946,1.362149,15980,0,0
44770,4,0,0,5,1,13.136204,1.362070,15980,0,0
44780,0,0,0,1,1,13.134471,1.361898,15980,0,0
44790,5,1,2,9,1,13.133911,1.361876,15980,0,0
44800,3,0,1,5,1,13.132420,1.361669,15980,0,0
44810,15,0,3,19,1,13.131240,1.361517,15980,0,0
44820,14,1,1,17,1,13.131803,1.361564,15982,0,0
44830,11,3,1,16,1,13.133457,1.361731,16001,0,0
44840,17,0,1,19,1,13.134878,1.361902,16006,0,0
44850,10,0,3,14,1,13.136470,1.362074,16007,0,0
44860,0,0,0,0,0,13.135069,1.361968,16007,0,0
44870,20,3,1,25,1,13.134374,1.361841,16008,0,0
44880,11,2,0,14,1,13.135341,1.361958,16008,0,0
44890,20,3,3,27,1,13.134893,1.361904,16015,0,0
44900,13,4,3,21,1,13.136091,1.362058,16024,0,0
44910,8,1,2,12,1,13.136983,1.362167,16026,0,0
44920,5,2,1,9,1,13.136158,1.362080,16026,0,0
44930,18,2,0,21,1,13.136742,1.362145,16031,0,0
44940,4,1,1,7,1,13.136204,1.362106,16031,0,0
44950,13,0,2,16,1,13.137137,1.362176,16036,0,0
44960,6,0,1,8,1,13.138362,1.362327,16041,0,0
44970,0,0,0,0,0,13.137696,1.362278,16041,0,0
44980,6,0,0,7,1,13.135473,1.362058,16041,0,0
44990,10,2,3,16,1,13.133766,1.361873,16041,0,0
45000,1,0,0,2,1,13.133726,1.361889,16042,0,0
45010,0,0,0,1,1,13.131974,1.361746,16042,0,0
45020,6,0,0,7,1,13.129981,1.361576,16042,0,0
45030,14,2,4,21,1,13.131028,1.361645,16052,0,0
45040,16,1,0,18,1,13.129711,1.361497,16052,0,0
45050,5,1,0,7,1,13.130601,1.361578,16059,0,0
45060,18,0,1,20,1,13.130511,1.361530,16059,0,0
45070,14,2,4,21,1,13.132313,1.361705,16069,0,0
45080,19,2,1,23,1,13.134538,1.361969,16084,0,0
45090,11,0,4,16,1,13.136695,1.362159,16107,0,0
45100,10,2,2,15,1,13.137749,1.362282,16112,0,0
45110,3,0,0,4,1,13.136953,1.362242,16112,0,0
45120,12,1,2,16,1,13.135172,1.362062,16112,0,0
45130,10,1,1,13,1,13.136349,1.362185,16118,0,0
45140,12,0,1,14,1,13.136344,1.362170,16118,0,0
45150,7,0,2,10,1,13.135385,1.362097,16118,0,0
45160,4,1,0,6,1,13.133375,1.361881,16118,0,0
45170,1,0,0,2,1,13.131716,1.361738,16118,0,0
45180,6,2,0,9,1,13.131777,1.361768,16118,0,0
45190,11,0,1,13,1,13.130772,1.361671,16118,0,0
45200,1,0,0,2,1,13.129674,1.361521,16118,0,0
45210,14,2,0,17,1,13.128500,1.361382,16118,0,0
45220,14,2,2,19,1,13.130131,1.361553,16130,0,0
45230,7,2,2,12,1,13.130952,1.361655,16132,0,0
45240,2,1,1,5,1,13.129345,1.361489,16132,0,0
45250,0,0,0,0,0,13.127393,1.361320,16132,0,0
45260,12,1,2,16,1,13.126566,1.361235,16132,0,0
45270,11,2,1,15,1,13.127976,1.361355,16140,0,0
45280,3,0,0,4,1,13.126790,1.361214,16140,0,0
45290,4,2,2,9,1,13.125123,1.361046,16140,0,0
45300,0,0,0,1,1,13.124634,1.360975,16140,0,0
45310,11,2,2,16,1,13.123943,1.360876,16140,0,0
45320,9,0,0,10,1,13.122285,1.360684,16140,0,0
45330,1,0,0,2,1,13.119944,1.360505,16140,0,0
45340,20,1,0,22,1,13.119738,1.360423,16145,0,0
45350,14,3,5,23,1,13.120692,1.360542,16147,0,0
45360,17,4,8,30,1,13.123738,1.360902,16159,0,0
45370,18,3,1,23,1,13.127731,1.361352,16195,0,0
45380,3,0,0,4,1,13.128019,1.361396,16195,0,0
45390,7,0,0,8,1,13.127091,1.361307,16195,0,0
45400,18,1,2,22,1,13.126124,1.361193,16195,0,0
45410,3,0,2,6,1,13.125682,1.361161,16196,0,0
45420,3,0,0,4,1,13.123914,1.360975,16196,0,0
45430,9,1,1,12,1,13.122772,1.360858,16196,0,0
45440,19,1,1,22,1,13.122855,1.360853,16202,0,0
45450,7,1,0,9,1,13.124558,1.361059,16214,0,0
45460,3,0,1,5,1,13.122430,1.360839,16214,0,0
45470,4,0,3,8,1,13.120257,1.360625,16214,0,0
45480,12,1,1,15,1,13.121392,1.360734,16231,0,0
45490,11,0,4,16,1,13.122182,1.360852,16231,0,0
45500,15,3,4,23,1,13.124491,1.361114,16259,0,0
45510,15,1,1,18,1,13.126653,1.361368,16270,0,0
45520,7,1,3,12,1,13.126921,1.361394,16270,0,0
45530,9,0,0,10,1,13.126680,1.361364,16270,0,0
45540,4,0,1,6,1,13.125734,1.361273,16270,0,0
45550,12,2,0,15,1,13.126227,1.361319,16270,0,0
45560,2,0,0,3,1,13.124860,1.361145,16270,0,0
45570,0,0,0,1,1,13.122815,1.360953,16270,0,0
45580,17,6,4,28,1,13.123116,1.360911,16273,0,0
45590,13,1,2,17,1,13.125266,1.361216,16285,0,0
45600,18,1,3,23,1,13.127054,1.361387,16291,0,0
45610,19,1,3,24,1,13.128506,1.361542,16298,0,0
45620,6,2,0,9,1,13.129393,1.361595,16301,0,0
45630,2,0,0,3,1,13.127626,1.361441,16301,0,0
45640,6,1,2,10,1,13.125908,1.361267,16301,0,0
45650,11,1,1,14,1,13.126775,1.361340,16307,0,0
45660,6,0,0,7,1,13.126754,1.361311,16311,0,0
45670,8,1,1,11,1,13.125054,1.361096,16311,0,0
45680,11,1,3,16,1,13.124215,1.360979,16311,0,0
45690,11,1,3,16,1,13.124511,1.360974,16311,0,0
45700,20,4,0,25,1,13.123958,1.360875,16315,0,0
45710,8,0,0,9,1,13.124758,1.360969,16321,0,0
45720,2,1,0,4,1,13.122524,1.360794,16321,0,0
45730,1,0,0,2,1,13.120618,1.360629,16321,0,0
45740,0,0,0,0,0,13.118620,1.360450,16321,0,0
45750,0,0,0,1,1,13.116781,1.360307,16321,0,0
45760,2,0,0,3,1,13.115011,1.360113,16321,0,0
45770,5,1,3,10,1,13.112943,1.359912,16321,0,0
45780,16,4,4,25,1,13.113819,1.359952,16321,0,0
45790,17,6,3,27,1,13.115698,1.360148,16332,0,0
45800,20,3,3,27,1,13.118439,1.360449,16351,0,0
45810,15,3,3,22,1,13.119602,1.360629,16365,0,0
45820,16,4,1,22,1,13.121594,1.360862,16379,0,0
45830,20,2,3,26,1,13.123933,1.361084,16390,0,0
45840,10,1,2,14,1,13.125495,1.361269,16403,0,0
45850,13,3,1,18,1,13.124365,1.361153,16403,0,0
45860,20,2,0,23,1,13.123783,1.361091,16404,0,0
45870,8,6,0,15,1,13.125354,1.361243,16415,0,0
45880,13,5,1,20,1,13.127189,1.361419,16417,0,0
45890,18,3,1,23,1,13.127271,1.361453,16417,0,0
45900,7,4,2,14,1,13.126797,1.361446,16417,0,0
45910,18,1,2,22,1,13.127612,1.361507,16417,0,0
45920,0,0,0,0,0,13.127697,1.361585,16435,0,0
45930,1,0,0,2,1,13.125663,1.361375,16435,0,0
45940,15,3,4,23,1,13.125426,1.361315,16435,0,0
45950,5,4,2,12,1,13.127178,1.361516,16451,0,0
45960,10,2,1,14,1,13.128024,1.361577,16451,0,0
45970,14,2,0,17,1,13.129465,1.361704,16457,0,0
45980,12,0,0,13,1,13.129857,1.361721,16467,0,0
45990,0,0,0,0,0,13.128062,1.361558,16467,0,0
46000,13,1,3,18,1,13.127449,1.361468,16467,0,0
46010,14,1,2,18,1,13.126805,1.361384,16467,0,0
46020,20,5,1,27,1,13.129205,1.361594,16484,0,0
46030,16,3,6,26,1,13.130455,1.361704,16487,0,0
46040,13,6,1,21,1,13.132298,1.361917,16500,0,0
46050,0,0,0,0,0,13.132899,1.362003,16501,0,0
46060,20,1,7,29,1,13.131958,1.361851,16501,0,0
46070,13,2,5,21,1,13.134348,1.362131,16512,0,0
46080,6,1,0,8,1,13.135650,1.362252,16518,0,0
46090,8,1,1,11,1,13.134898,1.362172,16518,0,0
46100,13,1,2,17,1,13.135442,1.362202,16518,0,0
46110,10,2,3,16,1,13.136061,1.362302,16518,0,0
46120,15,5,0,21,1,13.136378,1.362348,16518,0,0
46130,19,0,0,20,1,13.138065,1.362536,16520,0,0
46140,9,0,1,11,1,13.138551,1.362656,16520,0,0
46150,11,3,0,15,1,13.137616,1.362551,16520,0,0
46160,17,2,3,23,1,13.138130,1.362581,16524,0,0
46170,8,2,0,11,1,13.139314,1.362714,16527,0,0
46180,11,0,1,13,1,13.140239,1.362827,16527,0,0
46190,18,3,3,25,1,13.141712,1.362950,16536,0,0
46200,19,1,4,25,1,13.142700,1.363051,16538,0,0
46210,19,0,2,22,1,13.144295,1.363208,16549,0,0
46220,0,0,0,1,1,13.143802,1.363161,16554,0,0
46230,16,3,1,21,1,13.142463,1.362996,16554,0,0
46240,13,2,0,16,1,13.142982,1.363076,16556,0,0
46250,19,2,2,24,1,13.144290,1.363219,16565,0,0
46260,3,0,0,4,1,13.144515,1.363277,16569,0,0
46270,4,3,0,8,1,13.144293,1.363237,16569,0,0
46280,0,0,0,1,1,13.142018,1.363045,16569,0,0
46290,17,3,1,22,1,13.142141,1.363059,16573,0,0
46300,13,3,5,22,1,13.144981,1.363370,16614,0,0
46310,13,1,4,19,1,13.146156,1.363494,16619,0,0
46320,12,3,3,19,1,13.146761,1.363524,16619,0,0
46330,10,1,1,13,1,13.146344,1.363503,16619,0,0
46340,18,2,3,24,1,13.148294,1.363716,16640,0,0
46350,16,1,0,18,1,13.150469,1.363983,16672,0,0
46360,16,2,1,20,1,13.152853,1.364268,16698,0,0
46370,11,3,3,18,1,13.155125,1.364526,16722,0,0
46380,20,3,0,24,1,13.156590,1.364667,16727,0,0
46390,6,1,0,8,1,13.157357,1.364742,16731,0,0
46400,3,4,1,9,1,13.155629,1.364591,16731,0,0
46410,15,1,0,17,1,13.156031,1.364622,16733,0,0
46420,18,0,3,22,1,13.156895,1.364725,16738,0,0
46430,16,5,1,23,1,13.159312,1.364955,16754,0,0
46440,19,2,2,24,1,13.161602,1.365188,16768,0,0
46450,18,2,3,24,1,13.164167,1.365480,16782,0,0
46460,1,2,0,4,1,13.165040,1.365630,16783,0,0
46470,5,0,0,6,1,13.163191,1.365467,16783,0,0
46480,9,0,3,13,1,13.164292,1.365564,16789,0,0
46490,5,2,0,8,1,13.163925,1.365530,16789,0,0
46500,2,0,0,3,1,13.162769,1.365402,16789,0,0
46510,0,0,0,0,0,13.161135,1.365261,16789,0,0
46520,0,0,0,0,0,13.158991,1.365089,16789,0,0
46530,10,0,2,13,1,13.157184,1.364927,16789,0,0
46540,0,0,0,1,1,13.155887,1.364787,16789,0,0
46550,6,1,1,9,1,13.155472,1.364730,16789,0,0
46560,7,1,1,10,1,13.154300,1.364570,16789,0,0
46570,9,2,1,13,1,13.155448,1.364685,16803,0,0
46580,17,0,3,21,1,13.156428,1.364760,16807,0,0
46590,20,3,3,27,1,13.156891,1.364852,16811,0,0
46600,18,0,4,23,1,13.158530,1.365026,16821,0,0
46610,6,2,0,9,1,13.158962,1.365078,16821,0,0
46620,14,6,2,23,1,13.159795,1.365135,16827,0,0
46630,17,3,1,22,1,13.162018,1.365422,16840,0,0
46640,13,1,1,16,1,13.161307,1.365322,16840,0,0
46650,11,0,0,12,1,13.162843,1.365483,16841,0,0
46660,0,0,0,0,0,13.161572,1.365370,16841,0,0
46670,7,2,0,10,1,13.159929,1.365189,16841,0,0
46680,9,2,4,16,1,13.158399,1.364980,16841,0,0
46690,20,2,2,25,1,13.160588,1.365232,16861,0,0
46700,0,0,0,0,0,13.160548,1.365245,16865,0,0
46710,2,0,0,3,1,13.158721,1.365053,16865,0,0
46720,6,3,0,10,1,13.156840,1.364862,16865,0,0
46730,18,3,4,26,1,13.157397,1.364876,16865,0,0
46740,10,0,2,13,1,13.158720,1.365026,16869,0,0
46750,5,1,0,7,1,13.157012,1.364853,16869,0,0
46760,3,0,2,6,1,13.155062,1.364646,16869,0,0
46770,2,0,1,4,1,13.153238,1.364498,16869,0,0
46780,6,1,0,8,1,13.151668,1.364351,16869,0,0
46790,8,1,3,13,1,13.149807,1.364162,16869,0,0
46800,16,4,3,24,1,13.150819,1.364262,16884,0,0
46810,13,1,1,16,1,13.151608,1.364354,16884,0,0
46820,7,1,1,10,1,13.151191,1.364291,16884,0,0
46830,13,5,1,20,1,13.151830,1.364325,16884,0,0
46840,15,1,0,17,1,13.152816,1.364390,16884,0,0
46850,13,1,0,15,1,13.154227,1.364549,16884,0,0
46860,0,0,0,1,1,13.153415,1.364481,16884,0,0
46870,2,2,1,6,1,13.151197,1.364235,16884,0,0
46880,15,1,0,17,1,13.150945,1.364176,16885,0,0
46890,20,5,3,29,1,13.152027,1.364278,16898,0,0
46900,11,3,2,17,1,13.154365,1.364540,16914,0,0
46910,19,2,2,24,1,13.156123,1.364732,16925,0,0
46920,12,3,2,18,1,13.157923,1.364923,16934,0,0
46930,1,0,0,2,1,13.156698,1.364803,16934,0,0
46940,3,0,0,4,1,13.154338,1.364584,16934,0,0
46950,2,0,0,3,1,13.153252,1.364484,16934,0,0
46960,14,0,2,17,1,13.152762,1.364438,16934,0,0
46970,6,0,1,8,1,13.152566,1.364416,16934,0,0
46980,9,1,1,12,1,13.152253,1.364375,16934,0,0
46990,9,2,2,14,1,13.152932,1.364408,16941,0,0
47000,2,2,0,5,1,13.152410,1.364370,16941,0,0
47010,13,2,3,19,1,13.152701,1.364365,16941,0,0
47020,17,2,3,23,1,13.154576,1.364555,16949,0,0
47030,18,1,6,26,1,13.155547,1.364672,16949,0,0
47040,20,5,2,28,1,13.158021,1.364936,16963,0,0
47050,7,4,0,12,1,13.159633,1.365149,16972,0,0
47060,20,0,2,23,1,13.159990,1.365197,16982,0,0
47070,13,2,8,24,1,13.162460,1.365487,16999,0,0
47080,10,2,1,14,1,13.164104,1.365707,17004,0,0
47090,20,1,3,25,1,13.165300,1.365814,17010,0,0
47100,8,1,0,10,1,13.165836,1.365910,17020,0,0
47110,12,2,2,17,1,13.165396,1.365850,17020,0,0
47120,6,0,1,8,1,13.165715,1.365882,17020,0,0
47130,9,0,0,10,1,13.164279,1.365716,17020,0,0
47140,16,1,3,21,1,13.163962,1.365606,17021,0,0
47150,8,1,2,12,1,13.165494,1.365721,17028,0,0
47160,18,4,2,25,1,13.164096,1.365526,17028,0,0
47170,9,1,1,12,1,13.164614,1.365590,17028,0,0
47180,19,2,2,24,1,13.163866,1.365460,17028,0,0
47190,14,2,2,19,1,13.165226,1.365665,17031,0,0
47200,15,1,4,21,1,13.166110,1.365737,17032,0,0
47210,17,2,2,22,1,13.167072,1.365814,17032,0,0
47220,0,0,0,0,0,13.167014,1.365821,17035,0,0
47230,8,2,2,13,1,13.164902,1.365588,17035,0,0
47240,9,1,1,12,1,13.165145,1.365630,17035,0,0
47250,7,1,2,11,1,13.163281,1.365447,17035,0,0
47260,14,1,1,17,1,13.163504,1.365462,17035,0,0
47270,2,0,0,3,1,13.161634,1.365305,17035,0,0
47280,10,1,0,12,1,13.159619,1.365088,17035,0,0
47290,1,0,0,2,1,13.157649,1.364930,17035,0,0
47300,2,0,0,3,1,13.155693,1.364743,17035,0,0
47310,4,1,1,7,1,13.155443,1.364722,17035,0,0
47320,16,2,7,26,1,13.156117,1.364805,17037,0,0
47330,19,0,4,24,1,13.158827,1.365093,17053,0,0
47340,12,1,4,18,1,13.160143,1.365216,17055,0,0
47350,12,0,1,14,1,13.161154,1.365343,17055,0,0
47360,7,0,0,8,1,13.159745,1.365210,17055,0,0
47370,14,2,2,19,1,13.160077,1.365221,17055,0,0
47380,12,1,2,16,1,13.161647,1.365394,17060,0,0
47390,14,2,2,19,1,13.160961,1.365300,17060,0,0
47400,9,2,2,14,1,13.161832,1.365410,17063,0,0
47410,16,1,3,21,1,13.163734,1.365573,17066,0,0
47420,14,0,3,18,1,13.164352,1.365632,17073,0,0
47430,17,2,1,21,1,13.165681,1.365780,17076,0,0
47440,14,0,1,16,1,13.166469,1.365818,17077,0,0
47450,18,1,4,24,1,13.168577,1.366056,17090,0,0
47460,13,2,2,18,1,13.169987,1.366212,17097,0,0
47470,2,0,0,3,1,13.168467,1.366077,17097,0,0
47480,0,0,0,0,0,13.166731,1.365904,17097,0,0
47490,5,0,1,7,1,13.165233,1.365761,17097,0,0
47500,6,0,1,8,1,13.163488,1.365588,17097,0,0
47510,9,2,0,12,1,13.163824,1.365665,17097,0,0
47520,14,3,4,22,1,13.164468,1.365715,17099,0,0
47530,12,0,0,13,1,13.165439,1.365844,17101,0,0
47540,4,1,3,9,1,13.165041,1.365774,17101,0,0
47550,13,2,0,16,1,13.166309,1.365904,17113,0,0
47560,1,1,0,3,1,13.165745,1.365829,17113,0,0
47570,9,1,0,11,1,13.164566,1.365705,17113,0,0
47580,19,1,3,24,1,13.164921,1.365707,17116,0,0
47590,18,2,2,23,1,13.167691,1.366010,17152,0,0
47600,15,4,0,20,1,13.169758,1.366256,17170,0,0
47610,3,0,0,4,1,13.168661,1.366140,17170,0,0
47620,15,0,3,19,1,13.167746,1.366023,17170,0,0
47630,18,2,2,23,1,13.169307,1.366171,17182,0,0
47640,19,3,4,27,1,13.172183,1.366458,17192,0,0
47650,11,0,1,13,1,13.174596,1.366760,17222,0,0
47660,12,0,0,13,1,13.173145,1.366626,17222,0,0
47670,20,2,2,25,1,13.174889,1.366823,17239,0,0
47680,4,2,0,7,1,13.174896,1.366849,17239,0,0
47690,10,0,1,12,1,13.173293,1.366681,17239,0,0
47700,6,0,1,8,1,13.171906,1.366579,17239,0,0
47710,19,3,1,24,1,13.172910,1.366634,17243,0,0
47720,16,2,0,19,1,13.174058,1.366778,17246,0,0
47730,19,3,5,28,1,13.176120,1.367017,17263,0,0
47740,7,0,1,9,1,13.176214,1.367072,17267,0,0
47750,2,0,1,4,1,13.174633,1.366904,17267,0,0
47760,10,1,0,12,1,13.173813,1.366793,17267,0,0
47770,17,1,2,21,1,13.174182,1.366806,17267,0,0
47780,10,2,2,15,1,13.173658,1.366767,17267,0,0
47790,6,0,0,7,1,13.172502,1.366637,17267,0,0
47800,12,1,5,19,1,13.172891,1.366669,17267,0,0
47810,11,2,1,15,1,13.174097,1.366796,17268,0,0
47820,13,2,0,16,1,13.174891,1.366876,17268,0,0
47830,14,2,3,20,1,13.175545,1.366927,17268,0,0
47840,9,0,2,12,1,13.177415,1.367155,17276,0,0
47850,18,2,2,23,1,13.177994,1.367202,17278,0,0
47860,7,2,3,13,1,13.178909,1.367327,17278,0,0
47870,0,0,0,1,1,13.178151,1.367297,17278,0,0
47880,5,0,0,6,1,13.176068,1.367088,17278,0,0
47890,6,2,2,11,1,13.174616,1.366962,17278,0,0
47900,12,2,1,16,1,13.175822,1.367053,17280,0,0
47910,7,1,0,9,1,13.175056,1.367001,17280,0,0
47920,0,0,0,1,1,13.174084,1.366916,17280,0,0
47930,0,0,0,0,0,13.171818,1.366715,17280,0,0
47940,6,1,1,9,1,13.169687,1.366501,17280,0,0
47950,1,0,0,2,1,13.167734,1.366317,17280,0,0
47960,11,1,0,13,1,13.167478,1.366253,17280,0,0
47970,17,4,3,25,1,13.168845,1.366369,17280,0,0
47980,10,0,2,13,1,13.170138,1.366496,17286,0,0
47990,13,0,3,17,1,13.170018,1.366455,17286,0,0
48000,15,1,1,18,1,13.170786,1.366518,17286,0,0
48010,0,0,1,2,1,13.170228,1.366470,17286,0,0
48020,8,2,2,13,1,13.168129,1.366242,17286,0,0
48030,4,0,0,5,1,13.166627,1.366093,17286,0,0
48040,14,2,3,20,1,13.165074,1.365903,17286,0,0
48050,18,4,1,24,1,13.166786,1.366115,17291,0,0
48060,19,4,3,27,1,13.169032,1.366343,17298,0,0
48070,14,0,1,16,1,13.169984,1.366416,17299,0,0
48080,3,0,0,4,1,13.168504,1.366261,17299,0,0
48090,17,2,2,22,1,13.166873,1.366046,17299,0,0
48100,7,1,1,10,1,13.167525,1.366120,17308,0,0
48110,7,0,0,8,1,13.165887,1.365949,17308,0,0
48120,4,1,0,6,1,13.166476,1.366005,17312,0,0
48130,1,0,0,2,1,13.164949,1.365880,17312,0,0
48140,5,2,0,8,1,13.163410,1.365710,17312,0,0
48150,4,0,0,5,1,13.162721,1.365613,17312,0,0
48160,12,2,2,17,1,13.162720,1.365587,17312,0,0
48170,7,1,2,11,1,13.163373,1.365671,17312,0,0
48180,4,0,1,6,1,13.161825,1.365529,17312,0,0
48190,13,0,3,17,1,13.161705,1.365506,17318,0,0
48200,0,0,0,0,0,13.160541,1.365369,17318,0,0
48210,17,5,2,25,1,13.159905,1.365289,17318,0,0
48220,12,0,0,13,1,13.160513,1.365377,17319,0,0
48230,15,2,3,21,1,13.161296,1.365448,17329,0,0
48240,12,1,1,15,1,13.162751,1.365661,17338,0,0
48250,9,1,3,14,1,13.162544,1.365656,17339,0,0
48260,14,1,0,16,1,13.162709,1.365695,17339,0,0
48270,5,0,0,6,1,13.161147,1.365560,17339,0,0
48280,6,1,1,9,1,13.159045,1.365311,17339,0,0
48290,12,2,0,15,1,13.158985,1.365294,17339,0,0
48300,7,1,1,10,1,13.158422,1.365225,17339,0,0
48310,13,3,4,21,1,13.159551,1.365290,17339,0,0
48320,2,0,0,3,1,13.160171,1.365382,17342,0,0
48330,15,2,1,19,1,13.159368,1.365262,17342,0,0
48340,13,2,3,19,1,13.159887,1.365314,17342,0,0
48350,2,0,0,3,1,13.161082,1.365419,17351,0,0
48360,12,1,2,16,1,13.159819,1.365295,17351,0,0
48370,3,0,0,4,1,13.159253,1.365272,17352,0,0
48380,7,0,0,8,1,13.157746,1.365117,17352,0,0
48390,5,2,0,8,1,13.157095,1.365077,17352,0,0
48400,10,0,0,11,1,13.157658,1.365130,17358,0,0
48410,19,2,2,24,1,13.158481,1.365199,17367,0,0
48420,14,1,0,16,1,13.160716,1.365435,17378,0,0
48430,11,2,0,14,1,13.160124,1.365340,17378,0,0
48440,19,6,3,29,1,13.161089,1.365441,17384,0,0
48450,4,0,0,5,1,13.161725,1.365532,17389,0,0
48460,7,0,0,8,1,13.159820,1.365364,17389,0,0
48470,6,0,1,8,1,13.159257,1.365269,17389,0,0
48480,1,1,0,3,1,13.158051,1.365166,17389,0,0
48490,8,1,0,10,1,13.157073,1.365080,17389,0,0
48500,16,1,1,19,1,13.156502,1.365001,17389,0,0
48510,15,2,0,18,1,13.156382,1.364940,17389,0,0
48520,9,2,0,12,1,13.157306,1.365020,17393,0,0
48530,19,2,2,24,1,13.158509,1.365152,17398,0,0
48540,17,5,2,25,1,13.160148,1.365332,17409,0,0
48550,7,0,3,11,1,13.161981,1.365570,17432,0,0
48560,11,0,0,12,1,13.163285,1.365700,17438,0,0
48570,20,6,2,29,1,13.163130,1.365668,17439,0,0
48580,15,1,3,20,1,13.164976,1.365872,17457,0,0
48590,12,1,1,15,1,13.165263,1.365909,17459,0,0
48600,2,1,3,7,1,13.164765,1.365855,17459,0,0
48610,2,0,0,3,1,13.162705,1.365692,17459,0,0
48620,2,0,0,3,1,13.160659,1.365501,17459,0,0
48630,5,0,0,6,1,13.159320,1.365349,17459,0,0
48640,16,1,4,22,1,13.158895,1.365262,17459,0,0
48650,14,1,5,21,1,13.160994,1.365499,17465,0,0
48660,15,4,2,22,1,13.162625,1.365634,17468,0,0
48670,15,0,0,16,1,13.164692,1.365853,17482,0,0
48680,5,2,2,10,1,13.164523,1.365839,17482,0,0
48690,11,1,0,13,1,13.162614,1.365674,17482,0,0
48700,4,1,0,6,1,13.162352,1.365651,17482,0,0
48710,1,0,0,2,1,13.160189,1.365434,17482,0,0
48720,6,0,0,7,1,13.159044,1.365319,17482,0,0
48730,11,0,0,12,1,13.157968,1.365211,17482,0,0
48740,11,1,1,14,1,13.158388,1.365209,17488,0,0
48750,0,0,0,0,0,13.157544,1.365158,17488,0,0
48760,8,3,2,14,1,13.155480,1.364956,17488,0,0
48770,10,3,2,16,1,13.155799,1.364970,17488,0,0
48780,6,0,1,8,1,13.156977,1.365137,17501,0,0
48790,1,0,1,3,1,13.155306,1.364965,17501,0,0
48800,3,2,0,6,1,13.154188,1.364786,17501,0,0
48810,2,0,0,3,1,13.153115,1.364708,17501,0,0
48820,12,1,0,14,1,13.151433,1.364534,17501,0,0
48830,14,1,1,17,1,13.152961,1.364708,17509,0,0
48840,0,0,0,1,1,13.151401,1.364571,17509,0,0
48850,1,0,0,2,1,13.150862,1.364496,17509,0,0
48860,5,0,1,7,1,13.148925,1.364319,17509,0,0
48870,0,0,0,1,1,13.147577,1.364157,17509,0,0
48880,1,1,1,4,1,13.146019,1.364017,17509,0,0
48890,0,0,0,1,1,13.144049,1.363825,17509,0,0
48900,10,2,0,13,1,13.143293,1.363739,17509,0,0
48910,8,2,2,13,1,13.142259,1.363630,17509,0,0
48920,7,0,1,9,1,13.141154,1.363508,17509,0,0
48930,0,0,0,1,1,13.139255,1.363318,17509,0,0
48940,8,1,0,10,1,13.137934,1.363167,17509,0,0
48950,6,0,0,7,1,13.137195,1.363071,17509,0,0
48960,12,1,1,15,1,13.138319,1.363206,17516,0,0
48970,10,0,1,12,1,13.138620,1.363230,17516,0,0
48980,16,2,3,22,1,13.140189,1.363374,17523,0,0
48990,0,0,0,0,0,13.139700,1.363327,17523,0,0
49000,12,0,0,13,1,13.138532,1.363181,17523,0,0
49010,20,5,0,26,1,13.139287,1.363217,17526,0,0
49020,16,3,2,22,1,13.141113,1.363439,17539,0,0
49030,8,2,2,13,1,13.143077,1.363650,17558,0,0
49040,9,0,2,12,1,13.142223,1.363551,17558,0,0
49050,0,0,0,0,0,13.140956,1.363441,17558,0,0
49060,12,0,2,15,1,13.139896,1.363309,17558,0,0
49070,0,0,0,0,0,13.138483,1.363215,17558,0,0
49080,2,0,0,3,1,13.137036,1.363057,17558,0,0
49090,16,1,1,19,1,13.136431,1.362984,17558,0,0
49100,16,4,2,23,1,13.138247,1.363191,17569,0,0
49110,1,0,0,2,1,13.138419,1.363259,17577,0,0
49120,9,2,2,14,1,13.138026,1.363196,17583,0,0
49130,17,1,3,22,1,13.138174,1.363195,17583,0,0
49140,19,3,1,24,1,13.139400,1.363312,17587,0,0
49150,7,1,1,10,1,13.140231,1.363448,17593,0,0
49160,1,0,1,3,1,13.138132,1.363249,17593,0,0
49170,8,2,1,12,1,13.137412,1.363187,17593,0,0
49180,7,1,0,9,1,13.135654,1.363006,17593,0,0
49190,7,2,2,12,1,13.135601,1.362975,17593,0,0
49200,7,1,0,9,1,13.134847,1.362927,17593,0,0
49210,0,0,0,0,0,13.133199,1.362768,17593,0,0
49220,2,0,0,3,1,13.131613,1.362611,17593,0,0
49230,5,0,0,6,1,13.129935,1.362432,17593,0,0
49240,7,1,0,9,1,13.128602,1.362346,17593,0,0
49250,9,0,3,13,1,13.127641,1.362276,17593,0,0
49260,8,2,2,13,1,13.127820,1.362259,17593,0,0
49270,12,2,3,18,1,13.127120,1.362144,17593,0,0
49280,17,2,0,20,1,13.129362,1.362378,17601,0,0
49290,17,2,7,27,1,13.130984,1.362498,17612,0,0
49300,11,2,0,14,1,13.132461,1.362664,17616,0,0
49310,20,2,5,28,1,13.134123,1.362809,17632,0,0
49320,7,1,0,9,1,13.135505,1.362982,17632,0,0
49330,13,0,2,16,1,13.136427,1.363079,17632,0,0
49340,4,0,1,6,1,13.137373,1.363167,17632,0,0
49350,19,3,3,26,1,13.138227,1.363208,17638,0,0
49360,13,2,1,17,1,13.140008,1.363414,17642,0,0
49370,3,0,0,4,1,13.139933,1.363441,17642,0,0
49380,3,1,0,5,1,13.140059,1.363455,17642,0,0
49390,9,1,1,12,1,13.138999,1.363338,17642,0,0
49400,0,0,0,1,1,13.137541,1.363248,17642,0,0
49410,8,2,0,11,1,13.135589,1.363069,17642,0,0
49420,11,0,3,15,1,13.135223,1.363018,17642,0,0
49430,2,1,0,4,1,13.135813,1.363057,17645,0,0
49440,0,0,0,0,0,13.134051,1.362878,17645,0,0
49450,12,2,2,17,1,13.132659,1.362695,17645,0,0
49460,6,0,0,7,1,13.134039,1.362856,17648,0,0
49470,5,0,1,7,1,13.132166,1.362677,17648,0,0
49480,2,3,1,7,1,13.130145,1.362506,17648,0,0
49490,15,0,3,19,1,13.129365,1.362414,17651,0,0
49500,10,1,1,13,1,13.129710,1.362440,17657,0,0
49510,20,5,1,27,1,13.131110,1.362575,17666,0,0
49520,16,1,2,20,1,13.132129,1.362676,17671,0,0
49530,12,2,1,16,1,13.133197,1.362816,17671,0,0
49540,11,1,1,14,1,13.133790,1.362848,17674,0,0
49550,14,6,5,26,1,13.134961,1.362933,17678,0,0
49560,14,4,3,22,1,13.136795,1.363122,17684,0,0
49570,13,1,3,18,1,13.137539,1.363211,17684,0,0
49580,1,0,0,2,1,13.136259,1.363060,17684,0,0
49590,10,0,1,12,1,13.135116,1.362933,17684,0,0
49600,5,6,0,12,1,13.133844,1.362817,17684,0,0
49610,5,0,1,7,1,13.134270,1.362853,17684,0,0
49620,3,1,0,5,1,13.133021,1.362742,17684,0,0
49630,0,0,0,1,1,13.131515,1.362604,17684,0,0
49640,0,0,0,1,1,13.129408,1.362389,17684,0,0
49650,2,1,1,5,1,13.127296,1.362182,17684,0,0
49660,14,2,1,18,1,13.126493,1.362092,17684,0,0
49670,0,0,0,1,1,13.125268,1.362005,17684,0,0
49680,1,0,0,2,1,13.123900,1.361830,17684,0,0
49690,4,0,1,6,1,13.122332,1.361674,17684,0,0
49700,6,1,0,8,1,13.121782,1.361616,17684,0,0
49710,15,1,2,19,1,13.121815,1.361614,17684,0,0
49720,0,0,0,0,0,13.121465,1.361553,17684,0,0
49730,5,0,1,7,1,13.119975,1.361380,17684,0,0
49740,3,0,1,5,1,13.118465,1.361216,17684,0,0
49750,5,0,0,6,1,13.117693,1.361106,17684,0,0
49760,8,1,1,11,1,13.116193,1.360951,17684,0,0
49770,3,0,0,4,1,13.114924,1.360826,17684,0,0
49780,7,0,0,8,1,13.113668,1.360646,17684,0,0
49790,17,2,0,20,1,13.114439,1.360718,17690,0,0
49800,16,1,3,21,1,13.116475,1.360925,17709,0,0
49810,9,1,1,12,1,13.118262,1.361140,17716,0,0
49820,13,1,1,16,1,13.116882,1.361015,17716,0,0
49830,6,3,0,10,1,13.116418,1.360931,17717,0,0
49840,18,4,2,25,1,13.117912,1.361061,17736,0,0
49850,19,2,1,23,1,13.119642,1.361222,17753,0,0
49860,5,0,2,8,1,13.120182,1.361347,17753,0,0
49870,20,2,2,25,1,13.121000,1.361394,17754,0,0
49880,8,0,0,9,1,13.122844,1.361577,17758,0,0
49890,0,0,0,1,1,13.121347,1.361443,17758,0,0
49900,0,0,0,1,1,13.119276,1.361257,17758,0,0
49910,2,0,0,3,1,13.117144,1.361057,17758,0,0
49920,9,2,0,12,1,13.116529,1.360963,17758,0,0
49930,15,1,2,19,1,13.117101,1.361021,17759,0,0
49940,17,0,1,19,1,13.117757,1.361048,17759,0,0
49950,9,2,4,16,1,13.117922,1.361091,17759,0,0
49960,12,0,2,15,1,13.118872,1.361188,17759,0,0
49970,2,0,1,4,1,13.117791,1.361111,17759,0,0
49980,7,1,1,10,1,13.116320,1.360962,17759,0,0
49990,19,3,3,26,1,13.117105,1.361019,17769,0,0
50000,16,2,1,20,1,13.118954,1.361232,17778,0,0
50010,5,0,1,7,1,13.118093,1.361161,17778,0,0
50020,7,0,0,8,1,13.116822,1.361050,17778,0,0
50030,15,4,2,22,1,13.117480,1.361113,17778,0,0
50040,11,1,2,15,1,13.117952,1.361141,17778,0,0
50050,5,0,0,6,1,13.118321,1.361138,17778,0,0
50060,8,1,1,11,1,13.116101,1.360922,17778,0,0
50070,4,1,0,6,1,13.114821,1.360827,17778,0,0
50080,5,1,3,10,1,13.113325,1.360665,17778,0,0
50090,5,0,1,7,1,13.112462,1.360542,17778,0,0
50100,10,2,3,16,1,13.112931,1.360589,17781,0,0
50110,17,0,1,19,1,13.114143,1.360694,17784,0,0
50120,18,5,3,27,1,13.115645,1.360853,17795,0,0
50130,20,1,2,24,1,13.117337,1.360999,17805,0,0
50140,12,1,0,14,1,13.117509,1.361038,17815,0,0
50150,7,0,2,10,1,13.117189,1.360980,17815,0,0
50160,9,1,2,13,1,13.118215,1.361068,17815,0,0
50170,17,2,1,21,1,13.118948,1.361125,17826,0,0
50180,15,4,1,21,1,13.120398,1.361283,17827,0,0
50190,15,1,0,17,1,13.121275,1.361391,17827,0,0
50200,18,3,2,24,1,13.121819,1.361443,17832,0,0
50210,6,1,2,10,1,13.122200,1.361504,17833,0,0
50220,5,0,0,6,1,13.120376,1.361344,17833,0,0
50230,2,0,0,3,1,13.118848,1.361203,17833,0,0
50240,16,0,3,20,1,13.119839,1.361296,17851,0,0
50250,20,5,1,27,1,13.121940,1.361543,17878,0,0
50260,7,0,0,8,1,13.121804,1.361510,17879,0,0
50270,4,0,1,6,1,13.120569,1.361386,17879,0,0
50280,10,0,1,12,1,13.118878,1.361214,17879,0,0
50290,17,1,2,21,1,13.119129,1.361208,17879,0,0
50300,15,1,1,18,1,13.120873,1.361387,17887,0,0
50310,10,0,0,11,1,13.121640,1.361510,17887,0,0
50320,2,0,0,3,1,13.120121,1.361384,17887,0,0
50330,14,1,1,17,1,13.119082,1.361210,17887,0,0
50340,19,2,3,25,1,13.120184,1.361308,17888,0,0
50350,17,3,2,23,1,13.121449,1.361441,17892,0,0
50360,19,1,4,25,1,13.122836,1.361588,17894,0,0
50370,9,4,0,14,1,13.124870,1.361803,17909,0,0
50380,6,1,0,8,1,13.125881,1.361895,17914,0,0
50390,2,1,3,7,1,13.124068,1.361689,17914,0,0
50400,17,4,5,27,1,13.124727,1.361719,17914,0,0
50410,12,2,0,15,1,13.125803,1.361840,17923,0,0
50420,1,0,2,4,1,13.125364,1.361793,17923,0,0
50430,1,0,1,3,1,13.123981,1.361681,17923,0,0
50440,7,2,1,11,1,13.122588,1.361540,17923,0,0
50450,3,2,0,6,1,13.121545,1.361430,17923,0,0
50460,7,1,0,9,1,13.120858,1.361377,17923,0,0
50470,0,0,0,1,1,13.118809,1.361207,17923,0,0
50480,1,0,0,2,1,13.116677,1.361012,17923,0,0
50490,1,0,1,3,1,13.114997,1.360873,17923,0,0
50500,20,3,4,28,1,13.114526,1.360775,17925,0,0
50510,13,1,1,16,1,13.115671,1.360928,17930,0,0
50520,6,2,0,9,1,13.116239,1.360985,17930,0,0
50530,5,0,1,7,1,13.116402,1.361006,17930,0,0
50540,13,3,0,17,1,13.116041,1.360936,17930,0,0
50550,3,0,1,5,1,13.115787,1.360886,17930,0,0
50560,8,2,0,11,1,13.116224,1.360907,17930,0,0
50570,1,0,2,4,1,13.115064,1.360799,17930,0,0
50580,0,0,0,1,1,13.113661,1.360643,17930,0,0
50590,4,0,0,5,1,13.111714,1.360420,17930,0,0
50600,1,0,0,2,1,13.111027,1.360333,17930,0,0
50610,1,0,0,2,1,13.109263,1.360109,17930,0,0
50620,15,0,4,20,1,13.109827,1.360116,17939,0,0
50630,17,1,3,22,1,13.111664,1.360330,17954,0,0
50640,13,2,3,19,1,13.112060,1.360372,17961,0,0
50650,9,1,3,14,1,13.112196,1.360393,17961,0,0
50660,10,0,2,13,1,13.111940,1.360378,17961,0,0
50670,0,1,0,2,1,13.111546,1.360333,17961,0,0
50680,3,1,0,5,1,13.112061,1.360357,17966,0,0
50690,13,2,1,17,1,13.112299,1.360368,17966,0,0
50700,7,1,0,9,1,13.112339,1.360346,17966,0,0
50710,14,3,2,20,1,13.113225,1.360394,17967,0,0
50720,0,0,0,0,0,13.112089,1.360311,17967,0,0
50730,10,0,3,14,1,13.111873,1.360228,17968,0,0
50740,12,3,5,21,1,13.112844,1.360316,17973,0,0
50750,19,5,2,27,1,13.114755,1.360513,17983,0,0
50760,12,1,5,19,1,13.116763,1.360753,17993,0,0
50770,16,1,2,20,1,13.118083,1.360874,17993,0,0
50780,0,0,0,1,1,13.118516,1.360945,17993,0,0
50790,18,1,1,21,1,13.118721,1.360945,17997,0,0
50800,19,2,2,24,1,13.120126,1.361095,18009,0,0
50810,19,2,1,23,1,13.121758,1.361291,18018,0,0
50820,12,3,3,19,1,13.123955,1.361558,18036,0,0
50830,13,3,6,23,1,13.125192,1.361691,18036,0,0
50840,16,2,6,25,1,13.126780,1.361859,18046,0,0
50850,19,2,3,25,1,13.128244,1.362026,18047,0,0
50860,16,1,2,20,1,13.130459,1.362304,18081,0,0
50870,9,1,0,11,1,13.130219,1.362280,18081,0,0
50880,11,2,2,16,1,13.128909,1.362121,18081,0,0
50890,12,2,2,17,1,13.130165,1.362219,18083,0,0
50900,15,3,2,21,1,13.131930,1.362400,18104,0,0
50910,17,4,1,23,1,13.133263,1.362556,18104,0,0
50920,16,1,5,23,1,13.135355,1.362771,18122,0,0
50930,1,0,1,3,1,13.134566,1.362660,18122,0,0
50940,2,1,0,4,1,13.133576,1.362531,18122,0,0
50950,7,1,0,9,1,13.132286,1.362415,18122,0,0
50960,3,0,1,5,1,13.130717,1.362264,18122,0,0
50970,2,0,0,3,1,13.129099,1.362086,18122,0,0
50980,0,0,0,0,0,13.127771,1.361949,18122,0,0
50990,12,2,1,16,1,13.126870,1.361854,18122,0,0
51000,0,0,0,1,1,13.126373,1.361773,18122,0,0
51010,14,0,1,16,1,13.126711,1.361754,18122,0,0
51020,11,1,1,14,1,13.125205,1.361613,18122,0,0
51030,15,1,7,24,1,13.126431,1.361722,18129,0,0
51040,20,3,2,26,1,13.127495,1.361828,18138,0,0
51050,5,1,2,9,1,13.128182,1.361919,18138,0,0
51060,14,2,3,20,1,13.129099,1.362021,18154,0,0
51070,13,1,2,17,1,13.130403,1.362171,18161,0,0
51080,10,0,1,12,1,13.129874,1.362090,18161,0,0
51090,3,0,0,4,1,13.128852,1.361957,18161,0,0
51100,12,4,4,21,1,13.128456,1.361887,18161,0,0
51110,16,4,3,24,1,13.130084,1.362054,18168,0,0
51120,7,0,1,9,1,13.132194,1.362296,18188,0,0
51130,4,0,0,5,1,13.131315,1.362206,18188,0,0
51140,6,0,1,8,1,13.130670,1.362165,18188,0,0
51150,6,0,0,7,1,13.129488,1.362049,18188,0,0
51160,0,1,0,2,1,13.128062,1.361905,18188,0,0
51170,0,0,0,0,0,13.126254,1.361724,18188,0,0
51180,14,1,2,18,1,13.125966,1.361709,18188,0,0
51190,15,2,1,19,1,13.126711,1.361788,18188,0,0
51200,8,0,0,9,1,13.127257,1.361818,18190,0,0
51210,14,6,3,24,1,13.128475,1.361904,18194,0,0
51220,5,0,1,7,1,13.129161,1.361993,18197,0,0
51230,6,1,1,9,1,13.127394,1.361819,18197,0,0
51240,8,2,0,11,1,13.128385,1.361939,18198,0,0
51250,17,2,3,23,1,13.129391,1.362036,18212,0,0
51260,5,1,0,7,1,13.128578,1.361967,18216,0,0
51270,8,6,6,21,1,13.128512,1.361922,18216,0,0
51280,11,4,2,18,1,13.129901,1.362029,18224,0,0
51290,13,2,0,16,1,13.129946,1.362037,18224,0,0
51300,15,4,3,23,1,13.131614,1.362206,18228,0,0
51310,6,0,0,7,1,13.131246,1.362150,18228,0,0
51320,15,4,1,21,1,13.131858,1.362198,18231,0,0
51330,3,0,0,4,1,13.132929,1.362321,18231,0,0
51340,10,2,2,15,1,13.132455,1.362248,18236,0,0
51350,10,1,0,12,1,13.132215,1.362222,18236,0,0
51360,4,0,1,6,1,13.131014,1.362090,18236,0,0
51370,8,2,3,14,1,13.130846,1.362019,18236,0,0
51380,9,1,0,11,1,13.129731,1.361910,18236,0,0
51390,10,0,2,13,1,13.129347,1.361868,18236,0,0
51400,11,1,3,16,1,13.127846,1.361714,18236,0,0
51410,4,0,1,6,1,13.126948,1.361654,18236,0,0
51420,6,3,1,11,1,13.126184,1.361552,18236,0,0
51430,20,2,2,25,1,13.126294,1.361531,18236,0,0
51440,18,2,2,23,1,13.128076,1.361706,18241,0,0
51450,20,3,2,26,1,13.130083,1.361918,18248,0,0
51460,7,1,2,11,1,13.131334,1.362041,18258,0,0
51470,7,2,1,11,1,13.132064,1.362101,18259,0,0
51480,16,3,3,23,1,13.132636,1.362145,18259,0,0
51490,19,2,2,24,1,13.134436,1.362372,18272,0,0
51500,18,1,3,23,1,13.135469,1.362472,18280,0,0
51510,19,5,7,32,1,13.137422,1.362703,18296,0,0
51520,16,4,0,21,1,13.139654,1.362971,18300,0,0
51530,0,0,0,0,0,13.139351,1.363009,18304,0,0
51540,8,2,1,12,1,13.138081,1.362837,18304,0,0
51550,19,0,3,23,1,13.137174,1.362720,18307,0,0
51560,15,6,3,25,1,13.140179,1.363041,18338,0,0
51570,16,6,3,26,1,13.142408,1.363314,18357,0,0
51580,5,0,1,7,1,13.143347,1.363410,18358,0,0
51590,15,2,4,22,1,13.144369,1.363473,18367,0,0
51600,15,3,3,22,1,13.146246,1.363669,18375,0,0
51610,12,3,2,18,1,13.147426,1.363782,18375,0,0
51620,4,0,1,6,1,13.148024,1.363850,18376,0,0
51630,9,1,0,11,1,13.146489,1.363698,18376,0,0
51640,12,3,1,17,1,13.147526,1.363798,18379,0,0
51650,6,0,0,7,1,13.147210,1.363747,18379,0,0
51660,1,0,0,2,1,13.145634,1.363579,18379,0,0
51670,14,0,1,16,1,13.145222,1.363516,18379,0,0
51680,2,1,0,4,1,13.144441,1.363450,18379,0,0
51690,3,0,0,4,1,13.142670,1.363270,18379,0,0
51700,10,3,3,17,1,13.141723,1.363216,18379,0,0
51710,19,2,4,26,1,13.143946,1.363476,18399,0,0
51720,18,2,5,26,1,13.146462,1.363765,18417,0,0
51730,20,2,4,27,1,13.148508,1.363973,18423,0,0
51740,20,2,4,27,1,13.150672,1.364198,18438,0,0
51750,8,1,0,10,1,13.150680,1.364225,18440,0,0
51760,3,0,0,4,1,13.150548,1.364207,18441,0,0
51770,17,4,3,25,1,13.150656,1.364200,18441,0,0
51780,0,0,0,1,1,13.151656,1.364362,18445,0,0
51790,3,0,1,5,1,13.150663,1.364279,18445,0,0
51800,2,0,0,3,1,13.149582,1.364160,18445,0,0
51810,5,0,1,7,1,13.147658,1.363975,18445,0,0
51820,19,2,4,26,1,13.147510,1.363909,18445,0,0
51830,14,4,3,22,1,13.149426,1.364123,18449,0,0
51840,19,4,2,26,1,13.151114,1.364296,18454,0,0
51850,14,2,3,20,1,13.151701,1.364385,18458,0,0
51860,12,5,1,19,1,13.152679,1.364480,18461,0,0
51870,11,5,2,19,1,13.153931,1.364600,18469,0,0
51880,12,1,2,16,1,13.155996,1.364834,18489,0,0
51890,19,2,3,25,1,13.157529,1.364959,18511,0,0
51900,2,1,0,4,1,13.157124,1.364975,18514,0,0
51910,13,0,1,15,1,13.156033,1.364877,18514,0,0
51920,17,1,1,20,1,13.157099,1.364969,18514,0,0
51930,14,0,3,18,1,13.158595,1.365142,18530,0,0
51940,11,1,1,14,1,13.158682,1.365182,18530,0,0
51950,3,0,1,5,1,13.157442,1.365033,18530,0,0
51960,7,1,1,10,1,13.155505,1.364865,18530,0,0
51970,12,1,0,14,1,13.155004,1.364776,18530,0,0
51980,0,0,0,0,0,13.153586,1.364679,18530,0,0
51990,7,2,0,10,1,13.152041,1.364515,18530,0,0
52000,4,0,1,6,1,13.150162,1.364299,18530,0,0
52010,20,0,4,25,1,13.150607,1.364349,18535,0,0
52020,16,3,1,21,1,13.151632,1.364486,18537,0,0
52030,2,0,0,3,1,13.151000,1.364454,18537,0,0
52040,0,0,0,0,0,13.148807,1.364247,18537,0,0
52050,9,3,2,15,1,13.147935,1.364130,18537,0,0
52060,4,0,1,6,1,13.147209,1.364045,18537,0,0
52070,11,5,1,18,1,13.148714,1.364156,18539,0,0
52080,15,3,4,23,1,13.150430,1.364327,18546,0,0
52090,17,2,0,20,1,13.152020,1.364501,18561,0,0
52100,19,3,4,27,1,13.153763,1.364678,18568,0,0
52110,19,1,2,23,1,13.155643,1.364906,18575,0,0
52120,15,1,1,18,1,13.156498,1.364991,18585,0,0
52130,8,2,0,11,1,13.156870,1.364992,18585,0,0
52140,5,1,0,7,1,13.155691,1.364868,18585,0,0
52150,2,0,0,3,1,13.154687,1.364727,18585,0,0
52160,11,2,1,15,1,13.153054,1.364542,18585,0,0
52170,0,0,0,1,1,13.151773,1.364438,18585,0,0
52180,5,1,0,7,1,13.150091,1.364283,18585,0,0
52190,9,0,2,12,1,13.148722,1.364126,18585,0,0
52200,0,0,0,1,1,13.147320,1.363987,18585,0,0
52210,6,0,0,7,1,13.145306,1.363804,18585,0,0
52220,14,3,1,19,1,13.144439,1.363644,18585,0,0
52230,1,0,3,5,1,13.145194,1.363702,18587,0,0
52240,20,2,1,24,1,13.145098,1.363658,18590,0,0
52250,18,4,2,25,1,13.146873,1.363830,18610,0,0
52260,15,5,3,24,1,13.148242,1.363948,18630,0,0
52270,8,1,2,12,1,13.149568,1.364114,18634,0,0
52280,8,1,1,11,1,13.148888,1.363988,18634,0,0
52290,1,0,2,4,1,13.147533,1.363829,18634,0,0
52300,1,0,2,4,1,13.145990,1.363662,18634,0,0
52310,10,0,0,11,1,13.145306,1.363560,18634,0,0
52320,6,1,0,8,1,13.143922,1.363415,18634,0,0
52330,10,2,1,14,1,13.142745,1.363275,18634,0,0
52340,16,4,6,27,1,13.143995,1.363373,18645,0,0
52350,17,6,3,27,1,13.145716,1.363572,18651,0,0
52360,2,0,1,4,1,13.147639,1.363810,18672,0,0
52370,20,1,2,24,1,13.148672,1.363861,18678,0,0
52380,17,4,5,27,1,13.150230,1.363997,18679,0,0
52390,15,5,8,29,1,13.152770,1.364294,18699,0,0
52400,11,2,3,17,1,13.154045,1.364449,18699,0,0
52410,17,3,3,24,1,13.155770,1.364635,18708,0,0
52420,12,1,0,14,1,13.157663,1.364846,18717,0,0
52430,16,1,0,18,1,13.158376,1.364886,18717,0,0
52440,11,3,3,18,1,13.158323,1.364884,18717,0,0
52450,17,2,4,24,1,13.160200,1.365077,18721,0,0
52460,19,1,5,26,1,13.162203,1.365272,18728,0,0
52470,8,4,3,16,1,13.163657,1.365435,18733,0,0
52480,12,2,0,15,1,13.164417,1.365480,18737,0,0
52490,19,4,2,26,1,13.166333,1.365658,18747,0,0
52500,20,0,6,27,1,13.168690,1.365906,18755,0,0
52510,6,0,0,7,1,13.168749,1.365895,18756,0,0
52520,12,0,0,13,1,13.167372,1.365704,18756,0,0
52530,9,1,0,11,1,13.167701,1.365737,18756,0,0
52540,8,1,1,11,1,13.166965,1.365675,18756,0,0
52550,11,2,2,16,1,13.166830,1.365649,18756,0,0
52560,13,3,2,19,1,13.168117,1.365765,18761,0,0
52570,0,1,0,2,1,13.167953,1.365781,18761,0,0
52580,6,0,0,7,1,13.166690,1.365646,18761,0,0
52590,9,0,0,10,1,13.167404,1.365681,18761,0,0
52600,0,0,0,0,0,13.165697,1.365502,18761,0,0
52610,1,0,0,2,1,13.163961,1.365326,18761,0,0
52620,20,6,2,29,1,13.163593,1.365275,18767,0,0
52630,12,2,4,19,1,13.165049,1.365441,18787,0,0
52640,15,1,1,18,1,13.165541,1.365485,18787,0,0
52650,3,0,1,5,1,13.165328,1.365493,18787,0,0
52660,15,2,4,22,1,13.165734,1.365515,18787,0,0
52670,17,0,3,21,1,13.167197,1.365649,18797,0,0
52680,10,4,1,16,1,13.167869,1.365712,18797,0,0
52690,7,0,3,11,1,13.167949,1.365719,18797,0,0
52700,9,3,3,16,1,13.167563,1.365650,18797,0,0
52710,19,3,3,26,1,13.169040,1.365810,18807,0,0
52720,19,3,4,27,1,13.170912,1.366002,18812,0,0
52730,7,0,1,9,1,13.172299,1.366182,18815,0,0
52740,18,3,1,23,1,13.173035,1.366263,18821,0,0
52750,3,1,1,6,1,13.172935,1.366248,18822,0,0
52760,11,1,4,17,1,13.173173,1.366247,18823,0,0
52770,12,3,2,18,1,13.174454,1.366386,18831,0,0
52780,17,3,0,21,1,13.175730,1.366528,18838,0,0
52790,12,2,2,17,1,13.175940,1.366548,18838,0,0
52800,7,0,1,9,1,13.174736,1.366432,18838,0,0
52810,9,1,2,13,1,13.174739,1.366401,18838,0,0
52820,8,0,0,9,1,13.175061,1.366436,18838,0,0
52830,19,3,3,26,1,13.174950,1.366393,18848,0,0
52840,20,4,1,26,1,13.177156,1.366669,18864,0,0
52850,0,0,0,0,0,13.176739,1.366662,18865,0,0
52860,7,1,2,11,1,13.175275,1.366527,18865,0,0
52870,18,1,6,26,1,13.176494,1.366601,18869,0,0
52880,15,2,2,20,1,13.178325,1.366803,18874,0,0
52890,7,2,0,10,1,13.177683,1.366764,18874,0,0
52900,14,0,1,16,1,13.177417,1.366697,18874,0,0
52910,13,1,2,17,1,13.178214,1.366754,18876,0,0
52920,14,0,2,17,1,13.178766,1.366821,18876,0,0
52930,15,1,1,18,1,13.180271,1.366981,18884,0,0
52940,18,5,4,28,1,13.181364,1.367060,18887,0,0
52950,1,1,0,3,1,13.181302,1.367087,18891,0,0
52960,11,1,0,13,1,13.179787,1.366915,18891,0,0
52970,11,2,1,15,1,13.180683,1.366998,18895,0,0
52980,11,0,0,12,1,13.180765,1.367029,18895,0,0
52990,11,0,1,13,1,13.180148,1.366964,18895,0,0
53000,13,2,0,16,1,13.179269,1.366879,18895,0,0
53010,0,0,0,1,1,13.179407,1.366892,18903,0,0
53020,5,0,3,9,1,13.177671,1.366705,18903,0,0
53030,5,0,0,6,1,13.176909,1.366630,18903,0,0
53040,5,0,0,6,1,13.175023,1.366457,18903,0,0
53050,7,1,0,9,1,13.173597,1.366294,18903,0,0
53060,4,2,1,8,1,13.171827,1.366119,18903,0,0
53070,20,6,5,32,1,13.172775,1.366181,18919,0,0
53080,15,4,2,22,1,13.175352,1.366487,18937,0,0
53090,16,3,3,23,1,13.177203,1.366691,18947,0,0
53100,17,1,1,20,1,13.178670,1.366826,18960,0,0
53110,14,1,2,18,1,13.179362,1.366925,18964,0,0
53120,2,0,0,3,1,13.179647,1.366983,18969,0,0
53130,0,0,0,1,1,13.177499,1.366780,18969,0,0
53140,4,0,2,7,1,13.176196,1.366622,18969,0,0
53150,0,0,0,1,1,13.174382,1.366448,18969,0,0
53160,6,2,0,9,1,13.172748,1.366282,18969,0,0
53170,6,0,0,7,1,13.170950,1.366142,18969,0,0
53180,20,5,4,30,1,13.172722,1.366330,18984,0,0
53190,17,1,1,20,1,13.175096,1.366572,19003,0,0
53200,7,0,0,8,1,13.174550,1.366545,19003,0,0
53210,0,0,0,1,1,13.172637,1.366367,19003,0,0
53220,2,1,1,5,1,13.170833,1.366207,19003,0,0
53230,20,2,1,24,1,13.170995,1.366169,19008,0,0
53240,15,1,0,17,1,13.172252,1.366341,19020,0,0
53250,6,1,1,9,1,13.173271,1.366442,19020,0,0
53260,12,0,1,14,1,13.172061,1.366326,19020,0,0
53270,13,1,5,20,1,13.173867,1.366533,19040,0,0
53280,7,1,1,10,1,13.172423,1.366413,19040,0,0
53290,0,0,0,0,0,13.170993,1.366279,19040,0,0
53300,6,0,1,8,1,13.169621,1.366125,19040,0,0
53310,2,2,0,5,1,13.168098,1.365992,19040,0,0
53320,9,0,1,11,1,13.167534,1.365892,19040,0,0
53330,19,3,3,26,1,13.168712,1.365980,19054,0,0
53340,3,0,0,4,1,13.168283,1.365950,19054,0,0
53350,7,1,1,10,1,13.167134,1.365798,19054,0,0
53360,11,1,1,14,1,13.165780,1.365645,19054,0,0
53370,1,1,1,4,1,13.164643,1.365531,19054,0,0
53380,10,0,3,14,1,13.163833,1.365432,19054,0,0
53390,4,1,0,6,1,13.163176,1.365386,19054,0,0
53400,18,1,1,21,1,13.163753,1.365428,19064,0,0
53410,0,0,0,0,0,13.162351,1.365297,19064,0,0
53420,13,0,0,14,1,13.161744,1.365228,19064,0,0
53430,13,2,3,19,1,13.162606,1.365302,19064,0,0
53440,13,1,2,17,1,13.164009,1.365491,19068,0,0
53450,20,1,1,23,1,13.166033,1.365692,19088,0,0
53460,16,3,4,24,1,13.167639,1.365838,19096,0,0
53470,16,8,2,27,1,13.170573,1.366175,19121,0,0
53480,16,3,0,20,1,13.173116,1.366461,19150,0,0
53490,20,2,4,27,1,13.175569,1.366735,19177,0,0
53500,19,1,6,27,1,13.177906,1.367019,19207,0,0
53510,18,1,2,22,1,13.178845,1.367138,19212,0,0
53520,15,4,3,23,1,13.180274,1.367306,19226,0,0
53530,15,1,1,18,1,13.181412,1.367436,19226,0,0
53540,17,2,2,22,1,13.183245,1.367622,19234,0,0
53550,6,1,1,9,1,13.183987,1.367718,19235,0,0
53560,9,1,1,12,1,13.184774,1.367801,19241,0,0
53570,7,1,1,10,1,13.185352,1.367862,19248,0,0
53580,16,1,1,19,1,13.185047,1.367823,19259,0,0
53590,6,3,0,10,1,13.183595,1.367684,19259,0,0
53600,4,2,0,7,1,13.184042,1.367742,19259,0,0
53610,0,0,0,0,0,13.182434,1.367579,19259,0,0
53620,12,1,1,15,1,13.181519,1.367499,19259,0,0
53630,0,0,0,0,0,13.180525,1.367434,19259,0,0
53640,7,0,1,9,1,13.178912,1.367228,19259,0,0
53650,8,1,1,11,1,13.179409,1.367275,19259,0,0
53660,9,1,4,15,1,13.178873,1.367212,19259,0,0
53670,20,2,6,29,1,13.179826,1.367302,19273,0,0
53680,17,2,3,23,1,13.181911,1.367564,19294,0,0
53690,20,4,5,30,1,13.183437,1.367718,19301,0,0
53700,13,4,0,18,1,13.185577,1.367954,19323,0,0
53710,20,0,5,26,1,13.186140,1.368024,19333,0,0
53720,17,2,6,26,1,13.187635,1.368202,19339,0,0
53730,9,0,1,11,1,13.187932,1.368223,19339,0,0
53740,9,5,3,18,1,13.189124,1.368340,19344,0,0
53750,10,0,2,13,1,13.189743,1.368429,19344,0,0
53760,14,2,1,18,1,13.189620,1.368412,19344,0,0
53770,11,0,1,13,1,13.189890,1.368464,19344,0,0
53780,7,0,3,11,1,13.189643,1.368448,19344,0,0
53790,3,1,0,5,1,13.189235,1.368417,19344,0,0
53800,15,1,1,18,1,13.188379,1.368303,19344,0,0
53810,19,0,3,23,1,13.190401,1.368535,19377,0,0
53820,18,6,2,27,1,13.192673,1.368777,19395,0,0
53830,16,5,1,23,1,13.195301,1.369093,19410,0,0
53840,16,4,4,25,1,13.196633,1.369253,19414,0,0
53850,11,0,1,13,1,13.197461,1.369364,19414,0,0
53860,14,5,2,22,1,13.198991,1.369507,19420,0,0
53870,17,0,4,22,1,13.200488,1.369653,19421,0,0
53880,15,4,1,21,1,13.202188,1.369794,19427,0,0
53890,10,0,3,14,1,13.203258,1.369935,19429,0,0
53900,6,0,0,7,1,13.203625,1.369984,19429,0,0
53910,2,0,0,3,1,13.202529,1.369874,19429,0,0
53920,13,2,3,19,1,13.201352,1.369711,19429,0,0
53930,2,1,0,4,1,13.201558,1.369739,19430,0,0
53940,19,2,4,26,1,13.200868,1.369647,19436,0,0
53950,8,1,0,10,1,13.202574,1.369859,19452,0,0
53960,9,4,1,15,1,13.201674,1.369756,19452,0,0
53970,7,1,1,10,1,13.201395,1.369749,19452,0,0
53980,14,0,2,17,1,13.200826,1.369678,19452,0,0
53990,5,0,0,6,1,13.199957,1.369571,19452,0,0
54000,6,1,1,9,1,13.198853,1.369447,19452,0,0
54010,16,2,2,21,1,13.198570,1.369405,19452,0,0
54020,19,3,3,26,1,13.199908,1.369534,19454,0,0
54030,18,3,2,24,1,13.202239,1.369817,19481,0,0
54040,18,1,2,22,1,13.203951,1.370016,19490,0,0
54050,20,1,5,27,1,13.206255,1.370277,19516,0,0
54060,11,2,4,18,1,13.207189,1.370407,19531,0,0
54070,3,0,0,4,1,13.206801,1.370418,19531,0,0
54080,5,1,0,7,1,13.205118,1.370228,19531,0,0
54090,13,3,0,17,1,13.203750,1.370071,19531,0,0
54100,8,1,1,11,1,13.204306,1.370156,19531,0,0
54110,0,0,1,2,1,13.202845,1.370011,19531,0,0
54120,12,1,1,15,1,13.202067,1.369913,19531,0,0
54130,10,1,3,15,1,13.201714,1.369872,19531,0,0
54140,15,3,0,19,1,13.202732,1.369968,19531,0,0
54150,17,1,0,19,1,13.203553,1.370075,19534,0,0
54160,2,0,2,5,1,13.203644,1.370104,19537,0,0
54170,7,1,1,10,1,13.201979,1.369940,19537,0,0
54180,20,2,1,24,1,13.201830,1.369884,19538,0,0
54190,10,0,2,13,1,13.203028,1.370014,19541,0,0
54200,16,1,0,18,1,13.202459,1.369967,19541,0,0
54210,9,5,2,17,1,13.204228,1.370149,19560,0,0
54220,8,1,2,12,1,13.204867,1.370237,19560,0,0
54230,4,0,0,5,1,13.203829,1.370114,19560,0,0
54240,10,1,1,13,1,13.202906,1.370030,19560,0,0
54250,7,0,1,9,1,13.201557,1.369930,19560,0,0
54260,4,0,0,5,1,13.200362,1.369802,19560,0,0
54270,8,0,0,9,1,13.199722,1.369726,19560,0,0
54280,1,0,1,3,1,13.198577,1.369608,19560,0,0
54290,17,1,3,22,1,13.198670,1.369582,19560,0,0
54300,12,3,1,17,1,13.199905,1.369719,19565,0,0
54310,19,2,1,23,1,13.200454,1.369785,19566,0,0
54320,13,2,8,24,1,13.202166,1.369958,19574,0,0
54330,20,6,4,31,1,13.204416,1.370206,19595,0,0
54340,9,0,0,10,1,13.205257,1.370362,19598,0,0
54350,7,1,2,11,1,13.205023,1.370320,19598,0,0
54360,7,2,0,10,1,13.204105,1.370216,19598,0,0
54370,7,0,0,8,1,13.203542,1.370156,19598,0,0
54380,1,1,0,3,1,13.202641,1.370074,19598,0,0
54390,6,0,0,7,1,13.202002,1.369974,19598,0,0
54400,12,1,3,17,1,13.201283,1.369890,19598,0,0
54410,17,1,4,23,1,13.202045,1.369973,19598,0,0
54420,12,2,1,16,1,13.203259,1.370118,19602,0,0
54430,16,0,1,18,1,13.204017,1.370205,19603,0,0
54440,10,3,2,16,1,13.205036,1.370309,19604,0,0
54450,20,3,0,24,1,13.206988,1.370495,19619,0,0
54460,10,2,2,15,1,13.208676,1.370705,19633,0,0
54470,10,2,2,15,1,13.208745,1.370708,19633,0,0
54480,9,1,1,12,1,13.209068,1.370745,19633,0,0
54490,19,2,1,23,1,13.210971,1.370930,19645,0,0
54500,2,0,0,3,1,13.212390,1.371123,19668,0,0
54510,10,1,1,13,1,13.210453,1.370899,19668,0,0
54520,9,1,1,12,1,13.210313,1.370909,19668,0,0
54530,3,0,1,5,1,13.208618,1.370742,19668,0,0
54540,7,0,1,9,1,13.207351,1.370632,19668,0,0
54550,7,1,0,9,1,13.207049,1.370589,19668,0,0
54560,0,0,0,0,0,13.205766,1.370483,19668,0,0
54570,5,0,0,6,1,13.204257,1.370319,19668,0,0
54580,1,1,0,3,1,13.202461,1.370160,19668,0,0
54590,9,1,3,14,1,13.201715,1.370055,19668,0,0
54600,14,3,2,20,1,13.202524,1.370158,19672,0,0
54610,19,1,1,22,1,13.204232,1.370344,19688,0,0
54620,6,0,0,7,1,13.204212,1.370358,19688,0,0
54630,6,0,1,8,1,13.203037,1.370237,19688,0,0
54640,6,2,1,10,1,13.202002,1.370139,19688,0,0
54650,19,3,2,25,1,13.203053,1.370210,19692,0,0
54660,9,2,1,13,1,13.204523,1.370358,19695,0,0
54670,2,0,0,3,1,13.203402,1.370227,19695,0,0
54680,15,2,1,19,1,13.203259,1.370176,19695,0,0
54690,11,1,0,13,1,13.202323,1.370054,19695,0,0
54700,4,1,0,6,1,13.201404,1.369963,19695,0,0
54710,20,5,3,29,1,13.202452,1.370051,19706,0,0
54720,12,1,0,14,1,13.204398,1.370259,19720,0,0
54730,18,4,1,24,1,13.204324,1.370227,19722,0,0
54740,16,1,4,22,1,13.205640,1.370393,19737,0,0
54750,8,2,3,14,1,13.206689,1.370495,19737,0,0
54760,17,1,3,22,1,13.208482,1.370682,19757,0,0
54770,16,3,1,21,1,13.210096,1.370863,19765,0,0
54780,11,2,2,16,1,13.211568,1.371004,19770,0,0
54790,9,0,0,10,1,13.211891,1.371028,19771,0,0
54800,2,2,0,5,1,13.212416,1.371081,19777,0,0
54810,19,2,1,23,1,13.213514,1.371172,19784,0,0
54820,0,0,0,1,1,13.214434,1.371344,19795,0,0
54830,2,0,0,3,1,13.212576,1.371157,19795,0,0
54840,0,0,0,1,1,13.211218,1.371041,19795,0,0
54850,17,2,1,21,1,13.209954,1.370900,19795,0,0
54860,17,1,3,22,1,13.211021,1.371020,19798,0,0
54870,13,3,1,18,1,13.212414,1.371170,19810,0,0
54880,0,0,0,0,0,13.211000,1.371032,19810,0,0
54890,6,0,0,7,1,13.209283,1.370878,19810,0,0
54900,17,0,1,19,1,13.210232,1.370954,19813,0,0
54910,0,0,0,1,1,13.209821,1.370918,19813,0,0
54920,2,0,0,3,1,13.207668,1.370729,19813,0,0
54930,19,2,1,23,1,13.207921,1.370691,19818,0,0
54940,19,4,7,31,1,13.210864,1.371039,19827,0,0
54950,11,1,1,14,1,13.212392,1.371219,19828,0,0
54960,12,4,2,19,1,13.213160,1.371277,19828,0,0
54970,10,2,4,17,1,13.214583,1.371443,19832,0,0
54980,8,2,3,14,1,13.216132,1.371608,19845,0,0
54990,0,0,0,0,0,13.215310,1.371567,19845,0,0
55000,7,3,0,11,1,13.213119,1.371390,19845,0,0
55010,19,1,1,22,1,13.213259,1.371387,19845,0,0
55020,2,0,0,3,1,13.213209,1.371422,19846,0,0
55030,5,2,0,8,1,13.211329,1.371222,19846,0,0
55040,19,5,3,28,1,13.212822,1.371358,19861,0,0
55050,11,0,1,13,1,13.214464,1.371563,19870,0,0
55060,6,2,0,9,1,13.214793,1.371600,19870,0,0
55070,9,0,0,10,1,13.213592,1.371458,19870,0,0
55080,12,2,2,17,1,13.214875,1.371564,19880,0,0
55090,19,0,3,23,1,13.216099,1.371684,19884,0,0
55100,1,0,0,2,1,13.215132,1.371618,19884,0,0
55110,12,0,4,17,1,13.213348,1.371444,19884,0,0
55120,8,1,1,11,1,13.213529,1.371454,19884,0,0
55130,0,0,0,0,0,13.211832,1.371281,19884,0,0
55140,0,0,0,0,0,13.210417,1.371127,19884,0,0
55150,3,0,0,4,1,13.208429,1.370937,19884,0,0
55160,0,0,0,0,0,13.206568,1.370755,19884,0,0
55170,1,0,0,2,1,13.205000,1.370581,19884,0,0
55180,0,0,0,1,1,13.203650,1.370462,19884,0,0
55190,13,2,3,19,1,13.202946,1.370364,19884,0,0
55200,9,2,1,13,1,13.204375,1.370534,19890,0,0
55210,20,5,7,33,1,13.205651,1.370616,19900,0,0
55220,10,1,3,15,1,13.207365,1.370838,19912,0,0
55230,5,1,0,7,1,13.207334,1.370844,19912,0,0
55240,20,4,8,33,1,13.207724,1.370831,19917,0,0
55250,17,2,4,24,1,13.209411,1.371017,19934,0,0
55260,7,0,0,8,1,13.209427,1.371046,19936,0,0
55270,20,3,4,28,1,13.210658,1.371179,19958,0,0
55280,16,1,0,18,1,13.212273,1.371333,19965,0,0
55290,9,1,0,11,1,13.213507,1.371467,19980,0,0
55300,16,4,2,23,1,13.214340,1.371531,19983,0,0
55310,10,0,1,12,1,13.216009,1.371700,19992,0,0
55320,19,4,4,28,1,13.216720,1.371775,19992,0,0
55330,9,1,1,12,1,13.217740,1.371892,19996,0,0
55340,10,1,1,13,1,13.217414,1.371848,19996,0,0
55350,12,2,3,18,1,13.217743,1.371873,19996,0,0
55360,13,3,0,17,1,13.217269,1.371807,19996,0,0
55370,7,0,1,9,1,13.217675,1.371850,19998,0,0
55380,9,0,1,11,1,13.216885,1.371758,19998,0,0
55390,9,1,1,12,1,13.215617,1.371589,19998,0,0
55400,2,0,1,4,1,13.213788,1.371444,19998,0,0
55410,17,4,3,25,1,13.214883,1.371525,20006,0,0
55420,18,5,3,27,1,13.216819,1.371691,20010,0,0
55430,15,2,2,20,1,13.218658,1.371890,20023,0,0
55440,13,3,0,17,1,13.219844,1.372022,20035,0,0
55450,17,1,2,21,1,13.221013,1.372155,20038,0,0
55460,14,2,0,17,1,13.222177,1.372292,20041,0,0
55470,18,4,4,27,1,13.223201,1.372376,20041,0,0
55480,17,1,2,21,1,13.224873,1.372555,20057,0,0
55490,13,3,3,20,1,13.226400,1.372715,20068,0,0
55500,9,0,0,10,1,13.226152,1.372721,20068,0,0
55510,12,0,1,14,1,13.226065,1.372690,20070,0,0
55520,14,1,2,18,1,13.227939,1.372877,20087,0,0
55530,18,1,3,23,1,13.228829,1.372999,20088,0,0
55540,9,1,1,12,1,13.229712,1.373102,20096,0,0
55550,6,0,0,7,1,13.228630,1.373003,20096,0,0
55560,7,0,1,9,1,13.226959,1.372795,20096,0,0
55570,3,0,0,4,1,13.226129,1.372707,20096,0,0
55580,16,1,2,20,1,13.224998,1.372567,20096,0,0
55590,6,1,0,8,1,13.224783,1.372558,20096,0,0
55600,10,0,3,14,1,13.223613,1.372412,20096,0,0
55610,5,1,4,11,1,13.223016,1.372336,20096,0,0
55620,19,2,2,24,1,13.223273,1.372343,20098,0,0
55630,13,2,0,16,1,13.225096,1.372556,20105,0,0
55640,16,2,1,20,1,13.226264,1.372658,20109,0,0
55650,16,1,0,18,1,13.226130,1.372663,20109,0,0
55660,8,0,0,9,1,13.225581,1.372619,20110,0,0
55670,13,1,3,18,1,13.226661,1.372735,20112,0,0
55680,10,2,1,14,1,13.225879,1.372639,20114,0,0
55690,16,0,4,21,1,13.227728,1.372832,20128,0,0
55700,11,0,1,13,1,13.229173,1.373027,20149,0,0
55710,2,1,1,5,1,13.228856,1.372997,20150,0,0
55720,8,1,2,12,1,13.227612,1.372892,20150,0,0
55730,5,1,0,7,1,13.227113,1.372836,20150,0,0
55740,4,1,0,6,1,13.225339,1.372663,20150,0,0
55750,10,0,2,13,1,13.224070,1.372504,20150,0,0
55760,13,0,2,16,1,13.223373,1.372392,20150,0,0
55770,19,2,2,24,1,13.224735,1.372529,20156,0,0
55780,4,0,0,5,1,13.224656,1.372588,20156,0,0
55790,12,3,2,18,1,13.223287,1.372426,20156,0,0
55800,5,1,1,8,1,13.224029,1.372520,20156,0,0
55810,3,0,1,5,1,13.223190,1.372428,20156,0,0
55820,10,3,2,16,1,13.222920,1.372360,20156,0,0
55830,7,0,0,8,1,13.222219,1.372273,20156,0,0
55840,10,2,0,13,1,13.221468,1.372155,20156,0,0
55850,14,1,0,16,1,13.220424,1.371992,20156,0,0
55860,1,0,0,2,1,13.219661,1.371941,20156,0,0
55870,2,0,0,3,1,13.217724,1.371734,20156,0,0
55880,12,0,0,13,1,13.216931,1.371637,20156,0,0
55890,8,1,0,10,1,13.215952,1.371529,20156,0,0
55900,2,0,0,3,1,13.215459,1.371448,20156,0,0
55910,13,0,0,14,1,13.214442,1.371313,20156,0,0
55920,8,2,0,11,1,13.214029,1.371273,20156,0,0
55930,20,1,2,24,1,13.213799,1.371225,20164,0,0
55940,8,3,0,12,1,13.214465,1.371336,20172,0,0
55950,13,1,0,15,1,13.214217,1.371301,20172,0,0
55960,17,1,1,20,1,13.215548,1.371440,20175,0,0
55970,8,2,4,15,1,13.215800,1.371467,20175,0,0
55980,15,1,2,19,1,13.217154,1.371606,20187,0,0
55990,4,0,2,7,1,13.217320,1.371624,20192,0,0
56000,9,0,1,11,1,13.216940,1.371568,20192,0,0
56010,16,4,1,22,1,13.217612,1.371664,20193,0,0
56020,20,3,5,29,1,13.219692,1.371855,20204,0,0
56030,20,4,4,29,1,13.220286,1.371935,20220,0,0
56040,4,3,0,8,1,13.220934,1.372026,20222,0,0
56050,8,0,1,10,1,13.219886,1.371939,20222,0,0
56060,0,0,0,0,0,13.218296,1.371810,20222,0,0
56070,2,0,0,3,1,13.216590,1.371652,20222,0,0
56080,16,4,1,22,1,13.216756,1.371619,20231,0,0
56090,3,0,0,4,1,13.216632,1.371610,20232,0,0
56100,6,1,2,10,1,13.215477,1.371496,20232,0,0
56110,20,3,6,30,1,13.215887,1.371499,20236,0,0
56120,1,0,0,2,1,13.215806,1.371519,20237,0,0
56130,0,0,0,1,1,13.214290,1.371388,20237,0,0
56140,9,1,1,12,1,13.213095,1.371253,20237,0,0
56150,3,0,0,4,1,13.212106,1.371138,20237,0,0
56160,15,0,2,18,1,13.212743,1.371203,20240,0,0
56170,0,0,0,0,0,13.211783,1.371124,20240,0,0
56180,7,0,1,9,1,13.209872,1.370929,20240,0,0
56190,1,0,0,2,1,13.208591,1.370812,20240,0,0
56200,4,0,2,7,1,13.207235,1.370705,20240,0,0
56210,0,0,0,1,1,13.205211,1.370567,20240,0,0
56220,12,2,3,18,1,13.204198,1.370450,20240,0,0
56230,14,0,3,18,1,13.204609,1.370479,20240,0,0
56240,20,4,5,30,1,13.206446,1.370642,20257,0,0
56250,13,1,2,17,1,13.208067,1.370867,20281,0,0
56260,17,2,2,22,1,13.210002,1.371084,20303,0,0
56270,20,1,4,26,1,13.211098,1.371161,20308,0,0
56280,20,4,5,30,1,13.212883,1.371342,20322,0,0
56290,6,0,0,7,1,13.213678,1.371420,20325,0,0
56300,6,1,0,8,1,13.213635,1.371424,20325,0,0
56310,12,0,1,14,1,13.212897,1.371328,20325,0,0
56320,10,1,1,13,1,13.211814,1.371202,20325,0,0
56330,5,0,0,6,1,13.210328,1.371081,20325,0,0
56340,6,0,1,8,1,13.209261,1.370964,20325,0,0
56350,8,0,1,10,1,13.207497,1.370814,20325,0,0
56360,15,5,3,24,1,13.209038,1.370925,20333,0,0
56370,12,2,4,19,1,13.211688,1.371226,20346,0,0
56380,4,3,2,10,1,13.211844,1.371220,20348,0,0
56390,0,0,0,1,1,13.210376,1.371076,20348,0,0
56400,3,0,0,4,1,13.208684,1.370914,20348,0,0
56410,2,2,1,6,1,13.207137,1.370747,20348,0,0
56420,2,2,0,5,1,13.205674,1.370606,20348,0,0
56430,4,0,1,6,1,13.204187,1.370427,20348,0,0
56440,0,0,0,1,1,13.202445,1.370270,20348,0,0
56450,16,2,2,21,1,13.202616,1.370263,20350,0,0
56460,19,2,1,23,1,13.204338,1.370430,20367,0,0
56470,17,1,4,23,1,13.205496,1.370531,20370,0,0
56480,16,2,1,20,1,13.206696,1.370632,20372,0,0
56490,17,4,4,26,1,13.208732,1.370869,20391,0,0
56500,18,4,2,25,1,13.209840,1.370965,20395,0,0
56510,14,2,7,24,1,13.211787,1.371168,20406,0,0
56520,8,0,0,9,1,13.211630,1.371193,20406,0,0
56530,7,0,0,8,1,13.211156,1.371127,20407,0,0
56540,20,0,6,27,1,13.211414,1.371137,20407,0,0
56550,8,1,1,11,1,13.212443,1.371312,20425,0,0
56560,11,0,3,15,1,13.211860,1.371233,20425,0,0
56570,19,0,4,24,1,13.213146,1.371392,20438,0,0
56580,17,1,3,22,1,13.214839,1.371576,20452,0,0
56590,9,1,1,12,1,13.215249,1.371632,20452,0,0
56600,10,1,3,15,1,13.216133,1.371750,20452,0,0
56610,14,3,0,18,1,13.217397,1.371870,20457,0,0
56620,9,1,3,14,1,13.217381,1.371849,20457,0,0
56630,13,2,3,19,1,13.217952,1.371894,20457,0,0
56640,10,1,0,12,1,13.218123,1.371895,20457,0,0
56650,7,2,0,10,1,13.217990,1.371874,20457,0,0
56660,14,2,2,19,1,13.218740,1.371966,20460,0,0
56670,14,2,3,20,1,13.219494,1.372017,20460,0,0
56680,13,2,2,18,1,13.220828,1.372171,20467,0,0
56690,2,3,0,6,1,13.220954,1.372190,20467,0,0
56700,7,0,0,8,1,13.220686,1.372179,20471,0,0
56710,6,0,0,7,1,13.219269,1.372037,20471,0,0
56720,15,3,2,21,1,13.219816,1.372065,20471,0,0
56730,19,2,0,22,1,13.221085,1.372210,20476,0,0
56740,15,0,2,18,1,13.222460,1.372364,20480,0,0
56750,8,0,1,10,1,13.223423,1.372480,20492,0,0
56760,16,4,3,24,1,13.222543,1.372354,20492,0,0
56770,0,0,0,1,1,13.223066,1.372454,20495,0,0
56780,7,0,1,9,1,13.221937,1.372318,20496,0,0
56790,12,0,1,14,1,13.221086,1.372218,20496,0,0
56800,13,0,4,18,1,13.220466,1.372137,20496,0,0
56810,19,2,3,25,1,13.221012,1.372157,20497,0,0
56820,3,0,0,4,1,13.220923,1.372171,20497,0,0
56830,3,1,1,6,1,13.219728,1.372058,20497,0,0
56840,0,0,1,2,1,13.217810,1.371895,20497,0,0
56850,3,1,0,5,1,13.216685,1.371791,20497,0,0
56860,1,0,1,3,1,13.215878,1.371713,20497,0,0
56870,5,0,0,6,1,13.213859,1.371565,20497,0,0
56880,5,1,1,8,1,13.213975,1.371578,20505,0,0
56890,6,0,1,8,1,13.213060,1.371459,20505,0,0
56900,8,2,2,13,1,13.212097,1.371360,20505,0,0
56910,2,0,0,3,1,13.210247,1.371181,20505,0,0
56920,7,2,0,10,1,13.209206,1.371031,20505,0,0
56930,8,1,1,11,1,13.207752,1.370871,20505,0,0
56940,4,0,0,5,1,13.206357,1.370730,20505,0,0
56950,11,2,3,17,1,13.204742,1.370578,20505,0,0
56960,12,2,1,16,1,13.205260,1.370630,20514,0,0
56970,18,2,1,22,1,13.206225,1.370689,20514,0,0
56980,17,4,2,24,1,13.207608,1.370835,20514,0,0
56990,16,2,1,20,1,13.209239,1.371011,20514,0,0
57000,17,1,0,19,1,13.210694,1.371178,20518,0,0
57010,6,1,2,10,1,13.210827,1.371195,20518,0,0
57020,14,0,1,16,1,13.210395,1.371153,20518,0,0
57030,11,1,1,14,1,13.210240,1.371150,20520,0,0
57040,5,0,0,6,1,13.210584,1.371212,20527,0,0
57050,12,3,1,17,1,13.209906,1.371115,20527,0,0
57060,0,1,0,2,1,13.209475,1.371059,20528,0,0
57070,3,0,0,4,1,13.207783,1.370934,20528,0,0
57080,1,0,0,2,1,13.207210,1.370858,20528,0,0
57090,4,0,3,8,1,13.205644,1.370688,20528,0,0
57100,0,0,0,0,0,13.203967,1.370533,20528,0,0
57110,0,0,0,1,1,13.202118,1.370377,20528,0,0
57120,14,1,2,18,1,13.202228,1.370369,20533,0,0
57130,1,0,0,2,1,13.201158,1.370279,20533,0,0
57140,12,2,1,16,1,13.200097,1.370184,20533,0,0
57150,12,0,3,16,1,13.199859,1.370160,20533,0,0
57160,13,1,2,17,1,13.201230,1.370318,20538,0,0
57170,6,0,0,7,1,13.200900,1.370283,20538,0,0
57180,8,0,0,9,1,13.199787,1.370143,20538,0,0
57190,8,2,1,12,1,13.198468,1.370007,20538,0,0
57200,8,0,1,10,1,13.197590,1.369949,20538,0,0
57210,19,1,6,27,1,13.199361,1.370119,20549,0,0
57220,16,3,2,22,1,13.200864,1.370258,20552,0,0
57230,2,1,0,4,1,13.200359,1.370207,20556,0,0
57240,14,1,1,17,1,13.200168,1.370190,20556,0,0
57250,17,4,1,23,1,13.201405,1.370314,20557,0,0
57260,19,1,3,24,1,13.203477,1.370575,20591,0,0
57270,9,2,3,15,1,13.204026,1.370610,20591,0,0
57280,15,0,2,18,1,13.205419,1.370719,20604,0,0
57290,17,3,1,22,1,13.205719,1.370736,20604,0,0
57300,19,3,3,26,1,13.207193,1.370917,20633,0,0
57310,4,0,0,5,1,13.208098,1.371024,20639,0,0
57320,0,0,0,0,0,13.206469,1.370876,20639,0,0
57330,2,0,1,4,1,13.206379,1.370852,20641,0,0
57340,1,0,0,2,1,13.205140,1.370717,20641,0,0
57350,18,4,4,27,1,13.205024,1.370679,20641,0,0
57360,20,3,2,26,1,13.207288,1.370952,20680,0,0
57370,2,0,0,3,1,13.207028,1.370950,20680,0,0
57380,10,1,1,13,1,13.206243,1.370855,20680,0,0
57390,2,1,0,4,1,13.207087,1.370921,20687,0,0
57400,4,0,0,5,1,13.205958,1.370817,20687,0,0
57410,3,1,0,5,1,13.204212,1.370651,20687,0,0
57420,11,0,3,15,1,13.203586,1.370605,20687,0,0
57430,6,1,0,8,1,13.204755,1.370749,20693,0,0
57440,13,4,2,20,1,13.205582,1.370816,20703,0,0
57450,17,3,2,23,1,13.207307,1.371006,20704,0,0
57460,7,1,1,10,1,13.208055,1.371092,20712,0,0
57470,9,1,1,12,1,13.206878,1.370983,20712,0,0
57480,0,0,0,0,0,13.205268,1.370826,20712,0,0
57490,9,2,1,13,1,13.204906,1.370782,20712,0,0
57500,12,2,2,17,1,13.204955,1.370771,20712,0,0
57510,9,0,2,12,1,13.206141,1.370895,20719,0,0
57520,9,0,2,12,1,13.205804,1.370853,20719,0,0
57530,6,1,0,8,1,13.204918,1.370767,20719,0,0
57540,0,0,0,1,1,13.203345,1.370634,20719,0,0
57550,16,2,3,22,1,13.204352,1.370722,20732,0,0
57560,13,1,3,18,1,13.205449,1.370829,20734,0,0
57570,13,4,2,20,1,13.204296,1.370703,20734,0,0
57580,6,0,0,7,1,13.204155,1.370687,20734,0,0
57590,15,1,4,21,1,13.204226,1.370665,20739,0,0
57600,4,1,0,6,1,13.205568,1.370810,20751,0,0
57610,14,3,2,20,1,13.204472,1.370643,20751,0,0
57620,17,0,1,19,1,13.205598,1.370736,20752,0,0
57630,0,0,0,0,0,13.205214,1.370719,20752,0,0
57640,7,2,1,11,1,13.205373,1.370747,20752,0,0
57650,2,0,0,3,1,13.204009,1.370633,20752,0,0
57660,2,1,0,4,1,13.203369,1.370577,20752,0,0
57670,2,0,0,3,1,13.201896,1.370408,20752,0,0
57680,3,1,0,5,1,13.199919,1.370250,20752,0,0
57690,2,1,1,5,1,13.198756,1.370101,20752,0,0
57700,15,2,3,21,1,13.198560,1.370057,20752,0,0
57710,15,1,1,18,1,13.200582,1.370324,20772,0,0
57720,12,1,0,14,1,13.199939,1.370231,20772,0,0
57730,0,0,0,1,1,13.198705,1.370143,20772,0,0
57740,13,1,4,19,1,13.198576,1.370103,20772,0,0
57750,17,1,5,24,1,13.199271,1.370132,20773,0,0
57760,18,3,3,25,1,13.202093,1.370431,20800,0,0
57770,7,2,2,12,1,13.203812,1.370608,20813,0,0
57780,3,1,2,7,1,13.202700,1.370520,20813,0,0
57790,18,1,3,23,1,13.202923,1.370524,20817,0,0
57800,19,3,3,26,1,13.204540,1.370688,20833,0,0
57810,6,2,0,9,1,13.206069,1.370875,20843,0,0
57820,1,0,1,3,1,13.204736,1.370720,20843,0,0
57830,9,2,0,12,1,13.203620,1.370625,20843,0,0
57840,18,0,0,19,1,13.205231,1.370775,20857,0,0
57850,14,0,1,16,1,13.206130,1.370850,20863,0,0
57860,15,0,0,16,1,13.207442,1.370967,20880,0,0
57870,9,1,1,12,1,13.207603,1.370999,20882,0,0
57880,12,3,1,17,1,13.208128,1.371040,20882,0,0
57890,20,6,0,27,1,13.209328,1.371119,20893,0,0
57900,2,0,1,4,1,13.210189,1.371258,20899,0,0
57910,8,0,1,10,1,13.210564,1.371281,20905,0,0
57920,12,2,3,18,1,13.210064,1.371212,20905,0,0
57930,18,1,1,21,1,13.211157,1.371319,20916,0,0
57940,13,1,1,16,1,13.211697,1.371406,20916,0,0
57950,11,1,0,13,1,13.212140,1.371504,20916,0,0
57960,9,0,0,10,1,13.211250,1.371422,20916,0,0
57970,15,0,0,16,1,13.211533,1.371435,20925,0,0
57980,12,0,1,14,1,13.211223,1.371424,20925,0,0
57990,3,1,1,6,1,13.210540,1.371368,20925,0,0
58000,6,0,2,9,1,13.209926,1.371291,20925,0,0
58010,14,1,3,19,1,13.209604,1.371253,20925,0,0
58020,8,0,0,9,1,13.208454,1.371174,20925,0,0
58030,6,0,0,7,1,13.206630,1.370990,20925,0,0
58040,16,1,2,20,1,13.206545,1.370967,20925,0,0
58050,2,0,0,3,1,13.206891,1.371016,20928,0,0
58060,4,1,0,6,1,13.205734,1.370880,20928,0,0
58070,0,0,0,1,1,13.204448,1.370740,20928,0,0
58080,18,1,1,21,1,13.205154,1.370797,20931,0,0
58090,20,4,3,28,1,13.205664,1.370806,20936,0,0
58100,18,2,4,25,1,13.207828,1.371066,20948,0,0
58110,17,1,7,26,1,13.210349,1.371370,20965,0,0
58120,16,2,7,26,1,13.212020,1.371552,20979,0,0
58130,18,1,3,23,1,13.213972,1.371770,20990,0,0
58140,12,0,0,13,1,13.214923,1.371897,20996,0,0
58150,7,1,1,10,1,13.214613,1.371873,20996,0,0
58160,13,1,1,16,1,13.213544,1.371775,20996,0,0
58170,0,0,0,1,1,13.212155,1.371690,20996,0,0
58180,4,4,1,10,1,13.210560,1.371518,20996,0,0
58190,2,0,0,3,1,13.211301,1.371561,20997,0,0
58200,15,2,0,18,1,13.211199,1.371515,20997,0,0
58210,19,4,1,25,1,13.212121,1.371589,20998,0,0
58220,2,0,0,3,1,13.212899,1.371690,21002,0,0
58230,0,0,0,1,1,13.211365,1.371532,21002,0,0
58240,9,0,2,12,1,13.210574,1.371436,21002,0,0
58250,1,1,2,5,1,13.209901,1.371362,21002,0,0
58260,5,0,1,7,1,13.208073,1.371193,21002,0,0
58270,0,0,0,0,0,13.207192,1.371102,21002,0,0
58280,11,0,1,13,1,13.206549,1.371024,21002,0,0
58290,12,0,1,14,1,13.206061,1.370993,21003,0,0
58300,2,0,0,3,1,13.204253,1.370826,21003,0,0
58310,0,0,0,1,1,13.202468,1.370642,21003,0,0
58320,0,0,0,1,1,13.200931,1.370488,21003,0,0
58330,8,3,0,12,1,13.200286,1.370404,21003,0,0
58340,10,3,6,20,1,13.201255,1.370508,21009,0,0
58350,6,1,2,10,1,13.202461,1.370615,21009,0,0
58360,20,5,3,29,1,13.203428,1.370679,21010,0,0
58370,15,1,2,19,1,13.205786,1.370964,21028,0,0
58380,3,0,0,4,1,13.204422,1.370850,21028,0,0
58390,4,1,2,8,1,13.202862,1.370696,21028,0,0
58400,9,2,1,13,1,13.203498,1.370731,21031,0,0
58410,10,2,3,16,1,13.204601,1.370827,21031,0,0
58420,0,0,0,0,0,13.203414,1.370746,21031,0,0
58430,11,2,1,15,1,13.203309,1.370714,21031,0,0
58440,6,2,0,9,1,13.202927,1.370685,21031,0,0
58450,5,0,0,6,1,13.201723,1.370561,21031,0,0
58460,17,2,2,22,1,13.201645,1.370534,21045,0,0
58470,9,1,1,12,1,13.201120,1.370492,21045,0,0
58480,0,0,0,0,0,13.199684,1.370351,21045,0,0
58490,8,1,2,12,1,13.198902,1.370234,21045,0,0
58500,6,0,2,9,1,13.197759,1.370114,21045,0,0
58510,11,3,0,15,1,13.198200,1.370141,21045,0,0
58520,13,2,2,18,1,13.198956,1.370216,21049,0,0
58530,13,3,5,22,1,13.199939,1.370328,21049,0,0
58540,16,1,4,22,1,13.201222,1.370465,21056,0,0
58550,18,2,2,23,1,13.203143,1.370675,21088,0,0
58560,15,2,1,19,1,13.204536,1.370832,21098,0,0
58570,15,0,2,18,1,13.204867,1.370855,21098,0,0
58580,11,1,1,14,1,13.204813,1.370841,21098,0,0
58590,20,3,4,28,1,13.205957,1.370943,21105,0,0
58600,13,1,4,19,1,13.207653,1.371123,21122,0,0
58610,17,3,4,25,1,13.208288,1.371167,21128,0,0
58620,16,1,0,18,1,13.209881,1.371324,21138,0,0
58630,9,0,0,10,1,13.210703,1.371420,21142,0,0
58640,3,0,0,4,1,13.209466,1.371253,21142,0,0
58650,3,0,0,4,1,13.207860,1.371114,21142,0,0
58660,12,1,3,17,1,13.207055,1.370985,21142,0,0
58670,14,4,0,19,1,13.208067,1.371089,21150,0,0
58680,10,2,2,15,1,13.208788,1.371150,21150,0,0
58690,15,4,6,26,1,13.209487,1.371196,21150,0,0
58700,19,2,2,24,1,13.211133,1.371366,21166,0,0
58710,11,2,2,16,1,13.212335,1.371486,21170,0,0
58720,18,4,1,24,1,13.213381,1.371588,21178,0,0
58730,17,3,5,26,1,13.215316,1.371812,21213,0,0
58740,15,2,2,20,1,13.217210,1.372031,21232,0,0
58750,19,3,1,24,1,13.219081,1.372250,21248,0,0
58760,10,3,1,15,1,13.219759,1.372336,21248,0,0
58770,12,1,3,17,1,13.221105,1.372435,21255,0,0
58780,4,0,0,5,1,13.221399,1.372462,21255,0,0
58790,3,2,1,7,1,13.220580,1.372370,21255,0,0
58800,0,0,0,0,0,13.219569,1.372276,21255,0,0
58810,11,2,2,16,1,13.219632,1.372269,21257,0,0
58820,12,3,1,17,1,13.220573,1.372350,21267,0,0
58830,11,1,2,15,1,13.221644,1.372445,21268,0,0
58840,9,0,0,10,1,13.220924,1.372405,21268,0,0
58850,7,3,0,11,1,13.219962,1.372294,21268,0,0
58860,18,3,3,25,1,13.220699,1.372357,21268,0,0
58870,13,3,0,17,1,13.222452,1.372569,21275,0,0
58880,16,2,2,21,1,13.223781,1.372700,21292,0,0
58890,17,1,2,21,1,13.225504,1.372865,21310,0,0
58900,18,11,4,34,1,13.227302,1.373024,21317,0,0
58910,4,0,0,5,1,13.228094,1.373129,21325,0,0
58920,6,0,1,8,1,13.226283,1.372966,21325,0,0
58930,12,4,0,17,1,13.226031,1.372933,21325,0,0
58940,16,2,0,19,1,13.227312,1.373052,21335,0,0
58950,9,2,0,12,1,13.227719,1.373091,21335,0,0
58960,7,3,4,15,1,13.228728,1.373206,21337,0,0
58970,15,4,3,23,1,13.229781,1.373304,21346,0,0
58980,17,2,1,21,1,13.231441,1.373520,21365,0,0
58990,16,3,2,22,1,13.233072,1.373705,21367,0,0
59000,11,1,3,16,1,13.234624,1.373896,21391,0,0
59010,5,2,2,10,1,13.233570,1.373792,21391,0,0
59020,17,1,1,20,1,13.234603,1.373903,21400,0,0
59030,17,2,3,23,1,13.235860,1.374029,21409,0,0
59040,10,3,5,19,1,13.237601,1.374240,21431,0,0
59050,3,0,0,4,1,13.236907,1.374188,21431,0,0
59060,0,2,0,3,1,13.235036,1.374016,21431,0,0
59070,20,1,4,26,1,13.235206,1.374032,21436,0,0
59080,0,0,0,0,0,13.234998,1.374057,21447,0,0
59090,4,0,1,6,1,13.233227,1.373884,21447,0,0
59100,4,0,0,5,1,13.231348,1.373709,21447,0,0
59110,8,1,1,11,1,13.230123,1.373577,21447,0,0
59120,10,0,1,12,1,13.229840,1.373556,21447,0,0
59130,8,0,0,9,1,13.228827,1.373432,21447,0,0
59140,18,4,5,28,1,13.229237,1.373437,21448,0,0
59150,16,2,4,23,1,13.231074,1.373641,21459,0,0
59160,7,1,0,9,1,13.231535,1.373692,21459,0,0
59170,8,2,4,15,1,13.231417,1.373678,21459,0,0
59180,4,0,0,5,1,13.231336,1.373653,21459,0,0
59190,13,2,1,17,1,13.231289,1.373649,21459,0,0
59200,1,1,0,3,1,13.230142,1.373562,21459,0,0
59210,3,1,2,7,1,13.228668,1.373403,21459,0,0
59220,1,1,0,3,1,13.226923,1.373254,21459,0,0
59230,5,0,2,8,1,13.226424,1.373166,21459,0,0
59240,4,0,0,5,1,13.225269,1.373045,21459,0,0
59250,4,2,0,7,1,13.223899,1.372930,21459,0,0
59260,10,0,2,13,1,13.223569,1.372906,21459,0,0
59270,18,2,3,24,1,13.224893,1.373011,21476,0,0
59280,6,0,2,9,1,13.225239,1.373091,21476,0,0
59290,6,1,2,10,1,13.223936,1.372971,21476,0,0
59300,1,0,0,2,1,13.222520,1.372829,21476,0,0
59310,19,1,1,22,1,13.222279,1.372781,21478,0,0
59320,19,0,3,23,1,13.223839,1.372965,21492,0,0
59330,18,0,1,20,1,13.224978,1.373099,21495,0,0
59340,11,1,1,14,1,13.225337,1.373129,21501,0,0
59350,7,2,1,11,1,13.226505,1.373261,21509,0,0
59360,10,1,4,16,1,13.225542,1.373155,21509,0,0
59370,3,0,1,5,1,13.225608,1.373196,21517,0,0
59380,16,1,2,20,1,13.225308,1.373127,21517,0,0
59390,20,2,1,24,1,13.226162,1.373195,21521,0,0
59400,6,1,0,8,1,13.226193,1.373208,21525,0,0
59410,6,1,1,9,1,13.225378,1.373129,21525,0,0
59420,13,4,0,18,1,13.225588,1.373109,21525,0,0
59430,13,0,1,15,1,13.225711,1.373089,21525,0,0
59440,0,0,0,0,0,13.225466,1.373054,21525,0,0
59450,17,1,1,20,1,13.224742,1.372961,21532,0,0
59460,2,0,1,4,1,13.224008,1.372909,21532,0,0
59470,7,1,0,9,1,13.222592,1.372744,21532,0,0
59480,7,0,0,8,1,13.222868,1.372797,21534,0,0
59490,0,0,0,0,0,13.222091,1.372722,21534,0,0
59500,6,0,0,7,1,13.220860,1.372593,21534,0,0
59510,6,1,2,10,1,13.219671,1.372482,21534,0,0
59520,4,0,0,5,1,13.218695,1.372358,21534,0,0
59530,6,0,1,8,1,13.217340,1.372218,21534,0,0
59540,9,2,1,13,1,13.215743,1.372072,21534,0,0
59550,9,0,1,11,1,13.215186,1.372017,21534,0,0
59560,0,0,0,1,1,13.213954,1.371892,21534,0,0
59570,7,0,0,8,1,13.212192,1.371734,21534,0,0
59580,18,4,0,23,1,13.212808,1.371734,21534,0,0
59590,3,1,0,5,1,13.213665,1.371855,21541,0,0
59600,6,2,1,10,1,13.212078,1.371727,21541,0,0
59610,11,4,0,16,1,13.211039,1.371598,21541,0,0
59620,19,5,5,30,1,13.211942,1.371683,21545,0,0
59630,13,2,2,18,1,13.213744,1.371886,21557,0,0
59640,1,1,1,4,1,13.213343,1.371833,21557,0,0
59650,0,0,0,0,0,13.211893,1.371683,21557,0,0
59660,8,0,0,9,1,13.210749,1.371567,21557,0,0
59670,20,1,2,24,1,13.210408,1.371547,21561,0,0
59680,5,0,0,6,1,13.211533,1.371686,21577,0,0
59690,2,0,0,3,1,13.211844,1.371705,21578,0,0
59700,1,0,0,2,1,13.210150,1.371544,21578,0,0
59710,8,1,1,11,1,13.208595,1.371359,21578,0,0
59720,17,2,2,22,1,13.208235,1.371270,21578,0,0
59730,18,2,2,23,1,13.209188,1.371332,21578,0,0
59740,20,4,4,29,1,13.210715,1.371474,21591,0,0
59750,10,2,0,13,1,13.212037,1.371641,21617,0,0
59760,5,0,1,7,1,13.212262,1.371672,21617,0,0
59770,19,2,3,25,1,13.213770,1.371820,21624,0,0
59780,10,0,0,11,1,13.214684,1.371942,21630,0,0
59790,8,3,1,13,1,13.214519,1.371902,21630,0,0
59800,7,2,1,11,1,13.214505,1.371875,21630,0,0
59810,19,0,1,21,1,13.214891,1.371878,21635,0,0
59820,8,1,1,11,1,13.214583,1.371858,21635,0,0
59830,6,1,2,10,1,13.213680,1.371787,21635,0,0
59840,10,3,2,16,1,13.213617,1.371793,21635,0,0
59850,10,0,1,12,1,13.213761,1.371818,21635,0,0
59860,7,1,1,10,1,13.214171,1.371838,21635,0,0
59870,14,0,0,15,1,13.214292,1.371830,21635,0,0
59880,8,0,3,12,1,13.213939,1.371789,21635,0,0
59890,5,1,1,8,1,13.212479,1.371667,21635,0,0
59900,0,0,0,1,1,13.212490,1.371664,21635,0,0
59910,9,3,1,14,1,13.211849,1.371584,21635,0,0
59920,0,0,0,0,0,13.211066,1.371565,21635,0,0
59930,6,1,0,8,1,13.209869,1.371423,21635,0,0
59940,4,2,0,7,1,13.209275,1.371367,21635,0,0
59950,6,0,3,10,1,13.208325,1.371240,21635,0,0
59960,2,2,0,5,1,13.207145,1.371114,21635,0,0
59970,9,1,1,12,1,13.205755,1.370965,21635,0,0
59980,11,2,2,16,1,13.205689,1.370988,21635,0,0
59990,13,3,2,19,1,13.206543,1.371058,21640,0,0
60000,2,0,1,4,1,13.206361,1.371050,21640,0,0
60010,11,2,1,15,1,13.206017,1.371010,21640,0,0
60020,9,2,0,12,1,13.206928,1.371089,21652,0,0
60030,0,0,0,1,1,13.206333,1.371021,21652,0,0
60040,1,0,0,2,1,13.205250,1.370883,21652,0,0
60050,0,0,0,1,1,13.204090,1.370761,21652,0,0
60060,1,0,0,2,1,13.202244,1.370591,21652,0,0
60070,3,0,0,4,1,13.200426,1.370422,21652,0,0
60080,2,0,1,4,1,13.200232,1.370384,21654,0,0
60090,6,0,0,7,1,13.198927,1.370247,21654,0,0
60100,15,2,2,20,1,13.198984,1.370230,21654,0,0
60110,16,0,2,19,1,13.201105,1.370458,21680,0,0
60120,11,3,0,15,1,13.202604,1.370624,21692,0,0
60130,2,0,0,3,1,13.202968,1.370658,21693,0,0
60140,7,1,6,15,1,13.202995,1.370593,21693,0,0
60150,4,1,1,7,1,13.203014,1.370609,21693,0,0
60160,5,0,0,6,1,13.201709,1.370475,21693,0,0
60170,9,0,1,11,1,13.201409,1.370428,21693,0,0
60180,0,0,0,0,0,13.200331,1.370322,21693,0,0
60190,10,1,0,12,1,13.198854,1.370167,21693,0,0
60200,13,2,3,19,1,13.199242,1.370186,21693,0,0
60210,2,0,1,4,1,13.198550,1.370127,21702,0,0
60220,5,2,2,10,1,13.196820,1.369965,21702,0,0
60230,0,0,0,0,0,13.195374,1.369799,21702,0,0
60240,8,1,0,10,1,13.193667,1.369658,21702,0,0
60250,11,3,5,20,1,13.193968,1.369690,21704,0,0
60260,13,1,0,15,1,13.194006,1.369683,21704,0,0
60270,10,1,0,12,1,13.194184,1.369726,21704,0,0
60280,18,3,1,23,1,13.194203,1.369724,21704,0,0
60290,4,1,0,6,1,13.194162,1.369723,21705,0,0
60300,4,1,1,7,1,13.194002,1.369674,21705,0,0
60310,11,5,1,18,1,13.192779,1.369548,21705,0,0
60320,10,1,2,14,1,13.192727,1.369541,21705,0,0
60330,13,0,0,14,1,13.193525,1.369605,21714,0,0
60340,17,1,2,21,1,13.193476,1.369582,21714,0,0
60350,13,3,3,20,1,13.195016,1.369710,21715,0,0
60360,16,3,4,24,1,13.196087,1.369834,21730,0,0
60370,15,0,2,18,1,13.198743,1.370134,21753,0,0
60380,1,0,0,2,1,13.197775,1.370058,21753,0,0
60390,1,0,0,2,1,13.195912,1.369874,21753,0,0
60400,5,0,0,6,1,13.194526,1.369722,21753,0,0
60410,9,1,2,13,1,13.194124,1.369650,21753,0,0
60420,5,1,1,8,1,13.192706,1.369525,21753,0,0
60430,3,0,0,4,1,13.190998,1.369346,21753,0,0
60440,0,0,0,1,1,13.189130,1.369179,21753,0,0
60450,2,0,0,3,1,13.187446,1.369002,21753,0,0
60460,0,0,0,0,0,13.185741,1.368845,21753,0,0
60470,14,1,1,17,1,13.185749,1.368818,21753,0,0
60480,12,0,2,15,1,13.185064,1.368758,21753,0,0
60490,16,2,2,21,1,13.186267,1.368871,21762,0,0
60500,9,0,1,11,1,13.186989,1.368950,21768,0,0
60510,17,1,5,24,1,13.188375,1.369054,21776,0,0
60520,20,6,2,29,1,13.190287,1.369232,21786,0,0
60530,19,2,2,24,1,13.191907,1.369394,21786,0,0
60540,15,2,1,19,1,13.194199,1.369617,21794,0,0
60550,19,0,2,22,1,13.195166,1.369715,21798,0,0
60560,15,5,2,23,1,13.196218,1.369807,21798,0,0
60570,19,1,4,25,1,13.197456,1.369945,21809,0,0
60580,16,3,3,23,1,13.197905,1.369969,21812,0,0
60590,7,1,2,11,1,13.199171,1.370132,21817,0,0
60600,1,0,0,2,1,13.199162,1.370127,21817,0,0
60610,17,4,2,24,1,13.199421,1.370143,21817,0,0
60620,1,0,0,2,1,13.199522,1.370157,21817,0,0
60630,2,1,0,4,1,13.197942,1.369989,21817,0,0
60640,0,1,0,2,1,13.196244,1.369830,21817,0,0
60650,6,2,1,10,1,13.194951,1.369689,21817,0,0
60660,0,0,0,1,1,13.193893,1.369585,21817,0,0
60670,7,0,0,8,1,13.192380,1.369419,21817,0,0
60680,7,2,4,14,1,13.191992,1.369380,21817,0,0
60690,9,1,5,16,1,13.191948,1.369366,21817,0,0
60700,5,0,0,6,1,13.190823,1.369239,21817,0,0
60710,15,0,1,17,1,13.191701,1.369305,21828,0,0
60720,3,0,0,4,1,13.192508,1.369404,21839,0,0
60730,11,1,2,15,1,13.191683,1.369284,21839,0,0
60740,1,0,0,2,1,13.191256,1.369238,21839,0,0
60750,16,2,2,21,1,13.190707,1.369135,21839,0,0
60760,6,1,1,9,1,13.190737,1.369160,21839,0,0
60770,6,0,4,11,1,13.189893,1.369064,21839,0,0
60780,7,0,1,9,1,13.190310,1.369075,21839,0,0
60790,5,2,0,8,1,13.188917,1.368959,21839,0,0
60800,19,3,2,25,1,13.188660,1.368915,21839,0,0
60810,9,1,1,12,1,13.189863,1.369061,21841,0,0
60820,4,0,0,5,1,13.188812,1.368962,21841,0,0
60830,1,0,0,2,1,13.187008,1.368811,21841,0,0
60840,5,0,2,8,1,13.185950,1.368716,21841,0,0
60850,12,2,1,16,1,13.185923,1.368716,21841,0,0
60860,16,2,2,21,1,13.185889,1.368693,21845,0,0
60870,3,0,0,4,1,13.186559,1.368786,21850,0,0
60880,8,3,1,13,1,13.185790,1.368689,21850,0,0
60890,4,0,3,8,1,13.184880,1.368614,21850,0,0
60900,14,3,0,18,1,13.184254,1.368542,21850,0,0
60910,19,3,4,27,1,13.186053,1.368739,21870,0,0
60920,20,2,4,27,1,13.187774,1.368956,21890,0,0
60930,14,2,2,19,1,13.189119,1.369127,21904,0,0
60940,15,0,2,18,1,13.189927,1.369174,21905,0,0
60950,6,3,3,13,1,13.190848,1.369296,21910,0,0
60960,14,1,2,18,1,13.190557,1.369234,21910,0,0
60970,4,1,0,6,1,13.190344,1.369236,21910,0,0
60980,0,0,0,0,0,13.188751,1.369067,21910,0,0
60990,6,0,2,9,1,13.187626,1.368948,21910,0,0
61000,13,2,1,17,1,13.187113,1.368854,21910,0,0
61010,0,0,0,1,1,13.186393,1.368789,21910,0,0
61020,13,2,0,16,1,13.185899,1.368737,21910,0,0
61030,19,1,1,22,1,13.186066,1.368750,21912,0,0
61040,17,3,5,26,1,13.187646,1.368922,21915,0,0
61050,16,4,2,23,1,13.189312,1.369105,21934,0,0
61060,14,4,3,22,1,13.190633,1.369222,21936,0,0
61070,9,2,3,15,1,13.191361,1.369307,21948,0,0
61080,10,1,1,13,1,13.190266,1.369178,21948,0,0
61090,5,0,0,6,1,13.189057,1.369070,21948,0,0
61100,10,1,4,16,1,13.187809,1.368927,21948,0,0
61110,4,1,1,7,1,13.187515,1.368897,21948,0,0
61120,20,3,3,27,1,13.187805,1.368872,21954,0,0
61130,14,1,1,17,1,13.188676,1.368978,21970,0,0
61140,14,3,1,19,1,13.189832,1.369103,21974,0,0
61150,13,0,3,17,1,13.190417,1.369171,21975,0,0
61160,16,2,3,22,1,13.190818,1.369177,21975,0,0
61170,6,1,0,8,1,13.190275,1.369130,21975,0,0
61180,6,0,0,7,1,13.188794,1.368957,21975,0,0
61190,4,0,0,5,1,13.187433,1.368818,21975,0,0
61200,4,0,1,6,1,13.186546,1.368704,21975,0,0
61210,2,0,1,4,1,13.186082,1.368652,21975,0,0
61220,1,0,0,2,1,13.184780,1.368515,21975,0,0
61230,0,0,0,0,0,13.183096,1.368367,21975,0,0
61240,11,1,2,15,1,13.182777,1.368309,21975,0,0
61250,13,1,0,15,1,13.183296,1.368352,21977,0,0
61260,1,0,0,2,1,13.182188,1.368289,21977,0,0
61270,6,0,3,10,1,13.180942,1.368153,21977,0,0
61280,11,1,2,15,1,13.180833,1.368131,21977,0,0
61290,6,2,0,9,1,13.180602,1.368108,21977,0,0
61300,7,0,0,8,1,13.180054,1.368057,21977,0,0
61310,4,0,0,5,1,13.178503,1.367910,21977,0,0
61320,16,1,1,19,1,13.177772,1.367821,21977,0,0
61330,3,1,0,5,1,13.177852,1.367814,21977,0,0
61340,10,0,1,12,1,13.176290,1.367648,21977,0,0
61350,13,2,2,18,1,13.176245,1.367674,21977,0,0
61360,17,3,1,22,1,13.177503,1.367801,21981,0,0
61370,15,4,2,22,1,13.179116,1.367967,21995,0,0
61380,15,1,1,18,1,13.180412,1.368098,22004,0,0
61390,13,0,2,16,1,13.182036,1.368281,22020,0,0
61400,20,1,3,25,1,13.183098,1.368343,22020,0,0
61410,15,0,1,17,1,13.183427,1.368360,22024,0,0
61420,16,2,5,24,1,13.184225,1.368427,22025,0,0
61430,0,0,0,1,1,13.184145,1.368443,22026,0,0
61440,10,0,6,17,1,13.182863,1.368283,22026,0,0
61450,16,2,0,19,1,13.182443,1.368224,22026,0,0
61460,0,0,0,1,1,13.182026,1.368154,22026,0,0
61470,3,2,0,6,1,13.180396,1.368002,22026,0,0
61480,6,1,0,8,1,13.179665,1.367906,22026,0,0
61490,2,2,1,6,1,13.178364,1.367783,22026,0,0
61500,9,1,0,11,1,13.177483,1.367667,22026,0,0
61510,5,0,1,7,1,13.176282,1.367525,22026,0,0
61520,9,3,2,15,1,13.175120,1.367403,22026,0,0
61530,1,0,0,2,1,13.173918,1.367265,22026,0,0
61540,10,2,0,13,1,13.172834,1.367137,22026,0,0
61550,8,0,1,10,1,13.171562,1.367010,22026,0,0
61560,20,3,3,27,1,13.172473,1.367071,22029,0,0
61570,16,3,4,24,1,13.174207,1.367257,22044,0,0
61580,19,5,2,27,1,13.175344,1.367375,22044,0,0
61590,19,3,4,27,1,13.177025,1.367546,22059,0,0
61600,18,3,2,24,1,13.178380,1.367667,22068,0,0
61610,3,0,0,4,1,13.177778,1.367626,22068,0,0
61620,6,0,1,8,1,13.177576,1.367594,22068,0,0
61630,15,2,2,20,1,13.176886,1.367503,22068,0,0
61640,18,4,0,23,1,13.177860,1.367621,22075,0,0
61650,9,0,1,11,1,13.177610,1.367603,22075,0,0
61660,17,1,3,22,1,13.179480,1.367823,22096,0,0
61670,14,2,2,19,1,13.180308,1.367884,22100,0,0
61680,2,0,0,3,1,13.180437,1.367919,22105,0,0
61690,20,1,6,28,1,13.180152,1.367872,22113,0,0
61700,19,3,3,26,1,13.181895,1.368072,22138,0,0
61710,19,2,4,26,1,13.184015,1.368334,22166,0,0
61720,15,0,1,17,1,13.185235,1.368471,22172,0,0
61730,9,2,0,12,1,13.185904,1.368527,22178,0,0
61740,12,3,0,16,1,13.184770,1.368404,22178,0,0
61750,5,0,0,6,1,13.185073,1.368429,22178,0,0
61760,7,1,0,9,1,13.184407,1.368333,22178,0,0
61770,1,0,0,2,1,13.183368,1.368235,22178,0,0
61780,13,0,1,15,1,13.182015,1.368063,22178,0,0
61790,4,1,0,6,1,13.181465,1.368014,22180,0,0
61800,2,0,0,3,1,13.180130,1.367888,22180,0,0
61810,8,0,0,9,1,13.178508,1.367723,22180,0,0
61820,20,2,2,25,1,13.177963,1.367637,22186,0,0
61830,11,2,1,15,1,13.178126,1.367671,22188,0,0
61840,5,0,0,6,1,13.177762,1.367632,22188,0,0
61850,10,1,0,12,1,13.178327,1.367668,22197,0,0
61860,13,2,2,18,1,13.177932,1.367662,22197,0,0
61870,9,0,1,11,1,13.178304,1.367713,22197,0,0
61880,20,1,1,23,1,13.179442,1.367816,22205,0,0
61890,14,3,4,22,1,13.180958,1.367967,22212,0,0
61900,5,1,1,8,1,13.181354,1.368002,22212,0,0
61910,3,0,0,4,1,13.180114,1.367902,22212,0,0
61920,17,3,4,25,1,13.180777,1.367919,22217,0,0
61930,3,0,0,4,1,13.181707,1.368009,22223,0,0
61940,6,2,0,9,1,13.181060,1.367952,22223,0,0
61950,11,1,1,14,1,13.179907,1.367849,22223,0,0
61960,1,0,0,2,1,13.178890,1.367770,22223,0,0
61970,2,0,0,3,1,13.177473,1.367644,22223,0,0
61980,2,1,0,4,1,13.175813,1.367480,22223,0,0
61990,13,1,1,16,1,13.176364,1.367521,22224,0,0
62000,20,5,4,30,1,13.177970,1.367675,22237,0,0
62010,17,1,2,21,1,13.179735,1.367866,22258,0,0
62020,14,2,3,20,1,13.180781,1.367973,22258,0,0
62030,15,5,1,22,1,13.182040,1.368102,22267,0,0
62040,2,1,1,5,1,13.182199,1.368149,22267,0,0
62050,5,1,0,7,1,13.181471,1.368056,22267,0,0
62060,4,1,0,6,1,13.180898,1.367979,22267,0,0
62070,7,2,0,10,1,13.180100,1.367881,22267,0,0
62080,15,2,3,21,1,13.180702,1.367942,22275,0,0
62090,2,0,0,3,1,13.180213,1.367927,22278,0,0
62100,3,0,2,6,1,13.178961,1.367802,22278,0,0
62110,9,2,2,14,1,13.177876,1.367679,22278,0,0
62120,0,0,0,1,1,13.176807,1.367594,22278,0,0
62130,0,0,0,1,1,13.175500,1.367470,22278,0,0
62140,7,0,0,8,1,13.174053,1.367335,22278,0,0
62150,14,3,1,19,1,13.174580,1.367358,22278,0,0
62160,11,1,3,16,1,13.175042,1.367393,22279,0,0
62170,18,2,2,23,1,13.175752,1.367436,22279,0,0
62180,7,1,0,9,1,13.177124,1.367606,22287,0,0
62190,2,0,0,3,1,13.176179,1.367493,22287,0,0
62200,11,5,0,17,1,13.175025,1.367383,22287,0,0
62210,0,0,0,1,1,13.173788,1.367272,22287,0,0
62220,2,0,0,3,1,13.172180,1.367101,22287,0,0
62230,1,0,0,2,1,13.170327,1.366923,22287,0,0
62240,2,0,1,4,1,13.168655,1.366737,22287,0,0
62250,5,2,1,9,1,13.167909,1.366669,22287,0,0
62260,4,0,0,5,1,13.168340,1.366697,22290,0,0
62270,1,0,1,3,1,13.166693,1.366520,22290,0,0
62280,9,0,0,10,1,13.165275,1.366353,22290,0,0
62290,18,8,2,29,1,13.166512,1.366443,22301,0,0
62300,14,0,2,17,1,13.167226,1.366516,22312,0,0
62310,3,1,0,5,1,13.166789,1.366499,22312,0,0
62320,6,0,0,7,1,13.165623,1.366379,22312,0,0
62330,11,1,1,14,1,13.164382,1.366235,22312,0,0
62340,12,3,1,17,1,13.165246,1.366311,22315,0,0
62350,3,0,2,6,1,13.165423,1.366351,22315,0,0
62360,14,2,3,20,1,13.166422,1.366412,22321,0,0
62370,18,1,2,22,1,13.167597,1.366528,22329,0,0
62380,8,0,0,9,1,13.167401,1.366509,22329,0,0
62390,19,0,2,22,1,13.168669,1.366619,22342,0,0
62400,10,3,4,18,1,13.169765,1.366708,22344,0,0
62410,7,0,2,10,1,13.169906,1.366735,22344,0,0
62420,14,2,2,19,1,13.169633,1.366682,22344,0,0
62430,12,1,0,14,1,13.170044,1.366733,22344,0,0
62440,2,1,0,4,1,13.168910,1.366620,22344,0,0
62450,7,2,0,10,1,13.167419,1.366464,22344,0,0
62460,5,0,2,8,1,13.165943,1.366305,22344,0,0
62470,5,0,1,7,1,13.164610,1.366147,22344,0,0
62480,0,0,0,0,0,13.164157,1.366099,22350,0,0
62490,11,0,2,14,1,13.164451,1.366110,22352,0,0
62500,15,5,1,22,1,13.165647,1.366225,22353,0,0
62510,5,4,0,10,1,13.166555,1.366320,22353,0,0
62520,2,1,1,5,1,13.165374,1.366192,22353,0,0
62530,17,5,2,25,1,13.166718,1.366337,22371,0,0
62540,16,3,4,24,1,13.168555,1.366551,22389,0,0
62550,14,2,1,18,1,13.170042,1.366688,22396,0,0
62560,15,2,4,22,1,13.170839,1.366776,22403,0,0
62570,16,0,4,21,1,13.172369,1.366926,22416,0,0
62580,17,2,0,20,1,13.173829,1.367067,22427,0,0
62590,9,2,0,12,1,13.174541,1.367142,22431,0,0
62600,13,2,3,19,1,13.174029,1.367083,22431,0,0
62610,18,3,3,25,1,13.175008,1.367174,22441,0,0
62620,18,1,1,21,1,13.176088,1.367287,22441,0,0
62630,18,2,4,25,1,13.177368,1.367425,22456,0,0
62640,9,1,2,13,1,13.177244,1.367368,22456,0,0
62650,6,2,0,9,1,13.176843,1.367304,22456,0,0
62660,14,2,1,18,1,13.177045,1.367301,22456,0,0
62670,4,0,0,5,1,13.176563,1.367264,22456,0,0
62680,7,0,0,8,1,13.175178,1.367103,22456,0,0
62690,5,0,0,6,1,13.173701,1.366977,22456,0,0
62700,0,0,0,1,1,13.172124,1.366812,22456,0,0
62710,11,0,1,13,1,13.171339,1.366718,22456,0,0
62720,0,0,0,0,0,13.169764,1.366564,22456,0,0
62730,0,0,0,1,1,13.168377,1.366451,22456,0,0
62740,0,0,0,0,0,13.166702,1.366289,22456,0,0
62750,14,1,0,16,1,13.165852,1.366163,22456,0,0
62760,14,2,3,20,1,13.166507,1.366214,22456,0,0
62770,13,1,2,17,1,13.167384,1.366288,22458,0,0
62780,4,0,1,6,1,13.166302,1.366210,22458,0,0
62790,4,0,2,7,1,13.164957,1.366062,22458,0,0
62800,5,1,3,10,1,13.163526,1.365899,22458,0,0
62810,0,0,0,1,1,13.162608,1.365809,22458,0,0
62820,5,0,1,7,1,13.161511,1.365707,22458,0,0
62830,11,0,2,14,1,13.162674,1.365800,22465,0,0
62840,16,0,3,20,1,13.163647,1.365877,22465,0,0
62850,8,3,5,17,1,13.164970,1.366017,22470,0,0
62860,13,1,2,17,1,13.165116,1.366049,22471,0,0
62870,13,1,4,19,1,13.166048,1.366119,22472,0,0
62880,13,2,2,18,1,13.167469,1.366277,22483,0,0
62890,1,0,0,2,1,13.167779,1.366337,22483,0,0
62900,9,4,0,14,1,13.167551,1.366303,22483,0,0
62910,2,0,0,3,1,13.166317,1.366200,22483,0,0
62920,5,2,1,9,1,13.164883,1.366045,22483,0,0
62930,15,1,0,17,1,13.165412,1.366076,22490,0,0
62940,1,0,0,2,1,13.165383,1.366079,22491,0,0
62950,12,2,2,17,1,13.166058,1.366141,22498,0,0
62960,13,0,4,18,1,13.167979,1.366375,22528,0,0
62970,0,0,0,0,0,13.166767,1.366256,22528,0,0
62980,2,1,0,4,1,13.165100,1.366098,22528,0,0
62990,0,0,0,1,1,13.164163,1.365963,22528,0,0
63000,7,1,3,12,1,13.162889,1.365803,22528,0,0
63010,11,1,1,14,1,13.163340,1.365821,22532,0,0
63020,0,0,0,0,0,13.162692,1.365757,22532,0,0
63030,7,2,0,10,1,13.161400,1.365608,22532,0,0
63040,9,2,2,14,1,13.160845,1.365565,22532,0,0
63050,19,1,4,25,1,13.161885,1.365633,22541,0,0
63060,0,0,0,1,1,13.161944,1.365665,22543,0,0
63070,4,0,0,5,1,13.161410,1.365619,22543,0,0
63080,10,1,3,15,1,13.160547,1.365539,22543,0,0
63090,19,2,0,22,1,13.161210,1.365611,22547,0,0
63100,15,2,3,21,1,13.161452,1.365626,22552,0,0
63110,3,1,1,6,1,13.161826,1.365652,22555,0,0
63120,12,2,2,17,1,13.161792,1.365620,22555,0,0
63130,13,2,1,17,1,13.162154,1.365661,22555,0,0
63140,20,2,5,28,1,13.162708,1.365706,22558,0,0
63150,13,2,2,18,1,13.163701,1.365807,22566,0,0
63160,18,5,3,27,1,13.164984,1.365944,22577,0,0
63170,12,2,3,18,1,13.165722,1.366034,22582,0,0
63180,16,1,3,21,1,13.167046,1.366193,22592,0,0
63190,19,1,2,23,1,13.168300,1.366317,22599,0,0
63200,14,1,0,16,1,13.169559,1.366455,22608,0,0
63210,4,0,3,8,1,13.169138,1.366421,22608,0,0
63220,0,1,0,2,1,13.167936,1.366304,22608,0,0
63230,16,0,1,18,1,13.166976,1.366190,22608,0,0
63240,15,2,4,22,1,13.168305,1.366378,22621,0,0
63250,18,6,4,29,1,13.170355,1.366605,22636,0,0
63260,12,3,2,18,1,13.172261,1.366812,22653,0,0
63270,5,1,1,8,1,13.172134,1.366782,22653,0,0
63280,3,0,0,4,1,13.170525,1.366627,22653,0,0
63290,4,0,0,5,1,13.169199,1.366493,22653,0,0
63300,15,1,1,18,1,13.170307,1.366606,22664,0,0
63310,1,1,1,4,1,13.170168,1.366599,22664,0,0
63320,0,0,0,1,1,13.169010,1.366471,22664,0,0
63330,2,0,0,3,1,13.167814,1.366368,22664,0,0
63340,2,0,0,3,1,13.166061,1.366198,22664,0,0
63350,4,1,0,6,1,13.164778,1.366077,22664,0,0
63360,0,1,0,2,1,13.162938,1.365907,22664,0,0
63370,16,1,2,20,1,13.163100,1.365878,22666,0,0
63380,17,3,2,23,1,13.164752,1.366050,22692,0,0
63390,6,1,3,11,1,13.166115,1.366201,22706,0,0
63400,12,0,4,17,1,13.166288,1.366202,22707,0,0
63410,17,2,0,20,1,13.167043,1.366272,22711,0,0
63420,15,3,3,22,1,13.168473,1.366404,22720,0,0
63430,19,4,3,27,1,13.169840,1.366546,22726,0,0
63440,20,3,2,26,1,13.171707,1.366754,22743,0,0
63450,3,1,0,5,1,13.171664,1.366744,22746,0,0
63460,17,3,1,22,1,13.171259,1.366654,22746,0,0
63470,7,1,3,12,1,13.170865,1.366652,22746,0,0
63480,16,2,3,22,1,13.170963,1.366656,22768,0,0
63490,18,5,1,25,1,13.172481,1.366837,22784,0,0
63500,18,0,3,22,1,13.174198,1.367036,22807,0,0
63510,9,0,0,10,1,13.174778,1.367115,22815,0,0
63520,3,0,0,4,1,13.174280,1.367048,22815,0,0
63530,14,4,1,20,1,13.174210,1.367019,22826,0,0
63540,7,1,0,9,1,13.173583,1.366975,22826,0,0
63550,3,1,0,5,1,13.172276,1.366829,22826,0,0
63560,2,2,2,7,1,13.170972,1.366708,22826,0,0
63570,13,3,4,21,1,13.171014,1.366724,22829,0,0
63580,4,1,0,6,1,13.170245,1.366670,22829,0,0
63590,20,5,3,29,1,13.171047,1.366723,22841,0,0
63600,15,2,2,20,1,13.172373,1.366881,22854,0,0
63610,18,3,2,24,1,13.173770,1.367020,22865,0,0
63620,8,0,2,11,1,13.174089,1.367072,22865,0,0
63630,4,0,0,5,1,13.173606,1.366996,22865,0,0
63640,18,2,0,21,1,13.173445,1.366971,22865,0,0
63650,11,2,1,15,1,13.174501,1.367071,22868,0,0
63660,3,1,0,5,1,13.175123,1.367138,22874,0,0
63670,3,0,0,4,1,13.174376,1.367046,22874,0,0
63680,7,0,0,8,1,13.172905,1.366910,22874,0,0
63690,17,0,0,18,1,13.172024,1.366810,22874,0,0
63700,8,0,0,9,1,13.171852,1.366800,22875,0,0
63710,3,0,0,4,1,13.170619,1.366659,22875,0,0
63720,9,5,1,16,1,13.169584,1.366515,22875,0,0
63730,5,0,2,8,1,13.168327,1.366414,22875,0,0
63740,18,2,2,23,1,13.168368,1.366399,22876,0,0
63750,9,3,3,16,1,13.169685,1.366519,22879,0,0
63760,3,0,0,4,1,13.168328,1.366415,22879,0,0
63770,9,1,1,12,1,13.168322,1.366415,22879,0,0
63780,13,1,0,15,1,13.167843,1.366388,22879,0,0
63790,12,0,0,13,1,13.168571,1.366453,22893,0,0
63800,15,0,2,18,1,13.168642,1.366475,22897,0,0
63810,11,1,1,14,1,13.167425,1.366343,22897,0,0
63820,11,1,2,15,1,13.167146,1.366279,22897,0,0
63830,9,0,2,12,1,13.167033,1.366262,22897,0,0
63840,8,1,2,12,1,13.167899,1.366343,22898,0,0
63850,3,1,0,5,1,13.167390,1.366278,22898,0,0
63860,2,0,0,3,1,13.166097,1.366154,22898,0,0
63870,19,5,5,30,1,13.166517,1.366174,22906,0,0
63880,15,3,3,22,1,13.168119,1.366372,22928,0,0
63890,14,3,2,20,1,13.169758,1.366545,22931,0,0
63900,1,0,0,2,1,13.168710,1.366446,22931,0,0
63910,13,3,0,17,1,13.167744,1.366353,22931,0,0
63920,19,1,2,23,1,13.168220,1.366403,22931,0,0
63930,3,1,3,8,1,13.168897,1.366488,22931,0,0
63940,0,0,0,0,0,13.168611,1.366457,22931,0,0
63950,5,0,1,7,1,13.167560,1.366328,22931,0,0
63960,5,1,1,8,1,13.167017,1.366273,22931,0,0
63970,0,0,0,1,1,13.165472,1.366131,22931,0,0
63980,16,2,2,21,1,13.164305,1.366013,22931,0,0
63990,14,1,0,16,1,13.164354,1.366032,22931,0,0
64000,8,2,0,11,1,13.164802,1.366055,22932,0,0
64010,5,0,0,6,1,13.163595,1.365920,22932,0,0
64020,12,0,1,14,1,13.163242,1.365884,22932,0,0
64030,19,4,3,27,1,13.165002,1.366092,22947,0,0
64040,7,0,1,9,1,13.166060,1.366233,22947,0,0
64050,13,1,1,16,1,13.165415,1.366136,22947,0,0
64060,0,0,0,0,0,13.164231,1.366025,22947,0,0
64070,0,1,0,2,1,13.162751,1.365890,22947,0,0
64080,1,0,0,2,1,13.160988,1.365743,22947,0,0
64090,14,2,1,18,1,13.161033,1.365753,22948,0,0
64100,14,0,1,16,1,13.161261,1.365776,22956,0,0
64110,14,1,0,16,1,13.162660,1.365959,22962,0,0
64120,0,0,0,1,1,13.162515,1.365952,22962,0,0
64130,6,0,1,8,1,13.161653,1.365847,22962,0,0
64140,9,1,3,14,1,13.160222,1.365700,22962,0,0
64150,18,5,2,26,1,13.161319,1.365777,22966,0,0
64160,18,3,2,24,1,13.162802,1.365923,22981,0,0
64170,17,1,3,22,1,13.164506,1.366129,22997,0,0
64180,20,3,4,28,1,13.165380,1.366205,23002,0,0
64190,2,0,0,3,1,13.165122,1.366190,23003,0,0
64200,0,0,0,1,1,13.163808,1.366039,23003,0,0
64210,3,2,0,6,1,13.162847,1.365931,23003,0,0
64220,4,0,2,7,1,13.161383,1.365789,23003,0,0
64230,14,3,2,20,1,13.161996,1.365842,23005,0,0
64240,11,1,1,14,1,13.163137,1.365973,23013,0,0
64250,6,1,0,8,1,13.162323,1.365876,23013,0,0
64260,1,0,0,2,1,13.161439,1.365765,23013,0,0
64270,2,0,1,4,1,13.159780,1.365620,23013,0,0
64280,19,2,1,23,1,13.159847,1.365604,23019,0,0
64290,18,3,5,27,1,13.161536,1.365819,23029,0,0
64300,8,0,0,9,1,13.161047,1.365758,23030,0,0
64310,1,0,0,2,1,13.159796,1.365614,23030,0,0
64320,17,2,0,20,1,13.158719,1.365496,23030,0,0
64330,11,4,3,19,1,13.159703,1.365588,23034,0,0
64340,2,0,2,5,1,13.158906,1.365480,23034,0,0
64350,6,2,0,9,1,13.158320,1.365402,23034,0,0
64360,1,0,1,3,1,13.157298,1.365293,23034,0,0
64370,5,0,1,7,1,13.156385,1.365199,23034,0,0
64380,15,2,3,21,1,13.155589,1.365095,23034,0,0
64390,18,3,2,24,1,13.157044,1.365256,23048,0,0
64400,2,0,0,3,1,13.157487,1.365331,23058,0,0
64410,0,0,0,1,1,13.156510,1.365217,23058,0,0
64420,4,0,1,6,1,13.155517,1.365097,23058,0,0
64430,12,2,3,18,1,13.156559,1.365187,23063,0,0
64440,1,0,0,2,1,13.156715,1.365193,23063,0,0
64450,13,4,1,19,1,13.156312,1.365149,23063,0,0
64460,8,1,0,10,1,13.155794,1.365094,23063,0,0
64470,16,0,1,18,1,13.155798,1.365071,23063,0,0
64480,1,0,0,2,1,13.155153,1.365029,23063,0,0
64490,11,2,0,14,1,13.155163,1.365031,23064,0,0
64500,14,2,2,19,1,13.156294,1.365178,23077,0,0
64510,2,1,0,4,1,13.155990,1.365163,23078,0,0
64520,14,1,3,19,1,13.156279,1.365171,23078,0,0
64530,20,4,1,26,1,13.157630,1.365279,23086,0,0
64540,17,4,2,24,1,13.158495,1.365350,23089,0,0
64550,18,2,0,21,1,13.160115,1.365543,23095,0,0
64560,6,1,0,8,1,13.159647,1.365515,23095,0,0
64570,5,1,1,8,1,13.159301,1.365476,23095,0,0
64580,1,0,0,2,1,13.158721,1.365430,23095,0,0
64590,12,1,2,16,1,13.158596,1.365407,23095,0,0
64600,17,3,1,22,1,13.160010,1.365532,23107,0,0
64610,1,0,0,2,1,13.159561,1.365504,23111,0,0
64620,8,1,3,13,1,13.158692,1.365412,23111,0,0
64630,1,2,2,6,1,13.158168,1.365363,23111,0,0
64640,13,3,0,17,1,13.158174,1.365347,23111,0,0
64650,14,0,2,17,1,13.159215,1.365476,23111,0,0
64660,7,2,2,12,1,13.159679,1.365522,23114,0,0
64670,7,1,1,10,1,13.160115,1.365560,23115,0,0
64680,2,1,1,5,1,13.160062,1.365546,23115,0,0
64690,0,0,0,0,0,13.158731,1.365422,23115,0,0
64700,4,1,2,8,1,13.157997,1.365353,23115,0,0
64710,11,0,1,13,1,13.157308,1.365285,23115,0,0
64720,17,3,3,24,1,13.158682,1.365417,23130,0,0
64730,11,3,1,16,1,13.159943,1.365542,23135,0,0
64740,6,1,2,10,1,13.159788,1.365543,23135,0,0
64750,11,1,2,15,1,13.159551,1.365519,23135,0,0
64760,0,0,0,0,0,13.158555,1.365429,23135,0,0
64770,18,1,1,21,1,13.158738,1.365432,23135,0,0
64780,2,0,0,3,1,13.158187,1.365395,23135,0,0
64790,4,0,1,6,1,13.156687,1.365262,23135,0,0
64800,2,0,1,4,1,13.155252,1.365127,23135,0,0
64810,16,1,2,20,1,13.155011,1.365059,23135,0,0
64820,16,1,2,20,1,13.156039,1.365184,23139,0,0
64830,16,5,1,23,1,13.157300,1.365324,23160,0,0
64840,11,1,0,13,1,13.158253,1.365439,23166,0,0
64850,11,2,2,16,1,13.158241,1.365417,23166,0,0
64860,5,3,3,12,1,13.159225,1.365500,23169,0,0
64870,19,1,2,23,1,13.160255,1.365606,23175,0,0
64880,9,1,1,12,1,13.160821,1.365687,23176,0,0
64890,20,2,2,25,1,13.161286,1.365738,23179,0,0
64900,8,6,2,17,1,13.162629,1.365898,23189,0,0
64910,3,1,0,5,1,13.161600,1.365812,23189,0,0
64920,12,1,0,14,1,13.160230,1.365664,23189,0,0
64930,1,1,0,3,1,13.158699,1.365556,23189,0,0
64940,18,3,2,24,1,13.158114,1.365435,23191,0,0
64950,1,0,0,2,1,13.157299,1.365367,23191,0,0
64960,0,0,0,1,1,13.155888,1.365238,23191,0,0
64970,9,1,6,17,1,13.155149,1.365139,23191,0,0
64980,15,4,3,23,1,13.155169,1.365122,23191,0,0
64990,11,3,2,17,1,13.156256,1.365257,23195,0,0
65000,14,1,1,17,1,13.156529,1.365291,23199,0,0
65010,9,1,1,12,1,13.157220,1.365333,23206,0,0
65020,6,2,2,11,1,13.156698,1.365305,23206,0,0
65030,14,0,4,19,1,13.155844,1.365176,23206,0,0
65040,9,1,2,13,1,13.156675,1.365263,23216,0,0
65050,3,0,1,5,1,13.155482,1.365149,23216,0,0
65060,11,0,0,12,1,13.154886,1.365064,23216,0,0
65070,0,0,0,0,0,13.154395,1.365025,23216,0,0
65080,0,0,0,0,0,13.152962,1.364896,23216,0,0
65090,0,0,1,2,1,13.151605,1.364776,23216,0,0
65100,13,3,1,18,1,13.151423,1.364743,23216,0,0
65110,14,0,2,17,1,13.152721,1.364861,23223,0,0
65120,0,0,0,0,0,13.151456,1.364745,23223,0,0
65130,10,0,1,12,1,13.150462,1.364632,23223,0,0
65140,1,0,0,2,1,13.149664,1.364544,23223,0,0
65150,0,0,0,0,0,13.148351,1.364408,23223,0,0
65160,4,0,0,5,1,13.147184,1.364284,23223,0,0
65170,6,0,0,7,1,13.146207,1.364181,23223,0,0
65180,2,0,0,3,1,13.144898,1.364048,23223,0,0
65190,11,1,0,13,1,13.143946,1.363937,23223,0,0
65200,12,1,4,18,1,13.144282,1.363957,23231,0,0
65210,8,0,1,10,1,13.145006,1.364055,23231,0,0
65220,1,0,0,2,1,13.143820,1.363937,23231,0,0
65230,4,0,1,6,1,13.142813,1.363851,23231,0,0
65240,19,4,2,26,1,13.143902,1.363930,23233,0,0
65250,8,1,0,10,1,13.144465,1.364024,23234,0,0
65260,4,1,0,6,1,13.143633,1.363956,23234,0,0
65270,3,1,0,5,1,13.142535,1.363860,23234,0,0
65280,10,4,0,15,1,13.142268,1.363829,23234,0,0
65290,14,2,0,17,1,13.142624,1.363845,23235,0,0
65300,6,1,0,8,1,13.141582,1.363731,23235,0,0
65310,5,1,1,8,1,13.140067,1.363594,23235,0,0
65320,6,0,1,8,1,13.139759,1.363565,23237,0,0
65330,2,0,0,3,1,13.138998,1.363510,23237,0,0
65340,3,0,0,4,1,13.137976,1.363407,23237,0,0
65350,3,0,0,4,1,13.137203,1.363330,23237,0,0
65360,8,0,1,10,1,13.136141,1.363195,23237,0,0
65370,18,1,1,21,1,13.136520,1.363198,23242,0,0
65380,1,0,1,3,1,13.135308,1.363103,23242,0,0
65390,20,8,5,34,1,13.135384,1.363071,23252,0,0
65400,20,4,9,34,1,13.137950,1.363351,23283,0,0
65410,12,2,4,19,1,13.140700,1.363698,23318,0,0
65420,8,0,0,9,1,13.141757,1.363867,23327,0,0
65430,5,0,0,6,1,13.140664,1.363765,23327,0,0
65440,0,0,0,1,1,13.139480,1.363649,23327,0,0
65450,19,3,1,24,1,13.138199,1.363489,23327,0,0
65460,9,2,0,12,1,13.138471,1.363516,23327,0,0
65470,2,1,1,5,1,13.137966,1.363464,23327,0,0
65480,0,0,0,0,0,13.136375,1.363293,23327,0,0
65490,14,4,4,23,1,13.135321,1.363210,23327,0,0
65500,17,1,4,23,1,13.136137,1.363309,23330,0,0
65510,5,2,3,11,1,13.136603,1.363373,23330,0,0
65520,18,2,3,24,1,13.137499,1.363437,23341,0,0
65530,11,0,1,13,1,13.138326,1.363538,23348,0,0
65540,16,4,3,24,1,13.139262,1.363632,23362,0,0
65550,11,3,0,15,1,13.139908,1.363721,23377,0,0
65560,16,2,5,24,1,13.140636,1.363793,23383,0,0
65570,3,0,0,4,1,13.140261,1.363770,23383,0,0
65580,9,2,1,13,1,13.138952,1.363612,23383,0,0
65590,19,7,0,27,1,13.139736,1.363676,23393,0,0
65600,5,0,0,6,1,13.139665,1.363689,23393,0,0
65610,9,1,1,12,1,13.140403,1.363745,23395,0,0
65620,19,3,0,23,1,13.141699,1.363854,23397,0,0
65630,7,1,1,10,1,13.141412,1.363851,23402,0,0
65640,8,1,1,11,1,13.140311,1.363772,23402,0,0
65650,5,0,1,7,1,13.139799,1.363718,23402,0,0
65660,7,1,1,10,1,13.138523,1.363577,23402,0,0
65670,8,4,0,13,1,13.137679,1.363506,23402,0,0
65680,16,4,3,24,1,13.138345,1.363558,23406,0,0
65690,20,4,2,27,1,13.139664,1.363700,23416,0,0
65700,15,1,2,19,1,13.140252,1.363758,23416,0,0
65710,6,4,1,12,1,13.141813,1.363927,23423,0,0
65720,12,5,2,20,1,13.142138,1.363914,23430,0,0
65730,4,1,0,6,1,13.141778,1.363910,23430,0,0
65740,7,0,0,8,1,13.141064,1.363845,23430,0,0
65750,2,0,1,4,1,13.140516,1.363785,23430,0,0
65760,5,1,1,8,1,13.139212,1.363654,23430,0,0
65770,7,0,0,8,1,13.139481,1.363683,23430,0,0
65780,5,0,0,6,1,13.138576,1.363601,23430,0,0
65790,9,1,1,12,1,13.137184,1.363440,23430,0,0
65800,1,0,0,2,1,13.136168,1.363359,23430,0,0
65810,11,0,4,16,1,13.135118,1.363246,23430,0,0
65820,6,0,0,7,1,13.135001,1.363226,23430,0,0
65830,3,0,0,4,1,13.135347,1.363246,23433,0,0
65840,7,0,0,8,1,13.133892,1.363091,23433,0,0
65850,5,1,0,7,1,13.132818,1.362976,23433,0,0
65860,5,0,1,7,1,13.131849,1.362874,23433,0,0
65870,14,5,0,20,1,13.131272,1.362783,23433,0,0
65880,17,6,4,28,1,13.132477,1.362883,23436,0,0
65890,7,0,0,8,1,13.133848,1.363043,23451,0,0
65900,15,0,3,19,1,13.134569,1.363082,23458,0,0
65910,10,0,1,12,1,13.135370,1.363170,23461,0,0
65920,16,1,1,19,1,13.135882,1.363222,23467,0,0
65930,10,1,0,12,1,13.135015,1.363122,23467,0,0
65940,0,0,0,0,0,13.134612,1.363118,23467,0,0
65950,11,1,0,13,1,13.133327,1.362955,23467,0,0
65960,5,0,1,7,1,13.132223,1.362856,23467,0,0
65970,8,1,1,11,1,13.130698,1.362722,23467,0,0
65980,2,0,1,4,1,13.129290,1.362600,23467,0,0
65990,10,0,2,13,1,13.128681,1.362523,23467,0,0
66000,4,2,0,7,1,13.127628,1.362421,23467,0,0
66010,19,1,2,23,1,13.127131,1.362329,23468,0,0
66020,4,0,2,7,1,13.126274,1.362246,23468,0,0
66030,8,0,1,10,1,13.125935,1.362183,23468,0,0
66040,6,0,1,8,1,13.125550,1.362127,23468,0,0
66050,11,0,0,12,1,13.125080,1.362068,23468,0,0
66060,3,0,0,4,1,13.124569,1.362025,23468,0,0
66070,4,2,0,7,1,13.123451,1.361903,23468,0,0
66080,2,0,3,6,1,13.122465,1.361789,23468,0,0
66090,10,0,1,12,1,13.121723,1.361680,23468,0,0
66100,2,1,0,4,1,13.121107,1.361628,23468,0,0
66110,3,0,0,4,1,13.119630,1.361499,23468,0,0
66120,9,3,1,14,1,13.120340,1.361560,23474,0,0
66130,20,8,1,30,1,13.120983,1.361639,23484,0,0
66140,18,0,2,21,1,13.121613,1.361711,23486,0,0
66150,20,5,3,29,1,13.123153,1.361863,23500,0,0
66160,19,2,1,23,1,13.123937,1.361922,23502,0,0
66170,18,4,5,28,1,13.125427,1.362067,23517,0,0
66180,20,6,3,30,1,13.127022,1.362246,23526,0,0
66190,7,0,0,8,1,13.127983,1.362368,23546,0,0
66200,3,2,1,7,1,13.126630,1.362230,23546,0,0
66210,8,4,1,14,1,13.125435,1.362098,23546,0,0
66220,9,0,2,12,1,13.124605,1.362000,23546,0,0
66230,5,0,1,7,1,13.124102,1.361959,23546,0,0
66240,10,0,2,13,1,13.123137,1.361860,23546,0,0
66250,6,0,2,9,1,13.123104,1.361849,23546,0,0
66260,13,1,1,16,1,13.123390,1.361856,23548,0,0
66270,9,1,1,12,1,13.124287,1.361958,23548,0,0
66280,1,0,0,2,1,13.124104,1.361959,23548,0,0
66290,6,4,0,11,1,13.123541,1.361895,23548,0,0
66300,13,3,2,19,1,13.124283,1.361964,23558,0,0
66310,14,0,3,18,1,13.124105,1.361955,23558,0,0
66320,0,0,0,0,0,13.122688,1.361854,23558,0,0
66330,11,2,2,16,1,13.122187,1.361805,23558,0,0
66340,0,0,0,0,0,13.120947,1.361715,23558,0,0
66350,0,0,0,1,1,13.119421,1.361596,23558,0,0
66360,7,0,1,9,1,13.118532,1.361496,23558,0,0
66370,9,3,2,15,1,13.117511,1.361382,23558,0,0
66380,15,2,1,19,1,13.118353,1.361466,23558,0,0
66390,15,3,5,24,1,13.119431,1.361547,23558,0,0
66400,17,6,3,27,1,13.121233,1.361724,23572,0,0
66410,9,1,0,11,1,13.121863,1.361769,23572,0,0
66420,9,1,4,15,1,13.122664,1.361833,23577,0,0
66430,2,0,0,3,1,13.122278,1.361800,23577,0,0
66440,2,0,0,3,1,13.120896,1.361658,23577,0,0
66450,5,0,0,6,1,13.119173,1.361492,23577,0,0
66460,20,3,3,27,1,13.119265,1.361475,23579,0,0
66470,10,3,4,18,1,13.121001,1.361688,23596,0,0
66480,0,0,0,0,0,13.120858,1.361674,23596,0,0
66490,9,1,1,12,1,13.119758,1.361560,23596,0,0
66500,16,2,1,20,1,13.119941,1.361563,23598,0,0
66510,13,3,2,19,1,13.120667,1.361622,23605,0,0
66520,17,2,5,25,1,13.122173,1.361756,23613,0,0
66530,17,0,2,20,1,13.122636,1.361803,23615,0,0
66540,14,1,2,18,1,13.123993,1.361919,23618,0,0
66550,1,1,1,4,1,13.123407,1.361869,23618,0,0
66560,17,3,3,24,1,13.123623,1.361871,23618,0,0
66570,9,3,6,19,1,13.124018,1.361909,23618,0,0
66580,10,0,1,12,1,13.123829,1.361911,23618,0,0
66590,18,3,0,22,1,13.124472,1.361985,23625,0,0
66600,9,1,2,13,1,13.125283,1.362066,23625,0,0
66610,17,0,4,22,1,13.125014,1.362013,23625,0,0
66620,17,2,4,24,1,13.126266,1.362135,23639,0,0
66630,14,3,2,20,1,13.127128,1.362226,23641,0,0
66640,14,0,4,19,1,13.127282,1.362221,23641,0,0
66650,16,5,0,22,1,13.127586,1.362268,23641,0,0
66660,14,3,3,21,1,13.129036,1.362434,23657,0,0
66670,11,1,1,14,1,13.129903,1.362553,23657,0,0
66680,6,0,1,8,1,13.131002,1.362668,23665,0,0
66690,5,1,0,7,1,13.129524,1.362526,23665,0,0
66700,3,1,0,5,1,13.129725,1.362530,23666,0,0
66710,4,0,2,7,1,13.128725,1.362444,23666,0,0
66720,15,1,2,19,1,13.128424,1.362412,23666,0,0
66730,16,2,2,21,1,13.129861,1.362570,23682,0,0
66740,13,0,2,16,1,13.131091,1.362713,23704,0,0
66750,15,6,0,22,1,13.131850,1.362772,23708,0,0
66760,16,2,2,21,1,13.132846,1.362882,23723,0,0
66770,15,0,0,16,1,13.133256,1.362932,23725,0,0
66780,3,1,0,5,1,13.133396,1.362949,23725,0,0
66790,11,1,2,15,1,13.133117,1.362895,23725,0,0
66800,18,2,3,24,1,13.134066,1.362963,23727,0,0
66810,5,0,0,6,1,13.135073,1.363091,23740,0,0
66820,0,0,0,1,1,13.134274,1.363031,23740,0,0
66830,0,0,0,0,0,13.133214,1.362915,23740,0,0
66840,6,0,1,8,1,13.132273,1.362810,23740,0,0
66850,6,0,1,8,1,13.131221,1.362727,23740,0,0
66860,0,0,0,1,1,13.129693,1.362607,23740,0,0
66870,1,1,0,3,1,13.128468,1.362466,23740,0,0
66880,9,0,2,12,1,13.128559,1.362450,23740,0,0
66890,17,2,1,21,1,13.130168,1.362622,23772,0,0
66900,7,2,0,10,1,13.130619,1.362672,23778,0,0
66910,6,1,1,9,1,13.129892,1.362591,23778,0,0
66920,7,1,0,9,1,13.130145,1.362627,23778,0,0
66930,5,0,3,9,1,13.129154,1.362527,23778,0,0
66940,10,2,1,14,1,13.128868,1.362487,23778,0,0
66950,20,1,5,27,1,13.129021,1.362476,23778,0,0
66960,3,1,1,6,1,13.129442,1.362540,23778,0,0
66970,1,0,0,2,1,13.127878,1.362406,23778,0,0
66980,4,1,1,7,1,13.126367,1.362275,23778,0,0
66990,1,0,0,2,1,13.124818,1.362166,23778,0,0
67000,17,6,1,25,1,13.125027,1.362165,23778,0,0
67010,18,0,2,21,1,13.126284,1.362285,23782,0,0
67020,20,2,1,24,1,13.127160,1.362373,23794,0,0
67030,17,2,3,23,1,13.127791,1.362405,23796,0,0
67040,17,1,1,20,1,13.128861,1.362492,23798,0,0
67050,18,4,3,26,1,13.130066,1.362624,23811,0,0
67060,15,3,1,20,1,13.130990,1.362729,23824,0,0
67070,16,4,3,24,1,13.131353,1.362757,23824,0,0
67080,2,0,0,3,1,13.131450,1.362770,23826,0,0
67090,0,0,0,0,0,13.130064,1.362635,23826,0,0
67100,9,1,2,13,1,13.129076,1.362506,23826,0,0
67110,11,1,4,17,1,13.130019,1.362594,23842,0,0
67120,16,3,0,20,1,13.130805,1.362674,23845,0,0
67130,20,4,4,29,1,13.133012,1.362889,23877,0,0
67140,7,1,1,10,1,13.133549,1.362975,23886,0,0
67150,14,2,0,17,1,13.133514,1.362985,23886,0,0
67160,10,4,3,18,1,13.135014,1.363150,23893,0,0
67170,18,6,4,29,1,13.136071,1.363267,23896,0,0
67180,10,2,1,14,1,13.136931,1.363359,23903,0,0
67190,13,2,0,16,1,13.136505,1.363296,23903,0,0
67200,0,0,0,1,1,13.136718,1.363334,23914,0,0
67210,8,2,2,13,1,13.135324,1.363188,23914,0,0
67220,19,1,2,23,1,13.135769,1.363222,23923,0,0
67230,18,2,2,23,1,13.136632,1.363340,23926,0,0
67240,5,0,0,6,1,13.137219,1.363412,23948,0,0
67250,5,0,0,6,1,13.136771,1.363356,23948,0,0
67260,9,1,1,12,1,13.135898,1.363260,23948,0,0
67270,16,5,1,23,1,13.136304,1.363305,23948,0,0
67280,17,3,2,23,1,13.137814,1.363466,23962,0,0
67290,19,1,1,22,1,13.138912,1.363592,23971,0,0
67300,18,1,0,20,1,13.140331,1.363759,23982,0,0
67310,17,6,0,24,1,13.141028,1.363834,23987,0,0
67320,16,3,1,21,1,13.142355,1.363976,23996,0,0
67330,14,1,1,17,1,13.143966,1.364147,24022,0,0
67340,14,2,3,20,1,13.145550,1.364293,24032,0,0
67350,15,3,4,23,1,13.145761,1.364290,24032,0,0
67360,19,3,2,25,1,13.147383,1.364472,24047,0,0
67370,3,2,4,10,1,13.148240,1.364559,24053,0,0
67380,4,0,0,5,1,13.147305,1.364459,24053,0,0
67390,4,0,1,6,1,13.146386,1.364348,24053,0,0
67400,2,0,3,6,1,13.145416,1.364231,24053,0,0
67410,4,0,0,5,1,13.144996,1.364186,24053,0,0
67420,1,2,1,5,1,13.143847,1.364069,24053,0,0
67430,14,1,2,18,1,13.143065,1.363913,24053,0,0
67440,8,1,0,10,1,13.143560,1.363970,24055,0,0
67450,7,0,0,8,1,13.142419,1.363863,24055,0,0
67460,14,1,0,16,1,13.142721,1.363890,24055,0,0
67470,11,3,2,17,1,13.143887,1.364027,24065,0,0
67480,5,1,0,7,1,13.143403,1.363971,24065,0,0
67490,18,1,3,23,1,13.144329,1.364062,24079,0,0
67500,0,0,1,2,1,13.143699,1.364031,24081,0,0
67510,7,1,2,11,1,13.142321,1.363874,24081,0,0
67520,19,3,4,27,1,13.144059,1.364040,24096,0,0
67530,6,0,2,9,1,13.145492,1.364213,24107,0,0
67540,4,0,1,6,1,13.144898,1.364143,24107,0,0
67550,7,0,0,8,1,13.143838,1.364045,24107,0,0
67560,12,0,2,15,1,13.143327,1.363986,24107,0,0
67570,0,0,0,0,0,13.141993,1.363846,24107,0,0
67580,2,0,0,3,1,13.140614,1.363719,24107,0,0
67590,11,2,2,16,1,13.140083,1.363662,24107,0,0
67600,7,0,2,10,1,13.139383,1.363603,24107,0,0
67610,0,0,0,1,1,13.138269,1.363480,24107,0,0
67620,3,1,1,6,1,13.136897,1.363336,24107,0,0
67630,16,3,3,23,1,13.137260,1.363347,24109,0,0
67640,0,0,0,1,1,13.136597,1.363260,24109,0,0
67650,12,3,0,16,1,13.135389,1.363152,24109,0,0
67660,18,1,2,22,1,13.134828,1.363103,24109,0,0
67670,9,1,1,12,1,13.135617,1.363209,24112,0,0
67680,12,1,0,14,1,13.135548,1.363192,24112,0,0
67690,2,1,1,5,1,13.134878,1.363138,24112,0,0
67700,0,0,0,1,1,13.133578,1.363029,24112,0,0
67710,17,1,2,21,1,13.133140,1.362955,24112,0,0
67720,13,1,2,17,1,13.134550,1.363098,24121,0,0
67730,15,2,4,22,1,13.136123,1.363264,24139,0,0
67740,3,0,0,4,1,13.135946,1.363259,24139,0,0
67750,0,0,0,0,0,13.134596,1.363117,24139,0,0
67760,11,1,1,14,1,13.133942,1.363034,24139,0,0
67770,4,0,0,5,1,13.133128,1.362958,24139,0,0
67780,16,9,2,28,1,13.133572,1.362974,24149,0,0
67790,15,5,1,22,1,13.135036,1.363153,24149,0,0
67800,16,1,2,20,1,13.135931,1.363251,24153,0,0
67810,10,2,0,13,1,13.136746,1.363330,24153,0,0
67820,20,5,1,27,1,13.138074,1.363448,24166,0,0
67830,0,0,0,0,0,13.138627,1.363539,24168,0,0
67840,6,1,0,8,1,13.137082,1.363395,24168,0,0
67850,9,0,0,10,1,13.136358,1.363326,24168,0,0
67860,1,1,2,5,1,13.135230,1.363195,24168,0,0
67870,4,1,0,6,1,13.133667,1.363028,24168,0,0
67880,4,0,1,6,1,13.133716,1.363017,24168,0,0
67890,8,2,1,12,1,13.132838,1.362939,24168,0,0
67900,8,0,0,9,1,13.132470,1.362891,24168,0,0
67910,12,0,2,15,1,13.132339,1.362868,24173,0,0
67920,19,2,0,22,1,13.133095,1.362930,24186,0,0
67930,17,4,6,28,1,13.134195,1.363024,24188,0,0
67940,5,1,0,7,1,13.135752,1.363224,24203,0,0
67950,1,0,0,2,1,13.134462,1.363106,24203,0,0
67960,12,1,2,16,1,13.133300,1.362965,24203,0,0
67970,9,2,0,12,1,13.132839,1.362922,24203,0,0
67980,8,1,1,11,1,13.131919,1.362819,24203,0,0
67990,6,1,0,8,1,13.131372,1.362740,24203,0,0
68000,7,0,2,10,1,13.131635,1.362758,24203,0,0
68010,4,2,1,8,1,13.130888,1.362704,24203,0,0
68020,12,0,0,13,1,13.129809,1.362568,24203,0,0
68030,15,2,0,18,1,13.130337,1.362598,24203,0,0
68040,1,0,0,2,1,13.129321,1.362504,24203,0,0
68050,5,0,1,7,1,13.128336,1.362407,24203,0,0
68060,2,0,1,4,1,13.126822,1.362271,24203,0,0
68070,12,1,1,15,1,13.125711,1.362140,24203,0,0
68080,9,0,0,10,1,13.125684,1.362111,24203,0,0
68090,8,2,0,11,1,13.124569,1.362013,24203,0,0
68100,16,2,1,20,1,13.125701,1.362137,24220,0,0
68110,18,3,4,26,1,13.127469,1.362342,24253,0,0
68120,17,2,0,20,1,13.128632,1.362468,24258,0,0
68130,9,4,3,17,1,13.129019,1.362502,24258,0,0
68140,5,1,0,7,1,13.128253,1.362426,24258,0,0
68150,6,1,1,9,1,13.127225,1.362287,24258,0,0
68160,10,1,1,13,1,13.126289,1.362178,24258,0,0
68170,19,2,4,26,1,13.127121,1.362254,24264,0,0
68180,9,2,4,16,1,13.128372,1.362400,24273,0,0
68190,17,2,3,23,1,13.128574,1.362409,24273,0,0
68200,1,0,1,3,1,13.127866,1.362336,24273,0,0
68210,5,0,1,7,1,13.126949,1.362233,24273,0,0
68220,2,0,0,3,1,13.126006,1.362149,24273,0,0
68230,19,0,5,25,1,13.126193,1.362142,24274,0,0
68240,11,1,0,13,1,13.127251,1.362273,24276,0,0
68250,6,1,1,9,1,13.126172,1.362170,24276,0,0
68260,14,1,0,16,1,13.125135,1.362065,24276,0,0
68270,12,5,2,20,1,13.124833,1.362012,24276,0,0
68280,14,2,3,20,1,13.126297,1.362167,24302,0,0
68290,3,2,3,9,1,13.126252,1.362186,24302,0,0
68300,2,1,0,4,1,13.125774,1.362131,24302,0,0
68310,4,0,0,5,1,13.124621,1.361989,24302,0,0
68320,0,0,0,1,1,13.123193,1.361864,24302,0,0
68330,8,3,1,13,1,13.121787,1.361734,24302,0,0
68340,20,2,2,25,1,13.123137,1.361846,24308,0,0
68350,16,7,5,29,1,13.124498,1.362006,24320,0,0
68360,0,0,0,0,0,13.124696,1.362031,24320,0,0
68370,2,0,2,5,1,13.123490,1.361903,24320,0,0
68380,0,0,0,1,1,13.122483,1.361801,24320,0,0
68390,3,0,2,6,1,13.121179,1.361673,24320,0,0
68400,10,2,0,13,1,13.121344,1.361691,24320,0,0
68410,15,5,4,25,1,13.122067,1.361742,24324,0,0
68420,5,1,1,8,1,13.122751,1.361826,24325,0,0
68430,1,0,0,2,1,13.121598,1.361699,24325,0,0
68440,1,0,0,2,1,13.120228,1.361557,24325,0,0
68450,12,0,1,14,1,13.118875,1.361416,24325,0,0
68460,3,0,0,4,1,13.118296,1.361375,24325,0,0
68470,3,1,2,7,1,13.116897,1.361237,24325,0,0
68480,3,0,0,4,1,13.115750,1.361145,24325,0,0
68490,7,0,0,8,1,13.115113,1.361080,24325,0,0
68500,11,1,1,14,1,13.114667,1.361045,24325,0,0
68510,0,0,1,2,1,13.114334,1.361015,24325,0,0
68520,19,2,2,24,1,13.114229,1.360990,24325,0,0
68530,14,6,4,25,1,13.115332,1.361091,24327,0,0
68540,17,1,2,21,1,13.116526,1.361218,24334,0,0
68550,15,2,1,19,1,13.117910,1.361385,24362,0,0
68560,20,1,1,23,1,13.119244,1.361514,24372,0,0
68570,14,1,4,20,1,13.119770,1.361585,24372,0,0
68580,10,3,1,15,1,13.119249,1.361540,24372,0,0
68590,14,5,3,23,1,13.120332,1.361643,24376,0,0
68600,8,0,1,10,1,13.121225,1.361732,24379,0,0
68610,0,0,0,1,1,13.120054,1.361630,24379,0,0
68620,4,5,3,13,1,13.119448,1.361554,24379,0,0
68630,20,1,2,24,1,13.120381,1.361624,24387,0,0
68640,15,1,3,20,1,13.121822,1.361789,24401,0,0
68650,19,2,3,25,1,13.123016,1.361910,24410,0,0
68660,18,2,3,24,1,13.124629,1.362082,24430,0,0
68670,20,6,6,33,1,13.126338,1.362241,24445,0,0
68680,18,3,3,25,1,13.128298,1.362481,24464,0,0
68690,15,3,6,25,1,13.129505,1.362613,24466,0,0
68700,5,1,1,8,1,13.130329,1.362697,24471,0,0
68710,6,4,1,12,1,13.129767,1.362629,24471,0,0
68720,15,1,3,20,1,13.130780,1.362729,24474,0,0
68730,4,1,0,6,1,13.130693,1.362760,24474,0,0
68740,2,0,1,4,1,13.129082,1.362622,24474,0,0
68750,10,1,1,13,1,13.128254,1.362524,24474,0,0
68760,0,0,0,1,1,13.127017,1.362399,24474,0,0
68770,2,1,0,4,1,13.125810,1.362280,24474,0,0
68780,1,0,1,3,1,13.125182,1.362208,24475,0,0
68790,16,2,1,20,1,13.125220,1.362196,24484,0,0
68800,6,0,0,7,1,13.126010,1.362305,24489,0,0
68810,0,0,1,2,1,13.124460,1.362153,24489,0,0
68820,3,3,0,7,1,13.123625,1.362082,24489,0,0
68830,0,0,0,0,0,13.122645,1.361995,24489,0,0
68840,1,0,0,2,1,13.121250,1.361849,24489,0,0
68850,16,5,3,25,1,13.122169,1.361935,24505,0,0
68860,9,1,5,16,1,13.123680,1.362117,24513,0,0
68870,6,0,1,8,1,13.123408,1.362067,24513,0,0
68880,9,0,0,10,1,13.122119,1.361950,24513,0,0
68890,3,0,1,5,1,13.121147,1.361856,24513,0,0
68900,1,0,0,2,1,13.120140,1.361746,24513,0,0
68910,7,0,2,10,1,13.119857,1.361691,24513,0,0
68920,2,2,0,5,1,13.118728,1.361548,24513,0,0
68930,10,1,2,14,1,13.117899,1.361446,24513,0,0
68940,9,1,0,11,1,13.118496,1.361497,24515,0,0
68950,1,0,0,2,1,13.117040,1.361377,24515,0,0
68960,20,3,8,32,1,13.117610,1.361394,24525,0,0
68970,13,2,2,18,1,13.118288,1.361485,24532,0,0
68980,1,1,1,4,1,13.118019,1.361481,24532,0,0
68990,19,3,1,24,1,13.117969,1.361464,24539,0,0
69000,15,0,6,22,1,13.119067,1.361585,24544,0,0
69010,15,3,0,19,1,13.120240,1.361709,24550,0,0
69020,11,1,1,14,1,13.121322,1.361814,24550,0,0
69030,15,3,4,23,1,13.122360,1.361943,24563,0,0
69040,5,1,0,7,1,13.122260,1.361923,24563,0,0
69050,9,2,3,15,1,13.122273,1.361903,24563,0,0
69060,5,0,1,7,1,13.122875,1.361997,24568,0,0
69070,0,0,0,1,1,13.121486,1.361880,24568,0,0
69080,10,0,2,13,1,13.120051,1.361738,24568,0,0
69090,13,0,1,15,1,13.119425,1.361661,24568,0,0
69100,4,1,1,7,1,13.119012,1.361635,24568,0,0
69110,1,1,0,3,1,13.117763,1.361492,24568,0,0
69120,2,0,0,3,1,13.116996,1.361397,24568,0,0
69130,3,1,1,6,1,13.115818,1.361271,24568,0,0
69140,4,0,0,5,1,13.114904,1.361167,24568,0,0
69150,20,3,1,25,1,13.114739,1.361116,24574,0,0
69160,0,0,0,1,1,13.115417,1.361226,24585,0,0
69170,6,4,0,11,1,13.115331,1.361205,24585,0,0
69180,12,0,1,14,1,13.114690,1.361131,24585,0,0
69190,18,2,2,23,1,13.115465,1.361204,24592,0,0
69200,17,1,4,23,1,13.116804,1.361323,24609,0,0
69210,1,0,0,2,1,13.116151,1.361291,24609,0,0
69220,5,2,1,9,1,13.114701,1.361131,24609,0,0
69230,16,1,2,20,1,13.115553,1.361222,24612,0,0
69240,10,1,1,13,1,13.115877,1.361267,24618,0,0
69250,0,2,2,5,1,13.115728,1.361254,24618,0,0
69260,6,0,0,7,1,13.114387,1.361108,24618,0,0
69270,0,0,0,0,0,13.113039,1.360985,24618,0,0
69280,0,0,0,1,1,13.111431,1.360835,24618,0,0
69290,2,0,1,4,1,13.109749,1.360716,24618,0,0
69300,10,1,1,13,1,13.108760,1.360600,24618,0,0
69310,12,1,1,15,1,13.108295,1.360552,24618,0,0
69320,1,0,0,2,1,13.107681,1.360503,24618,0,0
69330,14,3,3,21,1,13.107110,1.360433,24618,0,0
69340,0,0,1,2,1,13.106663,1.360456,24621,0,0
69350,7,3,1,12,1,13.107103,1.360492,24624,0,0
69360,3,0,0,4,1,13.106101,1.360409,24624,0,0
69370,1,1,0,3,1,13.105373,1.360326,24624,0,0
69380,12,1,3,17,1,13.105394,1.360297,24624,0,0
69390,16,3,0,20,1,13.106153,1.360388,24630,0,0
69400,17,3,2,23,1,13.106603,1.360415,24630,0,0
69410,18,3,0,22,1,13.107264,1.360481,24639,0,0
69420,16,1,2,20,1,13.108880,1.360655,24665,0,0
69430,17,1,2,21,1,13.110099,1.360774,24671,0,0
69440,4,0,0,5,1,13.109117,1.360693,24671,0,0
69450,9,0,0,10,1,13.108222,1.360601,24671,0,0
69460,9,0,1,11,1,13.108807,1.360685,24680,0,0
69470,11,1,1,14,1,13.108174,1.360604,24680,0,0
69480,18,1,3,23,1,13.109443,1.360716,24684,0,0
69490,10,0,0,11,1,13.110650,1.360850,24692,0,0
69500,6,2,1,10,1,13.109536,1.360735,24692,0,0
69510,2,2,0,5,1,13.110394,1.360810,24700,0,0
69520,10,3,1,15,1,13.109548,1.360723,24700,0,0
69530,8,1,1,11,1,13.108528,1.360645,24700,0,0
69540,8,0,0,9,1,13.108163,1.360593,24700,0,0
69550,11,1,0,13,1,13.107539,1.360543,24700,0,0
69560,12,3,2,18,1,13.107781,1.360543,24700,0,0
69570,2,0,0,3,1,13.108525,1.360623,24701,0,0
69580,5,0,0,6,1,13.107208,1.360501,24701,0,0
69590,2,1,0,4,1,13.106459,1.360438,24701,0,0
69600,5,2,0,8,1,13.106215,1.360383,24701,0,0
69610,2,0,2,5,1,13.105188,1.360271,24701,0,0
69620,7,0,1,9,1,13.105491,1.360289,24701,0,0
69630,18,1,2,22,1,13.106238,1.360349,24702,0,0
69640,9,2,2,14,1,13.107899,1.360508,24728,0,0
69650,15,3,0,19,1,13.108497,1.360562,24737,0,0
69660,1,1,0,3,1,13.108655,1.360567,24737,0,0
69670,4,1,1,7,1,13.107343,1.360446,24737,0,0
69680,15,1,6,23,1,13.106877,1.360360,24741,0,0
69690,10,2,1,14,1,13.107948,1.360482,24758,0,0
69700,0,0,0,1,1,13.106923,1.360403,24758,0,0
69710,1,0,0,2,1,13.105407,1.360270,24758,0,0
69720,0,0,0,1,1,13.104369,1.360151,24758,0,0
69730,1,0,0,2,1,13.102987,1.359994,24758,0,0
69740,7,0,1,9,1,13.101619,1.359851,24758,0,0
69750,10,1,1,13,1,13.101245,1.359807,24758,0,0
69760,11,2,2,16,1,13.101685,1.359837,24758,0,0
69770,20,4,3,28,1,13.102608,1.359919,24763,0,0
69780,3,1,1,6,1,13.103265,1.360014,24778,0,0
69790,2,1,0,4,1,13.102627,1.359951,24778,0,0
69800,1,0,0,2,1,13.101265,1.359796,24778,0,0
69810,19,1,2,23,1,13.100484,1.359693,24778,0,0
69820,12,3,0,16,1,13.102023,1.359876,24790,0,0
69830,4,0,0,5,1,13.102368,1.359899,24792,0,0
69840,7,0,0,8,1,13.101349,1.359804,24792,0,0
69850,5,1,0,7,1,13.100817,1.359747,24792,0,0
69860,2,0,0,3,1,13.099515,1.359629,24792,0,0
69870,9,0,1,11,1,13.098705,1.359531,24792,0,0
69880,9,0,0,10,1,13.098737,1.359541,24792,0,0
69890,10,3,0,14,1,13.098561,1.359510,24792,0,0
69900,16,1,4,22,1,13.098879,1.359543,24799,0,0
69910,5,1,2,9,1,13.098776,1.359550,24806,0,0
69920,1,1,0,3,1,13.097947,1.359470,24806,0,0
69930,18,2,1,22,1,13.098676,1.359547,24816,0,0
69940,6,0,0,7,1,13.099027,1.359606,24816,0,0
69950,6,1,1,9,1,13.098792,1.359576,24816,0,0
69960,1,0,0,2,1,13.097525,1.359453,24816,0,0
69970,0,0,0,1,1,13.096119,1.359324,24816,0,0
69980,3,0,2,6,1,13.094905,1.359189,24816,0,0
69990,1,0,0,2,1,13.093262,1.359039,24816,0,0
70000,20,2,5,28,1,13.092922,1.358972,24820,0,0
70010,19,2,2,24,1,13.094948,1.359214,24846,0,0
70020,17,6,2,26,1,13.096621,1.359410,24864,0,0
70030,5,0,1,7,1,13.097661,1.359545,24868,0,0
70040,3,0,1,5,1,13.097626,1.359518,24868,0,0
70050,19,2,0,22,1,13.097663,1.359510,24870,0,0
70060,7,0,0,8,1,13.097197,1.359477,24870,0,0
70070,3,1,0,5,1,13.095752,1.359355,24870,0,0
70080,1,0,1,3,1,13.094880,1.359270,24870,0,0
70090,4,1,0,6,1,13.093635,1.359149,24870,0,0
70100,15,1,2,19,1,13.093706,1.359159,24870,0,0
70110,2,0,0,3,1,13.093118,1.359101,24870,0,0
70120,0,0,0,0,0,13.091616,1.358988,24870,0,0
70130,6,0,2,9,1,13.090659,1.358903,24870,0,0
70140,2,0,0,3,1,13.090713,1.358902,24872,0,0
70150,4,0,1,6,1,13.089805,1.358788,24872,0,0
70160,17,2,1,21,1,13.090649,1.358846,24875,0,0
70170,13,1,0,15,1,13.091643,1.358966,24879,0,0
70180,20,2,2,25,1,13.092226,1.359001,24884,0,0
70190,10,2,0,13,1,13.093983,1.359188,24910,0,0
70200,12,2,0,15,1,13.093527,1.359135,24910,0,0
70210,8,0,1,10,1,13.094292,1.359199,24913,0,0
70220,15,4,2,22,1,13.094761,1.359235,24914,0,0
70230,14,1,1,17,1,13.096498,1.359420,24929,0,0
70240,4,0,0,5,1,13.097099,1.359489,24932,0,0
70250,14,1,2,18,1,13.097392,1.359466,24932,0,0
70260,14,1,4,20,1,13.097412,1.359484,24937,0,0
70270,13,0,4,18,1,13.098424,1.359604,24941,0,0
70280,0,0,0,1,1,13.098545,1.359630,24941,0,0
70290,7,0,2,10,1,13.097481,1.359528,24941,0,0
70300,6,0,0,7,1,13.096877,1.359458,24941,0,0
70310,3,0,0,4,1,13.095917,1.359361,24941,0,0
70320,12,2,0,15,1,13.094803,1.359216,24941,0,0
70330,8,2,0,11,1,13.095473,1.359276,24945,0,0
70340,18,2,4,25,1,13.095160,1.359224,24952,0,0
70350,19,2,4,26,1,13.096635,1.359404,24969,0,0
70360,14,0,5,20,1,13.098086,1.359587,24985,0,0
70370,8,4,2,15,1,13.099177,1.359711,24987,0,0
70380,17,4,2,24,1,13.100137,1.359786,24993,0,0
70390,0,0,0,1,1,13.100241,1.359819,24993,0,0
70400,15,2,2,20,1,13.099577,1.359719,24993,0,0
70410,7,2,3,13,1,13.100433,1.359832,24996,0,0
70420,13,4,1,19,1,13.101634,1.359980,25015,0,0
70430,4,2,0,7,1,13.101078,1.359935,25015,0,0
70440,17,2,5,25,1,13.100822,1.359891,25015,0,0
70450,9,0,1,11,1,13.101792,1.360010,25025,0,0
70460,8,1,0,10,1,13.101247,1.359946,25025,0,0
70470,0,0,0,0,0,13.100105,1.359842,25025,0,0
70480,6,0,0,7,1,13.098725,1.359696,25025,0,0
70490,4,2,2,9,1,13.098827,1.359707,25025,0,0
70500,18,3,1,23,1,13.099268,1.359746,25025,0,0
70510,9,0,0,10,1,13.098842,1.359718,25025,0,0
70520,12,1,5,19,1,13.099327,1.359739,25036,0,0
70530,20,1,6,28,1,13.100827,1.359885,25050,0,0
70540,12,1,1,15,1,13.101740,1.359987,25052,0,0
70550,12,3,2,18,1,13.102146,1.359998,25055,0,0
70560,11,1,0,13,1,13.102344,1.360013,25055,0,0
70570,1,0,0,2,1,13.102271,1.360018,25055,0,0
70580,16,0,2,19,1,13.101281,1.359910,25055,0,0
70590,16,2,4,23,1,13.102538,1.360033,25065,0,0
70600,18,7,1,27,1,13.103968,1.360180,25074,0,0
70610,19,2,1,23,1,13.104822,1.360280,25078,0,0
70620,13,2,0,16,1,13.105845,1.360396,25081,0,0
70630,4,1,0,6,1,13.105608,1.360372,25081,0,0
70640,16,2,1,20,1,13.105238,1.360315,25081,0,0
70650,17,4,1,23,1,13.105606,1.360346,25081,0,0
70660,15,5,2,23,1,13.105673,1.360333,25081,0,0
70670,17,2,1,21,1,13.107274,1.360536,25091,0,0
70680,8,1,1,11,1,13.108131,1.360608,25094,0,0
70690,16,1,0,18,1,13.109107,1.360690,25099,0,0
70700,18,5,2,26,1,13.110025,1.360804,25108,0,0
70710,6,2,3,12,1,13.111217,1.360926,25120,0,0
70720,4,0,1,6,1,13.111202,1.360923,25120,0,0
70730,10,2,4,17,1,13.111086,1.360904,25120,0,0
70740,6,0,0,7,1,13.110463,1.360866,25120,0,0
70750,5,3,2,11,1,13.111092,1.360896,25123,0,0
70760,10,1,3,15,1,13.110613,1.360829,25123,0,0
70770,2,1,1,5,1,13.109953,1.360751,25123,0,0
70780,7,1,0,9,1,13.108638,1.360597,25123,0,0
70790,14,3,1,19,1,13.108356,1.360559,25123,0,0
70800,19,1,2,23,1,13.108769,1.360574,25123,0,0
70810,0,0,0,0,0,13.108754,1.360589,25123,0,0
70820,13,2,3,19,1,13.108593,1.360542,25123,0,0
70830,11,1,2,15,1,13.109225,1.360610,25123,0,0
70840,9,1,1,12,1,13.110483,1.360749,25134,0,0
70850,7,1,0,9,1,13.110052,1.360719,25134,0,0
70860,5,2,0,8,1,13.110212,1.360742,25134,0,0
70870,8,1,3,13,1,13.109464,1.360671,25134,0,0
70880,16,5,5,27,1,13.111104,1.360834,25160,0,0
70890,10,1,5,17,1,13.112480,1.360976,25172,0,0
70900,9,2,1,13,1,13.111517,1.360882,25172,0,0
70910,7,2,0,10,1,13.111980,1.360927,25172,0,0
70920,0,0,0,1,1,13.110402,1.360776,25172,0,0
70930,1,0,0,2,1,13.109075,1.360631,25172,0,0
70940,8,2,0,11,1,13.108493,1.360579,25172,0,0
70950,20,1,2,24,1,13.109588,1.360694,25181,0,0
70960,4,0,0,5,1,13.110183,1.360766,25189,0,0
70970,5,1,0,7,1,13.109177,1.360674,25189,0,0
70980,2,0,0,3,1,13.107909,1.360533,25189,0,0
70990,17,4,3,25,1,13.107432,1.360471,25189,0,0
71000,20,2,3,26,1,13.109434,1.360687,25203,0,0
71010,19,0,3,23,1,13.110182,1.360763,25206,0,0
71020,10,0,0,11,1,13.110300,1.360768,25209,0,0
71030,8,1,0,10,1,13.109404,1.360664,25209,0,0
71040,19,3,4,27,1,13.109864,1.360677,25212,0,0
71050,20,2,3,26,1,13.111021,1.360804,25226,0,0
71060,11,4,0,16,1,13.112467,1.360946,25248,0,0
71070,13,2,4,20,1,13.113891,1.361119,25271,0,0
71080,10,0,1,12,1,13.113502,1.361095,25271,0,0
71090,16,1,1,19,1,13.114189,1.361159,25271,0,0
71100,19,2,2,24,1,13.115466,1.361278,25279,0,0
71110,19,3,2,25,1,13.116498,1.361380,25281,0,0
71120,17,0,2,20,1,13.117561,1.361495,25290,0,0
71130,16,8,3,28,1,13.119466,1.361711,25312,0,0
71140,2,1,2,6,1,13.120767,1.361869,25323,0,0
71150,6,0,1,8,1,13.119515,1.361754,25323,0,0
71160,5,1,1,8,1,13.119475,1.361738,25323,0,0
71170,11,2,2,16,1,13.118624,1.361678,25323,0,0
71180,0,0,0,1,1,13.117779,1.361599,25323,0,0
71190,6,1,1,9,1,13.116697,1.361513,25323,0,0
71200,9,0,1,11,1,13.116273,1.361468,25323,0,0
71210,13,2,0,16,1,13.116251,1.361451,25323,0,0
71220,0,0,2,3,1,13.115503,1.361382,25323,0,0
71230,5,2,2,10,1,13.114064,1.361259,25323,0,0
71240,9,0,3,13,1,13.114891,1.361339,25328,0,0
71250,12,5,1,19,1,13.115227,1.361357,25330,0,0
71260,17,2,2,22,1,13.115729,1.361410,25333,0,0
71270,14,5,2,22,1,13.116907,1.361566,25338,0,0
71280,0,0,0,1,1,13.117800,1.361666,25346,0,0
71290,15,6,5,27,1,13.118462,1.361711,25353,0,0
71300,0,0,1,2,1,13.118888,1.361798,25353,0,0
71310,0,0,0,0,0,13.117501,1.361702,25353,0,0
71320,11,1,0,13,1,13.116691,1.361593,25353,0,0
71330,3,0,0,4,1,13.115467,1.361490,25353,0,0
71340,19,3,2,25,1,13.115125,1.361438,25355,0,0
71350,16,2,5,24,1,13.116360,1.361557,25368,0,0
71360,18,3,5,27,1,13.118254,1.361760,25387,0,0
71370,14,3,4,22,1,13.119747,1.361915,25389,0,0
71380,11,3,0,15,1,13.120485,1.361999,25397,0,0
71390,10,0,0,11,1,13.121184,1.362088,25397,0,0
71400,18,2,1,22,1,13.121601,1.362114,25403,0,0
71410,13,1,0,15,1,13.121813,1.362123,25403,0,0
71420,9,0,3,13,1,13.122349,1.362193,25403,0,0
71430,8,0,1,10,1,13.122587,1.362236,25404,0,0
71440,0,0,0,0,0,13.121401,1.362129,25404,0,0
71450,8,1,0,10,1,13.120724,1.362032,25404,0,0
71460,7,0,0,8,1,13.119590,1.361911,25404,0,0
71470,19,1,5,26,1,13.120022,1.361927,25407,0,0
71480,11,1,1,14,1,13.121435,1.362088,25429,0,0
71490,0,0,0,1,1,13.120134,1.361967,25429,0,0
71500,5,0,1,7,1,13.118957,1.361870,25429,0,0
71510,2,0,0,3,1,13.118212,1.361785,25429,0,0
71520,9,1,1,12,1,13.116998,1.361650,25429,0,0
71530,4,0,0,5,1,13.116693,1.361611,25429,0,0
71540,14,1,3,19,1,13.116237,1.361564,25429,0,0
71550,11,2,0,14,1,13.117479,1.361706,25434,0,0
71560,15,4,3,23,1,13.117098,1.361665,25436,0,0
71570,17,4,0,22,1,13.118797,1.361848,25458,0,0
71580,20,1,5,27,1,13.120567,1.362038,25472,0,0
71590,17,2,1,21,1,13.120987,1.362061,25474,0,0
71600,17,2,2,22,1,13.121966,1.362143,25478,0,0
71610,19,2,1,23,1,13.123155,1.362275,25489,0,0
71620,20,5,1,27,1,13.124646,1.362446,25507,0,0
71630,10,2,3,16,1,13.125722,1.362576,25518,0,0
71640,16,3,3,23,1,13.126072,1.362592,25518,0,0
71650,3,1,0,5,1,13.126786,1.362668,25519,0,0
71660,6,1,0,8,1,13.125943,1.362558,25519,0,0
71670,6,1,0,8,1,13.126411,1.362601,25520,0,0
71680,1,0,1,3,1,13.125045,1.362500,25520,0,0
71690,8,1,0,10,1,13.124026,1.362387,25520,0,0
71700,6,0,3,10,1,13.122742,1.362262,25520,0,0
71710,2,0,1,4,1,13.122838,1.362255,25520,0,0
71720,3,0,1,5,1,13.121473,1.362118,25520,0,0
71730,3,1,1,6,1,13.120351,1.362010,25520,0,0
71740,20,3,5,29,1,13.120400,1.361982,25522,0,0
71750,16,9,0,26,1,13.122001,1.362182,25543,0,0
71760,19,2,3,25,1,13.123704,1.362364,25552,0,0
71770,15,1,2,19,1,13.125121,1.362507,25564,0,0
71780,2,3,0,6,1,13.124590,1.362433,25564,0,0
71790,10,4,1,16,1,13.124228,1.362373,25564,0,0
71800,15,2,1,19,1,13.125713,1.362541,25573,0,0
71810,9,0,0,10,1,13.124970,1.362485,25573,0,0
71820,1,0,0,2,1,13.123885,1.362371,25573,0,0
71830,2,0,0,3,1,13.122745,1.362233,25573,0,0
71840,4,1,0,6,1,13.121310,1.362099,25573,0,0
71850,6,0,0,7,1,13.119954,1.361966,25573,0,0
71860,0,0,0,1,1,13.119582,1.361950,25573,0,0
71870,3,0,0,4,1,13.118125,1.361782,25573,0,0
71880,1,0,0,2,1,13.117069,1.361683,25573,0,0
71890,0,0,0,0,0,13.115867,1.361553,25573,0,0
71900,3,1,0,5,1,13.114956,1.361443,25573,0,0
71910,15,5,4,25,1,13.115444,1.361473,25573,0,0
71920,5,1,0,7,1,13.116334,1.361587,25581,0,0
71930,6,1,0,8,1,13.115022,1.361456,25581,0,0
71940,3,0,1,5,1,13.114244,1.361372,25581,0,0
71950,6,0,3,10,1,13.113323,1.361277,25581,0,0
71960,1,0,0,2,1,13.111953,1.361155,25581,0,0
71970,2,0,1,4,1,13.110439,1.361006,25581,0,0
71980,3,0,0,4,1,13.109210,1.360852,25581,0,0
71990,16,0,0,17,1,13.109180,1.360834,25581,0,0
72000,0,0,0,1,1,13.108608,1.360777,25581,0,0
72010,6,1,0,8,1,13.107336,1.360632,25581,0,0
72020,6,1,1,9,1,13.106149,1.360507,25581,0,0
72030,3,0,0,4,1,13.105010,1.360423,25581,0,0
72040,0,0,0,0,0,13.104079,1.360319,25581,0,0
72050,1,0,0,2,1,13.103652,1.360275,25581,0,0
72060,2,1,0,4,1,13.102225,1.360134,25581,0,0
72070,11,1,0,13,1,13.101227,1.360035,25581,0,0
72080,7,0,0,8,1,13.100924,1.360018,25581,0,0
72090,12,1,1,15,1,13.101667,1.360091,25584,0,0
72100,2,2,0,5,1,13.101822,1.360136,25584,0,0
72110,15,1,1,18,1,13.102179,1.360134,25584,0,0
72120,11,0,1,13,1,13.102507,1.360159,25584,0,0
72130,16,3,3,23,1,13.102760,1.360168,25584,0,0
72140,20,3,2,26,1,13.104166,1.360333,25600,0,0
72150,18,5,3,27,1,13.105137,1.360409,25612,0,0
72160,9,1,1,12,1,13.106018,1.360506,25619,0,0
72170,10,2,2,15,1,13.105329,1.360412,25619,0,0
72180,4,1,0,6,1,13.104801,1.360387,25619,0,0
72190,0,0,0,0,0,13.103513,1.360246,25619,0,0
72200,0,0,0,0,0,13.102076,1.360102,25619,0,0
72210,0,0,0,0,0,13.100554,1.359958,25619,0,0
72220,15,2,1,19,1,13.100078,1.359874,25619,0,0
72230,7,0,0,8,1,13.099430,1.359821,25619,0,0
72240,2,0,1,4,1,13.098536,1.359725,25619,0,0
72250,3,2,0,6,1,13.097364,1.359614,25619,0,0
72260,0,0,0,1,1,13.096598,1.359523,25619,0,0
72270,17,2,2,22,1,13.096497,1.359494,25619,0,0
72280,15,2,2,20,1,13.097441,1.359600,25623,0,0
72290,12,3,1,17,1,13.098300,1.359694,25631,0,0
72300,10,0,0,11,1,13.098143,1.359686,25631,0,0
72310,14,2,3,20,1,13.098999,1.359776,25636,0,0
72320,20,1,2,24,1,13.099731,1.359835,25636,0,0
72330,8,0,2,11,1,13.100159,1.359894,25638,0,0
72340,0,0,0,1,1,13.099084,1.359793,25638,0,0
72350,9,3,0,13,1,13.098526,1.359729,25638,0,0
72360,13,0,1,15,1,13.098692,1.359747,25638,0,0
72370,13,5,2,21,1,13.099275,1.359801,25639,0,0
72380,17,1,4,23,1,13.101090,1.360003,25648,0,0
72390,16,2,2,21,1,13.102744,1.360191,25659,0,0
72400,13,3,1,18,1,13.103168,1.360226,25659,0,0
72410,2,1,0,4,1,13.102059,1.360112,25659,0,0
72420,3,0,1,5,1,13.100712,1.359963,25659,0,0
72430,14,5,3,23,1,13.100246,1.359899,25659,0,0
72440,17,2,2,22,1,13.101866,1.360082,25680,0,0
72450,1,0,0,2,1,13.102452,1.360143,25687,0,0
72460,12,3,1,17,1,13.102418,1.360102,25687,0,0
72470,16,2,1,20,1,13.102566,1.360104,25688,0,0
72480,20,1,1,23,1,13.103708,1.360246,25701,0,0
72490,4,0,1,6,1,13.103319,1.360215,25705,0,0
72500,0,1,0,2,1,13.102444,1.360138,25705,0,0
72510,8,3,0,12,1,13.101525,1.360024,25705,0,0
72520,16,2,3,22,1,13.102640,1.360130,25731,0,0
72530,18,2,5,26,1,13.104205,1.360278,25740,0,0
72540,17,1,2,21,1,13.105457,1.360407,25750,0,0
72550,10,1,2,14,1,13.106412,1.360493,25756,0,0
72560,14,0,4,19,1,13.107208,1.360559,25762,0,0
72570,12,2,1,16,1,13.107784,1.360623,25762,0,0
72580,18,2,5,26,1,13.109319,1.360769,25778,0,0
72590,8,2,3,14,1,13.110570,1.360927,25802,0,0
72600,8,2,1,12,1,13.111306,1.361029,25802,0,0
72610,10,3,2,16,1,13.111664,1.361052,25804,0,0
72620,15,2,0,18,1,13.111875,1.361066,25804,0,0
72630,7,0,2,10,1,13.112808,1.361158,25808,0,0
72640,10,0,2,13,1,13.111930,1.361062,25808,0,0
72650,19,3,4,27,1,13.113346,1.361213,25819,0,0
72660,20,3,0,24,1,13.114690,1.361371,25849,0,0
72670,18,1,4,24,1,13.115882,1.361497,25855,0,0
72680,18,0,1,20,1,13.117016,1.361621,25862,0,0
72690,0,0,0,0,0,13.116982,1.361632,25862,0,0
72700,5,0,0,6,1,13.115798,1.361522,25862,0,0
72710,20,3,3,27,1,13.116151,1.361530,25867,0,0
72720,11,1,2,15,1,13.116521,1.361580,25875,0,0
72730,0,0,0,1,1,13.116253,1.361571,25875,0,0
72740,1,0,2,4,1,13.114814,1.361440,25875,0,0
72750,3,2,2,8,1,13.114354,1.361365,25875,0,0
72760,16,1,2,20,1,13.114258,1.361329,25875,0,0
72770,14,3,0,18,1,13.115186,1.361451,25886,0,0
72780,2,0,0,3,1,13.114575,1.361377,25886,0,0
72790,2,2,0,5,1,13.113556,1.361262,25886,0,0
72800,2,0,0,3,1,13.112488,1.361153,25886,0,0
72810,18,1,4,24,1,13.112639,1.361127,25886,0,0
72820,13,3,3,20,1,13.114279,1.361343,25897,0,0
72830,20,3,3,27,1,13.115830,1.361487,25908,0,0
72840,12,0,3,16,1,13.116541,1.361581,25914,0,0
72850,12,4,2,19,1,13.117228,1.361643,25922,0,0
72860,1,0,1,3,1,13.117646,1.361706,25922,0,0
72870,7,0,1,9,1,13.116802,1.361623,25922,0,0
72880,3,1,0,5,1,13.117138,1.361649,25922,0,0
72890,2,0,0,3,1,13.115577,1.361513,25922,0,0
72900,0,0,0,1,1,13.114443,1.361405,25922,0,0
72910,9,2,0,12,1,13.113115,1.361293,25922,0,0
72920,9,2,1,13,1,13.113224,1.361327,25922,0,0
72930,20,7,5,33,1,13.113596,1.361349,25932,0,0
72940,13,1,1,16,1,13.114951,1.361490,25944,0,0
72950,8,1,3,13,1,13.114623,1.361439,25944,0,0
72960,19,5,5,30,1,13.115988,1.361576,25953,0,0
72970,14,1,2,18,1,13.117265,1.361715,25966,0,0
72980,16,1,1,19,1,13.118152,1.361832,25968,0,0
72990,18,2,4,25,1,13.119424,1.361981,25980,0,0
73000,7,1,0,9,1,13.119675,1.362027,25982,0,0
73010,12,0,2,15,1,13.119152,1.361952,25982,0,0
73020,13,0,1,15,1,13.119862,1.362041,25982,0,0
73030,12,0,1,14,1,13.119947,1.362041,25982,0,0
73040,12,4,1,18,1,13.120455,1.362083,25982,0,0
73050,6,1,0,8,1,13.121119,1.362158,25982,0,0
73060,4,0,0,5,1,13.120276,1.362079,25982,0,0
73070,4,0,0,5,1,13.118894,1.361948,25982,0,0
73080,8,1,0,10,1,13.118323,1.361876,25982,0,0
73090,7,0,1,9,1,13.117803,1.361838,25982,0,0
73100,5,1,0,7,1,13.116445,1.361715,25982,0,0
73110,11,3,3,18,1,13.117421,1.361823,25989,0,0
73120,19,2,1,23,1,13.118012,1.361879,25989,0,0
73130,0,0,0,0,0,13.117231,1.361845,25992,0,0
73140,7,5,1,14,1,13.115981,1.361702,25992,0,0
73150,17,4,3,25,1,13.116686,1.361759,25997,0,0
73160,19,2,2,24,1,13.118140,1.361924,26012,0,0
73170,20,1,2,24,1,13.119458,1.362071,26026,0,0
73180,19,1,3,24,1,13.120311,1.362168,26033,0,0
73190,1,0,0,2,1,13.120005,1.362146,26035,0,0
73200,0,0,0,1,1,13.118535,1.362012,26035,0,0
73210,13,4,1,19,1,13.118688,1.361995,26037,0,0
73220,15,2,1,19,1,13.119571,1.362088,26055,0,0
73230,11,1,2,15,1,13.119772,1.362090,26060,0,0
73240,17,1,1,20,1,13.120345,1.362146,26062,0,0
73250,1,1,0,3,1,13.120440,1.362158,26063,0,0
73260,9,0,2,12,1,13.119614,1.362073,26063,0,0
73270,0,1,0,2,1,13.119361,1.362038,26063,0,0
73280,0,0,0,0,0,13.118131,1.361911,26063,0,0
73290,13,1,4,19,1,13.117853,1.361875,26063,0,0
73300,16,3,3,23,1,13.119300,1.362016,26081,0,0
73310,1,0,0,2,1,13.119721,1.362076,26087,0,0
73320,6,0,0,7,1,13.118278,1.361927,26087,0,0
73330,14,1,1,17,1,13.117972,1.361913,26087,0,0
73340,6,2,1,10,1,13.117778,1.361878,26087,0,0
73350,12,1,2,16,1,13.116942,1.361792,26087,0,0
73360,12,1,4,18,1,13.117542,1.361857,26087,0,0
73370,12,1,2,16,1,13.118460,1.361962,26094,0,0
73380,20,2,3,26,1,13.118638,1.361954,26097,0,0
73390,5,1,1,8,1,13.119052,1.362008,26098,0,0
73400,19,4,5,29,1,13.119720,1.362060,26098,0,0
73410,16,3,2,22,1,13.120534,1.362132,26111,0,0
73420,12,1,2,16,1,13.121217,1.362192,26121,0,0
73430,2,1,2,6,1,13.120179,1.362096,26121,0,0
73440,15,1,1,18,1,13.120153,1.362077,26121,0,0
73450,0,0,0,0,0,13.119725,1.362023,26122,0,0
73460,0,0,0,0,0,13.118529,1.361888,26122,0,0
73470,2,1,1,5,1,13.117263,1.361765,26122,0,0
73480,9,1,1,12,1,13.116218,1.361663,26122,0,0
73490,20,3,2,26,1,13.117349,1.361795,26136,0,0
73500,16,2,2,21,1,13.118476,1.361912,26149,0,0
73510,15,0,1,17,1,13.119679,1.362044,26153,0,0
73520,14,2,0,17,1,13.119390,1.362028,26153,0,0
73530,20,3,5,29,1,13.120047,1.362085,26156,0,0
73540,17,2,6,26,1,13.120981,1.362169,26165,0,0
73550,17,3,5,26,1,13.121866,1.362263,26171,0,0
73560,13,3,6,23,1,13.123560,1.362463,26195,0,0
73570,7,1,1,10,1,13.123923,1.362515,26195,0,0
73580,9,0,1,11,1,13.122842,1.362409,26195,0,0
73590,2,0,0,3,1,13.121531,1.362289,26195,0,0
73600,12,2,4,19,1,13.121150,1.362254,26195,0,0
73610,18,1,0,20,1,13.121038,1.362247,26195,0,0
73620,6,1,1,9,1,13.120782,1.362213,26195,0,0
73630,1,0,1,3,1,13.119361,1.362060,26195,0,0
73640,4,1,0,6,1,13.119784,1.362064,26197,0,0
73650,10,1,1,13,1,13.119382,1.362018,26197,0,0
73660,10,1,0,12,1,13.119016,1.361976,26197,0,0
73670,5,0,0,6,1,13.119025,1.361957,26197,0,0
73680,15,0,0,16,1,13.118616,1.361901,26197,0,0
73690,19,3,2,25,1,13.119652,1.362004,26224,0,0
73700,7,2,1,11,1,13.120524,1.362112,26230,0,0
73710,2,0,0,3,1,13.119758,1.362043,26230,0,0
73720,5,0,1,7,1,13.118950,1.361944,26230,0,0
73730,14,0,3,18,1,13.118537,1.361866,26230,0,0
73740,13,1,1,16,1,13.118806,1.361866,26230,0,0
73750,5,1,0,7,1,13.117980,1.361792,26230,0,0
73760,8,0,1,10,1,13.117174,1.361720,26230,0,0
73770,9,0,2,12,1,13.116677,1.361689,26230,0,0
73780,20,0,2,23,1,13.116627,1.361655,26232,0,0
73790,8,0,1,10,1,13.116928,1.361697,26235,0,0
73800,20,2,2,25,1,13.116658,1.361637,26235,0,0
73810,14,2,2,19,1,13.117845,1.361778,26250,0,0
73820,11,1,0,13,1,13.118221,1.361819,26252,0,0
73830,4,1,2,8,1,13.117585,1.361758,26252,0,0
73840,3,0,0,4,1,13.116423,1.361647,26252,0,0
73850,12,2,0,15,1,13.116004,1.361583,26252,0,0
73860,8,2,1,12,1,13.116591,1.361641,26256,0,0
73870,3,0,0,4,1,13.117257,1.361711,26260,0,0
73880,1,0,0,2,1,13.116138,1.361584,26260,0,0
73890,3,0,0,4,1,13.115124,1.361472,26260,0,0
73900,0,0,0,1,1,13.113764,1.361329,26260,0,0
73910,10,2,0,13,1,13.112764,1.361209,26260,0,0
73920,11,0,4,16,1,13.112073,1.361143,26260,0,0
73930,12,1,1,15,1,13.112448,1.361185,26260,0,0
73940,18,3,2,24,1,13.113870,1.361318,26267,0,0
73950,19,2,2,24,1,13.114922,1.361416,26273,0,0
73960,8,2,1,12,1,13.115340,1.361479,26282,0,0
73970,8,1,2,12,1,13.114323,1.361371,26282,0,0
73980,12,1,1,15,1,13.114181,1.361338,26282,0,0
73990,10,1,0,12,1,13.114723,1.361381,26282,0,0
74000,17,0,0,18,1,13.115113,1.361413,26282,0,0
74010,20,0,0,21,1,13.115910,1.361475,26283,0,0
74020,17,2,2,22,1,13.116869,1.361577,26288,0,0
74030,15,1,2,19,1,13.118091,1.361724,26303,0,0
74040,15,1,1,18,1,13.118215,1.361724,26303,0,0
74050,1,0,1,3,1,13.118399,1.361757,26306,0,0
74060,16,2,1,20,1,13.117443,1.361662,26306,0,0
74070,18,6,0,25,1,13.118594,1.361784,26313,0,0
74080,0,0,0,1,1,13.118114,1.361731,26313,0,0
74090,16,4,2,23,1,13.117492,1.361644,26313,0,0
74100,13,1,0,15,1,13.117626,1.361684,26313,0,0
74110,15,1,2,19,1,13.117992,1.361699,26316,0,0
74120,19,2,2,24,1,13.119456,1.361846,26340,0,0
74130,13,4,2,20,1,13.121042,1.362021,26361,0,0
74140,8,3,1,13,1,13.122117,1.362152,26372,0,0
74150,0,0,0,0,0,13.121295,1.362087,26372,0,0
74160,18,1,4,24,1,13.121300,1.362036,26376,0,0
74170,19,1,5,26,1,13.122892,1.362237,26386,0,0
74180,19,4,3,27,1,13.124434,1.362401,26401,0,0
74190,8,0,1,10,1,13.124820,1.362430,26409,0,0
74200,13,0,1,15,1,13.125090,1.362448,26409,0,0
74210,5,0,0,6,1,13.124624,1.362394,26409,0,0
74220,12,0,3,16,1,13.123512,1.362302,26409,0,0
74230,2,1,0,4,1,13.123494,1.362299,26409,0,0
74240,0,0,0,0,0,13.122252,1.362192,26409,0,0
74250,0,0,0,0,0,13.122264,1.362182,26409,0,0
74260,1,0,0,2,1,13.120738,1.362059,26409,0,0
74270,3,0,0,4,1,13.119581,1.361947,26409,0,0
74280,8,0,1,10,1,13.118406,1.361846,26409,0,0
74290,4,0,1,6,1,13.117222,1.361736,26409,0,0
74300,0,0,0,0,0,13.115929,1.361611,26409,0,0
74310,18,4,5,28,1,13.115994,1.361556,26409,0,0
74320,14,1,2,18,1,13.117039,1.361694,26417,0,0
74330,15,1,2,19,1,13.118178,1.361815,26425,0,0
74340,16,0,3,20,1,13.118782,1.361865,26434,0,0
74350,8,0,2,11,1,13.119612,1.361949,26449,0,0
74360,0,0,0,0,0,13.119846,1.361982,26449,0,0
74370,1,2,1,5,1,13.118929,1.361872,26449,0,0
74380,4,2,0,7,1,13.117787,1.361749,26449,0,0
74390,6,1,0,8,1,13.116572,1.361648,26449,0,0
74400,3,1,1,6,1,13.115340,1.361522,26449,0,0
74410,15,6,1,23,1,13.115373,1.361530,26456,0,0
74420,18,2,2,23,1,13.116816,1.361683,26476,0,0
74430,18,3,4,26,1,13.118191,1.361811,26487,0,0
74440,17,1,1,20,1,13.119604,1.361966,26498,0,0
74450,3,0,1,5,1,13.119427,1.361978,26498,0,0
74460,3,0,0,4,1,13.118095,1.361833,26498,0,0
74470,3,1,0,5,1,13.117049,1.361714,26498,0,0
74480,10,1,1,13,1,13.116012,1.361618,26498,0,0
74490,14,0,1,16,1,13.115472,1.361591,26498,0,0
74500,3,0,0,4,1,13.115139,1.361532,26499,0,0
74510,15,0,3,19,1,13.115061,1.361489,26502,0,0
74520,10,0,1,12,1,13.114958,1.361481,26502,0,0
74530,1,0,0,2,1,13.114428,1.361415,26502,0,0
74540,6,2,1,10,1,13.113823,1.361345,26502,0,0
74550,1,0,0,2,1,13.112682,1.361256,26502,0,0
74560,0,0,0,0,0,13.111528,1.361140,26502,0,0
74570,3,1,0,5,1,13.110314,1.361021,26502,0,0
74580,4,0,1,6,1,13.108979,1.360881,26502,0,0
74590,10,2,1,14,1,13.108471,1.360781,26502,0,0
74600,18,3,1,23,1,13.108438,1.360756,26502,0,0
74610,19,1,2,23,1,13.109516,1.360857,26514,0,0
74620,19,2,0,22,1,13.111015,1.361023,26525,0,0
74630,16,4,3,24,1,13.112212,1.361134,26531,0,0
74640,8,2,2,13,1,13.112788,1.361202,26531,0,0
74650,13,2,2,18,1,13.112258,1.361118,26531,0,0
74660,14,2,2,19,1,13.113316,1.361247,26546,0,0
74670,18,3,2,24,1,13.114250,1.361326,26550,0,0
74680,17,3,2,23,1,13.115444,1.361447,26562,0,0
74690,16,2,3,22,1,13.116756,1.361593,26575,0,0
74700,16,3,1,21,1,13.118051,1.361720,26590,0,0
74710,0,0,0,1,1,13.117550,1.361711,26590,0,0
74720,0,0,0,1,1,13.116279,1.361604,26590,0,0
74730,0,0,0,1,1,13.114906,1.361477,26590,0,0
74740,1,0,0,2,1,13.114041,1.361394,26590,0,0
74750,0,0,0,0,0,13.112663,1.361257,26590,0,0
74760,8,1,2,12,1,13.112139,1.361182,26590,0,0
74770,18,1,2,22,1,13.112729,1.361231,26590,0,0
74780,11,1,1,14,1,13.113743,1.361356,26600,0,0
74790,20,6,1,28,1,13.115358,1.361513,26617,0,0
74800,13,3,1,18,1,13.116347,1.361631,26626,0,0
74810,12,0,2,15,1,13.116729,1.361681,26627,0,0
74820,16,0,1,18,1,13.117348,1.361729,26637,0,0
74830,14,2,1,18,1,13.118398,1.361859,26653,0,0
74840,16,2,2,21,1,13.119283,1.361948,26658,0,0
74850,18,0,3,22,1,13.119317,1.361939,26662,0,0
74860,4,0,0,5,1,13.119216,1.361944,26662,0,0
74870,12,2,0,15,1,13.118662,1.361870,26662,0,0
74880,6,0,0,7,1,13.118299,1.361831,26662,0,0
74890,11,0,2,14,1,13.118652,1.361847,26662,0,0
74900,19,1,0,21,1,13.117644,1.361730,26662,0,0
74910,16,1,4,22,1,13.118486,1.361784,26663,0,0
74920,5,2,1,9,1,13.118987,1.361856,26666,0,0
74930,1,0,1,3,1,13.118013,1.361765,26666,0,0
74940,0,0,0,1,1,13.116498,1.361616,26666,0,0
74950,3,0,0,4,1,13.115090,1.361491,26666,0,0
74960,1,1,0,3,1,13.114587,1.361441,26666,0,0
74970,0,0,0,0,0,13.113447,1.361325,26666,0,0
74980,9,1,0,11,1,13.112757,1.361252,26666,0,0
74990,5,0,1,7,1,13.111464,1.361136,26666,0,0
75000,4,2,2,9,1,13.110856,1.361071,26666,0,0
75010,6,2,0,9,1,13.110051,1.360975,26666,0,0
75020,18,2,1,22,1,13.110902,1.361027,26678,0,0
75030,9,1,1,12,1,13.110334,1.360987,26678,0,0
75040,17,5,1,24,1,13.110625,1.360990,26678,0,0
75050,20,2,0,23,1,13.112329,1.361207,26697,0,0
75060,16,3,2,22,1,13.112713,1.361228,26700,0,0
75070,16,2,1,20,1,13.114321,1.361386,26712,0,0
75080,7,0,0,8,1,13.114094,1.361379,26718,0,0
75090,8,1,0,10,1,13.113677,1.361325,26718,0,0
75100,14,1,2,18,1,13.113770,1.361350,26718,0,0
75110,11,2,2,16,1,13.115150,1.361501,26725,0,0
75120,14,1,0,16,1,13.115957,1.361567,26727,0,0
75130,17,0,1,19,1,13.117147,1.361687,26729,0,0
75140,9,2,3,15,1,13.117466,1.361732,26729,0,0
75150,5,1,0,7,1,13.117229,1.361688,26729,0,0
75160,12,1,0,14,1,13.116249,1.361583,26729,0,0
75170,9,3,1,14,1,13.115435,1.361499,26729,0,0
75180,5,1,1,8,1,13.115910,1.361541,26733,0,0
75190,16,2,2,21,1,13.115825,1.361507,26734,0,0
75200,14,1,2,18,1,13.116355,1.361566,26734,0,0
75210,3,0,0,4,1,13.116587,1.361612,26738,0,0
75220,5,0,0,6,1,13.115453,1.361510,26738,0,0
75230,11,0,3,15,1,13.115511,1.361512,26738,0,0
75240,14,3,1,19,1,13.116281,1.361586,26743,0,0
75250,9,0,2,12,1,13.117120,1.361703,26745,0,0
75260,13,1,1,16,1,13.117568,1.361739,26745,0,0
75270,6,3,2,12,1,13.117873,1.361775,26745,0,0
75280,16,5,2,24,1,13.117707,1.361743,26745,0,0
75290,14,1,3,19,1,13.118853,1.361856,26755,0,0
75300,6,1,0,8,1,13.118542,1.361816,26755,0,0
75310,3,0,0,4,1,13.118239,1.361789,26755,0,0
75320,10,2,1,14,1,13.117644,1.361717,26755,0,0
75330,12,2,1,16,1,13.118547,1.361800,26760,0,0
75340,6,0,1,8,1,13.117462,1.361697,26760,0,0
75350,12,1,0,14,1,13.116382,1.361591,26760,0,0
75360,17,2,3,23,1,13.117642,1.361687,26769,0,0
75370,0,1,0,2,1,13.116965,1.361620,26769,0,0
75380,11,2,3,17,1,13.116556,1.361555,26769,0,0
75390,14,3,2,20,1,13.117755,1.361692,26774,0,0
75400,6,0,0,7,1,13.117105,1.361615,26774,0,0
75410,17,0,1,19,1,13.116678,1.361564,26777,0,0
75420,3,1,1,6,1,13.116190,1.361510,26777,0,0
75430,7,0,1,9,1,13.114864,1.361362,26777,0,0
75440,7,2,1,11,1,13.114366,1.361304,26777,0,0
75450,10,0,1,12,1,13.114726,1.361317,26777,0,0
75460,15,1,1,18,1,13.115308,1.361373,26777,0,0
75470,11,2,1,15,1,13.114516,1.361270,26777,0,0
75480,19,3,3,26,1,13.114304,1.361225,26777,0,0
75490,10,3,2,16,1,13.115440,1.361364,26780,0,0
75500,11,5,1,18,1,13.116172,1.361439,26780,0,0
75510,18,3,4,26,1,13.117352,1.361564,26786,0,0
75520,17,5,3,26,1,13.118312,1.361662,26795,0,0
75530,13,1,4,19,1,13.118733,1.361699,26798,0,0
75540,3,0,1,5,1,13.118588,1.361694,26798,0,0
75550,5,1,2,9,1,13.117247,1.361589,26798,0,0
75560,5,3,0,9,1,13.115934,1.361463,26798,0,0
75570,8,0,3,12,1,13.115144,1.361366,26798,0,0
75580,9,1,2,13,1,13.115294,1.361369,26799,0,0
75590,16,3,1,21,1,13.116158,1.361439,26802,0,0
75600,10,2,2,15,1,13.116844,1.361533,26812,0,0
75610,13,0,1,15,1,13.116552,1.361493,26812,0,0
75620,5,0,1,7,1,13.116452,1.361492,26812,0,0
75630,0,0,0,1,1,13.115750,1.361405,26812,0,0
75640,0,0,1,2,1,13.114761,1.361292,26812,0,0
75650,1,0,0,2,1,13.113296,1.361183,26812,0,0
75660,0,0,0,0,0,13.112223,1.361078,26812,0,0
75670,12,0,1,14,1,13.111913,1.361045,26812,0,0
75680,0,0,0,1,1,13.111790,1.361044,26812,0,0
75690,12,4,4,21,1,13.111625,1.360990,26812,0,0
75700,18,4,3,26,1,13.112892,1.361105,26823,0,0
75710,18,5,3,27,1,13.114586,1.361313,26846,0,0
75720,9,1,1,12,1,13.115419,1.361404,26849,0,0
75730,13,1,2,17,1,13.115587,1.361400,26849,0,0
75740,2,1,0,4,1,13.115656,1.361398,26849,0,0
75750,16,3,0,20,1,13.115050,1.361325,26849,0,0
75760,6,0,2,9,1,13.114897,1.361297,26849,0,0
75770,8,1,2,12,1,13.115471,1.361336,26849,0,0
75780,14,3,1,19,1,13.115905,1.361367,26849,0,0
75790,0,0,0,1,1,13.114823,1.361293,26849,0,0
75800,7,0,1,9,1,13.113632,1.361175,26849,0,0
75810,0,0,0,0,0,13.112551,1.361086,26849,0,0
75820,7,1,0,9,1,13.111414,1.360961,26849,0,0
75830,1,0,1,3,1,13.111206,1.360953,26849,0,0
75840,10,1,2,14,1,13.110063,1.360845,26849,0,0
75850,8,1,2,12,1,13.110330,1.360882,26849,0,0
75860,13,0,1,15,1,13.111174,1.360941,26850,0,0
75870,3,1,0,5,1,13.110924,1.360904,26850,0,0
75880,0,0,0,0,0,13.109859,1.360813,26850,0,0
75890,20,0,1,22,1,13.108729,1.360683,26855,0,0
75900,11,3,3,18,1,13.109815,1.360791,26860,0,0
75910,0,1,0,2,1,13.110411,1.360874,26878,0,0
75920,12,1,1,15,1,13.109548,1.360770,26878,0,0
75930,10,2,2,15,1,13.109935,1.360813,26878,0,0
75940,4,1,1,7,1,13.109829,1.360797,26878,0,0
75950,15,3,2,21,1,13.109553,1.360732,26878,0,0
75960,7,1,0,9,1,13.110169,1.360804,26878,0,0
75970,0,0,0,1,1,13.108881,1.360674,26878,0,0
75980,13,1,2,17,1,13.107869,1.360581,26878,0,0
75990,9,0,0,10,1,13.107106,1.360517,26878,0,0
76000,0,0,0,0,0,13.106432,1.360439,26878,0,0
76010,2,0,0,3,1,13.106019,1.360398,26878,0,0
76020,10,2,4,17,1,13.106461,1.360413,26878,0,0
76030,11,0,0,12,1,13.106926,1.360457,26878,0,0
76040,20,4,5,30,1,13.107594,1.360510,26885,0,0
76050,17,2,0,20,1,13.108802,1.360642,26898,0,0
76060,13,2,2,18,1,13.109952,1.360765,26904,0,0
76070,19,6,6,32,1,13.111339,1.360910,26930,0,0
76080,4,0,1,6,1,13.111127,1.360918,26936,0,0
76090,3,1,0,5,1,13.109951,1.360801,26936,0,0
76100,3,3,1,8,1,13.109267,1.360730,26936,0,0
76110,6,0,0,7,1,13.107891,1.360586,26936,0,0
76120,5,2,2,10,1,13.107352,1.360531,26936,0,0
76130,16,3,5,25,1,13.107903,1.360555,26936,0,0
76140,17,2,1,21,1,13.109336,1.360727,26955,0,0
76150,10,3,1,15,1,13.110263,1.360857,26965,0,0
76160,3,0,0,4,1,13.109662,1.360803,26965,0,0
76170,3,2,0,6,1,13.108434,1.360693,26965,0,0
76180,16,1,5,23,1,13.108045,1.360631,26965,0,0
76190,14,3,0,18,1,13.109493,1.360806,26976,0,0
76200,16,1,3,21,1,13.109912,1.360839,26978,0,0
76210,20,7,6,34,1,13.111415,1.360977,26995,0,0
76220,17,1,0,19,1,13.112739,1.361098,27008,0,0
76230,13,1,4,19,1,13.113508,1.361195,27015,0,0
76240,2,0,0,3,1,13.113207,1.361179,27015,0,0
76250,7,0,0,8,1,13.112217,1.361079,27015,0,0
76260,15,0,1,17,1,13.112073,1.361054,27016,0,0
76270,0,0,0,0,0,13.110983,1.360956,27016,0,0
76280,9,2,2,14,1,13.110046,1.360845,27016,0,0
76290,19,2,1,23,1,13.110706,1.360893,27019,0,0
76300,14,2,0,17,1,13.111803,1.361012,27034,0,0
76310,7,0,3,11,1,13.112401,1.361072,27034,0,0
76320,15,4,0,20,1,13.111716,1.361006,27034,0,0
76330,4,0,0,5,1,13.112405,1.361104,27034,0,0
76340,1,0,0,2,1,13.111668,1.361020,27034,0,0
76350,0,0,0,1,1,13.110455,1.360906,27034,0,0
76360,16,2,7,26,1,13.110501,1.360884,27044,0,0
76370,16,1,0,18,1,13.111191,1.360952,27044,0,0
76380,1,0,1,3,1,13.110387,1.360888,27044,0,0
76390,7,2,2,12,1,13.109282,1.360778,27044,0,0
76400,3,0,0,4,1,13.108400,1.360674,27044,0,0
76410,18,2,2,23,1,13.107782,1.360594,27044,0,0
76420,0,0,0,0,0,13.107715,1.360611,27059,0,0
76430,11,0,2,14,1,13.106977,1.360532,27059,0,0
76440,13,3,1,18,1,13.107262,1.360549,27059,0,0
76450,9,0,1,11,1,13.107946,1.360611,27061,0,0
76460,13,5,4,23,1,13.107578,1.360568,27061,0,0
76470,11,2,0,14,1,13.108665,1.360680,27062,0,0
76480,2,1,0,4,1,13.108278,1.360661,27062,0,0
76490,12,1,2,16,1,13.107532,1.360576,27062,0,0
76500,18,2,6,27,1,13.108639,1.360692,27075,0,0
76510,18,2,3,24,1,13.110495,1.360893,27098,0,0
76520,8,1,0,10,1,13.110937,1.360956,27104,0,0
76530,2,0,0,3,1,13.109957,1.360856,27104,0,0
76540,19,2,4,26,1,13.110807,1.360925,27122,0,0
76550,8,0,1,10,1,13.110805,1.360935,27128,0,0
76560,17,2,3,23,1,13.110972,1.360927,27129,0,0
76570,1,0,0,2,1,13.110152,1.360837,27129,0,0
76580,19,5,1,26,1,13.109961,1.360810,27130,0,0
76590,13,0,1,15,1,13.111380,1.360973,27149,0,0
76600,20,5,4,30,1,13.112429,1.361058,27156,0,0
76610,14,3,1,19,1,13.113116,1.361108,27159,0,0
76620,9,0,3,13,1,13.114506,1.361271,27173,0,0
76630,0,0,0,1,1,13.113665,1.361207,27173,0,0
76640,12,1,0,14,1,13.112646,1.361085,27173,0,0
76650,15,2,5,23,1,13.114050,1.361200,27188,0,0
76660,18,1,3,23,1,13.114902,1.361310,27197,0,0
76670,0,0,0,1,1,13.115121,1.361357,27205,0,0
76680,16,5,4,26,1,13.115491,1.361370,27205,0,0
76690,0,0,0,1,1,13.115888,1.361427,27206,0,0
76700,3,1,0,5,1,13.115023,1.361323,27206,0,0
76710,4,3,0,8,1,13.113957,1.361196,27206,0,0
76720,11,1,2,15,1,13.113489,1.361139,27206,0,0
76730,2,1,0,4,1,13.112811,1.361049,27206,0,0
76740,6,0,0,7,1,13.112391,1.360988,27206,0,0
76750,12,3,0,16,1,13.111659,1.360907,27206,0,0
76760,15,5,1,22,1,13.112973,1.361053,27228,0,0
76770,11,1,0,13,1,13.114349,1.361219,27236,0,0
76780,16,1,1,19,1,13.114773,1.361241,27238,0,0
76790,17,3,1,22,1,13.115145,1.361280,27238,0,0
76800,18,0,2,21,1,13.116308,1.361407,27243,0,0
76810,8,0,0,9,1,13.116254,1.361399,27243,0,0
76820,0,0,0,1,1,13.115306,1.361328,27243,0,0
76830,11,0,2,14,1,13.114143,1.361212,27243,0,0
76840,4,2,0,7,1,13.113480,1.361157,27243,0,0
76850,17,1,3,22,1,13.113689,1.361166,27243,0,0
76860,2,2,0,5,1,13.114754,1.361274,27252,0,0
76870,16,1,3,21,1,13.114592,1.361234,27252,0,0
76880,10,2,1,14,1,13.115900,1.361374,27260,0,0
76890,17,3,2,23,1,13.117013,1.361497,27269,0,0
76900,6,1,1,9,1,13.117214,1.361544,27270,0,0
76910,19,1,1,22,1,13.117121,1.361499,27273,0,0
76920,2,0,1,4,1,13.116516,1.361455,27273,0,0
76930,11,1,0,13,1,13.115785,1.361369,27273,0,0
76940,2,1,0,4,1,13.115872,1.361400,27273,0,0
76950,13,1,5,20,1,13.115434,1.361335,27273,0,0
76960,1,1,1,4,1,13.114992,1.361290,27273,0,0
76970,8,2,1,12,1,13.114330,1.361216,27273,0,0
76980,0,0,0,0,0,13.113315,1.361115,27273,0,0
76990,15,4,1,21,1,13.112653,1.361045,27273,0,0
77000,16,0,0,17,1,13.113497,1.361128,27273,0,0
77010,4,0,0,5,1,13.113194,1.361075,27273,0,0
77020,4,0,0,5,1,13.112046,1.360977,27273,0,0
77030,9,2,3,15,1,13.111313,1.360872,27273,0,0
77040,0,1,0,2,1,13.110657,1.360838,27273,0,0
77050,5,1,0,7,1,13.110064,1.360755,27273,0,0
77060,1,1,0,3,1,13.108881,1.360658,27273,0,0
77070,0,0,0,1,1,13.107591,1.360532,27273,0,0
77080,7,0,1,9,1,13.106353,1.360381,27273,0,0
77090,15,3,1,20,1,13.107370,1.360494,27281,0,0
77100,6,1,0,8,1,13.106909,1.360463,27281,0,0
77110,1,0,0,2,1,13.105842,1.360379,27281,0,0
77120,4,1,0,6,1,13.104788,1.360272,27281,0,0
77130,4,0,0,5,1,13.104158,1.360187,27281,0,0
77140,6,3,1,11,1,13.103477,1.360099,27281,0,0
77150,1,1,0,3,1,13.103265,1.360077,27281,0,0
77160,7,2,3,13,1,13.103251,1.360051,27281,0,0
77170,20,1,6,28,1,13.103987,1.360122,27287,0,0
77180,6,0,0,7,1,13.103790,1.360121,27287,0,0
77190,6,2,2,11,1,13.103074,1.360011,27287,0,0
77200,9,0,0,10,1,13.102048,1.359901,27287,0,0
77210,0,0,0,0,0,13.101104,1.359806,27287,0,0
77220,4,0,0,5,1,13.100121,1.359695,27287,0,0
77230,4,0,3,8,1,13.099290,1.359626,27287,0,0
77240,10,1,0,12,1,13.098147,1.359490,27287,0,0
77250,19,2,2,24,1,13.099620,1.359638,27310,0,0
77260,7,1,1,10,1,13.100115,1.359704,27310,0,0
77270,11,2,0,14,1,13.099796,1.359686,27310,0,0
77280,14,2,3,20,1,13.100855,1.359788,27318,0,0
77290,19,7,4,31,1,13.102230,1.359948,27336,0,0
77300,13,2,1,17,1,13.103639,1.360126,27343,0,0
77310,14,0,0,15,1,13.104238,1.360183,27343,0,0
77320,3,0,1,5,1,13.103344,1.360100,27343,0,0
77330,2,0,0,3,1,13.102504,1.360024,27343,0,0
77340,2,0,0,3,1,13.101860,1.359967,27343,0,0
77350,13,1,2,17,1,13.101267,1.359895,27343,0,0
77360,20,4,2,27,1,13.102142,1.359965,27353,0,0
77370,16,0,2,19,1,13.103660,1.360170,27371,0,0
77380,6,5,1,13,1,13.103255,1.360131,27371,0,0
77390,17,0,1,19,1,13.103577,1.360163,27371,0,0
77400,11,2,1,15,1,13.104676,1.360303,27377,0,0
77410,3,2,0,6,1,13.103569,1.360180,27377,0,0
77420,11,1,3,16,1,13.102866,1.360111,27377,0,0
77430,20,4,2,27,1,13.103538,1.360147,27380,0,0
77440,12,3,0,16,1,13.104349,1.360259,27393,0,0
77450,18,4,3,26,1,13.104973,1.360323,27401,0,0
77460,5,1,0,7,1,13.105175,1.360371,27407,0,0
77470,7,0,0,8,1,13.104116,1.360273,27407,0,0
77480,4,0,0,5,1,13.103258,1.360165,27407,0,0
77490,13,1,0,15,1,13.102251,1.360046,27407,0,0
77500,16,2,5,24,1,13.103043,1.360114,27414,0,0
77510,5,0,0,6,1,13.103641,1.360183,27425,0,0
77520,1,0,0,2,1,13.102898,1.360111,27425,0,0
77530,0,0,0,1,1,13.101613,1.359984,27425,0,0
77540,10,2,0,13,1,13.100964,1.359917,27425,0,0
77550,18,3,1,23,1,13.101157,1.359940,27425,0,0
77560,14,1,2,18,1,13.100819,1.359909,27425,0,0
77570,17,1,3,22,1,13.102170,1.360077,27433,0,0
77580,17,1,4,23,1,13.103695,1.360238,27463,0,0
77590,13,0,2,16,1,13.104892,1.360379,27466,0,0
77600,9,0,0,10,1,13.105142,1.360402,27468,0,0
77610,13,0,1,15,1,13.105612,1.360448,27473,0,0
77620,12,2,2,17,1,13.106359,1.360531,27476,0,0
77630,6,0,0,7,1,13.105954,1.360481,27476,0,0
77640,12,0,0,13,1,13.105606,1.360416,27476,0,0
77650,10,2,0,13,1,13.105881,1.360442,27478,0,0
77660,9,1,4,15,1,13.106490,1.360522,27478,0,0
77670,4,0,0,5,1,13.106145,1.360485,27478,0,0
77680,3,3,2,9,1,13.105045,1.360390,27478,0,0
77690,18,3,2,24,1,13.105739,1.360442,27481,0,0
77700,6,3,3,13,1,13.106751,1.360559,27486,0,0
77710,14,4,1,20,1,13.107746,1.360655,27491,0,0
77720,18,6,0,25,1,13.108791,1.360764,27502,0,0
77730,4,2,0,7,1,13.109707,1.360867,27523,0,0
77740,14,0,2,17,1,13.109871,1.360874,27525,0,0
77750,15,3,5,24,1,13.111048,1.360995,27536,0,0
77760,15,3,3,22,1,13.112142,1.361122,27540,0,0
77770,9,0,3,13,1,13.113154,1.361202,27550,0,0
77780,0,0,0,0,0,13.112727,1.361184,27550,0,0
77790,2,1,1,5,1,13.111273,1.361055,27550,0,0
77800,7,0,0,8,1,13.110544,1.360966,27550,0,0
77810,0,0,0,1,1,13.110177,1.360932,27550,0,0
77820,8,4,0,13,1,13.109524,1.360857,27550,0,0
77830,8,4,0,13,1,13.109548,1.360839,27550,0,0
77840,7,0,1,9,1,13.109358,1.360825,27550,0,0
77850,10,1,1,13,1,13.109477,1.360822,27550,0,0
77860,9,2,1,13,1,13.109912,1.360862,27550,0,0
77870,3,0,0,4,1,13.109248,1.360814,27550,0,0
77880,13,1,1,16,1,13.108268,1.360711,27550,0,0
77890,4,0,1,6,1,13.107544,1.360645,27550,0,0
77900,17,2,0,20,1,13.107471,1.360595,27552,0,0
77910,11,2,1,15,1,13.107810,1.360623,27552,0,0
77920,0,0,0,0,0,13.106969,1.360517,27552,0,0
77930,18,2,2,23,1,13.106701,1.360457,27554,0,0
77940,13,1,1,16,1,13.106653,1.360472,27554,0,0
77950,10,1,0,12,1,13.106720,1.360489,27554,0,0
77960,10,1,2,14,1,13.106103,1.360409,27554,0,0
77970,19,2,2,24,1,13.107184,1.360519,27562,0,0
77980,0,0,0,0,0,13.106643,1.360476,27562,0,0
77990,4,2,0,7,1,13.105530,1.360357,27562,0,0
78000,2,1,2,6,1,13.104181,1.360230,27562,0,0
78010,1,0,0,2,1,13.103293,1.360133,27562,0,0
78020,0,0,0,0,0,13.102094,1.360024,27562,0,0
78030,19,2,1,23,1,13.102684,1.360059,27565,0,0
78040,9,3,2,15,1,13.102876,1.360070,27565,0,0
78050,7,1,0,9,1,13.102173,1.360007,27565,0,0
78060,3,0,0,4,1,13.101453,1.359935,27565,0,0
78070,4,2,0,7,1,13.100718,1.359854,27565,0,0
78080,19,5,3,28,1,13.100848,1.359871,27571,0,0
78090,5,2,0,8,1,13.101447,1.359963,27574,0,0
78100,13,1,1,16,1,13.101067,1.359906,27574,0,0
78110,12,2,1,16,1,13.100955,1.359893,27574,0,0
78120,19,3,2,25,1,13.101873,1.359978,27581,0,0
78130,8,1,0,10,1,13.103129,1.360133,27597,0,0
78140,3,1,2,7,1,13.103219,1.360141,27597,0,0
78150,0,0,0,1,1,13.102697,1.360091,27597,0,0
78160,15,1,2,19,1,13.102239,1.360040,27597,0,0
78170,5,1,0,7,1,13.101925,1.360019,27597,0,0
78180,0,0,0,1,1,13.100658,1.359881,27597,0,0
78190,12,2,2,17,1,13.100511,1.359845,27597,0,0
78200,3,0,0,4,1,13.099801,1.359783,27597,0,0
78210,5,1,0,7,1,13.098675,1.359683,27597,0,0
78220,7,1,1,10,1,13.098212,1.359624,27597,0,0
78230,6,1,1,9,1,13.098366,1.359619,27597,0,0
78240,18,1,4,24,1,13.099126,1.359668,27600,0,0
78250,14,2,0,17,1,13.100198,1.359785,27609,0,0
78260,12,1,1,15,1,13.099933,1.359778,27609,0,0
78270,18,2,3,24,1,13.100645,1.359822,27611,0,0
78280,11,1,5,18,1,13.101000,1.359865,27617,0,0
78290,18,4,2,25,1,13.102179,1.359992,27629,0,0
78300,0,0,0,1,1,13.102328,1.360022,27632,0,0
78310,20,1,3,25,1,13.102492,1.360029,27637,0,0
78320,19,8,1,29,1,13.103083,1.360075,27639,0,0
78330,20,4,4,29,1,13.104280,1.360203,27654,0,0
78340,16,2,0,19,1,13.105810,1.360391,27677,0,0
78350,19,1,3,24,1,13.106743,1.360471,27690,0,0
78360,19,4,2,26,1,13.108389,1.360677,27707,0,0
78370,11,2,2,16,1,13.108724,1.360725,27711,0,0
78380,15,1,3,20,1,13.109404,1.360789,27714,0,0
78390,18,1,4,24,1,13.110546,1.360919,27720,0,0
78400,9,2,3,15,1,13.111394,1.361025,27721,0,0
78410,6,0,2,9,1,13.111314,1.360994,27721,0,0
78420,5,0,0,6,1,13.110501,1.360916,27721,0,0
78430,15,2,1,19,1,13.109679,1.360815,27721,0,0
78440,11,1,2,15,1,13.110210,1.360863,27722,0,0
78450,14,0,0,15,1,13.110852,1.360923,27729,0,0
78460,10,0,5,16,1,13.111046,1.360953,27730,0,0
78470,6,2,0,9,1,13.110541,1.360901,27730,0,0
78480,10,2,1,14,1,13.110165,1.360848,27730,0,0
78490,18,1,3,23,1,13.111167,1.360973,27732,0,0
78500,6,2,0,9,1,13.111073,1.360955,27739,0,0
78510,10,2,1,14,1,13.111864,1.361007,27746,0,0
78520,0,0,0,0,0,13.111870,1.361010,27746,0,0
78530,6,1,0,8,1,13.110933,1.360897,27746,0,0
78540,8,2,2,13,1,13.110549,1.360836,27746,0,0
78550,20,6,1,28,1,13.111634,1.360949,27754,0,0
78560,10,2,0,13,1,13.112737,1.361081,27767,0,0
78570,1,0,0,2,1,13.112048,1.361001,27767,0,0
78580,19,1,1,22,1,13.111577,1.360931,27771,0,0
78590,8,0,0,9,1,13.112375,1.361014,27782,0,0
78600,20,3,4,28,1,13.113179,1.361079,27801,0,0
78610,6,0,3,10,1,13.113058,1.361069,27808,0,0
78620,1,0,1,3,1,13.112202,1.360970,27808,0,0
78630,0,0,0,0,0,13.111441,1.360886,27808,0,0
78640,9,1,0,11,1,13.110899,1.360825,27808,0,0
78650,1,0,1,3,1,13.109962,1.360726,27808,0,0
78660,9,1,0,11,1,13.108780,1.360588,27808,0,0
78670,10,0,0,11,1,13.108723,1.360601,27808,0,0
78680,8,1,0,10,1,13.108758,1.360600,27810,0,0
78690,6,1,3,11,1,13.107967,1.360518,27810,0,0
78700,5,2,0,8,1,13.108631,1.360582,27811,0,0
78710,3,1,0,5,1,13.108312,1.360544,27811,0,0
78720,10,2,3,16,1,13.108395,1.360511,27811,0,0
78730,11,1,0,13,1,13.108898,1.360562,27811,0,0
78740,9,2,0,12,1,13.107797,1.360452,27811,0,0
78750,6,1,0,8,1,13.108406,1.360506,27814,0,0
78760,1,1,0,3,1,13.108119,1.360481,27814,0,0
78770,8,0,0,9,1,13.107172,1.360387,27814,0,0
78780,5,3,3,12,1,13.106962,1.360360,27814,0,0
78790,14,3,2,20,1,13.107773,1.360422,27819,0,0
78800,5,0,1,7,1,13.107154,1.360376,27819,0,0
78810,5,1,1,8,1,13.106357,1.360290,27819,0,0
78820,11,0,1,13,1,13.106224,1.360261,27819,0,0
78830,1,0,0,2,1,13.105082,1.360166,27819,0,0
78840,15,2,3,21,1,13.105295,1.360166,27820,0,0
78850,8,5,4,18,1,13.105630,1.360194,27820,0,0
78860,9,1,1,12,1,13.106539,1.360259,27828,0,0
78870,0,0,0,0,0,13.106394,1.360259,27828,0,0
78880,8,0,0,9,1,13.105259,1.360149,27828,0,0
78890,17,2,3,23,1,13.106230,1.360225,27833,0,0
78900,0,0,0,0,0,13.106368,1.360267,27836,0,0
78910,6,2,2,11,1,13.105615,1.360209,27836,0,0
78920,4,1,2,8,1,13.106068,1.360253,27836,0,0
78930,0,0,0,1,1,13.105714,1.360222,27836,0,0
78940,2,0,2,5,1,13.104666,1.360105,27836,0,0
78950,3,1,0,5,1,13.103317,1.359994,27836,0,0
78960,5,1,0,7,1,13.102605,1.359925,27836,0,0
78970,6,0,0,7,1,13.102803,1.359949,27838,0,0
78980,5,0,0,6,1,13.101665,1.359843,27838,0,0
78990,8,2,0,11,1,13.101357,1.359795,27838,0,0
79000,5,1,0,7,1,13.100878,1.359734,27838,0,0
79010,11,1,0,13,1,13.099904,1.359633,27838,0,0
79020,2,1,1,5,1,13.099998,1.359642,27838,0,0
79030,2,0,0,3,1,13.099074,1.359532,27838,0,0
79040,11,1,2,15,1,13.099026,1.359506,27838,0,0
79050,0,0,0,1,1,13.099147,1.359528,27838,0,0
79060,8,0,3,12,1,13.098172,1.359423,27838,0,0
79070,2,0,1,4,1,13.097414,1.359348,27838,0,0
79080,8,0,5,14,1,13.097064,1.359307,27838,0,0
79090,16,2,3,22,1,13.097012,1.359295,27838,0,0
79100,12,3,1,17,1,13.098435,1.359438,27840,0,0
79110,20,3,3,27,1,13.099631,1.359563,27849,0,0
79120,9,0,1,11,1,13.100642,1.359679,27862,0,0
79130,8,1,0,10,1,13.100843,1.359683,27862,0,0
79140,0,0,0,1,1,13.100069,1.359607,27862,0,0
79150,2,0,0,3,1,13.098802,1.359478,27862,0,0
79160,10,1,1,13,1,13.098836,1.359469,27869,0,0
79170,0,0,0,1,1,13.097759,1.359362,27869,0,0
79180,14,0,3,18,1,13.097093,1.359293,27875,0,0
79190,12,4,1,18,1,13.098330,1.359438,27892,0,0
79200,18,2,1,22,1,13.099331,1.359525,27892,0,0
79210,4,0,0,5,1,13.099856,1.359600,27903,0,0
79220,9,0,0,10,1,13.099023,1.359512,27903,0,0
79230,0,0,0,0,0,13.098457,1.359461,27903,0,0
79240,12,0,1,14,1,13.097827,1.359368,27903,0,0
79250,10,3,3,17,1,13.097905,1.359339,27903,0,0
79260,14,3,2,20,1,13.098011,1.359320,27903,0,0
79270,15,4,3,23,1,13.098612,1.359385,27903,0,0
79280,20,3,3,27,1,13.100225,1.359562,27921,0,0
79290,4,0,1,6,1,13.100225,1.359575,27921,0,0
79300,12,1,2,16,1,13.099185,1.359459,27921,0,0
79310,9,1,3,14,1,13.099674,1.359498,27921,0,0
79320,3,0,0,4,1,13.099589,1.359493,27921,0,0
79330,18,4,0,23,1,13.099599,1.359458,27921,0,0
79340,19,4,5,29,1,13.100946,1.359612,27948,0,0
79350,14,2,0,17,1,13.102040,1.359771,27956,0,0
79360,12,3,0,16,1,13.102763,1.359834,27958,0,0
79370,11,0,2,14,1,13.102028,1.359785,27958,0,0
79380,9,1,1,12,1,13.100935,1.359664,27958,0,0
79390,6,0,0,7,1,13.100252,1.359600,27958,0,0
79400,10,0,1,12,1,13.099622,1.359536,27958,0,0
79410,15,3,1,20,1,13.099386,1.359485,27958,0,0
79420,13,1,0,15,1,13.100467,1.359603,27973,0,0
79430,0,0,0,1,1,13.099647,1.359529,27973,0,0
79440,6,0,1,8,1,13.098729,1.359419,27973,0,0
79450,6,1,0,8,1,13.098556,1.359396,27973,0,0
79460,15,2,1,19,1,13.098782,1.359417,27973,0,0
79470,19,5,2,27,1,13.099791,1.359522,27980,0,0
79480,6,1,1,9,1,13.100174,1.359568,27984,0,0
79490,12,1,1,15,1,13.099656,1.359495,27984,0,0
79500,7,3,0,11,1,13.098845,1.359420,27984,0,0
79510,3,0,1,5,1,13.098324,1.359378,27984,0,0
79520,6,0,1,8,1,13.096990,1.359268,27984,0,0
79530,5,0,0,6,1,13.096144,1.359178,27984,0,0
79540,12,3,2,18,1,13.095605,1.359131,27984,0,0
79550,17,1,1,20,1,13.096825,1.359251,27989,0,0
79560,17,0,2,20,1,13.097609,1.359330,27997,0,0
79570,8,0,3,12,1,13.097761,1.359343,28002,0,0
79580,14,1,0,16,1,13.098116,1.359371,28006,0,0
79590,18,4,1,24,1,13.099088,1.359460,28007,0,0
79600,0,0,0,0,0,13.098896,1.359475,28007,0,0
79610,1,0,1,3,1,13.097755,1.359357,28007,0,0
79620,14,0,0,15,1,13.097597,1.359323,28007,0,0
79630,17,5,2,25,1,13.098845,1.359446,28017,0,0
79640,13,3,2,19,1,13.099631,1.359521,28025,0,0
79650,7,1,0,9,1,13.099900,1.359527,28026,0,0
79660,3,1,2,7,1,13.099022,1.359433,28026,0,0
79670,0,0,0,0,0,13.097764,1.359346,28026,0,0
79680,2,0,1,4,1,13.097054,1.359280,28026,0,0
79690,0,0,0,1,1,13.095715,1.359177,28026,0,0
79700,3,1,2,7,1,13.094495,1.359054,28026,0,0
79710,0,0,0,0,0,13.093753,1.358987,28026,0,0
79720,10,1,2,14,1,13.092705,1.358868,28026,0,0
79730,6,0,0,7,1,13.092456,1.358837,28026,0,0
79740,6,0,1,8,1,13.091796,1.358759,28026,0,0
79750,0,0,0,0,0,13.090669,1.358642,28026,0,0
79760,2,2,1,6,1,13.090153,1.358597,28026,0,0
79770,2,0,0,3,1,13.089024,1.358494,28026,0,0
79780,0,0,0,1,1,13.087707,1.358349,28026,0,0
79790,17,1,2,21,1,13.087787,1.358358,28026,0,0
79800,15,0,0,16,1,13.088383,1.358421,28026,0,0
79810,4,1,0,6,1,13.087579,1.358366,28026,0,0
79820,12,0,0,13,1,13.086951,1.358300,28026,0,0
79830,0,1,0,2,1,13.086460,1.358262,28026,0,0
79840,0,0,0,0,0,13.085328,1.358145,28026,0,0
79850,20,1,5,27,1,13.085351,1.358113,28030,0,0
79860,14,5,4,24,1,13.086949,1.358295,28036,0,0
79870,15,0,5,21,1,13.088187,1.358431,28045,0,0
79880,14,0,0,15,1,13.088673,1.358487,28045,0,0
79890,4,1,2,8,1,13.088692,1.358504,28045,0,0
79900,0,0,0,0,0,13.088247,1.358475,28045,0,0
79910,9,3,2,15,1,13.087378,1.358365,28045,0,0
79920,9,2,0,12,1,13.087702,1.358405,28045,0,0
79930,3,1,1,6,1,13.087358,1.358372,28045,0,0
79940,3,0,0,4,1,13.085998,1.358231,28045,0,0
79950,1,0,0,2,1,13.084844,1.358123,28045,0,0
79960,18,0,0,19,1,13.084246,1.358031,28045,0,0
79970,19,1,5,26,1,13.085315,1.358134,28051,0,0
79980,20,3,1,25,1,13.086922,1.358314,28070,0,0
79990,10,0,1,12,1,13.087907,1.358416,28074,0,0
80000,4,0,0,5,1,13.086850,1.358316,28074,0,0
80010,9,4,1,15,1,13.086388,1.358271,28074,0,0
80020,13,1,2,17,1,13.087582,1.358392,28082,0,0
80030,11,1,0,13,1,13.086981,1.358309,28082,0,0
80040,10,1,0,12,1,13.087167,1.358332,28082,0,0
80050,15,1,1,18,1,13.087934,1.358421,28084,0,0
80060,13,2,3,19,1,13.087279,1.358340,28084,0,0
80070,0,0,0,0,0,13.087382,1.358367,28086,0,0
80080,0,0,0,1,1,13.086273,1.358270,28086,0,0
80090,0,0,0,0,0,13.085807,1.358226,28086,0,0
80100,20,6,3,30,1,13.086581,1.358287,28097,0,0
80110,7,1,0,9,1,13.086156,1.358283,28099,0,0
80120,10,1,2,14,1,13.086415,1.358303,28099,0,0
80130,0,0,0,0,0,13.085998,1.358274,28099,0,0
80140,10,1,0,12,1,13.085228,1.358192,28099,0,0
80150,11,3,0,15,1,13.084858,1.358127,28099,0,0
80160,1,1,2,5,1,13.085154,1.358157,28104,0,0
80170,4,2,0,7,1,13.084349,1.358034,28104,0,0
80180,3,0,0,4,1,13.084313,1.358013,28104,0,0
80190,13,1,2,17,1,13.084480,1.358015,28108,0,0
80200,20,0,4,25,1,13.085246,1.358072,28114,0,0
80210,0,0,0,1,1,13.084841,1.358062,28116,0,0
80220,2,0,0,3,1,13.084532,1.358015,28116,0,0
80230,9,1,2,13,1,13.083841,1.357955,28116,0,0
80240,0,0,0,1,1,13.084026,1.357988,28116,0,0
80250,9,1,3,14,1,13.082915,1.357874,28116,0,0
80260,5,4,0,10,1,13.081795,1.357762,28116,0,0
80270,13,4,1,19,1,13.082228,1.357770,28116,0,0
80280,3,1,0,5,1,13.082177,1.357781,28116,0,0
80290,1,0,0,2,1,13.081769,1.357748,28116,0,0
80300,14,2,2,19,1,13.081540,1.357731,28119,0,0
80310,13,2,0,16,1,13.082334,1.357807,28125,0,0
80320,10,2,0,13,1,13.082881,1.357832,28125,0,0
80330,20,3,2,26,1,13.083537,1.357864,28128,0,0
80340,8,1,2,12,1,13.084306,1.357955,28136,0,0
80350,15,2,1,19,1,13.084261,1.357948,28136,0,0
80360,17,1,1,20,1,13.084399,1.357956,28136,0,0
80370,11,5,3,20,1,13.085768,1.358093,28145,0,0
80380,8,1,1,11,1,13.085632,1.358087,28145,0,0
80390,10,2,0,13,1,13.085338,1.358050,28145,0,0
80400,14,3,1,19,1,13.085857,1.358094,28148,0,0
80410,13,2,3,19,1,13.086309,1.358148,28150,0,0
80420,17,3,5,26,1,13.087762,1.358312,28177,0,0
80430,15,3,1,20,1,13.089321,1.358499,28205,0,0
80440,16,0,1,18,1,13.090381,1.358602,28218,0,0
80450,11,1,0,13,1,13.090885,1.358638,28218,0,0
80460,7,1,0,9,1,13.089943,1.358544,28218,0,0
80470,14,1,4,20,1,13.090400,1.358592,28218,0,0
80480,1,3,0,5,1,13.089463,1.358527,28218,0,0
80490,9,2,1,13,1,13.090395,1.358619,28231,0,0
80500,6,3,0,10,1,13.090564,1.358646,28233,0,0
80510,16,4,4,25,1,13.090699,1.358647,28233,0,0
80520,8,1,1,11,1,13.091490,1.358754,28243,0,0
80530,3,0,0,4,1,13.090998,1.358695,28243,0,0
80540,2,2,0,5,1,13.091207,1.358696,28244,0,0
80550,6,0,1,8,1,13.090276,1.358605,28244,0,0
80560,16,1,4,22,1,13.090196,1.358599,28244,0,0
80570,19,1,1,22,1,13.091556,1.358745,28258,0,0
80580,16,5,4,26,1,13.092867,1.358892,28270,0,0
80590,0,0,0,0,0,13.093019,1.358919,28270,0,0
80600,3,0,1,5,1,13.091882,1.358817,28270,0,0
80610,6,2,1,10,1,13.090926,1.358710,28270,0,0
80620,8,1,0,10,1,13.090515,1.358626,28270,0,0
80630,9,1,1,12,1,13.089527,1.358512,28270,0,0
80640,15,1,1,18,1,13.089926,1.358541,28272,0,0
80650,0,0,0,0,0,13.089809,1.358533,28272,0,0
80660,1,0,0,2,1,13.088562,1.358404,28272,0,0
80670,5,1,0,7,1,13.087480,1.358286,28272,0,0
80680,14,2,0,17,1,13.086924,1.358202,28272,0,0
80690,18,1,3,23,1,13.088170,1.358324,28276,0,0
80700,5,0,1,7,1,13.088664,1.358398,28276,0,0
80710,9,2,0,12,1,13.088626,1.358383,28276,0,0
80720,8,1,0,10,1,13.087972,1.358321,28276,0,0
80730,3,1,0,5,1,13.087716,1.358279,28276,0,0
80740,8,1,1,11,1,13.087365,1.358247,28276,0,0
80750,12,0,2,15,1,13.086478,1.358148,28276,0,0
80760,15,2,2,20,1,13.087307,1.358211,28278,0,0
80770,17,0,2,20,1,13.088377,1.358327,28294,0,0
80780,3,0,0,4,1,13.088032,1.358308,28294,0,0
80790,2,0,0,3,1,13.086843,1.358197,28294,0,0
80800,2,1,0,4,1,13.085908,1.358105,28294,0,0
80810,5,0,1,7,1,13.085447,1.358056,28294,0,0
80820,5,0,2,8,1,13.084435,1.357918,28294,0,0
80830,5,1,0,7,1,13.083510,1.357816,28294,0,0
80840,14,4,0,19,1,13.083518,1.357812,28298,0,0
80850,11,1,4,17,1,13.083975,1.357853,28298,0,0
80860,14,3,1,19,1,13.084124,1.357841,28298,0,0
80870,18,0,1,20,1,13.085163,1.357946,28305,0,0
80880,4,3,0,8,1,13.084777,1.357912,28305,0,0
80890,3,0,0,4,1,13.084324,1.357855,28305,0,0
80900,4,1,2,8,1,13.083158,1.357759,28305,0,0
80910,4,3,0,8,1,13.082581,1.357705,28305,0,0
80920,11,1,3,16,1,13.081649,1.357616,28305,0,0
80930,0,0,0,0,0,13.080830,1.357545,28305,0,0
80940,10,4,4,19,1,13.080543,1.357483,28305,0,0
80950,5,2,1,9,1,13.079806,1.357426,28305,0,0
80960,6,0,1,8,1,13.078873,1.357344,28305,0,0
80970,10,1,2,14,1,13.079614,1.357415,28309,0,0
80980,6,0,1,8,1,13.079586,1.357419,28310,0,0
80990,0,0,0,1,1,13.078851,1.357337,28310,0,0
81000,5,0,1,7,1,13.077909,1.357212,28310,0,0
81010,6,0,0,7,1,13.077013,1.357126,28310,0,0
81020,18,1,1,21,1,13.076485,1.357029,28310,0,0
81030,15,2,0,18,1,13.077560,1.357139,28317,0,0
81040,0,0,0,1,1,13.077522,1.357141,28320,0,0
81050,20,2,2,25,1,13.077244,1.357078,28321,0,0
81060,19,0,4,24,1,13.078189,1.357173,28328,0,0
81070,20,2,1,24,1,13.079771,1.357375,28361,0,0
81080,5,2,0,8,1,13.080112,1.357397,28363,0,0
81090,6,1,1,9,1,13.079402,1.357313,28363,0,0
81100,4,0,0,5,1,13.078060,1.357202,28363,0,0
81110,1,0,0,2,1,13.077316,1.357121,28363,0,0
81120,12,0,3,16,1,13.076501,1.357014,28363,0,0
81130,11,2,3,17,1,13.077540,1.357124,28371,0,0
81140,16,1,4,22,1,13.077622,1.357127,28371,0,0
81150,20,1,2,24,1,13.077930,1.357131,28376,0,0
81160,16,1,1,19,1,13.079483,1.357307,28408,0,0
81170,2,0,0,3,1,13.079157,1.357277,28411,0,0
81180,7,1,0,9,1,13.077962,1.357180,28411,0,0
81190,5,1,1,8,1,13.076844,1.357068,28411,0,0
81200,15,4,4,24,1,13.077385,1.357076,28421,0,0
81210,0,0,0,1,1,13.077227,1.357047,28421,0,0
81220,11,0,2,14,1,13.076937,1.356989,28421,0,0
81230,1,1,0,3,1,13.076502,1.356943,28421,0,0
81240,18,3,0,22,1,13.076510,1.356926,28423,0,0
81250,12,2,2,17,1,13.077096,1.356985,28423,0,0
81260,6,1,1,9,1,13.077590,1.357058,28424,0,0
81270,14,2,3,20,1,13.077849,1.357082,28425,0,0
81280,12,1,1,15,1,13.077385,1.357029,28425,0,0
81290,6,1,2,10,1,13.076558,1.356939,28425,0,0
81300,0,0,0,0,0,13.075896,1.356886,28425,0,0
81310,0,0,0,1,1,13.074811,1.356764,28425,0,0
81320,6,0,1,8,1,13.073744,1.356664,28425,0,0
81330,11,3,0,15,1,13.072872,1.356597,28425,0,0
81340,1,0,1,3,1,13.072000,1.356528,28425,0,0
81350,3,0,0,4,1,13.070782,1.356390,28425,0,0
81360,13,3,1,18,1,13.070188,1.356307,28425,0,0
81370,15,2,2,20,1,13.071188,1.356423,28429,0,0
81380,7,3,2,13,1,13.071339,1.356426,28430,0,0
81390,2,0,1,4,1,13.070536,1.356358,28430,0,0
81400,2,0,0,3,1,13.069170,1.356223,28430,0,0
81410,17,3,2,23,1,13.068679,1.356145,28430,0,0
81420,19,5,0,25,1,13.069653,1.356246,28430,0,0
81430,4,0,0,5,1,13.070325,1.356344,28433,0,0
81440,11,3,1,16,1,13.069316,1.356219,28433,0,0
81450,0,0,0,1,1,13.068717,1.356160,28433,0,0
81460,14,4,2,21,1,13.068573,1.356119,28433,0,0
81470,17,1,0,19,1,13.070207,1.356276,28446,0,0
81480,6,0,0,7,1,13.070317,1.356298,28452,0,0
81490,3,0,0,4,1,13.069349,1.356205,28452,0,0
81500,10,1,2,14,1,13.069012,1.356145,28452,0,0
81510,17,3,4,25,1,13.069535,1.356193,28459,0,0
81520,16,5,4,26,1,13.071009,1.356343,28465,0,0
81530,17,2,2,22,1,13.072528,1.356543,28501,0,0
81540,3,0,0,4,1,13.071660,1.356476,28501,0,0
81550,13,2,2,18,1,13.071219,1.356391,28501,0,0
81560,19,1,6,27,1,13.071433,1.356385,28513,0,0
81570,13,2,4,20,1,13.073329,1.356604,28530,0,0
81580,9,0,1,11,1,13.073819,1.356677,28538,0,0
81590,3,0,1,5,1,13.072981,1.356582,28538,0,0
81600,10,0,1,12,1,13.072566,1.356512,28538,0,0
81610,15,1,2,19,1,13.072492,1.356491,28538,0,0
81620,6,1,2,10,1,13.072979,1.356556,28542,0,0
81630,3,0,1,5,1,13.072561,1.356534,28542,0,0
81640,0,0,0,0,0,13.071268,1.356445,28542,0,0
81650,3,2,1,7,1,13.070196,1.356326,28542,0,0
81660,17,0,1,19,1,13.069827,1.356297,28542,0,0
81670,7,0,0,8,1,13.069972,1.356331,28544,0,0
81680,4,0,1,6,1,13.068817,1.356222,28544,0,0
81690,19,2,3,25,1,13.068563,1.356160,28544,0,0
81700,10,0,0,11,1,13.069290,1.356245,28553,0,0
81710,4,0,0,5,1,13.068210,1.356144,28553,0,0
81720,4,1,3,9,1,13.067177,1.356041,28553,0,0
81730,10,1,1,13,1,13.066719,1.355991,28553,0,0
81740,15,2,1,19,1,13.067608,1.356066,28562,0,0
81750,20,3,3,27,1,13.068867,1.356213,28582,0,0
81760,18,4,4,27,1,13.070648,1.356390,28602,0,0
81770,9,1,0,11,1,13.070708,1.356414,28607,0,0
81780,3,0,0,4,1,13.070048,1.356348,28607,0,0
81790,15,1,1,18,1,13.070630,1.356398,28615,0,0
81800,1,0,0,2,1,13.070426,1.356390,28615,0,0
81810,5,2,1,9,1,13.069902,1.356352,28615,0,0
81820,9,0,0,10,1,13.069972,1.356342,28621,0,0
81830,12,1,1,15,1,13.071242,1.356459,28629,0,0
81840,8,0,1,10,1,13.071520,1.356497,28631,0,0
81850,9,1,3,14,1,13.070676,1.356429,28631,0,0
81860,3,1,1,6,1,13.069756,1.356343,28631,0,0
81870,9,0,1,11,1,13.069701,1.356340,28631,0,0
81880,0,0,0,1,1,13.069031,1.356295,28631,0,0
81890,0,0,0,1,1,13.068064,1.356205,28631,0,0
81900,9,1,2,13,1,13.067252,1.356086,28631,0,0
81910,5,1,0,7,1,13.066987,1.356066,28631,0,0
81920,3,0,0,4,1,13.066011,1.355979,28631,0,0
81930,18,2,0,21,1,13.065684,1.355940,28631,0,0
81940,19,1,2,23,1,13.066289,1.356024,28635,0,0
81950,13,0,1,15,1,13.067304,1.356127,28642,0,0
81960,11,2,2,16,1,13.067904,1.356185,28642,0,0
81970,20,1,4,26,1,13.068859,1.356279,28649,0,0
81980,16,2,0,19,1,13.069486,1.356355,28662,0,0
81990,20,2,4,27,1,13.070712,1.356505,28671,0,0
82000,11,2,2,16,1,13.070954,1.356521,28672,0,0
82010,17,2,3,23,1,13.071806,1.356606,28681,0,0
82020,5,0,1,7,1,13.072371,1.356664,28682,0,0
82030,11,2,3,17,1,13.071869,1.356612,28683,0,0
82040,16,1,1,19,1,13.071844,1.356619,28683,0,0
82050,14,3,1,19,1,13.072808,1.356721,28683,0,0
82060,11,3,2,17,1,13.073315,1.356769,28686,0,0
82070,2,0,3,6,1,13.072981,1.356751,28686,0,0
82080,6,1,1,9,1,13.072413,1.356668,28686,0,0
82090,7,1,1,10,1,13.071773,1.356608,28686,0,0
82100,2,0,0,3,1,13.070812,1.356522,28686,0,0
82110,7,0,2,10,1,13.070428,1.356475,28686,0,0
82120,4,0,2,7,1,13.069837,1.356414,28686,0,0
82130,4,0,4,9,1,13.069270,1.356350,28686,0,0
82140,12,1,0,14,1,13.068331,1.356259,28686,0,0
82150,10,0,0,11,1,13.068549,1.356285,28689,0,0
82160,16,3,0,20,1,13.069223,1.356353,28698,0,0
82170,12,1,3,17,1,13.070335,1.356463,28712,0,0
82180,1,0,0,2,1,13.069347,1.356365,28712,0,0
82190,2,0,0,3,1,13.068390,1.356271,28712,0,0
82200,5,2,3,11,1,13.067812,1.356203,28712,0,0
82210,3,3,1,8,1,13.068124,1.356230,28717,0,0
82220,18,2,3,24,1,13.068174,1.356211,28718,0,0
82230,13,1,1,16,1,13.069198,1.356337,28729,0,0
82240,6,1,2,10,1,13.068639,1.356283,28729,0,0
82250,16,0,1,18,1,13.068684,1.356292,28730,0,0
82260,15,3,2,21,1,13.068820,1.356298,28730,0,0
82270,9,1,1,12,1,13.068662,1.356291,28730,0,0
82280,20,2,4,27,1,13.069397,1.356333,28736,0,0
82290,18,3,2,24,1,13.070817,1.356517,28756,0,0
82300,18,1,3,23,1,13.071985,1.356644,28765,0,0
82310,12,3,0,16,1,13.072584,1.356707,28773,0,0
82320,9,2,1,13,1,13.073250,1.356780,28775,0,0
82330,7,0,2,10,1,13.072920,1.356752,28775,0,0
82340,10,0,1,12,1,13.072574,1.356722,28775,0,0
82350,1,0,0,2,1,13.071727,1.356641,28775,0,0
82360,8,3,1,13,1,13.070670,1.356539,28775,0,0
82370,16,1,2,20,1,13.070855,1.356548,28779,0,0
82380,11,1,4,17,1,13.070384,1.356512,28779,0,0
82390,6,4,0,11,1,13.070912,1.356586,28785,0,0
82400,13,2,1,17,1,13.071407,1.356626,28789,0,0
82410,20,2,1,24,1,13.072563,1.356761,28802,0,0
82420,8,2,1,12,1,13.073071,1.356810,28807,0,0
82430,1,1,0,3,1,13.072990,1.356803,28807,0,0
82440,14,2,2,19,1,13.072283,1.356706,28807,0,0
82450,2,0,0,3,1,13.071881,1.356687,28807,0,0
82460,3,0,0,4,1,13.071133,1.356596,28807,0,0
82470,17,1,3,22,1,13.070941,1.356560,28808,0,0
82480,17,1,2,21,1,13.071387,1.356614,28810,0,0
82490,15,2,1,19,1,13.072179,1.356671,28819,0,0
82500,20,4,4,29,1,13.073506,1.356819,28836,0,0
82510,4,3,0,8,1,13.073979,1.356879,28842,0,0
82520,6,0,0,7,1,13.073520,1.356837,28842,0,0
82530,18,2,1,22,1,13.073048,1.356793,28843,0,0
82540,2,0,0,3,1,13.072540,1.356761,28843,0,0
82550,7,0,0,8,1,13.071411,1.356651,28843,0,0
82560,0,0,0,1,1,13.070708,1.356574,28843,0,0
82570,3,0,1,5,1,13.069568,1.356459,28843,0,0
82580,10,2,1,14,1,13.069854,1.356467,28843,0,0
82590,18,1,4,24,1,13.069727,1.356436,28845,0,0
82600,11,0,0,12,1,13.070264,1.356511,28848,0,0
82610,2,0,0,3,1,13.069365,1.356429,28848,0,0
82620,1,1,0,3,1,13.068261,1.356332,28848,0,0
82630,1,0,0,2,1,13.067926,1.356282,28848,0,0
82640,0,0,0,1,1,13.066739,1.356177,28848,0,0
82650,2,0,0,3,1,13.065654,1.356090,28848,0,0
82660,9,1,1,12,1,13.065314,1.356035,28848,0,0
82670,2,2,1,6,1,13.065705,1.356086,28851,0,0
82680,9,1,1,12,1,13.065012,1.356015,28851,0,0
82690,7,0,0,8,1,13.065506,1.356057,28857,0,0
82700,15,1,3,20,1,13.064893,1.356002,28857,0,0
82710,13,0,0,14,1,13.065785,1.356095,28858,0,0
82720,13,2,1,17,1,13.065805,1.356088,28858,0,0
82730,5,1,1,8,1,13.065865,1.356105,28858,0,0
82740,17,2,1,21,1,13.066287,1.356124,28858,0,0
82750,4,0,1,6,1,13.066103,1.356119,28858,0,0
82760,20,2,4,27,1,13.066379,1.356124,28866,0,0
82770,7,1,3,12,1,13.067200,1.356214,28868,0,0
82780,18,2,2,23,1,13.066873,1.356151,28868,0,0
82790,19,4,4,28,1,13.068510,1.356347,28897,0,0
82800,13,0,0,14,1,13.068911,1.356381,28900,0,0
82810,5,2,1,9,1,13.069165,1.356405,28900,0,0
82820,1,0,0,2,1,13.068233,1.356305,28900,0,0
82830,14,1,2,18,1,13.067947,1.356257,28900,0,0
82840,17,6,2,26,1,13.068732,1.356312,28900,0,0
82850,20,2,1,24,1,13.070214,1.356472,28930,0,0
82860,9,1,4,15,1,13.070950,1.356559,28939,0,0
82870,13,2,2,18,1,13.071882,1.356661,28953,0,0
82880,13,1,0,15,1,13.072278,1.356708,28953,0,0
82890,2,2,2,7,1,13.071753,1.356669,28953,0,0
82900,14,1,0,16,1,13.070936,1.356568,28953,0,0
82910,15,9,5,30,1,13.072332,1.356697,28955,0,0
82920,17,3,5,26,1,13.073452,1.356829,28961,0,0
82930,19,4,6,30,1,13.074987,1.356997,28983,0,0
82940,6,1,2,10,1,13.075708,1.357085,28993,0,0
82950,0,0,0,1,1,13.075088,1.357031,28993,0,0
82960,10,2,1,14,1,13.074530,1.356970,28993,0,0
82970,9,2,2,14,1,13.075461,1.357073,28996,0,0
82980,3,1,0,5,1,13.074397,1.356993,28996,0,0
82990,11,2,2,16,1,13.074751,1.357017,28996,0,0
83000,6,1,2,10,1,13.074379,1.356972,28996,0,0
83010,5,1,0,7,1,13.074320,1.356957,28996,0,0
83020,11,1,0,13,1,13.073762,1.356889,28996,0,0
83030,18,1,6,26,1,13.074661,1.356976,29004,0,0
83040,19,4,4,28,1,13.076390,1.357171,29028,0,0
83050,10,0,2,13,1,13.077663,1.357336,29046,0,0
83060,4,1,2,8,1,13.077207,1.357298,29046,0,0
83070,14,2,3,20,1,13.077039,1.357266,29046,0,0
83080,1,1,0,3,1,13.076351,1.357194,29046,0,0
83090,0,0,0,1,1,13.075958,1.357150,29046,0,0
83100,1,1,1,4,1,13.074732,1.356995,29046,0,0
83110,6,0,0,7,1,13.073601,1.356871,29046,0,0
83120,20,2,1,24,1,13.074090,1.356895,29047,0,0
83130,3,0,0,4,1,13.073432,1.356855,29048,0,0
83140,14,2,1,18,1,13.073076,1.356815,29048,0,0
83150,13,4,0,18,1,13.074002,1.356881,29051,0,0
83160,10,2,1,14,1,13.074308,1.356915,29051,0,0
83170,14,0,5,20,1,13.073438,1.356822,29051,0,0
83180,11,3,1,16,1,13.072688,1.356738,29051,0,0
83190,20,4,3,28,1,13.074339,1.356930,29073,0,0
83200,12,1,2,16,1,13.074895,1.357002,29080,0,0
83210,10,2,1,14,1,13.075702,1.357080,29084,0,0
83220,6,1,1,9,1,13.075019,1.357006,29084,0,0
83230,0,0,0,0,0,13.074418,1.356961,29084,0,0
83240,11,2,1,15,1,13.073689,1.356876,29084,0,0
83250,17,1,1,20,1,13.074340,1.356932,29090,0,0
83260,4,0,0,5,1,13.073672,1.356885,29090,0,0
83270,2,0,1,4,1,13.073652,1.356884,29090,0,0
83280,0,0,0,1,1,13.072483,1.356757,29090,0,0
83290,2,0,1,4,1,13.071545,1.356653,29090,0,0
83300,13,1,3,18,1,13.071288,1.356610,29090,0,0
83310,2,0,0,3,1,13.070853,1.356596,29090,0,0
83320,20,5,1,27,1,13.070344,1.356512,29090,0,0
83330,16,4,2,23,1,13.071195,1.356601,29093,0,0
83340,10,0,0,11,1,13.071126,1.356587,29093,0,0
83350,8,2,3,14,1,13.071548,1.356637,29093,0,0
83360,13,3,5,22,1,13.072376,1.356745,29098,0,0
83370,20,7,3,31,1,13.073797,1.356885,29109,0,0
83380,10,3,1,15,1,13.075061,1.357037,29126,0,0
83390,9,1,0,11,1,13.074819,1.356987,29126,0,0
83400,17,5,4,27,1,13.076277,1.357164,29160,0,0
83410,14,0,3,18,1,13.077304,1.357293,29171,0,0
83420,17,1,3,22,1,13.078057,1.357360,29173,0,0
83430,10,2,3,16,1,13.078610,1.357398,29178,0,0
83440,7,0,1,9,1,13.077952,1.357332,29178,0,0
83450,4,0,0,5,1,13.076887,1.357239,29178,0,0
83460,19,2,3,25,1,13.076917,1.357224,29179,0,0
83470,15,4,1,21,1,13.077997,1.357347,29193,0,0
83480,15,0,1,17,1,13.078948,1.357450,29199,0,0
83490,1,0,0,2,1,13.078924,1.357448,29204,0,0
83500,1,2,0,4,1,13.077800,1.357348,29204,0,0
83510,10,0,1,12,1,13.077027,1.357252,29204,0,0
83520,3,1,0,5,1,13.075814,1.357127,29204,0,0
83530,10,0,0,11,1,13.075156,1.357052,29204,0,0
83540,2,0,0,3,1,13.074235,1.356962,29204,0,0
83550,0,0,0,1,1,13.073003,1.356825,29204,0,0
83560,20,6,4,31,1,13.073465,1.356841,29218,0,0
83570,7,3,0,11,1,13.074030,1.356914,29226,0,0
83580,5,0,0,6,1,13.073679,1.356880,29229,0,0
83590,3,0,1,5,1,13.072756,1.356795,29229,0,0
83600,1,0,0,2,1,13.071517,1.356687,29229,0,0
83610,5,0,0,6,1,13.070257,1.356559,29229,0,0
83620,9,0,0,10,1,13.069323,1.356457,29229,0,0
83630,5,1,0,7,1,13.069300,1.356474,29229,0,0
83640,0,0,0,1,1,13.068105,1.356365,29229,0,0
83650,7,0,0,8,1,13.066959,1.356251,29229,0,0
83660,5,1,0,7,1,13.066366,1.356178,29229,0,0
83670,13,1,1,16,1,13.066387,1.356181,29229,0,0
83680,17,5,1,24,1,13.066936,1.356226,29232,0,0
83690,20,2,3,26,1,13.068679,1.356436,29267,0,0
83700,7,0,2,10,1,13.069587,1.356531,29283,0,0
83710,4,0,0,5,1,13.068847,1.356474,29283,0,0
83720,9,1,2,13,1,13.068565,1.356433,29283,0,0
83730,12,2,2,17,1,13.069634,1.356560,29290,0,0
83740,3,0,1,5,1,13.068470,1.356458,29290,0,0
83750,2,0,0,3,1,13.067501,1.356361,29290,0,0
83760,13,3,1,18,1,13.066423,1.356252,29290,0,0
83770,13,4,1,19,1,13.067391,1.356358,29292,0,0
83780,3,0,0,4,1,13.068055,1.356446,29305,0,0
83790,16,3,2,22,1,13.068578,1.356491,29305,0,0
83800,18,6,0,25,1,13.069429,1.356573,29317,0,0
83810,18,3,5,27,1,13.070964,1.356723,29332,0,0
83820,18,1,2,22,1,13.072217,1.356853,29337,0,0
83830,10,2,0,13,1,13.073183,1.356962,29345,0,0
83840,12,4,3,20,1,13.073618,1.357010,29347,0,0
83850,17,1,4,23,1,13.074423,1.357079,29350,0,0
83860,13,2,0,16,1,13.075239,1.357166,29360,0,0
83870,16,0,1,18,1,13.074873,1.357123,29360,0,0
83880,8,0,2,11,1,13.075644,1.357197,29369,0,0
83890,12,2,2,17,1,13.076781,1.357307,29374,0,0
83900,3,3,1,8,1,13.076748,1.357300,29374,0,0
83910,2,0,0,3,1,13.075965,1.357217,29374,0,0
83920,14,1,4,20,1,13.075976,1.357192,29374,0,0
83930,15,1,0,17,1,13.076669,1.357249,29375,0,0
83940,18,1,2,22,1,13.077083,1.357283,29383,0,0
83950,16,2,2,21,1,13.078321,1.357415,29392,0,0
83960,8,1,0,10,1,13.079368,1.357541,29397,0,0
83970,9,3,0,13,1,13.079962,1.357587,29404,0,0
83980,7,2,0,10,1,13.080379,1.357649,29407,0,0
83990,9,0,2,12,1,13.080141,1.357612,29407,0,0
84000,18,0,4,23,1,13.080983,1.357710,29415,0,0
84010,9,0,1,11,1,13.081560,1.357770,29415,0,0
84020,16,3,3,23,1,13.082112,1.357820,29419,0,0
84030,12,3,2,18,1,13.082412,1.357840,29423,0,0
84040,1,0,0,2,1,13.082576,1.357874,29439,0,0
84050,12,3,1,17,1,13.081628,1.357763,29439,0,0
84060,13,2,0,16,1,13.082826,1.357889,29452,0,0
84070,20,1,3,25,1,13.083890,1.358009,29464,0,0
84080,2,0,0,3,1,13.084329,1.358083,29472,0,0
84090,11,0,1,13,1,13.084400,1.358075,29475,0,0
84100,4,0,0,5,1,13.083837,1.358013,29475,0,0
84110,0,0,0,1,1,13.082602,1.357916,29475,0,0
84120,8,0,0,9,1,13.081789,1.357834,29475,0,0
84130,8,1,0,10,1,13.082391,1.357910,29478,0,0
84140,20,2,4,27,1,13.083782,1.358048,29509,0,0
84150,16,7,3,27,1,13.084932,1.358189,29525,0,0
84160,7,1,1,10,1,13.085148,1.358198,29525,0,0
84170,10,2,1,14,1,13.085712,1.358252,29525,0,0
84180,10,0,4,15,1,13.085600,1.358224,29525,0,0
84190,0,0,0,1,1,13.085307,1.358196,29525,0,0
84200,19,0,3,23,1,13.085180,1.358167,29526,0,0
84210,14,2,3,20,1,13.085229,1.358176,29527,0,0
84220,0,0,0,0,0,13.084763,1.358147,29527,0,0
84230,9,1,0,11,1,13.084511,1.358118,29527,0,0
84240,5,1,1,8,1,13.083712,1.358040,29527,0,0
84250,13,2,1,17,1,13.083507,1.358031,29527,0,0
84260,15,4,2,22,1,13.084435,1.358118,29535,0,0
84270,20,1,2,24,1,13.085147,1.358208,29540,0,0
84280,9,1,0,11,1,13.085632,1.358252,29542,0,0
84290,20,5,0,26,1,13.086535,1.358313,29546,0,0
84300,19,5,5,30,1,13.088378,1.358536,29569,0,0
84310,18,3,6,28,1,13.090634,1.358805,29605,0,0
84320,18,3,1,23,1,13.092145,1.358980,29627,0,0
84330,11,1,0,13,1,13.092293,1.358991,29627,0,0
84340,15,2,2,20,1,13.092856,1.359040,29627,0,0
84350,1,0,0,2,1,13.092597,1.359034,29632,0,0
84360,8,2,3,14,1,13.092392,1.358998,29632,0,0
84370,1,1,1,4,1,13.091720,1.358957,29632,0,0
84380,5,2,0,8,1,13.090744,1.358842,29632,0,0
84390,9,3,0,13,1,13.091000,1.358867,29633,0,0
84400,16,1,0,18,1,13.090267,1.358802,29633,0,0
84410,18,4,5,28,1,13.090819,1.358849,29638,0,0
84420,17,1,1,20,1,13.091989,1.358965,29646,0,0
84430,0,0,0,0,0,13.091526,1.358949,29646,0,0
84440,18,1,2,22,1,13.090661,1.358858,29646,0,0
84450,9,2,2,14,1,13.090825,1.358891,29647,0,0
84460,15,0,1,17,1,13.090816,1.358899,29647,0,0
84470,0,0,0,0,0,13.090601,1.358880,29647,0,0
84480,3,0,0,4,1,13.089562,1.358781,29647,0,0
84490,17,1,1,20,1,13.089538,1.358758,29647,0,0
84500,6,2,1,10,1,13.089677,1.358781,29650,0,0
84510,0,0,0,0,0,13.088986,1.358693,29650,0,0
84520,13,0,0,14,1,13.088189,1.358601,29650,0,0
84530,0,0,0,1,1,13.087664,1.358554,29650,0,0
84540,4,0,1,6,1,13.086726,1.358477,29650,0,0
84550,5,1,0,7,1,13.086021,1.358394,29650,0,0
84560,16,1,0,18,1,13.085811,1.358350,29650,0,0
84570,10,1,1,13,1,13.085641,1.358311,29650,0,0
84580,5,1,0,7,1,13.085382,1.358296,29650,0,0
84590,3,0,0,4,1,13.084063,1.358192,29650,0,0
84600,8,0,0,9,1,13.083463,1.358133,29650,0,0
84610,0,0,0,1,1,13.082463,1.358025,29650,0,0
84620,13,4,0,18,1,13.082557,1.358020,29653,0,0
84630,2,1,1,5,1,13.082464,1.358020,29653,0,0
84640,15,0,4,20,1,13.082215,1.357989,29653,0,0
84650,0,0,0,1,1,13.081831,1.357950,29653,0,0
84660,1,1,0,3,1,13.080553,1.357828,29653,0,0
84670,6,2,1,10,1,13.079812,1.357733,29653,0,0
84680,19,1,2,23,1,13.080834,1.357840,29673,0,0
84690,16,2,2,21,1,13.081785,1.357948,29684,0,0
84700,17,4,4,26,1,13.082709,1.358041,29693,0,0
84710,20,8,4,33,1,13.084233,1.358198,29713,0,0
84720,13,2,2,18,1,13.084640,1.358242,29722,0,0
84730,5,0,1,7,1,13.083898,1.358176,29722,0,0
84740,15,2,0,18,1,13.083700,1.358139,29722,0,0
84750,13,1,0,15,1,13.084564,1.358231,29731,0,0
84760,19,4,0,24,1,13.085725,1.358380,29745,0,0
84770,16,1,1,19,1,13.086806,1.358525,29757,0,0
84780,7,0,2,10,1,13.085937,1.358448,29757,0,0
84790,9,4,0,14,1,13.085098,1.358358,29757,0,0
84800,11,0,1,13,1,13.085137,1.358353,29759,0,0
84810,6,0,0,7,1,13.084909,1.358328,29759,0,0
84820,9,0,0,10,1,13.083796,1.358227,29759,0,0
84830,3,1,1,6,1,13.082673,1.358102,29759,0,0
84840,5,0,1,7,1,13.081751,1.358009,29759,0,0
84850,3,0,1,5,1,13.080830,1.357894,29759,0,0
84860,6,0,1,8,1,13.079860,1.357770,29759,0,0
84870,7,3,1,12,1,13.079508,1.357718,29759,0,0
84880,18,0,4,23,1,13.079308,1.357673,29761,0,0
84890,16,2,1,20,1,13.080412,1.357801,29772,0,0
84900,9,1,0,11,1,13.079752,1.357750,29772,0,0
84910,7,0,0,8,1,13.079094,1.357689,29772,0,0
84920,15,2,2,20,1,13.078706,1.357622,29772,0,0
84930,0,0,0,1,1,13.078325,1.357617,29772,0,0
84940,4,1,0,6,1,13.077308,1.357522,29772,0,0
84950,14,1,2,18,1,13.076840,1.357445,29772,0,0
84960,19,2,4,26,1,13.077832,1.357534,29777,0,0
84970,7,0,3,11,1,13.078339,1.357622,29777,0,0
84980,0,0,0,0,0,13.077282,1.357528,29777,0,0
84990,6,0,1,8,1,13.076202,1.357411,29777,0,0
85000,0,0,0,1,1,13.076759,1.357481,29785,0,0
85010,13,1,1,16,1,13.076645,1.357468,29785,0,0
85020,17,1,5,24,1,13.077273,1.357516,29787,0,0
85030,0,0,0,1,1,13.077340,1.357538,29790,0,0
85040,4,1,1,7,1,13.076046,1.357411,29790,0,0
85050,4,0,1,6,1,13.074916,1.357306,29790,0,0
85060,14,2,0,17,1,13.074883,1.357288,29790,0,0
85070,15,4,3,23,1,13.075653,1.357370,29799,0,0
85080,3,0,0,4,1,13.074926,1.357317,29799,0,0
85090,11,0,0,12,1,13.074434,1.357271,29799,0,0
85100,12,0,0,13,1,13.073933,1.357216,29799,0,0
85110,17,2,6,26,1,13.075059,1.357335,29814,0,0
85120,11,1,1,14,1,13.076172,1.357438,29820,0,0
85130,18,5,1,25,1,13.077369,1.357588,29847,0,0
85140,13,3,3,20,1,13.078880,1.357775,29883,0,0
85150,4,1,1,7,1,13.078189,1.357702,29883,0,0
85160,16,2,2,21,1,13.078625,1.357717,29883,0,0
85170,8,5,2,16,1,13.079255,1.357801,29892,0,0
85180,3,0,0,4,1,13.079158,1.357793,29892,0,0
85190,1,0,0,2,1,13.078058,1.357689,29892,0,0
85200,0,0,0,0,0,13.076690,1.357581,29892,0,0
85210,15,3,2,21,1,13.076262,1.357512,29892,0,0
85220,3,0,1,5,1,13.076239,1.357525,29892,0,0
85230,13,2,1,17,1,13.075977,1.357482,29892,0,0
85240,0,0,1,2,1,13.075381,1.357436,29892,0,0
85250,7,0,3,11,1,13.074772,1.357384,29892,0,0
85260,5,0,1,7,1,13.073907,1.357303,29892,0,0
85270,9,1,0,11,1,13.073387,1.357242,29892,0,0
85280,14,1,4,20,1,13.073405,1.357234,29903,0,0
85290,1,0,0,2,1,13.073091,1.357177,29903,0,0
85300,0,0,0,0,0,13.071977,1.357084,29903,0,0
85310,1,0,0,2,1,13.070703,1.356965,29903,0,0
85320,7,0,1,9,1,13.070895,1.356971,29905,0,0
85330,16,7,6,30,1,13.071370,1.356996,29905,0,0
85340,8,1,2,12,1,13.072104,1.357089,29914,0,0
85350,11,1,2,15,1,13.072832,1.357160,29915,0,0
85360,13,1,2,17,1,13.073004,1.357157,29915,0,0
85370,18,1,1,21,1,13.073621,1.357240,29927,0,0
85380,9,0,1,11,1,13.073327,1.357213,29932,0,0
85390,2,0,0,3,1,13.072113,1.357114,29932,0,0
85400,10,6,1,18,1,13.072341,1.357099,29932,0,0
85410,10,0,1,12,1,13.071638,1.357054,29932,0,0
85420,11,2,1,15,1,13.071670,1.357047,29932,0,0
85430,20,2,1,24,1,13.071622,1.357036,29933,0,0
85440,4,0,0,5,1,13.071393,1.357027,29933,0,0
85450,16,1,1,19,1,13.070557,1.356924,29933,0,0
85460,0,1,0,2,1,13.069650,1.356849,29933,0,0
85470,4,3,3,11,1,13.068800,1.356751,29933,0,0
85480,1,0,0,2,1,13.068975,1.356773,29934,0,0
85490,0,0,0,1,1,13.067847,1.356658,29934,0,0
85500,13,1,2,17,1,13.067469,1.356615,29934,0,0
85510,6,0,0,7,1,13.068143,1.356710,29940,0,0
85520,0,0,0,0,0,13.067018,1.356581,29940,0,0
85530,0,0,0,1,1,13.065965,1.356478,29940,0,0
85540,17,0,4,22,1,13.066058,1.356464,29942,0,0
85550,19,2,0,22,1,13.066891,1.356534,29951,0,0
85560,16,2,0,19,1,13.068355,1.356708,29972,0,0
85570,1,1,0,3,1,13.067661,1.356657,29972,0,0
85580,17,2,1,21,1,13.067800,1.356653,29972,0,0
85590,11,3,0,15,1,13.068397,1.356709,29972,0,0
85600,15,2,2,20,1,13.068844,1.356743,29972,0,0
85610,4,0,1,6,1,13.068250,1.356698,29972,0,0
85620,6,1,2,10,1,13.067855,1.356630,29972,0,0
85630,7,1,4,13,1,13.067040,1.356543,29972,0,0
85640,7,0,0,8,1,13.066235,1.356446,29972,0,0
85650,0,0,0,0,0,13.065053,1.356352,29972,0,0
85660,0,0,0,1,1,13.064739,1.356327,29972,0,0
85670,19,0,2,22,1,13.064016,1.356246,29972,0,0
85680,18,3,2,24,1,13.065077,1.356368,29987,0,0
85690,20,1,1,23,1,13.066308,1.356521,29999,0,0
85700,5,0,0,6,1,13.066651,1.356588,29999,0,0
85710,15,0,1,17,1,13.066476,1.356546,29999,0,0
85720,15,1,1,18,1,13.067232,1.356627,29999,0,0
85730,2,0,1,4,1,13.067382,1.356653,29999,0,0
85740,2,2,0,5,1,13.066494,1.356571,29999,0,0
85750,16,0,0,17,1,13.066336,1.356534,29999,0,0
85760,15,1,1,18,1,13.067055,1.356602,30003,0,0
85770,13,1,2,17,1,13.067938,1.356688,30011,0,0
85780,0,0,0,1,1,13.067553,1.356663,30011,0,0
85790,0,0,0,0,0,13.066287,1.356549,30011,0,0
85800,15,2,3,21,1,13.066110,1.356506,30011,0,0
85810,4,0,1,6,1,13.066097,1.356518,30011,0,0
85820,4,1,0,6,1,13.064784,1.356415,30011,0,0
85830,3,1,1,6,1,13.064119,1.356337,30011,0,0
85840,8,0,0,9,1,13.063762,1.356310,30011,0,0
85850,11,1,4,17,1,13.064534,1.356384,30017,0,0
85860,19,2,2,24,1,13.065723,1.356525,30033,0,0
85870,20,3,4,28,1,13.066698,1.356635,30044,0,0
85880,12,2,4,19,1,13.067510,1.356720,30049,0,0
85890,18,1,3,23,1,13.068371,1.356795,30066,0,0
85900,16,4,7,28,1,13.069716,1.356935,30075,0,0
85910,14,2,3,20,1,13.070326,1.357002,30075,0,0
85920,7,4,2,14,1,13.071045,1.357076,30076,0,0
85930,12,1,2,16,1,13.071827,1.357152,30085,0,0
85940,5,0,1,7,1,13.071772,1.357154,30085,0,0
85950,18,0,0,19,1,13.071609,1.357128,30088,0,0
85960,2,0,1,4,1,13.070894,1.357047,30088,0,0
85970,11,0,2,14,1,13.070601,1.357034,30088,0,0
85980,12,3,3,19,1,13.071372,1.357088,30094,0,0
85990,0,0,0,1,1,13.070889,1.357060,30094,0,0
86000,2,1,0,4,1,13.069760,1.356953,30094,0,0
86010,3,0,0,4,1,13.069311,1.356900,30094,0,0
86020,2,1,0,4,1,13.069370,1.356912,30094,0,0
86030,17,1,1,20,1,13.068819,1.356855,30095,0,0
86040,7,0,0,8,1,13.069163,1.356909,30117,0,0
86050,12,0,1,14,1,13.068938,1.356875,30117,0,0
86060,7,0,1,9,1,13.068167,1.356809,30119,0,0
86070,14,5,0,20,1,13.068210,1.356801,30119,0,0
86080,6,0,0,7,1,13.068080,1.356796,30119,0,0
86090,3,0,0,4,1,13.066945,1.356696,30119,0,0
86100,14,4,5,24,1,13.066301,1.356632,30119,0,0
86110,13,0,2,16,1,13.066849,1.356674,30121,0,0
86120,0,0,0,1,1,13.066509,1.356636,30121,0,0
86130,9,1,1,12,1,13.065841,1.356545,30121,0,0
86140,5,3,0,9,1,13.065140,1.356484,30121,0,0
86150,15,1,3,20,1,13.065879,1.356548,30122,0,0
86160,18,2,1,22,1,13.067147,1.356670,30136,0,0
86170,9,0,1,11,1,13.067674,1.356737,30140,0,0
86180,17,0,4,22,1,13.068093,1.356758,30144,0,0
86190,17,2,3,23,1,13.069224,1.356889,30157,0,0
86200,5,1,1,8,1,13.068565,1.356820,30157,0,0
86210,7,0,2,10,1,13.068033,1.356748,30157,0,0
86220,2,0,0,3,1,13.066841,1.356632,30157,0,0
86230,10,0,2,13,1,13.065867,1.356525,30157,0,0
86240,7,0,1,9,1,13.065327,1.356448,30157,0,0
86250,3,0,0,4,1,13.064457,1.356356,30157,0,0
86260,0,0,0,1,1,13.063740,1.356283,30157,0,0
86270,3,0,0,4,1,13.062826,1.356185,30157,0,0
86280,7,3,0,11,1,13.061726,1.356084,30157,0,0
86290,0,0,0,1,1,13.060652,1.355996,30157,0,0
86300,13,2,1,17,1,13.060562,1.355973,30157,0,0
86310,9,2,1,13,1,13.060612,1.355977,30157,0,0
86320,18,2,4,25,1,13.060193,1.355917,30157,0,0
86330,5,2,0,8,1,13.060665,1.355965,30157,0,0
86340,0,0,0,1,1,13.059674,1.355882,30157,0,0
86350,12,2,0,15,1,13.059123,1.355813,30157,0,0
86360,14,2,2,19,1,13.059491,1.355832,30157,0,0
86370,0,0,0,1,1,13.059148,1.355821,30159,0,0
86380,2,0,0,3,1,13.057986,1.355705,30159,0,0
86390,5,0,0,6,1,13.057037,1.355613,30159,0,0
86400,13,6,5,25,1,13.056695,1.355547,30159,0,0
