Tempo(s),Fila1,Fila2,Fila3,TotalSistema,ServidorOcupado,E[N],E[W],PerdasF1,PerdasF2,PerdasF3
10,12,6,0,19,1,7.679251,0.738390,0,0,0
20,18,13,0,32,1,13.929845,1.333000,0,0,0
30,11,15,2,29,1,20.501821,2.050182,1,8,0
40,6,12,0,19,1,21.139768,2.213588,1,8,0
50,1,3,0,5,1,19.056633,2.031624,1,8,0
60,0,0,0,0,0,16.655155,1.750104,1,8,0
70,9,9,0,19,1,15.350601,1.566388,1,8,0
80,5,6,0,12,1,15.140116,1.575045,1,8,0
90,13,6,0,20,1,15.013234,1.553093,1,8,0
100,20,14,1,36,1,16.280867,1.671547,13,8,0
110,5,11,0,17,1,17.020969,1.763001,13,8,0
120,0,1,0,2,1,16.357041,1.696495,13,8,0
130,7,13,0,21,1,15.916886,1.629288,13,8,0
140,13,15,0,29,1,16.486508,1.661707,13,9,0
150,8,14,0,23,1,16.775197,1.686514,13,9,0
160,5,4,0,10,1,16.510488,1.671948,13,9,0
170,8,8,0,17,1,15.900156,1.607987,13,9,0
180,8,10,0,19,1,16.252976,1.649118,13,9,0
190,6,7,0,14,1,16.423001,1.661539,13,9,0
200,3,5,0,9,1,16.167964,1.634779,13,9,0
210,17,8,0,26,1,16.280387,1.639751,13,9,0
220,0,2,0,3,1,16.236347,1.636279,14,9,0
230,0,1,1,3,1,15.611406,1.579685,14,9,0
240,2,1,0,4,1,15.245835,1.544534,14,9,0
250,1,0,0,2,1,14.790508,1.510468,14,9,0
260,2,4,0,7,1,14.398666,1.471562,14,9,0
270,0,1,0,2,1,14.262946,1.455953,14,9,0
280,2,3,0,6,1,13.935300,1.416806,14,9,0
290,15,15,0,31,1,14.215955,1.429482,14,9,0
300,16,18,0,35,1,14.922263,1.503755,23,18,0
310,15,12,0,28,1,15.367237,1.552752,23,23,0
320,19,20,3,43,1,16.001567,1.622980,38,23,0
330,12,13,0,26,1,16.491274,1.682263,38,32,0
340,20,9,0,30,1,16.988946,1.728896,52,39,0
350,12,15,1,29,1,17.318860,1.763118,53,41,0
360,13,11,0,25,1,17.609883,1.793369,57,42,0
370,18,18,2,39,1,17.993820,1.827536,65,46,0
380,3,8,0,12,1,18.030013,1.835853,65,46,0
390,1,2,0,4,1,17.699050,1.801783,65,46,0
400,0,0,0,1,1,17.359542,1.765976,65,46,0
410,7,3,0,11,1,17.123364,1.736907,65,46,0
420,10,5,0,16,1,17.133077,1.732697,65,46,0
430,16,16,1,34,1,17.346506,1.752996,65,46,0
440,20,15,0,36,1,17.707649,1.788241,67,58,0
450,10,8,0,19,1,17.881368,1.807822,67,58,0
460,12,13,0,26,1,18.000416,1.820222,67,58,0
470,14,13,0,28,1,18.295245,1.853981,68,62,0
480,17,19,0,37,1,18.639551,1.888346,73,77,0
490,14,17,1,33,1,18.917429,1.917175,73,79,0
500,18,20,0,39,1,19.209489,1.945462,78,86,0
510,12,18,0,31,1,19.439327,1.970202,85,92,0
520,7,1,0,9,1,19.458510,1.973557,85,92,0
530,0,3,0,4,1,19.239489,1.953435,85,92,0
540,6,3,0,10,1,19.055459,1.931659,85,92,0
550,2,1,0,4,1,18.892512,1.915723,85,92,0
560,9,3,0,13,1,18.718945,1.896961,85,92,0
570,7,10,0,18,1,18.761673,1.897472,85,92,0
580,17,13,0,31,1,18.695471,1.885804,85,92,0
590,17,14,1,33,1,18.964155,1.917212,92,94,0
600,5,9,0,15,1,19.120162,1.933282,103,94,0
610,14,10,0,25,1,19.232718,1.943986,103,95,0
620,13,19,1,34,1,19.398145,1.959728,103,103,0
630,14,20,1,36,1,19.655811,1.991502,112,123,0
640,11,14,0,26,1,19.810839,2.009659,128,124,0
650,11,6,0,18,1,19.764999,2.006756,128,124,0
660,14,11,2,28,1,19.887844,2.017829,129,125,0
670,18,16,0,35,1,20.087529,2.041354,142,128,0
680,9,5,0,15,1,20.099640,2.044541,142,128,0
690,2,4,0,7,1,19.926034,2.028469,142,128,0
700,7,7,0,15,1,19.776812,2.012761,142,128,0
710,4,3,0,8,1,19.645937,1.996653,142,128,0
720,1,0,0,2,1,19.483811,1.978889,142,128,0
730,0,0,0,1,1,19.285900,1.956191,142,128,0
740,15,10,0,26,1,19.114588,1.938440,142,128,0
750,9,18,0,28,1,19.299207,1.955208,144,129,0
760,13,13,1,28,1,19.437695,1.968637,144,131,0
770,16,20,1,38,1,19.617230,1.987535,144,153,0
780,16,20,2,39,1,19.800041,2.008588,153,158,0
790,18,13,0,32,1,20.022174,2.034931,166,176,0
800,8,4,0,13,1,20.109613,2.045479,170,176,0
810,20,15,0,36,1,20.092013,2.036607,170,176,0
820,11,7,1,20,1,20.159936,2.045934,172,176,0
830,2,0,0,3,1,20.086840,2.038899,172,176,0
840,12,9,0,22,1,20.035788,2.032125,172,176,0
850,13,18,1,33,1,20.127710,2.040863,172,176,0
860,11,10,1,23,1,20.253739,2.054762,172,176,0
870,8,7,0,16,1,20.197647,2.050882,172,176,0
880,0,0,0,1,1,20.054552,2.040232,172,176,0
890,7,6,0,14,1,20.001159,2.030690,172,176,0
900,1,0,1,3,1,19.843660,2.016177,172,176,0
910,4,12,0,17,1,19.727674,2.001358,172,176,0
920,12,6,0,19,1,19.806005,2.009210,172,179,0
930,1,6,0,8,1,19.753761,2.005567,172,179,0
940,5,9,0,15,1,19.704272,1.999570,172,179,0
950,0,0,0,0,0,19.546244,1.989173,172,179,0
960,0,0,0,0,0,19.362791,1.973488,172,179,0
970,3,3,0,7,1,19.235474,1.960123,172,179,0
980,11,9,0,21,1,19.206209,1.956558,172,179,0
990,19,18,0,38,1,19.336114,1.969824,173,182,0
1000,5,7,0,13,1,19.377292,1.977073,178,185,0
1010,0,0,0,1,1,19.279264,1.968465,178,185,0
1020,5,2,0,8,1,19.130173,1.955776,178,185,0
1030,1,1,0,3,1,18.999053,1.942721,178,185,0
1040,1,2,1,5,1,18.857200,1.925905,178,185,0
1050,7,2,0,10,1,18.731605,1.911388,178,185,0
1060,0,0,0,1,1,18.592098,1.899713,178,185,0
1070,1,1,0,3,1,18.443714,1.886870,178,185,0
1080,5,2,0,8,1,18.368742,1.876844,178,185,0
1090,5,2,0,8,1,18.225693,1.865177,178,185,0
1100,11,16,0,28,1,18.268339,1.867755,184,185,0
1110,9,6,0,16,1,18.364902,1.877076,192,188,0
1120,4,3,0,8,1,18.299355,1.870178,192,188,0
1130,6,2,0,9,1,18.174876,1.856927,192,188,0
1140,3,0,0,4,1,18.055407,1.846024,192,188,0
1150,1,4,0,6,1,17.922608,1.833066,192,188,0
1160,0,0,0,1,1,17.792115,1.819684,192,188,0
1170,2,5,0,8,1,17.704749,1.809290,192,188,0
1180,15,19,0,35,1,17.737412,1.809158,192,188,0
1190,12,9,0,22,1,17.857310,1.822800,198,191,0
1200,0,0,0,0,0,17.788798,1.817966,198,191,0
1210,7,8,1,17,1,17.680220,1.805627,198,191,0
1220,3,4,0,8,1,17.658594,1.806127,198,191,0
1230,13,10,0,24,1,17.721077,1.809925,198,191,0
1240,6,2,0,9,1,17.729603,1.812126,198,191,0
1250,1,3,0,5,1,17.635815,1.802221,198,191,0
1260,2,4,0,7,1,17.531046,1.790913,198,191,0
1270,8,5,0,14,1,17.452738,1.781751,198,191,0
1280,1,0,0,2,1,17.353783,1.770935,198,191,0
1290,3,0,0,4,1,17.238343,1.759154,198,191,0
1300,5,6,0,12,1,17.167913,1.752103,198,191,0
1310,0,1,0,2,1,17.100478,1.745083,198,191,0
1320,2,2,0,5,1,16.996062,1.734694,198,191,0
1330,15,12,0,28,1,16.905648,1.724801,198,191,0
1340,19,13,0,33,1,17.037000,1.738734,208,192,0
1350,19,13,1,34,1,17.138893,1.748074,212,192,0
1360,10,9,1,21,1,17.240517,1.758577,213,200,0
1370,11,19,0,31,1,17.317847,1.765681,213,203,0
1380,12,18,0,31,1,17.419946,1.778993,224,211,0
1390,10,17,0,28,1,17.510158,1.787801,224,215,0
1400,12,13,1,27,1,17.596943,1.795606,224,215,0
1410,13,12,0,26,1,17.648939,1.800912,224,215,0
1420,12,14,0,27,1,17.684189,1.803991,224,215,0
1430,5,5,0,11,1,17.694021,1.806286,224,215,0
1440,10,7,0,18,1,17.689346,1.805419,224,215,0
1450,10,12,0,23,1,17.678839,1.805361,224,215,0
1460,6,10,0,17,1,17.734924,1.810699,225,215,0
1470,14,10,0,25,1,17.804733,1.817693,225,216,0
1480,13,14,0,28,1,17.909428,1.828123,231,218,0
1490,4,5,0,10,1,17.923586,1.830818,231,218,0
1500,16,20,0,37,1,17.992386,1.837333,231,226,0
1510,14,15,1,31,1,18.104628,1.850412,239,233,0
1520,18,16,0,35,1,18.197756,1.861037,242,233,0
1530,8,11,0,20,1,18.279844,1.869654,242,242,0
1540,11,11,0,23,1,18.292177,1.869522,242,242,0
1550,4,5,0,10,1,18.296709,1.869473,242,242,0
1560,1,1,0,3,1,18.237576,1.864392,242,242,0
1570,1,3,0,5,1,18.202012,1.860250,242,242,0
1580,18,11,0,30,1,18.196748,1.857411,242,242,0
1590,15,14,0,30,1,18.261024,1.864686,244,242,0
1600,18,19,0,38,1,18.358710,1.875012,251,244,0
1610,17,16,0,34,1,18.433905,1.882323,253,246,0
1620,17,16,0,34,1,18.529634,1.893164,255,258,0
1630,11,17,1,30,1,18.598565,1.900430,258,261,0
1640,10,10,0,21,1,18.629196,1.902477,258,261,0
1650,13,14,0,28,1,18.644765,1.904058,258,261,0
1660,8,11,0,20,1,18.639431,1.902801,258,261,0
1670,7,18,1,27,1,18.700504,1.908448,258,262,0
1680,12,9,0,22,1,18.753945,1.913319,262,264,0
1690,0,1,0,2,1,18.751159,1.913384,262,264,0
1700,5,8,0,14,1,18.686920,1.906829,262,264,0
1710,15,17,0,33,1,18.729329,1.909447,263,264,0
1720,12,8,0,21,1,18.758343,1.912868,263,264,0
1730,2,5,0,8,1,18.728336,1.909703,263,264,0
1740,2,4,0,7,1,18.646469,1.901252,263,264,0
1750,3,2,0,6,1,18.587056,1.895754,263,264,0
1760,6,12,0,19,1,18.540704,1.890265,263,264,0
1770,11,17,0,29,1,18.549167,1.890375,263,264,0
1780,16,11,0,28,1,18.593622,1.894159,263,265,0
1790,13,11,0,25,1,18.671889,1.902908,263,268,0
1800,18,12,0,31,1,18.719335,1.906030,263,268,0
1810,18,16,0,35,1,18.793106,1.913672,264,269,0
1820,17,15,0,33,1,18.865657,1.921512,267,269,0
1830,19,17,1,38,1,18.951030,1.930442,272,279,0
1840,13,11,0,25,1,18.994646,1.935331,272,280,0
1850,0,0,0,0,0,18.933349,1.930271,272,280,0
1860,0,0,0,0,0,18.846347,1.921726,272,280,0
1870,9,8,0,18,1,18.774970,1.912995,272,280,0
1880,10,10,0,21,1,18.785879,1.913603,272,280,0
1890,4,6,0,11,1,18.790809,1.913401,272,280,0
1900,11,13,0,25,1,18.827589,1.915627,272,280,0
1910,0,0,0,1,1,18.788806,1.915077,272,280,0
1920,5,5,0,11,1,18.737482,1.909046,272,280,0
1930,1,6,0,8,1,18.683531,1.903263,272,280,0
1940,6,11,0,18,1,18.648906,1.897759,272,280,0
1950,1,1,0,3,1,18.602715,1.893283,272,280,0
1960,2,1,0,4,1,18.520394,1.884832,272,280,0
1970,13,6,0,20,1,18.512862,1.883215,272,280,0
1980,11,7,0,19,1,18.519913,1.883768,272,280,0
1990,9,15,0,25,1,18.539145,1.885176,272,280,0
2000,16,13,1,31,1,18.593335,1.889663,272,280,0
2010,5,8,0,14,1,18.594119,1.889780,272,280,0
2020,0,1,0,2,1,18.561260,1.885908,272,280,0
2030,6,12,0,19,1,18.561671,1.886934,273,280,0
2040,17,12,0,30,1,18.598486,1.890712,273,294,0
2050,16,17,0,34,1,18.636852,1.893426,274,294,0
2060,9,8,0,18,1,18.649371,1.896328,281,294,0
2070,12,13,0,26,1,18.678270,1.898086,281,294,0
2080,15,20,0,36,1,18.739228,1.903203,286,294,0
2090,4,6,0,11,1,18.707532,1.900119,286,299,0
2100,17,15,0,33,1,18.689669,1.897153,286,299,0
2110,8,12,0,21,1,18.725666,1.902318,288,299,0
2120,13,15,0,29,1,18.791260,1.908839,291,305,0
2130,10,20,1,32,1,18.853597,1.915395,291,311,0
2140,14,20,0,35,1,18.887462,1.918601,291,312,0
2150,10,8,0,19,1,18.936222,1.924504,291,315,0
2160,12,13,1,27,1,18.967218,1.926964,291,315,0
2170,12,9,1,23,1,19.031040,1.933578,301,316,0
2180,6,8,0,15,1,19.021009,1.933678,301,316,0
2190,6,2,0,9,1,18.982375,1.930949,301,316,0
2200,0,0,0,0,0,18.917837,1.926103,301,316,0
2210,3,5,0,9,1,18.858869,1.919765,301,316,0
2220,18,15,1,35,1,18.892607,1.922603,304,316,0
2230,20,18,1,40,1,18.954719,1.928595,306,322,0
2240,12,15,0,28,1,19.030482,1.937737,321,331,0
2250,0,2,0,3,1,19.032831,1.939575,321,331,0
2260,5,0,0,6,1,18.981518,1.934618,321,331,0
2270,4,1,0,6,1,18.921860,1.928375,321,331,0
2280,4,3,0,8,1,18.871408,1.923588,321,331,0
2290,0,0,0,0,0,18.803300,1.917508,321,331,0
2300,4,1,0,6,1,18.737302,1.910867,321,331,0
2310,0,1,0,2,1,18.668696,1.903203,321,331,0
2320,2,2,0,5,1,18.610192,1.896414,321,331,0
2330,10,6,0,17,1,18.575120,1.892851,321,331,0
2340,10,11,0,22,1,18.576078,1.892794,321,331,0
2350,9,14,1,25,1,18.630594,1.898855,328,340,0
2360,15,11,0,27,1,18.689789,1.905144,336,340,0
2370,13,14,0,28,1,18.741056,1.910625,336,340,0
2380,7,5,0,13,1,18.703916,1.907336,336,340,0
2390,20,19,1,41,1,18.742705,1.909586,347,340,0
2400,10,17,0,28,1,18.784250,1.914888,349,340,0
2410,20,18,1,40,1,18.832263,1.920684,349,347,0
2420,11,18,1,31,1,18.885346,1.926264,352,347,0
2430,16,16,0,33,1,18.940622,1.931824,353,347,0
2440,10,10,0,21,1,18.913560,1.929713,353,347,0
2450,14,7,0,22,1,18.930633,1.931054,353,347,0
2460,3,5,1,10,1,18.941745,1.932030,353,347,0
2470,18,14,0,33,1,18.951873,1.932428,353,347,0
2480,7,3,0,11,1,18.957600,1.933415,353,347,0
2490,1,2,0,4,1,18.898203,1.928072,353,347,0
2500,0,0,0,0,0,18.835130,1.922658,353,347,0
2510,4,2,0,7,1,18.778220,1.916535,353,347,0
2520,9,8,0,18,1,18.769777,1.915361,353,347,0
2530,0,0,0,0,0,18.755567,1.913988,353,347,0
2540,12,12,0,25,1,18.731249,1.909894,353,347,0
2550,14,10,0,25,1,18.770020,1.913317,353,347,0
2560,7,4,0,12,1,18.761617,1.913002,353,347,0
2570,10,7,0,18,1,18.764667,1.911650,353,347,0
2580,9,12,0,22,1,18.776514,1.912038,353,347,0
2590,5,4,0,10,1,18.735708,1.909099,353,347,0
2600,12,17,1,31,1,18.747356,1.909249,353,347,0
2610,11,9,2,23,1,18.794660,1.914529,357,357,0
2620,14,15,2,32,1,18.830744,1.917472,361,357,0
2630,20,19,0,40,1,18.894489,1.924574,374,363,0
2640,12,14,1,28,1,18.930830,1.929331,375,363,0
2650,1,1,0,3,1,18.910726,1.927439,375,363,0
2660,3,3,0,7,1,18.850097,1.922668,375,363,0
2670,6,6,0,13,1,18.815183,1.918670,375,363,0
2680,18,19,0,38,1,18.835547,1.919510,375,367,0
2690,16,19,0,36,1,18.901565,1.926685,390,369,0
2700,3,1,0,5,1,18.897337,1.926989,390,375,0
2710,17,11,0,29,1,18.880689,1.924499,390,375,0
2720,18,17,0,36,1,18.936358,1.930326,406,386,0
2730,11,16,0,28,1,18.995187,1.937198,410,394,0
2740,2,7,0,10,1,18.966125,1.934670,410,394,0
2750,7,2,1,11,1,18.916198,1.928650,410,394,0
2760,14,16,0,31,1,18.923342,1.927888,410,394,0
2770,9,5,0,15,1,18.949707,1.931367,411,394,0
2780,2,0,0,3,1,18.921870,1.928043,411,394,0
2790,3,1,0,5,1,18.902609,1.926301,411,394,0
2800,4,8,0,13,1,18.870068,1.923414,411,394,0
2810,5,9,0,15,1,18.859347,1.922259,411,394,0
2820,5,5,0,11,1,18.822146,1.917851,411,394,0
2830,9,7,0,17,1,18.833985,1.918446,411,394,0
2840,11,10,0,22,1,18.838134,1.918330,411,394,0
2850,18,7,0,26,1,18.849367,1.919693,411,394,0
2860,14,9,0,24,1,18.896868,1.924407,421,395,0
2870,19,15,2,37,1,18.929732,1.927630,421,395,0
2880,10,17,2,30,1,18.973760,1.932401,425,399,0
2890,16,9,0,26,1,19.023540,1.938645,429,402,0
2900,11,15,0,27,1,19.063276,1.942089,433,402,0
2910,6,8,0,15,1,19.035876,1.938969,433,402,0
2920,7,10,0,18,1,19.032942,1.938952,433,402,0
2930,10,17,0,28,1,19.053656,1.940196,433,407,0
2940,17,16,0,34,1,19.092192,1.943327,436,407,0
2950,11,12,0,24,1,19.122302,1.946274,436,408,0
2960,9,12,0,22,1,19.148815,1.948855,436,408,0
2970,7,6,0,14,1,19.151455,1.949141,436,408,0
2980,13,18,0,32,1,19.152232,1.949037,436,408,0
2990,8,20,0,29,1,19.189417,1.953171,437,409,0
3000,8,8,1,18,1,19.217082,1.956136,437,410,0
3010,16,16,1,34,1,19.234050,1.956953,437,410,0
3020,11,9,1,22,1,19.282715,1.962386,441,418,0
3030,12,9,0,22,1,19.299937,1.964090,441,418,0
3040,12,11,0,24,1,19.311208,1.964465,441,418,0
3050,20,17,2,40,1,19.356728,1.969313,447,418,0
3060,19,16,0,36,1,19.408152,1.974892,455,428,0
3070,14,11,0,26,1,19.411189,1.975219,455,428,0
3080,13,12,1,27,1,19.435813,1.978396,455,428,0
3090,6,8,0,15,1,19.445824,1.979170,458,428,0
3100,1,3,0,5,1,19.405389,1.975071,458,428,0
3110,1,2,0,4,1,19.353413,1.969861,458,428,0
3120,5,8,0,14,1,19.331131,1.967417,458,428,0
3130,0,2,0,3,1,19.301636,1.963665,458,428,0
3140,12,16,0,29,1,19.290971,1.962027,458,428,0
3150,4,10,0,15,1,19.290666,1.961699,458,428,0
3160,7,3,0,11,1,19.254643,1.957742,458,428,0
3170,8,4,1,14,1,19.214044,1.953386,458,428,0
3180,15,11,0,27,1,19.226837,1.954709,458,428,0
3190,10,7,0,18,1,19.228403,1.954891,458,428,0
3200,4,6,0,11,1,19.209788,1.952648,458,428,0
3210,5,4,0,10,1,19.174216,1.948809,458,428,0
3220,3,0,0,4,1,19.125305,1.944414,458,428,0
3230,3,1,0,5,1,19.078032,1.939020,458,428,0
3240,1,4,0,6,1,19.045400,1.936030,458,428,0
3250,3,2,0,6,1,18.995094,1.931120,458,428,0
3260,12,8,0,21,1,18.987013,1.929599,458,428,0
3270,11,13,0,25,1,19.007760,1.931071,458,428,0
3280,17,10,0,28,1,19.039375,1.934189,458,429,0
3290,17,19,0,37,1,19.079728,1.938314,463,430,0
3300,0,0,0,0,0,19.085748,1.940266,471,433,0
3310,10,9,0,20,1,19.058832,1.936837,471,433,0
3320,16,14,0,31,1,19.082560,1.938739,471,433,0
3330,7,7,0,15,1,19.105232,1.941423,471,439,0
3340,16,19,0,36,1,19.141372,1.945297,474,441,0
3350,14,19,0,34,1,19.186389,1.950014,477,450,0
3360,14,9,0,24,1,19.194581,1.950633,477,450,0
3370,10,11,1,23,1,19.218380,1.953606,477,450,0
3380,14,10,0,25,1,19.243377,1.956345,477,450,0
3390,10,10,1,22,1,19.261054,1.958516,477,450,0
3400,12,8,0,21,1,19.278508,1.959784,477,456,0
3410,12,8,1,22,1,19.300754,1.961891,477,461,0
3420,12,12,0,25,1,19.304387,1.962166,477,461,0
3430,19,13,0,33,1,19.328827,1.964091,477,461,0
3440,15,15,1,32,1,19.342967,1.965900,482,461,0
3450,12,15,1,29,1,19.370215,1.969156,483,461,0
3460,18,12,2,33,1,19.386413,1.971055,483,461,0
3470,19,18,0,38,1,19.433540,1.976099,492,474,0
3480,6,7,0,14,1,19.458958,1.979745,496,474,0
3490,13,6,1,21,1,19.442522,1.976994,496,474,0
3500,12,16,0,29,1,19.480991,1.980178,498,476,0
3510,15,15,0,31,1,19.519836,1.984091,504,482,0
3520,19,13,0,33,1,19.555601,1.987863,506,490,0
3530,8,14,0,23,1,19.576566,1.989385,513,490,0
3540,15,19,0,35,1,19.615976,1.993013,523,499,0
3550,2,2,0,5,1,19.631616,1.995140,528,510,0
3560,11,8,0,20,1,19.599527,1.991163,528,510,0
3570,0,0,0,1,1,19.575750,1.989564,528,510,0
3580,20,18,0,39,1,19.575986,1.989046,530,516,0
3590,16,14,0,31,1,19.616347,1.993904,536,530,0
3600,18,20,1,40,1,19.660522,1.998303,548,539,0
3610,9,14,0,24,1,19.687814,2.001042,548,545,0
3620,1,1,0,3,1,19.662792,1.999363,548,545,0
3630,6,8,0,15,1,19.636245,1.996067,548,545,0
3640,5,2,0,8,1,19.597518,1.992652,548,545,0
3650,4,2,0,7,1,19.556196,1.988581,548,545,0
3660,10,13,0,24,1,19.545581,1.986693,548,545,0
3670,17,12,1,31,1,19.555590,1.987621,548,545,0
3680,17,15,0,33,1,19.601612,1.992705,557,548,0
3690,17,18,0,36,1,19.651134,1.997595,567,572,0
3700,13,15,0,29,1,19.692106,2.002055,572,580,0
3710,14,14,0,29,1,19.698270,2.003031,572,580,0
3720,20,16,1,38,1,19.738576,2.007697,575,593,0
3730,16,10,0,27,1,19.772638,2.012276,576,598,0
3740,12,12,0,25,1,19.804100,2.016096,579,604,0
3750,6,7,0,14,1,19.802675,2.015799,579,604,0
3760,1,7,0,9,1,19.770890,2.012413,579,604,0
3770,8,6,0,15,1,19.778122,2.012185,581,604,0
3780,10,2,0,13,1,19.778048,2.011976,581,604,0
3790,7,7,1,16,1,19.759178,2.010019,581,604,0
3800,3,2,1,7,1,19.746245,2.008720,581,604,0
3810,1,3,0,5,1,19.718009,2.006292,581,604,0
3820,3,0,0,4,1,19.680865,2.002581,581,604,0
3830,2,2,0,5,1,19.649537,1.999037,581,604,0
3840,4,11,1,17,1,19.620610,1.995686,581,604,0
3850,9,19,0,29,1,19.642057,1.997251,583,605,0
3860,18,19,2,40,1,19.687504,2.001574,594,613,0
3870,17,12,0,30,1,19.729053,2.006766,602,621,0
3880,16,19,0,36,1,19.749554,2.009500,603,622,0
3890,20,20,1,42,1,19.779028,2.012461,604,629,0
3900,17,15,0,33,1,19.806194,2.015503,607,633,0
3910,11,10,0,22,1,19.823131,2.016978,609,633,0
3920,17,16,0,34,1,19.838841,2.018382,609,634,0
3930,13,14,0,28,1,19.874246,2.022261,618,638,0
3940,3,2,0,6,1,19.873885,2.023022,618,638,0
3950,0,5,0,6,1,19.834902,2.019119,618,638,0
3960,3,3,1,8,1,19.802069,2.015789,618,638,0
3970,9,7,0,17,1,19.778622,2.013517,618,638,0
3980,3,8,0,12,1,19.776477,2.013671,618,638,0
3990,7,2,0,10,1,19.758349,2.011272,618,638,0
4000,1,0,0,2,1,19.728351,2.007924,618,638,0
4010,3,3,0,7,1,19.705697,2.005427,618,638,0
4020,3,4,0,8,1,19.666937,2.001597,618,638,0
4030,3,1,0,5,1,19.633170,1.998527,618,638,0
4040,4,1,0,6,1,19.602279,1.995646,618,638,0
4050,9,8,0,18,1,19.569849,1.992255,618,638,0
4060,3,4,0,8,1,19.553909,1.990195,618,638,0
4070,17,17,0,35,1,19.548245,1.988736,618,638,0
4080,19,19,0,39,1,19.574604,1.991382,619,641,0
4090,15,17,0,33,1,19.616588,1.996264,626,658,0
4100,13,9,0,23,1,19.639764,1.998784,636,658,0
4110,16,19,0,36,1,19.657158,1.999676,636,660,0
4120,6,9,0,16,1,19.676354,2.002386,640,665,0
4130,20,10,0,31,1,19.681562,2.002386,641,665,0
4140,18,18,0,37,1,19.716706,2.006913,644,672,0
4150,4,6,0,11,1,19.722600,2.008017,644,672,0
4160,2,4,0,7,1,19.695987,2.005711,644,672,0
4170,2,3,0,6,1,19.669241,2.002410,644,672,0
4180,0,0,0,1,1,19.629834,1.998604,644,672,0
4190,1,4,0,6,1,19.586504,1.994397,644,672,0
4200,2,0,0,3,1,19.553136,1.991347,644,672,0
4210,0,1,0,2,1,19.516714,1.987167,644,672,0
4220,11,13,0,25,1,19.499098,1.984521,644,672,0
4230,12,19,0,32,1,19.526443,1.987221,648,680,0
4240,5,12,1,19,1,19.551571,1.989838,652,681,0
4250,8,12,0,21,1,19.557912,1.990687,652,681,0
4260,14,9,0,24,1,19.544328,1.989078,652,681,0
4270,4,4,0,9,1,19.536400,1.988900,652,681,0
4280,10,19,0,30,1,19.526286,1.986936,652,681,0
4290,0,0,0,1,1,19.509442,1.985564,652,681,0
4300,11,9,0,21,1,19.479220,1.982407,652,681,0
4310,6,2,0,9,1,19.454351,1.980028,652,681,0
4320,3,0,0,4,1,19.431422,1.977660,652,681,0
4330,13,11,0,25,1,19.417038,1.975790,652,681,0
4340,14,15,0,30,1,19.434882,1.977757,653,681,0
4350,5,6,0,12,1,19.447797,1.979640,654,681,0
4360,1,1,0,3,1,19.411285,1.976165,654,681,0
4370,0,0,0,1,1,19.375935,1.973036,654,681,0
4380,14,10,0,25,1,19.366951,1.972039,654,681,0
4390,10,18,0,29,1,19.386009,1.973577,656,681,0
4400,14,10,1,26,1,19.401039,1.975026,656,681,0
4410,5,7,0,13,1,19.398863,1.975408,656,681,0
4420,20,20,0,41,1,19.424473,1.977387,658,687,0
4430,17,19,0,37,1,19.460696,1.981677,665,691,0
4440,3,15,0,19,1,19.478843,1.982898,665,692,0
4450,11,16,0,28,1,19.492846,1.983925,665,693,0
4460,18,20,1,40,1,19.518572,1.986329,667,696,0
4470,12,9,0,22,1,19.549556,1.989856,673,698,0
4480,9,3,0,13,1,19.556593,1.990674,673,698,0
4490,8,13,0,22,1,19.543879,1.989661,673,698,0
4500,16,9,0,26,1,19.565885,1.991731,673,700,0
4510,7,14,0,22,1,19.580128,1.993327,673,703,0
4520,20,19,0,40,1,19.602841,1.995470,674,708,0
4530,14,13,0,28,1,19.638140,1.999748,688,714,0
4540,3,9,0,13,1,19.644994,2.000500,688,714,0
4550,1,2,0,4,1,19.622200,1.998232,688,714,0
4560,5,2,0,8,1,19.587259,1.994326,688,714,0
4570,9,13,1,24,1,19.584069,1.993567,688,714,0
4580,8,10,1,20,1,19.589581,1.995425,688,714,0
4590,15,17,0,33,1,19.595826,1.995581,688,714,0
4600,3,3,0,7,1,19.596610,1.996333,689,714,0
4610,1,0,0,2,1,19.564657,1.993129,689,714,0
4620,1,0,0,2,1,19.531239,1.990170,689,714,0
4630,1,2,0,4,1,19.500165,1.987229,689,714,0
4640,7,6,0,14,1,19.479713,1.984540,689,714,0
4650,2,4,0,7,1,19.451054,1.982018,689,714,0
4660,15,10,0,26,1,19.448136,1.981250,689,714,0
4670,17,16,0,34,1,19.463520,1.983127,690,714,0
4680,19,15,0,35,1,19.487724,1.985815,694,714,0
4690,13,9,0,23,1,19.516111,1.988584,698,715,0
4700,14,6,1,22,1,19.514066,1.988382,698,715,0
4710,12,12,1,26,1,19.537367,1.991150,704,719,0
4720,9,9,0,19,1,19.534895,1.991075,704,719,0
4730,11,15,0,27,1,19.529328,1.990899,704,719,0
4740,9,7,1,18,1,19.533919,1.991242,704,719,0
4750,2,5,0,8,1,19.533098,1.991035,704,719,0
4760,8,7,0,16,1,19.514927,1.988889,704,719,0
4770,2,3,0,6,1,19.498591,1.987271,704,719,0
4780,0,0,0,0,0,19.466140,1.984519,704,719,0
4790,4,1,0,6,1,19.449233,1.982926,704,719,0
4800,8,3,0,12,1,19.442356,1.981892,704,719,0
4810,0,3,0,4,1,19.421392,1.980094,704,719,0
4820,2,2,0,5,1,19.389827,1.976880,704,719,0
4830,5,10,1,17,1,19.383180,1.976080,704,719,0
4840,8,7,0,16,1,19.364625,1.974109,704,719,0
4850,1,4,0,6,1,19.338558,1.971829,704,719,0
4860,0,1,0,2,1,19.305404,1.968534,704,719,0
4870,0,0,0,1,1,19.273036,1.966018,704,719,0
4880,4,7,0,12,1,19.249335,1.963397,704,719,0
4890,1,1,0,3,1,19.224137,1.961115,704,719,0
4900,0,0,0,0,0,19.194588,1.958183,704,719,0
4910,1,1,0,3,1,19.166253,1.955212,704,719,0
4920,7,10,0,18,1,19.145829,1.952441,704,719,0
4930,8,2,0,11,1,19.132248,1.950938,704,719,0
4940,8,14,0,23,1,19.141792,1.951954,704,719,0
4950,12,6,0,19,1,19.139653,1.952060,704,719,0
4960,14,15,0,30,1,19.159208,1.953775,707,719,0
4970,15,11,0,27,1,19.180855,1.956186,708,721,0
4980,18,14,0,33,1,19.214354,1.959484,712,728,0
4990,19,20,1,41,1,19.252745,1.963642,726,743,0
5000,18,18,0,37,1,19.289854,1.967509,739,753,0
5010,17,11,1,30,1,19.313939,1.970569,744,754,0
5020,0,1,0,2,1,19.301405,1.970292,744,754,0
5030,4,3,0,8,1,19.271846,1.967233,744,754,0
5040,9,9,0,19,1,19.251147,1.964801,744,754,0
5050,20,15,0,36,1,19.270331,1.966678,744,756,0
5060,11,16,2,30,1,19.300537,1.970158,753,773,0
5070,6,2,0,9,1,19.304809,1.970672,762,773,0
5080,8,5,0,14,1,19.294272,1.969674,762,773,0
5090,19,12,0,32,1,19.307399,1.970380,762,775,0
5100,6,3,0,10,1,19.313864,1.971670,762,775,0
5110,5,4,0,10,1,19.289891,1.968907,762,775,0
5120,6,6,0,13,1,19.270630,1.966352,762,775,0
5130,10,15,1,27,1,19.277187,1.966943,767,775,0
5140,10,7,0,18,1,19.297925,1.969059,772,775,0
5150,5,9,0,15,1,19.292761,1.968454,772,775,0
5160,9,12,0,22,1,19.280119,1.966659,772,775,0
5170,5,10,1,17,1,19.283858,1.967042,772,775,0
5180,8,4,0,13,1,19.271903,1.966056,772,775,0
5190,5,6,0,12,1,19.249327,1.963792,772,775,0
5200,14,20,1,36,1,19.255021,1.963950,772,775,0
5210,13,9,0,23,1,19.273515,1.965954,772,775,0
5220,17,13,1,32,1,19.297718,1.968385,774,787,0
5230,11,9,0,21,1,19.306183,1.969903,774,787,0
5240,11,20,0,32,1,19.323347,1.971655,774,795,0
5250,20,17,1,39,1,19.349448,1.974549,774,797,0
5260,18,16,1,36,1,19.373049,1.976688,777,799,0
5270,11,11,0,23,1,19.389405,1.978511,779,799,0
5280,20,11,2,34,1,19.407639,1.980601,781,799,0
5290,13,12,0,26,1,19.425050,1.982913,792,799,0
5300,10,7,0,18,1,19.435666,1.983842,792,799,0
5310,5,8,0,14,1,19.421623,1.982332,792,799,0
5320,0,4,0,5,1,19.399944,1.980232,792,799,0
5330,6,2,0,9,1,19.370970,1.977084,792,799,0
5340,4,2,0,7,1,19.355727,1.975640,792,799,0
5350,1,1,0,3,1,19.326658,1.973237,792,799,0
5360,9,8,0,18,1,19.308041,1.970583,792,799,0
5370,3,4,0,8,1,19.292782,1.969325,792,799,0
5380,6,4,1,12,1,19.290858,1.969052,792,799,0
5390,17,20,1,39,1,19.299565,1.969306,793,799,0
5400,15,20,0,36,1,19.330573,1.972843,796,808,0
5410,20,12,0,33,1,19.349297,1.974641,799,812,0
5420,14,13,0,28,1,19.372339,1.976732,800,814,0
5430,14,17,0,32,1,19.401227,1.979568,810,825,0
5440,16,14,0,31,1,19.429827,1.982598,824,834,0
5450,8,6,0,15,1,19.450985,1.985055,830,835,0
5460,12,11,0,24,1,19.456987,1.985889,830,835,0
5470,13,13,0,27,1,19.466148,1.986712,830,835,0
5480,4,4,0,9,1,19.475055,1.988028,831,835,0
5490,0,0,0,1,1,19.454131,1.985595,831,835,0
5500,2,0,0,3,1,19.422852,1.983064,831,835,0
5510,2,0,0,3,1,19.398409,1.981080,831,835,0
5520,1,2,0,4,1,19.368022,1.977974,831,835,0
5530,0,0,0,1,1,19.350433,1.976503,831,835,0
5540,6,7,0,14,1,19.334177,1.974839,831,835,0
5550,0,0,0,1,1,19.316061,1.973240,831,835,0
5560,0,0,0,1,1,19.292200,1.970617,831,835,0
5570,13,9,0,23,1,19.268804,1.967971,831,835,0
5580,18,13,0,32,1,19.277392,1.968845,831,835,0
5590,11,7,0,19,1,19.287690,1.970182,836,835,0
5600,8,9,0,18,1,19.295863,1.971264,836,835,0
5610,20,20,0,41,1,19.312283,1.972220,838,836,0
5620,20,20,0,41,1,19.345210,1.975687,847,857,0
5630,2,5,0,8,1,19.359069,1.978140,853,866,0
5640,4,9,0,14,1,19.343657,1.976274,853,866,0
5650,20,13,0,34,1,19.352386,1.976625,853,868,0
5660,19,17,0,37,1,19.373444,1.978666,861,872,0
5670,5,8,0,14,1,19.391210,1.980513,861,881,0
5680,3,2,0,6,1,19.376679,1.978847,861,881,0
5690,4,7,0,12,1,19.375925,1.978626,861,881,0
5700,0,0,0,1,1,19.355865,1.977035,861,881,0
5710,1,0,0,2,1,19.325457,1.974314,861,881,0
5720,5,2,0,8,1,19.300918,1.972014,861,881,0
5730,9,5,0,15,1,19.284725,1.970391,861,881,0
5740,12,10,0,23,1,19.285799,1.970215,861,881,0
5750,5,11,0,17,1,19.290210,1.970802,861,881,0
5760,5,3,0,9,1,19.283705,1.970063,861,881,0
5770,12,16,0,29,1,19.285345,1.969460,861,882,0
5780,6,0,0,7,1,19.287299,1.970039,862,882,0
5790,6,11,0,18,1,19.264068,1.967767,862,882,0
5800,15,9,0,25,1,19.276906,1.969006,867,882,0
5810,10,10,0,21,1,19.278276,1.969177,867,882,0
5820,19,14,0,34,1,19.295978,1.970774,867,882,0
5830,18,13,1,33,1,19.321147,1.973653,877,887,0
5840,16,15,0,32,1,19.343790,1.976308,879,894,0
5850,14,19,0,34,1,19.372086,1.979195,893,897,0
5860,16,20,0,37,1,19.398580,1.982243,893,910,0
5870,9,5,0,15,1,19.407761,1.983418,893,917,0
5880,6,6,0,13,1,19.400586,1.982714,893,917,0
5890,8,5,0,14,1,19.386749,1.981226,893,917,0
5900,12,6,0,19,1,19.381881,1.981101,893,917,0
5910,8,13,0,22,1,19.390354,1.981653,893,917,0
5920,11,19,1,32,1,19.404992,1.982699,897,925,0
5930,19,13,0,33,1,19.431275,1.985414,912,931,0
5940,12,8,0,21,1,19.452391,1.988354,922,940,0
5950,15,12,0,28,1,19.452390,1.988314,922,940,0
5960,12,12,0,25,1,19.458859,1.989037,922,940,0
5970,11,13,1,26,1,19.472358,1.990105,926,940,0
5980,13,12,1,27,1,19.479668,1.990710,928,941,0
5990,2,11,0,14,1,19.473238,1.990422,928,941,0
6000,2,3,0,6,1,19.462044,1.989408,928,941,0
6010,13,7,0,21,1,19.461490,1.989244,928,941,0
6020,10,10,0,21,1,19.458091,1.988958,928,941,0
6030,12,20,1,34,1,19.475002,1.990243,928,941,0
6040,15,13,0,29,1,19.490937,1.991933,928,942,0
6050,8,8,1,18,1,19.494390,1.992315,928,942,0
6060,6,19,0,26,1,19.507381,1.993806,928,945,0
6070,11,5,0,17,1,19.506222,1.993715,928,945,0
6080,12,10,1,24,1,19.515657,1.994775,932,945,0
6090,18,20,0,39,1,19.538026,1.996855,934,960,0
6100,11,19,1,32,1,19.565910,2.000370,942,985,0
6110,12,11,1,25,1,19.581662,2.002610,942,991,0
6120,13,11,2,27,1,19.592472,2.004043,942,991,0
6130,11,13,0,25,1,19.609459,2.006041,948,997,0
6140,7,7,0,15,1,19.613928,2.006557,948,997,0
6150,18,13,0,32,1,19.628764,2.007866,952,997,0
6160,15,20,0,36,1,19.643263,2.009207,952,1001,0
6170,10,19,1,31,1,19.669934,2.011861,953,1015,0
6180,20,11,0,32,1,19.690207,2.013927,960,1016,0
6190,10,14,0,25,1,19.683182,2.013600,960,1016,0
6200,4,2,1,8,1,19.669946,2.012337,960,1016,0
6210,6,6,0,13,1,19.647853,2.009837,960,1016,0
6220,3,3,0,7,1,19.625916,2.007750,960,1016,0
6230,2,0,0,3,1,19.601935,2.005684,960,1016,0
6240,12,19,0,32,1,19.614140,2.006463,963,1018,0
6250,8,7,0,16,1,19.607239,2.005421,963,1018,0
6260,20,15,0,36,1,19.618281,2.006313,966,1018,0
6270,13,17,1,32,1,19.634657,2.008145,972,1018,0
6280,17,11,1,30,1,19.663722,2.011732,987,1030,0
6290,12,15,0,28,1,19.674935,2.012969,987,1030,0
6300,5,5,0,11,1,19.676679,2.013368,987,1030,0
6310,2,1,0,4,1,19.664244,2.011989,987,1030,0
6320,7,9,0,17,1,19.643592,2.009900,987,1030,0
6330,5,8,0,14,1,19.640241,2.009483,987,1030,0
6340,4,5,1,11,1,19.620998,2.006988,987,1030,0
6350,10,9,0,20,1,19.612428,2.005910,987,1030,0
6360,10,12,0,23,1,19.615942,2.006391,987,1030,0
6370,17,13,0,31,1,19.630084,2.008023,988,1030,0
6380,8,9,0,18,1,19.639470,2.009040,988,1030,0
6390,3,1,0,5,1,19.638149,2.009251,988,1030,0
6400,1,4,0,6,1,19.614908,2.006672,988,1030,0
6410,1,1,0,3,1,19.590301,2.004595,988,1030,0
6420,4,9,1,15,1,19.574646,2.002569,988,1030,0
6430,5,8,0,14,1,19.561613,2.001419,988,1030,0
6440,14,16,0,31,1,19.565045,2.001571,988,1030,0
6450,17,11,0,29,1,19.574294,2.002223,988,1030,0
6460,15,14,0,30,1,19.596439,2.005084,995,1042,0
6470,1,8,0,10,1,19.595807,2.005265,995,1042,0
6480,3,4,0,8,1,19.581768,2.004262,995,1042,0
6490,6,5,0,12,1,19.568638,2.002467,995,1042,0
6500,13,14,0,28,1,19.572236,2.002417,995,1042,0
6510,13,15,0,29,1,19.578836,2.003178,995,1042,0
6520,16,13,0,30,1,19.589054,2.004090,995,1042,0
6530,7,9,1,18,1,19.603950,2.005637,1004,1042,0
6540,1,3,0,5,1,19.588827,2.004333,1004,1042,0
6550,5,3,0,9,1,19.572643,2.002356,1004,1042,0
6560,12,9,1,23,1,19.572747,2.002452,1004,1042,0
6570,6,3,0,10,1,19.572719,2.002784,1004,1042,0
6580,2,2,0,5,1,19.548733,2.000570,1004,1042,0
6590,1,1,1,4,1,19.524028,1.998281,1004,1042,0
6600,6,13,0,20,1,19.514088,1.996945,1004,1042,0
6610,12,6,1,20,1,19.514046,1.997025,1004,1042,0
6620,14,17,0,32,1,19.519379,1.997130,1004,1042,0
6630,12,13,0,26,1,19.528684,1.998074,1007,1042,0
6640,4,2,0,7,1,19.523551,1.997602,1007,1042,0
6650,2,3,0,6,1,19.509918,1.996076,1007,1042,0
6660,3,6,0,10,1,19.488259,1.993730,1007,1042,0
6670,4,5,0,10,1,19.467655,1.991767,1007,1042,0
6680,3,1,0,5,1,19.446859,1.989784,1007,1042,0
6690,9,7,0,17,1,19.439244,1.988662,1007,1042,0
6700,12,11,2,26,1,19.445462,1.989169,1007,1042,0
6710,10,11,2,24,1,19.454535,1.990150,1007,1042,0
6720,10,6,0,17,1,19.466075,1.991020,1007,1043,0
6730,3,1,0,5,1,19.456937,1.990169,1007,1043,0
6740,5,9,0,15,1,19.438020,1.987986,1007,1043,0
6750,10,16,1,28,1,19.429343,1.986821,1007,1043,0
6760,4,3,0,8,1,19.432196,1.987136,1007,1043,0
6770,2,2,0,5,1,19.411782,1.984803,1007,1043,0
6780,12,9,0,22,1,19.406556,1.983993,1007,1043,0
6790,11,18,1,31,1,19.408290,1.984434,1007,1043,0
6800,15,17,2,35,1,19.429621,1.986699,1010,1045,0
6810,18,13,0,32,1,19.439164,1.987818,1010,1045,0
6820,12,13,0,26,1,19.449931,1.989270,1012,1045,0
6830,20,13,1,35,1,19.464573,1.990761,1012,1046,0
6840,8,13,0,22,1,19.469040,1.991599,1012,1046,0
6850,4,4,0,9,1,19.458280,1.990609,1012,1046,0
6860,16,13,1,31,1,19.471483,1.991478,1012,1047,0
6870,5,12,0,18,1,19.479474,1.992614,1012,1047,0
6880,0,0,0,1,1,19.464065,1.991446,1012,1047,0
6890,7,6,0,14,1,19.444170,1.989225,1012,1047,0
6900,8,7,0,16,1,19.428313,1.987625,1012,1047,0
6910,7,5,0,13,1,19.434979,1.988770,1012,1053,0
6920,11,10,0,22,1,19.437112,1.989010,1012,1053,0
6930,3,3,0,7,1,19.429570,1.988201,1012,1053,0
6940,8,5,1,15,1,19.419011,1.986936,1012,1053,0
6950,3,1,0,5,1,19.398149,1.985145,1012,1053,0
6960,10,6,0,17,1,19.384762,1.983796,1012,1053,0
6970,18,12,0,31,1,19.395007,1.984108,1012,1053,0
6980,15,13,0,29,1,19.409066,1.985917,1020,1054,0
6990,17,17,1,36,1,19.429716,1.988109,1037,1054,0
7000,7,8,0,16,1,19.434665,1.988375,1044,1054,0
7010,10,8,1,20,1,19.436466,1.988610,1044,1054,0
7020,11,11,0,23,1,19.448877,1.989872,1044,1054,0
7030,7,6,0,14,1,19.450879,1.990244,1044,1054,0
7040,5,2,0,8,1,19.443296,1.989778,1044,1054,0
7050,14,11,1,27,1,19.440705,1.989389,1044,1054,0
7060,9,7,0,17,1,19.445483,1.989899,1044,1054,0
7070,15,20,0,36,1,19.463327,1.991890,1046,1064,0
7080,17,10,0,28,1,19.478614,1.993446,1049,1065,0
7090,14,17,0,32,1,19.497191,1.995742,1058,1068,0
7100,14,15,1,31,1,19.510270,1.997274,1058,1068,0
7110,18,12,1,32,1,19.528017,1.999225,1062,1069,0
7120,7,4,0,12,1,19.537790,2.000504,1062,1071,0
7130,13,9,0,23,1,19.529881,1.999426,1062,1071,0
7140,9,12,0,22,1,19.524170,1.998546,1062,1071,0
7150,7,6,0,14,1,19.536293,1.999778,1063,1071,0
7160,4,3,0,8,1,19.522532,1.998046,1063,1071,0
7170,2,2,0,5,1,19.504370,1.996208,1063,1071,0
7180,0,0,0,1,1,19.481925,1.994386,1063,1071,0
7190,5,6,0,12,1,19.464201,1.992619,1063,1071,0
7200,3,5,0,9,1,19.444069,1.990832,1063,1071,0
7210,1,7,0,9,1,19.437695,1.989661,1063,1071,0
7220,8,11,0,20,1,19.422355,1.988139,1063,1071,0
7230,10,17,0,28,1,19.421153,1.987501,1063,1071,0
7240,14,11,0,26,1,19.432565,1.988548,1063,1071,0
7250,1,4,0,6,1,19.434302,1.988718,1063,1071,0
7260,6,2,0,9,1,19.413478,1.986859,1063,1071,0
7270,5,9,0,15,1,19.399047,1.985263,1063,1071,0
7280,15,11,2,29,1,19.403850,1.985523,1066,1071,0
7290,3,5,0,9,1,19.400267,1.985288,1066,1071,0
7300,0,2,0,3,1,19.389691,1.984031,1066,1071,0
7310,2,2,0,5,1,19.373349,1.982573,1066,1071,0
7320,3,3,0,7,1,19.352442,1.980398,1066,1071,0
7330,6,2,0,9,1,19.332251,1.978269,1066,1071,0
7340,13,11,0,25,1,19.335543,1.978074,1066,1071,0
7350,10,5,0,16,1,19.335781,1.977982,1066,1071,0
7360,0,0,0,0,0,19.318454,1.976477,1066,1071,0
7370,3,1,0,5,1,19.303043,1.974592,1066,1071,0
7380,6,8,0,15,1,19.295442,1.973397,1066,1071,0
7390,2,3,0,6,1,19.282738,1.972092,1066,1071,0
7400,0,1,0,2,1,19.263758,1.970199,1066,1071,0
7410,8,11,0,20,1,19.243946,1.968249,1066,1071,0
7420,7,7,0,15,1,19.245854,1.968356,1066,1071,0
7430,0,0,0,0,0,19.230722,1.967344,1066,1071,0
7440,6,6,0,13,1,19.219683,1.965802,1066,1071,0
7450,0,0,0,0,0,19.200373,1.964496,1066,1071,0
7460,0,0,0,0,0,19.177680,1.962920,1066,1071,0
7470,5,2,0,8,1,19.157817,1.961041,1066,1071,0
7480,6,9,0,16,1,19.139954,1.959043,1066,1071,0
7490,13,10,1,25,1,19.147678,1.959531,1066,1072,0
7500,11,13,0,25,1,19.156219,1.960424,1066,1072,0
7510,11,20,0,32,1,19.169645,1.961443,1066,1076,0
7520,10,6,0,17,1,19.165556,1.961151,1066,1076,0
7530,6,17,0,24,1,19.166869,1.961011,1066,1076,0
7540,8,12,0,21,1,19.174221,1.962236,1066,1086,0
7550,19,19,1,40,1,19.183559,1.962812,1068,1087,0
7560,8,11,0,20,1,19.201927,1.965242,1076,1088,0
7570,7,7,0,15,1,19.201263,1.965592,1076,1088,0
7580,4,2,0,7,1,19.184076,1.963665,1076,1088,0
7590,0,1,0,2,1,19.167787,1.961699,1076,1088,0
7600,4,1,0,6,1,19.146516,1.959461,1076,1088,0
7610,3,7,0,11,1,19.132200,1.957804,1076,1088,0
7620,5,11,0,17,1,19.114858,1.956390,1076,1088,0
7630,12,16,0,29,1,19.123106,1.957096,1076,1088,0
7640,14,11,0,26,1,19.130383,1.958121,1076,1088,0
7650,12,9,0,22,1,19.134545,1.958382,1076,1088,0
7660,19,11,1,32,1,19.144386,1.959146,1079,1088,0
7670,10,12,0,23,1,19.152691,1.960015,1079,1088,0
7680,5,3,0,9,1,19.152785,1.959991,1079,1088,0
7690,0,0,0,0,0,19.133297,1.958093,1079,1088,0
7700,2,2,0,5,1,19.119603,1.956632,1079,1088,0
7710,10,8,0,19,1,19.119240,1.956536,1079,1088,0
7720,1,0,0,2,1,19.108424,1.955603,1079,1088,0
7730,8,10,0,19,1,19.093452,1.953883,1079,1088,0
7740,10,12,0,23,1,19.097914,1.954513,1079,1088,0
7750,4,3,0,8,1,19.093286,1.954445,1079,1088,0
7760,14,17,0,32,1,19.084541,1.953387,1079,1088,0
7770,8,8,0,17,1,19.095687,1.954958,1079,1091,0
7780,6,6,0,13,1,19.081473,1.953494,1079,1091,0
7790,9,15,0,25,1,19.087602,1.953857,1080,1091,0
7800,13,15,0,29,1,19.100087,1.955153,1080,1091,0
7810,13,13,0,27,1,19.111905,1.956611,1080,1094,0
7820,19,9,0,29,1,19.123312,1.957489,1082,1094,0
7830,5,5,1,12,1,19.124622,1.957768,1083,1094,0
7840,0,0,0,0,0,19.109262,1.956520,1083,1094,0
7850,9,11,0,21,1,19.101266,1.955387,1083,1094,0
7860,8,5,0,14,1,19.103354,1.955669,1083,1094,0
7870,16,16,0,33,1,19.110261,1.955986,1083,1094,0
7880,14,8,0,23,1,19.120756,1.957078,1083,1097,0
7890,10,13,2,26,1,19.121907,1.956960,1083,1097,0
7900,15,16,0,32,1,19.137795,1.958604,1092,1102,0
7910,5,14,0,20,1,19.158799,1.961102,1095,1109,0
7920,2,5,0,8,1,19.154367,1.960640,1095,1109,0
7930,0,0,0,1,1,19.134988,1.958851,1095,1109,0
7940,6,4,0,11,1,19.119868,1.956816,1095,1109,0
7950,20,20,2,43,1,19.122721,1.956698,1095,1115,0
7960,13,19,1,34,1,19.143078,1.958950,1108,1117,0
7970,1,4,0,6,1,19.146400,1.959560,1108,1117,0
7980,0,1,0,2,1,19.126073,1.957899,1108,1117,0
7990,2,2,0,5,1,19.111671,1.956191,1108,1117,0
8000,4,4,0,9,1,19.106157,1.955469,1108,1117,0
8010,6,2,0,9,1,19.094095,1.953928,1108,1117,0
8020,13,6,1,21,1,19.091158,1.953371,1108,1117,0
8030,17,19,1,38,1,19.108480,1.954539,1112,1126,0
8040,9,8,1,19,1,19.114509,1.955598,1112,1126,0
8050,11,11,0,23,1,19.114127,1.955453,1112,1126,0
8060,0,0,0,0,0,19.108710,1.954992,1112,1126,0
8070,14,11,0,26,1,19.097562,1.953845,1112,1126,0
8080,20,19,0,40,1,19.105335,1.954634,1117,1127,0
8090,18,17,0,36,1,19.125509,1.957162,1121,1140,0
8100,13,14,0,28,1,19.145414,1.959192,1130,1145,0
8110,19,19,0,39,1,19.165856,1.961400,1138,1149,0
8120,14,17,1,33,1,19.183655,1.963561,1138,1151,0
8130,10,11,0,22,1,19.186266,1.963673,1138,1151,0
8140,1,0,0,2,1,19.174640,1.962624,1138,1151,0
8150,12,9,0,22,1,19.165432,1.961551,1138,1151,0
8160,14,16,0,31,1,19.180312,1.963140,1140,1155,0
8170,14,9,1,25,1,19.193982,1.964581,1140,1156,0
8180,12,20,1,34,1,19.200492,1.965437,1140,1159,0
8190,11,11,0,23,1,19.213374,1.967215,1140,1167,0
8200,16,14,0,31,1,19.225897,1.968219,1141,1167,0
8210,7,8,0,16,1,19.231243,1.968758,1142,1167,0
8220,13,5,0,19,1,19.231953,1.968799,1142,1167,0
8230,7,8,0,16,1,19.226039,1.967965,1142,1167,0
8240,0,0,0,1,1,19.214902,1.967184,1142,1167,0
8250,9,13,0,23,1,19.206888,1.966405,1142,1167,0
8260,4,2,0,7,1,19.194363,1.965285,1142,1167,0
8270,12,2,0,15,1,19.191038,1.964645,1142,1167,0
8280,8,9,0,18,1,19.188514,1.963966,1142,1167,0
8290,19,20,0,40,1,19.199790,1.964724,1145,1171,0
8300,13,16,0,30,1,19.218261,1.966487,1147,1172,0
8310,16,12,0,29,1,19.236201,1.968704,1149,1187,0
8320,18,14,1,34,1,19.254211,1.970734,1166,1198,0
8330,15,20,1,37,1,19.267402,1.972101,1166,1203,0
8340,19,11,0,31,1,19.287140,1.974429,1180,1216,0
8350,11,14,0,26,1,19.304067,1.975960,1187,1219,0
8360,15,20,0,36,1,19.313669,1.976791,1187,1223,0
8370,11,7,1,20,1,19.326833,1.978542,1193,1226,0
8380,10,14,0,25,1,19.331071,1.978678,1193,1226,0
8390,16,17,0,34,1,19.347478,1.980592,1193,1240,0
8400,10,7,0,18,1,19.358373,1.982014,1194,1240,0
8410,8,2,0,11,1,19.357294,1.981726,1194,1240,0
8420,6,4,0,11,1,19.352403,1.980712,1194,1240,0
8430,10,15,0,26,1,19.350847,1.980377,1194,1240,0
8440,6,9,0,16,1,19.354309,1.980653,1194,1240,0
8450,6,1,0,8,1,19.339383,1.979166,1194,1240,0
8460,5,6,0,12,1,19.324620,1.977218,1194,1240,0
8470,7,13,0,21,1,19.328658,1.977577,1194,1241,0
8480,0,0,0,1,1,19.316008,1.976396,1194,1241,0
8490,1,2,0,4,1,19.300248,1.974944,1194,1241,0
8500,2,1,0,4,1,19.282961,1.973240,1194,1241,0
8510,2,3,0,6,1,19.271121,1.972092,1194,1241,0
8520,4,2,0,7,1,19.260326,1.970602,1194,1241,0
8530,0,0,0,0,0,19.240951,1.968827,1194,1241,0
8540,11,14,1,27,1,19.233920,1.967535,1194,1241,0
8550,7,3,0,11,1,19.227849,1.966790,1194,1241,0
8560,13,16,1,31,1,19.233841,1.967210,1194,1241,0
8570,15,13,0,29,1,19.245425,1.968413,1194,1245,0
8580,4,5,0,10,1,19.248003,1.968859,1198,1245,0
8590,13,19,0,33,1,19.254357,1.969151,1198,1246,0
8600,6,8,0,15,1,19.253341,1.969300,1198,1246,0
8610,9,7,0,17,1,19.246999,1.968552,1198,1246,0
8620,5,8,0,14,1,19.244627,1.968398,1198,1246,0
8630,1,3,0,5,1,19.226215,1.966532,1198,1246,0
8640,3,0,0,4,1,19.215652,1.965447,1198,1246,0
8650,2,3,0,6,1,19.196097,1.963743,1198,1246,0
8660,0,0,0,0,0,19.177983,1.962000,1198,1246,0
8670,5,2,0,8,1,19.158613,1.960128,1198,1246,0
8680,9,7,0,17,1,19.145110,1.958741,1198,1246,0
8690,18,19,0,38,1,19.148923,1.958825,1198,1249,0
8700,18,20,0,39,1,19.170044,1.961234,1214,1257,0
8710,19,19,0,39,1,19.185701,1.962968,1216,1258,0
8720,7,10,0,18,1,19.200617,1.964903,1224,1258,0
8730,1,2,0,4,1,19.191009,1.963959,1224,1258,0
8740,6,3,0,10,1,19.172300,1.962245,1224,1258,0
8750,13,8,1,23,1,19.177805,1.962549,1229,1258,0
8760,8,12,0,21,1,19.185119,1.963383,1233,1258,0
8770,2,4,0,7,1,19.191202,1.964022,1233,1258,0
8780,3,3,0,7,1,19.174220,1.962346,1233,1258,0
8790,3,2,0,6,1,19.158968,1.960710,1233,1258,0
8800,6,8,1,16,1,19.141680,1.959162,1233,1258,0
8810,17,10,0,28,1,19.142405,1.959070,1233,1258,0
8820,9,16,1,27,1,19.153039,1.960266,1233,1260,0
8830,15,15,0,31,1,19.163513,1.961104,1234,1260,0
8840,0,4,0,5,1,19.159516,1.961097,1234,1260,0
8850,6,7,0,14,1,19.152167,1.960270,1234,1260,0
8860,12,9,1,23,1,19.146376,1.959534,1234,1260,0
8870,2,0,0,3,1,19.142916,1.959422,1234,1260,0
8880,7,6,0,14,1,19.136967,1.958807,1234,1260,0
8890,5,6,0,12,1,19.127448,1.957848,1234,1260,0
8900,4,6,0,11,1,19.120198,1.957212,1234,1260,0
8910,2,4,0,7,1,19.105968,1.955658,1234,1260,0
8920,2,2,0,5,1,19.090716,1.954135,1234,1260,0
8930,10,5,0,16,1,19.077571,1.952738,1234,1260,0
8940,11,10,0,22,1,19.075043,1.952294,1234,1260,0
8950,3,5,0,9,1,19.074716,1.952432,1234,1260,0
8960,5,4,0,10,1,19.062761,1.951447,1234,1260,0
8970,3,4,2,10,1,19.052159,1.950199,1234,1260,0
8980,17,13,0,31,1,19.064723,1.951055,1239,1264,0
8990,12,16,1,30,1,19.083692,1.953368,1247,1277,0
9000,19,20,0,40,1,19.100427,1.955075,1254,1278,0
9010,12,19,0,32,1,19.113113,1.956655,1260,1279,0
9020,12,6,1,20,1,19.127442,1.958248,1270,1281,0
9030,15,19,0,35,1,19.143174,1.959741,1274,1291,0
9040,18,15,0,34,1,19.156446,1.961048,1274,1296,0
9050,19,17,0,37,1,19.173769,1.963059,1282,1301,0
9060,14,14,0,29,1,19.184311,1.964197,1286,1301,0
9070,13,11,0,25,1,19.194308,1.965080,1290,1301,0
9080,1,0,0,2,1,19.185393,1.964360,1290,1301,0
9090,11,8,0,20,1,19.169146,1.962645,1290,1301,0
9100,16,13,0,30,1,19.165757,1.962136,1290,1301,0
9110,15,18,0,34,1,19.172853,1.962458,1290,1301,0
9120,19,17,0,37,1,19.187833,1.964007,1297,1302,0
9130,12,12,1,26,1,19.200091,1.965387,1306,1305,0
9140,16,12,0,29,1,19.204069,1.965920,1306,1305,0
9150,9,9,2,21,1,19.213083,1.966924,1308,1305,0
9160,10,7,0,18,1,19.205765,1.966189,1308,1305,0
9170,16,14,0,31,1,19.207632,1.966308,1308,1305,0
9180,20,18,1,40,1,19.222461,1.967885,1310,1307,0
9190,15,18,0,34,1,19.237556,1.969708,1314,1318,0
9200,10,15,0,26,1,19.252362,1.971371,1324,1322,0
9210,20,19,0,40,1,19.269043,1.972983,1335,1325,0
9220,9,8,0,18,1,19.279757,1.974183,1335,1326,0
9230,12,18,0,31,1,19.287707,1.974683,1335,1326,0
9240,17,16,0,34,1,19.298562,1.975896,1341,1326,0
9250,12,12,0,25,1,19.311885,1.977450,1342,1332,0
9260,6,9,0,16,1,19.314517,1.977975,1342,1332,0
9270,14,7,0,22,1,19.312119,1.977787,1342,1332,0
9280,19,19,0,39,1,19.327137,1.979164,1345,1338,0
9290,15,16,1,33,1,19.336753,1.980207,1353,1338,0
9300,9,10,0,20,1,19.338989,1.980690,1353,1339,0
9310,5,14,0,20,1,19.332315,1.980151,1353,1339,0
9320,15,7,0,23,1,19.336531,1.980858,1353,1339,0
9330,20,20,3,44,1,19.351578,1.982130,1362,1343,0
9340,14,15,0,30,1,19.362839,1.983515,1363,1348,0
9350,11,13,0,25,1,19.371609,1.984448,1363,1348,0
9360,16,12,0,29,1,19.376254,1.984981,1363,1348,0
9370,7,7,0,15,1,19.386427,1.986319,1363,1353,0
9380,3,15,0,19,1,19.387119,1.986316,1363,1353,0
9390,1,3,0,5,1,19.374692,1.985294,1363,1353,0
9400,11,8,0,20,1,19.364556,1.984030,1363,1353,0
9410,12,1,1,15,1,19.366546,1.984139,1363,1353,0
9420,0,0,0,1,1,19.354633,1.983363,1363,1353,0
9430,13,7,0,21,1,19.343245,1.982101,1363,1353,0
9440,11,15,0,27,1,19.343162,1.982062,1363,1353,0
9450,6,7,0,14,1,19.344714,1.982234,1363,1353,0
9460,0,2,0,3,1,19.328401,1.980682,1363,1353,0
9470,2,0,0,3,1,19.310861,1.978983,1363,1353,0
9480,0,1,0,2,1,19.293808,1.977226,1363,1353,0
9490,0,0,0,1,1,19.277038,1.975477,1363,1353,0
9500,0,1,0,2,1,19.258444,1.973733,1363,1353,0
9510,2,4,0,7,1,19.241661,1.972238,1363,1353,0
9520,8,4,0,13,1,19.229442,1.970913,1363,1353,0
9530,11,7,0,19,1,19.233592,1.970947,1363,1353,0
9540,3,2,0,6,1,19.220464,1.970016,1363,1353,0
9550,6,9,0,16,1,19.207612,1.968796,1363,1353,0
9560,1,2,0,4,1,19.204860,1.968610,1363,1353,0
9570,8,3,0,12,1,19.189359,1.967349,1363,1353,0
9580,5,7,0,13,1,19.178309,1.966038,1363,1353,0
9590,13,17,0,31,1,19.184476,1.966576,1364,1353,0
9600,17,11,0,29,1,19.197426,1.967958,1371,1361,0
9610,18,18,1,38,1,19.213031,1.969590,1372,1362,0
9620,7,4,0,12,1,19.220120,1.970601,1380,1362,0
9630,3,5,2,11,1,19.212943,1.969918,1380,1362,0
9640,18,10,0,29,1,19.212234,1.969438,1380,1363,0
9650,10,10,0,21,1,19.220892,1.970588,1383,1363,0
9660,5,5,0,11,1,19.209546,1.969499,1383,1363,0
9670,1,1,0,3,1,19.193703,1.968115,1383,1363,0
9680,3,6,0,10,1,19.180461,1.966685,1383,1363,0
9690,8,6,0,15,1,19.172652,1.965542,1383,1363,0
9700,20,18,0,39,1,19.177497,1.965925,1386,1363,0
9710,14,14,0,29,1,19.189904,1.967271,1392,1370,0
9720,1,1,0,3,1,19.191038,1.967772,1392,1370,0
9730,2,0,0,3,1,19.174636,1.966391,1392,1370,0
9740,4,1,0,6,1,19.160049,1.965009,1392,1370,0
9750,0,0,0,0,0,19.151682,1.964285,1392,1370,0
9760,13,13,2,29,1,19.152912,1.963803,1392,1370,0
9770,15,10,0,26,1,19.155491,1.963975,1392,1370,0
9780,15,8,1,25,1,19.168505,1.965197,1397,1373,0
9790,13,9,0,23,1,19.174794,1.965894,1397,1373,0
9800,20,20,1,42,1,19.187962,1.967296,1402,1378,0
9810,9,10,0,20,1,19.203890,1.969125,1411,1382,0
9820,7,5,0,13,1,19.208283,1.969689,1411,1382,0
9830,2,3,0,6,1,19.197185,1.968562,1411,1382,0
9840,1,3,1,6,1,19.182899,1.967190,1411,1382,0
9850,3,6,0,10,1,19.166947,1.965830,1411,1382,0
9860,1,0,0,2,1,19.151067,1.964498,1411,1382,0
9870,1,0,0,2,1,19.136274,1.963133,1411,1382,0
9880,12,7,0,20,1,19.126807,1.961989,1411,1382,0
9890,19,14,0,34,1,19.141237,1.963214,1418,1388,0
9900,8,15,0,24,1,19.149351,1.964199,1418,1388,0
9910,5,7,0,13,1,19.153009,1.964543,1418,1388,0
9920,16,11,0,28,1,19.154100,1.964645,1418,1388,0
9930,9,12,1,23,1,19.163054,1.965776,1418,1390,0
9940,1,2,0,4,1,19.156305,1.965053,1418,1390,0
9950,0,0,0,0,0,19.139628,1.963271,1418,1390,0
9960,12,9,0,22,1,19.134481,1.962410,1418,1390,0
9970,8,9,1,19,1,19.137579,1.962819,1418,1390,0
9980,5,7,0,13,1,19.141255,1.963105,1419,1390,0
9990,11,5,1,18,1,19.140757,1.962923,1419,1390,0
10000,11,17,0,29,1,19.139156,1.962809,1419,1390,0
10010,13,14,1,29,1,19.149468,1.963756,1419,1390,0
10020,14,13,0,28,1,19.157224,1.964582,1419,1390,0
10030,5,9,2,17,1,19.152798,1.964219,1419,1390,0
10040,5,9,0,15,1,19.151051,1.964190,1419,1390,0
10050,11,8,0,20,1,19.151814,1.963918,1419,1390,0
10060,5,6,0,12,1,19.152206,1.964249,1419,1390,0
10070,10,10,0,21,1,19.158491,1.964723,1419,1390,0
10080,18,19,0,38,1,19.160900,1.964941,1419,1394,0
10090,12,14,0,27,1,19.174060,1.966340,1427,1397,0
10100,2,3,0,6,1,19.168565,1.965927,1427,1397,0
10110,1,4,0,6,1,19.160320,1.964932,1427,1397,0
10120,8,6,1,16,1,19.158547,1.964541,1427,1397,0
10130,6,7,0,14,1,19.147583,1.963229,1427,1397,0
10140,16,20,0,37,1,19.150677,1.963060,1431,1399,0
10150,19,17,0,37,1,19.167451,1.964830,1447,1412,0
10160,13,15,0,29,1,19.180975,1.966267,1447,1416,0
10170,10,16,1,28,1,19.192389,1.967607,1447,1416,0
10180,19,16,0,36,1,19.208075,1.969047,1451,1417,0
10190,9,4,0,14,1,19.213936,1.969936,1452,1418,0
10200,9,4,0,14,1,19.208322,1.969510,1452,1418,0
10210,18,13,0,32,1,19.208003,1.969310,1457,1418,0
10220,16,16,0,33,1,19.225361,1.971337,1466,1432,0
10230,16,12,0,29,1,19.233024,1.972153,1466,1432,0
10240,20,17,1,39,1,19.247058,1.973385,1468,1434,0
10250,19,17,0,37,1,19.261273,1.974656,1473,1436,0
10260,20,11,0,32,1,19.276563,1.976254,1478,1446,0
10270,11,12,0,24,1,19.284323,1.977139,1480,1451,0
10280,4,4,0,9,1,19.276982,1.976298,1480,1451,0
10290,5,2,0,8,1,19.271128,1.975709,1480,1451,0
10300,11,6,0,18,1,19.259947,1.974534,1480,1451,0
10310,3,5,0,9,1,19.253315,1.973864,1480,1451,0
10320,12,16,0,29,1,19.246962,1.972871,1480,1451,0
10330,3,5,0,9,1,19.247275,1.973012,1480,1451,0
10340,0,2,0,3,1,19.236094,1.972092,1480,1451,0
10350,5,1,0,7,1,19.220282,1.970501,1480,1451,0
10360,1,1,0,3,1,19.205839,1.969030,1480,1451,0
10370,10,9,0,20,1,19.192389,1.967681,1480,1451,0
10380,19,8,1,29,1,19.200288,1.968366,1480,1454,0
10390,2,6,0,9,1,19.205103,1.968909,1484,1458,0
10400,10,12,0,23,1,19.201158,1.968301,1484,1458,0
10410,4,6,0,11,1,19.197323,1.968171,1484,1458,0
10420,9,7,0,17,1,19.187479,1.966978,1484,1458,0
10430,18,15,0,34,1,19.184879,1.966143,1484,1458,0
10440,11,10,0,22,1,19.183640,1.966066,1484,1458,0
10450,18,18,0,37,1,19.195941,1.967222,1484,1458,0
10460,12,19,0,32,1,19.211495,1.969097,1495,1468,0
10470,19,14,1,35,1,19.220356,1.969881,1495,1468,0
10480,20,18,1,40,1,19.236746,1.971514,1513,1478,0
10490,11,13,0,25,1,19.249841,1.973310,1521,1484,0
10500,13,8,0,22,1,19.255915,1.974117,1521,1484,0
10510,16,14,0,31,1,19.267535,1.975473,1532,1484,0
10520,11,9,0,21,1,19.267927,1.975504,1532,1484,0
10530,13,16,0,30,1,19.274273,1.976184,1532,1484,0
10540,11,13,0,25,1,19.284563,1.977288,1532,1492,0
10550,9,6,0,16,1,19.286038,1.977546,1532,1492,0
10560,8,9,2,20,1,19.280052,1.976731,1532,1492,0
10570,0,3,0,4,1,19.276748,1.976613,1532,1492,0
10580,15,16,1,33,1,19.276490,1.976271,1532,1494,0
10590,14,18,1,34,1,19.286085,1.977284,1532,1496,0
10600,12,19,1,33,1,19.294403,1.977937,1533,1496,0
10610,14,9,0,24,1,19.298446,1.978190,1533,1496,0
10620,3,4,0,8,1,19.299667,1.978612,1533,1496,0
10630,13,3,0,17,1,19.295899,1.977912,1533,1496,0
10640,18,18,1,38,1,19.303482,1.978262,1539,1496,0
10650,18,18,0,37,1,19.320243,1.980162,1555,1509,0
10660,18,17,0,36,1,19.332260,1.981309,1559,1518,0
10670,12,5,0,18,1,19.338282,1.982070,1559,1522,0
10680,20,19,0,40,1,19.339435,1.982009,1566,1522,0
10690,19,19,2,41,1,19.356804,1.983933,1573,1536,0
10700,11,15,0,27,1,19.367805,1.985281,1574,1539,0
10710,0,0,0,1,1,19.368714,1.985517,1574,1539,0
10720,7,4,0,12,1,19.361414,1.984855,1574,1539,0
10730,4,7,0,12,1,19.356349,1.984252,1574,1539,0
10740,18,10,0,29,1,19.361006,1.984569,1576,1539,0
10750,6,13,0,20,1,19.368561,1.985430,1579,1541,0
10760,6,9,0,16,1,19.369794,1.985340,1579,1541,0
10770,14,14,0,29,1,19.370245,1.985113,1579,1541,0
10780,5,10,0,16,1,19.378304,1.985780,1583,1541,0
10790,1,8,0,10,1,19.366530,1.984472,1583,1541,0
10800,10,8,0,19,1,19.356533,1.983364,1583,1541,0
10810,0,0,0,0,0,19.348075,1.982734,1583,1541,0
10820,0,1,0,2,1,19.332481,1.981072,1583,1541,0
10830,0,0,0,1,1,19.319884,1.979830,1583,1541,0
10840,7,5,0,13,1,19.312068,1.978591,1583,1541,0
10850,6,9,0,16,1,19.299304,1.977556,1583,1541,0
10860,19,8,0,28,1,19.295688,1.977028,1583,1541,0
10870,12,12,0,25,1,19.298348,1.977182,1583,1541,0
10880,13,14,0,28,1,19.305934,1.977970,1583,1544,0
10890,17,10,1,29,1,19.318406,1.979166,1587,1544,0
10900,9,4,1,15,1,19.330718,1.980923,1603,1550,0
10910,6,2,0,9,1,19.327031,1.980575,1603,1550,0
10920,3,12,1,17,1,19.325258,1.980385,1603,1550,0
10930,7,10,0,18,1,19.318524,1.979427,1603,1550,0
10940,4,4,0,9,1,19.318043,1.979445,1603,1550,0
10950,17,15,0,33,1,19.314830,1.978553,1603,1552,0
10960,0,0,0,1,1,19.310891,1.978327,1603,1552,0
10970,3,2,0,6,1,19.295933,1.977064,1603,1552,0
10980,10,9,0,20,1,19.291997,1.976598,1603,1552,0
10990,15,17,0,33,1,19.297729,1.976957,1604,1552,0
11000,7,15,0,23,1,19.305096,1.977760,1606,1552,0
11010,7,7,0,15,1,19.303543,1.977649,1606,1552,0
11020,12,18,1,32,1,19.310785,1.978034,1606,1552,0
11030,14,19,0,34,1,19.320905,1.979009,1606,1561,0
11040,14,20,1,36,1,19.335564,1.980559,1610,1573,0
11050,17,14,0,32,1,19.346784,1.981775,1610,1582,0
11060,16,17,0,34,1,19.359964,1.983118,1610,1587,0
11070,19,16,1,37,1,19.375901,1.984909,1622,1601,0
11080,17,17,0,35,1,19.390450,1.986466,1630,1608,0
11090,5,3,0,9,1,19.387680,1.986578,1630,1608,0
11100,6,16,0,23,1,19.380170,1.985563,1630,1608,0
11110,14,7,1,23,1,19.388325,1.986282,1634,1608,0
11120,7,8,0,16,1,19.382795,1.985690,1634,1608,0
11130,6,3,0,10,1,19.378598,1.985307,1634,1608,0
11140,3,6,1,11,1,19.367133,1.984107,1634,1608,0
11150,12,15,0,28,1,19.370044,1.984089,1634,1608,0
11160,6,1,0,8,1,19.368537,1.984091,1634,1608,0
11170,7,4,0,12,1,19.357425,1.982819,1634,1608,0
11180,1,1,0,3,1,19.344851,1.981651,1634,1608,0
11190,0,0,0,0,0,19.330788,1.980458,1634,1608,0
11200,4,7,0,12,1,19.319588,1.979466,1634,1608,0
11210,5,7,0,13,1,19.309730,1.978304,1634,1608,0
11220,17,20,0,38,1,19.313678,1.978593,1636,1609,0
11230,12,13,0,26,1,19.328631,1.980570,1652,1621,0
11240,14,20,0,35,1,19.332075,1.980879,1652,1624,0
11250,12,14,0,27,1,19.344053,1.982153,1662,1634,0
11260,16,18,0,35,1,19.354583,1.983243,1667,1636,0
11270,13,20,0,34,1,19.364371,1.984166,1667,1646,0
11280,12,5,0,18,1,19.367351,1.984590,1667,1648,0
11290,5,6,0,12,1,19.367060,1.984607,1667,1649,0
11300,8,9,0,18,1,19.358568,1.983658,1667,1649,0
11310,8,14,0,23,1,19.355967,1.983330,1667,1649,0
11320,16,8,0,25,1,19.361533,1.983857,1667,1649,0
11330,18,12,0,31,1,19.371115,1.984832,1672,1654,0
11340,11,10,0,22,1,19.376297,1.985499,1672,1654,0
11350,12,9,0,22,1,19.376876,1.985551,1672,1654,0
11360,10,8,0,19,1,19.379628,1.985861,1672,1654,0
11370,13,12,0,26,1,19.374652,1.985183,1672,1654,0
11380,15,16,0,32,1,19.385966,1.986424,1676,1654,0
11390,20,18,1,40,1,19.400273,1.987883,1693,1656,0
11400,10,7,1,19,1,19.407717,1.988782,1695,1656,0
11410,7,6,0,14,1,19.401624,1.988311,1695,1656,0
11420,6,3,0,10,1,19.392535,1.987372,1695,1656,0
11430,11,18,0,30,1,19.399436,1.987857,1703,1658,0
11440,15,16,0,32,1,19.413655,1.989325,1713,1669,0
11450,6,6,0,13,1,19.413412,1.989097,1713,1669,0
11460,2,6,0,9,1,19.404287,1.988279,1713,1669,0
11470,10,16,0,27,1,19.401833,1.987861,1713,1669,0
11480,13,12,1,27,1,19.409164,1.988818,1713,1669,0
11490,16,18,0,35,1,19.421651,1.990303,1726,1681,0
11500,13,13,0,27,1,19.430916,1.991387,1726,1687,0
11510,12,12,1,26,1,19.438739,1.992217,1726,1687,0
11520,12,11,0,24,1,19.441696,1.992583,1726,1687,0
11530,12,14,0,27,1,19.443295,1.992793,1726,1687,0
11540,6,6,0,13,1,19.447293,1.993177,1726,1687,0
11550,7,4,1,13,1,19.443896,1.992697,1726,1687,0
11560,14,4,0,19,1,19.436945,1.991872,1726,1687,0
11570,0,3,0,4,1,19.432125,1.991476,1726,1687,0
11580,0,1,1,3,1,19.420416,1.990357,1726,1687,0
11590,16,10,2,29,1,19.417353,1.989877,1726,1687,0
11600,13,11,0,25,1,19.424313,1.990706,1727,1687,0
11610,5,6,0,12,1,19.423613,1.990838,1727,1687,0
11620,10,6,0,17,1,19.420465,1.990437,1727,1687,0
11630,17,10,0,28,1,19.430179,1.991530,1727,1687,0
11640,0,0,0,0,0,19.427410,1.991484,1727,1687,0
11650,1,0,0,2,1,19.415590,1.989950,1727,1687,0
11660,1,0,0,2,1,19.406425,1.989038,1727,1687,0
11670,6,7,0,14,1,19.394656,1.987737,1727,1687,0
11680,0,0,0,0,0,19.382189,1.986696,1727,1687,0
11690,0,2,0,3,1,19.367657,1.985251,1727,1687,0
11700,5,3,0,9,1,19.363555,1.984649,1727,1687,0
11710,13,10,0,24,1,19.358519,1.983864,1728,1687,0
11720,7,6,0,14,1,19.356971,1.983751,1728,1687,0
11730,16,17,1,35,1,19.365618,1.984612,1730,1692,0
11740,11,18,0,30,1,19.379159,1.986044,1734,1706,0
11750,15,13,0,29,1,19.392056,1.987515,1741,1712,0
11760,8,14,0,23,1,19.389057,1.987200,1741,1712,0
11770,12,15,1,29,1,19.392055,1.987413,1741,1712,0
11780,15,17,0,33,1,19.402008,1.988374,1743,1712,0
11790,5,5,0,11,1,19.407020,1.988950,1743,1712,0
11800,2,6,1,10,1,19.398097,1.988011,1743,1712,0
11810,0,2,0,3,1,19.389262,1.987374,1743,1712,0
11820,2,5,1,9,1,19.375696,1.985821,1743,1712,0
11830,8,9,0,18,1,19.366628,1.984884,1743,1712,0
11840,9,9,0,19,1,19.366829,1.984691,1743,1712,0
11850,2,4,0,7,1,19.366178,1.984737,1743,1712,0
11860,8,3,0,12,1,19.359302,1.984025,1743,1712,0
11870,5,4,0,10,1,19.356397,1.983789,1743,1712,0
11880,5,6,0,12,1,19.349393,1.983098,1743,1712,0
11890,4,4,0,9,1,19.341109,1.982224,1743,1712,0
11900,2,0,0,3,1,19.327145,1.980854,1743,1712,0
11910,2,0,0,3,1,19.313510,1.979569,1743,1712,0
11920,5,5,0,11,1,19.305081,1.978663,1743,1712,0
11930,5,3,0,9,1,19.296990,1.977878,1743,1712,0
11940,2,8,0,11,1,19.292639,1.977255,1743,1712,0
11950,0,0,0,1,1,19.283126,1.976137,1743,1712,0
11960,5,12,0,18,1,19.271930,1.974864,1743,1712,0
11970,0,0,0,1,1,19.262600,1.973884,1743,1712,0
11980,10,9,0,20,1,19.256186,1.973068,1743,1712,0
11990,4,6,0,11,1,19.251732,1.972672,1743,1712,0
12000,5,6,0,12,1,19.249932,1.972380,1743,1712,0
12010,5,10,2,18,1,19.245049,1.971822,1743,1712,0
12020,15,15,1,32,1,19.254680,1.972735,1749,1712,0
12030,15,15,0,31,1,19.267530,1.973944,1750,1714,0
12040,12,17,1,31,1,19.280088,1.975089,1750,1718,0
12050,17,20,0,38,1,19.285702,1.975792,1753,1719,0
12060,10,3,0,14,1,19.291550,1.976570,1753,1721,0
12070,10,16,1,28,1,19.285402,1.975816,1753,1721,0
12080,6,8,0,15,1,19.279736,1.975145,1753,1721,0
12090,15,9,1,26,1,19.285823,1.975729,1753,1723,0
12100,20,18,0,39,1,19.292453,1.976284,1758,1723,0
12110,9,11,0,21,1,19.298194,1.977016,1758,1727,0
12120,14,17,0,32,1,19.301102,1.977074,1758,1727,0
12130,7,7,0,15,1,19.304660,1.977415,1758,1727,0
12140,3,3,0,7,1,19.300392,1.976722,1758,1727,0
12150,12,8,0,21,1,19.288802,1.975379,1758,1727,0
12160,3,3,0,7,1,19.280389,1.974711,1758,1727,0
12170,4,2,0,7,1,19.266795,1.973362,1758,1727,0
12180,5,8,0,14,1,19.254932,1.972141,1758,1727,0
12190,2,4,0,7,1,19.250234,1.971638,1758,1727,0
12200,3,4,0,8,1,19.238193,1.970365,1758,1727,0
12210,5,2,0,8,1,19.230003,1.969570,1758,1727,0
12220,6,13,1,21,1,19.227699,1.969064,1758,1727,0
12230,3,2,0,6,1,19.231222,1.969386,1758,1727,0
12240,6,4,0,11,1,19.221276,1.968444,1758,1727,0
12250,9,16,0,26,1,19.216997,1.967901,1758,1727,0
12260,16,16,2,35,1,19.227665,1.968972,1759,1732,0
12270,18,18,0,37,1,19.239672,1.970064,1764,1739,0
12280,3,11,0,15,1,19.249752,1.971337,1767,1750,0
12290,2,0,0,3,1,19.241125,1.970743,1767,1750,0
12300,20,12,1,34,1,19.246332,1.971041,1768,1750,0
12310,19,13,0,33,1,19.259085,1.972489,1783,1753,0
12320,15,8,0,24,1,19.264587,1.973276,1783,1753,0
12330,2,7,0,10,1,19.262365,1.972993,1783,1753,0
12340,2,2,0,5,1,19.254805,1.972016,1783,1753,0
12350,11,7,0,19,1,19.246022,1.971095,1783,1753,0
12360,8,12,0,21,1,19.245223,1.971088,1783,1753,0
12370,1,2,0,4,1,19.239458,1.970721,1783,1753,0
12380,1,4,0,6,1,19.233291,1.970001,1783,1753,0
12390,6,3,1,11,1,19.220403,1.968643,1783,1753,0
12400,7,5,0,13,1,19.218341,1.968393,1783,1753,0
12410,10,2,0,13,1,19.208123,1.967000,1783,1753,0
12420,10,9,0,20,1,19.200695,1.966120,1783,1753,0
12430,19,16,0,36,1,19.208664,1.966784,1790,1757,0
12440,18,16,0,35,1,19.219786,1.968031,1799,1758,0
12450,20,18,1,40,1,19.230202,1.969076,1805,1758,0
12460,19,17,1,38,1,19.244236,1.970653,1812,1771,0
12470,9,19,0,29,1,19.258725,1.972374,1822,1780,0
12480,9,11,1,22,1,19.261783,1.972649,1822,1780,0
12490,10,5,0,16,1,19.261607,1.972690,1822,1780,0
12500,9,7,0,17,1,19.264369,1.972903,1822,1780,0
12510,11,18,0,30,1,19.269666,1.973375,1822,1783,0
12520,16,15,1,33,1,19.275726,1.974006,1822,1785,0
12530,17,17,0,35,1,19.288308,1.975353,1829,1790,0
12540,14,16,2,33,1,19.298629,1.976372,1829,1793,0
12550,9,11,1,22,1,19.302245,1.976866,1829,1793,0
12560,16,11,0,28,1,19.306007,1.977326,1829,1793,0
12570,12,15,1,29,1,19.314551,1.978276,1833,1797,0
12580,13,14,0,28,1,19.321366,1.978952,1833,1800,0
12590,16,13,0,30,1,19.331033,1.979968,1838,1801,0
12600,8,14,0,23,1,19.335646,1.980354,1838,1801,0
12610,7,4,0,12,1,19.336334,1.980532,1838,1801,0
12620,10,6,1,18,1,19.328969,1.979530,1838,1801,0
12630,15,17,0,33,1,19.334080,1.979904,1838,1801,0
12640,11,13,0,25,1,19.341564,1.980761,1840,1806,0
12650,16,11,0,28,1,19.349441,1.981514,1842,1808,0
12660,10,18,0,29,1,19.357897,1.982470,1845,1808,0
12670,14,15,0,30,1,19.366164,1.983151,1845,1808,0
12680,17,16,3,37,1,19.373542,1.983869,1847,1808,0
12690,16,18,0,35,1,19.387689,1.985328,1860,1815,0
12700,12,13,0,26,1,19.393565,1.985972,1860,1822,0
12710,18,11,0,30,1,19.399435,1.986552,1860,1822,0
12720,2,1,0,4,1,19.392273,1.985877,1860,1822,0
12730,6,7,0,14,1,19.382615,1.984802,1860,1822,0
12740,3,1,0,5,1,19.376545,1.984319,1860,1822,0
12750,8,13,0,22,1,19.368368,1.983221,1860,1822,0
12760,19,18,0,38,1,19.371047,1.983092,1860,1825,0
12770,19,20,0,40,1,19.378252,1.983856,1860,1827,0
12780,11,13,0,25,1,19.388733,1.985179,1861,1830,0
12790,15,11,0,27,1,19.392901,1.985521,1861,1830,0
12800,8,10,1,20,1,19.401660,1.986349,1864,1830,0
12810,14,13,0,28,1,19.403189,1.986452,1864,1830,0
12820,6,16,0,23,1,19.414061,1.987640,1867,1836,0
12830,13,11,0,25,1,19.414334,1.987599,1867,1836,0
12840,14,12,0,27,1,19.415500,1.987682,1867,1836,0
12850,5,13,0,19,1,19.412012,1.987525,1867,1836,0
12860,12,16,0,29,1,19.415250,1.987757,1869,1836,0
12870,3,8,1,13,1,19.424382,1.989019,1877,1843,0
12880,4,4,0,9,1,19.414175,1.987936,1877,1843,0
12890,3,2,0,6,1,19.406385,1.987181,1877,1843,0
12900,2,0,0,3,1,19.397533,1.986285,1877,1843,0
12910,0,1,0,2,1,19.386253,1.985156,1877,1843,0
12920,0,0,0,1,1,19.374118,1.983986,1877,1843,0
12930,0,0,0,0,0,19.361078,1.982818,1877,1843,0
12940,13,6,0,20,1,19.350684,1.981748,1877,1843,0
12950,16,11,0,28,1,19.350153,1.981704,1877,1843,0
12960,16,16,0,33,1,19.359674,1.982924,1884,1849,0
12970,18,16,1,36,1,19.371601,1.984203,1894,1853,0
12980,15,14,0,30,1,19.383616,1.985616,1896,1861,0
12990,15,13,0,29,1,19.393389,1.986501,1897,1868,0
13000,17,13,0,31,1,19.401640,1.987387,1902,1870,0
13010,16,20,0,37,1,19.410061,1.988072,1906,1870,0
13020,18,19,0,38,1,19.422731,1.989505,1917,1876,0
13030,12,18,1,32,1,19.433053,1.990744,1924,1879,0
13040,12,8,0,21,1,19.431786,1.990780,1924,1879,0
13050,7,2,0,10,1,19.429393,1.990529,1924,1879,0
13060,0,1,0,2,1,19.423513,1.990155,1924,1879,0
13070,1,2,0,4,1,19.414722,1.989279,1924,1879,0
13080,8,7,0,16,1,19.410210,1.988390,1924,1879,0
13090,10,11,0,22,1,19.406538,1.987976,1924,1879,0
13100,8,11,0,20,1,19.407365,1.988117,1924,1879,0
13110,9,5,0,15,1,19.405856,1.988112,1924,1879,0
13120,4,3,1,9,1,19.403156,1.987690,1924,1879,0
13130,7,2,0,10,1,19.391088,1.986603,1924,1879,0
13140,6,9,0,16,1,19.383926,1.985847,1924,1879,0
13150,20,16,1,38,1,19.389167,1.986193,1929,1879,0
13160,11,6,2,20,1,19.393913,1.986704,1939,1885,0
13170,0,0,0,1,1,19.383381,1.985789,1939,1885,0
13180,6,8,0,15,1,19.373460,1.984875,1939,1885,0
13190,13,7,0,21,1,19.374812,1.984930,1939,1887,0
13200,7,5,0,13,1,19.370837,1.984547,1939,1887,0
13210,0,0,0,1,1,19.363018,1.983910,1939,1887,0
13220,1,1,0,3,1,19.352047,1.982948,1939,1887,0
13230,0,2,0,3,1,19.340300,1.981769,1939,1887,0
13240,3,3,0,7,1,19.331474,1.980828,1939,1887,0
13250,6,9,0,16,1,19.330749,1.980839,1939,1887,0
13260,6,17,0,24,1,19.332295,1.980823,1939,1887,0
13270,2,1,0,4,1,19.331130,1.980789,1939,1887,0
13280,11,10,0,22,1,19.330129,1.980497,1939,1887,0
13290,17,8,0,26,1,19.340605,1.981549,1949,1889,0
13300,16,17,0,34,1,19.350168,1.982508,1956,1891,0
13310,18,15,0,34,1,19.361723,1.983807,1960,1899,0
13320,15,17,1,34,1,19.371396,1.984823,1963,1899,0
13330,12,5,0,18,1,19.378729,1.985782,1963,1899,0
13340,6,10,1,18,1,19.379455,1.985606,1963,1899,0
13350,11,9,1,22,1,19.377367,1.985371,1963,1899,0
13360,1,5,0,7,1,19.368713,1.984767,1963,1899,0
13370,0,1,0,2,1,19.357076,1.983675,1963,1899,0
13380,2,0,0,3,1,19.346453,1.982610,1963,1899,0
13390,2,0,0,3,1,19.335738,1.981460,1963,1899,0
13400,0,0,0,0,0,19.324069,1.980319,1963,1899,0
13410,0,0,0,1,1,19.311331,1.979219,1963,1899,0
13420,10,11,1,23,1,19.302727,1.978497,1963,1899,0
13430,14,12,0,27,1,19.306998,1.978898,1963,1903,0
13440,10,9,1,21,1,19.311640,1.979457,1963,1903,0
13450,10,11,0,22,1,19.313501,1.979476,1963,1903,0
13460,15,14,0,30,1,19.315570,1.979576,1965,1903,0
13470,14,16,0,31,1,19.325186,1.980555,1965,1912,0
13480,11,18,0,30,1,19.335519,1.981592,1965,1923,0
13490,0,0,0,1,1,19.333675,1.981653,1965,1923,0
13500,0,1,0,2,1,19.321156,1.980544,1965,1923,0
13510,16,13,1,31,1,19.322207,1.980344,1968,1923,0
13520,15,18,0,34,1,19.332363,1.981499,1976,1926,0
13530,7,6,0,14,1,19.338708,1.982248,1976,1926,0
13540,15,17,0,33,1,19.341457,1.982328,1976,1931,0
13550,20,16,1,38,1,19.350576,1.983346,1979,1941,0
13560,5,20,0,26,1,19.356247,1.983951,1980,1945,0
13570,15,13,1,30,1,19.363300,1.984577,1981,1948,0
13580,14,11,0,26,1,19.369898,1.985382,1981,1948,0
13590,9,18,1,29,1,19.378465,1.986193,1981,1952,0
13600,9,11,0,21,1,19.377119,1.985989,1981,1952,0
13610,11,12,0,24,1,19.380026,1.986295,1981,1952,0
13620,11,16,0,28,1,19.389325,1.987257,1986,1953,0
13630,9,5,0,15,1,19.390618,1.987533,1986,1953,0
13640,14,16,1,32,1,19.394116,1.987825,1986,1953,0
13650,15,15,1,32,1,19.399983,1.988479,1986,1953,0
13660,9,7,0,17,1,19.404907,1.989127,1987,1953,0
13670,2,2,0,5,1,19.398827,1.988750,1987,1953,0
13680,10,1,0,12,1,19.388224,1.987686,1987,1953,0
13690,12,12,0,25,1,19.385045,1.987086,1987,1953,0
13700,11,14,0,26,1,19.392764,1.987826,1987,1956,0
13710,8,1,0,10,1,19.390679,1.987754,1987,1956,0
13720,1,5,0,7,1,19.382009,1.986681,1987,1956,0
13730,1,2,0,4,1,19.369795,1.985585,1987,1956,0
13740,2,2,0,5,1,19.363393,1.985174,1987,1956,0
13750,7,10,0,18,1,19.354422,1.984085,1987,1956,0
13760,0,0,0,1,1,19.351073,1.983735,1987,1956,0
13770,11,8,0,20,1,19.344880,1.982901,1987,1956,0
13780,2,0,0,3,1,19.340043,1.982384,1987,1956,0
13790,5,6,0,12,1,19.331330,1.981440,1987,1956,0
13800,7,10,0,18,1,19.329069,1.981188,1987,1956,0
13810,5,3,1,10,1,19.328811,1.981155,1987,1956,0
13820,8,5,0,14,1,19.326033,1.980761,1987,1956,0
13830,7,10,0,18,1,19.317368,1.979969,1987,1956,0
13840,16,10,0,27,1,19.317062,1.979931,1987,1956,0
13850,14,16,0,31,1,19.327922,1.981082,1993,1963,0
13860,6,17,0,24,1,19.336293,1.982066,2001,1963,0
13870,11,16,1,29,1,19.339565,1.982468,2001,1963,0
13880,19,20,2,42,1,19.351669,1.983614,2016,1974,0
13890,16,15,0,32,1,19.364259,1.985220,2024,1984,0
13900,12,7,1,21,1,19.366860,1.985495,2024,1984,0
13910,5,6,0,12,1,19.363324,1.985111,2024,1984,0
13920,3,2,0,6,1,19.351947,1.984026,2024,1984,0
13930,10,3,0,14,1,19.343488,1.983283,2024,1984,0
13940,8,7,0,16,1,19.341041,1.982982,2024,1984,0
13950,9,10,0,20,1,19.338428,1.982678,2024,1984,0
13960,11,17,0,29,1,19.344875,1.983084,2024,1990,0
13970,8,14,1,24,1,19.350925,1.983800,2025,1990,0
13980,4,7,0,12,1,19.345870,1.983304,2025,1990,0
13990,14,17,3,35,1,19.350378,1.983803,2025,1991,0
14000,14,8,0,23,1,19.358209,1.984629,2029,1996,0
14010,15,15,0,31,1,19.362165,1.984868,2029,1996,0
14020,8,13,0,22,1,19.372007,1.985986,2033,1998,0
14030,6,6,0,13,1,19.374916,1.986321,2033,1998,0
14040,5,7,0,13,1,19.364647,1.985276,2033,1998,0
14050,2,1,0,4,1,19.354218,1.984345,2033,1998,0
14060,19,13,0,33,1,19.354119,1.984401,2033,1998,0
14070,7,4,0,12,1,19.359960,1.985268,2038,2000,0
14080,5,4,0,10,1,19.349738,1.984386,2038,2000,0
14090,1,2,0,4,1,19.339525,1.983462,2038,2000,0
14100,0,0,0,1,1,19.330237,1.982588,2038,2000,0
14110,2,1,0,4,1,19.320695,1.981747,2038,2000,0
14120,3,1,0,5,1,19.313540,1.980862,2038,2000,0
14130,3,2,0,6,1,19.302941,1.979825,2038,2000,0
14140,9,8,0,18,1,19.298540,1.979323,2038,2000,0
14150,19,17,0,37,1,19.307603,1.980274,2051,2005,0
14160,16,8,2,27,1,19.315608,1.981260,2053,2006,0
14170,10,17,0,28,1,19.319120,1.981728,2053,2006,0
14180,14,18,0,33,1,19.327770,1.982651,2058,2011,0
14190,15,17,0,33,1,19.337437,1.983492,2062,2011,0
14200,10,11,0,22,1,19.343099,1.984065,2062,2014,0
14210,7,8,0,16,1,19.338060,1.983670,2062,2014,0
14220,10,9,0,20,1,19.340041,1.983923,2062,2014,0
14230,6,6,0,13,1,19.337742,1.983766,2062,2014,0
14240,0,0,0,0,0,19.331401,1.983265,2062,2014,0
14250,0,0,0,0,0,19.321984,1.982405,2062,2014,0
14260,8,8,0,17,1,19.314504,1.981545,2062,2014,0
14270,0,0,0,0,0,19.302987,1.980626,2062,2014,0
14280,6,3,0,10,1,19.291907,1.979411,2062,2014,0
14290,2,5,0,8,1,19.283364,1.978427,2062,2014,0
14300,2,1,0,4,1,19.272229,1.977476,2062,2014,0
14310,5,7,0,13,1,19.263621,1.976556,2062,2014,0
14320,10,12,0,23,1,19.256591,1.975686,2062,2014,0
14330,3,4,0,8,1,19.253293,1.975552,2062,2014,0
14340,15,7,1,24,1,19.245741,1.974685,2062,2014,0
14350,5,6,0,12,1,19.243153,1.974454,2062,2014,0
14360,8,8,0,17,1,19.239872,1.974110,2062,2014,0
14370,2,1,0,4,1,19.229680,1.973268,2062,2014,0
14380,0,0,0,0,0,19.220287,1.972282,2062,2014,0
14390,14,13,1,29,1,19.219547,1.971847,2062,2014,0
14400,14,16,0,31,1,19.225672,1.972412,2062,2015,0
14410,17,18,0,36,1,19.234542,1.973258,2072,2015,0
14420,17,16,0,34,1,19.245013,1.974423,2072,2024,0
14430,6,13,0,20,1,19.252590,1.975446,2072,2027,0
14440,10,6,0,17,1,19.254167,1.975699,2072,2027,0
14450,15,9,1,26,1,19.252268,1.975145,2072,2027,0
14460,15,15,0,31,1,19.257879,1.975714,2072,2027,0
14470,8,7,1,17,1,19.266088,1.976590,2072,2029,0
14480,3,3,0,7,1,19.262572,1.976306,2072,2029,0
14490,0,0,0,0,0,19.256393,1.975805,2072,2029,0
14500,4,11,0,16,1,19.247011,1.974793,2072,2029,0
14510,9,13,0,23,1,19.249085,1.975012,2072,2029,0
14520,7,6,0,14,1,19.245681,1.974725,2072,2029,0
14530,11,17,1,30,1,19.247240,1.974780,2072,2035,0
14540,0,0,0,1,1,19.245122,1.974722,2072,2035,0
14550,14,17,0,32,1,19.242527,1.974170,2072,2035,0
14560,1,1,0,3,1,19.243812,1.974350,2072,2035,0
14570,2,0,0,3,1,19.236980,1.973489,2072,2035,0
14580,4,6,0,11,1,19.230887,1.972704,2072,2035,0
14590,7,6,0,14,1,19.228126,1.972317,2072,2035,0
14600,1,6,0,8,1,19.220741,1.971538,2072,2035,0
14610,11,7,0,19,1,19.215834,1.971055,2072,2035,0
14620,19,17,1,38,1,19.219574,1.971294,2073,2035,0
14630,11,11,0,23,1,19.224929,1.972030,2077,2035,0
14640,7,5,0,13,1,19.226379,1.972213,2077,2035,0
14650,3,13,0,17,1,19.223690,1.971847,2077,2035,0
14660,8,8,0,17,1,19.227724,1.972129,2080,2035,0
14670,3,3,0,7,1,19.229350,1.972317,2080,2035,0
14680,6,4,0,11,1,19.222264,1.971569,2080,2035,0
14690,0,0,0,1,1,19.213993,1.970687,2080,2035,0
14700,3,0,0,4,1,19.202484,1.969499,2080,2035,0
14710,6,4,0,11,1,19.192124,1.968581,2080,2035,0
14720,6,3,0,10,1,19.186236,1.967874,2080,2035,0
14730,0,0,0,1,1,19.176884,1.967209,2080,2035,0
14740,2,4,0,7,1,19.167596,1.966290,2080,2035,0
14750,1,0,0,2,1,19.157122,1.965086,2080,2035,0
14760,1,1,1,4,1,19.145763,1.964050,2080,2035,0
14770,6,3,2,12,1,19.137177,1.963230,2080,2035,0
14780,8,10,1,20,1,19.134509,1.962977,2080,2035,0
14790,5,5,0,11,1,19.136501,1.963147,2080,2035,0
14800,6,1,0,8,1,19.128736,1.962411,2080,2035,0
14810,0,0,0,0,0,19.120166,1.961566,2080,2035,0
14820,11,11,0,23,1,19.113673,1.960675,2080,2035,0
14830,19,18,1,39,1,19.123052,1.961508,2083,2035,0
14840,12,7,0,20,1,19.126742,1.961893,2083,2035,0
14850,13,18,0,32,1,19.135961,1.962778,2088,2037,0
14860,4,6,0,11,1,19.138124,1.963155,2088,2039,0
14870,3,7,0,11,1,19.137552,1.962873,2088,2039,0
14880,17,10,0,28,1,19.138350,1.962827,2088,2039,0
14890,19,20,1,41,1,19.144835,1.963390,2096,2046,0
14900,16,17,0,34,1,19.155129,1.964507,2098,2053,0
14910,1,1,1,4,1,19.153464,1.964627,2099,2053,0
14920,8,7,1,17,1,19.148485,1.964096,2099,2053,0
14930,14,10,0,25,1,19.146648,1.963766,2099,2053,0
14940,14,6,0,21,1,19.144904,1.963566,2099,2053,0
14950,7,7,0,15,1,19.140710,1.963210,2099,2053,0
14960,0,0,0,1,1,19.130471,1.962423,2099,2053,0
14970,2,2,0,5,1,19.118764,1.961255,2099,2053,0
14980,9,4,0,14,1,19.113875,1.960894,2099,2053,0
14990,0,0,0,1,1,19.105687,1.960101,2099,2053,0
15000,0,0,0,1,1,19.095343,1.959126,2099,2053,0
15010,6,12,0,19,1,19.093933,1.958908,2099,2056,0
15020,16,12,0,29,1,19.096119,1.958924,2099,2056,0
15030,3,1,0,5,1,19.093672,1.958733,2099,2056,0
15040,6,7,0,14,1,19.090143,1.958204,2099,2056,0
15050,5,4,0,10,1,19.083475,1.957726,2099,2056,0
15060,9,18,1,29,1,19.080571,1.957102,2099,2056,0
15070,8,4,0,13,1,19.083881,1.957621,2099,2056,0
15080,10,18,1,30,1,19.083984,1.957372,2099,2060,0
15090,18,16,0,35,1,19.090116,1.958100,2102,2060,0
15100,11,13,0,25,1,19.092844,1.958400,2102,2060,0
15110,20,11,0,32,1,19.103127,1.959554,2112,2068,0
15120,14,18,0,33,1,19.112861,1.960772,2117,2069,0
15130,19,18,0,38,1,19.123525,1.962019,2126,2077,0
15140,12,11,0,24,1,19.129391,1.962787,2126,2077,0
15150,7,8,0,16,1,19.132347,1.963149,2126,2079,0
15160,1,4,0,6,1,19.122630,1.962264,2126,2079,0
15170,9,6,1,17,1,19.115346,1.961417,2126,2079,0
15180,7,4,0,12,1,19.114073,1.961186,2126,2079,0
15190,1,2,0,4,1,19.104506,1.960131,2126,2079,0
15200,4,9,0,14,1,19.094649,1.959232,2126,2079,0
15210,14,8,0,23,1,19.095537,1.959223,2126,2079,0
15220,18,12,0,31,1,19.102921,1.960027,2137,2080,0
15230,20,20,1,42,1,19.111552,1.961024,2140,2086,0
15240,15,10,1,27,1,19.118772,1.961850,2144,2086,0
15250,5,5,0,11,1,19.119794,1.962054,2144,2086,0
15260,3,2,0,6,1,19.112141,1.961208,2144,2086,0
15270,3,4,0,8,1,19.103598,1.960324,2144,2086,0
15280,0,1,0,2,1,19.096539,1.959619,2144,2086,0
15290,2,0,0,3,1,19.085526,1.958666,2144,2086,0
15300,1,0,0,2,1,19.079601,1.958247,2144,2086,0
15310,4,7,0,12,1,19.070921,1.957257,2144,2086,0
15320,6,7,1,15,1,19.066942,1.956684,2144,2086,0
15330,4,6,0,11,1,19.059591,1.956106,2144,2086,0
15340,3,2,0,6,1,19.052032,1.955296,2144,2086,0
15350,6,6,1,14,1,19.047606,1.954743,2144,2086,0
15360,8,4,0,13,1,19.043224,1.954156,2144,2086,0
15370,5,4,0,10,1,19.034521,1.953138,2144,2086,0
15380,2,4,0,7,1,19.026025,1.952338,2144,2086,0
15390,0,0,0,1,1,19.017983,1.951583,2144,2086,0
15400,1,0,0,2,1,19.008013,1.950475,2144,2086,0
15410,3,3,0,7,1,18.996558,1.949526,2144,2086,0
15420,2,1,0,4,1,18.988297,1.948580,2144,2086,0
15430,18,17,0,36,1,18.988083,1.948318,2144,2086,0
15440,9,14,0,24,1,18.996904,1.949359,2144,2090,0
15450,15,9,1,26,1,18.997075,1.949369,2144,2090,0
15460,7,1,0,9,1,18.997215,1.949609,2144,2090,0
15470,8,13,0,22,1,18.995316,1.949226,2144,2090,0
15480,8,15,0,24,1,18.994059,1.949000,2144,2090,0
15490,10,9,0,20,1,18.998793,1.949569,2144,2091,0
15500,20,18,0,39,1,19.006373,1.950159,2152,2091,0
15510,15,12,0,28,1,19.015947,1.951199,2157,2094,0
15520,8,11,0,20,1,19.019568,1.951615,2162,2094,0
15530,7,12,0,20,1,19.020651,1.951809,2162,2094,0
15540,0,1,0,2,1,19.014703,1.951333,2162,2094,0
15550,1,0,0,2,1,19.003641,1.950230,2162,2094,0
15560,0,0,0,1,1,18.995369,1.949194,2162,2094,0
15570,1,3,0,5,1,18.985621,1.948276,2162,2094,0
15580,0,0,0,0,0,18.976250,1.947295,2162,2094,0
15590,4,7,0,12,1,18.967273,1.946392,2162,2094,0
15600,3,6,0,10,1,18.960722,1.945687,2162,2094,0
15610,7,5,0,13,1,18.957010,1.945146,2162,2094,0
15620,10,11,0,22,1,18.958815,1.945235,2162,2094,0
15630,4,6,0,11,1,18.956422,1.945084,2162,2094,0
15640,6,6,0,13,1,18.949301,1.944296,2162,2094,0
15650,18,16,0,35,1,18.952026,1.944428,2164,2094,0
15660,6,7,0,14,1,18.957764,1.945252,2167,2094,0
15670,9,15,0,25,1,18.961594,1.945447,2167,2094,0
15680,15,9,0,25,1,18.963487,1.945622,2167,2094,0
15690,15,14,0,30,1,18.972329,1.946382,2167,2098,0
15700,13,13,0,27,1,18.975486,1.946738,2167,2098,0
15710,13,13,1,28,1,18.978284,1.947120,2167,2098,0
15720,10,5,1,17,1,18.981067,1.947373,2167,2098,0
15730,6,16,0,23,1,18.977075,1.946894,2167,2098,0
15740,10,14,0,25,1,18.976290,1.946794,2167,2098,0
15750,20,20,1,42,1,18.985296,1.947635,2173,2104,0
15760,15,14,2,32,1,18.994496,1.948673,2182,2107,0
15770,9,15,1,26,1,19.001196,1.949329,2182,2109,0
15780,12,15,0,28,1,19.008452,1.950028,2183,2109,0
15790,16,15,0,32,1,19.011821,1.950317,2183,2109,0
15800,17,19,1,38,1,19.022743,1.951443,2190,2110,0
15810,10,9,0,20,1,19.024601,1.951615,2190,2116,0
15820,13,12,1,27,1,19.025015,1.951575,2190,2116,0
15830,16,15,0,32,1,19.032398,1.952250,2190,2119,0
15840,17,15,0,33,1,19.042287,1.953219,2190,2129,0
15850,7,8,0,16,1,19.047070,1.953868,2192,2129,0
15860,16,16,0,33,1,19.053679,1.954325,2193,2129,0
15870,13,6,0,20,1,19.060293,1.955060,2194,2129,0
15880,8,2,0,11,1,19.058130,1.954907,2194,2129,0
15890,4,7,0,12,1,19.055960,1.954678,2194,2129,0
15900,2,0,0,3,1,19.048900,1.954023,2194,2129,0
15910,17,11,1,30,1,19.044786,1.953242,2194,2129,0
15920,12,5,0,18,1,19.047127,1.953514,2194,2129,0
15930,9,14,0,24,1,19.048743,1.953648,2194,2129,0
15940,3,6,0,10,1,19.048916,1.953748,2194,2129,0
15950,1,0,0,2,1,19.044923,1.953194,2194,2129,0
15960,18,18,0,37,1,19.043483,1.952751,2194,2129,0
15970,20,17,1,39,1,19.054303,1.953942,2201,2132,0
15980,17,15,0,33,1,19.064804,1.955339,2208,2132,0
15990,8,13,2,24,1,19.068766,1.955790,2208,2132,0
16000,0,1,0,2,1,19.065505,1.955487,2208,2132,0
16010,1,1,1,4,1,19.054832,1.954448,2208,2132,0
16020,0,0,0,1,1,19.044982,1.953532,2208,2132,0
16030,10,14,0,25,1,19.044131,1.953300,2208,2133,0
16040,10,14,0,25,1,19.047891,1.953642,2208,2139,0
16050,11,7,0,19,1,19.049451,1.953646,2208,2139,0
16060,0,0,0,1,1,19.042415,1.953106,2208,2139,0
16070,9,8,0,18,1,19.035720,1.952263,2208,2139,0
16080,8,9,0,18,1,19.034147,1.952145,2208,2139,0
16090,2,2,0,5,1,19.029361,1.951599,2208,2139,0
16100,7,8,0,16,1,19.022123,1.950726,2208,2139,0
16110,4,1,0,6,1,19.018126,1.950310,2208,2139,0
16120,0,0,0,0,0,19.009172,1.949572,2208,2139,0
16130,7,13,0,21,1,19.000412,1.948481,2208,2139,0
16140,8,6,1,16,1,18.997590,1.948000,2208,2139,0
16150,1,6,0,8,1,18.993290,1.947578,2208,2139,0
16160,2,7,0,10,1,18.983131,1.946568,2208,2139,0
16170,11,11,0,23,1,18.978627,1.945927,2208,2139,0
16180,19,20,1,41,1,18.982970,1.946330,2209,2139,0
16190,9,7,0,17,1,18.990747,1.947146,2212,2141,0
16200,10,9,1,21,1,18.990386,1.947005,2213,2141,0
16210,17,8,0,26,1,18.994509,1.947114,2213,2141,0
16220,14,17,0,32,1,18.999084,1.947528,2213,2141,0
16230,0,0,0,1,1,18.998634,1.947661,2213,2141,0
16240,2,4,0,7,1,18.988847,1.946652,2213,2141,0
16250,1,1,0,3,1,18.980669,1.945919,2213,2141,0
16260,5,9,0,15,1,18.979813,1.945690,2213,2142,0
16270,6,6,0,13,1,18.978880,1.945589,2213,2142,0
16280,2,1,0,4,1,18.971268,1.944987,2213,2142,0
16290,1,2,0,4,1,18.961682,1.943962,2213,2142,0
16300,11,6,1,19,1,18.953769,1.943023,2213,2142,0
16310,6,8,0,15,1,18.949707,1.942454,2213,2142,0
16320,18,13,3,35,1,18.953551,1.942709,2219,2147,0
16330,7,7,1,16,1,18.955290,1.942808,2219,2147,0
16340,8,8,0,17,1,18.953296,1.942489,2219,2147,0
16350,11,17,0,29,1,18.955682,1.942558,2219,2147,0
16360,17,14,0,32,1,18.964896,1.943534,2222,2157,0
16370,6,10,0,17,1,18.963333,1.943429,2222,2157,0
16380,6,8,0,15,1,18.963928,1.943461,2222,2157,0
16390,9,11,0,21,1,18.962467,1.943257,2222,2157,0
16400,16,16,0,33,1,18.968859,1.943883,2223,2157,0
16410,18,14,0,33,1,18.976099,1.944547,2225,2157,0
16420,13,11,0,25,1,18.980964,1.945077,2228,2157,0
16430,11,16,0,28,1,18.989241,1.945859,2230,2163,0
16440,9,10,1,21,1,18.991455,1.945936,2230,2163,0
16450,7,6,0,14,1,18.990238,1.945964,2230,2163,0
16460,5,7,0,13,1,18.983863,1.945245,2230,2163,0
16470,11,9,1,22,1,18.981029,1.944877,2230,2163,0
16480,8,10,0,19,1,18.978260,1.944709,2230,2163,0
16490,9,7,0,17,1,18.980059,1.944804,2230,2163,0
16500,17,16,0,34,1,18.979694,1.944629,2232,2163,0
16510,12,14,0,27,1,18.982478,1.944800,2232,2163,0
16520,4,4,0,9,1,18.975461,1.944234,2232,2163,0
16530,11,13,0,25,1,18.974505,1.944022,2232,2163,0
16540,15,12,0,28,1,18.980861,1.944368,2232,2163,0
16550,16,15,1,33,1,18.987059,1.944902,2234,2163,0
16560,15,14,2,32,1,18.997070,1.946067,2242,2170,0
16570,15,16,0,32,1,19.005683,1.946909,2245,2173,0
16580,13,20,0,34,1,19.011781,1.947601,2248,2175,0
16590,12,17,0,30,1,19.019847,1.948579,2252,2188,0
16600,16,9,0,26,1,19.028718,1.949543,2258,2198,0
16610,17,16,1,35,1,19.037628,1.950548,2262,2203,0
16620,19,11,0,31,1,19.046829,1.951582,2266,2205,0
16630,6,4,0,11,1,19.046592,1.951505,2269,2205,0
16640,0,5,0,6,1,19.041174,1.950993,2269,2205,0
16650,0,0,0,0,0,19.031696,1.950113,2269,2205,0
16660,20,16,1,38,1,19.033981,1.950138,2270,2209,0
16670,9,17,1,28,1,19.039198,1.950728,2276,2216,0
16680,18,16,1,36,1,19.048197,1.951693,2288,2217,0
16690,12,15,0,28,1,19.057184,1.952561,2288,2220,0
16700,12,8,0,21,1,19.061723,1.952926,2288,2220,0
16710,9,9,0,19,1,19.065705,1.953341,2288,2220,0
16720,13,14,0,28,1,19.071286,1.953728,2289,2220,0
16730,10,3,0,14,1,19.074054,1.953924,2291,2220,0
16740,7,10,0,18,1,19.070978,1.953759,2291,2220,0
16750,5,7,0,13,1,19.065264,1.953277,2291,2220,0
16760,0,0,0,1,1,19.059046,1.952659,2291,2220,0
16770,1,2,0,4,1,19.050736,1.951767,2291,2220,0
16780,6,6,0,13,1,19.042782,1.950947,2291,2220,0
16790,3,8,0,12,1,19.037173,1.950332,2291,2220,0
16800,6,5,0,12,1,19.038260,1.950475,2291,2220,0
16810,6,3,0,10,1,19.034844,1.950096,2291,2220,0
16820,7,13,0,21,1,19.028868,1.949337,2291,2220,0
16830,7,6,0,14,1,19.029405,1.949423,2291,2220,0
16840,0,0,0,1,1,19.022013,1.948721,2291,2220,0
16850,8,5,0,14,1,19.016028,1.947949,2291,2220,0
16860,8,16,0,25,1,19.020960,1.948355,2291,2220,0
16870,7,11,0,19,1,19.023953,1.948468,2291,2220,0
16880,11,5,0,17,1,19.024234,1.948646,2291,2220,0
16890,8,4,0,13,1,19.020776,1.948382,2291,2220,0
16900,5,9,0,15,1,19.021023,1.948426,2291,2220,0
16910,12,12,1,26,1,19.025069,1.948730,2292,2220,0
16920,2,3,0,6,1,19.023880,1.948604,2292,2220,0
16930,0,0,0,1,1,19.013760,1.947716,2292,2220,0
16940,3,4,0,8,1,19.007130,1.947009,2292,2220,0
16950,1,1,0,3,1,18.997699,1.946215,2292,2220,0
16960,0,2,0,3,1,18.991235,1.945560,2292,2220,0
16970,3,1,0,5,1,18.982339,1.944644,2292,2220,0
16980,7,6,0,14,1,18.975819,1.943948,2292,2220,0
16990,0,0,0,0,0,18.968014,1.943249,2292,2220,0
17000,8,5,0,14,1,18.959753,1.942235,2292,2220,0
17010,0,1,0,2,1,18.951900,1.941508,2292,2220,0
17020,0,0,0,0,0,18.943830,1.940747,2292,2220,0
17030,12,8,1,22,1,18.937313,1.939958,2292,2220,0
17040,14,15,0,30,1,18.942602,1.940437,2292,2222,0
17050,11,12,0,24,1,18.941228,1.940210,2292,2222,0
17060,20,14,0,35,1,18.948742,1.940929,2292,2224,0
17070,16,17,1,35,1,18.957783,1.941792,2296,2232,0
17080,11,14,0,26,1,18.965876,1.942687,2301,2237,0
17090,3,7,0,11,1,18.963567,1.942411,2301,2237,0
17100,9,9,0,19,1,18.961290,1.942127,2301,2237,0
17110,12,13,1,27,1,18.961530,1.941938,2301,2237,0
17120,20,19,1,41,1,18.971982,1.942992,2314,2241,0
17130,14,11,0,26,1,18.981760,1.944315,2327,2249,0
17140,14,13,1,29,1,18.988652,1.944901,2328,2251,0
17150,10,15,1,27,1,18.994570,1.945479,2330,2251,0
17160,17,20,1,39,1,19.001871,1.946188,2330,2255,0
17170,10,14,1,26,1,19.007773,1.946823,2333,2256,0
17180,9,13,0,23,1,19.012354,1.947334,2334,2256,0
17190,7,15,0,23,1,19.013117,1.947432,2334,2256,0
17200,12,11,0,24,1,19.014131,1.947404,2334,2256,0
17210,14,11,0,26,1,19.012818,1.947137,2334,2256,0
17220,7,5,1,14,1,19.013401,1.947344,2334,2256,0
17230,6,7,0,14,1,19.007219,1.946660,2334,2256,0
17240,7,5,1,14,1,19.002382,1.946091,2334,2256,0
17250,15,15,0,31,1,19.008309,1.946636,2334,2256,0
17260,15,11,0,27,1,19.013214,1.947180,2336,2256,0
17270,10,18,0,29,1,19.023517,1.948243,2345,2262,0
17280,15,18,0,34,1,19.029905,1.948928,2345,2262,0
17290,16,19,1,37,1,19.040322,1.950095,2349,2275,0
17300,8,9,0,18,1,19.043002,1.950515,2349,2277,0
17310,9,10,0,20,1,19.041170,1.950335,2349,2277,0
17320,10,15,0,26,1,19.047458,1.950940,2354,2277,0
17330,5,4,0,10,1,19.046364,1.951031,2354,2277,0
17340,3,9,0,13,1,19.042252,1.950582,2354,2277,0
17350,2,4,0,7,1,19.034558,1.949928,2354,2277,0
17360,5,9,0,15,1,19.033332,1.949764,2354,2277,0
17370,6,9,1,17,1,19.026486,1.949023,2354,2277,0
17380,5,8,0,14,1,19.025134,1.948915,2354,2277,0
17390,3,1,0,5,1,19.021057,1.948493,2354,2277,0
17400,1,1,0,3,1,19.012953,1.947670,2354,2277,0
17410,6,6,0,13,1,19.005769,1.946872,2354,2277,0
17420,4,0,0,5,1,19.001403,1.946398,2354,2277,0
17430,0,0,0,0,0,18.992548,1.945624,2354,2277,0
17440,0,0,0,0,0,18.983619,1.944819,2354,2277,0
17450,3,8,0,12,1,18.979328,1.944352,2354,2277,0
17460,0,2,0,3,1,18.970428,1.943470,2354,2277,0
17470,2,0,0,3,1,18.961899,1.942603,2354,2277,0
17480,0,0,0,1,1,18.954069,1.941899,2354,2277,0
17490,6,3,0,10,1,18.945961,1.941132,2354,2277,0
17500,0,0,0,0,0,18.937301,1.940297,2354,2277,0
17510,7,2,0,10,1,18.928726,1.939539,2354,2277,0
17520,12,15,0,28,1,18.928882,1.939437,2354,2277,0
17530,9,8,0,18,1,18.928681,1.939480,2354,2277,0
17540,8,8,0,17,1,18.928315,1.939460,2354,2277,0
17550,16,15,0,32,1,18.932702,1.939792,2354,2277,0
17560,15,15,2,33,1,18.936191,1.940202,2358,2277,0
17570,20,15,1,37,1,18.944416,1.940813,2359,2282,0
17580,20,20,0,41,1,18.949052,1.941295,2361,2282,0
17590,18,16,0,35,1,18.958257,1.942290,2365,2286,0
17600,15,10,0,26,1,18.964523,1.943041,2370,2287,0
17610,6,8,1,16,1,18.965633,1.943150,2370,2287,0
17620,1,1,0,3,1,18.958969,1.942599,2370,2287,0
17630,1,1,0,3,1,18.950548,1.941822,2370,2287,0
17640,12,4,0,17,1,18.944299,1.941143,2370,2287,0
17650,15,12,0,28,1,18.944825,1.941158,2370,2287,0
17660,8,8,0,17,1,18.944119,1.941149,2370,2287,0
17670,8,12,0,21,1,18.942646,1.940915,2370,2287,0
17680,19,14,1,35,1,18.945164,1.941011,2370,2287,0
17690,7,2,0,10,1,18.944298,1.941109,2370,2287,0
17700,9,11,0,21,1,18.945594,1.941035,2370,2287,0
17710,11,10,0,22,1,18.950415,1.941524,2371,2288,0
17720,0,1,0,2,1,18.945679,1.941147,2371,2288,0
17730,0,1,0,2,1,18.937212,1.940219,2371,2288,0
17740,3,2,0,6,1,18.928279,1.939445,2371,2288,0
17750,12,8,0,21,1,18.928884,1.939368,2371,2288,0
17760,6,8,1,16,1,18.930345,1.939569,2371,2288,0
17770,9,10,0,20,1,18.930433,1.939495,2371,2288,0
17780,6,5,0,12,1,18.927824,1.939201,2371,2288,0
17790,7,11,0,19,1,18.924946,1.938768,2371,2288,0
17800,20,19,0,40,1,18.926143,1.938685,2374,2291,0
17810,15,14,1,31,1,18.935856,1.939877,2381,2301,0
17820,6,4,0,11,1,18.940075,1.940372,2381,2301,0
17830,12,18,0,31,1,18.939937,1.940186,2381,2301,0
17840,14,5,0,20,1,18.944117,1.940699,2381,2301,0
17850,11,14,2,28,1,18.950043,1.941280,2386,2306,0
17860,6,7,0,14,1,18.954351,1.941884,2386,2306,0
17870,2,6,0,9,1,18.950067,1.941429,2386,2306,0
17880,10,9,0,20,1,18.947363,1.941148,2386,2306,0
17890,19,17,1,38,1,18.953482,1.941548,2390,2311,0
17900,13,15,0,29,1,18.961252,1.942462,2402,2313,0
17910,17,15,0,33,1,18.967786,1.943038,2402,2316,0
17920,19,19,2,41,1,18.976928,1.944093,2408,2319,0
17930,9,11,2,23,1,18.985148,1.945153,2417,2325,0
17940,5,8,0,14,1,18.984062,1.944982,2417,2325,0
17950,8,3,0,12,1,18.980494,1.944578,2417,2325,0
17960,3,5,0,9,1,18.977909,1.944232,2417,2325,0
17970,3,7,0,11,1,18.971899,1.943578,2417,2325,0
17980,0,1,0,2,1,18.964267,1.942825,2417,2325,0
17990,0,1,0,2,1,18.956931,1.942081,2417,2325,0
18000,0,0,0,0,0,18.949670,1.941321,2417,2325,0
18010,8,5,0,14,1,18.941957,1.940450,2417,2325,0
18020,1,1,0,3,1,18.936956,1.939944,2417,2325,0
18030,0,0,0,0,0,18.928243,1.939091,2417,2325,0
18040,5,5,0,11,1,18.920521,1.938340,2417,2325,0
18050,2,2,0,5,1,18.915177,1.937755,2417,2325,0
18060,10,13,0,24,1,18.911321,1.937202,2417,2325,0
18070,7,6,0,14,1,18.914300,1.937481,2417,2329,0
18080,3,4,0,8,1,18.909472,1.937114,2417,2329,0
18090,16,20,0,37,1,18.914357,1.937380,2417,2330,0
18100,10,6,0,17,1,18.920412,1.938194,2417,2337,0
18110,8,7,0,16,1,18.918486,1.937927,2417,2337,0
18120,3,2,0,6,1,18.914645,1.937430,2417,2337,0
18130,2,3,0,6,1,18.906271,1.936700,2417,2337,0
18140,1,1,0,3,1,18.898713,1.935900,2417,2337,0
18150,13,10,0,24,1,18.893281,1.935088,2417,2337,0
18160,20,20,1,42,1,18.899887,1.935717,2440,2347,0
18170,18,20,0,39,1,18.909536,1.936821,2450,2350,0
18180,11,14,0,26,1,18.918081,1.937823,2452,2357,0
18190,3,1,0,5,1,18.914741,1.937685,2452,2357,0
18200,2,1,0,4,1,18.907795,1.937012,2452,2357,0
18210,2,2,0,5,1,18.900652,1.936320,2452,2357,0
18220,16,16,1,34,1,18.901961,1.936123,2452,2357,0
18230,13,12,0,26,1,18.909238,1.937028,2459,2357,0
18240,6,2,0,9,1,18.908192,1.936960,2459,2357,0
18250,1,0,0,2,1,18.900676,1.936436,2459,2357,0
18260,8,9,0,18,1,18.896923,1.935819,2459,2357,0
18270,6,7,0,14,1,18.897492,1.935993,2459,2358,0
18280,18,15,0,34,1,18.902782,1.936411,2460,2368,0
18290,11,19,0,31,1,18.910322,1.937158,2462,2368,0
18300,15,15,0,31,1,18.916033,1.937619,2463,2368,0
18310,19,16,0,36,1,18.924186,1.938461,2467,2369,0
18320,5,11,0,17,1,18.930076,1.939125,2467,2373,0
18330,18,14,1,34,1,18.932362,1.939377,2470,2375,0
18340,14,17,0,32,1,18.940672,1.940365,2470,2379,0
18350,7,16,0,24,1,18.946183,1.940926,2470,2379,0
18360,3,3,0,7,1,18.944735,1.940827,2470,2379,0
18370,7,8,0,16,1,18.938433,1.940177,2470,2379,0
18380,3,5,0,9,1,18.933492,1.939710,2470,2379,0
18390,0,2,0,3,1,18.925071,1.939016,2470,2379,0
18400,4,3,0,8,1,18.917407,1.938335,2470,2379,0
18410,2,3,0,6,1,18.908742,1.937485,2470,2379,0
18420,1,0,0,2,1,18.900884,1.936665,2470,2379,0
18430,10,12,0,23,1,18.898139,1.936186,2470,2379,0
18440,18,11,1,31,1,18.901632,1.936550,2470,2379,0
18450,11,14,1,27,1,18.908046,1.937181,2470,2381,0
18460,1,4,0,6,1,18.907147,1.937171,2470,2381,0
18470,1,4,0,6,1,18.899876,1.936551,2470,2381,0
18480,9,10,0,20,1,18.893767,1.935910,2470,2381,0
18490,20,10,0,31,1,18.894230,1.935996,2472,2381,0
18500,7,13,0,21,1,18.900210,1.936679,2473,2381,0
18510,10,11,0,22,1,18.903035,1.936954,2473,2381,0
18520,1,5,0,7,1,18.899827,1.936749,2473,2381,0
18530,5,6,1,13,1,18.896997,1.936508,2473,2381,0
18540,1,0,0,2,1,18.891057,1.935981,2473,2381,0
18550,17,11,0,29,1,18.886273,1.935454,2473,2381,0
18560,10,10,0,21,1,18.887966,1.935580,2473,2381,0
18570,12,6,0,19,1,18.891474,1.935956,2473,2382,0
18580,12,12,0,25,1,18.895774,1.936286,2473,2382,0
18590,14,10,0,25,1,18.898629,1.936606,2473,2382,0
18600,13,11,0,25,1,18.902473,1.936953,2473,2382,0
18610,19,16,1,37,1,18.910995,1.937715,2475,2388,0
18620,18,19,0,38,1,18.919499,1.938614,2477,2395,0
18630,15,11,2,29,1,18.925074,1.939234,2477,2403,0
18640,9,9,0,19,1,18.924936,1.939195,2477,2403,0
18650,12,10,0,23,1,18.931598,1.939809,2479,2404,0
18660,17,13,0,31,1,18.938038,1.940422,2491,2404,0
18670,19,14,0,34,1,18.945778,1.941221,2493,2405,0
18680,8,9,0,18,1,18.947758,1.941558,2493,2405,0
18690,17,14,0,32,1,18.947524,1.941338,2493,2405,0
18700,19,20,0,40,1,18.954510,1.942007,2498,2412,0
18710,1,5,1,8,1,18.956934,1.942485,2510,2415,0
18720,0,5,0,6,1,18.954124,1.942066,2510,2415,0
18730,7,9,0,17,1,18.954327,1.941976,2510,2415,0
18740,7,12,0,20,1,18.951708,1.941650,2510,2415,0
18750,9,8,0,18,1,18.949172,1.941344,2510,2415,0
18760,13,10,0,24,1,18.955680,1.941943,2516,2422,0
18770,19,19,0,39,1,18.963143,1.942650,2525,2429,0
18780,11,8,0,20,1,18.969758,1.943313,2525,2432,0
18790,2,6,0,9,1,18.968747,1.943301,2525,2432,0
18800,1,7,0,9,1,18.962788,1.942686,2525,2432,0
18810,2,4,0,7,1,18.954592,1.941948,2525,2432,0
18820,0,0,0,1,1,18.946274,1.941208,2525,2432,0
18830,3,3,0,7,1,18.938253,1.940382,2525,2432,0
18840,1,1,0,3,1,18.931799,1.939727,2525,2432,0
18850,0,0,0,1,1,18.924051,1.939056,2525,2432,0
18860,2,3,0,6,1,18.921335,1.938710,2525,2432,0
18870,4,4,0,9,1,18.914020,1.937988,2525,2432,0
18880,2,0,0,3,1,18.905815,1.937342,2525,2432,0
18890,4,2,0,7,1,18.898751,1.936604,2525,2432,0
18900,18,13,0,32,1,18.898122,1.936399,2525,2432,0
18910,11,13,0,25,1,18.906215,1.937381,2529,2434,0
18920,9,11,0,21,1,18.906788,1.937414,2529,2434,0
18930,13,10,0,24,1,18.908156,1.937456,2529,2434,0
18940,14,14,0,29,1,18.910281,1.937785,2529,2434,0
18950,11,18,0,30,1,18.915765,1.938447,2529,2439,0
18960,12,19,0,32,1,18.924016,1.939414,2530,2456,0
18970,2,3,0,6,1,18.925002,1.939657,2530,2458,0
18980,4,1,1,7,1,18.918360,1.938951,2530,2458,0
18990,9,9,0,19,1,18.914745,1.938628,2530,2458,0
19000,10,15,0,26,1,18.919008,1.939009,2530,2458,0
19010,20,14,1,36,1,18.921438,1.939180,2532,2458,0
19020,19,15,0,35,1,18.927591,1.939911,2534,2467,0
19030,14,14,2,31,1,18.934220,1.940669,2536,2467,0
19040,9,11,0,21,1,18.939519,1.941281,2536,2467,0
19050,13,4,0,18,1,18.937890,1.940973,2536,2467,0
19060,14,10,0,25,1,18.933219,1.940459,2536,2467,0
19070,7,13,1,22,1,18.934607,1.940565,2536,2467,0
19080,8,6,0,15,1,18.936360,1.940720,2538,2467,0
19090,18,16,2,37,1,18.939357,1.940991,2538,2467,0
19100,13,9,0,23,1,18.946124,1.941774,2544,2472,0
19110,7,4,1,13,1,18.945371,1.941557,2544,2472,0
19120,1,10,0,12,1,18.944095,1.941245,2544,2472,0
19130,3,4,0,8,1,18.938085,1.940604,2544,2472,0
19140,3,6,0,10,1,18.931102,1.939926,2544,2472,0
19150,15,12,0,28,1,18.936755,1.940293,2544,2475,0
19160,7,13,0,21,1,18.940411,1.940726,2544,2478,0
19170,7,17,0,25,1,18.944963,1.941064,2544,2478,0
19180,13,15,0,29,1,18.951506,1.941719,2545,2481,0
19190,12,12,0,25,1,18.957020,1.942260,2545,2481,0
19200,14,13,0,28,1,18.961677,1.942691,2545,2482,0
19210,13,16,2,32,1,18.968264,1.943279,2547,2482,0
19220,15,16,0,32,1,18.976514,1.944182,2549,2487,0
19230,18,12,1,32,1,18.985913,1.945141,2566,2490,0
19240,18,20,0,39,1,18.994019,1.945926,2574,2495,0
19250,9,10,0,20,1,18.999196,1.946743,2583,2499,0
19260,1,0,0,2,1,18.995233,1.946239,2583,2499,0
19270,10,10,0,21,1,18.991193,1.945821,2583,2499,0
19280,20,16,0,37,1,18.997382,1.946482,2590,2500,0
19290,17,19,0,37,1,19.004853,1.947295,2599,2505,0
19300,14,12,0,27,1,19.011151,1.947947,2600,2509,0
19310,6,5,0,12,1,19.013816,1.948133,2600,2509,0
19320,4,7,1,13,1,19.016791,1.948268,2603,2513,0
19330,13,10,0,24,1,19.017238,1.948103,2603,2513,0
19340,0,0,0,0,0,19.015696,1.948107,2603,2513,0
19350,0,2,0,3,1,19.010058,1.947628,2603,2513,0
19360,10,10,0,21,1,19.004866,1.946907,2603,2513,0
19370,11,15,1,28,1,19.007868,1.947066,2603,2513,0
19380,12,11,0,24,1,19.014216,1.947743,2607,2515,0
19390,10,4,0,15,1,19.017038,1.948008,2607,2515,0
19400,8,7,0,16,1,19.013422,1.947613,2607,2515,0
19410,9,12,1,23,1,19.012143,1.947345,2607,2515,0
19420,17,16,0,34,1,19.016310,1.947685,2607,2515,0
19430,16,18,0,35,1,19.023562,1.948445,2610,2522,0
19440,10,13,0,24,1,19.031248,1.949270,2616,2522,0
19450,5,6,1,13,1,19.034227,1.949704,2616,2525,0
19460,3,5,0,9,1,19.031598,1.949493,2616,2525,0
19470,8,4,0,13,1,19.028393,1.949202,2616,2525,0
19480,8,3,0,12,1,19.024891,1.948860,2616,2525,0
19490,14,15,0,30,1,19.026662,1.948996,2616,2525,0
19500,15,14,1,31,1,19.034283,1.949834,2622,2529,0
19510,15,11,0,27,1,19.040822,1.950398,2626,2530,0
19520,10,4,0,15,1,19.042089,1.950647,2626,2530,0
19530,13,10,1,25,1,19.040994,1.950531,2626,2530,0
19540,6,1,0,8,1,19.041459,1.950646,2626,2530,0
19550,10,12,0,23,1,19.037711,1.950207,2626,2530,0
19560,13,19,0,33,1,19.041738,1.950503,2626,2531,0
19570,20,16,0,37,1,19.049188,1.951293,2628,2538,0
19580,11,8,0,20,1,19.052508,1.951762,2631,2538,0
19590,10,7,0,18,1,19.053741,1.951854,2634,2538,0
19600,2,5,0,8,1,19.049413,1.951386,2634,2538,0
19610,0,0,0,1,1,19.042738,1.950760,2634,2538,0
19620,8,8,0,17,1,19.038530,1.950142,2634,2538,0
19630,8,3,0,12,1,19.033780,1.949651,2634,2538,0
19640,0,0,0,0,0,19.027278,1.949215,2634,2538,0
19650,13,6,0,20,1,19.024785,1.948925,2639,2538,0
19660,7,2,0,10,1,19.023547,1.948947,2639,2538,0
19670,0,0,0,1,1,19.016004,1.948323,2639,2538,0
19680,6,4,0,11,1,19.010504,1.947725,2639,2538,0
19690,2,1,0,4,1,19.007748,1.947469,2639,2538,0
19700,5,4,0,10,1,19.001608,1.946775,2639,2538,0
19710,2,0,0,3,1,18.993019,1.946063,2639,2538,0
19720,3,4,0,8,1,18.987165,1.945469,2639,2538,0
19730,7,8,1,17,1,18.983998,1.945130,2639,2538,0
19740,0,5,0,6,1,18.978803,1.944634,2639,2538,0
19750,2,0,0,3,1,18.970403,1.943780,2639,2538,0
19760,7,6,1,15,1,18.963704,1.942948,2639,2538,0
19770,4,2,0,7,1,18.960134,1.942629,2639,2538,0
19780,2,2,0,5,1,18.952634,1.941846,2639,2538,0
19790,9,8,0,18,1,18.946835,1.941157,2639,2538,0
19800,20,13,0,34,1,18.949589,1.941285,2641,2539,0
19810,15,15,0,31,1,18.952629,1.941683,2644,2539,0
19820,12,13,0,26,1,18.956932,1.942230,2644,2539,0
19830,6,4,0,11,1,18.958814,1.942540,2645,2539,0
19840,3,4,0,8,1,18.951341,1.941930,2645,2539,0
19850,2,4,0,7,1,18.944033,1.941258,2645,2539,0
19860,5,7,1,14,1,18.937826,1.940587,2645,2539,0
19870,6,9,0,16,1,18.937730,1.940593,2645,2539,0
19880,8,5,0,14,1,18.932382,1.940131,2645,2539,0
19890,2,2,0,5,1,18.930515,1.939916,2645,2539,0
19900,0,0,0,0,0,18.924147,1.939349,2645,2539,0
19910,3,7,0,11,1,18.917341,1.938607,2645,2539,0
19920,2,3,0,6,1,18.913850,1.938255,2645,2539,0
19930,8,8,0,17,1,18.909155,1.937770,2645,2539,0
19940,15,16,3,35,1,18.911550,1.937882,2645,2539,0
19950,4,7,0,12,1,18.909879,1.937856,2645,2539,0
19960,3,2,0,6,1,18.905013,1.937472,2645,2539,0
19970,3,2,0,6,1,18.897910,1.936790,2645,2539,0
19980,5,0,0,6,1,18.890539,1.936070,2645,2539,0
19990,15,10,0,26,1,18.890055,1.935887,2645,2539,0
20000,2,1,0,4,1,18.891459,1.936067,2645,2539,0
20010,15,10,0,26,1,18.887943,1.935642,2645,2539,0
20020,10,12,1,24,1,18.889936,1.935892,2645,2539,0
20030,14,15,0,30,1,18.895719,1.936500,2648,2541,0
20040,2,2,0,5,1,18.896947,1.936899,2649,2541,0
20050,10,10,0,21,1,18.893366,1.936498,2649,2541,0
20060,7,1,0,9,1,18.891174,1.936358,2649,2541,0
20070,1,0,0,2,1,18.885073,1.935828,2649,2541,0
20080,20,16,0,37,1,18.884652,1.935671,2649,2542,0
20090,19,20,1,41,1,18.893200,1.936711,2661,2543,0
20100,19,19,0,39,1,18.901223,1.937529,2675,2552,0
20110,6,10,1,18,1,18.904910,1.937952,2675,2553,0
20120,6,4,0,11,1,18.902340,1.937704,2675,2553,0
20130,12,15,0,28,1,18.899519,1.937381,2675,2553,0
20140,7,12,0,20,1,18.901474,1.937734,2675,2553,0
20150,11,14,0,26,1,18.904031,1.937982,2675,2553,0
20160,16,19,1,37,1,18.907935,1.938319,2675,2558,0
20170,7,12,0,20,1,18.911841,1.938744,2677,2558,0
20180,16,16,0,33,1,18.914437,1.938996,2677,2558,0
20190,4,5,0,10,1,18.916091,1.939132,2677,2558,0
20200,4,7,0,12,1,18.910611,1.938507,2677,2558,0
20210,3,8,0,12,1,18.909269,1.938296,2677,2558,0
20220,3,0,0,4,1,18.902750,1.937692,2677,2558,0
20230,7,9,0,17,1,18.899776,1.937334,2677,2558,0
20240,15,12,0,28,1,18.905688,1.938014,2684,2561,0
20250,0,1,0,2,1,18.904691,1.937986,2684,2561,0
20260,0,3,0,4,1,18.897513,1.937304,2684,2561,0
20270,3,2,0,6,1,18.890919,1.936545,2684,2561,0
20280,0,3,2,6,1,18.885728,1.936126,2684,2561,0
20290,6,4,0,11,1,18.879954,1.935500,2684,2561,0
20300,1,0,0,2,1,18.872321,1.934929,2684,2561,0
20310,0,0,0,1,1,18.865492,1.934361,2684,2561,0
20320,2,4,0,7,1,18.860940,1.933889,2684,2561,0
20330,14,17,0,32,1,18.862791,1.933996,2684,2561,0
20340,15,18,0,34,1,18.869578,1.934776,2686,2561,0
20350,20,18,1,40,1,18.878718,1.935825,2693,2585,0
20360,18,13,0,32,1,18.887440,1.936851,2701,2602,0
20370,17,19,0,37,1,18.895233,1.937636,2711,2615,0
20380,20,19,0,40,1,18.900277,1.938139,2713,2615,0
20390,19,17,0,37,1,18.908468,1.939052,2721,2620,0
20400,9,18,1,29,1,18.911788,1.939417,2724,2620,0
20410,14,10,0,25,1,18.916915,1.940045,2732,2625,0
20420,14,14,1,30,1,18.920917,1.940402,2732,2625,0
20430,7,7,0,15,1,18.922556,1.940731,2732,2625,0
20440,4,8,0,13,1,18.919435,1.940455,2732,2625,0
20450,5,7,0,13,1,18.914833,1.940027,2732,2625,0
20460,19,15,0,35,1,18.916467,1.940189,2732,2625,0
20470,14,8,0,23,1,18.917456,1.940189,2732,2625,0
20480,12,20,2,35,1,18.920605,1.940390,2732,2627,0
20490,16,15,1,33,1,18.928813,1.941149,2740,2631,0
20500,13,12,0,26,1,18.933529,1.941677,2741,2631,0
20510,12,15,0,28,1,18.938684,1.942356,2744,2632,0
20520,13,19,0,33,1,18.940814,1.942444,2744,2633,0
20530,19,13,1,34,1,18.949617,1.943322,2759,2639,0
20540,20,19,3,43,1,18.958972,1.944413,2766,2655,0
20550,5,14,0,20,1,18.965148,1.945138,2768,2658,0
20560,12,16,1,30,1,18.971464,1.945675,2768,2660,0
20570,19,20,0,40,1,18.979950,1.946589,2778,2668,0
20580,8,4,1,14,1,18.984902,1.947276,2783,2672,0
20590,6,9,0,16,1,18.986538,1.947332,2783,2672,0
20600,5,7,0,13,1,18.987106,1.947463,2783,2672,0
20610,12,20,0,33,1,18.986233,1.947243,2783,2676,0
20620,15,15,2,33,1,18.992859,1.947966,2790,2684,0
20630,12,16,1,30,1,18.997301,1.948456,2790,2691,0
20640,14,14,0,29,1,19.003239,1.949011,2790,2691,0
20650,14,10,0,25,1,19.009723,1.949856,2791,2695,0
20660,6,1,0,8,1,19.007496,1.949622,2791,2695,0
20670,5,5,0,11,1,19.002379,1.949015,2791,2695,0
20680,7,6,1,15,1,19.001622,1.948884,2791,2695,0
20690,16,15,0,32,1,19.002897,1.948972,2791,2695,0
20700,18,11,0,30,1,19.008204,1.949559,2792,2695,0
20710,14,18,1,34,1,19.014086,1.950110,2793,2699,0
20720,11,5,0,17,1,19.017751,1.950539,2795,2701,0
20730,6,9,0,16,1,19.014237,1.950154,2795,2701,0
20740,4,5,0,10,1,19.012357,1.949783,2795,2701,0
20750,3,4,0,8,1,19.009306,1.949581,2795,2701,0
20760,7,6,0,14,1,19.006307,1.949143,2795,2701,0
20770,14,5,0,20,1,19.005898,1.949087,2795,2701,0
20780,11,6,0,18,1,19.003651,1.948900,2795,2701,0
20790,5,3,0,9,1,18.997406,1.948399,2795,2701,0
20800,8,5,0,14,1,18.990266,1.947681,2795,2701,0
20810,1,1,0,3,1,18.983761,1.947067,2795,2701,0
20820,7,11,1,20,1,18.978448,1.946479,2795,2701,0
20830,7,3,0,11,1,18.981824,1.946935,2795,2701,0
20840,0,0,0,0,0,18.976874,1.946518,2795,2701,0
20850,14,12,1,28,1,18.973204,1.946032,2795,2701,0
20860,17,20,0,38,1,18.978957,1.946617,2800,2702,0
20870,16,19,0,36,1,18.985256,1.947201,2800,2705,0
20880,16,18,0,35,1,18.992432,1.947865,2806,2710,0
20890,15,15,0,31,1,18.999114,1.948632,2806,2717,0
20900,5,9,0,15,1,19.003118,1.949028,2809,2718,0
20910,12,9,0,22,1,19.003165,1.948875,2809,2718,0
20920,9,4,0,14,1,19.004397,1.949006,2809,2718,0
20930,12,12,0,25,1,19.004737,1.948979,2809,2718,0
20940,9,5,0,15,1,19.003977,1.948868,2809,2718,0
20950,18,20,1,40,1,19.006072,1.948859,2814,2718,0
20960,9,17,0,27,1,19.010761,1.949392,2814,2722,0
20970,15,13,1,30,1,19.016849,1.950050,2817,2724,0
20980,20,15,1,37,1,19.022977,1.950722,2825,2726,0
20990,10,11,1,23,1,19.026609,1.951070,2825,2726,0
21000,7,5,0,13,1,19.027579,1.951194,2825,2726,0
21010,7,4,0,12,1,19.024631,1.950878,2825,2726,0
21020,2,0,0,3,1,19.016923,1.950263,2825,2726,0
21030,12,13,0,26,1,19.015885,1.950190,2825,2726,0
21040,15,12,4,32,1,19.021518,1.950811,2825,2730,0
21050,20,20,1,42,1,19.029601,1.951673,2833,2732,0
21060,18,19,0,38,1,19.037033,1.952592,2839,2736,0
21070,8,7,0,16,1,19.042012,1.953165,2839,2738,0
21080,5,1,0,7,1,19.037929,1.952732,2839,2738,0
21090,4,0,0,5,1,19.032920,1.952251,2839,2738,0
21100,7,10,0,18,1,19.027303,1.951585,2839,2738,0
21110,16,16,0,33,1,19.032451,1.952051,2840,2740,0
21120,17,12,0,30,1,19.038533,1.952727,2840,2740,0
21130,18,13,0,32,1,19.044436,1.953498,2842,2746,0
21140,8,9,1,19,1,19.045879,1.953755,2847,2746,0
21150,15,19,0,35,1,19.049731,1.954060,2849,2751,0
21160,5,6,0,12,1,19.050591,1.954286,2852,2758,0
21170,8,9,0,18,1,19.050602,1.954320,2852,2758,0
21180,12,18,0,31,1,19.056898,1.954838,2855,2764,0
21190,10,11,0,22,1,19.058416,1.954970,2855,2765,0
21200,5,2,1,9,1,19.052649,1.954458,2855,2765,0
21210,12,11,0,24,1,19.053615,1.954496,2855,2765,0
21220,15,16,0,32,1,19.058526,1.954919,2855,2767,0
21230,10,11,0,22,1,19.063426,1.955322,2856,2767,0
21240,15,10,0,26,1,19.064254,1.955346,2856,2767,0
21250,7,7,0,15,1,19.066720,1.955537,2856,2767,0
21260,13,15,1,30,1,19.063627,1.955093,2856,2767,0
21270,9,5,0,15,1,19.063677,1.955159,2856,2767,0
21280,8,19,0,28,1,19.060842,1.954845,2856,2767,0
21290,4,3,0,8,1,19.061972,1.954956,2856,2768,0
21300,5,4,0,10,1,19.054895,1.954179,2856,2768,0
21310,1,3,0,5,1,19.047097,1.953516,2856,2768,0
21320,5,4,1,11,1,19.041272,1.952979,2856,2768,0
21330,6,6,0,13,1,19.039862,1.952792,2856,2768,0
21340,1,1,0,3,1,19.034271,1.952261,2856,2768,0
21350,7,6,0,14,1,19.026991,1.951510,2856,2768,0
21360,14,14,0,29,1,19.026249,1.951373,2856,2768,0
21370,13,20,0,34,1,19.032541,1.951892,2864,2774,0
21380,9,14,0,24,1,19.036852,1.952292,2866,2776,0
21390,6,8,0,15,1,19.032550,1.951883,2866,2776,0
21400,5,2,0,8,1,19.025895,1.951149,2866,2776,0
21410,1,0,0,2,1,19.020629,1.950689,2866,2776,0
21420,1,0,0,2,1,19.013430,1.950067,2866,2776,0
21430,3,3,0,7,1,19.007575,1.949416,2866,2776,0
21440,1,7,0,9,1,19.001673,1.948852,2866,2776,0
21450,8,9,0,18,1,19.000518,1.948701,2866,2776,0
21460,2,3,0,6,1,18.995594,1.948275,2866,2776,0
21470,4,8,0,13,1,18.988570,1.947364,2866,2776,0
21480,13,13,0,27,1,18.987461,1.947134,2866,2776,0
21490,7,12,0,20,1,18.989412,1.947293,2866,2776,0
21500,10,15,0,26,1,18.994294,1.947807,2876,2777,0
21510,18,11,0,30,1,18.996192,1.948016,2882,2777,0
21520,18,17,1,37,1,19.004926,1.948963,2898,2788,0
21530,20,18,0,39,1,19.010014,1.949425,2899,2788,0
21540,18,9,0,28,1,19.016097,1.950183,2908,2796,0
21550,20,15,0,36,1,19.022114,1.950824,2911,2804,0
21560,18,16,0,35,1,19.027075,1.951393,2916,2804,0
21570,18,17,1,37,1,19.034738,1.952165,2921,2815,0
21580,14,19,1,35,1,19.040612,1.952800,2921,2815,0
21590,17,19,1,38,1,19.048057,1.953707,2931,2816,0
21600,7,7,1,16,1,19.052744,1.954295,2934,2817,0
21610,0,0,0,1,1,19.049025,1.953992,2934,2817,0
21620,9,13,1,24,1,19.047756,1.953699,2934,2817,0
21630,2,0,0,3,1,19.042283,1.953245,2934,2817,0
21640,9,16,0,26,1,19.042237,1.953143,2934,2817,0
21650,18,14,0,33,1,19.048653,1.953833,2941,2821,0
21660,14,18,1,34,1,19.055857,1.954651,2954,2827,0
21670,16,16,0,33,1,19.063075,1.955432,2963,2827,0
21680,6,14,0,21,1,19.067025,1.955842,2973,2827,0
21690,8,5,0,14,1,19.066218,1.955782,2973,2827,0
21700,10,19,0,30,1,19.068619,1.955968,2973,2830,0
21710,14,15,1,31,1,19.072621,1.956309,2973,2831,0
21720,10,9,0,20,1,19.074069,1.956444,2973,2837,0
21730,17,17,0,35,1,19.078411,1.956746,2973,2837,0
21740,10,9,0,20,1,19.081419,1.957087,2974,2837,0
21750,17,9,0,27,1,19.083567,1.957229,2977,2837,0
21760,20,17,0,38,1,19.088229,1.957592,2979,2837,0
21770,2,1,0,4,1,19.090194,1.958001,2979,2837,0
21780,0,0,0,1,1,19.082938,1.957381,2979,2837,0
21790,3,10,0,14,1,19.076714,1.956738,2979,2837,0
21800,10,8,0,19,1,19.073027,1.956272,2979,2837,0
21810,12,14,0,27,1,19.076018,1.956538,2979,2840,0
21820,18,19,1,39,1,19.081676,1.957095,2987,2847,0
21830,8,12,0,21,1,19.087661,1.957943,2992,2851,0
21840,6,8,0,15,1,19.087325,1.957950,2992,2851,0
21850,12,10,0,23,1,19.090407,1.958151,2992,2851,0
21860,0,2,0,3,1,19.088357,1.957863,2992,2851,0
21870,0,0,0,0,0,19.081771,1.957164,2992,2851,0
21880,8,10,0,19,1,19.077889,1.956688,2992,2851,0
21890,11,9,0,21,1,19.077593,1.956672,2992,2851,0
21900,10,12,0,23,1,19.084265,1.957379,2997,2858,0
21910,7,10,0,18,1,19.087609,1.957763,2998,2858,0
21920,10,11,0,22,1,19.088188,1.957855,2998,2858,0
21930,13,16,1,31,1,19.091308,1.958033,2998,2858,0
21940,17,13,0,31,1,19.095888,1.958470,2999,2859,0
21950,17,20,0,38,1,19.101134,1.958949,3001,2861,0
21960,12,17,0,30,1,19.106647,1.959455,3003,2867,0
21970,7,4,0,12,1,19.107949,1.959666,3003,2867,0
21980,11,6,0,18,1,19.105324,1.959383,3003,2867,0
21990,12,12,0,25,1,19.105358,1.959327,3003,2867,0
22000,13,16,0,30,1,19.110012,1.959800,3003,2867,0
22010,19,15,1,36,1,19.116041,1.960560,3009,2874,0
22020,11,9,0,21,1,19.121367,1.961120,3014,2876,0
22030,20,17,0,38,1,19.125282,1.961481,3017,2876,0
22040,16,20,0,37,1,19.132836,1.962306,3024,2887,0
22050,17,15,0,33,1,19.137435,1.962764,3024,2891,0
22060,19,20,0,40,1,19.145776,1.963697,3036,2902,0
22070,13,10,0,24,1,19.153847,1.964657,3047,2912,0
22080,18,18,0,37,1,19.159126,1.965157,3050,2915,0
22090,19,12,0,32,1,19.164703,1.965743,3054,2915,0
22100,7,10,0,18,1,19.168970,1.966249,3056,2918,0
22110,0,0,0,0,0,19.163941,1.965829,3056,2918,0
22120,6,6,0,13,1,19.162756,1.965575,3056,2918,0
22130,0,8,0,9,1,19.158760,1.965233,3056,2918,0
22140,16,14,0,31,1,19.157036,1.964879,3056,2918,0
22150,9,17,0,27,1,19.163055,1.965519,3059,2923,0
22160,17,11,1,30,1,19.166660,1.965829,3060,2923,0
22170,5,8,0,14,1,19.171009,1.966371,3060,2926,0
22180,7,12,1,21,1,19.166937,1.965921,3060,2926,0
22190,19,18,0,38,1,19.172443,1.966464,3062,2932,0
22200,14,9,0,24,1,19.178286,1.967104,3066,2935,0
22210,10,10,1,22,1,19.181643,1.967434,3066,2944,0
22220,4,7,0,12,1,19.182866,1.967610,3066,2944,0
22230,5,6,1,13,1,19.179213,1.967239,3066,2944,0
22240,0,0,0,0,0,19.172974,1.966586,3066,2944,0
22250,9,2,0,12,1,19.167115,1.965844,3066,2944,0
22260,16,19,0,36,1,19.166395,1.965675,3066,2945,0
22270,16,11,0,28,1,19.171752,1.966284,3066,2948,0
22280,18,20,0,39,1,19.179135,1.966991,3080,2964,0
22290,17,13,0,31,1,19.186374,1.967774,3081,2968,0
22300,4,12,0,17,1,19.188146,1.968087,3081,2968,0
22310,15,6,0,22,1,19.186314,1.967804,3081,2968,0
22320,20,17,0,38,1,19.191402,1.968268,3086,2968,0
22330,10,7,0,18,1,19.196386,1.968901,3092,2981,0
22340,20,17,0,38,1,19.200954,1.969274,3097,2986,0
22350,14,16,1,32,1,19.206061,1.969857,3098,2987,0
22360,2,2,0,5,1,19.207417,1.970136,3100,2987,0
22370,4,6,0,11,1,19.200811,1.969517,3100,2987,0
22380,7,6,0,14,1,19.197048,1.969145,3100,2987,0
22390,2,1,0,4,1,19.190699,1.968552,3100,2987,0
22400,0,0,0,0,0,19.185002,1.967963,3100,2987,0
22410,4,5,0,10,1,19.177802,1.967247,3100,2987,0
22420,2,2,0,5,1,19.172778,1.966718,3100,2987,0
22430,0,3,0,4,1,19.165983,1.966133,3100,2987,0
22440,0,1,0,2,1,19.158518,1.965596,3100,2987,0
22450,11,6,0,18,1,19.152703,1.964941,3100,2987,0
22460,17,17,1,36,1,19.157967,1.965404,3100,2992,0
22470,16,18,1,36,1,19.164833,1.966221,3107,2992,0
22480,10,8,1,20,1,19.167099,1.966448,3107,2992,0
22490,0,0,0,1,1,19.163545,1.966169,3107,2992,0
22500,1,2,0,4,1,19.155890,1.965325,3107,2992,0
22510,2,2,0,5,1,19.148950,1.964519,3107,2992,0
22520,0,1,0,2,1,19.142438,1.963774,3107,2992,0
22530,1,8,1,11,1,19.135080,1.963041,3107,2992,0
22540,7,3,0,11,1,19.129440,1.962431,3107,2992,0
22550,9,11,0,21,1,19.129795,1.962195,3107,2996,0
22560,13,11,0,25,1,19.133185,1.962467,3113,2996,0
22570,13,18,1,33,1,19.133431,1.962399,3113,2996,0
22580,15,20,0,36,1,19.137712,1.962896,3113,3004,0
22590,16,10,0,27,1,19.144151,1.963605,3113,3008,0
22600,7,11,0,19,1,19.147184,1.963858,3114,3008,0
22610,19,16,0,36,1,19.149594,1.964012,3122,3008,0
22620,14,15,1,31,1,19.154653,1.964348,3123,3009,0
22630,19,18,1,39,1,19.162674,1.965193,3128,3018,0
22640,14,10,0,25,1,19.167914,1.965735,3132,3018,0
22650,9,7,0,17,1,19.169787,1.965860,3132,3018,0
22660,6,15,0,22,1,19.170523,1.965940,3132,3018,0
22670,4,4,0,9,1,19.170294,1.965833,3132,3018,0
22680,3,9,0,13,1,19.168660,1.965741,3132,3018,0
22690,5,6,0,12,1,19.166193,1.965484,3132,3018,0
22700,5,6,0,12,1,19.164020,1.965221,3132,3018,0
22710,7,7,0,15,1,19.157545,1.964632,3132,3018,0
22720,3,4,0,8,1,19.153860,1.964197,3132,3018,0
22730,8,8,0,17,1,19.148030,1.963595,3132,3018,0
22740,0,1,0,2,1,19.141512,1.962958,3132,3018,0
22750,8,6,0,15,1,19.135078,1.962293,3132,3018,0
22760,1,2,0,4,1,19.129321,1.961840,3132,3018,0
22770,5,10,0,16,1,19.124763,1.961289,3132,3018,0
22780,1,3,0,5,1,19.121928,1.961056,3132,3018,0
22790,1,1,0,3,1,19.114819,1.960322,3132,3018,0
22800,0,1,0,2,1,19.109506,1.959879,3132,3018,0
22810,5,5,0,11,1,19.103318,1.959275,3132,3018,0
22820,11,8,0,20,1,19.101520,1.959130,3132,3018,0
22830,17,16,2,36,1,19.105290,1.959389,3134,3020,0
22840,19,18,0,38,1,19.113337,1.960272,3138,3033,0
22850,13,15,0,29,1,19.120868,1.961242,3154,3035,0
22860,14,13,0,28,1,19.126138,1.961858,3162,3035,0
22870,17,6,0,24,1,19.129235,1.962162,3164,3035,0
22880,6,4,0,11,1,19.130370,1.962292,3164,3035,0
22890,7,1,0,9,1,19.126086,1.961909,3164,3035,0
22900,14,15,0,30,1,19.123816,1.961487,3164,3035,0
22910,17,17,1,36,1,19.129860,1.961989,3167,3046,0
22920,11,17,0,29,1,19.137644,1.962914,3181,3060,0
22930,12,10,0,23,1,19.142093,1.963428,3183,3060,0
22940,6,13,0,20,1,19.140943,1.963244,3183,3060,0
22950,17,16,0,34,1,19.142472,1.963247,3183,3060,0
22960,19,16,1,37,1,19.149899,1.964013,3189,3063,0
22970,19,15,0,35,1,19.156252,1.964696,3204,3063,0
22980,20,14,1,36,1,19.162880,1.965318,3214,3063,0
22990,14,14,0,29,1,19.170357,1.966239,3230,3064,0
23000,12,20,0,33,1,19.176137,1.966801,3231,3071,0
23010,12,20,1,34,1,19.182759,1.967537,3248,3074,0
23020,14,20,0,35,1,19.188162,1.968104,3257,3081,0
23030,11,17,0,29,1,19.194805,1.968834,3259,3087,0
23040,15,17,0,33,1,19.201016,1.969405,3271,3090,0
23050,4,9,0,14,1,19.203708,1.969607,3271,3090,0
23060,3,3,0,7,1,19.201060,1.969287,3271,3090,0
23070,0,0,0,1,1,19.194110,1.968622,3271,3090,0
23080,11,2,0,14,1,19.188106,1.967967,3271,3090,0
23090,0,1,0,2,1,19.182642,1.967394,3271,3090,0
23100,5,7,0,13,1,19.177737,1.966747,3271,3090,0
23110,1,1,0,3,1,19.171875,1.966211,3271,3090,0
23120,2,5,0,8,1,19.165129,1.965532,3271,3090,0
23130,2,5,0,8,1,19.158701,1.964999,3271,3090,0
23140,5,4,0,10,1,19.153764,1.964619,3271,3090,0
23150,2,0,0,3,1,19.146924,1.963974,3271,3090,0
23160,3,2,0,6,1,19.140019,1.963244,3271,3090,0
23170,2,4,0,7,1,19.134698,1.962694,3271,3090,0
23180,9,7,0,17,1,19.133248,1.962480,3271,3090,0
23190,17,11,0,29,1,19.133485,1.962370,3271,3090,0
23200,3,4,0,8,1,19.133782,1.962491,3276,3090,0
23210,6,12,0,19,1,19.129968,1.961966,3276,3090,0
23220,10,6,0,17,1,19.128363,1.961875,3276,3090,0
23230,8,4,0,13,1,19.125179,1.961509,3276,3090,0
23240,0,0,0,1,1,19.120843,1.961164,3276,3090,0
23250,2,4,0,7,1,19.113699,1.960470,3276,3090,0
23260,5,4,0,10,1,19.108580,1.959924,3276,3090,0
23270,14,10,0,25,1,19.110488,1.959977,3276,3090,0
23280,19,20,0,40,1,19.116363,1.960463,3280,3091,0
23290,8,8,0,17,1,19.121748,1.961157,3280,3092,0
23300,0,0,0,0,0,19.116023,1.960695,3280,3092,0
23310,10,7,0,18,1,19.109862,1.959869,3280,3092,0
23320,6,10,0,17,1,19.110558,1.959945,3280,3092,0
23330,10,18,0,29,1,19.112654,1.960165,3280,3092,0
23340,18,20,0,39,1,19.119113,1.960805,3282,3102,0
23350,6,6,0,13,1,19.124226,1.961420,3286,3112,0
23360,7,4,0,12,1,19.123237,1.961220,3286,3112,0
23370,3,3,0,7,1,19.119834,1.960875,3286,3112,0
23380,4,8,1,14,1,19.114667,1.960264,3286,3112,0
23390,10,9,1,21,1,19.112379,1.959870,3286,3112,0
23400,0,0,0,0,0,19.114004,1.960024,3286,3112,0
23410,0,3,0,4,1,19.107843,1.959431,3286,3112,0
23420,0,1,0,2,1,19.101153,1.958698,3286,3112,0
23430,2,2,0,5,1,19.094588,1.958106,3286,3112,0
23440,12,11,0,24,1,19.091290,1.957644,3286,3112,0
23450,3,4,1,9,1,19.090067,1.957643,3286,3112,0
23460,10,5,0,16,1,19.084232,1.957006,3286,3112,0
23470,18,18,0,37,1,19.087522,1.957186,3291,3112,0
23480,16,15,3,35,1,19.094787,1.957995,3297,3125,0
23490,14,19,1,35,1,19.100824,1.958695,3297,3131,0
23500,14,11,0,26,1,19.106985,1.959400,3300,3137,0
23510,2,1,0,4,1,19.102266,1.958972,3300,3137,0
23520,0,0,0,1,1,19.095199,1.958388,3300,3137,0
23530,12,13,0,26,1,19.094937,1.958237,3300,3137,0
23540,10,10,0,21,1,19.098292,1.958594,3300,3137,0
23550,1,1,0,3,1,19.097855,1.958699,3300,3137,0
23560,5,6,0,12,1,19.091866,1.957995,3300,3137,0
23570,8,4,0,13,1,19.088960,1.957616,3300,3137,0
23580,14,11,2,28,1,19.090799,1.957741,3300,3137,0
23590,10,16,0,27,1,19.094574,1.958022,3300,3141,0
23600,12,12,0,25,1,19.097599,1.958354,3300,3141,0
23610,11,18,0,30,1,19.100521,1.958683,3300,3142,0
23620,7,15,1,24,1,19.102970,1.959041,3300,3143,0
23630,14,17,0,32,1,19.108934,1.959682,3310,3149,0
23640,11,10,2,24,1,19.111042,1.959937,3310,3151,0
23650,12,7,0,20,1,19.114924,1.960288,3310,3151,0
23660,5,3,0,9,1,19.111593,1.959858,3310,3151,0
23670,3,4,0,8,1,19.105024,1.959197,3310,3151,0
23680,17,12,1,31,1,19.105183,1.958988,3310,3151,0
23690,19,14,0,34,1,19.108535,1.959345,3310,3153,0
23700,12,18,0,31,1,19.113127,1.959812,3312,3155,0
23710,4,7,0,12,1,19.113419,1.959973,3312,3156,0
23720,3,0,0,4,1,19.108965,1.959496,3312,3156,0
23730,2,1,0,4,1,19.102096,1.958838,3312,3156,0
23740,3,3,0,7,1,19.095655,1.958207,3312,3156,0
23750,4,10,1,16,1,19.092669,1.957829,3312,3156,0
23760,6,12,0,19,1,19.095017,1.958041,3315,3156,0
23770,3,1,0,5,1,19.096228,1.958161,3315,3156,0
23780,4,4,0,9,1,19.089799,1.957455,3315,3156,0
23790,1,1,0,3,1,19.084373,1.956946,3315,3156,0
23800,14,6,0,21,1,19.079483,1.956381,3315,3156,0
23810,14,12,0,27,1,19.079979,1.956352,3315,3156,0
23820,17,18,0,36,1,19.084810,1.956877,3315,3156,0
23830,8,16,0,25,1,19.091859,1.957705,3323,3170,0
23840,20,18,0,39,1,19.097268,1.958416,3339,3170,0
23850,9,11,0,21,1,19.102558,1.959123,3339,3173,0
23860,12,11,0,24,1,19.104609,1.959338,3339,3173,0
23870,8,4,0,13,1,19.105029,1.959520,3339,3173,0
23880,4,7,0,12,1,19.099826,1.959074,3339,3173,0
23890,14,3,0,18,1,19.098356,1.958768,3339,3173,0
23900,13,12,0,26,1,19.097066,1.958573,3339,3173,0
23910,15,14,0,30,1,19.104259,1.959323,3351,3180,0
23920,13,6,0,20,1,19.109796,1.959979,3352,3191,0
23930,17,11,0,29,1,19.114304,1.960387,3369,3193,0
23940,9,13,0,23,1,19.119350,1.960917,3377,3201,0
23950,4,9,0,14,1,19.116390,1.960702,3377,3201,0
23960,2,4,0,7,1,19.112852,1.960393,3377,3201,0
23970,12,11,0,24,1,19.108901,1.959850,3377,3201,0
23980,13,17,1,32,1,19.110794,1.960031,3377,3201,0
23990,4,4,0,9,1,19.113082,1.960295,3379,3201,0
24000,6,1,0,8,1,19.110366,1.959945,3379,3201,0
24010,7,4,0,12,1,19.105919,1.959569,3379,3201,0
24020,9,18,1,29,1,19.109123,1.959734,3381,3202,0
24030,8,12,0,21,1,19.109722,1.959725,3381,3202,0
24040,20,18,1,40,1,19.116427,1.960450,3393,3213,0
24050,4,2,0,7,1,19.118999,1.960877,3394,3222,0
24060,5,11,0,17,1,19.113445,1.960220,3394,3222,0
24070,1,2,0,4,1,19.107042,1.959684,3394,3222,0
24080,0,0,0,0,0,19.101401,1.959026,3394,3222,0
24090,18,5,0,24,1,19.097640,1.958536,3394,3222,0
24100,6,11,0,18,1,19.097666,1.958602,3394,3222,0
24110,15,14,0,30,1,19.100087,1.958662,3396,3222,0
24120,8,5,0,14,1,19.098876,1.958618,3396,3222,0
24130,10,8,1,20,1,19.096578,1.958453,3396,3222,0
24140,11,16,1,29,1,19.099125,1.958685,3399,3222,0
24150,12,12,1,26,1,19.102435,1.959004,3399,3222,0
24160,13,9,0,23,1,19.107187,1.959445,3404,3223,0
24170,8,8,1,18,1,19.106511,1.959314,3404,3223,0
24180,4,10,0,15,1,19.107099,1.959412,3404,3223,0
24190,3,5,0,9,1,19.102061,1.958849,3404,3223,0
24200,12,7,0,20,1,19.102664,1.958824,3404,3223,0
24210,12,14,0,27,1,19.104009,1.958991,3404,3226,0
24220,8,3,0,12,1,19.104096,1.958971,3404,3226,0
24230,10,16,1,28,1,19.104534,1.958929,3404,3226,0
24240,16,11,1,29,1,19.106912,1.959169,3404,3226,0
24250,5,7,0,13,1,19.104503,1.958885,3404,3226,0
24260,13,14,0,28,1,19.103203,1.958657,3404,3226,0
24270,19,14,0,34,1,19.105670,1.958914,3404,3226,0
24280,8,9,0,18,1,19.105395,1.958866,3404,3226,0
24290,1,2,0,4,1,19.099796,1.958404,3404,3226,0
24300,4,4,0,9,1,19.098699,1.958081,3404,3226,0
24310,5,5,0,11,1,19.094794,1.957709,3404,3226,0
24320,4,5,0,10,1,19.089803,1.957243,3404,3226,0
24330,4,2,0,7,1,19.084294,1.956699,3404,3226,0
24340,4,4,1,10,1,19.079565,1.956235,3404,3226,0
24350,10,12,1,24,1,19.079755,1.956193,3404,3226,0
24360,2,0,0,3,1,19.078178,1.956094,3404,3226,0
24370,8,10,1,20,1,19.074525,1.955674,3404,3226,0
24380,1,1,0,3,1,19.070196,1.955292,3404,3226,0
24390,3,4,0,8,1,19.064066,1.954709,3404,3226,0
24400,5,6,0,12,1,19.061719,1.954531,3404,3226,0
24410,6,6,0,13,1,19.058508,1.954140,3404,3226,0
24420,10,12,0,23,1,19.059117,1.954059,3404,3226,0
24430,11,20,1,33,1,19.064656,1.954623,3411,3236,0
24440,15,16,0,32,1,19.067541,1.954899,3411,3244,0
24450,10,8,0,19,1,19.070331,1.955279,3411,3244,0
24460,11,8,0,20,1,19.073127,1.955570,3411,3257,0
24470,4,6,0,11,1,19.073677,1.955647,3411,3257,0
24480,3,0,0,4,1,19.067996,1.955102,3411,3257,0
24490,0,6,0,7,1,19.062337,1.954477,3411,3257,0
24500,5,3,0,9,1,19.058722,1.954062,3411,3257,0
24510,3,0,0,4,1,19.052559,1.953467,3411,3257,0
24520,13,17,0,31,1,19.051870,1.953319,3411,3257,0
24530,9,16,0,26,1,19.056245,1.953813,3414,3263,0
24540,20,19,0,40,1,19.062771,1.954502,3420,3274,0
24550,9,5,0,15,1,19.066946,1.955098,3421,3285,0
24560,10,9,0,20,1,19.066287,1.954912,3421,3285,0
24570,14,6,0,21,1,19.065665,1.954935,3421,3285,0
24580,8,2,0,11,1,19.062721,1.954604,3421,3285,0
24590,12,8,0,21,1,19.064788,1.954837,3421,3285,0
24600,18,14,0,33,1,19.065982,1.954866,3421,3285,0
24610,11,9,0,21,1,19.070039,1.955262,3422,3289,0
24620,11,11,0,23,1,19.071628,1.955339,3422,3289,0
24630,17,15,0,33,1,19.075951,1.955689,3424,3292,0
24640,11,10,1,23,1,19.079600,1.955954,3424,3294,0
24650,16,13,0,30,1,19.083003,1.956226,3424,3295,0
24660,20,16,1,38,1,19.089360,1.956817,3431,3299,0
24670,11,13,0,25,1,19.095033,1.957501,3437,3299,0
24680,14,15,1,31,1,19.100590,1.958075,3442,3303,0
24690,5,5,0,11,1,19.099015,1.957975,3442,3303,0
24700,14,6,0,21,1,19.098267,1.957772,3442,3303,0
24710,16,16,0,33,1,19.101212,1.958014,3442,3303,0
24720,7,4,0,12,1,19.099938,1.957912,3442,3303,0
24730,4,4,0,9,1,19.097237,1.957542,3442,3303,0
24740,12,11,2,26,1,19.098245,1.957561,3442,3304,0
24750,5,7,0,13,1,19.099780,1.957852,3442,3304,0
24760,17,17,0,35,1,19.101566,1.957959,3442,3304,0
24770,20,18,1,40,1,19.108440,1.958717,3459,3309,0
24780,15,12,1,29,1,19.115823,1.959608,3485,3319,0
24790,8,11,0,20,1,19.119317,1.959954,3491,3321,0
24800,11,16,1,29,1,19.122256,1.960284,3494,3321,0
24810,14,17,0,32,1,19.125499,1.960621,3494,3321,0
24820,9,13,1,24,1,19.128397,1.960955,3494,3321,0
24830,18,16,0,35,1,19.133142,1.961397,3503,3321,0
24840,6,12,0,19,1,19.137650,1.961945,3503,3321,0
24850,5,13,0,19,1,19.137938,1.962011,3503,3321,0
24860,16,10,0,27,1,19.142485,1.962360,3504,3326,0
24870,13,15,0,29,1,19.146391,1.962830,3509,3328,0
24880,0,0,0,1,1,19.141517,1.962424,3509,3328,0
24890,1,0,0,2,1,19.135488,1.961907,3509,3328,0
24900,1,2,0,4,1,19.130084,1.961341,3509,3328,0
24910,3,2,0,6,1,19.124105,1.960668,3509,3328,0
24920,14,8,0,23,1,19.120197,1.960239,3509,3328,0
24930,18,17,0,36,1,19.124246,1.960610,3509,3331,0
24940,14,10,0,25,1,19.129574,1.961274,3509,3334,0
24950,18,19,0,38,1,19.133947,1.961686,3514,3335,0
24960,8,10,0,19,1,19.139017,1.962291,3517,3342,0
24970,6,8,0,15,1,19.135512,1.961903,3517,3342,0
24980,13,7,0,21,1,19.135467,1.961855,3517,3342,0
24990,13,11,0,25,1,19.136297,1.961888,3517,3342,0
25000,0,0,0,1,1,19.132124,1.961521,3517,3342,0
25010,3,1,0,5,1,19.129472,1.961221,3517,3342,0
25020,4,7,0,12,1,19.126250,1.960879,3517,3342,0
25030,3,2,1,7,1,19.122198,1.960396,3517,3342,0
25040,1,1,0,3,1,19.115694,1.959821,3517,3342,0
25050,5,6,0,12,1,19.113487,1.959543,3517,3342,0
25060,4,6,0,11,1,19.107565,1.959029,3517,3342,0
25070,3,4,0,8,1,19.101899,1.958452,3517,3342,0
25080,4,6,0,11,1,19.096360,1.957856,3517,3342,0
25090,3,11,0,15,1,19.091488,1.957425,3517,3342,0
25100,0,0,0,0,0,19.087837,1.957031,3517,3342,0
25110,2,3,0,6,1,19.082954,1.956519,3517,3342,0
25120,7,10,2,20,1,19.079954,1.956231,3517,3342,0
25130,0,0,0,1,1,19.077006,1.955965,3517,3342,0
25140,6,7,0,14,1,19.072010,1.955465,3517,3342,0
25150,10,7,0,18,1,19.075884,1.955803,3525,3342,0
25160,12,5,0,18,1,19.076187,1.955807,3525,3342,0
25170,14,11,0,26,1,19.080230,1.956177,3525,3347,0
25180,19,11,0,31,1,19.082971,1.956423,3526,3347,0
25190,10,10,0,21,1,19.086644,1.956931,3541,3347,0
25200,9,16,0,26,1,19.088400,1.957044,3541,3347,0
25210,19,12,1,33,1,19.090700,1.957196,3542,3347,0
25220,16,8,1,26,1,19.095162,1.957682,3546,3347,0
25230,4,5,0,10,1,19.094130,1.957628,3546,3347,0
25240,1,4,1,7,1,19.091331,1.957369,3546,3347,0
25250,12,12,0,25,1,19.088953,1.957035,3546,3347,0
25260,9,16,0,26,1,19.091015,1.957226,3546,3352,0
25270,18,20,0,39,1,19.095208,1.957621,3549,3363,0
25280,1,2,0,4,1,19.097062,1.957918,3552,3374,0
25290,4,2,0,7,1,19.092835,1.957426,3552,3374,0
25300,14,10,0,25,1,19.094817,1.957641,3552,3374,0
25310,11,7,0,19,1,19.092115,1.957432,3552,3374,0
25320,14,14,0,29,1,19.091187,1.957214,3552,3374,0
25330,16,9,0,26,1,19.096048,1.957741,3553,3377,0
25340,9,14,0,24,1,19.099723,1.958098,3553,3377,0
25350,18,15,0,34,1,19.103191,1.958402,3553,3377,0
25360,19,5,0,25,1,19.106329,1.958800,3557,3377,0
25370,11,17,0,29,1,19.109470,1.959047,3557,3377,0
25380,2,6,0,9,1,19.108960,1.959094,3557,3377,0
25390,9,8,0,18,1,19.103526,1.958501,3557,3377,0
25400,14,17,0,32,1,19.107340,1.958865,3557,3377,0
25410,11,12,1,25,1,19.111895,1.959320,3561,3382,0
25420,13,10,0,24,1,19.110461,1.959194,3561,3382,0
25430,7,13,1,22,1,19.110327,1.959168,3561,3382,0
25440,11,6,0,18,1,19.109832,1.959130,3561,3382,0
25450,7,13,0,21,1,19.112039,1.959258,3561,3382,0
25460,9,8,0,18,1,19.113536,1.959384,3561,3385,0
25470,3,3,0,7,1,19.109478,1.958901,3561,3385,0
25480,3,3,0,7,1,19.102807,1.958269,3561,3385,0
25490,3,2,0,6,1,19.096864,1.957711,3561,3385,0
25500,17,15,0,33,1,19.095934,1.957463,3561,3385,0
25510,14,14,0,29,1,19.100050,1.957929,3564,3386,0
25520,12,11,1,25,1,19.105199,1.958453,3574,3389,0
25530,19,16,1,37,1,19.109709,1.958943,3575,3389,0
25540,18,19,0,38,1,19.115997,1.959647,3582,3393,0
25550,15,14,0,30,1,19.122190,1.960396,3586,3400,0
25560,18,12,0,31,1,19.125972,1.960773,3587,3400,0
25570,12,14,2,29,1,19.131140,1.961244,3591,3403,0
25580,20,15,0,36,1,19.137757,1.961903,3596,3416,0
25590,5,5,0,11,1,19.137715,1.961942,3597,3416,0
25600,4,6,0,11,1,19.134371,1.961533,3597,3416,0
25610,16,18,0,35,1,19.138309,1.961831,3597,3416,0
25620,20,7,0,28,1,19.141335,1.962130,3599,3421,0
25630,13,13,0,27,1,19.145805,1.962506,3599,3421,0
25640,13,7,0,21,1,19.148499,1.962787,3600,3422,0
25650,18,11,0,30,1,19.154251,1.963318,3607,3432,0
25660,6,6,1,14,1,19.155819,1.963483,3607,3432,0
25670,0,0,0,1,1,19.151258,1.963106,3607,3432,0
25680,0,0,0,0,0,19.145342,1.962739,3607,3432,0
25690,4,14,1,20,1,19.142135,1.962336,3607,3432,0
25700,20,19,0,40,1,19.146348,1.962678,3607,3437,0
25710,15,11,0,27,1,19.150419,1.963171,3617,3437,0
25720,19,18,0,38,1,19.154281,1.963594,3618,3437,0
25730,20,17,0,38,1,19.160431,1.964268,3620,3437,0
25740,19,19,0,39,1,19.166686,1.964961,3632,3440,0
25750,2,6,0,9,1,19.167549,1.965280,3632,3441,0
25760,11,11,0,23,1,19.169075,1.965355,3636,3441,0
25770,10,7,0,18,1,19.169545,1.965391,3636,3441,0
25780,2,3,0,6,1,19.169577,1.965391,3636,3441,0
25790,1,0,0,2,1,19.166355,1.965065,3636,3441,0
25800,11,9,0,21,1,19.165917,1.964946,3636,3441,0
25810,6,8,1,16,1,19.164258,1.964811,3636,3441,0
25820,5,1,0,7,1,19.158628,1.964285,3636,3441,0
25830,4,5,0,10,1,19.153448,1.963719,3636,3441,0
25840,8,6,0,15,1,19.147940,1.963237,3636,3441,0
25850,0,0,0,0,0,19.142361,1.962708,3636,3441,0
25860,0,0,0,0,0,19.136070,1.962114,3636,3441,0
25870,3,0,0,4,1,19.131317,1.961615,3636,3441,0
25880,7,5,0,13,1,19.128454,1.961271,3636,3441,0
25890,8,16,0,25,1,19.129257,1.961319,3636,3441,0
25900,0,3,1,5,1,19.126997,1.961192,3636,3441,0
25910,3,2,0,6,1,19.120975,1.960579,3636,3441,0
25920,3,2,0,6,1,19.115933,1.960019,3636,3441,0
25930,6,10,0,17,1,19.112116,1.959454,3636,3441,0
25940,8,6,0,15,1,19.111659,1.959411,3636,3441,0
25950,2,5,0,8,1,19.107861,1.958964,3636,3441,0
25960,3,2,0,6,1,19.103505,1.958583,3636,3441,0
25970,10,10,0,21,1,19.100790,1.958255,3636,3441,0
25980,5,2,0,8,1,19.100589,1.958184,3636,3441,0
25990,9,6,0,16,1,19.098950,1.957951,3636,3441,0
26000,7,9,0,17,1,19.101868,1.958193,3636,3443,0
26010,9,7,0,17,1,19.098208,1.957799,3636,3443,0
26020,4,4,0,9,1,19.096088,1.957593,3636,3443,0
26030,7,4,0,12,1,19.095127,1.957445,3636,3443,0
26040,6,7,0,14,1,19.089497,1.956849,3636,3443,0
26050,19,13,0,33,1,19.092220,1.957094,3637,3444,0
26060,10,12,0,23,1,19.096642,1.957544,3637,3448,0
26070,14,9,0,24,1,19.096555,1.957539,3637,3448,0
26080,15,18,2,36,1,19.100027,1.957730,3637,3448,0
26090,13,16,0,30,1,19.106053,1.958329,3638,3454,0
26100,10,10,0,21,1,19.108132,1.958631,3641,3456,0
26110,2,2,0,5,1,19.104118,1.958316,3641,3456,0
26120,4,10,0,15,1,19.099164,1.957805,3641,3456,0
26130,12,15,0,28,1,19.101409,1.957947,3641,3462,0
26140,1,3,1,6,1,19.101432,1.957892,3641,3462,0
26150,2,1,0,4,1,19.096297,1.957355,3641,3462,0
26160,1,1,0,3,1,19.089609,1.956743,3641,3462,0
26170,2,5,0,8,1,19.084085,1.956150,3641,3462,0
26180,5,4,0,10,1,19.081557,1.955864,3641,3462,0
26190,0,1,0,2,1,19.076675,1.955338,3641,3462,0
26200,1,0,0,2,1,19.072035,1.954943,3641,3462,0
26210,1,1,0,3,1,19.065899,1.954326,3641,3462,0
26220,3,3,0,7,1,19.062029,1.953796,3641,3462,0
26230,16,15,0,32,1,19.060397,1.953534,3641,3462,0
26240,8,9,1,19,1,19.061124,1.953605,3641,3462,0
26250,15,12,0,28,1,19.065173,1.953910,3646,3462,0
26260,8,8,0,17,1,19.066379,1.953992,3646,3462,0
26270,4,8,0,13,1,19.067501,1.954066,3646,3462,0
26280,0,1,0,2,1,19.065221,1.953882,3646,3462,0
26290,1,2,0,4,1,19.061375,1.953447,3646,3462,0
26300,8,11,0,20,1,19.056828,1.953031,3646,3462,0
26310,8,12,0,21,1,19.060117,1.953357,3649,3462,0
26320,8,7,0,16,1,19.059291,1.953239,3649,3462,0
26330,19,16,0,36,1,19.058373,1.953050,3649,3462,0
26340,13,18,0,32,1,19.064002,1.953616,3653,3466,0
26350,10,10,0,21,1,19.065265,1.953796,3653,3466,0
26360,7,14,0,22,1,19.066254,1.953962,3653,3466,0
26370,16,14,1,32,1,19.068052,1.954037,3653,3468,0
26380,16,12,1,30,1,19.070292,1.954218,3657,3468,0
26390,15,17,0,33,1,19.071200,1.954262,3657,3468,0
26400,18,19,0,38,1,19.077510,1.954974,3662,3482,0
26410,12,20,0,33,1,19.083386,1.955672,3670,3496,0
26420,18,15,0,34,1,19.088634,1.956168,3670,3501,0
26430,14,14,0,29,1,19.095147,1.956734,3671,3509,0
26440,6,6,0,13,1,19.094751,1.956751,3671,3509,0
26450,5,4,0,10,1,19.092145,1.956473,3671,3509,0
26460,13,6,0,20,1,19.090267,1.956164,3671,3509,0
26470,13,16,0,30,1,19.095913,1.956686,3674,3511,0
26480,3,7,0,11,1,19.096463,1.956679,3674,3511,0
26490,9,13,0,23,1,19.092024,1.956138,3674,3511,0
26500,14,11,1,27,1,19.093844,1.956246,3674,3511,0
26510,9,5,0,15,1,19.094188,1.956270,3674,3511,0
26520,10,8,0,19,1,19.093601,1.956230,3674,3511,0
26530,12,17,1,31,1,19.095856,1.956345,3675,3511,0
26540,19,18,0,38,1,19.099898,1.956786,3679,3511,0
26550,15,11,0,27,1,19.104063,1.957278,3680,3511,0
26560,19,11,0,31,1,19.108467,1.957718,3684,3511,0
26570,11,6,0,18,1,19.111896,1.958082,3685,3511,0
26580,3,3,0,7,1,19.108115,1.957707,3685,3511,0
26590,8,10,0,19,1,19.107686,1.957607,3685,3514,0
26600,8,18,1,28,1,19.110215,1.957931,3685,3514,0
26610,12,10,0,23,1,19.112378,1.958119,3685,3517,0
26620,14,20,1,36,1,19.117121,1.958542,3686,3519,0
26630,4,3,0,8,1,19.118764,1.958820,3686,3522,0
26640,5,6,0,12,1,19.114040,1.958371,3686,3522,0
26650,3,8,0,12,1,19.112853,1.958194,3686,3522,0
26660,17,20,1,39,1,19.113768,1.958126,3686,3522,0
26670,18,8,0,27,1,19.117760,1.958578,3689,3525,0
26680,10,2,0,13,1,19.120495,1.958817,3694,3525,0
26690,13,8,0,22,1,19.121090,1.958860,3694,3525,0
26700,14,20,0,35,1,19.126484,1.959433,3695,3537,0
26710,16,17,0,34,1,19.131969,1.960074,3695,3539,0
26720,18,17,0,36,1,19.136483,1.960556,3697,3550,0
26730,9,12,0,22,1,19.137778,1.960716,3697,3550,0
26740,1,2,0,4,1,19.135954,1.960564,3697,3550,0
26750,11,2,0,14,1,19.130739,1.960027,3697,3550,0
26760,16,7,0,24,1,19.130036,1.959884,3697,3550,0
26770,7,4,0,12,1,19.131185,1.960006,3698,3550,0
26780,5,3,0,9,1,19.128853,1.959750,3698,3550,0
26790,5,3,0,9,1,19.125657,1.959427,3698,3550,0
26800,4,3,1,9,1,19.122766,1.959060,3698,3550,0
26810,2,2,0,5,1,19.117469,1.958522,3698,3550,0
26820,3,2,0,6,1,19.111690,1.957920,3698,3550,0
26830,3,5,0,9,1,19.107153,1.957512,3698,3550,0
26840,5,2,0,8,1,19.103416,1.957245,3698,3550,0
26850,13,9,0,23,1,19.103064,1.957117,3698,3550,0
26860,2,2,0,5,1,19.101152,1.957038,3698,3550,0
26870,6,5,0,12,1,19.096161,1.956560,3698,3550,0
26880,1,1,0,3,1,19.092154,1.956192,3698,3550,0
26890,9,9,0,19,1,19.086863,1.955602,3698,3550,0
26900,8,9,0,18,1,19.086871,1.955562,3698,3550,0
26910,14,19,0,34,1,19.087767,1.955614,3698,3551,0
26920,15,6,0,22,1,19.091648,1.956098,3698,3560,0
26930,15,17,1,34,1,19.095353,1.956534,3698,3566,0
26940,8,9,0,18,1,19.097447,1.956828,3698,3566,0
26950,14,15,0,30,1,19.100327,1.957142,3698,3566,0
26960,12,20,2,35,1,19.107081,1.957913,3705,3583,0
26970,14,16,1,32,1,19.113001,1.958405,3712,3588,0
26980,15,19,1,36,1,19.119085,1.958936,3714,3601,0
26990,16,11,1,29,1,19.122873,1.959277,3714,3601,0
27000,8,14,0,23,1,19.126254,1.959650,3714,3604,0
27010,0,0,0,0,0,19.123772,1.959511,3714,3604,0
27020,17,20,0,38,1,19.125122,1.959543,3714,3607,0
27030,6,7,0,14,1,19.125139,1.959668,3714,3608,0
27040,17,16,0,34,1,19.126501,1.959737,3715,3608,0
27050,17,15,0,33,1,19.132843,1.960421,3724,3618,0
27060,4,10,0,15,1,19.133846,1.960684,3724,3618,0
27070,5,6,0,12,1,19.132215,1.960485,3724,3618,0
27080,1,0,0,2,1,19.128159,1.960044,3724,3618,0
27090,1,1,0,3,1,19.123537,1.959604,3724,3618,0
27100,1,0,0,2,1,19.117981,1.959091,3724,3618,0
27110,2,1,0,4,1,19.112686,1.958442,3724,3618,0
27120,17,12,0,30,1,19.111121,1.958160,3725,3618,0
27130,13,9,0,23,1,19.113646,1.958504,3725,3619,0
27140,14,12,0,27,1,19.115381,1.958731,3725,3620,0
27150,18,11,0,30,1,19.118080,1.958990,3726,3620,0
27160,17,7,0,25,1,19.121308,1.959295,3727,3620,0
27170,18,19,0,38,1,19.126062,1.959676,3731,3627,0
27180,20,17,0,38,1,19.130925,1.960171,3738,3631,0
27190,9,12,0,22,1,19.136361,1.960770,3758,3646,0
27200,4,6,0,11,1,19.134696,1.960655,3758,3646,0
27210,0,1,0,2,1,19.129404,1.960154,3758,3646,0
27220,8,14,0,23,1,19.127253,1.959827,3758,3646,0
27230,5,10,1,17,1,19.126816,1.959699,3758,3646,0
27240,4,7,0,12,1,19.125796,1.959598,3758,3646,0
27250,8,6,0,15,1,19.122307,1.959186,3758,3646,0
27260,3,0,0,4,1,19.121618,1.959113,3758,3646,0
27270,8,7,0,16,1,19.119608,1.958794,3758,3646,0
27280,5,10,0,16,1,19.119799,1.958818,3758,3646,0
27290,0,0,0,0,0,19.114384,1.958312,3758,3646,0
27300,0,1,0,2,1,19.108261,1.957770,3758,3646,0
27310,1,0,0,2,1,19.102001,1.957346,3758,3646,0
27320,6,1,0,8,1,19.095979,1.956784,3758,3646,0
27330,2,2,0,5,1,19.089863,1.956279,3758,3646,0
27340,2,3,0,6,1,19.084451,1.955699,3758,3646,0
27350,6,4,0,11,1,19.079658,1.955205,3758,3646,0
27360,3,5,0,9,1,19.075882,1.954881,3758,3646,0
27370,17,20,0,38,1,19.079554,1.955145,3763,3648,0
27380,8,14,0,23,1,19.083886,1.955710,3769,3653,0
27390,9,5,0,15,1,19.081300,1.955427,3769,3653,0
27400,11,11,0,23,1,19.079760,1.955310,3769,3653,0
27410,16,18,0,35,1,19.084263,1.955710,3770,3653,0
27420,10,13,0,24,1,19.089649,1.956237,3779,3654,0
27430,14,13,0,28,1,19.093284,1.956570,3780,3655,0
27440,12,15,0,28,1,19.091765,1.956338,3780,3655,0
27450,12,6,0,19,1,19.091595,1.956340,3780,3655,0
27460,11,11,0,23,1,19.091318,1.956250,3780,3655,0
27470,12,12,0,25,1,19.093088,1.956472,3780,3655,0
27480,14,13,0,28,1,19.095126,1.956641,3780,3655,0
27490,19,17,0,37,1,19.097601,1.956819,3780,3655,0
27500,15,20,0,36,1,19.103894,1.957468,3790,3666,0
27510,18,15,0,34,1,19.109288,1.957974,3796,3671,0
27520,15,19,0,35,1,19.115312,1.958683,3812,3677,0
27530,8,11,0,20,1,19.118947,1.959140,3813,3680,0
27540,12,10,0,23,1,19.118447,1.959072,3813,3680,0
27550,14,9,0,24,1,19.120624,1.959372,3813,3680,0
27560,14,8,0,23,1,19.122127,1.959559,3813,3680,0
27570,0,0,0,1,1,19.120565,1.959498,3813,3680,0
27580,0,0,0,1,1,19.115037,1.959016,3813,3680,0
27590,7,9,0,17,1,19.110922,1.958569,3813,3680,0
27600,18,10,0,29,1,19.109494,1.958260,3813,3680,0
27610,10,3,0,14,1,19.110826,1.958401,3813,3680,0
27620,11,9,0,21,1,19.109796,1.958299,3813,3680,0
27630,8,9,0,18,1,19.106699,1.958081,3813,3680,0
27640,6,5,0,12,1,19.104250,1.957805,3813,3680,0
27650,2,2,0,5,1,19.101021,1.957485,3813,3680,0
27660,6,14,0,21,1,19.099991,1.957261,3813,3680,0
27670,9,5,0,15,1,19.096062,1.956855,3813,3680,0
27680,10,12,1,24,1,19.096332,1.956887,3813,3680,0
27690,16,5,0,22,1,19.097996,1.957040,3813,3680,0
27700,15,8,0,24,1,19.098151,1.957053,3813,3680,0
27710,9,10,0,20,1,19.098650,1.957108,3813,3680,0
27720,8,16,1,26,1,19.098693,1.956987,3813,3680,0
27730,11,6,0,18,1,19.102768,1.957445,3814,3680,0
27740,2,0,0,3,1,19.098805,1.957043,3814,3680,0
27750,4,8,1,14,1,19.095539,1.956698,3814,3680,0
27760,3,1,0,5,1,19.090980,1.956336,3814,3680,0
27770,5,3,0,9,1,19.086524,1.955833,3814,3680,0
27780,3,6,0,10,1,19.086372,1.955757,3814,3680,0
27790,2,1,0,4,1,19.080555,1.955281,3814,3680,0
27800,0,0,0,1,1,19.074961,1.954776,3814,3680,0
27810,8,10,0,19,1,19.073230,1.954438,3814,3680,0
27820,8,20,0,29,1,19.076000,1.954646,3815,3681,0
27830,19,19,0,39,1,19.081339,1.955191,3822,3687,0
27840,10,7,0,18,1,19.085963,1.955849,3833,3697,0
27850,0,0,0,1,1,19.082470,1.955502,3833,3697,0
27860,7,5,0,13,1,19.077356,1.955004,3833,3697,0
27870,6,4,0,11,1,19.073568,1.954577,3833,3697,0
27880,4,3,0,8,1,19.068680,1.954188,3833,3697,0
27890,1,1,0,3,1,19.065783,1.953859,3833,3697,0
27900,1,0,0,2,1,19.059584,1.953422,3833,3697,0
27910,10,18,1,30,1,19.060375,1.953371,3833,3697,0
27920,11,12,0,24,1,19.063424,1.953666,3839,3697,0
27930,7,11,0,19,1,19.062911,1.953517,3839,3697,0
27940,2,0,0,3,1,19.058835,1.953182,3839,3697,0
27950,0,0,0,1,1,19.053066,1.952609,3839,3697,0
27960,7,7,0,15,1,19.048713,1.952132,3839,3697,0
27970,16,10,0,27,1,19.050927,1.952320,3846,3697,0
27980,12,18,1,32,1,19.052509,1.952515,3846,3699,0
27990,20,16,1,38,1,19.058888,1.953265,3856,3712,0
28000,8,8,0,17,1,19.061685,1.953599,3859,3712,0
28010,18,6,0,25,1,19.066078,1.954068,3864,3715,0
28020,15,11,0,27,1,19.070624,1.954552,3864,3719,0
28030,4,4,0,9,1,19.070139,1.954606,3864,3719,0
28040,2,1,0,4,1,19.064730,1.954156,3864,3719,0
28050,1,4,0,6,1,19.060812,1.953794,3864,3719,0
28060,0,0,0,0,0,19.055804,1.953263,3864,3719,0
28070,1,0,0,2,1,19.051017,1.952820,3864,3719,0
28080,5,5,0,11,1,19.045888,1.952262,3864,3719,0
28090,16,8,0,25,1,19.046944,1.952374,3864,3719,0
28100,14,17,0,32,1,19.050711,1.952779,3864,3723,0
28110,13,13,0,27,1,19.054157,1.953157,3864,3732,0
28120,19,17,0,37,1,19.059371,1.953660,3865,3734,0
28130,19,19,0,39,1,19.065321,1.954374,3873,3740,0
28140,19,20,0,40,1,19.070120,1.954962,3876,3748,0
28150,6,9,0,16,1,19.073300,1.955377,3877,3755,0
28160,11,9,0,21,1,19.071194,1.955165,3877,3755,0
28170,3,5,0,9,1,19.071973,1.955235,3877,3755,0
28180,5,3,0,9,1,19.068538,1.954794,3877,3755,0
28190,9,19,0,29,1,19.069147,1.954853,3877,3756,0
28200,20,11,0,32,1,19.070830,1.954952,3878,3756,0
28210,11,15,0,27,1,19.074431,1.955374,3881,3760,0
28220,13,15,0,29,1,19.079348,1.955911,3883,3767,0
28230,13,16,0,30,1,19.082103,1.956254,3883,3767,0
28240,13,7,0,21,1,19.085500,1.956642,3889,3767,0
28250,0,0,0,0,0,19.082541,1.956456,3889,3767,0
28260,3,2,0,6,1,19.077891,1.956004,3889,3767,0
28270,7,8,0,16,1,19.073694,1.955514,3889,3767,0
28280,16,14,1,32,1,19.074819,1.955576,3889,3767,0
28290,15,15,0,31,1,19.079333,1.956064,3896,3772,0
28300,14,10,0,25,1,19.083481,1.956557,3896,3773,0
28310,0,2,0,3,1,19.079588,1.956296,3896,3773,0
28320,1,0,0,2,1,19.074131,1.955811,3896,3773,0
28330,6,13,0,20,1,19.070955,1.955418,3896,3773,0
28340,12,19,1,33,1,19.074690,1.955741,3896,3777,0
28350,20,18,1,40,1,19.081072,1.956442,3904,3794,0
28360,15,14,0,30,1,19.085177,1.956916,3904,3796,0
28370,9,17,0,27,1,19.087501,1.957144,3904,3796,0
28380,7,9,0,17,1,19.089028,1.957262,3904,3797,0
28390,9,10,0,20,1,19.089253,1.957239,3904,3797,0
28400,13,5,0,19,1,19.091719,1.957496,3904,3798,0
28410,10,14,0,25,1,19.093336,1.957559,3904,3798,0
28420,15,18,0,34,1,19.098480,1.958105,3907,3798,0
28430,13,20,0,34,1,19.104376,1.958741,3917,3806,0
28440,15,12,1,29,1,19.107941,1.959068,3921,3814,0
28450,16,18,0,35,1,19.112922,1.959618,3923,3819,0
28460,13,10,1,25,1,19.117214,1.960026,3927,3823,0
28470,7,5,0,13,1,19.119678,1.960332,3927,3823,0
28480,20,19,0,40,1,19.121048,1.960427,3928,3826,0
28490,13,13,0,27,1,19.126013,1.960989,3930,3830,0
28500,1,2,0,4,1,19.126314,1.961038,3930,3830,0
28510,1,8,0,10,1,19.121897,1.960511,3930,3830,0
28520,10,8,0,19,1,19.123302,1.960568,3930,3830,0
28530,13,14,0,28,1,19.124452,1.960696,3930,3830,0
28540,12,11,0,24,1,19.127424,1.961047,3930,3832,0
28550,13,13,0,27,1,19.130223,1.961296,3930,3832,0
28560,20,17,0,38,1,19.134100,1.961633,3932,3841,0
28570,7,13,0,21,1,19.137974,1.962077,3936,3841,0
28580,3,4,1,9,1,19.134774,1.961795,3936,3841,0
28590,0,1,0,2,1,19.129994,1.961379,3936,3841,0
28600,0,0,0,1,1,19.124349,1.960832,3936,3841,0
28610,5,9,0,15,1,19.123078,1.960656,3936,3841,0
28620,9,12,0,22,1,19.122739,1.960583,3936,3841,0
28630,8,7,1,17,1,19.124899,1.960794,3936,3841,0
28640,0,0,0,0,0,19.120399,1.960372,3936,3841,0
28650,9,4,0,14,1,19.115315,1.959896,3936,3841,0
28660,3,4,0,8,1,19.112730,1.959628,3936,3841,0
28670,19,19,0,39,1,19.110584,1.959271,3936,3841,0
28680,17,6,0,24,1,19.116253,1.959933,3942,3847,0
28690,8,9,1,19,1,19.118198,1.960067,3943,3847,0
28700,17,15,0,33,1,19.121578,1.960389,3943,3847,0
28710,3,3,0,7,1,19.121633,1.960405,3947,3847,0
28720,0,0,0,1,1,19.116884,1.960006,3947,3847,0
28730,17,14,0,32,1,19.113738,1.959596,3947,3847,0
28740,17,16,0,34,1,19.117905,1.959978,3954,3849,0
28750,12,11,0,24,1,19.120564,1.960262,3954,3849,0
28760,9,9,0,19,1,19.122356,1.960519,3960,3849,0
28770,2,4,0,7,1,19.119866,1.960303,3960,3849,0
28780,4,8,0,13,1,19.117906,1.960029,3960,3849,0
28790,7,7,0,15,1,19.115146,1.959770,3960,3849,0
28800,4,4,0,9,1,19.113563,1.959577,3960,3849,0
28810,0,2,0,3,1,19.109007,1.959086,3960,3849,0
28820,9,6,1,17,1,19.107418,1.958780,3960,3849,0
28830,18,12,0,31,1,19.110043,1.959046,3963,3849,0
28840,17,18,0,36,1,19.113168,1.959363,3963,3851,0
28850,12,13,0,26,1,19.116455,1.959718,3964,3854,0
28860,11,16,1,29,1,19.120634,1.960122,3967,3854,0
28870,17,19,2,39,1,19.125892,1.960665,3970,3860,0
28880,18,13,0,32,1,19.128181,1.960911,3971,3863,0
28890,14,17,1,33,1,19.134353,1.961589,3981,3874,0
28900,2,6,0,9,1,19.133844,1.961645,3981,3874,0
28910,0,2,0,3,1,19.131534,1.961481,3981,3874,0
28920,3,4,0,8,1,19.128099,1.961063,3981,3874,0
28930,3,6,0,10,1,19.123837,1.960609,3981,3874,0
28940,9,7,0,17,1,19.119977,1.960155,3981,3874,0
28950,16,18,0,35,1,19.118832,1.959923,3981,3876,0
28960,11,14,1,27,1,19.122530,1.960389,3981,3877,0
28970,1,2,0,4,1,19.119020,1.960131,3981,3877,0
28980,1,1,0,3,1,19.114264,1.959702,3981,3877,0
28990,2,3,0,6,1,19.108953,1.959099,3981,3877,0
29000,19,13,0,33,1,19.108467,1.958852,3983,3877,0
29010,18,12,0,31,1,19.111030,1.959112,3985,3877,0
29020,14,18,0,33,1,19.115521,1.959541,3985,3881,0
29030,6,17,0,24,1,19.119519,1.960024,3988,3892,0
29040,17,17,1,36,1,19.122414,1.960387,3988,3892,0
29050,16,9,0,26,1,19.127303,1.961023,3994,3902,0
29060,3,8,0,12,1,19.126917,1.961078,3994,3902,0
29070,1,9,0,11,1,19.125043,1.960855,3994,3902,0
29080,4,4,0,9,1,19.123439,1.960611,3994,3902,0
29090,15,8,0,24,1,19.120496,1.960202,3994,3902,0
29100,11,4,0,16,1,19.121339,1.960272,3994,3902,0
29110,18,13,1,33,1,19.123266,1.960390,3994,3902,0
29120,12,4,0,17,1,19.125240,1.960679,3996,3902,0
29130,14,14,0,29,1,19.125468,1.960706,3996,3902,0
29140,10,9,1,21,1,19.129413,1.961170,3996,3909,0
29150,13,11,0,25,1,19.130313,1.961176,3996,3909,0
29160,12,16,0,29,1,19.131737,1.961339,3996,3909,0
29170,20,10,2,33,1,19.137029,1.961900,4010,3920,0
29180,18,15,0,34,1,19.142475,1.962510,4024,3924,0
29190,9,7,0,17,1,19.143060,1.962581,4024,3924,0
29200,5,7,0,13,1,19.140588,1.962358,4024,3924,0
29210,2,3,0,6,1,19.136805,1.961940,4024,3924,0
29220,10,11,0,22,1,19.133006,1.961540,4024,3924,0
29230,13,9,0,23,1,19.134636,1.961670,4024,3925,0
29240,16,11,0,28,1,19.136836,1.961913,4024,3925,0
29250,2,4,0,7,1,19.136530,1.962002,4024,3925,0
29260,0,1,0,2,1,19.130927,1.961424,4024,3925,0
29270,0,0,0,0,0,19.126168,1.960940,4024,3925,0
29280,6,6,0,13,1,19.120595,1.960400,4024,3925,0
29290,11,7,0,19,1,19.119773,1.960326,4024,3925,0
29300,0,1,0,2,1,19.117046,1.960126,4024,3925,0
29310,7,6,0,14,1,19.111951,1.959648,4024,3925,0
29320,2,4,0,7,1,19.109977,1.959470,4024,3925,0
29330,4,7,1,13,1,19.104830,1.958966,4024,3925,0
29340,2,1,1,5,1,19.101851,1.958712,4024,3925,0
29350,0,0,0,1,1,19.096256,1.958279,4024,3925,0
29360,2,3,0,6,1,19.092117,1.957865,4024,3925,0
29370,1,3,0,5,1,19.086913,1.957348,4024,3925,0
29380,6,4,0,11,1,19.082688,1.956775,4024,3925,0
29390,3,4,1,9,1,19.078415,1.956266,4024,3925,0
29400,4,9,0,14,1,19.074042,1.955855,4024,3925,0
29410,14,10,0,25,1,19.075548,1.955904,4024,3925,0
29420,6,6,0,13,1,19.076910,1.956033,4024,3925,0
29430,0,0,0,0,0,19.073147,1.955658,4024,3925,0
29440,8,3,0,12,1,19.068342,1.955189,4024,3925,0
29450,5,2,0,8,1,19.064643,1.954820,4024,3925,0
29460,4,5,0,10,1,19.060057,1.954401,4024,3925,0
29470,15,16,0,32,1,19.062024,1.954545,4024,3925,0
29480,18,18,0,37,1,19.067732,1.955189,4037,3930,0
29490,11,12,1,25,1,19.071799,1.955664,4045,3935,0
29500,16,8,0,25,1,19.072750,1.955738,4045,3935,0
29510,12,16,0,29,1,19.077664,1.956381,4048,3938,0
29520,17,16,0,34,1,19.080515,1.956582,4049,3943,0
29530,7,7,0,15,1,19.080365,1.956617,4049,3943,0
29540,3,9,0,13,1,19.078095,1.956347,4049,3943,0
29550,17,13,1,32,1,19.076685,1.956125,4049,3943,0
29560,12,20,0,33,1,19.081141,1.956524,4050,3945,0
29570,10,13,0,24,1,19.083860,1.956861,4055,3949,0
29580,17,12,0,30,1,19.088023,1.957278,4056,3951,0
29590,13,15,0,29,1,19.090365,1.957454,4056,3951,0
29600,6,4,0,11,1,19.091740,1.957679,4056,3951,0
29610,3,0,0,4,1,19.088183,1.957278,4056,3951,0
29620,0,0,0,0,0,19.082252,1.956849,4056,3951,0
29630,7,6,0,14,1,19.078993,1.956505,4056,3951,0
29640,1,4,0,6,1,19.074663,1.956132,4056,3951,0
29650,4,2,0,7,1,19.070654,1.955603,4056,3951,0
29660,1,2,0,4,1,19.066015,1.955144,4056,3951,0
29670,1,1,0,3,1,19.060769,1.954636,4056,3951,0
29680,5,0,0,6,1,19.056052,1.954176,4056,3951,0
29690,3,2,0,6,1,19.053341,1.953861,4056,3951,0
29700,5,3,0,9,1,19.052010,1.953715,4056,3951,0
29710,7,4,0,12,1,19.047028,1.953214,4056,3951,0
29720,2,1,0,4,1,19.043798,1.952900,4056,3951,0
29730,2,2,0,5,1,19.038396,1.952370,4056,3951,0
29740,5,5,0,11,1,19.037355,1.952287,4056,3951,0
29750,3,2,1,7,1,19.033291,1.951840,4056,3951,0
29760,3,5,0,9,1,19.030882,1.951536,4056,3951,0
29770,2,0,0,3,1,19.026677,1.951162,4056,3951,0
29780,0,0,0,1,1,19.021760,1.950607,4056,3951,0
29790,0,2,0,3,1,19.016607,1.950102,4056,3951,0
29800,2,2,0,5,1,19.011235,1.949615,4056,3951,0
29810,0,0,0,0,0,19.006002,1.949042,4056,3951,0
29820,6,3,0,10,1,19.001726,1.948587,4056,3951,0
29830,2,2,0,5,1,18.997718,1.948146,4056,3951,0
29840,12,5,0,18,1,19.000124,1.948336,4059,3951,0
29850,4,2,0,7,1,18.996625,1.948040,4059,3951,0
29860,7,6,0,14,1,18.992083,1.947591,4059,3951,0
29870,14,19,0,34,1,18.993628,1.947640,4059,3951,0
29880,17,15,1,34,1,18.996278,1.947895,4059,3953,0
29890,9,7,0,17,1,18.999181,1.948223,4059,3953,0
29900,7,13,0,21,1,19.002986,1.948536,4059,3956,0
29910,3,1,0,5,1,19.000513,1.948313,4059,3956,0
29920,8,3,0,12,1,18.995285,1.947854,4059,3956,0
29930,1,2,0,4,1,18.990315,1.947361,4059,3956,0
29940,7,8,0,16,1,18.987496,1.946982,4059,3956,0
29950,12,14,1,28,1,18.991242,1.947390,4061,3961,0
29960,15,14,0,30,1,18.995912,1.947965,4072,3966,0
29970,18,16,0,35,1,18.998441,1.948148,4072,3967,0
29980,10,15,0,26,1,19.002268,1.948657,4077,3972,0
29990,5,8,0,14,1,18.999890,1.948497,4077,3972,0
30000,8,6,0,15,1,18.997858,1.948225,4077,3972,0
30010,10,7,0,18,1,18.996118,1.947990,4077,3972,0
30020,6,9,0,16,1,18.993940,1.947797,4077,3972,0
30030,8,5,0,14,1,18.990449,1.947442,4077,3972,0
30040,4,1,0,6,1,18.985853,1.946908,4077,3972,0
30050,11,9,1,22,1,18.981619,1.946404,4077,3972,0
30060,14,13,0,28,1,18.985407,1.946849,4081,3973,0
30070,17,9,0,27,1,18.987045,1.947047,4081,3973,0
30080,6,16,1,24,1,18.988595,1.947236,4081,3973,0
30090,19,8,1,29,1,18.992103,1.947579,4081,3974,0
30100,12,13,1,27,1,18.996068,1.947970,4085,3981,0
30110,14,14,0,29,1,18.997000,1.948088,4085,3981,0
30120,18,13,0,32,1,19.000838,1.948532,4086,3987,0
30130,5,6,0,12,1,19.001834,1.948651,4086,3987,0
30140,9,11,0,21,1,18.999016,1.948372,4086,3987,0
30150,5,8,0,14,1,18.995758,1.948028,4086,3987,0
30160,9,10,0,20,1,18.994727,1.947919,4086,3987,0
30170,4,6,1,12,1,18.995452,1.947963,4086,3987,0
30180,2,1,0,4,1,18.991461,1.947597,4086,3987,0
30190,8,10,0,19,1,18.987523,1.947144,4086,3987,0
30200,15,19,0,35,1,18.991254,1.947424,4089,3991,0
30210,17,18,3,39,1,18.997506,1.948148,4105,3997,0
30220,18,20,0,39,1,19.003694,1.948852,4114,4012,0
30230,8,10,0,19,1,19.008745,1.949486,4121,4021,0
30240,3,5,0,9,1,19.009350,1.949611,4122,4021,0
30250,0,2,0,3,1,19.006448,1.949283,4122,4021,0
30260,7,7,0,15,1,19.005347,1.949048,4122,4021,0
30270,0,0,0,1,1,19.001732,1.948740,4122,4021,0
30280,5,5,0,11,1,18.996838,1.948235,4122,4021,0
30290,10,19,0,30,1,18.995976,1.948051,4122,4022,0
30300,8,7,0,16,1,18.998235,1.948313,4122,4022,0
30310,12,6,0,19,1,18.999972,1.948514,4122,4027,0
30320,10,11,0,22,1,18.997260,1.948292,4122,4027,0
30330,4,4,0,9,1,18.996721,1.948299,4122,4027,0
30340,3,2,0,6,1,18.993105,1.947879,4122,4027,0
30350,4,3,0,8,1,18.988716,1.947426,4122,4027,0
30360,1,0,0,2,1,18.985452,1.947127,4122,4027,0
30370,4,2,0,7,1,18.981737,1.946736,4122,4027,0
30380,10,7,0,18,1,18.980451,1.946581,4122,4027,0
30390,9,5,0,15,1,18.979477,1.946478,4122,4027,0
30400,7,3,0,11,1,18.978942,1.946492,4122,4027,0
30410,3,0,0,4,1,18.975220,1.946127,4122,4027,0
30420,0,1,0,2,1,18.969529,1.945606,4122,4027,0
30430,0,0,0,1,1,18.966078,1.945190,4122,4027,0
30440,7,11,1,20,1,18.962056,1.944735,4122,4027,0
30450,13,15,0,29,1,18.963910,1.944915,4128,4027,0
30460,14,12,0,27,1,18.967793,1.945244,4131,4027,0
30470,18,17,1,37,1,18.972340,1.945642,4133,4029,0
30480,20,17,1,39,1,18.977673,1.946271,4142,4036,0
30490,19,16,1,37,1,18.984174,1.946987,4158,4047,0
30500,17,14,0,32,1,18.989946,1.947661,4164,4053,0
30510,12,12,0,25,1,18.991351,1.947867,4164,4053,0
30520,13,10,0,24,1,18.993544,1.948141,4164,4053,0
30530,6,8,0,15,1,18.992253,1.948031,4164,4053,0
30540,0,0,0,1,1,18.988806,1.947773,4164,4053,0
30550,4,8,0,13,1,18.984063,1.947335,4164,4053,0
30560,6,4,1,12,1,18.983895,1.947216,4164,4053,0
30570,5,3,0,9,1,18.981797,1.946985,4164,4053,0
30580,10,10,0,21,1,18.982739,1.947026,4164,4053,0
30590,10,11,2,24,1,18.984790,1.947272,4169,4053,0
30600,2,4,0,7,1,18.982957,1.947192,4169,4053,0
30610,16,10,0,27,1,18.983041,1.947171,4169,4053,0
30620,17,18,2,38,1,18.988818,1.947773,4175,4067,0
30630,15,19,0,35,1,18.994551,1.948502,4181,4072,0
30640,14,12,0,27,1,18.999102,1.948952,4194,4072,0
30650,13,11,1,26,1,19.000900,1.949159,4194,4072,0
30660,16,19,0,36,1,19.004914,1.949424,4196,4079,0
30670,17,19,0,37,1,19.010261,1.949911,4209,4086,0
30680,17,14,0,32,1,19.015253,1.950432,4219,4088,0
30690,11,11,0,23,1,19.015981,1.950497,4219,4088,0
30700,9,7,0,17,1,19.017884,1.950670,4219,4088,0
30710,17,14,0,32,1,19.017527,1.950623,4219,4088,0
30720,12,9,2,24,1,19.020010,1.950907,4220,4088,0
30730,5,4,0,10,1,19.018980,1.950779,4220,4088,0
30740,10,14,0,25,1,19.017618,1.950577,4220,4088,0
30750,20,16,0,37,1,19.022056,1.951022,4228,4093,0
30760,16,16,1,34,1,19.025533,1.951402,4228,4098,0
30770,14,7,1,23,1,19.030241,1.951946,4237,4104,0
30780,9,15,0,25,1,19.030421,1.952007,4237,4104,0
30790,11,15,0,27,1,19.034582,1.952418,4241,4107,0
30800,20,18,0,39,1,19.038954,1.952902,4250,4113,0
30810,14,16,0,31,1,19.044190,1.953533,4257,4121,0
30820,19,18,0,38,1,19.048912,1.954034,4258,4121,0
30830,9,5,0,15,1,19.052256,1.954458,4261,4121,0
30840,3,6,0,10,1,19.048349,1.954002,4261,4121,0
30850,0,1,0,2,1,19.047011,1.953881,4261,4121,0
30860,0,2,0,3,1,19.041594,1.953315,4261,4121,0
30870,9,14,0,24,1,19.037224,1.952863,4261,4121,0
30880,17,19,1,38,1,19.040404,1.953050,4265,4125,0
30890,16,19,0,36,1,19.044090,1.953431,4265,4130,0
30900,20,12,0,33,1,19.048458,1.953928,4270,4130,0
30910,15,10,1,27,1,19.051320,1.954244,4270,4130,0
30920,5,10,0,16,1,19.052296,1.954399,4270,4130,0
30930,19,10,0,30,1,19.057019,1.954803,4287,4139,0
30940,12,20,0,33,1,19.060697,1.955151,4288,4140,0
30950,5,13,0,19,1,19.062133,1.955353,4288,4142,0
30960,14,13,0,28,1,19.064371,1.955638,4295,4142,0
30970,14,19,0,34,1,19.068934,1.956096,4295,4142,0
30980,16,16,1,34,1,19.072943,1.956497,4295,4142,0
30990,17,17,0,35,1,19.075678,1.956813,4295,4143,0
31000,19,14,0,34,1,19.080680,1.957343,4306,4149,0
31010,8,5,0,14,1,19.083540,1.957736,4311,4149,0
31020,4,9,0,14,1,19.081740,1.957626,4311,4149,0
31030,3,5,0,9,1,19.078413,1.957294,4311,4149,0
31040,1,2,0,4,1,19.076003,1.957095,4311,4149,0
31050,2,9,1,13,1,19.074670,1.956877,4311,4149,0
31060,7,2,0,10,1,19.074196,1.956806,4311,4149,0
31070,4,3,0,8,1,19.074621,1.956820,4311,4149,0
31080,0,0,0,1,1,19.069561,1.956369,4311,4149,0
31090,6,8,0,15,1,19.068214,1.956201,4311,4152,0
31100,11,15,0,27,1,19.068634,1.956235,4311,4152,0
31110,14,12,0,27,1,19.071338,1.956496,4311,4153,0
31120,14,6,0,21,1,19.075310,1.956945,4315,4154,0
31130,10,12,0,23,1,19.075402,1.956906,4315,4154,0
31140,14,14,0,29,1,19.077586,1.957088,4315,4154,0
31150,15,13,0,29,1,19.081718,1.957573,4315,4157,0
31160,9,11,0,21,1,19.083250,1.957740,4315,4157,0
31170,10,14,0,25,1,19.083607,1.957779,4315,4157,0
31180,18,12,0,31,1,19.086321,1.958061,4317,4157,0
31190,9,10,0,20,1,19.088420,1.958260,4318,4157,0
31200,7,11,0,19,1,19.089233,1.958385,4318,4157,0
31210,4,3,0,8,1,19.090021,1.958443,4318,4157,0
31220,1,1,0,3,1,19.087284,1.958191,4318,4157,0
31230,2,4,0,7,1,19.082623,1.957723,4318,4157,0
31240,1,3,0,5,1,19.078054,1.957193,4318,4157,0
31250,7,4,0,12,1,19.075278,1.956866,4318,4157,0
31260,13,5,0,19,1,19.072184,1.956532,4318,4157,0
31270,8,1,0,10,1,19.069732,1.956297,4318,4157,0
31280,6,12,0,19,1,19.068590,1.956195,4318,4157,0
31290,10,4,1,16,1,19.065758,1.955908,4318,4157,0
31300,11,13,0,25,1,19.066768,1.955931,4318,4157,0
31310,8,6,0,15,1,19.067475,1.956039,4318,4157,0
31320,4,7,1,13,1,19.065383,1.955808,4318,4157,0
31330,4,20,0,25,1,19.064225,1.955692,4318,4161,0
31340,11,14,0,26,1,19.068565,1.956198,4325,4166,0
31350,1,0,0,2,1,19.067440,1.956240,4325,4166,0
31360,8,10,1,20,1,19.064946,1.955968,4325,4166,0
31370,4,8,0,13,1,19.063997,1.955816,4325,4166,0
31380,0,1,0,2,1,19.058943,1.955441,4325,4166,0
31390,14,7,1,23,1,19.058002,1.955258,4325,4166,0
31400,9,6,0,16,1,19.060138,1.955544,4325,4166,0
31410,11,6,0,18,1,19.060354,1.955563,4325,4166,0
31420,8,14,1,24,1,19.062161,1.955757,4325,4166,0
31430,12,12,0,25,1,19.063222,1.955837,4326,4166,0
31440,7,5,0,13,1,19.062564,1.955798,4326,4166,0
31450,4,1,1,7,1,19.058304,1.955403,4326,4166,0
31460,12,7,0,20,1,19.056831,1.955299,4326,4166,0
31470,8,8,0,17,1,19.055931,1.955178,4326,4166,0
31480,19,9,0,29,1,19.057732,1.955359,4326,4166,0
31490,19,16,0,36,1,19.062325,1.955872,4331,4175,0
31500,20,14,0,35,1,19.067747,1.956507,4344,4184,0
31510,12,8,0,21,1,19.069979,1.956771,4346,4184,0
31520,7,12,1,21,1,19.070112,1.956737,4346,4184,0
31530,3,4,0,8,1,19.068585,1.956570,4346,4184,0
31540,2,0,1,4,1,19.063584,1.956136,4346,4184,0
31550,6,2,0,9,1,19.058417,1.955615,4346,4184,0
31560,7,6,0,14,1,19.055885,1.955276,4346,4184,0
31570,3,5,0,9,1,19.051807,1.954873,4346,4184,0
31580,1,0,0,2,1,19.047248,1.954465,4346,4184,0
31590,0,2,0,3,1,19.042496,1.953993,4346,4184,0
31600,5,3,0,9,1,19.037742,1.953540,4346,4184,0
31610,13,9,0,23,1,19.035645,1.953201,4346,4184,0
31620,16,13,0,30,1,19.039866,1.953574,4349,4189,0
31630,14,16,1,32,1,19.043237,1.953954,4350,4190,0
31640,7,18,0,26,1,19.047394,1.954396,4356,4193,0
31650,5,4,1,11,1,19.046640,1.954315,4356,4193,0
31660,10,4,0,15,1,19.044330,1.954088,4356,4193,0
31670,6,7,1,15,1,19.043590,1.953970,4356,4193,0
31680,0,0,0,0,0,19.040253,1.953681,4356,4193,0
31690,0,0,0,0,0,19.036210,1.953263,4356,4193,0
31700,0,0,0,1,1,19.031440,1.952764,4356,4193,0
31710,8,9,0,18,1,19.026830,1.952287,4356,4193,0
31720,3,6,0,10,1,19.022362,1.951908,4356,4193,0
31730,15,20,0,36,1,19.023628,1.951946,4360,4194,0
31740,15,19,0,35,1,19.027610,1.952338,4367,4198,0
31750,17,18,1,37,1,19.033103,1.952930,4373,4201,0
31760,16,18,0,35,1,19.035734,1.953064,4373,4203,0
31770,17,19,0,37,1,19.040561,1.953607,4376,4210,0
31780,18,13,0,32,1,19.044981,1.954101,4377,4218,0
31790,13,14,0,28,1,19.048267,1.954409,4377,4219,0
31800,12,12,1,26,1,19.052764,1.954918,4378,4224,0
31810,9,12,0,22,1,19.054457,1.955113,4381,4224,0
31820,0,9,0,10,1,19.051414,1.954804,4381,4224,0
31830,2,2,0,5,1,19.046575,1.954361,4381,4224,0
31840,5,5,0,11,1,19.042732,1.953906,4381,4224,0
31850,3,2,0,6,1,19.038439,1.953513,4381,4224,0
31860,10,7,0,18,1,19.034903,1.953140,4381,4224,0
31870,2,0,0,3,1,19.031176,1.952836,4381,4224,0
31880,2,4,0,7,1,19.027150,1.952482,4381,4224,0
31890,1,2,0,4,1,19.021966,1.951960,4381,4224,0
31900,6,11,0,18,1,19.020122,1.951616,4381,4224,0
31910,0,0,0,1,1,19.017718,1.951416,4381,4224,0
31920,10,12,1,24,1,19.015238,1.951102,4381,4224,0
31930,6,11,0,18,1,19.016563,1.951285,4381,4224,0
31940,3,3,0,7,1,19.015032,1.951206,4381,4224,0
31950,9,2,0,12,1,19.010237,1.950735,4381,4224,0
31960,12,7,0,20,1,19.013219,1.951025,4381,4224,0
31970,7,12,1,21,1,19.013080,1.950920,4381,4224,0
31980,11,6,0,18,1,19.013276,1.950962,4381,4224,0
31990,10,20,0,31,1,19.013182,1.950918,4381,4225,0
32000,15,13,0,29,1,19.017505,1.951445,4387,4225,0
32010,1,0,0,2,1,19.017845,1.951489,4387,4226,0
32020,10,15,1,27,1,19.016131,1.951354,4388,4226,0
32030,1,7,0,9,1,19.013836,1.951096,4388,4226,0
32040,2,7,0,10,1,19.010271,1.950677,4388,4226,0
32050,2,2,0,5,1,19.005939,1.950273,4388,4226,0
32060,8,10,0,19,1,19.001955,1.949879,4388,4226,0
32070,13,9,0,23,1,19.003473,1.950038,4388,4226,0
32080,9,3,0,13,1,19.002838,1.949982,4388,4226,0
32090,9,9,0,19,1,19.001113,1.949782,4388,4226,0
32100,16,12,0,29,1,19.002479,1.949919,4388,4226,0
32110,13,20,0,34,1,19.005636,1.950240,4388,4228,0
32120,12,20,0,33,1,19.008973,1.950560,4389,4231,0
32130,7,13,0,21,1,19.011755,1.950911,4389,4237,0
32140,10,19,2,32,1,19.013710,1.951052,4389,4239,0
32150,2,4,0,7,1,19.014333,1.951224,4389,4249,0
32160,11,12,1,25,1,19.015497,1.951347,4389,4249,0
32170,4,7,0,12,1,19.014339,1.951305,4389,4249,0
32180,11,11,0,23,1,19.014845,1.951267,4389,4249,0
32190,9,12,0,22,1,19.016661,1.951462,4389,4251,0
32200,8,10,1,20,1,19.016260,1.951386,4389,4251,0
32210,0,0,0,0,0,19.014494,1.951245,4389,4251,0
32220,0,0,0,0,0,19.009450,1.950811,4389,4251,0
32230,5,5,0,11,1,19.004866,1.950275,4389,4251,0
32240,1,1,0,3,1,19.002833,1.950100,4389,4251,0
32250,1,2,0,4,1,18.998222,1.949655,4389,4251,0
32260,7,14,1,23,1,18.996801,1.949437,4389,4251,0
32270,11,8,1,21,1,18.997223,1.949452,4389,4251,0
32280,14,12,0,27,1,18.997550,1.949390,4389,4251,0
32290,15,17,0,33,1,18.999691,1.949538,4389,4251,0
32300,16,11,1,29,1,19.003956,1.950046,4394,4257,0
32310,5,15,0,21,1,19.005905,1.950249,4396,4257,0
32320,11,15,0,27,1,19.005572,1.950193,4396,4258,0
32330,20,17,0,38,1,19.010531,1.950674,4400,4261,0
32340,5,2,0,8,1,19.013343,1.951046,4406,4265,0
32350,9,4,0,14,1,19.011258,1.950803,4406,4265,0
32360,10,12,0,23,1,19.011843,1.950767,4406,4265,0
32370,6,8,0,15,1,19.010713,1.950698,4406,4265,0
32380,8,5,0,14,1,19.009596,1.950542,4406,4265,0
32390,19,11,0,31,1,19.011714,1.950627,4406,4267,0
32400,11,16,0,28,1,19.013523,1.950778,4406,4267,0
32410,18,20,0,39,1,19.017270,1.951116,4406,4272,0
32420,9,7,0,17,1,19.018163,1.951285,4406,4272,0
32430,0,1,0,2,1,19.015266,1.951040,4406,4272,0
32440,19,19,0,39,1,19.015603,1.950873,4406,4274,0
32450,13,17,1,32,1,19.021230,1.951515,4413,4291,0
32460,19,20,1,41,1,19.026106,1.952055,4418,4311,0
32470,11,10,0,22,1,19.030039,1.952517,4421,4315,0
32480,5,15,0,21,1,19.030839,1.952448,4421,4315,0
32490,6,10,1,18,1,19.031322,1.952630,4421,4315,0
32500,2,0,0,3,1,19.029752,1.952515,4421,4315,0
32510,0,1,0,2,1,19.024907,1.951916,4421,4315,0
32520,0,0,0,0,0,19.019920,1.951401,4421,4315,0
32530,1,2,0,4,1,19.015322,1.950944,4421,4315,0
32540,10,12,0,23,1,19.013886,1.950739,4421,4315,0
32550,17,10,0,28,1,19.017218,1.951022,4421,4315,0
32560,5,12,0,18,1,19.020013,1.951225,4421,4317,0
32570,15,14,0,30,1,19.022407,1.951419,4421,4317,0
32580,15,16,0,32,1,19.027470,1.951996,4435,4323,0
32590,13,18,0,32,1,19.032444,1.952522,4442,4326,0
32600,20,18,0,39,1,19.037021,1.952933,4445,4327,0
32610,13,17,1,32,1,19.041124,1.953406,4449,4327,0
32620,1,3,0,5,1,19.044321,1.953847,4452,4332,0
32630,18,13,0,32,1,19.042995,1.953628,4453,4332,0
32640,17,17,1,36,1,19.047188,1.954074,4457,4340,0
32650,15,7,0,23,1,19.049499,1.954283,4457,4341,0
32660,2,2,0,5,1,19.049613,1.954359,4457,4341,0
32670,6,7,0,14,1,19.045983,1.953934,4457,4341,0
32680,5,9,1,16,1,19.044662,1.953826,4457,4341,0
32690,17,17,1,36,1,19.047217,1.954060,4457,4341,0
32700,13,18,0,32,1,19.050957,1.954453,4459,4342,0
32710,13,16,0,30,1,19.055274,1.954911,4466,4347,0
32720,17,10,0,28,1,19.058593,1.955328,4470,4347,0
32730,15,19,0,35,1,19.063483,1.955802,4478,4355,0
32740,18,14,0,33,1,19.068250,1.956294,4488,4363,0
32750,19,14,1,35,1,19.071914,1.956587,4489,4363,0
32760,13,12,0,26,1,19.073819,1.956804,4489,4363,0
32770,8,13,0,22,1,19.074568,1.956877,4489,4363,0
32780,0,1,0,2,1,19.070266,1.956629,4489,4363,0
32790,7,4,0,12,1,19.065786,1.956178,4489,4363,0
32800,10,6,0,17,1,19.064444,1.956068,4489,4363,0
32810,14,8,0,23,1,19.064857,1.956088,4489,4363,0
32820,12,9,1,23,1,19.068181,1.956494,4494,4372,0
32830,6,9,0,16,1,19.068028,1.956383,4494,4372,0
32840,1,1,0,3,1,19.065011,1.956064,4494,4372,0
32850,2,4,0,7,1,19.059969,1.955592,4494,4372,0
32860,1,6,0,8,1,19.055289,1.955188,4494,4372,0
32870,7,8,0,16,1,19.053623,1.955087,4494,4372,0
32880,6,5,0,12,1,19.052557,1.954932,4494,4372,0
32890,7,10,0,18,1,19.048692,1.954526,4494,4372,0
32900,14,18,0,33,1,19.048918,1.954424,4494,4372,0
32910,18,20,0,39,1,19.054114,1.955002,4495,4377,0
32920,12,15,2,30,1,19.059316,1.955533,4500,4384,0
32930,14,15,2,32,1,19.061281,1.955737,4500,4384,0
32940,13,15,0,29,1,19.064589,1.956079,4500,4385,0
32950,13,13,1,28,1,19.067862,1.956436,4500,4390,0
32960,15,18,1,35,1,19.072650,1.956937,4504,4404,0
32970,7,8,1,17,1,19.073769,1.957030,4504,4404,0
32980,7,8,0,16,1,19.071568,1.956849,4504,4404,0
32990,2,5,0,8,1,19.069263,1.956640,4504,4404,0
33000,0,0,0,1,1,19.064447,1.956270,4504,4404,0
33010,1,3,0,5,1,19.059632,1.955767,4504,4404,0
33020,1,6,0,8,1,19.055038,1.955280,4504,4404,0
33030,11,14,0,26,1,19.055269,1.955276,4504,4407,0
33040,16,16,0,33,1,19.057080,1.955404,4505,4407,0
33050,12,17,1,31,1,19.061132,1.955822,4508,4413,0
33060,11,14,1,27,1,19.065198,1.956334,4521,4424,0
33070,4,3,0,8,1,19.061946,1.956088,4521,4424,0
33080,6,3,0,10,1,19.059357,1.955752,4521,4424,0
33090,2,6,0,9,1,19.056583,1.955476,4521,4424,0
33100,19,10,0,30,1,19.055324,1.955277,4521,4424,0
33110,16,18,0,35,1,19.059254,1.955713,4523,4424,0
33120,6,15,0,22,1,19.062614,1.956103,4524,4427,0
33130,17,16,0,34,1,19.065246,1.956303,4524,4429,0
33140,0,0,0,1,1,19.066214,1.956508,4529,4430,0
33150,12,10,0,23,1,19.064166,1.956186,4529,4430,0
33160,0,0,0,0,0,19.061853,1.956060,4529,4430,0
33170,1,0,0,2,1,19.057306,1.955481,4529,4430,0
33180,9,12,0,22,1,19.053609,1.955093,4529,4430,0
33190,17,11,0,29,1,19.054965,1.955144,4529,4430,0
33200,4,11,0,16,1,19.055041,1.955173,4529,4430,0
33210,15,11,0,27,1,19.055662,1.955173,4529,4430,0
33220,18,15,0,34,1,19.059216,1.955443,4529,4436,0
33230,15,11,0,27,1,19.063998,1.955937,4539,4439,0
33240,8,12,0,21,1,19.065430,1.956050,4539,4439,0
33250,16,16,0,33,1,19.069511,1.956454,4542,4442,0
33260,17,16,0,34,1,19.073565,1.956860,4545,4445,0
33270,7,6,0,14,1,19.074651,1.957011,4545,4445,0
33280,3,1,0,5,1,19.070865,1.956674,4545,4445,0
33290,7,13,0,21,1,19.069409,1.956382,4545,4445,0
33300,1,1,0,3,1,19.066067,1.956066,4545,4445,0
33310,7,2,0,10,1,19.063710,1.955809,4545,4445,0
33320,8,6,1,16,1,19.063460,1.955768,4545,4445,0
33330,17,17,1,36,1,19.063533,1.955713,4545,4445,0
33340,6,5,0,12,1,19.064514,1.955876,4551,4445,0
33350,11,12,0,24,1,19.065288,1.955850,4551,4445,0
33360,14,15,0,30,1,19.069427,1.956242,4553,4455,0
33370,7,11,0,19,1,19.070540,1.956389,4553,4455,0
33380,2,3,0,6,1,19.070125,1.956373,4554,4455,0
33390,9,9,0,19,1,19.070190,1.956461,4555,4455,0
33400,13,17,0,31,1,19.072727,1.956772,4555,4458,0
33410,18,15,0,34,1,19.076321,1.957156,4556,4458,0
33420,5,7,0,13,1,19.078643,1.957457,4558,4461,0
33430,1,3,0,5,1,19.074337,1.957150,4558,4461,0
33440,12,12,0,25,1,19.073554,1.957006,4558,4461,0
33450,18,15,1,35,1,19.076484,1.957238,4558,4461,0
33460,7,10,0,18,1,19.076612,1.957350,4558,4461,0
33470,13,10,0,24,1,19.078237,1.957417,4558,4461,0
33480,6,11,1,19,1,19.078264,1.957339,4558,4461,0
33490,1,4,0,6,1,19.078175,1.957392,4558,4461,0
33500,1,4,0,6,1,19.073457,1.956947,4558,4461,0
33510,6,7,0,14,1,19.070124,1.956680,4558,4461,0
33520,11,14,0,26,1,19.068460,1.956476,4558,4461,0
33530,7,9,0,17,1,19.068108,1.956448,4558,4461,0
33540,9,11,1,22,1,19.068108,1.956427,4558,4462,0
33550,20,18,0,39,1,19.071518,1.956708,4564,4465,0
33560,18,20,0,39,1,19.076513,1.957307,4567,4477,0
33570,15,12,0,28,1,19.081031,1.957887,4581,4487,0
33580,13,20,1,35,1,19.086409,1.958526,4597,4495,0
33590,11,13,0,25,1,19.090735,1.959062,4602,4500,0
33600,5,4,0,10,1,19.089073,1.958930,4602,4500,0
33610,2,2,0,5,1,19.087546,1.958764,4602,4500,0
33620,7,8,0,16,1,19.083520,1.958282,4602,4500,0
33630,9,3,1,14,1,19.083887,1.958298,4602,4500,0
33640,10,8,0,19,1,19.082041,1.958070,4602,4500,0
33650,12,6,0,19,1,19.079994,1.957904,4602,4500,0
33660,9,5,0,15,1,19.080452,1.957888,4602,4500,0
33670,3,5,0,9,1,19.077967,1.957594,4602,4500,0
33680,0,0,0,0,0,19.073435,1.957257,4602,4500,0
33690,11,7,0,19,1,19.069969,1.956821,4602,4500,0
33700,7,9,0,17,1,19.070235,1.956749,4602,4500,0
33710,13,8,0,22,1,19.072082,1.956840,4604,4500,0
33720,5,7,0,13,1,19.068595,1.956479,4604,4500,0
33730,3,13,0,17,1,19.067823,1.956355,4604,4500,0
33740,14,12,0,27,1,19.067710,1.956281,4604,4500,0
33750,10,10,1,22,1,19.069517,1.956541,4604,4500,0
33760,9,11,0,21,1,19.069282,1.956567,4604,4500,0
33770,15,11,0,27,1,19.071316,1.956737,4604,4500,0
33780,3,6,0,10,1,19.069655,1.956587,4604,4500,0
33790,7,6,0,14,1,19.068618,1.956370,4604,4500,0
33800,10,18,0,29,1,19.070572,1.956473,4604,4500,0
33810,13,11,0,25,1,19.073643,1.956808,4609,4500,0
33820,20,20,0,41,1,19.077684,1.957184,4619,4504,0
33830,10,16,0,27,1,19.081912,1.957734,4626,4505,0
33840,9,11,0,21,1,19.083518,1.957883,4626,4505,0
33850,4,0,0,5,1,19.083198,1.957835,4626,4505,0
33860,13,9,0,23,1,19.082130,1.957622,4626,4505,0
33870,19,17,1,38,1,19.086312,1.958030,4644,4511,0
33880,3,13,0,17,1,19.087948,1.958236,4644,4511,0
33890,16,14,1,32,1,19.091672,1.958603,4651,4523,0
33900,6,5,0,12,1,19.092380,1.958756,4651,4523,0
33910,0,0,0,0,0,19.088912,1.958438,4651,4523,0
33920,0,3,0,4,1,19.084203,1.958029,4651,4523,0
33930,0,1,0,2,1,19.079382,1.957543,4651,4523,0
33940,5,1,0,7,1,19.074664,1.957056,4651,4523,0
33950,7,5,0,13,1,19.071415,1.956666,4651,4523,0
33960,3,3,0,7,1,19.067303,1.956288,4651,4523,0
33970,7,1,1,10,1,19.063231,1.955820,4651,4523,0
33980,9,8,0,18,1,19.062368,1.955699,4651,4523,0
33990,19,16,0,36,1,19.066355,1.956099,4657,4530,0
34000,6,3,0,10,1,19.068068,1.956343,4658,4530,0
34010,0,1,0,2,1,19.064008,1.955970,4658,4530,0
34020,0,5,0,6,1,19.060430,1.955576,4658,4530,0
34030,7,10,0,18,1,19.058696,1.955324,4658,4530,0
34040,9,10,0,20,1,19.058051,1.955196,4658,4530,0
34050,9,10,0,20,1,19.059744,1.955355,4658,4530,0
34060,15,18,0,34,1,19.061448,1.955468,4658,4530,0
34070,13,13,0,27,1,19.066055,1.956002,4663,4534,0
34080,7,13,0,21,1,19.066314,1.956014,4663,4535,0
34090,9,15,0,25,1,19.067071,1.956094,4663,4535,0
34100,5,8,0,14,1,19.068770,1.956307,4668,4535,0
34110,1,0,0,2,1,19.064613,1.955877,4668,4535,0
34120,0,0,0,1,1,19.060365,1.955485,4668,4535,0
34130,4,4,0,9,1,19.055978,1.955020,4668,4535,0
34140,15,12,0,28,1,19.056652,1.955045,4668,4535,0
34150,18,19,0,38,1,19.059428,1.955351,4673,4535,0
34160,8,14,0,23,1,19.062965,1.955845,4680,4544,0
34170,8,7,0,16,1,19.063631,1.955893,4680,4544,0
34180,9,15,0,25,1,19.063451,1.955860,4680,4544,0
34190,17,16,0,34,1,19.066864,1.956136,4685,4554,0
34200,15,12,0,28,1,19.069131,1.956418,4685,4554,0
34210,5,7,0,13,1,19.072375,1.956772,4685,4563,0
34220,13,11,0,25,1,19.074015,1.956819,4687,4563,0
34230,18,19,0,38,1,19.076185,1.956945,4688,4568,0
34240,13,17,0,31,1,19.080592,1.957412,4692,4577,0
34250,14,15,0,30,1,19.082791,1.957658,4695,4577,0
34260,20,13,1,35,1,19.085231,1.957852,4695,4577,0
34270,11,10,0,22,1,19.087741,1.958118,4704,4577,0
34280,20,20,0,41,1,19.089912,1.958239,4706,4580,0
34290,1,2,0,4,1,19.090261,1.958371,4706,4583,0
34300,0,0,0,1,1,19.085908,1.957933,4706,4583,0
34310,2,4,0,7,1,19.082653,1.957502,4706,4583,0
34320,6,8,0,15,1,19.080331,1.957302,4706,4583,0
34330,0,2,0,3,1,19.078433,1.957099,4706,4583,0
34340,0,0,0,0,0,19.073578,1.956603,4706,4583,0
34350,10,15,0,26,1,19.073930,1.956636,4706,4583,0
34360,13,11,0,25,1,19.076097,1.956856,4706,4583,0
34370,20,17,0,38,1,19.079954,1.957202,4711,4585,0
34380,14,13,1,29,1,19.083945,1.957631,4721,4585,0
34390,13,12,1,27,1,19.085274,1.957712,4721,4585,0
34400,2,1,0,4,1,19.083875,1.957630,4721,4585,0
34410,10,6,0,17,1,19.084103,1.957580,4721,4587,0
34420,12,5,0,18,1,19.083456,1.957546,4721,4587,0
34430,5,8,1,15,1,19.084374,1.957672,4721,4587,0
34440,3,5,0,9,1,19.081537,1.957401,4721,4587,0
34450,9,13,0,23,1,19.079302,1.957187,4721,4587,0
34460,20,20,0,41,1,19.083397,1.957557,4732,4593,0
34470,14,10,0,25,1,19.087107,1.958057,4740,4601,0
34480,5,11,0,17,1,19.087281,1.958078,4740,4601,0
34490,7,6,0,14,1,19.086010,1.957921,4740,4601,0
34500,6,7,0,14,1,19.084077,1.957696,4740,4601,0
34510,17,8,0,26,1,19.084534,1.957694,4740,4601,0
34520,8,13,1,23,1,19.084787,1.957687,4740,4601,0
34530,16,9,0,26,1,19.087065,1.957906,4740,4602,0
34540,11,14,0,26,1,19.091108,1.958371,4748,4611,0
34550,16,15,2,34,1,19.092724,1.958423,4748,4611,0
34560,20,19,0,40,1,19.098008,1.958997,4757,4620,0
34570,9,12,0,22,1,19.101189,1.959460,4763,4620,0
34580,0,0,0,0,0,19.099841,1.959382,4763,4620,0
34590,5,7,0,13,1,19.095987,1.959001,4763,4620,0
34600,6,5,0,12,1,19.094004,1.958836,4763,4620,0
34610,13,15,1,30,1,19.096512,1.959072,4763,4624,0
34620,18,12,0,31,1,19.100378,1.959501,4768,4624,0
34630,6,8,0,15,1,19.098608,1.959305,4768,4624,0
34640,3,2,0,6,1,19.095988,1.959073,4768,4624,0
34650,2,0,0,3,1,19.091539,1.958631,4768,4624,0
34660,0,1,0,2,1,19.088186,1.958336,4768,4624,0
34670,2,2,0,5,1,19.085055,1.958024,4768,4624,0
34680,2,0,0,3,1,19.080497,1.957640,4768,4624,0
34690,9,6,0,16,1,19.077990,1.957281,4768,4624,0
34700,5,15,0,21,1,19.077193,1.957196,4768,4624,0
34710,7,13,0,21,1,19.076496,1.957104,4768,4624,0
34720,10,6,0,17,1,19.075318,1.957027,4768,4624,0
34730,9,12,1,23,1,19.077245,1.957192,4768,4624,0
34740,2,4,0,7,1,19.077314,1.957220,4768,4624,0
34750,5,8,0,14,1,19.073974,1.956874,4768,4624,0
34760,11,17,0,29,1,19.075700,1.957031,4768,4629,0
34770,11,17,1,30,1,19.079101,1.957353,4775,4632,0
34780,8,7,0,16,1,19.080589,1.957497,4775,4632,0
34790,15,12,0,28,1,19.082803,1.957658,4778,4632,0
34800,7,9,1,18,1,19.083063,1.957682,4778,4632,0
34810,11,7,0,19,1,19.081746,1.957520,4778,4632,0
34820,12,15,0,28,1,19.083256,1.957661,4778,4632,0
34830,13,11,0,25,1,19.086116,1.957928,4778,4633,0
34840,14,16,0,31,1,19.088417,1.958109,4778,4633,0
34850,0,0,0,0,0,19.087551,1.958052,4778,4634,0
34860,0,0,0,1,1,19.082875,1.957604,4778,4634,0
34870,10,7,0,18,1,19.080045,1.957270,4778,4634,0
34880,2,5,1,9,1,19.078838,1.957166,4778,4634,0
34890,8,7,0,16,1,19.075626,1.956840,4778,4634,0
34900,3,6,1,11,1,19.072889,1.956579,4778,4634,0
34910,20,17,0,38,1,19.075834,1.956752,4782,4636,0
34920,18,16,0,35,1,19.079082,1.957128,4793,4636,0
34930,14,14,0,29,1,19.083422,1.957610,4801,4641,0
34940,11,11,0,23,1,19.084414,1.957738,4801,4642,0
34950,10,14,1,26,1,19.086753,1.957981,4801,4643,0
34960,17,16,0,34,1,19.090596,1.958366,4805,4643,0
34970,6,3,0,10,1,19.091490,1.958524,4805,4643,0
34980,0,0,0,1,1,19.087589,1.958184,4805,4643,0
34990,12,19,0,32,1,19.088267,1.958176,4807,4644,0
35000,15,8,1,25,1,19.091254,1.958531,4807,4650,0
35010,11,19,0,31,1,19.093120,1.958725,4807,4650,0
35020,11,15,1,28,1,19.095433,1.958925,4807,4650,0
35030,18,15,0,34,1,19.099670,1.959305,4810,4663,0
35040,14,13,0,28,1,19.103353,1.959697,4815,4663,0
35050,15,13,1,30,1,19.105945,1.959954,4815,4666,0
35060,19,19,1,40,1,19.109049,1.960264,4821,4666,0
35070,6,4,0,11,1,19.110181,1.960446,4821,4671,0
35080,3,4,0,8,1,19.106546,1.960047,4821,4671,0
35090,2,1,0,4,1,19.102963,1.959648,4821,4671,0
35100,4,3,0,8,1,19.099989,1.959334,4821,4671,0
35110,0,0,0,1,1,19.095095,1.958961,4821,4671,0
35120,1,0,0,2,1,19.091859,1.958626,4821,4671,0
35130,2,1,0,4,1,19.087376,1.958168,4821,4671,0
35140,0,0,0,0,0,19.082512,1.957706,4821,4671,0
35150,9,6,1,17,1,19.079518,1.957322,4821,4671,0
35160,9,12,0,22,1,19.081712,1.957567,4821,4674,0
35170,6,7,0,14,1,19.080614,1.957394,4821,4674,0
35180,7,8,0,16,1,19.078160,1.957145,4821,4674,0
35190,8,5,0,14,1,19.078018,1.957139,4821,4674,0
35200,5,2,0,8,1,19.077707,1.957076,4821,4674,0
35210,3,2,0,6,1,19.075669,1.956795,4821,4674,0
35220,2,6,0,9,1,19.073731,1.956531,4821,4674,0
35230,5,5,0,11,1,19.070190,1.956216,4821,4674,0
35240,0,0,0,0,0,19.065969,1.955814,4821,4674,0
35250,1,0,0,2,1,19.062629,1.955452,4821,4674,0
35260,1,0,0,2,1,19.058596,1.955109,4821,4674,0
35270,14,10,0,25,1,19.055761,1.954804,4821,4674,0
35280,17,15,0,33,1,19.059225,1.955105,4826,4688,0
35290,14,14,0,29,1,19.063278,1.955529,4828,4694,0
35300,12,13,1,27,1,19.066273,1.955805,4828,4694,0
35310,2,4,0,7,1,19.066092,1.955846,4828,4694,0
35320,1,0,0,2,1,19.063397,1.955572,4828,4694,0
35330,15,11,0,27,1,19.063463,1.955531,4828,4694,0
35340,17,15,0,33,1,19.067077,1.955830,4830,4696,0
35350,10,11,0,22,1,19.069834,1.956156,4830,4697,0
35360,13,11,0,25,1,19.072179,1.956444,4832,4697,0
35370,5,11,0,17,1,19.072531,1.956432,4832,4697,0
35380,16,14,0,31,1,19.072748,1.956412,4832,4697,0
35390,14,9,1,25,1,19.074252,1.956586,4832,4697,0
35400,17,20,0,38,1,19.078010,1.956832,4839,4702,0
35410,18,12,2,33,1,19.082141,1.957355,4840,4710,0
35420,11,18,1,31,1,19.086895,1.957902,4847,4712,0
35430,16,7,0,24,1,19.088692,1.958135,4847,4718,0
35440,20,15,0,36,1,19.091819,1.958436,4848,4720,0
35450,20,20,2,43,1,19.096708,1.958974,4852,4732,0
35460,7,6,0,14,1,19.098034,1.959203,4853,4732,0
35470,4,4,0,9,1,19.093647,1.958818,4853,4732,0
35480,0,5,0,6,1,19.091023,1.958546,4853,4732,0
35490,1,3,0,5,1,19.086307,1.958105,4853,4732,0
35500,9,6,0,16,1,19.083286,1.957696,4853,4732,0
35510,4,10,1,16,1,19.083022,1.957598,4853,4732,0
35520,6,3,0,10,1,19.081267,1.957466,4853,4732,0
35530,2,1,0,4,1,19.076699,1.957068,4853,4732,0
35540,0,0,0,1,1,19.072776,1.956764,4853,4732,0
35550,9,7,0,17,1,19.069688,1.956483,4853,4732,0
35560,7,12,1,21,1,19.069586,1.956464,4853,4732,0
35570,4,6,0,11,1,19.070377,1.956548,4853,4732,0
35580,14,9,0,24,1,19.072374,1.956716,4855,4734,0
35590,3,2,0,6,1,19.070971,1.956620,4855,4734,0
35600,0,0,0,0,0,19.067305,1.956326,4855,4734,0
35610,8,8,0,17,1,19.063732,1.955973,4855,4734,0
35620,3,5,0,9,1,19.060039,1.955613,4855,4734,0
35630,1,0,0,2,1,19.056221,1.955224,4855,4734,0
35640,0,0,0,0,0,19.051341,1.954839,4855,4734,0
35650,4,13,1,19,1,19.048337,1.954488,4855,4734,0
35660,8,6,0,15,1,19.046251,1.954282,4855,4734,0
35670,12,19,0,32,1,19.047606,1.954424,4855,4738,0
35680,9,13,1,24,1,19.048579,1.954464,4855,4739,0
35690,0,0,0,0,0,19.046881,1.954394,4855,4739,0
35700,9,7,0,17,1,19.044352,1.954086,4855,4739,0
35710,13,14,0,28,1,19.046875,1.954292,4855,4739,0
35720,17,20,1,39,1,19.050135,1.954590,4859,4744,0
35730,12,14,0,27,1,19.053475,1.954946,4859,4748,0
35740,17,19,0,37,1,19.055690,1.955114,4859,4751,0
35750,19,17,2,39,1,19.061151,1.955812,4874,4762,0
35760,17,15,0,33,1,19.065634,1.956331,4875,4768,0
35770,5,0,0,6,1,19.063778,1.956199,4875,4768,0
35780,0,2,0,3,1,19.059216,1.955778,4875,4768,0
35790,0,0,0,0,0,19.055290,1.955338,4875,4768,0
35800,0,0,0,0,0,19.051629,1.954876,4875,4768,0
35810,2,3,1,7,1,19.047073,1.954394,4875,4768,0
35820,0,2,0,3,1,19.043310,1.953921,4875,4768,0
35830,11,15,0,27,1,19.042673,1.953785,4875,4768,0
35840,10,5,0,16,1,19.042927,1.953870,4875,4768,0
35850,3,3,0,7,1,19.041769,1.953793,4875,4768,0
35860,8,2,0,11,1,19.039956,1.953548,4875,4768,0
35870,0,0,0,1,1,19.035888,1.953200,4875,4768,0
35880,11,12,2,26,1,19.033632,1.952904,4875,4768,0
35890,13,19,0,33,1,19.035828,1.953087,4876,4770,0
35900,10,15,1,27,1,19.038558,1.953437,4884,4775,0
35910,15,10,0,26,1,19.039970,1.953640,4884,4775,0
35920,14,12,0,27,1,19.041021,1.953751,4884,4775,0
35930,20,19,1,41,1,19.045214,1.954195,4893,4779,0
35940,18,13,0,32,1,19.049209,1.954613,4901,4787,0
35950,9,4,0,14,1,19.051823,1.954912,4902,4790,0
35960,2,4,0,7,1,19.049505,1.954637,4902,4790,0
35970,1,0,0,2,1,19.044938,1.954244,4902,4790,0
35980,5,3,0,9,1,19.040519,1.953798,4902,4790,0
35990,6,12,0,19,1,19.038910,1.953558,4902,4790,0
36000,1,1,1,4,1,19.036959,1.953405,4902,4790,0
36010,5,4,0,10,1,19.032663,1.952933,4902,4790,0
36020,0,0,0,0,0,19.029562,1.952595,4902,4790,0
36030,11,5,0,17,1,19.026321,1.952226,4902,4790,0
36040,16,14,0,31,1,19.028254,1.952377,4902,4793,0
36050,13,5,0,19,1,19.031568,1.952747,4906,4796,0
36060,0,0,0,0,0,19.029730,1.952622,4906,4796,0
36070,4,9,0,14,1,19.025889,1.952192,4906,4796,0
36080,12,10,0,23,1,19.026570,1.952226,4906,4796,0
36090,13,16,1,31,1,19.028419,1.952357,4906,4796,0
36100,15,15,0,31,1,19.032256,1.952781,4911,4804,0
36110,17,20,1,39,1,19.036894,1.953281,4917,4808,0
36120,8,10,0,19,1,19.040007,1.953637,4917,4819,0
36130,2,5,0,8,1,19.038444,1.953534,4917,4819,0
36140,2,8,0,11,1,19.035201,1.953221,4917,4819,0
36150,12,8,0,21,1,19.033010,1.952954,4917,4819,0
36160,6,5,0,12,1,19.031179,1.952869,4917,4819,0
36170,0,0,0,1,1,19.027750,1.952558,4917,4819,0
36180,1,2,0,4,1,19.023673,1.952192,4917,4819,0
36190,4,2,0,7,1,19.019978,1.951732,4917,4819,0
36200,2,1,0,4,1,19.018274,1.951565,4917,4819,0
36210,4,6,0,11,1,19.014509,1.951159,4917,4819,0
36220,13,16,0,30,1,19.015704,1.951168,4917,4820,0
36230,10,18,0,29,1,19.019531,1.951597,4918,4822,0
36240,14,8,0,23,1,19.021998,1.951897,4923,4824,0
36250,19,10,0,30,1,19.022194,1.951919,4923,4824,0
36260,11,6,1,19,1,19.023523,1.952053,4923,4824,0
36270,0,0,0,0,0,19.019852,1.951684,4923,4824,0
36280,0,1,0,2,1,19.016021,1.951299,4923,4824,0
36290,2,1,0,4,1,19.011921,1.951019,4923,4824,0
36300,7,3,0,11,1,19.007728,1.950569,4923,4824,0
36310,12,15,0,28,1,19.007474,1.950518,4923,4825,0
36320,5,7,0,13,1,19.008932,1.950719,4923,4825,0
36330,4,2,0,7,1,19.008271,1.950621,4923,4825,0
36340,15,13,3,32,1,19.009359,1.950641,4923,4825,0
36350,18,18,0,37,1,19.013365,1.951049,4928,4829,0
36360,19,19,0,39,1,19.017636,1.951485,4936,4831,0
36370,12,12,1,26,1,19.020137,1.951716,4936,4838,0
36380,6,6,0,13,1,19.019874,1.951763,4936,4838,0
36390,5,5,0,11,1,19.019431,1.951715,4936,4838,0
36400,5,6,0,12,1,19.017410,1.951449,4936,4838,0
36410,16,16,1,34,1,19.017477,1.951404,4936,4839,0
36420,13,10,0,24,1,19.021330,1.951901,4944,4842,0
36430,12,15,0,28,1,19.023542,1.952075,4947,4842,0
36440,14,17,0,32,1,19.027064,1.952450,4950,4843,0
36450,1,0,0,2,1,19.026722,1.952533,4950,4844,0
36460,7,9,0,17,1,19.022718,1.952113,4950,4844,0
36470,2,2,0,5,1,19.019229,1.951829,4950,4844,0
36480,4,3,0,8,1,19.015324,1.951464,4950,4844,0
36490,7,9,1,18,1,19.012756,1.951225,4950,4844,0
36500,0,0,0,1,1,19.010562,1.951018,4950,4844,0
36510,2,2,0,5,1,19.006615,1.950610,4950,4844,0
36520,5,8,0,14,1,19.003661,1.950271,4950,4844,0
36530,8,3,0,12,1,19.000591,1.949986,4950,4844,0
36540,16,16,1,34,1,19.001410,1.949974,4950,4846,0
36550,11,18,0,30,1,19.003857,1.950183,4950,4848,0
36560,10,12,0,23,1,19.007436,1.950531,4952,4850,0
36570,8,19,0,28,1,19.009704,1.950783,4952,4853,0
36580,20,17,0,38,1,19.013485,1.951146,4954,4858,0
36590,11,8,0,20,1,19.016367,1.951499,4957,4859,0
36600,2,0,0,3,1,19.013356,1.951187,4957,4859,0
36610,2,2,0,5,1,19.009132,1.950674,4957,4859,0
36620,13,4,0,18,1,19.008039,1.950493,4957,4859,0
36630,4,2,0,7,1,19.005570,1.950313,4957,4859,0
36640,7,6,0,14,1,19.002688,1.949927,4957,4859,0
36650,8,11,1,21,1,19.002497,1.949937,4957,4859,0
36660,9,17,0,27,1,19.002357,1.949925,4957,4859,0
36670,16,14,0,31,1,19.006374,1.950324,4957,4870,0
36680,9,9,1,20,1,19.009903,1.950705,4959,4876,0
36690,19,20,0,40,1,19.013099,1.950991,4964,4881,0
36700,16,18,0,35,1,19.016955,1.951444,4967,4888,0
36710,11,12,0,24,1,19.020868,1.951859,4974,4892,0
36720,12,9,2,24,1,19.020387,1.951812,4974,4892,0
36730,12,14,1,28,1,19.021134,1.951880,4974,4892,0
36740,20,20,0,41,1,19.025925,1.952429,4976,4904,0
36750,6,7,0,14,1,19.027106,1.952536,4977,4907,0
36760,15,16,0,32,1,19.028452,1.952568,4977,4907,0
36770,15,12,1,29,1,19.031997,1.952956,4978,4907,0
36780,18,20,0,39,1,19.036463,1.953427,4983,4915,0
36790,14,18,0,33,1,19.040464,1.953862,4988,4930,0
36800,13,19,0,33,1,19.044568,1.954280,4991,4931,0
36810,13,18,0,32,1,19.047850,1.954554,4996,4936,0
36820,5,8,0,14,1,19.047362,1.954545,4996,4936,0
36830,5,7,0,13,1,19.043784,1.954202,4996,4936,0
36840,5,4,0,10,1,19.040590,1.953925,4996,4936,0
36850,8,8,0,17,1,19.038546,1.953658,4996,4936,0
36860,5,2,0,8,1,19.036470,1.953404,4996,4936,0
36870,15,7,0,23,1,19.033849,1.953138,4996,4936,0
36880,13,13,0,27,1,19.036709,1.953444,4997,4936,0
36890,8,4,0,13,1,19.036610,1.953437,4997,4936,0
36900,1,1,0,3,1,19.033299,1.953138,4997,4936,0
36910,6,7,0,14,1,19.031666,1.952989,4997,4936,0
36920,10,13,0,24,1,19.030785,1.952857,4997,4936,0
36930,5,8,0,14,1,19.032094,1.953037,4997,4936,0
36940,12,4,0,17,1,19.029576,1.952776,4997,4936,0
36950,5,6,0,12,1,19.028936,1.952713,4997,4936,0
36960,5,5,0,11,1,19.027146,1.952564,4997,4936,0
36970,0,0,0,1,1,19.027107,1.952498,4997,4936,0
36980,0,0,0,1,1,19.022832,1.952056,4997,4936,0
36990,7,4,0,12,1,19.019573,1.951648,4997,4936,0
37000,3,2,0,6,1,19.016116,1.951290,4997,4936,0
37010,9,6,0,16,1,19.014610,1.951144,4997,4936,0
37020,3,6,0,10,1,19.010621,1.950850,4997,4936,0
37030,11,10,0,22,1,19.009491,1.950683,4997,4936,0
37040,14,4,0,19,1,19.010649,1.950766,4997,4936,0
37050,15,6,3,25,1,19.011521,1.950820,4997,4936,0
37060,15,18,1,35,1,19.015346,1.951134,4997,4945,0
37070,14,17,1,33,1,19.019504,1.951553,4997,4954,0
37080,4,9,0,14,1,19.019763,1.951679,4997,4954,0
37090,7,7,0,15,1,19.018790,1.951517,4997,4954,0
37100,8,17,0,26,1,19.019334,1.951548,4998,4954,0
37110,16,20,0,37,1,19.021792,1.951830,5005,4954,0
37120,1,3,0,5,1,19.021111,1.951784,5005,4955,0
37130,0,0,0,1,1,19.016573,1.951364,5005,4955,0
37140,8,10,0,19,1,19.014617,1.951133,5005,4955,0
37150,7,7,1,16,1,19.013139,1.951011,5005,4955,0
37160,1,2,0,4,1,19.011317,1.950848,5005,4955,0
37170,2,0,0,3,1,19.007094,1.950465,5005,4955,0
37180,10,10,0,21,1,19.006779,1.950371,5005,4955,0
37190,6,7,0,14,1,19.007063,1.950413,5005,4955,0
37200,16,15,1,33,1,19.009586,1.950610,5005,4961,0
37210,15,18,0,34,1,19.012904,1.951028,5016,4961,0
37220,20,18,1,40,1,19.017245,1.951460,5018,4969,0
37230,4,5,0,10,1,19.020079,1.951812,5019,4973,0
37240,0,0,0,0,0,19.016962,1.951527,5019,4973,0
37250,3,2,0,6,1,19.013042,1.951138,5019,4973,0
37260,4,5,0,10,1,19.010266,1.950850,5019,4973,0
37270,12,14,0,27,1,19.007956,1.950562,5019,4973,0
37280,17,18,0,36,1,19.010885,1.950854,5028,4991,0
37290,4,4,0,9,1,19.011516,1.950937,5032,4993,0
37300,9,14,1,25,1,19.012085,1.950982,5032,4993,0
37310,10,9,0,20,1,19.012887,1.951104,5032,4993,0
37320,12,11,0,24,1,19.015241,1.951295,5034,4993,0
37330,14,12,0,27,1,19.018455,1.951589,5036,4993,0
37340,11,15,0,27,1,19.020197,1.951679,5036,4993,0
37350,3,5,0,9,1,19.020739,1.951775,5036,4993,0
37360,0,1,0,2,1,19.017011,1.951497,5036,4993,0
37370,1,2,0,4,1,19.012974,1.951117,5036,4993,0
37380,5,7,0,13,1,19.010376,1.950815,5036,4993,0
37390,2,1,0,4,1,19.005975,1.950441,5036,4993,0
37400,2,5,0,8,1,19.003103,1.950127,5036,4993,0
37410,2,2,0,5,1,18.999408,1.949750,5036,4993,0
37420,3,9,0,13,1,18.995955,1.949436,5036,4993,0
37430,3,3,0,7,1,18.994232,1.949331,5036,4993,0
37440,1,6,0,8,1,18.993560,1.949254,5036,4993,0
37450,15,14,0,30,1,18.991798,1.949038,5036,4993,0
37460,18,8,2,29,1,18.995561,1.949405,5046,4993,0
37470,17,14,0,32,1,18.998932,1.949727,5053,4993,0
37480,1,1,0,3,1,19.000093,1.949923,5057,4993,0
37490,1,4,0,6,1,18.995764,1.949540,5057,4993,0
37500,7,5,0,13,1,18.991936,1.949224,5057,4993,0
37510,12,19,0,32,1,18.993125,1.949252,5059,4996,0
37520,10,16,0,27,1,18.996837,1.949667,5064,5006,0
37530,4,1,0,6,1,18.996089,1.949636,5064,5006,0
37540,10,6,1,18,1,18.992028,1.949146,5064,5006,0
37550,0,0,0,0,0,18.989545,1.948947,5064,5006,0
37560,3,1,0,5,1,18.985979,1.948552,5064,5006,0
37570,15,5,0,21,1,18.982735,1.948157,5064,5006,0
37580,16,16,1,34,1,18.985412,1.948376,5068,5006,0
37590,18,15,0,34,1,18.989323,1.948827,5076,5013,0
37600,14,14,2,31,1,18.991995,1.949120,5081,5013,0
37610,16,11,0,28,1,18.995733,1.949511,5082,5018,0
37620,10,9,0,20,1,19.000071,1.950001,5097,5031,0
37630,11,20,2,34,1,19.000838,1.950013,5097,5034,0
37640,15,14,0,30,1,19.003740,1.950313,5097,5035,0
37650,6,11,1,19,1,19.007272,1.950651,5097,5035,0
37660,14,12,0,27,1,19.008702,1.950790,5097,5035,0
37670,18,17,0,36,1,19.012505,1.951161,5100,5036,0
37680,6,12,0,19,1,19.014351,1.951380,5103,5038,0
37690,9,12,0,22,1,19.014872,1.951441,5103,5038,0
37700,6,6,0,13,1,19.016058,1.951522,5103,5038,0
37710,2,2,0,5,1,19.013514,1.951269,5103,5038,0
37720,2,2,0,5,1,19.009507,1.950950,5103,5038,0
37730,1,1,0,3,1,19.006010,1.950525,5103,5038,0
37740,13,7,0,21,1,19.002286,1.950124,5103,5038,0
37750,11,13,0,25,1,19.004367,1.950350,5104,5038,0
37760,19,11,1,32,1,19.005424,1.950445,5104,5038,0
37770,18,13,1,33,1,19.006622,1.950554,5104,5038,0
37780,20,18,0,39,1,19.011045,1.951032,5115,5039,0
37790,17,18,0,36,1,19.014458,1.951459,5115,5039,0
37800,12,6,0,19,1,19.017387,1.951815,5116,5042,0
37810,10,5,0,16,1,19.018852,1.951941,5116,5042,0
37820,3,5,0,9,1,19.017550,1.951799,5116,5042,0
37830,7,7,0,15,1,19.015811,1.951623,5116,5042,0
37840,7,6,0,14,1,19.015474,1.951585,5116,5042,0
37850,16,9,0,26,1,19.014763,1.951456,5116,5042,0
37860,20,18,1,40,1,19.017956,1.951829,5118,5048,0
37870,17,16,0,34,1,19.021523,1.952176,5122,5051,0
37880,15,15,0,31,1,19.025746,1.952664,5128,5053,0
37890,15,16,0,32,1,19.028527,1.952936,5132,5054,0
37900,16,17,1,35,1,19.032781,1.953343,5135,5068,0
37910,20,16,0,37,1,19.037184,1.953829,5140,5074,0
37920,17,19,0,37,1,19.040083,1.954140,5140,5074,0
37930,19,19,2,41,1,19.043515,1.954500,5149,5078,0
37940,12,16,1,30,1,19.047545,1.954968,5153,5084,0
37950,12,4,1,18,1,19.049197,1.955146,5153,5086,0
37960,6,5,0,12,1,19.049401,1.955179,5154,5086,0
37970,0,0,0,1,1,19.045086,1.954765,5154,5086,0
37980,1,0,0,2,1,19.041536,1.954361,5154,5086,0
37990,16,2,0,19,1,19.038933,1.954122,5154,5086,0
38000,20,20,0,41,1,19.042026,1.954379,5158,5086,0
38010,17,15,0,33,1,19.045090,1.954653,5162,5087,0
38020,11,10,0,22,1,19.048351,1.955022,5167,5087,0
38030,16,8,0,25,1,19.048285,1.954954,5167,5087,0
38040,20,16,2,39,1,19.051934,1.955315,5169,5102,0
38050,18,18,0,37,1,19.055528,1.955644,5173,5109,0
38060,10,5,0,16,1,19.058157,1.956059,5179,5118,0
38070,17,10,0,28,1,19.059334,1.956176,5179,5118,0
38080,14,17,1,33,1,19.063938,1.956577,5189,5124,0
38090,12,20,0,33,1,19.068003,1.957065,5197,5130,0
38100,10,11,0,22,1,19.070268,1.957290,5205,5132,0
38110,9,9,0,19,1,19.070752,1.957315,5205,5132,0
38120,9,20,0,30,1,19.073154,1.957575,5210,5138,0
38130,11,17,1,30,1,19.075503,1.957802,5210,5140,0
38140,12,11,1,25,1,19.077502,1.958046,5214,5140,0
38150,15,16,0,32,1,19.079943,1.958273,5214,5143,0
38160,18,15,2,36,1,19.082852,1.958542,5215,5143,0
38170,17,13,1,32,1,19.087130,1.958968,5217,5156,0
38180,19,11,1,32,1,19.091384,1.959422,5227,5156,0
38190,4,8,0,13,1,19.092540,1.959580,5229,5158,0
38200,7,17,0,25,1,19.092763,1.959584,5229,5158,0
38210,1,4,0,6,1,19.092016,1.959568,5229,5160,0
38220,2,0,0,3,1,19.088367,1.959227,5229,5160,0
38230,1,0,0,2,1,19.085000,1.958868,5229,5160,0
38240,5,7,0,13,1,19.081260,1.958476,5229,5160,0
38250,17,15,1,34,1,19.080903,1.958336,5229,5160,0
38260,10,13,0,24,1,19.083595,1.958625,5229,5163,0
38270,11,11,1,24,1,19.084418,1.958770,5229,5163,0
38280,16,17,1,35,1,19.086989,1.959089,5238,5163,0
38290,9,16,0,26,1,19.091694,1.959653,5250,5178,0
38300,10,8,0,19,1,19.092875,1.959823,5251,5178,0
38310,18,15,1,35,1,19.096606,1.960224,5255,5178,0
38320,10,5,0,16,1,19.098045,1.960395,5255,5178,0
38330,8,14,0,23,1,19.096891,1.960279,5255,5178,0
38340,19,14,0,34,1,19.099345,1.960533,5255,5179,0
38350,11,13,0,25,1,19.103131,1.960950,5267,5184,0
38360,16,20,0,37,1,19.104734,1.961022,5267,5187,0
38370,9,7,0,17,1,19.105544,1.961181,5267,5190,0
38380,12,19,0,32,1,19.107055,1.961291,5267,5190,0
38390,19,20,1,41,1,19.110818,1.961680,5272,5198,0
38400,7,15,0,23,1,19.113826,1.962075,5277,5200,0
38410,12,12,0,25,1,19.114083,1.962098,5277,5200,0
38420,6,7,0,14,1,19.112713,1.961981,5277,5200,0
38430,11,4,0,16,1,19.112228,1.961917,5277,5200,0
38440,0,0,0,0,0,19.109785,1.961684,5277,5200,0
38450,1,0,0,2,1,19.105473,1.961296,5277,5200,0
38460,7,4,0,12,1,19.103640,1.961063,5277,5200,0
38470,1,2,0,4,1,19.100535,1.960726,5277,5200,0
38480,1,3,0,5,1,19.097012,1.960387,5277,5200,0
38490,18,9,1,29,1,19.097462,1.960331,5278,5200,0
38500,11,13,1,26,1,19.100819,1.960704,5286,5206,0
38510,5,6,0,12,1,19.100228,1.960666,5286,5206,0
38520,12,17,0,30,1,19.100753,1.960660,5286,5206,0
38530,17,17,0,35,1,19.105275,1.961147,5293,5210,0
38540,8,7,0,16,1,19.106061,1.961261,5293,5210,0
38550,4,3,0,8,1,19.102818,1.960956,5293,5210,0
38560,11,5,0,17,1,19.100799,1.960663,5293,5210,0
38570,3,5,1,10,1,19.098499,1.960392,5293,5210,0
38580,4,5,0,10,1,19.097602,1.960313,5293,5210,0
38590,3,2,0,6,1,19.093200,1.959905,5293,5210,0
38600,1,2,0,4,1,19.090204,1.959615,5293,5210,0
38610,3,4,0,8,1,19.086843,1.959293,5293,5210,0
38620,0,2,0,3,1,19.083394,1.958900,5293,5210,0
38630,1,2,0,4,1,19.079703,1.958502,5293,5210,0
38640,4,5,0,10,1,19.076404,1.958166,5293,5210,0
38650,2,5,0,8,1,19.073759,1.957875,5293,5210,0
38660,4,4,0,9,1,19.070987,1.957577,5293,5210,0
38670,0,2,0,3,1,19.068279,1.957307,5293,5210,0
38680,6,1,0,8,1,19.064311,1.956912,5293,5210,0
38690,2,3,0,6,1,19.060657,1.956576,5293,5210,0
38700,4,3,0,8,1,19.057358,1.956250,5293,5210,0
38710,15,15,0,31,1,19.056377,1.956068,5293,5210,0
38720,18,12,1,32,1,19.060094,1.956452,5303,5212,0
38730,10,12,1,24,1,19.061601,1.956577,5303,5215,0
38740,1,1,0,3,1,19.060089,1.956528,5303,5215,0
38750,11,7,0,19,1,19.057461,1.956198,5303,5215,0
38760,6,5,0,12,1,19.056783,1.956141,5303,5215,0
38770,11,7,0,19,1,19.053744,1.955868,5303,5215,0
38780,1,1,0,3,1,19.051454,1.955697,5303,5215,0
38790,5,9,0,15,1,19.050004,1.955524,5303,5215,0
38800,7,4,0,12,1,19.047238,1.955310,5303,5215,0
38810,0,0,0,1,1,19.043747,1.955021,5303,5215,0
38820,0,0,0,0,0,19.039394,1.954659,5303,5215,0
38830,3,11,0,15,1,19.037228,1.954392,5303,5215,0
38840,5,10,0,16,1,19.037589,1.954395,5303,5215,0
38850,11,8,0,20,1,19.036819,1.954334,5303,5215,0
38860,18,14,0,33,1,19.039763,1.954669,5307,5219,0
38870,19,20,0,40,1,19.043790,1.955084,5310,5225,0
38880,16,9,1,27,1,19.047849,1.955560,5323,5234,0
38890,10,11,0,22,1,19.049359,1.955655,5323,5236,0
38900,8,7,1,17,1,19.052458,1.955965,5328,5237,0
38910,2,0,0,3,1,19.050292,1.955812,5328,5237,0
38920,3,3,1,8,1,19.047522,1.955494,5328,5237,0
38930,7,4,0,12,1,19.046217,1.955284,5328,5237,0
38940,12,7,0,20,1,19.045219,1.955127,5328,5237,0
38950,8,13,0,22,1,19.045222,1.955119,5328,5237,0
38960,15,7,0,23,1,19.044761,1.955012,5328,5237,0
38970,3,8,0,12,1,19.043648,1.954916,5328,5237,0
38980,7,6,0,14,1,19.041840,1.954758,5328,5237,0
38990,13,11,1,26,1,19.041898,1.954704,5328,5237,0
39000,13,13,1,28,1,19.044285,1.954951,5328,5243,0
39010,5,9,0,15,1,19.044679,1.955051,5328,5243,0
39020,0,0,0,1,1,19.041364,1.954784,5328,5243,0
39030,10,9,0,20,1,19.038924,1.954485,5328,5243,0
39040,5,9,0,15,1,19.035833,1.954113,5328,5243,0
39050,7,8,0,16,1,19.035952,1.954102,5328,5243,0
39060,13,5,0,19,1,19.036064,1.954125,5328,5243,0
39070,7,10,0,18,1,19.036111,1.954102,5328,5243,0
39080,2,2,0,5,1,19.034982,1.954039,5328,5243,0
39090,9,8,0,18,1,19.033203,1.953787,5328,5243,0
39100,6,4,0,11,1,19.033677,1.953817,5328,5243,0
39110,4,1,0,6,1,19.029828,1.953465,5328,5243,0
39120,4,4,0,9,1,19.027464,1.953153,5328,5243,0
39130,4,6,1,12,1,19.023638,1.952798,5328,5243,0
39140,20,15,0,36,1,19.025668,1.952896,5332,5243,0
39150,13,13,0,27,1,19.027704,1.953107,5332,5243,0
39160,8,11,0,20,1,19.025536,1.952979,5332,5243,0
39170,1,7,1,10,1,19.025345,1.952972,5332,5243,0
39180,9,12,1,23,1,19.025110,1.952955,5332,5243,0
39190,20,18,0,39,1,19.027645,1.953217,5334,5243,0
39200,2,7,0,10,1,19.029317,1.953473,5339,5243,0
39210,14,17,1,33,1,19.031176,1.953558,5339,5243,0
39220,11,18,2,32,1,19.035416,1.954093,5359,5253,0
39230,5,3,0,9,1,19.037150,1.954329,5359,5253,0
39240,8,7,0,16,1,19.034927,1.954067,5359,5253,0
39250,2,6,0,9,1,19.032842,1.953907,5359,5253,0
39260,9,8,0,18,1,19.030172,1.953624,5359,5253,0
39270,19,19,2,41,1,19.033030,1.953879,5376,5258,0
39280,4,7,0,12,1,19.033669,1.953977,5376,5259,0
39290,13,14,0,28,1,19.033989,1.953915,5376,5259,0
39300,9,14,0,24,1,19.034478,1.953942,5376,5259,0
39310,16,18,0,35,1,19.035426,1.954021,5376,5259,0
39320,10,16,0,27,1,19.038739,1.954409,5376,5268,0
39330,17,12,0,30,1,19.042228,1.954769,5385,5271,0
39340,19,12,1,33,1,19.046558,1.955242,5398,5275,0
39350,18,14,1,34,1,19.050598,1.955669,5412,5277,0
39360,2,1,0,4,1,19.051358,1.955815,5412,5277,0
39370,2,0,0,3,1,19.047482,1.955440,5412,5277,0
39380,3,1,1,6,1,19.043266,1.955045,5412,5277,0
39390,4,0,0,5,1,19.039615,1.954692,5412,5277,0
39400,0,0,0,1,1,19.036452,1.954395,5412,5277,0
39410,14,10,0,25,1,19.034270,1.954127,5412,5277,0
39420,2,1,0,4,1,19.031846,1.953952,5412,5277,0
39430,12,11,0,24,1,19.030768,1.953797,5412,5277,0
39440,17,18,2,38,1,19.034598,1.954086,5415,5287,0
39450,3,3,0,7,1,19.037742,1.954543,5422,5293,0
39460,1,0,0,2,1,19.033838,1.954225,5422,5293,0
39470,1,1,0,3,1,19.030205,1.953844,5422,5293,0
39480,10,13,1,25,1,19.028276,1.953653,5422,5293,0
39490,19,15,1,36,1,19.029792,1.953720,5423,5293,0
39500,20,20,0,41,1,19.032625,1.953977,5423,5306,0
39510,10,7,0,18,1,19.033916,1.954177,5424,5307,0
39520,11,9,1,22,1,19.032558,1.954005,5424,5307,0
39530,16,13,0,30,1,19.034631,1.954204,5424,5315,0
39540,15,16,0,32,1,19.037005,1.954491,5425,5315,0
39550,16,18,0,35,1,19.039234,1.954681,5425,5315,0
39560,6,0,0,7,1,19.040202,1.954889,5425,5321,0
39570,0,2,0,3,1,19.037835,1.954648,5425,5321,0
39580,1,1,0,3,1,19.034949,1.954379,5425,5321,0
39590,5,3,0,9,1,19.031378,1.954065,5425,5321,0
39600,10,5,0,16,1,19.029016,1.953784,5425,5321,0
39610,13,15,0,29,1,19.027865,1.953617,5425,5321,0
39620,7,11,0,19,1,19.026457,1.953525,5425,5321,0
39630,15,18,2,36,1,19.029702,1.953774,5434,5324,0
39640,12,15,1,29,1,19.034387,1.954343,5458,5340,0
39650,9,5,0,15,1,19.034307,1.954378,5458,5340,0
39660,13,16,1,31,1,19.033702,1.954236,5458,5340,0
39670,6,8,0,15,1,19.034427,1.954348,5458,5343,0
39680,9,12,0,22,1,19.035414,1.954426,5458,5343,0
39690,20,17,2,40,1,19.039193,1.954847,5466,5353,0
39700,19,16,0,36,1,19.043061,1.955256,5475,5354,0
39710,19,16,0,36,1,19.047338,1.955677,5479,5364,0
39720,19,15,2,37,1,19.051334,1.956109,5494,5372,0
39730,15,19,0,35,1,19.054511,1.956407,5495,5374,0
39740,15,16,0,32,1,19.059214,1.956917,5501,5384,0
39750,9,9,0,19,1,19.060660,1.957027,5503,5384,0
39760,16,14,2,33,1,19.062038,1.957050,5503,5384,0
39770,1,4,0,6,1,19.062402,1.957150,5503,5386,0
39780,3,4,0,8,1,19.059331,1.956816,5503,5386,0
39790,1,2,0,4,1,19.055421,1.956457,5503,5386,0
39800,6,6,0,13,1,19.053263,1.956197,5503,5386,0
39810,1,3,0,5,1,19.050414,1.955887,5503,5386,0
39820,9,12,1,23,1,19.049900,1.955755,5503,5386,0
39830,19,6,0,26,1,19.052175,1.955961,5503,5386,0
39840,11,11,0,23,1,19.053253,1.956109,5508,5386,0
39850,2,1,0,4,1,19.051803,1.956022,5508,5386,0
39860,0,0,0,0,0,19.048084,1.955642,5508,5386,0
39870,1,2,0,4,1,19.045264,1.955360,5508,5386,0
39880,4,15,0,20,1,19.042037,1.954990,5508,5386,0
39890,0,0,0,1,1,19.039658,1.954803,5508,5386,0
39900,3,2,0,6,1,19.035867,1.954426,5508,5386,0
39910,4,2,0,7,1,19.032602,1.954088,5508,5386,0
39920,9,11,0,21,1,19.030171,1.953770,5508,5386,0
39930,9,8,1,19,1,19.032355,1.954016,5508,5386,0
39940,1,0,0,2,1,19.029415,1.953712,5508,5386,0
39950,2,4,0,7,1,19.027711,1.953509,5508,5386,0
39960,6,8,0,15,1,19.025200,1.953223,5508,5386,0
39970,1,0,0,2,1,19.023533,1.953054,5508,5386,0
39980,0,0,0,0,0,19.019588,1.952686,5508,5386,0
39990,0,0,0,0,0,19.015581,1.952336,5508,5386,0
40000,4,4,0,9,1,19.011363,1.951955,5508,5386,0
40010,5,3,0,9,1,19.008932,1.951658,5508,5386,0
40020,3,3,0,7,1,19.005452,1.951292,5508,5386,0
40030,0,0,0,0,0,19.001866,1.950931,5508,5386,0
40040,0,0,0,1,1,18.998067,1.950573,5508,5386,0
40050,16,6,0,23,1,18.998127,1.950561,5515,5386,0
40060,14,8,1,24,1,18.997340,1.950533,5515,5386,0
40070,3,4,0,8,1,18.996839,1.950568,5515,5386,0
40080,2,3,0,6,1,18.996745,1.950525,5515,5386,0
40090,16,17,1,35,1,18.998525,1.950670,5517,5389,0
40100,10,7,0,18,1,18.999891,1.950842,5517,5389,0
40110,11,9,1,22,1,19.000176,1.950814,5517,5389,0
40120,8,13,1,23,1,19.001395,1.950871,5517,5389,0
40130,9,5,1,16,1,19.003839,1.951094,5517,5390,0
40140,2,3,1,7,1,19.002366,1.951064,5517,5390,0
40150,4,4,0,9,1,18.999499,1.950757,5517,5390,0
40160,10,15,0,26,1,18.999436,1.950767,5517,5390,0
40170,16,12,0,29,1,19.000328,1.950806,5517,5390,0
40180,12,9,0,22,1,19.002253,1.951041,5517,5390,0
40190,16,11,0,28,1,19.003731,1.951145,5517,5390,0
40200,2,3,0,6,1,19.003404,1.951178,5517,5390,0
40210,6,3,0,10,1,18.999889,1.950814,5517,5390,0
40220,7,9,0,17,1,18.996926,1.950487,5517,5390,0
40230,8,4,0,13,1,18.995946,1.950408,5517,5390,0
40240,6,13,0,20,1,18.996092,1.950405,5517,5390,0
40250,14,12,2,29,1,18.998769,1.950697,5523,5390,0
40260,18,20,1,40,1,19.003167,1.951190,5545,5397,0
40270,17,12,0,30,1,19.007052,1.951676,5554,5401,0
40280,19,18,1,39,1,19.011440,1.952113,5566,5404,0
40290,16,18,0,35,1,19.015213,1.952532,5572,5407,0
40300,12,11,1,25,1,19.016690,1.952661,5573,5408,0
40310,16,15,0,32,1,19.018823,1.952842,5579,5408,0
40320,9,17,0,27,1,19.022085,1.953214,5579,5411,0
40330,8,14,0,23,1,19.023602,1.953396,5579,5411,0
40340,0,0,0,1,1,19.023598,1.953463,5579,5411,0
40350,7,1,0,9,1,19.019819,1.953082,5579,5411,0
40360,19,11,0,31,1,19.021869,1.953229,5585,5412,0
40370,15,13,1,30,1,19.025349,1.953594,5593,5412,0
40380,14,18,1,34,1,19.027811,1.953858,5597,5412,0
40390,14,10,0,25,1,19.030162,1.954131,5597,5413,0
40400,20,13,0,34,1,19.033853,1.954512,5599,5415,0
40410,15,19,0,35,1,19.037087,1.954856,5601,5423,0
40420,16,13,0,30,1,19.039152,1.955115,5601,5427,0
40430,13,16,0,30,1,19.042697,1.955501,5601,5431,0
40440,3,4,0,8,1,19.044724,1.955740,5601,5434,0
40450,6,5,0,12,1,19.042627,1.955502,5601,5434,0
40460,0,0,0,1,1,19.040795,1.955341,5601,5434,0
40470,0,1,0,2,1,19.037182,1.955001,5601,5434,0
40480,0,0,0,1,1,19.033529,1.954633,5601,5434,0
40490,3,8,1,13,1,19.030799,1.954330,5601,5434,0
40500,5,5,0,11,1,19.029234,1.954126,5601,5434,0
40510,9,11,0,21,1,19.026580,1.953871,5601,5434,0
40520,9,7,0,17,1,19.026660,1.953811,5601,5434,0
40530,7,15,0,23,1,19.027416,1.953812,5601,5434,0
40540,11,12,1,25,1,19.028090,1.953932,5601,5434,0
40550,19,7,1,28,1,19.029510,1.954025,5603,5434,0
40560,2,2,0,5,1,19.028326,1.953950,5603,5434,0
40570,12,14,0,27,1,19.028476,1.953923,5603,5437,0
40580,14,13,0,28,1,19.030933,1.954138,5605,5437,0
40590,7,7,1,16,1,19.030640,1.954100,5605,5437,0
40600,8,9,0,18,1,19.027264,1.953706,5605,5437,0
40610,17,13,0,31,1,19.030601,1.954035,5605,5442,0
40620,9,8,0,18,1,19.032423,1.954249,5607,5442,0
40630,6,7,0,14,1,19.031279,1.954069,5607,5442,0
40640,8,4,0,13,1,19.029652,1.953939,5607,5442,0
40650,6,3,0,10,1,19.026581,1.953675,5607,5442,0
40660,5,2,0,8,1,19.023579,1.953447,5607,5442,0
40670,0,1,0,2,1,19.020888,1.953168,5607,5442,0
40680,5,12,0,18,1,19.017254,1.952738,5607,5442,0
40690,5,6,0,12,1,19.017015,1.952715,5607,5442,0
40700,3,4,0,8,1,19.014285,1.952338,5607,5442,0
40710,2,0,0,3,1,19.011913,1.952136,5607,5442,0
40720,1,1,0,3,1,19.007795,1.951725,5607,5442,0
40730,6,5,0,12,1,19.005587,1.951569,5607,5442,0
40740,13,11,0,25,1,19.007453,1.951718,5607,5442,0
40750,0,0,0,0,0,19.006363,1.951711,5607,5442,0
40760,8,5,0,14,1,19.003111,1.951325,5607,5442,0
40770,4,10,1,16,1,19.003410,1.951343,5607,5442,0
40780,11,9,0,21,1,19.001608,1.951116,5607,5442,0
40790,17,18,0,36,1,19.002853,1.951221,5610,5442,0
40800,8,9,1,19,1,19.006343,1.951689,5618,5448,0
40810,3,8,0,12,1,19.004105,1.951466,5618,5448,0
40820,6,2,0,9,1,19.002337,1.951272,5618,5448,0
40830,12,7,1,21,1,19.001201,1.951098,5618,5448,0
40840,12,5,0,18,1,19.002383,1.951212,5618,5448,0
40850,6,8,0,15,1,19.001583,1.951087,5618,5448,0
40860,4,6,0,11,1,19.001364,1.951106,5618,5448,0
40870,0,0,0,0,0,18.997695,1.950790,5618,5448,0
40880,6,6,0,13,1,18.995404,1.950517,5618,5448,0
40890,6,6,0,13,1,18.992876,1.950255,5618,5448,0
40900,9,5,0,15,1,18.990979,1.950027,5618,5448,0
40910,16,14,0,31,1,18.992116,1.950082,5618,5448,0
40920,6,5,0,12,1,18.993414,1.950213,5618,5448,0
40930,10,7,0,18,1,18.993024,1.950150,5618,5448,0
40940,10,8,0,19,1,18.993172,1.950182,5618,5448,0
40950,6,3,0,10,1,18.992805,1.950200,5618,5448,0
40960,4,8,0,13,1,18.991917,1.950130,5618,5448,0
40970,9,8,0,18,1,18.991024,1.949943,5618,5448,0
40980,5,7,0,13,1,18.989556,1.949833,5618,5448,0
40990,0,0,0,0,0,18.986643,1.949585,5618,5448,0
41000,1,0,0,2,1,18.982907,1.949257,5618,5448,0
41010,0,0,0,0,0,18.978828,1.948942,5618,5448,0
41020,4,1,0,6,1,18.975294,1.948566,5618,5448,0
41030,1,1,0,3,1,18.971834,1.948257,5618,5448,0
41040,7,11,0,19,1,18.972148,1.948257,5618,5448,0
41050,19,18,0,38,1,18.973850,1.948375,5619,5451,0
41060,14,16,0,31,1,18.977950,1.948837,5630,5460,0
41070,17,15,0,33,1,18.979973,1.949051,5630,5460,0
41080,15,11,0,27,1,18.980349,1.949106,5630,5460,0
41090,20,20,0,41,1,18.983711,1.949366,5630,5461,0
41100,17,19,0,37,1,18.986344,1.949619,5637,5464,0
41110,9,16,0,26,1,18.988479,1.949859,5638,5464,0
41120,15,10,0,26,1,18.990610,1.950129,5639,5467,0
41130,7,10,0,18,1,18.992645,1.950378,5645,5471,0
41140,5,2,0,8,1,18.992619,1.950392,5645,5471,0
41150,20,18,0,39,1,18.992755,1.950364,5649,5471,0
41160,0,4,0,5,1,18.994945,1.950615,5659,5482,0
41170,3,9,1,14,1,18.991870,1.950258,5659,5482,0
41180,10,5,1,17,1,18.991158,1.950220,5659,5482,0
41190,18,15,0,34,1,18.991417,1.950220,5659,5482,0
41200,11,16,1,29,1,18.994698,1.950534,5659,5496,0
41210,20,17,0,38,1,18.998041,1.950850,5663,5496,0
41220,19,19,0,39,1,19.002503,1.951368,5677,5516,0
41230,11,13,0,25,1,19.005905,1.951793,5683,5525,0
41240,10,7,0,18,1,19.006534,1.951873,5683,5525,0
41250,11,6,1,19,1,19.005724,1.951724,5683,5525,0
41260,6,7,0,14,1,19.004479,1.951603,5683,5525,0
41270,4,5,0,10,1,19.003080,1.951442,5683,5525,0
41280,5,5,0,11,1,19.000063,1.951110,5683,5525,0
41290,11,10,1,23,1,18.999254,1.950946,5683,5525,0
41300,4,14,0,19,1,18.999802,1.951048,5683,5525,0
41310,0,0,0,1,1,18.997678,1.950860,5683,5525,0
41320,14,11,3,29,1,18.995425,1.950573,5683,5525,0
41330,19,12,0,32,1,18.998056,1.950787,5683,5529,0
41340,10,3,2,16,1,18.998486,1.950789,5689,5529,0
41350,8,8,1,18,1,18.999271,1.950833,5690,5529,0
41360,10,15,0,26,1,19.000968,1.950980,5690,5529,0
41370,15,13,0,29,1,19.004524,1.951332,5693,5535,0
41380,4,4,0,9,1,19.005324,1.951436,5696,5535,0
41390,0,1,0,2,1,19.002451,1.951152,5696,5535,0
41400,5,6,0,12,1,18.999892,1.950833,5696,5535,0
41410,4,4,1,10,1,18.996913,1.950496,5696,5535,0
41420,2,3,0,6,1,18.994497,1.950235,5696,5535,0
41430,4,0,0,5,1,18.991028,1.949890,5696,5535,0
41440,6,6,0,13,1,18.987870,1.949554,5696,5535,0
41450,18,13,0,32,1,18.988061,1.949546,5706,5535,0
41460,13,12,0,26,1,18.991597,1.949940,5707,5539,0
41470,6,5,0,12,1,18.990899,1.949957,5707,5539,0
41480,0,2,0,3,1,18.987975,1.949625,5707,5539,0
41490,2,3,0,6,1,18.984019,1.949221,5707,5539,0
41500,16,9,0,26,1,18.983641,1.949073,5711,5539,0
41510,10,12,0,23,1,18.986633,1.949445,5718,5542,0
41520,20,17,1,39,1,18.988087,1.949538,5721,5542,0
41530,14,13,2,30,1,18.991350,1.949928,5726,5545,0
41540,19,15,0,35,1,18.995552,1.950337,5731,5558,0
41550,11,6,0,18,1,18.998698,1.950725,5735,5560,0
41560,0,0,0,1,1,18.997921,1.950628,5735,5560,0
41570,0,0,0,0,0,18.994009,1.950257,5735,5560,0
41580,4,7,0,12,1,18.991856,1.949956,5735,5560,0
41590,0,0,0,1,1,18.988087,1.949657,5735,5560,0
41600,3,3,0,7,1,18.984331,1.949216,5735,5560,0
41610,0,0,0,1,1,18.981950,1.949016,5735,5560,0
41620,0,0,0,0,0,18.978543,1.948688,5735,5560,0
41630,7,7,0,15,1,18.977251,1.948475,5735,5560,0
41640,3,6,1,11,1,18.974726,1.948242,5735,5560,0
41650,8,6,0,15,1,18.973382,1.948168,5735,5560,0
41660,7,7,0,15,1,18.973280,1.948160,5735,5560,0
41670,5,3,0,9,1,18.970996,1.947917,5735,5560,0
41680,2,5,0,8,1,18.968251,1.947642,5735,5560,0
41690,3,2,0,6,1,18.965269,1.947319,5735,5560,0
41700,10,13,1,25,1,18.965054,1.947232,5735,5560,0
41710,14,9,0,24,1,18.967486,1.947478,5737,5563,0
41720,15,14,1,31,1,18.969629,1.947710,5737,5563,0
41730,16,20,1,38,1,18.973053,1.948034,5742,5566,0
41740,10,19,1,31,1,18.976953,1.948494,5754,5573,0
41750,8,20,2,31,1,18.978507,1.948670,5754,5573,0
41760,5,10,1,17,1,18.980621,1.948908,5757,5582,0
41770,5,9,0,15,1,18.980730,1.948917,5757,5582,0
41780,1,6,0,8,1,18.977318,1.948640,5757,5582,0
41790,3,1,0,5,1,18.975490,1.948502,5757,5582,0
41800,13,10,0,24,1,18.973566,1.948306,5757,5582,0
41810,9,19,0,29,1,18.976842,1.948687,5758,5593,0
41820,12,14,0,27,1,18.977759,1.948736,5758,5593,0
41830,0,0,0,1,1,18.976655,1.948696,5758,5593,0
41840,6,5,0,12,1,18.974228,1.948339,5758,5593,0
41850,8,7,0,16,1,18.971296,1.948039,5758,5593,0
41860,17,13,1,32,1,18.971695,1.948001,5760,5593,0
41870,15,12,0,28,1,18.975577,1.948387,5762,5606,0
41880,18,16,0,35,1,18.978312,1.948655,5763,5606,0
41890,10,15,0,26,1,18.981952,1.949107,5770,5612,0
41900,14,11,1,27,1,18.983434,1.949242,5770,5615,0
41910,12,10,0,23,1,18.985054,1.949430,5771,5615,0
41920,20,12,0,33,1,18.987990,1.949704,5778,5618,0
41930,15,18,0,34,1,18.990887,1.949980,5778,5619,0
41940,13,14,0,28,1,18.993565,1.950280,5778,5621,0
41950,8,13,1,23,1,18.994425,1.950347,5778,5621,0
41960,11,6,0,18,1,18.994878,1.950410,5778,5621,0
41970,1,3,0,5,1,18.994597,1.950445,5778,5621,0
41980,0,0,0,0,0,18.991858,1.950208,5778,5621,0
41990,7,11,0,19,1,18.988595,1.949818,5778,5621,0
42000,8,11,0,20,1,18.988234,1.949697,5778,5621,0
42010,16,16,0,33,1,18.990811,1.949973,5778,5625,0
42020,15,13,0,29,1,18.992900,1.950213,5781,5626,0
42030,16,14,1,32,1,18.995275,1.950454,5781,5630,0
42040,10,10,0,21,1,18.997913,1.950774,5785,5630,0
42050,13,16,0,30,1,18.999625,1.950918,5785,5631,0
42060,16,7,1,25,1,19.001615,1.951172,5791,5631,0
42070,2,2,0,5,1,19.001332,1.951183,5792,5631,0
42080,10,10,0,21,1,18.998584,1.950898,5792,5631,0
42090,12,9,0,22,1,19.000178,1.951006,5792,5631,0
42100,7,5,0,13,1,18.998257,1.950820,5792,5631,0
42110,6,2,0,9,1,18.996309,1.950618,5792,5631,0
42120,8,3,0,12,1,18.993669,1.950348,5792,5631,0
42130,15,11,0,27,1,18.992825,1.950230,5792,5631,0
42140,8,10,0,19,1,18.992686,1.950222,5793,5631,0
42150,7,4,0,12,1,18.990912,1.950042,5793,5631,0
42160,5,8,1,15,1,18.988796,1.949841,5793,5631,0
42170,1,0,0,2,1,18.986748,1.949689,5793,5631,0
42180,5,8,0,14,1,18.984828,1.949456,5793,5631,0
42190,7,7,0,15,1,18.982832,1.949234,5793,5631,0
42200,18,15,0,34,1,18.984686,1.949331,5793,5635,0
42210,10,15,1,27,1,18.986557,1.949554,5798,5635,0
42220,16,9,1,27,1,18.987330,1.949659,5798,5635,0
42230,10,9,0,20,1,18.988246,1.949840,5798,5635,0
42240,17,12,1,31,1,18.990766,1.950086,5802,5636,0
42250,16,9,1,27,1,18.993532,1.950367,5802,5636,0
42260,17,20,0,38,1,18.996905,1.950630,5802,5638,0
42270,15,14,2,32,1,18.999007,1.950796,5802,5640,0
42280,14,10,0,25,1,19.001684,1.951063,5806,5640,0
42290,0,1,0,2,1,19.000892,1.951074,5806,5640,0
42300,13,8,0,22,1,18.998351,1.950701,5806,5640,0
42310,8,13,0,22,1,18.998447,1.950637,5806,5640,0
42320,4,4,0,9,1,18.997765,1.950578,5806,5640,0
42330,5,6,0,12,1,18.996057,1.950409,5806,5640,0
42340,4,11,0,16,1,18.994897,1.950269,5806,5640,0
42350,17,16,0,34,1,18.997266,1.950447,5806,5640,0
42360,13,14,0,28,1,19.000380,1.950788,5816,5647,0
42370,15,16,0,32,1,19.003809,1.951151,5816,5648,0
42380,19,17,2,39,1,19.006804,1.951428,5817,5649,0
42390,20,18,1,40,1,19.010367,1.951805,5829,5652,0
42400,19,11,2,33,1,19.013106,1.952178,5835,5655,0
42410,12,7,0,20,1,19.016738,1.952647,5838,5663,0
42420,15,13,0,29,1,19.018483,1.952852,5838,5666,0
42430,16,19,0,36,1,19.022298,1.953203,5844,5678,0
42440,17,15,0,33,1,19.024906,1.953482,5848,5680,0
42450,17,14,0,32,1,19.026936,1.953692,5848,5682,0
42460,20,20,0,41,1,19.029799,1.953936,5852,5685,0
42470,17,20,0,38,1,19.033570,1.954349,5859,5686,0
42480,4,5,1,11,1,19.033784,1.954467,5859,5686,0
42490,5,9,0,15,1,19.030656,1.954152,5859,5686,0
42500,8,12,0,21,1,19.030777,1.954162,5859,5686,0
42510,10,14,3,28,1,19.033372,1.954411,5863,5689,0
42520,15,17,1,34,1,19.036830,1.954735,5871,5696,0
42530,12,6,0,19,1,19.039209,1.955010,5871,5703,0
42540,2,2,0,5,1,19.037739,1.954908,5871,5703,0
42550,13,14,0,28,1,19.036627,1.954687,5871,5703,0
42560,6,16,0,23,1,19.038346,1.954846,5871,5703,0
42570,9,18,0,28,1,19.040188,1.955047,5871,5706,0
42580,17,15,2,35,1,19.043933,1.955414,5875,5711,0
42590,19,18,2,40,1,19.047655,1.955831,5878,5712,0
42600,15,19,0,35,1,19.051352,1.956222,5885,5719,0
42610,10,11,0,22,1,19.053746,1.956498,5887,5722,0
42620,13,12,0,26,1,19.054706,1.956584,5887,5722,0
42630,9,5,0,15,1,19.053163,1.956442,5887,5722,0
42640,4,7,0,12,1,19.052282,1.956311,5887,5722,0
42650,6,8,1,16,1,19.050388,1.956057,5887,5722,0
42660,15,9,0,25,1,19.049752,1.955960,5887,5722,0
42670,14,20,0,35,1,19.052559,1.956255,5891,5724,0
42680,15,9,1,26,1,19.055499,1.956559,5891,5730,0
42690,13,8,0,22,1,19.058802,1.956933,5896,5732,0
42700,7,8,0,16,1,19.057903,1.956833,5896,5732,0
42710,16,20,1,38,1,19.059891,1.956945,5905,5733,0
42720,19,16,0,36,1,19.063369,1.957398,5908,5740,0
42730,15,14,0,30,1,19.067164,1.957865,5919,5742,0
42740,18,17,0,36,1,19.070287,1.958206,5925,5744,0
42750,14,12,1,28,1,19.074262,1.958663,5932,5748,0
42760,9,13,0,23,1,19.075775,1.958830,5932,5748,0
42770,17,14,1,33,1,19.078486,1.959114,5932,5750,0
42780,6,7,0,14,1,19.078836,1.959157,5932,5750,0
42790,16,15,0,32,1,19.079185,1.959100,5932,5752,0
42800,6,3,0,10,1,19.080042,1.959228,5932,5752,0
42810,2,1,0,4,1,19.077868,1.959054,5932,5752,0
42820,1,3,0,5,1,19.075601,1.958771,5932,5752,0
42830,9,13,0,23,1,19.073756,1.958550,5932,5752,0
42840,17,9,0,27,1,19.074975,1.958682,5933,5752,0
42850,12,20,1,34,1,19.079170,1.959194,5937,5764,0
42860,14,6,0,21,1,19.082069,1.959569,5937,5766,0
42870,16,12,0,29,1,19.085062,1.959784,5943,5769,0
42880,19,17,1,38,1,19.088808,1.960204,5951,5779,0
42890,18,17,0,36,1,19.092898,1.960691,5967,5788,0
42900,12,14,0,27,1,19.096252,1.961103,5973,5797,0
42910,12,13,1,27,1,19.098403,1.961274,5973,5803,0
42920,16,12,1,30,1,19.100798,1.961531,5973,5803,0
42930,15,16,1,33,1,19.103827,1.961839,5978,5817,0
42940,15,15,0,31,1,19.106456,1.962106,5983,5817,0
42950,11,11,0,23,1,19.109279,1.962417,5984,5821,0
42960,3,4,0,8,1,19.108689,1.962344,5984,5821,0
42970,0,1,0,2,1,19.105091,1.962028,5984,5821,0
42980,2,0,0,3,1,19.101346,1.961678,5984,5821,0
42990,2,3,0,6,1,19.098691,1.961421,5984,5821,0
43000,0,0,0,0,0,19.095091,1.961100,5984,5821,0
43010,0,7,0,8,1,19.091886,1.960702,5984,5821,0
43020,15,9,1,26,1,19.090616,1.960484,5984,5821,0
43030,15,5,0,21,1,19.092631,1.960632,5985,5821,0
43040,12,11,0,24,1,19.092270,1.960522,5985,5821,0
43050,9,16,0,26,1,19.093942,1.960700,5985,5824,0
43060,17,12,0,30,1,19.095783,1.960854,5985,5824,0
43070,7,8,1,17,1,19.098316,1.961088,5989,5826,0
43080,15,8,0,24,1,19.098187,1.961076,5989,5826,0
43090,19,12,0,32,1,19.099174,1.961161,5989,5826,0
43100,14,16,0,31,1,19.100761,1.961302,5989,5828,0
43110,9,5,1,16,1,19.102656,1.961494,5989,5830,0
43120,2,3,0,6,1,19.100006,1.961293,5989,5830,0
43130,6,4,0,11,1,19.097744,1.961026,5989,5830,0
43140,10,9,0,20,1,19.095255,1.960744,5989,5830,0
43150,2,2,0,5,1,19.093282,1.960632,5989,5830,0
43160,0,2,0,3,1,19.090355,1.960324,5989,5830,0
43170,1,9,0,11,1,19.088620,1.960110,5989,5830,0
43180,0,0,0,1,1,19.086613,1.959906,5989,5830,0
43190,14,2,1,18,1,19.085003,1.959784,5989,5830,0
43200,11,9,0,21,1,19.086442,1.959882,5989,5833,0
43210,18,18,0,37,1,19.089197,1.960144,5989,5835,0
43220,14,13,0,28,1,19.091990,1.960493,5991,5835,0
43230,7,2,1,11,1,19.091658,1.960465,5991,5835,0
43240,5,3,0,9,1,19.089094,1.960209,5991,5835,0
43250,1,3,0,5,1,19.087308,1.960027,5991,5835,0
43260,12,8,1,22,1,19.084949,1.959707,5991,5835,0
43270,20,12,0,33,1,19.087773,1.960050,5995,5835,0
43280,9,16,0,26,1,19.090742,1.960394,6003,5841,0
43290,12,12,0,25,1,19.093445,1.960683,6004,5843,0
43300,3,3,0,7,1,19.091323,1.960518,6004,5843,0
43310,8,10,1,20,1,19.090193,1.960390,6004,5843,0
43320,18,11,1,31,1,19.093335,1.960733,6017,5853,0
43330,9,9,0,19,1,19.095531,1.961016,6017,5854,0
43340,14,6,0,21,1,19.097501,1.961248,6017,5861,0
43350,5,4,0,10,1,19.097701,1.961265,6017,5861,0
43360,7,7,0,15,1,19.096017,1.961057,6017,5861,0
43370,10,8,0,19,1,19.094586,1.960884,6017,5861,0
43380,11,10,0,22,1,19.094629,1.960853,6017,5861,0
43390,6,6,0,13,1,19.092856,1.960672,6017,5861,0
43400,5,7,0,13,1,19.091186,1.960512,6017,5861,0
43410,8,12,0,21,1,19.089373,1.960365,6017,5861,0
43420,2,6,0,9,1,19.087924,1.960190,6017,5861,0
43430,2,6,1,10,1,19.085050,1.959855,6017,5861,0
43440,0,0,0,0,0,19.081739,1.959572,6017,5861,0
43450,8,3,0,12,1,19.080103,1.959401,6017,5861,0
43460,8,7,0,16,1,19.078682,1.959183,6017,5861,0
43470,7,6,1,15,1,19.077310,1.959044,6017,5861,0
43480,13,14,1,29,1,19.079573,1.959209,6019,5861,0
43490,18,15,0,34,1,19.082796,1.959537,6019,5870,0
43500,15,20,0,36,1,19.086483,1.959931,6033,5877,0
43510,18,20,1,40,1,19.088782,1.960081,6036,5883,0
43520,10,9,0,20,1,19.091252,1.960364,6043,5885,0
43530,12,14,0,27,1,19.092277,1.960457,6043,5885,0
43540,10,14,1,26,1,19.094542,1.960724,6043,5892,0
43550,8,6,0,15,1,19.093913,1.960666,6043,5892,0
43560,10,12,0,23,1,19.091939,1.960419,6043,5892,0
43570,7,14,1,23,1,19.094641,1.960744,6044,5895,0
43580,11,9,0,21,1,19.095943,1.960870,6045,5895,0
43590,7,9,0,17,1,19.094766,1.960742,6045,5895,0
43600,9,9,0,19,1,19.095632,1.960800,6047,5895,0
43610,1,3,0,5,1,19.094317,1.960755,6047,5895,0
43620,5,10,0,16,1,19.091679,1.960453,6047,5895,0
43630,2,0,0,3,1,19.089751,1.960262,6047,5895,0
43640,2,0,0,3,1,19.086135,1.959911,6047,5895,0
43650,1,1,0,3,1,19.082635,1.959562,6047,5895,0
43660,0,0,0,1,1,19.078983,1.959189,6047,5895,0
43670,0,0,0,0,0,19.075605,1.958895,6047,5895,0
43680,5,3,0,9,1,19.073110,1.958659,6047,5895,0
43690,1,4,0,6,1,19.071286,1.958496,6047,5895,0
43700,8,4,0,13,1,19.067986,1.958140,6047,5895,0
43710,10,4,0,15,1,19.066322,1.957893,6047,5895,0
43720,0,1,0,2,1,19.064192,1.957722,6047,5895,0
43730,5,3,0,9,1,19.061313,1.957396,6047,5895,0
43740,4,2,0,7,1,19.058577,1.957108,6047,5895,0
43750,10,8,0,19,1,19.057175,1.956915,6047,5895,0
43760,17,9,0,27,1,19.058642,1.957058,6048,5895,0
43770,9,4,1,15,1,19.059762,1.957179,6048,5895,0
43780,10,12,0,23,1,19.059044,1.957062,6048,5895,0
43790,3,6,0,10,1,19.059969,1.957163,6048,5895,0
43800,0,0,0,0,0,19.056693,1.956796,6048,5895,0
43810,2,4,0,7,1,19.053123,1.956473,6048,5895,0
43820,13,15,1,30,1,19.052920,1.956454,6048,5895,0
43830,10,14,2,27,1,19.055617,1.956764,6056,5895,0
43840,20,17,0,38,1,19.058851,1.957075,6072,5895,0
43850,17,20,0,38,1,19.062732,1.957508,6086,5903,0
43860,7,2,0,10,1,19.064572,1.957795,6086,5906,0
43870,8,10,0,19,1,19.064031,1.957681,6086,5906,0
43880,8,7,0,16,1,19.065047,1.957737,6086,5907,0
43890,4,6,0,11,1,19.063220,1.957542,6086,5907,0
43900,11,9,0,21,1,19.063495,1.957522,6086,5907,0
43910,9,8,0,18,1,19.064063,1.957600,6086,5907,0
43920,10,11,0,22,1,19.063402,1.957461,6086,5907,0
43930,0,0,0,0,0,19.062472,1.957404,6086,5907,0
43940,1,6,0,8,1,19.059277,1.957045,6086,5907,0
43950,1,3,0,5,1,19.056653,1.956723,6086,5907,0
43960,0,0,0,1,1,19.053028,1.956425,6086,5907,0
43970,4,4,0,9,1,19.050760,1.956199,6086,5907,0
43980,0,0,0,0,0,19.048130,1.955994,6086,5907,0
43990,4,12,1,18,1,19.046632,1.955760,6086,5907,0
44000,8,12,1,22,1,19.046786,1.955746,6086,5907,0
44010,12,5,0,18,1,19.046669,1.955758,6086,5907,0
44020,5,3,0,9,1,19.046762,1.955761,6086,5907,0
44030,3,2,0,6,1,19.043929,1.955476,6086,5907,0
44040,1,0,0,2,1,19.040135,1.955157,6086,5907,0
44050,0,2,0,3,1,19.036723,1.954776,6086,5907,0
44060,18,19,1,39,1,19.038030,1.954780,6094,5910,0
44070,12,10,0,23,1,19.040460,1.955045,6094,5919,0
44080,2,4,0,7,1,19.038139,1.954786,6094,5919,0
44090,8,7,1,17,1,19.035359,1.954443,6094,5919,0
44100,14,8,0,23,1,19.035312,1.954440,6094,5919,0
44110,16,8,0,25,1,19.037038,1.954573,6094,5919,0
44120,20,11,0,32,1,19.039230,1.954782,6095,5919,0
44130,13,15,0,29,1,19.040380,1.954934,6095,5920,0
44140,11,9,0,21,1,19.041827,1.955107,6095,5920,0
44150,6,9,0,16,1,19.041049,1.955015,6095,5920,0
44160,14,13,0,28,1,19.043093,1.955168,6097,5922,0
44170,13,15,0,29,1,19.046327,1.955579,6099,5936,0
44180,15,17,2,35,1,19.048680,1.955872,6099,5937,0
44190,17,17,0,35,1,19.052644,1.956295,6109,5945,0
44200,18,10,0,29,1,19.055047,1.956561,6109,5949,0
44210,8,5,0,14,1,19.055786,1.956603,6110,5949,0
44220,9,8,0,18,1,19.056192,1.956591,6110,5949,0
44230,12,13,1,27,1,19.054415,1.956356,6110,5949,0
44240,5,13,1,20,1,19.055364,1.956474,6110,5949,0
44250,12,18,0,31,1,19.057362,1.956676,6110,5954,0
44260,13,16,0,30,1,19.060215,1.957021,6110,5959,0
44270,12,19,0,32,1,19.062264,1.957260,6110,5967,0
44280,15,19,0,35,1,19.064714,1.957509,6110,5972,0
44290,7,6,0,14,1,19.065467,1.957633,6110,5973,0
44300,2,0,0,3,1,19.062683,1.957345,6110,5973,0
44310,10,11,0,22,1,19.060422,1.957037,6110,5973,0
44320,14,20,1,36,1,19.062575,1.957192,6119,5974,0
44330,9,11,1,22,1,19.063690,1.957349,6119,5975,0
44340,13,10,0,24,1,19.066172,1.957633,6119,5976,0
44350,10,6,0,17,1,19.068534,1.957914,6119,5984,0
44360,8,10,0,19,1,19.068165,1.957855,6119,5984,0
44370,5,8,0,14,1,19.067861,1.957825,6119,5984,0
44380,4,1,0,6,1,19.066401,1.957668,6119,5984,0
44390,2,8,0,11,1,19.065730,1.957579,6119,5984,0
44400,7,11,0,19,1,19.065961,1.957609,6119,5984,0
44410,0,0,0,0,0,19.064648,1.957516,6119,5984,0
44420,0,0,0,1,1,19.061124,1.957152,6119,5984,0
44430,15,11,0,27,1,19.059126,1.956917,6119,5984,0
44440,16,18,0,35,1,19.062482,1.957277,6126,5985,0
44450,16,12,0,29,1,19.064535,1.957466,6126,5985,0
44460,14,9,0,24,1,19.066845,1.957764,6131,5985,0
44470,19,18,0,38,1,19.068894,1.957954,6133,5990,0
44480,20,12,1,34,1,19.071650,1.958297,6147,5998,0
44490,20,17,0,38,1,19.074639,1.958561,6148,6001,0
44500,19,19,1,40,1,19.078115,1.958852,6154,6009,0
44510,9,12,0,22,1,19.078984,1.958947,6159,6010,0
44520,8,13,1,23,1,19.079390,1.959022,6159,6010,0
44530,15,16,0,32,1,19.081676,1.959214,6160,6010,0
44540,12,8,0,21,1,19.081068,1.959126,6160,6010,0
44550,16,15,0,32,1,19.083404,1.959377,6160,6020,0
44560,16,19,0,36,1,19.086858,1.959783,6164,6026,0
44570,20,20,1,42,1,19.090389,1.960079,6169,6038,0
44580,18,16,0,35,1,19.094328,1.960526,6183,6039,0
44590,13,11,1,26,1,19.097055,1.960808,6191,6044,0
44600,4,7,0,12,1,19.097683,1.960901,6191,6044,0
44610,1,2,0,4,1,19.095279,1.960692,6191,6044,0
44620,6,5,1,13,1,19.092854,1.960450,6191,6044,0
44630,9,13,0,23,1,19.093720,1.960473,6191,6045,0
44640,13,9,0,23,1,19.094303,1.960534,6191,6045,0
44650,0,2,0,3,1,19.092595,1.960383,6191,6045,0
44660,5,8,0,14,1,19.089814,1.960117,6191,6045,0
44670,2,4,0,7,1,19.087068,1.959846,6191,6045,0
44680,3,1,0,5,1,19.083755,1.959490,6191,6045,0
44690,9,6,0,16,1,19.083394,1.959400,6191,6045,0
44700,7,5,0,13,1,19.083998,1.959500,6191,6045,0
44710,12,8,1,22,1,19.081859,1.959255,6191,6045,0
44720,0,4,0,5,1,19.079713,1.959068,6191,6045,0
44730,7,4,0,12,1,19.076602,1.958710,6191,6045,0
44740,1,4,0,6,1,19.073590,1.958367,6191,6045,0
44750,0,0,0,0,0,19.069885,1.957997,6191,6045,0
44760,9,4,0,14,1,19.067586,1.957695,6191,6045,0
44770,14,14,0,29,1,19.067596,1.957613,6191,6045,0
44780,9,9,2,21,1,19.069879,1.957854,6191,6052,0
44790,9,11,0,21,1,19.070036,1.957872,6191,6052,0
44800,2,4,0,7,1,19.069798,1.957867,6191,6052,0
44810,9,9,1,20,1,19.066833,1.957466,6191,6052,0
44820,16,20,0,37,1,19.070460,1.957786,6196,6063,0
44830,9,14,0,24,1,19.072153,1.957957,6196,6063,0
44840,8,12,1,22,1,19.073210,1.958076,6199,6063,0
44850,7,8,0,16,1,19.072538,1.958014,6199,6063,0
44860,14,15,1,31,1,19.073787,1.958086,6199,6063,0
44870,5,3,0,9,1,19.073320,1.958080,6199,6063,0
44880,2,5,0,8,1,19.070465,1.957771,6199,6063,0
44890,8,11,0,20,1,19.068934,1.957562,6199,6063,0
44900,5,6,0,12,1,19.067593,1.957430,6199,6063,0
44910,5,3,0,9,1,19.064391,1.957153,6199,6063,0
44920,7,4,0,12,1,19.061007,1.956852,6199,6063,0
44930,0,1,0,2,1,19.058658,1.956594,6199,6063,0
44940,1,2,0,4,1,19.055300,1.956260,6199,6063,0
44950,6,5,0,12,1,19.052170,1.955968,6199,6063,0
44960,11,6,1,19,1,19.052261,1.955965,6199,6063,0
44970,3,8,0,12,1,19.051901,1.955971,6199,6063,0
44980,0,2,0,3,1,19.049124,1.955696,6199,6063,0
44990,16,5,0,22,1,19.047192,1.955424,6199,6063,0
45000,9,12,0,22,1,19.048353,1.955536,6199,6063,0
45010,4,2,0,7,1,19.048059,1.955556,6199,6063,0
45020,0,0,0,0,0,19.044739,1.955249,6199,6063,0
45030,5,5,0,11,1,19.041957,1.954925,6199,6063,0
45040,13,19,1,34,1,19.043741,1.955038,6200,6063,0
45050,13,10,0,24,1,19.045793,1.955224,6200,6063,0
45060,16,14,0,31,1,19.047224,1.955391,6200,6063,0
45070,19,15,1,36,1,19.050552,1.955699,6208,6065,0
45080,11,11,1,24,1,19.051847,1.955882,6210,6065,0
45090,20,17,0,38,1,19.054040,1.956065,6213,6065,0
45100,15,16,0,32,1,19.057915,1.956478,6217,6081,0
45110,12,18,0,31,1,19.060577,1.956829,6220,6088,0
45120,17,10,0,28,1,19.063608,1.957137,6224,6088,0
45130,13,15,0,29,1,19.066007,1.957381,6224,6088,0
45140,12,18,1,32,1,19.068462,1.957648,6225,6089,0
45150,12,11,1,25,1,19.069728,1.957775,6225,6089,0
45160,6,8,0,15,1,19.069044,1.957653,6225,6089,0
45170,6,10,0,17,1,19.070350,1.957798,6225,6091,0
45180,9,14,0,24,1,19.070890,1.957878,6225,6091,0
45190,5,12,0,18,1,19.069924,1.957718,6225,6091,0
45200,8,5,0,14,1,19.070545,1.957739,6225,6091,0
45210,9,10,0,20,1,19.070551,1.957746,6225,6091,0
45220,1,3,0,5,1,19.068671,1.957502,6225,6091,0
45230,17,15,0,33,1,19.067215,1.957310,6225,6091,0
45240,13,11,1,26,1,19.067771,1.957293,6229,6091,0
45250,15,13,1,30,1,19.069462,1.957375,6229,6095,0
45260,12,16,2,31,1,19.072062,1.957684,6229,6101,0
45270,7,17,0,25,1,19.074113,1.957892,6229,6103,0
45280,9,12,0,22,1,19.075833,1.958088,6229,6105,0
45290,11,13,0,25,1,19.076989,1.958226,6229,6105,0
45300,14,13,0,28,1,19.079198,1.958406,6229,6105,0
45310,12,11,0,24,1,19.081537,1.958679,6229,6112,0
45320,4,6,0,11,1,19.081816,1.958785,6229,6112,0
45330,2,8,0,11,1,19.081078,1.958676,6229,6112,0
45340,0,0,0,1,1,19.077829,1.958348,6229,6112,0
45350,9,7,0,17,1,19.076780,1.958225,6229,6112,0
45360,3,4,0,8,1,19.075134,1.958036,6229,6112,0
45370,3,2,0,6,1,19.072507,1.957737,6229,6112,0
45380,0,1,0,2,1,19.068947,1.957395,6229,6112,0
45390,5,1,0,7,1,19.065496,1.957047,6229,6112,0
45400,4,12,0,17,1,19.064497,1.956929,6229,6112,0
45410,14,10,1,26,1,19.065063,1.956958,6229,6112,0
45420,10,20,1,32,1,19.068166,1.957283,6233,6120,0
45430,14,19,0,34,1,19.069844,1.957483,6233,6122,0
45440,14,15,0,30,1,19.072024,1.957744,6238,6123,0
45450,12,10,1,24,1,19.074533,1.958013,6239,6123,0
45460,8,6,0,15,1,19.074021,1.957966,6239,6123,0
45470,16,18,1,36,1,19.075222,1.958034,6239,6123,0
45480,14,14,0,29,1,19.078630,1.958386,6242,6123,0
45490,16,15,0,32,1,19.080329,1.958527,6242,6123,0
45500,20,19,0,40,1,19.083953,1.958918,6246,6127,0
45510,16,19,0,36,1,19.087502,1.959306,6247,6146,0
45520,14,9,0,24,1,19.089113,1.959482,6247,6149,0
45530,0,0,0,0,0,19.087390,1.959352,6247,6149,0
45540,10,5,0,16,1,19.085610,1.959140,6247,6149,0
45550,3,1,0,5,1,19.083498,1.958969,6247,6149,0
45560,3,2,0,6,1,19.080011,1.958613,6247,6149,0
45570,4,8,0,13,1,19.077976,1.958384,6247,6149,0
45580,2,8,0,11,1,19.074686,1.958105,6247,6149,0
45590,0,1,0,2,1,19.072935,1.957918,6247,6149,0
45600,0,0,0,1,1,19.069535,1.957593,6247,6149,0
45610,7,3,0,11,1,19.066747,1.957274,6247,6149,0
45620,14,11,0,26,1,19.067272,1.957312,6247,6149,0
45630,8,6,0,15,1,19.067390,1.957335,6247,6149,0
45640,8,8,0,17,1,19.066434,1.957212,6247,6149,0
45650,8,6,0,15,1,19.064463,1.957011,6247,6149,0
45660,5,11,0,17,1,19.062532,1.956771,6247,6149,0
45670,8,6,0,15,1,19.062604,1.956763,6247,6149,0
45680,10,13,0,24,1,19.062595,1.956746,6247,6149,0
45690,2,0,0,3,1,19.061690,1.956624,6247,6149,0
45700,3,2,0,6,1,19.058750,1.956307,6247,6149,0
45710,8,6,0,15,1,19.057398,1.956135,6247,6149,0
45720,2,2,0,5,1,19.054816,1.955933,6247,6149,0
45730,0,3,0,4,1,19.051858,1.955609,6247,6149,0
45740,1,3,0,5,1,19.048529,1.955331,6247,6149,0
45750,5,7,0,13,1,19.044974,1.954985,6247,6149,0
45760,3,14,0,18,1,19.044486,1.954884,6247,6149,0
45770,0,0,0,0,0,19.042927,1.954730,6247,6149,0
45780,0,0,0,0,0,19.039599,1.954426,6247,6149,0
45790,13,10,0,24,1,19.038539,1.954249,6247,6149,0
45800,12,18,0,31,1,19.041697,1.954592,6250,6157,0
45810,8,10,0,19,1,19.042464,1.954682,6250,6160,0
45820,12,15,0,28,1,19.042538,1.954656,6250,6160,0
45830,4,5,0,10,1,19.043759,1.954809,6250,6160,0
45840,19,15,0,35,1,19.044588,1.954813,6251,6160,0
45850,7,3,0,11,1,19.045717,1.954962,6255,6161,0
45860,8,11,0,20,1,19.045426,1.954951,6255,6161,0
45870,16,12,0,29,1,19.044897,1.954807,6255,6161,0
45880,3,3,0,7,1,19.044160,1.954772,6255,6161,0
45890,2,3,0,6,1,19.041124,1.954471,6255,6161,0
45900,18,9,0,28,1,19.041408,1.954419,6255,6161,0
45910,14,12,1,28,1,19.043003,1.954572,6256,6161,0
45920,10,15,0,26,1,19.045989,1.954946,6256,6167,0
45930,14,18,1,34,1,19.048430,1.955189,6256,6167,0
45940,6,7,1,15,1,19.048914,1.955306,6256,6167,0
45950,19,12,1,33,1,19.050634,1.955441,6256,6169,0
45960,1,0,0,2,1,19.050801,1.955552,6256,6169,0
45970,6,5,0,12,1,19.047362,1.955192,6256,6169,0
45980,11,7,0,19,1,19.045257,1.954956,6256,6169,0
45990,16,17,0,34,1,19.046972,1.955151,6257,6171,0
46000,16,13,1,31,1,19.050432,1.955534,6267,6184,0
46010,15,12,0,28,1,19.052123,1.955736,6267,6184,0
46020,17,17,1,36,1,19.054023,1.955907,6271,6184,0
46030,10,7,0,18,1,19.056376,1.956211,6280,6184,0
46040,0,0,0,1,1,19.055721,1.956198,6280,6184,0
46050,7,4,0,12,1,19.053968,1.955989,6280,6184,0
46060,5,6,0,12,1,19.051716,1.955721,6280,6184,0
46070,8,5,0,14,1,19.050531,1.955544,6280,6184,0
46080,15,13,0,29,1,19.051508,1.955594,6280,6184,0
46090,9,19,1,30,1,19.053791,1.955791,6281,6184,0
46100,18,18,3,40,1,19.057474,1.956193,6284,6194,0
46110,17,20,0,38,1,19.061302,1.956613,6293,6209,0
46120,9,14,1,25,1,19.063882,1.956880,6293,6217,0
46130,20,18,0,39,1,19.065996,1.957012,6295,6218,0
46140,16,12,0,29,1,19.069525,1.957367,6311,6223,0
46150,3,6,0,10,1,19.070744,1.957516,6311,6223,0
46160,2,1,0,4,1,19.067629,1.957207,6311,6223,0
46170,0,0,0,1,1,19.064599,1.956893,6311,6223,0
46180,4,6,0,11,1,19.061837,1.956594,6311,6223,0
46190,5,3,0,9,1,19.060478,1.956465,6311,6223,0
46200,1,2,1,5,1,19.059016,1.956321,6311,6223,0
46210,14,13,0,28,1,19.058915,1.956265,6311,6223,0
46220,19,14,0,34,1,19.060081,1.956360,6311,6228,0
46230,7,4,0,12,1,19.061819,1.956558,6312,6231,0
46240,17,18,0,36,1,19.062451,1.956594,6317,6231,0
46250,20,13,0,34,1,19.064855,1.956808,6318,6231,0
46260,4,13,0,18,1,19.065826,1.956910,6323,6231,0
46270,11,9,0,21,1,19.067582,1.957040,6323,6231,0
46280,9,9,0,19,1,19.065879,1.956832,6323,6231,0
46290,8,14,0,23,1,19.067367,1.956948,6323,6231,0
46300,11,16,0,28,1,19.068454,1.957057,6323,6231,0
46310,9,9,0,19,1,19.069931,1.957193,6323,6231,0
46320,7,6,0,14,1,19.069313,1.957175,6323,6231,0
46330,3,1,0,5,1,19.067343,1.957044,6323,6231,0
46340,3,5,0,9,1,19.065126,1.956809,6323,6231,0
46350,2,1,0,4,1,19.061858,1.956511,6323,6231,0
46360,4,6,0,11,1,19.059555,1.956267,6323,6231,0
46370,6,4,2,13,1,19.056316,1.955928,6323,6231,0
46380,15,12,0,28,1,19.057197,1.955981,6323,6231,0
46390,8,13,0,22,1,19.057679,1.956059,6323,6231,0
46400,9,6,0,16,1,19.058093,1.956120,6323,6236,0
46410,11,19,0,31,1,19.058517,1.956179,6323,6237,0
46420,7,9,0,17,1,19.058535,1.956191,6323,6239,0
46430,13,11,0,25,1,19.057696,1.956064,6323,6239,0
46440,20,14,0,35,1,19.059255,1.956187,6325,6239,0
46450,7,7,0,15,1,19.061245,1.956401,6332,6239,0
46460,19,17,0,37,1,19.063327,1.956591,6337,6244,0
46470,20,20,2,43,1,19.067253,1.956991,6347,6255,0
46480,11,13,0,25,1,19.069281,1.957219,6351,6256,0
46490,11,7,0,19,1,19.071670,1.957492,6352,6262,0
46500,8,14,0,23,1,19.073074,1.957625,6352,6262,0
46510,11,13,0,25,1,19.075056,1.957864,6355,6262,0
46520,9,10,0,20,1,19.075353,1.957923,6356,6262,0
46530,13,9,0,23,1,19.075965,1.957979,6356,6262,0
46540,14,19,0,34,1,19.078728,1.958225,6359,6264,0
46550,20,17,0,38,1,19.081194,1.958463,6363,6264,0
46560,20,12,1,34,1,19.084810,1.958901,6380,6277,0
46570,14,15,0,30,1,19.088324,1.959276,6385,6280,0
46580,12,17,0,30,1,19.091243,1.959617,6385,6283,0
46590,19,13,0,33,1,19.094451,1.959930,6389,6287,0
46600,19,14,1,35,1,19.097621,1.960279,6399,6291,0
46610,10,8,1,20,1,19.098634,1.960381,6399,6291,0
46620,8,12,1,22,1,19.099014,1.960396,6399,6291,0
46630,14,11,0,26,1,19.100193,1.960544,6399,6291,0
46640,14,11,0,26,1,19.101265,1.960626,6400,6291,0
46650,8,5,1,15,1,19.101300,1.960606,6400,6291,0
46660,0,1,0,2,1,19.099299,1.960419,6400,6291,0
46670,7,4,0,12,1,19.096847,1.960148,6400,6291,0
46680,10,9,1,21,1,19.096469,1.960102,6400,6291,0
46690,6,3,0,10,1,19.095772,1.960058,6400,6291,0
46700,0,0,0,1,1,19.093652,1.959860,6400,6291,0
46710,2,2,0,5,1,19.089919,1.959535,6400,6291,0
46720,0,1,0,2,1,19.086337,1.959281,6400,6291,0
46730,10,9,0,20,1,19.084504,1.959086,6400,6291,0
46740,8,9,0,18,1,19.086549,1.959284,6405,6298,0
46750,2,0,0,3,1,19.084064,1.959014,6405,6298,0
46760,0,0,0,1,1,19.081886,1.958796,6405,6298,0
46770,8,4,0,13,1,19.080419,1.958648,6405,6298,0
46780,11,14,0,26,1,19.080239,1.958532,6405,6298,0
46790,18,17,1,37,1,19.082596,1.958780,6405,6307,0
46800,9,10,0,20,1,19.086157,1.959233,6418,6314,0
46810,2,2,0,5,1,19.086230,1.959213,6418,6314,0
46820,10,7,0,18,1,19.084249,1.959002,6418,6314,0
46830,3,5,0,9,1,19.082235,1.958840,6418,6314,0
46840,5,7,0,13,1,19.080394,1.958679,6418,6314,0
46850,5,1,0,7,1,19.078499,1.958439,6418,6314,0
46860,6,2,0,9,1,19.078004,1.958407,6418,6314,0
46870,8,9,0,18,1,19.076902,1.958253,6418,6314,0
46880,0,1,0,2,1,19.074971,1.958082,6418,6314,0
46890,4,2,0,7,1,19.073482,1.957914,6418,6314,0
46900,0,0,0,0,0,19.070422,1.957645,6418,6314,0
46910,8,10,0,19,1,19.069807,1.957553,6418,6314,0
46920,3,4,0,8,1,19.070457,1.957660,6418,6314,0
46930,8,10,0,19,1,19.067746,1.957380,6418,6314,0
46940,14,18,0,33,1,19.068665,1.957420,6418,6314,0
46950,5,6,0,12,1,19.069665,1.957542,6418,6314,0
46960,0,0,0,1,1,19.067236,1.957320,6418,6314,0
46970,1,5,0,7,1,19.065666,1.957130,6418,6314,0
46980,12,10,1,24,1,19.063861,1.956951,6418,6314,0
46990,7,12,0,20,1,19.065984,1.957214,6420,6314,0
47000,10,12,0,23,1,19.066797,1.957295,6420,6314,0
47010,12,10,0,23,1,19.067890,1.957430,6420,6314,0
47020,11,16,0,28,1,19.068111,1.957459,6420,6314,0
47030,0,1,0,2,1,19.067041,1.957338,6420,6314,0
47040,9,4,1,15,1,19.064032,1.957031,6420,6314,0
47050,13,19,0,33,1,19.065962,1.957201,6420,6318,0
47060,9,9,0,19,1,19.067788,1.957450,6420,6322,0
47070,8,6,0,15,1,19.066673,1.957324,6420,6322,0
47080,8,3,0,12,1,19.065344,1.957194,6420,6322,0
47090,5,4,0,10,1,19.062124,1.956895,6420,6322,0
47100,1,3,0,5,1,19.059534,1.956609,6420,6322,0
47110,12,13,0,26,1,19.059980,1.956601,6420,6322,0
47120,15,10,0,26,1,19.062903,1.956890,6422,6325,0
47130,5,5,0,11,1,19.064436,1.957084,6422,6325,0
47140,3,3,0,7,1,19.061366,1.956770,6422,6325,0
47150,1,1,0,3,1,19.057994,1.956477,6422,6325,0
47160,7,5,0,13,1,19.055230,1.956182,6422,6325,0
47170,1,3,0,5,1,19.053008,1.955952,6422,6325,0
47180,4,4,0,9,1,19.050976,1.955775,6422,6325,0
47190,6,3,0,10,1,19.049782,1.955624,6422,6325,0
47200,3,7,0,11,1,19.049043,1.955528,6422,6325,0
47210,20,9,0,30,1,19.049986,1.955563,6422,6325,0
47220,20,14,1,36,1,19.052955,1.955840,6431,6325,0
47230,18,19,0,38,1,19.056294,1.956206,6438,6331,0
47240,10,17,0,28,1,19.057617,1.956343,6440,6331,0
47250,16,15,0,32,1,19.060534,1.956615,6441,6332,0
47260,5,9,1,16,1,19.061369,1.956698,6442,6332,0
47270,13,5,0,19,1,19.060558,1.956557,6442,6332,0
47280,3,9,0,13,1,19.059550,1.956464,6442,6332,0
47290,19,16,1,37,1,19.059890,1.956407,6443,6332,0
47300,16,14,0,31,1,19.063700,1.956834,6458,6341,0
47310,6,8,1,16,1,19.063678,1.956842,6460,6341,0
47320,19,20,0,40,1,19.065781,1.957004,6466,6347,0
47330,12,11,0,24,1,19.068070,1.957254,6473,6351,0
47340,10,16,0,27,1,19.069265,1.957336,6473,6351,0
47350,16,14,1,32,1,19.071487,1.957570,6478,6351,0
47360,11,7,1,20,1,19.073468,1.957750,6479,6351,0
47370,12,9,0,22,1,19.071788,1.957575,6479,6351,0
47380,6,10,0,17,1,19.070206,1.957423,6479,6351,0
47390,2,5,0,8,1,19.067486,1.957196,6479,6351,0
47400,3,7,0,11,1,19.065878,1.957029,6479,6351,0
47410,3,3,0,7,1,19.064641,1.956908,6479,6351,0
47420,1,2,0,4,1,19.061275,1.956615,6479,6351,0
47430,0,0,0,1,1,19.058027,1.956288,6479,6351,0
47440,5,9,1,16,1,19.055706,1.956068,6479,6351,0
47450,2,0,0,3,1,19.053958,1.955899,6479,6351,0
47460,12,6,0,19,1,19.052991,1.955801,6479,6351,0
47470,3,5,0,9,1,19.051819,1.955700,6479,6351,0
47480,2,7,0,10,1,19.048994,1.955369,6479,6351,0
47490,6,12,0,19,1,19.046701,1.955119,6479,6351,0
47500,7,12,0,20,1,19.047141,1.955153,6479,6351,0
47510,6,4,0,11,1,19.046501,1.955081,6479,6351,0
47520,7,1,0,9,1,19.043918,1.954779,6479,6351,0
47530,5,7,0,13,1,19.041553,1.954517,6479,6351,0
47540,9,16,0,26,1,19.040723,1.954354,6479,6351,0
47550,8,13,0,22,1,19.041471,1.954419,6479,6351,0
47560,17,13,0,31,1,19.043372,1.954616,6486,6352,0
47570,19,15,1,36,1,19.045411,1.954811,6490,6352,0
47580,13,11,0,25,1,19.048021,1.955106,6490,6355,0
47590,10,12,1,24,1,19.050441,1.955373,6491,6359,0
47600,15,18,0,34,1,19.051311,1.955434,6491,6359,0
47610,8,12,0,21,1,19.054836,1.955823,6504,6371,0
47620,7,4,0,12,1,19.054133,1.955749,6504,6371,0
47630,5,6,0,12,1,19.052465,1.955545,6504,6371,0
47640,14,10,1,26,1,19.051634,1.955411,6504,6371,0
47650,7,6,1,15,1,19.052123,1.955417,6504,6371,0
47660,0,0,0,0,0,19.050050,1.955265,6504,6371,0
47670,4,3,0,8,1,19.047140,1.955027,6504,6371,0
47680,4,3,0,8,1,19.044758,1.954784,6504,6371,0
47690,6,4,0,11,1,19.042630,1.954564,6504,6371,0
47700,1,0,0,2,1,19.039345,1.954291,6504,6371,0
47710,0,0,0,1,1,19.036436,1.953999,6504,6371,0
47720,3,6,0,10,1,19.033697,1.953719,6504,6371,0
47730,2,1,0,4,1,19.031365,1.953499,6504,6371,0
47740,3,4,0,8,1,19.028663,1.953219,6504,6371,0
47750,7,11,0,19,1,19.027536,1.953067,6504,6371,0
47760,2,0,0,3,1,19.025143,1.952878,6504,6371,0
47770,2,1,1,5,1,19.021809,1.952571,6504,6371,0
47780,15,12,0,28,1,19.020625,1.952388,6504,6371,0
47790,16,16,1,34,1,19.023362,1.952654,6508,6374,0
47800,10,12,0,23,1,19.025366,1.952912,6508,6374,0
47810,5,5,0,11,1,19.024476,1.952856,6508,6374,0
47820,5,4,0,10,1,19.023179,1.952725,6508,6374,0
47830,12,4,0,17,1,19.021304,1.952492,6508,6374,0
47840,12,12,0,25,1,19.020374,1.952369,6508,6374,0
47850,17,19,0,37,1,19.022655,1.952605,6508,6387,0
47860,13,11,0,25,1,19.025554,1.953021,6517,6391,0
47870,9,16,1,27,1,19.027804,1.953267,6521,6393,0
47880,13,12,0,26,1,19.028569,1.953318,6521,6393,0
47890,5,11,0,17,1,19.028361,1.953357,6521,6393,0
47900,14,11,1,27,1,19.030023,1.953525,6522,6396,0
47910,10,10,0,21,1,19.031782,1.953720,6522,6396,0
47920,9,13,1,24,1,19.034439,1.954023,6526,6399,0
47930,5,12,0,18,1,19.036674,1.954246,6529,6400,0
47940,3,3,0,7,1,19.035527,1.954105,6529,6401,0
47950,2,1,0,4,1,19.032671,1.953805,6529,6401,0
47960,1,3,0,5,1,19.030177,1.953547,6529,6401,0
47970,3,14,0,18,1,19.027277,1.953280,6529,6401,0
47980,18,16,0,35,1,19.027741,1.953317,6529,6401,0
47990,12,7,0,20,1,19.030080,1.953559,6531,6401,0
48000,10,15,0,26,1,19.031639,1.953683,6531,6401,0
48010,10,14,0,25,1,19.033161,1.953832,6531,6403,0
48020,9,6,0,16,1,19.033197,1.953792,6531,6403,0
48030,5,14,0,20,1,19.032887,1.953758,6531,6403,0
48040,7,9,1,18,1,19.031987,1.953642,6531,6403,0
48050,6,8,0,15,1,19.031831,1.953586,6531,6403,0
48060,17,9,0,27,1,19.031501,1.953508,6531,6403,0
48070,9,17,0,27,1,19.032578,1.953583,6531,6406,0
48080,17,14,1,33,1,19.034337,1.953690,6531,6406,0
48090,7,7,0,15,1,19.036868,1.953997,6542,6406,0
48100,12,6,0,19,1,19.036445,1.954002,6542,6406,0
48110,3,4,0,8,1,19.036173,1.954001,6542,6406,0
48120,7,14,0,22,1,19.035211,1.953837,6542,6406,0
48130,7,10,0,18,1,19.036224,1.953913,6542,6406,0
48140,6,10,0,17,1,19.036490,1.953909,6543,6406,0
48150,12,15,1,29,1,19.037461,1.953927,6543,6406,0
48160,9,5,0,15,1,19.038469,1.953991,6543,6406,0
48170,9,18,0,28,1,19.039147,1.954033,6543,6406,0
48180,7,14,1,23,1,19.040131,1.954074,6543,6406,0
48190,18,17,0,36,1,19.043003,1.954378,6553,6406,0
48200,12,13,0,26,1,19.045901,1.954682,6558,6408,0
48210,9,4,1,15,1,19.045628,1.954631,6558,6408,0
48220,16,18,1,36,1,19.046834,1.954752,6558,6413,0
48230,14,8,1,24,1,19.050219,1.955151,6564,6422,0
48240,2,2,1,6,1,19.049157,1.955077,6564,6422,0
48250,4,8,0,13,1,19.046988,1.954857,6564,6422,0
48260,8,6,0,15,1,19.044580,1.954607,6564,6422,0
48270,13,9,0,23,1,19.045092,1.954595,6565,6422,0
48280,16,16,2,35,1,19.046511,1.954717,6565,6423,0
48290,3,10,0,14,1,19.048522,1.954926,6565,6424,0
48300,0,0,0,1,1,19.046011,1.954637,6565,6424,0
48310,3,7,0,11,1,19.044568,1.954461,6565,6424,0
48320,11,5,1,18,1,19.043823,1.954362,6565,6424,0
48330,4,8,0,13,1,19.044491,1.954391,6565,6424,0
48340,4,6,0,11,1,19.043654,1.954294,6565,6424,0
48350,5,8,0,14,1,19.040853,1.953996,6565,6424,0
48360,4,6,0,11,1,19.039295,1.953805,6565,6424,0
48370,1,3,0,5,1,19.036983,1.953549,6565,6424,0
48380,10,12,0,23,1,19.035311,1.953358,6565,6424,0
48390,20,15,2,38,1,19.037954,1.953627,6575,6427,0
48400,15,16,0,32,1,19.041150,1.953969,6585,6431,0
48410,13,12,0,26,1,19.042683,1.954133,6585,6431,0
48420,9,7,1,18,1,19.044471,1.954310,6587,6436,0
48430,13,9,0,23,1,19.046676,1.954542,6593,6438,0
48440,14,14,0,29,1,19.048808,1.954792,6593,6441,0
48450,19,17,0,37,1,19.051592,1.955021,6601,6445,0
48460,16,16,0,33,1,19.054722,1.955324,6611,6446,0
48470,13,10,0,24,1,19.056318,1.955564,6611,6450,0
48480,8,7,0,16,1,19.055994,1.955541,6611,6450,0
48490,5,5,0,11,1,19.054751,1.955411,6611,6450,0
48500,0,0,0,1,1,19.052042,1.955172,6611,6450,0
48510,2,2,0,5,1,19.048918,1.954853,6611,6450,0
48520,0,2,0,3,1,19.045404,1.954523,6611,6450,0
48530,2,5,0,8,1,19.042488,1.954205,6611,6450,0
48540,3,4,0,8,1,19.039239,1.953894,6611,6450,0
48550,10,4,0,15,1,19.037399,1.953678,6611,6450,0
48560,6,14,0,21,1,19.035472,1.953454,6611,6450,0
48570,15,10,0,26,1,19.037835,1.953714,6617,6458,0
48580,10,12,0,23,1,19.039014,1.953825,6617,6458,0
48590,4,2,0,7,1,19.038799,1.953829,6617,6458,0
48600,4,2,0,7,1,19.035821,1.953575,6617,6458,0
48610,1,1,0,3,1,19.033351,1.953352,6617,6458,0
48620,2,5,0,8,1,19.030975,1.953127,6617,6458,0
48630,3,0,0,4,1,19.027711,1.952798,6617,6458,0
48640,8,9,0,18,1,19.026021,1.952577,6617,6458,0
48650,7,8,0,16,1,19.024736,1.952443,6617,6458,0
48660,13,15,1,30,1,19.026805,1.952603,6626,6458,0
48670,19,17,0,37,1,19.029334,1.952807,6626,6465,0
48680,15,14,0,30,1,19.032453,1.953137,6628,6465,0
48690,0,0,0,0,0,19.031797,1.953121,6628,6465,0
48700,0,3,0,4,1,19.028544,1.952838,6628,6465,0
48710,1,3,0,5,1,19.025683,1.952575,6628,6465,0
48720,14,12,0,27,1,19.025939,1.952574,6628,6465,0
48730,17,16,0,34,1,19.027755,1.952754,6628,6468,0
48740,7,15,0,23,1,19.030439,1.953040,6643,6468,0
48750,5,8,0,14,1,19.031463,1.953217,6644,6468,0
48760,6,8,0,15,1,19.030445,1.953081,6644,6468,0
48770,11,15,0,27,1,19.028772,1.952878,6644,6468,0
48780,7,13,0,21,1,19.030997,1.953080,6644,6468,0
48790,8,5,2,16,1,19.030131,1.953001,6644,6468,0
48800,1,3,0,5,1,19.028441,1.952833,6644,6468,0
48810,7,9,0,17,1,19.028206,1.952758,6644,6468,0
48820,9,7,0,17,1,19.028145,1.952725,6644,6468,0
48830,16,6,1,24,1,19.026812,1.952631,6644,6468,0
48840,6,10,0,17,1,19.027280,1.952701,6644,6468,0
48850,17,11,0,29,1,19.027487,1.952687,6644,6468,0
48860,6,12,0,19,1,19.028874,1.952839,6644,6469,0
48870,1,2,0,4,1,19.026128,1.952617,6644,6469,0
48880,5,6,0,12,1,19.024161,1.952400,6644,6469,0
48890,5,7,0,13,1,19.022947,1.952269,6644,6469,0
48900,0,0,0,1,1,19.020692,1.952093,6644,6469,0
48910,4,2,0,7,1,19.018554,1.951900,6644,6469,0
48920,19,11,0,31,1,19.019671,1.951930,6644,6471,0
48930,10,6,0,17,1,19.021612,1.952136,6647,6473,0
48940,0,1,0,2,1,19.020406,1.951977,6647,6473,0
48950,5,3,1,10,1,19.017635,1.951666,6647,6473,0
48960,16,19,1,37,1,19.017017,1.951559,6647,6474,0
48970,20,9,0,30,1,19.018532,1.951761,6649,6474,0
48980,20,20,0,41,1,19.021323,1.952103,6658,6481,0
48990,16,13,0,30,1,19.024503,1.952427,6663,6486,0
49000,9,8,0,18,1,19.026806,1.952730,6665,6490,0
49010,3,11,0,15,1,19.024452,1.952478,6665,6490,0
49020,13,12,0,26,1,19.024186,1.952412,6665,6490,0
49030,16,16,1,34,1,19.026258,1.952573,6670,6490,0
49040,14,14,1,30,1,19.028896,1.952874,6675,6491,0
49050,9,15,0,25,1,19.030006,1.952945,6675,6491,0
49060,10,17,1,29,1,19.031064,1.953064,6675,6491,0
49070,14,13,0,28,1,19.032962,1.953236,6675,6492,0
49080,19,15,0,35,1,19.035428,1.953474,6683,6492,0
49090,7,14,1,23,1,19.038457,1.953799,6688,6499,0
49100,17,18,0,36,1,19.041492,1.954092,6688,6504,0
49110,18,19,0,38,1,19.044932,1.954471,6688,6524,0
49120,7,20,0,28,1,19.047858,1.954790,6690,6526,0
49130,15,9,0,25,1,19.049339,1.954939,6692,6528,0
49140,18,13,0,32,1,19.051900,1.955208,6693,6534,0
49150,14,13,0,28,1,19.054449,1.955463,6694,6538,0
49160,20,18,2,41,1,19.058115,1.955833,6702,6546,0
49170,10,19,1,31,1,19.061623,1.956273,6720,6547,0
49180,4,6,0,11,1,19.063018,1.956442,6720,6547,0
49190,0,3,1,5,1,19.062320,1.956421,6720,6550,0
49200,0,2,0,3,1,19.058747,1.956105,6720,6550,0
49210,17,20,1,39,1,19.058826,1.956005,6722,6554,0
49220,10,15,0,26,1,19.060284,1.956181,6727,6555,0
49230,3,4,0,8,1,19.058960,1.956132,6727,6555,0
49240,2,2,0,5,1,19.057430,1.955924,6727,6555,0
49250,5,4,0,10,1,19.054918,1.955664,6727,6555,0
49260,12,9,0,22,1,19.052871,1.955439,6727,6555,0
49270,0,0,0,0,0,19.050136,1.955205,6727,6555,0
49280,11,9,1,22,1,19.048026,1.954893,6727,6555,0
49290,5,3,0,9,1,19.047496,1.954852,6727,6555,0
49300,1,4,0,6,1,19.045861,1.954686,6727,6555,0
49310,10,6,0,17,1,19.043444,1.954351,6727,6555,0
49320,8,6,0,15,1,19.043404,1.954356,6727,6555,0
49330,8,5,1,15,1,19.042580,1.954274,6727,6555,0
49340,16,11,0,28,1,19.044435,1.954425,6727,6560,0
49350,13,15,0,29,1,19.047245,1.954687,6733,6560,0
49360,11,14,1,27,1,19.050203,1.954996,6739,6565,0
49370,10,5,1,17,1,19.049924,1.954957,6739,6565,0
49380,5,3,0,9,1,19.047854,1.954747,6739,6565,0
49390,4,8,0,13,1,19.045421,1.954495,6739,6565,0
49400,6,7,0,14,1,19.044180,1.954373,6739,6565,0
49410,3,2,0,6,1,19.041347,1.954092,6739,6565,0
49420,12,6,1,20,1,19.039254,1.953847,6739,6565,0
49430,4,4,0,9,1,19.037572,1.953640,6739,6565,0
49440,0,0,0,1,1,19.035322,1.953402,6739,6565,0
49450,16,11,0,28,1,19.034074,1.953175,6739,6565,0
49460,10,17,0,28,1,19.033911,1.953176,6739,6565,0
49470,13,11,0,25,1,19.035753,1.953383,6739,6568,0
49480,12,8,0,21,1,19.035513,1.953360,6739,6568,0
49490,13,19,0,33,1,19.036211,1.953405,6739,6569,0
49500,12,6,0,19,1,19.038726,1.953669,6745,6574,0
49510,10,17,1,29,1,19.039809,1.953738,6745,6574,0
49520,16,12,0,29,1,19.042085,1.953904,6745,6579,0
49530,14,17,0,32,1,19.044135,1.954068,6745,6583,0
49540,5,8,1,15,1,19.044615,1.954091,6746,6583,0
49550,6,8,0,15,1,19.044087,1.954022,6746,6583,0
49560,14,15,0,30,1,19.045763,1.954196,6750,6591,0
49570,12,10,0,23,1,19.046250,1.954272,6750,6591,0
49580,10,8,0,19,1,19.046648,1.954347,6750,6591,0
49590,11,9,0,21,1,19.046289,1.954288,6750,6591,0
49600,6,7,0,14,1,19.047978,1.954463,6750,6591,0
49610,9,16,0,26,1,19.048263,1.954478,6750,6591,0
49620,10,13,1,25,1,19.050550,1.954678,6751,6591,0
49630,6,11,0,18,1,19.051205,1.954760,6751,6591,0
49640,6,10,0,17,1,19.050202,1.954638,6751,6591,0
49650,8,14,0,23,1,19.050840,1.954673,6751,6591,0
49660,10,7,0,18,1,19.051053,1.954677,6751,6591,0
49670,13,15,0,29,1,19.053942,1.954967,6754,6612,0
49680,17,17,0,35,1,19.056256,1.955186,6755,6612,0
49690,16,15,0,32,1,19.059834,1.955600,6765,6625,0
49700,19,20,1,41,1,19.062642,1.955926,6774,6627,0
49710,11,11,0,23,1,19.065199,1.956239,6785,6633,0
49720,18,13,0,32,1,19.066340,1.956337,6785,6633,0
49730,16,13,0,30,1,19.069826,1.956745,6798,6640,0
49740,12,6,0,19,1,19.071686,1.956918,6798,6643,0
49750,5,10,0,16,1,19.070651,1.956809,6798,6643,0
49760,7,17,0,25,1,19.071286,1.956856,6798,6643,0
49770,7,8,1,17,1,19.070860,1.956826,6798,6643,0
49780,15,20,0,36,1,19.073510,1.957032,6798,6647,0
49790,20,20,0,41,1,19.076297,1.957275,6799,6651,0
49800,9,6,1,17,1,19.078589,1.957569,6803,6655,0
49810,0,0,0,0,0,19.077655,1.957531,6803,6655,0
49820,14,14,0,29,1,19.077648,1.957484,6803,6656,0
49830,13,16,0,30,1,19.080383,1.957714,6811,6657,0
49840,12,13,1,27,1,19.082276,1.957910,6811,6661,0
49850,7,10,0,18,1,19.083821,1.958139,6811,6661,0
49860,2,3,0,6,1,19.081482,1.957921,6811,6661,0
49870,12,8,0,21,1,19.079496,1.957671,6811,6661,0
49880,11,8,0,20,1,19.080261,1.957771,6811,6661,0
49890,2,1,0,4,1,19.080558,1.957836,6811,6661,0
49900,7,4,0,12,1,19.079289,1.957691,6811,6661,0
49910,19,13,0,33,1,19.079152,1.957627,6812,6661,0
49920,9,9,0,19,1,19.080986,1.957869,6820,6661,0
49930,14,11,2,28,1,19.082074,1.957942,6820,6661,0
49940,20,18,0,39,1,19.083839,1.958093,6821,6661,0
49950,12,15,0,28,1,19.086848,1.958444,6826,6668,0
49960,13,15,1,30,1,19.088821,1.958616,6826,6670,0
49970,9,9,0,19,1,19.090684,1.958833,6831,6670,0
49980,16,16,1,34,1,19.092163,1.958938,6839,6670,0
49990,8,11,1,21,1,19.094679,1.959235,6843,6673,0
50000,0,0,0,1,1,19.092615,1.959069,6843,6673,0
50010,10,3,0,14,1,19.091525,1.958915,6843,6673,0
50020,8,5,1,15,1,19.092362,1.958990,6843,6673,0
50030,5,4,0,10,1,19.090083,1.958730,6843,6673,0
50040,12,10,0,23,1,19.089536,1.958640,6843,6673,0
50050,9,14,0,24,1,19.089754,1.958628,6843,6673,0
50060,3,2,0,6,1,19.089270,1.958592,6843,6677,0
50070,6,3,0,10,1,19.086818,1.958399,6843,6677,0
50080,7,9,0,17,1,19.086392,1.958349,6843,6677,0
50090,7,3,0,11,1,19.085340,1.958243,6843,6677,0
50100,0,0,0,1,1,19.082346,1.957945,6843,6677,0
50110,8,12,0,21,1,19.080607,1.957749,6843,6677,0
50120,12,16,0,29,1,19.082971,1.958001,6843,6686,0
50130,15,18,0,34,1,19.086521,1.958391,6846,6693,0
50140,18,9,0,28,1,19.087338,1.958409,6846,6693,0
50150,14,15,0,30,1,19.088688,1.958525,6847,6698,0
50160,20,13,0,34,1,19.090911,1.958771,6854,6698,0
50170,15,18,0,34,1,19.094517,1.959191,6869,6709,0
50180,9,16,0,26,1,19.096123,1.959342,6869,6711,0
50190,12,6,0,19,1,19.096495,1.959390,6869,6711,0
50200,17,18,2,38,1,19.098849,1.959625,6875,6713,0
50210,18,17,0,36,1,19.101746,1.959924,6875,6722,0
50220,15,13,1,30,1,19.105075,1.960340,6879,6733,0
50230,18,12,1,32,1,19.106496,1.960467,6882,6734,0
50240,10,7,0,18,1,19.107743,1.960637,6885,6734,0
50250,0,2,0,3,1,19.106148,1.960483,6885,6734,0
50260,0,2,0,3,1,19.103141,1.960169,6885,6734,0
50270,0,0,0,1,1,19.100325,1.959881,6885,6734,0
50280,5,4,0,10,1,19.097614,1.959657,6885,6734,0
50290,0,0,0,1,1,19.094865,1.959437,6885,6734,0
50300,6,5,0,12,1,19.092840,1.959191,6885,6734,0
50310,1,8,0,10,1,19.090281,1.958906,6885,6734,0
50320,0,1,0,2,1,19.087420,1.958638,6885,6734,0
50330,5,7,0,13,1,19.085368,1.958398,6885,6734,0
50340,10,10,0,21,1,19.085731,1.958425,6885,6734,0
50350,7,6,0,14,1,19.085072,1.958335,6885,6734,0
50360,0,0,0,1,1,19.082318,1.958078,6885,6734,0
50370,8,12,1,22,1,19.081607,1.957879,6885,6734,0
50380,9,7,0,17,1,19.081270,1.957854,6885,6734,0
50390,4,3,0,8,1,19.078474,1.957601,6885,6734,0
50400,0,1,0,2,1,19.075842,1.957377,6885,6734,0
50410,1,0,0,2,1,19.072690,1.957087,6885,6734,0
50420,6,15,0,22,1,19.070236,1.956797,6885,6734,0
50430,10,12,1,24,1,19.071057,1.956899,6885,6734,0
50440,11,11,0,23,1,19.069952,1.956748,6885,6734,0
50450,15,11,0,27,1,19.071796,1.956919,6885,6734,0
50460,15,17,0,33,1,19.073982,1.957113,6886,6735,0
50470,13,13,2,29,1,19.075985,1.957341,6886,6738,0
50480,10,17,0,28,1,19.079409,1.957682,6900,6742,0
50490,8,5,0,14,1,19.080652,1.957803,6900,6742,0
50500,15,18,0,34,1,19.082801,1.957958,6906,6745,0
50510,9,14,1,25,1,19.083741,1.958068,6906,6745,0
50520,19,16,1,37,1,19.086199,1.958271,6906,6745,0
50530,12,12,0,25,1,19.088787,1.958530,6916,6745,0
50540,8,18,0,27,1,19.090589,1.958709,6916,6746,0
50550,7,11,0,19,1,19.091755,1.958838,6916,6748,0
50560,9,10,0,20,1,19.092512,1.958834,6916,6748,0
50570,12,11,0,24,1,19.093051,1.958879,6916,6748,0
50580,0,1,0,2,1,19.091941,1.958775,6916,6748,0
50590,17,9,0,27,1,19.090215,1.958592,6916,6748,0
50600,4,9,1,15,1,19.089751,1.958586,6916,6748,0
50610,16,13,0,30,1,19.090088,1.958591,6916,6748,0
50620,16,9,0,26,1,19.092412,1.958839,6924,6748,0
50630,7,16,0,24,1,19.094295,1.959082,6925,6748,0
50640,18,11,1,31,1,19.095168,1.959110,6926,6749,0
50650,13,14,0,28,1,19.097572,1.959378,6934,6749,0
50660,17,13,1,32,1,19.099601,1.959564,6934,6749,0
50670,7,18,0,26,1,19.102011,1.959801,6934,6751,0
50680,15,14,0,30,1,19.102830,1.959816,6934,6756,0
50690,5,1,1,8,1,19.104053,1.959995,6934,6756,0
50700,1,0,0,2,1,19.101682,1.959781,6934,6756,0
50710,3,7,0,11,1,19.098943,1.959506,6934,6756,0
50720,1,2,0,4,1,19.095844,1.959206,6934,6756,0
50730,3,2,0,6,1,19.093716,1.958962,6934,6756,0
50740,7,7,0,15,1,19.093297,1.958857,6934,6756,0
50750,5,2,0,8,1,19.092635,1.958791,6934,6756,0
50760,2,0,0,3,1,19.091089,1.958658,6934,6756,0
50770,0,0,0,1,1,19.088611,1.958390,6934,6756,0
50780,1,2,0,4,1,19.085457,1.958084,6934,6756,0
50790,6,5,0,12,1,19.083667,1.957934,6934,6756,0
50800,11,13,0,25,1,19.085081,1.958053,6938,6756,0
50810,19,15,0,35,1,19.087382,1.958279,6940,6763,0
50820,20,16,0,37,1,19.090485,1.958619,6947,6771,0
50830,16,15,0,32,1,19.094056,1.959051,6957,6788,0
50840,20,13,0,34,1,19.097311,1.959406,6968,6795,0
50850,13,13,0,27,1,19.100150,1.959755,6987,6795,0
50860,2,1,0,4,1,19.099516,1.959699,6987,6795,0
50870,0,1,0,2,1,19.097185,1.959509,6987,6795,0
50880,3,2,0,6,1,19.094454,1.959199,6987,6795,0
50890,4,6,0,11,1,19.092794,1.959043,6987,6795,0
50900,20,11,0,32,1,19.093437,1.959126,6989,6795,0
50910,8,11,0,20,1,19.096127,1.959452,6992,6797,0
50920,14,13,0,28,1,19.097085,1.959500,6992,6797,0
50930,12,11,1,25,1,19.098651,1.959643,6995,6797,0
50940,19,19,1,40,1,19.101639,1.959900,7002,6803,0
50950,7,13,0,21,1,19.104780,1.960260,7007,6805,0
50960,11,12,0,24,1,19.106254,1.960389,7007,6805,0
50970,4,3,0,8,1,19.106122,1.960421,7007,6805,0
50980,12,17,1,31,1,19.106239,1.960415,7007,6805,0
50990,15,18,0,34,1,19.108825,1.960674,7010,6811,0
51000,14,15,1,31,1,19.112065,1.961012,7019,6821,0
51010,1,0,0,2,1,19.111048,1.960922,7019,6821,0
51020,4,4,0,9,1,19.108039,1.960591,7019,6821,0
51030,0,0,0,0,0,19.105126,1.960298,7019,6821,0
51040,4,2,0,7,1,19.102049,1.959992,7019,6821,0
51050,10,12,0,23,1,19.100204,1.959753,7019,6821,0
51060,14,11,0,26,1,19.102442,1.959977,7019,6821,0
51070,3,5,0,9,1,19.102602,1.960003,7019,6821,0
51080,0,0,0,0,0,19.099328,1.959712,7019,6821,0
51090,11,4,1,17,1,19.096340,1.959396,7019,6821,0
51100,7,7,0,15,1,19.095387,1.959260,7019,6821,0
51110,3,3,0,7,1,19.093490,1.959095,7019,6821,0
51120,0,0,0,1,1,19.090490,1.958726,7019,6821,0
51130,12,20,0,33,1,19.089603,1.958578,7019,6821,0
51140,12,11,0,24,1,19.088075,1.958395,7019,6825,0
51150,7,1,0,9,1,19.088071,1.958381,7019,6825,0
51160,1,5,0,7,1,19.085747,1.958172,7019,6825,0
51170,0,1,0,2,1,19.083207,1.957886,7019,6825,0
51180,1,1,0,3,1,19.079943,1.957568,7019,6825,0
51190,5,4,0,10,1,19.077855,1.957380,7019,6825,0
51200,0,0,0,1,1,19.075765,1.957167,7019,6825,0
51210,2,10,1,14,1,19.074177,1.956963,7019,6825,0
51220,0,0,0,0,0,19.071298,1.956689,7019,6825,0
51230,5,4,0,10,1,19.068421,1.956415,7019,6825,0
51240,10,12,0,23,1,19.067476,1.956257,7019,6825,0
51250,3,1,0,5,1,19.065308,1.956056,7019,6825,0
51260,7,5,0,13,1,19.063225,1.955805,7019,6825,0
51270,3,8,0,12,1,19.060910,1.955593,7019,6825,0
51280,4,0,0,5,1,19.058446,1.955366,7019,6825,0
51290,3,1,0,5,1,19.055973,1.955125,7019,6825,0
51300,3,3,0,7,1,19.053914,1.954869,7019,6825,0
51310,2,1,0,4,1,19.051410,1.954606,7019,6825,0
51320,4,3,0,8,1,19.049069,1.954419,7019,6825,0
51330,17,19,1,38,1,19.048752,1.954318,7019,6825,0
51340,15,13,0,29,1,19.052392,1.954740,7030,6834,0
51350,12,13,0,26,1,19.054211,1.954928,7030,6836,0
51360,4,8,0,13,1,19.054136,1.954954,7030,6836,0
51370,5,7,0,13,1,19.051790,1.954699,7030,6836,0
51380,16,15,0,32,1,19.051903,1.954619,7030,6836,0
51390,12,17,0,30,1,19.053666,1.954802,7031,6836,0
51400,2,2,0,5,1,19.053640,1.954883,7033,6836,0
51410,7,7,0,15,1,19.051362,1.954643,7033,6836,0
51420,19,19,0,39,1,19.052612,1.954695,7036,6837,0
51430,12,6,0,19,1,19.053413,1.954814,7037,6837,0
51440,12,14,0,27,1,19.055295,1.954954,7037,6839,0
51450,14,12,0,27,1,19.056270,1.955060,7038,6839,0
51460,3,2,0,6,1,19.056569,1.955132,7038,6839,0
51470,9,6,0,16,1,19.054349,1.954878,7038,6839,0
51480,3,7,0,11,1,19.053090,1.954720,7038,6839,0
51490,9,8,0,18,1,19.052645,1.954696,7038,6839,0
51500,6,16,0,23,1,19.052423,1.954671,7038,6839,0
51510,6,5,0,12,1,19.051899,1.954615,7038,6839,0
51520,15,19,0,35,1,19.052658,1.954613,7039,6839,0
51530,10,10,1,22,1,19.053057,1.954660,7039,6839,0
51540,19,18,0,38,1,19.054321,1.954752,7042,6839,0
51550,16,19,0,36,1,19.057213,1.955070,7045,6847,0
51560,12,15,0,28,1,19.059403,1.955324,7047,6851,0
51570,0,0,0,0,0,19.058340,1.955298,7047,6851,0
51580,4,1,0,6,1,19.055479,1.955034,7047,6851,0
51590,7,8,0,16,1,19.053234,1.954774,7047,6851,0
51600,13,15,0,29,1,19.053834,1.954818,7048,6851,0
51610,14,20,0,35,1,19.056750,1.955127,7053,6861,0
51620,7,3,0,11,1,19.058067,1.955276,7053,6866,0
51630,13,14,0,28,1,19.058210,1.955269,7053,6866,0
51640,2,2,0,5,1,19.057929,1.955277,7053,6866,0
51650,7,6,0,14,1,19.056801,1.955140,7053,6866,0
51660,8,6,0,15,1,19.056950,1.955188,7053,6866,0
51670,0,0,0,0,0,19.054778,1.955037,7053,6866,0
51680,3,2,0,6,1,19.051987,1.954783,7053,6866,0
51690,7,2,0,10,1,19.051015,1.954736,7053,6866,0
51700,6,0,0,7,1,19.049394,1.954614,7053,6866,0
51710,16,12,0,29,1,19.050436,1.954637,7055,6866,0
51720,15,12,0,28,1,19.053172,1.954955,7065,6871,0
51730,13,12,1,27,1,19.055126,1.955161,7067,6871,0
51740,12,14,0,27,1,19.056662,1.955281,7067,6876,0
51750,0,0,0,1,1,19.056143,1.955238,7067,6876,0
51760,12,8,1,22,1,19.054996,1.955091,7067,6876,0
51770,7,9,1,18,1,19.057076,1.955263,7071,6876,0
51780,7,10,0,18,1,19.059468,1.955503,7078,6882,0
51790,1,9,0,11,1,19.057859,1.955328,7078,6882,0
51800,3,4,0,8,1,19.055178,1.955051,7078,6882,0
51810,14,13,0,28,1,19.057436,1.955253,7088,6886,0
51820,7,9,0,17,1,19.057834,1.955315,7088,6886,0
51830,0,1,0,2,1,19.055315,1.955097,7088,6886,0
51840,7,6,0,14,1,19.052998,1.954892,7088,6886,0
51850,4,1,0,6,1,19.050805,1.954692,7088,6886,0
51860,8,13,0,22,1,19.051006,1.954664,7088,6886,0
51870,6,12,1,20,1,19.052343,1.954784,7088,6886,0
51880,14,16,1,32,1,19.052618,1.954768,7088,6886,0
51890,14,14,0,29,1,19.053705,1.954893,7088,6886,0
51900,8,4,0,13,1,19.054939,1.955040,7089,6886,0
51910,0,0,0,0,0,19.054358,1.954986,7089,6886,0
51920,15,11,0,27,1,19.053654,1.954823,7089,6886,0
51930,16,10,0,27,1,19.054981,1.954903,7090,6886,0
51940,7,9,0,17,1,19.054660,1.954868,7090,6886,0
51950,3,10,0,14,1,19.054315,1.954785,7090,6886,0
51960,16,16,0,33,1,19.056406,1.954959,7095,6890,0
51970,16,16,1,34,1,19.058000,1.955132,7095,6890,0
51980,16,16,0,33,1,19.061095,1.955505,7102,6897,0
51990,17,14,0,32,1,19.064627,1.955889,7110,6910,0
52000,10,8,0,19,1,19.065272,1.955980,7110,6910,0
52010,3,10,0,14,1,19.065088,1.955982,7110,6910,0
52020,9,7,0,17,1,19.062922,1.955765,7110,6910,0
52030,9,7,0,17,1,19.061634,1.955666,7110,6910,0
52040,5,9,1,16,1,19.060522,1.955507,7110,6910,0
52050,15,11,0,27,1,19.061362,1.955549,7110,6910,0
52060,4,12,0,17,1,19.061179,1.955528,7110,6910,0
52070,1,1,0,3,1,19.059704,1.955406,7110,6910,0
52080,5,5,1,12,1,19.057092,1.955167,7110,6910,0
52090,9,9,1,20,1,19.056102,1.955040,7110,6910,0
52100,6,5,0,12,1,19.056322,1.955083,7110,6910,0
52110,12,5,0,18,1,19.055309,1.954977,7110,6910,0
52120,10,11,0,22,1,19.056111,1.955023,7110,6910,0
52130,15,10,1,27,1,19.057018,1.955056,7110,6910,0
52140,12,7,0,20,1,19.057386,1.955096,7110,6910,0
52150,20,12,2,35,1,19.058786,1.955249,7110,6910,0
52160,10,11,0,22,1,19.060495,1.955480,7112,6910,0
52170,4,10,0,15,1,19.062138,1.955697,7112,6910,0
52180,14,15,0,30,1,19.062832,1.955727,7112,6910,0
52190,12,14,0,27,1,19.063865,1.955824,7112,6910,0
52200,7,20,0,28,1,19.066746,1.956086,7117,6916,0
52210,16,6,1,24,1,19.068809,1.956308,7117,6918,0
52220,11,15,1,28,1,19.070552,1.956496,7117,6918,0
52230,12,11,0,24,1,19.073542,1.956862,7128,6922,0
52240,18,16,1,36,1,19.075498,1.957065,7128,6925,0
52250,19,16,2,38,1,19.078708,1.957430,7136,6928,0
52260,19,18,0,38,1,19.081455,1.957683,7137,6932,0
52270,12,16,0,29,1,19.084632,1.958026,7143,6936,0
52280,6,5,0,12,1,19.086547,1.958217,7146,6936,0
52290,14,13,0,28,1,19.086752,1.958247,7146,6936,0
52300,19,14,1,35,1,19.089168,1.958482,7149,6938,0
52310,10,12,0,23,1,19.090908,1.958750,7149,6939,0
52320,14,15,0,30,1,19.091955,1.958790,7150,6939,0
52330,3,7,0,11,1,19.092042,1.958890,7150,6939,0
52340,5,5,0,11,1,19.089763,1.958619,7150,6939,0
52350,5,11,0,17,1,19.087434,1.958363,7150,6939,0
52360,19,15,0,35,1,19.089121,1.958488,7153,6939,0
52370,11,10,0,22,1,19.092106,1.958873,7167,6947,0
52380,15,7,1,24,1,19.091960,1.958875,7167,6947,0
52390,15,10,0,26,1,19.092885,1.958964,7167,6947,0
52400,18,12,0,31,1,19.095310,1.959187,7169,6948,0
52410,16,13,0,30,1,19.098066,1.959472,7174,6954,0
52420,3,13,2,19,1,19.098942,1.959579,7174,6954,0
52430,12,14,0,27,1,19.099013,1.959565,7174,6954,0
52440,10,6,0,17,1,19.099917,1.959709,7174,6954,0
52450,2,9,0,12,1,19.098655,1.959578,7174,6954,0
52460,2,0,0,3,1,19.096426,1.959397,7174,6954,0
52470,6,2,0,9,1,19.093205,1.959129,7174,6954,0
52480,8,9,0,18,1,19.092232,1.958970,7174,6954,0
52490,7,10,0,18,1,19.092936,1.958975,7174,6954,0
52500,17,17,0,35,1,19.094640,1.959083,7179,6954,0
52510,16,18,0,35,1,19.098153,1.959541,7189,6964,0
52520,18,5,0,24,1,19.100803,1.959864,7194,6972,0
52530,9,10,0,20,1,19.101299,1.959917,7194,6974,0
52540,5,3,0,9,1,19.099217,1.959755,7194,6974,0
52550,19,9,1,30,1,19.099523,1.959731,7198,6974,0
52560,18,18,0,37,1,19.102074,1.959960,7207,6974,0
52570,13,17,0,31,1,19.104707,1.960232,7212,6982,0
52580,6,4,0,11,1,19.102988,1.960122,7212,6982,0
52590,2,1,0,4,1,19.100633,1.959909,7212,6982,0
52600,6,4,0,11,1,19.098314,1.959657,7212,6982,0
52610,0,0,0,1,1,19.095593,1.959403,7212,6982,0
52620,0,1,0,2,1,19.092662,1.959066,7212,6982,0
52630,9,4,1,15,1,19.090668,1.958813,7212,6982,0
52640,12,10,0,23,1,19.090943,1.958824,7212,6982,0
52650,17,18,0,36,1,19.093335,1.959067,7228,6991,0
52660,13,17,0,31,1,19.096054,1.959344,7228,7003,0
52670,14,14,0,29,1,19.097587,1.959484,7228,7005,0
52680,18,19,0,38,1,19.100645,1.959838,7239,7008,0
52690,16,18,0,35,1,19.103963,1.960264,7252,7026,0
52700,16,13,0,30,1,19.106347,1.960503,7255,7029,0
52710,18,13,1,33,1,19.108364,1.960719,7256,7029,0
52720,19,18,0,38,1,19.110943,1.960970,7256,7030,0
52730,7,18,0,26,1,19.114076,1.961343,7266,7046,0
52740,15,13,0,29,1,19.115065,1.961439,7266,7046,0
52750,14,17,0,32,1,19.117819,1.961712,7279,7048,0
52760,11,11,0,23,1,19.119089,1.961848,7279,7048,0
52770,3,5,0,9,1,19.118372,1.961757,7279,7048,0
52780,7,3,0,11,1,19.116734,1.961602,7279,7048,0
52790,10,12,0,23,1,19.115141,1.961390,7279,7048,0
52800,16,16,0,33,1,19.116245,1.961460,7279,7049,0
52810,10,15,0,26,1,19.118849,1.961748,7279,7049,0
52820,14,10,1,26,1,19.119796,1.961900,7279,7049,0
52830,16,15,0,32,1,19.122090,1.962145,7284,7050,0
52840,13,7,0,21,1,19.123463,1.962265,7286,7050,0
52850,13,17,0,31,1,19.124913,1.962381,7286,7051,0
52860,16,7,0,24,1,19.126098,1.962576,7286,7051,0
52870,11,8,0,20,1,19.127556,1.962758,7292,7051,0
52880,19,14,1,35,1,19.129239,1.962883,7294,7051,0
52890,12,12,0,25,1,19.130526,1.963044,7296,7057,0
52900,1,3,0,5,1,19.129592,1.962953,7296,7057,0
52910,4,9,1,15,1,19.128367,1.962848,7296,7057,0
52920,0,0,0,0,0,19.126239,1.962681,7296,7057,0
52930,5,12,0,18,1,19.125085,1.962500,7296,7057,0
52940,1,0,0,2,1,19.123497,1.962327,7296,7057,0
52950,1,1,0,3,1,19.120357,1.962003,7296,7057,0
52960,5,3,0,9,1,19.117648,1.961746,7296,7057,0
52970,8,9,0,18,1,19.115570,1.961545,7296,7057,0
52980,5,3,0,9,1,19.112960,1.961283,7296,7057,0
52990,0,0,0,1,1,19.110153,1.961023,7296,7057,0
53000,12,18,0,31,1,19.110323,1.960993,7296,7059,0
53010,12,15,0,28,1,19.111541,1.961127,7296,7059,0
53020,17,10,0,28,1,19.112779,1.961241,7296,7059,0
53030,10,8,0,19,1,19.115212,1.961500,7301,7067,0
53040,8,14,0,23,1,19.115887,1.961552,7301,7069,0
53050,15,11,0,27,1,19.117673,1.961703,7301,7069,0
53060,2,1,0,4,1,19.117348,1.961721,7301,7069,0
53070,1,3,0,5,1,19.114152,1.961436,7301,7069,0
53080,3,1,0,5,1,19.111062,1.961151,7301,7069,0
53090,13,17,1,32,1,19.111459,1.961087,7301,7073,0
53100,3,13,0,17,1,19.113811,1.961376,7302,7078,0
53110,4,13,0,18,1,19.112572,1.961262,7302,7078,0
53120,14,18,0,33,1,19.113109,1.961292,7302,7079,0
53130,15,9,0,25,1,19.115262,1.961519,7307,7085,0
53140,8,14,0,23,1,19.116727,1.961625,7307,7085,0
53150,0,0,0,1,1,19.114714,1.961473,7307,7085,0
53160,0,0,0,1,1,19.111426,1.961202,7307,7085,0
53170,0,1,0,2,1,19.109790,1.960994,7307,7085,0
53180,4,0,1,6,1,19.106969,1.960718,7307,7085,0
53190,5,4,0,10,1,19.104952,1.960463,7307,7085,0
53200,12,16,1,30,1,19.105949,1.960514,7308,7085,0
53210,11,17,0,29,1,19.107525,1.960636,7309,7086,0
53220,16,20,1,38,1,19.110225,1.960885,7321,7093,0
53230,17,17,0,35,1,19.112466,1.961124,7323,7095,0
53240,16,14,0,31,1,19.115479,1.961435,7331,7103,0
53250,1,2,0,4,1,19.114936,1.961430,7336,7103,0
53260,1,0,0,2,1,19.112632,1.961173,7336,7103,0
53270,8,6,0,15,1,19.110603,1.960917,7336,7103,0
53280,10,9,0,20,1,19.111261,1.960892,7336,7103,0
53290,0,2,0,3,1,19.109330,1.960756,7336,7103,0
53300,1,0,0,2,1,19.106834,1.960513,7336,7103,0
53310,0,0,0,1,1,19.104417,1.960251,7336,7103,0
53320,11,5,0,17,1,19.102493,1.960037,7336,7103,0
53330,8,7,1,17,1,19.102646,1.960032,7336,7103,0
53340,3,3,0,7,1,19.101797,1.959927,7336,7103,0
53350,10,10,0,21,1,19.100737,1.959820,7336,7103,0
53360,7,12,0,20,1,19.100767,1.959780,7336,7103,0
53370,9,12,0,22,1,19.100590,1.959764,7336,7103,0
53380,12,12,0,25,1,19.101221,1.959834,7336,7103,0
53390,5,4,0,10,1,19.103029,1.960029,7337,7103,0
53400,15,17,0,33,1,19.102783,1.959952,7337,7103,0
53410,7,7,0,15,1,19.104365,1.960139,7337,7112,0
53420,1,0,0,2,1,19.102407,1.959955,7337,7112,0
53430,7,9,0,17,1,19.100265,1.959703,7337,7112,0
53440,8,9,0,18,1,19.100084,1.959660,7337,7112,0
53450,2,6,0,9,1,19.097810,1.959436,7337,7112,0
53460,0,0,0,0,0,19.095644,1.959234,7337,7112,0
53470,3,3,0,7,1,19.092977,1.958951,7337,7112,0
53480,5,8,0,14,1,19.091239,1.958782,7337,7112,0
53490,0,1,0,2,1,19.089831,1.958628,7337,7112,0
53500,1,2,0,4,1,19.086807,1.958320,7337,7112,0
53510,2,3,1,7,1,19.084390,1.958051,7337,7112,0
53520,1,1,0,3,1,19.082426,1.957858,7337,7112,0
53530,0,0,0,0,0,19.080243,1.957569,7337,7112,0
53540,8,15,1,25,1,19.078776,1.957371,7337,7112,0
53550,11,20,0,32,1,19.081656,1.957672,7341,7114,0
53560,5,9,1,16,1,19.081299,1.957652,7341,7114,0
53570,9,7,0,17,1,19.080414,1.957560,7341,7114,0
53580,1,7,0,9,1,19.078429,1.957388,7341,7114,0
53590,13,12,0,26,1,19.078084,1.957298,7341,7114,0
53600,6,1,1,9,1,19.077349,1.957224,7341,7114,0
53610,5,1,0,7,1,19.075270,1.957035,7341,7114,0
53620,6,4,0,11,1,19.073193,1.956850,7341,7114,0
53630,0,0,0,0,0,19.070095,1.956553,7341,7114,0
53640,12,8,0,21,1,19.068818,1.956401,7341,7114,0
53650,16,16,0,33,1,19.071080,1.956668,7344,7119,0
53660,13,7,1,22,1,19.073134,1.956881,7350,7120,0
53670,11,16,0,28,1,19.074372,1.956980,7350,7120,0
53680,15,16,1,33,1,19.076735,1.957280,7350,7131,0
53690,4,8,0,13,1,19.079048,1.957583,7353,7136,0
53700,4,5,0,10,1,19.077120,1.957424,7353,7136,0
53710,3,7,1,12,1,19.075109,1.957231,7353,7136,0
53720,5,3,0,9,1,19.072250,1.956965,7353,7136,0
53730,8,10,0,19,1,19.071447,1.956862,7353,7136,0
53740,14,11,0,26,1,19.072992,1.957011,7353,7137,0
53750,11,14,0,26,1,19.073151,1.957029,7353,7137,0
53760,17,16,0,34,1,19.075377,1.957203,7354,7141,0
53770,17,13,1,32,1,19.078782,1.957551,7366,7151,0
53780,12,10,1,24,1,19.080415,1.957705,7367,7151,0
53790,3,2,0,6,1,19.080498,1.957719,7367,7151,0
53800,2,0,0,3,1,19.077769,1.957470,7367,7151,0
53810,1,1,0,3,1,19.075112,1.957211,7367,7151,0
53820,1,5,0,7,1,19.072749,1.956948,7367,7151,0
53830,2,0,0,3,1,19.070059,1.956692,7367,7151,0
53840,9,14,2,26,1,19.068964,1.956551,7367,7151,0
53850,11,8,0,20,1,19.070929,1.956759,7369,7155,0
53860,11,13,1,26,1,19.070866,1.956724,7369,7155,0
53870,11,17,2,31,1,19.073401,1.957049,7369,7160,0
53880,6,6,0,13,1,19.074779,1.957215,7369,7160,0
53890,5,3,0,9,1,19.073391,1.957089,7369,7160,0
53900,11,4,0,16,1,19.071127,1.956851,7369,7160,0
53910,3,2,0,6,1,19.069504,1.956656,7369,7160,0
53920,2,3,0,6,1,19.067404,1.956428,7369,7160,0
53930,11,9,0,21,1,19.065322,1.956164,7369,7160,0
53940,19,16,0,36,1,19.067004,1.956323,7372,7166,0
53950,12,11,0,24,1,19.069592,1.956631,7374,7170,0
53960,13,13,1,28,1,19.070073,1.956679,7374,7170,0
53970,6,4,0,11,1,19.069818,1.956647,7374,7170,0
53980,14,7,0,22,1,19.069424,1.956612,7374,7170,0
53990,11,12,0,24,1,19.070780,1.956745,7374,7170,0
54000,14,4,1,20,1,19.070480,1.956723,7374,7170,0
54010,7,2,0,10,1,19.069141,1.956603,7374,7170,0
54020,6,4,0,11,1,19.067534,1.956413,7374,7170,0
54030,1,0,0,2,1,19.065613,1.956211,7374,7170,0
54040,1,3,0,5,1,19.062683,1.955945,7374,7170,0
54050,8,10,0,19,1,19.062200,1.955860,7374,7170,0
54060,6,12,1,20,1,19.060753,1.955736,7374,7170,0
54070,0,0,0,0,0,19.060025,1.955674,7374,7170,0
54080,6,6,2,15,1,19.057767,1.955418,7374,7170,0
54090,8,20,0,29,1,19.058428,1.955447,7374,7172,0
54100,6,6,0,13,1,19.057482,1.955329,7374,7172,0
54110,7,5,0,13,1,19.056174,1.955208,7374,7172,0
54120,3,8,0,12,1,19.055373,1.955101,7374,7172,0
54130,3,2,0,6,1,19.054508,1.955007,7374,7172,0
54140,0,0,0,1,1,19.051767,1.954724,7374,7172,0
54150,8,7,0,16,1,19.049914,1.954524,7374,7172,0
54160,2,2,0,5,1,19.048503,1.954425,7374,7172,0
54170,0,0,0,0,0,19.046253,1.954237,7374,7172,0
54180,12,5,0,18,1,19.044101,1.953988,7374,7172,0
54190,4,3,0,8,1,19.042088,1.953843,7374,7172,0
54200,6,8,0,15,1,19.039564,1.953596,7374,7172,0
54210,2,3,0,6,1,19.039688,1.953615,7374,7172,0
54220,5,2,0,8,1,19.037640,1.953399,7374,7172,0
54230,2,16,0,19,1,19.036144,1.953188,7374,7172,0
54240,18,13,0,32,1,19.036561,1.953195,7374,7172,0
54250,9,8,0,18,1,19.038396,1.953404,7379,7175,0
54260,14,20,1,36,1,19.039980,1.953520,7383,7177,0
54270,17,15,0,33,1,19.043020,1.953815,7386,7186,0
54280,5,6,0,12,1,19.043269,1.953909,7387,7186,0
54290,7,13,0,21,1,19.042921,1.953868,7387,7186,0
54300,15,15,0,31,1,19.044576,1.954072,7392,7186,0
54310,11,14,0,26,1,19.046677,1.954315,7394,7186,0
54320,16,17,1,35,1,19.049645,1.954648,7398,7197,0
54330,11,4,0,16,1,19.050458,1.954773,7398,7199,0
54340,18,19,0,38,1,19.051629,1.954836,7398,7200,0
54350,18,11,2,32,1,19.054896,1.955232,7402,7212,0
54360,18,13,0,32,1,19.057452,1.955496,7402,7215,0
54370,12,18,0,31,1,19.060331,1.955834,7404,7229,0
54380,7,5,0,13,1,19.060002,1.955787,7404,7229,0
54390,3,2,0,6,1,19.057861,1.955584,7404,7229,0
54400,0,0,0,1,1,19.055060,1.955313,7404,7229,0
54410,0,0,0,1,1,19.052240,1.955054,7404,7229,0
54420,1,1,0,3,1,19.049144,1.954746,7404,7229,0
54430,12,13,1,27,1,19.047102,1.954512,7404,7229,0
54440,9,20,1,31,1,19.048905,1.954673,7404,7230,0
54450,1,2,0,4,1,19.048868,1.954700,7404,7230,0
54460,8,10,0,19,1,19.046238,1.954380,7404,7230,0
54470,9,11,0,21,1,19.047589,1.954510,7404,7230,0
54480,14,11,0,26,1,19.048805,1.954599,7408,7230,0
54490,7,10,0,18,1,19.048542,1.954600,7408,7230,0
54500,0,0,0,1,1,19.047204,1.954479,7408,7230,0
54510,2,2,0,5,1,19.044175,1.954199,7408,7230,0
54520,2,3,0,6,1,19.041258,1.953924,7408,7230,0
54530,2,2,2,7,1,19.038319,1.953664,7408,7230,0
54540,1,1,0,3,1,19.035700,1.953430,7408,7230,0
54550,8,10,0,19,1,19.034220,1.953273,7408,7230,0
54560,2,6,1,10,1,19.034619,1.953286,7408,7230,0
54570,13,12,0,26,1,19.033949,1.953163,7408,7230,0
54580,20,17,0,38,1,19.037093,1.953477,7410,7242,0
54590,9,11,0,21,1,19.039698,1.953786,7411,7251,0
54600,20,14,1,36,1,19.041321,1.953932,7416,7251,0
54610,14,16,0,31,1,19.044299,1.954236,7421,7255,0
54620,16,18,1,36,1,19.047385,1.954543,7432,7260,0
54630,11,9,1,22,1,19.048724,1.954701,7435,7260,0
54640,11,12,1,25,1,19.048418,1.954645,7435,7260,0
54650,2,3,0,6,1,19.047817,1.954607,7435,7260,0
54660,0,1,0,2,1,19.045771,1.954436,7435,7260,0
54670,0,0,0,1,1,19.044072,1.954245,7435,7260,0
54680,20,16,0,37,1,19.045221,1.954342,7438,7268,0
54690,13,20,1,35,1,19.048107,1.954633,7444,7276,0
54700,7,9,0,17,1,19.049175,1.954810,7444,7280,0
54710,0,2,0,3,1,19.047595,1.954668,7444,7280,0
54720,8,8,0,17,1,19.045897,1.954480,7444,7280,0
54730,8,16,0,25,1,19.046597,1.954514,7446,7280,0
54740,18,10,0,29,1,19.048847,1.954764,7452,7281,0
54750,16,14,0,31,1,19.050799,1.955021,7452,7281,0
54760,19,18,0,38,1,19.052060,1.955145,7453,7281,0
54770,19,13,0,33,1,19.054800,1.955479,7467,7290,0
54780,6,13,1,21,1,19.057326,1.955714,7474,7290,0
54790,10,4,0,15,1,19.056353,1.955598,7474,7290,0
54800,14,16,0,31,1,19.057136,1.955599,7474,7290,0
54810,20,16,0,37,1,19.058852,1.955759,7475,7292,0
54820,7,11,0,19,1,19.060606,1.956079,7487,7294,0
54830,9,12,0,22,1,19.059847,1.955978,7487,7294,0
54840,17,11,1,30,1,19.060864,1.956069,7492,7294,0
54850,12,7,0,20,1,19.062065,1.956143,7492,7294,0
54860,6,5,0,12,1,19.062127,1.956107,7492,7294,0
54870,3,1,0,5,1,19.060029,1.955893,7492,7294,0
54880,3,2,0,6,1,19.057164,1.955597,7492,7294,0
54890,0,0,0,1,1,19.054291,1.955333,7492,7294,0
54900,10,13,0,24,1,19.054248,1.955290,7492,7294,0
54910,6,15,0,22,1,19.055792,1.955465,7492,7294,0
54920,0,0,0,0,0,19.054809,1.955391,7492,7294,0
54930,2,3,0,6,1,19.052156,1.955128,7492,7294,0
54940,6,5,0,12,1,19.050167,1.954900,7492,7294,0
54950,18,16,0,35,1,19.050667,1.954865,7492,7297,0
54960,8,6,0,15,1,19.052860,1.955114,7496,7305,0
54970,7,10,0,18,1,19.051858,1.954965,7496,7305,0
54980,0,1,0,2,1,19.050480,1.954818,7496,7305,0
54990,1,2,0,4,1,19.047419,1.954513,7496,7305,0
55000,1,1,0,3,1,19.044438,1.954245,7496,7305,0
55010,3,2,0,6,1,19.041564,1.953974,7496,7305,0
55020,10,7,0,18,1,19.040243,1.953843,7496,7305,0
55030,6,7,0,14,1,19.039014,1.953741,7496,7305,0
55040,5,4,0,10,1,19.037419,1.953593,7496,7305,0
55050,4,9,0,14,1,19.035337,1.953392,7496,7305,0
55060,10,12,0,23,1,19.035794,1.953379,7496,7305,0
55070,3,8,1,13,1,19.035514,1.953377,7496,7305,0
55080,1,0,0,2,1,19.032639,1.953135,7496,7305,0
55090,5,5,0,11,1,19.031402,1.952991,7496,7305,0
55100,0,2,0,3,1,19.029665,1.952811,7496,7305,0
55110,5,5,0,11,1,19.027228,1.952541,7496,7305,0
55120,0,3,0,4,1,19.024597,1.952294,7496,7305,0
55130,4,4,0,9,1,19.022351,1.952069,7496,7305,0
55140,5,7,0,13,1,19.021289,1.951958,7496,7305,0
55150,8,10,0,19,1,19.021266,1.951896,7496,7305,0
55160,15,15,1,32,1,19.022005,1.951904,7496,7305,0
55170,17,14,0,32,1,19.024161,1.952138,7496,7306,0
55180,16,15,0,32,1,19.025953,1.952349,7497,7306,0
55190,16,20,0,37,1,19.029069,1.952714,7498,7314,0
55200,13,19,1,34,1,19.031784,1.953016,7499,7326,0
55210,18,19,0,38,1,19.033713,1.953208,7501,7326,0
55220,12,7,0,20,1,19.035266,1.953380,7504,7326,0
55230,8,7,0,16,1,19.035643,1.953446,7504,7326,0
55240,17,16,0,34,1,19.036006,1.953448,7504,7326,0
55250,7,4,0,12,1,19.037076,1.953607,7504,7332,0
55260,13,19,0,33,1,19.037889,1.953645,7505,7332,0
55270,13,17,0,31,1,19.039637,1.953866,7505,7332,0
55280,7,4,0,12,1,19.038966,1.953755,7505,7332,0
55290,3,3,0,7,1,19.038192,1.953695,7505,7332,0
55300,4,6,1,12,1,19.035513,1.953469,7505,7332,0
55310,5,7,0,13,1,19.035307,1.953435,7505,7332,0
55320,9,18,0,28,1,19.035439,1.953392,7505,7332,0
55330,9,8,0,18,1,19.035626,1.953388,7505,7332,0
55340,13,6,0,20,1,19.035369,1.953366,7505,7332,0
55350,16,10,0,27,1,19.036910,1.953541,7509,7332,0
55360,0,0,0,0,0,19.036743,1.953587,7509,7332,0
55370,0,2,1,4,1,19.034507,1.953406,7509,7332,0
55380,8,3,0,12,1,19.033036,1.953202,7509,7332,0
55390,15,12,0,28,1,19.032649,1.953128,7509,7332,0
55400,12,13,0,26,1,19.034198,1.953296,7509,7334,0
55410,12,18,0,31,1,19.034623,1.953316,7509,7340,0
55420,12,14,0,27,1,19.036074,1.953513,7515,7340,0
55430,4,2,0,7,1,19.035118,1.953442,7515,7340,0
55440,2,2,0,5,1,19.033127,1.953247,7515,7340,0
55450,1,0,0,2,1,19.030554,1.952984,7515,7340,0
55460,2,2,0,5,1,19.027968,1.952699,7515,7340,0
55470,0,0,0,0,0,19.025548,1.952459,7515,7340,0
55480,1,0,0,2,1,19.022451,1.952197,7515,7340,0
55490,0,1,0,2,1,19.019513,1.951941,7515,7340,0
55500,0,1,0,2,1,19.016889,1.951684,7515,7340,0
55510,6,4,0,11,1,19.014356,1.951458,7515,7340,0
55520,10,12,0,23,1,19.013944,1.951345,7515,7340,0
55530,10,16,0,27,1,19.016712,1.951634,7515,7344,0
55540,14,10,0,25,1,19.018250,1.951801,7515,7345,0
55550,2,2,0,5,1,19.017816,1.951797,7515,7345,0
55560,9,6,0,16,1,19.016117,1.951596,7515,7345,0
55570,11,8,0,20,1,19.015904,1.951579,7515,7345,0
55580,0,2,0,3,1,19.015166,1.951534,7515,7345,0
55590,16,12,0,29,1,19.015075,1.951468,7515,7345,0
55600,15,12,1,29,1,19.016770,1.951640,7517,7345,0
55610,15,14,0,30,1,19.017757,1.951722,7517,7345,0
55620,16,11,0,28,1,19.020373,1.952031,7536,7345,0
55630,10,11,0,22,1,19.021897,1.952200,7536,7345,0
55640,13,15,0,29,1,19.023088,1.952299,7536,7345,0
55650,12,16,0,29,1,19.024966,1.952525,7536,7350,0
55660,18,18,0,37,1,19.027177,1.952714,7536,7351,0
55670,8,12,1,22,1,19.029986,1.953069,7556,7360,0
55680,12,10,0,23,1,19.030814,1.953156,7556,7360,0
55690,5,2,0,8,1,19.028793,1.953007,7556,7360,0
55700,9,4,0,14,1,19.028466,1.952997,7556,7360,0
55710,10,9,0,20,1,19.027990,1.952935,7556,7360,0
55720,6,5,0,12,1,19.028957,1.953018,7556,7360,0
55730,16,13,0,30,1,19.028184,1.952912,7556,7360,0
55740,18,11,1,31,1,19.030154,1.953104,7556,7361,0
55750,11,16,1,29,1,19.032994,1.953433,7567,7366,0
55760,18,10,0,29,1,19.035028,1.953611,7571,7367,0
55770,10,5,0,16,1,19.035509,1.953670,7571,7367,0
55780,3,6,0,10,1,19.035862,1.953740,7571,7367,0
55790,2,1,0,4,1,19.032708,1.953500,7571,7367,0
55800,7,6,0,14,1,19.030598,1.953235,7571,7367,0
55810,9,7,0,17,1,19.029411,1.953100,7571,7367,0
55820,18,15,0,34,1,19.030277,1.953155,7571,7367,0
55830,20,6,1,28,1,19.031546,1.953308,7572,7367,0
55840,4,9,0,14,1,19.031846,1.953308,7574,7367,0
55850,11,9,1,22,1,19.031147,1.953184,7574,7367,0
55860,9,19,0,29,1,19.032591,1.953284,7574,7372,0
55870,8,18,0,27,1,19.034189,1.953471,7574,7380,0
55880,6,3,0,10,1,19.033933,1.953446,7574,7382,0
55890,4,4,0,9,1,19.031541,1.953206,7574,7382,0
55900,2,5,0,8,1,19.029031,1.953018,7574,7382,0
55910,7,6,0,14,1,19.026649,1.952771,7574,7382,0
55920,9,4,0,14,1,19.025221,1.952651,7574,7382,0
55930,6,4,0,11,1,19.023299,1.952491,7574,7382,0
55940,3,2,0,6,1,19.021071,1.952279,7574,7382,0
55950,19,13,0,33,1,19.019751,1.952112,7574,7382,0
55960,9,13,0,23,1,19.020296,1.952166,7574,7385,0
55970,12,6,0,19,1,19.021398,1.952299,7574,7385,0
55980,1,1,0,3,1,19.019555,1.952115,7574,7385,0
55990,2,0,0,3,1,19.016760,1.951822,7574,7385,0
56000,4,2,0,7,1,19.014165,1.951554,7574,7385,0
56010,18,12,0,31,1,19.014056,1.951512,7574,7385,0
56020,15,12,0,28,1,19.016889,1.951865,7591,7388,0
56030,16,6,0,23,1,19.017949,1.951947,7591,7388,0
56040,0,3,0,4,1,19.016021,1.951754,7591,7388,0
56050,8,7,0,16,1,19.014140,1.951509,7591,7388,0
56060,6,2,0,9,1,19.013798,1.951511,7591,7388,0
56070,1,5,0,7,1,19.011583,1.951261,7591,7388,0
56080,11,5,1,18,1,19.010054,1.951055,7591,7388,0
56090,9,12,0,22,1,19.009500,1.950978,7591,7388,0
56100,9,5,0,15,1,19.011155,1.951153,7591,7395,0
56110,1,2,0,4,1,19.008829,1.950923,7591,7395,0
56120,1,0,0,2,1,19.006294,1.950686,7591,7395,0
56130,8,8,0,17,1,19.003768,1.950432,7591,7395,0
56140,1,0,0,2,1,19.003469,1.950442,7591,7395,0
56150,1,2,0,4,1,19.000899,1.950198,7591,7395,0
56160,6,1,0,8,1,18.999103,1.950011,7591,7395,0
56170,7,6,0,14,1,18.998690,1.949970,7591,7395,0
56180,8,8,0,17,1,18.997286,1.949782,7591,7395,0
56190,11,7,1,20,1,18.997463,1.949787,7591,7395,0
56200,8,5,0,14,1,18.998399,1.949934,7596,7395,0
56210,11,9,0,21,1,18.998147,1.949850,7596,7395,0
56220,4,5,0,10,1,18.997021,1.949771,7596,7395,0
56230,0,1,0,2,1,18.996120,1.949705,7596,7395,0
56240,5,3,0,9,1,18.993642,1.949470,7596,7395,0
56250,9,13,0,23,1,18.993529,1.949407,7596,7395,0
56260,0,0,0,0,0,18.992565,1.949377,7596,7395,0
56270,5,7,0,13,1,18.990114,1.949130,7596,7395,0
56280,19,19,1,40,1,18.991732,1.949241,7596,7405,0
56290,4,3,0,8,1,18.991662,1.949282,7598,7405,0
56300,3,3,0,7,1,18.988781,1.949034,7598,7405,0
56310,6,10,1,18,1,18.988198,1.948947,7598,7405,0
56320,3,4,0,8,1,18.988108,1.948964,7598,7405,0
56330,2,3,0,6,1,18.985232,1.948674,7598,7405,0
56340,6,3,0,10,1,18.983126,1.948459,7598,7405,0
56350,1,0,0,2,1,18.981112,1.948240,7598,7405,0
56360,1,1,0,3,1,18.978886,1.948020,7598,7405,0
56370,1,0,0,2,1,18.976003,1.947729,7598,7405,0
56380,0,0,0,0,0,18.973166,1.947461,7598,7405,0
56390,4,0,0,5,1,18.970442,1.947204,7598,7405,0
56400,1,0,0,2,1,18.967949,1.947006,7598,7405,0
56410,10,7,1,19,1,18.967003,1.946854,7598,7405,0
56420,9,6,0,16,1,18.965408,1.946671,7598,7405,0
56430,8,11,1,21,1,18.966548,1.946782,7598,7405,0
56440,15,12,0,28,1,18.967839,1.946888,7598,7406,0
56450,8,11,1,21,1,18.969594,1.947066,7598,7412,0
56460,18,13,0,32,1,18.971605,1.947199,7598,7412,0
56470,4,1,0,6,1,18.972569,1.947317,7598,7413,0
56480,15,11,0,27,1,18.972756,1.947260,7599,7413,0
56490,20,20,0,41,1,18.975579,1.947583,7614,7419,0
56500,7,9,0,17,1,18.977376,1.947784,7617,7421,0
56510,5,10,0,16,1,18.978331,1.947862,7617,7424,0
56520,1,1,0,3,1,18.976676,1.947697,7617,7424,0
56530,10,9,0,20,1,18.974752,1.947445,7617,7424,0
56540,14,20,0,35,1,18.975323,1.947512,7617,7425,0
56550,6,4,1,12,1,18.975926,1.947603,7617,7427,0
56560,7,8,0,16,1,18.975048,1.947497,7617,7427,0
56570,16,19,0,36,1,18.976485,1.947590,7625,7428,0
56580,15,19,1,36,1,18.979365,1.947919,7629,7439,0
56590,15,17,1,34,1,18.982022,1.948193,7632,7441,0
56600,6,10,1,18,1,18.983413,1.948327,7632,7445,0
56610,0,1,0,2,1,18.983103,1.948321,7632,7445,0
56620,0,4,1,6,1,18.981374,1.948092,7632,7445,0
56630,2,4,0,7,1,18.979758,1.947903,7632,7445,0
56640,10,7,0,18,1,18.978999,1.947827,7632,7445,0
56650,15,14,0,30,1,18.980085,1.947912,7632,7445,0
56660,10,13,0,24,1,18.981256,1.948019,7632,7447,0
56670,8,8,1,18,1,18.980861,1.947987,7632,7447,0
56680,12,11,0,24,1,18.981780,1.948065,7632,7454,0
56690,19,14,0,34,1,18.983883,1.948198,7633,7454,0
56700,7,13,0,21,1,18.985529,1.948386,7635,7454,0
56710,11,9,0,21,1,18.986206,1.948482,7635,7454,0
56720,0,0,0,0,0,18.984567,1.948319,7635,7454,0
56730,4,5,0,10,1,18.982916,1.948130,7635,7454,0
56740,4,3,0,8,1,18.981514,1.947984,7635,7454,0
56750,1,0,0,2,1,18.979201,1.947741,7635,7454,0
56760,6,8,0,15,1,18.977443,1.947559,7635,7454,0
56770,6,3,0,10,1,18.975715,1.947390,7635,7454,0
56780,11,8,0,20,1,18.973254,1.947157,7635,7454,0
56790,13,12,1,27,1,18.974943,1.947310,7635,7454,0
56800,14,18,0,33,1,18.977240,1.947558,7639,7454,0
56810,20,14,0,35,1,18.979950,1.947817,7648,7454,0
56820,14,12,0,27,1,18.981008,1.947927,7650,7454,0
56830,18,6,0,25,1,18.981785,1.947952,7650,7454,0
56840,5,12,0,18,1,18.981553,1.947923,7650,7454,0
56850,11,17,0,29,1,18.982562,1.947989,7650,7454,0
56860,15,12,1,29,1,18.984379,1.948152,7650,7454,0
56870,5,4,0,10,1,18.985206,1.948313,7650,7454,0
56880,4,8,0,13,1,18.982605,1.948019,7650,7454,0
56890,19,9,0,29,1,18.982138,1.947980,7650,7454,0
56900,17,15,1,34,1,18.984390,1.948216,7656,7456,0
56910,14,15,2,32,1,18.987122,1.948487,7659,7468,0
56920,10,13,0,24,1,18.987732,1.948531,7659,7468,0
56930,15,18,0,34,1,18.990346,1.948804,7659,7475,0
56940,10,9,0,20,1,18.991375,1.948922,7659,7475,0
56950,3,0,0,4,1,18.990933,1.948846,7659,7475,0
56960,8,5,0,14,1,18.988999,1.948632,7659,7475,0
56970,17,17,0,35,1,18.989721,1.948644,7663,7477,0
56980,19,10,0,30,1,18.992587,1.949000,7672,7484,0
56990,4,3,0,8,1,18.991184,1.948882,7672,7484,0
57000,2,4,0,7,1,18.988493,1.948618,7672,7484,0
57010,2,3,0,6,1,18.986376,1.948395,7672,7484,0
57020,7,13,1,22,1,18.986910,1.948413,7672,7484,0
57030,9,16,1,27,1,18.987731,1.948428,7672,7484,0
57040,17,14,0,32,1,18.990093,1.948644,7681,7487,0
57050,13,16,0,30,1,18.991820,1.948848,7681,7487,0
57060,2,5,0,8,1,18.990795,1.948804,7681,7487,0
57070,4,0,0,5,1,18.988717,1.948592,7681,7487,0
57080,13,19,0,33,1,18.989413,1.948637,7681,7487,0
57090,16,13,0,30,1,18.992007,1.948908,7685,7494,0
57100,10,6,0,17,1,18.994207,1.949157,7689,7495,0
57110,18,10,0,29,1,18.994947,1.949203,7691,7495,0
57120,13,12,0,26,1,18.996696,1.949380,7692,7495,0
57130,10,7,1,19,1,18.996584,1.949367,7692,7495,0
57140,0,1,0,2,1,18.994164,1.949165,7692,7495,0
57150,13,20,0,34,1,18.994261,1.949128,7692,7497,0
57160,13,17,0,31,1,18.996093,1.949311,7692,7500,0
57170,9,4,0,14,1,18.995105,1.949260,7692,7500,0
57180,0,0,0,1,1,18.994469,1.949193,7692,7500,0
57190,4,4,0,9,1,18.992001,1.948913,7692,7500,0
57200,10,6,0,17,1,18.991139,1.948756,7692,7500,0
57210,9,11,0,21,1,18.991683,1.948813,7692,7500,0
57220,12,16,0,29,1,18.992375,1.948785,7692,7500,0
57230,20,20,0,41,1,18.995204,1.949035,7705,7515,0
57240,17,16,1,35,1,18.997712,1.949297,7712,7515,0
57250,15,16,0,32,1,19.000072,1.949544,7713,7515,0
57260,15,12,1,29,1,19.002361,1.949802,7717,7517,0
57270,19,19,0,39,1,19.004641,1.950027,7723,7520,0
57280,17,15,1,34,1,19.007858,1.950411,7729,7530,0
57290,10,20,0,31,1,19.009990,1.950617,7735,7534,0
57300,12,15,0,28,1,19.012596,1.950925,7741,7545,0
57310,14,9,0,24,1,19.012654,1.950880,7741,7545,0
57320,8,17,0,26,1,19.014839,1.951127,7745,7546,0
57330,4,6,0,11,1,19.014259,1.951104,7745,7546,0
57340,14,8,0,23,1,19.013446,1.951064,7745,7546,0
57350,10,6,0,17,1,19.013022,1.951053,7745,7546,0
57360,9,4,0,14,1,19.011617,1.950904,7745,7546,0
57370,1,3,0,5,1,19.009414,1.950728,7745,7546,0
57380,6,0,0,7,1,19.008067,1.950623,7745,7546,0
57390,9,10,0,20,1,19.007440,1.950497,7745,7546,0
57400,8,17,1,27,1,19.008488,1.950571,7745,7546,0
57410,5,8,0,14,1,19.008462,1.950588,7745,7546,0
57420,2,2,0,5,1,19.006110,1.950372,7745,7546,0
57430,9,8,1,19,1,19.004880,1.950248,7745,7546,0
57440,3,1,0,5,1,19.004192,1.950231,7745,7546,0
57450,18,15,0,34,1,19.004371,1.950160,7747,7546,0
57460,18,18,2,39,1,19.005930,1.950287,7747,7546,0
57470,20,19,0,40,1,19.009144,1.950629,7759,7558,0
57480,12,9,0,22,1,19.010732,1.950835,7760,7567,0
57490,10,19,0,30,1,19.011639,1.950905,7760,7567,0
57500,18,19,1,39,1,19.014436,1.951177,7767,7573,0
57510,18,20,0,39,1,19.017229,1.951482,7780,7578,0
57520,16,13,0,30,1,19.019523,1.951733,7783,7583,0
57530,20,19,0,40,1,19.022338,1.952037,7800,7583,0
57540,9,18,0,28,1,19.025504,1.952437,7823,7601,0
57550,18,17,0,36,1,19.027477,1.952613,7823,7602,0
57560,9,8,0,18,1,19.028722,1.952746,7827,7602,0
57570,8,8,0,17,1,19.028199,1.952676,7827,7602,0
57580,11,13,1,26,1,19.029397,1.952784,7827,7605,0
57590,4,2,0,7,1,19.029350,1.952787,7827,7605,0
57600,8,10,0,19,1,19.028138,1.952633,7827,7605,0
57610,9,13,0,23,1,19.028617,1.952670,7827,7605,0
57620,20,17,0,38,1,19.031470,1.952916,7831,7613,0
57630,5,7,0,13,1,19.032356,1.953046,7832,7613,0
57640,5,10,0,16,1,19.031282,1.952941,7832,7613,0
57650,2,8,1,12,1,19.029867,1.952784,7832,7613,0
57660,9,15,0,25,1,19.029532,1.952702,7832,7613,0
57670,4,6,1,12,1,19.029491,1.952734,7832,7613,0
57680,4,6,0,11,1,19.027575,1.952497,7832,7613,0
57690,10,8,0,19,1,19.028187,1.952548,7832,7613,0
57700,1,0,0,2,1,19.026771,1.952432,7832,7613,0
57710,0,1,0,2,1,19.024049,1.952144,7832,7613,0
57720,14,20,1,36,1,19.023874,1.952034,7833,7616,0
57730,9,17,0,27,1,19.026022,1.952290,7837,7617,0
57740,9,7,1,18,1,19.027430,1.952405,7838,7617,0
57750,6,9,0,16,1,19.027775,1.952432,7838,7617,0
57760,4,4,0,9,1,19.026714,1.952318,7838,7617,0
57770,15,7,0,23,1,19.026651,1.952278,7838,7617,0
57780,18,12,1,32,1,19.028877,1.952494,7841,7624,0
57790,7,13,0,21,1,19.030321,1.952679,7843,7627,0
57800,13,10,0,24,1,19.030288,1.952666,7843,7627,0
57810,20,16,0,37,1,19.032046,1.952880,7846,7627,0
57820,17,13,0,31,1,19.033714,1.953077,7855,7627,0
57830,18,9,1,29,1,19.035757,1.953322,7855,7628,0
57840,14,11,1,27,1,19.037227,1.953478,7855,7630,0
57850,17,20,0,38,1,19.039503,1.953686,7855,7637,0
57860,19,10,0,30,1,19.041001,1.953865,7856,7639,0
57870,18,15,0,34,1,19.043105,1.954117,7860,7644,0
57880,12,16,0,29,1,19.044761,1.954299,7863,7644,0
57890,14,11,0,26,1,19.046665,1.954517,7863,7649,0
57900,11,9,0,21,1,19.047758,1.954627,7863,7649,0
57910,13,10,0,24,1,19.047470,1.954558,7863,7649,0
57920,9,10,0,20,1,19.048520,1.954657,7864,7649,0
57930,6,9,0,16,1,19.048621,1.954624,7864,7649,0
57940,0,0,0,0,0,19.046376,1.954450,7864,7649,0
57950,0,1,0,2,1,19.043427,1.954184,7864,7649,0
57960,6,7,1,15,1,19.042136,1.954025,7864,7649,0
57970,15,11,1,28,1,19.044639,1.954266,7878,7651,0
57980,8,10,0,19,1,19.045381,1.954340,7878,7651,0
57990,12,4,0,17,1,19.045541,1.954355,7878,7651,0
58000,0,0,0,1,1,19.043707,1.954189,7878,7651,0
58010,5,1,0,7,1,19.041117,1.953925,7878,7651,0
58020,8,4,0,13,1,19.039985,1.953783,7878,7651,0
58030,2,7,0,10,1,19.039743,1.953711,7878,7651,0
58040,12,13,1,27,1,19.039536,1.953695,7878,7651,0
58050,11,9,0,21,1,19.040503,1.953795,7878,7651,0
58060,18,10,0,29,1,19.041930,1.953919,7879,7656,0
58070,15,12,2,30,1,19.042582,1.954019,7879,7656,0
58080,20,19,0,40,1,19.045232,1.954292,7887,7663,0
58090,16,19,0,36,1,19.047844,1.954559,7892,7663,0
58100,9,7,1,18,1,19.050561,1.954863,7898,7682,0
58110,15,14,0,30,1,19.050202,1.954766,7898,7682,0
58120,16,20,0,37,1,19.052322,1.954988,7899,7693,0
58130,9,15,0,25,1,19.053918,1.955181,7902,7695,0
58140,17,15,0,33,1,19.055936,1.955348,7902,7695,0
58150,7,6,0,14,1,19.055588,1.955352,7902,7695,0
58160,10,4,0,15,1,19.054741,1.955288,7902,7695,0
58170,5,1,0,7,1,19.052266,1.955042,7902,7695,0
58180,3,4,0,8,1,19.050119,1.954827,7902,7695,0
58190,3,5,1,10,1,19.047336,1.954539,7902,7695,0
58200,14,11,0,26,1,19.045835,1.954366,7902,7695,0
58210,9,12,1,23,1,19.047815,1.954623,7902,7700,0
58220,4,6,0,11,1,19.048465,1.954756,7902,7700,0
58230,1,2,0,4,1,19.045632,1.954474,7902,7700,0
58240,7,6,0,14,1,19.044974,1.954374,7902,7700,0
58250,19,17,1,38,1,19.046634,1.954507,7902,7705,0
58260,13,16,0,30,1,19.049702,1.954851,7910,7713,0
58270,16,16,1,34,1,19.052282,1.955118,7910,7722,0
58280,13,17,1,32,1,19.055343,1.955458,7916,7729,0
58290,18,6,0,25,1,19.057292,1.955676,7917,7730,0
58300,16,20,1,38,1,19.059091,1.955811,7917,7736,0
58310,15,19,0,35,1,19.062127,1.956203,7931,7744,0
58320,11,11,0,23,1,19.064622,1.956437,7936,7750,0
58330,11,11,0,23,1,19.066106,1.956580,7936,7750,0
58340,10,14,1,26,1,19.067898,1.956762,7936,7752,0
58350,9,10,0,20,1,19.068654,1.956827,7936,7752,0
58360,5,4,0,10,1,19.068055,1.956788,7936,7752,0
58370,9,13,0,23,1,19.068342,1.956812,7936,7752,0
58380,17,6,0,24,1,19.067785,1.956722,7936,7752,0
58390,4,5,0,10,1,19.068261,1.956783,7936,7752,0
58400,12,12,0,25,1,19.068717,1.956831,7936,7753,0
58410,15,13,0,29,1,19.070438,1.956954,7940,7753,0
58420,13,11,0,25,1,19.071255,1.957033,7940,7753,0
58430,18,19,1,39,1,19.073136,1.957172,7947,7762,0
58440,14,10,0,25,1,19.075895,1.957478,7949,7769,0
58450,6,7,0,14,1,19.075547,1.957447,7949,7769,0
58460,1,0,0,2,1,19.073304,1.957260,7949,7769,0
58470,12,10,1,24,1,19.072785,1.957180,7949,7769,0
58480,0,1,0,2,1,19.071223,1.957073,7949,7769,0
58490,1,0,0,2,1,19.068566,1.956830,7949,7769,0
58500,10,9,0,20,1,19.066859,1.956625,7949,7769,0
58510,0,3,0,4,1,19.066402,1.956532,7949,7769,0
58520,5,10,0,16,1,19.065041,1.956390,7949,7769,0
58530,20,11,0,32,1,19.066045,1.956429,7951,7769,0
58540,19,18,1,39,1,19.068573,1.956694,7966,7774,0
58550,20,20,1,42,1,19.071424,1.957005,7972,7790,0
58560,13,8,0,22,1,19.073002,1.957230,7975,7792,0
58570,12,7,1,21,1,19.073210,1.957263,7975,7792,0
58580,14,17,0,32,1,19.073861,1.957315,7975,7792,0
58590,11,14,0,26,1,19.075835,1.957464,7975,7792,0
58600,16,16,1,34,1,19.077127,1.957588,7975,7793,0
58610,0,0,0,0,0,19.076201,1.957539,7976,7793,0
58620,0,0,0,1,1,19.073883,1.957248,7976,7793,0
58630,9,4,0,14,1,19.072586,1.957082,7976,7793,0
58640,0,0,0,0,0,19.071091,1.956944,7976,7793,0
58650,9,3,0,13,1,19.069251,1.956763,7976,7793,0
58660,4,2,0,7,1,19.067348,1.956611,7976,7793,0
58670,9,10,1,21,1,19.067403,1.956549,7976,7793,0
58680,15,7,1,24,1,19.068655,1.956662,7976,7796,0
58690,2,9,0,12,1,19.067695,1.956593,7976,7796,0
58700,7,9,0,17,1,19.065753,1.956388,7976,7796,0
58710,7,8,0,16,1,19.066026,1.956411,7976,7796,0
58720,14,10,1,26,1,19.065928,1.956331,7976,7796,0
58730,15,20,0,36,1,19.067500,1.956480,7978,7796,0
58740,16,11,0,28,1,19.069454,1.956668,7978,7798,0
58750,20,20,0,41,1,19.072287,1.956930,7990,7812,0
58760,17,15,0,33,1,19.075162,1.957267,7999,7823,0
58770,12,17,0,30,1,19.077614,1.957555,8004,7826,0
58780,5,3,0,9,1,19.076901,1.957507,8004,7826,0
58790,10,9,0,20,1,19.076619,1.957449,8004,7826,0
58800,4,13,1,19,1,19.076101,1.957425,8004,7826,0
58810,11,8,0,20,1,19.076598,1.957491,8004,7826,0
58820,12,8,0,21,1,19.077036,1.957520,8004,7826,0
58830,13,10,1,25,1,19.078204,1.957611,8004,7828,0
58840,11,16,0,28,1,19.081183,1.957939,8019,7841,0
58850,13,9,0,23,1,19.083096,1.958099,8023,7848,0
58860,16,15,0,32,1,19.084564,1.958214,8023,7848,0
58870,13,9,1,24,1,19.085991,1.958399,8024,7848,0
58880,8,5,0,14,1,19.086354,1.958421,8024,7848,0
58890,6,3,0,10,1,19.084182,1.958223,8024,7848,0
58900,2,1,1,5,1,19.082551,1.958044,8024,7848,0
58910,0,0,0,0,0,19.080356,1.957848,8024,7848,0
58920,15,8,0,24,1,19.080693,1.957839,8029,7848,0
58930,9,9,0,19,1,19.080615,1.957870,8029,7848,0
58940,14,17,0,32,1,19.081709,1.957926,8029,7848,0
58950,9,7,1,18,1,19.081947,1.957959,8029,7848,0
58960,6,10,0,17,1,19.080744,1.957875,8029,7848,0
58970,9,5,0,15,1,19.079333,1.957735,8029,7848,0
58980,5,11,0,17,1,19.078494,1.957620,8029,7848,0
58990,14,10,1,26,1,19.078898,1.957601,8029,7848,0
59000,5,7,0,13,1,19.078806,1.957590,8029,7848,0
59010,2,1,0,4,1,19.077437,1.957472,8029,7848,0
59020,2,2,0,5,1,19.074942,1.957244,8029,7848,0
59030,3,6,0,10,1,19.073562,1.957101,8029,7848,0
59040,4,10,0,15,1,19.071159,1.956883,8029,7848,0
59050,11,13,1,26,1,19.071147,1.956839,8029,7848,0
59060,13,14,0,28,1,19.072509,1.956953,8029,7848,0
59070,8,10,1,20,1,19.072401,1.956974,8029,7848,0
59080,8,5,0,14,1,19.072627,1.957047,8029,7848,0
59090,2,1,0,4,1,19.071146,1.956893,8029,7848,0
59100,4,3,0,8,1,19.069685,1.956745,8029,7848,0
59110,1,3,0,5,1,19.067008,1.956478,8029,7848,0
59120,3,3,0,7,1,19.064949,1.956296,8029,7848,0
59130,10,8,0,19,1,19.063081,1.956095,8029,7848,0
59140,1,2,0,4,1,19.061410,1.955956,8029,7848,0
59150,20,17,0,38,1,19.062315,1.955993,8032,7853,0
59160,19,20,0,40,1,19.065473,1.956329,8043,7865,0
59170,10,9,0,20,1,19.067195,1.956527,8045,7866,0
59180,0,0,0,1,1,19.065994,1.956449,8045,7866,0
59190,2,5,0,8,1,19.063867,1.956240,8045,7866,0
59200,2,3,0,6,1,19.062328,1.956063,8045,7866,0
59210,15,8,0,24,1,19.061690,1.955948,8045,7866,0
59220,11,6,0,18,1,19.063895,1.956200,8051,7871,0
59230,6,9,0,16,1,19.063001,1.956035,8051,7871,0
59240,6,12,0,19,1,19.062324,1.955974,8051,7871,0
59250,12,14,2,29,1,19.063022,1.955979,8051,7871,0
59260,18,16,0,35,1,19.063912,1.956008,8051,7871,0
59270,18,17,1,37,1,19.066814,1.956327,8057,7892,0
59280,10,11,2,24,1,19.068989,1.956606,8065,7902,0
59290,17,20,1,39,1,19.071106,1.956842,8068,7905,0
59300,18,18,0,37,1,19.074084,1.957166,8083,7921,0
59310,6,3,0,10,1,19.074281,1.957249,8089,7921,0
59320,2,2,0,5,1,19.072608,1.957092,8089,7921,0
59330,0,2,0,3,1,19.070678,1.956916,8089,7921,0
59340,3,1,0,5,1,19.067939,1.956677,8089,7921,0
59350,8,12,0,21,1,19.066859,1.956558,8089,7921,0
59360,9,9,0,19,1,19.066901,1.956546,8090,7921,0
59370,17,14,1,33,1,19.069319,1.956772,8097,7928,0
59380,16,18,2,37,1,19.071186,1.956966,8097,7928,0
59390,10,14,0,25,1,19.073649,1.957196,8102,7933,0
59400,6,12,1,20,1,19.074502,1.957278,8104,7933,0
59410,4,8,0,13,1,19.074162,1.957218,8104,7933,0
59420,2,7,0,10,1,19.072158,1.957021,8104,7933,0
59430,8,9,0,18,1,19.070455,1.956793,8104,7933,0
59440,12,14,0,27,1,19.072051,1.956918,8104,7934,0
59450,14,14,0,29,1,19.073542,1.957059,8107,7934,0
59460,0,4,0,5,1,19.072736,1.957029,8107,7934,0
59470,4,4,1,10,1,19.070256,1.956779,8107,7934,0
59480,11,8,1,21,1,19.069028,1.956655,8107,7934,0
59490,20,15,1,37,1,19.070572,1.956764,8109,7934,0
59500,12,16,1,30,1,19.073571,1.957080,8125,7941,0
59510,10,16,0,27,1,19.075233,1.957242,8125,7948,0
59520,13,17,0,31,1,19.076730,1.957377,8126,7950,0
59530,11,15,0,27,1,19.077974,1.957483,8126,7954,0
59540,20,20,0,41,1,19.079648,1.957632,8127,7957,0
59550,17,18,3,39,1,19.082865,1.957967,8141,7973,0
59560,12,12,0,25,1,19.085080,1.958203,8141,7974,0
59570,8,11,1,21,1,19.085082,1.958221,8141,7974,0
59580,10,12,1,24,1,19.084932,1.958194,8141,7974,0
59590,9,14,0,24,1,19.085907,1.958249,8141,7978,0
59600,3,6,0,10,1,19.086074,1.958240,8141,7978,0
59610,7,2,0,10,1,19.083547,1.957979,8141,7978,0
59620,7,14,1,23,1,19.084094,1.957993,8141,7978,0
59630,15,18,0,34,1,19.085884,1.958151,8141,7979,0
59640,20,20,0,41,1,19.087915,1.958355,8145,7980,0
59650,16,10,0,27,1,19.089527,1.958589,8145,7981,0
59660,10,13,0,24,1,19.090645,1.958702,8145,7981,0
59670,14,7,0,22,1,19.090797,1.958719,8145,7981,0
59680,4,5,0,10,1,19.089265,1.958587,8145,7981,0
59690,0,0,0,1,1,19.086941,1.958374,8145,7981,0
59700,10,10,0,21,1,19.085142,1.958160,8145,7981,0
59710,13,11,0,25,1,19.086720,1.958320,8145,7987,0
59720,2,0,0,3,1,19.085515,1.958218,8145,7987,0
59730,4,5,0,10,1,19.083309,1.958000,8145,7987,0
59740,20,19,0,40,1,19.084815,1.958120,8147,7990,0
59750,1,3,0,5,1,19.084609,1.958174,8152,7990,0
59760,2,4,0,7,1,19.082658,1.957932,8152,7990,0
59770,7,6,0,14,1,19.081862,1.957835,8152,7990,0
59780,2,0,0,3,1,19.079304,1.957607,8152,7990,0
59790,2,3,0,6,1,19.076501,1.957325,8152,7990,0
59800,4,3,0,8,1,19.074074,1.957114,8152,7990,0
59810,3,1,0,5,1,19.073420,1.957049,8152,7990,0
59820,12,4,0,17,1,19.071320,1.956808,8152,7990,0
59830,14,12,0,27,1,19.072013,1.956864,8153,7990,0
59840,9,15,0,25,1,19.072645,1.956913,8153,7990,0
59850,5,3,1,10,1,19.072626,1.956920,8153,7990,0
59860,11,16,0,28,1,19.072423,1.956850,8153,7990,0
59870,16,15,0,32,1,19.074891,1.957091,8158,7994,0
59880,16,13,0,30,1,19.076886,1.957308,8161,7994,0
59890,16,14,0,31,1,19.078844,1.957547,8161,7995,0
59900,20,20,0,41,1,19.081894,1.957909,8165,8004,0
59910,20,16,0,37,1,19.084647,1.958233,8176,8013,0
59920,12,18,1,32,1,19.086844,1.958430,8182,8014,0
59930,11,15,1,28,1,19.088984,1.958691,8184,8016,0
59940,13,7,0,21,1,19.089873,1.958777,8184,8016,0
59950,1,6,0,8,1,19.089153,1.958725,8184,8016,0
59960,7,6,0,14,1,19.087605,1.958527,8184,8016,0
59970,4,8,0,13,1,19.085691,1.958309,8184,8016,0
59980,3,1,0,5,1,19.083511,1.958093,8184,8016,0
59990,4,6,1,12,1,19.082673,1.957979,8184,8016,0
60000,3,3,0,7,1,19.080578,1.957782,8184,8016,0
60010,4,3,0,8,1,19.078260,1.957506,8184,8016,0
60020,3,1,0,5,1,19.076727,1.957313,8184,8016,0
60030,0,0,0,0,0,19.074172,1.957086,8184,8016,0
60040,0,0,0,0,0,19.072217,1.956890,8184,8016,0
60050,0,0,0,1,1,19.070622,1.956715,8184,8016,0
60060,1,0,0,2,1,19.067917,1.956486,8184,8016,0
60070,3,2,0,6,1,19.065167,1.956215,8184,8016,0
60080,0,4,1,6,1,19.062519,1.955958,8184,8016,0
60090,3,5,0,9,1,19.059921,1.955713,8184,8016,0
60100,13,4,2,20,1,19.058488,1.955541,8184,8016,0
60110,13,11,0,25,1,19.060447,1.955744,8193,8016,0
60120,0,0,0,0,0,19.059469,1.955678,8193,8016,0
60130,5,4,0,10,1,19.057534,1.955461,8193,8016,0
60140,8,11,0,20,1,19.055642,1.955302,8193,8016,0
60150,15,19,0,35,1,19.057234,1.955433,8193,8023,0
60160,13,12,1,27,1,19.059827,1.955724,8200,8025,0
60170,17,18,1,37,1,19.061414,1.955875,8200,8027,0
60180,12,9,0,22,1,19.061983,1.955902,8200,8027,0
60190,18,16,0,35,1,19.064173,1.956111,8205,8027,0
60200,14,17,0,32,1,19.066585,1.956421,8212,8033,0
60210,4,9,0,14,1,19.067554,1.956528,8218,8033,0
60220,4,1,0,6,1,19.066501,1.956392,8218,8033,0
60230,11,6,0,18,1,19.064880,1.956233,8218,8033,0
60240,3,1,0,5,1,19.063986,1.956180,8218,8033,0
60250,9,7,1,18,1,19.064021,1.956148,8220,8033,0
60260,11,12,1,25,1,19.065369,1.956255,8220,8033,0
60270,12,17,0,30,1,19.066555,1.956381,8221,8033,0
60280,17,16,0,34,1,19.069155,1.956666,8241,8037,0
60290,10,11,1,23,1,19.070449,1.956874,8248,8037,0
60300,14,7,0,22,1,19.070616,1.956919,8248,8037,0
60310,8,15,0,24,1,19.071409,1.957035,8248,8037,0
60320,18,17,0,36,1,19.072916,1.957142,8248,8039,0
60330,9,9,0,19,1,19.073555,1.957252,8260,8039,0
60340,0,0,0,1,1,19.071170,1.957089,8260,8039,0
60350,14,8,1,24,1,19.070618,1.956974,8260,8039,0
60360,7,4,0,12,1,19.069089,1.956795,8260,8039,0
60370,7,6,0,14,1,19.068027,1.956677,8260,8039,0
60380,8,4,1,14,1,19.066475,1.956559,8260,8039,0
60390,2,3,0,6,1,19.064427,1.956391,8260,8039,0
60400,10,9,0,20,1,19.064301,1.956363,8260,8039,0
60410,18,8,0,27,1,19.065796,1.956518,8260,8039,0
60420,17,17,0,35,1,19.065672,1.956526,8260,8039,0
60430,7,3,0,11,1,19.066240,1.956606,8260,8039,0
60440,2,6,1,10,1,19.064474,1.956426,8260,8039,0
60450,3,0,1,5,1,19.063160,1.956260,8260,8039,0
60460,6,1,0,8,1,19.060756,1.956014,8260,8039,0
60470,2,2,0,5,1,19.058339,1.955781,8260,8039,0
60480,14,10,0,25,1,19.058174,1.955733,8260,8039,0
60490,11,12,1,25,1,19.058781,1.955760,8260,8039,0
60500,1,5,0,7,1,19.056774,1.955565,8260,8039,0
60510,0,3,0,4,1,19.056274,1.955496,8260,8039,0
60520,2,4,0,7,1,19.053675,1.955264,8260,8039,0
60530,1,1,0,3,1,19.051041,1.955005,8260,8039,0
60540,15,7,0,23,1,19.049887,1.954835,8260,8039,0
60550,15,12,0,28,1,19.051970,1.955093,8264,8044,0
60560,19,14,2,36,1,19.054035,1.955313,8266,8050,0
60570,20,18,0,39,1,19.056570,1.955575,8269,8056,0
60580,13,14,0,28,1,19.058897,1.955878,8280,8067,0
60590,6,11,0,18,1,19.059121,1.955916,8280,8067,0
60600,4,2,0,7,1,19.057722,1.955774,8280,8067,0
60610,6,5,0,12,1,19.055770,1.955608,8280,8067,0
60620,11,9,0,21,1,19.055535,1.955552,8280,8067,0
60630,15,15,0,31,1,19.056833,1.955693,8280,8067,0
60640,5,10,2,18,1,19.057126,1.955741,8280,8067,0
60650,8,3,1,13,1,19.055705,1.955594,8280,8067,0
60660,6,8,0,15,1,19.054243,1.955429,8280,8067,0
60670,2,5,0,8,1,19.053364,1.955340,8280,8067,0
60680,9,4,0,14,1,19.051497,1.955163,8280,8067,0
60690,13,16,0,30,1,19.052776,1.955296,8281,8067,0
60700,16,18,0,35,1,19.055381,1.955571,8284,8072,0
60710,13,5,0,19,1,19.056699,1.955738,8293,8077,0
60720,5,12,0,18,1,19.055962,1.955624,8293,8077,0
60730,13,12,0,26,1,19.056722,1.955654,8293,8077,0
60740,20,13,1,35,1,19.058414,1.955776,8298,8077,0
60750,14,9,0,24,1,19.060844,1.956086,8308,8089,0
60760,17,4,0,22,1,19.062304,1.956201,8308,8089,0
60770,10,10,0,21,1,19.062911,1.956265,8308,8089,0
60780,17,12,0,30,1,19.063719,1.956306,8308,8089,0
60790,5,3,0,9,1,19.062642,1.956201,8308,8089,0
60800,0,0,0,0,0,19.061049,1.956075,8308,8089,0
60810,1,5,0,7,1,19.058239,1.955818,8308,8089,0
60820,8,8,0,17,1,19.056551,1.955613,8308,8089,0
60830,9,1,1,12,1,19.056993,1.955647,8308,8089,0
60840,10,18,2,31,1,19.057761,1.955681,8308,8092,0
60850,13,8,0,22,1,19.059930,1.955928,8311,8092,0
60860,17,19,0,37,1,19.062099,1.956129,8319,8106,0
60870,14,18,0,33,1,19.064812,1.956432,8323,8111,0
60880,15,17,0,33,1,19.067684,1.956758,8326,8117,0
60890,6,8,0,15,1,19.068608,1.956874,8326,8117,0
60900,0,3,0,4,1,19.066741,1.956684,8326,8117,0
60910,0,0,0,1,1,19.064412,1.956456,8326,8117,0
60920,0,0,0,1,1,19.062207,1.956182,8326,8117,0
60930,1,2,0,4,1,19.059631,1.955948,8326,8117,0
60940,9,18,0,28,1,19.059003,1.955862,8326,8119,0
60950,10,11,0,22,1,19.061124,1.956098,8327,8125,0
60960,12,11,0,24,1,19.061704,1.956172,8328,8125,0
60970,1,1,0,3,1,19.061135,1.956158,8328,8125,0
60980,2,1,0,4,1,19.058485,1.955927,8328,8125,0
60990,0,1,0,2,1,19.056073,1.955701,8328,8125,0
61000,0,0,0,1,1,19.053816,1.955477,8328,8125,0
61010,4,5,0,10,1,19.051298,1.955204,8328,8125,0
61020,4,7,0,12,1,19.049719,1.955059,8328,8125,0
61030,1,2,0,4,1,19.047348,1.954837,8328,8125,0
61040,3,6,0,10,1,19.044775,1.954571,8328,8125,0
61050,4,9,0,14,1,19.043117,1.954416,8328,8125,0
61060,18,10,0,29,1,19.044444,1.954517,8331,8125,0
61070,11,13,0,25,1,19.046409,1.954697,8339,8128,0
61080,8,9,0,18,1,19.048241,1.954897,8348,8128,0
61090,14,16,0,31,1,19.049034,1.954940,8348,8133,0
61100,8,5,0,14,1,19.050653,1.955141,8348,8133,0
61110,9,15,0,25,1,19.051567,1.955223,8350,8133,0
61120,11,8,0,20,1,19.052561,1.955356,8353,8133,0
61130,5,3,0,9,1,19.051120,1.955206,8353,8133,0
61140,10,7,0,18,1,19.050308,1.955104,8353,8133,0
61150,19,15,0,35,1,19.051902,1.955220,8356,8133,0
61160,9,9,0,19,1,19.053419,1.955374,8363,8133,0
61170,10,9,0,20,1,19.053001,1.955349,8363,8133,0
61180,10,7,1,19,1,19.052915,1.955348,8363,8133,0
61190,14,14,1,30,1,19.054885,1.955506,8367,8133,0
61200,5,5,0,11,1,19.054264,1.955496,8367,8133,0
61210,4,1,0,6,1,19.052906,1.955332,8367,8133,0
61220,16,16,0,33,1,19.052542,1.955260,8367,8133,0
61230,6,6,0,13,1,19.051860,1.955201,8367,8133,0
61240,17,7,0,25,1,19.052739,1.955273,8367,8137,0
61250,16,9,0,26,1,19.054255,1.955404,8368,8137,0
61260,8,16,0,25,1,19.056346,1.955614,8375,8137,0
61270,3,1,0,5,1,19.055682,1.955524,8375,8139,0
61280,7,7,1,16,1,19.054364,1.955374,8375,8139,0
61290,6,8,0,15,1,19.054805,1.955414,8375,8139,0
61300,1,3,0,5,1,19.052418,1.955200,8375,8139,0
61310,1,1,0,3,1,19.050033,1.954976,8375,8139,0
61320,0,0,0,0,0,19.047256,1.954686,8375,8139,0
61330,1,0,0,2,1,19.044792,1.954399,8375,8139,0
61340,4,4,0,9,1,19.043004,1.954204,8375,8139,0
61350,11,15,1,28,1,19.042011,1.954074,8375,8139,0
61360,7,2,0,10,1,19.042600,1.954168,8375,8139,0
61370,10,9,0,20,1,19.041660,1.954090,8375,8139,0
61380,10,8,0,19,1,19.042207,1.954108,8375,8139,0
61390,2,5,0,8,1,19.040034,1.953896,8375,8139,0
61400,5,6,1,13,1,19.038673,1.953735,8375,8139,0
61410,18,13,0,32,1,19.039698,1.953848,8375,8139,0
61420,19,18,0,38,1,19.042475,1.954168,8380,8154,0
61430,10,8,0,19,1,19.044859,1.954466,8380,8164,0
61440,8,8,1,18,1,19.044713,1.954452,8380,8164,0
61450,7,2,0,10,1,19.043976,1.954398,8380,8164,0
61460,8,3,0,12,1,19.041668,1.954172,8380,8164,0
61470,9,2,0,12,1,19.040032,1.954015,8380,8164,0
61480,10,3,0,14,1,19.039035,1.953908,8380,8164,0
61490,3,3,1,8,1,19.036487,1.953651,8380,8164,0
61500,1,0,0,2,1,19.033879,1.953447,8380,8164,0
61510,5,2,0,8,1,19.031481,1.953215,8380,8164,0
61520,15,11,0,27,1,19.032415,1.953286,8380,8164,0
61530,7,15,0,23,1,19.033131,1.953374,8380,8164,0
61540,7,7,0,15,1,19.032760,1.953302,8380,8164,0
61550,5,5,0,11,1,19.032066,1.953232,8380,8164,0
61560,1,1,0,3,1,19.030092,1.953008,8380,8164,0
61570,7,16,0,24,1,19.029351,1.952888,8380,8168,0
61580,7,3,0,11,1,19.029568,1.952922,8380,8168,0
61590,2,1,0,4,1,19.028301,1.952796,8380,8168,0
61600,11,9,0,21,1,19.026744,1.952579,8380,8168,0
61610,18,13,0,32,1,19.029330,1.952856,8389,8174,0
61620,4,1,0,6,1,19.029962,1.952929,8392,8174,0
61630,7,9,0,17,1,19.028593,1.952777,8392,8174,0
61640,10,3,0,14,1,19.028099,1.952734,8392,8174,0
61650,0,7,0,8,1,19.027405,1.952645,8392,8174,0
61660,2,2,0,5,1,19.025134,1.952410,8392,8174,0
61670,3,0,0,4,1,19.022996,1.952172,8392,8174,0
61680,7,5,0,13,1,19.021581,1.952012,8392,8174,0
61690,5,8,0,14,1,19.020405,1.951916,8392,8174,0
61700,16,10,2,29,1,19.019945,1.951808,8392,8174,0
61710,12,5,0,18,1,19.020615,1.951859,8392,8174,0
61720,12,12,0,25,1,19.021782,1.951954,8392,8174,0
61730,4,5,0,10,1,19.020834,1.951868,8392,8174,0
61740,9,19,1,30,1,19.022020,1.951956,8392,8174,0
61750,2,3,0,6,1,19.021889,1.951986,8392,8174,0
61760,4,3,0,8,1,19.019343,1.951690,8392,8174,0
61770,2,3,0,6,1,19.017457,1.951537,8392,8174,0
61780,0,3,0,4,1,19.015609,1.951323,8392,8174,0
61790,0,1,0,2,1,19.014070,1.951176,8392,8174,0
61800,12,10,0,23,1,19.012040,1.950963,8392,8174,0
61810,8,7,0,16,1,19.011612,1.950959,8392,8174,0
61820,6,4,0,11,1,19.009544,1.950716,8392,8174,0
61830,3,13,0,17,1,19.008162,1.950569,8392,8174,0
61840,6,6,1,14,1,19.007551,1.950463,8392,8174,0
61850,13,10,1,25,1,19.008406,1.950516,8392,8184,0
61860,18,7,1,27,1,19.010281,1.950752,8395,8187,0
61870,13,9,0,23,1,19.011708,1.950907,8397,8187,0
61880,4,6,0,11,1,19.010825,1.950844,8397,8187,0
61890,0,0,0,1,1,19.008645,1.950618,8397,8187,0
61900,4,8,1,14,1,19.006327,1.950391,8397,8187,0
61910,8,2,0,11,1,19.005061,1.950214,8397,8187,0
61920,9,6,0,16,1,19.003692,1.950040,8397,8187,0
61930,0,0,0,1,1,19.001774,1.949877,8397,8187,0
61940,15,14,0,30,1,19.001046,1.949749,8397,8187,0
61950,12,10,0,23,1,19.002891,1.949975,8401,8188,0
61960,18,15,0,34,1,19.004494,1.950144,8401,8193,0
61970,14,16,0,31,1,19.006445,1.950342,8413,8193,0
61980,13,17,0,31,1,19.008231,1.950537,8416,8200,0
61990,16,8,0,25,1,19.010140,1.950789,8416,8213,0
62000,9,16,0,26,1,19.011596,1.950940,8418,8213,0
62010,14,15,1,31,1,19.013197,1.951119,8418,8213,0
62020,17,16,0,34,1,19.014812,1.951254,8418,8217,0
62030,17,15,0,33,1,19.017450,1.951594,8432,8225,0
62040,11,15,0,27,1,19.019296,1.951826,8432,8225,0
62050,10,9,1,21,1,19.020391,1.951953,8432,8226,0
62060,7,9,0,17,1,19.021011,1.951996,8432,8230,0
62070,9,6,0,16,1,19.020947,1.951981,8432,8230,0
62080,15,9,0,25,1,19.019568,1.951766,8432,8230,0
62090,13,19,0,33,1,19.022138,1.952022,8456,8238,0
62100,5,7,0,13,1,19.022710,1.952066,8461,8238,0
62110,18,18,0,37,1,19.023849,1.952165,8466,8246,0
62120,15,13,0,29,1,19.025113,1.952328,8466,8246,0
62130,11,12,0,24,1,19.026441,1.952482,8466,8246,0
62140,14,16,0,31,1,19.027051,1.952498,8466,8247,0
62150,11,15,0,27,1,19.028149,1.952638,8466,8247,0
62160,2,3,0,6,1,19.026778,1.952505,8466,8247,0
62170,2,2,0,5,1,19.024232,1.952200,8466,8247,0
62180,6,8,1,16,1,19.022114,1.951991,8466,8247,0
62190,3,6,0,10,1,19.021345,1.951913,8466,8247,0
62200,19,15,0,35,1,19.022912,1.952069,8470,8262,0
62210,15,12,0,28,1,19.024820,1.952273,8473,8265,0
62220,12,11,0,24,1,19.026489,1.952442,8476,8268,0
62230,8,6,0,15,1,19.026068,1.952397,8476,8268,0
62240,2,8,0,11,1,19.025622,1.952298,8476,8268,0
62250,5,10,0,16,1,19.024053,1.952123,8476,8268,0
62260,20,19,0,40,1,19.026129,1.952314,8480,8278,0
62270,13,19,0,33,1,19.028408,1.952550,8486,8283,0
62280,2,4,0,7,1,19.028911,1.952619,8486,8287,0
62290,16,16,0,33,1,19.029642,1.952663,8486,8289,0
62300,17,17,1,36,1,19.032335,1.952915,8488,8292,0
62310,11,8,2,22,1,19.034349,1.953140,8494,8298,0
62320,17,8,0,26,1,19.035670,1.953254,8495,8298,0
62330,16,17,0,34,1,19.037600,1.953421,8496,8298,0
62340,13,8,0,22,1,19.038879,1.953564,8496,8298,0
62350,15,19,1,36,1,19.040839,1.953750,8497,8300,0
62360,13,19,0,33,1,19.043071,1.954006,8497,8300,0
62370,11,14,0,26,1,19.044609,1.954191,8497,8303,0
62380,14,16,1,32,1,19.047118,1.954463,8504,8305,0
62390,13,14,0,28,1,19.047012,1.954441,8504,8305,0
62400,5,9,1,16,1,19.047438,1.954499,8504,8305,0
62410,12,13,0,26,1,19.047046,1.954444,8504,8305,0
62420,18,13,1,33,1,19.049729,1.954711,8514,8311,0
62430,9,10,0,20,1,19.050510,1.954815,8516,8311,0
62440,4,4,0,9,1,19.048876,1.954630,8516,8311,0
62450,3,3,0,7,1,19.047504,1.954500,8516,8311,0
62460,13,14,0,28,1,19.046507,1.954345,8516,8311,0
62470,4,3,0,8,1,19.047330,1.954440,8516,8311,0
62480,0,2,0,3,1,19.044865,1.954211,8516,8311,0
62490,3,3,0,7,1,19.042446,1.953981,8516,8311,0
62500,6,1,0,8,1,19.040639,1.953755,8516,8311,0
62510,1,3,1,6,1,19.038346,1.953547,8516,8311,0
62520,4,4,0,9,1,19.037365,1.953438,8516,8311,0
62530,15,13,1,30,1,19.037377,1.953386,8516,8311,0
62540,14,13,0,28,1,19.038992,1.953582,8518,8313,0
62550,10,9,0,20,1,19.040815,1.953787,8518,8314,0
62560,13,12,0,26,1,19.041313,1.953823,8518,8314,0
62570,12,13,0,26,1,19.042144,1.953888,8518,8314,0
62580,5,11,0,17,1,19.042007,1.953885,8518,8314,0
62590,6,8,0,15,1,19.042631,1.953976,8518,8314,0
62600,3,5,0,9,1,19.042382,1.953932,8518,8314,0
62610,0,0,0,0,0,19.040854,1.953787,8518,8314,0
62620,16,18,0,35,1,19.040892,1.953728,8518,8314,0
62630,9,6,0,16,1,19.042563,1.953930,8518,8323,0
62640,5,4,0,10,1,19.041997,1.953911,8518,8323,0
62650,10,16,0,27,1,19.041544,1.953844,8518,8323,0
62660,10,9,0,20,1,19.041464,1.953837,8518,8323,0
62670,2,4,0,7,1,19.039893,1.953678,8518,8323,0
62680,1,1,0,3,1,19.037642,1.953461,8518,8323,0
62690,7,8,0,16,1,19.035921,1.953279,8518,8323,0
62700,12,17,1,31,1,19.036084,1.953285,8518,8323,0
62710,15,15,1,32,1,19.037624,1.953447,8518,8327,0
62720,9,9,0,19,1,19.037904,1.953465,8518,8327,0
62730,0,0,0,0,0,19.035990,1.953324,8518,8327,0
62740,2,3,0,6,1,19.034203,1.953174,8518,8327,0
62750,0,0,0,1,1,19.031930,1.952984,8518,8327,0
62760,10,6,1,18,1,19.030387,1.952837,8518,8327,0
62770,8,5,0,14,1,19.029946,1.952771,8518,8327,0
62780,0,0,0,0,0,19.027882,1.952576,8518,8327,0
62790,13,14,0,28,1,19.026366,1.952403,8518,8327,0
62800,3,8,0,12,1,19.027296,1.952516,8518,8327,0
62810,20,12,1,34,1,19.028224,1.952577,8531,8327,0
62820,10,16,3,30,1,19.029390,1.952698,8531,8331,0
62830,20,17,0,38,1,19.031442,1.952920,8534,8340,0
62840,10,10,0,21,1,19.031811,1.952956,8534,8340,0
62850,19,14,1,35,1,19.033578,1.953120,8548,8343,0
62860,6,8,0,15,1,19.035193,1.953331,8551,8343,0
62870,2,2,0,5,1,19.034464,1.953309,8551,8343,0
62880,1,9,0,11,1,19.032844,1.953138,8551,8343,0
62890,3,3,0,7,1,19.031114,1.953006,8551,8343,0
62900,5,4,0,10,1,19.028834,1.952790,8551,8343,0
62910,0,1,0,2,1,19.026754,1.952613,8551,8343,0
62920,5,4,0,10,1,19.025169,1.952413,8551,8343,0
62930,19,10,0,30,1,19.025985,1.952444,8551,8345,0
62940,8,3,0,12,1,19.025964,1.952456,8551,8345,0
62950,8,14,0,23,1,19.026241,1.952429,8551,8345,0
62960,10,3,1,15,1,19.026686,1.952479,8551,8345,0
62970,3,5,0,9,1,19.026097,1.952411,8551,8345,0
62980,5,6,0,12,1,19.024420,1.952224,8551,8345,0
62990,11,7,0,19,1,19.023020,1.952095,8551,8345,0
63000,16,7,0,24,1,19.023623,1.952155,8551,8345,0
63010,13,3,0,17,1,19.023925,1.952155,8551,8345,0
63020,14,6,0,21,1,19.024589,1.952234,8551,8345,0
63030,12,16,0,29,1,19.026279,1.952368,8560,8350,0
63040,16,13,0,30,1,19.028908,1.952617,8567,8355,0
63050,14,10,1,26,1,19.030403,1.952756,8571,8355,0
63060,5,6,1,13,1,19.030105,1.952720,8571,8355,0
63070,16,20,1,38,1,19.031380,1.952824,8572,8357,0
63080,14,15,0,30,1,19.033776,1.953116,8575,8372,0
63090,0,0,0,1,1,19.034323,1.953231,8577,8372,0
63100,2,4,0,7,1,19.031714,1.952955,8577,8372,0
63110,2,4,0,7,1,19.029808,1.952789,8577,8372,0
63120,0,0,0,1,1,19.027222,1.952557,8577,8372,0
63130,1,2,0,4,1,19.025329,1.952323,8577,8372,0
63140,0,0,0,0,0,19.023801,1.952190,8577,8372,0
63150,11,6,2,20,1,19.022499,1.952019,8577,8372,0
63160,16,11,1,29,1,19.023714,1.952155,8578,8372,0
63170,10,10,1,22,1,19.025338,1.952342,8578,8373,0
63180,1,0,0,2,1,19.023720,1.952197,8578,8373,0
63190,0,0,0,0,0,19.021350,1.951945,8578,8373,0
63200,6,8,0,15,1,19.019096,1.951684,8578,8373,0
63210,3,4,0,8,1,19.017020,1.951475,8578,8373,0
63220,2,10,0,13,1,19.016491,1.951416,8578,8373,0
63230,1,6,0,8,1,19.014842,1.951251,8578,8373,0
63240,1,1,0,3,1,19.013007,1.951061,8578,8373,0
63250,0,4,0,5,1,19.011107,1.950830,8578,8373,0
63260,1,0,0,2,1,19.008514,1.950603,8578,8373,0
63270,7,3,0,11,1,19.007325,1.950435,8578,8373,0
63280,0,0,0,1,1,19.005410,1.950281,8578,8373,0
63290,6,11,0,18,1,19.004214,1.950141,8578,8373,0
63300,11,8,0,20,1,19.003104,1.950032,8578,8373,0
63310,5,5,0,11,1,19.001398,1.949880,8578,8373,0
63320,13,14,0,28,1,19.001156,1.949831,8578,8373,0
63330,13,12,0,26,1,19.002542,1.949988,8581,8373,0
63340,20,15,1,37,1,19.003709,1.950109,8584,8373,0
63350,17,19,0,37,1,19.005828,1.950347,8585,8378,0
63360,10,9,0,20,1,19.007269,1.950543,8586,8384,0
63370,2,5,0,8,1,19.006584,1.950493,8586,8384,0
63380,19,17,0,37,1,19.006873,1.950528,8586,8384,0
63390,10,8,0,19,1,19.008385,1.950732,8593,8393,0
63400,5,7,0,13,1,19.007236,1.950587,8593,8393,0
63410,12,15,0,28,1,19.007778,1.950558,8593,8393,0
63420,15,6,0,22,1,19.007550,1.950562,8593,8393,0
63430,9,15,0,25,1,19.007637,1.950569,8593,8393,0
63440,14,7,0,22,1,19.008728,1.950695,8593,8400,0
63450,13,20,0,34,1,19.010666,1.950857,8595,8401,0
63460,7,3,0,11,1,19.012011,1.951057,8599,8405,0
63470,4,1,0,6,1,19.010858,1.950978,8599,8405,0
63480,6,8,0,15,1,19.009761,1.950819,8599,8405,0
63490,4,2,0,7,1,19.008203,1.950645,8599,8405,0
63500,13,14,0,28,1,19.008070,1.950582,8599,8405,0
63510,14,13,0,28,1,19.009390,1.950666,8599,8405,0
63520,1,1,0,3,1,19.009346,1.950706,8599,8405,0
63530,0,0,0,1,1,19.006874,1.950467,8599,8405,0
63540,14,9,0,24,1,19.004980,1.950239,8599,8405,0
63550,13,17,1,32,1,19.006227,1.950337,8599,8405,0
63560,11,12,0,24,1,19.008631,1.950585,8611,8418,0
63570,5,12,0,18,1,19.009537,1.950654,8611,8418,0
63580,15,11,0,27,1,19.010347,1.950752,8611,8422,0
63590,7,7,0,15,1,19.011598,1.950878,8611,8425,0
63600,11,7,1,20,1,19.011649,1.950879,8611,8425,0
63610,7,11,0,19,1,19.012738,1.950985,8611,8425,0
63620,0,0,0,0,0,19.011114,1.950855,8611,8425,0
63630,7,8,0,16,1,19.009610,1.950683,8611,8425,0
63640,10,7,0,18,1,19.011162,1.950866,8621,8429,0
63650,14,20,0,35,1,19.012670,1.951009,8621,8433,0
63660,7,10,0,18,1,19.013093,1.951067,8621,8433,0
63670,2,4,0,7,1,19.013037,1.951091,8621,8433,0
63680,10,10,0,21,1,19.011758,1.950920,8621,8433,0
63690,6,1,0,8,1,19.010364,1.950785,8621,8433,0
63700,11,11,0,23,1,19.010345,1.950787,8621,8433,0
63710,5,9,0,15,1,19.011195,1.950892,8621,8433,0
63720,8,9,0,18,1,19.011222,1.950871,8621,8433,0
63730,11,9,1,22,1,19.010950,1.950813,8621,8433,0
63740,11,6,0,18,1,19.011409,1.950846,8621,8433,0
63750,1,0,0,2,1,19.010658,1.950845,8621,8433,0
63760,7,8,0,16,1,19.009410,1.950675,8621,8433,0
63770,5,3,1,10,1,19.008524,1.950566,8621,8433,0
63780,0,0,0,0,0,19.006429,1.950375,8621,8433,0
63790,18,6,0,25,1,19.005630,1.950203,8621,8433,0
63800,8,10,0,19,1,19.006083,1.950248,8621,8433,0
63810,10,12,0,23,1,19.006007,1.950220,8621,8433,0
63820,11,10,0,22,1,19.006386,1.950222,8621,8433,0
63830,2,3,0,6,1,19.004810,1.950087,8621,8433,0
63840,10,5,0,16,1,19.002532,1.949852,8621,8433,0
63850,13,10,0,24,1,19.003317,1.949921,8621,8433,0
63860,4,6,0,11,1,19.002319,1.949861,8621,8433,0
63870,5,0,0,6,1,19.000945,1.949737,8621,8433,0
63880,0,1,0,2,1,18.998438,1.949506,8621,8433,0
63890,0,0,0,0,0,18.995988,1.949247,8621,8433,0
63900,6,6,0,13,1,18.993500,1.948962,8621,8433,0
63910,9,7,0,17,1,18.993736,1.948972,8621,8433,0
63920,3,8,0,12,1,18.992788,1.948860,8621,8433,0
63930,1,0,0,2,1,18.990948,1.948707,8621,8433,0
63940,10,6,0,17,1,18.989452,1.948536,8621,8433,0
63950,8,12,0,21,1,18.988422,1.948438,8621,8433,0
63960,11,17,0,29,1,18.988190,1.948397,8621,8433,0
63970,12,8,1,22,1,18.989051,1.948456,8621,8433,0
63980,7,11,0,19,1,18.988851,1.948471,8621,8433,0
63990,9,9,0,19,1,18.989096,1.948485,8621,8433,0
64000,14,12,0,27,1,18.989628,1.948491,8621,8433,0
64010,19,15,1,36,1,18.991463,1.948621,8627,8434,0
64020,20,10,1,32,1,18.993869,1.948895,8633,8441,0
64030,3,3,0,7,1,18.993992,1.948931,8635,8441,0
64040,4,2,0,7,1,18.993186,1.948902,8635,8441,0
64050,10,13,0,24,1,18.993249,1.948876,8635,8441,0
64060,15,4,0,20,1,18.994677,1.949005,8635,8446,0
64070,5,8,1,15,1,18.995144,1.949045,8635,8446,0
64080,2,6,0,9,1,18.992992,1.948832,8635,8446,0
64090,0,0,0,1,1,18.992385,1.948749,8635,8446,0
64100,6,6,0,13,1,18.990669,1.948603,8635,8446,0
64110,1,2,0,4,1,18.990072,1.948537,8635,8446,0
64120,0,3,0,4,1,18.987581,1.948332,8635,8446,0
64130,7,4,0,12,1,18.985398,1.948107,8635,8446,0
64140,10,19,0,30,1,18.986108,1.948172,8635,8446,0
64150,11,13,0,25,1,18.987688,1.948326,8637,8446,0
64160,14,9,0,24,1,18.987915,1.948338,8637,8446,0
64170,10,9,1,21,1,18.987931,1.948357,8637,8446,0
64180,5,11,0,17,1,18.988290,1.948361,8637,8446,0
64190,12,4,0,17,1,18.987417,1.948279,8637,8446,0
64200,4,4,0,9,1,18.985392,1.948076,8637,8446,0
64210,11,9,0,21,1,18.983933,1.947912,8637,8446,0
64220,13,11,0,25,1,18.984521,1.947980,8637,8446,0
64230,0,0,0,0,0,18.983263,1.947868,8637,8446,0
64240,0,0,0,0,0,18.980707,1.947650,8637,8446,0
64250,4,6,0,11,1,18.979511,1.947523,8637,8446,0
64260,12,8,0,21,1,18.979895,1.947529,8637,8446,0
64270,16,18,0,35,1,18.981565,1.947699,8639,8450,0
64280,15,16,0,32,1,18.982271,1.947742,8639,8450,0
64290,12,8,0,21,1,18.983279,1.947878,8641,8450,0
64300,9,8,0,18,1,18.983011,1.947861,8641,8450,0
64310,15,15,0,31,1,18.982714,1.947810,8641,8450,0
64320,18,16,1,36,1,18.984767,1.947988,8644,8451,0
64330,18,19,1,39,1,18.987276,1.948259,8651,8457,0
64340,19,16,0,36,1,18.989781,1.948536,8655,8467,0
64350,17,19,0,37,1,18.992044,1.948770,8666,8483,0
64360,19,18,0,38,1,18.994836,1.949105,8673,8498,0
64370,20,15,0,36,1,18.997375,1.949388,8680,8507,0
64380,10,14,1,26,1,18.998501,1.949543,8687,8507,0
64390,5,6,0,12,1,18.998599,1.949616,8688,8507,0
64400,17,16,0,34,1,18.999525,1.949713,8688,8514,0
64410,19,14,2,36,1,19.002710,1.950069,8704,8524,0
64420,18,15,0,34,1,19.004654,1.950273,8710,8528,0
64430,3,7,0,11,1,19.005937,1.950449,8710,8529,0
64440,3,2,0,6,1,19.003997,1.950239,8710,8529,0
64450,15,18,1,35,1,19.003781,1.950184,8710,8531,0
64460,18,16,0,35,1,19.006453,1.950478,8715,8538,0
64470,9,6,0,16,1,19.005978,1.950434,8715,8538,0
64480,16,17,0,34,1,19.007316,1.950514,8716,8546,0
64490,20,15,1,37,1,19.009315,1.950699,8722,8546,0
64500,16,16,1,34,1,19.011679,1.950955,8734,8549,0
64510,8,19,1,29,1,19.013987,1.951237,8739,8555,0
64520,7,5,0,13,1,19.015546,1.951417,8743,8560,0
64530,1,0,0,2,1,19.013887,1.951304,8743,8560,0
64540,2,1,0,4,1,19.011944,1.951078,8743,8560,0
64550,0,0,0,1,1,19.009475,1.950826,8743,8560,0
64560,2,5,0,8,1,19.007333,1.950604,8743,8560,0
64570,13,14,0,28,1,19.006633,1.950497,8743,8560,0
64580,17,20,0,38,1,19.008653,1.950711,8749,8562,0
64590,3,3,0,7,1,19.009914,1.950917,8753,8568,0
64600,0,1,0,2,1,19.008428,1.950772,8753,8568,0
64610,2,2,0,5,1,19.006769,1.950612,8753,8568,0
64620,3,3,0,7,1,19.004593,1.950393,8753,8568,0
64630,12,8,0,21,1,19.003776,1.950283,8753,8568,0
64640,12,14,0,27,1,19.005958,1.950496,8755,8569,0
64650,17,19,1,38,1,19.007254,1.950630,8756,8570,0
64660,18,14,0,33,1,19.009524,1.950871,8760,8577,0
64670,17,13,1,32,1,19.011859,1.951109,8760,8588,0
64680,6,2,0,9,1,19.012350,1.951201,8761,8591,0
64690,3,6,0,10,1,19.010426,1.951011,8761,8591,0
64700,10,5,0,16,1,19.009479,1.950918,8761,8591,0
64710,6,3,0,10,1,19.008617,1.950800,8761,8591,0
64720,8,7,0,16,1,19.007131,1.950609,8761,8591,0
64730,6,1,0,8,1,19.005596,1.950440,8761,8591,0
64740,18,19,1,39,1,19.006483,1.950489,8761,8596,0
64750,9,11,0,21,1,19.008433,1.950694,8766,8596,0
64760,8,5,0,14,1,19.008856,1.950757,8766,8599,0
64770,4,3,0,8,1,19.008301,1.950683,8766,8599,0
64780,1,1,0,3,1,19.005834,1.950471,8766,8599,0
64790,0,0,0,0,0,19.003392,1.950225,8766,8599,0
64800,0,0,0,1,1,19.000734,1.950003,8766,8599,0
64810,6,2,0,9,1,18.998644,1.949784,8766,8599,0
64820,1,0,0,2,1,18.996852,1.949611,8766,8599,0
64830,11,11,0,23,1,18.995040,1.949389,8766,8599,0
64840,4,3,0,8,1,18.993266,1.949224,8766,8599,0
64850,5,1,0,7,1,18.991569,1.949035,8766,8599,0
64860,7,3,0,11,1,18.989441,1.948828,8766,8599,0
64870,3,7,0,11,1,18.986880,1.948609,8766,8599,0
64880,6,5,0,12,1,18.985022,1.948435,8766,8599,0
64890,5,4,0,10,1,18.984984,1.948402,8766,8599,0
64900,5,4,0,10,1,18.983099,1.948173,8766,8599,0
64910,2,0,0,3,1,18.980919,1.947997,8766,8599,0
64920,0,0,0,0,0,18.978532,1.947762,8766,8599,0
64930,9,7,1,18,1,18.976970,1.947585,8766,8599,0
64940,2,3,0,6,1,18.975257,1.947414,8766,8599,0
64950,0,0,0,0,0,18.973182,1.947202,8766,8599,0
64960,7,11,0,19,1,18.972010,1.947055,8766,8599,0
64970,6,8,0,15,1,18.971639,1.947006,8766,8599,0
64980,7,6,0,14,1,18.971185,1.946964,8766,8599,0
64990,10,3,0,14,1,18.969775,1.946787,8766,8599,0
65000,8,9,0,18,1,18.969489,1.946747,8766,8599,0
65010,7,8,0,16,1,18.969760,1.946788,8766,8599,0
65020,8,12,0,21,1,18.969659,1.946739,8766,8599,0
65030,15,10,0,26,1,18.968433,1.946584,8766,8599,0
65040,18,18,0,37,1,18.969849,1.946703,8766,8604,0
65050,14,19,1,35,1,18.971969,1.946916,8766,8608,0
65060,13,16,0,30,1,18.974519,1.947200,8777,8617,0
65070,12,9,0,22,1,18.975700,1.947344,8777,8619,0
65080,18,14,0,33,1,18.977351,1.947528,8777,8628,0
65090,10,9,0,20,1,18.978780,1.947682,8780,8629,0
65100,9,4,1,15,1,18.978839,1.947668,8780,8629,0
65110,7,6,0,14,1,18.977513,1.947511,8780,8629,0
65120,0,0,0,1,1,18.975685,1.947384,8780,8629,0
65130,7,5,0,13,1,18.973775,1.947183,8780,8629,0
65140,3,4,0,8,1,18.972594,1.947060,8780,8629,0
65150,2,3,0,6,1,18.970509,1.946835,8780,8629,0
65160,3,4,0,8,1,18.968133,1.946586,8780,8629,0
65170,6,9,0,16,1,18.967457,1.946540,8780,8629,0
65180,11,9,1,22,1,18.966724,1.946417,8780,8629,0
65190,8,1,0,10,1,18.965522,1.946329,8780,8629,0
65200,7,6,0,14,1,18.963864,1.946181,8780,8629,0
65210,1,3,0,5,1,18.961484,1.945923,8780,8629,0
65220,9,7,1,18,1,18.960506,1.945806,8780,8629,0
65230,12,8,0,21,1,18.962126,1.945915,8780,8629,0
65240,15,20,2,38,1,18.963653,1.946070,8783,8632,0
65250,14,19,0,34,1,18.965603,1.946256,8783,8632,0
65260,11,6,0,18,1,18.966938,1.946450,8788,8639,0
65270,2,1,0,4,1,18.965582,1.946330,8788,8639,0
65280,3,1,0,5,1,18.963244,1.946092,8788,8639,0
65290,0,0,0,0,0,18.960614,1.945875,8788,8639,0
65300,8,3,1,13,1,18.960532,1.945804,8788,8639,0
65310,6,5,0,12,1,18.960239,1.945766,8788,8639,0
65320,10,11,0,22,1,18.961282,1.945868,8788,8647,0
65330,6,17,0,24,1,18.962172,1.945982,8788,8647,0
65340,18,16,0,35,1,18.964240,1.946184,8791,8648,0
65350,10,9,1,21,1,18.965735,1.946360,8791,8655,0
65360,20,13,0,34,1,18.967771,1.946533,8798,8656,0
65370,10,6,0,17,1,18.968749,1.946650,8805,8656,0
65380,7,17,0,25,1,18.968580,1.946598,8805,8656,0
65390,18,16,1,36,1,18.969977,1.946684,8805,8657,0
65400,4,0,0,5,1,18.971541,1.946898,8808,8664,0
65410,4,5,0,10,1,18.969275,1.946688,8808,8664,0
65420,1,3,0,5,1,18.966820,1.946471,8808,8664,0
65430,0,2,0,3,1,18.964885,1.946256,8808,8664,0
65440,4,2,0,7,1,18.962309,1.946030,8808,8664,0
65450,10,5,0,16,1,18.960333,1.945810,8808,8664,0
65460,0,0,0,0,0,18.959819,1.945813,8808,8664,0
65470,5,5,0,11,1,18.958488,1.945660,8808,8664,0
65480,0,2,0,3,1,18.957071,1.945516,8808,8664,0
65490,7,10,0,18,1,18.955455,1.945333,8808,8664,0
65500,0,5,0,6,1,18.953178,1.945094,8808,8664,0
65510,0,1,0,2,1,18.950999,1.944909,8808,8664,0
65520,1,1,0,3,1,18.949011,1.944694,8808,8664,0
65530,1,0,0,2,1,18.947335,1.944547,8808,8664,0
65540,2,8,0,11,1,18.945178,1.944318,8808,8664,0
65550,11,8,0,20,1,18.944725,1.944215,8808,8664,0
65560,4,9,0,14,1,18.944425,1.944186,8808,8664,0
65570,4,2,0,7,1,18.942332,1.943997,8808,8664,0
65580,3,5,0,9,1,18.940569,1.943808,8808,8664,0
65590,7,2,0,10,1,18.939413,1.943682,8808,8664,0
65600,0,1,0,2,1,18.937480,1.943503,8808,8664,0
65610,4,6,0,11,1,18.935129,1.943272,8808,8664,0
65620,3,4,0,8,1,18.933636,1.943129,8808,8664,0
65630,13,12,1,27,1,18.934104,1.943133,8809,8664,0
65640,15,19,0,35,1,18.936001,1.943353,8815,8670,0
65650,19,19,1,40,1,18.938109,1.943586,8818,8677,0
65660,14,18,0,33,1,18.940368,1.943847,8820,8685,0
65670,10,12,0,23,1,18.942327,1.944049,8824,8689,0
65680,11,14,0,26,1,18.942229,1.944019,8824,8689,0
65690,0,0,0,0,0,18.941703,1.944006,8824,8689,0
65700,5,5,0,11,1,18.939526,1.943784,8824,8689,0
65710,1,0,0,2,1,18.937194,1.943558,8824,8689,0
65720,5,4,0,10,1,18.934978,1.943289,8824,8689,0
65730,15,15,0,31,1,18.934184,1.943149,8824,8689,0
65740,12,3,1,17,1,18.934156,1.943174,8824,8689,0
65750,4,3,0,8,1,18.933240,1.943094,8824,8689,0
65760,7,4,0,12,1,18.931589,1.942920,8824,8689,0
65770,0,0,0,1,1,18.929989,1.942760,8824,8689,0
65780,9,11,0,21,1,18.928470,1.942578,8824,8689,0
65790,18,14,0,33,1,18.929965,1.942715,8824,8689,0
65800,6,11,1,19,1,18.930767,1.942786,8824,8691,0
65810,0,0,0,0,0,18.928900,1.942632,8824,8691,0
65820,2,4,0,7,1,18.926617,1.942396,8824,8691,0
65830,10,11,1,23,1,18.926286,1.942336,8824,8691,0
65840,3,9,0,13,1,18.926728,1.942392,8824,8691,0
65850,12,10,0,23,1,18.927502,1.942436,8824,8691,0
65860,10,19,0,30,1,18.928633,1.942518,8824,8691,0
65870,3,2,0,6,1,18.928305,1.942509,8824,8693,0
65880,5,4,0,10,1,18.925973,1.942271,8824,8693,0
65890,2,1,0,4,1,18.923949,1.942116,8824,8693,0
65900,8,7,0,16,1,18.923248,1.942013,8824,8693,0
65910,11,5,0,17,1,18.922759,1.941961,8824,8693,0
65920,15,12,0,28,1,18.921931,1.941883,8824,8693,0
65930,2,1,0,4,1,18.920665,1.941767,8824,8693,0
65940,4,2,2,9,1,18.918776,1.941574,8824,8693,0
65950,14,10,0,25,1,18.919158,1.941606,8824,8693,0
65960,20,13,0,34,1,18.921025,1.941765,8828,8693,0
65970,1,1,0,3,1,18.920647,1.941791,8832,8693,0
65980,20,19,0,40,1,18.920662,1.941752,8832,8693,0
65990,7,14,2,24,1,18.922852,1.942014,8850,8700,0
66000,19,14,1,35,1,18.924672,1.942193,8854,8706,0
66010,6,1,0,8,1,18.925696,1.942315,8857,8706,0
66020,0,0,0,0,0,18.924439,1.942226,8857,8706,0
66030,5,5,0,11,1,18.922099,1.941975,8857,8706,0
66040,7,4,0,12,1,18.920726,1.941848,8857,8706,0
66050,2,1,0,4,1,18.919067,1.941700,8857,8706,0
66060,1,0,0,2,1,18.916664,1.941440,8857,8706,0
66070,0,1,0,2,1,18.914413,1.941249,8857,8706,0
66080,7,10,0,18,1,18.912669,1.941032,8857,8706,0
66090,3,1,0,5,1,18.911202,1.940907,8857,8706,0
66100,2,1,0,4,1,18.909509,1.940735,8857,8706,0
66110,0,3,0,4,1,18.908291,1.940572,8857,8706,0
66120,1,0,0,2,1,18.906876,1.940413,8857,8706,0
66130,3,2,0,6,1,18.904553,1.940176,8857,8706,0
66140,5,2,0,8,1,18.902950,1.939976,8857,8706,0
66150,2,3,0,6,1,18.900570,1.939776,8857,8706,0
66160,3,8,0,12,1,18.899501,1.939643,8857,8706,0
66170,10,6,0,17,1,18.898922,1.939543,8857,8706,0
66180,0,0,0,1,1,18.897085,1.939365,8857,8706,0
66190,4,3,1,9,1,18.894799,1.939144,8857,8706,0
66200,5,8,0,14,1,18.894467,1.939099,8857,8706,0
66210,9,9,0,19,1,18.894749,1.939135,8857,8706,0
66220,15,15,0,31,1,18.895148,1.939150,8857,8706,0
66230,6,6,0,13,1,18.896044,1.939250,8857,8709,0
66240,14,17,0,32,1,18.895911,1.939201,8857,8709,0
66250,13,6,0,20,1,18.897260,1.939362,8857,8711,0
66260,4,8,1,14,1,18.897304,1.939392,8857,8711,0
66270,17,18,0,36,1,18.898989,1.939545,8860,8716,0
66280,18,16,0,35,1,18.901546,1.939824,8861,8724,0
66290,16,11,0,28,1,18.903495,1.940010,8869,8728,0
66300,15,9,0,25,1,18.903850,1.940045,8869,8728,0
66310,13,10,0,24,1,18.904769,1.940113,8869,8728,0
66320,15,12,0,28,1,18.906390,1.940245,8876,8728,0
66330,14,14,0,29,1,18.907758,1.940381,8876,8728,0
66340,14,19,1,35,1,18.910190,1.940632,8887,8735,0
66350,18,17,0,36,1,18.912218,1.940847,8894,8738,0
66360,9,13,0,23,1,18.913728,1.940980,8903,8738,0
66370,5,8,1,15,1,18.913998,1.941030,8903,8738,0
66380,6,7,0,14,1,18.912383,1.940859,8903,8738,0
66390,19,20,0,40,1,18.914253,1.941001,8906,8744,0
66400,13,16,2,32,1,18.916242,1.941186,8910,8750,0
66410,18,17,0,36,1,18.918364,1.941438,8920,8755,0
66420,13,17,0,31,1,18.920670,1.941679,8920,8767,0
66430,8,13,0,22,1,18.922161,1.941845,8921,8767,0
66440,5,4,0,10,1,18.921887,1.941848,8921,8770,0
66450,3,3,0,7,1,18.920817,1.941746,8921,8770,0
66460,4,7,0,12,1,18.919728,1.941606,8921,8770,0
66470,9,16,0,26,1,18.921047,1.941718,8921,8777,0
66480,19,13,1,34,1,18.923387,1.941966,8927,8783,0
66490,14,13,0,28,1,18.925135,1.942164,8930,8783,0
66500,6,4,0,11,1,18.925748,1.942235,8934,8783,0
66510,3,8,0,12,1,18.924254,1.942053,8934,8783,0
66520,3,5,0,9,1,18.923625,1.941993,8934,8783,0
66530,8,8,0,17,1,18.923281,1.941929,8934,8783,0
66540,6,7,0,14,1,18.923675,1.941967,8934,8783,0
66550,10,11,1,23,1,18.923477,1.941933,8934,8783,0
66560,10,17,0,28,1,18.923694,1.941978,8934,8783,0
66570,11,15,0,27,1,18.924676,1.942086,8934,8783,0
66580,20,11,0,32,1,18.925128,1.942104,8934,8783,0
66590,12,12,0,25,1,18.926516,1.942227,8936,8783,0
66600,0,0,0,0,0,18.925114,1.942162,8936,8783,0
66610,2,3,0,6,1,18.922721,1.941927,8936,8783,0
66620,8,7,0,16,1,18.921033,1.941749,8936,8783,0
66630,2,7,0,10,1,18.920677,1.941740,8936,8783,0
66640,3,2,0,6,1,18.919007,1.941591,8936,8783,0
66650,9,9,0,19,1,18.917161,1.941388,8936,8783,0
66660,4,4,0,9,1,18.915446,1.941243,8936,8783,0
66670,7,12,0,20,1,18.914774,1.941155,8936,8783,0
66680,13,11,0,25,1,18.915856,1.941282,8939,8783,0
66690,12,9,0,22,1,18.917310,1.941406,8940,8783,0
66700,18,8,0,27,1,18.917372,1.941396,8940,8783,0
66710,13,8,2,24,1,18.917975,1.941468,8940,8783,0
66720,18,8,0,27,1,18.918786,1.941537,8940,8783,0
66730,9,14,0,24,1,18.919483,1.941592,8940,8783,0
66740,15,13,1,30,1,18.921635,1.941811,8948,8783,0
66750,9,12,0,22,1,18.923291,1.942004,8957,8786,0
66760,9,19,1,30,1,18.924318,1.942075,8957,8787,0
66770,16,7,0,24,1,18.925551,1.942229,8957,8787,0
66780,16,8,0,25,1,18.926716,1.942323,8957,8787,0
66790,15,17,0,33,1,18.928764,1.942523,8963,8788,0
66800,16,12,0,29,1,18.930687,1.942716,8970,8788,0
66810,11,7,0,19,1,18.931365,1.942781,8970,8791,0
66820,15,6,0,22,1,18.931315,1.942732,8970,8791,0
66830,6,6,0,13,1,18.930725,1.942670,8970,8791,0
66840,0,0,0,1,1,18.928275,1.942450,8970,8791,0
66850,1,0,0,2,1,18.925797,1.942226,8970,8791,0
66860,14,9,0,24,1,18.926027,1.942195,8970,8791,0
66870,12,19,2,34,1,18.927604,1.942304,8972,8791,0
66880,0,0,0,1,1,18.928414,1.942436,8973,8798,0
66890,3,3,0,7,1,18.926146,1.942223,8973,8798,0
66900,6,5,0,12,1,18.925834,1.942168,8973,8798,0
66910,10,11,0,22,1,18.925311,1.942086,8973,8798,0
66920,14,7,0,22,1,18.926597,1.942225,8973,8798,0
66930,2,3,1,7,1,18.925968,1.942168,8973,8798,0
66940,1,0,1,3,1,18.923453,1.941971,8973,8798,0
66950,14,9,0,24,1,18.922900,1.941883,8973,8798,0
66960,13,16,0,30,1,18.923533,1.941913,8973,8798,0
66970,10,9,0,20,1,18.925109,1.942103,8975,8803,0
66980,12,15,0,28,1,18.925903,1.942147,8975,8803,0
66990,12,13,0,26,1,18.927706,1.942331,8976,8804,0
67000,11,12,1,25,1,18.929365,1.942475,8977,8805,0
67010,16,17,0,34,1,18.931201,1.942627,8984,8805,0
67020,12,12,0,25,1,18.933361,1.942861,8986,8815,0
67030,19,17,0,37,1,18.935041,1.942999,8987,8822,0
67040,11,17,0,29,1,18.937632,1.943287,8995,8825,0
67050,8,13,0,22,1,18.938558,1.943375,8995,8825,0
67060,14,12,0,27,1,18.939832,1.943468,8997,8825,0
67070,3,11,1,16,1,18.940441,1.943517,8997,8825,0
67080,11,12,0,24,1,18.940461,1.943476,8997,8825,0
67090,15,12,0,28,1,18.941244,1.943525,8997,8825,0
67100,16,18,0,35,1,18.943252,1.943733,8999,8830,0
67110,18,12,1,32,1,18.946101,1.944026,9020,8834,0
67120,17,19,1,38,1,18.948780,1.944353,9031,8841,0
67130,16,8,0,25,1,18.950971,1.944567,9035,8847,0
67140,13,11,1,26,1,18.952733,1.944758,9039,8849,0
67150,18,14,0,33,1,18.954827,1.944972,9045,8859,0
67160,20,19,0,40,1,18.957681,1.945278,9061,8871,0
67170,16,19,1,37,1,18.959641,1.945507,9065,8873,0
67180,11,10,0,22,1,18.961897,1.945772,9074,8880,0
67190,17,16,0,34,1,18.963639,1.945950,9074,8881,0
67200,14,12,0,27,1,18.965288,1.946096,9079,8884,0
67210,7,5,2,15,1,18.965513,1.946156,9079,8884,0
67220,6,5,1,13,1,18.965617,1.946154,9079,8884,0
67230,5,2,0,8,1,18.963760,1.945988,9079,8884,0
67240,1,2,0,4,1,18.961657,1.945812,9079,8884,0
67250,12,10,0,23,1,18.960627,1.945663,9079,8884,0
67260,8,7,0,16,1,18.960199,1.945606,9079,8884,0
67270,0,0,0,1,1,18.958241,1.945430,9079,8884,0
67280,0,0,0,0,0,18.956139,1.945234,9079,8884,0
67290,6,4,0,11,1,18.954177,1.945007,9079,8884,0
67300,0,0,0,1,1,18.952513,1.944778,9079,8884,0
67310,2,1,0,4,1,18.951153,1.944610,9079,8884,0
67320,8,11,0,20,1,18.949782,1.944450,9079,8884,0
67330,14,13,0,28,1,18.950509,1.944532,9079,8884,0
67340,18,16,0,35,1,18.952443,1.944750,9081,8884,0
67350,15,19,0,35,1,18.954022,1.944883,9081,8884,0
67360,17,13,2,33,1,18.956210,1.945103,9084,8885,0
67370,15,14,0,30,1,18.958163,1.945290,9089,8886,0
67380,1,3,0,5,1,18.956983,1.945194,9089,8886,0
67390,3,3,0,7,1,18.955708,1.945059,9089,8886,0
67400,5,7,0,13,1,18.955204,1.944985,9089,8886,0
67410,5,1,1,8,1,18.953328,1.944794,9089,8886,0
67420,9,13,0,23,1,18.953576,1.944806,9089,8886,0
67430,6,3,0,10,1,18.953010,1.944764,9089,8886,0
67440,9,5,0,15,1,18.951257,1.944588,9089,8886,0
67450,5,8,0,14,1,18.950115,1.944446,9089,8886,0
67460,9,10,0,20,1,18.949830,1.944433,9089,8886,0
67470,3,9,0,13,1,18.950150,1.944476,9089,8886,0
67480,12,10,1,24,1,18.949236,1.944354,9089,8886,0
67490,9,1,0,11,1,18.948770,1.944334,9089,8886,0
67500,1,2,0,4,1,18.946957,1.944120,9089,8886,0
67510,3,4,0,8,1,18.944918,1.943903,9089,8886,0
67520,3,9,0,13,1,18.943248,1.943715,9089,8886,0
67530,1,1,0,3,1,18.941754,1.943560,9089,8886,0
67540,10,10,1,22,1,18.939966,1.943390,9089,8886,0
67550,1,5,0,7,1,18.940488,1.943454,9092,8886,0
67560,4,8,0,13,1,18.940099,1.943391,9092,8886,0
67570,1,0,0,2,1,18.938308,1.943253,9092,8886,0
67580,3,6,0,10,1,18.937271,1.943163,9092,8886,0
67590,3,2,0,6,1,18.934879,1.942943,9092,8886,0
67600,1,1,1,4,1,18.933031,1.942725,9092,8886,0
67610,3,4,0,8,1,18.931509,1.942617,9092,8886,0
67620,2,0,0,3,1,18.929609,1.942406,9092,8886,0
67630,5,8,0,14,1,18.928219,1.942229,9092,8886,0
67640,3,7,0,11,1,18.926672,1.942078,9092,8886,0
67650,11,13,0,25,1,18.925495,1.941917,9092,8886,0
67660,11,11,1,24,1,18.926118,1.941973,9092,8886,0
67670,15,19,0,35,1,18.927524,1.942060,9092,8890,0
67680,11,10,0,22,1,18.928915,1.942254,9092,8890,0
67690,10,5,0,16,1,18.929374,1.942303,9092,8890,0
67700,2,2,0,5,1,18.927040,1.942085,9092,8890,0
67710,14,6,0,21,1,18.926413,1.942019,9092,8890,0
67720,8,7,0,16,1,18.926830,1.942022,9092,8890,0
67730,0,0,0,0,0,18.925712,1.941924,9092,8890,0
67740,7,5,0,13,1,18.923732,1.941728,9092,8890,0
67750,16,11,0,28,1,18.924262,1.941760,9092,8890,0
67760,4,5,0,10,1,18.924491,1.941808,9093,8890,0
67770,12,11,0,24,1,18.924109,1.941706,9093,8890,0
67780,3,1,0,5,1,18.922055,1.941517,9093,8890,0
67790,0,0,0,0,0,18.919712,1.941322,9093,8890,0
67800,3,5,0,9,1,18.918200,1.941139,9093,8890,0
67810,8,9,0,18,1,18.917153,1.941018,9093,8890,0
67820,8,8,0,17,1,18.917493,1.941048,9093,8890,0
67830,9,4,0,14,1,18.916916,1.940973,9093,8890,0
67840,17,10,0,28,1,18.916684,1.940906,9093,8890,0
67850,10,11,2,24,1,18.918622,1.941109,9098,8896,0
67860,6,5,0,12,1,18.918464,1.941106,9098,8896,0
67870,17,10,1,29,1,18.917779,1.941026,9098,8896,0
67880,17,17,2,37,1,18.919960,1.941283,9102,8900,0
67890,18,18,0,37,1,18.922666,1.941568,9119,8913,0
67900,13,9,0,23,1,18.924112,1.941750,9121,8922,0
67910,16,12,0,29,1,18.926331,1.941979,9139,8925,0
67920,17,20,1,39,1,18.928817,1.942265,9153,8940,0
67930,15,10,0,26,1,18.930041,1.942439,9160,8945,0
67940,18,18,0,37,1,18.932060,1.942624,9174,8946,0
67950,13,10,0,24,1,18.934001,1.942812,9174,8959,0
67960,11,5,0,17,1,18.933634,1.942808,9174,8959,0
67970,5,10,0,16,1,18.933215,1.942732,9174,8959,0
67980,4,3,0,8,1,18.931253,1.942558,9174,8959,0
67990,1,0,0,2,1,18.929312,1.942389,9174,8959,0
68000,0,0,0,0,0,18.927032,1.942145,9174,8959,0
68010,4,0,0,5,1,18.925157,1.941939,9174,8959,0
68020,1,1,0,3,1,18.922719,1.941708,9174,8959,0
68030,0,0,0,0,0,18.920362,1.941459,9174,8959,0
68040,0,0,0,0,0,18.917962,1.941205,9174,8959,0
68050,3,3,0,7,1,18.915727,1.940992,9174,8959,0
68060,12,18,1,32,1,18.915947,1.940922,9174,8959,0
68070,16,15,0,32,1,18.918148,1.941146,9176,8964,0
68080,10,16,0,27,1,18.920005,1.941335,9183,8967,0
68090,11,13,0,25,1,18.921903,1.941543,9188,8968,0
68100,3,4,0,8,1,18.921328,1.941471,9188,8968,0
68110,6,5,0,12,1,18.919896,1.941305,9188,8968,0
68120,19,12,0,32,1,18.921154,1.941362,9189,8968,0
68130,0,2,1,4,1,18.921802,1.941491,9189,8968,0
68140,4,1,0,6,1,18.919700,1.941265,9189,8968,0
68150,0,0,0,1,1,18.918544,1.941107,9189,8968,0
68160,6,4,0,11,1,18.916660,1.940883,9189,8968,0
68170,16,16,0,33,1,18.916073,1.940792,9189,8968,0
68180,14,6,0,21,1,18.917636,1.940974,9189,8968,0
68190,8,10,0,19,1,18.917336,1.940910,9189,8968,0
68200,5,3,0,9,1,18.916450,1.940832,9189,8968,0
68210,12,8,1,22,1,18.914931,1.940671,9189,8968,0
68220,20,15,0,36,1,18.916585,1.940834,9190,8969,0
68230,11,20,0,32,1,18.918591,1.941085,9195,8975,0
68240,15,12,2,30,1,18.920750,1.941319,9200,8976,0
68250,18,7,1,27,1,18.922628,1.941516,9202,8981,0
68260,0,0,0,0,0,18.921141,1.941359,9202,8981,0
68270,7,9,0,17,1,18.919870,1.941172,9202,8981,0
68280,10,2,0,13,1,18.918001,1.940996,9202,8981,0
68290,4,6,0,11,1,18.917947,1.940974,9202,8981,0
68300,18,10,0,29,1,18.918583,1.940977,9204,8981,0
68310,12,15,0,28,1,18.920679,1.941211,9210,8982,0
68320,17,17,0,35,1,18.922679,1.941411,9215,8984,0
68330,11,17,1,30,1,18.924350,1.941567,9217,8991,0
68340,17,19,1,38,1,18.926083,1.941734,9222,8994,0
68350,15,13,0,29,1,18.928264,1.941939,9222,8996,0
68360,6,9,0,16,1,18.929512,1.942103,9222,8999,0
68370,5,6,0,12,1,18.929147,1.942090,9222,8999,0
68380,6,9,0,16,1,18.929051,1.942053,9222,8999,0
68390,8,14,0,23,1,18.929593,1.942066,9222,8999,0
68400,13,11,0,25,1,18.930226,1.942121,9222,8999,0
68410,4,7,0,12,1,18.929506,1.942069,9222,8999,0
68420,4,5,0,10,1,18.927804,1.941904,9222,8999,0
68430,4,5,0,10,1,18.926059,1.941747,9222,8999,0
68440,11,12,0,24,1,18.925623,1.941671,9222,8999,0
68450,17,18,0,36,1,18.927031,1.941794,9229,9001,0
68460,14,15,0,30,1,18.929001,1.942000,9238,9001,0
68470,19,12,0,32,1,18.930645,1.942170,9240,9002,0
68480,13,14,0,28,1,18.932228,1.942325,9241,9002,0
68490,20,16,0,37,1,18.934752,1.942618,9253,9010,0
68500,16,20,0,37,1,18.936063,1.942768,9254,9010,0
68510,13,14,0,28,1,18.937325,1.942890,9258,9012,0
68520,11,10,0,22,1,18.938636,1.943052,9258,9013,0
68530,4,6,0,11,1,18.937860,1.942954,9258,9013,0
68540,10,6,0,17,1,18.938262,1.943025,9258,9013,0
68550,17,10,0,28,1,18.938039,1.942998,9258,9013,0
68560,9,13,0,23,1,18.939100,1.943085,9258,9015,0
68570,10,7,1,19,1,18.939275,1.943104,9258,9015,0
68580,3,13,0,17,1,18.940275,1.943203,9258,9017,0
68590,0,0,0,0,0,18.938735,1.943055,9258,9017,0
68600,5,4,0,10,1,18.936989,1.942871,9258,9017,0
68610,1,3,0,5,1,18.935150,1.942722,9258,9017,0
68620,3,1,0,5,1,18.932896,1.942512,9258,9017,0
68630,11,7,0,19,1,18.931508,1.942324,9258,9017,0
68640,2,1,0,4,1,18.930071,1.942207,9258,9017,0
68650,1,2,0,4,1,18.928839,1.942056,9258,9017,0
68660,5,5,0,11,1,18.927512,1.941881,9258,9017,0
68670,13,13,0,27,1,18.926431,1.941699,9258,9017,0
68680,12,10,1,24,1,18.927752,1.941815,9258,9017,0
68690,4,1,0,6,1,18.927259,1.941778,9258,9017,0
68700,4,5,0,10,1,18.925471,1.941599,9258,9017,0
68710,0,0,0,0,0,18.923597,1.941440,9258,9017,0
68720,0,1,0,2,1,18.921055,1.941238,9258,9017,0
68730,7,7,0,15,1,18.919728,1.941106,9258,9017,0
68740,9,19,0,29,1,18.920974,1.941233,9259,9021,0
68750,3,4,0,8,1,18.920770,1.941280,9259,9021,0
68760,1,4,0,6,1,18.918305,1.941103,9259,9021,0
68770,14,17,0,32,1,18.919238,1.941151,9261,9023,0
68780,10,13,0,24,1,18.920944,1.941351,9268,9026,0
68790,2,3,0,6,1,18.919984,1.941274,9268,9026,0
68800,8,5,0,14,1,18.918183,1.941099,9268,9026,0
68810,2,4,0,7,1,18.917467,1.941036,9268,9026,0
68820,15,11,3,30,1,18.918386,1.941079,9268,9026,0
68830,17,20,0,38,1,18.921059,1.941366,9280,9030,0
68840,9,10,1,21,1,18.923018,1.941586,9282,9036,0
68850,7,4,1,13,1,18.922237,1.941487,9282,9036,0
68860,15,10,1,27,1,18.923085,1.941538,9283,9036,0
68870,14,9,0,24,1,18.924216,1.941670,9283,9036,0
68880,6,5,0,12,1,18.923063,1.941579,9283,9036,0
68890,4,10,0,15,1,18.922713,1.941498,9283,9036,0
68900,8,13,0,22,1,18.922986,1.941513,9283,9036,0
68910,2,1,0,4,1,18.922490,1.941498,9283,9036,0
68920,2,4,0,7,1,18.920113,1.941293,9283,9036,0
68930,3,3,0,7,1,18.918113,1.941080,9283,9036,0
68940,0,0,0,0,0,18.915912,1.940865,9283,9036,0
68950,3,5,0,9,1,18.913785,1.940679,9283,9036,0
68960,4,1,0,6,1,18.911976,1.940492,9283,9036,0
68970,8,7,1,17,1,18.911795,1.940461,9283,9036,0
68980,6,9,0,16,1,18.912543,1.940533,9289,9036,0
68990,4,5,0,10,1,18.911759,1.940468,9289,9036,0
69000,3,2,1,7,1,18.910291,1.940316,9289,9036,0
69010,17,9,0,27,1,18.910004,1.940239,9289,9036,0
69020,8,14,1,24,1,18.911189,1.940373,9292,9036,0
69030,0,0,0,1,1,18.909745,1.940252,9292,9036,0
69040,4,4,1,10,1,18.908065,1.940067,9292,9036,0
69050,11,4,0,16,1,18.907204,1.939963,9292,9036,0
69060,12,12,1,26,1,18.907798,1.940028,9292,9036,0
69070,2,8,0,11,1,18.907969,1.940052,9292,9036,0
69080,0,4,0,5,1,18.906127,1.939888,9292,9036,0
69090,4,5,0,10,1,18.904892,1.939765,9292,9036,0
69100,5,1,0,7,1,18.902704,1.939568,9292,9036,0
69110,7,12,0,20,1,18.901794,1.939427,9292,9036,0
69120,5,2,1,9,1,18.902287,1.939450,9292,9036,0
69130,1,2,0,4,1,18.900578,1.939279,9292,9036,0
69140,5,8,0,14,1,18.898385,1.939061,9292,9036,0
69150,8,9,0,18,1,18.897590,1.938943,9292,9036,0
69160,17,17,0,35,1,18.899201,1.939110,9300,9041,0
69170,15,12,0,28,1,18.900774,1.939293,9308,9041,0
69180,18,15,1,35,1,18.902381,1.939471,9308,9041,0
69190,18,6,0,25,1,18.904233,1.939688,9310,9041,0
69200,12,4,0,17,1,18.905003,1.939785,9311,9041,0
69210,4,5,0,10,1,18.905372,1.939799,9311,9041,0
69220,0,0,0,0,0,18.903175,1.939635,9311,9041,0
69230,3,3,0,7,1,18.901110,1.939422,9311,9041,0
69240,1,2,0,4,1,18.899237,1.939262,9311,9041,0
69250,7,5,0,13,1,18.897503,1.939086,9311,9041,0
69260,1,1,0,3,1,18.895313,1.938871,9311,9041,0
69270,3,0,0,4,1,18.893241,1.938677,9311,9041,0
69280,1,1,0,3,1,18.891041,1.938441,9311,9041,0
69290,1,3,0,5,1,18.888853,1.938206,9311,9041,0
69300,0,2,0,3,1,18.887149,1.938021,9311,9041,0
69310,6,3,0,10,1,18.885315,1.937823,9311,9041,0
69320,0,0,0,1,1,18.883796,1.937691,9311,9041,0
69330,0,1,0,2,1,18.881835,1.937509,9311,9041,0
69340,8,6,0,15,1,18.880460,1.937346,9311,9041,0
69350,10,9,1,21,1,18.880181,1.937318,9311,9041,0
69360,4,8,0,13,1,18.879747,1.937295,9311,9041,0
69370,4,3,0,8,1,18.877905,1.937088,9311,9041,0
69380,3,4,0,8,1,18.876114,1.936905,9311,9041,0
69390,2,3,0,6,1,18.875531,1.936867,9311,9041,0
69400,5,3,0,9,1,18.873404,1.936635,9311,9041,0
69410,7,2,1,11,1,18.872310,1.936487,9311,9041,0
69420,2,1,0,4,1,18.870767,1.936322,9311,9041,0
69430,0,0,0,1,1,18.868397,1.936131,9311,9041,0
69440,8,12,0,21,1,18.867504,1.936018,9311,9041,0
69450,20,15,0,36,1,18.868380,1.936075,9316,9041,0
69460,20,14,1,36,1,18.871114,1.936402,9334,9046,0
69470,5,5,0,11,1,18.871585,1.936483,9338,9046,0
69480,8,6,0,15,1,18.871304,1.936416,9338,9046,0
69490,7,9,1,18,1,18.871387,1.936397,9338,9046,0
69500,9,14,1,25,1,18.871045,1.936323,9338,9046,0
69510,5,0,0,6,1,18.869723,1.936183,9338,9046,0
69520,6,18,0,25,1,18.869952,1.936188,9338,9046,0
69530,14,19,1,35,1,18.871331,1.936257,9340,9047,0
69540,15,13,0,29,1,18.873909,1.936554,9352,9053,0
69550,4,3,0,8,1,18.873956,1.936597,9352,9053,0
69560,1,0,0,2,1,18.872198,1.936418,9352,9053,0
69570,9,7,0,17,1,18.871117,1.936277,9352,9053,0
69580,2,0,0,3,1,18.869661,1.936175,9352,9053,0
69590,4,5,0,10,1,18.867421,1.935926,9352,9053,0
69600,10,14,0,25,1,18.867096,1.935866,9352,9053,0
69610,16,14,0,31,1,18.868202,1.935963,9352,9053,0
69620,9,8,0,18,1,18.869747,1.936140,9352,9055,0
69630,2,1,0,4,1,18.868389,1.936002,9352,9055,0
69640,10,10,0,21,1,18.867758,1.935896,9352,9055,0
69650,9,19,0,29,1,18.869707,1.936129,9359,9055,0
69660,14,15,0,30,1,18.870684,1.936250,9359,9056,0
69670,20,20,0,41,1,18.872882,1.936508,9374,9063,0
69680,17,20,0,38,1,18.875492,1.936817,9386,9074,0
69690,13,17,0,31,1,18.877596,1.937063,9392,9090,0
69700,8,6,0,15,1,18.877809,1.937121,9392,9090,0
69710,13,10,0,24,1,18.878571,1.937149,9392,9090,0
69720,9,7,0,17,1,18.878239,1.937102,9392,9090,0
69730,8,9,2,20,1,18.877325,1.937009,9392,9090,0
69740,3,2,0,6,1,18.876185,1.936893,9392,9090,0
69750,0,0,0,0,0,18.873985,1.936652,9392,9090,0
69760,12,9,0,22,1,18.873028,1.936538,9392,9090,0
69770,3,7,0,11,1,18.871668,1.936397,9392,9090,0
69780,15,20,0,36,1,18.872676,1.936484,9402,9090,0
69790,13,14,0,28,1,18.874850,1.936769,9404,9099,0
69800,10,17,0,28,1,18.875964,1.936850,9404,9101,0
69810,13,11,0,25,1,18.877984,1.937064,9404,9107,0
69820,10,10,0,21,1,18.877454,1.936994,9404,9107,0
69830,15,8,1,25,1,18.878123,1.937053,9404,9107,0
69840,19,17,0,37,1,18.880349,1.937248,9408,9110,0
69850,4,5,0,10,1,18.880738,1.937309,9411,9110,0
69860,7,8,0,16,1,18.879742,1.937174,9411,9110,0
69870,2,5,1,9,1,18.879110,1.937131,9411,9110,0
69880,10,8,0,19,1,18.877859,1.936975,9411,9110,0
69890,1,2,0,4,1,18.877000,1.936943,9411,9110,0
69900,0,0,0,0,0,18.874818,1.936731,9411,9110,0
69910,5,0,0,6,1,18.872417,1.936549,9411,9110,0
69920,7,10,0,18,1,18.870914,1.936396,9411,9110,0
69930,4,7,0,12,1,18.871248,1.936426,9411,9110,0
69940,11,12,0,24,1,18.872159,1.936509,9412,9110,0
69950,6,14,0,21,1,18.873104,1.936596,9412,9110,0
69960,2,11,0,14,1,18.872795,1.936571,9412,9110,0
69970,7,9,0,17,1,18.872626,1.936561,9412,9110,0
69980,15,12,0,28,1,18.873858,1.936643,9417,9110,0
69990,17,12,0,30,1,18.876238,1.936872,9427,9114,0
70000,18,17,0,36,1,18.878787,1.937143,9433,9119,0
70010,15,15,0,31,1,18.881055,1.937351,9437,9121,0
70020,6,15,0,22,1,18.882955,1.937534,9437,9125,0
70030,4,1,0,6,1,18.881202,1.937432,9437,9125,0
70040,2,4,0,7,1,18.879041,1.937220,9437,9125,0
70050,2,1,0,4,1,18.877161,1.937056,9437,9125,0
70060,1,2,0,4,1,18.875421,1.936896,9437,9125,0
70070,13,11,0,25,1,18.875872,1.936907,9437,9125,0
70080,17,18,1,37,1,18.877176,1.937022,9437,9125,0
70090,20,18,0,39,1,18.879910,1.937318,9454,9144,0
70100,16,19,0,36,1,18.881458,1.937501,9457,9144,0
70110,12,12,1,26,1,18.883638,1.937771,9457,9158,0
70120,12,16,1,30,1,18.884191,1.937804,9457,9158,0
70130,9,15,1,26,1,18.885193,1.937933,9457,9158,0
70140,13,12,1,27,1,18.887234,1.938147,9457,9164,0
70150,14,12,0,27,1,18.888585,1.938304,9457,9164,0
70160,11,11,0,23,1,18.889138,1.938351,9457,9164,0
70170,11,18,0,30,1,18.890717,1.938508,9457,9168,0
70180,13,11,1,26,1,18.892424,1.938690,9457,9169,0
70190,17,14,2,34,1,18.893821,1.938835,9458,9170,0
70200,17,20,0,38,1,18.896552,1.939176,9471,9179,0
70210,11,15,0,27,1,18.897851,1.939325,9471,9184,0
70220,3,7,0,11,1,18.897784,1.939331,9471,9184,0
70230,0,0,0,1,1,18.895882,1.939151,9471,9184,0
70240,0,2,0,3,1,18.893999,1.938959,9471,9184,0
70250,0,1,0,2,1,18.892143,1.938753,9471,9184,0
70260,0,0,0,1,1,18.890155,1.938547,9471,9184,0
70270,7,4,1,13,1,18.888029,1.938347,9471,9184,0
70280,0,0,0,1,1,18.885949,1.938189,9471,9184,0
70290,1,3,0,5,1,18.883842,1.937993,9471,9184,0
70300,0,3,0,4,1,18.881517,1.937767,9471,9184,0
70310,1,3,0,5,1,18.879734,1.937631,9471,9184,0
70320,2,1,0,4,1,18.877730,1.937443,9471,9184,0
70330,1,0,0,2,1,18.875487,1.937265,9471,9184,0
70340,2,2,0,5,1,18.873084,1.937014,9471,9184,0
70350,7,6,1,15,1,18.871186,1.936784,9471,9184,0
70360,13,10,0,24,1,18.871477,1.936818,9471,9184,0
70370,8,7,1,17,1,18.871100,1.936795,9471,9184,0
70380,15,9,0,25,1,18.871864,1.936894,9471,9184,0
70390,20,20,3,44,1,18.873486,1.937050,9472,9194,0
70400,7,14,0,22,1,18.874565,1.937179,9472,9195,0
70410,5,7,0,13,1,18.875169,1.937223,9472,9195,0
70420,2,3,0,6,1,18.873806,1.937112,9472,9195,0
70430,2,2,0,5,1,18.871734,1.936895,9472,9195,0
70440,9,11,0,21,1,18.870516,1.936774,9472,9195,0
70450,6,4,0,11,1,18.869172,1.936671,9472,9195,0
70460,15,13,0,29,1,18.869981,1.936742,9472,9195,0
70470,9,9,0,19,1,18.871677,1.936911,9475,9195,0
70480,1,2,0,4,1,18.870626,1.936844,9475,9195,0
70490,1,4,0,6,1,18.868374,1.936617,9475,9195,0
70500,19,6,0,26,1,18.867284,1.936498,9475,9195,0
70510,9,17,0,27,1,18.868935,1.936643,9479,9197,0
70520,14,17,0,32,1,18.870451,1.936800,9489,9201,0
70530,12,8,1,22,1,18.871560,1.936918,9489,9201,0
70540,3,1,0,5,1,18.871311,1.936885,9489,9201,0
70550,8,9,0,18,1,18.869333,1.936661,9489,9201,0
70560,9,12,2,24,1,18.869863,1.936677,9489,9201,0
70570,13,12,0,26,1,18.870980,1.936818,9489,9201,0
70580,16,10,0,27,1,18.872135,1.936952,9489,9205,0
70590,14,11,0,26,1,18.872793,1.937015,9489,9205,0
70600,14,14,0,29,1,18.873655,1.937113,9489,9205,0
70610,7,11,1,20,1,18.874600,1.937242,9489,9205,0
70620,19,18,0,38,1,18.876063,1.937349,9489,9210,0
70630,7,8,0,16,1,18.876904,1.937456,9489,9210,0
70640,15,19,1,36,1,18.878843,1.937650,9489,9216,0
70650,12,7,0,20,1,18.880293,1.937815,9490,9218,0
70660,8,8,0,17,1,18.880802,1.937851,9491,9218,0
70670,10,14,0,25,1,18.882029,1.937956,9491,9218,0
70680,6,9,1,17,1,18.882432,1.938026,9491,9218,0
70690,0,0,0,0,0,18.881512,1.937953,9491,9218,0
70700,2,3,0,6,1,18.879458,1.937757,9491,9218,0
70710,8,8,1,18,1,18.878654,1.937645,9491,9218,0
70720,14,8,0,23,1,18.876902,1.937495,9491,9218,0
70730,12,12,1,26,1,18.878035,1.937618,9493,9218,0
70740,19,12,0,32,1,18.878905,1.937677,9496,9218,0
70750,6,2,0,9,1,18.879555,1.937754,9496,9218,0
70760,8,3,0,12,1,18.878956,1.937708,9496,9218,0
70770,15,16,0,32,1,18.879975,1.937774,9496,9218,0
70780,9,8,0,18,1,18.881023,1.937911,9496,9218,0
70790,4,2,0,7,1,18.880543,1.937860,9496,9218,0
70800,7,5,1,14,1,18.879380,1.937719,9496,9218,0
70810,5,2,0,8,1,18.878108,1.937573,9496,9218,0
70820,13,11,0,25,1,18.876318,1.937351,9496,9218,0
70830,19,19,0,39,1,18.877817,1.937484,9497,9224,0
70840,17,18,0,36,1,18.880297,1.937754,9507,9246,0
70850,15,13,0,29,1,18.882499,1.937972,9515,9251,0
70860,3,6,0,10,1,18.883288,1.938080,9519,9253,0
70870,6,4,0,11,1,18.881795,1.937934,9519,9253,0
70880,2,6,0,9,1,18.880124,1.937789,9519,9253,0
70890,9,17,0,27,1,18.880725,1.937846,9521,9253,0
70900,16,10,0,27,1,18.880322,1.937811,9521,9253,0
70910,7,6,0,14,1,18.879916,1.937785,9521,9253,0
70920,4,2,0,7,1,18.878429,1.937645,9521,9253,0
70930,7,5,0,13,1,18.876574,1.937450,9521,9253,0
70940,15,16,1,33,1,18.877498,1.937493,9521,9253,0
70950,12,5,0,18,1,18.877693,1.937511,9521,9253,0
70960,3,8,0,12,1,18.877410,1.937461,9521,9253,0
70970,11,10,1,23,1,18.877742,1.937479,9522,9253,0
70980,16,8,0,25,1,18.879664,1.937703,9523,9259,0
70990,0,0,0,1,1,18.878162,1.937603,9523,9259,0
71000,4,7,0,12,1,18.878020,1.937581,9523,9260,0
71010,3,5,0,9,1,18.875945,1.937395,9523,9260,0
71020,0,2,0,3,1,18.875289,1.937332,9523,9260,0
71030,7,8,0,16,1,18.874500,1.937232,9523,9260,0
71040,11,15,0,27,1,18.875259,1.937272,9523,9260,0
71050,10,16,0,27,1,18.875833,1.937301,9523,9260,0
71060,16,6,0,23,1,18.876821,1.937429,9523,9260,0
71070,6,4,0,11,1,18.875688,1.937345,9523,9260,0
71080,8,13,0,22,1,18.876241,1.937367,9523,9260,0
71090,15,16,3,35,1,18.877832,1.937472,9526,9260,0
71100,8,12,1,22,1,18.879533,1.937690,9526,9271,0
71110,11,18,0,30,1,18.881110,1.937814,9530,9272,0
71120,9,10,0,20,1,18.881674,1.937851,9530,9272,0
71130,4,2,0,7,1,18.879795,1.937670,9530,9272,0
71140,3,1,0,5,1,18.878079,1.937476,9530,9272,0
71150,9,10,0,20,1,18.877163,1.937380,9530,9272,0
71160,9,18,0,28,1,18.877100,1.937350,9530,9272,0
71170,17,12,0,30,1,18.879384,1.937622,9534,9286,0
71180,15,14,0,30,1,18.880700,1.937744,9537,9286,0
71190,16,16,0,33,1,18.883046,1.937997,9541,9291,0
71200,18,14,0,33,1,18.885483,1.938251,9550,9307,0
71210,6,8,0,15,1,18.885327,1.938256,9550,9307,0
71220,4,5,0,10,1,18.884641,1.938167,9550,9307,0
71230,7,9,0,17,1,18.883761,1.938092,9550,9307,0
71240,10,5,0,16,1,18.883081,1.938010,9550,9307,0
71250,4,3,0,8,1,18.881924,1.937887,9550,9307,0
71260,0,0,0,1,1,18.879540,1.937685,9550,9307,0
71270,5,7,0,13,1,18.878074,1.937550,9550,9307,0
71280,9,12,0,22,1,18.877522,1.937475,9550,9307,0
71290,14,11,1,27,1,18.878824,1.937579,9551,9310,0
71300,3,10,0,14,1,18.879529,1.937666,9559,9310,0
71310,5,6,0,12,1,18.878673,1.937608,9559,9310,0
71320,17,3,0,21,1,18.878130,1.937584,9559,9310,0
71330,14,13,0,28,1,18.879446,1.937695,9563,9310,0
71340,14,10,0,25,1,18.880444,1.937804,9563,9310,0
71350,18,16,0,35,1,18.881553,1.937933,9563,9312,0
71360,16,15,2,34,1,18.882873,1.938048,9563,9312,0
71370,15,13,1,30,1,18.885483,1.938358,9570,9321,0
71380,9,15,0,25,1,18.887229,1.938556,9571,9325,0
71390,2,0,0,3,1,18.887985,1.938659,9571,9327,0
71400,6,8,0,15,1,18.886073,1.938470,9571,9327,0
71410,13,17,1,32,1,18.886059,1.938431,9571,9329,0
71420,16,11,0,28,1,18.887950,1.938618,9573,9332,0
71430,0,0,0,1,1,18.887618,1.938604,9573,9332,0
71440,1,1,0,3,1,18.885703,1.938376,9573,9332,0
71450,10,4,0,15,1,18.884749,1.938209,9573,9332,0
71460,2,7,0,10,1,18.884591,1.938180,9573,9332,0
71470,13,4,0,18,1,18.883593,1.938093,9573,9332,0
71480,10,4,0,15,1,18.882595,1.937967,9573,9332,0
71490,16,16,0,33,1,18.883753,1.938045,9574,9332,0
71500,15,19,0,35,1,18.884786,1.938124,9574,9335,0
71510,13,10,0,24,1,18.884948,1.938114,9574,9335,0
71520,6,8,0,15,1,18.885565,1.938151,9574,9335,0
71530,9,12,2,24,1,18.884568,1.938033,9574,9335,0
71540,19,13,0,33,1,18.886099,1.938150,9574,9335,0
71550,9,7,0,17,1,18.887016,1.938279,9574,9335,0
71560,5,4,0,10,1,18.885943,1.938192,9574,9335,0
71570,2,1,0,4,1,18.883974,1.938008,9574,9335,0
71580,3,5,0,9,1,18.882211,1.937828,9574,9335,0
71590,2,6,0,9,1,18.880605,1.937670,9574,9335,0
71600,3,2,0,6,1,18.879691,1.937578,9574,9335,0
71610,0,0,0,1,1,18.877933,1.937393,9574,9335,0
71620,3,2,0,6,1,18.875970,1.937184,9574,9335,0
71630,4,2,0,7,1,18.873900,1.936967,9574,9335,0
71640,5,8,0,14,1,18.873769,1.936916,9574,9335,0
71650,2,1,0,4,1,18.873188,1.936839,9574,9335,0
71660,0,0,0,0,0,18.870975,1.936657,9574,9335,0
71670,3,4,0,8,1,18.869489,1.936511,9574,9335,0
71680,5,4,1,11,1,18.868157,1.936354,9574,9335,0
71690,7,10,0,18,1,18.868149,1.936343,9574,9335,0
71700,1,0,0,2,1,18.866684,1.936260,9574,9335,0
71710,3,3,0,7,1,18.864865,1.936097,9574,9335,0
71720,6,8,0,15,1,18.864065,1.936016,9574,9335,0
71730,1,3,0,5,1,18.863257,1.935962,9574,9335,0
71740,3,10,0,14,1,18.862078,1.935837,9574,9335,0
71750,0,0,0,0,0,18.860939,1.935771,9574,9335,0
71760,8,8,2,19,1,18.859515,1.935557,9574,9335,0
71770,11,13,0,25,1,18.860876,1.935687,9574,9338,0
71780,13,17,0,31,1,18.862527,1.935860,9581,9338,0
71790,13,18,0,32,1,18.864961,1.936142,9589,9352,0
71800,13,10,0,24,1,18.866192,1.936241,9589,9352,0
71810,16,19,1,37,1,18.868490,1.936470,9605,9364,0
71820,19,19,0,39,1,18.871078,1.936770,9625,9369,0
71830,16,19,0,36,1,18.873634,1.937037,9635,9377,0
71840,7,2,1,11,1,18.874160,1.937106,9635,9377,0
71850,6,2,1,10,1,18.872675,1.936932,9635,9377,0
71860,4,4,0,9,1,18.871909,1.936866,9635,9377,0
71870,13,20,0,34,1,18.872503,1.936881,9635,9381,0
71880,6,5,0,12,1,18.873489,1.937014,9635,9386,0
71890,18,20,0,39,1,18.874507,1.937078,9635,9396,0
71900,16,15,0,32,1,18.876300,1.937269,9638,9401,0
71910,11,17,0,29,1,18.878431,1.937478,9642,9417,0
71920,13,17,0,31,1,18.878726,1.937476,9642,9417,0
71930,9,12,1,23,1,18.880006,1.937620,9642,9423,0
71940,0,0,0,0,0,18.878626,1.937468,9642,9423,0
71950,12,4,1,18,1,18.876988,1.937260,9642,9423,0
71960,2,1,0,4,1,18.876357,1.937232,9642,9423,0
71970,11,11,0,23,1,18.875619,1.937113,9642,9423,0
71980,10,14,0,25,1,18.875601,1.937080,9642,9423,0
71990,3,2,0,6,1,18.875101,1.937038,9642,9423,0
72000,2,1,0,4,1,18.873078,1.936843,9642,9423,0
72010,4,1,0,6,1,18.871927,1.936745,9642,9423,0
72020,4,4,0,9,1,18.870758,1.936618,9642,9423,0
72030,2,2,0,5,1,18.868801,1.936424,9642,9423,0
72040,15,10,0,26,1,18.869388,1.936447,9642,9424,0
72050,3,8,0,12,1,18.869132,1.936438,9642,9424,0
72060,8,6,0,15,1,18.867433,1.936240,9642,9424,0
72070,13,13,0,27,1,18.868297,1.936292,9642,9424,0
72080,19,18,0,38,1,18.869163,1.936360,9642,9424,0
72090,20,19,2,42,1,18.871989,1.936673,9661,9437,0
72100,16,12,0,29,1,18.873570,1.936850,9664,9437,0
72110,7,6,0,14,1,18.874306,1.936930,9664,9437,0
72120,18,19,1,39,1,18.875338,1.936987,9664,9437,0
72130,12,13,0,26,1,18.877582,1.937257,9670,9452,0
72140,5,6,0,12,1,18.878085,1.937305,9670,9452,0
72150,12,5,0,18,1,18.876897,1.937200,9670,9452,0
72160,13,14,0,28,1,18.877537,1.937234,9670,9452,0
72170,11,16,0,28,1,18.878256,1.937273,9670,9452,0
72180,9,9,1,20,1,18.877305,1.937158,9670,9452,0
72190,10,14,0,25,1,18.877668,1.937191,9670,9452,0
72200,10,8,0,19,1,18.877941,1.937234,9670,9452,0
72210,11,14,1,27,1,18.878118,1.937223,9670,9452,0
72220,10,20,0,31,1,18.878020,1.937211,9670,9452,0
72230,5,2,0,8,1,18.877938,1.937199,9670,9454,0
72240,5,5,0,11,1,18.876154,1.937006,9670,9454,0
72250,11,7,0,19,1,18.875720,1.936960,9670,9454,0
72260,13,14,0,28,1,18.875238,1.936892,9670,9454,0
72270,12,10,0,23,1,18.876681,1.937039,9670,9458,0
72280,12,11,1,25,1,18.876877,1.937071,9670,9458,0
72290,17,13,1,32,1,18.878281,1.937230,9676,9458,0
72300,0,0,0,1,1,18.878371,1.937257,9676,9458,0
72310,0,0,0,1,1,18.876245,1.937043,9676,9458,0
72320,8,14,0,23,1,18.874680,1.936842,9676,9458,0
72330,11,20,1,33,1,18.875876,1.936975,9676,9469,0
72340,18,20,1,40,1,18.877553,1.937123,9678,9472,0
72350,17,12,0,30,1,18.879583,1.937382,9680,9473,0
72360,12,16,0,29,1,18.881099,1.937542,9680,9475,0
72370,6,13,0,20,1,18.882296,1.937660,9680,9477,0
72380,12,7,0,20,1,18.882383,1.937665,9680,9477,0
72390,5,3,0,9,1,18.881585,1.937562,9680,9477,0
72400,13,6,0,20,1,18.880142,1.937407,9680,9477,0
72410,1,2,0,4,1,18.879128,1.937348,9680,9477,0
72420,2,3,0,6,1,18.877343,1.937150,9680,9477,0
72430,0,0,0,1,1,18.875085,1.936996,9680,9477,0
72440,3,5,0,9,1,18.873140,1.936826,9680,9477,0
72450,10,11,1,23,1,18.872050,1.936663,9680,9477,0
72460,6,6,0,13,1,18.872072,1.936642,9680,9477,0
72470,12,8,0,21,1,18.872194,1.936650,9680,9477,0
72480,15,17,1,34,1,18.872525,1.936699,9680,9477,0
72490,12,18,0,31,1,18.874353,1.936874,9683,9479,0
72500,8,9,0,18,1,18.874938,1.936949,9683,9480,0
72510,15,17,0,33,1,18.875137,1.936935,9685,9480,0
72520,15,10,2,28,1,18.877219,1.937169,9688,9487,0
72530,13,16,1,31,1,18.878271,1.937262,9688,9487,0
72540,10,11,0,22,1,18.879992,1.937456,9689,9493,0
72550,12,16,0,29,1,18.881242,1.937602,9697,9493,0
72560,3,5,0,9,1,18.881426,1.937622,9697,9493,0
72570,2,5,0,8,1,18.879946,1.937488,9697,9493,0
72580,1,0,0,2,1,18.877976,1.937298,9697,9493,0
72590,13,7,0,21,1,18.876785,1.937130,9697,9493,0
72600,12,4,0,17,1,18.876729,1.937128,9697,9493,0
72610,6,6,0,13,1,18.876270,1.937058,9697,9493,0
72620,12,8,0,21,1,18.876734,1.937090,9697,9493,0
72630,17,19,0,37,1,18.878074,1.937185,9697,9497,0
72640,12,10,0,23,1,18.880023,1.937438,9703,9504,0
72650,11,5,0,17,1,18.880566,1.937504,9703,9504,0
72660,13,20,0,34,1,18.881492,1.937605,9703,9505,0
72670,5,5,0,11,1,18.881572,1.937634,9703,9505,0
72680,3,2,0,6,1,18.880795,1.937550,9703,9505,0
72690,3,2,0,6,1,18.878685,1.937373,9703,9505,0
72700,0,0,0,1,1,18.876381,1.937157,9703,9505,0
72710,7,4,0,12,1,18.875465,1.937018,9703,9505,0
72720,2,2,0,5,1,18.874205,1.936920,9703,9505,0
72730,2,1,0,4,1,18.872114,1.936698,9703,9505,0
72740,15,8,0,24,1,18.871082,1.936541,9703,9505,0
72750,2,3,0,6,1,18.870738,1.936505,9703,9505,0
72760,12,10,0,23,1,18.870540,1.936461,9703,9505,0
72770,5,2,0,8,1,18.868959,1.936330,9703,9505,0
72780,1,1,0,3,1,18.867174,1.936173,9703,9505,0
72790,0,2,0,3,1,18.864922,1.935915,9703,9505,0
72800,3,1,0,5,1,18.862975,1.935692,9703,9505,0
72810,1,0,0,2,1,18.861128,1.935520,9703,9505,0
72820,10,12,1,24,1,18.860348,1.935411,9703,9505,0
72830,4,2,0,7,1,18.859048,1.935287,9703,9505,0
72840,8,7,1,17,1,18.857347,1.935095,9703,9505,0
72850,8,15,0,24,1,18.856613,1.935005,9703,9505,0
72860,0,1,0,2,1,18.855578,1.934902,9703,9505,0
72870,0,0,0,0,0,18.854409,1.934743,9703,9505,0
72880,5,6,0,12,1,18.852225,1.934561,9703,9505,0
72890,13,13,2,29,1,18.851846,1.934520,9703,9505,0
72900,16,15,2,34,1,18.853038,1.934638,9703,9505,0
72910,8,18,1,28,1,18.855153,1.934857,9703,9515,0
72920,6,6,0,13,1,18.853903,1.934781,9703,9515,0
72930,8,6,0,15,1,18.853387,1.934724,9703,9515,0
72940,17,9,0,27,1,18.853791,1.934786,9704,9515,0
72950,6,6,0,13,1,18.854519,1.934865,9704,9515,0
72960,2,3,0,6,1,18.852784,1.934723,9704,9515,0
72970,0,0,0,1,1,18.850760,1.934541,9704,9515,0
72980,5,5,0,11,1,18.849121,1.934358,9704,9515,0
72990,2,2,0,5,1,18.847550,1.934206,9704,9515,0
73000,6,9,0,16,1,18.845821,1.934022,9704,9515,0
73010,1,1,0,3,1,18.844751,1.933910,9704,9515,0
73020,3,8,1,13,1,18.843604,1.933796,9704,9515,0
73030,0,4,0,5,1,18.841780,1.933657,9704,9515,0
73040,0,0,0,0,0,18.839493,1.933448,9704,9515,0
73050,8,13,0,22,1,18.837950,1.933244,9704,9515,0
73060,6,14,0,21,1,18.837384,1.933168,9704,9515,0
73070,17,16,0,34,1,18.837751,1.933169,9704,9517,0
73080,20,12,0,33,1,18.840203,1.933474,9709,9525,0
73090,12,6,0,19,1,18.841803,1.933674,9709,9527,0
73100,9,11,0,21,1,18.841660,1.933634,9709,9527,0
73110,1,0,0,2,1,18.840789,1.933559,9709,9527,0
73120,15,12,0,28,1,18.839680,1.933381,9709,9527,0
73130,11,11,0,23,1,18.839978,1.933408,9709,9527,0
73140,11,10,0,22,1,18.841157,1.933530,9710,9527,0
73150,5,4,0,10,1,18.840452,1.933464,9710,9527,0
73160,2,0,0,3,1,18.839762,1.933430,9710,9527,0
73170,5,9,0,15,1,18.838725,1.933341,9710,9527,0
73180,1,0,0,2,1,18.837611,1.933217,9710,9527,0
73190,2,4,0,7,1,18.835983,1.933070,9710,9527,0
73200,15,4,1,21,1,18.834852,1.932936,9710,9527,0
73210,12,15,0,28,1,18.834713,1.932901,9710,9527,0
73220,2,4,0,7,1,18.834749,1.932904,9710,9527,0
73230,1,4,1,7,1,18.832984,1.932740,9710,9527,0
73240,1,3,1,6,1,18.831367,1.932570,9710,9527,0
73250,3,3,0,7,1,18.829316,1.932350,9710,9527,0
73260,0,0,0,0,0,18.827298,1.932146,9710,9527,0
73270,2,2,0,5,1,18.825230,1.931957,9710,9527,0
73280,1,0,0,2,1,18.823386,1.931791,9710,9527,0
73290,4,4,0,9,1,18.821795,1.931637,9710,9527,0
73300,6,2,0,9,1,18.820943,1.931499,9710,9527,0
73310,1,0,0,2,1,18.819614,1.931388,9710,9527,0
73320,0,0,0,0,0,18.817548,1.931185,9710,9527,0
73330,10,5,0,16,1,18.816189,1.931034,9710,9527,0
73340,13,12,1,27,1,18.816749,1.931071,9710,9527,0
73350,13,16,0,30,1,18.817357,1.931142,9710,9527,0
73360,10,15,1,27,1,18.817984,1.931221,9710,9527,0
73370,6,5,1,13,1,18.817424,1.931146,9710,9527,0
73380,13,12,0,26,1,18.817802,1.931208,9710,9527,0
73390,6,8,0,15,1,18.819105,1.931318,9711,9527,0
73400,6,5,0,12,1,18.818992,1.931303,9711,9527,0
73410,3,1,0,5,1,18.817257,1.931137,9711,9527,0
73420,13,3,0,17,1,18.815933,1.930975,9711,9527,0
73430,15,19,0,35,1,18.816918,1.931061,9711,9528,0
73440,16,9,0,26,1,18.818468,1.931251,9714,9530,0
73450,16,15,0,32,1,18.820519,1.931481,9724,9539,0
73460,6,5,1,13,1,18.821508,1.931627,9726,9541,0
73470,2,1,0,4,1,18.819650,1.931468,9726,9541,0
73480,11,9,1,22,1,18.818590,1.931328,9726,9541,0
73490,8,8,0,17,1,18.818578,1.931341,9726,9541,0
73500,16,17,0,34,1,18.818669,1.931300,9726,9541,0
73510,20,12,0,33,1,18.820103,1.931473,9729,9541,0
73520,2,5,0,8,1,18.821015,1.931595,9729,9541,0
73530,4,2,0,7,1,18.818869,1.931389,9729,9541,0
73540,7,8,0,16,1,18.817578,1.931239,9729,9541,0
73550,13,16,1,31,1,18.817972,1.931259,9731,9541,0
73560,17,15,1,34,1,18.819801,1.931448,9741,9547,0
73570,0,8,0,9,1,18.820119,1.931471,9741,9547,0
73580,16,14,0,31,1,18.821144,1.931558,9741,9547,0
73590,18,10,0,29,1,18.822209,1.931653,9742,9547,0
73600,17,20,1,39,1,18.823914,1.931788,9742,9549,0
73610,18,17,0,36,1,18.826058,1.932056,9751,9553,0
73620,16,20,0,37,1,18.828513,1.932330,9757,9563,0
73630,10,7,0,18,1,18.829094,1.932413,9757,9565,0
73640,9,8,1,19,1,18.828911,1.932390,9757,9565,0
73650,9,11,0,21,1,18.830073,1.932480,9757,9566,0
73660,0,0,0,0,0,18.829346,1.932418,9757,9566,0
73670,0,5,0,6,1,18.827063,1.932198,9757,9566,0
73680,4,2,0,7,1,18.825299,1.932040,9757,9566,0
73690,0,0,0,1,1,18.823179,1.931856,9757,9566,0
73700,1,0,0,2,1,18.820951,1.931666,9757,9566,0
73710,0,0,0,1,1,18.818731,1.931442,9757,9566,0
73720,15,11,0,27,1,18.817832,1.931286,9757,9566,0
73730,11,11,1,24,1,18.819174,1.931449,9757,9572,0
73740,14,16,0,31,1,18.820226,1.931532,9757,9572,0
73750,8,16,0,25,1,18.822085,1.931740,9757,9578,0
73760,10,5,0,16,1,18.822883,1.931812,9757,9578,0
73770,4,3,0,8,1,18.821556,1.931672,9757,9578,0
73780,1,0,0,2,1,18.819448,1.931475,9757,9578,0
73790,0,0,0,1,1,18.817351,1.931267,9757,9578,0
73800,0,0,0,1,1,18.815705,1.931093,9757,9578,0
73810,2,5,0,8,1,18.813990,1.930897,9757,9578,0
73820,17,11,0,29,1,18.814106,1.930862,9757,9578,0
73830,18,17,0,36,1,18.815640,1.931028,9763,9586,0
73840,19,14,0,34,1,18.817822,1.931272,9769,9591,0
73850,11,8,0,20,1,18.818536,1.931363,9769,9591,0
73860,16,17,0,34,1,18.819622,1.931443,9769,9591,0
73870,0,0,0,0,0,18.819678,1.931488,9769,9596,0
73880,4,4,0,9,1,18.817546,1.931276,9769,9596,0
73890,9,14,2,26,1,18.817142,1.931203,9769,9596,0
73900,1,3,0,5,1,18.817765,1.931276,9769,9596,0
73910,1,0,0,2,1,18.816234,1.931091,9769,9596,0
73920,5,5,0,11,1,18.816202,1.931059,9769,9596,0
73930,5,3,0,9,1,18.814523,1.930888,9769,9596,0
73940,1,2,0,4,1,18.812558,1.930717,9769,9596,0
73950,0,0,0,0,0,18.810657,1.930542,9769,9596,0
73960,0,1,0,2,1,18.808640,1.930360,9769,9596,0
73970,7,10,0,18,1,18.806716,1.930164,9769,9596,0
73980,5,10,1,17,1,18.806239,1.930140,9769,9596,0
73990,3,6,0,10,1,18.805137,1.930055,9769,9596,0
74000,2,1,0,4,1,18.803246,1.929900,9769,9596,0
74010,9,7,0,17,1,18.802048,1.929762,9769,9596,0
74020,4,9,0,14,1,18.801582,1.929672,9769,9596,0
74030,12,10,0,23,1,18.801795,1.929666,9769,9596,0
74040,16,15,0,32,1,18.803124,1.929782,9771,9599,0
74050,14,6,0,21,1,18.802845,1.929752,9771,9599,0
74060,0,0,0,0,0,18.802012,1.929716,9771,9599,0
74070,3,4,0,8,1,18.800095,1.929547,9771,9599,0
74080,8,6,0,15,1,18.799063,1.929437,9771,9599,0
74090,0,1,0,2,1,18.797951,1.929316,9771,9599,0
74100,14,9,0,24,1,18.796913,1.929162,9771,9599,0
74110,0,1,0,2,1,18.796482,1.929170,9771,9599,0
74120,14,19,1,35,1,18.796437,1.929084,9771,9600,0
74130,16,19,0,36,1,18.798075,1.929240,9772,9601,0
74140,17,13,0,31,1,18.799985,1.929466,9776,9608,0
74150,8,11,0,20,1,18.801437,1.929627,9777,9608,0
74160,10,10,0,21,1,18.802376,1.929735,9777,9608,0
74170,7,4,0,12,1,18.803294,1.929801,9777,9611,0
74180,10,13,0,24,1,18.802669,1.929752,9777,9611,0
74190,11,14,0,26,1,18.804117,1.929869,9782,9611,0
74200,11,18,0,30,1,18.805002,1.929972,9782,9611,0
74210,10,16,1,28,1,18.806472,1.930111,9786,9611,0
74220,17,17,0,35,1,18.808050,1.930266,9786,9614,0
74230,16,15,0,32,1,18.809723,1.930436,9789,9614,0
74240,11,8,0,20,1,18.811182,1.930624,9790,9633,0
74250,13,15,1,30,1,18.812361,1.930717,9796,9633,0
74260,20,18,0,39,1,18.814407,1.930928,9807,9639,0
74270,10,17,1,29,1,18.815887,1.931079,9808,9644,0
74280,10,8,1,20,1,18.816110,1.931111,9808,9644,0
74290,4,7,0,12,1,18.815185,1.931030,9808,9644,0
74300,1,1,0,3,1,18.812986,1.930840,9808,9644,0
74310,4,5,0,10,1,18.811020,1.930637,9808,9644,0
74320,3,2,0,6,1,18.809307,1.930454,9808,9644,0
74330,0,1,0,2,1,18.808261,1.930351,9808,9644,0
74340,8,11,1,21,1,18.807634,1.930240,9808,9644,0
74350,0,1,0,2,1,18.806352,1.930123,9808,9644,0
74360,12,9,0,22,1,18.805505,1.930010,9808,9644,0
74370,7,5,0,13,1,18.806005,1.930041,9808,9644,0
74380,3,0,0,4,1,18.804200,1.929876,9808,9644,0
74390,2,2,0,5,1,18.802479,1.929695,9808,9644,0
74400,2,2,0,5,1,18.800964,1.929536,9808,9644,0
74410,1,0,0,2,1,18.798747,1.929330,9808,9644,0
74420,2,3,0,6,1,18.797010,1.929135,9808,9644,0
74430,1,1,0,3,1,18.795911,1.929005,9808,9644,0
74440,1,0,0,2,1,18.793676,1.928790,9808,9644,0
74450,3,2,0,6,1,18.792077,1.928643,9808,9644,0
74460,4,3,0,8,1,18.790370,1.928498,9808,9644,0
74470,15,13,0,29,1,18.790947,1.928593,9814,9644,0
74480,5,9,0,15,1,18.791206,1.928671,9814,9644,0
74490,13,9,2,25,1,18.790326,1.928579,9814,9644,0
74500,10,18,0,29,1,18.791736,1.928698,9814,9649,0
74510,14,16,0,31,1,18.793783,1.928910,9818,9658,0
74520,16,11,0,28,1,18.795212,1.929065,9818,9658,0
74530,4,5,0,10,1,18.794691,1.929034,9818,9658,0
74540,8,16,0,25,1,18.795582,1.929098,9823,9658,0
74550,14,10,0,25,1,18.796798,1.929242,9824,9658,0
74560,1,3,0,5,1,18.795725,1.929152,9824,9658,0
74570,0,0,0,1,1,18.793726,1.928974,9824,9658,0
74580,0,0,0,0,0,18.791575,1.928795,9824,9658,0
74590,2,2,0,5,1,18.790140,1.928656,9824,9658,0
74600,1,1,0,3,1,18.788033,1.928444,9824,9658,0
74610,0,3,0,4,1,18.786144,1.928235,9824,9658,0
74620,1,0,0,2,1,18.783979,1.928019,9824,9658,0
74630,6,5,0,12,1,18.781912,1.927777,9824,9658,0
74640,7,16,0,24,1,18.781138,1.927669,9824,9658,0
74650,13,18,0,32,1,18.782613,1.927771,9828,9658,0
74660,7,6,0,14,1,18.783385,1.927873,9828,9658,0
74670,7,18,2,28,1,18.782873,1.927811,9828,9658,0
74680,15,18,1,35,1,18.784700,1.927992,9836,9663,0
74690,14,15,0,30,1,18.786652,1.928183,9842,9666,0
74700,14,19,0,34,1,18.788493,1.928359,9845,9670,0
74710,14,10,0,25,1,18.789858,1.928487,9845,9679,0
74720,18,15,0,34,1,18.791915,1.928726,9856,9687,0
74730,18,16,0,35,1,18.794207,1.928978,9868,9705,0
74740,19,14,0,34,1,18.796480,1.929226,9873,9712,0
74750,18,19,1,39,1,18.798837,1.929514,9883,9720,0
74760,17,11,0,29,1,18.800847,1.929751,9900,9724,0
74770,12,10,0,23,1,18.801367,1.929784,9900,9724,0
74780,7,14,0,22,1,18.801199,1.929786,9900,9724,0
74790,0,0,0,0,0,18.800506,1.929719,9900,9724,0
74800,4,5,0,10,1,18.798574,1.929530,9900,9724,0
74810,6,11,0,18,1,18.797806,1.929420,9900,9724,0
74820,0,0,0,0,0,18.796160,1.929292,9900,9724,0
74830,9,15,0,25,1,18.796783,1.929320,9900,9724,0
74840,13,17,0,31,1,18.797043,1.929327,9900,9724,0
74850,12,15,0,28,1,18.798718,1.929503,9901,9724,0
74860,20,13,0,34,1,18.800893,1.929780,9914,9735,0
74870,6,13,0,20,1,18.802814,1.930015,9919,9741,0
74880,11,13,0,25,1,18.803032,1.930036,9919,9741,0
74890,1,3,0,5,1,18.802397,1.929991,9919,9741,0
74900,7,4,0,12,1,18.800702,1.929805,9919,9741,0
74910,0,0,0,1,1,18.798805,1.929632,9919,9741,0
74920,0,0,0,1,1,18.796795,1.929416,9919,9741,0
74930,4,4,0,9,1,18.795641,1.929286,9919,9741,0
74940,9,4,0,14,1,18.794031,1.929108,9919,9741,0
74950,4,10,0,15,1,18.792396,1.928973,9919,9741,0
74960,9,16,0,26,1,18.793463,1.929073,9919,9749,0
74970,2,3,0,6,1,18.792265,1.928986,9919,9749,0
74980,9,12,0,22,1,18.792324,1.928938,9919,9749,0
74990,18,17,0,36,1,18.794146,1.929121,9921,9749,0
75000,14,15,0,30,1,18.795353,1.929238,9921,9749,0
75010,19,13,0,33,1,18.797245,1.929417,9929,9751,0
75020,19,12,1,33,1,18.799345,1.929676,9934,9752,0
75030,14,16,0,31,1,18.801290,1.929914,9944,9756,0
75040,12,20,0,33,1,18.801755,1.929970,9944,9757,0
75050,14,17,0,32,1,18.803993,1.930215,9954,9770,0
75060,20,19,0,40,1,18.805957,1.930396,9961,9783,0
75070,17,16,1,35,1,18.808321,1.930672,9968,9797,0
75080,10,13,0,24,1,18.809859,1.930828,9968,9800,0
75090,2,2,0,5,1,18.808657,1.930761,9968,9800,0
75100,1,1,0,3,1,18.806682,1.930541,9968,9800,0
75110,0,6,0,7,1,18.804610,1.930345,9968,9800,0
75120,3,3,0,7,1,18.802703,1.930182,9968,9800,0
75130,1,2,0,4,1,18.800678,1.929981,9968,9800,0
75140,0,2,0,3,1,18.798971,1.929820,9968,9800,0
75150,10,8,0,19,1,18.797739,1.929694,9968,9800,0
75160,0,1,0,2,1,18.795883,1.929518,9968,9800,0
75170,10,12,0,23,1,18.794722,1.929374,9968,9800,0
75180,15,12,0,28,1,18.795441,1.929435,9968,9800,0
75190,0,0,0,1,1,18.794118,1.929345,9968,9800,0
75200,2,2,0,5,1,18.792653,1.929191,9968,9800,0
75210,10,6,1,18,1,18.791636,1.929045,9968,9800,0
75220,9,9,0,19,1,18.791459,1.929028,9968,9800,0
75230,11,11,0,23,1,18.792596,1.929096,9968,9800,0
75240,17,20,1,39,1,18.794536,1.929283,9969,9807,0
75250,5,6,0,12,1,18.795279,1.929403,9969,9813,0
75260,7,10,1,19,1,18.794711,1.929324,9969,9813,0
75270,20,11,1,33,1,18.795480,1.929389,9971,9813,0
75280,14,12,0,27,1,18.796470,1.929478,9971,9813,0
75290,13,12,0,26,1,18.797612,1.929599,9976,9813,0
75300,9,13,0,23,1,18.797878,1.929612,9976,9813,0
75310,3,3,0,7,1,18.796514,1.929512,9976,9813,0
75320,4,3,0,8,1,18.795106,1.929390,9976,9813,0
75330,4,6,0,11,1,18.793247,1.929192,9976,9813,0
75340,9,5,1,16,1,18.792533,1.929104,9976,9813,0
75350,3,2,0,6,1,18.792039,1.929068,9976,9813,0
75360,3,0,0,4,1,18.790587,1.928928,9976,9813,0
75370,5,9,0,15,1,18.789450,1.928807,9976,9813,0
75380,9,10,0,20,1,18.790009,1.928868,9976,9813,0
75390,15,8,0,24,1,18.790081,1.928876,9976,9814,0
75400,16,14,0,31,1,18.790963,1.928934,9976,9814,0
75410,7,13,0,21,1,18.791191,1.928943,9976,9814,0
75420,11,15,0,27,1,18.791672,1.928956,9976,9814,0
75430,0,1,0,2,1,18.791084,1.928931,9976,9814,0
75440,0,0,0,0,0,18.788934,1.928725,9976,9814,0
75450,6,3,0,10,1,18.786731,1.928508,9976,9814,0
75460,4,4,0,9,1,18.785278,1.928352,9976,9814,0
75470,8,4,0,13,1,18.784321,1.928262,9976,9814,0
75480,5,11,0,17,1,18.784218,1.928258,9976,9814,0
75490,13,14,1,29,1,18.784684,1.928281,9977,9814,0
75500,17,18,0,36,1,18.786468,1.928476,9980,9818,0
75510,17,17,0,35,1,18.788720,1.928744,9983,9822,0
75520,14,18,1,34,1,18.791319,1.929018,9988,9831,0
75530,15,15,0,31,1,18.792817,1.929186,9989,9831,0
75540,9,13,1,24,1,18.794115,1.929351,9989,9834,0
75550,7,16,0,24,1,18.794801,1.929412,9989,9835,0
75560,9,10,1,21,1,18.795072,1.929428,9989,9835,0
75570,2,7,0,10,1,18.794877,1.929428,9989,9835,0
75580,3,7,0,11,1,18.793839,1.929322,9989,9835,0
75590,10,12,1,24,1,18.793415,1.929259,9989,9835,0
75600,13,19,0,33,1,18.795239,1.929437,9993,9839,0
75610,14,17,0,32,1,18.796722,1.929606,9997,9839,0
75620,16,16,0,33,1,18.799103,1.929869,10005,9851,0
75630,18,14,0,33,1,18.800893,1.930054,10006,9854,0
75640,5,14,0,20,1,18.802361,1.930217,10011,9854,0
75650,11,20,0,32,1,18.803192,1.930308,10011,9856,0
75660,11,10,0,22,1,18.804812,1.930499,10013,9857,0
75670,6,7,0,14,1,18.804987,1.930523,10013,9857,0
75680,11,9,0,21,1,18.804301,1.930436,10013,9857,0
75690,11,5,0,17,1,18.804871,1.930493,10013,9857,0
75700,3,1,0,5,1,18.803585,1.930370,10013,9857,0
75710,1,0,0,2,1,18.801703,1.930198,10013,9857,0
75720,7,8,0,16,1,18.800771,1.930072,10013,9857,0
75730,2,1,0,4,1,18.799267,1.929901,10013,9857,0
75740,8,8,0,17,1,18.797728,1.929746,10013,9857,0
75750,0,1,0,2,1,18.796838,1.929664,10013,9857,0
75760,16,7,0,24,1,18.795405,1.929481,10013,9857,0
75770,17,6,1,25,1,18.796621,1.929594,10013,9857,0
75780,16,14,0,31,1,18.797518,1.929653,10013,9857,0
75790,18,12,1,32,1,18.797960,1.929692,10013,9857,0
75800,20,19,0,40,1,18.800414,1.929953,10022,9864,0
75810,11,17,0,29,1,18.801821,1.930124,10031,9865,0
75820,17,19,1,38,1,18.804223,1.930380,10049,9875,0
75830,13,16,1,31,1,18.805567,1.930522,10049,9880,0
75840,17,18,2,38,1,18.806301,1.930590,10049,9880,0
75850,14,15,1,31,1,18.808127,1.930808,10053,9882,0
75860,7,14,0,22,1,18.808725,1.930875,10053,9882,0
75870,18,11,0,30,1,18.810392,1.931058,10053,9893,0
75880,13,20,0,34,1,18.812370,1.931254,10053,9896,0
75890,13,18,0,32,1,18.813699,1.931376,10055,9902,0
75900,19,9,0,29,1,18.815743,1.931561,10063,9905,0
75910,13,20,0,34,1,18.817447,1.931726,10066,9909,0
75920,16,14,0,31,1,18.818999,1.931889,10066,9913,0
75930,20,18,1,40,1,18.820965,1.932090,10069,9917,0
75940,11,11,0,23,1,18.822876,1.932326,10077,9922,0
75950,17,19,0,37,1,18.824524,1.932481,10079,9928,0
75960,19,14,0,34,1,18.827008,1.932750,10092,9942,0
75970,18,18,0,37,1,18.828866,1.932952,10097,9948,0
75980,16,12,0,29,1,18.830996,1.933201,10103,9952,0
75990,19,15,0,35,1,18.832029,1.933287,10103,9952,0
76000,10,13,1,25,1,18.834256,1.933563,10110,9962,0
76010,16,12,0,29,1,18.834802,1.933623,10110,9962,0
76020,3,4,0,8,1,18.833979,1.933568,10110,9962,0
76030,9,8,0,18,1,18.832891,1.933453,10110,9962,0
76040,5,14,0,20,1,18.832929,1.933439,10110,9962,0
76050,4,6,0,11,1,18.832004,1.933385,10110,9962,0
76060,9,8,0,18,1,18.831353,1.933308,10110,9962,0
76070,3,3,0,7,1,18.830630,1.933233,10110,9962,0
76080,8,1,0,10,1,18.828768,1.933024,10110,9962,0
76090,1,1,0,3,1,18.826800,1.932815,10110,9962,0
76100,1,6,0,8,1,18.825831,1.932688,10110,9962,0
76110,5,9,0,15,1,18.824909,1.932579,10110,9962,0
76120,6,2,0,9,1,18.824393,1.932511,10110,9962,0
76130,4,4,0,9,1,18.823165,1.932373,10110,9962,0
76140,0,2,0,3,1,18.821330,1.932210,10110,9962,0
76150,4,5,0,10,1,18.819752,1.932062,10110,9962,0
76160,6,9,0,16,1,18.818005,1.931881,10110,9962,0
76170,10,19,0,30,1,18.818718,1.931937,10110,9966,0
76180,18,17,0,36,1,18.820731,1.932113,10115,9972,0
76190,14,19,0,34,1,18.822380,1.932304,10115,9976,0
76200,20,20,2,43,1,18.824316,1.932486,10121,9979,0
76210,9,15,0,25,1,18.826211,1.932702,10135,9983,0
76220,12,16,0,29,1,18.827638,1.932858,10140,9983,0
76230,8,8,0,17,1,18.827005,1.932778,10140,9983,0
76240,15,13,0,29,1,18.828759,1.932941,10142,9986,0
76250,6,8,1,16,1,18.828687,1.932935,10142,9986,0
76260,1,2,0,4,1,18.827123,1.932788,10142,9986,0
76270,5,17,0,23,1,18.826164,1.932681,10142,9986,0
76280,8,14,0,23,1,18.826564,1.932697,10142,9986,0
76290,9,13,0,23,1,18.827020,1.932726,10142,9986,0
76300,15,12,0,28,1,18.828453,1.932882,10142,9988,0
76310,20,16,0,37,1,18.830606,1.933102,10148,9990,0
76320,15,16,0,32,1,18.832768,1.933353,10156,9999,0
76330,17,12,0,30,1,18.834304,1.933489,10156,10007,0
76340,15,11,0,27,1,18.835550,1.933613,10157,10007,0
76350,17,18,0,36,1,18.837522,1.933814,10164,10014,0
76360,18,18,0,37,1,18.838973,1.933969,10168,10014,0
76370,8,4,0,13,1,18.840052,1.934094,10169,10017,0
76380,17,11,0,29,1,18.840144,1.934096,10174,10017,0
76390,12,14,0,27,1,18.842260,1.934330,10178,10018,0
76400,12,14,2,29,1,18.843292,1.934427,10178,10019,0
76410,12,9,0,22,1,18.844272,1.934508,10178,10019,0
76420,0,0,0,0,0,18.843293,1.934450,10178,10019,0
76430,0,0,0,0,0,18.841465,1.934258,10178,10019,0
76440,2,5,0,8,1,18.839550,1.934024,10178,10019,0
76450,2,3,0,6,1,18.838003,1.933871,10178,10019,0
76460,5,2,0,8,1,18.836883,1.933762,10178,10019,0
76470,1,0,0,2,1,18.834820,1.933585,10178,10019,0
76480,2,8,0,11,1,18.833810,1.933426,10178,10019,0
76490,7,5,0,13,1,18.832787,1.933311,10178,10019,0
76500,3,0,0,4,1,18.831399,1.933206,10178,10019,0
76510,8,8,0,17,1,18.830463,1.933072,10178,10019,0
76520,16,12,1,30,1,18.830833,1.933093,10178,10019,0
76530,13,19,0,33,1,18.832534,1.933310,10182,10019,0
76540,15,13,0,29,1,18.834809,1.933573,10187,10033,0
76550,14,17,0,32,1,18.836009,1.933703,10190,10033,0
76560,17,17,0,35,1,18.837717,1.933884,10194,10035,0
76570,17,16,0,34,1,18.839310,1.934044,10194,10039,0
76580,19,16,0,36,1,18.841683,1.934289,10207,10043,0
76590,20,17,1,39,1,18.843640,1.934511,10208,10044,0
76600,16,18,0,35,1,18.845488,1.934718,10216,10053,0
76610,5,15,0,21,1,18.846945,1.934894,10216,10061,0
76620,7,7,0,15,1,18.846927,1.934880,10216,10061,0
76630,4,9,0,14,1,18.845901,1.934766,10216,10061,0
76640,0,0,0,1,1,18.844630,1.934649,10216,10061,0
76650,3,0,0,4,1,18.842795,1.934467,10216,10061,0
76660,0,0,0,0,0,18.840668,1.934276,10216,10061,0
76670,9,2,0,12,1,18.839009,1.934070,10216,10061,0
76680,6,5,0,12,1,18.838781,1.934027,10216,10061,0
76690,1,4,0,6,1,18.836853,1.933846,10216,10061,0
76700,10,8,1,20,1,18.835206,1.933641,10216,10061,0
76710,1,7,0,9,1,18.834525,1.933596,10216,10061,0
76720,12,9,0,22,1,18.832871,1.933417,10216,10061,0
76730,14,17,0,32,1,18.834766,1.933584,10218,10069,0
76740,7,1,0,9,1,18.833929,1.933520,10218,10069,0
76750,7,8,0,16,1,18.832697,1.933387,10218,10069,0
76760,14,12,0,27,1,18.832605,1.933358,10218,10069,0
76770,16,13,1,31,1,18.834308,1.933557,10218,10079,0
76780,10,15,0,26,1,18.835864,1.933725,10220,10084,0
76790,11,16,0,28,1,18.835843,1.933701,10220,10084,0
76800,7,14,0,22,1,18.836689,1.933817,10220,10084,0
76810,19,16,2,38,1,18.837810,1.933902,10224,10090,0
76820,18,6,0,25,1,18.838821,1.934048,10230,10090,0
76830,16,12,1,30,1,18.839426,1.934088,10230,10090,0
76840,13,17,1,32,1,18.841252,1.934274,10232,10096,0
76850,12,6,1,20,1,18.841339,1.934290,10232,10101,0
76860,4,4,0,9,1,18.840232,1.934174,10232,10101,0
76870,10,9,0,20,1,18.839377,1.934072,10232,10101,0
76880,4,6,0,11,1,18.838042,1.933918,10232,10101,0
76890,0,0,0,0,0,18.836532,1.933787,10232,10101,0
76900,3,2,0,6,1,18.834597,1.933590,10232,10101,0
76910,7,9,0,17,1,18.833280,1.933435,10232,10101,0
76920,5,8,1,15,1,18.832615,1.933393,10232,10101,0
76930,13,12,0,26,1,18.832987,1.933443,10232,10101,0
76940,4,4,0,9,1,18.832862,1.933447,10232,10101,0
76950,7,5,0,13,1,18.832273,1.933359,10232,10101,0
76960,12,8,0,21,1,18.832878,1.933386,10232,10101,0
76970,8,11,0,20,1,18.832571,1.933353,10232,10101,0
76980,10,17,0,28,1,18.833588,1.933458,10232,10101,0
76990,16,16,1,34,1,18.835525,1.933661,10244,10105,0
77000,11,10,0,22,1,18.837263,1.933840,10251,10110,0
77010,15,18,0,34,1,18.838684,1.933992,10258,10110,0
77020,14,19,0,34,1,18.840285,1.934150,10260,10111,0
77030,14,6,0,21,1,18.841772,1.934340,10270,10114,0
77040,3,2,0,6,1,18.840096,1.934208,10270,10114,0
77050,2,0,0,3,1,18.838369,1.934024,10270,10114,0
77060,18,11,0,30,1,18.836856,1.933856,10270,10114,0
77070,5,4,0,10,1,18.836612,1.933814,10270,10114,0
77080,1,1,0,3,1,18.835196,1.933680,10270,10114,0
77090,14,8,0,23,1,18.834210,1.933547,10270,10114,0
77100,14,11,0,26,1,18.835824,1.933729,10277,10115,0
77110,3,2,0,6,1,18.835573,1.933730,10277,10115,0
77120,12,13,0,26,1,18.835000,1.933626,10277,10115,0
77130,8,12,0,21,1,18.835743,1.933688,10279,10115,0
77140,3,6,0,10,1,18.834128,1.933510,10279,10115,0
77150,11,12,0,24,1,18.833422,1.933426,10279,10115,0
77160,11,5,0,17,1,18.833496,1.933455,10279,10115,0
77170,7,11,0,19,1,18.833665,1.933463,10279,10115,0
77180,0,0,0,1,1,18.832999,1.933411,10279,10115,0
77190,4,7,0,12,1,18.831341,1.933234,10279,10115,0
77200,5,10,0,16,1,18.831248,1.933210,10279,10115,0
77210,1,3,0,5,1,18.829893,1.933070,10279,10115,0
77220,8,8,0,17,1,18.828770,1.932922,10279,10115,0
77230,0,0,0,0,0,18.826713,1.932743,10279,10115,0
77240,1,1,0,3,1,18.825020,1.932550,10279,10115,0
77250,0,0,0,1,1,18.822785,1.932339,10279,10115,0
77260,10,8,0,19,1,18.821487,1.932171,10279,10115,0
77270,0,4,0,5,1,18.819415,1.931990,10279,10115,0
77280,3,7,1,12,1,18.817378,1.931785,10279,10115,0
77290,3,6,0,10,1,18.816634,1.931732,10279,10115,0
77300,3,6,0,10,1,18.815627,1.931617,10279,10115,0
77310,8,5,0,14,1,18.814000,1.931451,10279,10115,0
77320,8,7,0,16,1,18.813546,1.931406,10279,10115,0
77330,4,13,0,18,1,18.812754,1.931313,10279,10115,0
77340,1,2,0,4,1,18.812349,1.931264,10279,10115,0
77350,5,1,0,7,1,18.810302,1.931050,10279,10115,0
77360,2,6,0,9,1,18.808649,1.930856,10279,10115,0
77370,4,5,0,10,1,18.807630,1.930765,10279,10115,0
77380,12,15,0,28,1,18.807361,1.930721,10279,10115,0
77390,9,17,0,27,1,18.807793,1.930758,10279,10115,0
77400,15,16,1,33,1,18.809997,1.931009,10287,10133,0
77410,12,7,0,20,1,18.810357,1.931042,10287,10133,0
77420,13,17,0,31,1,18.811726,1.931155,10295,10133,0
77430,9,7,0,17,1,18.812376,1.931249,10295,10139,0
77440,1,3,0,5,1,18.811139,1.931140,10295,10139,0
77450,0,0,0,1,1,18.809324,1.930999,10295,10139,0
77460,8,10,0,19,1,18.808428,1.930880,10295,10139,0
77470,5,3,1,10,1,18.806979,1.930724,10295,10139,0
77480,10,8,1,20,1,18.805608,1.930572,10295,10139,0
77490,1,0,0,2,1,18.805599,1.930590,10295,10139,0
77500,15,11,0,27,1,18.805189,1.930482,10295,10139,0
77510,12,14,0,27,1,18.805471,1.930515,10295,10139,0
77520,18,20,0,39,1,18.807690,1.930744,10305,10147,0
77530,12,11,0,24,1,18.809598,1.930951,10312,10151,0
77540,4,1,0,6,1,18.809106,1.930922,10312,10151,0
77550,13,8,0,22,1,18.808264,1.930803,10312,10151,0
77560,15,8,0,24,1,18.809099,1.930849,10312,10151,0
77570,0,0,0,0,0,18.808449,1.930789,10312,10151,0
77580,7,6,1,15,1,18.806854,1.930575,10312,10151,0
77590,0,5,0,6,1,18.805776,1.930457,10312,10151,0
77600,3,4,1,9,1,18.804485,1.930318,10312,10151,0
77610,14,8,0,23,1,18.803658,1.930217,10312,10151,0
77620,7,7,0,15,1,18.803232,1.930166,10312,10151,0
77630,12,8,0,21,1,18.803513,1.930199,10312,10151,0
77640,12,6,0,19,1,18.803487,1.930190,10312,10151,0
77650,15,15,0,31,1,18.803448,1.930148,10312,10151,0
77660,15,16,0,32,1,18.805388,1.930356,10316,10162,0
77670,16,16,1,34,1,18.807105,1.930528,10316,10162,0
77680,18,8,0,27,1,18.808717,1.930715,10319,10168,0
77690,12,9,1,23,1,18.809583,1.930793,10320,10168,0
77700,20,17,0,38,1,18.811733,1.931019,10324,10189,0
77710,19,15,0,35,1,18.813533,1.931249,10332,10193,0
77720,11,11,0,23,1,18.814794,1.931379,10332,10194,0
77730,11,11,0,23,1,18.815346,1.931432,10332,10194,0
77740,10,13,0,24,1,18.816264,1.931545,10332,10194,0
77750,8,5,1,15,1,18.815822,1.931508,10332,10194,0
77760,5,5,0,11,1,18.814558,1.931415,10332,10194,0
77770,3,3,0,7,1,18.813863,1.931332,10332,10194,0
77780,1,1,0,3,1,18.812775,1.931250,10332,10194,0
77790,3,0,0,4,1,18.810619,1.931052,10332,10194,0
77800,3,4,0,8,1,18.809216,1.930897,10332,10194,0
77810,4,6,1,12,1,18.807419,1.930731,10332,10194,0
77820,2,4,1,8,1,18.806011,1.930562,10332,10194,0
77830,15,10,2,28,1,18.805500,1.930444,10332,10194,0
77840,13,17,0,31,1,18.806618,1.930555,10332,10194,0
77850,11,12,0,24,1,18.808264,1.930753,10336,10205,0
77860,20,18,1,40,1,18.809987,1.930916,10345,10207,0
77870,18,15,0,34,1,18.811597,1.931082,10345,10209,0
77880,20,15,2,38,1,18.813392,1.931255,10349,10210,0
77890,7,17,0,25,1,18.815204,1.931460,10356,10213,0
77900,11,7,0,19,1,18.815688,1.931518,10356,10213,0
77910,10,18,0,29,1,18.815734,1.931503,10356,10213,0
77920,14,15,1,31,1,18.816946,1.931637,10357,10213,0
77930,13,6,0,20,1,18.817756,1.931754,10357,10214,0
77940,12,14,0,27,1,18.817811,1.931758,10357,10214,0
77950,11,9,0,21,1,18.818226,1.931794,10357,10214,0
77960,17,16,0,34,1,18.819019,1.931831,10363,10214,0
77970,14,15,0,30,1,18.820917,1.932006,10365,10214,0
77980,6,13,0,20,1,18.822428,1.932203,10372,10214,0
77990,7,14,0,22,1,18.822836,1.932236,10372,10214,0
78000,18,18,0,37,1,18.824490,1.932407,10372,10220,0
78010,14,8,0,23,1,18.825873,1.932557,10373,10220,0
78020,6,8,0,15,1,18.826069,1.932619,10373,10220,0
78030,8,4,0,13,1,18.824872,1.932523,10373,10220,0
78040,0,0,0,1,1,18.823225,1.932362,10373,10220,0
78050,3,3,0,7,1,18.821809,1.932175,10373,10220,0
78060,3,7,0,11,1,18.820483,1.932042,10373,10220,0
78070,20,19,0,40,1,18.821362,1.932103,10388,10223,0
78080,18,20,0,39,1,18.823787,1.932404,10396,10238,0
78090,16,15,0,32,1,18.825857,1.932635,10401,10248,0
78100,14,15,2,32,1,18.827699,1.932846,10411,10249,0
78110,11,7,0,19,1,18.828729,1.932922,10414,10249,0
78120,18,12,0,31,1,18.830499,1.933112,10422,10262,0
78130,15,12,0,28,1,18.832684,1.933333,10433,10273,0
78140,19,15,0,35,1,18.834807,1.933562,10458,10280,0
78150,7,9,0,17,1,18.836182,1.933745,10471,10285,0
78160,18,11,0,30,1,18.836333,1.933754,10471,10285,0
78170,10,8,0,19,1,18.837035,1.933827,10473,10285,0
78180,6,5,0,12,1,18.836380,1.933776,10473,10285,0
78190,10,18,2,31,1,18.836483,1.933742,10473,10285,0
78200,17,18,0,36,1,18.838432,1.933935,10474,10287,0
78210,19,18,0,38,1,18.839422,1.934040,10479,10287,0
78220,11,9,0,21,1,18.840290,1.934146,10479,10287,0
78230,1,0,0,2,1,18.838962,1.934033,10479,10287,0
78240,8,0,0,9,1,18.838283,1.933929,10479,10287,0
78250,9,15,0,25,1,18.838247,1.933898,10479,10287,0
78260,18,17,0,36,1,18.839838,1.934035,10479,10292,0
78270,4,6,0,11,1,18.839510,1.934015,10479,10292,0
78280,0,0,0,0,0,18.838321,1.933891,10479,10292,0
78290,0,0,0,1,1,18.836024,1.933705,10479,10292,0
78300,0,0,0,0,0,18.833998,1.933531,10479,10292,0
78310,5,2,0,8,1,18.831871,1.933339,10479,10292,0
78320,1,0,0,2,1,18.830905,1.933251,10479,10292,0
78330,0,0,0,1,1,18.828992,1.933073,10479,10292,0
78340,6,3,0,10,1,18.827071,1.932897,10479,10292,0
78350,0,2,0,3,1,18.825757,1.932776,10479,10292,0
78360,2,3,0,6,1,18.823842,1.932616,10479,10292,0
78370,11,6,0,18,1,18.823059,1.932532,10479,10292,0
78380,6,13,1,21,1,18.823698,1.932611,10479,10292,0
78390,11,10,0,22,1,18.823932,1.932621,10481,10292,0
78400,17,17,0,35,1,18.826260,1.932868,10493,10302,0
78410,15,18,0,34,1,18.828686,1.933144,10503,10316,0
78420,8,11,0,20,1,18.829650,1.933302,10503,10316,0
78430,0,0,0,1,1,18.827976,1.933166,10503,10316,0
78440,3,5,0,9,1,18.827860,1.933115,10503,10316,0
78450,12,4,0,17,1,18.826896,1.933009,10503,10316,0
78460,1,2,0,4,1,18.825920,1.932928,10503,10316,0
78470,4,4,0,9,1,18.825717,1.932878,10503,10316,0
78480,6,3,0,10,1,18.824694,1.932751,10503,10316,0
78490,2,6,0,9,1,18.823410,1.932595,10503,10316,0
78500,0,1,0,2,1,18.821815,1.932425,10503,10316,0
78510,7,5,0,13,1,18.819711,1.932212,10503,10316,0
78520,8,16,0,25,1,18.819467,1.932173,10503,10316,0
78530,13,11,0,25,1,18.820617,1.932330,10503,10317,0
78540,8,17,2,28,1,18.821365,1.932385,10503,10317,0
78550,16,11,0,28,1,18.822295,1.932486,10503,10318,0
78560,0,0,0,0,0,18.821902,1.932440,10503,10318,0
78570,6,13,0,20,1,18.821048,1.932353,10503,10318,0
78580,0,0,0,1,1,18.819813,1.932255,10503,10318,0
78590,2,1,0,4,1,18.818857,1.932137,10503,10318,0
78600,0,0,0,1,1,18.816980,1.931958,10503,10318,0
78610,0,0,1,2,1,18.815192,1.931781,10503,10318,0
78620,9,12,1,23,1,18.813784,1.931630,10503,10318,0
78630,12,10,0,23,1,18.814053,1.931663,10503,10318,0
78640,2,1,0,4,1,18.813524,1.931610,10503,10318,0
78650,5,5,0,11,1,18.811864,1.931413,10503,10318,0
78660,0,0,0,0,0,18.810662,1.931301,10503,10318,0
78670,0,0,0,1,1,18.808808,1.931129,10503,10318,0
78680,2,0,0,3,1,18.806836,1.930948,10503,10318,0
78690,12,7,0,20,1,18.805716,1.930821,10503,10318,0
78700,5,5,0,11,1,18.805602,1.930833,10503,10318,0
78710,15,20,0,36,1,18.806569,1.930903,10503,10319,0
78720,8,6,0,15,1,18.807945,1.931093,10504,10327,0
78730,6,6,0,13,1,18.807719,1.931074,10504,10327,0
78740,0,0,0,0,0,18.806495,1.930997,10504,10327,0
78750,3,6,0,10,1,18.804784,1.930804,10504,10327,0
78760,0,0,0,0,0,18.803376,1.930678,10504,10327,0
78770,8,2,0,11,1,18.801674,1.930520,10504,10327,0
78780,1,1,0,3,1,18.800258,1.930378,10504,10327,0
78790,1,0,1,3,1,18.798298,1.930208,10504,10327,0
78800,2,1,0,4,1,18.797459,1.930100,10504,10327,0
78810,8,13,1,23,1,18.797227,1.930032,10504,10327,0
78820,10,8,0,19,1,18.797935,1.930113,10504,10327,0
78830,0,2,0,3,1,18.796543,1.930001,10504,10327,0
78840,14,13,0,28,1,18.795895,1.929931,10504,10327,0
78850,12,19,0,32,1,18.797681,1.930133,10505,10327,0
78860,16,14,0,31,1,18.799865,1.930391,10519,10353,0
78870,15,17,1,34,1,18.802002,1.930586,10526,10365,0
78880,18,8,0,27,1,18.803821,1.930804,10533,10367,0
78890,10,20,1,32,1,18.805477,1.930930,10540,10374,0
78900,5,6,0,12,1,18.805369,1.930909,10540,10377,0
78910,5,8,0,14,1,18.805477,1.930909,10540,10377,0
78920,7,5,0,13,1,18.804675,1.930840,10540,10377,0
78930,0,0,0,0,0,18.803012,1.930688,10540,10377,0
78940,4,6,0,11,1,18.800998,1.930457,10540,10377,0
78950,3,9,0,13,1,18.800214,1.930342,10540,10377,0
78960,9,11,0,21,1,18.799984,1.930307,10540,10377,0
78970,4,1,0,6,1,18.798629,1.930189,10540,10377,0
78980,5,4,1,11,1,18.796904,1.929978,10540,10377,0
78990,0,1,0,2,1,18.795236,1.929810,10540,10377,0
79000,6,11,0,18,1,18.794020,1.929671,10540,10377,0
79010,9,7,0,17,1,18.793480,1.929609,10540,10377,0
79020,15,20,1,37,1,18.793902,1.929623,10540,10382,0
79030,4,2,0,7,1,18.794706,1.929709,10548,10388,0
79040,1,5,0,7,1,18.793348,1.929571,10548,10388,0
79050,6,3,0,10,1,18.791702,1.929433,10548,10388,0
79060,12,13,0,26,1,18.791414,1.929387,10548,10388,0
79070,13,17,0,31,1,18.793098,1.929561,10556,10388,0
79080,15,19,0,35,1,18.793765,1.929608,10556,10389,0
79090,19,14,1,35,1,18.796170,1.929893,10572,10398,0
79100,7,9,0,17,1,18.797559,1.930054,10574,10398,0
79110,11,10,0,22,1,18.797162,1.929987,10574,10398,0
79120,11,13,0,25,1,18.797812,1.930077,10574,10398,0
79130,16,12,0,29,1,18.799236,1.930212,10576,10398,0
79140,0,0,0,1,1,18.799497,1.930225,10578,10398,0
79150,11,16,0,28,1,18.799094,1.930184,10578,10398,0
79160,0,0,0,1,1,18.798678,1.930185,10578,10398,0
79170,4,5,0,10,1,18.797143,1.929991,10578,10398,0
79180,4,8,0,13,1,18.796060,1.929851,10578,10398,0
79190,16,19,0,36,1,18.797578,1.929955,10585,10403,0
79200,12,15,0,28,1,18.799466,1.930125,10586,10419,0
79210,12,15,1,29,1,18.800594,1.930254,10590,10424,0
79220,16,16,0,33,1,18.802371,1.930458,10607,10427,0
79230,10,16,0,27,1,18.804241,1.930638,10610,10429,0
79240,4,1,0,6,1,18.804283,1.930699,10610,10429,0
79250,1,5,0,7,1,18.802498,1.930516,10610,10429,0
79260,3,7,0,11,1,18.800991,1.930358,10610,10429,0
79270,9,6,0,16,1,18.799890,1.930238,10610,10429,0
79280,5,2,0,8,1,18.798985,1.930164,10610,10429,0
79290,0,2,0,3,1,18.797236,1.930000,10610,10429,0
79300,2,5,0,8,1,18.795228,1.929820,10610,10429,0
79310,9,8,0,18,1,18.793757,1.929677,10610,10429,0
79320,16,15,0,32,1,18.794360,1.929725,10610,10429,0
79330,10,20,1,32,1,18.795789,1.929863,10611,10431,0
79340,16,17,1,35,1,18.797174,1.929994,10611,10436,0
79350,4,2,0,7,1,18.796820,1.930016,10611,10436,0
79360,5,9,0,15,1,18.795114,1.929854,10611,10436,0
79370,8,2,0,11,1,18.794840,1.929814,10611,10437,0
79380,1,1,0,3,1,18.794230,1.929755,10611,10437,0
79390,1,0,0,2,1,18.792258,1.929569,10611,10437,0
79400,7,7,0,15,1,18.790820,1.929402,10611,10437,0
79410,18,19,1,39,1,18.792318,1.929544,10613,10440,0
79420,10,12,0,23,1,18.793818,1.929737,10613,10444,0
79430,13,18,0,32,1,18.794938,1.929838,10614,10446,0
79440,16,18,0,35,1,18.796580,1.929987,10614,10446,0
79450,20,17,0,38,1,18.798280,1.930153,10618,10446,0
79460,19,14,0,34,1,18.800468,1.930366,10627,10452,0
79470,16,13,0,30,1,18.801776,1.930511,10627,10452,0
79480,16,16,0,33,1,18.802470,1.930576,10627,10452,0
79490,13,15,1,30,1,18.803675,1.930708,10628,10465,0
79500,13,11,0,25,1,18.804577,1.930794,10635,10465,0
79510,13,13,0,27,1,18.806388,1.930999,10637,10470,0
79520,7,8,0,16,1,18.807099,1.931103,10637,10470,0
79530,8,4,1,14,1,18.807151,1.931109,10637,10470,0
79540,9,9,0,19,1,18.806298,1.930997,10637,10470,0
79550,11,7,0,19,1,18.805755,1.930945,10637,10470,0
79560,2,1,0,4,1,18.805981,1.930979,10637,10470,0
79570,0,2,0,3,1,18.805465,1.930920,10637,10470,0
79580,8,4,1,14,1,18.803822,1.930712,10637,10470,0
79590,7,4,0,12,1,18.803152,1.930637,10637,10470,0
79600,3,6,0,10,1,18.802067,1.930532,10637,10470,0
79610,3,3,0,7,1,18.801544,1.930476,10637,10470,0
79620,5,3,1,10,1,18.800750,1.930391,10637,10470,0
79630,0,0,0,1,1,18.799582,1.930287,10637,10470,0
79640,0,0,0,1,1,18.797697,1.930092,10637,10470,0
79650,6,9,0,16,1,18.796256,1.929940,10637,10470,0
79660,0,0,0,0,0,18.794830,1.929827,10637,10470,0
79670,0,0,0,0,0,18.793034,1.929656,10637,10470,0
79680,8,6,0,15,1,18.791450,1.929501,10637,10470,0
79690,7,9,0,17,1,18.791381,1.929515,10637,10470,0
79700,3,2,0,6,1,18.790433,1.929449,10637,10470,0
79710,3,2,0,6,1,18.788588,1.929248,10637,10470,0
79720,3,3,0,7,1,18.787238,1.929065,10637,10470,0
79730,18,18,1,38,1,18.788623,1.929166,10646,10481,0
79740,18,13,1,33,1,18.790782,1.929406,10647,10493,0
79750,9,16,0,26,1,18.792380,1.929584,10648,10493,0
79760,5,3,1,10,1,18.791451,1.929504,10648,10493,0
79770,3,7,0,11,1,18.791198,1.929454,10648,10493,0
79780,6,6,0,13,1,18.790714,1.929393,10648,10493,0
79790,4,6,0,11,1,18.789919,1.929347,10648,10493,0
79800,7,14,0,22,1,18.790124,1.929357,10648,10493,0
79810,15,10,0,26,1,18.789922,1.929332,10648,10493,0
79820,11,6,0,18,1,18.790374,1.929387,10648,10493,0
79830,6,14,0,21,1,18.790683,1.929437,10648,10493,0
79840,5,3,0,9,1,18.789909,1.929381,10648,10493,0
79850,0,0,0,1,1,18.788448,1.929247,10648,10493,0
79860,3,6,0,10,1,18.786465,1.929062,10648,10493,0
79870,0,0,0,1,1,18.784463,1.928887,10648,10493,0
79880,10,6,0,17,1,18.784081,1.928841,10648,10493,0
79890,0,1,0,2,1,18.782852,1.928716,10648,10493,0
79900,0,2,0,3,1,18.781289,1.928551,10648,10493,0
79910,1,0,0,2,1,18.779230,1.928351,10648,10493,0
79920,16,12,0,29,1,18.779524,1.928337,10648,10493,0
79930,14,20,0,35,1,18.780643,1.928428,10648,10494,0
79940,14,20,2,37,1,18.782557,1.928651,10652,10494,0
79950,15,16,0,32,1,18.784879,1.928910,10664,10507,0
79960,7,12,0,20,1,18.785896,1.929050,10664,10507,0
79970,4,2,0,7,1,18.785381,1.929020,10664,10507,0
79980,6,6,0,13,1,18.783953,1.928852,10664,10507,0
79990,1,1,0,3,1,18.783244,1.928790,10664,10507,0
80000,12,2,0,15,1,18.781556,1.928643,10664,10507,0
80010,0,0,0,0,0,18.780176,1.928549,10664,10507,0
80020,14,14,1,30,1,18.779647,1.928448,10664,10507,0
80030,18,16,0,35,1,18.781767,1.928660,10673,10512,0
80040,11,17,1,30,1,18.784055,1.928943,10683,10524,0
80050,0,1,0,2,1,18.783171,1.928917,10683,10526,0
80060,0,2,0,3,1,18.781320,1.928758,10683,10526,0
80070,10,8,0,19,1,18.781128,1.928697,10683,10526,0
80080,4,9,1,15,1,18.781669,1.928751,10683,10526,0
80090,13,8,1,23,1,18.781975,1.928778,10683,10526,0
80100,14,12,0,27,1,18.782840,1.928838,10683,10526,0
80110,14,20,0,35,1,18.784308,1.928975,10685,10532,0
80120,12,8,0,21,1,18.785444,1.929095,10685,10534,0
80130,15,8,0,24,1,18.786346,1.929174,10685,10534,0
80140,14,15,0,30,1,18.787848,1.929334,10693,10534,0
80150,12,8,0,21,1,18.789055,1.929464,10694,10535,0
80160,2,0,0,3,1,18.788227,1.929402,10694,10535,0
80170,1,2,0,4,1,18.786190,1.929194,10694,10535,0
80180,6,4,1,12,1,18.785058,1.929059,10694,10535,0
80190,15,15,0,31,1,18.785876,1.929126,10694,10538,0
80200,13,20,1,35,1,18.787885,1.929351,10702,10550,0
80210,14,14,0,29,1,18.789764,1.929520,10706,10554,0
80220,2,2,0,5,1,18.790067,1.929555,10706,10554,0
80230,4,2,0,7,1,18.788700,1.929440,10706,10554,0
80240,3,7,0,11,1,18.787414,1.929324,10706,10554,0
80250,5,6,0,12,1,18.786014,1.929159,10706,10554,0
80260,1,2,0,4,1,18.784761,1.929018,10706,10554,0
80270,16,12,0,29,1,18.784799,1.928967,10706,10554,0
80280,6,3,1,11,1,18.785172,1.929023,10706,10554,0
80290,5,5,0,11,1,18.784128,1.928941,10706,10554,0
80300,9,9,0,19,1,18.783862,1.928883,10706,10554,0
80310,13,10,0,24,1,18.784217,1.928911,10706,10554,0
80320,11,13,0,25,1,18.784387,1.928912,10706,10554,0
80330,5,11,1,18,1,18.784979,1.928964,10706,10554,0
80340,12,16,0,29,1,18.785194,1.928994,10706,10558,0
80350,7,15,0,23,1,18.786263,1.929115,10706,10558,0
80360,0,0,0,0,0,18.784732,1.929017,10706,10558,0
80370,12,14,0,27,1,18.785007,1.928980,10706,10558,0
80380,9,5,0,15,1,18.784747,1.928984,10706,10558,0
80390,6,3,0,10,1,18.783424,1.928871,10706,10558,0
80400,8,10,0,19,1,18.782074,1.928753,10706,10558,0
80410,6,17,0,24,1,18.782015,1.928751,10706,10558,0
80420,11,10,0,22,1,18.782674,1.928819,10706,10558,0
80430,4,1,0,6,1,18.781902,1.928741,10706,10558,0
80440,16,20,2,39,1,18.782968,1.928802,10706,10561,0
80450,20,12,0,33,1,18.784760,1.929004,10707,10568,0
80460,14,8,1,24,1,18.785324,1.929046,10707,10568,0
80470,13,18,0,32,1,18.786993,1.929216,10711,10570,0
80480,11,6,0,18,1,18.788172,1.929323,10711,10572,0
80490,5,14,0,20,1,18.787288,1.929189,10711,10572,0
80500,8,8,0,17,1,18.787226,1.929166,10711,10572,0
80510,9,6,0,16,1,18.786071,1.929063,10711,10572,0
80520,1,0,0,2,1,18.785392,1.928989,10711,10572,0
80530,7,4,0,12,1,18.783668,1.928823,10711,10572,0
80540,11,12,0,24,1,18.783811,1.928800,10711,10572,0
80550,12,20,1,34,1,18.785305,1.928942,10713,10575,0
80560,12,13,0,26,1,18.787159,1.929123,10717,10578,0
80570,14,18,0,33,1,18.788351,1.929229,10717,10583,0
80580,6,6,0,13,1,18.788423,1.929240,10717,10584,0
80590,14,17,0,32,1,18.788402,1.929204,10717,10585,0
80600,17,17,0,35,1,18.790279,1.929396,10727,10591,0
80610,12,17,0,30,1,18.792278,1.929634,10738,10599,0
80620,1,9,0,11,1,18.791808,1.929628,10738,10599,0
80630,1,1,1,4,1,18.790092,1.929426,10738,10599,0
80640,5,6,0,12,1,18.789100,1.929323,10738,10599,0
80650,5,4,1,11,1,18.787932,1.929209,10738,10599,0
80660,18,18,0,37,1,18.787290,1.929085,10738,10599,0
80670,5,3,0,9,1,18.787479,1.929134,10738,10602,0
80680,14,11,0,26,1,18.788289,1.929182,10741,10602,0
80690,7,15,0,23,1,18.789285,1.929270,10741,10602,0
80700,7,2,0,10,1,18.788999,1.929239,10741,10602,0
80710,7,4,0,12,1,18.787508,1.929092,10741,10602,0
80720,11,14,0,26,1,18.786932,1.929014,10741,10602,0
80730,15,14,0,30,1,18.787258,1.929083,10741,10602,0
80740,19,10,0,30,1,18.787918,1.929157,10742,10602,0
80750,12,10,0,23,1,18.788343,1.929206,10742,10602,0
80760,12,18,0,31,1,18.789619,1.929341,10742,10602,0
80770,16,13,0,30,1,18.790976,1.929483,10744,10605,0
80780,20,6,0,27,1,18.791823,1.929576,10746,10605,0
80790,12,11,0,24,1,18.792998,1.929700,10752,10605,0
80800,14,11,1,27,1,18.794359,1.929839,10752,10605,0
80810,11,13,0,25,1,18.796077,1.930009,10759,10609,0
80820,2,5,0,8,1,18.795526,1.930002,10759,10609,0
80830,9,12,0,22,1,18.794516,1.929892,10759,10609,0
80840,7,6,0,14,1,18.794324,1.929905,10759,10609,0
80850,1,1,0,3,1,18.792962,1.929818,10759,10609,0
80860,3,3,0,7,1,18.791581,1.929687,10759,10609,0
80870,2,3,0,6,1,18.789826,1.929502,10759,10609,0
80880,11,10,0,22,1,18.789396,1.929417,10759,10609,0
80890,17,18,1,37,1,18.790242,1.929478,10763,10609,0
80900,17,18,0,36,1,18.792250,1.929722,10767,10624,0
80910,19,20,2,42,1,18.794044,1.929925,10768,10624,0
80920,20,15,2,38,1,18.795436,1.930076,10774,10625,0
80930,14,17,0,32,1,18.797014,1.930229,10778,10625,0
80940,11,19,0,31,1,18.799053,1.930488,10791,10637,0
80950,15,15,0,31,1,18.800051,1.930606,10792,10639,0
80960,14,12,0,27,1,18.802058,1.930848,10796,10652,0
80970,6,5,0,12,1,18.802378,1.930889,10796,10652,0
80980,0,2,0,3,1,18.800729,1.930750,10796,10652,0
80990,0,2,0,3,1,18.798650,1.930574,10796,10652,0
81000,6,4,0,11,1,18.797424,1.930420,10796,10652,0
81010,3,2,0,6,1,18.796056,1.930295,10796,10652,0
81020,1,1,0,3,1,18.793966,1.930115,10796,10652,0
81030,4,4,0,9,1,18.792068,1.929909,10796,10652,0
81040,0,0,0,1,1,18.790392,1.929750,10796,10652,0
81050,3,2,0,6,1,18.788600,1.929574,10796,10652,0
81060,4,3,0,8,1,18.786751,1.929410,10796,10652,0
81070,0,0,0,0,0,18.784895,1.929249,10796,10652,0
81080,5,5,0,11,1,18.784295,1.929132,10796,10652,0
81090,5,4,0,10,1,18.783261,1.929032,10796,10652,0
81100,6,13,0,20,1,18.782982,1.928992,10796,10652,0
81110,7,11,0,19,1,18.782008,1.928912,10796,10652,0
81120,0,2,0,3,1,18.780739,1.928793,10796,10652,0
81130,1,0,1,3,1,18.778896,1.928580,10796,10652,0
81140,2,2,0,5,1,18.777117,1.928369,10796,10652,0
81150,5,1,0,7,1,18.775144,1.928206,10796,10652,0
81160,6,11,0,18,1,18.773882,1.928036,10796,10652,0
81170,7,6,0,14,1,18.773683,1.928002,10796,10652,0
81180,0,0,1,2,1,18.772075,1.927869,10796,10652,0
81190,11,14,0,26,1,18.770800,1.927708,10796,10652,0
81200,8,8,0,17,1,18.771259,1.927782,10796,10652,0
81210,8,6,0,15,1,18.770826,1.927680,10796,10652,0
81220,3,1,0,5,1,18.769477,1.927538,10796,10652,0
81230,11,7,1,20,1,18.769247,1.927471,10796,10652,0
81240,7,5,0,13,1,18.769744,1.927499,10796,10653,0
81250,0,0,0,0,0,18.768290,1.927350,10796,10653,0
81260,3,2,0,6,1,18.766454,1.927187,10796,10653,0
81270,3,2,0,6,1,18.764695,1.927042,10796,10653,0
81280,2,1,0,4,1,18.762655,1.926896,10796,10653,0
81290,5,14,0,20,1,18.761671,1.926806,10796,10653,0
81300,17,19,0,37,1,18.762772,1.926896,10796,10653,0
81310,11,20,1,33,1,18.764705,1.927117,10800,10657,0
81320,12,8,0,21,1,18.766537,1.927330,10803,10672,0
81330,10,17,0,28,1,18.766926,1.927364,10803,10672,0
81340,1,1,0,3,1,18.767020,1.927413,10803,10673,0
81350,0,1,0,2,1,18.765550,1.927275,10803,10673,0
81360,7,13,0,21,1,18.764728,1.927148,10803,10673,0
81370,9,9,0,19,1,18.764556,1.927126,10803,10673,0
81380,4,2,0,7,1,18.762996,1.926974,10803,10673,0
81390,3,2,0,6,1,18.761594,1.926844,10803,10673,0
81400,15,14,0,30,1,18.760593,1.926708,10803,10673,0
81410,0,0,0,1,1,18.761096,1.926794,10806,10673,0
81420,8,5,1,15,1,18.759620,1.926627,10806,10673,0
81430,18,9,1,29,1,18.759867,1.926621,10806,10673,0
81440,13,14,0,28,1,18.760706,1.926740,10806,10673,0
81450,18,15,0,34,1,18.762298,1.926899,10808,10677,0
81460,17,15,0,33,1,18.764463,1.927125,10814,10687,0
81470,15,18,1,35,1,18.766804,1.927391,10830,10704,0
81480,14,15,1,31,1,18.768819,1.927613,10830,10710,0
81490,11,11,0,23,1,18.769602,1.927685,10830,10710,0
81500,13,9,1,24,1,18.769231,1.927655,10830,10710,0
81510,11,9,0,21,1,18.769399,1.927700,10830,10710,0
81520,10,15,1,27,1,18.769821,1.927690,10830,10710,0
81530,12,14,0,27,1,18.771099,1.927827,10830,10711,0
81540,10,15,0,26,1,18.772353,1.927957,10832,10711,0
81550,8,10,1,20,1,18.772860,1.927998,10832,10711,0
81560,0,5,0,6,1,18.771863,1.927889,10832,10711,0
81570,1,2,0,4,1,18.770725,1.927744,10832,10711,0
81580,15,9,0,25,1,18.769115,1.927570,10832,10711,0
81590,15,9,1,26,1,18.769206,1.927573,10832,10711,0
81600,16,15,0,32,1,18.770554,1.927724,10832,10715,0
81610,5,5,1,12,1,18.771382,1.927849,10832,10716,0
81620,11,18,0,30,1,18.771005,1.927741,10832,10716,0
81630,12,12,1,26,1,18.772442,1.927880,10833,10721,0
81640,14,10,2,27,1,18.773015,1.927930,10833,10721,0
81650,13,8,0,22,1,18.774605,1.928106,10837,10725,0
81660,19,10,1,31,1,18.775299,1.928188,10837,10725,0
81670,9,5,1,16,1,18.776594,1.928341,10842,10732,0
81680,0,0,0,1,1,18.774937,1.928206,10842,10732,0
81690,8,16,0,25,1,18.773746,1.928060,10842,10732,0
81700,0,0,0,0,0,18.772666,1.927999,10842,10732,0
81710,0,0,0,1,1,18.770840,1.927822,10842,10732,0
81720,5,11,0,17,1,18.769834,1.927664,10842,10732,0
81730,11,8,0,20,1,18.769845,1.927666,10842,10732,0
81740,16,18,0,35,1,18.770964,1.927764,10842,10735,0
81750,17,9,0,27,1,18.772693,1.927967,10842,10741,0
81760,8,7,1,17,1,18.773173,1.928025,10843,10741,0
81770,20,19,1,41,1,18.774540,1.928147,10846,10741,0
81780,19,17,1,38,1,18.776385,1.928356,10855,10746,0
81790,10,5,0,16,1,18.777130,1.928453,10856,10746,0
81800,5,7,0,13,1,18.776693,1.928404,10856,10746,0
81810,3,11,0,15,1,18.775805,1.928299,10856,10746,0
81820,0,0,0,0,0,18.774013,1.928162,10856,10746,0
81830,18,10,0,29,1,18.773138,1.928027,10856,10746,0
81840,12,11,0,24,1,18.773731,1.928077,10856,10746,0
81850,20,16,0,37,1,18.775202,1.928222,10856,10749,0
81860,20,18,0,39,1,18.777501,1.928485,10864,10752,0
81870,16,10,0,27,1,18.779527,1.928740,10880,10761,0
81880,7,6,0,14,1,18.780382,1.928805,10880,10761,0
81890,5,1,0,7,1,18.779356,1.928664,10880,10761,0
81900,2,10,0,13,1,18.779035,1.928615,10880,10761,0
81910,13,14,1,29,1,18.778131,1.928477,10880,10761,0
81920,19,12,0,32,1,18.778950,1.928528,10880,10761,0
81930,9,5,0,15,1,18.780192,1.928691,10883,10761,0
81940,15,17,0,33,1,18.780742,1.928717,10883,10762,0
81950,16,10,0,27,1,18.781823,1.928855,10883,10762,0
81960,10,10,1,22,1,18.783262,1.929013,10887,10765,0
81970,12,14,0,27,1,18.784146,1.929066,10887,10766,0
81980,13,10,1,25,1,18.785128,1.929171,10887,10766,0
81990,7,14,0,22,1,18.786421,1.929295,10887,10766,0
82000,0,0,0,1,1,18.785727,1.929256,10887,10766,0
82010,0,0,0,1,1,18.783793,1.929070,10887,10766,0
82020,9,10,0,20,1,18.782718,1.928948,10887,10766,0
82030,1,6,0,8,1,18.781225,1.928806,10887,10766,0
82040,5,3,0,9,1,18.780614,1.928739,10887,10766,0
82050,1,0,0,2,1,18.779348,1.928603,10887,10766,0
82060,5,4,0,10,1,18.778759,1.928526,10887,10766,0
82070,1,3,0,5,1,18.777467,1.928377,10887,10766,0
82080,7,6,0,14,1,18.775838,1.928230,10887,10766,0
82090,9,2,0,12,1,18.774727,1.928110,10887,10766,0
82100,2,4,0,7,1,18.773202,1.927959,10887,10766,0
82110,7,4,0,12,1,18.772505,1.927898,10887,10766,0
82120,15,14,1,31,1,18.773240,1.927929,10891,10766,0
82130,15,20,1,37,1,18.775242,1.928118,10911,10768,0
82140,9,12,1,23,1,18.776655,1.928310,10921,10770,0
82150,2,4,0,7,1,18.775523,1.928195,10921,10770,0
82160,1,5,0,7,1,18.774080,1.928035,10921,10770,0
82170,11,13,0,25,1,18.773044,1.927908,10921,10770,0
82180,9,11,0,21,1,18.773571,1.927966,10921,10770,0
82190,5,13,0,19,1,18.773796,1.927985,10921,10770,0
82200,12,11,0,24,1,18.773712,1.927967,10921,10770,0
82210,8,13,1,23,1,18.775674,1.928179,10927,10783,0
82220,3,0,0,4,1,18.775519,1.928210,10927,10789,0
82230,0,0,0,0,0,18.773868,1.928051,10927,10789,0
82240,8,8,0,17,1,18.772675,1.927896,10927,10789,0
82250,2,1,0,4,1,18.771953,1.927815,10927,10789,0
82260,10,17,0,28,1,18.771487,1.927725,10927,10789,0
82270,11,12,1,25,1,18.772869,1.927834,10928,10789,0
82280,16,14,1,32,1,18.774302,1.928004,10931,10789,0
82290,20,15,1,37,1,18.775588,1.928098,10933,10789,0
82300,13,20,2,36,1,18.777339,1.928301,10933,10792,0
82310,14,16,1,32,1,18.778765,1.928458,10933,10800,0
82320,15,9,0,25,1,18.780437,1.928616,10936,10804,0
82330,4,4,0,9,1,18.779354,1.928547,10936,10804,0
82340,10,15,0,26,1,18.779188,1.928514,10936,10804,0
82350,14,11,0,26,1,18.779526,1.928566,10936,10804,0
82360,12,15,0,28,1,18.780311,1.928626,10936,10804,0
82370,13,19,0,33,1,18.781223,1.928711,10936,10808,0
82380,17,19,0,37,1,18.783263,1.928933,10948,10811,0
82390,16,20,0,37,1,18.785490,1.929165,10953,10828,0
82400,2,2,0,5,1,18.786443,1.929300,10960,10829,0
82410,2,2,0,5,1,18.784703,1.929105,10960,10829,0
82420,13,17,0,31,1,18.784663,1.929076,10960,10829,0
82430,19,20,0,40,1,18.786294,1.929196,10973,10830,0
82440,14,10,0,25,1,18.787785,1.929415,10975,10834,0
82450,6,13,0,20,1,18.788046,1.929443,10975,10834,0
82460,14,13,1,29,1,18.788944,1.929524,10975,10834,0
82470,15,18,0,34,1,18.790223,1.929644,10975,10834,0
82480,19,18,0,38,1,18.792141,1.929830,10979,10839,0
82490,18,13,2,34,1,18.793514,1.929960,10983,10839,0
82500,6,7,1,15,1,18.793783,1.929967,10988,10839,0
82510,0,2,0,3,1,18.792103,1.929810,10988,10839,0
82520,7,7,0,15,1,18.791185,1.929707,10988,10839,0
82530,12,12,0,25,1,18.791342,1.929683,10988,10840,0
82540,5,9,0,15,1,18.791184,1.929646,10988,10840,0
82550,5,8,1,15,1,18.790293,1.929548,10988,10840,0
82560,1,0,0,2,1,18.788627,1.929400,10988,10840,0
82570,8,10,2,21,1,18.787444,1.929238,10988,10840,0
82580,15,7,1,24,1,18.788107,1.929300,10988,10840,0
82590,14,16,0,31,1,18.789268,1.929423,10988,10840,0
82600,19,14,0,34,1,18.791016,1.929622,10993,10845,0
82610,10,16,0,27,1,18.792982,1.929851,10996,10848,0
82620,2,5,0,8,1,18.793241,1.929908,10996,10849,0
82630,7,10,0,18,1,18.793289,1.929861,10996,10849,0
82640,5,5,0,11,1,18.793197,1.929874,10996,10849,0
82650,4,0,0,5,1,18.793186,1.929878,10996,10849,0
82660,7,2,0,10,1,18.791504,1.929731,10996,10849,0
82670,6,3,1,11,1,18.789879,1.929577,10996,10849,0
82680,5,8,1,15,1,18.789650,1.929535,10996,10849,0
82690,8,7,0,16,1,18.790136,1.929571,10996,10849,0
82700,10,9,0,20,1,18.790104,1.929571,10996,10849,0
82710,9,8,0,18,1,18.790318,1.929592,10996,10849,0
82720,14,18,0,33,1,18.790287,1.929561,10996,10849,0
82730,14,12,0,27,1,18.790843,1.929614,10996,10849,0
82740,14,17,0,32,1,18.792081,1.929747,10996,10849,0
82750,20,11,0,32,1,18.793308,1.929874,10996,10849,0
82760,10,10,1,22,1,18.794515,1.930022,10997,10854,0
82770,15,10,0,26,1,18.794837,1.930030,10997,10854,0
82780,18,16,0,35,1,18.796348,1.930196,10999,10855,0
82790,18,13,1,33,1,18.798288,1.930398,11003,10866,0
82800,10,18,0,29,1,18.799745,1.930549,11006,10867,0
82810,13,17,0,31,1,18.800943,1.930670,11006,10869,0
82820,15,15,1,32,1,18.802684,1.930852,11006,10869,0
82830,14,17,0,32,1,18.804562,1.931037,11012,10876,0
82840,13,20,0,34,1,18.806026,1.931181,11015,10887,0
82850,20,15,0,36,1,18.808079,1.931381,11028,10899,0
82860,19,20,1,41,1,18.810113,1.931595,11038,10909,0
82870,10,12,0,23,1,18.811543,1.931767,11041,10910,0
82880,10,10,0,21,1,18.812200,1.931825,11042,10910,0
82890,18,17,1,37,1,18.813427,1.931905,11046,10913,0
82900,13,17,1,32,1,18.815175,1.932099,11048,10913,0
82910,12,14,0,27,1,18.817072,1.932293,11048,10921,0
82920,7,8,0,16,1,18.817953,1.932401,11048,10921,0
82930,11,19,0,31,1,18.819004,1.932498,11051,10923,0
82940,15,17,0,33,1,18.819438,1.932526,11051,10923,0
82950,7,2,0,10,1,18.820128,1.932603,11059,10923,0
82960,1,2,0,4,1,18.818483,1.932473,11059,10923,0
82970,0,0,0,1,1,18.816698,1.932281,11059,10923,0
82980,17,16,1,35,1,18.816519,1.932230,11059,10923,0
82990,13,12,2,28,1,18.818781,1.932495,11064,10933,0
83000,16,19,0,36,1,18.820643,1.932703,11070,10939,0
83010,6,3,0,10,1,18.820479,1.932707,11070,10942,0
83020,3,6,0,10,1,18.819552,1.932600,11070,10942,0
83030,6,15,0,22,1,18.820658,1.932698,11070,10945,0
83040,9,5,0,15,1,18.820997,1.932703,11072,10945,0
83050,2,0,0,3,1,18.819248,1.932550,11072,10945,0
83060,14,10,0,25,1,18.818205,1.932425,11072,10945,0
83070,12,12,0,25,1,18.819128,1.932483,11073,10945,0
83080,4,3,0,8,1,18.818619,1.932469,11073,10945,0
83090,4,3,0,8,1,18.817474,1.932341,11073,10945,0
83100,8,9,0,18,1,18.816221,1.932215,11073,10945,0
83110,9,12,2,24,1,18.816773,1.932273,11073,10945,0
83120,9,6,0,16,1,18.818071,1.932388,11074,10948,0
83130,3,5,1,10,1,18.818556,1.932434,11074,10948,0
83140,0,0,0,0,0,18.816656,1.932280,11074,10948,0
83150,9,7,0,17,1,18.815615,1.932163,11074,10948,0
83160,12,7,1,21,1,18.816112,1.932219,11074,10948,0
83170,11,12,1,25,1,18.816757,1.932272,11074,10953,0
83180,7,6,0,14,1,18.816654,1.932284,11074,10953,0
83190,7,11,0,19,1,18.817381,1.932324,11074,10953,0
83200,6,2,0,9,1,18.815964,1.932167,11074,10953,0
83210,0,0,0,0,0,18.814226,1.932001,11074,10953,0
83220,1,1,0,3,1,18.812290,1.931820,11074,10953,0
83230,18,16,0,35,1,18.812749,1.931833,11075,10953,0
83240,13,11,0,25,1,18.814576,1.932055,11081,10957,0
83250,18,15,0,34,1,18.815786,1.932196,11085,10957,0
83260,20,19,0,40,1,18.817781,1.932435,11089,10961,0
83270,5,5,0,11,1,18.818917,1.932601,11090,10961,0
83280,2,6,0,9,1,18.818470,1.932580,11090,10961,0
83290,7,9,0,17,1,18.818393,1.932563,11090,10961,0
83300,6,7,0,14,1,18.817366,1.932456,11090,10961,0
83310,11,6,0,18,1,18.817198,1.932416,11090,10961,0
83320,8,14,0,23,1,18.817452,1.932402,11090,10961,0
83330,8,18,0,27,1,18.817857,1.932445,11090,10963,0
83340,19,14,0,34,1,18.818967,1.932522,11090,10963,0
83350,11,13,0,25,1,18.820519,1.932691,11091,10969,0
83360,14,9,0,24,1,18.821058,1.932729,11091,10969,0
83370,10,12,0,23,1,18.821613,1.932815,11091,10969,0
83380,9,7,0,17,1,18.821409,1.932800,11091,10969,0
83390,12,12,0,25,1,18.821968,1.932844,11096,10969,0
83400,4,6,0,11,1,18.821632,1.932827,11096,10969,0
83410,10,6,1,18,1,18.820957,1.932754,11096,10969,0
83420,11,12,0,24,1,18.820822,1.932707,11096,10969,0
83430,18,16,0,35,1,18.822078,1.932837,11096,10976,0
83440,13,17,2,33,1,18.823899,1.933047,11100,10983,0
83450,13,10,0,24,1,18.825628,1.933244,11105,10988,0
83460,7,10,0,18,1,18.826169,1.933296,11105,10988,0
83470,10,12,0,23,1,18.827277,1.933394,11105,10989,0
83480,0,0,0,0,0,18.826124,1.933300,11105,10989,0
83490,10,11,1,23,1,18.824942,1.933177,11105,10989,0
83500,11,8,0,20,1,18.826231,1.933318,11105,10993,0
83510,8,14,1,24,1,18.826066,1.933285,11105,10993,0
83520,15,20,1,37,1,18.827971,1.933455,11110,11005,0
83530,14,10,0,25,1,18.829931,1.933660,11113,11007,0
83540,9,7,0,17,1,18.830205,1.933691,11113,11007,0
83550,10,3,2,16,1,18.830198,1.933677,11113,11007,0
83560,11,7,0,19,1,18.830050,1.933684,11113,11007,0
83570,7,14,0,22,1,18.830303,1.933685,11113,11007,0
83580,2,10,0,13,1,18.830683,1.933735,11113,11007,0
83590,8,7,1,17,1,18.829665,1.933629,11113,11007,0
83600,0,0,0,0,0,18.828869,1.933562,11113,11007,0
83610,1,2,0,4,1,18.827263,1.933377,11113,11007,0
83620,0,1,0,2,1,18.825784,1.933226,11113,11007,0
83630,5,4,0,10,1,18.824200,1.933066,11113,11007,0
83640,8,10,1,20,1,18.824543,1.933112,11113,11007,0
83650,13,7,0,21,1,18.825113,1.933145,11113,11007,0
83660,1,1,0,3,1,18.823851,1.933050,11113,11007,0
83670,14,5,2,22,1,18.822514,1.932899,11113,11007,0
83680,0,0,0,1,1,18.822252,1.932890,11113,11007,0
83690,0,3,0,4,1,18.821240,1.932787,11113,11007,0
83700,1,0,0,2,1,18.819389,1.932609,11113,11007,0
83710,13,19,0,33,1,18.818877,1.932532,11113,11007,0
83720,15,16,0,32,1,18.820543,1.932734,11117,11019,0
83730,14,14,1,30,1,18.821967,1.932884,11117,11020,0
83740,0,0,0,0,0,18.821076,1.932838,11117,11020,0
83750,12,12,0,25,1,18.820085,1.932697,11117,11020,0
83760,0,0,0,1,1,18.819124,1.932606,11117,11020,0
83770,13,14,0,28,1,18.819102,1.932574,11117,11020,0
83780,0,0,0,1,1,18.818489,1.932493,11117,11020,0
83790,0,2,0,3,1,18.817636,1.932388,11117,11020,0
83800,1,0,0,2,1,18.816405,1.932257,11117,11020,0
83810,15,11,0,27,1,18.816240,1.932187,11117,11020,0
83820,6,2,0,9,1,18.815911,1.932171,11117,11020,0
83830,0,0,0,1,1,18.814241,1.932005,11117,11020,0
83840,2,2,0,5,1,18.812485,1.931809,11117,11020,0
83850,13,13,0,27,1,18.811770,1.931705,11117,11020,0
83860,10,6,0,17,1,18.812465,1.931775,11120,11020,0
83870,10,6,0,17,1,18.813232,1.931838,11120,11020,0
83880,20,18,0,39,1,18.814006,1.931900,11120,11021,0
83890,16,17,0,34,1,18.815987,1.932114,11121,11038,0
83900,13,11,1,26,1,18.817415,1.932276,11121,11040,0
83910,11,17,0,29,1,18.817811,1.932291,11121,11040,0
83920,16,10,0,27,1,18.819035,1.932403,11121,11040,0
83930,9,7,0,17,1,18.819743,1.932486,11125,11040,0
83940,6,11,1,19,1,18.820619,1.932570,11125,11040,0
83950,0,1,0,2,1,18.820002,1.932506,11125,11040,0
83960,2,0,0,3,1,18.817994,1.932333,11125,11040,0
83970,0,1,0,2,1,18.816093,1.932132,11125,11040,0
83980,3,5,0,9,1,18.814258,1.931954,11125,11040,0
83990,7,6,0,14,1,18.813046,1.931821,11125,11040,0
84000,13,14,1,29,1,18.814724,1.931970,11131,11051,0
84010,18,13,0,32,1,18.816427,1.932146,11136,11051,0
84020,12,10,0,23,1,18.818272,1.932374,11137,11059,0
84030,6,9,0,16,1,18.818226,1.932335,11137,11060,0
84040,10,10,1,22,1,18.818972,1.932396,11137,11060,0
84050,4,3,0,8,1,18.818038,1.932301,11137,11060,0
84060,8,4,0,13,1,18.817521,1.932242,11137,11060,0
84070,4,4,1,10,1,18.816636,1.932126,11137,11060,0
84080,4,0,1,6,1,18.814946,1.931982,11137,11060,0
84090,9,10,0,20,1,18.814936,1.931984,11137,11060,0
84100,2,8,0,11,1,18.815392,1.932036,11141,11060,0
84110,5,5,0,11,1,18.814170,1.931909,11141,11060,0
84120,2,1,0,4,1,18.813378,1.931824,11141,11060,0
84130,6,1,0,8,1,18.811482,1.931642,11141,11060,0
84140,0,0,0,1,1,18.809670,1.931485,11141,11060,0
84150,0,0,0,0,0,18.807784,1.931314,11141,11060,0
84160,2,3,0,6,1,18.805890,1.931149,11141,11060,0
84170,0,0,0,1,1,18.803931,1.931000,11141,11060,0
84180,10,10,0,21,1,18.802933,1.930875,11141,11060,0
84190,11,9,0,21,1,18.803006,1.930879,11141,11060,0
84200,14,16,0,31,1,18.804047,1.931001,11141,11060,0
84210,15,19,1,36,1,18.805503,1.931163,11147,11062,0
84220,9,13,1,24,1,18.806721,1.931331,11154,11062,0
84230,13,16,0,30,1,18.807935,1.931440,11167,11062,0
84240,13,12,1,27,1,18.808592,1.931494,11167,11062,0
84250,8,14,0,23,1,18.810145,1.931662,11169,11063,0
84260,3,7,0,11,1,18.810900,1.931740,11171,11063,0
84270,13,9,0,23,1,18.811000,1.931754,11171,11063,0
84280,12,13,0,26,1,18.811358,1.931768,11171,11063,0
84290,12,7,0,20,1,18.811200,1.931710,11171,11063,0
84300,11,7,0,19,1,18.811897,1.931790,11171,11063,0
84310,20,14,0,35,1,18.812968,1.931875,11175,11063,0
84320,1,0,0,2,1,18.812676,1.931874,11178,11063,0
84330,10,11,0,22,1,18.811990,1.931776,11178,11063,0
84340,15,17,0,33,1,18.813307,1.931901,11179,11063,0
84350,11,15,0,27,1,18.814822,1.932069,11183,11063,0
84360,20,18,0,39,1,18.816325,1.932207,11189,11068,0
84370,11,15,0,27,1,18.816232,1.932187,11191,11068,0
84380,4,6,0,11,1,18.815177,1.932089,11191,11068,0
84390,3,2,1,7,1,18.814358,1.932025,11191,11068,0
84400,9,9,0,19,1,18.814458,1.932029,11191,11070,0
84410,6,4,0,11,1,18.814051,1.931988,11191,11070,0
84420,0,0,0,0,0,18.812814,1.931883,11191,11070,0
84430,3,5,0,9,1,18.811113,1.931726,11191,11070,0
84440,8,19,0,28,1,18.810788,1.931665,11191,11072,0
84450,10,10,0,21,1,18.811133,1.931661,11191,11072,0
84460,19,15,0,35,1,18.813152,1.931900,11218,11083,0
84470,19,15,0,35,1,18.815071,1.932131,11237,11089,0
84480,16,14,0,31,1,18.816611,1.932292,11237,11089,0
84490,15,9,0,25,1,18.816998,1.932324,11237,11089,0
84500,15,16,1,33,1,18.818010,1.932400,11237,11089,0
84510,16,12,0,29,1,18.819977,1.932624,11250,11103,0
84520,12,20,0,33,1,18.821307,1.932757,11264,11112,0
84530,10,12,0,23,1,18.822167,1.932858,11264,11112,0
84540,7,6,0,14,1,18.822697,1.932925,11264,11112,0
84550,8,11,0,20,1,18.822805,1.932897,11264,11112,0
84560,15,12,0,28,1,18.823453,1.932943,11264,11112,0
84570,19,15,0,35,1,18.824706,1.933078,11269,11122,0
84580,16,13,0,30,1,18.826102,1.933219,11269,11122,0
84590,10,9,0,20,1,18.826903,1.933340,11269,11122,0
84600,10,11,0,22,1,18.827432,1.933384,11269,11122,0
84610,8,13,0,22,1,18.827369,1.933383,11269,11122,0
84620,15,20,1,37,1,18.828398,1.933440,11269,11123,0
84630,14,11,3,29,1,18.830239,1.933604,11277,11138,0
84640,4,2,0,7,1,18.829012,1.933526,11277,11138,0
84650,9,11,0,21,1,18.828252,1.933428,11277,11138,0
84660,15,18,1,35,1,18.828730,1.933468,11277,11138,0
84670,9,9,1,20,1,18.829468,1.933571,11278,11141,0
84680,9,9,0,19,1,18.829989,1.933621,11278,11141,0
84690,14,19,1,35,1,18.831160,1.933716,11278,11147,0
84700,18,11,0,30,1,18.832849,1.933874,11283,11148,0
84710,0,0,0,0,0,18.832305,1.933856,11283,11148,0
84720,0,0,0,0,0,18.830682,1.933709,11283,11148,0
84730,3,0,0,4,1,18.828822,1.933529,11283,11148,0
84740,9,6,0,16,1,18.827595,1.933399,11283,11148,0
84750,2,1,0,4,1,18.826633,1.933317,11283,11148,0
84760,3,3,0,7,1,18.825676,1.933208,11283,11148,0
84770,3,4,0,8,1,18.824852,1.933111,11283,11148,0
84780,1,3,0,5,1,18.823157,1.932944,11283,11148,0
84790,2,3,0,6,1,18.821879,1.932828,11283,11148,0
84800,1,1,0,3,1,18.820675,1.932705,11283,11148,0
84810,4,9,0,14,1,18.818970,1.932536,11283,11148,0
84820,5,10,0,16,1,18.818501,1.932463,11283,11148,0
84830,6,19,1,27,1,18.818773,1.932492,11283,11150,0
84840,12,17,1,31,1,18.819291,1.932513,11283,11151,0
84850,17,20,1,39,1,18.820794,1.932675,11288,11156,0
84860,19,20,0,40,1,18.822710,1.932908,11288,11164,0
84870,18,10,0,29,1,18.824665,1.933114,11294,11178,0
84880,10,7,0,18,1,18.825031,1.933169,11296,11178,0
84890,7,12,0,20,1,18.824270,1.933066,11296,11178,0
84900,4,8,1,14,1,18.824064,1.933039,11296,11178,0
84910,12,18,3,34,1,18.825515,1.933172,11301,11178,0
84920,20,14,0,35,1,18.827205,1.933373,11301,11189,0
84930,12,17,0,30,1,18.828671,1.933531,11304,11196,0
84940,10,10,0,21,1,18.829576,1.933639,11306,11196,0
84950,6,3,0,10,1,18.828767,1.933547,11306,11196,0
84960,5,1,0,7,1,18.827276,1.933383,11306,11196,0
84970,1,1,0,3,1,18.826536,1.933306,11306,11196,0
84980,3,1,0,5,1,18.825188,1.933157,11306,11196,0
84990,15,13,0,29,1,18.824876,1.933114,11306,11196,0
85000,18,18,0,37,1,18.826478,1.933286,11307,11199,0
85010,12,16,0,29,1,18.827994,1.933466,11312,11204,0
85020,15,12,0,28,1,18.829003,1.933568,11312,11204,0
85030,13,15,0,29,1,18.830350,1.933719,11313,11208,0
85040,11,19,0,31,1,18.832293,1.933934,11321,11215,0
85050,12,7,0,20,1,18.833452,1.934051,11321,11218,0
85060,7,8,0,16,1,18.833042,1.933987,11321,11218,0
85070,5,4,0,10,1,18.832584,1.933920,11321,11218,0
85080,4,5,0,10,1,18.832208,1.933854,11321,11218,0
85090,11,9,0,21,1,18.832913,1.933880,11321,11218,0
85100,15,9,0,25,1,18.833549,1.933951,11321,11218,0
85110,10,3,0,14,1,18.833981,1.934006,11321,11218,0
85120,4,7,0,12,1,18.833500,1.933950,11321,11218,0
85130,4,2,1,8,1,18.831897,1.933789,11321,11218,0
85140,14,7,0,22,1,18.832245,1.933805,11321,11218,0
85150,9,7,0,17,1,18.831976,1.933804,11321,11218,0
85160,19,13,1,34,1,18.832743,1.933865,11323,11218,0
85170,12,11,0,24,1,18.833425,1.933961,11323,11218,0
85180,7,14,0,22,1,18.833967,1.933987,11323,11218,0
85190,14,12,1,28,1,18.835038,1.934110,11329,11220,0
85200,19,13,1,34,1,18.836224,1.934235,11331,11220,0
85210,20,15,0,36,1,18.838247,1.934458,11340,11223,0
85220,19,17,1,38,1,18.840223,1.934668,11354,11225,0
85230,20,19,3,43,1,18.842624,1.934948,11366,11239,0
85240,10,16,0,27,1,18.844096,1.935112,11369,11239,0
85250,15,17,0,33,1,18.844962,1.935181,11375,11239,0
85260,18,10,3,32,1,18.846289,1.935341,11378,11240,0
85270,16,20,0,37,1,18.848080,1.935517,11382,11245,0
85280,15,17,0,33,1,18.849540,1.935689,11382,11259,0
85290,18,11,0,30,1,18.851012,1.935873,11382,11267,0
85300,14,9,0,24,1,18.852388,1.936004,11388,11268,0
85310,8,10,1,20,1,18.852382,1.936002,11388,11268,0
85320,8,8,0,17,1,18.851921,1.935967,11388,11268,0
85330,8,7,0,16,1,18.851148,1.935861,11388,11268,0
85340,6,8,0,15,1,18.850757,1.935805,11388,11268,0
85350,0,0,0,0,0,18.849251,1.935677,11388,11268,0
85360,4,6,0,11,1,18.847784,1.935508,11388,11268,0
85370,15,12,0,28,1,18.848850,1.935570,11393,11274,0
85380,0,1,0,2,1,18.848124,1.935543,11393,11274,0
85390,4,6,1,12,1,18.846478,1.935384,11393,11274,0
85400,1,6,0,8,1,18.846701,1.935394,11393,11274,0
85410,7,12,0,20,1,18.845813,1.935320,11393,11274,0
85420,18,18,0,37,1,18.847045,1.935461,11402,11274,0
85430,5,1,0,7,1,18.847835,1.935592,11402,11275,0
85440,3,2,0,6,1,18.846019,1.935425,11402,11275,0
85450,2,5,0,8,1,18.845139,1.935321,11402,11275,0
85460,8,4,1,14,1,18.843934,1.935203,11402,11275,0
85470,18,18,0,37,1,18.844926,1.935276,11406,11276,0
85480,1,2,0,4,1,18.845344,1.935357,11410,11277,0
85490,4,8,0,13,1,18.843898,1.935198,11410,11277,0
85500,1,2,0,4,1,18.842384,1.935068,11410,11277,0
85510,0,6,0,7,1,18.840805,1.934893,11410,11277,0
85520,5,1,0,7,1,18.839009,1.934710,11410,11277,0
85530,10,10,0,21,1,18.838800,1.934643,11410,11277,0
85540,5,10,0,16,1,18.840251,1.934792,11412,11286,0
85550,11,11,1,24,1,18.839947,1.934785,11412,11286,0
85560,10,18,0,29,1,18.840746,1.934852,11412,11288,0
85570,12,10,0,23,1,18.841425,1.934909,11412,11288,0
85580,12,7,0,20,1,18.841913,1.934971,11412,11288,0
85590,11,9,0,21,1,18.842243,1.934997,11412,11288,0
85600,4,8,0,13,1,18.841758,1.934934,11412,11288,0
85610,13,11,0,25,1,18.841529,1.934904,11412,11288,0
85620,11,15,1,28,1,18.842755,1.934989,11412,11290,0
85630,18,12,1,32,1,18.844292,1.935139,11416,11297,0
85640,12,15,0,28,1,18.845505,1.935253,11416,11300,0
85650,18,14,0,33,1,18.847256,1.935436,11421,11306,0
85660,17,15,0,33,1,18.849307,1.935626,11430,11318,0
85670,19,14,0,34,1,18.850686,1.935776,11430,11318,0
85680,8,10,0,19,1,18.851370,1.935854,11430,11318,0
85690,10,13,0,24,1,18.851316,1.935851,11430,11318,0
85700,2,4,0,7,1,18.850666,1.935834,11430,11318,0
85710,5,7,0,13,1,18.850049,1.935763,11430,11318,0
85720,2,4,1,8,1,18.849085,1.935667,11430,11318,0
85730,6,3,0,10,1,18.847287,1.935478,11430,11318,0
85740,1,3,0,5,1,18.845483,1.935317,11430,11318,0
85750,1,1,0,3,1,18.843767,1.935170,11430,11318,0
85760,1,2,0,4,1,18.842069,1.934996,11430,11318,0
85770,3,2,1,7,1,18.840959,1.934871,11430,11318,0
85780,4,5,0,10,1,18.839636,1.934748,11430,11318,0
85790,5,8,0,14,1,18.839329,1.934703,11430,11318,0
85800,12,10,0,23,1,18.839263,1.934679,11430,11318,0
85810,0,3,0,4,1,18.838288,1.934563,11430,11318,0
85820,1,2,0,4,1,18.836449,1.934394,11430,11318,0
85830,6,2,0,9,1,18.835102,1.934252,11430,11318,0
85840,11,7,0,19,1,18.833690,1.934096,11430,11318,0
85850,8,11,0,20,1,18.833852,1.934116,11430,11318,0
85860,17,20,0,38,1,18.834918,1.934201,11432,11327,0
85870,10,6,0,17,1,18.836385,1.934364,11437,11331,0
85880,6,5,0,12,1,18.835284,1.934268,11437,11331,0
85890,8,6,0,15,1,18.834394,1.934180,11437,11331,0
85900,11,7,0,19,1,18.834732,1.934213,11437,11331,0
85910,4,2,0,7,1,18.833652,1.934149,11437,11331,0
85920,3,7,0,11,1,18.832503,1.934034,11437,11331,0
85930,4,1,0,6,1,18.830994,1.933862,11437,11331,0
85940,0,1,0,2,1,18.829596,1.933724,11437,11331,0
85950,12,7,0,20,1,18.829149,1.933616,11437,11331,0
85960,18,20,0,39,1,18.829933,1.933675,11437,11333,0
85970,13,15,0,29,1,18.831696,1.933870,11439,11334,0
85980,16,14,0,31,1,18.832438,1.933957,11439,11334,0
85990,2,3,0,6,1,18.832190,1.933953,11439,11334,0
86000,1,0,0,2,1,18.830718,1.933814,11439,11334,0
86010,5,9,0,15,1,18.829407,1.933648,11439,11334,0
86020,2,1,0,4,1,18.828124,1.933529,11439,11334,0
86030,3,1,0,5,1,18.826362,1.933379,11439,11334,0
86040,6,12,0,19,1,18.824848,1.933180,11439,11334,0
86050,5,4,0,10,1,18.823554,1.933085,11439,11334,0
86060,14,9,1,25,1,18.824081,1.933156,11442,11334,0
86070,4,3,0,8,1,18.824877,1.933243,11442,11338,0
86080,3,3,0,7,1,18.823436,1.933089,11442,11338,0
86090,10,11,0,22,1,18.822353,1.932988,11442,11338,0
86100,16,17,0,34,1,18.823477,1.933082,11445,11340,0
86110,10,14,1,26,1,18.824986,1.933212,11450,11340,0
86120,8,19,0,28,1,18.825657,1.933303,11450,11340,0
86130,13,11,0,25,1,18.826362,1.933401,11450,11342,0
86140,13,12,0,26,1,18.826329,1.933396,11450,11342,0
86150,6,5,0,12,1,18.826989,1.933460,11455,11342,0
86160,7,6,0,14,1,18.827043,1.933439,11455,11342,0
86170,6,15,0,22,1,18.827965,1.933500,11455,11343,0
86180,11,18,1,31,1,18.828435,1.933538,11455,11343,0
86190,18,14,1,34,1,18.829906,1.933683,11458,11345,0
86200,13,9,1,24,1,18.831886,1.933903,11464,11358,0
86210,15,16,0,32,1,18.833627,1.934087,11472,11364,0
86220,15,11,0,27,1,18.835407,1.934306,11482,11371,0
86230,11,14,0,26,1,18.836524,1.934414,11482,11371,0
86240,8,16,0,25,1,18.837740,1.934531,11482,11376,0
86250,3,6,0,10,1,18.838297,1.934552,11482,11377,0
86260,0,2,0,3,1,18.836391,1.934375,11482,11377,0
86270,6,3,0,10,1,18.835032,1.934218,11482,11377,0
86280,1,2,0,4,1,18.833243,1.934052,11482,11377,0
86290,6,3,0,10,1,18.832146,1.933933,11482,11377,0
86300,8,10,0,19,1,18.832795,1.933971,11484,11379,0
86310,6,7,1,15,1,18.831510,1.933844,11484,11379,0
86320,14,13,0,28,1,18.831205,1.933816,11484,11379,0
86330,16,5,0,22,1,18.832338,1.933949,11493,11379,0
86340,11,18,1,31,1,18.833968,1.934101,11500,11384,0
86350,9,14,0,24,1,18.834541,1.934166,11505,11384,0
86360,1,6,0,8,1,18.833829,1.934149,11505,11384,0
86370,2,1,0,4,1,18.832148,1.933986,11505,11384,0
86380,4,10,0,15,1,18.830909,1.933853,11505,11384,0
86390,1,2,0,4,1,18.830166,1.933791,11505,11384,0
86400,0,0,0,1,1,18.828276,1.933632,11505,11384,0
