Tempo(s),Fila1,Fila2,Fila3,TotalSistema,ServidorOcupado,E[N],E[W],PerdasF1,PerdasF2,PerdasF3
10,0,0,0,0,0,1.729042,0.254271,0,0,0
20,0,0,0,0,0,1.696304,0.237245,0,0,0
30,0,0,0,0,0,2.074156,0.292135,0,0,0
40,0,0,1,2,1,2.865310,0.400743,0,0,0
50,2,0,0,3,1,2.511726,0.358818,0,0,0
60,1,1,2,5,1,2.706239,0.369873,0,0,0
70,1,0,0,2,1,3.151530,0.430873,0,0,0
80,0,0,0,1,1,2.944348,0.408937,0,0,0
90,1,1,5,8,1,3.110405,0.419695,0,0,0
100,2,1,2,6,1,3.292393,0.434353,0,0,0
110,0,0,0,0,0,3.155422,0.421745,0,0,0
120,1,5,2,9,1,3.052260,0.402939,0,0,0
130,1,2,3,7,1,3.003604,0.396415,0,0,0
140,0,0,0,1,1,2.924859,0.387032,0,0,0
150,0,0,0,0,0,2.806878,0.375251,0,0,0
160,6,4,4,15,1,3.166712,0.413949,0,0,0
170,0,0,0,0,0,3.319265,0.434058,0,0,0
180,2,0,3,6,1,3.232734,0.422887,0,0,0
190,13,4,13,31,1,4.233912,0.547986,0,0,0
200,15,7,13,36,1,5.585021,0.701636,0,0,0
210,7,2,6,16,1,6.331318,0.799025,0,0,0
220,3,1,2,7,1,6.307705,0.796153,0,0,0
230,2,2,0,5,1,6.297752,0.794124,0,0,0
240,0,0,0,1,1,6.090539,0.770548,0,0,0
250,0,2,0,3,1,5.989204,0.759666,0,0,0
260,2,4,0,7,1,5.859806,0.742109,0,0,0
270,0,0,0,1,1,5.732477,0.728362,0,0,0
280,0,0,0,0,0,5.662697,0.721363,0,0,0
290,2,3,3,9,1,5.583459,0.707694,0,0,0
300,0,0,0,1,1,5.490284,0.697622,0,0,0
310,1,0,0,2,1,5.367500,0.682776,0,0,0
320,0,0,0,1,1,5.270675,0.672494,0,0,0
330,2,2,1,6,1,5.264277,0.668415,0,0,0
340,7,7,12,27,1,5.585858,0.702884,0,0,0
350,4,2,3,10,1,6.057768,0.762120,0,0,0
360,4,8,6,19,1,6.155284,0.769945,0,0,0
370,2,8,12,23,1,6.459230,0.805227,0,0,0
380,2,3,3,9,1,6.691925,0.835391,0,0,0
390,2,0,0,3,1,6.582759,0.821265,0,0,0
400,2,1,1,5,1,6.498489,0.809276,0,0,0
410,2,2,3,8,1,6.472018,0.804831,0,0,0
420,2,2,0,5,1,6.490559,0.804852,0,0,0
430,0,0,2,3,1,6.418941,0.794973,0,0,0
440,0,1,0,2,1,6.324657,0.783680,0,0,0
450,4,1,6,12,1,6.279282,0.776498,0,0,0
460,0,0,0,1,1,6.222498,0.773608,0,0,0
470,0,0,0,0,0,6.137685,0.764770,0,0,0
480,0,1,0,2,1,6.050166,0.753719,0,0,0
490,0,0,1,2,1,6.064549,0.754987,0,0,0
500,0,0,0,0,0,5.976443,0.744264,0,0,0
510,2,0,0,3,1,5.911109,0.736722,0,0,0
520,1,1,0,3,1,5.854508,0.730234,0,0,0
530,1,2,0,4,1,5.801142,0.725485,0,0,0
540,0,0,0,1,1,5.745722,0.718382,0,0,0
550,7,3,6,17,1,5.780892,0.723105,0,0,0
560,2,3,3,9,1,5.847421,0.731581,0,0,0
570,0,0,0,1,1,5.846709,0.731641,0,0,0
580,3,2,1,7,1,5.785547,0.724286,0,0,0
590,0,0,0,0,0,5.748767,0.721040,0,0,0
600,0,3,0,4,1,5.706811,0.714095,0,0,0
610,1,1,0,3,1,5.658014,0.708850,0,0,0
620,0,0,0,0,0,5.596048,0.701486,0,0,0
630,2,3,2,8,1,5.604191,0.702056,0,0,0
640,0,5,0,6,1,5.547987,0.696764,0,0,0
650,0,0,0,1,1,5.499043,0.692441,0,0,0
660,0,1,1,3,1,5.447350,0.686510,0,0,0
670,3,6,2,12,1,5.414865,0.679393,0,0,0
680,4,1,5,11,1,5.431497,0.681946,0,0,0
690,0,1,0,2,1,5.391244,0.678453,0,0,0
700,0,0,0,0,0,5.339144,0.672678,0,0,0
710,0,0,1,2,1,5.304071,0.669135,0,0,0
720,3,4,1,9,1,5.303641,0.666892,0,0,0
730,0,0,0,0,0,5.275174,0.662688,0,0,0
740,0,0,0,1,1,5.239284,0.657799,0,0,0
750,2,1,2,6,1,5.227495,0.655403,0,0,0
760,4,3,8,16,1,5.210945,0.651690,0,0,0
770,11,9,10,31,1,5.484418,0.683887,0,0,0
780,9,9,11,30,1,5.948519,0.740834,0,1,4
790,1,1,2,5,1,6.030068,0.751618,0,1,4
800,3,3,2,9,1,6.009648,0.748050,0,1,4
810,0,0,0,1,1,6.030101,0.749253,0,1,4
820,0,0,0,0,0,5.979101,0.743647,0,1,4
830,1,1,2,5,1,5.927937,0.737659,0,1,4
840,1,1,0,3,1,5.898421,0.734570,0,1,4
850,3,0,2,6,1,5.851180,0.728718,0,1,4
860,0,1,0,2,1,5.810422,0.724408,0,1,4
870,1,2,1,5,1,5.761015,0.717549,0,1,4
880,4,3,3,11,1,5.811597,0.722754,0,1,4
890,2,2,1,6,1,5.909555,0.733748,0,1,4
900,1,1,0,3,1,5.897633,0.732929,0,1,4
910,1,0,1,3,1,5.847815,0.727977,0,1,4
920,0,0,0,0,0,5.799596,0.723083,0,1,4
930,4,2,0,7,1,5.802485,0.722301,0,1,4
940,2,1,2,6,1,5.762268,0.717137,0,1,4
950,0,0,0,1,1,5.744438,0.715325,0,1,4
960,0,0,0,0,0,5.711202,0.712787,0,1,4
970,2,0,0,3,1,5.735680,0.714016,0,1,4
980,0,0,0,0,0,5.699683,0.710286,0,1,4
990,1,0,1,3,1,5.725199,0.713129,0,1,4
1000,0,0,0,1,1,5.683882,0.709067,0,1,4
1010,3,2,4,10,1,5.656768,0.705611,0,1,4
1020,0,0,0,1,1,5.632399,0.701985,0,1,4
1030,1,0,1,3,1,5.592943,0.697510,0,1,4
1040,1,3,0,5,1,5.570327,0.695205,0,1,4
1050,0,0,0,1,1,5.581374,0.696015,0,1,4
1060,1,1,2,5,1,5.557033,0.693158,0,1,4
1070,2,7,6,16,1,5.519899,0.689021,0,1,4
1080,0,0,0,0,0,5.516365,0.688430,0,1,4
1090,1,2,0,4,1,5.482491,0.684213,0,1,4
1100,0,0,0,0,0,5.446168,0.680616,0,1,4
1110,0,0,0,1,1,5.415671,0.676578,0,1,4
1120,0,1,0,2,1,5.393550,0.673818,0,1,4
1130,2,2,1,6,1,5.386596,0.672432,0,1,4
1140,0,0,0,0,0,5.360891,0.669891,0,1,4
1150,10,4,9,24,1,5.396873,0.673073,0,1,4
1160,0,0,0,1,1,5.430781,0.677679,0,1,4
1170,0,2,3,6,1,5.400998,0.673901,0,1,4
1180,0,0,1,2,1,5.381573,0.671914,0,1,4
1190,0,2,0,3,1,5.350405,0.667959,0,1,4
1200,2,2,1,6,1,5.324453,0.664657,0,1,4
1210,1,1,0,3,1,5.292340,0.661201,0,1,4
1220,0,0,0,0,0,5.261759,0.659003,0,1,4
1230,0,0,0,1,1,5.238033,0.655754,0,1,4
1240,0,1,0,2,1,5.227762,0.654064,0,1,4
1250,0,0,0,1,1,5.223015,0.653661,0,1,4
1260,2,2,3,8,1,5.244734,0.655462,0,1,4
1270,0,0,0,1,1,5.222416,0.653381,0,1,4
1280,1,0,0,2,1,5.220230,0.652592,0,1,4
1290,0,0,0,0,0,5.189909,0.649431,0,1,4
1300,1,1,0,3,1,5.169808,0.647035,0,1,4
1310,0,0,0,0,0,5.158955,0.645732,0,1,4
1320,0,0,0,0,0,5.130362,0.642329,0,1,4
1330,0,0,0,0,0,5.107903,0.640233,0,1,4
1340,0,0,0,1,1,5.091336,0.638621,0,1,4
1350,4,4,1,10,1,5.090555,0.638033,0,1,4
1360,7,4,8,20,1,5.120255,0.641861,0,1,4
1370,6,1,2,10,1,5.129098,0.643191,0,1,4
1380,5,0,2,8,1,5.130437,0.643403,0,1,4
1390,3,0,2,6,1,5.114278,0.641940,0,1,4
1400,0,1,1,3,1,5.090765,0.639716,0,1,4
1410,0,0,0,1,1,5.060762,0.636943,0,1,4
1420,0,0,0,1,1,5.048575,0.634816,0,1,4
1430,0,0,0,0,0,5.035599,0.633102,0,1,4
1440,0,0,0,1,1,5.024348,0.631277,0,1,4
1450,1,1,2,5,1,5.004351,0.628687,0,1,4
1460,7,6,3,17,1,5.037057,0.632720,0,1,4
1470,1,1,0,3,1,5.090310,0.639333,0,1,4
1480,5,3,3,12,1,5.079622,0.637700,0,1,4
1490,1,5,4,11,1,5.145558,0.646231,0,1,4
1500,0,0,0,0,0,5.165675,0.648791,0,1,4
1510,1,1,0,3,1,5.142323,0.646322,0,1,4
1520,0,0,0,1,1,5.122622,0.643769,0,1,4
1530,2,1,2,6,1,5.105721,0.641728,0,1,4
1540,1,0,3,5,1,5.090332,0.639771,0,1,4
1550,2,0,3,6,1,5.071083,0.637277,0,1,4
1560,0,0,0,1,1,5.053605,0.635110,0,1,4
1570,1,0,1,3,1,5.051163,0.634172,0,1,4
1580,3,1,0,5,1,5.029293,0.631560,0,1,4
1590,1,1,1,4,1,5.038701,0.632124,0,1,4
1600,0,0,0,0,0,5.020528,0.629731,0,1,4
1610,0,0,0,1,1,5.002372,0.627489,0,1,4
1620,6,4,1,12,1,5.029712,0.630075,0,1,4
1630,0,0,0,1,1,5.037054,0.630987,0,1,4
1640,1,3,1,6,1,5.022778,0.629334,0,1,4
1650,0,0,1,2,1,5.003071,0.626761,0,1,4
1660,1,1,3,6,1,4.985493,0.624739,0,1,4
1670,2,0,4,7,1,4.969316,0.622703,0,1,4
1680,0,0,0,0,0,4.961511,0.622365,0,1,4
1690,2,3,0,6,1,4.950722,0.620999,0,1,4
1700,0,0,0,1,1,4.943858,0.619851,0,1,4
1710,0,1,0,2,1,4.928000,0.618124,0,1,4
1720,0,1,0,2,1,4.912881,0.615945,0,1,4
1730,0,0,2,3,1,4.908059,0.615063,0,1,4
1740,0,0,0,1,1,4.891558,0.612810,0,1,4
1750,0,0,0,0,0,4.881720,0.611482,0,1,4
1760,0,0,0,1,1,4.858175,0.609566,0,1,4
1770,0,0,0,0,0,4.838226,0.607223,0,1,4
1780,2,2,0,5,1,4.824737,0.605601,0,1,4
1790,9,4,1,15,1,4.837342,0.607042,0,1,4
1800,0,0,0,1,1,4.866781,0.611277,0,1,4
1810,1,0,1,3,1,4.848102,0.608830,0,1,4
1820,0,2,1,4,1,4.844949,0.608418,0,1,4
1830,3,0,0,4,1,4.859941,0.609951,0,1,4
1840,4,4,4,13,1,4.877232,0.611732,0,1,4
1850,0,0,0,1,1,4.898984,0.614615,0,1,4
1860,0,0,0,0,0,4.883459,0.612573,0,1,4
1870,0,0,0,0,0,4.866555,0.610892,0,1,4
1880,0,2,0,3,1,4.851695,0.609461,0,1,4
1890,0,0,0,1,1,4.837592,0.607633,0,1,4
1900,2,0,1,4,1,4.821203,0.605639,0,1,4
1910,0,4,0,5,1,4.801403,0.603414,0,1,4
1920,0,0,0,0,0,4.786118,0.601633,0,1,4
1930,0,0,0,0,0,4.772948,0.599648,0,1,4
1940,0,0,0,1,1,4.762922,0.597947,0,1,4
1950,2,1,2,6,1,4.771066,0.598262,0,1,4
1960,1,1,3,6,1,4.756081,0.596526,0,1,4
1970,0,1,0,2,1,4.773691,0.598154,0,1,4
1980,3,2,1,7,1,4.768593,0.597772,0,1,4
1990,0,0,0,1,1,4.752951,0.596066,0,1,4
2000,1,1,4,7,1,4.741107,0.594869,0,1,4
2010,0,0,0,0,0,4.725891,0.593171,0,1,4
2020,0,0,0,1,1,4.715659,0.592169,0,1,4
2030,0,0,0,0,0,4.696955,0.590208,0,1,4
2040,4,3,2,10,1,4.686982,0.588831,0,1,4
2050,0,0,1,2,1,4.678762,0.588036,0,1,4
2060,3,4,3,11,1,4.665179,0.586171,0,1,4
2070,1,0,0,2,1,4.671510,0.586773,0,1,4
2080,1,0,2,4,1,4.662545,0.585492,0,1,4
2090,3,5,3,12,1,4.662946,0.585389,0,1,4
2100,0,0,0,0,0,4.653329,0.585009,0,1,4
2110,0,0,0,0,0,4.651496,0.584623,0,1,4
2120,0,0,0,0,0,4.637770,0.583298,0,1,4
2130,0,0,2,3,1,4.621777,0.581373,0,1,4
2140,0,0,0,0,0,4.608742,0.579852,0,1,4
2150,0,0,0,0,0,4.599389,0.579132,0,1,4
2160,1,0,1,3,1,4.588612,0.577891,0,1,4
2170,0,0,0,1,1,4.576157,0.576570,0,1,4
2180,0,0,0,0,0,4.563720,0.574949,0,1,4
2190,0,0,0,1,1,4.554678,0.573690,0,1,4
2200,2,2,3,8,1,4.564386,0.574991,0,1,4
2210,1,2,1,5,1,4.554267,0.574122,0,1,4
2220,1,0,0,2,1,4.568868,0.575777,0,1,4
2230,1,2,0,4,1,4.564524,0.574884,0,1,4
2240,0,0,0,0,0,4.564904,0.574686,0,1,4
2250,0,5,3,9,1,4.569940,0.574370,0,1,4
2260,0,1,4,6,1,4.577807,0.575217,0,1,4
2270,0,1,0,2,1,4.582326,0.575994,0,1,4
2280,0,1,0,2,1,4.574750,0.575091,0,1,4
2290,0,0,0,0,0,4.565993,0.574071,0,1,4
2300,1,0,0,2,1,4.562306,0.573342,0,1,4
2310,1,0,0,2,1,4.557006,0.572756,0,1,4
2320,0,0,0,0,0,4.544824,0.571335,0,1,4
2330,5,4,7,17,1,4.568516,0.573928,0,1,4
2340,1,1,1,4,1,4.590447,0.576516,0,1,4
2350,0,0,2,3,1,4.583371,0.575862,0,1,4
2360,0,1,0,2,1,4.571360,0.574646,0,1,4
2370,0,0,0,0,0,4.582007,0.575696,0,1,4
2380,2,1,0,4,1,4.569683,0.574469,0,1,4
2390,3,3,2,9,1,4.559827,0.573367,0,1,4
2400,0,0,0,0,0,4.578343,0.575530,0,1,4
2410,1,0,0,2,1,4.568101,0.574079,0,1,4
2420,1,0,0,2,1,4.556508,0.572759,0,1,4
2430,1,0,0,2,1,4.544682,0.571259,0,1,4
2440,2,0,1,4,1,4.533118,0.569822,0,1,4
2450,1,0,0,2,1,4.518702,0.568434,0,1,4
2460,1,3,0,5,1,4.510333,0.567076,0,1,4
2470,0,5,4,10,1,4.499418,0.566238,0,1,4
2480,0,0,0,1,1,4.501316,0.566433,0,1,4
2490,5,2,2,10,1,4.492867,0.565326,0,1,4
2500,2,4,3,10,1,4.501818,0.566352,0,1,4
2510,0,0,2,3,1,4.515388,0.568016,0,1,4
2520,1,0,0,2,1,4.508102,0.566972,0,1,4
2530,2,1,3,7,1,4.512011,0.567450,0,1,4
2540,2,0,0,3,1,4.503571,0.566403,0,1,4
2550,1,1,1,4,1,4.496840,0.565515,0,1,4
2560,2,4,1,8,1,4.506364,0.566643,0,1,4
2570,4,1,1,7,1,4.507306,0.566776,0,1,4
2580,1,1,1,4,1,4.500209,0.565623,0,1,4
2590,4,2,4,11,1,4.506966,0.566652,0,1,4
2600,0,0,0,1,1,4.495593,0.565319,0,1,4
2610,0,0,0,1,1,4.488557,0.564394,0,1,4
2620,3,2,1,7,1,4.478886,0.563220,0,1,4
2630,0,0,0,0,0,4.472487,0.562322,0,1,4
2640,1,0,1,3,1,4.462280,0.561293,0,1,4
2650,0,0,0,0,0,4.448997,0.560034,0,1,4
2660,0,0,0,0,0,4.439040,0.558687,0,1,4
2670,0,0,0,0,0,4.425880,0.557568,0,1,4
2680,4,0,2,7,1,4.419501,0.556696,0,1,4
2690,1,0,0,2,1,4.414729,0.555897,0,1,4
2700,0,0,0,0,0,4.405111,0.554541,0,1,4
2710,0,1,0,2,1,4.402565,0.554258,0,1,4
2720,0,0,0,0,0,4.393729,0.553259,0,1,4
2730,0,0,0,1,1,4.387940,0.552566,0,1,4
2740,0,0,0,0,0,4.382772,0.551748,0,1,4
2750,0,0,1,2,1,4.376235,0.550734,0,1,4
2760,0,0,0,1,1,4.363241,0.549712,0,1,4
2770,0,1,0,2,1,4.361811,0.549092,0,1,4
2780,0,0,0,0,0,4.349661,0.547896,0,1,4
2790,1,2,0,4,1,4.342922,0.547032,0,1,4
2800,6,5,6,18,1,4.351496,0.547752,0,1,4
2810,1,7,3,12,1,4.397949,0.553486,0,1,4
2820,1,1,0,3,1,4.423197,0.556427,0,1,4
2830,0,0,0,0,0,4.415053,0.555488,0,1,4
2840,1,3,2,7,1,4.405967,0.554554,0,1,4
2850,0,0,0,1,1,4.410894,0.554866,0,1,4
2860,4,1,3,9,1,4.403655,0.553724,0,1,4
2870,0,0,0,1,1,4.428209,0.556800,0,1,4
2880,2,0,0,3,1,4.417382,0.555694,0,1,4
2890,1,1,0,3,1,4.411277,0.554962,0,1,4
2900,0,0,1,2,1,4.404703,0.554075,0,1,4
2910,1,3,0,5,1,4.396356,0.553108,0,1,4
2920,2,4,3,10,1,4.397280,0.552784,0,1,4
2930,1,2,0,4,1,4.399338,0.553008,0,1,4
2940,4,6,1,12,1,4.412965,0.554592,0,1,4
2950,1,3,0,5,1,4.413623,0.554428,0,1,4
2960,0,0,0,0,0,4.408113,0.553962,0,1,4
2970,0,0,0,0,0,4.408419,0.553896,0,1,4
2980,2,0,2,5,1,4.407625,0.553554,0,1,4
2990,0,0,0,0,0,4.400278,0.553040,0,1,4
3000,0,0,0,0,0,4.393055,0.552331,0,1,4
3010,1,0,0,2,1,4.386374,0.551572,0,1,4
3020,0,0,1,2,1,4.377983,0.550736,0,1,4
3030,0,0,0,1,1,4.374858,0.550559,0,1,4
3040,1,0,2,4,1,4.367492,0.549689,0,1,4
3050,0,0,0,1,1,4.366151,0.549394,0,1,4
3060,0,0,0,0,0,4.356421,0.548158,0,1,4
3070,3,0,3,7,1,4.362347,0.548667,0,1,4
3080,2,1,1,5,1,4.365826,0.549250,0,1,4
3090,0,0,0,1,1,4.358204,0.548325,0,1,4
3100,0,0,0,1,1,4.350678,0.547255,0,1,4
3110,0,0,0,0,0,4.341899,0.546228,0,1,4
3120,3,2,11,17,1,4.359177,0.548103,0,1,4
3130,0,0,0,1,1,4.366431,0.549204,0,1,4
3140,1,1,3,6,1,4.361742,0.548647,0,1,4
3150,2,0,3,6,1,4.360796,0.548802,0,1,4
3160,0,0,0,1,1,4.354914,0.548399,0,1,4
3170,0,1,0,2,1,4.348343,0.547515,0,1,4
3180,0,0,0,1,1,4.341257,0.546805,0,1,4
3190,0,0,2,3,1,4.338779,0.546308,0,1,4
3200,1,3,1,6,1,4.335574,0.545677,0,1,4
3210,1,0,0,2,1,4.328936,0.544873,0,1,4
3220,0,0,0,0,0,4.321602,0.544278,0,1,4
3230,1,3,1,6,1,4.339822,0.546241,0,1,4
3240,0,0,1,2,1,4.332245,0.545402,0,1,4
3250,2,2,0,5,1,4.324520,0.544355,0,1,4
3260,2,1,0,4,1,4.320963,0.544168,0,1,4
3270,0,0,0,1,1,4.313664,0.543425,0,1,4
3280,0,1,0,2,1,4.305554,0.542370,0,1,4
3290,0,0,0,1,1,4.311347,0.542962,0,1,4
3300,1,7,0,9,1,4.311241,0.542791,0,1,4
3310,1,1,0,3,1,4.304119,0.542089,0,1,4
3320,0,0,0,1,1,4.298467,0.541262,0,1,4
3330,1,1,1,4,1,4.292498,0.540437,0,1,4
3340,3,0,2,6,1,4.286139,0.539726,0,1,4
3350,0,0,0,0,0,4.280902,0.538954,0,1,4
3360,5,3,3,12,1,4.301359,0.541153,0,1,4
3370,0,0,0,0,0,4.295827,0.540547,0,1,4
3380,0,0,0,1,1,4.287450,0.539663,0,1,4
3390,0,0,0,1,1,4.284902,0.539432,0,1,4
3400,3,0,0,4,1,4.283886,0.539133,0,1,4
3410,1,0,0,2,1,4.282335,0.538827,0,1,4
3420,4,3,1,9,1,4.274567,0.537800,0,1,4
3430,0,2,2,5,1,4.304286,0.541449,0,1,4
3440,0,0,0,1,1,4.301033,0.541030,0,1,4
3450,1,2,1,5,1,4.298495,0.540602,0,1,4
3460,0,0,0,0,0,4.295257,0.540146,0,1,4
3470,4,4,3,12,1,4.294773,0.540194,0,1,4
3480,2,4,3,10,1,4.293230,0.540166,0,1,4
3490,0,0,0,1,1,4.287950,0.539588,0,1,4
3500,0,0,0,1,1,4.279409,0.538716,0,1,4
3510,1,1,1,4,1,4.273801,0.537961,0,1,4
3520,3,1,0,5,1,4.268563,0.537272,0,1,4
3530,4,4,2,11,1,4.279174,0.538175,0,1,4
3540,0,0,0,0,0,4.272646,0.537554,0,1,4
3550,0,0,1,2,1,4.266680,0.536699,0,1,4
3560,0,1,3,5,1,4.259629,0.535916,0,1,4
3570,1,1,0,3,1,4.255631,0.535498,0,1,4
3580,0,0,0,0,0,4.249803,0.535093,0,1,4
3590,0,0,1,2,1,4.242952,0.534426,0,1,4
3600,1,2,1,5,1,4.246537,0.534753,0,1,4
3610,3,1,0,5,1,4.241965,0.534260,0,1,4
3620,0,0,0,1,1,4.237952,0.533799,0,1,4
3630,0,0,0,0,0,4.232513,0.533436,0,1,4
3640,0,0,0,1,1,4.228366,0.532846,0,1,4
3650,0,0,1,2,1,4.221475,0.531947,0,1,4
3660,3,4,0,8,1,4.215091,0.531094,0,1,4
3670,0,0,1,2,1,4.211512,0.530723,0,1,4
3680,0,3,2,6,1,4.207171,0.530110,0,1,4
3690,0,0,0,1,1,4.203766,0.529615,0,1,4
3700,0,1,0,2,1,4.201697,0.529397,0,1,4
3710,0,0,0,0,0,4.194596,0.528725,0,1,4
3720,2,1,5,9,1,4.189287,0.527865,0,1,4
3730,1,1,0,3,1,4.191803,0.528135,0,1,4
3740,0,1,0,2,1,4.193600,0.528439,0,1,4
3750,0,0,0,0,0,4.186037,0.527740,0,1,4
3760,1,0,2,4,1,4.183272,0.527062,0,1,4
3770,1,1,0,3,1,4.175897,0.526192,0,1,4
3780,0,0,0,0,0,4.179082,0.526477,0,1,4
3790,1,0,0,2,1,4.171658,0.525740,0,1,4
3800,1,1,1,4,1,4.164170,0.524872,0,1,4
3810,4,3,3,11,1,4.159668,0.524189,0,1,4
3820,1,6,1,9,1,4.190055,0.527711,0,1,4
3830,0,1,1,3,1,4.195058,0.528279,0,1,4
3840,0,0,0,0,0,4.193712,0.528238,0,1,4
3850,2,1,0,4,1,4.187403,0.527605,0,1,4
3860,2,3,2,8,1,4.192669,0.528206,0,1,4
3870,0,0,0,1,1,4.189253,0.527834,0,1,4
3880,0,0,0,1,1,4.190123,0.527761,0,1,4
3890,0,0,0,0,0,4.183231,0.527139,0,1,4
3900,0,0,0,1,1,4.179873,0.526841,0,1,4
3910,4,4,4,13,1,4.182974,0.526830,0,1,4
3920,0,0,0,1,1,4.197228,0.528513,0,1,4
3930,2,0,0,3,1,4.190277,0.527594,0,1,4
3940,2,0,4,7,1,4.189381,0.527387,0,1,4
3950,0,0,0,1,1,4.186903,0.527032,0,1,4
3960,0,1,1,3,1,4.188421,0.527147,0,1,4
3970,0,0,2,3,1,4.182756,0.526692,0,1,4
3980,0,0,0,0,0,4.180192,0.526276,0,1,4
3990,3,1,2,7,1,4.175205,0.525506,0,1,4
4000,0,0,0,1,1,4.172785,0.525242,0,1,4
4010,0,0,0,0,0,4.170170,0.524953,0,1,4
4020,0,0,0,1,1,4.162599,0.524204,0,1,4
4030,0,0,0,0,0,4.156261,0.523527,0,1,4
4040,0,0,0,0,0,4.148375,0.522817,0,1,4
4050,1,0,1,3,1,4.141988,0.522034,0,1,4
4060,0,2,0,3,1,4.137604,0.521504,0,1,4
4070,1,0,0,2,1,4.133899,0.521010,0,1,4
4080,0,0,1,2,1,4.130958,0.520645,0,1,4
4090,3,1,3,8,1,4.129313,0.520395,0,1,4
4100,0,0,0,0,0,4.126702,0.519991,0,1,4
4110,0,0,0,0,0,4.119807,0.519272,0,1,4
4120,0,0,0,0,0,4.114141,0.518753,0,1,4
4130,0,0,0,1,1,4.109069,0.518071,0,1,4
4140,1,3,3,8,1,4.105426,0.517617,0,1,4
4150,9,7,3,20,1,4.142138,0.522123,0,1,4
4160,1,5,0,7,1,4.172538,0.525929,0,1,4
4170,0,0,0,0,0,4.172393,0.525868,0,1,4
4180,0,0,0,0,0,4.173965,0.525866,0,1,4
4190,0,0,0,0,0,4.175919,0.526150,0,1,4
4200,3,4,2,10,1,4.199118,0.528920,0,1,4
4210,3,1,0,5,1,4.200326,0.529141,0,1,4
4220,0,0,0,1,1,4.195170,0.528545,0,1,4
4230,3,6,3,13,1,4.190397,0.528170,0,1,4
4240,4,0,3,8,1,4.195307,0.528668,0,1,4
4250,2,4,3,10,1,4.194263,0.528589,0,1,4
4260,0,0,1,2,1,4.193634,0.528390,0,1,4
4270,0,0,0,0,0,4.192939,0.528309,0,1,4
4280,1,1,2,5,1,4.190803,0.527983,0,1,4
4290,1,3,0,5,1,4.189016,0.527717,0,1,4
4300,0,0,0,1,1,4.184006,0.527370,0,1,4
4310,0,0,0,1,1,4.179547,0.526798,0,1,4
4320,0,0,0,0,0,4.182211,0.527077,0,1,4
4330,1,0,0,2,1,4.175123,0.526342,0,1,4
4340,3,2,1,7,1,4.171751,0.525861,0,1,4
4350,0,0,0,0,0,4.167016,0.525711,0,1,4
4360,1,1,2,5,1,4.162982,0.525115,0,1,4
4370,0,0,0,0,0,4.159366,0.524799,0,1,4
4380,1,1,1,4,1,4.155452,0.524370,0,1,4
4390,2,3,3,9,1,4.155720,0.524332,0,1,4
4400,3,0,6,10,1,4.154504,0.524167,0,1,4
4410,0,0,0,1,1,4.148115,0.523530,0,1,4
4420,0,0,0,1,1,4.141565,0.522871,0,1,4
4430,0,2,0,3,1,4.139643,0.522453,0,1,4
4440,2,2,3,8,1,4.141063,0.522472,0,1,4
4450,2,2,2,7,1,4.148056,0.523210,0,1,4
4460,0,0,1,2,1,4.141742,0.522433,0,1,4
4470,6,2,3,12,1,4.142064,0.522536,0,1,4
4480,0,0,0,0,0,4.144503,0.522848,0,1,4
4490,0,1,0,2,1,4.152634,0.523833,0,1,4
4500,1,0,5,7,1,4.156428,0.524213,0,1,4
4510,2,2,4,9,1,4.181186,0.527119,0,1,4
4520,1,0,0,2,1,4.190879,0.528331,0,1,4
4530,1,0,0,2,1,4.188096,0.528014,0,1,4
4540,1,3,0,5,1,4.185821,0.527761,0,1,4
4550,0,0,2,3,1,4.184363,0.527348,0,1,4
4560,0,2,1,4,1,4.185683,0.527418,0,1,4
4570,0,0,0,0,0,4.190349,0.527953,0,1,4
4580,0,1,0,2,1,4.188630,0.527669,0,1,4
4590,0,0,0,0,0,4.184830,0.527224,0,1,4
4600,2,3,1,7,1,4.181674,0.526688,0,1,4
4610,1,2,3,7,1,4.181529,0.526690,0,1,4
4620,1,4,1,7,1,4.185114,0.526817,0,1,4
4630,1,2,1,5,1,4.181174,0.526241,0,1,4
4640,0,0,0,0,0,4.176569,0.525711,0,1,4
4650,0,0,0,1,1,4.171687,0.525145,0,1,4
4660,5,1,3,10,1,4.170631,0.525189,0,1,4
4670,0,1,0,2,1,4.177096,0.526009,0,1,4
4680,1,0,0,2,1,4.170498,0.525396,0,1,4
4690,0,2,1,4,1,4.165855,0.524915,0,1,4
4700,1,0,2,4,1,4.168694,0.525236,0,1,4
4710,0,0,0,1,1,4.162555,0.524551,0,1,4
4720,2,2,4,9,1,4.162704,0.524533,0,1,4
4730,0,0,0,0,0,4.162466,0.524620,0,1,4
4740,2,2,3,8,1,4.175433,0.526189,0,1,4
4750,0,1,1,3,1,4.172165,0.525894,0,1,4
4760,1,3,3,8,1,4.170427,0.525763,0,1,4
4770,0,0,4,5,1,4.170427,0.525642,0,1,4
4780,0,0,0,0,0,4.169013,0.525469,0,1,4
4790,0,0,0,0,0,4.164457,0.524955,0,1,4
4800,0,0,0,0,0,4.163971,0.524719,0,1,4
4810,0,0,0,1,1,4.158981,0.524205,0,1,4
4820,2,1,0,4,1,4.155458,0.523738,0,1,4
4830,0,0,0,0,0,4.151040,0.523145,0,1,4
4840,2,1,3,7,1,4.147747,0.522707,0,1,4
4850,1,0,2,4,1,4.144609,0.522276,0,1,4
4860,0,0,0,1,1,4.145677,0.522415,0,1,4
4870,1,2,0,4,1,4.143847,0.522216,0,1,4
4880,0,0,0,0,0,4.143830,0.522300,0,1,4
4890,0,0,2,3,1,4.147125,0.522652,0,1,4
4900,0,0,0,0,0,4.144111,0.522318,0,1,4
4910,2,4,3,10,1,4.140927,0.521934,0,1,4
4920,0,0,1,2,1,4.137263,0.521530,0,1,4
4930,0,0,0,1,1,4.135658,0.521186,0,1,4
4940,1,1,0,3,1,4.130905,0.520605,0,1,4
4950,2,3,1,7,1,4.127910,0.520378,0,1,4
4960,0,0,0,1,1,4.124224,0.519917,0,1,4
4970,3,0,2,6,1,4.125536,0.519968,0,1,4
4980,0,0,0,0,0,4.125966,0.520185,0,1,4
4990,1,3,3,8,1,4.127608,0.520304,0,1,4
5000,0,0,0,0,0,4.123663,0.519942,0,1,4
5010,0,1,0,2,1,4.119732,0.519490,0,1,4
5020,5,6,5,17,1,4.126815,0.520309,0,1,4
5030,0,0,0,0,0,4.128955,0.520465,0,1,4
5040,0,0,2,3,1,4.123362,0.519856,0,1,4
5050,1,2,3,7,1,4.129136,0.520380,0,1,4
5060,0,1,3,5,1,4.135204,0.521175,0,1,4
5070,2,2,0,5,1,4.133946,0.520827,0,1,4
5080,0,0,0,0,0,4.130929,0.520503,0,1,4
5090,0,0,0,1,1,4.127928,0.520039,0,1,4
5100,0,1,1,3,1,4.124836,0.519924,0,1,4
5110,0,2,0,3,1,4.122180,0.519645,0,1,4
5120,0,0,0,1,1,4.119642,0.519240,0,1,4
5130,6,5,5,17,1,4.130253,0.520339,0,1,4
5140,0,0,2,3,1,4.135723,0.521071,0,1,4
5150,1,0,1,3,1,4.132098,0.520759,0,1,4
5160,0,0,0,1,1,4.132452,0.520834,0,1,4
5170,0,1,1,3,1,4.127013,0.520292,0,1,4
5180,2,2,1,6,1,4.128510,0.520194,0,1,4
5190,0,0,0,1,1,4.123801,0.519719,0,1,4
5200,0,0,0,0,0,4.117773,0.519001,0,1,4
5210,1,1,0,3,1,4.112884,0.518464,0,1,4
5220,10,4,3,18,1,4.137057,0.521302,0,1,4
5230,0,0,0,1,1,4.143117,0.522070,0,1,4
5240,2,1,2,6,1,4.138626,0.521421,0,1,4
5250,2,1,1,5,1,4.137110,0.521097,0,1,4
5260,2,0,0,3,1,4.135724,0.520890,0,1,4
5270,0,1,2,4,1,4.130845,0.520330,0,1,4
5280,0,0,0,1,1,4.126786,0.519798,0,1,4
5290,0,2,1,4,1,4.123063,0.519235,0,1,4
5300,2,1,1,5,1,4.119397,0.518754,0,1,4
5310,0,0,1,2,1,4.114846,0.518284,0,1,4
5320,0,0,0,1,1,4.112378,0.517966,0,1,4
5330,1,1,1,4,1,4.107326,0.517396,0,1,4
5340,3,0,2,6,1,4.103553,0.516828,0,1,4
5350,5,1,5,12,1,4.104941,0.516946,0,1,4
5360,2,0,0,3,1,4.118427,0.518759,0,1,4
5370,0,1,0,2,1,4.113946,0.518248,0,1,4
5380,0,0,1,2,1,4.108513,0.517690,0,1,4
5390,6,6,2,15,1,4.106419,0.517309,0,1,4
5400,0,2,0,3,1,4.108987,0.517734,0,1,4
5410,3,2,1,7,1,4.107488,0.517513,0,1,4
5420,0,0,0,1,1,4.103798,0.517197,0,1,4
5430,2,2,0,5,1,4.099881,0.516780,0,1,4
5440,0,1,2,4,1,4.097860,0.516613,0,1,4
5450,0,1,0,2,1,4.094560,0.516105,0,1,4
5460,0,0,2,3,1,4.089084,0.515490,0,1,4
5470,0,0,0,0,0,4.083710,0.514971,0,1,4
5480,1,1,0,3,1,4.078493,0.514376,0,1,4
5490,0,0,0,0,0,4.075846,0.513998,0,1,4
5500,0,0,0,0,0,4.074792,0.513822,0,1,4
5510,4,2,2,9,1,4.075288,0.513688,0,1,4
5520,0,0,0,0,0,4.083586,0.514667,0,1,4
5530,1,1,1,4,1,4.082722,0.514633,0,1,4
5540,0,0,0,1,1,4.084302,0.514848,0,1,4
5550,1,2,1,5,1,4.084361,0.514847,0,1,4
5560,1,1,0,3,1,4.078967,0.514276,0,1,4
5570,4,1,2,8,1,4.079364,0.514213,0,1,4
5580,2,3,1,7,1,4.083464,0.514653,0,1,4
5590,0,0,0,0,0,4.079219,0.514180,0,1,4
5600,0,0,0,0,0,4.074941,0.513714,0,1,4
5610,0,1,4,6,1,4.073150,0.513630,0,1,4
5620,3,2,2,8,1,4.071950,0.513517,0,1,4
5630,1,0,0,2,1,4.068223,0.512993,0,1,4
5640,2,0,0,3,1,4.064715,0.512485,0,1,4
5650,0,2,0,3,1,4.061386,0.511977,0,1,4
5660,0,0,0,0,0,4.058386,0.511740,0,1,4
5670,0,0,0,1,1,4.055138,0.511311,0,1,4
5680,0,0,0,0,0,4.052540,0.511100,0,1,4
5690,0,0,0,1,1,4.048804,0.510700,0,1,4
5700,6,0,4,11,1,4.045974,0.510324,0,1,4
5710,0,0,3,4,1,4.045191,0.510251,0,1,4
5720,0,1,0,2,1,4.043864,0.510143,0,1,4
5730,0,0,0,0,0,4.043568,0.510086,0,1,4
5740,3,1,0,5,1,4.039515,0.509600,0,1,4
5750,3,4,2,10,1,4.037363,0.509332,0,1,4
5760,0,0,0,1,1,4.033128,0.508979,0,1,4
5770,1,1,0,3,1,4.029563,0.508554,0,1,4
5780,1,0,0,2,1,4.027910,0.508248,0,1,4
5790,0,0,0,1,1,4.027854,0.508299,0,1,4
5800,1,0,3,5,1,4.025652,0.507958,0,1,4
5810,0,0,0,1,1,4.021221,0.507589,0,1,4
5820,1,3,4,9,1,4.028214,0.508242,0,1,4
5830,0,0,1,2,1,4.031789,0.508817,0,1,4
5840,0,0,0,0,0,4.028242,0.508515,0,1,4
5850,1,0,1,3,1,4.026301,0.508393,0,1,4
5860,0,0,1,2,1,4.023316,0.507942,0,1,4
5870,1,1,0,3,1,4.021864,0.507597,0,1,4
5880,2,1,1,5,1,4.021016,0.507558,0,1,4
5890,1,0,1,3,1,4.022480,0.507713,0,1,4
5900,0,1,2,4,1,4.019282,0.507355,0,1,4
5910,0,1,0,2,1,4.015331,0.506967,0,1,4
5920,0,0,0,0,0,4.011334,0.506540,0,1,4
5930,1,2,1,5,1,4.013102,0.506690,0,1,4
5940,1,0,0,2,1,4.012393,0.506505,0,1,4
5950,0,0,0,1,1,4.009510,0.506058,0,1,4
5960,3,4,1,9,1,4.007055,0.505686,0,1,4
5970,1,1,2,5,1,4.013505,0.506364,0,1,4
5980,2,3,1,7,1,4.015854,0.506556,0,1,4
5990,4,4,4,13,1,4.014547,0.506533,0,1,4
6000,0,0,0,1,1,4.015683,0.506785,0,1,4
6010,1,0,0,2,1,4.011632,0.506224,0,1,4
6020,0,0,2,3,1,4.009672,0.505894,0,1,4
6030,1,2,0,4,1,4.018732,0.506881,0,1,4
6040,2,0,1,4,1,4.016362,0.506617,0,1,4
6050,0,0,0,0,0,4.014618,0.506326,0,1,4
6060,1,1,2,5,1,4.011448,0.506034,0,1,4
6070,2,2,3,8,1,4.009741,0.505843,0,1,4
6080,5,3,1,10,1,4.017960,0.506767,0,1,4
6090,0,1,1,3,1,4.017441,0.506662,0,1,4
6100,2,1,0,4,1,4.015725,0.506355,0,1,4
6110,1,3,1,6,1,4.024250,0.507307,0,1,4
6120,4,2,2,9,1,4.021837,0.506933,0,1,4
6130,1,2,4,8,1,4.021025,0.506814,0,1,4
6140,3,0,2,6,1,4.017406,0.506486,0,1,4
6150,0,0,0,1,1,4.021348,0.506934,0,1,4
6160,0,0,0,0,0,4.020979,0.506818,0,1,4
6170,2,3,2,8,1,4.020989,0.506658,0,1,4
6180,0,3,0,4,1,4.018800,0.506355,0,1,4
6190,0,2,0,3,1,4.016291,0.506022,0,1,4
6200,1,1,0,3,1,4.028162,0.507469,0,1,4
6210,6,4,7,18,1,4.037124,0.508417,0,1,4
6220,0,0,0,1,1,4.043241,0.509377,0,1,4
6230,1,0,0,2,1,4.042085,0.509235,0,1,4
6240,1,1,1,4,1,4.039645,0.508921,0,1,4
6250,0,0,0,0,0,4.038356,0.508783,0,1,4
6260,3,1,3,8,1,4.037237,0.508544,0,1,4
6270,1,4,1,7,1,4.037259,0.508489,0,1,4
6280,3,1,0,5,1,4.036900,0.508387,0,1,4
6290,1,0,0,2,1,4.038772,0.508576,0,1,4
6300,0,3,0,4,1,4.035397,0.508165,0,1,4
6310,2,3,1,7,1,4.049539,0.509798,0,1,4
6320,1,0,3,5,1,4.051304,0.509882,0,1,4
6330,1,2,2,6,1,4.049093,0.509710,0,1,4
6340,0,0,0,0,0,4.051509,0.509978,0,1,4
6350,0,0,0,1,1,4.048471,0.509438,0,1,4
6360,2,1,1,5,1,4.048263,0.509336,0,1,4
6370,3,3,1,8,1,4.045856,0.509099,0,1,4
6380,3,4,4,12,1,4.050082,0.509555,0,1,4
6390,0,0,0,1,1,4.054021,0.510075,0,1,4
6400,4,1,4,10,1,4.058006,0.510421,0,1,4
6410,1,2,0,4,1,4.054571,0.510074,0,1,4
6420,0,0,0,1,1,4.050077,0.509593,0,1,4
6430,2,2,3,8,1,4.047209,0.509178,0,1,4
6440,0,3,1,5,1,4.051257,0.509662,0,1,4
6450,0,2,2,5,1,4.049370,0.509360,0,1,4
6460,0,0,0,1,1,4.046328,0.508952,0,1,4
6470,7,1,3,12,1,4.051945,0.509584,0,1,4
6480,1,1,0,3,1,4.058515,0.510396,0,1,4
6490,4,1,3,9,1,4.064527,0.510959,0,1,4
6500,0,0,0,0,0,4.064599,0.510964,0,1,4
6510,0,0,0,0,0,4.061314,0.510684,0,1,4
6520,1,1,1,4,1,4.059196,0.510492,0,1,4
6530,0,1,1,3,1,4.061793,0.510785,0,1,4
6540,5,8,4,18,1,4.073000,0.511884,0,1,4
6550,1,0,0,2,1,4.074831,0.512247,0,1,4
6560,0,0,0,0,0,4.070561,0.511834,0,1,4
6570,3,5,4,13,1,4.084415,0.513335,0,1,4
6580,4,1,0,6,1,4.085202,0.513391,0,1,4
6590,1,2,1,5,1,4.085405,0.513344,0,1,4
6600,0,3,0,4,1,4.082037,0.512916,0,1,4
6610,1,2,2,6,1,4.082090,0.512870,0,1,4
6620,0,0,0,0,0,4.079071,0.512574,0,1,4
6630,2,2,1,6,1,4.078730,0.512469,0,1,4
6640,0,0,0,1,1,4.077039,0.512204,0,1,4
6650,1,1,0,3,1,4.074027,0.511822,0,1,4
6660,1,0,0,2,1,4.070262,0.511413,0,1,4
6670,0,1,1,3,1,4.069576,0.511226,0,1,4
6680,0,0,0,0,0,4.066542,0.510851,0,1,4
6690,0,4,2,7,1,4.070662,0.511278,0,1,4
6700,0,0,0,0,0,4.068274,0.511051,0,1,4
6710,1,3,2,7,1,4.066925,0.510936,0,1,4
6720,0,0,1,2,1,4.066107,0.510886,0,1,4
6730,0,0,0,1,1,4.064078,0.510637,0,1,4
6740,0,0,0,1,1,4.062328,0.510404,0,1,4
6750,1,0,4,6,1,4.058996,0.509943,0,1,4
6760,1,2,2,6,1,4.059512,0.510051,0,1,4
6770,3,1,4,9,1,4.059726,0.510084,0,1,4
6780,6,1,3,11,1,4.060495,0.510111,0,1,4
6790,1,3,0,5,1,4.066606,0.510789,0,1,4
6800,0,0,0,1,1,4.063832,0.510485,0,1,4
6810,0,0,0,1,1,4.062327,0.510358,0,1,4
6820,0,0,0,0,0,4.061966,0.510393,0,1,4
6830,0,0,0,1,1,4.060902,0.510096,0,1,4
6840,3,2,0,6,1,4.062561,0.510235,0,1,4
6850,0,0,0,0,0,4.060323,0.509960,0,1,4
6860,0,0,0,1,1,4.055501,0.509519,0,1,4
6870,0,0,0,1,1,4.054546,0.509404,0,1,4
6880,0,1,0,2,1,4.049901,0.508947,0,1,4
6890,0,0,0,0,0,4.047411,0.508574,0,1,4
6900,1,1,1,4,1,4.045229,0.508232,0,1,4
6910,2,1,2,6,1,4.042954,0.507924,0,1,4
6920,1,1,2,5,1,4.043196,0.507895,0,1,4
6930,4,4,2,11,1,4.042213,0.507786,0,1,4
6940,0,0,1,2,1,4.040841,0.507610,0,1,4
6950,0,0,0,0,0,4.037114,0.507138,0,1,4
6960,2,0,1,4,1,4.041507,0.507650,0,1,4
6970,0,0,0,0,0,4.038389,0.507355,0,1,4
6980,6,3,3,13,1,4.037172,0.507126,0,1,4
6990,5,5,5,16,1,4.062283,0.510185,0,1,4
7000,3,1,0,5,1,4.072555,0.511398,0,1,4
7010,2,2,3,8,1,4.071222,0.511200,0,1,4
7020,2,1,3,7,1,4.075179,0.511602,0,1,4
7030,0,1,0,2,1,4.072206,0.511262,0,1,4
7040,3,4,5,13,1,4.074317,0.511378,0,1,4
7050,0,0,0,1,1,4.076266,0.511574,0,1,4
7060,0,1,1,3,1,4.074679,0.511345,0,1,4
7070,0,0,0,0,0,4.072298,0.511007,0,1,4
7080,1,3,1,6,1,4.069203,0.510652,0,1,4
7090,0,0,0,1,1,4.068382,0.510564,0,1,4
7100,0,0,0,0,0,4.066784,0.510406,0,1,4
7110,1,0,1,3,1,4.062216,0.509920,0,1,4
7120,3,1,1,6,1,4.059610,0.509545,0,1,4
7130,0,0,0,0,0,4.057595,0.509307,0,1,4
7140,6,8,3,18,1,4.065702,0.510106,0,1,4
7150,0,0,0,0,0,4.074780,0.511296,0,1,4
7160,0,0,0,0,0,4.070887,0.510903,0,1,4
7170,1,1,3,6,1,4.071299,0.510899,0,1,4
7180,0,0,1,2,1,4.071115,0.510766,0,1,4
7190,3,2,1,7,1,4.069990,0.510515,0,1,4
7200,1,1,2,5,1,4.071358,0.510622,0,1,4
7210,0,0,0,1,1,4.067606,0.510202,0,1,4
7220,0,0,0,1,1,4.064513,0.509918,0,1,4
7230,1,2,1,5,1,4.064559,0.509877,0,1,4
7240,0,1,0,2,1,4.062580,0.509591,0,1,4
7250,0,2,1,4,1,4.060392,0.509420,0,1,4
7260,1,1,3,6,1,4.059092,0.509298,0,1,4
7270,0,3,2,6,1,4.055838,0.508975,0,1,4
7280,0,0,1,2,1,4.052434,0.508607,0,1,4
7290,0,0,1,2,1,4.049866,0.508220,0,1,4
7300,0,0,0,0,0,4.049295,0.508189,0,1,4
7310,1,0,2,4,1,4.059226,0.509424,0,1,4
7320,2,2,0,5,1,4.056993,0.509150,0,1,4
7330,3,4,1,9,1,4.059478,0.509424,0,1,4
7340,1,1,1,4,1,4.061134,0.509551,0,1,4
7350,2,0,2,5,1,4.059246,0.509372,0,1,4
7360,4,0,2,7,1,4.060389,0.509452,0,1,4
7370,0,0,0,0,0,4.057189,0.509152,0,1,4
7380,5,3,3,12,1,4.055643,0.508895,0,1,4
7390,1,1,2,5,1,4.055151,0.508796,0,1,4
7400,5,3,1,10,1,4.051567,0.508361,0,1,4
7410,0,0,0,1,1,4.059002,0.509257,0,1,4
7420,0,3,0,4,1,4.062619,0.509665,0,1,4
7430,0,1,0,2,1,4.067214,0.510256,0,1,4
7440,0,0,0,1,1,4.064058,0.509926,0,1,4
7450,4,0,0,5,1,4.064286,0.509849,0,1,4
7460,2,0,1,4,1,4.065323,0.509857,0,1,4
7470,2,1,0,4,1,4.062203,0.509455,0,1,4
7480,0,0,0,0,0,4.063682,0.509672,0,1,4
7490,1,2,6,10,1,4.062075,0.509375,0,1,4
7500,3,1,2,7,1,4.067719,0.510063,0,1,4
7510,0,0,0,1,1,4.064679,0.509722,0,1,4
7520,0,0,0,1,1,4.061735,0.509410,0,1,4
7530,0,0,0,1,1,4.058506,0.509096,0,1,4
7540,1,0,0,2,1,4.054817,0.508614,0,1,4
7550,2,2,1,6,1,4.054552,0.508494,0,1,4
7560,1,0,0,2,1,4.053746,0.508290,0,1,4
7570,0,0,0,1,1,4.051465,0.508077,0,1,4
7580,1,0,1,3,1,4.049001,0.507834,0,1,4
7590,0,0,0,0,0,4.045940,0.507489,0,1,4
7600,1,1,3,6,1,4.048306,0.507658,0,1,4
7610,4,5,5,15,1,4.046433,0.507396,0,1,4
7620,4,1,2,8,1,4.051735,0.508017,0,1,4
7630,0,1,0,2,1,4.049242,0.507719,0,1,4
7640,1,1,2,5,1,4.045353,0.507296,0,1,4
7650,0,0,0,1,1,4.044955,0.507227,0,1,4
7660,2,2,1,6,1,4.041871,0.506830,0,1,4
7670,0,0,0,1,1,4.038801,0.506526,0,1,4
7680,1,6,4,12,1,4.037947,0.506334,0,1,4
7690,0,1,1,3,1,4.043046,0.506963,0,1,4
7700,1,3,2,7,1,4.044962,0.507160,0,1,4
7710,0,1,0,2,1,4.043574,0.507066,0,1,4
7720,9,4,2,16,1,4.047680,0.507406,0,1,4
7730,0,0,0,0,0,4.050781,0.507834,0,1,4
7740,0,0,0,1,1,4.047613,0.507501,0,1,4
7750,0,0,0,0,0,4.043381,0.507140,0,1,4
7760,1,1,0,3,1,4.045304,0.507240,0,1,4
7770,0,0,0,0,0,4.041511,0.506828,0,1,4
7780,1,1,2,5,1,4.038705,0.506506,0,1,4
7790,0,0,0,0,0,4.036259,0.506140,0,1,4
7800,0,0,0,1,1,4.035308,0.506003,0,1,4
7810,2,0,2,5,1,4.037304,0.506178,0,1,4
7820,0,0,0,0,0,4.038412,0.506201,0,1,4
7830,1,2,1,5,1,4.046462,0.507022,0,1,4
7840,2,1,1,5,1,4.048510,0.507228,0,1,4
7850,0,0,1,2,1,4.045132,0.506844,0,1,4
7860,0,0,1,2,1,4.042958,0.506578,0,1,4
7870,0,0,0,1,1,4.039681,0.506247,0,1,4
7880,1,0,1,3,1,4.038887,0.506178,0,1,4
7890,0,0,0,0,0,4.034789,0.505855,0,1,4
7900,2,0,1,4,1,4.034639,0.505722,0,1,4
7910,0,0,0,0,0,4.032757,0.505509,0,1,4
7920,0,0,0,1,1,4.030305,0.505223,0,1,4
7930,0,0,0,1,1,4.026297,0.504775,0,1,4
7940,1,1,1,4,1,4.024786,0.504624,0,1,4
7950,0,1,1,3,1,4.023424,0.504355,0,1,4
7960,2,1,3,7,1,4.026855,0.504649,0,1,4
7970,0,0,1,2,1,4.027934,0.504711,0,1,4
7980,3,2,1,7,1,4.025161,0.504449,0,1,4
7990,3,4,4,12,1,4.032692,0.505288,0,1,4
8000,0,0,0,0,0,4.031886,0.505241,0,1,4
8010,1,3,1,6,1,4.028592,0.504748,0,1,4
8020,0,0,0,0,0,4.028959,0.504792,0,1,4
8030,3,2,1,7,1,4.025978,0.504512,0,1,4
8040,1,0,0,2,1,4.024376,0.504286,0,1,4
8050,1,3,1,6,1,4.021615,0.504017,0,1,4
8060,0,0,0,0,0,4.019421,0.503811,0,1,4
8070,1,1,1,4,1,4.019053,0.503763,0,1,4
8080,0,0,0,0,0,4.016196,0.503473,0,1,4
8090,0,0,1,2,1,4.014108,0.503186,0,1,4
8100,0,0,0,1,1,4.014823,0.503298,0,1,4
8110,2,0,1,4,1,4.014961,0.503235,0,1,4
8120,0,0,0,0,0,4.013191,0.503027,0,1,4
8130,1,5,1,8,1,4.014013,0.503152,0,1,4
8140,3,1,1,6,1,4.012202,0.503001,0,1,4
8150,0,0,0,1,1,4.010766,0.502772,0,1,4
8160,3,2,0,6,1,4.008821,0.502426,0,1,4
8170,4,4,2,11,1,4.008016,0.502463,0,1,4
8180,1,3,2,7,1,4.006210,0.502281,0,1,4
8190,3,0,0,4,1,4.011559,0.502857,0,1,4
8200,0,2,1,4,1,4.009746,0.502559,0,1,4
8210,0,3,0,4,1,4.006966,0.502217,0,1,4
8220,0,0,0,1,1,4.007811,0.502214,0,1,4
8230,4,1,4,10,1,4.016383,0.503087,0,1,4
8240,0,0,1,2,1,4.015635,0.503084,0,1,4
8250,4,4,7,16,1,4.028996,0.504580,0,1,4
8260,0,0,0,0,0,4.039574,0.505881,0,1,4
8270,1,1,0,3,1,4.039456,0.505850,0,1,4
8280,0,0,0,0,0,4.036446,0.505548,0,1,4
8290,0,0,0,1,1,4.033687,0.505155,0,1,4
8300,1,3,1,6,1,4.031326,0.504866,0,1,4
8310,0,0,0,0,0,4.028980,0.504670,0,1,4
8320,0,1,1,3,1,4.027238,0.504443,0,1,4
8330,2,1,4,8,1,4.024661,0.504134,0,1,4
8340,0,0,0,0,0,4.024203,0.504151,0,1,4
8350,4,0,2,7,1,4.022953,0.504008,0,1,4
8360,9,6,3,19,1,4.033185,0.505191,0,1,4
8370,1,0,0,2,1,4.035339,0.505459,0,1,4
8380,2,3,0,6,1,4.032962,0.505205,0,1,4
8390,1,4,1,7,1,4.031644,0.505047,0,1,4
8400,0,0,0,1,1,4.032354,0.505006,0,1,4
8410,0,2,1,4,1,4.029525,0.504621,0,1,4
8420,5,3,5,14,1,4.027888,0.504415,0,1,4
8430,0,0,0,0,0,4.029032,0.504684,0,1,4
8440,0,0,0,1,1,4.030566,0.504875,0,1,4
8450,1,0,4,6,1,4.035559,0.505409,0,1,4
8460,2,1,1,5,1,4.033703,0.505236,0,1,4
8470,0,1,2,4,1,4.031136,0.504950,0,1,4
8480,0,0,0,0,0,4.027948,0.504669,0,1,4
8490,4,0,0,5,1,4.035036,0.505466,0,1,4
8500,1,0,0,2,1,4.032820,0.505239,0,1,4
8510,0,0,0,0,0,4.029770,0.504953,0,1,4
8520,5,4,1,11,1,4.029806,0.504792,0,1,4
8530,0,2,1,4,1,4.035763,0.505485,0,1,4
8540,3,1,0,5,1,4.035436,0.505421,0,1,4
8550,0,5,2,8,1,4.033028,0.505200,0,1,4
8560,2,2,2,7,1,4.036808,0.505657,0,1,4
8570,0,1,1,3,1,4.036174,0.505613,0,1,4
8580,2,0,2,5,1,4.037071,0.505636,0,1,4
8590,4,4,4,13,1,4.041238,0.506142,0,1,4
8600,0,0,1,2,1,4.044497,0.506445,0,1,4
8610,2,2,1,6,1,4.042390,0.506217,0,1,4
8620,1,1,0,3,1,4.041582,0.506086,0,1,4
8630,1,0,0,2,1,4.040114,0.505930,0,1,4
8640,1,3,3,8,1,4.038821,0.505753,0,1,4
8650,3,2,1,7,1,4.039761,0.505884,0,1,4
8660,0,0,0,1,1,4.038156,0.505697,0,1,4
8670,4,2,2,9,1,4.036221,0.505490,0,1,4
8680,5,4,1,11,1,4.041886,0.506081,0,1,4
8690,0,2,0,3,1,4.040712,0.505868,0,1,4
8700,0,1,2,4,1,4.039753,0.505768,0,1,4
8710,0,0,0,0,0,4.038794,0.505698,0,1,4
8720,1,1,0,3,1,4.035801,0.505352,0,1,4
8730,1,0,0,2,1,4.032913,0.505047,0,1,4
8740,2,0,1,4,1,4.030128,0.504762,0,1,4
8750,0,0,0,0,0,4.033201,0.505103,0,1,4
8760,0,0,0,0,0,4.034119,0.505245,0,1,4
8770,0,0,0,1,1,4.031889,0.504914,0,1,4
8780,0,0,1,2,1,4.029093,0.504614,0,1,4
8790,1,0,1,3,1,4.026515,0.504326,0,1,4
8800,0,1,2,4,1,4.023457,0.503999,0,1,4
8810,0,0,0,0,0,4.021216,0.503703,0,1,4
8820,3,2,5,11,1,4.026832,0.504391,0,1,4
8830,0,0,0,1,1,4.028129,0.504537,0,1,4
8840,0,0,0,0,0,4.026317,0.504259,0,1,4
8850,3,1,3,8,1,4.027785,0.504385,0,1,4
8860,0,1,1,3,1,4.025968,0.504178,0,1,4
8870,5,2,5,13,1,4.027868,0.504429,0,1,4
8880,1,2,1,5,1,4.026579,0.504373,0,1,4
8890,1,0,0,2,1,4.024332,0.504119,0,1,4
8900,4,5,2,12,1,4.024748,0.504120,0,1,4
8910,0,0,0,0,0,4.024143,0.504121,0,1,4
8920,0,0,0,1,1,4.024531,0.504112,0,1,4
8930,0,0,0,0,0,4.023017,0.503865,0,1,4
8940,1,0,0,2,1,4.021923,0.503670,0,1,4
8950,5,4,11,21,1,4.028051,0.504380,0,1,4
8960,4,7,1,13,1,4.040431,0.505858,0,1,4
8970,2,3,1,7,1,4.045313,0.506462,0,1,4
8980,0,1,1,3,1,4.044386,0.506401,0,1,4
8990,0,0,0,0,0,4.049363,0.507045,0,1,4
9000,0,0,0,0,0,4.047879,0.506900,0,1,4
9010,0,1,2,4,1,4.045590,0.506683,0,1,4
9020,1,0,2,4,1,4.046492,0.506760,0,1,4
9030,0,0,1,2,1,4.043317,0.506501,0,1,4
9040,0,0,0,0,0,4.042480,0.506395,0,1,4
9050,4,9,6,20,1,4.052777,0.507544,0,1,4
9060,0,0,0,0,0,4.056642,0.508083,0,1,4
9070,0,0,0,1,1,4.056209,0.508027,0,1,4
9080,3,0,1,5,1,4.056996,0.508139,0,1,4
9090,2,1,0,4,1,4.058671,0.508298,0,1,4
9100,3,5,1,10,1,4.057208,0.508114,0,1,4
9110,0,0,0,0,0,4.055947,0.508053,0,1,4
9120,2,0,0,3,1,4.052556,0.507676,0,1,4
9130,0,0,1,2,1,4.049711,0.507290,0,1,4
9140,0,0,0,0,0,4.048880,0.507262,0,1,4
9150,5,4,3,13,1,4.047478,0.507112,0,1,4
9160,0,0,0,0,0,4.053446,0.507901,0,1,4
9170,0,0,0,0,0,4.050641,0.507562,0,1,4
9180,0,0,0,1,1,4.052175,0.507697,0,1,4
9190,2,2,2,7,1,4.051793,0.507690,0,1,4
9200,0,2,1,4,1,4.051864,0.507663,0,1,4
9210,0,2,1,4,1,4.050796,0.507596,0,1,4
9220,2,1,2,6,1,4.056099,0.508149,0,1,4
9230,0,3,1,5,1,4.055710,0.508065,0,1,4
9240,0,0,0,0,0,4.053247,0.507782,0,1,4
9250,0,2,0,3,1,4.051838,0.507632,0,1,4
9260,0,0,0,0,0,4.048683,0.507291,0,1,4
9270,0,1,1,3,1,4.048100,0.507216,0,1,4
9280,2,1,0,4,1,4.045604,0.506978,0,1,4
9290,1,2,1,5,1,4.043832,0.506802,0,1,4
9300,1,2,0,4,1,4.042970,0.506720,0,1,4
9310,0,0,0,0,0,4.040727,0.506519,0,1,4
9320,1,0,0,2,1,4.039162,0.506308,0,1,4
9330,0,0,0,1,1,4.036728,0.506042,0,1,4
9340,2,3,2,8,1,4.036107,0.505922,0,1,4
9350,0,0,0,1,1,4.034358,0.505809,0,1,4
9360,1,0,0,2,1,4.033147,0.505670,0,1,4
9370,1,4,2,8,1,4.033408,0.505674,0,1,4
9380,0,0,0,1,1,4.037369,0.506257,0,1,4
9390,3,0,3,7,1,4.035219,0.506012,0,1,4
9400,1,0,0,2,1,4.039946,0.506570,0,1,4
9410,3,2,3,9,1,4.037034,0.506324,0,1,4
9420,0,0,2,3,1,4.040367,0.506666,0,1,4
9430,0,0,0,1,1,4.037557,0.506359,0,1,4
9440,1,0,0,2,1,4.036121,0.506258,0,1,4
9450,1,0,0,2,1,4.034193,0.505988,0,1,4
9460,0,0,0,1,1,4.031320,0.505719,0,1,4
9470,0,0,0,0,0,4.028115,0.505429,0,1,4
9480,0,0,0,0,0,4.029017,0.505520,0,1,4
9490,1,1,2,5,1,4.026955,0.505206,0,1,4
9500,1,0,0,2,1,4.026816,0.505147,0,1,4
9510,0,0,0,1,1,4.024136,0.504895,0,1,4
9520,0,0,0,1,1,4.022781,0.504716,0,1,4
9530,1,0,1,3,1,4.020423,0.504385,0,1,4
9540,0,1,0,2,1,4.019547,0.504300,0,1,4
9550,0,0,0,0,0,4.016741,0.504059,0,1,4
9560,2,0,0,3,1,4.014576,0.503765,0,1,4
9570,4,8,5,18,1,4.014646,0.503726,0,1,4
9580,9,6,4,20,1,4.031836,0.505847,0,1,4
9590,1,1,1,4,1,4.031600,0.505809,0,1,4
9600,0,0,0,1,1,4.029839,0.505626,0,1,4
9610,1,3,3,8,1,4.028464,0.505412,0,1,4
9620,3,1,2,7,1,4.026811,0.505295,0,1,4
9630,1,2,3,7,1,4.025347,0.505129,0,1,4
9640,0,0,0,0,0,4.023775,0.504936,0,1,4
9650,5,4,3,13,1,4.025281,0.505005,0,1,4
9660,0,0,0,0,0,4.026275,0.505141,0,1,4
9670,2,0,3,6,1,4.023843,0.504952,0,1,4
9680,0,0,0,1,1,4.022388,0.504754,0,1,4
9690,0,0,0,0,0,4.020375,0.504512,0,1,4
9700,3,3,1,8,1,4.022238,0.504672,0,1,4
9710,0,0,0,0,0,4.024862,0.505013,0,1,4
9720,5,1,2,9,1,4.022587,0.504732,0,1,4
9730,0,0,2,3,1,4.022505,0.504674,0,1,4
9740,0,0,0,1,1,4.020072,0.504419,0,1,4
9750,0,1,0,2,1,4.020741,0.504533,0,1,4
9760,0,0,0,1,1,4.018839,0.504279,0,1,4
9770,0,0,0,1,1,4.017116,0.504029,0,1,4
9780,0,0,0,0,0,4.014545,0.503698,0,1,4
9790,0,0,1,2,1,4.013243,0.503565,0,1,4
9800,2,0,1,4,1,4.012634,0.503474,0,1,4
9810,0,4,2,7,1,4.012428,0.503465,0,1,4
9820,0,1,1,3,1,4.011187,0.503308,0,1,4
9830,5,2,2,10,1,4.012359,0.503401,0,1,4
9840,1,1,0,3,1,4.017426,0.503964,0,1,4
9850,2,1,1,5,1,4.016242,0.503827,0,1,4
9860,0,1,0,2,1,4.014497,0.503670,0,1,4
9870,0,1,3,5,1,4.015516,0.503783,0,1,4
9880,0,2,1,4,1,4.015809,0.503863,0,1,4
9890,5,5,2,13,1,4.025010,0.504836,0,1,4
9900,6,2,6,15,1,4.026695,0.505027,0,1,4
9910,1,0,0,2,1,4.026869,0.505053,0,1,4
9920,0,0,0,0,0,4.025397,0.504848,0,1,4
9930,0,0,0,1,1,4.022358,0.504529,0,1,4
9940,0,3,0,4,1,4.022919,0.504591,0,1,4
9950,3,5,4,13,1,4.022786,0.504426,0,1,4
9960,1,2,1,5,1,4.022257,0.504396,0,1,4
9970,1,0,3,5,1,4.027131,0.504942,0,1,4
9980,4,2,2,9,1,4.027112,0.504875,0,1,4
9990,0,0,1,2,1,4.032729,0.505521,0,1,4
10000,0,0,0,1,1,4.030011,0.505128,0,1,4
10010,4,2,1,8,1,4.029000,0.504943,0,1,4
10020,5,2,3,11,1,4.031393,0.505147,0,1,4
10030,4,3,6,14,1,4.045838,0.506848,0,1,4
10040,2,1,0,4,1,4.048436,0.507166,0,1,4
10050,0,5,1,7,1,4.049432,0.507163,0,1,4
10060,0,2,0,3,1,4.047895,0.507052,0,1,4
10070,0,0,5,6,1,4.046032,0.506786,0,1,4
10080,0,0,0,1,1,4.044962,0.506657,0,1,4
10090,3,1,0,5,1,4.044781,0.506507,0,1,4
10100,4,2,4,11,1,4.045005,0.506478,0,1,4
10110,0,0,0,0,0,4.043637,0.506388,0,1,4
10120,0,0,4,5,1,4.041401,0.506201,0,1,4
10130,0,0,0,1,1,4.038758,0.505937,0,1,4
10140,0,0,0,1,1,4.036049,0.505647,0,1,4
10150,1,4,0,6,1,4.034536,0.505412,0,1,4
10160,3,1,1,6,1,4.034205,0.505314,0,1,4
10170,0,0,0,0,0,4.031620,0.505101,0,1,4
10180,1,1,1,4,1,4.029275,0.504825,0,1,4
10190,2,0,2,5,1,4.030129,0.504918,0,1,4
10200,1,2,1,5,1,4.029927,0.504892,0,1,4
10210,2,1,1,5,1,4.028465,0.504695,0,1,4
10220,1,1,1,4,1,4.031799,0.505062,0,1,4
10230,0,0,0,0,0,4.029997,0.504897,0,1,4
10240,0,0,0,1,1,4.026903,0.504564,0,1,4
10250,0,0,0,0,0,4.025414,0.504376,0,1,4
10260,0,1,0,2,1,4.023080,0.504126,0,1,4
10270,0,1,0,2,1,4.020908,0.503822,0,1,4
10280,0,0,0,1,1,4.020722,0.503797,0,1,4
10290,0,0,0,1,1,4.017935,0.503496,0,1,4
10300,1,1,0,3,1,4.017390,0.503383,0,1,4
10310,1,2,0,4,1,4.015590,0.503132,0,1,4
10320,0,1,0,2,1,4.014675,0.503004,0,1,4
10330,1,2,0,4,1,4.013037,0.502779,0,1,4
10340,0,0,0,0,0,4.014762,0.502958,0,1,4
10350,3,1,1,6,1,4.011994,0.502713,0,1,4
10360,0,0,0,0,0,4.010801,0.502593,0,1,4
10370,0,0,0,1,1,4.008204,0.502327,0,1,4
10380,2,2,1,6,1,4.008949,0.502432,0,1,4
10390,0,0,0,0,0,4.008914,0.502371,0,1,4
10400,0,1,1,3,1,4.008429,0.502315,0,1,4
10410,0,0,0,1,1,4.007975,0.502300,0,1,4
10420,2,0,1,4,1,4.010109,0.502505,0,1,4
10430,0,0,0,0,0,4.008471,0.502323,0,1,4
10440,1,3,3,8,1,4.006538,0.502062,0,1,4
10450,1,1,1,4,1,4.005453,0.501949,0,1,4
10460,2,1,3,7,1,4.004634,0.501869,0,1,4
10470,0,0,0,0,0,4.004170,0.501773,0,1,4
10480,7,4,1,13,1,4.004707,0.501821,0,1,4
10490,8,8,8,25,1,4.018728,0.503517,0,1,4
10500,2,1,3,7,1,4.030568,0.505042,0,1,4
10510,0,0,1,2,1,4.031004,0.505113,0,1,4
10520,0,0,0,0,0,4.028505,0.504979,0,1,4
10530,0,1,1,3,1,4.027072,0.504798,0,1,4
10540,2,2,2,7,1,4.027340,0.504812,0,1,4
10550,0,2,0,3,1,4.026410,0.504743,0,1,4
10560,0,0,0,1,1,4.023831,0.504454,0,1,4
10570,3,2,5,11,1,4.026830,0.504744,0,1,4
10580,2,1,0,4,1,4.029177,0.505097,0,1,4
10590,7,0,3,11,1,4.028822,0.505057,0,1,4
10600,3,4,2,10,1,4.027732,0.504925,0,1,4
10610,0,0,0,0,0,4.027778,0.504983,0,1,4
10620,0,0,0,1,1,4.031056,0.505280,0,1,4
10630,0,0,0,0,0,4.030368,0.505150,0,1,4
10640,0,0,0,0,0,4.028133,0.504916,0,1,4
10650,0,1,0,2,1,4.026199,0.504685,0,1,4
10660,2,3,2,8,1,4.025005,0.504462,0,1,4
10670,0,1,1,3,1,4.024014,0.504373,0,1,4
10680,2,4,7,14,1,4.022953,0.504185,0,1,4
10690,0,0,0,0,0,4.026563,0.504690,0,1,4
10700,0,0,0,0,0,4.026312,0.504669,0,1,4
10710,1,3,0,5,1,4.025631,0.504558,0,1,4
10720,0,0,0,1,1,4.024898,0.504465,0,1,4
10730,0,0,1,2,1,4.022690,0.504222,0,1,4
10740,0,0,0,0,0,4.020336,0.504003,0,1,4
10750,2,0,1,4,1,4.017863,0.503697,0,1,4
10760,3,2,1,7,1,4.018819,0.503657,0,1,4
10770,2,0,2,5,1,4.018277,0.503582,0,1,4
10780,0,2,2,5,1,4.022741,0.504064,0,1,4
10790,2,0,0,3,1,4.023514,0.504160,0,1,4
10800,1,2,0,4,1,4.021620,0.503933,0,1,4
10810,0,0,1,2,1,4.019650,0.503732,0,1,4
10820,0,0,0,1,1,4.020717,0.503789,0,1,4
10830,0,0,0,1,1,4.018318,0.503598,0,1,4
10840,0,0,0,1,1,4.016380,0.503394,0,1,4
10850,0,0,0,0,0,4.013870,0.503107,0,1,4
10860,0,2,0,3,1,4.011824,0.502890,0,1,4
10870,5,5,3,14,1,4.012312,0.502910,0,1,4
10880,0,1,0,2,1,4.014900,0.503239,0,1,4
10890,0,0,0,0,0,4.013932,0.503156,0,1,4
10900,2,6,3,12,1,4.013921,0.503096,0,1,4
10910,0,0,1,2,1,4.014351,0.503235,0,1,4
10920,0,0,0,0,0,4.012900,0.503052,0,1,4
10930,1,0,0,2,1,4.011219,0.502863,0,1,4
10940,3,0,0,4,1,4.011489,0.502838,0,1,4
10950,0,0,0,0,0,4.009283,0.502577,0,1,4
10960,0,0,0,0,0,4.007637,0.502335,0,1,4
10970,0,0,0,0,0,4.005769,0.502031,0,1,4
10980,0,0,0,0,0,4.005014,0.501941,0,1,4
10990,2,2,2,7,1,4.003527,0.501731,0,1,4
11000,0,1,0,2,1,4.002563,0.501620,0,1,4
11010,0,2,3,6,1,4.000855,0.501348,0,1,4
11020,0,0,0,0,0,4.000146,0.501235,0,1,4
11030,2,6,0,9,1,3.999676,0.501078,0,1,4
11040,0,0,0,0,0,3.999013,0.501074,0,1,4
11050,5,0,2,8,1,3.999464,0.501055,0,1,4
11060,0,1,1,3,1,3.998987,0.501051,0,1,4
11070,0,0,0,1,1,3.997129,0.500806,0,1,4
11080,0,0,0,1,1,3.995414,0.500596,0,1,4
11090,0,0,0,1,1,3.994088,0.500440,0,1,4
11100,1,1,0,3,1,3.994840,0.500505,0,1,4
11110,3,1,1,6,1,3.993010,0.500269,0,1,4
11120,0,0,0,0,0,3.996676,0.500637,0,1,4
11130,2,0,0,3,1,3.995905,0.500517,0,1,4
11140,0,0,0,1,1,3.994151,0.500347,0,1,4
11150,4,1,3,9,1,3.993613,0.500177,0,1,4
11160,0,0,0,0,0,3.992324,0.499993,0,1,4
11170,0,0,0,0,0,3.992327,0.499981,0,1,4
11180,1,0,0,2,1,3.990667,0.499828,0,1,4
11190,1,3,3,8,1,3.992285,0.499952,0,1,4
11200,0,0,0,1,1,3.993331,0.500082,0,1,4
11210,0,0,0,0,0,3.992531,0.499964,0,1,4
11220,1,3,1,6,1,3.995692,0.500303,0,1,4
11230,0,0,2,3,1,3.998249,0.500556,0,1,4
11240,3,5,8,17,1,3.999820,0.500701,0,1,4
11250,0,0,0,1,1,4.003741,0.501253,0,1,4
11260,4,0,2,7,1,4.003086,0.501192,0,1,4
11270,0,0,0,0,0,4.002549,0.501069,0,1,4
11280,0,0,0,1,1,4.001220,0.500946,0,1,4
11290,3,2,5,11,1,4.001744,0.501000,0,1,4
11300,0,0,0,1,1,3.999659,0.500844,0,1,4
11310,3,4,1,9,1,3.997887,0.500616,0,1,4
11320,0,0,0,1,1,3.995994,0.500383,0,1,4
11330,0,0,0,1,1,3.997849,0.500582,0,1,4
11340,0,0,0,0,0,3.996077,0.500254,0,1,4
11350,0,0,0,0,0,3.995092,0.500147,0,1,4
11360,6,6,4,17,1,3.995997,0.500154,0,1,4
11370,0,0,0,1,1,3.997311,0.500324,0,1,4
11380,1,1,3,6,1,3.996568,0.500252,0,1,4
11390,0,1,3,5,1,3.998584,0.500477,0,1,4
11400,1,1,1,4,1,3.997395,0.500327,0,1,4
11410,0,0,0,0,0,3.999148,0.500508,0,1,4
11420,4,2,2,9,1,3.999172,0.500516,0,1,4
11430,0,0,0,0,0,3.997522,0.500374,0,1,4
11440,1,2,2,6,1,3.998657,0.500532,0,1,4
11450,2,0,2,5,1,3.998032,0.500431,0,1,4
11460,0,0,0,0,0,3.996722,0.500240,0,1,4
11470,1,1,0,3,1,3.996644,0.500142,0,1,4
11480,0,0,0,0,0,3.998019,0.500319,0,1,4
11490,1,0,0,2,1,3.998215,0.500343,0,1,4
11500,3,4,0,8,1,3.996424,0.500064,0,1,4
11510,0,0,1,2,1,4.004846,0.501123,0,1,4
11520,0,1,2,4,1,4.004003,0.500957,0,1,4
11530,0,0,0,0,0,4.002372,0.500801,0,1,4
11540,1,1,0,3,1,4.002312,0.500679,0,1,4
11550,0,0,0,0,0,4.002103,0.500621,0,1,4
11560,0,0,0,0,0,4.001427,0.500525,0,1,4
11570,1,0,0,2,1,4.000820,0.500389,0,1,4
11580,1,0,0,2,1,4.000318,0.500299,0,1,4
11590,1,1,0,3,1,3.999120,0.500133,0,1,4
11600,0,0,0,0,0,4.001191,0.500413,0,1,4
11610,2,1,1,5,1,3.999732,0.500225,0,1,4
11620,0,0,0,0,0,3.999271,0.500194,0,1,4
11630,0,0,0,0,0,3.998267,0.500079,0,1,4
11640,6,7,4,18,1,4.004091,0.500770,0,1,4
11650,1,2,1,5,1,4.009714,0.501505,0,1,4
11660,1,0,1,3,1,4.008076,0.501294,0,1,4
11670,0,0,0,0,0,4.007039,0.501154,0,1,4
11680,2,1,0,4,1,4.007017,0.501113,0,1,4
11690,0,1,4,6,1,4.014329,0.501947,0,1,4
11700,1,1,0,3,1,4.012459,0.501729,0,1,4
11710,0,0,2,3,1,4.011078,0.501551,0,1,4
11720,0,1,0,2,1,4.012296,0.501649,0,1,4
11730,0,1,2,4,1,4.011786,0.501505,0,1,4
11740,0,0,0,0,0,4.009499,0.501219,0,1,4
11750,2,2,0,5,1,4.009012,0.501201,0,1,4
11760,0,0,0,0,0,4.009614,0.501303,0,1,4
11770,2,5,0,8,1,4.009905,0.501259,0,1,4
11780,1,3,1,6,1,4.009100,0.501100,0,1,4
11790,1,1,2,5,1,4.007489,0.500963,0,1,4
11800,1,3,1,6,1,4.006724,0.500809,0,1,4
11810,0,0,0,0,0,4.006073,0.500733,0,1,4
11820,1,0,0,2,1,4.004158,0.500467,0,1,4
11830,0,1,2,4,1,4.003030,0.500363,0,1,4
11840,1,3,5,10,1,4.003020,0.500325,0,1,4
11850,0,1,0,2,1,4.001763,0.500173,0,1,4
11860,1,3,4,9,1,4.001530,0.500044,0,1,4
11870,0,1,1,3,1,4.000541,0.499968,0,1,4
11880,1,0,1,3,1,3.998376,0.499760,0,1,4
11890,0,0,0,1,1,3.995487,0.499515,0,1,4
11900,1,0,1,3,1,3.994613,0.499390,0,1,4
11910,0,1,0,2,1,3.993104,0.499164,0,1,4
11920,1,2,0,4,1,3.990610,0.498983,0,1,4
11930,0,0,0,0,0,3.988816,0.498795,0,1,4
11940,0,0,0,0,0,3.986563,0.498524,0,1,4
11950,0,0,0,1,1,3.984316,0.498290,0,1,4
11960,0,0,0,0,0,3.985092,0.498355,0,1,4
11970,1,1,0,3,1,3.983865,0.498243,0,1,4
11980,0,0,0,1,1,3.984760,0.498360,0,1,4
11990,3,4,4,12,1,3.988209,0.498724,0,1,4
12000,9,4,11,25,1,3.997225,0.499794,0,1,4
12010,0,0,0,0,0,4.001817,0.500446,0,1,4
12020,0,1,0,2,1,4.000919,0.500281,0,1,4
12030,2,2,0,5,1,4.000497,0.500197,0,1,4
12040,0,0,0,0,0,3.998951,0.500019,0,1,4
12050,0,0,0,1,1,3.997728,0.499861,0,1,4
12060,0,1,1,3,1,3.997342,0.499792,0,1,4
12070,0,0,0,0,0,3.998572,0.499889,0,1,4
12080,0,1,1,3,1,3.998499,0.499807,0,1,4
12090,1,1,0,3,1,3.996749,0.499558,0,1,4
12100,0,0,0,0,0,3.995929,0.499465,0,1,4
12110,0,0,0,1,1,3.994693,0.499213,0,1,4
12120,6,3,5,15,1,3.997013,0.499436,0,1,4
12130,3,2,0,6,1,3.998570,0.499636,0,1,4
12140,0,0,0,0,0,3.996322,0.499401,0,1,4
12150,0,2,4,7,1,3.996910,0.499454,0,1,4
12160,0,0,0,1,1,3.996613,0.499423,0,1,4
12170,0,0,0,1,1,3.994631,0.499221,0,1,4
12180,4,5,1,11,1,3.994127,0.499153,0,1,4
12190,3,1,1,6,1,3.995102,0.499362,0,1,4
12200,4,2,6,13,1,3.995651,0.499426,0,1,4
12210,0,1,0,2,1,3.998587,0.499777,0,1,4
12220,4,2,5,12,1,3.997288,0.499635,0,1,4
12230,1,4,2,8,1,3.998836,0.499758,0,1,4
12240,1,0,3,5,1,3.996659,0.499526,0,1,4
12250,1,3,3,8,1,3.996987,0.499542,0,1,4
12260,0,0,0,0,0,3.995983,0.499503,0,1,4
12270,0,0,0,0,0,3.993857,0.499303,0,1,4
12280,1,2,0,4,1,3.992139,0.499094,0,1,4
12290,3,2,0,6,1,3.992785,0.499103,0,1,4
12300,0,0,0,0,0,3.992398,0.499095,0,1,4
12310,1,1,0,3,1,3.991172,0.498902,0,1,4
12320,4,2,2,9,1,3.990024,0.498753,0,1,4
12330,0,0,0,1,1,3.988743,0.498618,0,1,4
12340,0,0,0,1,1,3.988261,0.498563,0,1,4
12350,6,5,4,16,1,3.989566,0.498605,0,1,4
12360,0,2,1,4,1,3.990737,0.498777,0,1,4
12370,0,1,1,3,1,3.990219,0.498672,0,1,4
12380,2,0,1,4,1,3.989999,0.498609,0,1,4
12390,2,2,4,9,1,3.989824,0.498507,0,1,4
12400,1,0,4,6,1,3.988630,0.498323,0,1,4
12410,0,0,0,0,0,3.988034,0.498293,0,1,4
12420,0,0,0,0,0,3.985905,0.498038,0,1,4
12430,0,0,0,1,1,3.984285,0.497820,0,1,4
12440,0,0,0,0,0,3.982578,0.497597,0,1,4
12450,1,1,0,3,1,3.982588,0.497614,0,1,4
12460,6,6,2,15,1,3.983975,0.497757,0,1,4
12470,0,0,1,2,1,3.983870,0.497784,0,1,4
12480,3,3,2,9,1,3.983151,0.497709,0,1,4
12490,5,1,2,9,1,3.988248,0.498252,0,1,4
12500,5,1,3,10,1,3.996974,0.499272,0,1,4
12510,0,0,0,0,0,3.999259,0.499578,0,1,4
12520,1,1,1,4,1,3.998751,0.499510,0,1,4
12530,0,0,0,0,0,3.996823,0.499304,0,1,4
12540,0,0,0,1,1,3.995267,0.499165,0,1,4
12550,1,0,0,2,1,3.993148,0.498930,0,1,4
12560,2,1,2,6,1,3.992243,0.498867,0,1,4
12570,0,0,0,1,1,3.992160,0.498822,0,1,4
12580,1,3,0,5,1,3.990874,0.498671,0,1,4
12590,4,4,4,13,1,3.991866,0.498790,0,1,4
12600,0,0,0,1,1,3.992374,0.498972,0,1,4
12610,0,1,1,3,1,3.991790,0.498914,0,1,4
12620,3,1,5,10,1,3.991115,0.498800,0,1,4
12630,0,1,2,4,1,3.989264,0.498623,0,1,4
12640,0,1,0,2,1,3.988570,0.498522,0,1,4
12650,0,0,0,0,0,3.988609,0.498492,0,1,4
12660,1,1,2,5,1,3.986412,0.498242,0,1,4
12670,0,1,2,4,1,3.988429,0.498465,0,1,4
12680,1,1,0,3,1,3.988506,0.498480,0,1,4
12690,3,3,3,10,1,3.987060,0.498328,0,1,4
12700,10,5,6,22,1,3.992802,0.498953,0,1,4
12710,3,2,2,8,1,3.996899,0.499524,0,1,4
12720,0,0,0,0,0,3.996335,0.499498,0,1,4
12730,1,0,0,2,1,3.995231,0.499311,0,1,4
12740,5,0,0,6,1,3.994503,0.499215,0,1,4
12750,1,3,3,8,1,3.997017,0.499495,0,1,4
12760,0,1,4,6,1,3.996330,0.499448,0,1,4
12770,0,0,0,1,1,3.995780,0.499360,0,1,4
12780,0,0,0,0,0,3.995020,0.499197,0,1,4
12790,0,0,0,0,0,3.994855,0.499181,0,1,4
12800,1,1,2,5,1,3.992917,0.498983,0,1,4
12810,0,0,0,1,1,3.990630,0.498727,0,1,4
12820,1,3,0,5,1,3.989278,0.498577,0,1,4
12830,2,0,1,4,1,3.988870,0.498458,0,1,4
12840,0,0,0,1,1,3.987310,0.498210,0,1,4
12850,0,0,2,3,1,3.986057,0.498078,0,1,4
12860,2,0,0,3,1,3.984106,0.497897,0,1,4
12870,0,1,0,2,1,3.984579,0.497971,0,1,4
12880,0,0,0,1,1,3.983426,0.497841,0,1,4
12890,3,1,1,6,1,3.983854,0.497842,0,1,4
12900,3,3,2,9,1,3.982589,0.497698,0,1,4
12910,3,8,2,14,1,3.988348,0.498379,0,1,4
12920,0,0,0,0,0,3.990787,0.498689,0,1,4
12930,1,3,2,7,1,3.989112,0.498470,0,1,4
12940,2,1,0,4,1,3.989003,0.498471,0,1,4
12950,3,1,1,6,1,3.987867,0.498301,0,1,4
12960,0,0,0,0,0,3.988370,0.498378,0,1,4
12970,0,1,1,3,1,3.987649,0.498278,0,1,4
12980,0,0,0,0,0,3.985597,0.498104,0,1,4
12990,3,1,2,7,1,3.991396,0.498780,0,1,4
13000,0,0,0,1,1,3.993665,0.499055,0,1,4
13010,0,0,0,0,0,3.991490,0.498802,0,1,4
13020,0,0,0,1,1,3.990861,0.498685,0,1,4
13030,0,0,1,2,1,3.990152,0.498606,0,1,4
13040,0,0,0,0,0,3.988574,0.498428,0,1,4
13050,0,0,0,0,0,3.987241,0.498300,0,1,4
13060,0,0,0,1,1,3.985427,0.498031,0,1,4
13070,0,0,0,1,1,3.985403,0.498056,0,1,4
13080,0,1,0,2,1,3.984572,0.497929,0,1,4
13090,0,0,0,1,1,3.983737,0.497843,0,1,4
13100,0,1,0,2,1,3.982084,0.497670,0,1,4
13110,1,1,2,5,1,3.982157,0.497627,0,1,4
13120,0,0,1,2,1,3.980769,0.497440,0,1,4
13130,1,1,1,4,1,3.979407,0.497265,0,1,4
13140,0,0,1,2,1,3.977493,0.497116,0,1,4
13150,4,1,3,9,1,3.976145,0.497028,0,1,4
13160,0,1,2,4,1,3.974769,0.496945,0,1,4
13170,3,1,2,7,1,3.973479,0.496765,0,1,4
13180,0,2,0,3,1,3.974190,0.496896,0,1,4
13190,4,3,0,8,1,3.972770,0.496690,0,1,4
13200,3,0,3,7,1,3.973581,0.496829,0,1,4
13210,7,1,6,15,1,3.975054,0.496999,0,1,4
13220,0,0,0,1,1,3.977697,0.497320,0,1,4
13230,1,1,0,3,1,3.975837,0.497092,0,1,4
13240,0,1,5,7,1,3.976285,0.497120,0,1,4
13250,4,5,3,13,1,3.979665,0.497505,0,1,4
13260,0,1,2,4,1,3.980158,0.497548,0,1,4
13270,0,0,0,0,0,3.978126,0.497341,0,1,4
13280,1,2,1,5,1,3.977672,0.497275,0,1,4
13290,2,2,3,8,1,3.979450,0.497473,0,1,4
13300,2,2,3,8,1,3.983362,0.497930,0,1,4
13310,1,0,1,3,1,3.981677,0.497803,0,1,4
13320,0,4,1,6,1,3.984953,0.498185,0,1,4
13330,1,2,2,6,1,3.990248,0.498884,0,1,4
13340,0,0,0,1,1,3.991393,0.499018,0,1,4
13350,1,2,2,6,1,3.990032,0.498819,0,1,4
13360,0,0,0,0,0,3.988837,0.498665,0,1,4
13370,1,1,2,5,1,3.987383,0.498507,0,1,4
13380,1,2,0,4,1,3.988655,0.498661,0,1,4
13390,0,1,2,4,1,3.988648,0.498623,0,1,4
13400,2,3,3,9,1,3.990039,0.498769,0,1,4
13410,4,1,2,8,1,3.995628,0.499365,0,1,4
13420,0,0,0,1,1,3.997645,0.499547,0,1,4
13430,0,1,2,4,1,3.996238,0.499390,0,1,4
13440,2,2,1,6,1,3.994753,0.499260,0,1,4
13450,2,1,0,4,1,3.993859,0.499116,0,1,4
13460,1,0,0,2,1,3.992153,0.498889,0,1,4
13470,2,0,1,4,1,3.992384,0.498900,0,1,4
13480,1,0,0,2,1,3.991485,0.498811,0,1,4
13490,0,0,2,3,1,3.990003,0.498630,0,1,4
13500,1,0,0,2,1,3.991016,0.498711,0,1,4
13510,0,0,0,0,0,3.990434,0.498606,0,1,4
13520,2,2,2,7,1,3.990986,0.498624,0,1,4
13530,0,0,1,2,1,3.989791,0.498480,0,1,4
13540,0,0,0,1,1,3.988738,0.498358,0,1,4
13550,0,0,0,1,1,3.987200,0.498170,0,1,4
13560,0,0,0,1,1,3.986191,0.498035,0,1,4
13570,3,0,2,6,1,3.984713,0.497855,0,1,4
13580,0,0,0,0,0,3.983164,0.497685,0,1,4
13590,0,0,0,1,1,3.981129,0.497495,0,1,4
13600,2,0,0,3,1,3.979520,0.497289,0,1,4
13610,1,2,1,5,1,3.979014,0.497208,0,1,4
13620,1,0,1,3,1,3.978544,0.497122,0,1,4
13630,1,1,0,3,1,3.977650,0.497006,0,1,4
13640,2,5,0,8,1,3.978157,0.497060,0,1,4
13650,2,3,2,8,1,3.978029,0.497053,0,1,4
13660,3,1,3,8,1,3.978640,0.497121,0,1,4
13670,9,10,8,28,1,3.986202,0.497975,0,1,4
13680,9,10,11,31,1,4.006491,0.500427,0,1,4
13690,2,1,1,5,1,4.012974,0.501233,0,1,4
13700,0,2,0,3,1,4.013238,0.501293,0,1,4
13710,0,3,0,4,1,4.011994,0.501115,0,1,4
13720,2,0,2,5,1,4.012565,0.501119,0,1,4
13730,2,2,0,5,1,4.011355,0.501023,0,1,4
13740,0,1,2,4,1,4.011058,0.500963,0,1,4
13750,7,6,4,18,1,4.017438,0.501687,0,1,4
13760,1,0,2,4,1,4.017561,0.501730,0,1,4
13770,1,1,1,4,1,4.016326,0.501599,0,1,4
13780,0,2,5,8,1,4.016553,0.501555,0,1,4
13790,0,0,0,0,0,4.017640,0.501759,0,1,4
13800,2,2,4,9,1,4.016361,0.501632,0,1,4
13810,0,2,0,3,1,4.016729,0.501696,0,1,4
13820,0,0,0,1,1,4.017059,0.501783,0,1,4
13830,2,1,0,4,1,4.015352,0.501561,0,1,4
13840,2,0,4,7,1,4.013864,0.501357,0,1,4
13850,0,0,0,0,0,4.014448,0.501412,0,1,4
13860,2,1,1,5,1,4.012931,0.501214,0,1,4
13870,6,5,3,15,1,4.019406,0.502023,0,1,4
13880,0,0,1,2,1,4.025091,0.502797,0,1,4
13890,0,1,0,2,1,4.023581,0.502550,0,1,4
13900,1,2,0,4,1,4.024706,0.502645,0,1,4
13910,1,1,1,4,1,4.025566,0.502730,0,1,4
13920,0,0,0,1,1,4.024968,0.502584,0,1,4
13930,0,0,1,2,1,4.024892,0.502521,0,1,4
13940,6,4,2,13,1,4.030593,0.503161,0,1,4
13950,1,1,1,4,1,4.032308,0.503362,0,1,4
13960,0,1,0,2,1,4.032444,0.503411,0,1,4
13970,0,0,0,1,1,4.030852,0.503172,0,1,4
13980,0,0,2,3,1,4.032388,0.503319,0,1,4
13990,2,1,0,4,1,4.031387,0.503168,0,1,4
14000,4,3,5,13,1,4.035014,0.503532,0,1,4
14010,1,7,1,10,1,4.035174,0.503557,0,1,4
14020,2,0,1,4,1,4.035156,0.503532,0,1,4
14030,4,4,1,10,1,4.035302,0.503471,0,1,4
14040,0,1,0,2,1,4.036046,0.503564,0,1,4
14050,1,1,4,7,1,4.036183,0.503524,0,1,4
14060,0,0,0,0,0,4.035526,0.503456,0,1,4
14070,0,0,0,0,0,4.034815,0.503372,0,1,4
14080,3,3,1,8,1,4.036830,0.503518,0,1,4
14090,0,1,0,2,1,4.035953,0.503427,0,1,4
14100,0,0,0,1,1,4.034327,0.503278,0,1,4
14110,2,3,2,8,1,4.034442,0.503235,0,1,4
14120,0,0,1,2,1,4.033417,0.503117,0,1,4
14130,0,0,0,1,1,4.031737,0.502993,0,1,4
14140,3,3,2,9,1,4.031886,0.503025,0,1,4
14150,1,0,2,4,1,4.030527,0.502879,0,1,4
14160,3,3,0,7,1,4.030754,0.502894,0,1,4
14170,1,0,1,3,1,4.029320,0.502778,0,1,4
14180,0,0,0,0,0,4.029185,0.502757,0,1,4
14190,1,4,3,9,1,4.032093,0.503028,0,1,4
14200,0,0,0,0,0,4.031029,0.502936,0,1,4
14210,0,4,2,7,1,4.030351,0.502865,0,1,4
14220,0,0,0,0,0,4.029305,0.502779,0,1,4
14230,2,6,4,13,1,4.029399,0.502699,0,1,4
14240,0,1,1,3,1,4.032759,0.503119,0,1,4
14250,0,0,0,0,0,4.031646,0.502959,0,1,4
14260,0,1,1,3,1,4.030717,0.502835,0,1,4
14270,0,0,0,1,1,4.029099,0.502730,0,1,4
14280,0,0,0,0,0,4.028474,0.502684,0,1,4
14290,1,3,3,8,1,4.028771,0.502704,0,1,4
14300,3,4,1,9,1,4.029417,0.502750,0,1,4
14310,0,0,0,0,0,4.028772,0.502714,0,1,4
14320,1,2,1,5,1,4.027525,0.502524,0,1,4
14330,2,0,2,5,1,4.027665,0.502559,0,1,4
14340,1,0,1,3,1,4.027197,0.502493,0,1,4
14350,6,2,4,13,1,4.026402,0.502351,0,1,4
14360,0,0,1,2,1,4.026839,0.502410,0,1,4
14370,0,0,0,0,0,4.024936,0.502178,0,1,4
14380,0,0,0,0,0,4.024470,0.502107,0,1,4
14390,0,0,0,1,1,4.023123,0.501953,0,1,4
14400,2,0,0,3,1,4.022858,0.501847,0,1,4
14410,0,2,1,4,1,4.021880,0.501751,0,1,4
14420,3,5,3,12,1,4.022803,0.501854,0,1,4
14430,1,0,0,2,1,4.022699,0.501881,0,1,4
14440,0,1,3,5,1,4.021465,0.501719,0,1,4
14450,2,4,1,8,1,4.022469,0.501827,0,1,4
14460,1,0,1,3,1,4.022488,0.501818,0,1,4
14470,4,2,4,11,1,4.026560,0.502296,0,1,4
14480,3,1,2,7,1,4.026683,0.502368,0,1,4
14490,0,0,1,2,1,4.025578,0.502231,0,1,4
14500,0,0,0,0,0,4.026453,0.502280,0,1,4
14510,3,1,0,5,1,4.026525,0.502281,0,1,4
14520,0,0,0,0,0,4.025451,0.502144,0,1,4
14530,6,4,4,15,1,4.032169,0.502922,0,1,4
14540,1,1,1,4,1,4.035937,0.503419,0,1,4
14550,0,0,0,0,0,4.034662,0.503261,0,1,4
14560,1,1,0,3,1,4.033558,0.503115,0,1,4
14570,1,5,3,10,1,4.032342,0.503020,0,1,4
14580,0,1,1,3,1,4.035455,0.503375,0,1,4
14590,0,0,0,1,1,4.035288,0.503350,0,1,4
14600,2,0,3,6,1,4.034686,0.503271,0,1,4
14610,0,0,0,1,1,4.035709,0.503374,0,1,4
14620,0,0,0,0,0,4.034487,0.503244,0,1,4
14630,3,2,6,12,1,4.033465,0.503096,0,1,4
14640,0,0,0,1,1,4.034750,0.503235,0,1,4
14650,1,5,1,8,1,4.034861,0.503237,0,1,4
14660,3,5,3,12,1,4.040656,0.503926,0,1,4
14670,6,5,6,18,1,4.043730,0.504233,0,1,4
14680,4,0,3,8,1,4.048215,0.504806,0,1,4
14690,4,6,3,14,1,4.055802,0.505732,0,1,4
14700,1,1,1,4,1,4.055750,0.505709,0,1,4
14710,0,1,2,4,1,4.055738,0.505678,0,1,4
14720,1,0,2,4,1,4.054905,0.505597,0,1,4
14730,0,0,0,0,0,4.053609,0.505436,0,1,4
14740,0,1,0,2,1,4.052512,0.505287,0,1,4
14750,5,3,2,11,1,4.056980,0.505811,0,1,4
14760,1,3,5,10,1,4.057133,0.505788,0,1,4
14770,0,1,3,5,1,4.058167,0.505901,0,1,4
14780,5,4,1,11,1,4.058042,0.505831,0,1,4
14790,1,1,1,4,1,4.061083,0.506181,0,1,4
14800,7,1,3,12,1,4.059927,0.506012,0,1,4
14810,1,2,4,8,1,4.065470,0.506725,0,1,4
14820,0,0,0,0,0,4.064950,0.506657,0,1,4
14830,0,1,0,2,1,4.063462,0.506456,0,1,4
14840,0,0,0,0,0,4.061817,0.506269,0,1,4
14850,1,0,0,2,1,4.060741,0.506131,0,1,4
14860,1,0,2,4,1,4.059371,0.505962,0,1,4
14870,0,0,0,0,0,4.058161,0.505812,0,1,4
14880,2,1,0,4,1,4.059149,0.505961,0,1,4
14890,0,0,0,0,0,4.061419,0.506283,0,1,4
14900,0,0,0,1,1,4.059658,0.506086,0,1,4
14910,3,0,3,7,1,4.061232,0.506249,0,1,4
14920,1,0,0,2,1,4.059826,0.506104,0,1,4
14930,0,0,0,1,1,4.059774,0.506116,0,1,4
14940,0,0,0,1,1,4.059570,0.506100,0,1,4
14950,1,0,0,2,1,4.057973,0.505880,0,1,4
14960,0,0,0,1,1,4.056968,0.505722,0,1,4
14970,2,1,3,7,1,4.055939,0.505591,0,1,4
14980,4,8,5,18,1,4.061182,0.506174,0,1,4
14990,2,0,0,3,1,4.064462,0.506600,0,1,4
15000,0,0,0,0,0,4.063916,0.506580,0,1,4
15010,0,1,0,2,1,4.062351,0.506423,0,1,4
15020,1,1,6,9,1,4.062502,0.506355,0,1,4
15030,0,1,3,5,1,4.062039,0.506269,0,1,4
15040,2,0,5,8,1,4.063396,0.506409,0,1,4
15050,3,1,1,6,1,4.065882,0.506687,0,1,4
15060,3,0,0,4,1,4.064995,0.506590,0,1,4
15070,0,0,0,0,0,4.064830,0.506511,0,1,4
15080,1,0,0,2,1,4.064512,0.506464,0,1,4
15090,1,0,1,3,1,4.064190,0.506467,0,1,4
15100,4,4,4,13,1,4.063521,0.506377,0,1,4
15110,0,0,0,0,0,4.062175,0.506306,0,1,4
15120,3,3,0,7,1,4.060357,0.506130,0,1,4
15130,5,4,6,16,1,4.063782,0.506487,0,1,4
15140,2,1,3,7,1,4.066222,0.506796,0,1,4
15150,0,1,5,7,1,4.068419,0.507063,0,1,4
15160,0,4,4,9,1,4.067913,0.507009,0,1,4
15170,0,0,0,1,1,4.069358,0.507211,0,1,4
15180,2,1,2,6,1,4.067952,0.507024,0,1,4
15190,1,1,2,5,1,4.067299,0.506915,0,1,4
15200,1,0,1,3,1,4.067049,0.506910,0,1,4
15210,2,6,0,9,1,4.066627,0.506837,0,1,4
15220,2,1,0,4,1,4.066075,0.506761,0,1,4
15230,1,0,1,3,1,4.064241,0.506583,0,1,4
15240,0,0,0,1,1,4.062447,0.506406,0,1,4
15250,2,1,2,6,1,4.061267,0.506252,0,1,4
15260,0,0,0,0,0,4.059793,0.506110,0,1,4
15270,2,0,3,6,1,4.059187,0.505974,0,1,4
15280,0,0,1,2,1,4.059677,0.506036,0,1,4
15290,1,0,0,2,1,4.058420,0.505909,0,1,4
15300,0,1,0,2,1,4.056621,0.505759,0,1,4
15310,2,1,0,4,1,4.055722,0.505677,0,1,4
15320,0,3,2,6,1,4.055871,0.505721,0,1,4
15330,3,1,1,6,1,4.054256,0.505562,0,1,4
15340,0,0,0,1,1,4.052899,0.505430,0,1,4
15350,0,0,1,2,1,4.051277,0.505221,0,1,4
15360,0,0,1,2,1,4.050484,0.505135,0,1,4
15370,0,0,0,0,0,4.049711,0.505006,0,1,4
15380,1,0,2,4,1,4.049388,0.504930,0,1,4
15390,2,0,1,4,1,4.050981,0.505117,0,1,4
15400,1,0,1,3,1,4.049763,0.504925,0,1,4
15410,0,0,0,1,1,4.049556,0.504908,0,1,4
15420,0,3,6,10,1,4.048648,0.504821,0,1,4
15430,2,2,4,9,1,4.048620,0.504761,0,1,4
15440,0,0,0,0,0,4.047835,0.504660,0,1,4
15450,0,0,0,0,0,4.048828,0.504809,0,1,4
15460,2,4,3,10,1,4.048647,0.504840,0,1,4
15470,0,0,3,4,1,4.048454,0.504817,0,1,4
15480,1,3,1,6,1,4.047435,0.504695,0,1,4
15490,0,0,0,0,0,4.047938,0.504721,0,1,4
15500,0,0,0,1,1,4.047060,0.504605,0,1,4
15510,0,0,0,0,0,4.045589,0.504438,0,1,4
15520,5,4,1,11,1,4.045465,0.504412,0,1,4
15530,5,3,5,14,1,4.045877,0.504452,0,1,4
15540,10,7,9,27,1,4.052625,0.505249,0,1,4
15550,11,9,7,28,1,4.070694,0.507442,0,1,4
15560,8,7,5,21,1,4.086133,0.509355,0,1,4
15570,0,0,0,0,0,4.087283,0.509532,0,1,4
15580,0,0,0,0,0,4.086281,0.509400,0,1,4
15590,1,0,1,3,1,4.084773,0.509225,0,1,4
15600,0,0,0,0,0,4.082826,0.509036,0,1,4
15610,0,0,0,1,1,4.081561,0.508924,0,1,4
15620,0,0,0,1,1,4.080478,0.508806,0,1,4
15630,2,0,3,6,1,4.079348,0.508645,0,1,4
15640,1,0,0,2,1,4.078894,0.508618,0,1,4
15650,0,0,0,0,0,4.078741,0.508551,0,1,4
15660,1,3,4,9,1,4.078703,0.508555,0,1,4
15670,0,0,0,0,0,4.082358,0.508987,0,1,4
15680,1,0,2,4,1,4.080654,0.508836,0,1,4
15690,0,0,0,1,1,4.080323,0.508812,0,1,4
15700,2,1,0,4,1,4.079657,0.508726,0,1,4
15710,0,2,0,3,1,4.079232,0.508633,0,1,4
15720,1,2,3,7,1,4.079269,0.508610,0,1,4
15730,0,2,0,3,1,4.081005,0.508828,0,1,4
15740,0,0,0,0,0,4.079441,0.508698,0,1,4
15750,0,0,0,0,0,4.081591,0.508935,0,1,4
15760,0,0,0,0,0,4.080534,0.508824,0,1,4
15770,0,0,0,0,0,4.080870,0.508802,0,1,4
15780,0,0,0,0,0,4.081230,0.508808,0,1,4
15790,2,1,0,4,1,4.081424,0.508849,0,1,4
15800,7,9,8,25,1,4.087811,0.509521,0,1,4
15810,0,0,0,1,1,4.089292,0.509775,0,1,4
15820,1,0,0,2,1,4.088036,0.509667,0,1,4
15830,0,0,2,3,1,4.086445,0.509478,0,1,4
15840,1,0,0,2,1,4.085548,0.509423,0,1,4
15850,0,0,0,1,1,4.084976,0.509329,0,1,4
15860,0,0,0,0,0,4.083352,0.509107,0,1,4
15870,0,0,0,0,0,4.081934,0.508951,0,1,4
15880,4,3,2,10,1,4.081791,0.508914,0,1,4
15890,0,0,0,1,1,4.080521,0.508836,0,1,4
15900,0,0,0,1,1,4.079942,0.508741,0,1,4
15910,0,0,0,1,1,4.079184,0.508663,0,1,4
15920,0,0,0,1,1,4.080243,0.508780,0,1,4
15930,0,0,0,1,1,4.078461,0.508638,0,1,4
15940,0,0,0,1,1,4.077319,0.508500,0,1,4
15950,0,0,0,1,1,4.076433,0.508343,0,1,4
15960,0,0,0,1,1,4.074839,0.508161,0,1,4
15970,0,0,0,0,0,4.075255,0.508221,0,1,4
15980,0,0,0,1,1,4.075741,0.508271,0,1,4
15990,2,2,1,6,1,4.074648,0.508147,0,1,4
16000,0,0,0,1,1,4.073966,0.508075,0,1,4
16010,1,1,1,4,1,4.072354,0.507942,0,1,4
16020,1,0,0,2,1,4.070819,0.507763,0,1,4
16030,1,0,1,3,1,4.070973,0.507826,0,1,4
16040,0,0,0,1,1,4.071101,0.507878,0,1,4
16050,0,0,0,1,1,4.070077,0.507728,0,1,4
16060,2,1,2,6,1,4.069929,0.507694,0,1,4
16070,0,0,0,1,1,4.070080,0.507698,0,1,4
16080,1,1,0,3,1,4.068796,0.507589,0,1,4
16090,1,0,1,3,1,4.067235,0.507415,0,1,4
16100,0,0,0,0,0,4.066149,0.507260,0,1,4
16110,2,0,1,4,1,4.064973,0.507181,0,1,4
16120,0,0,1,2,1,4.066065,0.507310,0,1,4
16130,1,0,1,3,1,4.069399,0.507734,0,1,4
16140,2,1,0,4,1,4.067514,0.507543,0,1,4
16150,1,0,0,2,1,4.066333,0.507380,0,1,4
16160,4,6,3,14,1,4.066046,0.507283,0,1,4
16170,1,5,1,8,1,4.070579,0.507817,0,1,4
16180,1,0,0,2,1,4.071398,0.507912,0,1,4
16190,2,1,1,5,1,4.073124,0.508077,0,1,4
16200,3,2,3,9,1,4.072432,0.508000,0,1,4
16210,1,0,0,2,1,4.071452,0.507917,0,1,4
16220,1,1,2,5,1,4.071001,0.507830,0,1,4
16230,6,11,4,22,1,4.075163,0.508276,0,1,4
16240,4,7,4,16,1,4.086716,0.509690,0,1,4
16250,3,9,10,23,1,4.096646,0.510886,0,1,4
16260,0,0,0,0,0,4.098804,0.511160,0,1,4
16270,1,0,0,2,1,4.097274,0.510978,0,1,4
16280,3,3,1,8,1,4.097591,0.510998,0,1,4
16290,0,0,1,2,1,4.098865,0.511099,0,1,4
16300,3,1,0,5,1,4.098347,0.511035,0,1,4
16310,0,0,0,0,0,4.096951,0.510870,0,1,4
16320,0,0,0,0,0,4.095444,0.510702,0,1,4
16330,0,0,0,0,0,4.094795,0.510626,0,1,4
16340,4,3,6,14,1,4.094739,0.510592,0,1,4
16350,0,0,0,1,1,4.097618,0.510995,0,1,4
16360,0,0,0,0,0,4.095933,0.510797,0,1,4
16370,0,0,0,1,1,4.094493,0.510646,0,1,4
16380,0,0,0,0,0,4.092674,0.510524,0,1,4
16390,0,1,0,2,1,4.091311,0.510363,0,1,4
16400,0,0,0,0,0,4.089549,0.510175,0,1,4
16410,0,0,0,1,1,4.088127,0.509990,0,1,4
16420,0,1,1,3,1,4.088309,0.509959,0,1,4
16430,1,0,1,3,1,4.087121,0.509796,0,1,4
16440,0,0,0,1,1,4.086819,0.509721,0,1,4
16450,0,0,0,0,0,4.087283,0.509760,0,1,4
16460,0,3,3,7,1,4.087810,0.509819,0,1,4
16470,0,0,0,0,0,4.086105,0.509638,0,1,4
16480,0,1,2,4,1,4.085256,0.509517,0,1,4
16490,0,0,1,2,1,4.083905,0.509349,0,1,4
16500,0,0,0,1,1,4.083548,0.509271,0,1,4
16510,0,0,0,0,0,4.082439,0.509187,0,1,4
16520,0,0,0,1,1,4.081131,0.509044,0,1,4
16530,2,0,1,4,1,4.080238,0.508964,0,1,4
16540,0,0,1,2,1,4.079130,0.508826,0,1,4
16550,1,3,1,6,1,4.078452,0.508750,0,1,4
16560,1,4,0,6,1,4.078165,0.508695,0,1,4
16570,0,5,0,6,1,4.076822,0.508536,0,1,4
16580,0,0,0,0,0,4.075720,0.508430,0,1,4
16590,1,1,0,3,1,4.074536,0.508310,0,1,4
16600,0,0,0,0,0,4.072871,0.508202,0,1,4
16610,0,0,0,0,0,4.071814,0.508101,0,1,4
16620,0,0,0,1,1,4.070399,0.507933,0,1,4
16630,0,0,0,1,1,4.069135,0.507756,0,1,4
16640,0,1,2,4,1,4.068394,0.507626,0,1,4
16650,0,0,0,1,1,4.067237,0.507509,0,1,4
16660,0,0,0,0,0,4.066317,0.507391,0,1,4
16670,1,3,2,7,1,4.068478,0.507627,0,1,4
16680,0,1,0,2,1,4.067058,0.507473,0,1,4
16690,0,0,0,0,0,4.066013,0.507343,0,1,4
16700,0,0,0,1,1,4.064683,0.507170,0,1,4
16710,0,0,0,1,1,4.063714,0.507050,0,1,4
16720,1,3,0,5,1,4.062516,0.506935,0,1,4
16730,4,3,1,9,1,4.062537,0.506927,0,1,4
16740,3,0,1,5,1,4.061757,0.506879,0,1,4
16750,0,0,0,0,0,4.064152,0.507190,0,1,4
16760,2,5,0,8,1,4.063168,0.507072,0,1,4
16770,0,0,0,0,0,4.061880,0.506926,0,1,4
16780,3,5,1,10,1,4.063076,0.507031,0,1,4
16790,12,7,6,26,1,4.068773,0.507667,0,1,4
16800,0,0,0,1,1,4.074913,0.508426,0,1,4
16810,1,0,0,2,1,4.074231,0.508345,0,1,4
16820,3,4,3,11,1,4.073388,0.508263,0,1,4
16830,0,0,0,0,0,4.076930,0.508679,0,1,4
16840,0,0,0,0,0,4.075796,0.508587,0,1,4
16850,0,0,0,0,0,4.074098,0.508406,0,1,4
16860,3,2,1,7,1,4.074093,0.508372,0,1,4
16870,0,0,0,0,0,4.075633,0.508576,0,1,4
16880,3,3,3,10,1,4.074497,0.508488,0,1,4
16890,1,0,2,4,1,4.075978,0.508628,0,1,4
16900,2,1,3,7,1,4.076251,0.508685,0,1,4
16910,0,0,0,0,0,4.075478,0.508611,0,1,4
16920,1,2,1,5,1,4.075900,0.508608,0,1,4
16930,1,1,0,3,1,4.074832,0.508442,0,1,4
16940,0,0,0,0,0,4.074006,0.508336,0,1,4
16950,0,0,0,0,0,4.073087,0.508161,0,1,4
16960,0,0,0,0,0,4.071479,0.508010,0,1,4
16970,1,0,1,3,1,4.070856,0.507918,0,1,4
16980,4,3,0,8,1,4.071368,0.507967,0,1,4
16990,0,0,0,1,1,4.070983,0.507898,0,1,4
17000,2,1,1,5,1,4.072527,0.508061,0,1,4
17010,1,0,5,7,1,4.071941,0.507955,0,1,4
17020,0,0,0,0,0,4.071361,0.507935,0,1,4
17030,1,0,1,3,1,4.070028,0.507762,0,1,4
17040,0,0,0,0,0,4.070303,0.507782,0,1,4
17050,2,0,0,3,1,4.068986,0.507656,0,1,4
17060,0,0,1,2,1,4.067636,0.507532,0,1,4
17070,0,1,0,2,1,4.066872,0.507371,0,1,4
17080,1,0,0,2,1,4.066307,0.507297,0,1,4
17090,4,3,4,12,1,4.065632,0.507225,0,1,4
17100,0,0,0,1,1,4.068276,0.507574,0,1,4
17110,2,2,2,7,1,4.067615,0.507510,0,1,4
17120,1,0,0,2,1,4.066448,0.507372,0,1,4
17130,0,0,1,2,1,4.066425,0.507333,0,1,4
17140,0,1,0,2,1,4.065612,0.507299,0,1,4
17150,0,0,0,0,0,4.064501,0.507183,0,1,4
17160,3,4,7,15,1,4.068508,0.507621,0,1,4
17170,0,1,0,2,1,4.069762,0.507800,0,1,4
17180,1,0,0,2,1,4.069230,0.507745,0,1,4
17190,1,0,0,2,1,4.068057,0.507577,0,1,4
17200,3,1,0,5,1,4.066695,0.507419,0,1,4
17210,0,1,1,3,1,4.066559,0.507380,0,1,4
17220,1,1,3,6,1,4.065622,0.507275,0,1,4
17230,5,1,2,9,1,4.067651,0.507473,0,1,4
17240,0,0,0,1,1,4.068177,0.507510,0,1,4
17250,2,0,1,4,1,4.067877,0.507448,0,1,4
17260,0,0,0,0,0,4.067179,0.507350,0,1,4
17270,0,0,0,0,0,4.067485,0.507349,0,1,4
17280,0,0,0,0,0,4.066507,0.507209,0,1,4
17290,0,0,0,1,1,4.065078,0.507017,0,1,4
17300,0,0,0,0,0,4.063468,0.506835,0,1,4
17310,0,0,0,0,0,4.061752,0.506694,0,1,4
17320,0,0,0,1,1,4.060504,0.506536,0,1,4
17330,0,0,0,0,0,4.059104,0.506380,0,1,4
17340,0,0,2,3,1,4.059434,0.506363,0,1,4
17350,0,0,0,1,1,4.058298,0.506204,0,1,4
17360,0,0,0,0,0,4.057987,0.506217,0,1,4
17370,0,0,1,2,1,4.056674,0.506057,0,1,4
17380,0,4,1,6,1,4.056297,0.505985,0,1,4
17390,2,1,4,8,1,4.055647,0.505898,0,1,4
17400,1,0,1,3,1,4.056363,0.506049,0,1,4
17410,0,1,1,3,1,4.055835,0.505944,0,1,4
17420,0,0,0,1,1,4.054391,0.505812,0,1,4
17430,0,0,0,0,0,4.052779,0.505626,0,1,4
17440,2,3,0,6,1,4.051450,0.505478,0,1,4
17450,2,1,3,7,1,4.055093,0.505901,0,1,4
17460,4,0,1,6,1,4.055711,0.505957,0,1,4
17470,0,0,0,1,1,4.055946,0.505972,0,1,4
17480,0,0,0,0,0,4.058640,0.506280,0,1,4
17490,1,3,1,6,1,4.057331,0.506096,0,1,4
17500,0,3,0,4,1,4.056464,0.506024,0,1,4
17510,0,0,0,0,0,4.056072,0.505947,0,1,4
17520,2,0,1,4,1,4.055596,0.505856,0,1,4
17530,0,3,2,6,1,4.055126,0.505805,0,1,4
17540,0,1,1,3,1,4.054137,0.505736,0,1,4
17550,6,3,1,11,1,4.054239,0.505746,0,1,4
17560,0,0,0,0,0,4.053284,0.505635,0,1,4
17570,1,0,0,2,1,4.052714,0.505532,0,1,4
17580,0,0,1,2,1,4.051329,0.505378,0,1,4
17590,0,0,0,1,1,4.050295,0.505278,0,1,4
17600,1,1,2,5,1,4.049377,0.505160,0,1,4
17610,0,0,1,2,1,4.048639,0.505055,0,1,4
17620,0,0,0,1,1,4.048066,0.505001,0,1,4
17630,1,1,0,3,1,4.048009,0.504991,0,1,4
17640,1,0,0,2,1,4.047047,0.504865,0,1,4
17650,0,0,0,0,0,4.046251,0.504748,0,1,4
17660,0,0,0,1,1,4.044858,0.504593,0,1,4
17670,0,0,0,1,1,4.044458,0.504569,0,1,4
17680,0,0,0,1,1,4.043312,0.504451,0,1,4
17690,0,0,0,0,0,4.042396,0.504380,0,1,4
17700,5,1,0,7,1,4.041430,0.504263,0,1,4
17710,0,0,1,2,1,4.039899,0.504123,0,1,4
17720,0,1,1,3,1,4.039201,0.504025,0,1,4
17730,1,2,4,8,1,4.041115,0.504222,0,1,4
17740,0,0,0,0,0,4.041667,0.504299,0,1,4
17750,0,0,0,1,1,4.041491,0.504288,0,1,4
17760,0,0,0,0,0,4.041422,0.504241,0,1,4
17770,1,1,4,7,1,4.040230,0.504100,0,1,4
17780,1,0,0,2,1,4.043744,0.504503,0,1,4
17790,0,0,0,0,0,4.042561,0.504353,0,1,4
17800,11,2,7,21,1,4.046361,0.504813,0,1,4
17810,0,0,0,0,0,4.051569,0.505428,0,1,4
17820,0,0,1,2,1,4.050501,0.505324,0,1,4
17830,3,1,2,7,1,4.050231,0.505255,0,1,4
17840,3,2,1,7,1,4.049773,0.505245,0,1,4
17850,0,0,0,1,1,4.049130,0.505168,0,1,4
17860,0,0,0,1,1,4.047407,0.505007,0,1,4
17870,1,0,0,2,1,4.047012,0.504948,0,1,4
17880,0,0,0,1,1,4.046587,0.504888,0,1,4
17890,1,3,5,10,1,4.046268,0.504838,0,1,4
17900,0,2,2,5,1,4.047857,0.505023,0,1,4
17910,0,0,0,0,0,4.047216,0.504957,0,1,4
17920,0,1,0,2,1,4.045917,0.504803,0,1,4
17930,0,0,0,1,1,4.045051,0.504678,0,1,4
17940,5,0,5,11,1,4.044681,0.504639,0,1,4
17950,1,0,0,2,1,4.044641,0.504680,0,1,4
17960,10,6,12,29,1,4.049494,0.505195,0,1,4
17970,6,4,7,18,1,4.060009,0.506504,0,1,4
17980,0,0,0,0,0,4.060559,0.506594,0,1,4
17990,0,0,0,1,1,4.059134,0.506463,0,1,4
18000,0,0,0,1,1,4.057577,0.506318,0,1,4
18010,0,0,0,1,1,4.056473,0.506188,0,1,4
18020,3,3,3,10,1,4.057383,0.506267,0,1,4
18030,1,3,0,5,1,4.056153,0.506121,0,1,4
18040,0,0,0,0,0,4.056304,0.506123,0,1,4
18050,2,1,1,5,1,4.055589,0.506037,0,1,4
18060,1,1,1,4,1,4.054762,0.505956,0,1,4
18070,0,0,0,0,0,4.056601,0.506179,0,1,4
18080,0,0,0,1,1,4.055086,0.506022,0,1,4
18090,0,0,0,1,1,4.053682,0.505840,0,1,4
18100,1,3,1,6,1,4.055378,0.505993,0,1,4
18110,0,1,2,4,1,4.054001,0.505808,0,1,4
18120,1,1,0,3,1,4.053903,0.505747,0,1,4
18130,1,0,1,3,1,4.052653,0.505619,0,1,4
18140,0,0,0,1,1,4.051529,0.505518,0,1,4
18150,0,0,0,0,0,4.050077,0.505400,0,1,4
18160,0,0,0,0,0,4.050061,0.505367,0,1,4
18170,1,3,2,7,1,4.048490,0.505192,0,1,4
18180,0,6,1,8,1,4.049920,0.505309,0,1,4
18190,0,0,0,0,0,4.049553,0.505270,0,1,4
18200,0,0,0,0,0,4.051305,0.505476,0,1,4
18210,0,1,1,3,1,4.050403,0.505374,0,1,4
18220,0,0,1,2,1,4.053052,0.505650,0,1,4
18230,2,0,0,3,1,4.051551,0.505515,0,1,4
18240,0,0,0,0,0,4.050281,0.505374,0,1,4
18250,4,6,10,21,1,4.052086,0.505590,0,1,4
18260,1,2,2,6,1,4.057145,0.506183,0,1,4
18270,0,0,0,1,1,4.056248,0.506065,0,1,4
18280,0,0,0,1,1,4.056123,0.506071,0,1,4
18290,0,0,0,0,0,4.054801,0.505941,0,1,4
18300,0,0,0,0,0,4.054055,0.505824,0,1,4
18310,6,3,1,11,1,4.054857,0.505904,0,1,4
18320,0,2,0,3,1,4.054452,0.505844,0,1,4
18330,3,0,2,6,1,4.054840,0.505824,0,1,4
18340,1,4,2,8,1,4.054475,0.505779,0,1,4
18350,2,1,1,5,1,4.053777,0.505699,0,1,4
18360,0,0,0,1,1,4.052994,0.505647,0,1,4
18370,0,0,0,1,1,4.051883,0.505512,0,1,4
18380,0,0,0,0,0,4.050662,0.505391,0,1,4
18390,3,2,0,6,1,4.049567,0.505234,0,1,4
18400,1,1,1,4,1,4.048729,0.505175,0,1,4
18410,1,1,0,3,1,4.047996,0.505074,0,1,4
18420,0,1,0,2,1,4.047800,0.505043,0,1,4
18430,0,1,0,2,1,4.046547,0.504904,0,1,4
18440,6,2,4,13,1,4.047772,0.505027,0,1,4
18450,2,1,1,5,1,4.047074,0.504950,0,1,4
18460,2,9,4,16,1,4.047673,0.504964,0,1,4
18470,2,0,2,5,1,4.050838,0.505360,0,1,4
18480,3,4,1,9,1,4.050567,0.505343,0,1,4
18490,2,2,0,5,1,4.050368,0.505329,0,1,4
18500,1,0,0,2,1,4.048967,0.505148,0,1,4
18510,1,0,1,3,1,4.048103,0.505044,0,1,4
18520,0,0,0,1,1,4.048938,0.505169,0,1,4
18530,0,0,0,0,0,4.047782,0.505036,0,1,4
18540,0,1,0,2,1,4.046727,0.504908,0,1,4
18550,4,7,13,25,1,4.051505,0.505444,0,1,4
18560,7,5,8,21,1,4.061748,0.506681,0,1,4
18570,0,0,0,0,0,4.063305,0.506893,0,1,4
18580,0,1,2,4,1,4.062323,0.506734,0,1,4
18590,10,5,6,22,1,4.063678,0.506859,0,1,4
18600,12,8,3,24,1,4.075407,0.508326,0,1,4
18610,0,0,0,0,0,4.077473,0.508581,0,1,4
18620,0,1,2,4,1,4.076227,0.508416,0,1,4
18630,0,0,0,0,0,4.075304,0.508325,0,1,4
18640,0,0,0,0,0,4.074847,0.508262,0,1,4
18650,0,0,0,0,0,4.073269,0.508110,0,1,4
18660,8,4,3,16,1,4.076096,0.508415,0,1,4
18670,2,3,4,10,1,4.078693,0.508706,0,1,4
18680,0,0,0,0,0,4.077937,0.508639,0,1,4
18690,1,0,0,2,1,4.077271,0.508526,0,1,4
18700,1,0,1,3,1,4.076270,0.508426,0,1,4
18710,2,0,2,5,1,4.074784,0.508258,0,1,4
18720,0,0,0,0,0,4.073937,0.508183,0,1,4
18730,8,2,6,17,1,4.074922,0.508300,0,1,4
18740,6,4,8,19,1,4.083167,0.509292,0,1,4
18750,0,0,0,0,0,4.086006,0.509663,0,1,4
18760,1,0,1,3,1,4.086738,0.509732,0,1,4
18770,2,2,5,10,1,4.085708,0.509563,0,1,4
18780,0,0,0,1,1,4.085973,0.509614,0,1,4
18790,0,0,1,2,1,4.084376,0.509425,0,1,4
18800,0,0,0,1,1,4.085785,0.509578,0,1,4
18810,1,2,0,4,1,4.084620,0.509450,0,1,4
18820,2,2,1,6,1,4.083894,0.509323,0,1,4
18830,0,5,6,12,1,4.083379,0.509246,0,1,4
18840,2,4,2,9,1,4.089082,0.509897,0,1,4
18850,5,7,9,22,1,4.090316,0.509998,0,1,4
18860,3,2,3,9,1,4.095383,0.510647,0,1,4
18870,2,0,2,5,1,4.094335,0.510507,0,1,4
18880,1,0,2,4,1,4.093642,0.510411,0,1,4
18890,0,0,0,1,1,4.092670,0.510311,0,1,4
18900,0,0,0,1,1,4.091687,0.510192,0,1,4
18910,1,2,1,5,1,4.091080,0.510124,0,1,4
18920,2,4,0,7,1,4.090589,0.510050,0,1,4
18930,0,0,0,1,1,4.090370,0.510023,0,1,4
18940,0,0,0,1,1,4.088923,0.509843,0,1,4
18950,0,0,0,1,1,4.088989,0.509859,0,1,4
18960,0,0,1,2,1,4.088372,0.509820,0,1,4
18970,0,0,0,1,1,4.086825,0.509671,0,1,4
18980,0,2,1,4,1,4.085443,0.509516,0,1,4
18990,0,1,1,3,1,4.084110,0.509374,0,1,4
19000,0,0,0,0,0,4.082909,0.509248,0,1,4
19010,1,2,3,7,1,4.081791,0.509072,0,1,4
19020,0,0,0,1,1,4.083469,0.509289,0,1,4
19030,0,1,0,2,1,4.081812,0.509099,0,1,4
19040,3,3,2,9,1,4.081032,0.509003,0,1,4
19050,0,0,1,2,1,4.080627,0.509013,0,1,4
19060,0,0,0,0,0,4.080078,0.508948,0,1,4
19070,2,1,2,6,1,4.079290,0.508837,0,1,4
19080,0,3,2,6,1,4.078896,0.508819,0,1,4
19090,0,0,0,1,1,4.078246,0.508755,0,1,4
19100,0,0,0,0,0,4.077463,0.508641,0,1,4
19110,0,1,0,2,1,4.076551,0.508538,0,1,4
19120,0,0,0,1,1,4.075231,0.508384,0,1,4
19130,0,3,1,5,1,4.077286,0.508630,0,1,4
19140,0,1,0,2,1,4.076505,0.508524,0,1,4
19150,0,0,0,1,1,4.075617,0.508453,0,1,4
19160,0,0,1,2,1,4.075685,0.508456,0,1,4
19170,4,4,5,14,1,4.075058,0.508341,0,1,4
19180,5,2,2,10,1,4.076586,0.508509,0,1,4
19190,0,0,0,1,1,4.076169,0.508468,0,1,4
19200,0,0,0,1,1,4.075108,0.508333,0,1,4
19210,0,2,3,6,1,4.074504,0.508245,0,1,4
19220,0,0,0,1,1,4.074529,0.508268,0,1,4
19230,1,2,1,5,1,4.073384,0.508129,0,1,4
19240,1,1,0,3,1,4.072319,0.507974,0,1,4
19250,0,1,0,2,1,4.072150,0.507960,0,1,4
19260,2,5,2,10,1,4.071137,0.507837,0,1,4
19270,0,0,0,1,1,4.071743,0.507907,0,1,4
19280,1,2,1,5,1,4.070876,0.507819,0,1,4
19290,0,0,0,1,1,4.070841,0.507822,0,1,4
19300,2,1,1,5,1,4.071627,0.507901,0,1,4
19310,0,0,0,0,0,4.070603,0.507777,0,1,4
19320,1,0,0,2,1,4.069040,0.507615,0,1,4
19330,0,0,0,1,1,4.069795,0.507697,0,1,4
19340,3,2,1,7,1,4.068411,0.507528,0,1,4
19350,1,2,1,5,1,4.068040,0.507499,0,1,4
19360,1,2,0,4,1,4.066840,0.507353,0,1,4
19370,2,1,0,4,1,4.066233,0.507238,0,1,4
19380,6,2,3,12,1,4.068809,0.507511,0,1,4
19390,0,0,0,0,0,4.070931,0.507711,0,1,4
19400,0,0,0,0,0,4.069439,0.507532,0,1,4
19410,2,4,0,7,1,4.068069,0.507404,0,1,4
19420,0,0,0,0,0,4.067842,0.507389,0,1,4
19430,0,0,0,0,0,4.066740,0.507282,0,1,4
19440,0,0,0,0,0,4.065910,0.507208,0,1,4
19450,1,0,0,2,1,4.064289,0.507071,0,1,4
19460,0,1,0,2,1,4.062991,0.506959,0,1,4
19470,0,1,1,3,1,4.061946,0.506829,0,1,4
19480,3,2,2,8,1,4.060916,0.506704,0,1,4
19490,0,0,1,2,1,4.059760,0.506615,0,1,4
19500,4,3,4,12,1,4.059671,0.506556,0,1,4
19510,0,3,0,4,1,4.059343,0.506574,0,1,4
19520,3,2,1,7,1,4.058373,0.506447,0,1,4
19530,0,0,0,0,0,4.058733,0.506470,0,1,4
19540,2,3,0,6,1,4.058425,0.506383,0,1,4
19550,0,0,1,2,1,4.059311,0.506488,0,1,4
19560,1,1,0,3,1,4.058513,0.506424,0,1,4
19570,2,3,0,6,1,4.061238,0.506742,0,1,4
19580,1,0,0,2,1,4.060447,0.506654,0,1,4
19590,5,1,3,10,1,4.059928,0.506573,0,1,4
19600,1,0,0,2,1,4.059493,0.506535,0,1,4
19610,0,0,0,1,1,4.059226,0.506506,0,1,4
19620,2,0,1,4,1,4.061210,0.506747,0,1,4
19630,2,1,3,7,1,4.060142,0.506643,0,1,4
19640,1,1,1,4,1,4.059763,0.506603,0,1,4
19650,1,1,0,3,1,4.059693,0.506601,0,1,4
19660,0,0,0,0,0,4.059309,0.506570,0,1,4
19670,0,0,0,0,0,4.059416,0.506596,0,1,4
19680,0,0,0,0,0,4.059272,0.506563,0,1,4
19690,0,0,0,1,1,4.057766,0.506404,0,1,4
19700,0,0,0,0,0,4.056618,0.506245,0,1,4
19710,3,3,3,10,1,4.057753,0.506333,0,1,4
19720,0,0,0,0,0,4.059418,0.506548,0,1,4
19730,1,5,1,8,1,4.059266,0.506519,0,1,4
19740,1,1,1,4,1,4.059284,0.506532,0,1,4
19750,1,0,2,4,1,4.058449,0.506421,0,1,4
19760,1,1,1,4,1,4.057398,0.506278,0,1,4
19770,2,1,2,6,1,4.057144,0.506228,0,1,4
19780,1,0,1,3,1,4.056778,0.506182,0,1,4
19790,0,0,0,0,0,4.055349,0.506040,0,1,4
19800,1,1,2,5,1,4.054315,0.505895,0,1,4
19810,1,1,2,5,1,4.054135,0.505892,0,1,4
19820,0,0,0,1,1,4.052818,0.505779,0,1,4
19830,0,0,0,0,0,4.051870,0.505715,0,1,4
19840,2,3,2,8,1,4.051361,0.505640,0,1,4
19850,0,0,0,0,0,4.053600,0.505910,0,1,4
19860,0,1,0,2,1,4.052260,0.505784,0,1,4
19870,0,0,1,2,1,4.051092,0.505629,0,1,4
19880,5,8,6,20,1,4.054000,0.505952,0,1,4
19890,0,0,0,0,0,4.058713,0.506572,0,1,4
19900,1,1,2,5,1,4.057962,0.506453,0,1,4
19910,0,0,0,0,0,4.056706,0.506313,0,1,4
19920,4,7,4,16,1,4.056882,0.506310,0,1,4
19930,0,0,0,1,1,4.058332,0.506466,0,1,4
19940,0,1,0,2,1,4.059131,0.506531,0,1,4
19950,2,0,1,4,1,4.057787,0.506408,0,1,4
19960,0,0,0,1,1,4.056471,0.506231,0,1,4
19970,2,1,1,5,1,4.055785,0.506102,0,1,4
19980,2,1,2,6,1,4.056933,0.506217,0,1,4
19990,0,0,0,1,1,4.057371,0.506288,0,1,4
20000,1,0,0,2,1,4.056511,0.506156,0,1,4
20010,0,3,4,8,1,4.058886,0.506424,0,1,4
20020,1,1,1,4,1,4.060115,0.506597,0,1,4
20030,0,1,2,4,1,4.060745,0.506720,0,1,4
20040,0,0,0,1,1,4.059905,0.506622,0,1,4
20050,0,0,0,1,1,4.059583,0.506567,0,1,4
20060,2,0,1,4,1,4.058949,0.506447,0,1,4
20070,0,0,1,2,1,4.058566,0.506431,0,1,4
20080,0,0,0,1,1,4.058272,0.506392,0,1,4
20090,1,0,0,2,1,4.056938,0.506264,0,1,4
20100,0,0,0,0,0,4.057260,0.506333,0,1,4
20110,1,1,2,5,1,4.057097,0.506313,0,1,4
20120,4,3,6,14,1,4.058149,0.506451,0,1,4
20130,0,1,0,2,1,4.061215,0.506821,0,1,4
20140,0,0,3,4,1,4.061007,0.506792,0,1,4
20150,1,4,4,10,1,4.061061,0.506765,0,1,4
20160,0,2,0,3,1,4.061574,0.506817,0,1,4
20170,4,2,2,9,1,4.061646,0.506851,0,1,4
20180,0,0,0,1,1,4.061505,0.506837,0,1,4
20190,0,0,0,0,0,4.060203,0.506685,0,1,4
20200,1,0,0,2,1,4.059556,0.506598,0,1,4
20210,0,0,0,0,0,4.059464,0.506559,0,1,4
20220,0,0,0,0,0,4.058534,0.506462,0,1,4
20230,0,0,0,0,0,4.056964,0.506332,0,1,4
20240,2,3,1,7,1,4.056293,0.506280,0,1,4
20250,0,1,0,2,1,4.055632,0.506217,0,1,4
20260,0,0,0,1,1,4.054739,0.506118,0,1,4
20270,4,7,3,15,1,4.058583,0.506573,0,1,4
20280,8,9,3,21,1,4.066704,0.507562,0,1,4
20290,2,5,4,12,1,4.072944,0.508313,0,1,4
20300,4,3,4,12,1,4.077618,0.508888,0,1,4
20310,0,0,0,0,0,4.077582,0.508927,0,1,4
20320,2,2,3,8,1,4.076515,0.508813,0,1,4
20330,5,10,7,23,1,4.082956,0.509577,0,1,4
20340,5,9,3,18,1,4.093250,0.510881,0,1,4
20350,1,0,0,2,1,4.096537,0.511276,0,1,4
20360,0,1,1,3,1,4.094944,0.511146,0,1,4
20370,0,0,0,0,0,4.095322,0.511169,0,1,4
20380,4,1,1,7,1,4.094761,0.511093,0,1,4
20390,0,0,1,2,1,4.095788,0.511209,0,1,4
20400,2,1,1,5,1,4.094858,0.511052,0,1,4
20410,0,0,0,1,1,4.094445,0.511026,0,1,4
20420,0,0,0,1,1,4.093594,0.510914,0,1,4
20430,2,2,0,5,1,4.093345,0.510874,0,1,4
20440,0,0,1,2,1,4.092878,0.510847,0,1,4
20450,0,0,0,0,0,4.091702,0.510692,0,1,4
20460,1,1,0,3,1,4.091608,0.510649,0,1,4
20470,0,0,0,1,1,4.090421,0.510498,0,1,4
20480,9,2,8,20,1,4.092540,0.510748,0,1,4
20490,3,1,1,6,1,4.094836,0.511031,0,1,4
20500,1,0,2,4,1,4.095300,0.511077,0,1,4
20510,0,0,0,1,1,4.093975,0.510912,0,1,4
20520,1,1,2,5,1,4.093778,0.510891,0,1,4
20530,0,0,0,0,0,4.093677,0.510907,0,1,4
20540,2,2,0,5,1,4.092577,0.510748,0,1,4
20550,0,0,0,1,1,4.091050,0.510605,0,1,4
20560,2,1,5,9,1,4.090519,0.510527,0,1,4
20570,5,3,2,11,1,4.090410,0.510492,0,1,4
20580,1,1,2,5,1,4.092357,0.510723,0,1,4
20590,0,0,1,2,1,4.093911,0.510889,0,1,4
20600,0,0,0,0,0,4.093295,0.510791,0,1,4
20610,3,1,0,5,1,4.091835,0.510628,0,1,4
20620,0,0,0,0,0,4.091471,0.510626,0,1,4
20630,4,1,1,7,1,4.090574,0.510527,0,1,4
20640,1,1,2,5,1,4.089507,0.510422,0,1,4
20650,1,1,2,5,1,4.090267,0.510539,0,1,4
20660,0,3,1,5,1,4.090645,0.510571,0,1,4
20670,2,8,2,13,1,4.092173,0.510787,0,1,4
20680,0,0,0,1,1,4.095104,0.511153,0,1,4
20690,3,1,3,8,1,4.094227,0.511065,0,1,4
20700,0,0,0,0,0,4.095334,0.511207,0,1,4
20710,4,0,3,8,1,4.095614,0.511211,0,1,4
20720,2,1,4,8,1,4.095612,0.511196,0,1,4
20730,2,4,0,7,1,4.094533,0.511065,0,1,4
20740,4,2,3,10,1,4.095488,0.511166,0,1,4
20750,0,0,0,1,1,4.098104,0.511496,0,1,4
20760,0,0,0,1,1,4.097640,0.511435,0,1,4
20770,0,3,1,5,1,4.097399,0.511399,0,1,4
20780,1,0,0,2,1,4.097705,0.511429,0,1,4
20790,0,0,0,1,1,4.096317,0.511265,0,1,4
20800,0,0,0,1,1,4.095379,0.511161,0,1,4
20810,4,2,2,9,1,4.094408,0.511027,0,1,4
20820,1,2,0,4,1,4.093919,0.510982,0,1,4
20830,3,3,4,11,1,4.094387,0.510998,0,1,4
20840,0,0,0,1,1,4.094417,0.511011,0,1,4
20850,0,0,0,0,0,4.093121,0.510878,0,1,4
20860,2,2,0,5,1,4.092618,0.510803,0,1,4
20870,1,2,1,5,1,4.092690,0.510858,0,1,4
20880,0,1,0,2,1,4.091650,0.510768,0,1,4
20890,1,0,1,3,1,4.091716,0.510707,0,1,4
20900,1,0,1,3,1,4.091440,0.510663,0,1,4
20910,1,1,2,5,1,4.090961,0.510613,0,1,4
20920,2,1,0,4,1,4.089970,0.510514,0,1,4
20930,0,0,0,1,1,4.090016,0.510545,0,1,4
20940,0,0,0,0,0,4.089707,0.510497,0,1,4
20950,3,3,8,15,1,4.093126,0.510879,0,1,4
20960,0,0,0,1,1,4.093566,0.510931,0,1,4
20970,2,0,0,3,1,4.092497,0.510786,0,1,4
20980,0,0,0,0,0,4.091312,0.510650,0,1,4
20990,1,0,0,2,1,4.090175,0.510530,0,1,4
21000,2,3,1,7,1,4.089044,0.510404,0,1,4
21010,1,0,0,2,1,4.090754,0.510588,0,1,4
21020,1,0,1,3,1,4.089158,0.510462,0,1,4
21030,1,0,4,6,1,4.089277,0.510495,0,1,4
21040,0,0,0,1,1,4.088199,0.510373,0,1,4
21050,0,0,0,0,0,4.088122,0.510358,0,1,4
21060,0,0,0,1,1,4.086855,0.510182,0,1,4
21070,2,2,0,5,1,4.085872,0.510105,0,1,4
21080,1,2,2,6,1,4.086394,0.510140,0,1,4
21090,1,0,0,2,1,4.085813,0.510068,0,1,4
21100,0,1,1,3,1,4.086277,0.510117,0,1,4
21110,0,0,0,1,1,4.086537,0.510140,0,1,4
21120,1,1,0,3,1,4.085846,0.510058,0,1,4
21130,0,1,1,3,1,4.084609,0.509934,0,1,4
21140,2,0,3,6,1,4.084105,0.509859,0,1,4
21150,0,0,0,0,0,4.083851,0.509816,0,1,4
21160,2,2,3,8,1,4.082781,0.509688,0,1,4
21170,0,0,0,1,1,4.083203,0.509759,0,1,4
21180,0,0,0,0,0,4.082216,0.509624,0,1,4
21190,1,2,0,4,1,4.081372,0.509486,0,1,4
21200,0,1,0,2,1,4.081289,0.509488,0,1,4
21210,3,4,1,9,1,4.081264,0.509482,0,1,4
21220,1,0,1,3,1,4.080440,0.509413,0,1,4
21230,0,0,0,0,0,4.079676,0.509351,0,1,4
21240,0,0,0,0,0,4.079422,0.509316,0,1,4
21250,1,4,0,6,1,4.079299,0.509304,0,1,4
21260,0,0,1,2,1,4.078531,0.509203,0,1,4
21270,0,0,1,2,1,4.077662,0.509118,0,1,4
21280,0,0,0,1,1,4.076761,0.509036,0,1,4
21290,2,0,4,7,1,4.076718,0.509034,0,1,4
21300,1,1,0,3,1,4.076655,0.509026,0,1,4
21310,2,2,1,6,1,4.075756,0.508917,0,1,4
21320,10,5,8,24,1,4.079758,0.509372,0,1,4
21330,0,0,0,0,0,4.083335,0.509825,0,1,4
21340,0,0,1,2,1,4.082113,0.509700,0,1,4
21350,2,6,1,10,1,4.081323,0.509601,0,1,4
21360,0,0,1,2,1,4.083634,0.509893,0,1,4
21370,0,0,0,0,0,4.083163,0.509838,0,1,4
21380,0,1,0,2,1,4.082232,0.509737,0,1,4
21390,1,0,0,2,1,4.081690,0.509666,0,1,4
21400,0,0,0,0,0,4.080405,0.509542,0,1,4
21410,1,1,0,3,1,4.079717,0.509435,0,1,4
21420,4,5,4,14,1,4.084150,0.509944,0,1,4
21430,0,0,0,0,0,4.085209,0.510101,0,1,4
21440,0,0,0,1,1,4.084336,0.509989,0,1,4
21450,0,0,0,0,0,4.083068,0.509884,0,1,4
21460,1,1,1,4,1,4.082616,0.509855,0,1,4
21470,0,0,0,1,1,4.084129,0.510038,0,1,4
21480,4,1,2,8,1,4.085570,0.510203,0,1,4
21490,8,2,11,22,1,4.086401,0.510304,0,1,4
21500,0,0,0,0,0,4.087935,0.510511,0,1,4
21510,0,0,1,2,1,4.086638,0.510373,0,1,4
21520,2,0,1,4,1,4.085915,0.510310,0,1,4
21530,1,1,2,5,1,4.086186,0.510311,0,1,4
21540,1,1,1,4,1,4.086021,0.510285,0,1,4
21550,0,0,1,2,1,4.084783,0.510116,0,1,4
21560,4,1,8,14,1,4.086160,0.510264,0,1,4
21570,0,1,4,6,1,4.086196,0.510251,0,1,4
21580,0,0,0,0,0,4.089455,0.510614,0,1,4
21590,2,5,4,12,1,4.089275,0.510533,0,1,4
21600,0,0,0,1,1,4.093524,0.511028,0,1,4
21610,1,1,1,4,1,4.092546,0.510933,0,1,4
21620,0,0,1,2,1,4.092026,0.510886,0,1,4
21630,0,0,0,1,1,4.090766,0.510729,0,1,4
21640,2,0,3,6,1,4.089755,0.510627,0,1,4
21650,0,2,2,5,1,4.089532,0.510605,0,1,4
21660,0,0,0,0,0,4.089239,0.510566,0,1,4
21670,0,0,1,2,1,4.088557,0.510448,0,1,4
21680,0,0,0,1,1,4.087205,0.510292,0,1,4
21690,1,0,2,4,1,4.085867,0.510110,0,1,4
21700,0,0,0,1,1,4.084477,0.509990,0,1,4
21710,0,0,0,0,0,4.083220,0.509848,0,1,4
21720,1,3,2,7,1,4.083286,0.509856,0,1,4
21730,6,8,5,20,1,4.086174,0.510147,0,1,4
21740,0,0,0,1,1,4.088411,0.510423,0,1,4
21750,0,3,1,5,1,4.087423,0.510335,0,1,4
21760,2,0,0,3,1,4.086758,0.510253,0,1,4
21770,0,1,0,2,1,4.086440,0.510178,0,1,4
21780,0,0,0,0,0,4.086273,0.510143,0,1,4
21790,5,2,5,13,1,4.086363,0.510143,0,1,4
21800,1,0,0,2,1,4.086914,0.510197,0,1,4
21810,1,0,0,2,1,4.085824,0.510059,0,1,4
21820,0,0,3,4,1,4.085710,0.510018,0,1,4
21830,0,1,1,3,1,4.085188,0.509913,0,1,4
21840,2,0,1,4,1,4.083830,0.509776,0,1,4
21850,2,0,0,3,1,4.083542,0.509728,0,1,4
21860,0,0,0,1,1,4.084335,0.509819,0,1,4
21870,1,2,0,4,1,4.083401,0.509726,0,1,4
21880,0,0,0,0,0,4.084436,0.509835,0,1,4
21890,0,0,0,0,0,4.083595,0.509719,0,1,4
21900,1,0,0,2,1,4.085214,0.509892,0,1,4
21910,0,0,0,1,1,4.084382,0.509815,0,1,4
21920,3,2,0,6,1,4.083540,0.509733,0,1,4
21930,1,1,1,4,1,4.083150,0.509708,0,1,4
21940,4,2,4,11,1,4.082285,0.509606,0,1,4
21950,6,8,3,18,1,4.089422,0.510489,0,1,4
21960,1,0,0,2,1,4.092149,0.510861,0,1,4
21970,2,4,2,9,1,4.092494,0.510873,0,1,4
21980,2,0,0,3,1,4.091461,0.510776,0,1,4
21990,0,0,0,0,0,4.090017,0.510651,0,1,4
22000,1,2,0,4,1,4.090350,0.510713,0,1,4
22010,0,1,0,2,1,4.089868,0.510627,0,1,4
22020,0,2,5,8,1,4.090328,0.510679,0,1,4
22030,0,0,0,1,1,4.089492,0.510598,0,1,4
22040,1,0,0,2,1,4.088505,0.510473,0,1,4
22050,5,7,4,17,1,4.089096,0.510477,0,1,4
22060,3,1,2,7,1,4.093231,0.510962,0,1,4
22070,6,4,1,12,1,4.094506,0.511116,0,1,4
22080,0,0,0,1,1,4.097346,0.511482,0,1,4
22090,0,0,1,2,1,4.096437,0.511380,0,1,4
22100,0,0,0,1,1,4.095353,0.511268,0,1,4
22110,1,1,2,5,1,4.094553,0.511166,0,1,4
22120,0,0,0,0,0,4.095520,0.511273,0,1,4
22130,0,0,0,1,1,4.094520,0.511183,0,1,4
22140,0,0,0,0,0,4.093935,0.511101,0,1,4
22150,0,0,0,0,0,4.093326,0.511017,0,1,4
22160,0,2,3,6,1,4.092706,0.510946,0,1,4
22170,0,0,0,1,1,4.091859,0.510878,0,1,4
22180,0,0,1,2,1,4.090990,0.510766,0,1,4
22190,6,2,3,12,1,4.091511,0.510820,0,1,4
22200,0,0,0,1,1,4.091039,0.510782,0,1,4
22210,0,0,0,1,1,4.090006,0.510679,0,1,4
22220,2,0,2,5,1,4.090204,0.510655,0,1,4
22230,0,0,0,0,0,4.089523,0.510599,0,1,4
22240,0,0,0,1,1,4.089111,0.510596,0,1,4
22250,0,0,0,0,0,4.087847,0.510445,0,1,4
22260,1,1,0,3,1,4.087092,0.510336,0,1,4
22270,2,1,7,11,1,4.088306,0.510471,0,1,4
22280,0,0,0,1,1,4.091703,0.510864,0,1,4
22290,5,9,8,23,1,4.094089,0.511145,0,1,4
22300,4,7,3,15,1,4.099369,0.511779,0,1,4
22310,6,7,5,19,1,4.105857,0.512557,0,1,4
22320,5,9,5,20,1,4.111558,0.513255,0,1,4
22330,0,1,1,3,1,4.115871,0.513782,0,1,4
22340,1,0,0,2,1,4.114734,0.513681,0,1,4
22350,0,0,0,0,0,4.115238,0.513729,0,1,4
22360,3,3,4,11,1,4.119156,0.514196,0,1,4
22370,2,1,2,6,1,4.121622,0.514455,0,1,4
22380,4,4,5,14,1,4.121603,0.514442,0,1,4
22390,0,0,0,1,1,4.122828,0.514598,0,1,4
22400,0,0,0,0,0,4.121681,0.514461,0,1,4
22410,0,0,0,0,0,4.121246,0.514393,0,1,4
22420,0,0,0,0,0,4.120476,0.514305,0,1,4
22430,0,0,0,1,1,4.119692,0.514225,0,1,4
22440,2,2,1,6,1,4.118822,0.514111,0,1,4
22450,1,0,3,5,1,4.118898,0.514138,0,1,4
22460,0,0,0,1,1,4.117896,0.514022,0,1,4
22470,1,0,1,3,1,4.116922,0.513926,0,1,4
22480,0,1,1,3,1,4.115841,0.513814,0,1,4
22490,0,0,1,2,1,4.115640,0.513784,0,1,4
22500,0,3,2,6,1,4.115277,0.513728,0,1,4
22510,0,0,0,0,0,4.114214,0.513661,0,1,4
22520,2,1,1,5,1,4.115639,0.513850,0,1,4
22530,0,1,0,2,1,4.114622,0.513712,0,1,4
22540,0,1,0,2,1,4.113890,0.513621,0,1,4
22550,0,0,1,2,1,4.113616,0.513593,0,1,4
22560,1,1,0,3,1,4.113253,0.513539,0,1,4
22570,2,1,1,5,1,4.114829,0.513719,0,1,4
22580,1,0,2,4,1,4.115491,0.513754,0,1,4
22590,0,0,0,0,0,4.114528,0.513640,0,1,4
22600,1,3,6,11,1,4.115411,0.513722,0,1,4
22610,0,0,0,1,1,4.114714,0.513643,0,1,4
22620,2,1,2,6,1,4.114500,0.513594,0,1,4
22630,1,1,0,3,1,4.113893,0.513545,0,1,4
22640,2,1,1,5,1,4.113390,0.513451,0,1,4
22650,0,0,0,0,0,4.114690,0.513594,0,1,4
22660,0,0,1,2,1,4.113208,0.513454,0,1,4
22670,0,0,0,1,1,4.112320,0.513386,0,1,4
22680,0,1,1,3,1,4.110972,0.513260,0,1,4
22690,11,3,3,18,1,4.117162,0.513977,0,1,4
22700,0,1,0,2,1,4.123476,0.514734,0,1,4
22710,0,0,0,0,0,4.122455,0.514621,0,1,4
22720,2,1,1,5,1,4.121918,0.514538,0,1,4
22730,2,2,3,8,1,4.124157,0.514772,0,1,4
22740,2,1,2,6,1,4.123494,0.514664,0,1,4
22750,0,0,0,1,1,4.122460,0.514510,0,1,4
22760,1,4,0,6,1,4.121736,0.514370,0,1,4
22770,0,2,1,4,1,4.121373,0.514344,0,1,4
22780,0,0,1,2,1,4.120591,0.514247,0,1,4
22790,0,0,0,0,0,4.121046,0.514287,0,1,4
22800,0,1,1,3,1,4.120498,0.514200,0,1,4
22810,0,1,1,3,1,4.120673,0.514230,0,1,4
22820,0,0,0,1,1,4.119707,0.514116,0,1,4
22830,3,8,2,14,1,4.118531,0.514017,0,1,4
22840,0,0,0,0,0,4.120235,0.514247,0,1,4
22850,3,2,1,7,1,4.122606,0.514504,0,1,4
22860,1,1,1,4,1,4.121536,0.514388,0,1,4
22870,0,1,0,2,1,4.120448,0.514269,0,1,4
22880,0,0,0,1,1,4.119131,0.514153,0,1,4
22890,0,1,0,2,1,4.117931,0.514048,0,1,4
22900,8,2,3,14,1,4.117698,0.514022,0,1,4
22910,0,0,0,1,1,4.117144,0.514001,0,1,4
22920,0,0,0,1,1,4.116647,0.513970,0,1,4
22930,1,1,5,8,1,4.115787,0.513860,0,1,4
22940,1,0,6,8,1,4.118081,0.514124,0,1,4
22950,0,0,0,0,0,4.118123,0.514132,0,1,4
22960,0,0,0,1,1,4.116906,0.514023,0,1,4
22970,1,1,0,3,1,4.116139,0.513924,0,1,4
22980,2,3,9,15,1,4.117884,0.514101,0,1,4
22990,0,1,1,3,1,4.121031,0.514499,0,1,4
23000,0,0,0,1,1,4.120470,0.514446,0,1,4
23010,3,1,0,5,1,4.119292,0.514322,0,1,4
23020,0,1,2,4,1,4.118566,0.514251,0,1,4
23030,2,3,5,11,1,4.119859,0.514410,0,1,4
23040,0,0,0,0,0,4.119564,0.514373,0,1,4
23050,6,0,2,9,1,4.118986,0.514301,0,1,4
23060,0,0,0,1,1,4.119395,0.514367,0,1,4
23070,0,4,5,10,1,4.119064,0.514312,0,1,4
23080,6,3,3,13,1,4.121197,0.514548,0,1,4
23090,3,5,2,11,1,4.123890,0.514848,0,1,4
23100,1,2,3,7,1,4.126723,0.515171,0,1,4
23110,1,3,2,7,1,4.126183,0.515099,0,1,4
23120,0,0,1,2,1,4.126046,0.515096,0,1,4
23130,1,1,0,3,1,4.125271,0.514983,0,1,4
23140,5,3,3,12,1,4.125946,0.515014,0,1,4
23150,1,0,0,2,1,4.125716,0.514978,0,1,4
23160,2,0,3,6,1,4.125529,0.514955,0,1,4
23170,1,0,0,2,1,4.124695,0.514842,0,1,4
23180,4,1,5,11,1,4.125114,0.514859,0,1,4
23190,1,3,1,6,1,4.125993,0.514969,0,1,4
23200,2,1,2,6,1,4.126082,0.514967,0,1,4
23210,0,4,3,8,1,4.125523,0.514928,0,1,4
23220,1,0,0,2,1,4.125160,0.514852,0,1,4
23230,4,1,0,6,1,4.124704,0.514738,0,1,4
23240,0,0,0,0,0,4.123594,0.514624,0,1,4
23250,1,0,1,3,1,4.123325,0.514594,0,1,4
23260,0,0,0,0,0,4.122356,0.514517,0,1,4
23270,0,0,0,0,0,4.121112,0.514396,0,1,4
23280,0,0,0,1,1,4.120404,0.514286,0,1,4
23290,2,7,4,14,1,4.120902,0.514337,0,1,4
23300,0,0,0,0,0,4.121930,0.514477,0,1,4
23310,0,0,2,3,1,4.121449,0.514434,0,1,4
23320,1,0,1,3,1,4.122640,0.514558,0,1,4
23330,0,2,1,4,1,4.121743,0.514460,0,1,4
23340,1,0,0,2,1,4.120808,0.514327,0,1,4
23350,1,0,0,2,1,4.119889,0.514221,0,1,4
23360,3,1,1,6,1,4.118894,0.514100,0,1,4
23370,1,3,4,9,1,4.119191,0.514090,0,1,4
23380,0,0,0,0,0,4.118792,0.514038,0,1,4
23390,0,0,0,1,1,4.117910,0.513948,0,1,4
23400,0,0,0,1,1,4.117288,0.513903,0,1,4
23410,1,0,0,2,1,4.116297,0.513780,0,1,4
23420,0,0,0,1,1,4.115669,0.513707,0,1,4
23430,0,0,0,1,1,4.115235,0.513662,0,1,4
23440,0,0,0,0,0,4.114303,0.513565,0,1,4
23450,3,7,2,13,1,4.114856,0.513588,0,1,4
23460,2,0,2,5,1,4.115640,0.513683,0,1,4
23470,1,3,0,5,1,4.115136,0.513621,0,1,4
23480,0,0,0,0,0,4.114228,0.513521,0,1,4
23490,1,1,0,3,1,4.115625,0.513663,0,1,4
23500,0,1,0,2,1,4.115939,0.513692,0,1,4
23510,1,0,0,2,1,4.114822,0.513580,0,1,4
23520,0,0,0,1,1,4.115668,0.513686,0,1,4
23530,0,0,0,0,0,4.115159,0.513628,0,1,4
23540,0,0,0,1,1,4.114575,0.513564,0,1,4
23550,0,1,1,3,1,4.113987,0.513474,0,1,4
23560,2,1,0,4,1,4.113734,0.513419,0,1,4
23570,0,3,2,6,1,4.113777,0.513403,0,1,4
23580,1,1,2,5,1,4.117319,0.513810,0,1,4
23590,0,0,0,1,1,4.116782,0.513748,0,1,4
23600,1,2,1,5,1,4.116057,0.513685,0,1,4
23610,2,2,3,8,1,4.118004,0.513910,0,1,4
23620,0,0,0,0,0,4.116764,0.513793,0,1,4
23630,0,1,3,5,1,4.116630,0.513761,0,1,4
23640,0,1,1,3,1,4.116268,0.513702,0,1,4
23650,0,0,0,0,0,4.115504,0.513615,0,1,4
23660,4,3,3,11,1,4.116387,0.513694,0,1,4
23670,0,0,0,0,0,4.116264,0.513692,0,1,4
23680,0,0,0,0,0,4.114942,0.513568,0,1,4
23690,0,0,2,3,1,4.114026,0.513446,0,1,4
23700,0,0,0,1,1,4.115106,0.513567,0,1,4
23710,1,1,0,3,1,4.115007,0.513529,0,1,4
23720,4,5,4,14,1,4.115449,0.513522,0,1,4
23730,2,0,1,4,1,4.115768,0.513565,0,1,4
23740,0,0,0,0,0,4.115146,0.513523,0,1,4
23750,1,1,2,5,1,4.113950,0.513374,0,1,4
23760,0,0,0,1,1,4.113004,0.513256,0,1,4
23770,4,4,5,14,1,4.113415,0.513259,0,1,4
23780,0,3,2,6,1,4.113690,0.513272,0,1,4
23790,1,1,0,3,1,4.112577,0.513169,0,1,4
23800,0,0,0,0,0,4.111700,0.513071,0,1,4
23810,0,2,4,7,1,4.111174,0.513008,0,1,4
23820,0,0,0,0,0,4.111019,0.513000,0,1,4
23830,2,0,1,4,1,4.110961,0.512966,0,1,4
23840,0,0,0,1,1,4.109883,0.512843,0,1,4
23850,0,0,1,2,1,4.109348,0.512782,0,1,4
23860,0,1,3,5,1,4.108524,0.512676,0,1,4
23870,0,0,0,0,0,4.107641,0.512572,0,1,4
23880,1,0,0,2,1,4.106461,0.512452,0,1,4
23890,0,0,0,1,1,4.106548,0.512444,0,1,4
23900,0,0,0,0,0,4.105362,0.512321,0,1,4
23910,0,0,0,1,1,4.104486,0.512217,0,1,4
23920,1,3,0,5,1,4.103923,0.512147,0,1,4
23930,0,0,2,3,1,4.103053,0.512058,0,1,4
23940,0,1,0,2,1,4.102273,0.511929,0,1,4
23950,1,0,2,4,1,4.101557,0.511834,0,1,4
23960,2,11,4,18,1,4.102367,0.511893,0,1,4
23970,2,1,3,7,1,4.104103,0.512134,0,1,4
23980,0,0,0,0,0,4.103185,0.512039,0,1,4
23990,0,0,0,1,1,4.102401,0.511923,0,1,4
24000,0,0,0,0,0,4.101533,0.511807,0,1,4
24010,2,3,5,11,1,4.101272,0.511788,0,1,4
24020,0,0,0,0,0,4.101070,0.511789,0,1,4
24030,0,0,0,1,1,4.100548,0.511727,0,1,4
24040,0,1,1,3,1,4.100605,0.511703,0,1,4
24050,2,3,2,8,1,4.099766,0.511583,0,1,4
24060,1,0,0,2,1,4.098873,0.511477,0,1,4
24070,3,1,0,5,1,4.097984,0.511396,0,1,4
24080,4,3,1,9,1,4.098432,0.511452,0,1,4
24090,2,0,1,4,1,4.098396,0.511437,0,1,4
24100,0,0,0,1,1,4.097322,0.511301,0,1,4
24110,11,6,3,21,1,4.098399,0.511425,0,1,4
24120,1,7,1,10,1,4.103486,0.512073,0,1,4
24130,4,3,4,12,1,4.108103,0.512634,0,1,4
24140,5,7,5,18,1,4.113666,0.513286,0,1,4
24150,8,7,4,20,1,4.120173,0.514085,0,1,4
24160,4,11,6,22,1,4.128298,0.515083,0,1,4
24170,2,5,8,16,1,4.133417,0.515725,0,1,4
24180,0,0,1,2,1,4.133520,0.515730,0,1,4
24190,0,0,0,0,0,4.132344,0.515613,0,1,4
24200,0,0,0,0,0,4.131674,0.515543,0,1,4
24210,0,0,0,1,1,4.131160,0.515501,0,1,4
24220,2,5,5,13,1,4.132694,0.515666,0,1,4
24230,7,6,6,20,1,4.138203,0.516356,0,1,4
24240,0,0,0,1,1,4.142185,0.516846,0,1,4
24250,0,0,0,1,1,4.141112,0.516747,0,1,4
24260,0,0,0,1,1,4.140111,0.516633,0,1,4
24270,0,0,0,0,0,4.139209,0.516550,0,1,4
24280,0,2,1,4,1,4.138893,0.516500,0,1,4
24290,0,0,0,1,1,4.138361,0.516450,0,1,4
24300,3,0,0,4,1,4.137533,0.516373,0,1,4
24310,1,1,0,3,1,4.136817,0.516303,0,1,4
24320,0,0,0,0,0,4.135995,0.516222,0,1,4
24330,2,1,2,6,1,4.136795,0.516309,0,1,4
24340,0,0,0,1,1,4.136054,0.516222,0,1,4
24350,0,0,0,0,0,4.136141,0.516220,0,1,4
24360,0,0,0,0,0,4.135912,0.516184,0,1,4
24370,3,1,1,6,1,4.134933,0.516094,0,1,4
24380,0,0,2,3,1,4.138724,0.516522,0,1,4
24390,1,0,1,3,1,4.137676,0.516389,0,1,4
24400,0,0,1,2,1,4.136317,0.516233,0,1,4
24410,0,0,0,1,1,4.135289,0.516108,0,1,4
24420,2,1,0,4,1,4.134866,0.516039,0,1,4
24430,0,0,0,0,0,4.135555,0.516123,0,1,4
24440,0,0,0,0,0,4.134473,0.516023,0,1,4
24450,1,0,0,2,1,4.133540,0.515930,0,1,4
24460,1,0,1,3,1,4.132563,0.515822,0,1,4
24470,1,0,0,2,1,4.131352,0.515679,0,1,4
24480,4,3,0,8,1,4.131272,0.515653,0,1,4
24490,0,0,0,0,0,4.130832,0.515628,0,1,4
24500,0,0,0,1,1,4.129734,0.515504,0,1,4
24510,0,1,0,2,1,4.128767,0.515376,0,1,4
24520,0,4,0,5,1,4.129229,0.515431,0,1,4
24530,0,0,0,0,0,4.129204,0.515447,0,1,4
24540,6,1,0,8,1,4.129828,0.515480,0,1,4
24550,4,1,5,11,1,4.131073,0.515612,0,1,4
24560,0,0,0,1,1,4.131708,0.515708,0,1,4
24570,0,0,0,1,1,4.130606,0.515581,0,1,4
24580,0,1,1,3,1,4.130605,0.515581,0,1,4
24590,0,0,0,0,0,4.130182,0.515502,0,1,4
24600,0,0,0,0,0,4.129970,0.515489,0,1,4
24610,0,1,0,2,1,4.129096,0.515357,0,1,4
24620,0,0,0,0,0,4.128461,0.515262,0,1,4
24630,5,7,4,17,1,4.130202,0.515415,0,1,4
24640,10,4,6,21,1,4.133513,0.515794,0,1,4
24650,9,6,6,22,1,4.140346,0.516626,0,1,4
24660,0,0,0,1,1,4.141977,0.516851,0,1,4
24670,0,2,0,3,1,4.141176,0.516762,0,1,4
24680,0,1,0,2,1,4.140537,0.516693,0,1,4
24690,0,2,0,3,1,4.140048,0.516598,0,1,4
24700,1,0,1,3,1,4.139279,0.516503,0,1,4
24710,1,0,1,3,1,4.138915,0.516460,0,1,4
24720,0,1,3,5,1,4.137931,0.516335,0,1,4
24730,0,0,0,1,1,4.137472,0.516315,0,1,4
24740,0,0,1,2,1,4.136854,0.516249,0,1,4
24750,0,0,0,0,0,4.136237,0.516180,0,1,4
24760,2,1,4,8,1,4.135198,0.516061,0,1,4
24770,0,0,0,1,1,4.135824,0.516095,0,1,4
24780,0,0,0,0,0,4.134636,0.516002,0,1,4
24790,0,1,4,6,1,4.133807,0.515943,0,1,4
24800,3,0,0,4,1,4.133097,0.515855,0,1,4
24810,0,0,0,1,1,4.131812,0.515751,0,1,4
24820,2,1,2,6,1,4.131296,0.515682,0,1,4
24830,0,0,0,0,0,4.131183,0.515653,0,1,4
24840,0,0,0,0,0,4.131046,0.515618,0,1,4
24850,0,0,0,0,0,4.129734,0.515491,0,1,4
24860,1,3,3,8,1,4.129383,0.515445,0,1,4
24870,0,0,0,0,0,4.128983,0.515387,0,1,4
24880,0,0,0,0,0,4.128320,0.515294,0,1,4
24890,3,3,3,10,1,4.127630,0.515242,0,1,4
24900,0,0,0,0,0,4.130285,0.515538,0,1,4
24910,4,2,8,15,1,4.132839,0.515831,0,1,4
24920,3,3,3,10,1,4.134322,0.516027,0,1,4
24930,2,1,3,7,1,4.134623,0.516054,0,1,4
24940,2,0,0,3,1,4.134319,0.516027,0,1,4
24950,0,0,0,1,1,4.133027,0.515912,0,1,4
24960,2,1,2,6,1,4.132143,0.515846,0,1,4
24970,0,0,0,1,1,4.131828,0.515825,0,1,4
24980,0,0,0,0,0,4.130646,0.515696,0,1,4
24990,1,2,4,8,1,4.132018,0.515870,0,1,4
25000,2,0,0,3,1,4.131854,0.515873,0,1,4
25010,7,4,8,20,1,4.133064,0.515973,0,1,4
25020,7,3,2,13,1,4.134986,0.516192,0,1,4
25030,0,0,1,2,1,4.138249,0.516579,0,1,4
25040,0,0,0,0,0,4.138524,0.516604,0,1,4
25050,0,0,0,1,1,4.137350,0.516473,0,1,4
25060,2,4,3,10,1,4.136938,0.516404,0,1,4
25070,1,1,1,4,1,4.137657,0.516489,0,1,4
25080,0,0,0,1,1,4.136887,0.516398,0,1,4
25090,6,2,1,10,1,4.139977,0.516758,0,1,4
25100,0,1,1,3,1,4.139341,0.516674,0,1,4
25110,0,0,0,0,0,4.139864,0.516770,0,1,4
25120,0,0,1,2,1,4.138838,0.516658,0,1,4
25130,1,0,3,5,1,4.137991,0.516588,0,1,4
25140,0,0,0,0,0,4.137485,0.516549,0,1,4
25150,0,0,0,0,0,4.138620,0.516698,0,1,4
25160,1,2,1,5,1,4.138251,0.516635,0,1,4
25170,0,1,0,2,1,4.137116,0.516537,0,1,4
25180,0,0,0,1,1,4.136817,0.516505,0,1,4
25190,0,0,0,0,0,4.136678,0.516493,0,1,4
25200,0,1,0,2,1,4.136181,0.516400,0,1,4
25210,1,2,2,6,1,4.135579,0.516307,0,1,4
25220,0,0,0,1,1,4.135420,0.516267,0,1,4
25230,1,2,0,4,1,4.138414,0.516567,0,1,4
25240,2,2,2,7,1,4.137977,0.516475,0,1,4
25250,0,1,1,3,1,4.137530,0.516419,0,1,4
25260,0,0,0,1,1,4.137072,0.516344,0,1,4
25270,4,3,3,11,1,4.137253,0.516339,0,1,4
25280,2,1,5,9,1,4.137560,0.516358,0,1,4
25290,0,0,0,0,0,4.137113,0.516328,0,1,4
25300,1,1,1,4,1,4.136719,0.516281,0,1,4
25310,1,0,0,2,1,4.136858,0.516296,0,1,4
25320,0,0,0,0,0,4.137308,0.516368,0,1,4
25330,0,2,2,5,1,4.137074,0.516362,0,1,4
25340,3,0,1,5,1,4.136338,0.516271,0,1,4
25350,4,2,2,9,1,4.135450,0.516152,0,1,4
25360,1,0,0,2,1,4.134515,0.516087,0,1,4
25370,0,0,0,1,1,4.135104,0.516153,0,1,4
25380,4,5,4,14,1,4.134457,0.516073,0,1,4
25390,0,0,0,0,0,4.135620,0.516256,0,1,4
25400,0,0,0,1,1,4.135092,0.516183,0,1,4
25410,0,0,0,1,1,4.134178,0.516066,0,1,4
25420,0,1,0,2,1,4.133372,0.515991,0,1,4
25430,0,0,0,0,0,4.132731,0.515945,0,1,4
25440,0,0,0,0,0,4.132355,0.515903,0,1,4
25450,0,0,0,1,1,4.131134,0.515799,0,1,4
25460,0,0,0,0,0,4.130179,0.515695,0,1,4
25470,0,0,1,2,1,4.129114,0.515585,0,1,4
25480,6,4,7,18,1,4.131104,0.515816,0,1,4
25490,0,0,0,0,0,4.131502,0.515884,0,1,4
25500,0,0,0,0,0,4.131019,0.515819,0,1,4
25510,0,0,0,1,1,4.130016,0.515704,0,1,4
25520,0,1,0,2,1,4.129638,0.515649,0,1,4
25530,0,0,0,0,0,4.128534,0.515552,0,1,4
25540,5,3,4,13,1,4.129562,0.515685,0,1,4
25550,1,1,1,4,1,4.129997,0.515717,0,1,4
25560,3,3,5,12,1,4.130555,0.515747,0,1,4
25570,1,0,0,2,1,4.130124,0.515734,0,1,4
25580,0,0,0,1,1,4.129873,0.515710,0,1,4
25590,0,0,0,0,0,4.129899,0.515728,0,1,4
25600,0,0,0,0,0,4.130472,0.515800,0,1,4
25610,0,0,0,0,0,4.129707,0.515687,0,1,4
25620,3,5,5,14,1,4.130482,0.515772,0,1,4
25630,0,0,0,1,1,4.130870,0.515858,0,1,4
25640,1,1,1,4,1,4.130783,0.515815,0,1,4
25650,0,1,0,2,1,4.131104,0.515868,0,1,4
25660,0,0,0,1,1,4.129919,0.515755,0,1,4
25670,0,0,0,0,0,4.129845,0.515756,0,1,4
25680,0,0,0,1,1,4.128887,0.515662,0,1,4
25690,2,1,1,5,1,4.128390,0.515627,0,1,4
25700,0,0,1,2,1,4.128171,0.515590,0,1,4
25710,0,0,0,0,0,4.127062,0.515489,0,1,4
25720,0,0,0,0,0,4.127586,0.515555,0,1,4
25730,0,0,0,0,0,4.126657,0.515439,0,1,4
25740,0,0,0,1,1,4.125758,0.515314,0,1,4
25750,0,0,0,1,1,4.125375,0.515284,0,1,4
25760,0,0,0,1,1,4.124452,0.515167,0,1,4
25770,0,0,0,1,1,4.124318,0.515130,0,1,4
25780,0,0,0,1,1,4.123511,0.515062,0,1,4
25790,0,0,0,0,0,4.122404,0.514961,0,1,4
25800,1,1,2,5,1,4.123161,0.515043,0,1,4
25810,0,0,0,1,1,4.122476,0.514955,0,1,4
25820,3,0,2,6,1,4.122262,0.514941,0,1,4
25830,0,0,0,0,0,4.122610,0.514962,0,1,4
25840,0,0,0,0,0,4.122328,0.514920,0,1,4
25850,0,0,0,1,1,4.121388,0.514832,0,1,4
25860,0,0,0,0,0,4.120420,0.514744,0,1,4
25870,0,2,1,4,1,4.119522,0.514642,0,1,4
25880,1,0,0,2,1,4.118733,0.514546,0,1,4
25890,0,0,0,0,0,4.118838,0.514542,0,1,4
25900,0,1,1,3,1,4.120106,0.514673,0,1,4
25910,1,0,0,2,1,4.118993,0.514544,0,1,4
25920,0,2,0,3,1,4.118201,0.514467,0,1,4
25930,2,2,2,7,1,4.119570,0.514606,0,1,4
25940,0,1,0,2,1,4.119809,0.514649,0,1,4
25950,0,2,0,3,1,4.118812,0.514532,0,1,4
25960,1,1,1,4,1,4.118504,0.514479,0,1,4
25970,2,2,3,8,1,4.117776,0.514400,0,1,4
25980,0,0,0,1,1,4.118357,0.514465,0,1,4
25990,1,0,1,3,1,4.117408,0.514367,0,1,4
26000,1,1,1,4,1,4.116425,0.514256,0,1,4
26010,0,0,0,1,1,4.115542,0.514166,0,1,4
26020,1,2,2,6,1,4.115335,0.514125,0,1,4
26030,1,1,0,3,1,4.115157,0.514096,0,1,4
26040,3,5,7,16,1,4.115089,0.514070,0,1,4
26050,1,0,0,2,1,4.118766,0.514527,0,1,4
26060,0,0,0,1,1,4.118556,0.514496,0,1,4
26070,2,2,2,7,1,4.117880,0.514432,0,1,4
26080,1,2,0,4,1,4.118222,0.514467,0,1,4
26090,0,0,0,0,0,4.117359,0.514382,0,1,4
26100,0,1,3,5,1,4.117069,0.514373,0,1,4
26110,0,3,1,5,1,4.116256,0.514234,0,1,4
26120,2,0,1,4,1,4.116074,0.514226,0,1,4
26130,0,0,0,0,0,4.115144,0.514130,0,1,4
26140,2,0,2,5,1,4.114397,0.514069,0,1,4
26150,3,3,5,12,1,4.114992,0.514121,0,1,4
26160,0,3,0,4,1,4.115818,0.514239,0,1,4
26170,7,5,2,15,1,4.116496,0.514284,0,1,4
26180,2,6,3,12,1,4.120563,0.514778,0,1,4
26190,3,6,1,11,1,4.126044,0.515441,0,1,4
26200,1,3,2,7,1,4.126128,0.515444,0,1,4
26210,0,0,0,1,1,4.125613,0.515377,0,1,4
26220,0,1,1,3,1,4.125349,0.515337,0,1,4
26230,0,0,0,0,0,4.124290,0.515249,0,1,4
26240,2,2,0,5,1,4.123692,0.515174,0,1,4
26250,0,0,0,1,1,4.123203,0.515123,0,1,4
26260,3,2,0,6,1,4.122970,0.515084,0,1,4
26270,2,5,1,9,1,4.122894,0.515065,0,1,4
26280,5,2,0,8,1,4.122832,0.515014,0,1,4
26290,2,0,1,4,1,4.122160,0.514939,0,1,4
26300,2,1,1,5,1,4.122090,0.514923,0,1,4
26310,0,1,0,2,1,4.121073,0.514814,0,1,4
26320,3,1,0,5,1,4.120535,0.514737,0,1,4
26330,0,0,0,0,0,4.119840,0.514689,0,1,4
26340,0,1,2,4,1,4.118956,0.514608,0,1,4
26350,3,4,2,10,1,4.118938,0.514567,0,1,4
26360,0,4,1,6,1,4.120529,0.514729,0,1,4
26370,1,2,0,4,1,4.121203,0.514797,0,1,4
26380,1,0,1,3,1,4.121117,0.514764,0,1,4
26390,0,0,0,0,0,4.120239,0.514664,0,1,4
26400,1,1,0,3,1,4.119864,0.514603,0,1,4
26410,1,3,1,6,1,4.119979,0.514591,0,1,4
26420,1,3,2,7,1,4.119673,0.514553,0,1,4
26430,1,0,1,3,1,4.118946,0.514457,0,1,4
26440,0,0,0,0,0,4.118937,0.514429,0,1,4
26450,5,5,8,19,1,4.119910,0.514529,0,1,4
26460,3,2,7,13,1,4.126586,0.515358,0,1,4
26470,0,0,0,1,1,4.126738,0.515370,0,1,4
26480,0,2,3,6,1,4.126094,0.515283,0,1,4
26490,5,6,3,15,1,4.130233,0.515753,0,1,4
26500,0,1,3,5,1,4.131100,0.515867,0,1,4
26510,4,4,1,10,1,4.131071,0.515844,0,1,4
26520,0,0,0,1,1,4.130528,0.515798,0,1,4
26530,1,1,1,4,1,4.131841,0.515943,0,1,4
26540,2,0,0,3,1,4.131248,0.515884,0,1,4
26550,0,0,0,0,0,4.130538,0.515824,0,1,4
26560,0,1,1,3,1,4.129634,0.515733,0,1,4
26570,0,0,1,2,1,4.128984,0.515669,0,1,4
26580,0,0,0,1,1,4.127958,0.515566,0,1,4
26590,3,4,3,11,1,4.127015,0.515458,0,1,4
26600,1,0,1,3,1,4.126715,0.515445,0,1,4
26610,2,0,1,4,1,4.127143,0.515501,0,1,4
26620,0,0,0,0,0,4.126437,0.515442,0,1,4
26630,2,1,1,5,1,4.126746,0.515483,0,1,4
26640,0,0,0,0,0,4.126302,0.515430,0,1,4
26650,0,1,1,3,1,4.125114,0.515296,0,1,4
26660,8,6,3,18,1,4.127655,0.515565,0,1,4
26670,0,0,0,0,0,4.132836,0.516203,0,1,4
26680,6,1,2,10,1,4.132180,0.516111,0,1,4
26690,0,0,0,0,0,4.132219,0.516107,0,1,4
26700,2,3,1,7,1,4.131750,0.516041,0,1,4
26710,0,0,0,0,0,4.131434,0.516045,0,1,4
26720,0,2,0,3,1,4.130398,0.515923,0,1,4
26730,3,1,0,5,1,4.130002,0.515867,0,1,4
26740,2,2,1,6,1,4.129592,0.515804,0,1,4
26750,0,1,2,4,1,4.129244,0.515739,0,1,4
26760,1,1,1,4,1,4.128150,0.515653,0,1,4
26770,0,0,0,0,0,4.127084,0.515534,0,1,4
26780,3,2,3,9,1,4.126689,0.515499,0,1,4
26790,1,1,4,7,1,4.126157,0.515438,0,1,4
26800,2,2,0,5,1,4.125313,0.515318,0,1,4
26810,6,0,1,8,1,4.129585,0.515821,0,1,4
26820,0,1,2,4,1,4.129673,0.515827,0,1,4
26830,3,2,3,9,1,4.129679,0.515806,0,1,4
26840,2,1,0,4,1,4.129725,0.515805,0,1,4
26850,6,5,5,17,1,4.130142,0.515795,0,1,4
26860,0,1,0,2,1,4.133421,0.516212,0,1,4
26870,1,0,1,3,1,4.133625,0.516240,0,1,4
26880,3,3,2,9,1,4.133086,0.516148,0,1,4
26890,1,1,0,3,1,4.132935,0.516108,0,1,4
26900,0,0,0,0,0,4.131917,0.516022,0,1,4
26910,0,2,2,5,1,4.131003,0.515934,0,1,4
26920,3,0,0,4,1,4.130730,0.515886,0,1,4
26930,0,0,1,2,1,4.130163,0.515835,0,1,4
26940,0,0,0,1,1,4.129123,0.515734,0,1,4
26950,0,0,0,1,1,4.128595,0.515641,0,1,4
26960,0,1,0,2,1,4.129111,0.515687,0,1,4
26970,4,0,1,6,1,4.128708,0.515615,0,1,4
26980,1,1,2,5,1,4.128751,0.515604,0,1,4
26990,0,0,0,0,0,4.127856,0.515469,0,1,4
27000,0,0,0,0,0,4.127430,0.515418,0,1,4
27010,0,0,0,0,0,4.127772,0.515492,0,1,4
27020,2,5,0,8,1,4.129595,0.515672,0,1,4
27030,0,0,0,1,1,4.128656,0.515610,0,1,4
27040,0,0,0,0,0,4.127719,0.515486,0,1,4
27050,0,1,0,2,1,4.128833,0.515594,0,1,4
27060,1,1,1,4,1,4.128001,0.515524,0,1,4
27070,0,0,0,1,1,4.127403,0.515468,0,1,4
27080,0,0,0,1,1,4.126679,0.515390,0,1,4
27090,0,0,0,0,0,4.125908,0.515318,0,1,4
27100,1,1,2,5,1,4.126557,0.515389,0,1,4
27110,4,2,1,8,1,4.128216,0.515582,0,1,4
27120,0,0,0,0,0,4.128144,0.515581,0,1,4
27130,0,1,1,3,1,4.127040,0.515453,0,1,4
27140,2,0,0,3,1,4.126536,0.515375,0,1,4
27150,2,7,4,14,1,4.128259,0.515536,0,1,4
27160,1,0,2,4,1,4.130266,0.515801,0,1,4
27170,1,0,1,3,1,4.129397,0.515712,0,1,4
27180,4,1,0,6,1,4.129063,0.515673,0,1,4
27190,0,0,0,1,1,4.128750,0.515658,0,1,4
27200,0,0,0,1,1,4.127947,0.515576,0,1,4
27210,0,4,0,5,1,4.128253,0.515598,0,1,4
27220,1,1,1,4,1,4.130206,0.515833,0,1,4
27230,1,1,2,5,1,4.129731,0.515781,0,1,4
27240,3,4,4,12,1,4.129364,0.515740,0,1,4
27250,1,1,1,4,1,4.132864,0.516137,0,1,4
27260,2,3,2,8,1,4.132803,0.516120,0,1,4
27270,5,5,5,16,1,4.135286,0.516402,0,1,4
27280,1,2,3,7,1,4.137316,0.516634,0,1,4
27290,2,0,0,3,1,4.137051,0.516599,0,1,4
27300,0,0,1,2,1,4.136821,0.516573,0,1,4
27310,0,0,0,1,1,4.135793,0.516485,0,1,4
27320,0,0,1,2,1,4.135116,0.516400,0,1,4
27330,0,0,0,0,0,4.134258,0.516308,0,1,4
27340,2,1,0,4,1,4.133168,0.516186,0,1,4
27350,0,0,0,0,0,4.132425,0.516114,0,1,4
27360,4,10,7,22,1,4.133469,0.516193,0,1,4
27370,12,10,11,34,1,4.142086,0.517236,0,1,4
27380,1,0,0,2,1,4.146151,0.517754,0,1,4
27390,1,0,0,2,1,4.145086,0.517626,0,1,4
27400,2,2,1,6,1,4.144434,0.517549,0,1,4
27410,4,2,2,9,1,4.143765,0.517468,0,1,4
27420,0,0,0,1,1,4.143285,0.517441,0,1,4
27430,0,0,0,0,0,4.142495,0.517340,0,1,4
27440,6,1,4,12,1,4.142110,0.517283,0,1,4
27450,0,0,0,1,1,4.143199,0.517433,0,1,4
27460,0,0,0,0,0,4.142254,0.517318,0,1,4
27470,1,3,1,6,1,4.143419,0.517421,0,1,4
27480,0,0,0,1,1,4.142428,0.517326,0,1,4
27490,0,0,0,0,0,4.141802,0.517234,0,1,4
27500,0,0,0,0,0,4.140871,0.517141,0,1,4
27510,1,1,1,4,1,4.140198,0.517062,0,1,4
27520,1,1,0,3,1,4.140461,0.517093,0,1,4
27530,0,0,0,0,0,4.139723,0.517012,0,1,4
27540,2,2,5,10,1,4.138796,0.516885,0,1,4
27550,0,0,0,0,0,4.139304,0.516960,0,1,4
27560,1,0,0,2,1,4.138314,0.516846,0,1,4
27570,0,0,0,0,0,4.137593,0.516742,0,1,4
27580,0,0,0,1,1,4.136702,0.516655,0,1,4
27590,7,4,5,17,1,4.137928,0.516775,0,1,4
27600,4,1,2,8,1,4.139396,0.516963,0,1,4
27610,0,2,0,3,1,4.138785,0.516913,0,1,4
27620,2,4,3,10,1,4.138798,0.516882,0,1,4
27630,3,2,0,6,1,4.141735,0.517190,0,1,4
27640,2,2,1,6,1,4.141714,0.517179,0,1,4
27650,2,5,0,8,1,4.143966,0.517409,0,1,4
27660,2,2,2,7,1,4.143641,0.517389,0,1,4
27670,3,6,2,12,1,4.146755,0.517753,0,1,4
27680,0,0,0,0,0,4.147910,0.517899,0,1,4
27690,3,2,0,6,1,4.146947,0.517803,0,1,4
27700,4,6,7,18,1,4.147559,0.517863,0,1,4
27710,1,0,1,3,1,4.147431,0.517852,0,1,4
27720,0,0,2,3,1,4.146567,0.517735,0,1,4
27730,0,0,0,0,0,4.146240,0.517692,0,1,4
27740,0,2,5,8,1,4.146137,0.517647,0,1,4
27750,1,2,0,4,1,4.145431,0.517575,0,1,4
27760,0,0,1,2,1,4.144911,0.517562,0,1,4
27770,7,5,7,20,1,4.146306,0.517713,0,1,4
27780,0,0,0,0,0,4.147285,0.517865,0,1,4
27790,0,0,0,1,1,4.146329,0.517774,0,1,4
27800,0,0,0,0,0,4.145237,0.517673,0,1,4
27810,2,0,0,3,1,4.144258,0.517555,0,1,4
27820,1,0,1,3,1,4.143677,0.517478,0,1,4
27830,1,2,1,5,1,4.142984,0.517380,0,1,4
27840,0,0,0,0,0,4.144008,0.517511,0,1,4
27850,1,0,0,2,1,4.143327,0.517417,0,1,4
27860,0,1,1,3,1,4.142519,0.517311,0,1,4
27870,0,0,0,1,1,4.141909,0.517251,0,1,4
27880,1,1,1,4,1,4.141542,0.517176,0,1,4
27890,2,2,1,6,1,4.142909,0.517321,0,1,4
27900,0,0,0,0,0,4.144028,0.517456,0,1,4
27910,3,1,5,10,1,4.143276,0.517351,0,1,4
27920,0,0,0,1,1,4.143213,0.517353,0,1,4
27930,1,2,1,5,1,4.142685,0.517296,0,1,4
27940,0,0,2,3,1,4.142565,0.517288,0,1,4
27950,0,0,0,1,1,4.141583,0.517173,0,1,4
27960,0,0,0,1,1,4.142112,0.517228,0,1,4
27970,0,1,3,5,1,4.141410,0.517145,0,1,4
27980,0,0,0,1,1,4.140875,0.517076,0,1,4
27990,2,2,5,10,1,4.142874,0.517286,0,1,4
28000,0,0,0,0,0,4.143592,0.517385,0,1,4
28010,0,0,0,0,0,4.144358,0.517472,0,1,4
28020,1,1,0,3,1,4.143340,0.517357,0,1,4
28030,1,1,0,3,1,4.144713,0.517519,0,1,4
28040,0,0,0,1,1,4.144586,0.517508,0,1,4
28050,1,2,1,5,1,4.143986,0.517408,0,1,4
28060,3,0,0,4,1,4.144235,0.517442,0,1,4
28070,3,2,2,8,1,4.144420,0.517469,0,1,4
28080,4,6,3,14,1,4.144475,0.517474,0,1,4
28090,7,1,5,14,1,4.148115,0.517927,0,1,4
28100,2,0,0,3,1,4.148316,0.517959,0,1,4
28110,0,3,0,4,1,4.147671,0.517892,0,1,4
28120,2,0,0,3,1,4.147340,0.517803,0,1,4
28130,0,0,0,0,0,4.146437,0.517720,0,1,4
28140,1,0,0,2,1,4.147072,0.517802,0,1,4
28150,3,4,0,8,1,4.147157,0.517783,0,1,4
28160,0,0,0,1,1,4.149290,0.518068,0,1,4
28170,4,6,3,14,1,4.149545,0.518066,0,1,4
28180,3,1,1,6,1,4.149277,0.518053,0,1,4
28190,7,9,11,28,1,4.153755,0.518585,0,1,4
28200,1,0,1,3,1,4.158033,0.519124,0,1,4
28210,0,0,0,1,1,4.157492,0.519063,0,1,4
28220,0,0,0,0,0,4.156483,0.518951,0,1,4
28230,5,2,1,9,1,4.156450,0.518940,0,1,4
28240,0,0,0,0,0,4.155613,0.518877,0,1,4
28250,0,0,0,0,0,4.154512,0.518777,0,1,4
28260,3,1,0,5,1,4.154286,0.518724,0,1,4
28270,0,4,0,5,1,4.154545,0.518756,0,1,4
28280,0,1,0,2,1,4.153608,0.518651,0,1,4
28290,0,0,1,2,1,4.153531,0.518623,0,1,4
28300,0,0,0,0,0,4.152408,0.518511,0,1,4
28310,2,2,4,9,1,4.151776,0.518434,0,1,4
28320,3,2,2,8,1,4.151165,0.518383,0,1,4
28330,3,5,2,11,1,4.154209,0.518740,0,1,4
28340,2,1,0,4,1,4.153533,0.518665,0,1,4
28350,0,0,0,0,0,4.152555,0.518557,0,1,4
28360,1,2,5,9,1,4.152762,0.518551,0,1,4
28370,1,0,0,2,1,4.155387,0.518856,0,1,4
28380,1,4,0,6,1,4.156028,0.518912,0,1,4
28390,0,0,0,0,0,4.155676,0.518850,0,1,4
28400,0,0,0,0,0,4.154660,0.518759,0,1,4
28410,1,0,0,2,1,4.154030,0.518660,0,1,4
28420,0,0,0,0,0,4.153932,0.518669,0,1,4
28430,2,3,0,6,1,4.154356,0.518695,0,1,4
28440,0,4,0,5,1,4.153703,0.518609,0,1,4
28450,2,1,3,7,1,4.153114,0.518547,0,1,4
28460,4,1,1,7,1,4.153136,0.518550,0,1,4
28470,0,1,0,2,1,4.153143,0.518549,0,1,4
28480,0,0,0,1,1,4.152014,0.518437,0,1,4
28490,1,2,3,7,1,4.151830,0.518408,0,1,4
28500,0,0,2,3,1,4.151323,0.518342,0,1,4
28510,0,0,0,1,1,4.150402,0.518269,0,1,4
28520,0,0,0,1,1,4.149732,0.518228,0,1,4
28530,0,0,0,0,0,4.149766,0.518210,0,1,4
28540,0,0,1,2,1,4.148874,0.518110,0,1,4
28550,0,0,0,1,1,4.148305,0.518053,0,1,4
28560,3,3,1,8,1,4.149118,0.518102,0,1,4
28570,1,0,1,3,1,4.148451,0.518053,0,1,4
28580,0,0,0,0,0,4.148013,0.518021,0,1,4
28590,1,4,0,6,1,4.147528,0.517963,0,1,4
28600,1,1,1,4,1,4.147861,0.517976,0,1,4
28610,0,0,0,0,0,4.147454,0.517923,0,1,4
28620,1,1,1,4,1,4.146488,0.517811,0,1,4
28630,0,0,1,2,1,4.145832,0.517729,0,1,4
28640,0,0,0,1,1,4.144691,0.517630,0,1,4
28650,0,0,0,0,0,4.144130,0.517549,0,1,4
28660,0,0,0,0,0,4.143444,0.517457,0,1,4
28670,6,1,5,13,1,4.143944,0.517506,0,1,4
28680,0,0,0,1,1,4.143398,0.517471,0,1,4
28690,1,4,2,8,1,4.143567,0.517515,0,1,4
28700,0,0,1,2,1,4.142925,0.517453,0,1,4
28710,0,0,0,0,0,4.142211,0.517378,0,1,4
28720,0,1,0,2,1,4.142004,0.517341,0,1,4
28730,4,7,5,17,1,4.143487,0.517533,0,1,4
28740,0,0,0,1,1,4.143319,0.517541,0,1,4
28750,0,0,0,1,1,4.142532,0.517457,0,1,4
28760,1,0,3,5,1,4.142799,0.517486,0,1,4
28770,0,0,1,2,1,4.142311,0.517425,0,1,4
28780,1,0,0,2,1,4.141699,0.517351,0,1,4
28790,0,1,0,2,1,4.140649,0.517253,0,1,4
28800,1,2,0,4,1,4.140166,0.517213,0,1,4
28810,6,6,1,14,1,4.140266,0.517210,0,1,4
28820,2,3,1,7,1,4.141783,0.517371,0,1,4
28830,5,2,2,10,1,4.143361,0.517570,0,1,4
28840,0,2,0,3,1,4.143422,0.517591,0,1,4
28850,0,0,0,0,0,4.142489,0.517488,0,1,4
28860,0,1,0,2,1,4.141510,0.517386,0,1,4
28870,7,3,2,13,1,4.141355,0.517347,0,1,4
28880,4,1,2,8,1,4.141915,0.517428,0,1,4
28890,0,0,0,1,1,4.141269,0.517350,0,1,4
28900,2,1,1,5,1,4.140778,0.517264,0,1,4
28910,1,0,3,5,1,4.142636,0.517474,0,1,4
28920,1,3,2,7,1,4.142049,0.517409,0,1,4
28930,0,2,1,4,1,4.142626,0.517462,0,1,4
28940,2,3,2,8,1,4.142824,0.517473,0,1,4
28950,1,2,2,6,1,4.143165,0.517513,0,1,4
28960,0,0,0,1,1,4.142418,0.517409,0,1,4
28970,0,0,0,0,0,4.141342,0.517284,0,1,4
28980,0,0,0,1,1,4.141727,0.517339,0,1,4
28990,0,0,0,0,0,4.140650,0.517215,0,1,4
29000,1,3,2,7,1,4.140566,0.517203,0,1,4
29010,7,6,2,16,1,4.143582,0.517564,0,1,4
29020,0,0,0,0,0,4.144611,0.517731,0,1,4
29030,0,0,0,0,0,4.144033,0.517668,0,1,4
29040,1,0,1,3,1,4.143115,0.517548,0,1,4
29050,2,6,1,10,1,4.142284,0.517445,0,1,4
29060,7,5,6,19,1,4.148185,0.518142,0,1,4
29070,2,1,3,7,1,4.149388,0.518312,0,1,4
29080,1,0,2,4,1,4.149031,0.518266,0,1,4
29090,0,0,0,0,0,4.148242,0.518187,0,1,4
29100,0,0,0,1,1,4.147397,0.518120,0,1,4
29110,1,0,0,2,1,4.146671,0.518049,0,1,4
29120,5,3,4,13,1,4.146599,0.518045,0,1,4
29130,0,0,0,0,0,4.146191,0.517994,0,1,4
29140,1,2,2,6,1,4.145960,0.517987,0,1,4
29150,0,0,0,1,1,4.145580,0.517935,0,1,4
29160,2,4,2,9,1,4.147017,0.518126,0,1,4
29170,0,2,2,5,1,4.146624,0.518113,0,1,4
29180,0,1,3,5,1,4.146193,0.518083,0,1,4
29190,0,0,0,0,0,4.145557,0.518013,0,1,4
29200,2,0,2,5,1,4.145606,0.517977,0,1,4
29210,1,2,4,8,1,4.146008,0.518012,0,1,4
29220,0,0,0,0,0,4.145334,0.517941,0,1,4
29230,0,0,1,2,1,4.144506,0.517831,0,1,4
29240,1,0,0,2,1,4.144469,0.517817,0,1,4
29250,4,2,1,8,1,4.144878,0.517864,0,1,4
29260,0,2,0,3,1,4.144800,0.517848,0,1,4
29270,0,0,0,1,1,4.143802,0.517759,0,1,4
29280,1,0,0,2,1,4.143243,0.517691,0,1,4
29290,6,4,2,13,1,4.143387,0.517698,0,1,4
29300,0,0,0,0,0,4.143352,0.517694,0,1,4
29310,0,0,0,0,0,4.142860,0.517632,0,1,4
29320,0,0,2,3,1,4.142027,0.517537,0,1,4
29330,0,0,2,3,1,4.142020,0.517521,0,1,4
29340,3,1,7,12,1,4.145075,0.517865,0,1,4
29350,0,0,0,1,1,4.145479,0.517907,0,1,4
29360,0,0,0,1,1,4.144562,0.517821,0,1,4
29370,2,0,1,4,1,4.143696,0.517711,0,1,4
29380,4,0,4,9,1,4.144520,0.517781,0,1,4
29390,0,0,0,1,1,4.144075,0.517736,0,1,4
29400,0,1,0,2,1,4.143337,0.517651,0,1,4
29410,2,2,0,5,1,4.142385,0.517539,0,1,4
29420,1,1,3,6,1,4.141609,0.517437,0,1,4
29430,0,0,1,2,1,4.140903,0.517380,0,1,4
29440,0,1,0,2,1,4.140238,0.517310,0,1,4
29450,0,2,0,3,1,4.139508,0.517223,0,1,4
29460,0,0,0,1,1,4.138503,0.517137,0,1,4
29470,0,0,0,1,1,4.140237,0.517326,0,1,4
29480,0,0,0,1,1,4.139287,0.517220,0,1,4
29490,0,0,0,1,1,4.138677,0.517148,0,1,4
29500,2,2,3,8,1,4.139093,0.517207,0,1,4
29510,0,1,0,2,1,4.139820,0.517269,0,1,4
29520,0,1,0,2,1,4.139072,0.517172,0,1,4
29530,0,2,1,4,1,4.139305,0.517205,0,1,4
29540,1,0,1,3,1,4.138444,0.517117,0,1,4
29550,0,0,0,0,0,4.137653,0.517060,0,1,4
29560,3,1,3,8,1,4.138467,0.517133,0,1,4
29570,1,2,0,4,1,4.138527,0.517137,0,1,4
29580,2,0,1,4,1,4.137570,0.517050,0,1,4
29590,1,0,0,2,1,4.138790,0.517191,0,1,4
29600,0,0,0,0,0,4.138068,0.517114,0,1,4
29610,0,0,0,0,0,4.137648,0.517034,0,1,4
29620,0,1,0,2,1,4.136659,0.516930,0,1,4
29630,0,1,1,3,1,4.135958,0.516840,0,1,4
29640,4,8,5,18,1,4.135531,0.516798,0,1,4
29650,7,8,6,22,1,4.140606,0.517423,0,1,4
29660,0,0,0,0,0,4.142726,0.517675,0,1,4
29670,0,0,0,0,0,4.141854,0.517599,0,1,4
29680,1,0,1,3,1,4.142543,0.517680,0,1,4
29690,1,0,0,2,1,4.141746,0.517590,0,1,4
29700,0,0,1,2,1,4.141099,0.517544,0,1,4
29710,3,3,1,8,1,4.140451,0.517493,0,1,4
29720,1,2,9,13,1,4.141844,0.517630,0,1,4
29730,1,2,2,6,1,4.143246,0.517795,0,1,4
29740,0,0,0,0,0,4.142487,0.517724,0,1,4
29750,2,8,0,11,1,4.142148,0.517668,0,1,4
29760,3,5,4,13,1,4.143897,0.517854,0,1,4
29770,0,0,0,1,1,4.143607,0.517853,0,1,4
29780,3,2,0,6,1,4.143447,0.517827,0,1,4
29790,7,5,3,16,1,4.144124,0.517900,0,1,4
29800,5,3,0,9,1,4.146269,0.518145,0,1,4
29810,0,0,0,0,0,4.146287,0.518169,0,1,4
29820,2,1,0,4,1,4.145564,0.518096,0,1,4
29830,1,1,1,4,1,4.145663,0.518099,0,1,4
29840,1,0,0,2,1,4.144792,0.518006,0,1,4
29850,0,0,0,1,1,4.145432,0.518081,0,1,4
29860,0,0,2,3,1,4.144903,0.518011,0,1,4
29870,4,4,9,18,1,4.146806,0.518192,0,1,4
29880,1,0,0,2,1,4.148509,0.518405,0,1,4
29890,1,0,0,2,1,4.147681,0.518354,0,1,4
29900,0,0,0,1,1,4.147496,0.518318,0,1,4
29910,0,0,0,1,1,4.146761,0.518248,0,1,4
29920,0,0,0,0,0,4.146346,0.518174,0,1,4
29930,0,0,0,1,1,4.145566,0.518105,0,1,4
29940,0,0,0,1,1,4.144600,0.518017,0,1,4
29950,0,0,0,1,1,4.144226,0.517970,0,1,4
29960,3,1,2,7,1,4.145623,0.518108,0,1,4
29970,0,0,0,0,0,4.144915,0.518011,0,1,4
29980,0,0,0,1,1,4.144187,0.517918,0,1,4
29990,0,1,0,2,1,4.145037,0.518002,0,1,4
30000,0,0,0,1,1,4.144914,0.517987,0,1,4
30010,0,1,0,2,1,4.143846,0.517886,0,1,4
30020,0,0,0,1,1,4.143581,0.517866,0,1,4
30030,0,1,0,2,1,4.142792,0.517802,0,1,4
30040,0,0,0,0,0,4.142413,0.517756,0,1,4
30050,0,0,0,0,0,4.141526,0.517667,0,1,4
30060,0,0,0,1,1,4.141122,0.517612,0,1,4
30070,0,0,1,2,1,4.140303,0.517514,0,1,4
30080,0,0,0,1,1,4.139564,0.517413,0,1,4
30090,0,1,0,2,1,4.138654,0.517315,0,1,4
30100,5,4,0,10,1,4.137941,0.517247,0,1,4
30110,1,4,3,9,1,4.139247,0.517397,0,1,4
30120,0,0,0,1,1,4.138418,0.517328,0,1,4
30130,3,2,0,6,1,4.137904,0.517268,0,1,4
30140,3,3,3,10,1,4.139425,0.517452,0,1,4
30150,4,4,4,13,1,4.139461,0.517461,0,1,4
30160,0,0,0,0,0,4.139600,0.517517,0,1,4
30170,2,0,0,3,1,4.139652,0.517523,0,1,4
30180,3,2,1,7,1,4.139586,0.517480,0,1,4
30190,1,0,1,3,1,4.139179,0.517438,0,1,4
30200,3,3,2,9,1,4.139400,0.517423,0,1,4
30210,2,3,0,6,1,4.142419,0.517781,0,1,4
30220,2,0,3,6,1,4.143413,0.517879,0,1,4
30230,5,5,4,15,1,4.143419,0.517897,0,1,4
30240,0,1,1,3,1,4.143574,0.517917,0,1,4
30250,0,2,0,3,1,4.142904,0.517822,0,1,4
30260,0,0,1,2,1,4.142348,0.517746,0,1,4
30270,4,1,5,11,1,4.141939,0.517676,0,1,4
30280,0,0,2,3,1,4.142984,0.517815,0,1,4
30290,2,1,1,5,1,4.143559,0.517859,0,1,4
30300,0,0,0,0,0,4.142684,0.517774,0,1,4
30310,0,0,0,0,0,4.142492,0.517747,0,1,4
30320,0,1,1,3,1,4.143030,0.517791,0,1,4
30330,0,0,0,0,0,4.142517,0.517721,0,1,4
30340,2,0,3,6,1,4.142124,0.517665,0,1,4
30350,0,0,0,1,1,4.141670,0.517606,0,1,4
30360,3,4,0,8,1,4.142700,0.517727,0,1,4
30370,0,0,1,2,1,4.142187,0.517680,0,1,4
30380,0,0,0,0,0,4.141318,0.517577,0,1,4
30390,1,2,1,5,1,4.140416,0.517486,0,1,4
30400,1,0,0,2,1,4.140048,0.517470,0,1,4
30410,0,0,0,0,0,4.139706,0.517423,0,1,4
30420,0,0,0,0,0,4.138617,0.517334,0,1,4
30430,1,4,1,7,1,4.138112,0.517285,0,1,4
30440,2,1,1,5,1,4.138816,0.517358,0,1,4
30450,1,1,3,6,1,4.139532,0.517437,0,1,4
30460,0,2,0,3,1,4.139685,0.517471,0,1,4
30470,0,0,0,0,0,4.139153,0.517383,0,1,4
30480,3,1,1,6,1,4.139184,0.517394,0,1,4
30490,0,0,0,0,0,4.138583,0.517314,0,1,4
30500,0,0,0,0,0,4.137831,0.517254,0,1,4
30510,0,0,0,1,1,4.137981,0.517269,0,1,4
30520,3,0,0,4,1,4.137314,0.517192,0,1,4
30530,0,0,0,1,1,4.136552,0.517105,0,1,4
30540,1,0,0,2,1,4.136641,0.517097,0,1,4
30550,0,0,0,1,1,4.135759,0.517006,0,1,4
30560,1,1,0,3,1,4.136272,0.517055,0,1,4
30570,2,1,3,7,1,4.136221,0.517049,0,1,4
30580,0,0,0,1,1,4.135989,0.517022,0,1,4
30590,0,0,0,0,0,4.135293,0.516935,0,1,4
30600,0,0,0,0,0,4.134819,0.516880,0,1,4
30610,8,5,7,21,1,4.136661,0.517070,0,1,4
30620,2,2,3,8,1,4.140044,0.517495,0,1,4
30630,0,0,0,1,1,4.140841,0.517584,0,1,4
30640,1,3,0,5,1,4.140151,0.517525,0,1,4
30650,2,3,0,6,1,4.139702,0.517456,0,1,4
30660,1,4,0,6,1,4.139543,0.517422,0,1,4
30670,1,0,0,2,1,4.138770,0.517323,0,1,4
30680,0,0,2,3,1,4.138976,0.517347,0,1,4
30690,3,3,1,8,1,4.139205,0.517390,0,1,4
30700,0,1,0,2,1,4.138710,0.517341,0,1,4
30710,1,2,2,6,1,4.138396,0.517274,0,1,4
30720,4,4,5,14,1,4.138575,0.517261,0,1,4
30730,1,0,0,2,1,4.139181,0.517335,0,1,4
30740,0,0,0,0,0,4.138891,0.517288,0,1,4
30750,3,6,1,11,1,4.138351,0.517216,0,1,4
30760,1,0,0,2,1,4.138553,0.517227,0,1,4
30770,5,8,5,19,1,4.139600,0.517358,0,1,4
30780,5,6,7,19,1,4.143920,0.517866,0,1,4
30790,4,0,5,10,1,4.147013,0.518240,0,1,4
30800,0,0,0,1,1,4.146351,0.518176,0,1,4
30810,1,0,0,2,1,4.145484,0.518099,0,1,4
30820,0,0,0,1,1,4.144518,0.518012,0,1,4
30830,2,1,0,4,1,4.143842,0.517945,0,1,4
30840,1,0,1,3,1,4.143602,0.517925,0,1,4
30850,1,0,0,2,1,4.143284,0.517875,0,1,4
30860,2,4,1,8,1,4.143483,0.517891,0,1,4
30870,1,0,0,2,1,4.143335,0.517858,0,1,4
30880,3,0,5,9,1,4.143819,0.517898,0,1,4
30890,2,4,2,9,1,4.144614,0.517989,0,1,4
30900,1,1,1,4,1,4.144194,0.517926,0,1,4
30910,0,0,0,1,1,4.143568,0.517839,0,1,4
30920,1,0,0,2,1,4.143993,0.517871,0,1,4
30930,2,1,3,7,1,4.143708,0.517817,0,1,4
30940,0,0,1,2,1,4.143837,0.517812,0,1,4
30950,3,3,0,7,1,4.143330,0.517743,0,1,4
30960,2,6,0,9,1,4.142903,0.517712,0,1,4
30970,0,0,0,0,0,4.142585,0.517687,0,1,4
30980,0,0,0,0,0,4.141763,0.517585,0,1,4
30990,0,0,0,0,0,4.141101,0.517523,0,1,4
31000,2,2,0,5,1,4.140090,0.517394,0,1,4
31010,0,0,1,2,1,4.139479,0.517331,0,1,4
31020,0,0,0,0,0,4.138832,0.517227,0,1,4
31030,0,0,2,3,1,4.138621,0.517182,0,1,4
31040,0,1,1,3,1,4.137808,0.517093,0,1,4
31050,6,4,7,18,1,4.138302,0.517123,0,1,4
31060,0,2,1,4,1,4.139655,0.517294,0,1,4
31070,0,0,1,2,1,4.139945,0.517350,0,1,4
31080,1,0,0,2,1,4.139386,0.517296,0,1,4
31090,2,2,2,7,1,4.139122,0.517276,0,1,4
31100,0,1,1,3,1,4.138719,0.517219,0,1,4
31110,0,0,0,1,1,4.139780,0.517344,0,1,4
31120,1,0,0,2,1,4.139614,0.517325,0,1,4
31130,2,3,1,7,1,4.140030,0.517348,0,1,4
31140,0,0,0,0,0,4.139455,0.517299,0,1,4
31150,1,1,0,3,1,4.138963,0.517254,0,1,4
31160,1,2,3,7,1,4.139782,0.517348,0,1,4
31170,4,5,3,13,1,4.139668,0.517324,0,1,4
31180,2,1,0,4,1,4.139934,0.517353,0,1,4
31190,0,0,0,0,0,4.139081,0.517286,0,1,4
31200,0,2,0,3,1,4.138239,0.517191,0,1,4
31210,1,2,1,5,1,4.138181,0.517167,0,1,4
31220,0,1,0,2,1,4.137505,0.517103,0,1,4
31230,1,1,1,4,1,4.136820,0.517049,0,1,4
31240,1,0,1,3,1,4.136309,0.516966,0,1,4
31250,0,1,0,2,1,4.136025,0.516927,0,1,4
31260,0,0,0,0,0,4.135785,0.516905,0,1,4
31270,1,1,2,5,1,4.135151,0.516836,0,1,4
31280,2,2,2,7,1,4.135597,0.516890,0,1,4
31290,1,2,5,9,1,4.135677,0.516894,0,1,4
31300,1,0,0,2,1,4.135567,0.516880,0,1,4
31310,3,3,4,11,1,4.135744,0.516918,0,1,4
31320,1,2,3,7,1,4.135709,0.516939,0,1,4
31330,0,2,1,4,1,4.134933,0.516856,0,1,4
31340,0,0,0,1,1,4.134333,0.516800,0,1,4
31350,0,0,0,0,0,4.133816,0.516731,0,1,4
31360,0,0,0,0,0,4.132954,0.516629,0,1,4
31370,2,1,0,4,1,4.133051,0.516638,0,1,4
31380,5,4,0,10,1,4.132979,0.516600,0,1,4
31390,0,0,0,1,1,4.132239,0.516520,0,1,4
31400,3,1,4,9,1,4.131311,0.516449,0,1,4
31410,1,1,2,5,1,4.131319,0.516458,0,1,4
31420,4,0,2,7,1,4.130788,0.516398,0,1,4
31430,1,1,1,4,1,4.131031,0.516408,0,1,4
31440,1,0,0,2,1,4.131298,0.516453,0,1,4
31450,0,0,0,1,1,4.130454,0.516352,0,1,4
31460,1,4,1,7,1,4.130216,0.516300,0,1,4
31470,3,3,2,9,1,4.132153,0.516533,0,1,4
31480,0,0,1,2,1,4.133610,0.516718,0,1,4
31490,6,2,3,12,1,4.133796,0.516731,0,1,4
31500,1,0,1,3,1,4.136078,0.516999,0,1,4
31510,2,4,2,9,1,4.138200,0.517238,0,1,4
31520,1,1,0,3,1,4.137925,0.517198,0,1,4
31530,0,0,0,0,0,4.137496,0.517160,0,1,4
31540,1,1,2,5,1,4.137815,0.517208,0,1,4
31550,0,0,0,1,1,4.136871,0.517107,0,1,4
31560,0,0,0,1,1,4.136728,0.517081,0,1,4
31570,4,4,2,11,1,4.137542,0.517162,0,1,4
31580,1,2,2,6,1,4.137430,0.517158,0,1,4
31590,0,0,1,2,1,4.138144,0.517248,0,1,4
31600,0,0,0,0,0,4.137792,0.517216,0,1,4
31610,3,0,2,6,1,4.137475,0.517164,0,1,4
31620,2,1,0,4,1,4.136771,0.517088,0,1,4
31630,1,1,1,4,1,4.137775,0.517197,0,1,4
31640,1,1,3,6,1,4.137408,0.517143,0,1,4
31650,0,0,0,1,1,4.136667,0.517071,0,1,4
31660,1,0,1,3,1,4.136003,0.516992,0,1,4
31670,0,1,0,2,1,4.135460,0.516922,0,1,4
31680,1,0,0,2,1,4.134610,0.516830,0,1,4
31690,1,1,1,4,1,4.134092,0.516770,0,1,4
31700,1,3,3,8,1,4.135345,0.516908,0,1,4
31710,1,1,5,8,1,4.136097,0.516969,0,1,4
31720,0,0,0,1,1,4.135961,0.516961,0,1,4
31730,2,5,2,10,1,4.136878,0.517067,0,1,4
31740,0,0,3,4,1,4.137084,0.517117,0,1,4
31750,0,0,0,0,0,4.136520,0.517051,0,1,4
31760,1,0,0,2,1,4.136005,0.516968,0,1,4
31770,4,1,1,7,1,4.136325,0.516996,0,1,4
31780,0,1,0,2,1,4.135965,0.516937,0,1,4
31790,0,0,0,0,0,4.134981,0.516810,0,1,4
31800,4,3,2,10,1,4.134857,0.516776,0,1,4
31810,1,1,1,4,1,4.135773,0.516880,0,1,4
31820,2,2,2,7,1,4.135293,0.516808,0,1,4
31830,2,0,0,3,1,4.135197,0.516782,0,1,4
31840,0,0,0,1,1,4.134633,0.516715,0,1,4
31850,0,0,1,2,1,4.134076,0.516632,0,1,4
31860,1,3,4,9,1,4.133707,0.516580,0,1,4
31870,0,2,6,9,1,4.134743,0.516687,0,1,4
31880,0,2,0,3,1,4.133924,0.516615,0,1,4
31890,0,0,0,1,1,4.133760,0.516580,0,1,4
31900,1,0,0,2,1,4.133146,0.516487,0,1,4
31910,3,4,0,8,1,4.133094,0.516461,0,1,4
31920,1,0,0,2,1,4.132593,0.516422,0,1,4
31930,4,3,6,14,1,4.132707,0.516417,0,1,4
31940,1,2,1,5,1,4.133211,0.516492,0,1,4
31950,1,4,1,7,1,4.132538,0.516420,0,1,4
31960,1,2,1,5,1,4.132438,0.516424,0,1,4
31970,2,2,0,5,1,4.132041,0.516358,0,1,4
31980,6,4,4,15,1,4.132912,0.516442,0,1,4
31990,1,0,2,4,1,4.133449,0.516493,0,1,4
32000,0,1,0,2,1,4.132707,0.516399,0,1,4
32010,0,0,0,1,1,4.132497,0.516346,0,1,4
32020,2,2,1,6,1,4.131872,0.516268,0,1,4
32030,1,5,2,9,1,4.131307,0.516186,0,1,4
32040,0,1,0,2,1,4.132128,0.516266,0,1,4
32050,0,0,0,0,0,4.131383,0.516151,0,1,4
32060,0,3,2,6,1,4.130674,0.516067,0,1,4
32070,1,1,1,4,1,4.130362,0.516018,0,1,4
32080,6,2,4,13,1,4.130263,0.515991,0,1,4
32090,1,1,5,8,1,4.130580,0.516051,0,1,4
32100,0,0,0,1,1,4.130579,0.516049,0,1,4
32110,0,0,0,0,0,4.129957,0.515988,0,1,4
32120,3,2,2,8,1,4.129833,0.515966,0,1,4
32130,0,0,0,1,1,4.130435,0.516045,0,1,4
32140,1,2,2,6,1,4.129857,0.515973,0,1,4
32150,4,4,2,11,1,4.132188,0.516234,0,1,4
32160,3,4,2,10,1,4.136937,0.516810,0,1,4
32170,1,2,3,7,1,4.137399,0.516876,0,1,4
32180,4,1,2,8,1,4.137555,0.516873,0,1,4
32190,0,0,1,2,1,4.137401,0.516866,0,1,4
32200,0,0,0,1,1,4.136640,0.516789,0,1,4
32210,1,2,3,7,1,4.135872,0.516677,0,1,4
32220,0,0,0,0,0,4.135272,0.516608,0,1,4
32230,0,0,0,1,1,4.134588,0.516535,0,1,4
32240,0,0,0,1,1,4.133968,0.516478,0,1,4
32250,1,1,1,4,1,4.133623,0.516439,0,1,4
32260,0,0,0,1,1,4.133166,0.516370,0,1,4
32270,1,0,4,6,1,4.134544,0.516522,0,1,4
32280,0,0,0,0,0,4.134199,0.516485,0,1,4
32290,1,0,0,2,1,4.133564,0.516420,0,1,4
32300,0,0,0,0,0,4.133272,0.516383,0,1,4
32310,0,0,0,0,0,4.132381,0.516304,0,1,4
32320,0,0,0,1,1,4.131456,0.516208,0,1,4
32330,0,0,0,1,1,4.131667,0.516237,0,1,4
32340,0,0,0,0,0,4.132073,0.516280,0,1,4
32350,2,0,0,3,1,4.131785,0.516236,0,1,4
32360,0,0,0,1,1,4.130984,0.516142,0,1,4
32370,0,0,0,1,1,4.131642,0.516216,0,1,4
32380,0,0,0,0,0,4.131074,0.516163,0,1,4
32390,1,0,1,3,1,4.130641,0.516109,0,1,4
32400,0,0,0,0,0,4.129941,0.516042,0,1,4
32410,1,1,0,3,1,4.129239,0.515958,0,1,4
32420,0,0,1,2,1,4.129019,0.515946,0,1,4
32430,6,3,2,12,1,4.129479,0.515974,0,1,4
32440,0,0,0,1,1,4.129803,0.516027,0,1,4
32450,0,1,0,2,1,4.128859,0.515930,0,1,4
32460,0,0,0,1,1,4.128083,0.515832,0,1,4
32470,5,1,3,10,1,4.127951,0.515799,0,1,4
32480,2,0,0,3,1,4.128247,0.515832,0,1,4
32490,1,0,0,2,1,4.127570,0.515740,0,1,4
32500,2,2,1,6,1,4.126790,0.515670,0,1,4
32510,0,0,0,1,1,4.127128,0.515720,0,1,4
32520,1,0,0,2,1,4.126383,0.515643,0,1,4
32530,0,1,4,6,1,4.126209,0.515622,0,1,4
32540,0,0,0,0,0,4.125625,0.515561,0,1,4
32550,0,0,0,1,1,4.125825,0.515572,0,1,4
32560,1,0,2,4,1,4.125208,0.515497,0,1,4
32570,0,0,0,1,1,4.124618,0.515435,0,1,4
32580,0,2,2,5,1,4.123863,0.515345,0,1,4
32590,0,0,0,0,0,4.123144,0.515268,0,1,4
32600,0,0,0,1,1,4.122393,0.515171,0,1,4
32610,2,0,2,5,1,4.121819,0.515093,0,1,4
32620,0,0,0,0,0,4.121423,0.515040,0,1,4
32630,0,0,0,0,0,4.120543,0.514957,0,1,4
32640,0,0,0,0,0,4.119738,0.514877,0,1,4
32650,0,0,0,0,0,4.118891,0.514781,0,1,4
32660,0,0,1,2,1,4.118171,0.514708,0,1,4
32670,2,0,1,4,1,4.117876,0.514681,0,1,4
32680,1,0,1,3,1,4.117377,0.514609,0,1,4
32690,1,2,0,4,1,4.118116,0.514682,0,1,4
32700,0,0,0,0,0,4.117754,0.514631,0,1,4
32710,4,2,2,9,1,4.117720,0.514611,0,1,4
32720,0,2,2,5,1,4.117633,0.514590,0,1,4
32730,0,0,0,0,0,4.117502,0.514578,0,1,4
32740,0,0,0,0,0,4.117392,0.514572,0,1,4
32750,2,2,2,7,1,4.116836,0.514504,0,1,4
32760,2,1,1,5,1,4.116208,0.514440,0,1,4
32770,0,0,1,2,1,4.116127,0.514432,0,1,4
32780,0,0,0,0,0,4.115756,0.514373,0,1,4
32790,0,0,0,0,0,4.115143,0.514328,0,1,4
32800,0,0,1,2,1,4.114655,0.514250,0,1,4
32810,0,1,2,4,1,4.114199,0.514198,0,1,4
32820,0,0,1,2,1,4.113960,0.514192,0,1,4
32830,4,1,0,6,1,4.113643,0.514139,0,1,4
32840,0,3,1,5,1,4.113927,0.514172,0,1,4
32850,0,1,0,2,1,4.113772,0.514149,0,1,4
32860,1,0,1,3,1,4.113156,0.514096,0,1,4
32870,2,1,0,4,1,4.113063,0.514064,0,1,4
32880,0,0,0,0,0,4.112381,0.513985,0,1,4
32890,0,1,2,4,1,4.112072,0.513923,0,1,4
32900,2,5,4,12,1,4.113002,0.514028,0,1,4
32910,0,0,0,0,0,4.113126,0.514076,0,1,4
32920,1,9,5,16,1,4.113209,0.514069,0,1,4
32930,2,0,0,3,1,4.113451,0.514090,0,1,4
32940,4,1,2,8,1,4.112963,0.514027,0,1,4
32950,3,1,0,5,1,4.112640,0.513986,0,1,4
32960,0,0,0,1,1,4.112263,0.513920,0,1,4
32970,0,0,0,0,0,4.112035,0.513876,0,1,4
32980,0,0,0,1,1,4.111340,0.513783,0,1,4
32990,0,0,0,0,0,4.110878,0.513729,0,1,4
33000,2,2,2,7,1,4.110900,0.513736,0,1,4
33010,0,0,0,1,1,4.111009,0.513746,0,1,4
33020,3,3,2,9,1,4.111209,0.513777,0,1,4
33030,0,0,1,2,1,4.111161,0.513769,0,1,4
33040,2,1,0,4,1,4.110736,0.513721,0,1,4
33050,0,0,0,0,0,4.111221,0.513798,0,1,4
33060,0,1,0,2,1,4.110576,0.513715,0,1,4
33070,1,2,2,6,1,4.110209,0.513660,0,1,4
33080,3,1,2,7,1,4.110050,0.513628,0,1,4
33090,3,2,2,8,1,4.109728,0.513584,0,1,4
33100,0,1,1,3,1,4.109976,0.513613,0,1,4
33110,0,0,0,0,0,4.109934,0.513623,0,1,4
33120,0,1,1,3,1,4.109155,0.513547,0,1,4
33130,3,1,3,8,1,4.109359,0.513550,0,1,4
33140,0,0,2,3,1,4.108626,0.513478,0,1,4
33150,0,0,1,2,1,4.108439,0.513458,0,1,4
33160,0,0,0,0,0,4.107511,0.513350,0,1,4
33170,2,2,0,5,1,4.106995,0.513266,0,1,4
33180,0,0,0,0,0,4.106475,0.513226,0,1,4
33190,1,1,0,3,1,4.105528,0.513135,0,1,4
33200,0,0,0,1,1,4.104877,0.513061,0,1,4
33210,1,0,0,2,1,4.104212,0.513005,0,1,4
33220,1,0,0,2,1,4.103762,0.512961,0,1,4
33230,0,0,0,0,0,4.103072,0.512872,0,1,4
33240,6,6,3,16,1,4.103062,0.512848,0,1,4
33250,2,5,5,13,1,4.105572,0.513144,0,1,4
33260,1,1,0,3,1,4.105846,0.513184,0,1,4
33270,1,2,6,10,1,4.106697,0.513283,0,1,4
33280,1,1,0,3,1,4.106102,0.513224,0,1,4
33290,0,0,0,1,1,4.106825,0.513326,0,1,4
33300,2,1,0,4,1,4.106314,0.513249,0,1,4
33310,5,5,8,19,1,4.108293,0.513483,0,1,4
33320,3,5,2,11,1,4.108628,0.513528,0,1,4
33330,0,2,1,4,1,4.108357,0.513496,0,1,4
33340,0,0,0,1,1,4.107721,0.513417,0,1,4
33350,0,0,2,3,1,4.107520,0.513369,0,1,4
33360,7,0,2,10,1,4.107194,0.513326,0,1,4
33370,0,0,1,2,1,4.108510,0.513483,0,1,4
33380,1,0,0,2,1,4.107562,0.513376,0,1,4
33390,1,4,2,8,1,4.108145,0.513430,0,1,4
33400,2,0,1,4,1,4.108051,0.513408,0,1,4
33410,0,0,0,0,0,4.107221,0.513328,0,1,4
33420,0,1,1,3,1,4.107193,0.513309,0,1,4
33430,0,0,0,0,0,4.106731,0.513247,0,1,4
33440,0,1,0,2,1,4.105840,0.513180,0,1,4
33450,0,3,0,4,1,4.105398,0.513138,0,1,4
33460,3,1,3,8,1,4.105279,0.513116,0,1,4
33470,0,1,3,5,1,4.104845,0.513050,0,1,4
33480,0,0,0,1,1,4.104446,0.513010,0,1,4
33490,0,0,0,0,0,4.103610,0.512934,0,1,4
33500,0,0,0,0,0,4.102718,0.512836,0,1,4
33510,2,1,0,4,1,4.102094,0.512767,0,1,4
33520,3,0,3,7,1,4.101587,0.512721,0,1,4
33530,0,0,0,0,0,4.101085,0.512674,0,1,4
33540,1,1,3,6,1,4.100593,0.512610,0,1,4
33550,1,2,1,5,1,4.100529,0.512593,0,1,4
33560,0,0,0,0,0,4.100087,0.512522,0,1,4
33570,2,0,0,3,1,4.099812,0.512469,0,1,4
33580,0,0,0,0,0,4.099299,0.512412,0,1,4
33590,3,0,3,7,1,4.099509,0.512441,0,1,4
33600,0,0,1,2,1,4.099160,0.512393,0,1,4
33610,0,1,0,2,1,4.098652,0.512335,0,1,4
33620,2,3,2,8,1,4.098077,0.512260,0,1,4
33630,1,0,0,2,1,4.097623,0.512220,0,1,4
33640,3,1,0,5,1,4.096930,0.512135,0,1,4
33650,5,3,3,12,1,4.097048,0.512159,0,1,4
33660,3,2,2,8,1,4.096879,0.512144,0,1,4
33670,1,2,4,8,1,4.097312,0.512179,0,1,4
33680,0,0,0,1,1,4.096802,0.512134,0,1,4
33690,0,0,0,1,1,4.096146,0.512043,0,1,4
33700,1,1,3,6,1,4.096227,0.512034,0,1,4
33710,0,0,1,2,1,4.096256,0.512057,0,1,4
33720,2,4,3,10,1,4.096221,0.512041,0,1,4
33730,0,0,0,0,0,4.096383,0.512071,0,1,4
33740,1,0,1,3,1,4.096194,0.512053,0,1,4
33750,2,7,6,16,1,4.097723,0.512238,0,1,4
33760,0,0,0,1,1,4.097905,0.512265,0,1,4
33770,1,0,0,2,1,4.097182,0.512180,0,1,4
33780,0,1,0,2,1,4.096527,0.512121,0,1,4
33790,0,0,0,0,0,4.096619,0.512140,0,1,4
33800,0,0,1,2,1,4.095916,0.512073,0,1,4
33810,0,1,0,2,1,4.095850,0.512065,0,1,4
33820,0,1,1,3,1,4.095839,0.512057,0,1,4
33830,0,0,0,0,0,4.095779,0.512046,0,1,4
33840,1,0,0,2,1,4.095155,0.511976,0,1,4
33850,0,0,0,1,1,4.095303,0.511968,0,1,4
33860,0,0,0,0,0,4.094958,0.511909,0,1,4
33870,0,0,0,1,1,4.095017,0.511911,0,1,4
33880,1,0,0,2,1,4.094323,0.511824,0,1,4
33890,0,0,0,1,1,4.093674,0.511738,0,1,4
33900,0,2,0,3,1,4.093186,0.511673,0,1,4
33910,0,0,0,0,0,4.092495,0.511603,0,1,4
33920,1,2,2,6,1,4.092007,0.511546,0,1,4
33930,5,3,2,11,1,4.094498,0.511824,0,1,4
33940,0,0,1,2,1,4.095305,0.511932,0,1,4
33950,1,0,0,2,1,4.095460,0.511948,0,1,4
33960,1,0,1,3,1,4.094799,0.511859,0,1,4
33970,0,0,0,1,1,4.095109,0.511883,0,1,4
33980,1,2,1,5,1,4.094738,0.511822,0,1,4
33990,0,0,0,1,1,4.094174,0.511759,0,1,4
34000,1,0,0,2,1,4.093491,0.511690,0,1,4
34010,0,1,0,2,1,4.092644,0.511597,0,1,4
34020,0,0,0,0,0,4.091781,0.511514,0,1,4
34030,0,0,0,0,0,4.091303,0.511467,0,1,4
34040,2,0,0,3,1,4.091253,0.511461,0,1,4
34050,0,0,0,1,1,4.090535,0.511394,0,1,4
34060,0,2,2,5,1,4.090288,0.511365,0,1,4
34070,0,0,0,1,1,4.089702,0.511305,0,1,4
34080,1,1,0,3,1,4.089343,0.511277,0,1,4
34090,2,0,2,5,1,4.089300,0.511256,0,1,4
34100,0,0,0,0,0,4.089144,0.511229,0,1,4
34110,3,0,2,6,1,4.088896,0.511198,0,1,4
34120,0,1,0,2,1,4.088516,0.511147,0,1,4
34130,2,4,3,10,1,4.088748,0.511137,0,1,4
34140,1,2,1,5,1,4.088629,0.511124,0,1,4
34150,1,3,6,11,1,4.089258,0.511195,0,1,4
34160,0,0,0,0,0,4.090333,0.511308,0,1,4
34170,1,2,2,6,1,4.089594,0.511205,0,1,4
34180,4,1,1,7,1,4.089149,0.511155,0,1,4
34190,1,0,0,2,1,4.090225,0.511280,0,1,4
34200,0,0,0,1,1,4.089672,0.511198,0,1,4
34210,3,5,1,10,1,4.089240,0.511148,0,1,4
34220,0,0,0,1,1,4.089364,0.511193,0,1,4
34230,0,1,0,2,1,4.088655,0.511110,0,1,4
34240,0,0,0,0,0,4.088111,0.511064,0,1,4
34250,1,0,0,2,1,4.087583,0.510994,0,1,4
34260,0,0,1,2,1,4.087083,0.510917,0,1,4
34270,0,0,2,3,1,4.087457,0.510956,0,1,4
34280,1,1,0,3,1,4.086863,0.510895,0,1,4
34290,1,1,0,3,1,4.086176,0.510841,0,1,4
34300,1,0,0,2,1,4.085975,0.510801,0,1,4
34310,0,0,0,0,0,4.085582,0.510752,0,1,4
34320,0,0,0,1,1,4.085043,0.510681,0,1,4
34330,3,3,6,13,1,4.084250,0.510604,0,1,4
34340,4,2,2,9,1,4.085203,0.510691,0,1,4
34350,0,0,0,0,0,4.085324,0.510716,0,1,4
34360,4,1,0,6,1,4.084783,0.510637,0,1,4
34370,0,0,1,2,1,4.084859,0.510635,0,1,4
34380,4,1,1,7,1,4.084777,0.510603,0,1,4
34390,0,0,0,1,1,4.084573,0.510581,0,1,4
34400,3,1,5,10,1,4.085798,0.510690,0,1,4
34410,8,3,5,17,1,4.088487,0.511007,0,1,4
34420,1,1,1,4,1,4.090176,0.511207,0,1,4
34430,2,1,1,5,1,4.089397,0.511112,0,1,4
34440,1,2,0,4,1,4.089473,0.511123,0,1,4
34450,0,1,0,2,1,4.090013,0.511155,0,1,4
34460,1,0,0,2,1,4.091264,0.511306,0,1,4
34470,4,1,2,8,1,4.090439,0.511225,0,1,4
34480,4,4,2,11,1,4.089953,0.511165,0,1,4
34490,0,0,0,1,1,4.090062,0.511191,0,1,4
34500,0,0,1,2,1,4.089609,0.511120,0,1,4
34510,0,1,0,2,1,4.089567,0.511137,0,1,4
34520,2,2,4,9,1,4.088849,0.511077,0,1,4
34530,0,0,0,1,1,4.088364,0.511029,0,1,4
34540,0,1,0,2,1,4.087934,0.510962,0,1,4
34550,7,8,6,22,1,4.090674,0.511269,0,1,4
34560,1,0,1,3,1,4.093677,0.511639,0,1,4
34570,3,1,0,5,1,4.094784,0.511770,0,1,4
34580,3,1,1,6,1,4.094695,0.511781,0,1,4
34590,1,0,1,3,1,4.094115,0.511713,0,1,4
34600,2,1,3,7,1,4.094905,0.511798,0,1,4
34610,0,0,0,0,0,4.094341,0.511719,0,1,4
34620,0,2,0,3,1,4.094216,0.511694,0,1,4
34630,0,1,0,2,1,4.093664,0.511634,0,1,4
34640,3,0,2,6,1,4.094192,0.511685,0,1,4
34650,3,5,4,13,1,4.095329,0.511822,0,1,4
34660,1,2,0,4,1,4.097893,0.512133,0,1,4
34670,1,0,0,2,1,4.098955,0.512218,0,1,4
34680,0,1,1,3,1,4.098710,0.512178,0,1,4
34690,0,0,0,0,0,4.097838,0.512102,0,1,4
34700,0,0,0,0,0,4.097869,0.512119,0,1,4
34710,0,0,0,1,1,4.098129,0.512157,0,1,4
34720,3,3,5,12,1,4.099165,0.512266,0,1,4
34730,1,1,0,3,1,4.099377,0.512306,0,1,4
34740,0,0,0,1,1,4.098802,0.512236,0,1,4
34750,0,1,0,2,1,4.097944,0.512144,0,1,4
34760,1,2,3,7,1,4.097774,0.512109,0,1,4
34770,0,0,1,2,1,4.097544,0.512062,0,1,4
34780,1,2,2,6,1,4.096775,0.511974,0,1,4
34790,0,0,0,0,0,4.096760,0.511961,0,1,4
34800,1,1,1,4,1,4.095895,0.511869,0,1,4
34810,0,2,2,5,1,4.095317,0.511806,0,1,4
34820,0,1,0,2,1,4.097000,0.512020,0,1,4
34830,0,0,0,0,0,4.096892,0.512001,0,1,4
34840,2,3,3,9,1,4.096341,0.511954,0,1,4
34850,0,0,0,0,0,4.095719,0.511899,0,1,4
34860,7,5,4,17,1,4.095715,0.511889,0,1,4
34870,0,1,0,2,1,4.096822,0.512048,0,1,4
34880,0,0,0,0,0,4.096264,0.512005,0,1,4
34890,2,4,0,7,1,4.095956,0.511974,0,1,4
34900,5,3,2,11,1,4.095701,0.511942,0,1,4
34910,0,0,0,1,1,4.095847,0.511981,0,1,4
34920,0,1,0,2,1,4.094947,0.511896,0,1,4
34930,0,0,0,1,1,4.095940,0.512031,0,1,4
34940,1,4,2,8,1,4.095506,0.511973,0,1,4
34950,6,6,9,22,1,4.099753,0.512460,0,1,4
34960,1,1,1,4,1,4.101005,0.512624,0,1,4
34970,0,0,0,1,1,4.100779,0.512603,0,1,4
34980,0,0,0,1,1,4.100072,0.512536,0,1,4
34990,1,0,1,3,1,4.100242,0.512543,0,1,4
35000,2,0,3,6,1,4.099645,0.512479,0,1,4
35010,0,0,0,1,1,4.099090,0.512417,0,1,4
35020,1,0,0,2,1,4.098272,0.512344,0,1,4
35030,1,1,1,4,1,4.097583,0.512280,0,1,4
35040,1,1,1,4,1,4.098123,0.512340,0,1,4
35050,0,0,0,0,0,4.097667,0.512285,0,1,4
35060,8,2,1,12,1,4.097703,0.512279,0,1,4
35070,3,0,1,5,1,4.098155,0.512333,0,1,4
35080,0,0,3,4,1,4.098917,0.512399,0,1,4
35090,0,0,0,0,0,4.098422,0.512348,0,1,4
35100,1,3,0,5,1,4.097902,0.512265,0,1,4
35110,0,0,3,4,1,4.097295,0.512198,0,1,4
35120,0,0,0,1,1,4.097038,0.512172,0,1,4
35130,0,1,0,2,1,4.096497,0.512115,0,1,4
35140,0,0,2,3,1,4.096348,0.512093,0,1,4
35150,0,0,0,0,0,4.095823,0.512053,0,1,4
35160,0,1,2,4,1,4.095114,0.511967,0,1,4
35170,0,1,0,2,1,4.094445,0.511884,0,1,4
35180,0,0,0,1,1,4.094051,0.511833,0,1,4
35190,3,0,2,6,1,4.093873,0.511790,0,1,4
35200,0,0,0,1,1,4.093818,0.511776,0,1,4
35210,0,0,0,0,0,4.093156,0.511734,0,1,4
35220,2,1,1,5,1,4.092548,0.511656,0,1,4
35230,0,0,0,1,1,4.092628,0.511642,0,1,4
35240,0,0,0,1,1,4.092344,0.511590,0,1,4
35250,0,0,0,0,0,4.091907,0.511546,0,1,4
35260,0,1,3,5,1,4.091441,0.511510,0,1,4
35270,0,0,0,1,1,4.091020,0.511466,0,1,4
35280,0,0,0,0,0,4.090292,0.511373,0,1,4
35290,1,0,0,2,1,4.089408,0.511299,0,1,4
35300,0,1,0,2,1,4.088727,0.511236,0,1,4
35310,0,8,0,9,1,4.087990,0.511147,0,1,4
35320,3,2,2,8,1,4.088328,0.511157,0,1,4
35330,6,5,4,16,1,4.089024,0.511229,0,1,4
35340,3,2,0,6,1,4.090084,0.511367,0,1,4
35350,0,0,1,2,1,4.089891,0.511343,0,1,4
35360,1,0,1,3,1,4.089242,0.511273,0,1,4
35370,0,0,0,1,1,4.089437,0.511265,0,1,4
35380,2,3,3,9,1,4.089904,0.511318,0,1,4
35390,2,2,1,6,1,4.092241,0.511608,0,1,4
35400,2,4,3,10,1,4.091832,0.511560,0,1,4
35410,1,3,1,6,1,4.092111,0.511582,0,1,4
35420,2,1,0,4,1,4.092829,0.511670,0,1,4
35430,0,0,0,0,0,4.092824,0.511686,0,1,4
35440,0,0,0,1,1,4.092702,0.511665,0,1,4
35450,0,0,0,0,0,4.092295,0.511625,0,1,4
35460,3,0,1,5,1,4.091533,0.511537,0,1,4
35470,8,5,3,17,1,4.094195,0.511841,0,1,4
35480,4,3,6,14,1,4.096640,0.512134,0,1,4
35490,2,2,0,5,1,4.097760,0.512278,0,1,4
35500,0,1,0,2,1,4.097656,0.512279,0,1,4
35510,0,0,1,2,1,4.097199,0.512204,0,1,4
35520,0,0,0,1,1,4.096580,0.512143,0,1,4
35530,3,0,0,4,1,4.096286,0.512101,0,1,4
35540,3,1,3,8,1,4.096244,0.512077,0,1,4
35550,0,0,3,4,1,4.095769,0.512020,0,1,4
35560,8,2,2,13,1,4.095561,0.511972,0,1,4
35570,0,5,3,9,1,4.095541,0.511948,0,1,4
35580,0,0,0,0,0,4.095517,0.511932,0,1,4
35590,5,5,13,24,1,4.095472,0.511894,0,1,4
35600,0,0,0,1,1,4.097359,0.512159,0,1,4
35610,1,0,0,2,1,4.097038,0.512133,0,1,4
35620,1,1,1,4,1,4.096991,0.512129,0,1,4
35630,1,1,0,3,1,4.096438,0.512078,0,1,4
35640,2,0,1,4,1,4.095761,0.512004,0,1,4
35650,6,9,3,19,1,4.096165,0.512039,0,1,4
35660,1,0,2,4,1,4.097321,0.512185,0,1,4
35670,0,0,0,0,0,4.096935,0.512126,0,1,4
35680,5,6,4,16,1,4.097450,0.512165,0,1,4
35690,3,0,1,5,1,4.097150,0.512126,0,1,4
35700,0,0,2,3,1,4.096908,0.512081,0,1,4
35710,0,0,0,0,0,4.096394,0.512019,0,1,4
35720,2,0,3,6,1,4.096217,0.511986,0,1,4
35730,6,6,5,18,1,4.098486,0.512250,0,1,4
35740,0,0,0,0,0,4.099444,0.512377,0,1,4
35750,2,2,3,8,1,4.099671,0.512398,0,1,4
35760,0,3,0,4,1,4.099230,0.512337,0,1,4
35770,1,0,1,3,1,4.098937,0.512292,0,1,4
35780,0,0,0,0,0,4.098320,0.512224,0,1,4
35790,3,7,5,16,1,4.100227,0.512434,0,1,4
35800,0,0,0,0,0,4.101853,0.512621,0,1,4
35810,2,0,0,3,1,4.101233,0.512545,0,1,4
35820,0,3,2,6,1,4.103174,0.512771,0,1,4
35830,0,0,0,0,0,4.103274,0.512763,0,1,4
35840,1,1,1,4,1,4.102588,0.512689,0,1,4
35850,0,0,0,0,0,4.102438,0.512669,0,1,4
35860,0,3,1,5,1,4.102104,0.512613,0,1,4
35870,3,3,6,13,1,4.104739,0.512907,0,1,4
35880,0,0,0,0,0,4.104970,0.512950,0,1,4
35890,0,0,0,0,0,4.105339,0.512987,0,1,4
35900,0,1,2,4,1,4.104978,0.512951,0,1,4
35910,0,0,1,2,1,4.104494,0.512874,0,1,4
35920,0,0,0,0,0,4.104017,0.512820,0,1,4
35930,0,0,0,1,1,4.103676,0.512803,0,1,4
35940,0,0,0,0,0,4.104326,0.512875,0,1,4
35950,1,2,0,4,1,4.103725,0.512800,0,1,4
35960,0,0,0,1,1,4.103231,0.512749,0,1,4
35970,0,0,0,1,1,4.102681,0.512680,0,1,4
35980,0,0,0,1,1,4.102182,0.512618,0,1,4
35990,0,2,3,6,1,4.102037,0.512577,0,1,4
36000,0,0,0,0,0,4.101688,0.512540,0,1,4
36010,0,0,0,1,1,4.101072,0.512453,0,1,4
36020,1,0,0,2,1,4.100458,0.512378,0,1,4
36030,3,3,1,8,1,4.100054,0.512334,0,1,4
36040,0,0,0,0,0,4.099703,0.512298,0,1,4
36050,0,0,0,0,0,4.098826,0.512218,0,1,4
36060,0,0,0,0,0,4.098210,0.512172,0,1,4
36070,0,4,1,6,1,4.097783,0.512125,0,1,4
36080,0,1,1,3,1,4.097230,0.512060,0,1,4
36090,0,2,0,3,1,4.096832,0.512021,0,1,4
36100,1,0,0,2,1,4.097118,0.512060,0,1,4
36110,0,0,0,0,0,4.096776,0.512016,0,1,4
36120,0,0,0,0,0,4.095962,0.511955,0,1,4
36130,0,0,0,0,0,4.095727,0.511930,0,1,4
36140,2,6,2,11,1,4.095743,0.511902,0,1,4
36150,3,1,2,7,1,4.095227,0.511848,0,1,4
36160,0,1,0,2,1,4.094484,0.511775,0,1,4
36170,0,1,0,2,1,4.094035,0.511723,0,1,4
36180,0,0,2,3,1,4.093692,0.511674,0,1,4
36190,0,2,0,3,1,4.093141,0.511600,0,1,4
36200,1,0,0,2,1,4.093685,0.511668,0,1,4
36210,0,0,0,0,0,4.092894,0.511583,0,1,4
36220,0,2,3,6,1,4.092455,0.511525,0,1,4
36230,2,2,3,8,1,4.091959,0.511468,0,1,4
36240,0,0,0,0,0,4.091443,0.511414,0,1,4
36250,2,1,2,6,1,4.091327,0.511396,0,1,4
36260,1,0,1,3,1,4.091118,0.511383,0,1,4
36270,1,0,1,3,1,4.090546,0.511315,0,1,4
36280,3,2,3,9,1,4.089934,0.511235,0,1,4
36290,1,0,2,4,1,4.090382,0.511292,0,1,4
36300,0,0,0,1,1,4.090437,0.511303,0,1,4
36310,0,0,0,0,0,4.089749,0.511233,0,1,4
36320,0,1,0,2,1,4.089160,0.511161,0,1,4
36330,2,0,0,3,1,4.088820,0.511125,0,1,4
36340,3,1,2,7,1,4.088278,0.511059,0,1,4
36350,3,2,3,9,1,4.088687,0.511105,0,1,4
36360,0,0,0,0,0,4.088393,0.511065,0,1,4
36370,0,1,0,2,1,4.087650,0.510990,0,1,4
36380,0,1,1,3,1,4.086995,0.510906,0,1,4
36390,0,0,0,1,1,4.087150,0.510908,0,1,4
36400,1,2,1,5,1,4.086678,0.510835,0,1,4
36410,0,0,0,1,1,4.086427,0.510830,0,1,4
36420,0,0,0,0,0,4.085556,0.510740,0,1,4
36430,0,0,0,1,1,4.085054,0.510693,0,1,4
36440,0,0,0,1,1,4.084419,0.510629,0,1,4
36450,2,1,2,6,1,4.084158,0.510604,0,1,4
36460,2,1,1,5,1,4.084289,0.510608,0,1,4
36470,0,3,0,4,1,4.083817,0.510579,0,1,4
36480,0,0,2,3,1,4.083958,0.510593,0,1,4
36490,0,0,0,1,1,4.083135,0.510514,0,1,4
36500,2,5,3,11,1,4.083248,0.510485,0,1,4
36510,0,0,1,2,1,4.082986,0.510475,0,1,4
36520,0,1,0,2,1,4.082632,0.510430,0,1,4
36530,3,3,2,9,1,4.082378,0.510388,0,1,4
36540,3,0,2,6,1,4.081568,0.510315,0,1,4
36550,5,1,2,9,1,4.081388,0.510278,0,1,4
36560,1,0,2,4,1,4.082117,0.510362,0,1,4
36570,0,0,0,0,0,4.082158,0.510364,0,1,4
36580,1,2,0,4,1,4.081836,0.510306,0,1,4
36590,2,2,1,6,1,4.081737,0.510285,0,1,4
36600,0,1,0,2,1,4.081523,0.510265,0,1,4
36610,2,0,3,6,1,4.081019,0.510213,0,1,4
36620,1,2,1,5,1,4.080439,0.510138,0,1,4
36630,0,0,0,1,1,4.080369,0.510147,0,1,4
36640,0,0,0,1,1,4.079966,0.510091,0,1,4
36650,0,0,0,0,0,4.080783,0.510202,0,1,4
36660,1,0,1,3,1,4.080238,0.510148,0,1,4
36670,0,0,0,0,0,4.079753,0.510089,0,1,4
36680,0,0,0,0,0,4.080408,0.510169,0,1,4
36690,0,0,0,0,0,4.079887,0.510120,0,1,4
36700,0,0,0,0,0,4.079165,0.510033,0,1,4
36710,0,0,0,1,1,4.078529,0.509962,0,1,4
36720,0,0,0,1,1,4.077689,0.509864,0,1,4
36730,0,2,7,10,1,4.077420,0.509799,0,1,4
36740,0,0,2,3,1,4.078470,0.509930,0,1,4
36750,4,4,5,14,1,4.078865,0.509955,0,1,4
36760,0,0,0,1,1,4.080073,0.510103,0,1,4
36770,0,0,0,1,1,4.079598,0.510035,0,1,4
36780,2,1,0,4,1,4.079562,0.510008,0,1,4
36790,0,1,0,2,1,4.079556,0.509976,0,1,4
36800,1,0,0,2,1,4.078833,0.509892,0,1,4
36810,0,0,1,2,1,4.078339,0.509837,0,1,4
36820,2,0,5,8,1,4.077903,0.509764,0,1,4
36830,5,2,2,10,1,4.078123,0.509774,0,1,4
36840,0,0,0,0,0,4.078416,0.509805,0,1,4
36850,0,0,1,2,1,4.078105,0.509765,0,1,4
36860,0,0,0,1,1,4.077364,0.509693,0,1,4
36870,0,0,0,0,0,4.077990,0.509770,0,1,4
36880,0,0,0,1,1,4.077435,0.509685,0,1,4
36890,4,3,2,10,1,4.078062,0.509765,0,1,4
36900,1,4,1,7,1,4.079034,0.509864,0,1,4
36910,4,5,5,15,1,4.079780,0.509935,0,1,4
36920,0,1,0,2,1,4.079749,0.509936,0,1,4
36930,6,4,1,12,1,4.079865,0.509935,0,1,4
36940,0,0,0,0,0,4.079985,0.509957,0,1,4
36950,0,1,1,3,1,4.079510,0.509897,0,1,4
36960,1,1,1,4,1,4.079351,0.509878,0,1,4
36970,1,0,1,3,1,4.079127,0.509836,0,1,4
36980,0,0,0,1,1,4.078562,0.509769,0,1,4
36990,1,0,0,2,1,4.078361,0.509725,0,1,4
37000,0,2,1,4,1,4.077845,0.509657,0,1,4
37010,0,0,0,0,0,4.077125,0.509587,0,1,4
37020,1,0,1,3,1,4.076301,0.509503,0,1,4
37030,1,0,0,2,1,4.075800,0.509453,0,1,4
37040,1,2,0,4,1,4.075325,0.509395,0,1,4
37050,0,0,0,0,0,4.075011,0.509359,0,1,4
37060,0,0,0,0,0,4.075153,0.509372,0,1,4
37070,0,0,0,0,0,4.074489,0.509325,0,1,4
37080,0,0,0,0,0,4.073667,0.509246,0,1,4
37090,2,0,2,5,1,4.073297,0.509217,0,1,4
37100,0,0,1,2,1,4.073922,0.509273,0,1,4
37110,0,0,0,0,0,4.073166,0.509180,0,1,4
37120,0,0,0,0,0,4.073031,0.509153,0,1,4
37130,3,1,2,7,1,4.073161,0.509152,0,1,4
37140,3,1,3,8,1,4.074549,0.509341,0,1,4
37150,0,0,1,2,1,4.075777,0.509488,0,1,4
37160,1,0,0,2,1,4.075075,0.509391,0,1,4
37170,0,0,0,1,1,4.074642,0.509332,0,1,4
37180,2,0,4,7,1,4.074420,0.509304,0,1,4
37190,0,0,0,1,1,4.074739,0.509332,0,1,4
37200,3,1,1,6,1,4.073959,0.509226,0,1,4
37210,0,0,0,0,0,4.073647,0.509167,0,1,4
37220,1,0,0,2,1,4.073068,0.509116,0,1,4
37230,0,0,0,1,1,4.072339,0.509039,0,1,4
37240,0,0,1,2,1,4.071571,0.508962,0,1,4
37250,0,0,0,1,1,4.071203,0.508921,0,1,4
37260,2,0,0,3,1,4.070543,0.508820,0,1,4
37270,5,4,6,16,1,4.070626,0.508796,0,1,4
37280,1,2,2,6,1,4.070621,0.508824,0,1,4
37290,1,1,1,4,1,4.070637,0.508838,0,1,4
37300,4,4,4,13,1,4.071263,0.508882,0,1,4
37310,0,0,0,0,0,4.072399,0.509050,0,1,4
37320,0,0,0,1,1,4.071688,0.508981,0,1,4
37330,0,0,0,1,1,4.071262,0.508933,0,1,4
37340,1,2,3,7,1,4.070756,0.508877,0,1,4
37350,0,0,0,1,1,4.070457,0.508855,0,1,4
37360,4,2,4,11,1,4.070597,0.508855,0,1,4
37370,1,1,2,5,1,4.070049,0.508795,0,1,4
37380,3,3,4,11,1,4.069923,0.508769,0,1,4
37390,0,0,0,0,0,4.069944,0.508799,0,1,4
37400,0,0,1,2,1,4.069638,0.508744,0,1,4
37410,0,0,1,2,1,4.069091,0.508689,0,1,4
37420,3,3,0,7,1,4.068760,0.508653,0,1,4
37430,0,0,0,0,0,4.068175,0.508590,0,1,4
37440,0,0,0,1,1,4.067312,0.508484,0,1,4
37450,1,0,0,2,1,4.066442,0.508390,0,1,4
37460,0,0,0,0,0,4.065743,0.508291,0,1,4
37470,0,0,0,1,1,4.065928,0.508292,0,1,4
37480,0,0,0,0,0,4.066041,0.508313,0,1,4
37490,1,0,3,5,1,4.066030,0.508313,0,1,4
37500,0,0,0,0,0,4.066425,0.508373,0,1,4
37510,2,0,2,5,1,4.067526,0.508490,0,1,4
37520,2,2,1,6,1,4.067192,0.508448,0,1,4
37530,1,0,2,4,1,4.066778,0.508381,0,1,4
37540,0,0,1,2,1,4.066468,0.508324,0,1,4
37550,1,1,4,7,1,4.066351,0.508301,0,1,4
37560,1,0,1,3,1,4.067005,0.508352,0,1,4
37570,0,1,1,3,1,4.066476,0.508304,0,1,4
37580,1,3,0,5,1,4.066179,0.508264,0,1,4
37590,4,2,0,7,1,4.066408,0.508296,0,1,4
37600,0,0,1,2,1,4.067416,0.508420,0,1,4
37610,4,1,2,8,1,4.067075,0.508391,0,1,4
37620,2,0,0,3,1,4.066848,0.508368,0,1,4
37630,4,3,3,11,1,4.067814,0.508483,0,1,4
37640,0,0,1,2,1,4.067918,0.508498,0,1,4
37650,0,0,0,1,1,4.067339,0.508438,0,1,4
37660,1,1,1,4,1,4.066643,0.508373,0,1,4
37670,1,0,0,2,1,4.067034,0.508410,0,1,4
37680,0,0,0,0,0,4.066363,0.508336,0,1,4
37690,0,0,0,0,0,4.065992,0.508293,0,1,4
37700,3,3,2,9,1,4.066139,0.508299,0,1,4
37710,3,4,1,9,1,4.066413,0.508320,0,1,4
37720,0,0,0,1,1,4.066049,0.508286,0,1,4
37730,0,0,0,0,0,4.066253,0.508317,0,1,4
37740,0,0,1,2,1,4.065555,0.508231,0,1,4
37750,0,0,0,1,1,4.064965,0.508166,0,1,4
37760,0,1,1,3,1,4.064389,0.508104,0,1,4
37770,0,0,2,3,1,4.064644,0.508139,0,1,4
37780,0,0,0,0,0,4.064474,0.508100,0,1,4
37790,1,0,0,2,1,4.064557,0.508102,0,1,4
37800,0,1,1,3,1,4.063850,0.508032,0,1,4
37810,5,2,1,9,1,4.063755,0.508008,0,1,4
37820,2,0,3,6,1,4.063702,0.507996,0,1,4
37830,2,0,1,4,1,4.063723,0.508004,0,1,4
37840,1,0,0,2,1,4.063156,0.507931,0,1,4
37850,0,2,0,3,1,4.062954,0.507903,0,1,4
37860,2,6,3,12,1,4.063390,0.507935,0,1,4
37870,2,1,0,4,1,4.064030,0.508002,0,1,4
37880,0,0,0,1,1,4.063519,0.507955,0,1,4
37890,0,0,0,0,0,4.063053,0.507913,0,1,4
37900,0,0,0,0,0,4.062354,0.507829,0,1,4
37910,0,0,0,1,1,4.063453,0.507965,0,1,4
37920,7,10,7,25,1,4.064972,0.508142,0,1,4
37930,2,2,1,6,1,4.068655,0.508604,0,1,4
37940,4,3,3,11,1,4.068941,0.508623,0,1,4
37950,1,3,2,7,1,4.068521,0.508600,0,1,4
37960,9,6,4,20,1,4.069240,0.508643,0,1,4
37970,3,1,5,10,1,4.069846,0.508696,0,1,4
37980,0,0,0,1,1,4.069962,0.508707,0,1,4
37990,0,0,0,1,1,4.069825,0.508701,0,1,4
38000,1,0,2,4,1,4.069841,0.508708,0,1,4
38010,0,0,0,1,1,4.069391,0.508662,0,1,4
38020,0,0,0,1,1,4.068843,0.508612,0,1,4
38030,0,0,0,0,0,4.068572,0.508588,0,1,4
38040,2,3,3,9,1,4.068865,0.508635,0,1,4
38050,0,0,0,1,1,4.068477,0.508603,0,1,4
38060,1,2,2,6,1,4.068265,0.508567,0,1,4
38070,2,5,1,9,1,4.067947,0.508523,0,1,4
38080,0,1,0,2,1,4.067461,0.508478,0,1,4
38090,3,4,4,12,1,4.067577,0.508504,0,1,4
38100,0,2,3,6,1,4.067603,0.508504,0,1,4
38110,0,0,0,0,0,4.067151,0.508481,0,1,4
38120,0,0,0,0,0,4.066695,0.508422,0,1,4
38130,0,0,0,0,0,4.066222,0.508348,0,1,4
38140,2,1,1,5,1,4.066308,0.508360,0,1,4
38150,0,0,0,0,0,4.065528,0.508286,0,1,4
38160,0,0,0,0,0,4.065162,0.508238,0,1,4
38170,0,0,0,0,0,4.064532,0.508171,0,1,4
38180,1,2,2,6,1,4.064506,0.508151,0,1,4
38190,2,1,0,4,1,4.064309,0.508114,0,1,4
38200,0,0,0,1,1,4.063991,0.508080,0,1,4
38210,0,1,0,2,1,4.063348,0.507997,0,1,4
38220,0,8,5,14,1,4.063694,0.508032,0,1,4
38230,1,3,1,6,1,4.063441,0.508023,0,1,4
38240,0,1,2,4,1,4.063396,0.508032,0,1,4
38250,2,1,2,6,1,4.062905,0.507953,0,1,4
38260,0,0,0,1,1,4.065191,0.508244,0,1,4
38270,0,0,0,0,0,4.064707,0.508203,0,1,4
38280,1,0,1,3,1,4.064234,0.508147,0,1,4
38290,7,2,1,11,1,4.063968,0.508109,0,1,4
38300,0,0,0,1,1,4.063601,0.508066,0,1,4
38310,0,0,0,1,1,4.063027,0.508004,0,1,4
38320,1,2,0,4,1,4.062509,0.507931,0,1,4
38330,1,1,2,5,1,4.062099,0.507885,0,1,4
38340,0,0,0,0,0,4.062292,0.507902,0,1,4
38350,0,0,0,0,0,4.061552,0.507815,0,1,4
38360,0,0,0,1,1,4.060828,0.507738,0,1,4
38370,0,0,0,0,0,4.060507,0.507697,0,1,4
38380,0,0,0,1,1,4.059819,0.507628,0,1,4
38390,1,1,0,3,1,4.059300,0.507576,0,1,4
38400,0,0,0,1,1,4.058633,0.507499,0,1,4
38410,0,0,0,0,0,4.058010,0.507431,0,1,4
38420,2,0,2,5,1,4.057556,0.507361,0,1,4
38430,1,3,6,11,1,4.059194,0.507553,0,1,4
38440,1,1,0,3,1,4.059573,0.507613,0,1,4
38450,0,0,0,1,1,4.059063,0.507564,0,1,4
38460,2,2,1,6,1,4.060085,0.507685,0,1,4
38470,1,0,0,2,1,4.059894,0.507662,0,1,4
38480,0,0,0,1,1,4.059399,0.507613,0,1,4
38490,0,0,1,2,1,4.059009,0.507559,0,1,4
38500,2,1,0,4,1,4.058486,0.507507,0,1,4
38510,1,0,0,2,1,4.057969,0.507452,0,1,4
38520,4,1,2,8,1,4.057738,0.507397,0,1,4
38530,0,2,5,8,1,4.058344,0.507463,0,1,4
38540,1,1,0,3,1,4.058881,0.507530,0,1,4
38550,0,0,1,2,1,4.058141,0.507457,0,1,4
38560,3,3,4,11,1,4.058646,0.507507,0,1,4
38570,1,0,0,2,1,4.058071,0.507448,0,1,4
38580,0,0,0,1,1,4.057319,0.507372,0,1,4
38590,0,0,0,0,0,4.056640,0.507320,0,1,4
38600,1,0,0,2,1,4.056709,0.507307,0,1,4
38610,1,1,0,3,1,4.056105,0.507240,0,1,4
38620,1,0,0,2,1,4.056046,0.507213,0,1,4
38630,0,0,0,1,1,4.055969,0.507201,0,1,4
38640,4,5,5,15,1,4.057421,0.507356,0,1,4
38650,0,1,2,4,1,4.058083,0.507446,0,1,4
38660,0,0,0,0,0,4.058524,0.507493,0,1,4
38670,1,1,4,7,1,4.058083,0.507439,0,1,4
38680,4,8,6,19,1,4.062823,0.508014,0,1,4
38690,4,8,3,16,1,4.066978,0.508530,0,1,4
38700,0,0,0,0,0,4.066878,0.508532,0,1,4
38710,0,0,0,1,1,4.066702,0.508510,0,1,4
38720,2,1,0,4,1,4.066645,0.508496,0,1,4
38730,0,0,0,0,0,4.065992,0.508449,0,1,4
38740,3,1,3,8,1,4.065517,0.508382,0,1,4
38750,0,0,0,0,0,4.065572,0.508372,0,1,4
38760,2,1,1,5,1,4.064909,0.508296,0,1,4
38770,4,3,6,14,1,4.064948,0.508287,0,1,4
38780,1,1,2,5,1,4.065798,0.508389,0,1,4
38790,0,0,0,1,1,4.065525,0.508363,0,1,4
38800,4,3,1,9,1,4.065351,0.508351,0,1,4
38810,0,0,0,1,1,4.065173,0.508322,0,1,4
38820,1,2,2,6,1,4.064746,0.508277,0,1,4
38830,5,3,1,10,1,4.064842,0.508292,0,1,4
38840,0,0,0,0,0,4.065264,0.508340,0,1,4
38850,0,0,0,0,0,4.064504,0.508279,0,1,4
38860,0,1,1,3,1,4.063830,0.508206,0,1,4
38870,0,0,0,1,1,4.063506,0.508170,0,1,4
38880,3,5,8,17,1,4.064818,0.508293,0,1,4
38890,0,0,0,1,1,4.066349,0.508478,0,1,4
38900,0,0,0,1,1,4.066413,0.508486,0,1,4
38910,3,1,1,6,1,4.066942,0.508538,0,1,4
38920,0,0,0,0,0,4.066323,0.508490,0,1,4
38930,2,2,1,6,1,4.065955,0.508440,0,1,4
38940,0,0,0,0,0,4.066969,0.508588,0,1,4
38950,0,0,1,2,1,4.066323,0.508530,0,1,4
38960,1,2,1,5,1,4.065984,0.508504,0,1,4
38970,0,0,3,4,1,4.065684,0.508455,0,1,4
38980,2,5,4,12,1,4.065364,0.508407,0,1,4
38990,3,3,5,12,1,4.067154,0.508621,0,1,4
39000,0,0,0,0,0,4.068079,0.508730,0,1,4
39010,3,8,4,16,1,4.069185,0.508827,0,1,4
39020,0,0,0,0,0,4.070140,0.508937,0,1,4
39030,1,1,1,4,1,4.069669,0.508873,0,1,4
39040,0,1,0,2,1,4.069250,0.508826,0,1,4
39050,4,0,1,6,1,4.068931,0.508800,0,1,4
39060,2,1,3,7,1,4.069524,0.508860,0,1,4
39070,0,1,0,2,1,4.069274,0.508837,0,1,4
39080,1,1,1,4,1,4.069247,0.508815,0,1,4
39090,0,0,0,0,0,4.068790,0.508775,0,1,4
39100,3,2,2,8,1,4.069042,0.508798,0,1,4
39110,0,3,0,4,1,4.068527,0.508758,0,1,4
39120,0,1,2,4,1,4.069045,0.508805,0,1,4
39130,2,3,4,10,1,4.070914,0.509030,0,1,4
39140,0,0,0,1,1,4.070935,0.509038,0,1,4
39150,4,1,3,9,1,4.071182,0.509049,0,1,4
39160,0,0,0,0,0,4.070832,0.509002,0,1,4
39170,3,1,4,9,1,4.070220,0.508951,0,1,4
39180,2,0,1,4,1,4.069697,0.508897,0,1,4
39190,0,0,0,1,1,4.069119,0.508840,0,1,4
39200,0,1,0,2,1,4.068573,0.508784,0,1,4
39210,0,0,0,1,1,4.068219,0.508737,0,1,4
39220,1,1,3,6,1,4.067605,0.508652,0,1,4
39230,0,0,0,1,1,4.067225,0.508602,0,1,4
39240,0,2,2,5,1,4.066490,0.508523,0,1,4
39250,0,0,0,0,0,4.066453,0.508546,0,1,4
39260,2,1,1,5,1,4.066455,0.508527,0,1,4
39270,0,0,0,1,1,4.065859,0.508457,0,1,4
39280,3,2,3,9,1,4.065951,0.508456,0,1,4
39290,2,3,2,8,1,4.065771,0.508433,0,1,4
39300,3,0,0,4,1,4.065543,0.508408,0,1,4
39310,2,3,1,7,1,4.066105,0.508462,0,1,4
39320,1,0,0,2,1,4.066478,0.508518,0,1,4
39330,0,1,0,2,1,4.065777,0.508452,0,1,4
39340,1,2,2,6,1,4.065440,0.508435,0,1,4
39350,0,1,1,3,1,4.065440,0.508435,0,1,4
39360,0,2,0,3,1,4.065265,0.508405,0,1,4
39370,2,1,2,6,1,4.065031,0.508353,0,1,4
39380,0,0,0,0,0,4.065238,0.508377,0,1,4
39390,2,1,3,7,1,4.064899,0.508324,0,1,4
39400,0,3,3,7,1,4.064742,0.508299,0,1,4
39410,0,0,0,0,0,4.064206,0.508251,0,1,4
39420,2,1,0,4,1,4.063781,0.508224,0,1,4
39430,0,0,0,1,1,4.063148,0.508151,0,1,4
39440,3,1,2,7,1,4.063964,0.508229,0,1,4
39450,0,3,5,9,1,4.063655,0.508190,0,1,4
39460,0,2,0,3,1,4.062985,0.508127,0,1,4
39470,0,0,0,0,0,4.063540,0.508181,0,1,4
39480,1,0,0,2,1,4.063353,0.508156,0,1,4
39490,2,3,2,8,1,4.063227,0.508133,0,1,4
39500,1,3,1,6,1,4.062707,0.508076,0,1,4
39510,0,0,0,0,0,4.063132,0.508120,0,1,4
39520,5,4,1,11,1,4.063462,0.508145,0,1,4
39530,0,0,0,0,0,4.063695,0.508189,0,1,4
39540,3,5,2,11,1,4.063161,0.508118,0,1,4
39550,0,1,3,5,1,4.063376,0.508134,0,1,4
39560,1,2,2,6,1,4.063005,0.508084,0,1,4
39570,0,1,1,3,1,4.062618,0.508049,0,1,4
39580,0,0,0,1,1,4.062074,0.507977,0,1,4
39590,1,1,2,5,1,4.061811,0.507957,0,1,4
39600,2,0,2,5,1,4.062008,0.507980,0,1,4
39610,0,0,0,1,1,4.061864,0.507951,0,1,4
39620,0,1,0,2,1,4.062781,0.508043,0,1,4
39630,0,0,0,1,1,4.062882,0.508070,0,1,4
39640,1,0,0,2,1,4.062345,0.508005,0,1,4
39650,6,7,1,15,1,4.063243,0.508114,0,1,4
39660,0,0,0,0,0,4.062928,0.508079,0,1,4
39670,0,0,0,1,1,4.062224,0.507989,0,1,4
39680,0,1,2,4,1,4.062564,0.508037,0,1,4
39690,0,0,0,1,1,4.063922,0.508194,0,1,4
39700,0,1,0,2,1,4.064711,0.508281,0,1,4
39710,1,0,0,2,1,4.064575,0.508249,0,1,4
39720,1,0,1,3,1,4.065205,0.508320,0,1,4
39730,0,0,0,1,1,4.064808,0.508277,0,1,4
39740,0,2,1,4,1,4.064130,0.508208,0,1,4
39750,1,1,0,3,1,4.063689,0.508167,0,1,4
39760,0,0,0,0,0,4.063443,0.508136,0,1,4
39770,1,1,0,3,1,4.062822,0.508075,0,1,4
39780,2,1,2,6,1,4.062511,0.508020,0,1,4
39790,0,0,0,0,0,4.062216,0.507984,0,1,4
39800,0,1,2,4,1,4.062335,0.508003,0,1,4
39810,0,0,0,1,1,4.061771,0.507948,0,1,4
39820,0,1,0,2,1,4.061255,0.507885,0,1,4
39830,0,0,0,1,1,4.060759,0.507826,0,1,4
39840,3,2,4,10,1,4.061658,0.507930,0,1,4
39850,0,0,0,1,1,4.061149,0.507881,0,1,4
39860,1,2,2,6,1,4.060621,0.507824,0,1,4
39870,0,0,0,1,1,4.060183,0.507787,0,1,4
39880,1,2,1,5,1,4.059837,0.507742,0,1,4
39890,0,1,0,2,1,4.059283,0.507686,0,1,4
39900,5,5,5,16,1,4.059209,0.507670,0,1,4
39910,0,0,0,0,0,4.058911,0.507660,0,1,4
39920,1,0,0,2,1,4.058535,0.507625,0,1,4
39930,0,1,1,3,1,4.058090,0.507585,0,1,4
39940,0,0,0,1,1,4.058139,0.507563,0,1,4
39950,0,0,0,0,0,4.057566,0.507502,0,1,4
39960,0,0,0,0,0,4.056891,0.507422,0,1,4
39970,1,0,0,2,1,4.057301,0.507458,0,1,4
39980,0,0,0,0,0,4.056569,0.507390,0,1,4
39990,1,1,2,5,1,4.056288,0.507339,0,1,4
40000,1,1,1,4,1,4.055812,0.507287,0,1,4
40010,0,1,1,3,1,4.055173,0.507209,0,1,4
40020,3,2,3,9,1,4.055986,0.507290,0,1,4
40030,0,3,4,8,1,4.056381,0.507339,0,1,4
40040,0,0,0,0,0,4.056414,0.507367,0,1,4
40050,1,1,2,5,1,4.057697,0.507504,0,1,4
40060,2,0,0,3,1,4.057300,0.507446,0,1,4
40070,1,0,0,2,1,4.056646,0.507393,0,1,4
40080,0,4,1,6,1,4.056945,0.507403,0,1,4
40090,0,0,0,0,0,4.056882,0.507387,0,1,4
40100,0,1,0,2,1,4.057058,0.507384,0,1,4
40110,0,2,1,4,1,4.056945,0.507341,0,1,4
40120,0,0,0,1,1,4.056885,0.507334,0,1,4
40130,0,0,0,0,0,4.056363,0.507293,0,1,4
40140,0,0,0,1,1,4.055855,0.507233,0,1,4
40150,0,2,2,5,1,4.056048,0.507241,0,1,4
40160,0,2,0,3,1,4.055847,0.507203,0,1,4
40170,0,0,1,2,1,4.055553,0.507165,0,1,4
40180,2,4,4,11,1,4.055375,0.507133,0,1,4
40190,0,0,1,2,1,4.055117,0.507139,0,1,4
40200,0,0,0,0,0,4.055680,0.507206,0,1,4
40210,1,1,1,4,1,4.055039,0.507134,0,1,4
40220,0,0,0,1,1,4.054814,0.507110,0,1,4
40230,0,1,0,2,1,4.055010,0.507121,0,1,4
40240,0,0,0,1,1,4.054523,0.507071,0,1,4
40250,0,2,2,5,1,4.053885,0.506992,0,1,4
40260,1,1,2,5,1,4.053433,0.506937,0,1,4
40270,1,1,0,3,1,4.053324,0.506919,0,1,4
40280,0,1,2,4,1,4.052724,0.506875,0,1,4
40290,0,0,0,0,0,4.052274,0.506835,0,1,4
40300,5,4,2,12,1,4.052081,0.506807,0,1,4
40310,0,0,0,1,1,4.052350,0.506853,0,1,4
40320,2,2,1,6,1,4.052622,0.506887,0,1,4
40330,1,0,0,2,1,4.052900,0.506925,0,1,4
40340,0,0,0,1,1,4.052460,0.506890,0,1,4
40350,0,0,0,0,0,4.052847,0.506942,0,1,4
40360,0,0,0,1,1,4.052343,0.506887,0,1,4
40370,1,5,6,13,1,4.052592,0.506896,0,1,4
40380,0,0,0,1,1,4.052900,0.506928,0,1,4
40390,0,1,0,2,1,4.052369,0.506871,0,1,4
40400,0,0,0,1,1,4.051808,0.506796,0,1,4
40410,1,1,2,5,1,4.051351,0.506753,0,1,4
40420,1,3,1,6,1,4.051977,0.506817,0,1,4
40430,3,5,2,11,1,4.052155,0.506809,0,1,4
40440,0,0,0,1,1,4.052223,0.506822,0,1,4
40450,2,2,2,7,1,4.052259,0.506847,0,1,4
40460,3,2,4,10,1,4.052602,0.506884,0,1,4
40470,1,4,1,7,1,4.052845,0.506914,0,1,4
40480,0,0,0,0,0,4.052839,0.506937,0,1,4
40490,0,0,0,0,0,4.052417,0.506881,0,1,4
40500,0,0,0,0,0,4.051766,0.506810,0,1,4
40510,2,3,3,9,1,4.051198,0.506750,0,1,4
40520,3,0,3,7,1,4.051071,0.506745,0,1,4
40530,1,0,0,2,1,4.050804,0.506726,0,1,4
40540,0,0,0,0,0,4.050368,0.506679,0,1,4
40550,0,0,0,1,1,4.049884,0.506623,0,1,4
40560,0,0,1,2,1,4.049534,0.506593,0,1,4
40570,5,1,3,10,1,4.049913,0.506601,0,1,4
40580,0,0,0,1,1,4.049776,0.506573,0,1,4
40590,0,0,0,1,1,4.049464,0.506545,0,1,4
40600,0,1,1,3,1,4.048911,0.506499,0,1,4
40610,0,0,0,0,0,4.048684,0.506483,0,1,4
40620,0,1,0,2,1,4.049225,0.506538,0,1,4
40630,0,5,0,6,1,4.049455,0.506557,0,1,4
40640,0,0,0,1,1,4.049907,0.506587,0,1,4
40650,0,2,0,3,1,4.049410,0.506534,0,1,4
40660,5,7,4,17,1,4.049597,0.506559,0,1,4
40670,1,0,3,5,1,4.050645,0.506701,0,1,4
40680,2,0,2,5,1,4.050356,0.506670,0,1,4
40690,5,6,5,17,1,4.051826,0.506836,0,1,4
40700,0,0,1,2,1,4.053088,0.506990,0,1,4
40710,0,1,0,2,1,4.052881,0.506956,0,1,4
40720,0,0,0,0,0,4.052558,0.506929,0,1,4
40730,0,0,0,1,1,4.051991,0.506858,0,1,4
40740,0,0,0,0,0,4.051365,0.506781,0,1,4
40750,0,0,0,0,0,4.050800,0.506720,0,1,4
40760,1,1,0,3,1,4.050302,0.506665,0,1,4
40770,0,0,0,1,1,4.050443,0.506672,0,1,4
40780,0,0,1,2,1,4.050076,0.506634,0,1,4
40790,3,0,2,6,1,4.049472,0.506563,0,1,4
40800,2,0,1,4,1,4.049143,0.506514,0,1,4
40810,2,2,3,8,1,4.049508,0.506575,0,1,4
40820,1,0,0,2,1,4.049836,0.506586,0,1,4
40830,1,2,3,7,1,4.049309,0.506517,0,1,4
40840,1,3,0,5,1,4.049736,0.506569,0,1,4
40850,2,4,1,8,1,4.050054,0.506596,0,1,4
40860,0,0,2,3,1,4.049761,0.506556,0,1,4
40870,1,3,0,5,1,4.049491,0.506521,0,1,4
40880,0,4,0,5,1,4.048894,0.506451,0,1,4
40890,0,0,0,1,1,4.048210,0.506375,0,1,4
40900,1,1,0,3,1,4.047664,0.506311,0,1,4
40910,1,2,4,8,1,4.047170,0.506249,0,1,4
40920,0,0,0,0,0,4.046930,0.506234,0,1,4
40930,0,0,0,1,1,4.046247,0.506155,0,1,4
40940,1,1,0,3,1,4.045886,0.506110,0,1,4
40950,1,0,1,3,1,4.045313,0.506058,0,1,4
40960,1,1,0,3,1,4.044690,0.505995,0,1,4
40970,0,0,0,1,1,4.045125,0.506048,0,1,4
40980,0,0,0,1,1,4.044555,0.505992,0,1,4
40990,0,0,0,1,1,4.044384,0.505966,0,1,4
41000,0,0,2,3,1,4.044213,0.505940,0,1,4
41010,0,0,0,1,1,4.043943,0.505915,0,1,4
41020,0,0,0,0,0,4.043210,0.505848,0,1,4
41030,1,0,0,2,1,4.042551,0.505783,0,1,4
41040,0,0,0,1,1,4.042273,0.505740,0,1,4
41050,1,0,1,3,1,4.042125,0.505714,0,1,4
41060,0,0,0,1,1,4.041584,0.505651,0,1,4
41070,0,0,0,0,0,4.040974,0.505579,0,1,4
41080,0,0,0,1,1,4.040284,0.505508,0,1,4
41090,2,4,2,9,1,4.039954,0.505463,0,1,4
41100,0,0,0,0,0,4.041124,0.505617,0,1,4
41110,0,0,0,1,1,4.040800,0.505584,0,1,4
41120,3,2,3,9,1,4.040949,0.505578,0,1,4
41130,0,0,0,1,1,4.041457,0.505639,0,1,4
41140,0,1,1,3,1,4.040956,0.505577,0,1,4
41150,2,2,0,5,1,4.040561,0.505528,0,1,4
41160,0,0,0,1,1,4.040802,0.505539,0,1,4
41170,0,0,0,1,1,4.040369,0.505476,0,1,4
41180,0,0,0,0,0,4.039970,0.505440,0,1,4
41190,0,0,0,1,1,4.039750,0.505403,0,1,4
41200,0,0,0,1,1,4.039054,0.505332,0,1,4
41210,0,1,0,2,1,4.039412,0.505360,0,1,4
41220,0,1,1,3,1,4.038787,0.505299,0,1,4
41230,0,0,0,1,1,4.038088,0.505224,0,1,4
41240,1,1,1,4,1,4.038088,0.505217,0,1,4
41250,0,0,0,0,0,4.037635,0.505174,0,1,4
41260,0,0,0,1,1,4.037037,0.505119,0,1,4
41270,0,0,0,0,0,4.037541,0.505194,0,1,4
41280,0,2,1,4,1,4.038069,0.505239,0,1,4
41290,6,4,1,12,1,4.039996,0.505474,0,1,4
41300,0,0,1,2,1,4.040400,0.505529,0,1,4
41310,0,0,0,1,1,4.040227,0.505512,0,1,4
41320,0,0,0,0,0,4.039746,0.505448,0,1,4
41330,1,1,0,3,1,4.039152,0.505377,0,1,4
41340,0,0,0,1,1,4.038834,0.505339,0,1,4
41350,0,0,0,1,1,4.038175,0.505271,0,1,4
41360,0,0,0,0,0,4.038107,0.505261,0,1,4
41370,1,2,1,5,1,4.037784,0.505228,0,1,4
41380,3,3,7,14,1,4.038623,0.505312,0,1,4
41390,3,0,1,5,1,4.039335,0.505390,0,1,4
41400,3,5,1,10,1,4.039707,0.505427,0,1,4
41410,0,6,3,10,1,4.040361,0.505492,0,1,4
41420,11,7,8,27,1,4.044695,0.506019,0,1,4
41430,2,0,0,3,1,4.047568,0.506369,0,1,4
41440,1,0,0,2,1,4.046877,0.506301,0,1,4
41450,0,0,0,1,1,4.046451,0.506257,0,1,4
41460,0,0,1,2,1,4.046519,0.506233,0,1,4
41470,3,2,0,6,1,4.047802,0.506371,0,1,4
41480,0,0,0,1,1,4.047319,0.506313,0,1,4
41490,0,0,0,1,1,4.046804,0.506253,0,1,4
41500,1,1,0,3,1,4.046501,0.506201,0,1,4
41510,1,0,0,2,1,4.046059,0.506143,0,1,4
41520,0,0,0,0,0,4.045882,0.506133,0,1,4
41530,0,0,2,3,1,4.045314,0.506065,0,1,4
41540,1,0,0,2,1,4.045204,0.506043,0,1,4
41550,4,4,4,13,1,4.045699,0.506093,0,1,4
41560,10,5,5,21,1,4.047717,0.506333,0,1,4
41570,2,0,3,6,1,4.050122,0.506614,0,1,4
41580,0,0,0,0,0,4.050813,0.506700,0,1,4
41590,0,0,0,1,1,4.050756,0.506710,0,1,4
41600,0,0,0,1,1,4.050145,0.506633,0,1,4
41610,2,1,0,4,1,4.049583,0.506572,0,1,4
41620,0,0,1,2,1,4.049546,0.506566,0,1,4
41630,5,1,0,7,1,4.049132,0.506500,0,1,4
41640,0,0,0,0,0,4.049287,0.506521,0,1,4
41650,1,0,0,2,1,4.048817,0.506468,0,1,4
41660,0,0,0,0,0,4.048111,0.506414,0,1,4
41670,0,0,0,1,1,4.047490,0.506348,0,1,4
41680,0,0,0,1,1,4.047377,0.506329,0,1,4
41690,1,1,1,4,1,4.046771,0.506253,0,1,4
41700,0,0,0,1,1,4.046125,0.506184,0,1,4
41710,1,0,1,3,1,4.045669,0.506107,0,1,4
41720,2,1,3,7,1,4.045041,0.506036,0,1,4
41730,0,0,0,1,1,4.044398,0.505966,0,1,4
41740,1,1,0,3,1,4.043798,0.505899,0,1,4
41750,0,0,0,1,1,4.043249,0.505854,0,1,4
41760,2,0,0,3,1,4.043060,0.505819,0,1,4
41770,0,0,0,0,0,4.043362,0.505846,0,1,4
41780,3,0,2,6,1,4.042963,0.505785,0,1,4
41790,0,0,0,0,0,4.042852,0.505773,0,1,4
41800,3,4,3,11,1,4.042403,0.505707,0,1,4
41810,1,2,1,5,1,4.042478,0.505722,0,1,4
41820,0,0,0,0,0,4.041920,0.505666,0,1,4
41830,0,0,0,0,0,4.041536,0.505618,0,1,4
41840,3,1,4,9,1,4.041630,0.505630,0,1,4
41850,1,0,2,4,1,4.041617,0.505622,0,1,4
41860,1,1,1,4,1,4.041707,0.505620,0,1,4
41870,1,0,1,3,1,4.041733,0.505624,0,1,4
41880,0,0,0,0,0,4.041469,0.505585,0,1,4
41890,0,0,1,2,1,4.041061,0.505532,0,1,4
41900,0,0,1,2,1,4.040380,0.505458,0,1,4
41910,0,1,2,4,1,4.040050,0.505407,0,1,4
41920,0,0,1,2,1,4.039651,0.505368,0,1,4
41930,0,0,0,0,0,4.039128,0.505302,0,1,4
41940,2,2,3,8,1,4.038744,0.505234,0,1,4
41950,0,0,1,2,1,4.038936,0.505283,0,1,4
41960,0,0,0,0,0,4.038407,0.505227,0,1,4
41970,0,1,1,3,1,4.037773,0.505161,0,1,4
41980,1,1,1,4,1,4.037169,0.505088,0,1,4
41990,1,3,0,5,1,4.037005,0.505065,0,1,4
42000,0,0,0,1,1,4.036678,0.505021,0,1,4
42010,2,2,0,5,1,4.036318,0.504977,0,1,4
42020,3,1,0,5,1,4.035845,0.504922,0,1,4
42030,0,0,0,1,1,4.036113,0.504963,0,1,4
42040,4,0,0,5,1,4.035498,0.504907,0,1,4
42050,0,0,0,0,0,4.035242,0.504887,0,1,4
42060,0,0,0,0,0,4.034787,0.504822,0,1,4
42070,0,2,3,6,1,4.035359,0.504900,0,1,4
42080,0,0,0,1,1,4.035336,0.504883,0,1,4
42090,1,0,0,2,1,4.034978,0.504845,0,1,4
42100,0,0,0,1,1,4.034666,0.504784,0,1,4
42110,0,0,0,0,0,4.034436,0.504772,0,1,4
42120,0,1,0,2,1,4.033832,0.504689,0,1,4
42130,1,0,0,2,1,4.033335,0.504639,0,1,4
42140,0,3,2,6,1,4.032818,0.504557,0,1,4
42150,0,0,0,0,0,4.032409,0.504524,0,1,4
42160,0,2,3,6,1,4.031824,0.504467,0,1,4
42170,0,0,0,0,0,4.032167,0.504510,0,1,4
42180,0,0,2,3,1,4.031660,0.504436,0,1,4
42190,2,4,0,7,1,4.031927,0.504459,0,1,4
42200,1,0,1,3,1,4.031809,0.504438,0,1,4
42210,1,2,0,4,1,4.031408,0.504362,0,1,4
42220,2,1,0,4,1,4.031286,0.504351,0,1,4
42230,1,0,0,2,1,4.031009,0.504325,0,1,4
42240,0,0,0,0,0,4.031226,0.504361,0,1,4
42250,2,1,3,7,1,4.031607,0.504406,0,1,4
42260,0,0,0,0,0,4.032205,0.504481,0,1,4
42270,1,0,0,2,1,4.032127,0.504460,0,1,4
42280,3,2,0,6,1,4.031908,0.504430,0,1,4
42290,0,0,0,1,1,4.031296,0.504377,0,1,4
42300,0,2,3,6,1,4.031220,0.504379,0,1,4
42310,0,0,0,0,0,4.031588,0.504410,0,1,4
42320,1,0,0,2,1,4.031414,0.504392,0,1,4
42330,0,3,1,5,1,4.031063,0.504340,0,1,4
42340,0,0,0,1,1,4.030361,0.504261,0,1,4
42350,1,1,1,4,1,4.030774,0.504302,0,1,4
42360,1,1,0,3,1,4.030258,0.504254,0,1,4
42370,0,0,0,0,0,4.029824,0.504214,0,1,4
42380,4,0,2,7,1,4.030475,0.504272,0,1,4
42390,3,5,4,13,1,4.030468,0.504281,0,1,4
42400,0,0,1,2,1,4.030483,0.504285,0,1,4
42410,0,3,1,5,1,4.031171,0.504368,0,1,4
42420,0,0,3,4,1,4.030814,0.504320,0,1,4
42430,3,0,1,5,1,4.031415,0.504377,0,1,4
42440,1,0,0,2,1,4.031068,0.504342,0,1,4
42450,1,0,1,3,1,4.030456,0.504293,0,1,4
42460,0,1,1,3,1,4.029934,0.504227,0,1,4
42470,0,0,1,2,1,4.029537,0.504186,0,1,4
42480,0,1,0,2,1,4.029540,0.504170,0,1,4
42490,0,0,0,0,0,4.028922,0.504105,0,1,4
42500,0,0,1,2,1,4.028728,0.504070,0,1,4
42510,3,2,4,10,1,4.028550,0.504037,0,1,4
42520,0,0,0,0,0,4.028292,0.504002,0,1,4
42530,0,1,1,3,1,4.027845,0.503940,0,1,4
42540,0,0,0,1,1,4.027178,0.503878,0,1,4
42550,0,0,2,3,1,4.026953,0.503843,0,1,4
42560,1,1,0,3,1,4.026925,0.503838,0,1,4
42570,0,0,0,0,0,4.026384,0.503788,0,1,4
42580,0,0,0,1,1,4.026837,0.503826,0,1,4
42590,4,0,3,8,1,4.026988,0.503838,0,1,4
42600,0,0,0,0,0,4.026376,0.503789,0,1,4
42610,0,2,2,5,1,4.026405,0.503772,0,1,4
42620,1,1,2,5,1,4.026213,0.503755,0,1,4
42630,0,0,1,2,1,4.025681,0.503696,0,1,4
42640,0,1,0,2,1,4.025012,0.503624,0,1,4
42650,0,0,0,1,1,4.024933,0.503601,0,1,4
42660,1,2,1,5,1,4.024370,0.503533,0,1,4
42670,0,1,2,4,1,4.024412,0.503532,0,1,4
42680,0,0,0,1,1,4.024265,0.503524,0,1,4
42690,3,6,4,14,1,4.024643,0.503565,0,1,4
42700,1,2,4,8,1,4.026039,0.503749,0,1,4
42710,0,0,0,0,0,4.025788,0.503739,0,1,4
42720,0,1,0,2,1,4.025317,0.503685,0,1,4
42730,0,1,0,2,1,4.026253,0.503787,0,1,4
42740,3,3,3,10,1,4.026116,0.503757,0,1,4
42750,0,1,1,3,1,4.026032,0.503750,0,1,4
42760,0,0,1,2,1,4.025706,0.503727,0,1,4
42770,0,0,0,0,0,4.025071,0.503665,0,1,4
42780,2,0,1,4,1,4.024408,0.503597,0,1,4
42790,4,5,3,13,1,4.024920,0.503636,0,1,4
42800,0,0,0,1,1,4.024829,0.503615,0,1,4
42810,0,0,0,1,1,4.024557,0.503583,0,1,4
42820,6,6,6,19,1,4.025571,0.503685,0,1,4
42830,0,0,0,1,1,4.026838,0.503853,0,1,4
42840,1,0,0,2,1,4.026167,0.503807,0,1,4
42850,4,1,4,10,1,4.026875,0.503875,0,1,4
42860,0,0,0,1,1,4.026615,0.503857,0,1,4
42870,0,0,1,2,1,4.026151,0.503796,0,1,4
42880,2,0,1,4,1,4.026284,0.503808,0,1,4
42890,0,0,2,3,1,4.025918,0.503758,0,1,4
42900,1,0,0,2,1,4.026486,0.503817,0,1,4
42910,0,4,4,9,1,4.027355,0.503907,0,1,4
42920,2,4,0,7,1,4.027973,0.503965,0,1,4
42930,0,1,1,3,1,4.028637,0.504054,0,1,4
42940,0,0,1,2,1,4.028033,0.503990,0,1,4
42950,0,0,0,0,0,4.027488,0.503930,0,1,4
42960,4,3,1,9,1,4.027844,0.503964,0,1,4
42970,1,0,1,3,1,4.027598,0.503942,0,1,4
42980,0,0,0,1,1,4.027339,0.503898,0,1,4
42990,0,0,0,0,0,4.026730,0.503838,0,1,4
43000,1,1,2,5,1,4.026599,0.503815,0,1,4
43010,6,4,4,15,1,4.028488,0.504018,0,1,4
43020,0,0,0,1,1,4.030071,0.504223,0,1,4
43030,0,1,2,4,1,4.029549,0.504155,0,1,4
43040,0,0,0,0,0,4.029999,0.504191,0,1,4
43050,0,1,1,3,1,4.029991,0.504184,0,1,4
43060,1,0,0,2,1,4.029739,0.504162,0,1,4
43070,0,0,0,1,1,4.029558,0.504148,0,1,4
43080,0,0,0,0,0,4.029164,0.504105,0,1,4
43090,1,1,2,5,1,4.028772,0.504057,0,1,4
43100,0,2,3,6,1,4.028650,0.504030,0,1,4
43110,3,2,7,13,1,4.028744,0.504033,0,1,4
43120,0,0,0,0,0,4.029282,0.504116,0,1,4
43130,1,0,0,2,1,4.028650,0.504050,0,1,4
43140,3,2,0,6,1,4.028232,0.503999,0,1,4
43150,4,6,2,13,1,4.029793,0.504183,0,1,4
43160,1,1,1,4,1,4.029514,0.504152,0,1,4
43170,3,5,2,11,1,4.029416,0.504129,0,1,4
43180,0,0,1,2,1,4.030131,0.504213,0,1,4
43190,0,0,2,3,1,4.029730,0.504161,0,1,4
43200,0,0,0,0,0,4.029180,0.504104,0,1,4
43210,8,5,9,23,1,4.030520,0.504254,0,1,4
43220,0,0,3,4,1,4.031472,0.504379,0,1,4
43230,0,1,2,4,1,4.031477,0.504384,0,1,4
43240,0,1,0,2,1,4.030996,0.504334,0,1,4
43250,8,4,8,21,1,4.033128,0.504577,0,1,4
43260,0,0,0,1,1,4.033858,0.504681,0,1,4
43270,1,1,0,3,1,4.033312,0.504620,0,1,4
43280,2,0,0,3,1,4.032843,0.504564,0,1,4
43290,0,0,0,0,0,4.032266,0.504491,0,1,4
43300,0,0,0,0,0,4.031623,0.504429,0,1,4
43310,3,5,1,10,1,4.031237,0.504376,0,1,4
43320,0,0,0,0,0,4.031295,0.504397,0,1,4
43330,0,0,0,0,0,4.031298,0.504381,0,1,4
43340,0,0,0,0,0,4.031235,0.504365,0,1,4
43350,1,0,0,2,1,4.030742,0.504320,0,1,4
43360,0,0,0,1,1,4.029997,0.504254,0,1,4
43370,0,1,0,2,1,4.029410,0.504204,0,1,4
43380,2,0,0,3,1,4.028886,0.504142,0,1,4
43390,1,2,2,6,1,4.028272,0.504083,0,1,4
43400,0,2,0,3,1,4.028219,0.504062,0,1,4
43410,0,0,0,0,0,4.028176,0.504053,0,1,4
43420,0,0,0,0,0,4.027604,0.503996,0,1,4
43430,0,0,0,0,0,4.027377,0.503972,0,1,4
43440,0,0,0,0,0,4.027293,0.503955,0,1,4
43450,1,5,1,8,1,4.026708,0.503886,0,1,4
43460,1,0,1,3,1,4.026371,0.503844,0,1,4
43470,0,0,0,1,1,4.026275,0.503822,0,1,4
43480,0,1,1,3,1,4.025664,0.503745,0,1,4
43490,3,0,0,4,1,4.025254,0.503730,0,1,4
43500,1,0,0,2,1,4.025102,0.503715,0,1,4
43510,3,0,1,5,1,4.025072,0.503698,0,1,4
43520,0,2,0,3,1,4.024704,0.503655,0,1,4
43530,4,7,3,15,1,4.025471,0.503723,0,1,4
43540,0,3,1,5,1,4.026003,0.503790,0,1,4
43550,5,1,4,11,1,4.025645,0.503743,0,1,4
43560,1,1,2,5,1,4.026081,0.503797,0,1,4
43570,1,0,0,2,1,4.025984,0.503794,0,1,4
43580,1,5,1,8,1,4.025639,0.503755,0,1,4
43590,1,0,0,2,1,4.026051,0.503794,0,1,4
43600,2,1,1,5,1,4.026289,0.503810,0,1,4
43610,1,2,2,6,1,4.026917,0.503872,0,1,4
43620,2,1,0,4,1,4.027059,0.503881,0,1,4
43630,0,0,0,0,0,4.026877,0.503850,0,1,4
43640,3,5,2,11,1,4.026642,0.503834,0,1,4
43650,1,1,1,4,1,4.027747,0.503972,0,1,4
43660,0,0,0,0,0,4.027433,0.503924,0,1,4
43670,0,0,0,1,1,4.027310,0.503914,0,1,4
43680,0,0,0,0,0,4.026713,0.503852,0,1,4
43690,6,3,3,13,1,4.027541,0.503940,0,1,4
43700,2,3,3,9,1,4.029276,0.504138,0,1,4
43710,1,2,3,7,1,4.029234,0.504134,0,1,4
43720,1,1,0,3,1,4.029888,0.504193,0,1,4
43730,0,0,0,0,0,4.030177,0.504233,0,1,4
43740,2,2,2,7,1,4.030218,0.504215,0,1,4
43750,0,1,1,3,1,4.029542,0.504157,0,1,4
43760,5,5,2,13,1,4.029905,0.504189,0,1,4
43770,0,0,0,0,0,4.030047,0.504202,0,1,4
43780,0,0,0,1,1,4.029552,0.504156,0,1,4
43790,0,0,0,0,0,4.028933,0.504100,0,1,4
43800,0,1,2,4,1,4.028597,0.504064,0,1,4
43810,0,0,0,0,0,4.028362,0.504039,0,1,4
43820,1,3,0,5,1,4.028694,0.504067,0,1,4
43830,0,1,0,2,1,4.028970,0.504103,0,1,4
43840,4,3,3,11,1,4.028805,0.504084,0,1,4
43850,0,0,0,0,0,4.028951,0.504089,0,1,4
43860,0,1,0,2,1,4.028331,0.504008,0,1,4
43870,0,0,0,0,0,4.028207,0.504007,0,1,4
43880,1,7,3,12,1,4.028406,0.504014,0,1,4
43890,4,9,14,28,1,4.032412,0.504483,0,1,4
43900,4,5,1,11,1,4.035875,0.504926,0,1,4
43910,1,0,2,4,1,4.036817,0.505042,0,1,4
43920,1,1,1,4,1,4.036184,0.504957,0,1,4
43930,4,0,0,5,1,4.035757,0.504915,0,1,4
43940,0,0,0,1,1,4.035314,0.504880,0,1,4
43950,0,0,1,2,1,4.035177,0.504852,0,1,4
43960,0,2,2,5,1,4.034689,0.504808,0,1,4
43970,1,1,1,4,1,4.034153,0.504751,0,1,4
43980,0,0,0,0,0,4.033688,0.504700,0,1,4
43990,0,0,0,1,1,4.033081,0.504636,0,1,4
44000,0,2,0,3,1,4.032503,0.504573,0,1,4
44010,5,1,4,11,1,4.033550,0.504673,0,1,4
44020,0,1,1,3,1,4.033934,0.504718,0,1,4
44030,1,1,0,3,1,4.035167,0.504842,0,1,4
44040,2,0,0,3,1,4.034741,0.504772,0,1,4
44050,0,0,0,0,0,4.034657,0.504775,0,1,4
44060,1,0,1,3,1,4.034178,0.504705,0,1,4
44070,0,0,0,0,0,4.034055,0.504672,0,1,4
44080,0,0,0,0,0,4.034232,0.504683,0,1,4
44090,0,2,0,3,1,4.033607,0.504617,0,1,4
44100,1,1,5,8,1,4.033814,0.504626,0,1,4
44110,4,3,2,10,1,4.034344,0.504693,0,1,4
44120,0,0,0,0,0,4.033805,0.504653,0,1,4
44130,0,3,2,6,1,4.033266,0.504570,0,1,4
44140,0,0,0,1,1,4.033406,0.504589,0,1,4
44150,1,0,0,2,1,4.032966,0.504539,0,1,4
44160,0,0,0,0,0,4.032595,0.504476,0,1,4
44170,0,0,0,1,1,4.032159,0.504437,0,1,4
44180,3,4,3,11,1,4.032290,0.504450,0,1,4
44190,0,2,1,4,1,4.032049,0.504440,0,1,4
44200,1,0,0,2,1,4.031565,0.504389,0,1,4
44210,2,7,9,19,1,4.032798,0.504525,0,1,4
44220,2,1,1,5,1,4.033300,0.504589,0,1,4
44230,2,3,5,11,1,4.033613,0.504615,0,1,4
44240,0,0,0,1,1,4.033556,0.504609,0,1,4
44250,0,1,1,3,1,4.033335,0.504586,0,1,4
44260,0,0,0,1,1,4.033075,0.504552,0,1,4
44270,0,0,0,0,0,4.034071,0.504659,0,1,4
44280,0,1,0,2,1,4.033425,0.504584,0,1,4
44290,0,0,0,0,0,4.033268,0.504566,0,1,4
44300,0,0,0,0,0,4.034182,0.504671,0,1,4
44310,0,0,0,1,1,4.033660,0.504623,0,1,4
44320,0,3,1,5,1,4.033216,0.504559,0,1,4
44330,0,0,0,1,1,4.033232,0.504560,0,1,4
44340,0,0,0,0,0,4.032631,0.504487,0,1,4
44350,3,0,1,5,1,4.032680,0.504499,0,1,4
44360,1,5,0,7,1,4.032531,0.504479,0,1,4
44370,0,2,2,5,1,4.032945,0.504530,0,1,4
44380,4,1,1,7,1,4.032785,0.504507,0,1,4
44390,5,3,3,12,1,4.032594,0.504468,0,1,4
44400,2,4,2,9,1,4.033378,0.504546,0,1,4
44410,1,0,0,2,1,4.034403,0.504655,0,1,4
44420,2,3,1,7,1,4.034059,0.504601,0,1,4
44430,0,0,0,0,0,4.033822,0.504586,0,1,4
44440,0,0,0,1,1,4.033645,0.504551,0,1,4
44450,0,0,0,1,1,4.033079,0.504487,0,1,4
44460,0,0,0,1,1,4.032423,0.504420,0,1,4
44470,2,2,1,6,1,4.031923,0.504336,0,1,4
44480,1,0,1,3,1,4.032210,0.504376,0,1,4
44490,0,0,0,0,0,4.031666,0.504334,0,1,4
44500,5,3,2,11,1,4.032883,0.504467,0,1,4
44510,1,0,0,2,1,4.035409,0.504771,0,1,4
44520,2,1,0,4,1,4.035994,0.504835,0,1,4
44530,2,0,2,5,1,4.035877,0.504813,0,1,4
44540,0,0,0,0,0,4.035898,0.504823,0,1,4
44550,4,4,4,13,1,4.037595,0.505035,0,1,4
44560,0,2,2,5,1,4.037900,0.505088,0,1,4
44570,1,0,0,2,1,4.037354,0.505018,0,1,4
44580,2,5,2,10,1,4.037797,0.505062,0,1,4
44590,2,2,1,6,1,4.037395,0.505006,0,1,4
44600,0,2,0,3,1,4.037420,0.505013,0,1,4
44610,0,0,0,0,0,4.036883,0.504963,0,1,4
44620,0,0,0,1,1,4.036406,0.504903,0,1,4
44630,0,0,0,0,0,4.035870,0.504864,0,1,4
44640,7,5,7,20,1,4.036733,0.504939,0,1,4
44650,4,2,0,7,1,4.037861,0.505082,0,1,4
44660,0,0,0,0,0,4.037637,0.505062,0,1,4
44670,0,0,0,1,1,4.037151,0.505007,0,1,4
44680,2,2,4,9,1,4.037003,0.504976,0,1,4
44690,0,0,0,0,0,4.036959,0.504973,0,1,4
44700,1,3,3,8,1,4.037130,0.504999,0,1,4
44710,0,0,0,1,1,4.036817,0.504982,0,1,4
44720,0,0,0,0,0,4.036320,0.504930,0,1,4
44730,5,2,5,13,1,4.036016,0.504872,0,1,4
44740,0,2,0,3,1,4.037541,0.505069,0,1,4
44750,0,0,0,1,1,4.037052,0.505029,0,1,4
44760,0,0,0,0,0,4.036538,0.504975,0,1,4
44770,0,1,0,2,1,4.036188,0.504913,0,1,4
44780,1,0,0,2,1,4.036125,0.504922,0,1,4
44790,3,3,5,12,1,4.035588,0.504878,0,1,4
44800,2,0,4,7,1,4.036664,0.505018,0,1,4
44810,0,1,2,4,1,4.036964,0.505032,0,1,4
44820,1,2,5,9,1,4.037307,0.505066,0,1,4
44830,3,1,0,5,1,4.038762,0.505254,0,1,4
44840,0,0,0,1,1,4.038362,0.505208,0,1,4
44850,1,1,1,4,1,4.037811,0.505149,0,1,4
44860,0,0,0,1,1,4.037575,0.505128,0,1,4
44870,1,0,0,2,1,4.036953,0.505054,0,1,4
44880,0,0,0,1,1,4.036489,0.504999,0,1,4
44890,4,4,1,10,1,4.036479,0.504976,0,1,4
44900,0,0,0,0,0,4.036435,0.504978,0,1,4
44910,0,3,4,8,1,4.036140,0.504941,0,1,4
44920,0,0,0,1,1,4.035995,0.504942,0,1,4
44930,0,0,0,1,1,4.035682,0.504908,0,1,4
44940,0,0,5,6,1,4.035539,0.504875,0,1,4
44950,0,1,1,3,1,4.034899,0.504837,0,1,4
44960,0,2,0,3,1,4.035876,0.504958,0,1,4
44970,0,3,6,10,1,4.037138,0.505104,0,1,4
44980,0,0,0,0,0,4.038414,0.505254,0,1,4
44990,3,0,0,4,1,4.038538,0.505268,0,1,4
45000,1,0,1,3,1,4.038674,0.505283,0,1,4
45010,0,2,1,4,1,4.038403,0.505241,0,1,4
45020,5,6,1,13,1,4.039462,0.505340,0,1,4
45030,0,0,1,2,1,4.039567,0.505370,0,1,4
45040,3,4,0,8,1,4.039093,0.505300,0,1,4
45050,1,0,1,3,1,4.039561,0.505339,0,1,4
45060,0,0,0,1,1,4.039173,0.505309,0,1,4
45070,1,3,2,7,1,4.039298,0.505317,0,1,4
45080,0,0,1,2,1,4.038801,0.505263,0,1,4
45090,3,0,0,4,1,4.038178,0.505197,0,1,4
45100,0,0,0,0,0,4.038240,0.505222,0,1,4
45110,4,1,3,9,1,4.038276,0.505230,0,1,4
45120,0,0,0,0,0,4.038900,0.505299,0,1,4
45130,4,4,2,11,1,4.039003,0.505306,0,1,4
45140,3,1,3,8,1,4.040379,0.505473,0,1,4
45150,1,1,0,3,1,4.040422,0.505484,0,1,4
45160,0,0,0,0,0,4.039872,0.505433,0,1,4
45170,0,0,0,1,1,4.039387,0.505388,0,1,4
45180,2,2,1,6,1,4.039431,0.505382,0,1,4
45190,2,2,3,8,1,4.039212,0.505352,0,1,4
45200,0,0,0,0,0,4.038806,0.505313,0,1,4
45210,0,0,0,0,0,4.038624,0.505285,0,1,4
45220,3,1,1,6,1,4.038301,0.505270,0,1,4
45230,2,1,0,4,1,4.037814,0.505210,0,1,4
45240,0,2,4,7,1,4.038149,0.505232,0,1,4
45250,0,0,1,2,1,4.037998,0.505221,0,1,4
45260,1,0,1,3,1,4.037621,0.505185,0,1,4
45270,0,0,0,0,0,4.037458,0.505170,0,1,4
45280,2,1,0,4,1,4.036895,0.505098,0,1,4
45290,0,0,0,1,1,4.036402,0.505048,0,1,4
45300,1,0,0,2,1,4.035886,0.504993,0,1,4
45310,2,1,4,8,1,4.035545,0.504959,0,1,4
45320,0,1,1,3,1,4.035106,0.504905,0,1,4
45330,3,2,5,11,1,4.036002,0.504985,0,1,4
45340,4,2,0,7,1,4.036377,0.505032,0,1,4
45350,0,0,0,1,1,4.036043,0.505011,0,1,4
45360,2,2,1,6,1,4.035870,0.504983,0,1,4
45370,7,2,0,10,1,4.038038,0.505238,0,1,4
45380,0,0,0,0,0,4.037751,0.505206,0,1,4
45390,0,1,0,2,1,4.037129,0.505135,0,1,4
45400,0,0,0,1,1,4.036879,0.505084,0,1,4
45410,2,3,3,9,1,4.036655,0.505050,0,1,4
45420,2,2,1,6,1,4.036943,0.505088,0,1,4
45430,1,0,0,2,1,4.036760,0.505081,0,1,4
45440,1,0,0,2,1,4.036334,0.505025,0,1,4
45450,0,0,1,2,1,4.035785,0.504952,0,1,4
45460,0,0,0,0,0,4.035324,0.504901,0,1,4
45470,2,0,0,3,1,4.035311,0.504896,0,1,4
45480,6,3,5,15,1,4.036114,0.504990,0,1,4
45490,0,0,0,1,1,4.036939,0.505110,0,1,4
45500,0,0,0,1,1,4.036622,0.505081,0,1,4
45510,4,1,1,7,1,4.036323,0.505029,0,1,4
45520,0,0,0,1,1,4.035977,0.504980,0,1,4
45530,1,0,1,3,1,4.035307,0.504908,0,1,4
45540,0,0,0,1,1,4.035161,0.504893,0,1,4
45550,0,0,1,2,1,4.034970,0.504866,0,1,4
45560,0,0,0,0,0,4.034592,0.504828,0,1,4
45570,0,0,0,0,0,4.034277,0.504793,0,1,4
45580,6,1,2,10,1,4.034014,0.504763,0,1,4
45590,2,6,0,9,1,4.034921,0.504854,0,1,4
45600,1,3,2,7,1,4.035004,0.504865,0,1,4
45610,0,0,1,2,1,4.035403,0.504906,0,1,4
45620,0,2,0,3,1,4.035893,0.504949,0,1,4
45630,2,1,1,5,1,4.035532,0.504923,0,1,4
45640,0,0,2,3,1,4.034926,0.504865,0,1,4
45650,1,2,0,4,1,4.034670,0.504833,0,1,4
45660,0,1,1,3,1,4.034543,0.504800,0,1,4
45670,2,4,1,8,1,4.034641,0.504810,0,1,4
45680,0,2,0,3,1,4.034884,0.504841,0,1,4
45690,2,4,5,12,1,4.035202,0.504866,0,1,4
45700,0,0,0,0,0,4.034688,0.504830,0,1,4
45710,13,9,3,26,1,4.037744,0.505179,0,1,4
45720,0,0,0,0,0,4.039281,0.505387,0,1,4
45730,0,0,0,1,1,4.038689,0.505322,0,1,4
45740,0,1,1,3,1,4.038417,0.505296,0,1,4
45750,1,2,3,7,1,4.038142,0.505290,0,1,4
45760,2,0,0,3,1,4.037779,0.505241,0,1,4
45770,0,0,0,0,0,4.037675,0.505230,0,1,4
45780,1,0,0,2,1,4.037286,0.505166,0,1,4
45790,0,0,1,2,1,4.037724,0.505222,0,1,4
45800,2,1,0,4,1,4.037119,0.505164,0,1,4
45810,0,0,0,1,1,4.036722,0.505107,0,1,4
45820,1,0,1,3,1,4.036168,0.505054,0,1,4
45830,0,0,0,1,1,4.036352,0.505052,0,1,4
45840,3,0,1,5,1,4.036389,0.505058,0,1,4
45850,1,2,3,7,1,4.036000,0.505009,0,1,4
45860,1,1,0,3,1,4.036008,0.505012,0,1,4
45870,0,0,0,0,0,4.035412,0.504956,0,1,4
45880,1,2,0,4,1,4.035251,0.504940,0,1,4
45890,0,1,0,2,1,4.035075,0.504922,0,1,4
45900,0,2,1,4,1,4.035139,0.504927,0,1,4
45910,3,7,1,12,1,4.035659,0.504969,0,1,4
45920,0,0,0,0,0,4.035634,0.504978,0,1,4
45930,1,1,4,7,1,4.035881,0.504992,0,1,4
45940,4,1,1,7,1,4.035914,0.504994,0,1,4
45950,2,0,0,3,1,4.036071,0.504995,0,1,4
45960,2,0,1,4,1,4.038465,0.505280,0,1,4
45970,0,1,1,3,1,4.039415,0.505385,0,1,4
45980,0,1,0,2,1,4.038864,0.505342,0,1,4
45990,0,0,0,0,0,4.038881,0.505339,0,1,4
46000,0,0,0,0,0,4.038623,0.505303,0,1,4
46010,1,0,2,4,1,4.038119,0.505232,0,1,4
46020,2,3,0,6,1,4.037671,0.505153,0,1,4
46030,0,0,0,1,1,4.038386,0.505233,0,1,4
46040,8,3,9,21,1,4.038917,0.505271,0,1,4
46050,0,0,0,0,0,4.040678,0.505480,0,1,4
46060,0,0,0,1,1,4.040161,0.505401,0,1,4
46070,1,2,0,4,1,4.040283,0.505414,0,1,4
46080,0,0,0,1,1,4.040726,0.505479,0,1,4
46090,0,0,0,0,0,4.040671,0.505464,0,1,4
46100,1,5,0,7,1,4.040716,0.505454,0,1,4
46110,0,1,1,3,1,4.040296,0.505393,0,1,4
46120,0,0,0,1,1,4.039798,0.505349,0,1,4
46130,2,2,1,6,1,4.039588,0.505326,0,1,4
46140,1,4,1,7,1,4.039129,0.505270,0,1,4
46150,2,2,2,7,1,4.038924,0.505232,0,1,4
46160,1,0,3,5,1,4.038790,0.505210,0,1,4
46170,1,2,1,5,1,4.040299,0.505385,0,1,4
46180,1,0,2,4,1,4.040181,0.505366,0,1,4
46190,0,0,0,0,0,4.039707,0.505327,0,1,4
46200,0,0,0,0,0,4.039334,0.505294,0,1,4
46210,0,0,0,0,0,4.038733,0.505223,0,1,4
46220,0,0,0,0,0,4.038283,0.505168,0,1,4
46230,0,0,1,2,1,4.037677,0.505117,0,1,4
46240,0,0,0,0,0,4.037354,0.505073,0,1,4
46250,0,2,2,5,1,4.037239,0.505063,0,1,4
46260,1,0,0,2,1,4.037406,0.505069,0,1,4
46270,0,1,6,8,1,4.036892,0.505018,0,1,4
46280,0,0,0,0,0,4.036753,0.505003,0,1,4
46290,1,0,0,2,1,4.036272,0.504934,0,1,4
46300,0,0,0,1,1,4.035853,0.504884,0,1,4
46310,2,2,1,6,1,4.035552,0.504849,0,1,4
46320,0,0,0,0,0,4.035148,0.504794,0,1,4
46330,1,1,2,5,1,4.034950,0.504790,0,1,4
46340,1,2,3,7,1,4.034801,0.504761,0,1,4
46350,0,0,2,3,1,4.034838,0.504744,0,1,4
46360,1,2,0,4,1,4.034314,0.504692,0,1,4
46370,0,2,0,3,1,4.033927,0.504659,0,1,4
46380,1,1,1,4,1,4.033310,0.504588,0,1,4
46390,0,0,0,1,1,4.033581,0.504626,0,1,4
46400,0,1,0,2,1,4.033200,0.504581,0,1,4
46410,2,4,1,8,1,4.033173,0.504568,0,1,4
46420,0,1,0,2,1,4.032869,0.504545,0,1,4
46430,1,1,1,4,1,4.032338,0.504490,0,1,4
46440,3,0,0,4,1,4.031823,0.504449,0,1,4
46450,0,0,1,2,1,4.031722,0.504436,0,1,4
46460,1,0,0,2,1,4.031373,0.504394,0,1,4
46470,0,0,0,1,1,4.030963,0.504353,0,1,4
46480,1,0,0,2,1,4.030686,0.504323,0,1,4
46490,1,0,0,2,1,4.031162,0.504369,0,1,4
46500,1,1,2,5,1,4.030761,0.504303,0,1,4
46510,1,3,1,6,1,4.030933,0.504318,0,1,4
46520,0,0,0,1,1,4.031292,0.504364,0,1,4
46530,2,0,0,3,1,4.030849,0.504306,0,1,4
46540,0,0,0,0,0,4.030397,0.504251,0,1,4
46550,1,1,1,4,1,4.030559,0.504264,0,1,4
46560,0,0,0,0,0,4.030279,0.504233,0,1,4
46570,4,2,2,9,1,4.031380,0.504356,0,1,4
46580,0,0,0,1,1,4.031498,0.504365,0,1,4
46590,1,2,2,6,1,4.031128,0.504317,0,1,4
46600,5,3,0,9,1,4.031538,0.504352,0,1,4
46610,0,0,0,0,0,4.031333,0.504332,0,1,4
46620,0,0,0,0,0,4.030828,0.504262,0,1,4
46630,0,1,1,3,1,4.030359,0.504218,0,1,4
46640,0,0,0,1,1,4.030102,0.504206,0,1,4
46650,5,4,9,19,1,4.030799,0.504272,0,1,4
46660,0,0,0,1,1,4.031178,0.504320,0,1,4
46670,2,0,4,7,1,4.031460,0.504332,0,1,4
46680,1,1,0,3,1,4.031707,0.504360,0,1,4
46690,0,0,1,2,1,4.031116,0.504294,0,1,4
46700,0,3,1,5,1,4.030968,0.504280,0,1,4
46710,0,0,0,1,1,4.031345,0.504326,0,1,4
46720,1,0,2,4,1,4.030902,0.504272,0,1,4
46730,1,1,2,5,1,4.030684,0.504245,0,1,4
46740,0,0,0,1,1,4.030026,0.504179,0,1,4
46750,1,1,2,5,1,4.029664,0.504135,0,1,4
46760,1,2,0,4,1,4.029120,0.504089,0,1,4
46770,0,0,1,2,1,4.028645,0.504037,0,1,4
46780,6,4,4,15,1,4.028460,0.503997,0,1,4
46790,0,0,2,3,1,4.030003,0.504187,0,1,4
46800,1,0,0,2,1,4.030627,0.504263,0,1,4
46810,0,0,0,0,0,4.030384,0.504241,0,1,4
46820,1,0,0,2,1,4.030120,0.504211,0,1,4
46830,0,0,0,0,0,4.029458,0.504149,0,1,4
46840,6,6,1,14,1,4.030294,0.504234,0,1,4
46850,0,1,1,3,1,4.030579,0.504261,0,1,4
46860,0,1,0,2,1,4.030255,0.504234,0,1,4
46870,0,0,0,1,1,4.029878,0.504189,0,1,4
46880,0,1,2,4,1,4.029545,0.504137,0,1,4
46890,1,0,1,3,1,4.029952,0.504189,0,1,4
46900,0,0,0,0,0,4.029475,0.504148,0,1,4
46910,0,0,0,0,0,4.028998,0.504098,0,1,4
46920,0,0,0,0,0,4.028558,0.504049,0,1,4
46930,0,0,0,0,0,4.028207,0.504009,0,1,4
46940,1,3,4,9,1,4.027814,0.503964,0,1,4
46950,0,0,0,0,0,4.029044,0.504112,0,1,4
46960,1,0,1,3,1,4.028811,0.504086,0,1,4
46970,0,3,0,4,1,4.028740,0.504051,0,1,4
46980,5,4,2,12,1,4.028965,0.504085,0,1,4
46990,0,0,0,0,0,4.028658,0.504052,0,1,4
47000,1,0,0,2,1,4.028578,0.504050,0,1,4
47010,2,2,0,5,1,4.028039,0.503989,0,1,4
47020,0,0,0,1,1,4.027685,0.503956,0,1,4
47030,0,0,0,0,0,4.028397,0.504044,0,1,4
47040,2,3,0,6,1,4.027881,0.503991,0,1,4
47050,1,0,1,3,1,4.027706,0.503976,0,1,4
47060,1,1,0,3,1,4.027454,0.503943,0,1,4
47070,1,0,0,2,1,4.027292,0.503921,0,1,4
47080,1,1,2,5,1,4.026839,0.503866,0,1,4
47090,2,0,0,3,1,4.026312,0.503789,0,1,4
47100,1,1,0,3,1,4.025668,0.503718,0,1,4
47110,0,0,0,1,1,4.025602,0.503720,0,1,4
47120,0,0,0,1,1,4.025053,0.503647,0,1,4
47130,0,0,2,3,1,4.024997,0.503628,0,1,4
47140,0,2,2,5,1,4.025915,0.503727,0,1,4
47150,0,1,1,3,1,4.025451,0.503678,0,1,4
47160,0,0,0,0,0,4.025060,0.503640,0,1,4
47170,0,0,0,1,1,4.025085,0.503633,0,1,4
47180,0,0,0,0,0,4.024614,0.503594,0,1,4
47190,0,0,0,0,0,4.023926,0.503530,0,1,4
47200,1,0,0,2,1,4.023350,0.503467,0,1,4
47210,1,0,0,2,1,4.023040,0.503426,0,1,4
47220,2,1,2,6,1,4.022646,0.503390,0,1,4
47230,1,1,2,5,1,4.022277,0.503353,0,1,4
47240,3,5,7,16,1,4.022611,0.503387,0,1,4
47250,0,1,1,3,1,4.023719,0.503535,0,1,4
47260,3,5,2,11,1,4.025551,0.503752,0,1,4
47270,0,0,0,0,0,4.027055,0.503940,0,1,4
47280,0,0,1,2,1,4.026510,0.503895,0,1,4
47290,0,0,1,2,1,4.026094,0.503834,0,1,4
47300,0,0,1,2,1,4.026178,0.503831,0,1,4
47310,1,1,2,5,1,4.027175,0.503949,0,1,4
47320,0,0,0,0,0,4.026945,0.503921,0,1,4
47330,1,0,1,3,1,4.026630,0.503877,0,1,4
47340,0,0,0,1,1,4.026556,0.503866,0,1,4
47350,0,0,0,0,0,4.025933,0.503795,0,1,4
47360,2,1,2,6,1,4.025491,0.503741,0,1,4
47370,0,1,0,2,1,4.025348,0.503709,0,1,4
47380,3,3,0,7,1,4.025282,0.503683,0,1,4
47390,0,0,0,0,0,4.024859,0.503631,0,1,4
47400,0,0,1,2,1,4.024343,0.503578,0,1,4
47410,2,5,1,9,1,4.025333,0.503669,0,1,4
47420,1,2,0,4,1,4.026515,0.503812,0,1,4
47430,0,0,0,1,1,4.026109,0.503767,0,1,4
47440,2,1,3,7,1,4.026445,0.503793,0,1,4
47450,0,0,0,0,0,4.026072,0.503767,0,1,4
47460,0,0,0,0,0,4.025794,0.503744,0,1,4
47470,0,0,1,2,1,4.025287,0.503679,0,1,4
47480,1,1,0,3,1,4.025236,0.503685,0,1,4
47490,1,0,1,3,1,4.024866,0.503656,0,1,4
47500,1,0,2,4,1,4.024273,0.503599,0,1,4
47510,1,3,0,5,1,4.024634,0.503640,0,1,4
47520,0,0,1,2,1,4.024682,0.503628,0,1,4
47530,3,0,4,8,1,4.024599,0.503621,0,1,4
47540,0,2,2,5,1,4.025011,0.503660,0,1,4
47550,0,0,0,1,1,4.024507,0.503611,0,1,4
47560,0,0,0,0,0,4.023857,0.503537,0,1,4
47570,0,1,1,3,1,4.023329,0.503473,0,1,4
47580,0,0,0,1,1,4.023420,0.503488,0,1,4
47590,2,0,0,3,1,4.023603,0.503511,0,1,4
47600,0,0,0,1,1,4.023247,0.503458,0,1,4
47610,8,11,6,26,1,4.024376,0.503580,0,1,4
47620,0,1,0,2,1,4.026267,0.503820,0,1,4
47630,1,1,2,5,1,4.025749,0.503773,0,1,4
47640,0,0,0,1,1,4.025547,0.503738,0,1,4
47650,0,2,0,3,1,4.025044,0.503674,0,1,4
47660,1,1,0,3,1,4.024531,0.503623,0,1,4
47670,0,0,0,0,0,4.024324,0.503608,0,1,4
47680,0,0,0,0,0,4.023903,0.503549,0,1,4
47690,1,0,0,2,1,4.023812,0.503543,0,1,4
47700,1,1,2,5,1,4.023915,0.503557,0,1,4
47710,0,0,0,1,1,4.024122,0.503585,0,1,4
47720,0,0,0,1,1,4.023693,0.503543,0,1,4
47730,3,0,3,7,1,4.024201,0.503599,0,1,4
47740,0,1,1,3,1,4.023686,0.503540,0,1,4
47750,2,0,1,4,1,4.023290,0.503487,0,1,4
47760,0,1,1,3,1,4.023500,0.503499,0,1,4
47770,2,4,8,15,1,4.023489,0.503471,0,1,4
47780,0,1,0,2,1,4.023944,0.503524,0,1,4
47790,3,1,2,7,1,4.024036,0.503526,0,1,4
47800,0,0,0,1,1,4.024889,0.503633,0,1,4
47810,0,0,1,2,1,4.024603,0.503590,0,1,4
47820,0,0,0,0,0,4.024720,0.503606,0,1,4
47830,4,1,1,7,1,4.024256,0.503557,0,1,4
47840,0,0,0,1,1,4.024476,0.503571,0,1,4
47850,0,4,1,6,1,4.024456,0.503549,0,1,4
47860,0,1,0,2,1,4.023908,0.503493,0,1,4
47870,1,2,2,6,1,4.023567,0.503455,0,1,4
47880,0,1,1,3,1,4.023212,0.503421,0,1,4
47890,1,2,0,4,1,4.022974,0.503391,0,1,4
47900,0,1,0,2,1,4.022500,0.503346,0,1,4
47910,0,0,0,0,0,4.021994,0.503289,0,1,4
47920,0,0,1,2,1,4.021457,0.503219,0,1,4
47930,0,0,0,1,1,4.021022,0.503180,0,1,4
47940,0,1,0,2,1,4.020702,0.503136,0,1,4
47950,7,0,0,8,1,4.020468,0.503100,0,1,4
47960,0,3,1,5,1,4.020953,0.503162,0,1,4
47970,4,0,2,7,1,4.020508,0.503114,0,1,4
47980,2,4,2,9,1,4.021215,0.503188,0,1,4
47990,0,0,0,0,0,4.020779,0.503149,0,1,4
48000,0,0,0,1,1,4.020814,0.503147,0,1,4
48010,1,1,1,4,1,4.020531,0.503119,0,1,4
48020,1,0,0,2,1,4.020196,0.503072,0,1,4
48030,0,0,0,0,0,4.019643,0.503010,0,1,4
48040,0,0,1,2,1,4.019509,0.502988,0,1,4
48050,0,0,0,1,1,4.018989,0.502938,0,1,4
48060,0,0,0,1,1,4.018360,0.502884,0,1,4
48070,0,2,0,3,1,4.018106,0.502844,0,1,4
48080,0,0,0,0,0,4.017919,0.502822,0,1,4
48090,0,3,2,6,1,4.017506,0.502762,0,1,4
48100,3,5,5,14,1,4.017657,0.502764,0,1,4
48110,2,1,1,5,1,4.017996,0.502799,0,1,4
48120,0,0,0,0,0,4.017633,0.502762,0,1,4
48130,0,0,0,0,0,4.017151,0.502692,0,1,4
48140,0,0,0,0,0,4.016822,0.502640,0,1,4
48150,0,0,0,1,1,4.016570,0.502606,0,1,4
48160,1,0,2,4,1,4.017348,0.502681,0,1,4
48170,1,0,0,2,1,4.017242,0.502661,0,1,4
48180,1,1,0,3,1,4.017202,0.502635,0,1,4
48190,3,1,2,7,1,4.017361,0.502643,0,1,4
48200,1,4,4,10,1,4.017211,0.502635,0,1,4
48210,0,0,1,2,1,4.018578,0.502829,0,1,4
48220,1,0,0,2,1,4.018057,0.502768,0,1,4
48230,10,8,5,24,1,4.020507,0.503054,0,1,4
48240,7,1,9,18,1,4.023113,0.503376,0,1,4
48250,0,1,0,2,1,4.023693,0.503449,0,1,4
48260,1,0,0,2,1,4.023681,0.503436,0,1,4
48270,0,1,0,2,1,4.023264,0.503398,0,1,4
48280,0,0,0,0,0,4.022739,0.503330,0,1,4
48290,1,0,0,2,1,4.022268,0.503272,0,1,4
48300,2,1,3,7,1,4.021916,0.503231,0,1,4
48310,3,2,5,11,1,4.022289,0.503268,0,1,4
48320,0,1,0,2,1,4.022726,0.503336,0,1,4
48330,8,10,6,25,1,4.023506,0.503413,0,1,4
48340,3,6,6,16,1,4.026647,0.503809,0,1,4
48350,0,0,0,0,0,4.026371,0.503783,0,1,4
48360,0,0,0,0,0,4.025915,0.503730,0,1,4
48370,0,1,0,2,1,4.025677,0.503685,0,1,4
48380,0,0,0,1,1,4.025484,0.503659,0,1,4
48390,2,6,3,12,1,4.025695,0.503671,0,1,4
48400,0,1,1,3,1,4.027139,0.503856,0,1,4
48410,2,3,0,6,1,4.026645,0.503800,0,1,4
48420,2,1,0,4,1,4.026329,0.503758,0,1,4
48430,1,0,0,2,1,4.025895,0.503711,0,1,4
48440,0,0,0,1,1,4.027308,0.503865,0,1,4
48450,0,0,0,1,1,4.026887,0.503824,0,1,4
48460,0,0,0,1,1,4.027225,0.503859,0,1,4
48470,2,4,2,9,1,4.027246,0.503848,0,1,4
48480,5,6,2,14,1,4.030335,0.504203,0,1,4
48490,1,2,0,4,1,4.032425,0.504460,0,1,4
48500,0,0,0,0,0,4.031836,0.504392,0,1,4
48510,0,0,0,0,0,4.031621,0.504363,0,1,4
48520,1,6,1,9,1,4.031799,0.504371,0,1,4
48530,0,0,0,1,1,4.031489,0.504345,0,1,4
48540,0,1,1,3,1,4.031629,0.504358,0,1,4
48550,5,4,5,15,1,4.033801,0.504631,0,1,4
48560,0,0,0,0,0,4.034274,0.504697,0,1,4
48570,0,0,0,0,0,4.034296,0.504678,0,1,4
48580,0,0,0,1,1,4.033758,0.504608,0,1,4
48590,0,1,4,6,1,4.033675,0.504599,0,1,4
48600,0,0,0,0,0,4.034644,0.504712,0,1,4
48610,0,3,2,6,1,4.034160,0.504646,0,1,4
48620,6,3,6,16,1,4.035073,0.504747,0,1,4
48630,1,0,1,3,1,4.035831,0.504837,0,1,4
48640,0,0,0,1,1,4.035472,0.504809,0,1,4
48650,1,1,1,4,1,4.035109,0.504774,0,1,4
48660,1,1,0,3,1,4.035271,0.504789,0,1,4
48670,0,0,0,0,0,4.034921,0.504745,0,1,4
48680,1,1,1,4,1,4.034913,0.504740,0,1,4
48690,1,0,0,2,1,4.034632,0.504707,0,1,4
48700,0,4,0,5,1,4.035179,0.504759,0,1,4
48710,0,1,0,2,1,4.035183,0.504749,0,1,4
48720,0,2,1,4,1,4.035267,0.504750,0,1,4
48730,0,2,0,3,1,4.035306,0.504747,0,1,4
48740,0,0,0,0,0,4.035202,0.504737,0,1,4
48750,0,0,0,1,1,4.034885,0.504684,0,1,4
48760,0,2,1,4,1,4.034503,0.504648,0,1,4
48770,1,0,1,3,1,4.034411,0.504631,0,1,4
48780,0,0,0,0,0,4.034121,0.504582,0,1,4
48790,2,2,1,6,1,4.033630,0.504510,0,1,4
48800,6,10,5,22,1,4.034218,0.504582,0,1,4
48810,0,0,0,1,1,4.035910,0.504799,0,1,4
48820,0,1,0,2,1,4.035683,0.504781,0,1,4
48830,0,0,0,0,0,4.035200,0.504715,0,1,4
48840,0,0,0,1,1,4.035073,0.504679,0,1,4
48850,5,4,2,12,1,4.035013,0.504662,0,1,4
48860,0,0,0,1,1,4.035069,0.504668,0,1,4
48870,0,0,0,1,1,4.035252,0.504694,0,1,4
48880,0,0,0,1,1,4.034805,0.504647,0,1,4
48890,0,0,0,0,0,4.034432,0.504594,0,1,4
48900,0,0,0,1,1,4.033982,0.504560,0,1,4
48910,0,0,0,0,0,4.033538,0.504512,0,1,4
48920,0,0,0,0,0,4.033595,0.504518,0,1,4
48930,0,0,0,0,0,4.033098,0.504456,0,1,4
48940,2,2,0,5,1,4.033026,0.504430,0,1,4
48950,0,3,1,5,1,4.032882,0.504401,0,1,4
48960,0,0,0,0,0,4.032628,0.504382,0,1,4
48970,0,0,0,1,1,4.033385,0.504456,0,1,4
48980,0,0,0,0,0,4.033060,0.504411,0,1,4
48990,0,0,0,1,1,4.032416,0.504358,0,1,4
49000,8,4,12,25,1,4.033230,0.504430,0,1,4
49010,4,1,3,9,1,4.034496,0.504573,0,1,4
49020,5,4,2,12,1,4.036245,0.504764,0,1,4
49030,0,0,0,0,0,4.037639,0.504919,0,1,4
49040,0,0,0,1,1,4.037518,0.504924,0,1,4
49050,2,0,0,3,1,4.037902,0.504960,0,1,4
49060,1,1,1,4,1,4.037788,0.504955,0,1,4
49070,4,3,5,13,1,4.038929,0.505084,0,1,4
49080,5,1,4,11,1,4.040870,0.505313,0,1,4
49090,0,0,0,1,1,4.040438,0.505259,0,1,4
49100,0,6,1,8,1,4.040139,0.505208,0,1,4
49110,0,0,0,0,0,4.040450,0.505240,0,1,4
49120,0,0,0,0,0,4.039981,0.505181,0,1,4
49130,1,0,0,2,1,4.039698,0.505150,0,1,4
49140,3,1,3,8,1,4.039156,0.505083,0,1,4
49150,0,1,3,5,1,4.038979,0.505083,0,1,4
49160,1,2,1,5,1,4.038616,0.505029,0,1,4
49170,1,1,2,5,1,4.038562,0.505009,0,1,4
49180,0,0,0,0,0,4.038215,0.504960,0,1,4
49190,0,0,0,1,1,4.038416,0.504974,0,1,4
49200,0,2,0,3,1,4.038044,0.504933,0,1,4
49210,0,0,0,0,0,4.037595,0.504885,0,1,4
49220,0,0,0,0,0,4.037158,0.504834,0,1,4
49230,0,0,0,0,0,4.036769,0.504797,0,1,4
49240,0,0,0,0,0,4.036595,0.504776,0,1,4
49250,0,0,0,1,1,4.036435,0.504763,0,1,4
49260,0,2,6,9,1,4.035949,0.504718,0,1,4
49270,0,1,0,2,1,4.035895,0.504719,0,1,4
49280,0,0,0,1,1,4.035484,0.504665,0,1,4
49290,6,5,10,22,1,4.036192,0.504761,0,1,4
49300,4,8,11,24,1,4.039639,0.505176,0,1,4
49310,0,0,0,1,1,4.041171,0.505381,0,1,4
49320,1,3,2,7,1,4.041090,0.505375,0,1,4
49330,2,0,2,5,1,4.040671,0.505337,0,1,4
49340,1,0,1,3,1,4.041156,0.505383,0,1,4
49350,1,0,0,2,1,4.040689,0.505336,0,1,4
49360,1,0,0,2,1,4.040638,0.505334,0,1,4
49370,0,0,0,0,0,4.040177,0.505284,0,1,4
49380,1,3,7,12,1,4.041999,0.505501,0,1,4
49390,0,1,0,2,1,4.041723,0.505467,0,1,4
49400,1,0,0,2,1,4.041170,0.505397,0,1,4
49410,6,4,3,14,1,4.042630,0.505568,0,1,4
49420,0,0,0,0,0,4.042992,0.505622,0,1,4
49430,0,1,2,4,1,4.042602,0.505562,0,1,4
49440,0,0,0,0,0,4.042092,0.505515,0,1,4
49450,0,0,0,1,1,4.041529,0.505458,0,1,4
49460,0,2,1,4,1,4.040953,0.505400,0,1,4
49470,1,1,0,3,1,4.040606,0.505363,0,1,4
49480,0,1,0,2,1,4.040375,0.505335,0,1,4
49490,1,0,1,3,1,4.040702,0.505354,0,1,4
49500,5,8,2,16,1,4.043160,0.505648,0,1,4
49510,0,0,0,1,1,4.043372,0.505668,0,1,4
49520,1,1,1,4,1,4.043189,0.505637,0,1,4
49530,5,4,4,14,1,4.042824,0.505580,0,1,4
49540,0,0,0,0,0,4.043944,0.505723,0,1,4
49550,3,4,4,12,1,4.044353,0.505755,0,1,4
49560,6,7,4,18,1,4.047736,0.506176,0,1,4
49570,0,0,0,0,0,4.050087,0.506475,0,1,4
49580,2,2,1,6,1,4.049780,0.506447,0,1,4
49590,4,1,0,6,1,4.049547,0.506409,0,1,4
49600,1,2,1,5,1,4.049535,0.506409,0,1,4
49610,0,0,0,1,1,4.049123,0.506373,0,1,4
49620,2,0,0,3,1,4.049215,0.506376,0,1,4
49630,0,0,0,1,1,4.049036,0.506351,0,1,4
49640,0,2,0,3,1,4.048594,0.506286,0,1,4
49650,1,2,3,7,1,4.048018,0.506220,0,1,4
49660,2,7,3,13,1,4.049179,0.506350,0,1,4
49670,0,2,1,4,1,4.049431,0.506389,0,1,4
49680,2,1,2,6,1,4.049734,0.506416,0,1,4
49690,0,0,0,1,1,4.049738,0.506408,0,1,4
49700,1,1,2,5,1,4.049497,0.506382,0,1,4
49710,0,1,1,3,1,4.050562,0.506510,0,1,4
49720,0,0,0,0,0,4.050244,0.506477,0,1,4
49730,0,0,0,0,0,4.049750,0.506408,0,1,4
49740,0,0,0,1,1,4.049646,0.506403,0,1,4
49750,0,0,0,0,0,4.048996,0.506329,0,1,4
49760,0,0,1,2,1,4.049295,0.506349,0,1,4
49770,1,0,0,2,1,4.048781,0.506293,0,1,4
49780,0,1,0,2,1,4.048545,0.506260,0,1,4
49790,0,0,0,1,1,4.048117,0.506218,0,1,4
49800,2,0,1,4,1,4.047803,0.506177,0,1,4
49810,0,0,0,0,0,4.047636,0.506159,0,1,4
49820,0,1,0,2,1,4.047391,0.506128,0,1,4
49830,0,0,0,1,1,4.047287,0.506103,0,1,4
49840,0,0,0,1,1,4.047161,0.506082,0,1,4
49850,2,3,0,6,1,4.047106,0.506080,0,1,4
49860,0,0,0,0,0,4.046860,0.506068,0,1,4
49870,0,0,0,0,0,4.046223,0.506002,0,1,4
49880,1,0,0,2,1,4.046596,0.506032,0,1,4
49890,2,1,1,5,1,4.047150,0.506094,0,1,4
49900,0,1,1,3,1,4.046855,0.506034,0,1,4
49910,0,1,0,2,1,4.047701,0.506126,0,1,4
49920,1,0,0,2,1,4.047290,0.506090,0,1,4
49930,6,5,3,15,1,4.047735,0.506138,0,1,4
49940,3,0,1,5,1,4.048549,0.506246,0,1,4
49950,0,0,0,0,0,4.048369,0.506218,0,1,4
49960,2,11,5,19,1,4.049236,0.506318,0,1,4
49970,0,0,0,1,1,4.049959,0.506415,0,1,4
49980,2,1,3,7,1,4.049717,0.506380,0,1,4
49990,2,4,7,14,1,4.050174,0.506428,0,1,4
50000,0,1,1,3,1,4.050298,0.506442,0,1,4
50010,1,0,1,3,1,4.050072,0.506402,0,1,4
50020,0,0,0,0,0,4.049614,0.506356,0,1,4
50030,0,0,0,1,1,4.049821,0.506372,0,1,4
50040,0,0,0,0,0,4.049312,0.506317,0,1,4
50050,1,0,4,6,1,4.048895,0.506269,0,1,4
50060,2,0,0,3,1,4.048472,0.506230,0,1,4
50070,0,1,3,5,1,4.048129,0.506184,0,1,4
50080,1,0,0,2,1,4.048481,0.506227,0,1,4
50090,0,0,0,0,0,4.048061,0.506164,0,1,4
50100,0,0,0,0,0,4.047841,0.506140,0,1,4
50110,3,1,1,6,1,4.048094,0.506153,0,1,4
50120,2,2,2,7,1,4.047905,0.506121,0,1,4
50130,0,0,0,1,1,4.048219,0.506149,0,1,4
50140,1,3,0,5,1,4.048181,0.506141,0,1,4
50150,0,1,1,3,1,4.047825,0.506097,0,1,4
50160,0,0,0,1,1,4.047380,0.506056,0,1,4
50170,0,0,0,1,1,4.046887,0.505989,0,1,4
50180,1,1,1,4,1,4.046998,0.505984,0,1,4
50190,0,0,0,1,1,4.046538,0.505946,0,1,4
50200,0,0,0,1,1,4.046181,0.505901,0,1,4
50210,0,0,0,0,0,4.045911,0.505865,0,1,4
50220,1,2,1,5,1,4.045394,0.505816,0,1,4
50230,3,7,3,14,1,4.047350,0.506054,0,1,4
50240,1,0,0,2,1,4.049004,0.506255,0,1,4
50250,0,0,0,0,0,4.048846,0.506225,0,1,4
50260,0,0,0,0,0,4.048373,0.506180,0,1,4
50270,0,0,0,0,0,4.048450,0.506199,0,1,4
50280,2,2,0,5,1,4.048171,0.506151,0,1,4
50290,0,0,1,2,1,4.048176,0.506155,0,1,4
50300,2,1,5,9,1,4.048328,0.506169,0,1,4
50310,1,3,1,6,1,4.049194,0.506272,0,1,4
50320,0,0,0,1,1,4.048834,0.506227,0,1,4
50330,0,0,0,0,0,4.048404,0.506182,0,1,4
50340,2,0,2,5,1,4.048296,0.506167,0,1,4
50350,1,0,0,2,1,4.047700,0.506113,0,1,4
50360,0,0,0,0,0,4.047084,0.506066,0,1,4
50370,2,3,1,7,1,4.046776,0.506029,0,1,4
50380,0,1,0,2,1,4.047193,0.506087,0,1,4
50390,2,0,2,5,1,4.046803,0.506047,0,1,4
50400,0,0,0,0,0,4.046446,0.506017,0,1,4
50410,0,1,1,3,1,4.046429,0.506032,0,1,4
50420,0,0,3,4,1,4.045993,0.505977,0,1,4
50430,2,2,0,5,1,4.045578,0.505935,0,1,4
50440,0,1,1,3,1,4.045152,0.505883,0,1,4
50450,1,2,0,4,1,4.044860,0.505854,0,1,4
50460,0,0,0,0,0,4.044623,0.505820,0,1,4
50470,0,2,0,3,1,4.044634,0.505819,0,1,4
50480,0,0,0,0,0,4.044059,0.505759,0,1,4
50490,8,4,7,20,1,4.045038,0.505860,0,1,4
50500,0,0,0,1,1,4.046005,0.506004,0,1,4
50510,0,1,1,3,1,4.045652,0.505969,0,1,4
50520,0,0,0,0,0,4.045300,0.505937,0,1,4
50530,0,0,0,0,0,4.045199,0.505916,0,1,4
50540,0,0,0,0,0,4.044657,0.505851,0,1,4
50550,0,3,3,7,1,4.044516,0.505827,0,1,4
50560,6,0,5,12,1,4.044791,0.505854,0,1,4
50570,1,3,0,5,1,4.045021,0.505868,0,1,4
50580,1,2,1,5,1,4.044800,0.505846,0,1,4
50590,0,0,1,2,1,4.044333,0.505802,0,1,4
50600,1,0,0,2,1,4.044029,0.505741,0,1,4
50610,2,0,4,7,1,4.043642,0.505693,0,1,4
50620,8,3,3,15,1,4.045144,0.505862,0,1,4
50630,2,0,1,4,1,4.045613,0.505915,0,1,4
50640,4,1,5,11,1,4.045795,0.505933,0,1,4
50650,0,0,0,1,1,4.045541,0.505906,0,1,4
50660,2,3,3,9,1,4.045255,0.505865,0,1,4
50670,4,1,2,8,1,4.045994,0.505958,0,1,4
50680,0,0,0,0,0,4.045628,0.505922,0,1,4
50690,1,2,3,7,1,4.045936,0.505958,0,1,4
50700,2,1,1,5,1,4.046286,0.506009,0,1,4
50710,6,8,5,20,1,4.046976,0.506070,0,1,4
50720,0,0,0,1,1,4.049953,0.506428,0,1,4
50730,1,0,1,3,1,4.049427,0.506353,0,1,4
50740,1,1,0,3,1,4.049023,0.506297,0,1,4
50750,0,2,4,7,1,4.048992,0.506300,0,1,4
50760,1,0,2,4,1,4.049048,0.506303,0,1,4
50770,0,0,0,0,0,4.048501,0.506243,0,1,4
50780,3,2,1,7,1,4.048413,0.506232,0,1,4
50790,0,0,0,0,0,4.047979,0.506187,0,1,4
50800,0,2,2,5,1,4.047496,0.506145,0,1,4
50810,0,0,0,0,0,4.047367,0.506125,0,1,4
50820,0,0,0,1,1,4.046933,0.506089,0,1,4
50830,0,0,0,1,1,4.046482,0.506033,0,1,4
50840,1,2,4,8,1,4.046177,0.505991,0,1,4
50850,2,0,0,3,1,4.045747,0.505958,0,1,4
50860,0,0,0,1,1,4.045336,0.505916,0,1,4
50870,1,0,0,2,1,4.045295,0.505903,0,1,4
50880,4,2,1,8,1,4.045355,0.505896,0,1,4
50890,0,0,0,1,1,4.044943,0.505845,0,1,4
50900,0,0,0,1,1,4.044523,0.505813,0,1,4
50910,0,0,0,1,1,4.044124,0.505779,0,1,4
50920,3,1,3,8,1,4.043775,0.505728,0,1,4
50930,3,5,2,11,1,4.043859,0.505739,0,1,4
50940,2,0,3,6,1,4.044284,0.505789,0,1,4
50950,1,0,0,2,1,4.044015,0.505754,0,1,4
50960,1,0,0,2,1,4.043672,0.505726,0,1,4
50970,0,0,0,1,1,4.043328,0.505681,0,1,4
50980,0,3,1,5,1,4.042779,0.505624,0,1,4
50990,0,0,0,0,0,4.042869,0.505631,0,1,4
51000,0,0,0,0,0,4.042309,0.505574,0,1,4
51010,0,0,0,0,0,4.041914,0.505525,0,1,4
51020,4,2,1,8,1,4.041601,0.505492,0,1,4
51030,0,0,0,0,0,4.042051,0.505541,0,1,4
51040,2,1,0,4,1,4.041676,0.505500,0,1,4
51050,2,2,6,11,1,4.041683,0.505481,0,1,4
51060,1,1,1,4,1,4.041963,0.505516,0,1,4
51070,0,0,0,0,0,4.041363,0.505456,0,1,4
51080,1,1,2,5,1,4.040982,0.505409,0,1,4
51090,3,6,2,12,1,4.040766,0.505383,0,1,4
51100,1,0,0,2,1,4.041109,0.505438,0,1,4
51110,1,0,1,3,1,4.040819,0.505404,0,1,4
51120,0,0,0,0,0,4.040448,0.505357,0,1,4
51130,0,0,0,0,0,4.040032,0.505314,0,1,4
51140,1,2,2,6,1,4.040465,0.505364,0,1,4
51150,3,5,1,10,1,4.040748,0.505390,0,1,4
51160,1,4,4,10,1,4.040808,0.505401,0,1,4
51170,0,0,0,1,1,4.041521,0.505496,0,1,4
51180,1,0,0,2,1,4.041089,0.505447,0,1,4
51190,0,1,1,3,1,4.040795,0.505412,0,1,4
51200,2,1,3,7,1,4.041140,0.505442,0,1,4
51210,0,0,0,1,1,4.040779,0.505398,0,1,4
51220,2,3,5,11,1,4.040875,0.505399,0,1,4
51230,1,0,2,4,1,4.040651,0.505372,0,1,4
51240,0,2,1,4,1,4.040475,0.505352,0,1,4
51250,5,1,3,10,1,4.041090,0.505404,0,1,4
51260,0,1,1,3,1,4.040955,0.505404,0,1,4
51270,0,0,0,1,1,4.040533,0.505360,0,1,4
51280,6,0,1,8,1,4.040461,0.505346,0,1,4
51290,0,0,0,0,0,4.040724,0.505381,0,1,4
51300,1,0,1,3,1,4.040097,0.505308,0,1,4
51310,0,0,0,0,0,4.039744,0.505277,0,1,4
51320,0,0,1,2,1,4.039293,0.505237,0,1,4
51330,0,0,0,1,1,4.039028,0.505198,0,1,4
51340,0,1,0,2,1,4.039850,0.505270,0,1,4
51350,0,0,0,1,1,4.039907,0.505264,0,1,4
51360,0,2,0,3,1,4.039469,0.505220,0,1,4
51370,0,1,1,3,1,4.039730,0.505238,0,1,4
51380,0,0,0,0,0,4.039496,0.505210,0,1,4
51390,0,0,0,0,0,4.039243,0.505165,0,1,4
51400,2,0,0,3,1,4.038738,0.505113,0,1,4
51410,4,2,3,10,1,4.038497,0.505085,0,1,4
51420,3,2,1,7,1,4.038307,0.505063,0,1,4
51430,0,0,0,1,1,4.038489,0.505102,0,1,4
51440,2,0,1,4,1,4.038277,0.505055,0,1,4
51450,2,1,3,7,1,4.038089,0.505021,0,1,4
51460,0,0,0,0,0,4.037973,0.505013,0,1,4
51470,4,6,4,15,1,4.037901,0.504992,0,1,4
51480,2,4,1,8,1,4.037710,0.504971,0,1,4
51490,13,5,6,25,1,4.038702,0.505073,0,1,4
51500,11,7,8,27,1,4.041970,0.505461,0,1,4
51510,0,0,0,0,0,4.043878,0.505712,0,1,4
51520,0,1,0,2,1,4.043447,0.505668,0,1,4
51530,0,2,3,6,1,4.043129,0.505629,0,1,4
51540,3,3,1,8,1,4.042652,0.505584,0,1,4
51550,1,0,0,2,1,4.042337,0.505556,0,1,4
51560,3,1,1,6,1,4.042317,0.505532,0,1,4
51570,0,0,0,1,1,4.042647,0.505571,0,1,4
51580,2,1,5,9,1,4.042253,0.505536,0,1,4
51590,0,0,0,0,0,4.041990,0.505512,0,1,4
51600,1,1,1,4,1,4.041753,0.505491,0,1,4
51610,0,0,0,1,1,4.041191,0.505444,0,1,4
51620,0,0,0,0,0,4.040659,0.505393,0,1,4
51630,1,1,2,5,1,4.040230,0.505333,0,1,4
51640,0,1,0,2,1,4.039925,0.505304,0,1,4
51650,2,0,0,3,1,4.039512,0.505275,0,1,4
51660,2,6,5,14,1,4.040343,0.505350,0,1,4
51670,0,0,2,3,1,4.041084,0.505445,0,1,4
51680,2,1,2,6,1,4.041086,0.505440,0,1,4
51690,0,0,0,0,0,4.040867,0.505408,0,1,4
51700,0,0,0,1,1,4.040350,0.505347,0,1,4
51710,0,0,3,4,1,4.040058,0.505313,0,1,4
51720,0,2,2,5,1,4.039710,0.505262,0,1,4
51730,0,0,0,1,1,4.039272,0.505224,0,1,4
51740,3,1,1,6,1,4.039011,0.505188,0,1,4
51750,0,0,1,2,1,4.038824,0.505156,0,1,4
51760,1,1,1,4,1,4.038849,0.505140,0,1,4
51770,0,0,1,2,1,4.038447,0.505092,0,1,4
51780,0,1,1,3,1,4.038066,0.505046,0,1,4
51790,4,2,4,11,1,4.037703,0.505013,0,1,4
51800,1,1,0,3,1,4.037395,0.504970,0,1,4
51810,2,3,4,10,1,4.036946,0.504912,0,1,4
51820,2,5,3,11,1,4.038255,0.505058,0,1,4
51830,0,0,0,0,0,4.038115,0.505042,0,1,4
51840,0,0,0,0,0,4.037598,0.504973,0,1,4
51850,0,0,0,0,0,4.037305,0.504938,0,1,4
51860,1,1,0,3,1,4.037014,0.504913,0,1,4
51870,1,4,0,6,1,4.037057,0.504919,0,1,4
51880,0,0,0,1,1,4.036963,0.504900,0,1,4
51890,0,0,0,0,0,4.036905,0.504884,0,1,4
51900,0,0,0,1,1,4.036678,0.504856,0,1,4
51910,0,0,0,1,1,4.036228,0.504801,0,1,4
51920,4,5,2,12,1,4.035993,0.504766,0,1,4
51930,3,0,1,5,1,4.036265,0.504785,0,1,4
51940,0,1,2,4,1,4.036015,0.504747,0,1,4
51950,1,1,2,5,1,4.035924,0.504742,0,1,4
51960,1,4,4,10,1,4.036320,0.504776,0,1,4
51970,0,0,0,0,0,4.036679,0.504813,0,1,4
51980,0,0,0,0,0,4.036384,0.504780,0,1,4
51990,1,6,5,13,1,4.036875,0.504840,0,1,4
52000,1,1,1,4,1,4.036635,0.504825,0,1,4
52010,1,0,0,2,1,4.036164,0.504780,0,1,4
52020,0,0,0,0,0,4.035872,0.504764,0,1,4
52030,0,0,2,3,1,4.035878,0.504752,0,1,4
52040,0,0,0,0,0,4.035620,0.504720,0,1,4
52050,1,0,1,3,1,4.035271,0.504678,0,1,4
52060,1,4,1,7,1,4.034787,0.504627,0,1,4
52070,0,2,0,3,1,4.034609,0.504587,0,1,4
52080,0,0,0,0,0,4.034269,0.504548,0,1,4
52090,0,0,1,2,1,4.034167,0.504519,0,1,4
52100,0,0,0,0,0,4.033706,0.504465,0,1,4
52110,0,0,0,1,1,4.033945,0.504490,0,1,4
52120,2,2,0,5,1,4.033818,0.504478,0,1,4
52130,4,4,4,13,1,4.034034,0.504495,0,1,4
52140,0,1,0,2,1,4.034750,0.504584,0,1,4
52150,0,0,0,0,0,4.034353,0.504542,0,1,4
52160,1,1,1,4,1,4.033881,0.504484,0,1,4
52170,0,0,0,0,0,4.033673,0.504473,0,1,4
52180,0,0,0,0,0,4.033155,0.504417,0,1,4
52190,0,0,0,1,1,4.032835,0.504382,0,1,4
52200,0,0,0,1,1,4.032755,0.504379,0,1,4
52210,0,0,0,0,0,4.032652,0.504380,0,1,4
52220,2,2,3,8,1,4.032366,0.504348,0,1,4
52230,2,2,1,6,1,4.032256,0.504337,0,1,4
52240,2,0,0,3,1,4.032172,0.504327,0,1,4
52250,1,1,1,4,1,4.032005,0.504307,0,1,4
52260,1,0,0,2,1,4.031618,0.504256,0,1,4
52270,1,2,4,8,1,4.031302,0.504205,0,1,4
52280,3,1,0,5,1,4.031549,0.504227,0,1,4
52290,2,5,1,9,1,4.031956,0.504259,0,1,4
52300,1,2,2,6,1,4.032683,0.504325,0,1,4
52310,0,0,0,0,0,4.032411,0.504301,0,1,4
52320,2,2,1,6,1,4.031987,0.504248,0,1,4
52330,0,1,1,3,1,4.031797,0.504226,0,1,4
52340,0,0,0,0,0,4.031248,0.504172,0,1,4
52350,8,2,6,17,1,4.032216,0.504276,0,1,4
52360,0,0,0,0,0,4.032202,0.504286,0,1,4
52370,3,1,0,5,1,4.031972,0.504261,0,1,4
52380,1,0,1,3,1,4.031688,0.504234,0,1,4
52390,7,5,3,16,1,4.033149,0.504408,0,1,4
52400,5,3,5,14,1,4.033734,0.504486,0,1,4
52410,0,0,0,1,1,4.034102,0.504536,0,1,4
52420,0,0,0,1,1,4.033834,0.504508,0,1,4
52430,0,0,0,1,1,4.033529,0.504480,0,1,4
52440,5,4,3,13,1,4.033854,0.504517,0,1,4
52450,0,0,0,0,0,4.034631,0.504613,0,1,4
52460,0,1,0,2,1,4.034074,0.504559,0,1,4
52470,0,0,1,2,1,4.033778,0.504526,0,1,4
52480,2,2,3,8,1,4.033561,0.504488,0,1,4
52490,0,0,0,1,1,4.033460,0.504472,0,1,4
52500,0,0,0,0,0,4.032997,0.504415,0,1,4
52510,1,0,0,2,1,4.032790,0.504387,0,1,4
52520,4,2,1,8,1,4.033381,0.504458,0,1,4
52530,0,4,0,5,1,4.033277,0.504437,0,1,4
52540,0,1,0,2,1,4.032864,0.504396,0,1,4
52550,1,2,0,4,1,4.032417,0.504341,0,1,4
52560,2,0,0,3,1,4.032189,0.504311,0,1,4
52570,0,0,2,3,1,4.032392,0.504336,0,1,4
52580,0,1,2,4,1,4.032170,0.504319,0,1,4
52590,0,0,0,1,1,4.032031,0.504311,0,1,4
52600,1,1,1,4,1,4.031571,0.504257,0,1,4
52610,0,0,1,2,1,4.031180,0.504214,0,1,4
52620,0,0,1,2,1,4.030793,0.504158,0,1,4
52630,0,0,0,0,0,4.030211,0.504097,0,1,4
52640,0,0,0,0,0,4.029690,0.504049,0,1,4
52650,0,0,0,0,0,4.029037,0.503995,0,1,4
52660,0,0,0,0,0,4.028598,0.503954,0,1,4
52670,2,1,2,6,1,4.028477,0.503937,0,1,4
52680,3,2,2,8,1,4.028209,0.503905,0,1,4
52690,1,0,1,3,1,4.027753,0.503865,0,1,4
52700,0,0,0,0,0,4.027524,0.503837,0,1,4
52710,2,3,2,8,1,4.027231,0.503796,0,1,4
52720,0,1,1,3,1,4.026921,0.503762,0,1,4
52730,0,0,0,0,0,4.026776,0.503735,0,1,4
52740,0,0,0,0,0,4.026245,0.503661,0,1,4
52750,0,0,0,1,1,4.025807,0.503623,0,1,4
52760,1,1,2,5,1,4.025897,0.503620,0,1,4
52770,0,0,0,0,0,4.025656,0.503591,0,1,4
52780,0,1,0,2,1,4.025365,0.503564,0,1,4
52790,1,0,0,2,1,4.025132,0.503536,0,1,4
52800,0,0,0,1,1,4.025540,0.503575,0,1,4
52810,3,2,1,7,1,4.025593,0.503563,0,1,4
52820,1,1,0,3,1,4.025293,0.503536,0,1,4
52830,1,0,0,2,1,4.024764,0.503471,0,1,4
52840,2,1,3,7,1,4.024424,0.503422,0,1,4
52850,0,4,1,6,1,4.024174,0.503400,0,1,4
52860,1,5,2,9,1,4.024027,0.503385,0,1,4
52870,1,2,2,6,1,4.024451,0.503442,0,1,4
52880,0,3,4,8,1,4.024533,0.503445,0,1,4
52890,1,2,4,8,1,4.024638,0.503444,0,1,4
52900,1,0,0,2,1,4.024827,0.503458,0,1,4
52910,0,0,0,1,1,4.024452,0.503425,0,1,4
52920,3,6,2,12,1,4.024624,0.503420,0,1,4
52930,0,0,0,1,1,4.025552,0.503540,0,1,4
52940,2,0,8,11,1,4.025206,0.503496,0,1,4
52950,0,1,0,2,1,4.026010,0.503596,0,1,4
52960,0,0,0,0,0,4.026289,0.503632,0,1,4
52970,0,0,0,0,0,4.025884,0.503585,0,1,4
52980,3,1,6,11,1,4.026201,0.503602,0,1,4
52990,0,2,3,6,1,4.026685,0.503641,0,1,4
53000,0,0,0,0,0,4.026460,0.503623,0,1,4
53010,1,4,2,8,1,4.026549,0.503633,0,1,4
53020,1,0,0,2,1,4.026470,0.503632,0,1,4
53030,2,2,1,6,1,4.026018,0.503599,0,1,4
53040,2,3,1,7,1,4.025919,0.503572,0,1,4
53050,0,0,0,0,0,4.025517,0.503529,0,1,4
53060,0,0,0,1,1,4.026198,0.503597,0,1,4
53070,0,0,0,0,0,4.026024,0.503592,0,1,4
53080,1,4,2,8,1,4.025742,0.503557,0,1,4
53090,0,0,0,0,0,4.025943,0.503582,0,1,4
53100,0,0,0,0,0,4.025759,0.503570,0,1,4
53110,1,0,1,3,1,4.025343,0.503512,0,1,4
53120,2,0,0,3,1,4.024918,0.503473,0,1,4
53130,0,1,4,6,1,4.024486,0.503423,0,1,4
53140,4,0,2,7,1,4.024751,0.503449,0,1,4
53150,0,1,0,2,1,4.025195,0.503512,0,1,4
53160,1,2,0,4,1,4.024807,0.503467,0,1,4
53170,2,2,1,6,1,4.024512,0.503432,0,1,4
53180,0,0,0,1,1,4.024056,0.503393,0,1,4
53190,0,0,0,1,1,4.023711,0.503355,0,1,4
53200,1,0,0,2,1,4.023245,0.503298,0,1,4
53210,0,0,0,0,0,4.023070,0.503279,0,1,4
53220,0,1,0,2,1,4.023112,0.503267,0,1,4
53230,0,0,0,0,0,4.023084,0.503264,0,1,4
53240,0,1,1,3,1,4.022917,0.503230,0,1,4
53250,0,0,0,1,1,4.022655,0.503217,0,1,4
53260,0,0,0,1,1,4.022168,0.503169,0,1,4
53270,5,4,4,14,1,4.022600,0.503215,0,1,4
53280,4,1,1,7,1,4.023203,0.503282,0,1,4
53290,1,0,1,3,1,4.023077,0.503260,0,1,4
53300,1,3,4,9,1,4.024294,0.503398,0,1,4
53310,1,2,3,7,1,4.025552,0.503546,0,1,4
53320,0,0,0,0,0,4.025224,0.503514,0,1,4
53330,3,0,0,4,1,4.025366,0.503521,0,1,4
53340,0,0,0,0,0,4.025035,0.503495,0,1,4
53350,0,0,0,0,0,4.025124,0.503509,0,1,4
53360,3,2,3,9,1,4.024748,0.503454,0,1,4
53370,4,3,0,8,1,4.024780,0.503456,0,1,4
53380,0,1,0,2,1,4.024316,0.503401,0,1,4
53390,0,0,0,1,1,4.024055,0.503368,0,1,4
53400,1,2,1,5,1,4.024210,0.503386,0,1,4
53410,0,0,0,0,0,4.024001,0.503374,0,1,4
53420,0,0,0,0,0,4.023671,0.503327,0,1,4
53430,3,2,3,9,1,4.024405,0.503404,0,1,4
53440,2,0,2,5,1,4.025380,0.503506,0,1,4
53450,0,0,0,0,0,4.025384,0.503497,0,1,4
53460,0,0,0,0,0,4.024909,0.503456,0,1,4
53470,1,1,0,3,1,4.024366,0.503396,0,1,4
53480,0,0,0,0,0,4.024109,0.503368,0,1,4
53490,0,1,0,2,1,4.023538,0.503309,0,1,4
53500,0,0,1,2,1,4.023245,0.503280,0,1,4
53510,0,0,0,0,0,4.022911,0.503242,0,1,4
53520,0,0,1,2,1,4.022372,0.503183,0,1,4
53530,0,2,0,3,1,4.021814,0.503137,0,1,4
53540,2,0,0,3,1,4.021489,0.503110,0,1,4
53550,0,0,0,1,1,4.021076,0.503063,0,1,4
53560,2,2,0,5,1,4.020705,0.503010,0,1,4
53570,0,1,0,2,1,4.020378,0.502990,0,1,4
53580,0,0,0,0,0,4.020202,0.502951,0,1,4
53590,0,0,3,4,1,4.019646,0.502892,0,1,4
53600,1,2,2,6,1,4.019421,0.502857,0,1,4
53610,0,0,0,0,0,4.019305,0.502845,0,1,4
53620,1,0,1,3,1,4.019042,0.502814,0,1,4
53630,1,0,0,2,1,4.018993,0.502810,0,1,4
53640,0,0,1,2,1,4.018608,0.502772,0,1,4
53650,1,1,0,3,1,4.019776,0.502899,0,1,4
53660,0,0,0,0,0,4.019302,0.502849,0,1,4
53670,5,4,2,12,1,4.019382,0.502848,0,1,4
53680,4,4,2,11,1,4.019740,0.502893,0,1,4
53690,1,4,2,8,1,4.019955,0.502903,0,1,4
53700,0,0,0,1,1,4.019722,0.502871,0,1,4
53710,1,1,1,4,1,4.019715,0.502862,0,1,4
53720,0,0,0,0,0,4.019647,0.502855,0,1,4
53730,1,0,0,2,1,4.019333,0.502818,0,1,4
53740,1,0,0,2,1,4.018920,0.502763,0,1,4
53750,5,3,4,13,1,4.018595,0.502720,0,1,4
53760,0,1,1,3,1,4.019010,0.502764,0,1,4
53770,1,0,0,2,1,4.018453,0.502709,0,1,4
53780,2,2,3,8,1,4.018924,0.502755,0,1,4
53790,0,0,0,0,0,4.019887,0.502879,0,1,4
53800,2,0,0,3,1,4.019567,0.502845,0,1,4
53810,2,3,4,10,1,4.020000,0.502877,0,1,4
53820,0,1,3,5,1,4.020314,0.502918,0,1,4
53830,0,0,0,1,1,4.020551,0.502948,0,1,4
53840,0,0,0,0,0,4.020164,0.502900,0,1,4
53850,0,0,0,1,1,4.019879,0.502876,0,1,4
53860,0,0,0,0,0,4.020108,0.502894,0,1,4
53870,1,3,1,6,1,4.020378,0.502912,0,1,4
53880,2,4,1,8,1,4.020785,0.502950,0,1,4
53890,2,1,2,6,1,4.020883,0.502957,0,1,4
53900,5,5,2,13,1,4.021186,0.502980,0,1,4
53910,3,2,1,7,1,4.022043,0.503088,0,1,4
53920,0,0,0,0,0,4.022624,0.503155,0,1,4
53930,0,0,0,1,1,4.022227,0.503111,0,1,4
53940,0,0,0,0,0,4.021618,0.503061,0,1,4
53950,0,0,0,0,0,4.021477,0.503053,0,1,4
53960,1,1,0,3,1,4.021061,0.503011,0,1,4
53970,6,3,3,13,1,4.020958,0.502997,0,1,4
53980,0,0,0,0,0,4.021641,0.503088,0,1,4
53990,2,1,3,7,1,4.021204,0.503037,0,1,4
54000,0,1,1,3,1,4.021675,0.503078,0,1,4
54010,0,2,1,4,1,4.021392,0.503042,0,1,4
54020,3,1,0,5,1,4.020998,0.502996,0,1,4
54030,0,0,0,1,1,4.020519,0.502958,0,1,4
54040,0,0,0,1,1,4.020282,0.502909,0,1,4
54050,2,3,0,6,1,4.019921,0.502880,0,1,4
54060,0,0,0,0,0,4.019784,0.502850,0,1,4
54070,0,0,0,1,1,4.019696,0.502826,0,1,4
54080,0,0,0,1,1,4.019178,0.502778,0,1,4
54090,1,4,5,11,1,4.019056,0.502764,0,1,4
54100,0,0,0,1,1,4.019212,0.502802,0,1,4
54110,1,4,4,10,1,4.020551,0.502951,0,1,4
54120,0,0,0,0,0,4.021191,0.503032,0,1,4
54130,1,0,0,2,1,4.020735,0.502981,0,1,4
54140,0,0,0,0,0,4.020298,0.502936,0,1,4
54150,0,0,1,2,1,4.020317,0.502945,0,1,4
54160,7,4,0,12,1,4.020462,0.502956,0,1,4
54170,3,2,0,6,1,4.020690,0.502996,0,1,4
54180,0,0,0,0,0,4.020469,0.502973,0,1,4
54190,1,1,1,4,1,4.020013,0.502933,0,1,4
54200,2,2,3,8,1,4.019679,0.502896,0,1,4
54210,2,1,3,7,1,4.019921,0.502932,0,1,4
54220,0,1,3,5,1,4.019688,0.502911,0,1,4
54230,2,2,1,6,1,4.019412,0.502870,0,1,4
54240,0,2,0,3,1,4.019027,0.502833,0,1,4
54250,0,1,1,3,1,4.018647,0.502787,0,1,4
54260,0,0,0,0,0,4.019024,0.502836,0,1,4
54270,0,0,0,1,1,4.018567,0.502783,0,1,4
54280,0,0,0,1,1,4.019045,0.502848,0,1,4
54290,1,0,1,3,1,4.018910,0.502849,0,1,4
54300,0,1,1,3,1,4.018729,0.502839,0,1,4
54310,0,0,1,2,1,4.018455,0.502799,0,1,4
54320,4,1,2,8,1,4.019087,0.502863,0,1,4
54330,0,0,0,1,1,4.019539,0.502932,0,1,4
54340,3,2,1,7,1,4.019994,0.502969,0,1,4
54350,1,0,1,3,1,4.020360,0.503026,0,1,4
54360,2,2,2,7,1,4.020102,0.502994,0,1,4
54370,1,1,1,4,1,4.019920,0.502973,0,1,4
54380,0,0,0,0,0,4.019634,0.502950,0,1,4
54390,0,0,0,1,1,4.019257,0.502902,0,1,4
54400,0,0,0,0,0,4.019186,0.502895,0,1,4
54410,1,0,0,2,1,4.019433,0.502920,0,1,4
54420,2,1,1,5,1,4.019199,0.502880,0,1,4
54430,0,0,1,2,1,4.019045,0.502864,0,1,4
54440,2,2,1,6,1,4.018962,0.502860,0,1,4
54450,0,0,0,0,0,4.018458,0.502801,0,1,4
54460,0,0,0,1,1,4.017991,0.502757,0,1,4
54470,1,1,0,3,1,4.017766,0.502718,0,1,4
54480,1,2,0,4,1,4.017595,0.502700,0,1,4
54490,0,0,0,1,1,4.017220,0.502667,0,1,4
54500,0,0,0,1,1,4.016772,0.502624,0,1,4
54510,0,0,1,2,1,4.016346,0.502580,0,1,4
54520,1,3,2,7,1,4.015977,0.502533,0,1,4
54530,0,4,1,6,1,4.016015,0.502518,0,1,4
54540,1,0,0,2,1,4.015928,0.502498,0,1,4
54550,0,0,0,0,0,4.015661,0.502465,0,1,4
54560,0,0,0,0,0,4.015277,0.502421,0,1,4
54570,1,1,0,3,1,4.014828,0.502360,0,1,4
54580,0,0,0,0,0,4.014407,0.502320,0,1,4
54590,0,0,0,0,0,4.014895,0.502378,0,1,4
54600,2,3,1,7,1,4.015020,0.502392,0,1,4
54610,0,0,0,1,1,4.016063,0.502514,0,1,4
54620,0,0,0,1,1,4.015511,0.502444,0,1,4
54630,0,3,2,6,1,4.015246,0.502410,0,1,4
54640,1,0,0,2,1,4.014956,0.502373,0,1,4
54650,0,0,0,1,1,4.015156,0.502386,0,1,4
54660,0,0,0,1,1,4.014774,0.502328,0,1,4
54670,5,5,4,15,1,4.015660,0.502417,0,1,4
54680,0,1,0,2,1,4.016630,0.502542,0,1,4
54690,1,1,2,5,1,4.016498,0.502522,0,1,4
54700,0,1,0,2,1,4.016245,0.502490,0,1,4
54710,0,0,0,0,0,4.016797,0.502554,0,1,4
54720,0,0,0,0,0,4.016546,0.502521,0,1,4
54730,0,0,0,1,1,4.016179,0.502475,0,1,4
54740,0,0,0,0,0,4.015670,0.502417,0,1,4
54750,1,1,3,6,1,4.015210,0.502367,0,1,4
54760,0,3,1,5,1,4.015110,0.502334,0,1,4
54770,5,3,3,12,1,4.014906,0.502307,0,1,4
54780,4,3,0,8,1,4.015437,0.502358,0,1,4
54790,1,4,2,8,1,4.015937,0.502416,0,1,4
54800,8,8,6,23,1,4.018785,0.502755,0,1,4
54810,0,0,0,0,0,4.019516,0.502855,0,1,4
54820,0,0,0,0,0,4.019282,0.502822,0,1,4
54830,0,0,0,1,1,4.018763,0.502774,0,1,4
54840,1,3,1,6,1,4.018526,0.502736,0,1,4
54850,3,1,0,5,1,4.018673,0.502743,0,1,4
54860,5,3,2,11,1,4.018457,0.502717,0,1,4
54870,0,0,0,0,0,4.019397,0.502815,0,1,4
54880,2,1,1,5,1,4.019217,0.502793,0,1,4
54890,0,0,0,1,1,4.019121,0.502769,0,1,4
54900,0,0,1,2,1,4.018832,0.502715,0,1,4
54910,0,0,0,1,1,4.018408,0.502667,0,1,4
54920,0,1,0,2,1,4.018169,0.502632,0,1,4
54930,0,2,1,4,1,4.018213,0.502640,0,1,4
54940,4,2,1,8,1,4.018762,0.502701,0,1,4
54950,0,0,0,0,0,4.018667,0.502700,0,1,4
54960,0,3,0,4,1,4.019451,0.502784,0,1,4
54970,0,1,0,2,1,4.020405,0.502907,0,1,4
54980,2,0,1,4,1,4.019940,0.502851,0,1,4
54990,0,0,0,1,1,4.019742,0.502823,0,1,4
55000,4,2,0,7,1,4.019782,0.502826,0,1,4
55010,0,1,1,3,1,4.019538,0.502794,0,1,4
55020,1,0,0,2,1,4.019153,0.502744,0,1,4
55030,1,0,1,3,1,4.018675,0.502698,0,1,4
55040,3,2,1,7,1,4.018461,0.502662,0,1,4
55050,1,3,1,6,1,4.018142,0.502623,0,1,4
55060,1,2,0,4,1,4.017848,0.502594,0,1,4
55070,2,2,3,8,1,4.017504,0.502548,0,1,4
55080,0,0,0,1,1,4.017168,0.502497,0,1,4
55090,0,0,1,2,1,4.016799,0.502464,0,1,4
55100,0,0,0,0,0,4.016375,0.502425,0,1,4
55110,0,0,0,1,1,4.016323,0.502415,0,1,4
55120,0,0,3,4,1,4.016087,0.502383,0,1,4
55130,0,0,0,0,0,4.015836,0.502353,0,1,4
55140,0,0,0,1,1,4.015556,0.502313,0,1,4
55150,0,1,1,3,1,4.015325,0.502267,0,1,4
55160,2,0,0,3,1,4.015833,0.502326,0,1,4
55170,1,1,0,3,1,4.015565,0.502292,0,1,4
55180,0,1,1,3,1,4.015381,0.502259,0,1,4
55190,0,0,2,3,1,4.015658,0.502289,0,1,4
55200,1,1,1,4,1,4.015262,0.502236,0,1,4
55210,3,0,1,5,1,4.015283,0.502239,0,1,4
55220,3,0,2,6,1,4.015005,0.502203,0,1,4
55230,0,0,0,0,0,4.014724,0.502180,0,1,4
55240,0,0,0,0,0,4.014694,0.502167,0,1,4
55250,0,0,0,0,0,4.014142,0.502116,0,1,4
55260,0,0,0,1,1,4.013679,0.502080,0,1,4
55270,0,0,0,0,0,4.013272,0.502029,0,1,4
55280,1,2,0,4,1,4.013013,0.502001,0,1,4
55290,0,0,0,0,0,4.012758,0.501973,0,1,4
55300,0,0,0,0,0,4.012426,0.501929,0,1,4
55310,2,6,2,11,1,4.012594,0.501933,0,1,4
55320,0,0,0,1,1,4.012881,0.501965,0,1,4
55330,1,0,2,4,1,4.012653,0.501937,0,1,4
55340,0,1,4,6,1,4.012244,0.501906,0,1,4
55350,0,0,0,0,0,4.011813,0.501859,0,1,4
55360,0,0,0,1,1,4.011476,0.501813,0,1,4
55370,0,0,1,2,1,4.011122,0.501779,0,1,4
55380,0,0,0,0,0,4.011366,0.501815,0,1,4
55390,0,1,0,2,1,4.011208,0.501794,0,1,4
55400,0,0,0,0,0,4.010758,0.501741,0,1,4
55410,0,0,0,0,0,4.011062,0.501777,0,1,4
55420,0,0,2,3,1,4.010620,0.501735,0,1,4
55430,2,1,0,4,1,4.010237,0.501693,0,1,4
55440,0,0,0,0,0,4.010385,0.501711,0,1,4
55450,3,2,1,7,1,4.009992,0.501647,0,1,4
55460,0,0,0,0,0,4.009816,0.501637,0,1,4
55470,1,0,1,3,1,4.009417,0.501604,0,1,4
55480,0,5,4,10,1,4.010093,0.501666,0,1,4
55490,0,0,0,0,0,4.010538,0.501732,0,1,4
55500,4,2,8,15,1,4.010868,0.501747,0,1,4
55510,1,0,1,3,1,4.011271,0.501787,0,1,4
55520,2,3,4,10,1,4.011309,0.501798,0,1,4
55530,0,1,1,3,1,4.011171,0.501783,0,1,4
55540,1,0,3,5,1,4.011626,0.501827,0,1,4
55550,0,0,0,0,0,4.011643,0.501838,0,1,4
55560,3,1,2,7,1,4.011462,0.501826,0,1,4
55570,0,0,0,0,0,4.011145,0.501793,0,1,4
55580,0,0,1,2,1,4.011118,0.501789,0,1,4
55590,0,0,0,1,1,4.010648,0.501735,0,1,4
55600,0,0,0,0,0,4.010183,0.501686,0,1,4
55610,0,2,6,9,1,4.009940,0.501662,0,1,4
55620,2,1,1,5,1,4.010023,0.501668,0,1,4
55630,0,0,3,4,1,4.009565,0.501621,0,1,4
55640,0,0,1,2,1,4.009240,0.501575,0,1,4
55650,0,0,0,1,1,4.008918,0.501534,0,1,4
55660,0,1,2,4,1,4.008735,0.501504,0,1,4
55670,1,2,0,4,1,4.008227,0.501446,0,1,4
55680,0,0,0,0,0,4.007980,0.501418,0,1,4
55690,1,3,0,5,1,4.008695,0.501493,0,1,4
55700,0,0,1,2,1,4.008449,0.501465,0,1,4
55710,2,1,1,5,1,4.008099,0.501429,0,1,4
55720,0,0,0,0,0,4.007774,0.501399,0,1,4
55730,0,0,0,0,0,4.007352,0.501353,0,1,4
55740,0,0,2,3,1,4.007116,0.501319,0,1,4
55750,0,0,0,1,1,4.006999,0.501318,0,1,4
55760,0,1,1,3,1,4.006803,0.501289,0,1,4
55770,5,5,3,14,1,4.006525,0.501255,0,1,4
55780,0,0,0,1,1,4.007396,0.501360,0,1,4
55790,4,4,4,13,1,4.007575,0.501371,0,1,4
55800,0,4,1,6,1,4.007876,0.501402,0,1,4
55810,0,2,0,3,1,4.007733,0.501385,0,1,4
55820,0,1,0,2,1,4.007560,0.501359,0,1,4
55830,0,0,2,3,1,4.007378,0.501335,0,1,4
55840,0,0,0,0,0,4.007018,0.501289,0,1,4
55850,1,2,7,11,1,4.006995,0.501282,0,1,4
55860,0,1,0,2,1,4.008007,0.501398,0,1,4
55870,0,0,0,0,0,4.007551,0.501360,0,1,4
55880,0,0,0,0,0,4.007026,0.501308,0,1,4
55890,0,0,0,1,1,4.006796,0.501276,0,1,4
55900,3,0,1,5,1,4.006527,0.501243,0,1,4
55910,0,0,0,1,1,4.006236,0.501204,0,1,4
55920,0,0,0,0,0,4.006072,0.501186,0,1,4
55930,0,1,0,2,1,4.005904,0.501167,0,1,4
55940,1,0,0,2,1,4.005587,0.501126,0,1,4
55950,0,0,0,0,0,4.005384,0.501098,0,1,4
55960,0,0,0,0,0,4.005023,0.501058,0,1,4
55970,2,2,2,7,1,4.004592,0.501001,0,1,4
55980,0,0,0,1,1,4.004851,0.501027,0,1,4
55990,3,3,5,12,1,4.004591,0.501011,0,1,4
56000,1,2,0,4,1,4.005009,0.501053,0,1,4
56010,6,6,3,16,1,4.005771,0.501147,0,1,4
56020,0,0,0,1,1,4.006253,0.501210,0,1,4
56030,0,1,0,2,1,4.005988,0.501177,0,1,4
56040,1,1,1,4,1,4.005938,0.501168,0,1,4
56050,0,0,1,2,1,4.005942,0.501166,0,1,4
56060,4,2,3,10,1,4.005576,0.501118,0,1,4
56070,3,3,2,9,1,4.006429,0.501213,0,1,4
56080,2,0,0,3,1,4.006745,0.501244,0,1,4
56090,0,0,0,0,0,4.006922,0.501276,0,1,4
56100,0,0,0,1,1,4.006600,0.501243,0,1,4
56110,1,2,3,7,1,4.006867,0.501273,0,1,4
56120,0,0,0,0,0,4.007224,0.501315,0,1,4
56130,0,0,1,2,1,4.006794,0.501259,0,1,4
56140,0,0,0,1,1,4.007262,0.501308,0,1,4
56150,1,8,0,10,1,4.007585,0.501347,0,1,4
56160,0,0,2,3,1,4.008407,0.501444,0,1,4
56170,2,0,1,4,1,4.008240,0.501421,0,1,4
56180,0,0,0,0,0,4.007832,0.501368,0,1,4
56190,0,0,0,1,1,4.007492,0.501326,0,1,4
56200,0,0,0,0,0,4.007113,0.501283,0,1,4
56210,0,0,0,1,1,4.007228,0.501291,0,1,4
56220,4,2,2,9,1,4.007215,0.501293,0,1,4
56230,0,0,1,2,1,4.006934,0.501257,0,1,4
56240,4,1,4,10,1,4.006899,0.501254,0,1,4
56250,2,1,3,7,1,4.007483,0.501319,0,1,4
56260,0,0,0,1,1,4.007606,0.501331,0,1,4
56270,0,0,0,1,1,4.007258,0.501303,0,1,4
56280,1,1,1,4,1,4.006871,0.501248,0,1,4
56290,0,0,0,0,0,4.006655,0.501220,0,1,4
56300,1,0,2,4,1,4.006530,0.501202,0,1,4
56310,0,1,0,2,1,4.006062,0.501146,0,1,4
56320,0,0,3,4,1,4.005796,0.501110,0,1,4
56330,0,0,0,0,0,4.005316,0.501070,0,1,4
56340,0,0,1,2,1,4.004915,0.501025,0,1,4
56350,3,1,3,8,1,4.004694,0.500986,0,1,4
56360,0,1,4,6,1,4.004909,0.500994,0,1,4
56370,0,0,0,0,0,4.004831,0.500992,0,1,4
56380,3,1,3,8,1,4.004790,0.500980,0,1,4
56390,0,0,1,2,1,4.004675,0.500967,0,1,4
56400,0,0,0,0,0,4.004227,0.500926,0,1,4
56410,0,0,0,0,0,4.003877,0.500889,0,1,4
56420,0,0,0,0,0,4.003756,0.500871,0,1,4
56430,2,0,1,4,1,4.003358,0.500827,0,1,4
56440,3,3,3,10,1,4.003452,0.500833,0,1,4
56450,0,2,0,3,1,4.004003,0.500891,0,1,4
56460,1,0,0,2,1,4.004282,0.500911,0,1,4
56470,2,3,1,7,1,4.004056,0.500877,0,1,4
56480,1,0,0,2,1,4.003988,0.500867,0,1,4
56490,0,1,1,3,1,4.003585,0.500824,0,1,4
56500,1,0,0,2,1,4.003431,0.500803,0,1,4
56510,0,0,0,1,1,4.003182,0.500779,0,1,4
56520,1,1,0,3,1,4.002772,0.500737,0,1,4
56530,1,1,1,4,1,4.002760,0.500748,0,1,4
56540,1,0,1,3,1,4.003115,0.500786,0,1,4
56550,0,0,0,1,1,4.002885,0.500757,0,1,4
56560,0,1,0,2,1,4.002595,0.500721,0,1,4
56570,0,1,2,4,1,4.002834,0.500732,0,1,4
56580,4,3,2,10,1,4.002786,0.500722,0,1,4
56590,0,0,0,0,0,4.002387,0.500687,0,1,4
56600,0,0,0,1,1,4.001980,0.500646,0,1,4
56610,3,2,2,8,1,4.001800,0.500616,0,1,4
56620,0,0,0,0,0,4.001542,0.500587,0,1,4
56630,0,0,0,1,1,4.001257,0.500547,0,1,4
56640,0,0,0,0,0,4.000933,0.500515,0,1,4
56650,1,3,5,10,1,4.001627,0.500604,0,1,4
56660,2,1,2,6,1,4.001307,0.500572,0,1,4
56670,0,0,0,0,0,4.001418,0.500592,0,1,4
56680,0,0,0,0,0,4.001209,0.500562,0,1,4
56690,0,0,0,0,0,4.000860,0.500525,0,1,4
56700,3,4,2,10,1,4.000555,0.500474,0,1,4
56710,0,0,0,1,1,4.001127,0.500548,0,1,4
56720,0,0,2,3,1,4.001029,0.500537,0,1,4
56730,1,0,0,2,1,4.000558,0.500493,0,1,4
56740,4,4,2,11,1,4.000118,0.500459,0,1,4
56750,1,1,3,6,1,4.000005,0.500456,0,1,4
56760,1,3,5,10,1,4.000008,0.500446,0,1,4
56770,2,1,7,11,1,4.000202,0.500460,0,1,4
56780,1,4,3,9,1,4.000004,0.500431,0,1,4
56790,2,2,1,6,1,3.999718,0.500398,0,1,4
56800,1,0,0,2,1,3.999600,0.500365,0,1,4
56810,2,0,0,3,1,3.999396,0.500333,0,1,4
56820,0,1,1,3,1,3.999506,0.500350,0,1,4
56830,0,0,0,1,1,3.999222,0.500314,0,1,4
56840,0,1,0,2,1,3.998853,0.500275,0,1,4
56850,0,0,1,2,1,3.998319,0.500204,0,1,4
56860,0,1,0,2,1,3.997904,0.500161,0,1,4
56870,0,0,0,0,0,3.997986,0.500176,0,1,4
56880,0,0,0,0,0,3.997792,0.500152,0,1,4
56890,1,0,0,2,1,3.997259,0.500095,0,1,4
56900,1,0,0,2,1,3.996855,0.500043,0,1,4
56910,1,0,0,2,1,3.996631,0.500024,0,1,4
56920,4,2,4,11,1,3.996557,0.500019,0,1,4
56930,0,0,0,0,0,3.996299,0.500000,0,1,4
56940,0,3,3,7,1,3.996089,0.499961,0,1,4
56950,1,0,0,2,1,3.997611,0.500154,0,1,4
56960,1,0,0,2,1,3.997211,0.500125,0,1,4
56970,0,0,0,1,1,3.996892,0.500085,0,1,4
56980,2,4,0,7,1,3.996726,0.500059,0,1,4
56990,0,0,0,0,0,3.996497,0.500023,0,1,4
57000,0,0,0,0,0,3.996000,0.499976,0,1,4
57010,1,0,0,2,1,3.995744,0.499948,0,1,4
57020,0,0,0,1,1,3.995315,0.499906,0,1,4
57030,0,1,0,2,1,3.994867,0.499869,0,1,4
57040,0,1,0,2,1,3.994819,0.499852,0,1,4
57050,1,0,1,3,1,3.994534,0.499817,0,1,4
57060,0,0,0,0,0,3.994396,0.499810,0,1,4
57070,0,0,0,0,0,3.993978,0.499756,0,1,4
57080,0,0,0,1,1,3.993409,0.499703,0,1,4
57090,0,1,2,4,1,3.993068,0.499668,0,1,4
57100,1,1,1,4,1,3.993746,0.499740,0,1,4
57110,0,0,0,0,0,3.993282,0.499698,0,1,4
57120,3,0,2,6,1,3.992954,0.499656,0,1,4
57130,1,3,0,5,1,3.993769,0.499749,0,1,4
57140,2,0,0,3,1,3.993523,0.499723,0,1,4
57150,0,0,1,2,1,3.993215,0.499681,0,1,4
57160,1,0,0,2,1,3.992809,0.499642,0,1,4
57170,0,1,1,3,1,3.992856,0.499636,0,1,4
57180,0,0,0,0,0,3.992534,0.499600,0,1,4
57190,5,2,5,13,1,3.992359,0.499558,0,1,4
57200,2,0,0,3,1,3.992548,0.499574,0,1,4
57210,0,1,0,2,1,3.992133,0.499530,0,1,4
57220,2,0,4,7,1,3.991775,0.499480,0,1,4
57230,0,0,0,0,0,3.991836,0.499486,0,1,4
57240,5,6,2,14,1,3.992445,0.499550,0,1,4
57250,1,0,0,2,1,3.992479,0.499558,0,1,4
57260,1,1,0,3,1,3.992059,0.499521,0,1,4
57270,0,0,0,1,1,3.992034,0.499520,0,1,4
57280,2,3,1,7,1,3.992148,0.499532,0,1,4
57290,8,5,9,23,1,3.993199,0.499649,0,1,4
57300,2,3,2,8,1,3.995060,0.499873,0,1,4
57310,0,0,0,0,0,3.994900,0.499859,0,1,4
57320,0,0,0,0,0,3.994632,0.499835,0,1,4
57330,0,0,0,0,0,3.994614,0.499837,0,1,4
57340,3,4,10,18,1,3.994566,0.499814,0,1,4
57350,7,4,6,18,1,3.996505,0.500031,0,1,4
57360,0,1,0,2,1,3.996881,0.500072,0,1,4
57370,0,0,0,1,1,3.996796,0.500059,0,1,4
57380,2,0,0,3,1,3.996900,0.500073,0,1,4
57390,8,8,3,20,1,3.997519,0.500128,0,1,4
57400,6,9,6,22,1,4.000821,0.500530,0,1,4
57410,3,0,3,7,1,4.002745,0.500783,0,1,4
57420,0,1,1,3,1,4.003031,0.500799,0,1,4
57430,0,0,0,1,1,4.002789,0.500766,0,1,4
57440,5,1,2,9,1,4.003239,0.500794,0,1,4
57450,2,4,0,7,1,4.004953,0.501003,0,1,4
57460,0,0,0,1,1,4.006133,0.501138,0,1,4
57470,0,1,0,2,1,4.006211,0.501148,0,1,4
57480,1,1,0,3,1,4.005929,0.501127,0,1,4
57490,1,0,1,3,1,4.005596,0.501083,0,1,4
57500,4,0,4,9,1,4.005384,0.501050,0,1,4
57510,1,1,2,5,1,4.005022,0.501006,0,1,4
57520,1,0,0,2,1,4.004820,0.500987,0,1,4
57530,6,2,3,12,1,4.004801,0.500979,0,1,4
57540,1,0,0,2,1,4.004583,0.500949,0,1,4
57550,0,0,0,1,1,4.004151,0.500903,0,1,4
57560,2,1,0,4,1,4.004148,0.500898,0,1,4
57570,0,0,0,1,1,4.004299,0.500922,0,1,4
57580,0,2,0,3,1,4.004281,0.500917,0,1,4
57590,0,0,0,0,0,4.004025,0.500896,0,1,4
57600,0,0,0,0,0,4.003811,0.500868,0,1,4
57610,0,0,0,0,0,4.003318,0.500822,0,1,4
57620,0,0,0,0,0,4.002854,0.500772,0,1,4
57630,0,0,0,0,0,4.002798,0.500761,0,1,4
57640,0,0,0,0,0,4.002366,0.500709,0,1,4
57650,1,5,1,8,1,4.002081,0.500665,0,1,4
57660,0,0,0,1,1,4.002471,0.500713,0,1,4
57670,1,1,1,4,1,4.002094,0.500671,0,1,4
57680,5,10,6,22,1,4.002258,0.500672,0,1,4
57690,2,2,0,5,1,4.002847,0.500754,0,1,4
57700,1,0,0,2,1,4.003298,0.500803,0,1,4
57710,0,0,0,0,0,4.002872,0.500752,0,1,4
57720,1,2,1,5,1,4.002625,0.500725,0,1,4
57730,1,0,0,2,1,4.002535,0.500705,0,1,4
57740,1,4,3,9,1,4.002549,0.500716,0,1,4
57750,2,2,1,6,1,4.003330,0.500795,0,1,4
57760,0,0,0,1,1,4.002808,0.500748,0,1,4
57770,0,2,3,6,1,4.002534,0.500708,0,1,4
57780,0,1,0,2,1,4.002971,0.500756,0,1,4
57790,0,0,0,0,0,4.003087,0.500766,0,1,4
57800,10,9,11,31,1,4.004631,0.500935,0,1,4
57810,4,4,10,19,1,4.008423,0.501422,0,1,4
57820,3,2,4,10,1,4.009511,0.501561,0,1,4
57830,5,2,4,12,1,4.010754,0.501704,0,1,4
57840,1,1,0,3,1,4.010749,0.501708,0,1,4
57850,7,1,2,11,1,4.010864,0.501706,0,1,4
57860,1,2,2,6,1,4.013381,0.502002,0,1,4
57870,0,0,0,1,1,4.013499,0.502021,0,1,4
57880,1,2,2,6,1,4.013689,0.502044,0,1,4
57890,0,0,1,2,1,4.013339,0.502008,0,1,4
57900,1,4,1,7,1,4.012845,0.501969,0,1,4
57910,0,0,0,0,0,4.012418,0.501927,0,1,4
57920,1,3,2,7,1,4.013547,0.502056,0,1,4
57930,0,1,0,2,1,4.013465,0.502052,0,1,4
57940,0,0,0,0,0,4.012959,0.502014,0,1,4
57950,2,0,2,5,1,4.012780,0.501988,0,1,4
57960,0,0,0,0,0,4.012843,0.501996,0,1,4
57970,0,1,0,2,1,4.012519,0.501964,0,1,4
57980,0,2,1,4,1,4.012205,0.501918,0,1,4
57990,0,0,0,0,0,4.011750,0.501877,0,1,4
58000,5,4,4,14,1,4.011623,0.501854,0,1,4
58010,4,0,2,7,1,4.011787,0.501879,0,1,4
58020,1,0,2,4,1,4.011810,0.501882,0,1,4
58030,0,2,3,6,1,4.011751,0.501863,0,1,4
58040,0,0,0,1,1,4.011316,0.501819,0,1,4
58050,0,1,2,4,1,4.011167,0.501794,0,1,4
58060,0,2,4,7,1,4.010845,0.501746,0,1,4
58070,0,0,1,2,1,4.010502,0.501726,0,1,4
58080,0,1,1,3,1,4.010374,0.501714,0,1,4
58090,0,0,0,0,0,4.009974,0.501660,0,1,4
58100,5,1,5,12,1,4.010069,0.501680,0,1,4
58110,0,0,0,1,1,4.011131,0.501808,0,1,4
58120,2,2,3,8,1,4.010946,0.501785,0,1,4
58130,0,0,0,1,1,4.011093,0.501807,0,1,4
58140,0,6,1,8,1,4.010896,0.501788,0,1,4
58150,0,0,0,1,1,4.010615,0.501763,0,1,4
58160,6,4,1,12,1,4.010633,0.501761,0,1,4
58170,7,6,8,22,1,4.011386,0.501828,0,1,4
58180,10,9,6,26,1,4.015783,0.502368,0,1,4
58190,3,3,2,9,1,4.018533,0.502710,0,1,4
58200,0,0,0,1,1,4.018338,0.502689,0,1,4
58210,0,0,0,1,1,4.018294,0.502693,0,1,4
58220,0,0,0,0,0,4.017794,0.502643,0,1,4
58230,0,0,0,0,0,4.017529,0.502612,0,1,4
58240,3,2,1,7,1,4.017341,0.502591,0,1,4
58250,2,0,1,4,1,4.017231,0.502565,0,1,4
58260,2,0,0,3,1,4.017203,0.502557,0,1,4
58270,0,2,0,3,1,4.017038,0.502550,0,1,4
58280,5,1,2,9,1,4.016633,0.502501,0,1,4
58290,0,1,0,2,1,4.016582,0.502496,0,1,4
58300,0,0,0,1,1,4.016611,0.502503,0,1,4
58310,1,1,2,5,1,4.017364,0.502585,0,1,4
58320,1,0,0,2,1,4.018227,0.502676,0,1,4
58330,0,0,0,0,0,4.018301,0.502681,0,1,4
58340,0,5,1,7,1,4.018515,0.502678,0,1,4
58350,0,2,3,6,1,4.018991,0.502738,0,1,4
58360,5,0,2,8,1,4.019621,0.502813,0,1,4
58370,0,0,0,1,1,4.019333,0.502793,0,1,4
58380,0,0,0,0,0,4.019114,0.502766,0,1,4
58390,3,1,2,7,1,4.018865,0.502738,0,1,4
58400,0,0,0,1,1,4.018762,0.502722,0,1,4
58410,0,0,0,0,0,4.018316,0.502667,0,1,4
58420,0,1,0,2,1,4.018021,0.502634,0,1,4
58430,0,0,1,2,1,4.017664,0.502599,0,1,4
58440,1,2,0,4,1,4.017422,0.502564,0,1,4
58450,0,0,0,1,1,4.017088,0.502537,0,1,4
58460,0,0,0,1,1,4.016775,0.502495,0,1,4
58470,1,1,2,5,1,4.016839,0.502493,0,1,4
58480,6,3,3,13,1,4.017547,0.502562,0,1,4
58490,3,7,6,17,1,4.018216,0.502640,0,1,4
58500,1,0,0,2,1,4.020213,0.502878,0,1,4
58510,13,3,5,22,1,4.021120,0.502970,0,1,4
58520,2,2,2,7,1,4.022733,0.503171,0,1,4
58530,2,0,0,3,1,4.022472,0.503138,0,1,4
58540,0,0,0,1,1,4.022235,0.503124,0,1,4
58550,0,0,0,1,1,4.021844,0.503076,0,1,4
58560,0,0,0,1,1,4.021412,0.503030,0,1,4
58570,0,0,2,3,1,4.021065,0.502987,0,1,4
58580,0,1,0,2,1,4.020743,0.502946,0,1,4
58590,0,0,0,0,0,4.020596,0.502932,0,1,4
58600,5,7,3,16,1,4.021094,0.502990,0,1,4
58610,0,0,0,1,1,4.021187,0.503006,0,1,4
58620,2,0,0,3,1,4.020796,0.502956,0,1,4
58630,0,1,0,2,1,4.020493,0.502928,0,1,4
58640,3,0,3,7,1,4.020380,0.502910,0,1,4
58650,2,1,0,4,1,4.021043,0.502984,0,1,4
58660,2,0,1,4,1,4.021121,0.502985,0,1,4
58670,0,0,0,0,0,4.020929,0.502960,0,1,4
58680,0,0,0,0,0,4.020863,0.502946,0,1,4
58690,0,0,1,2,1,4.020535,0.502907,0,1,4
58700,0,0,0,1,1,4.020068,0.502865,0,1,4
58710,1,2,0,4,1,4.019776,0.502819,0,1,4
58720,2,1,1,5,1,4.019485,0.502786,0,1,4
58730,0,1,1,3,1,4.019146,0.502738,0,1,4
58740,1,1,0,3,1,4.018903,0.502698,0,1,4
58750,1,0,1,3,1,4.018592,0.502661,0,1,4
58760,0,0,0,0,0,4.018164,0.502613,0,1,4
58770,2,1,1,5,1,4.017778,0.502572,0,1,4
58780,0,0,1,2,1,4.018098,0.502599,0,1,4
58790,3,4,1,9,1,4.017855,0.502571,0,1,4
58800,2,1,3,7,1,4.018023,0.502593,0,1,4
58810,0,0,0,0,0,4.017854,0.502579,0,1,4
58820,3,2,4,10,1,4.017586,0.502539,0,1,4
58830,0,0,0,1,1,4.017468,0.502507,0,1,4
58840,0,0,0,1,1,4.017220,0.502481,0,1,4
58850,2,2,0,5,1,4.017275,0.502484,0,1,4
58860,0,0,0,1,1,4.017207,0.502470,0,1,4
58870,1,0,1,3,1,4.016934,0.502440,0,1,4
58880,3,4,1,9,1,4.016681,0.502406,0,1,4
58890,1,0,0,2,1,4.016922,0.502432,0,1,4
58900,0,0,0,1,1,4.016651,0.502411,0,1,4
58910,1,0,3,5,1,4.016337,0.502376,0,1,4
58920,0,0,0,1,1,4.016238,0.502365,0,1,4
58930,1,0,3,5,1,4.016317,0.502371,0,1,4
58940,0,1,1,3,1,4.016165,0.502355,0,1,4
58950,0,0,0,0,0,4.015961,0.502334,0,1,4
58960,0,0,0,0,0,4.015504,0.502277,0,1,4
58970,0,0,0,0,0,4.015233,0.502252,0,1,4
58980,0,0,0,1,1,4.014727,0.502207,0,1,4
58990,2,0,1,4,1,4.014437,0.502160,0,1,4
59000,3,1,3,8,1,4.014960,0.502233,0,1,4
59010,1,5,0,7,1,4.014722,0.502199,0,1,4
59020,0,1,0,2,1,4.014348,0.502170,0,1,4
59030,0,0,0,0,0,4.013948,0.502127,0,1,4
59040,2,1,1,5,1,4.013558,0.502083,0,1,4
59050,0,0,0,0,0,4.013427,0.502066,0,1,4
59060,0,1,0,2,1,4.013033,0.502024,0,1,4
59070,0,0,2,3,1,4.012590,0.501983,0,1,4
59080,0,0,0,0,0,4.012262,0.501945,0,1,4
59090,1,1,1,4,1,4.011719,0.501903,0,1,4
59100,1,1,1,4,1,4.011651,0.501886,0,1,4
59110,0,0,1,2,1,4.011550,0.501885,0,1,4
59120,1,1,0,3,1,4.011314,0.501845,0,1,4
59130,0,0,0,1,1,4.010950,0.501802,0,1,4
59140,0,0,0,1,1,4.010580,0.501773,0,1,4
59150,2,2,1,6,1,4.010207,0.501736,0,1,4
59160,3,0,0,4,1,4.010404,0.501762,0,1,4
59170,0,1,2,4,1,4.010538,0.501768,0,1,4
59180,1,1,0,3,1,4.010289,0.501737,0,1,4
59190,3,4,4,12,1,4.010228,0.501737,0,1,4
59200,3,3,1,8,1,4.010639,0.501783,0,1,4
59210,0,0,0,1,1,4.010503,0.501783,0,1,4
59220,1,1,1,4,1,4.010213,0.501744,0,1,4
59230,0,0,0,0,0,4.010440,0.501782,0,1,4
59240,2,1,3,7,1,4.010551,0.501785,0,1,4
59250,2,1,1,5,1,4.010253,0.501745,0,1,4
59260,0,0,0,1,1,4.009928,0.501707,0,1,4
59270,3,0,1,5,1,4.009638,0.501665,0,1,4
59280,0,2,1,4,1,4.009672,0.501665,0,1,4
59290,0,0,0,0,0,4.009538,0.501649,0,1,4
59300,1,0,0,2,1,4.009179,0.501600,0,1,4
59310,0,0,0,1,1,4.008927,0.501561,0,1,4
59320,0,1,2,4,1,4.008809,0.501542,0,1,4
59330,0,0,0,1,1,4.008878,0.501549,0,1,4
59340,1,3,3,8,1,4.008789,0.501544,0,1,4
59350,2,0,1,4,1,4.008379,0.501507,0,1,4
59360,1,0,1,3,1,4.008207,0.501489,0,1,4
59370,4,2,5,12,1,4.008166,0.501468,0,1,4
59380,3,1,3,8,1,4.008256,0.501474,0,1,4
59390,0,0,0,0,0,4.007884,0.501427,0,1,4
59400,2,2,3,8,1,4.008423,0.501485,0,1,4
59410,1,0,0,2,1,4.008104,0.501448,0,1,4
59420,0,1,0,2,1,4.008937,0.501543,0,1,4
59430,0,0,0,0,0,4.008531,0.501495,0,1,4
59440,0,0,0,1,1,4.008484,0.501494,0,1,4
59450,1,2,0,4,1,4.009058,0.501555,0,1,4
59460,1,0,0,2,1,4.009014,0.501544,0,1,4
59470,0,0,0,0,0,4.008746,0.501521,0,1,4
59480,0,0,0,0,0,4.008727,0.501521,0,1,4
59490,1,2,2,6,1,4.008643,0.501517,0,1,4
59500,4,1,1,7,1,4.008988,0.501554,0,1,4
59510,2,0,0,3,1,4.008797,0.501540,0,1,4
59520,1,1,0,3,1,4.008918,0.501562,0,1,4
59530,1,4,7,13,1,4.009044,0.501570,0,1,4
59540,0,0,0,1,1,4.010016,0.501691,0,1,4
59550,0,0,0,1,1,4.009550,0.501653,0,1,4
59560,2,1,1,5,1,4.009895,0.501693,0,1,4
59570,2,1,0,4,1,4.009485,0.501653,0,1,4
59580,1,0,0,2,1,4.009353,0.501632,0,1,4
59590,0,0,0,0,0,4.009225,0.501634,0,1,4
59600,1,0,1,3,1,4.008727,0.501575,0,1,4
59610,0,0,0,0,0,4.008242,0.501519,0,1,4
59620,0,1,0,2,1,4.007835,0.501470,0,1,4
59630,3,2,2,8,1,4.007731,0.501451,0,1,4
59640,2,0,1,4,1,4.008079,0.501491,0,1,4
59650,0,0,0,0,0,4.008324,0.501534,0,1,4
59660,0,0,0,0,0,4.008059,0.501518,0,1,4
59670,3,0,1,5,1,4.008098,0.501514,0,1,4
59680,0,0,0,1,1,4.007687,0.501471,0,1,4
59690,6,2,1,10,1,4.007645,0.501468,0,1,4
59700,2,2,4,9,1,4.007943,0.501507,0,1,4
59710,0,0,0,0,0,4.007989,0.501522,0,1,4
59720,0,0,0,1,1,4.007645,0.501488,0,1,4
59730,0,0,0,0,0,4.007633,0.501488,0,1,4
59740,0,1,3,5,1,4.007379,0.501449,0,1,4
59750,0,3,0,4,1,4.007281,0.501441,0,1,4
59760,1,0,2,4,1,4.006993,0.501397,0,1,4
59770,0,0,0,0,0,4.007370,0.501421,0,1,4
59780,0,0,0,1,1,4.007119,0.501394,0,1,4
59790,0,0,0,0,0,4.006992,0.501373,0,1,4
59800,0,0,0,0,0,4.006754,0.501346,0,1,4
59810,0,0,0,1,1,4.006363,0.501293,0,1,4
59820,0,0,0,1,1,4.006015,0.501259,0,1,4
59830,3,3,5,12,1,4.006347,0.501287,0,1,4
59840,0,1,0,2,1,4.007267,0.501394,0,1,4
59850,1,0,1,3,1,4.007087,0.501360,0,1,4
59860,2,0,1,4,1,4.006788,0.501332,0,1,4
59870,0,0,1,2,1,4.007013,0.501361,0,1,4
59880,1,0,0,2,1,4.007222,0.501376,0,1,4
59890,1,0,3,5,1,4.008284,0.501489,0,1,4
59900,0,1,0,2,1,4.007981,0.501461,0,1,4
59910,4,3,3,11,1,4.008244,0.501480,0,1,4
59920,2,0,2,5,1,4.008518,0.501520,0,1,4
59930,5,0,2,8,1,4.008643,0.501542,0,1,4
59940,0,0,1,2,1,4.008800,0.501555,0,1,4
59950,0,0,0,0,0,4.008352,0.501498,0,1,4
59960,1,1,1,4,1,4.007970,0.501456,0,1,4
59970,0,0,0,0,0,4.007572,0.501413,0,1,4
59980,0,0,0,0,0,4.008164,0.501479,0,1,4
59990,13,13,6,33,1,4.010565,0.501759,0,1,4
60000,18,16,19,54,1,4.016882,0.502528,0,1,5
60010,16,14,14,45,1,4.025149,0.503566,7,5,6
60020,9,14,6,30,1,4.029714,0.504133,7,5,6
60030,4,5,5,15,1,4.032913,0.504523,7,5,6
60040,0,0,0,0,0,4.033632,0.504599,7,5,6
60050,0,0,0,1,1,4.033271,0.504551,7,5,6
60060,0,0,0,1,1,4.032849,0.504508,7,5,6
60070,3,6,2,12,1,4.032766,0.504503,7,5,6
60080,1,2,0,4,1,4.033002,0.504545,7,5,6
60090,5,3,7,16,1,4.034126,0.504669,7,5,6
60100,0,0,0,0,0,4.034250,0.504686,7,5,6
60110,0,1,0,2,1,4.033959,0.504673,7,5,6
60120,1,2,1,5,1,4.033656,0.504622,7,5,6
60130,0,0,0,0,0,4.033339,0.504586,7,5,6
60140,0,0,0,0,0,4.033084,0.504556,7,5,6
60150,1,2,2,6,1,4.032806,0.504518,7,5,6
60160,1,0,3,5,1,4.032517,0.504484,7,5,6
60170,4,1,4,10,1,4.033073,0.504546,7,5,6
60180,0,0,2,3,1,4.032724,0.504511,7,5,6
60190,2,0,0,3,1,4.033627,0.504613,7,5,6
60200,0,1,0,2,1,4.033146,0.504564,7,5,6
60210,0,0,1,2,1,4.033104,0.504563,7,5,6
60220,0,0,0,0,0,4.032668,0.504507,7,5,6
60230,1,2,1,5,1,4.032217,0.504475,7,5,6
60240,0,0,0,0,0,4.032209,0.504472,7,5,6
60250,0,0,1,2,1,4.032025,0.504436,7,5,6
60260,0,1,0,2,1,4.031549,0.504390,7,5,6
60270,2,3,2,8,1,4.032275,0.504460,7,5,6
60280,2,2,2,7,1,4.031958,0.504421,7,5,6
60290,2,0,1,4,1,4.032807,0.504524,7,5,6
60300,0,2,1,4,1,4.032877,0.504516,7,5,6
60310,0,0,0,0,0,4.032557,0.504478,7,5,6
60320,0,0,0,0,0,4.032053,0.504424,7,5,6
60330,0,0,0,0,0,4.031744,0.504401,7,5,6
60340,0,0,0,1,1,4.031465,0.504376,7,5,6
60350,0,0,0,0,0,4.031403,0.504374,7,5,6
60360,0,3,5,9,1,4.031070,0.504336,7,5,6
60370,0,0,0,1,1,4.031078,0.504346,7,5,6
60380,0,2,2,5,1,4.030794,0.504312,7,5,6
60390,0,1,6,8,1,4.032519,0.504524,7,5,6
60400,0,0,2,3,1,4.032468,0.504521,7,5,6
60410,1,0,0,2,1,4.033159,0.504601,7,5,6
60420,1,2,2,6,1,4.033069,0.504585,7,5,6
60430,2,2,3,8,1,4.032869,0.504552,7,5,6
60440,0,1,0,2,1,4.033318,0.504614,7,5,6
60450,0,0,0,0,0,4.033420,0.504625,7,5,6
60460,0,1,1,3,1,4.033402,0.504622,7,5,6
60470,1,2,0,4,1,4.033096,0.504594,7,5,6
60480,0,0,0,0,0,4.032899,0.504567,7,5,6
60490,0,1,1,3,1,4.032675,0.504542,7,5,6
60500,2,0,5,8,1,4.032398,0.504509,7,5,6
60510,0,0,0,1,1,4.032194,0.504492,7,5,6
60520,2,4,1,8,1,4.032135,0.504491,7,5,6
60530,0,1,3,5,1,4.032177,0.504485,7,5,6
60540,0,0,0,0,0,4.031694,0.504435,7,5,6
60550,0,0,0,0,0,4.032193,0.504491,7,5,6
60560,0,0,0,0,0,4.031936,0.504464,7,5,6
60570,2,2,1,6,1,4.031793,0.504430,7,5,6
60580,0,0,0,0,0,4.031954,0.504451,7,5,6
60590,7,2,2,12,1,4.031764,0.504435,7,5,6
60600,1,5,3,10,1,4.032758,0.504539,7,5,6
60610,0,0,0,0,0,4.032677,0.504528,7,5,6
60620,0,0,0,1,1,4.032428,0.504497,7,5,6
60630,0,3,1,5,1,4.032147,0.504465,7,5,6
60640,0,0,0,0,0,4.032394,0.504490,7,5,6
60650,0,0,0,1,1,4.032049,0.504461,7,5,6
60660,1,1,2,5,1,4.031892,0.504433,7,5,6
60670,0,0,0,0,0,4.031538,0.504402,7,5,6
60680,1,0,1,3,1,4.031122,0.504353,7,5,6
60690,1,1,1,4,1,4.030727,0.504307,7,5,6
60700,0,0,0,1,1,4.030394,0.504269,7,5,6
60710,0,1,0,2,1,4.030187,0.504250,7,5,6
60720,2,6,6,15,1,4.030516,0.504263,7,5,6
60730,2,0,0,3,1,4.031048,0.504336,7,5,6
60740,0,1,1,3,1,4.030971,0.504324,7,5,6
60750,0,0,0,1,1,4.030755,0.504304,7,5,6
60760,5,2,0,8,1,4.030733,0.504286,7,5,6
60770,1,0,0,2,1,4.030513,0.504251,7,5,6
60780,0,0,0,1,1,4.030215,0.504217,7,5,6
60790,0,1,2,4,1,4.029913,0.504176,7,5,6
60800,0,0,3,4,1,4.030173,0.504211,7,5,6
60810,0,0,0,0,0,4.030129,0.504209,7,5,6
60820,2,0,0,3,1,4.029750,0.504165,7,5,6
60830,0,1,0,2,1,4.029362,0.504123,7,5,6
60840,0,0,0,0,0,4.029001,0.504064,7,5,6
60850,0,0,0,1,1,4.028521,0.504018,7,5,6
60860,0,0,0,1,1,4.028085,0.503966,7,5,6
60870,2,0,0,3,1,4.027865,0.503938,7,5,6
60880,0,0,0,0,0,4.027404,0.503893,7,5,6
60890,0,1,0,2,1,4.026945,0.503859,7,5,6
60900,3,2,1,7,1,4.026637,0.503819,7,5,6
60910,0,1,0,2,1,4.026398,0.503800,7,5,6
60920,0,0,0,0,0,4.026092,0.503767,7,5,6
60930,0,0,0,0,0,4.026217,0.503785,7,5,6
60940,0,0,1,2,1,4.025713,0.503734,7,5,6
60950,2,1,1,5,1,4.025523,0.503707,7,5,6
60960,1,0,1,3,1,4.025361,0.503685,7,5,6
60970,1,0,1,3,1,4.025009,0.503658,7,5,6
60980,0,0,0,0,0,4.024704,0.503613,7,5,6
60990,0,0,0,1,1,4.024277,0.503568,7,5,6
61000,1,1,2,5,1,4.024233,0.503558,7,5,6
61010,0,0,0,1,1,4.023809,0.503507,7,5,6
61020,0,0,0,1,1,4.023410,0.503465,7,5,6
61030,0,0,0,1,1,4.023081,0.503433,7,5,6
61040,0,2,1,4,1,4.022811,0.503393,7,5,6
61050,2,0,3,6,1,4.022940,0.503406,7,5,6
61060,1,1,0,3,1,4.023141,0.503424,7,5,6
61070,0,0,0,0,0,4.022901,0.503401,7,5,6
61080,2,1,2,6,1,4.022919,0.503388,7,5,6
61090,0,0,5,6,1,4.023188,0.503419,7,5,6
61100,4,6,3,14,1,4.023822,0.503497,7,5,6
61110,0,0,0,1,1,4.023916,0.503513,7,5,6
61120,0,0,0,0,0,4.024077,0.503531,7,5,6
61130,0,2,0,3,1,4.023882,0.503504,7,5,6
61140,0,0,0,0,0,4.023804,0.503495,7,5,6
61150,7,2,1,11,1,4.023814,0.503484,7,5,6
61160,0,3,0,4,1,4.023768,0.503495,7,5,6
61170,2,1,1,5,1,4.023566,0.503459,7,5,6
61180,0,0,0,0,0,4.023158,0.503412,7,5,6
61190,2,3,3,9,1,4.022882,0.503372,7,5,6
61200,0,1,3,5,1,4.023159,0.503408,7,5,6
61210,0,0,0,1,1,4.023938,0.503497,7,5,6
61220,0,0,1,2,1,4.023727,0.503469,7,5,6
61230,1,0,0,2,1,4.023418,0.503431,7,5,6
61240,0,0,1,2,1,4.023224,0.503413,7,5,6
61250,0,0,0,0,0,4.022810,0.503376,7,5,6
61260,0,0,0,1,1,4.022823,0.503365,7,5,6
61270,2,1,2,6,1,4.022722,0.503366,7,5,6
61280,0,0,0,1,1,4.022401,0.503335,7,5,6
61290,0,0,0,1,1,4.022091,0.503299,7,5,6
61300,5,6,5,17,1,4.022294,0.503317,7,5,6
61310,2,3,1,7,1,4.024245,0.503553,7,5,6
61320,7,4,0,12,1,4.025777,0.503737,7,5,6
61330,0,0,1,2,1,4.025627,0.503723,7,5,6
61340,0,0,0,0,0,4.025580,0.503707,7,5,6
61350,0,1,0,2,1,4.025201,0.503673,7,5,6
61360,0,0,0,0,0,4.024942,0.503645,7,5,6
61370,1,0,0,2,1,4.024878,0.503626,7,5,6
61380,0,0,0,1,1,4.024772,0.503610,7,5,6
61390,0,0,0,0,0,4.025080,0.503648,7,5,6
61400,1,2,0,4,1,4.024636,0.503599,7,5,6
61410,0,0,0,1,1,4.024611,0.503596,7,5,6
61420,5,4,2,12,1,4.024416,0.503553,7,5,6
61430,0,1,0,2,1,4.025989,0.503739,7,5,6
61440,0,0,0,1,1,4.025590,0.503698,7,5,6
61450,0,0,0,0,0,4.025645,0.503705,7,5,6
61460,2,0,0,3,1,4.025177,0.503648,7,5,6
61470,0,0,0,1,1,4.024811,0.503608,7,5,6
61480,0,0,0,0,0,4.024387,0.503571,7,5,6
61490,0,0,0,0,0,4.024006,0.503538,7,5,6
61500,2,1,1,5,1,4.023850,0.503505,7,5,6
61510,4,3,1,9,1,4.024196,0.503540,7,5,6
61520,0,0,0,1,1,4.024287,0.503537,7,5,6
61530,0,0,0,0,0,4.023779,0.503497,7,5,6
61540,1,0,2,4,1,4.023393,0.503450,7,5,6
61550,1,3,4,9,1,4.023392,0.503432,7,5,6
61560,1,0,0,2,1,4.023450,0.503435,7,5,6
61570,1,1,3,6,1,4.023405,0.503421,7,5,6
61580,0,2,1,4,1,4.024832,0.503589,7,5,6
61590,0,0,0,1,1,4.024741,0.503576,7,5,6
61600,1,1,2,5,1,4.024821,0.503586,7,5,6
61610,1,0,1,3,1,4.024566,0.503562,7,5,6
61620,2,2,6,11,1,4.024474,0.503543,7,5,6
61630,0,1,1,3,1,4.024789,0.503583,7,5,6
61640,1,0,0,2,1,4.024782,0.503574,7,5,6
61650,0,0,0,1,1,4.024420,0.503530,7,5,6
61660,3,0,1,5,1,4.024733,0.503555,7,5,6
61670,1,3,4,9,1,4.024691,0.503544,7,5,6
61680,0,2,1,4,1,4.024551,0.503533,7,5,6
61690,1,0,0,2,1,4.025090,0.503600,7,5,6
61700,0,0,0,0,0,4.024644,0.503548,7,5,6
61710,1,1,0,3,1,4.024688,0.503540,7,5,6
61720,2,2,1,6,1,4.024426,0.503520,7,5,6
61730,0,0,0,0,0,4.024608,0.503541,7,5,6
61740,1,3,1,6,1,4.024243,0.503492,7,5,6
61750,3,3,1,8,1,4.024218,0.503487,7,5,6
61760,0,0,1,2,1,4.024398,0.503508,7,5,6
61770,0,0,0,1,1,4.024383,0.503512,7,5,6
61780,0,0,1,2,1,4.024128,0.503469,7,5,6
61790,1,1,1,4,1,4.023867,0.503432,7,5,6
61800,0,0,0,0,0,4.023507,0.503388,7,5,6
61810,6,3,6,16,1,4.023470,0.503368,7,5,6
61820,1,0,0,2,1,4.023655,0.503400,7,5,6
61830,0,0,0,0,0,4.023234,0.503360,7,5,6
61840,4,0,2,7,1,4.023427,0.503366,7,5,6
61850,0,0,0,0,0,4.023159,0.503344,7,5,6
61860,2,0,0,3,1,4.022998,0.503322,7,5,6
61870,0,3,0,4,1,4.022598,0.503281,7,5,6
61880,9,4,5,19,1,4.022978,0.503314,7,5,6
61890,8,4,2,15,1,4.024702,0.503520,7,5,6
61900,0,0,0,0,0,4.024972,0.503567,7,5,6
61910,0,0,0,0,0,4.024587,0.503519,7,5,6
61920,0,0,0,1,1,4.024187,0.503475,7,5,6
61930,0,0,0,0,0,4.023780,0.503437,7,5,6
61940,5,5,2,13,1,4.023674,0.503398,7,5,6
61950,0,0,0,0,0,4.023831,0.503423,7,5,6
61960,0,2,0,3,1,4.023865,0.503432,7,5,6
61970,1,0,0,2,1,4.023477,0.503398,7,5,6
61980,1,2,2,6,1,4.023484,0.503398,7,5,6
61990,6,2,2,11,1,4.023467,0.503396,7,5,6
62000,0,0,0,0,0,4.023302,0.503365,7,5,6
62010,0,0,0,1,1,4.023134,0.503346,7,5,6
62020,0,0,0,1,1,4.023253,0.503352,7,5,6
62030,2,0,2,5,1,4.023009,0.503329,7,5,6
62040,1,2,2,6,1,4.022813,0.503297,7,5,6
62050,0,0,0,0,0,4.023249,0.503357,7,5,6
62060,3,3,0,7,1,4.022941,0.503313,7,5,6
62070,0,0,1,2,1,4.022606,0.503278,7,5,6
62080,2,1,0,4,1,4.022550,0.503270,7,5,6
62090,0,0,0,0,0,4.022114,0.503230,7,5,6
62100,0,0,0,1,1,4.021718,0.503182,7,5,6
62110,0,0,0,0,0,4.021475,0.503141,7,5,6
62120,0,0,0,0,0,4.021067,0.503105,7,5,6
62130,0,0,0,1,1,4.020817,0.503074,7,5,6
62140,0,0,0,0,0,4.020615,0.503051,7,5,6
62150,0,0,1,2,1,4.020301,0.503014,7,5,6
62160,1,1,1,4,1,4.019937,0.502970,7,5,6
62170,0,2,0,3,1,4.019993,0.502976,7,5,6
62180,5,0,2,8,1,4.019592,0.502932,7,5,6
62190,4,1,4,10,1,4.019328,0.502892,7,5,6
62200,0,0,0,1,1,4.019550,0.502916,7,5,6
62210,0,0,0,0,0,4.019499,0.502910,7,5,6
62220,0,0,0,0,0,4.018996,0.502856,7,5,6
62230,1,1,0,3,1,4.018910,0.502828,7,5,6
62240,2,2,0,5,1,4.018908,0.502823,7,5,6
62250,0,0,1,2,1,4.018747,0.502804,7,5,6
62260,0,0,0,1,1,4.018575,0.502788,7,5,6
62270,0,0,0,1,1,4.018379,0.502765,7,5,6
62280,2,0,0,3,1,4.017934,0.502720,7,5,6
62290,0,0,0,0,0,4.017555,0.502681,7,5,6
62300,0,0,0,0,0,4.017339,0.502648,7,5,6
62310,3,1,1,6,1,4.016993,0.502615,7,5,6
62320,0,1,1,3,1,4.016852,0.502597,7,5,6
62330,0,0,0,1,1,4.016451,0.502558,7,5,6
62340,0,0,0,0,0,4.015989,0.502520,7,5,6
62350,4,5,1,11,1,4.016320,0.502557,7,5,6
62360,0,0,1,2,1,4.016415,0.502566,7,5,6
62370,2,0,3,6,1,4.016242,0.502553,7,5,6
62380,0,0,0,0,0,4.016782,0.502613,7,5,6
62390,1,0,0,2,1,4.016414,0.502577,7,5,6
62400,0,1,1,3,1,4.016533,0.502590,7,5,6
62410,2,2,1,6,1,4.016553,0.502593,7,5,6
62420,0,0,0,0,0,4.016280,0.502562,7,5,6
62430,0,0,0,0,0,4.015893,0.502529,7,5,6
62440,1,0,0,2,1,4.015702,0.502502,7,5,6
62450,0,0,0,0,0,4.015310,0.502467,7,5,6
62460,6,3,1,11,1,4.015787,0.502510,7,5,6
62470,0,0,0,1,1,4.017370,0.502699,7,5,6
62480,0,0,0,0,0,4.017099,0.502671,7,5,6
62490,3,0,0,4,1,4.016731,0.502636,7,5,6
62500,3,2,3,9,1,4.016884,0.502660,7,5,6
62510,0,0,1,2,1,4.016655,0.502635,7,5,6
62520,0,0,0,0,0,4.017187,0.502682,7,5,6
62530,0,0,0,1,1,4.016795,0.502642,7,5,6
62540,5,2,2,10,1,4.016853,0.502652,7,5,6
62550,0,0,1,2,1,4.017393,0.502709,7,5,6
62560,0,0,0,1,1,4.017060,0.502680,7,5,6
62570,0,1,0,2,1,4.016850,0.502659,7,5,6
62580,0,1,1,3,1,4.017090,0.502681,7,5,6
62590,0,0,3,4,1,4.016910,0.502658,7,5,6
62600,0,0,0,1,1,4.016759,0.502640,7,5,6
62610,0,0,0,0,0,4.017000,0.502666,7,5,6
62620,1,2,2,6,1,4.017218,0.502688,7,5,6
62630,0,0,0,1,1,4.017050,0.502670,7,5,6
62640,0,0,2,3,1,4.016747,0.502641,7,5,6
62650,1,0,1,3,1,4.016467,0.502611,7,5,6
62660,0,0,1,2,1,4.017286,0.502717,7,5,6
62670,0,0,0,0,0,4.016849,0.502670,7,5,6
62680,0,0,0,0,0,4.016891,0.502679,7,5,6
62690,1,0,0,2,1,4.016407,0.502631,7,5,6
62700,0,0,0,0,0,4.016125,0.502601,7,5,6
62710,0,0,0,1,1,4.015792,0.502564,7,5,6
62720,1,0,0,2,1,4.015438,0.502520,7,5,6
62730,0,0,0,1,1,4.015162,0.502490,7,5,6
62740,0,1,2,4,1,4.014970,0.502462,7,5,6
62750,2,2,2,7,1,4.015022,0.502466,7,5,6
62760,0,0,0,0,0,4.014950,0.502448,7,5,6
62770,0,0,0,0,0,4.014470,0.502401,7,5,6
62780,0,1,1,3,1,4.014142,0.502359,7,5,6
62790,1,0,0,2,1,4.013774,0.502317,7,5,6
62800,0,0,0,1,1,4.013412,0.502275,7,5,6
62810,0,1,1,3,1,4.012990,0.502221,7,5,6
62820,0,0,0,0,0,4.012736,0.502189,7,5,6
62830,0,0,0,0,0,4.012763,0.502186,7,5,6
62840,1,1,2,5,1,4.013016,0.502224,7,5,6
62850,0,0,0,1,1,4.012624,0.502191,7,5,6
62860,0,0,0,0,0,4.012304,0.502165,7,5,6
62870,0,0,0,0,0,4.012569,0.502198,7,5,6
62880,2,0,2,5,1,4.012250,0.502153,7,5,6
62890,0,0,0,1,1,4.012174,0.502134,7,5,6
62900,2,1,1,5,1,4.012554,0.502177,7,5,6
62910,0,0,1,2,1,4.012423,0.502158,7,5,6
62920,0,0,0,0,0,4.012271,0.502139,7,5,6
62930,0,0,1,2,1,4.011891,0.502083,7,5,6
62940,0,0,4,5,1,4.011918,0.502081,7,5,6
62950,1,0,0,2,1,4.011903,0.502079,7,5,6
62960,0,0,0,0,0,4.011585,0.502044,7,5,6
62970,4,3,2,10,1,4.011676,0.502052,7,5,6
62980,0,6,1,8,1,4.012232,0.502108,7,5,6
62990,0,0,0,0,0,4.012024,0.502075,7,5,6
63000,4,4,6,15,1,4.012944,0.502166,7,5,6
63010,1,0,0,2,1,4.013397,0.502229,7,5,6
63020,1,1,0,3,1,4.013186,0.502205,7,5,6
63030,2,2,1,6,1,4.013271,0.502211,7,5,6
63040,0,3,4,8,1,4.014045,0.502290,7,5,6
63050,0,0,0,1,1,4.013860,0.502272,7,5,6
63060,0,0,1,2,1,4.013561,0.502238,7,5,6
63070,0,2,2,5,1,4.013355,0.502205,7,5,6
63080,1,2,3,7,1,4.012972,0.502166,7,5,6
63090,2,0,0,3,1,4.013631,0.502242,7,5,6
63100,2,2,2,7,1,4.013349,0.502206,7,5,6
63110,1,0,0,2,1,4.013347,0.502205,7,5,6
63120,1,2,2,6,1,4.012943,0.502157,7,5,6
63130,1,3,1,6,1,4.013005,0.502157,7,5,6
63140,1,0,0,2,1,4.013112,0.502178,7,5,6
63150,0,0,0,0,0,4.013008,0.502160,7,5,6
63160,0,1,0,2,1,4.013119,0.502175,7,5,6
63170,0,0,0,1,1,4.012780,0.502127,7,5,6
63180,0,1,0,2,1,4.012482,0.502084,7,5,6
63190,1,2,1,5,1,4.012273,0.502060,7,5,6
63200,0,0,0,1,1,4.012027,0.502033,7,5,6
63210,0,0,0,1,1,4.011905,0.502022,7,5,6
63220,0,0,0,0,0,4.011460,0.501976,7,5,6
63230,1,5,1,8,1,4.011549,0.501970,7,5,6
63240,0,0,0,0,0,4.012042,0.502036,7,5,6
63250,3,0,0,4,1,4.011662,0.502002,7,5,6
63260,2,0,0,3,1,4.011409,0.501979,7,5,6
63270,2,3,4,10,1,4.012348,0.502083,7,5,6
63280,1,1,0,3,1,4.012917,0.502157,7,5,6
63290,2,8,6,17,1,4.013039,0.502150,7,5,6
63300,2,8,6,17,1,4.015147,0.502409,7,5,6
63310,3,1,1,6,1,4.016925,0.502627,7,5,6
63320,2,0,3,6,1,4.016645,0.502610,7,5,6
63330,6,4,4,15,1,4.016891,0.502636,7,5,6
63340,0,0,0,0,0,4.018012,0.502774,7,5,6
63350,0,0,3,4,1,4.018173,0.502786,7,5,6
63360,0,1,0,2,1,4.017930,0.502755,7,5,6
63370,0,0,0,1,1,4.018148,0.502778,7,5,6
63380,0,0,0,1,1,4.017735,0.502747,7,5,6
63390,0,0,0,1,1,4.017634,0.502748,7,5,6
63400,0,2,0,3,1,4.017635,0.502742,7,5,6
63410,0,0,0,0,0,4.017457,0.502725,7,5,6
63420,0,0,0,1,1,4.017405,0.502715,7,5,6
63430,0,0,0,1,1,4.016946,0.502670,7,5,6
63440,3,2,4,10,1,4.017401,0.502705,7,5,6
63450,1,0,0,2,1,4.017395,0.502714,7,5,6
63460,1,0,1,3,1,4.017038,0.502667,7,5,6
63470,1,0,0,2,1,4.016944,0.502651,7,5,6
63480,0,0,0,0,0,4.016765,0.502632,7,5,6
63490,0,0,0,0,0,4.016819,0.502640,7,5,6
63500,3,0,1,5,1,4.016566,0.502601,7,5,6
63510,1,0,1,3,1,4.016343,0.502581,7,5,6
63520,0,0,1,2,1,4.015946,0.502528,7,5,6
63530,1,0,1,3,1,4.015530,0.502488,7,5,6
63540,4,1,3,9,1,4.015231,0.502450,7,5,6
63550,0,0,0,0,0,4.015977,0.502537,7,5,6
63560,0,0,0,0,0,4.015514,0.502495,7,5,6
63570,0,1,0,2,1,4.015184,0.502463,7,5,6
63580,1,0,1,3,1,4.015416,0.502483,7,5,6
63590,0,1,1,3,1,4.015276,0.502467,7,5,6
63600,3,3,6,13,1,4.016170,0.502564,7,5,6
63610,2,3,0,6,1,4.016358,0.502582,7,5,6
63620,0,1,0,2,1,4.016187,0.502559,7,5,6
63630,0,0,0,1,1,4.015789,0.502518,7,5,6
63640,0,0,0,0,0,4.015457,0.502485,7,5,6
63650,2,2,1,6,1,4.015111,0.502455,7,5,6
63660,0,0,0,1,1,4.015682,0.502522,7,5,6
63670,0,0,0,0,0,4.015771,0.502540,7,5,6
63680,2,1,0,4,1,4.015487,0.502509,7,5,6
63690,0,0,0,1,1,4.015247,0.502477,7,5,6
63700,0,0,0,1,1,4.014899,0.502440,7,5,6
63710,0,0,0,0,0,4.015144,0.502471,7,5,6
63720,0,0,0,0,0,4.014878,0.502445,7,5,6
63730,2,0,4,7,1,4.015030,0.502464,7,5,6
63740,2,0,1,4,1,4.014721,0.502431,7,5,6
63750,1,0,0,2,1,4.014573,0.502415,7,5,6
63760,0,2,0,3,1,4.014436,0.502385,7,5,6
63770,0,2,1,4,1,4.014261,0.502368,7,5,6
63780,3,4,4,12,1,4.014748,0.502419,7,5,6
63790,3,0,0,4,1,4.015553,0.502515,7,5,6
63800,0,0,0,0,0,4.015503,0.502511,7,5,6
63810,2,0,0,3,1,4.015174,0.502480,7,5,6
63820,0,0,0,1,1,4.015108,0.502477,7,5,6
63830,0,1,0,2,1,4.014793,0.502444,7,5,6
63840,0,1,2,4,1,4.014480,0.502415,7,5,6
63850,0,0,0,0,0,4.014891,0.502459,7,5,6
63860,3,1,0,5,1,4.014788,0.502439,7,5,6
63870,1,1,2,5,1,4.014373,0.502390,7,5,6
63880,8,3,4,16,1,4.014689,0.502421,7,5,6
63890,10,4,9,24,1,4.017517,0.502760,7,5,6
63900,1,2,4,8,1,4.018600,0.502897,7,5,6
63910,2,5,2,10,1,4.018876,0.502921,7,5,6
63920,0,0,0,1,1,4.018676,0.502890,7,5,6
63930,0,0,0,0,0,4.018209,0.502847,7,5,6
63940,0,0,0,1,1,4.017895,0.502799,7,5,6
63950,0,0,0,1,1,4.017671,0.502775,7,5,6
63960,0,0,1,2,1,4.017274,0.502728,7,5,6
63970,1,0,0,2,1,4.017341,0.502724,7,5,6
63980,1,0,4,6,1,4.017732,0.502755,7,5,6
63990,2,2,0,5,1,4.017473,0.502721,7,5,6
64000,3,4,2,10,1,4.017841,0.502756,7,5,6
64010,0,1,1,3,1,4.017846,0.502752,7,5,6
64020,1,0,1,3,1,4.017934,0.502755,7,5,6
64030,0,0,0,1,1,4.017963,0.502760,7,5,6
64040,0,0,2,3,1,4.017854,0.502734,7,5,6
64050,0,0,0,1,1,4.017382,0.502693,7,5,6
64060,2,1,5,9,1,4.017811,0.502741,7,5,6
64070,0,0,0,0,0,4.018003,0.502757,7,5,6
64080,0,3,0,4,1,4.017759,0.502720,7,5,6
64090,0,0,0,1,1,4.017447,0.502681,7,5,6
64100,0,0,0,0,0,4.017267,0.502651,7,5,6
64110,0,0,1,2,1,4.016826,0.502606,7,5,6
64120,0,0,0,1,1,4.016713,0.502588,7,5,6
64130,0,0,0,0,0,4.016499,0.502555,7,5,6
64140,5,0,1,7,1,4.016366,0.502538,7,5,6
64150,0,1,2,4,1,4.016741,0.502590,7,5,6
64160,0,0,0,0,0,4.016397,0.502547,7,5,6
64170,3,2,1,7,1,4.016147,0.502517,7,5,6
64180,5,3,1,10,1,4.016300,0.502538,7,5,6
64190,0,0,0,0,0,4.016037,0.502510,7,5,6
64200,0,0,0,1,1,4.016093,0.502509,7,5,6
64210,0,0,0,0,0,4.015699,0.502458,7,5,6
64220,1,0,0,2,1,4.015309,0.502419,7,5,6
64230,0,0,0,1,1,4.014929,0.502379,7,5,6
64240,0,0,0,1,1,4.014512,0.502340,7,5,6
64250,0,0,0,0,0,4.014291,0.502309,7,5,6
64260,0,1,0,2,1,4.014428,0.502315,7,5,6
64270,0,0,0,0,0,4.014075,0.502271,7,5,6
64280,0,0,0,0,0,4.013706,0.502217,7,5,6
64290,0,0,0,0,0,4.013304,0.502168,7,5,6
64300,1,1,1,4,1,4.012854,0.502118,7,5,6
64310,1,1,1,4,1,4.012529,0.502075,7,5,6
64320,0,0,0,0,0,4.012382,0.502046,7,5,6
64330,1,1,0,3,1,4.012389,0.502044,7,5,6
64340,1,1,1,4,1,4.012286,0.502024,7,5,6
64350,0,0,0,1,1,4.011955,0.501984,7,5,6
64360,0,0,0,1,1,4.011556,0.501945,7,5,6
64370,0,2,2,5,1,4.011412,0.501926,7,5,6
64380,1,2,1,5,1,4.011404,0.501917,7,5,6
64390,0,0,1,2,1,4.011822,0.501966,7,5,6
64400,3,1,0,5,1,4.011900,0.501976,7,5,6
64410,1,6,4,12,1,4.012230,0.502005,7,5,6
64420,1,0,1,3,1,4.012328,0.502021,7,5,6
64430,0,0,0,0,0,4.012002,0.501980,7,5,6
64440,0,0,0,1,1,4.011698,0.501948,7,5,6
64450,1,1,1,4,1,4.011658,0.501947,7,5,6
64460,0,0,0,1,1,4.011310,0.501903,7,5,6
64470,2,3,1,7,1,4.010940,0.501863,7,5,6
64480,2,1,2,6,1,4.010719,0.501841,7,5,6
64490,2,5,5,13,1,4.010861,0.501848,7,5,6
64500,3,4,2,10,1,4.011239,0.501893,7,5,6
64510,0,0,0,0,0,4.011196,0.501897,7,5,6
64520,0,0,0,0,0,4.010882,0.501857,7,5,6
64530,1,0,0,2,1,4.010654,0.501827,7,5,6
64540,0,0,0,0,0,4.010400,0.501792,7,5,6
64550,3,0,0,4,1,4.010204,0.501751,7,5,6
64560,5,1,2,9,1,4.010025,0.501718,7,5,6
64570,2,0,3,6,1,4.010985,0.501835,7,5,6
64580,2,2,5,10,1,4.011199,0.501866,7,5,6
64590,6,8,6,21,1,4.013463,0.502131,7,5,6
64600,0,0,0,0,0,4.014442,0.502272,7,5,6
64610,2,1,1,5,1,4.014312,0.502244,7,5,6
64620,3,2,1,7,1,4.013937,0.502203,7,5,6
64630,0,0,0,1,1,4.013700,0.502188,7,5,6
64640,0,0,0,1,1,4.013656,0.502178,7,5,6
64650,0,3,2,6,1,4.013407,0.502143,7,5,6
64660,0,0,0,1,1,4.013679,0.502163,7,5,6
64670,1,2,0,4,1,4.013315,0.502122,7,5,6
64680,5,2,5,13,1,4.013172,0.502094,7,5,6
64690,8,5,4,18,1,4.015322,0.502351,7,5,6
64700,0,0,0,0,0,4.015357,0.502362,7,5,6
64710,1,0,1,3,1,4.015469,0.502382,7,5,6
64720,2,2,5,10,1,4.015395,0.502365,7,5,6
64730,2,2,1,6,1,4.015429,0.502366,7,5,6
64740,0,0,0,0,0,4.015066,0.502335,7,5,6
64750,0,0,0,1,1,4.014859,0.502305,7,5,6
64760,4,1,2,8,1,4.014682,0.502272,7,5,6
64770,0,0,0,0,0,4.014314,0.502233,7,5,6
64780,2,1,2,6,1,4.013946,0.502195,7,5,6
64790,0,0,0,0,0,4.013539,0.502150,7,5,6
64800,1,2,2,6,1,4.013292,0.502117,7,5,6
64810,3,2,1,7,1,4.013010,0.502081,7,5,6
64820,0,0,0,1,1,4.012759,0.502057,7,5,6
64830,8,1,2,12,1,4.012989,0.502073,7,5,6
64840,1,3,1,6,1,4.013072,0.502078,7,5,6
64850,0,0,0,0,0,4.012892,0.502050,7,5,6
64860,0,0,1,2,1,4.012579,0.502007,7,5,6
64870,0,0,0,0,0,4.012258,0.501972,7,5,6
64880,2,3,2,8,1,4.012226,0.501973,7,5,6
64890,0,2,1,4,1,4.012001,0.501955,7,5,6
64900,0,0,0,1,1,4.011573,0.501910,7,5,6
64910,2,0,1,4,1,4.011256,0.501870,7,5,6
64920,0,0,0,1,1,4.011086,0.501851,7,5,6
64930,0,0,0,0,0,4.010846,0.501822,7,5,6
64940,0,0,0,0,0,4.010422,0.501770,7,5,6
64950,0,2,1,4,1,4.010178,0.501740,7,5,6
64960,1,2,0,4,1,4.010416,0.501759,7,5,6
64970,0,0,0,0,0,4.010193,0.501729,7,5,6
64980,4,4,2,11,1,4.010259,0.501726,7,5,6
64990,2,4,0,7,1,4.010664,0.501774,7,5,6
65000,3,4,0,8,1,4.010548,0.501749,7,5,6
65010,2,2,0,5,1,4.010464,0.501735,7,5,6
65020,0,0,1,2,1,4.011038,0.501797,7,5,6
65030,1,1,1,4,1,4.010776,0.501765,7,5,6
65040,0,0,0,0,0,4.011198,0.501812,7,5,6
65050,0,0,0,0,0,4.010998,0.501778,7,5,6
65060,0,0,0,0,0,4.010846,0.501758,7,5,6
65070,0,0,0,1,1,4.010456,0.501719,7,5,6
65080,1,1,0,3,1,4.009981,0.501669,7,5,6
65090,1,2,0,4,1,4.010007,0.501672,7,5,6
65100,8,4,1,14,1,4.010359,0.501714,7,5,6
65110,3,1,4,9,1,4.011944,0.501914,7,5,6
65120,1,2,2,6,1,4.011754,0.501884,7,5,6
65130,1,2,0,4,1,4.011438,0.501844,7,5,6
65140,0,1,1,3,1,4.011457,0.501834,7,5,6
65150,2,2,0,5,1,4.011104,0.501803,7,5,6
65160,0,0,1,2,1,4.010982,0.501779,7,5,6
65170,0,1,1,3,1,4.010653,0.501740,7,5,6
65180,0,0,0,0,0,4.010234,0.501700,7,5,6
65190,4,0,4,9,1,4.011203,0.501820,7,5,6
65200,0,0,0,0,0,4.011715,0.501900,7,5,6
65210,1,2,2,6,1,4.011411,0.501867,7,5,6
65220,2,1,2,6,1,4.012084,0.501951,7,5,6
65230,0,0,0,0,0,4.012446,0.501987,7,5,6
65240,0,0,0,0,0,4.012043,0.501945,7,5,6
65250,2,0,2,5,1,4.011741,0.501913,7,5,6
65260,1,1,1,4,1,4.011432,0.501872,7,5,6
65270,0,0,0,0,0,4.011360,0.501856,7,5,6
65280,0,1,0,2,1,4.011345,0.501854,7,5,6
65290,0,0,1,2,1,4.011096,0.501834,7,5,6
65300,1,0,1,3,1,4.010975,0.501809,7,5,6
65310,7,3,2,13,1,4.010887,0.501792,7,5,6
65320,5,3,2,11,1,4.011056,0.501813,7,5,6
65330,0,0,1,2,1,4.011132,0.501812,7,5,6
65340,0,0,0,1,1,4.011049,0.501795,7,5,6
65350,0,0,0,0,0,4.010793,0.501769,7,5,6
65360,3,1,0,5,1,4.010497,0.501734,7,5,6
65370,3,1,1,6,1,4.010306,0.501710,7,5,6
65380,0,1,5,7,1,4.010066,0.501680,7,5,6
65390,1,0,1,3,1,4.010194,0.501694,7,5,6
65400,3,1,2,7,1,4.011072,0.501797,7,5,6
65410,9,7,5,22,1,4.013071,0.502032,7,5,6
65420,0,0,0,0,0,4.014473,0.502215,7,5,6
65430,1,1,4,7,1,4.014152,0.502182,7,5,6
65440,0,1,0,2,1,4.015201,0.502306,7,5,6
65450,0,0,0,0,0,4.014826,0.502267,7,5,6
65460,0,3,1,5,1,4.015281,0.502307,7,5,6
65470,1,0,1,3,1,4.014980,0.502270,7,5,6
65480,0,2,0,3,1,4.014757,0.502232,7,5,6
65490,1,0,0,2,1,4.014650,0.502217,7,5,6
65500,0,1,0,2,1,4.014607,0.502212,7,5,6
65510,0,0,2,3,1,4.014455,0.502191,7,5,6
65520,0,0,0,1,1,4.014531,0.502201,7,5,6
65530,1,1,0,3,1,4.014181,0.502161,7,5,6
65540,1,1,0,3,1,4.013928,0.502126,7,5,6
65550,0,0,0,1,1,4.013503,0.502082,7,5,6
65560,0,0,0,0,0,4.013572,0.502084,7,5,6
65570,0,0,0,1,1,4.013514,0.502082,7,5,6
65580,1,0,1,3,1,4.013256,0.502052,7,5,6
65590,0,0,0,0,0,4.013137,0.502040,7,5,6
65600,0,0,0,1,1,4.012924,0.502014,7,5,6
65610,0,0,0,1,1,4.012635,0.501985,7,5,6
65620,0,1,2,4,1,4.012217,0.501950,7,5,6
65630,3,1,0,5,1,4.012118,0.501933,7,5,6
65640,0,0,0,1,1,4.011963,0.501918,7,5,6
65650,1,1,2,5,1,4.011715,0.501889,7,5,6
65660,1,1,1,4,1,4.011299,0.501837,7,5,6
65670,0,0,0,0,0,4.011520,0.501867,7,5,6
65680,0,0,0,1,1,4.011276,0.501834,7,5,6
65690,0,0,0,0,0,4.010896,0.501795,7,5,6
65700,0,0,0,1,1,4.010499,0.501746,7,5,6
65710,1,0,0,2,1,4.010645,0.501761,7,5,6
65720,3,3,3,10,1,4.011137,0.501816,7,5,6
65730,0,0,0,1,1,4.012337,0.501959,7,5,6
65740,1,1,1,4,1,4.012081,0.501919,7,5,6
65750,0,2,1,4,1,4.012149,0.501926,7,5,6
65760,1,1,0,3,1,4.011962,0.501905,7,5,6
65770,3,2,3,9,1,4.011638,0.501871,7,5,6
65780,0,0,0,0,0,4.011294,0.501842,7,5,6
65790,1,2,1,5,1,4.011211,0.501821,7,5,6
65800,0,0,0,1,1,4.011516,0.501857,7,5,6
65810,2,2,0,5,1,4.011329,0.501829,7,5,6
65820,0,0,0,1,1,4.010969,0.501792,7,5,6
65830,0,0,1,2,1,4.010730,0.501768,7,5,6
65840,1,0,1,3,1,4.010362,0.501725,7,5,6
65850,0,0,0,1,1,4.009991,0.501669,7,5,6
65860,0,2,3,6,1,4.009806,0.501635,7,5,6
65870,0,0,1,2,1,4.009988,0.501658,7,5,6
65880,1,3,1,6,1,4.009756,0.501624,7,5,6
65890,2,2,2,7,1,4.010210,0.501672,7,5,6
65900,1,0,0,2,1,4.010087,0.501661,7,5,6
65910,3,1,0,5,1,4.009840,0.501638,7,5,6
65920,1,0,1,3,1,4.009515,0.501600,7,5,6
65930,0,0,0,1,1,4.009225,0.501570,7,5,6
65940,1,1,1,4,1,4.009003,0.501539,7,5,6
65950,0,2,0,3,1,4.008724,0.501508,7,5,6
65960,1,0,2,4,1,4.008440,0.501476,7,5,6
65970,0,0,0,0,0,4.008224,0.501452,7,5,6
65980,0,1,1,3,1,4.007762,0.501411,7,5,6
65990,0,0,1,2,1,4.007432,0.501380,7,5,6
66000,0,0,0,1,1,4.007340,0.501373,7,5,6
66010,1,0,0,2,1,4.007694,0.501417,7,5,6
66020,0,2,3,6,1,4.007512,0.501389,7,5,6
66030,0,0,0,1,1,4.007539,0.501396,7,5,6
66040,0,0,1,2,1,4.007214,0.501352,7,5,6
66050,0,0,0,0,0,4.007080,0.501342,7,5,6
66060,0,0,0,0,0,4.006799,0.501298,7,5,6
66070,1,2,0,4,1,4.006426,0.501258,7,5,6
66080,0,2,0,3,1,4.006090,0.501227,7,5,6
66090,0,0,1,2,1,4.005664,0.501172,7,5,6
66100,2,0,0,3,1,4.005717,0.501173,7,5,6
66110,1,1,0,3,1,4.006331,0.501243,7,5,6
66120,6,1,4,12,1,4.006237,0.501229,7,5,6
66130,6,7,6,20,1,4.008453,0.501504,7,5,6
66140,4,3,6,14,1,4.011116,0.501816,7,5,6
66150,0,0,0,0,0,4.011460,0.501867,7,5,6
66160,0,0,0,0,0,4.011428,0.501861,7,5,6
66170,0,0,0,0,0,4.011092,0.501819,7,5,6
66180,0,0,0,0,0,4.011078,0.501800,7,5,6
66190,3,1,2,7,1,4.010721,0.501753,7,5,6
66200,1,1,1,4,1,4.010719,0.501754,7,5,6
66210,1,1,1,4,1,4.010984,0.501765,7,5,6
66220,0,0,0,1,1,4.010639,0.501726,7,5,6
66230,0,0,0,1,1,4.010573,0.501704,7,5,6
66240,1,0,0,2,1,4.010361,0.501683,7,5,6
66250,2,3,2,8,1,4.010392,0.501675,7,5,6
66260,0,0,0,0,0,4.010306,0.501669,7,5,6
66270,0,0,0,0,0,4.010316,0.501661,7,5,6
66280,0,0,0,1,1,4.010288,0.501661,7,5,6
66290,0,1,0,2,1,4.010330,0.501658,7,5,6
66300,7,4,0,12,1,4.011425,0.501782,7,5,6
66310,0,0,0,0,0,4.011811,0.501835,7,5,6
66320,1,2,2,6,1,4.011409,0.501788,7,5,6
66330,0,0,0,0,0,4.011430,0.501778,7,5,6
66340,1,1,0,3,1,4.012418,0.501904,7,5,6
66350,0,0,1,2,1,4.012055,0.501864,7,5,6
66360,0,1,0,2,1,4.011757,0.501831,7,5,6
66370,0,0,0,1,1,4.011594,0.501809,7,5,6
66380,0,2,1,4,1,4.011245,0.501769,7,5,6
66390,0,0,0,0,0,4.011248,0.501770,7,5,6
66400,4,1,4,10,1,4.011203,0.501752,7,5,6
66410,1,0,0,2,1,4.010959,0.501730,7,5,6
66420,0,3,0,4,1,4.011211,0.501761,7,5,6
66430,2,1,1,5,1,4.011214,0.501754,7,5,6
66440,0,0,1,2,1,4.012538,0.501917,7,5,6
66450,0,3,4,8,1,4.012512,0.501898,7,5,6
66460,0,0,0,1,1,4.012393,0.501889,7,5,6
66470,0,0,0,0,0,4.011983,0.501850,7,5,6
66480,0,0,0,0,0,4.012023,0.501844,7,5,6
66490,0,1,1,3,1,4.011729,0.501806,7,5,6
66500,2,2,2,7,1,4.011540,0.501791,7,5,6
66510,0,0,0,1,1,4.011672,0.501809,7,5,6
66520,0,0,0,0,0,4.011357,0.501784,7,5,6
66530,0,0,0,1,1,4.011204,0.501762,7,5,6
66540,1,0,0,2,1,4.010950,0.501729,7,5,6
66550,3,1,5,10,1,4.010928,0.501716,7,5,6
66560,0,1,0,2,1,4.012100,0.501858,7,5,6
66570,1,4,1,7,1,4.011802,0.501824,7,5,6
66580,0,0,0,0,0,4.011633,0.501813,7,5,6
66590,0,0,0,0,0,4.011357,0.501796,7,5,6
66600,0,1,1,3,1,4.011419,0.501797,7,5,6
66610,0,0,0,0,0,4.011341,0.501793,7,5,6
66620,0,1,0,2,1,4.011740,0.501832,7,5,6
66630,0,0,0,0,0,4.011854,0.501840,7,5,6
66640,0,0,0,0,0,4.011767,0.501815,7,5,6
66650,0,0,0,1,1,4.011479,0.501779,7,5,6
66660,0,0,0,1,1,4.011524,0.501793,7,5,6
66670,3,4,3,11,1,4.011414,0.501781,7,5,6
66680,0,0,1,2,1,4.011379,0.501778,7,5,6
66690,3,1,0,5,1,4.011404,0.501785,7,5,6
66700,2,0,1,4,1,4.011300,0.501765,7,5,6
66710,0,0,0,0,0,4.010956,0.501722,7,5,6
66720,0,0,0,0,0,4.010768,0.501697,7,5,6
66730,1,4,1,7,1,4.010394,0.501649,7,5,6
66740,0,0,0,1,1,4.010148,0.501630,7,5,6
66750,3,3,0,7,1,4.010686,0.501690,7,5,6
66760,1,1,2,5,1,4.010588,0.501679,7,5,6
66770,0,1,3,5,1,4.010932,0.501716,7,5,6
66780,0,0,0,0,0,4.011479,0.501791,7,5,6
66790,0,0,0,1,1,4.011121,0.501753,7,5,6
66800,0,0,0,0,0,4.011014,0.501736,7,5,6
66810,0,0,0,0,0,4.010606,0.501701,7,5,6
66820,1,1,1,4,1,4.010594,0.501699,7,5,6
66830,0,0,0,0,0,4.010242,0.501654,7,5,6
66840,0,0,0,1,1,4.010051,0.501635,7,5,6
66850,3,3,1,8,1,4.011052,0.501759,7,5,6
66860,0,0,0,0,0,4.011068,0.501762,7,5,6
66870,1,2,2,6,1,4.010871,0.501733,7,5,6
66880,0,0,0,1,1,4.010563,0.501693,7,5,6
66890,0,0,1,2,1,4.010176,0.501641,7,5,6
66900,2,1,1,5,1,4.010085,0.501621,7,5,6
66910,1,3,2,7,1,4.010045,0.501605,7,5,6
66920,1,0,0,2,1,4.010450,0.501648,7,5,6
66930,0,0,1,2,1,4.010080,0.501613,7,5,6
66940,1,1,1,4,1,4.009825,0.501586,7,5,6
66950,0,0,0,1,1,4.009767,0.501576,7,5,6
66960,0,1,0,2,1,4.009555,0.501551,7,5,6
66970,0,0,0,1,1,4.009271,0.501520,7,5,6
66980,0,0,0,0,0,4.008991,0.501485,7,5,6
66990,0,0,4,5,1,4.009084,0.501486,7,5,6
67000,0,0,1,2,1,4.008741,0.501457,7,5,6
67010,0,0,0,0,0,4.008769,0.501478,7,5,6
67020,1,1,1,4,1,4.008651,0.501467,7,5,6
67030,0,0,0,1,1,4.008690,0.501473,7,5,6
67040,3,3,4,11,1,4.008593,0.501468,7,5,6
67050,3,1,1,6,1,4.009459,0.501560,7,5,6
67060,2,1,0,4,1,4.009220,0.501542,7,5,6
67070,0,1,0,2,1,4.008852,0.501504,7,5,6
67080,0,0,1,2,1,4.008615,0.501478,7,5,6
67090,1,1,0,3,1,4.009390,0.501564,7,5,6
67100,1,2,0,4,1,4.008995,0.501526,7,5,6
67110,0,1,1,3,1,4.008607,0.501486,7,5,6
67120,0,1,0,2,1,4.008610,0.501501,7,5,6
67130,3,1,2,7,1,4.008266,0.501453,7,5,6
67140,3,1,2,7,1,4.008469,0.501468,7,5,6
67150,0,0,0,0,0,4.008809,0.501503,7,5,6
67160,0,0,0,0,0,4.008687,0.501495,7,5,6
67170,0,0,1,2,1,4.008267,0.501454,7,5,6
67180,0,0,0,0,0,4.008052,0.501429,7,5,6
67190,2,3,0,6,1,4.007965,0.501428,7,5,6
67200,0,0,0,0,0,4.007522,0.501394,7,5,6
67210,3,9,5,18,1,4.008231,0.501478,7,5,6
67220,5,8,6,20,1,4.010649,0.501776,7,5,6
67230,1,2,1,5,1,4.011543,0.501891,7,5,6
67240,4,0,1,6,1,4.011325,0.501863,7,5,6
67250,0,0,0,0,0,4.011667,0.501906,7,5,6
67260,1,1,1,4,1,4.011353,0.501862,7,5,6
67270,3,3,3,10,1,4.012543,0.502004,7,5,6
67280,1,4,3,9,1,4.012387,0.501985,7,5,6
67290,0,0,0,0,0,4.012091,0.501942,7,5,6
67300,3,1,0,5,1,4.012649,0.502013,7,5,6
67310,0,1,0,2,1,4.012923,0.502047,7,5,6
67320,5,1,5,12,1,4.012567,0.501999,7,5,6
67330,2,0,1,4,1,4.012311,0.501963,7,5,6
67340,0,0,0,0,0,4.012041,0.501935,7,5,6
67350,1,0,1,3,1,4.011966,0.501932,7,5,6
67360,0,0,0,0,0,4.011970,0.501927,7,5,6
67370,0,0,1,2,1,4.011538,0.501879,7,5,6
67380,3,5,1,10,1,4.011809,0.501897,7,5,6
67390,4,4,2,11,1,4.012326,0.501955,7,5,6
67400,2,1,2,6,1,4.012992,0.502030,7,5,6
67410,0,2,0,3,1,4.012687,0.502003,7,5,6
67420,0,2,0,3,1,4.012308,0.501970,7,5,6
67430,1,1,0,3,1,4.011953,0.501932,7,5,6
67440,4,2,1,8,1,4.011672,0.501899,7,5,6
67450,0,0,0,1,1,4.011468,0.501886,7,5,6
67460,0,0,0,0,0,4.011307,0.501853,7,5,6
67470,0,0,0,1,1,4.011014,0.501803,7,5,6
67480,0,1,0,2,1,4.010642,0.501767,7,5,6
67490,0,0,0,0,0,4.010432,0.501751,7,5,6
67500,1,0,0,2,1,4.010162,0.501715,7,5,6
67510,2,1,2,6,1,4.010006,0.501706,7,5,6
67520,0,2,1,4,1,4.009900,0.501696,7,5,6
67530,2,3,4,10,1,4.009640,0.501670,7,5,6
67540,3,1,3,8,1,4.009599,0.501650,7,5,6
67550,1,0,1,3,1,4.009391,0.501630,7,5,6
67560,1,0,0,2,1,4.009378,0.501631,7,5,6
67570,1,0,2,4,1,4.009691,0.501661,7,5,6
67580,2,3,4,10,1,4.009345,0.501625,7,5,6
67590,1,0,1,3,1,4.009517,0.501660,7,5,6
67600,0,0,0,0,0,4.009232,0.501634,7,5,6
67610,0,0,0,0,0,4.009109,0.501614,7,5,6
67620,0,1,4,6,1,4.008880,0.501590,7,5,6
67630,0,0,0,1,1,4.008884,0.501594,7,5,6
67640,0,0,0,0,0,4.008490,0.501554,7,5,6
67650,1,1,1,4,1,4.008402,0.501541,7,5,6
67660,0,0,0,1,1,4.008240,0.501514,7,5,6
67670,0,2,1,4,1,4.007906,0.501474,7,5,6
67680,0,1,1,3,1,4.007770,0.501451,7,5,6
67690,0,4,4,9,1,4.007467,0.501414,7,5,6
67700,0,0,0,1,1,4.007196,0.501387,7,5,6
67710,1,0,3,5,1,4.007042,0.501354,7,5,6
67720,0,0,0,1,1,4.006856,0.501330,7,5,6
67730,2,2,0,5,1,4.006513,0.501300,7,5,6
67740,2,5,3,11,1,4.006970,0.501353,7,5,6
67750,2,0,0,3,1,4.006840,0.501344,7,5,6
67760,4,2,1,8,1,4.007368,0.501409,7,5,6
67770,1,3,0,5,1,4.007236,0.501385,7,5,6
67780,0,1,0,2,1,4.007239,0.501382,7,5,6
67790,0,0,0,0,0,4.006858,0.501327,7,5,6
67800,5,2,4,12,1,4.007032,0.501339,7,5,6
67810,4,7,9,21,1,4.009081,0.501581,7,5,6
67820,2,2,3,8,1,4.012769,0.502032,7,5,6
67830,3,1,0,5,1,4.012863,0.502046,7,5,6
67840,0,0,0,1,1,4.012718,0.502031,7,5,6
67850,0,0,0,0,0,4.012691,0.502024,7,5,6
67860,2,5,2,10,1,4.012457,0.501988,7,5,6
67870,0,0,0,0,0,4.012309,0.501966,7,5,6
67880,1,3,0,5,1,4.012378,0.501960,7,5,6
67890,0,0,0,1,1,4.012487,0.501981,7,5,6
67900,1,2,1,5,1,4.012764,0.502005,7,5,6
67910,0,0,0,0,0,4.012398,0.501966,7,5,6
67920,2,0,0,3,1,4.012495,0.501967,7,5,6
67930,1,1,1,4,1,4.012419,0.501966,7,5,6
67940,1,2,3,7,1,4.012157,0.501938,7,5,6
67950,0,0,0,1,1,4.011780,0.501891,7,5,6
67960,1,2,2,6,1,4.012203,0.501939,7,5,6
67970,0,0,0,0,0,4.012554,0.501984,7,5,6
67980,0,0,0,1,1,4.012562,0.501980,7,5,6
67990,0,0,1,2,1,4.012291,0.501955,7,5,6
68000,0,0,0,0,0,4.011993,0.501922,7,5,6
68010,1,0,0,2,1,4.011648,0.501888,7,5,6
68020,1,2,2,6,1,4.011600,0.501881,7,5,6
68030,0,0,0,1,1,4.011314,0.501853,7,5,6
68040,9,8,5,23,1,4.011759,0.501897,7,5,6
68050,3,5,5,14,1,4.013307,0.502094,7,5,6
68060,2,1,0,4,1,4.013201,0.502081,7,5,6
68070,0,0,0,1,1,4.012963,0.502056,7,5,6
68080,7,1,1,10,1,4.013009,0.502061,7,5,6
68090,0,0,1,2,1,4.013848,0.502150,7,5,6
68100,0,0,0,1,1,4.013522,0.502114,7,5,6
68110,0,0,1,2,1,4.013915,0.502165,7,5,6
68120,0,0,0,1,1,4.013512,0.502118,7,5,6
68130,0,0,0,1,1,4.013163,0.502072,7,5,6
68140,1,4,1,7,1,4.014228,0.502200,7,5,6
68150,0,1,0,2,1,4.014023,0.502175,7,5,6
68160,0,0,0,0,0,4.014336,0.502216,7,5,6
68170,1,3,2,7,1,4.014016,0.502177,7,5,6
68180,0,0,0,0,0,4.013925,0.502177,7,5,6
68190,0,0,0,1,1,4.013525,0.502145,7,5,6
68200,2,2,2,7,1,4.013483,0.502126,7,5,6
68210,3,0,0,4,1,4.013451,0.502123,7,5,6
68220,0,0,0,0,0,4.013228,0.502085,7,5,6
68230,0,0,0,1,1,4.013029,0.502068,7,5,6
68240,0,0,0,0,0,4.012651,0.502036,7,5,6
68250,0,1,0,2,1,4.012459,0.502014,7,5,6
68260,0,1,0,2,1,4.012375,0.501993,7,5,6
68270,0,0,0,0,0,4.012074,0.501961,7,5,6
68280,2,2,1,6,1,4.012072,0.501965,7,5,6
68290,0,0,0,1,1,4.012586,0.502027,7,5,6
68300,0,0,0,0,0,4.012489,0.502003,7,5,6
68310,0,2,0,3,1,4.012201,0.501972,7,5,6
68320,0,0,0,0,0,4.012027,0.501945,7,5,6
68330,0,0,0,0,0,4.011727,0.501925,7,5,6
68340,1,3,3,8,1,4.011931,0.501933,7,5,6
68350,3,3,4,11,1,4.013829,0.502158,7,5,6
68360,0,1,0,2,1,4.013693,0.502157,7,5,6
68370,2,4,2,9,1,4.013339,0.502108,7,5,6
68380,0,0,0,1,1,4.013205,0.502094,7,5,6
68390,0,0,0,0,0,4.013331,0.502100,7,5,6
68400,0,0,0,0,0,4.013168,0.502078,7,5,6
68410,0,0,0,0,0,4.012849,0.502048,7,5,6
68420,6,1,8,16,1,4.013875,0.502169,7,5,6
68430,0,0,0,0,0,4.014011,0.502196,7,5,6
68440,0,0,0,0,0,4.013998,0.502190,7,5,6
68450,0,0,0,0,0,4.013597,0.502148,7,5,6
68460,1,1,0,3,1,4.013620,0.502147,7,5,6
68470,1,2,1,5,1,4.013587,0.502147,7,5,6
68480,0,0,0,0,0,4.013167,0.502118,7,5,6
68490,1,2,1,5,1,4.013087,0.502100,7,5,6
68500,1,0,1,3,1,4.012791,0.502061,7,5,6
68510,0,0,0,1,1,4.012520,0.502029,7,5,6
68520,1,0,3,5,1,4.012403,0.502005,7,5,6
68530,4,3,1,9,1,4.012154,0.501982,7,5,6
68540,0,0,0,1,1,4.012267,0.501993,7,5,6
68550,0,0,2,3,1,4.012419,0.502004,7,5,6
68560,0,0,1,2,1,4.012176,0.501970,7,5,6
68570,0,2,1,4,1,4.011910,0.501943,7,5,6
68580,6,2,2,11,1,4.011831,0.501929,7,5,6
68590,0,0,0,0,0,4.012063,0.501960,7,5,6
68600,1,0,1,3,1,4.011858,0.501930,7,5,6
68610,0,0,0,1,1,4.011513,0.501895,7,5,6
68620,0,0,0,0,0,4.011298,0.501875,7,5,6
68630,0,0,0,1,1,4.011075,0.501845,7,5,6
68640,2,0,2,5,1,4.010866,0.501818,7,5,6
68650,0,0,0,1,1,4.010875,0.501819,7,5,6
68660,0,0,0,1,1,4.010657,0.501794,7,5,6
68670,0,0,0,0,0,4.010344,0.501751,7,5,6
68680,0,0,1,2,1,4.010332,0.501743,7,5,6
68690,2,1,3,7,1,4.010193,0.501721,7,5,6
68700,1,0,0,2,1,4.010135,0.501728,7,5,6
68710,0,0,0,0,0,4.010294,0.501749,7,5,6
68720,0,0,0,0,0,4.009966,0.501713,7,5,6
68730,0,0,0,1,1,4.010362,0.501748,7,5,6
68740,0,0,0,1,1,4.009963,0.501700,7,5,6
68750,0,0,1,2,1,4.010069,0.501707,7,5,6
68760,2,4,5,12,1,4.010081,0.501712,7,5,6
68770,0,0,1,2,1,4.009981,0.501704,7,5,6
68780,2,2,3,8,1,4.009719,0.501671,7,5,6
68790,0,0,0,1,1,4.009534,0.501664,7,5,6
68800,0,1,0,2,1,4.009748,0.501691,7,5,6
68810,1,0,0,2,1,4.009316,0.501640,7,5,6
68820,1,0,0,2,1,4.009049,0.501604,7,5,6
68830,0,0,0,1,1,4.008662,0.501569,7,5,6
68840,0,0,0,0,0,4.008436,0.501545,7,5,6
68850,1,0,1,3,1,4.008203,0.501512,7,5,6
68860,0,0,0,0,0,4.008289,0.501529,7,5,6
68870,0,0,0,0,0,4.008018,0.501497,7,5,6
68880,1,0,0,2,1,4.007791,0.501462,7,5,6
68890,3,4,2,10,1,4.007974,0.501492,7,5,6
68900,0,1,0,2,1,4.008030,0.501488,7,5,6
68910,1,0,1,3,1,4.007651,0.501456,7,5,6
68920,0,2,1,4,1,4.007275,0.501411,7,5,6
68930,3,1,2,7,1,4.007152,0.501399,7,5,6
68940,0,1,0,2,1,4.007102,0.501382,7,5,6
68950,0,0,0,0,0,4.006692,0.501328,7,5,6
68960,9,6,3,19,1,4.007166,0.501371,7,5,6
68970,1,0,0,2,1,4.008470,0.501522,7,5,6
68980,0,0,0,1,1,4.008455,0.501521,7,5,6
68990,0,1,0,2,1,4.008086,0.501481,7,5,6
69000,0,1,2,4,1,4.007729,0.501438,7,5,6
69010,0,0,0,0,0,4.007337,0.501402,7,5,6
69020,1,0,0,2,1,4.007032,0.501359,7,5,6
69030,4,4,3,12,1,4.006881,0.501326,7,5,6
69040,0,0,1,2,1,4.007863,0.501436,7,5,6
69050,7,5,3,16,1,4.008399,0.501482,7,5,6
69060,0,0,0,0,0,4.009739,0.501643,7,5,6
69070,2,1,4,8,1,4.009374,0.501599,7,5,6
69080,0,2,0,3,1,4.009147,0.501575,7,5,6
69090,0,0,0,0,0,4.008795,0.501530,7,5,6
69100,1,0,0,2,1,4.008690,0.501514,7,5,6
69110,2,0,1,4,1,4.008413,0.501477,7,5,6
69120,1,6,1,9,1,4.008573,0.501500,7,5,6
69130,1,6,4,12,1,4.008884,0.501530,7,5,6
69140,2,1,3,7,1,4.008983,0.501541,7,5,6
69150,3,2,1,7,1,4.008984,0.501541,7,5,6
69160,0,0,0,0,0,4.008624,0.501522,7,5,6
69170,5,3,5,14,1,4.009641,0.501641,7,5,6
69180,2,9,4,16,1,4.010931,0.501784,7,5,6
69190,1,7,3,12,1,4.010828,0.501779,7,5,6
69200,0,0,0,1,1,4.010960,0.501790,7,5,6
69210,2,2,3,8,1,4.010888,0.501778,7,5,6
69220,0,0,0,0,0,4.010711,0.501767,7,5,6
69230,4,1,4,10,1,4.010566,0.501743,7,5,6
69240,1,3,0,5,1,4.010498,0.501741,7,5,6
69250,0,0,1,2,1,4.010428,0.501738,7,5,6
69260,0,0,0,1,1,4.010118,0.501702,7,5,6
69270,3,3,0,7,1,4.010039,0.501684,7,5,6
69280,0,1,0,2,1,4.010996,0.501790,7,5,6
69290,2,1,0,4,1,4.010699,0.501769,7,5,6
69300,4,4,5,14,1,4.011538,0.501858,7,5,6
69310,1,1,1,4,1,4.011614,0.501867,7,5,6
69320,8,2,7,18,1,4.011465,0.501835,7,5,6
69330,0,0,0,0,0,4.012965,0.502030,7,5,6
69340,0,1,1,3,1,4.012610,0.501992,7,5,6
69350,2,3,1,7,1,4.012279,0.501961,7,5,6
69360,3,2,0,6,1,4.012668,0.501998,7,5,6
69370,1,2,2,6,1,4.013069,0.502043,7,5,6
69380,0,0,0,0,0,4.013450,0.502085,7,5,6
69390,0,0,0,0,0,4.013306,0.502063,7,5,6
69400,0,0,0,0,0,4.013121,0.502046,7,5,6
69410,0,1,0,2,1,4.012734,0.502000,7,5,6
69420,0,0,0,0,0,4.012756,0.501990,7,5,6
69430,0,1,1,3,1,4.012502,0.501963,7,5,6
69440,0,0,0,0,0,4.012181,0.501929,7,5,6
69450,0,0,0,0,0,4.013114,0.502047,7,5,6
69460,1,0,2,4,1,4.012776,0.502004,7,5,6
69470,1,1,1,4,1,4.012665,0.501995,7,5,6
69480,3,3,1,8,1,4.014301,0.502191,7,5,6
69490,2,1,0,4,1,4.015544,0.502342,7,5,6
69500,5,1,2,9,1,4.015756,0.502373,7,5,6
69510,0,1,2,4,1,4.016217,0.502426,7,5,6
69520,0,1,0,2,1,4.016200,0.502426,7,5,6
69530,0,0,0,0,0,4.015812,0.502397,7,5,6
69540,0,0,2,3,1,4.015827,0.502396,7,5,6
69550,0,0,0,1,1,4.015926,0.502397,7,5,6
69560,1,5,2,9,1,4.016100,0.502410,7,5,6
69570,0,0,2,3,1,4.016126,0.502408,7,5,6
69580,9,3,7,20,1,4.016651,0.502472,7,5,6
69590,3,4,3,11,1,4.018119,0.502662,7,5,6
69600,1,2,1,5,1,4.018813,0.502743,7,5,6
69610,1,1,0,3,1,4.018728,0.502733,7,5,6
69620,3,2,2,8,1,4.018615,0.502714,7,5,6
69630,0,0,0,0,0,4.019494,0.502820,7,5,6
69640,2,0,1,4,1,4.019212,0.502790,7,5,6
69650,0,0,2,3,1,4.018998,0.502765,7,5,6
69660,4,1,1,7,1,4.018972,0.502754,7,5,6
69670,2,2,1,6,1,4.018913,0.502747,7,5,6
69680,1,4,1,7,1,4.018915,0.502734,7,5,6
69690,0,1,1,3,1,4.019795,0.502835,7,5,6
69700,4,2,3,10,1,4.020052,0.502860,7,5,6
69710,0,0,0,0,0,4.020264,0.502886,7,5,6
69720,5,0,6,12,1,4.020224,0.502877,7,5,6
69730,0,0,0,1,1,4.020689,0.502935,7,5,6
69740,3,3,3,10,1,4.020884,0.502954,7,5,6
69750,0,1,0,2,1,4.020672,0.502943,7,5,6
69760,1,6,2,10,1,4.020672,0.502935,7,5,6
69770,0,0,2,3,1,4.020493,0.502925,7,5,6
69780,1,1,1,4,1,4.020392,0.502913,7,5,6
69790,2,2,6,11,1,4.020285,0.502898,7,5,6
69800,2,1,2,6,1,4.020975,0.502979,7,5,6
69810,0,0,0,1,1,4.020746,0.502948,7,5,6
69820,0,1,1,3,1,4.020498,0.502923,7,5,6
69830,0,0,0,1,1,4.020266,0.502885,7,5,6
69840,3,1,3,8,1,4.020421,0.502896,7,5,6
69850,0,0,0,0,0,4.020324,0.502889,7,5,6
69860,2,1,5,9,1,4.020300,0.502877,7,5,6
69870,0,0,0,1,1,4.020168,0.502866,7,5,6
69880,1,0,0,2,1,4.020114,0.502854,7,5,6
69890,0,0,0,1,1,4.019716,0.502820,7,5,6
69900,0,0,0,1,1,4.019486,0.502793,7,5,6
69910,0,0,0,1,1,4.019291,0.502765,7,5,6
69920,0,0,0,0,0,4.018910,0.502730,7,5,6
69930,0,0,0,0,0,4.018614,0.502705,7,5,6
69940,0,0,0,1,1,4.018803,0.502727,7,5,6
69950,6,9,2,18,1,4.019696,0.502816,7,5,6
69960,0,1,3,5,1,4.021389,0.503027,7,5,6
69970,1,2,4,8,1,4.021356,0.503020,7,5,6
69980,0,0,0,0,0,4.021330,0.503023,7,5,6
69990,2,0,1,4,1,4.021081,0.502990,7,5,6
70000,3,6,3,13,1,4.021641,0.503044,7,5,6
70010,0,0,0,0,0,4.022274,0.503120,7,5,6
70020,1,0,0,2,1,4.021940,0.503080,7,5,6
70030,12,11,9,33,1,4.024084,0.503321,7,5,6
70040,1,1,0,3,1,4.026008,0.503566,7,5,6
70050,0,0,0,1,1,4.025664,0.503526,7,5,6
70060,0,1,0,2,1,4.025230,0.503474,7,5,6
70070,2,1,1,5,1,4.024851,0.503440,7,5,6
70080,0,0,0,1,1,4.024659,0.503413,7,5,6
70090,0,0,0,0,0,4.024421,0.503391,7,5,6
70100,1,0,2,4,1,4.024174,0.503365,7,5,6
70110,0,3,1,5,1,4.023925,0.503329,7,5,6
70120,6,2,3,12,1,4.024743,0.503420,7,5,6
70130,0,2,0,3,1,4.024553,0.503411,7,5,6
70140,0,0,0,0,0,4.024139,0.503378,7,5,6
70150,1,0,1,3,1,4.023812,0.503347,7,5,6
70160,7,9,2,19,1,4.024992,0.503477,7,5,6
70170,2,2,6,11,1,4.026780,0.503701,7,5,6
70180,6,7,4,18,1,4.028362,0.503896,7,5,6
70190,0,3,1,5,1,4.029009,0.503983,7,5,6
70200,1,0,1,3,1,4.028772,0.503962,7,5,6
70210,0,1,0,2,1,4.028570,0.503945,7,5,6
70220,2,1,1,5,1,4.028328,0.503908,7,5,6
70230,0,0,0,0,0,4.028115,0.503885,7,5,6
70240,0,0,0,1,1,4.027968,0.503866,7,5,6
70250,2,1,4,8,1,4.027724,0.503829,7,5,6
70260,2,1,4,8,1,4.027846,0.503835,7,5,6
70270,0,0,0,0,0,4.027909,0.503850,7,5,6
70280,1,0,2,4,1,4.027867,0.503845,7,5,6
70290,6,6,6,19,1,4.028048,0.503864,7,5,6
70300,2,0,3,6,1,4.028447,0.503909,7,5,6
70310,0,1,1,3,1,4.028167,0.503875,7,5,6
70320,1,1,2,5,1,4.028139,0.503867,7,5,6
70330,0,0,0,0,0,4.027791,0.503822,7,5,6
70340,0,0,1,2,1,4.027692,0.503801,7,5,6
70350,1,0,1,3,1,4.027352,0.503763,7,5,6
70360,0,0,0,1,1,4.027498,0.503785,7,5,6
70370,0,0,3,4,1,4.027179,0.503745,7,5,6
70380,0,0,0,0,0,4.027097,0.503741,7,5,6
70390,0,0,0,1,1,4.026786,0.503699,7,5,6
70400,0,0,0,1,1,4.026547,0.503673,7,5,6
70410,0,0,0,1,1,4.026178,0.503634,7,5,6
70420,0,0,0,1,1,4.026165,0.503628,7,5,6
70430,4,1,2,8,1,4.026043,0.503604,7,5,6
70440,3,3,3,10,1,4.027063,0.503720,7,5,6
70450,0,0,0,1,1,4.027024,0.503715,7,5,6
70460,1,0,0,2,1,4.026798,0.503688,7,5,6
70470,3,2,2,8,1,4.026567,0.503657,7,5,6
70480,0,0,0,0,0,4.026710,0.503684,7,5,6
70490,0,0,0,0,0,4.026440,0.503652,7,5,6
70500,0,1,1,3,1,4.026314,0.503636,7,5,6
70510,3,2,3,9,1,4.026667,0.503665,7,5,6
70520,2,3,2,8,1,4.026769,0.503675,7,5,6
70530,0,0,0,1,1,4.026638,0.503663,7,5,6
70540,1,2,1,5,1,4.026823,0.503680,7,5,6
70550,0,0,0,1,1,4.026617,0.503664,7,5,6
70560,1,2,1,5,1,4.026280,0.503624,7,5,6
70570,2,0,1,4,1,4.026214,0.503610,7,5,6
70580,0,0,0,1,1,4.026598,0.503658,7,5,6
70590,1,0,1,3,1,4.026614,0.503652,7,5,6
70600,1,1,1,4,1,4.026450,0.503631,7,5,6
70610,0,0,0,0,0,4.026110,0.503598,7,5,6
70620,0,0,2,3,1,4.025955,0.503574,7,5,6
70630,5,2,0,8,1,4.025917,0.503560,7,5,6
70640,0,0,0,0,0,4.026349,0.503624,7,5,6
70650,0,0,2,3,1,4.026139,0.503609,7,5,6
70660,2,0,1,4,1,4.025972,0.503584,7,5,6
70670,0,0,0,0,0,4.026026,0.503585,7,5,6
70680,0,0,0,0,0,4.025953,0.503572,7,5,6
70690,1,1,0,3,1,4.025739,0.503545,7,5,6
70700,0,0,0,0,0,4.025480,0.503513,7,5,6
70710,0,0,0,0,0,4.025179,0.503475,7,5,6
70720,0,0,2,3,1,4.024847,0.503446,7,5,6
70730,0,0,0,0,0,4.024628,0.503412,7,5,6
70740,0,0,0,1,1,4.024619,0.503411,7,5,6
70750,4,4,1,10,1,4.024614,0.503407,7,5,6
70760,0,0,1,2,1,4.024298,0.503373,7,5,6
70770,0,0,2,3,1,4.024106,0.503348,7,5,6
70780,0,0,0,0,0,4.023742,0.503317,7,5,6
70790,3,1,0,5,1,4.023388,0.503273,7,5,6
70800,0,0,1,2,1,4.023016,0.503237,7,5,6
70810,0,0,0,0,0,4.022788,0.503203,7,5,6
70820,0,0,0,0,0,4.022346,0.503164,7,5,6
70830,0,0,0,1,1,4.022082,0.503132,7,5,6
70840,1,3,4,9,1,4.022059,0.503115,7,5,6
70850,2,3,4,10,1,4.022297,0.503140,7,5,6
70860,0,0,1,2,1,4.023022,0.503234,7,5,6
70870,3,3,2,9,1,4.023169,0.503249,7,5,6
70880,1,0,0,2,1,4.023021,0.503237,7,5,6
70890,0,0,0,1,1,4.022815,0.503204,7,5,6
70900,2,4,4,11,1,4.022713,0.503206,7,5,6
70910,2,2,3,8,1,4.022842,0.503209,7,5,6
70920,1,0,1,3,1,4.022455,0.503175,7,5,6
70930,0,0,0,0,0,4.022097,0.503135,7,5,6
70940,1,0,0,2,1,4.021898,0.503114,7,5,6
70950,3,1,3,8,1,4.021520,0.503073,7,5,6
70960,4,3,4,12,1,4.021869,0.503117,7,5,6
70970,0,0,0,0,0,4.022311,0.503186,7,5,6
70980,6,6,6,19,1,4.023727,0.503334,7,5,6
70990,0,1,0,2,1,4.023735,0.503352,7,5,6
71000,0,0,0,0,0,4.023581,0.503324,7,5,6
71010,0,0,0,0,0,4.023258,0.503292,7,5,6
71020,0,0,0,0,0,4.023027,0.503251,7,5,6
71030,2,1,1,5,1,4.022909,0.503242,7,5,6
71040,0,0,0,0,0,4.022833,0.503224,7,5,6
71050,0,0,0,1,1,4.022660,0.503205,7,5,6
71060,0,0,0,1,1,4.022706,0.503210,7,5,6
71070,0,0,1,2,1,4.022541,0.503192,7,5,6
71080,0,0,2,3,1,4.022485,0.503174,7,5,6
71090,0,0,0,1,1,4.022218,0.503143,7,5,6
71100,2,4,2,9,1,4.022433,0.503167,7,5,6
71110,0,0,0,1,1,4.022190,0.503140,7,5,6
71120,0,0,0,0,0,4.021904,0.503109,7,5,6
71130,0,0,0,1,1,4.021685,0.503085,7,5,6
71140,0,2,0,3,1,4.021588,0.503073,7,5,6
71150,0,0,0,1,1,4.021516,0.503060,7,5,6
71160,0,0,0,0,0,4.021298,0.503034,7,5,6
71170,0,0,0,0,0,4.021228,0.503019,7,5,6
71180,1,1,1,4,1,4.020902,0.502975,7,5,6
71190,0,0,0,1,1,4.020531,0.502941,7,5,6
71200,0,0,0,0,0,4.020509,0.502934,7,5,6
71210,3,2,2,8,1,4.020954,0.502985,7,5,6
71220,0,0,0,0,0,4.020829,0.502963,7,5,6
71230,0,0,0,1,1,4.020802,0.502950,7,5,6
71240,4,5,1,11,1,4.020821,0.502939,7,5,6
71250,0,0,0,1,1,4.020865,0.502932,7,5,6
71260,0,0,0,1,1,4.020507,0.502882,7,5,6
71270,1,0,0,2,1,4.020194,0.502844,7,5,6
71280,0,1,0,2,1,4.020539,0.502878,7,5,6
71290,0,0,1,2,1,4.020115,0.502842,7,5,6
71300,8,6,4,19,1,4.020636,0.502900,7,5,6
71310,2,1,2,6,1,4.021899,0.503054,7,5,6
71320,1,2,0,4,1,4.021694,0.503031,7,5,6
71330,0,0,0,0,0,4.021590,0.503015,7,5,6
71340,1,0,0,2,1,4.021249,0.502974,7,5,6
71350,0,0,0,1,1,4.021113,0.502962,7,5,6
71360,0,1,0,2,1,4.020946,0.502947,7,5,6
71370,1,1,1,4,1,4.020712,0.502917,7,5,6
71380,0,1,0,2,1,4.020279,0.502882,7,5,6
71390,2,5,4,12,1,4.020174,0.502868,7,5,6
71400,0,0,3,4,1,4.020016,0.502854,7,5,6
71410,2,0,1,4,1,4.020153,0.502865,7,5,6
71420,1,0,1,3,1,4.019934,0.502843,7,5,6
71430,3,1,3,8,1,4.019701,0.502821,7,5,6
71440,0,0,2,3,1,4.019456,0.502800,7,5,6
71450,0,2,0,3,1,4.019604,0.502810,7,5,6
71460,2,2,0,5,1,4.019690,0.502806,7,5,6
71470,0,2,2,5,1,4.019663,0.502800,7,5,6
71480,0,0,0,0,0,4.019377,0.502776,7,5,6
71490,0,1,1,3,1,4.019308,0.502769,7,5,6
71500,0,0,0,1,1,4.019249,0.502744,7,5,6
71510,3,6,3,13,1,4.019184,0.502737,7,5,6
71520,1,1,0,3,1,4.019174,0.502744,7,5,6
71530,1,1,1,4,1,4.019134,0.502736,7,5,6
71540,0,0,0,0,0,4.018771,0.502692,7,5,6
71550,0,0,0,1,1,4.018698,0.502680,7,5,6
71560,0,0,0,1,1,4.018444,0.502647,7,5,6
71570,4,0,1,6,1,4.018145,0.502601,7,5,6
71580,1,2,1,5,1,4.017943,0.502580,7,5,6
71590,1,0,0,2,1,4.017888,0.502556,7,5,6
71600,0,0,0,1,1,4.017698,0.502535,7,5,6
71610,1,2,0,4,1,4.017600,0.502510,7,5,6
71620,3,5,2,11,1,4.017502,0.502503,7,5,6
71630,1,0,1,3,1,4.017546,0.502515,7,5,6
71640,1,1,1,4,1,4.017269,0.502497,7,5,6
71650,0,0,0,1,1,4.016887,0.502460,7,5,6
71660,0,1,1,3,1,4.016584,0.502420,7,5,6
71670,0,2,1,4,1,4.016215,0.502381,7,5,6
71680,1,0,1,3,1,4.015944,0.502347,7,5,6
71690,0,0,1,2,1,4.015676,0.502313,7,5,6
71700,7,2,2,12,1,4.016017,0.502344,7,5,6
71710,1,2,0,4,1,4.016538,0.502399,7,5,6
71720,3,2,1,7,1,4.016440,0.502398,7,5,6
71730,1,0,0,2,1,4.016179,0.502369,7,5,6
71740,4,1,2,8,1,4.016041,0.502337,7,5,6
71750,4,2,3,10,1,4.016379,0.502382,7,5,6
71760,0,0,0,1,1,4.016445,0.502399,7,5,6
71770,1,3,5,10,1,4.016292,0.502381,7,5,6
71780,0,0,0,0,0,4.017027,0.502469,7,5,6
71790,0,0,0,0,0,4.016610,0.502428,7,5,6
71800,0,1,2,4,1,4.016281,0.502389,7,5,6
71810,0,1,0,2,1,4.015968,0.502348,7,5,6
71820,1,0,4,6,1,4.015663,0.502313,7,5,6
71830,2,1,3,7,1,4.015560,0.502301,7,5,6
71840,1,1,0,3,1,4.015915,0.502331,7,5,6
71850,1,0,1,3,1,4.016804,0.502438,7,5,6
71860,0,0,0,0,0,4.016646,0.502415,7,5,6
71870,0,1,2,4,1,4.016296,0.502380,7,5,6
71880,0,2,0,3,1,4.016269,0.502364,7,5,6
71890,0,0,0,0,0,4.015996,0.502338,7,5,6
71900,0,2,0,3,1,4.015673,0.502303,7,5,6
71910,3,0,2,6,1,4.015915,0.502323,7,5,6
71920,1,2,4,8,1,4.015859,0.502304,7,5,6
71930,2,0,1,4,1,4.015550,0.502269,7,5,6
71940,7,3,4,15,1,4.015463,0.502242,7,5,6
71950,3,4,1,9,1,4.016283,0.502335,7,5,6
71960,3,1,3,8,1,4.017295,0.502452,7,5,6
71970,0,0,0,1,1,4.017232,0.502452,7,5,6
71980,0,0,0,1,1,4.016836,0.502413,7,5,6
71990,0,0,0,1,1,4.016921,0.502415,7,5,6
72000,3,0,1,5,1,4.016685,0.502396,7,5,6
72010,7,3,2,13,1,4.016983,0.502425,7,5,6
72020,10,8,10,29,1,4.019429,0.502715,7,5,6
72030,8,8,4,21,1,4.022640,0.503120,7,5,6
72040,0,0,0,0,0,4.022784,0.503154,7,5,6
72050,0,0,0,0,0,4.022892,0.503163,7,5,6
72060,0,1,1,3,1,4.022650,0.503139,7,5,6
72070,0,0,1,2,1,4.022286,0.503106,7,5,6
72080,0,1,1,3,1,4.022057,0.503079,7,5,6
72090,1,2,10,14,1,4.022566,0.503130,7,5,6
72100,4,4,7,16,1,4.022881,0.503178,7,5,6
72110,0,1,0,2,1,4.022850,0.503180,7,5,6
72120,4,3,1,9,1,4.022680,0.503147,7,5,6
72130,0,0,0,1,1,4.022814,0.503168,7,5,6
72140,4,1,0,6,1,4.022413,0.503123,7,5,6
72150,1,0,2,4,1,4.022162,0.503100,7,5,6
72160,1,0,1,3,1,4.022308,0.503117,7,5,6
72170,0,1,0,2,1,4.021959,0.503083,7,5,6
72180,0,0,0,1,1,4.021992,0.503087,7,5,6
72190,1,0,1,3,1,4.021786,0.503054,7,5,6
72200,0,0,0,1,1,4.021455,0.503029,7,5,6
72210,0,0,0,1,1,4.021367,0.503013,7,5,6
72220,1,1,1,4,1,4.021224,0.502992,7,5,6
72230,0,0,0,1,1,4.021077,0.502972,7,5,6
72240,0,0,0,1,1,4.021011,0.502976,7,5,6
72250,0,0,0,0,0,4.020663,0.502934,7,5,6
72260,0,0,0,0,0,4.020543,0.502919,7,5,6
72270,5,5,7,18,1,4.020713,0.502932,7,5,6
72280,0,0,0,1,1,4.020976,0.502975,7,5,6
72290,0,0,1,2,1,4.020839,0.502951,7,5,6
72300,0,0,0,0,0,4.020788,0.502945,7,5,6
72310,1,2,0,4,1,4.020791,0.502933,7,5,6
72320,0,0,0,0,0,4.020835,0.502931,7,5,6
72330,0,0,0,0,0,4.020526,0.502897,7,5,6
72340,0,0,0,0,0,4.020705,0.502911,7,5,6
72350,0,0,0,0,0,4.020580,0.502898,7,5,6
72360,0,0,0,0,0,4.020266,0.502860,7,5,6
72370,2,2,0,5,1,4.020029,0.502834,7,5,6
72380,0,0,0,0,0,4.019690,0.502796,7,5,6
72390,0,0,0,0,0,4.019674,0.502800,7,5,6
72400,0,0,0,1,1,4.019329,0.502755,7,5,6
72410,2,2,6,11,1,4.019451,0.502761,7,5,6
72420,0,1,2,4,1,4.019717,0.502795,7,5,6
72430,3,4,2,10,1,4.019669,0.502774,7,5,6
72440,0,0,0,1,1,4.021202,0.502963,7,5,6
72450,4,2,2,9,1,4.020916,0.502930,7,5,6
72460,0,0,0,0,0,4.020701,0.502904,7,5,6
72470,1,0,0,2,1,4.020274,0.502869,7,5,6
72480,0,1,0,2,1,4.019909,0.502830,7,5,6
72490,3,1,2,7,1,4.020624,0.502918,7,5,6
72500,5,3,5,14,1,4.021714,0.503039,7,5,6
72510,0,0,0,1,1,4.023103,0.503217,7,5,6
72520,0,0,2,3,1,4.023320,0.503238,7,5,6
72530,2,1,0,4,1,4.023189,0.503213,7,5,6
72540,0,0,0,0,0,4.022825,0.503175,7,5,6
72550,0,0,0,1,1,4.022456,0.503137,7,5,6
72560,0,0,0,0,0,4.022153,0.503107,7,5,6
72570,0,1,2,4,1,4.022023,0.503081,7,5,6
72580,1,0,1,3,1,4.022409,0.503118,7,5,6
72590,4,3,5,13,1,4.022324,0.503114,7,5,6
72600,2,2,3,8,1,4.023145,0.503206,7,5,6
72610,2,0,1,4,1,4.023332,0.503218,7,5,6
72620,0,0,0,0,0,4.023130,0.503195,7,5,6
72630,0,0,1,2,1,4.023018,0.503178,7,5,6
72640,2,2,1,6,1,4.022726,0.503152,7,5,6
72650,0,3,4,8,1,4.022601,0.503129,7,5,6
72660,0,0,0,0,0,4.022438,0.503105,7,5,6
72670,0,0,1,2,1,4.022766,0.503146,7,5,6
72680,2,1,1,5,1,4.022476,0.503103,7,5,6
72690,0,1,1,3,1,4.022970,0.503163,7,5,6
72700,1,1,0,3,1,4.022642,0.503135,7,5,6
72710,0,3,2,6,1,4.022417,0.503115,7,5,6
72720,3,2,1,7,1,4.022424,0.503114,7,5,6
72730,4,6,3,14,1,4.023346,0.503217,7,5,6
72740,0,0,0,0,0,4.024084,0.503306,7,5,6
72750,4,1,1,7,1,4.024145,0.503309,7,5,6
72760,0,0,0,1,1,4.023911,0.503286,7,5,6
72770,0,0,0,1,1,4.023725,0.503261,7,5,6
72780,0,1,1,3,1,4.023442,0.503229,7,5,6
72790,3,2,5,11,1,4.023797,0.503273,7,5,6
72800,0,0,0,0,0,4.024155,0.503318,7,5,6
72810,4,5,3,13,1,4.024355,0.503344,7,5,6
72820,1,1,2,5,1,4.024509,0.503353,7,5,6
72830,0,0,0,0,0,4.024208,0.503322,7,5,6
72840,4,2,1,8,1,4.024224,0.503330,7,5,6
72850,3,3,0,7,1,4.024542,0.503361,7,5,6
72860,0,0,1,2,1,4.024260,0.503315,7,5,6
72870,1,0,0,2,1,4.024259,0.503316,7,5,6
72880,1,1,3,6,1,4.024256,0.503311,7,5,6
72890,0,0,0,0,0,4.025081,0.503415,7,5,6
72900,0,2,0,3,1,4.024771,0.503378,7,5,6
72910,0,0,2,3,1,4.024631,0.503352,7,5,6
72920,0,0,0,0,0,4.024594,0.503346,7,5,6
72930,0,0,0,1,1,4.024309,0.503315,7,5,6
72940,0,0,1,2,1,4.023968,0.503272,7,5,6
72950,0,0,1,2,1,4.023877,0.503263,7,5,6
72960,0,1,0,2,1,4.024056,0.503281,7,5,6
72970,0,2,0,3,1,4.023691,0.503230,7,5,6
72980,5,2,4,12,1,4.023623,0.503213,7,5,6
72990,0,0,0,1,1,4.024207,0.503282,7,5,6
73000,3,2,0,6,1,4.024307,0.503281,7,5,6
73010,0,2,1,4,1,4.024217,0.503269,7,5,6
73020,1,3,1,6,1,4.023883,0.503230,7,5,6
73030,4,2,4,11,1,4.023662,0.503202,7,5,6
73040,0,0,0,0,0,4.024784,0.503338,7,5,6
73050,0,0,0,1,1,4.024473,0.503309,7,5,6
73060,0,1,0,2,1,4.024372,0.503296,7,5,6
73070,0,0,0,1,1,4.024047,0.503270,7,5,6
73080,0,0,0,0,0,4.023761,0.503243,7,5,6
73090,3,4,6,14,1,4.023880,0.503243,7,5,6
73100,1,0,2,4,1,4.023772,0.503239,7,5,6
73110,0,1,0,2,1,4.023497,0.503206,7,5,6
73120,1,2,0,4,1,4.023244,0.503173,7,5,6
73130,2,1,1,5,1,4.023566,0.503215,7,5,6
73140,3,1,2,7,1,4.023541,0.503207,7,5,6
73150,0,0,0,1,1,4.023349,0.503193,7,5,6
73160,1,1,0,3,1,4.023048,0.503161,7,5,6
73170,1,0,1,3,1,4.023144,0.503175,7,5,6
73180,2,1,1,5,1,4.022844,0.503136,7,5,6
73190,1,0,0,2,1,4.022875,0.503133,7,5,6
73200,0,0,0,0,0,4.022594,0.503107,7,5,6
73210,0,2,0,3,1,4.022328,0.503082,7,5,6
73220,1,3,1,6,1,4.022337,0.503083,7,5,6
73230,0,1,1,3,1,4.022305,0.503073,7,5,6
73240,0,0,0,0,0,4.022103,0.503053,7,5,6
73250,1,5,5,12,1,4.021924,0.503026,7,5,6
73260,4,3,1,9,1,4.023102,0.503163,7,5,6
73270,3,2,1,7,1,4.022928,0.503159,7,5,6
73280,0,1,1,3,1,4.022730,0.503140,7,5,6
73290,0,0,0,0,0,4.022508,0.503115,7,5,6
73300,1,0,0,2,1,4.022523,0.503114,7,5,6
73310,1,0,1,3,1,4.022358,0.503104,7,5,6
73320,1,2,0,4,1,4.022148,0.503091,7,5,6
73330,5,5,7,18,1,4.022208,0.503092,7,5,6
73340,0,0,0,1,1,4.022768,0.503161,7,5,6
73350,2,1,1,5,1,4.022518,0.503129,7,5,6
73360,5,1,3,10,1,4.022425,0.503115,7,5,6
73370,0,0,0,0,0,4.022483,0.503121,7,5,6
73380,0,0,0,0,0,4.022202,0.503084,7,5,6
73390,0,1,0,2,1,4.022302,0.503098,7,5,6
73400,0,0,0,1,1,4.022115,0.503076,7,5,6
73410,1,2,3,7,1,4.022059,0.503078,7,5,6
73420,7,5,5,18,1,4.022812,0.503159,7,5,6
73430,0,2,5,8,1,4.024029,0.503308,7,5,6
73440,0,0,0,0,0,4.024115,0.503320,7,5,6
73450,0,0,0,0,0,4.023763,0.503280,7,5,6
73460,0,0,1,2,1,4.023388,0.503238,7,5,6
73470,0,0,0,0,0,4.023121,0.503210,7,5,6
73480,0,1,1,3,1,4.023318,0.503228,7,5,6
73490,3,2,0,6,1,4.022984,0.503187,7,5,6
73500,0,0,1,2,1,4.022744,0.503163,7,5,6
73510,0,2,3,6,1,4.022475,0.503129,7,5,6
73520,0,0,0,0,0,4.022280,0.503110,7,5,6
73530,2,0,0,3,1,4.021885,0.503073,7,5,6
73540,5,1,4,11,1,4.022310,0.503118,7,5,6
73550,3,2,3,9,1,4.022573,0.503148,7,5,6
73560,1,1,1,4,1,4.022553,0.503153,7,5,6
73570,3,0,2,6,1,4.022580,0.503148,7,5,6
73580,0,0,0,0,0,4.022347,0.503129,7,5,6
73590,3,1,1,6,1,4.022158,0.503105,7,5,6
73600,2,1,2,6,1,4.022523,0.503157,7,5,6
73610,0,0,1,2,1,4.022327,0.503133,7,5,6
73620,0,0,0,1,1,4.022067,0.503108,7,5,6
73630,0,0,1,2,1,4.021992,0.503097,7,5,6
73640,2,2,2,7,1,4.021918,0.503079,7,5,6
73650,0,0,0,1,1,4.021773,0.503068,7,5,6
73660,2,3,2,8,1,4.021621,0.503047,7,5,6
73670,0,1,1,3,1,4.021416,0.503035,7,5,6
73680,2,1,0,4,1,4.021327,0.503027,7,5,6
73690,2,2,2,7,1,4.021073,0.502993,7,5,6
73700,0,0,2,3,1,4.020785,0.502966,7,5,6
73710,1,0,0,2,1,4.020863,0.502978,7,5,6
73720,0,0,0,1,1,4.020720,0.502957,7,5,6
73730,1,2,0,4,1,4.020538,0.502937,7,5,6
73740,0,0,0,1,1,4.020225,0.502906,7,5,6
73750,0,0,0,0,0,4.020079,0.502896,7,5,6
73760,0,1,0,2,1,4.019766,0.502856,7,5,6
73770,2,0,2,5,1,4.019561,0.502828,7,5,6
73780,5,2,1,9,1,4.019899,0.502864,7,5,6
73790,4,4,3,12,1,4.020284,0.502894,7,5,6
73800,0,0,0,0,0,4.020012,0.502869,7,5,6
73810,0,0,0,0,0,4.019704,0.502831,7,5,6
73820,0,0,0,0,0,4.019354,0.502793,7,5,6
73830,0,0,0,0,0,4.019160,0.502779,7,5,6
73840,2,0,0,3,1,4.018825,0.502730,7,5,6
73850,0,0,0,1,1,4.018843,0.502729,7,5,6
73860,1,0,0,2,1,4.018893,0.502728,7,5,6
73870,1,1,0,3,1,4.018547,0.502692,7,5,6
73880,1,5,1,8,1,4.018775,0.502724,7,5,6
73890,8,3,6,18,1,4.019929,0.502842,7,5,6
73900,1,0,1,3,1,4.020826,0.502955,7,5,6
73910,0,0,0,1,1,4.020948,0.502957,7,5,6
73920,2,1,2,6,1,4.020922,0.502944,7,5,6
73930,0,0,0,1,1,4.020691,0.502912,7,5,6
73940,1,0,0,2,1,4.020746,0.502910,7,5,6
73950,0,0,0,0,0,4.020403,0.502874,7,5,6
73960,4,3,7,15,1,4.020427,0.502867,7,5,6
73970,1,0,0,2,1,4.021008,0.502931,7,5,6
73980,2,1,1,5,1,4.020663,0.502890,7,5,6
73990,1,1,0,3,1,4.020568,0.502877,7,5,6
74000,0,0,0,0,0,4.020240,0.502845,7,5,6
74010,0,0,0,0,0,4.019989,0.502809,7,5,6
74020,3,3,0,7,1,4.019891,0.502794,7,5,6
74030,5,1,3,10,1,4.020015,0.502803,7,5,6
74040,2,4,1,8,1,4.019884,0.502794,7,5,6
74050,0,0,0,1,1,4.019930,0.502795,7,5,6
74060,0,0,0,0,0,4.019656,0.502762,7,5,6
74070,2,4,3,10,1,4.019635,0.502758,7,5,6
74080,1,0,0,2,1,4.019514,0.502740,7,5,6
74090,1,0,0,2,1,4.019255,0.502709,7,5,6
74100,0,0,0,1,1,4.018932,0.502677,7,5,6
74110,2,3,3,9,1,4.018687,0.502638,7,5,6
74120,2,0,0,3,1,4.018660,0.502636,7,5,6
74130,0,0,0,0,0,4.018405,0.502609,7,5,6
74140,1,1,1,4,1,4.018365,0.502605,7,5,6
74150,0,0,0,0,0,4.018243,0.502595,7,5,6
74160,1,1,1,4,1,4.018750,0.502656,7,5,6
74170,1,3,1,6,1,4.019021,0.502686,7,5,6
74180,1,1,0,3,1,4.018721,0.502653,7,5,6
74190,3,7,5,16,1,4.020080,0.502812,7,5,6
74200,5,2,2,10,1,4.020836,0.502907,7,5,6
74210,0,0,0,0,0,4.021317,0.502971,7,5,6
74220,1,1,1,4,1,4.021425,0.502964,7,5,6
74230,2,1,4,8,1,4.021214,0.502936,7,5,6
74240,0,4,1,6,1,4.021027,0.502925,7,5,6
74250,1,0,2,4,1,4.021218,0.502942,7,5,6
74260,0,1,0,2,1,4.020922,0.502909,7,5,6
74270,1,0,2,4,1,4.020764,0.502879,7,5,6
74280,1,5,1,8,1,4.020527,0.502844,7,5,6
74290,0,0,0,1,1,4.020278,0.502824,7,5,6
74300,0,0,0,0,0,4.020058,0.502802,7,5,6
74310,1,1,0,3,1,4.019844,0.502785,7,5,6
74320,2,1,3,7,1,4.019855,0.502785,7,5,6
74330,1,0,2,4,1,4.019926,0.502799,7,5,6
74340,0,1,0,2,1,4.019839,0.502786,7,5,6
74350,0,0,0,0,0,4.019686,0.502768,7,5,6
74360,0,0,0,0,0,4.019368,0.502731,7,5,6
74370,1,0,1,3,1,4.019838,0.502777,7,5,6
74380,2,1,0,4,1,4.019598,0.502759,7,5,6
74390,3,0,1,5,1,4.019362,0.502737,7,5,6
74400,0,0,0,1,1,4.019508,0.502755,7,5,6
74410,0,1,1,3,1,4.019444,0.502734,7,5,6
74420,0,1,1,3,1,4.019312,0.502721,7,5,6
74430,2,0,0,3,1,4.019015,0.502685,7,5,6
74440,0,3,3,7,1,4.018698,0.502643,7,5,6
74450,0,0,0,0,0,4.018415,0.502607,7,5,6
74460,5,2,1,9,1,4.018354,0.502592,7,5,6
74470,1,1,3,6,1,4.018163,0.502569,7,5,6
74480,0,0,0,1,1,4.017900,0.502539,7,5,6
74490,2,2,2,7,1,4.017610,0.502504,7,5,6
74500,0,0,0,1,1,4.017315,0.502476,7,5,6
74510,0,3,3,7,1,4.017299,0.502466,7,5,6
74520,4,1,3,9,1,4.018783,0.502637,7,5,6
74530,2,3,2,8,1,4.018714,0.502636,7,5,6
74540,0,0,0,0,0,4.018345,0.502602,7,5,6
74550,1,0,0,2,1,4.018105,0.502577,7,5,6
74560,0,5,0,6,1,4.017832,0.502551,7,5,6
74570,0,4,0,5,1,4.017676,0.502525,7,5,6
74580,0,0,1,2,1,4.017498,0.502512,7,5,6
74590,1,1,1,4,1,4.017663,0.502535,7,5,6
74600,0,1,3,5,1,4.017685,0.502541,7,5,6
74610,2,1,2,6,1,4.017597,0.502531,7,5,6
74620,0,0,0,1,1,4.017529,0.502528,7,5,6
74630,5,3,2,11,1,4.017650,0.502532,7,5,6
74640,2,0,3,6,1,4.017729,0.502540,7,5,6
74650,0,0,0,0,0,4.017606,0.502531,7,5,6
74660,0,0,0,0,0,4.017286,0.502491,7,5,6
74670,0,0,0,1,1,4.017236,0.502481,7,5,6
74680,2,8,3,14,1,4.018096,0.502572,7,5,6
74690,0,1,1,3,1,4.017943,0.502560,7,5,6
74700,2,3,0,6,1,4.018138,0.502579,7,5,6
74710,0,0,0,0,0,4.017922,0.502556,7,5,6
74720,0,1,1,3,1,4.017600,0.502531,7,5,6
74730,0,0,0,1,1,4.017281,0.502503,7,5,6
74740,0,0,0,0,0,4.017205,0.502488,7,5,6
74750,0,0,0,1,1,4.017218,0.502493,7,5,6
74760,0,0,0,1,1,4.016872,0.502443,7,5,6
74770,1,0,0,2,1,4.016474,0.502405,7,5,6
74780,0,0,0,1,1,4.016174,0.502374,7,5,6
74790,1,0,0,2,1,4.015920,0.502348,7,5,6
74800,5,4,6,16,1,4.015839,0.502327,7,5,6
74810,1,4,5,11,1,4.016544,0.502416,7,5,6
74820,6,2,5,14,1,4.016807,0.502440,7,5,6
74830,0,0,0,1,1,4.017607,0.502548,7,5,6
74840,0,0,0,1,1,4.017353,0.502524,7,5,6
74850,0,0,0,0,0,4.017094,0.502498,7,5,6
74860,0,0,0,1,1,4.016906,0.502474,7,5,6
74870,1,0,2,4,1,4.017133,0.502501,7,5,6
74880,0,3,3,7,1,4.016838,0.502458,7,5,6
74890,0,0,0,0,0,4.016627,0.502441,7,5,6
74900,0,0,0,0,0,4.016230,0.502398,7,5,6
74910,1,2,1,5,1,4.015930,0.502358,7,5,6
74920,1,3,0,5,1,4.016226,0.502387,7,5,6
74930,1,0,1,3,1,4.016015,0.502366,7,5,6
74940,1,1,1,4,1,4.016266,0.502398,7,5,6
74950,1,0,2,4,1,4.015998,0.502371,7,5,6
74960,1,0,0,2,1,4.016328,0.502414,7,5,6
74970,0,0,0,0,0,4.016572,0.502438,7,5,6
74980,1,2,1,5,1,4.016271,0.502399,7,5,6
74990,0,3,3,7,1,4.016097,0.502375,7,5,6
75000,0,0,0,0,0,4.016476,0.502425,7,5,6
75010,1,2,0,4,1,4.016643,0.502438,7,5,6
75020,0,1,1,3,1,4.016559,0.502427,7,5,6
75030,0,0,0,0,0,4.016353,0.502405,7,5,6
75040,0,0,0,1,1,4.015995,0.502363,7,5,6
75050,0,3,0,4,1,4.015743,0.502338,7,5,6
75060,1,1,3,6,1,4.015720,0.502330,7,5,6
75070,0,0,0,0,0,4.015503,0.502302,7,5,6
75080,0,0,0,1,1,4.015064,0.502264,7,5,6
75090,0,0,0,1,1,4.015125,0.502268,7,5,6
75100,9,1,8,19,1,4.015272,0.502273,7,5,6
75110,1,3,2,7,1,4.016352,0.502404,7,5,6
75120,1,1,0,3,1,4.016311,0.502388,7,5,6
75130,0,0,0,0,0,4.016075,0.502363,7,5,6
75140,0,1,1,3,1,4.015668,0.502333,7,5,6
75150,1,4,4,10,1,4.015815,0.502342,7,5,6
75160,0,1,1,3,1,4.016031,0.502377,7,5,6
75170,3,2,4,10,1,4.016430,0.502431,7,5,6
75180,1,3,3,8,1,4.016142,0.502394,7,5,6
75190,1,5,2,9,1,4.015951,0.502385,7,5,6
75200,0,0,0,1,1,4.015794,0.502374,7,5,6
75210,2,2,0,5,1,4.015555,0.502344,7,5,6
75220,0,0,1,2,1,4.015397,0.502318,7,5,6
75230,0,0,0,0,0,4.015130,0.502289,7,5,6
75240,0,0,0,0,0,4.014930,0.502278,7,5,6
75250,4,5,2,12,1,4.014750,0.502247,7,5,6
75260,1,1,4,7,1,4.016213,0.502420,7,5,6
75270,0,2,0,3,1,4.016830,0.502492,7,5,6
75280,1,4,6,12,1,4.016846,0.502490,7,5,6
75290,0,0,0,0,0,4.016657,0.502469,7,5,6
75300,0,2,1,4,1,4.016838,0.502496,7,5,6
75310,1,2,2,6,1,4.017051,0.502517,7,5,6
75320,6,3,11,21,1,4.018044,0.502629,7,5,6
75330,9,9,2,21,1,4.020184,0.502887,7,5,6
75340,0,0,2,3,1,4.020663,0.502944,7,5,6
75350,0,1,1,3,1,4.020429,0.502924,7,5,6
75360,0,0,0,1,1,4.020068,0.502887,7,5,6
75370,0,0,1,2,1,4.020010,0.502873,7,5,6
75380,0,0,0,0,0,4.019746,0.502838,7,5,6
75390,1,2,2,6,1,4.019750,0.502820,7,5,6
75400,4,9,6,20,1,4.020533,0.502905,7,5,6
75410,0,1,4,6,1,4.021544,0.503032,7,5,6
75420,0,1,0,2,1,4.021307,0.503002,7,5,6
75430,1,0,1,3,1,4.021060,0.502968,7,5,6
75440,0,0,0,1,1,4.020857,0.502940,7,5,6
75450,0,0,0,0,0,4.020672,0.502916,7,5,6
75460,0,0,1,2,1,4.020459,0.502892,7,5,6
75470,2,2,0,5,1,4.020223,0.502857,7,5,6
75480,0,0,1,2,1,4.020070,0.502841,7,5,6
75490,0,0,0,1,1,4.019885,0.502825,7,5,6
75500,1,0,1,3,1,4.019611,0.502793,7,5,6
75510,0,0,0,0,0,4.019397,0.502766,7,5,6
75520,1,3,1,6,1,4.019047,0.502730,7,5,6
75530,1,0,1,3,1,4.018779,0.502706,7,5,6
75540,0,0,0,0,0,4.018732,0.502699,7,5,6
75550,0,0,0,0,0,4.018345,0.502655,7,5,6
75560,0,0,0,0,0,4.018022,0.502620,7,5,6
75570,0,0,0,0,0,4.017795,0.502594,7,5,6
75580,1,0,0,2,1,4.017422,0.502565,7,5,6
75590,0,0,0,0,0,4.017502,0.502581,7,5,6
75600,1,0,0,2,1,4.017268,0.502551,7,5,6
75610,0,0,0,0,0,4.016876,0.502508,7,5,6
75620,0,0,0,1,1,4.016611,0.502473,7,5,6
75630,2,1,2,6,1,4.017072,0.502526,7,5,6
75640,0,0,0,1,1,4.016945,0.502508,7,5,6
75650,1,0,3,5,1,4.017053,0.502513,7,5,6
75660,0,0,0,1,1,4.017041,0.502511,7,5,6
75670,0,1,0,2,1,4.017466,0.502557,7,5,6
75680,0,0,0,0,0,4.017070,0.502516,7,5,6
75690,1,3,2,7,1,4.016856,0.502495,7,5,6
75700,0,0,1,2,1,4.016794,0.502486,7,5,6
75710,2,0,0,3,1,4.016581,0.502460,7,5,6
75720,1,2,1,5,1,4.016245,0.502421,7,5,6
75730,2,2,5,10,1,4.017162,0.502521,7,5,6
75740,0,1,1,3,1,4.017093,0.502517,7,5,6
75750,0,0,0,0,0,4.017215,0.502542,7,5,6
75760,1,2,1,5,1,4.017276,0.502541,7,5,6
75770,5,3,2,11,1,4.017261,0.502534,7,5,6
75780,3,5,3,12,1,4.017363,0.502537,7,5,6
75790,0,1,2,4,1,4.017405,0.502545,7,5,6
75800,0,1,1,3,1,4.017350,0.502535,7,5,6
75810,5,2,1,9,1,4.017094,0.502506,7,5,6
75820,0,0,0,0,0,4.017031,0.502501,7,5,6
75830,0,1,0,2,1,4.016651,0.502451,7,5,6
75840,2,1,1,5,1,4.016286,0.502420,7,5,6
75850,0,1,1,3,1,4.016093,0.502395,7,5,6
75860,0,1,1,3,1,4.015810,0.502358,7,5,6
75870,0,0,1,2,1,4.015523,0.502324,7,5,6
75880,0,0,0,1,1,4.015762,0.502355,7,5,6
75890,0,0,0,0,0,4.015416,0.502320,7,5,6
75900,0,0,1,2,1,4.015306,0.502301,7,5,6
75910,0,0,0,1,1,4.015139,0.502279,7,5,6
75920,0,0,0,0,0,4.015277,0.502286,7,5,6
75930,0,0,0,1,1,4.015191,0.502277,7,5,6
75940,0,0,0,1,1,4.014924,0.502254,7,5,6
75950,7,4,4,16,1,4.015720,0.502347,7,5,6
75960,0,0,0,0,0,4.015612,0.502332,7,5,6
75970,1,0,0,2,1,4.015251,0.502293,7,5,6
75980,0,0,0,0,0,4.015334,0.502295,7,5,6
75990,0,0,0,0,0,4.015213,0.502266,7,5,6
76000,0,0,0,0,0,4.014826,0.502227,7,5,6
76010,0,0,1,2,1,4.014775,0.502213,7,5,6
76020,0,0,1,2,1,4.014385,0.502168,7,5,6
76030,0,0,0,0,0,4.014106,0.502127,7,5,6
76040,0,0,0,0,0,4.013847,0.502096,7,5,6
76050,0,0,0,1,1,4.013762,0.502092,7,5,6
76060,0,0,0,0,0,4.014240,0.502146,7,5,6
76070,0,0,0,0,0,4.013916,0.502113,7,5,6
76080,2,2,1,6,1,4.013590,0.502075,7,5,6
76090,2,1,5,9,1,4.013379,0.502051,7,5,6
76100,2,3,4,10,1,4.014642,0.502205,7,5,6
76110,0,0,0,1,1,4.014808,0.502220,7,5,6
76120,1,0,1,3,1,4.014854,0.502218,7,5,6
76130,3,1,0,5,1,4.014730,0.502208,7,5,6
76140,4,0,5,10,1,4.014634,0.502189,7,5,6
76150,2,0,0,3,1,4.015004,0.502238,7,5,6
76160,0,4,1,6,1,4.014713,0.502200,7,5,6
76170,1,0,0,2,1,4.014549,0.502181,7,5,6
76180,0,0,0,0,0,4.014339,0.502162,7,5,6
76190,1,0,2,4,1,4.014093,0.502139,7,5,6
76200,0,0,0,0,0,4.013902,0.502118,7,5,6
76210,2,3,3,9,1,4.014275,0.502153,7,5,6
76220,4,6,1,12,1,4.014438,0.502168,7,5,6
76230,4,4,5,14,1,4.015740,0.502316,7,5,6
76240,0,0,1,2,1,4.016097,0.502354,7,5,6
76250,3,1,0,5,1,4.015858,0.502321,7,5,6
76260,0,0,0,1,1,4.015476,0.502278,7,5,6
76270,0,0,2,3,1,4.015725,0.502298,7,5,6
76280,1,0,1,3,1,4.015529,0.502274,7,5,6
76290,3,5,2,11,1,4.015556,0.502261,7,5,6
76300,1,1,0,3,1,4.015209,0.502234,7,5,6
76310,0,2,0,3,1,4.015165,0.502224,7,5,6
76320,4,2,0,7,1,4.015557,0.502255,7,5,6
76330,8,6,10,25,1,4.018232,0.502582,7,5,6
76340,9,11,17,38,1,4.022096,0.503049,7,5,6
76350,5,6,5,17,1,4.026003,0.503546,7,5,9
76360,0,0,0,0,0,4.025923,0.503549,7,5,9
76370,0,1,0,2,1,4.025636,0.503528,7,5,9
76380,3,4,3,11,1,4.026084,0.503578,7,5,9
76390,0,0,0,0,0,4.026248,0.503592,7,5,9
76400,1,1,0,3,1,4.025918,0.503564,7,5,9
76410,0,0,1,2,1,4.025883,0.503553,7,5,9
76420,1,3,1,6,1,4.025789,0.503537,7,5,9
76430,4,3,3,11,1,4.026141,0.503570,7,5,9
76440,1,0,1,3,1,4.026939,0.503667,7,5,9
76450,0,0,0,0,0,4.026760,0.503656,7,5,9
76460,0,0,0,1,1,4.026522,0.503631,7,5,9
76470,0,2,2,5,1,4.026157,0.503596,7,5,9
76480,1,0,0,2,1,4.026679,0.503648,7,5,9
76490,2,0,0,3,1,4.026475,0.503623,7,5,9
76500,0,0,0,1,1,4.026294,0.503596,7,5,9
76510,3,1,3,8,1,4.026777,0.503645,7,5,9
76520,2,1,0,4,1,4.026648,0.503635,7,5,9
76530,4,2,3,10,1,4.026760,0.503640,7,5,9
76540,1,0,1,3,1,4.026611,0.503622,7,5,9
76550,0,0,0,0,0,4.026373,0.503599,7,5,9
76560,1,2,2,6,1,4.026070,0.503553,7,5,9
76570,3,2,2,8,1,4.026273,0.503564,7,5,9
76580,2,2,1,6,1,4.026547,0.503595,7,5,9
76590,2,0,0,3,1,4.026574,0.503591,7,5,9
76600,0,1,2,4,1,4.026270,0.503559,7,5,9
76610,0,0,1,2,1,4.026058,0.503536,7,5,9
76620,1,1,0,3,1,4.025737,0.503505,7,5,9
76630,0,0,0,1,1,4.025743,0.503500,7,5,9
76640,1,0,0,2,1,4.025532,0.503478,7,5,9
76650,1,5,6,13,1,4.025405,0.503459,7,5,9
76660,0,0,0,0,0,4.025605,0.503483,7,5,9
76670,0,1,0,2,1,4.025440,0.503461,7,5,9
76680,0,0,0,0,0,4.025424,0.503451,7,5,9
76690,1,3,0,5,1,4.025107,0.503412,7,5,9
76700,7,2,3,13,1,4.026440,0.503575,7,5,9
76710,1,1,0,3,1,4.026700,0.503613,7,5,9
76720,0,0,0,0,0,4.026512,0.503592,7,5,9
76730,0,1,0,2,1,4.026161,0.503556,7,5,9
76740,2,2,0,5,1,4.026385,0.503583,7,5,9
76750,1,0,2,4,1,4.026217,0.503569,7,5,9
76760,1,1,0,3,1,4.026825,0.503642,7,5,9
76770,0,0,0,0,0,4.026660,0.503633,7,5,9
76780,0,0,0,1,1,4.026832,0.503648,7,5,9
76790,0,0,0,0,0,4.026604,0.503620,7,5,9
76800,2,0,0,3,1,4.026273,0.503588,7,5,9
76810,2,2,2,7,1,4.026152,0.503585,7,5,9
76820,0,0,0,1,1,4.026371,0.503615,7,5,9
76830,0,0,1,2,1,4.026243,0.503588,7,5,9
76840,0,0,0,1,1,4.025882,0.503547,7,5,9
76850,0,0,0,0,0,4.026091,0.503569,7,5,9
76860,4,3,1,9,1,4.026336,0.503589,7,5,9
76870,0,0,2,3,1,4.026520,0.503614,7,5,9
76880,2,2,2,7,1,4.026443,0.503601,7,5,9
76890,0,0,0,1,1,4.026297,0.503586,7,5,9
76900,1,3,1,6,1,4.026020,0.503556,7,5,9
76910,2,1,0,4,1,4.025930,0.503548,7,5,9
76920,5,3,1,10,1,4.026172,0.503573,7,5,9
76930,0,0,0,1,1,4.026724,0.503633,7,5,9
76940,0,0,0,1,1,4.026583,0.503621,7,5,9
76950,3,5,0,9,1,4.026584,0.503611,7,5,9
76960,0,0,1,2,1,4.026807,0.503640,7,5,9
76970,3,2,7,13,1,4.026670,0.503618,7,5,9
76980,0,0,0,0,0,4.026802,0.503641,7,5,9
76990,7,6,5,19,1,4.027379,0.503705,7,5,9
77000,4,4,5,14,1,4.030172,0.504041,7,5,9
77010,1,0,0,2,1,4.030318,0.504052,7,5,9
77020,0,0,0,1,1,4.030125,0.504031,7,5,9
77030,2,2,1,6,1,4.030102,0.504016,7,5,9
77040,1,1,1,4,1,4.030337,0.504045,7,5,9
77050,2,3,0,6,1,4.030129,0.504023,7,5,9
77060,0,0,1,2,1,4.029839,0.503990,7,5,9
77070,0,0,0,1,1,4.029668,0.503963,7,5,9
77080,0,0,0,0,0,4.029624,0.503969,7,5,9
77090,1,0,3,5,1,4.029378,0.503944,7,5,9
77100,0,0,0,1,1,4.029333,0.503940,7,5,9
77110,1,0,1,3,1,4.029202,0.503929,7,5,9
77120,2,1,1,5,1,4.028950,0.503906,7,5,9
77130,1,4,1,7,1,4.028816,0.503893,7,5,9
77140,4,6,7,18,1,4.029011,0.503916,7,5,9
77150,1,0,0,2,1,4.029428,0.503966,7,5,9
77160,6,2,1,10,1,4.029601,0.503979,7,5,9
77170,1,2,1,5,1,4.030137,0.504042,7,5,9
77180,0,0,1,2,1,4.029840,0.504021,7,5,9
77190,0,0,0,0,0,4.029667,0.504004,7,5,9
77200,2,0,3,6,1,4.029429,0.503975,7,5,9
77210,1,1,0,3,1,4.029178,0.503955,7,5,9
77220,0,0,0,1,1,4.028889,0.503920,7,5,9
77230,0,0,0,1,1,4.028666,0.503895,7,5,9
77240,0,1,0,2,1,4.028900,0.503923,7,5,9
77250,0,1,1,3,1,4.028655,0.503901,7,5,9
77260,0,0,0,0,0,4.028632,0.503890,7,5,9
77270,2,1,1,5,1,4.028451,0.503864,7,5,9
77280,0,0,0,0,0,4.028099,0.503834,7,5,9
77290,0,0,0,0,0,4.027804,0.503792,7,5,9
77300,2,0,1,4,1,4.027460,0.503748,7,5,9
77310,3,1,0,5,1,4.027422,0.503737,7,5,9
77320,0,0,0,0,0,4.027077,0.503701,7,5,9
77330,1,1,1,4,1,4.026925,0.503688,7,5,9
77340,0,1,1,3,1,4.027027,0.503702,7,5,9
77350,0,0,0,1,1,4.026889,0.503687,7,5,9
77360,0,1,0,2,1,4.026573,0.503657,7,5,9
77370,1,2,2,6,1,4.026403,0.503632,7,5,9
77380,0,0,0,0,0,4.026009,0.503601,7,5,9
77390,0,0,1,2,1,4.025713,0.503567,7,5,9
77400,2,2,0,5,1,4.025547,0.503540,7,5,9
77410,0,0,0,1,1,4.025386,0.503523,7,5,9
77420,1,2,8,12,1,4.026359,0.503634,7,5,9
77430,0,0,0,1,1,4.026382,0.503632,7,5,9
77440,1,0,0,2,1,4.026133,0.503601,7,5,9
77450,0,2,2,5,1,4.025968,0.503584,7,5,9
77460,0,0,0,0,0,4.025727,0.503543,7,5,9
77470,2,0,3,6,1,4.025662,0.503534,7,5,9
77480,0,0,0,1,1,4.025306,0.503494,7,5,9
77490,0,0,0,1,1,4.025045,0.503462,7,5,9
77500,5,2,6,14,1,4.025067,0.503461,7,5,9
77510,0,0,0,1,1,4.025536,0.503517,7,5,9
77520,2,0,2,5,1,4.025806,0.503553,7,5,9
77530,0,1,1,3,1,4.025545,0.503516,7,5,9
77540,3,2,0,6,1,4.025441,0.503502,7,5,9
77550,0,0,0,0,0,4.025196,0.503477,7,5,9
77560,0,0,0,1,1,4.025245,0.503487,7,5,9
77570,0,0,0,0,0,4.025050,0.503467,7,5,9
77580,5,5,4,15,1,4.025030,0.503463,7,5,9
77590,9,5,13,28,1,4.027466,0.503755,7,5,9
77600,0,0,0,0,0,4.028945,0.503940,7,5,9
77610,1,0,1,3,1,4.028805,0.503921,7,5,9
77620,0,0,1,2,1,4.028507,0.503884,7,5,9
77630,1,0,0,2,1,4.028608,0.503883,7,5,9
77640,2,5,1,9,1,4.028290,0.503848,7,5,9
77650,1,1,1,4,1,4.028458,0.503865,7,5,9
77660,0,2,0,3,1,4.028193,0.503831,7,5,9
77670,1,1,0,3,1,4.028005,0.503807,7,5,9
77680,0,0,0,0,0,4.027734,0.503772,7,5,9
77690,0,0,0,0,0,4.027540,0.503757,7,5,9
77700,0,1,0,2,1,4.027434,0.503743,7,5,9
77710,5,2,4,12,1,4.027369,0.503734,7,5,9
77720,0,0,0,0,0,4.027686,0.503770,7,5,9
77730,4,5,9,19,1,4.028430,0.503848,7,5,9
77740,0,0,2,3,1,4.029514,0.503981,7,5,9
77750,0,0,0,1,1,4.029242,0.503944,7,5,9
77760,0,1,0,2,1,4.029083,0.503921,7,5,9
77770,0,0,2,3,1,4.029145,0.503921,7,5,9
77780,0,0,1,2,1,4.028978,0.503906,7,5,9
77790,1,5,1,8,1,4.029315,0.503940,7,5,9
77800,0,1,0,2,1,4.029569,0.503963,7,5,9
77810,3,2,5,11,1,4.030181,0.504032,7,5,9
77820,0,0,0,1,1,4.030236,0.504039,7,5,9
77830,4,4,5,14,1,4.030323,0.504045,7,5,9
77840,2,0,0,3,1,4.030868,0.504117,7,5,9
77850,1,1,0,3,1,4.030634,0.504079,7,5,9
77860,1,3,1,6,1,4.030514,0.504060,7,5,9
77870,0,0,0,0,0,4.030654,0.504073,7,5,9
77880,0,0,1,2,1,4.030298,0.504036,7,5,9
77890,0,0,2,3,1,4.030013,0.504010,7,5,9
77900,0,0,0,0,0,4.029847,0.503989,7,5,9
77910,0,0,0,1,1,4.029519,0.503958,7,5,9
77920,0,0,0,0,0,4.029244,0.503925,7,5,9
77930,3,3,2,9,1,4.029412,0.503938,7,5,9
77940,0,1,0,2,1,4.029293,0.503921,7,5,9
77950,0,0,1,2,1,4.029023,0.503890,7,5,9
77960,0,1,2,4,1,4.028733,0.503849,7,5,9
77970,0,1,2,4,1,4.028694,0.503840,7,5,9
77980,2,0,2,5,1,4.028423,0.503812,7,5,9
77990,1,2,4,8,1,4.028656,0.503843,7,5,9
78000,0,0,0,1,1,4.028555,0.503837,7,5,9
78010,5,9,7,22,1,4.029178,0.503906,7,5,9
78020,8,4,7,20,1,4.031520,0.504187,7,5,9
78030,2,1,2,6,1,4.031782,0.504222,7,5,9
78040,1,1,2,5,1,4.032144,0.504248,7,5,9
78050,0,0,0,1,1,4.031835,0.504213,7,5,9
78060,1,0,1,3,1,4.031520,0.504174,7,5,9
78070,0,1,0,2,1,4.031272,0.504142,7,5,9
78080,3,0,0,4,1,4.031096,0.504107,7,5,9
78090,0,1,0,2,1,4.030769,0.504076,7,5,9
78100,0,0,0,0,0,4.031005,0.504103,7,5,9
78110,0,0,0,1,1,4.030689,0.504073,7,5,9
78120,0,2,0,3,1,4.030591,0.504055,7,5,9
78130,0,0,0,0,0,4.030214,0.504012,7,5,9
78140,0,0,0,0,0,4.029927,0.503974,7,5,9
78150,0,2,2,5,1,4.029917,0.503969,7,5,9
78160,1,1,4,7,1,4.029779,0.503953,7,5,9
78170,4,2,3,10,1,4.030225,0.503998,7,5,9
78180,0,0,0,1,1,4.030030,0.503979,7,5,9
78190,2,2,1,6,1,4.029677,0.503944,7,5,9
78200,1,0,0,2,1,4.029703,0.503949,7,5,9
78210,1,0,0,2,1,4.029455,0.503920,7,5,9
78220,3,11,3,18,1,4.030409,0.504030,7,5,9
78230,0,0,0,0,0,4.031605,0.504179,7,5,9
78240,0,0,0,0,0,4.031256,0.504147,7,5,9
78250,1,1,0,3,1,4.030906,0.504117,7,5,9
78260,2,5,5,13,1,4.031193,0.504144,7,5,9
78270,0,0,0,0,0,4.031234,0.504159,7,5,9
78280,1,1,0,3,1,4.031456,0.504190,7,5,9
78290,1,0,1,3,1,4.031232,0.504166,7,5,9
78300,0,2,0,3,1,4.030910,0.504125,7,5,9
78310,0,0,1,2,1,4.030755,0.504101,7,5,9
78320,3,1,1,6,1,4.030474,0.504073,7,5,9
78330,1,0,1,3,1,4.030268,0.504046,7,5,9
78340,0,0,0,0,0,4.029949,0.504015,7,5,9
78350,0,0,0,0,0,4.029604,0.503984,7,5,9
78360,8,8,7,24,1,4.029965,0.504020,7,5,9
78370,6,3,4,14,1,4.031334,0.504184,7,5,9
78380,0,0,0,0,0,4.032345,0.504313,7,5,9
78390,0,2,2,5,1,4.032038,0.504272,7,5,9
78400,0,0,0,1,1,4.031674,0.504235,7,5,9
78410,1,1,0,3,1,4.031389,0.504198,7,5,9
78420,3,2,5,11,1,4.031187,0.504181,7,5,9
78430,0,0,0,0,0,4.031273,0.504201,7,5,9
78440,0,1,1,3,1,4.031122,0.504183,7,5,9
78450,3,2,2,8,1,4.031362,0.504217,7,5,9
78460,3,4,1,9,1,4.031280,0.504204,7,5,9
78470,1,1,2,5,1,4.031853,0.504268,7,5,9
78480,0,0,0,0,0,4.031780,0.504263,7,5,9
78490,0,0,1,2,1,4.031721,0.504255,7,5,9
78500,0,0,1,2,1,4.032448,0.504336,7,5,9
78510,0,0,0,0,0,4.032157,0.504311,7,5,9
78520,0,0,0,0,0,4.032367,0.504330,7,5,9
78530,0,0,0,0,0,4.032019,0.504296,7,5,9
78540,2,4,1,8,1,4.031970,0.504288,7,5,9
78550,3,1,0,5,1,4.031948,0.504282,7,5,9
78560,0,0,0,0,0,4.031812,0.504276,7,5,9
78570,5,1,3,10,1,4.031889,0.504278,7,5,9
78580,1,0,0,2,1,4.031723,0.504252,7,5,9
78590,3,2,2,8,1,4.031630,0.504240,7,5,9
78600,2,3,1,7,1,4.032130,0.504294,7,5,9
78610,0,0,0,0,0,4.032234,0.504313,7,5,9
78620,0,0,0,1,1,4.031944,0.504275,7,5,9
78630,0,0,0,1,1,4.031710,0.504249,7,5,9
78640,1,3,2,7,1,4.031562,0.504227,7,5,9
78650,0,0,1,2,1,4.031338,0.504194,7,5,9
78660,1,1,1,4,1,4.031035,0.504162,7,5,9
78670,1,3,1,6,1,4.031078,0.504163,7,5,9
78680,2,3,1,7,1,4.031016,0.504161,7,5,9
78690,0,0,0,1,1,4.030759,0.504132,7,5,9
78700,0,0,0,0,0,4.030394,0.504084,7,5,9
78710,1,0,0,2,1,4.030360,0.504075,7,5,9
78720,0,0,0,0,0,4.030251,0.504058,7,5,9
78730,5,3,4,13,1,4.030247,0.504057,7,5,9
78740,0,2,5,8,1,4.030879,0.504131,7,5,9
78750,0,0,1,2,1,4.030588,0.504101,7,5,9
78760,1,0,2,4,1,4.030399,0.504067,7,5,9
78770,1,0,1,3,1,4.030249,0.504051,7,5,9
78780,3,0,0,4,1,4.030300,0.504054,7,5,9
78790,0,0,0,1,1,4.030267,0.504046,7,5,9
78800,0,0,0,1,1,4.030073,0.504025,7,5,9
78810,0,0,0,1,1,4.029775,0.503992,7,5,9
78820,0,1,0,2,1,4.029485,0.503961,7,5,9
78830,0,0,0,1,1,4.029119,0.503920,7,5,9
78840,1,0,0,2,1,4.028909,0.503905,7,5,9
78850,2,4,3,10,1,4.029265,0.503935,7,5,9
78860,0,0,0,0,0,4.029064,0.503913,7,5,9
78870,1,6,1,9,1,4.028968,0.503900,7,5,9
78880,5,1,3,10,1,4.029566,0.503975,7,5,9
78890,2,2,0,5,1,4.029521,0.503970,7,5,9
78900,0,0,0,1,1,4.029183,0.503934,7,5,9
78910,4,1,2,8,1,4.029351,0.503938,7,5,9
78920,0,0,0,0,0,4.029174,0.503925,7,5,9
78930,0,0,3,4,1,4.028805,0.503889,7,5,9
78940,1,0,0,2,1,4.028587,0.503865,7,5,9
78950,1,1,2,5,1,4.028298,0.503834,7,5,9
78960,0,1,2,4,1,4.028207,0.503819,7,5,9
78970,0,2,0,3,1,4.028107,0.503812,7,5,9
78980,4,1,1,7,1,4.028002,0.503797,7,5,9
78990,0,1,0,2,1,4.027883,0.503792,7,5,9
79000,1,0,0,2,1,4.027606,0.503753,7,5,9
79010,0,2,0,3,1,4.027308,0.503730,7,5,9
79020,1,0,0,2,1,4.027444,0.503747,7,5,9
79030,1,0,1,3,1,4.027597,0.503758,7,5,9
79040,0,0,0,0,0,4.027321,0.503729,7,5,9
79050,1,0,0,2,1,4.027324,0.503729,7,5,9
79060,0,2,4,7,1,4.027249,0.503729,7,5,9
79070,2,4,3,10,1,4.027984,0.503818,7,5,9
79080,0,0,0,0,0,4.028354,0.503868,7,5,9
79090,0,0,0,0,0,4.028049,0.503834,7,5,9
79100,0,0,0,1,1,4.027725,0.503803,7,5,9
79110,0,0,0,0,0,4.027919,0.503831,7,5,9
79120,0,0,0,1,1,4.027661,0.503800,7,5,9
79130,0,0,0,1,1,4.027504,0.503787,7,5,9
79140,1,2,3,7,1,4.027907,0.503827,7,5,9
79150,0,0,0,1,1,4.027720,0.503808,7,5,9
79160,0,0,0,1,1,4.027444,0.503780,7,5,9
79170,1,1,2,5,1,4.027285,0.503760,7,5,9
79180,1,1,2,5,1,4.027450,0.503784,7,5,9
79190,2,0,0,3,1,4.027181,0.503751,7,5,9
79200,0,0,0,1,1,4.027052,0.503735,7,5,9
79210,0,3,1,5,1,4.027140,0.503749,7,5,9
79220,0,0,1,2,1,4.026907,0.503725,7,5,9
79230,1,1,0,3,1,4.026671,0.503698,7,5,9
79240,1,0,0,2,1,4.026372,0.503655,7,5,9
79250,0,0,0,0,0,4.026054,0.503625,7,5,9
79260,0,1,1,3,1,4.026208,0.503640,7,5,9
79270,0,0,0,1,1,4.025875,0.503613,7,5,9
79280,3,4,3,11,1,4.026060,0.503627,7,5,9
79290,0,0,1,2,1,4.025966,0.503620,7,5,9
79300,0,0,0,0,0,4.025539,0.503585,7,5,9
79310,1,1,4,7,1,4.025649,0.503593,7,5,9
79320,3,3,5,12,1,4.026903,0.503739,7,5,9
79330,3,1,2,7,1,4.026972,0.503745,7,5,9
79340,1,5,6,13,1,4.026934,0.503729,7,5,9
79350,0,0,0,1,1,4.027178,0.503757,7,5,9
79360,4,0,6,11,1,4.027347,0.503763,7,5,9
79370,1,7,1,10,1,4.027615,0.503791,7,5,9
79380,0,0,0,0,0,4.027442,0.503771,7,5,9
79390,0,0,0,1,1,4.027173,0.503731,7,5,9
79400,0,0,0,0,0,4.026907,0.503694,7,5,9
79410,7,5,1,14,1,4.027595,0.503767,7,5,9
79420,2,1,2,6,1,4.027731,0.503788,7,5,9
79430,1,4,2,8,1,4.027463,0.503748,7,5,9
79440,0,0,0,0,0,4.027355,0.503741,7,5,9
79450,3,0,2,6,1,4.027677,0.503778,7,5,9
79460,0,0,0,0,0,4.027452,0.503752,7,5,9
79470,0,0,0,0,0,4.027103,0.503711,7,5,9
79480,9,2,1,13,1,4.027007,0.503701,7,5,9
79490,2,0,1,4,1,4.027669,0.503783,7,5,9
79500,1,1,0,3,1,4.027659,0.503774,7,5,9
79510,1,0,3,5,1,4.028065,0.503824,7,5,9
79520,0,0,0,0,0,4.027831,0.503804,7,5,9
79530,2,4,2,9,1,4.027737,0.503794,7,5,9
79540,0,0,0,0,0,4.027751,0.503794,7,5,9
79550,1,1,5,8,1,4.027743,0.503791,7,5,9
79560,3,2,0,6,1,4.027716,0.503795,7,5,9
79570,0,0,1,2,1,4.027495,0.503772,7,5,9
79580,2,11,7,21,1,4.028518,0.503883,7,5,9
79590,2,0,1,4,1,4.030108,0.504086,7,5,9
79600,2,1,1,5,1,4.029808,0.504049,7,5,9
79610,0,0,0,0,0,4.029706,0.504047,7,5,9
79620,0,0,0,0,0,4.029787,0.504045,7,5,9
79630,1,0,0,2,1,4.029489,0.504011,7,5,9
79640,3,3,4,11,1,4.029303,0.503984,7,5,9
79650,0,0,1,2,1,4.029662,0.504025,7,5,9
79660,0,0,0,0,0,4.029458,0.504001,7,5,9
79670,2,2,2,7,1,4.029464,0.503994,7,5,9
79680,0,0,0,0,0,4.029304,0.503973,7,5,9
79690,0,0,0,0,0,4.029468,0.503984,7,5,9
79700,1,1,0,3,1,4.029299,0.503957,7,5,9
79710,3,6,12,22,1,4.030092,0.504041,7,5,9
79720,2,2,1,6,1,4.030525,0.504106,7,5,9
79730,1,1,3,6,1,4.030865,0.504142,7,5,9
79740,2,3,3,9,1,4.030804,0.504131,7,5,9
79750,2,2,2,7,1,4.030628,0.504111,7,5,9
79760,1,0,0,2,1,4.030331,0.504078,7,5,9
79770,0,0,1,2,1,4.030553,0.504097,7,5,9
79780,0,0,0,1,1,4.030286,0.504062,7,5,9
79790,0,0,0,0,0,4.030047,0.504034,7,5,9
79800,0,0,0,0,0,4.029740,0.504003,7,5,9
79810,0,0,0,1,1,4.029624,0.503990,7,5,9
79820,0,0,2,3,1,4.029559,0.503980,7,5,9
79830,0,1,0,2,1,4.029428,0.503963,7,5,9
79840,0,0,1,2,1,4.029194,0.503932,7,5,9
79850,1,1,1,4,1,4.029145,0.503926,7,5,9
79860,0,0,0,1,1,4.028896,0.503893,7,5,9
79870,0,0,0,0,0,4.028975,0.503891,7,5,9
79880,1,0,3,5,1,4.028838,0.503873,7,5,9
79890,1,0,0,2,1,4.028584,0.503834,7,5,9
79900,0,1,0,2,1,4.028592,0.503843,7,5,9
79910,0,1,0,2,1,4.028298,0.503815,7,5,9
79920,1,1,4,7,1,4.028404,0.503823,7,5,9
79930,0,0,0,0,0,4.028330,0.503820,7,5,9
79940,2,1,0,4,1,4.028121,0.503799,7,5,9
79950,0,0,0,0,0,4.027691,0.503769,7,5,9
79960,0,0,0,1,1,4.027359,0.503739,7,5,9
79970,1,1,0,3,1,4.027116,0.503709,7,5,9
79980,1,0,1,3,1,4.027180,0.503704,7,5,9
79990,0,0,0,0,0,4.027443,0.503733,7,5,9
80000,2,2,0,5,1,4.028328,0.503826,7,5,9
80010,0,1,2,4,1,4.028173,0.503803,7,5,9
80020,0,0,0,1,1,4.027883,0.503777,7,5,9
80030,1,0,0,2,1,4.027501,0.503742,7,5,9
80040,0,0,0,1,1,4.027441,0.503731,7,5,9
80050,1,0,3,5,1,4.027151,0.503703,7,5,9
80060,0,0,0,1,1,4.027016,0.503679,7,5,9
80070,0,1,0,2,1,4.026892,0.503664,7,5,9
80080,0,2,0,3,1,4.026713,0.503645,7,5,9
80090,4,3,4,12,1,4.026939,0.503670,7,5,9
80100,0,0,0,1,1,4.026812,0.503653,7,5,9
80110,0,0,0,1,1,4.026484,0.503628,7,5,9
80120,0,1,0,2,1,4.026143,0.503592,7,5,9
80130,1,0,0,2,1,4.025854,0.503559,7,5,9
80140,0,0,0,1,1,4.025527,0.503515,7,5,9
80150,0,0,0,0,0,4.025262,0.503480,7,5,9
80160,0,0,2,3,1,4.025076,0.503448,7,5,9
80170,2,3,3,9,1,4.024801,0.503410,7,5,9
80180,0,0,0,0,0,4.025258,0.503474,7,5,9
80190,0,0,0,0,0,4.024979,0.503439,7,5,9
80200,0,0,0,0,0,4.025008,0.503451,7,5,9
80210,0,2,3,6,1,4.025317,0.503484,7,5,9
80220,0,0,0,1,1,4.025309,0.503486,7,5,9
80230,3,2,3,9,1,4.025041,0.503447,7,5,9
80240,0,4,3,8,1,4.025661,0.503516,7,5,9
80250,0,0,0,1,1,4.025735,0.503525,7,5,9
80260,0,0,0,0,0,4.025506,0.503498,7,5,9
80270,1,0,0,2,1,4.025250,0.503468,7,5,9
80280,5,1,2,9,1,4.025296,0.503468,7,5,9
80290,1,0,1,3,1,4.025341,0.503478,7,5,9
80300,0,0,0,0,0,4.025086,0.503454,7,5,9
80310,1,1,0,3,1,4.024832,0.503423,7,5,9
80320,0,0,0,1,1,4.024544,0.503389,7,5,9
80330,0,3,3,7,1,4.024750,0.503407,7,5,9
80340,1,1,1,4,1,4.025343,0.503478,7,5,9
80350,0,0,1,2,1,4.025057,0.503450,7,5,9
80360,0,0,0,1,1,4.024708,0.503420,7,5,9
80370,2,1,1,5,1,4.024614,0.503402,7,5,9
80380,2,0,1,4,1,4.024508,0.503389,7,5,9
80390,1,1,0,3,1,4.024455,0.503386,7,5,9
80400,3,11,9,24,1,4.024749,0.503411,7,5,9
80410,10,11,1,23,1,4.027285,0.503722,7,5,9
80420,0,0,0,1,1,4.028175,0.503838,7,5,9
80430,1,1,1,4,1,4.027980,0.503815,7,5,9
80440,1,1,0,3,1,4.027656,0.503783,7,5,9
80450,1,2,3,7,1,4.027752,0.503788,7,5,9
80460,3,2,1,7,1,4.028044,0.503818,7,5,9
80470,5,1,1,8,1,4.028533,0.503873,7,5,9
80480,0,0,0,0,0,4.028429,0.503868,7,5,9
80490,0,1,0,2,1,4.028629,0.503881,7,5,9
80500,0,0,0,1,1,4.028278,0.503848,7,5,9
80510,1,1,1,4,1,4.028301,0.503852,7,5,9
80520,0,0,0,0,0,4.027951,0.503808,7,5,9
80530,0,0,0,1,1,4.027929,0.503805,7,5,9
80540,2,5,0,8,1,4.028049,0.503814,7,5,9
80550,3,4,1,9,1,4.028742,0.503895,7,5,9
80560,3,4,1,9,1,4.028948,0.503916,7,5,9
80570,0,1,1,3,1,4.028764,0.503896,7,5,9
80580,0,0,0,0,0,4.028597,0.503883,7,5,9
80590,1,0,2,4,1,4.028872,0.503902,7,5,9
80600,0,0,0,1,1,4.028930,0.503907,7,5,9
80610,1,2,2,6,1,4.028903,0.503914,7,5,9
80620,2,2,3,8,1,4.029167,0.503939,7,5,9
80630,4,1,0,6,1,4.029491,0.503968,7,5,9
80640,0,0,3,4,1,4.029559,0.503979,7,5,9
80650,0,0,0,0,0,4.029289,0.503949,7,5,9
80660,4,2,2,9,1,4.029272,0.503929,7,5,9
80670,0,0,0,0,0,4.029072,0.503894,7,5,9
80680,1,1,3,6,1,4.029143,0.503893,7,5,9
80690,0,0,0,0,0,4.028966,0.503872,7,5,9
80700,0,0,0,0,0,4.028758,0.503848,7,5,9
80710,0,1,1,3,1,4.028512,0.503821,7,5,9
80720,1,0,0,2,1,4.028259,0.503783,7,5,9
80730,2,0,0,3,1,4.027977,0.503750,7,5,9
80740,3,0,3,7,1,4.027840,0.503728,7,5,9
80750,0,0,0,0,0,4.027893,0.503726,7,5,9
80760,0,0,3,4,1,4.027554,0.503683,7,5,9
80770,1,1,2,5,1,4.027597,0.503687,7,5,9
80780,1,0,0,2,1,4.027798,0.503705,7,5,9
80790,0,0,0,0,0,4.027663,0.503689,7,5,9
80800,1,1,0,3,1,4.027356,0.503652,7,5,9
80810,0,0,0,0,0,4.027010,0.503612,7,5,9
80820,0,0,0,1,1,4.026903,0.503600,7,5,9
80830,1,1,1,4,1,4.026587,0.503562,7,5,9
80840,1,0,0,2,1,4.026454,0.503541,7,5,9
80850,0,1,0,2,1,4.026188,0.503509,7,5,9
80860,3,0,2,6,1,4.026220,0.503515,7,5,9
80870,0,2,2,5,1,4.025974,0.503497,7,5,9
80880,0,5,1,7,1,4.026032,0.503492,7,5,9
80890,1,0,0,2,1,4.025774,0.503471,7,5,9
80900,0,2,1,4,1,4.025708,0.503466,7,5,9
80910,0,0,0,0,0,4.025760,0.503477,7,5,9
80920,0,2,1,4,1,4.025623,0.503449,7,5,9
80930,0,0,0,0,0,4.025307,0.503416,7,5,9
80940,1,1,2,5,1,4.025211,0.503399,7,5,9
80950,0,0,0,0,0,4.024976,0.503375,7,5,9
80960,0,0,0,1,1,4.025110,0.503390,7,5,9
80970,5,6,1,13,1,4.024950,0.503366,7,5,9
80980,0,0,0,1,1,4.024961,0.503370,7,5,9
80990,2,0,3,6,1,4.024730,0.503345,7,5,9
81000,2,2,3,8,1,4.024719,0.503347,7,5,9
81010,0,0,0,0,0,4.024586,0.503338,7,5,9
81020,0,0,1,2,1,4.024469,0.503329,7,5,9
81030,2,3,1,7,1,4.024398,0.503324,7,5,9
81040,0,0,0,0,0,4.024228,0.503314,7,5,9
81050,0,0,1,2,1,4.024442,0.503326,7,5,9
81060,1,1,3,6,1,4.024699,0.503354,7,5,9
81070,0,0,0,0,0,4.024379,0.503325,7,5,9
81080,2,4,3,10,1,4.024516,0.503332,7,5,9
81090,1,0,3,5,1,4.024595,0.503352,7,5,9
81100,0,0,0,1,1,4.024603,0.503362,7,5,9
81110,0,0,0,0,0,4.024317,0.503338,7,5,9
81120,0,0,1,2,1,4.024179,0.503323,7,5,9
81130,1,0,2,4,1,4.023894,0.503291,7,5,9
81140,1,0,0,2,1,4.023917,0.503298,7,5,9
81150,1,1,1,4,1,4.023891,0.503299,7,5,9
81160,0,0,0,0,0,4.023678,0.503281,7,5,9
81170,4,2,7,14,1,4.023704,0.503269,7,5,9
81180,1,2,1,5,1,4.023621,0.503266,7,5,9
81190,4,5,3,13,1,4.024440,0.503363,7,5,9
81200,2,3,1,7,1,4.025012,0.503433,7,5,9
81210,0,0,0,0,0,4.024917,0.503428,7,5,9
81220,0,0,0,0,0,4.025189,0.503462,7,5,9
81230,0,0,1,2,1,4.025093,0.503455,7,5,9
81240,1,0,2,4,1,4.024796,0.503426,7,5,9
81250,0,1,0,2,1,4.025135,0.503465,7,5,9
81260,5,1,3,10,1,4.025163,0.503466,7,5,9
81270,7,2,3,13,1,4.027276,0.503721,7,5,9
81280,0,2,3,6,1,4.027455,0.503742,7,5,9
81290,1,1,3,6,1,4.027690,0.503758,7,5,9
81300,0,0,0,0,0,4.028069,0.503798,7,5,9
81310,0,0,0,0,0,4.028035,0.503794,7,5,9
81320,0,0,0,1,1,4.027662,0.503763,7,5,9
81330,0,0,0,0,0,4.027385,0.503729,7,5,9
81340,0,1,0,2,1,4.027215,0.503701,7,5,9
81350,0,0,0,0,0,4.026959,0.503671,7,5,9
81360,0,0,0,1,1,4.026678,0.503642,7,5,9
81370,1,1,3,6,1,4.026305,0.503604,7,5,9
81380,0,1,0,2,1,4.026227,0.503589,7,5,9
81390,0,0,0,1,1,4.026042,0.503569,7,5,9
81400,0,0,0,0,0,4.025725,0.503539,7,5,9
81410,0,2,0,3,1,4.025554,0.503522,7,5,9
81420,0,0,0,1,1,4.025346,0.503502,7,5,9
81430,3,4,0,8,1,4.025294,0.503496,7,5,9
81440,2,0,1,4,1,4.025333,0.503494,7,5,9
81450,2,6,2,11,1,4.025634,0.503522,7,5,9
81460,4,3,2,10,1,4.026638,0.503641,7,5,9
81470,5,4,4,14,1,4.027645,0.503754,7,5,9
81480,3,1,3,8,1,4.027915,0.503785,7,5,9
81490,0,0,0,0,0,4.027666,0.503751,7,5,9
81500,0,0,0,1,1,4.027442,0.503725,7,5,9
81510,0,0,0,1,1,4.027285,0.503713,7,5,9
81520,0,0,0,0,0,4.026976,0.503685,7,5,9
81530,0,0,0,1,1,4.026672,0.503642,7,5,9
81540,1,3,5,10,1,4.026880,0.503666,7,5,9
81550,1,0,0,2,1,4.026830,0.503655,7,5,9
81560,0,0,0,1,1,4.026511,0.503613,7,5,9
81570,1,0,1,3,1,4.026162,0.503577,7,5,9
81580,0,0,1,2,1,4.025965,0.503549,7,5,9
81590,0,0,0,1,1,4.025658,0.503527,7,5,9
81600,0,0,1,2,1,4.025373,0.503490,7,5,9
81610,0,0,0,0,0,4.025490,0.503505,7,5,9
81620,0,0,0,1,1,4.025154,0.503471,7,5,9
81630,2,0,0,3,1,4.025260,0.503478,7,5,9
81640,1,1,4,7,1,4.024946,0.503444,7,5,9
81650,3,4,0,8,1,4.025657,0.503529,7,5,9
81660,1,1,0,3,1,4.025545,0.503514,7,5,9
81670,0,0,1,2,1,4.025259,0.503493,7,5,9
81680,8,0,1,10,1,4.025518,0.503517,7,5,9
81690,0,0,0,1,1,4.025503,0.503520,7,5,9
81700,0,0,1,2,1,4.025612,0.503531,7,5,9
81710,0,0,0,0,0,4.025361,0.503499,7,5,9
81720,1,2,3,7,1,4.025312,0.503487,7,5,9
81730,3,1,7,12,1,4.025988,0.503564,7,5,9
81740,4,4,1,10,1,4.026781,0.503657,7,5,9
81750,1,0,2,4,1,4.026730,0.503645,7,5,9
81760,3,0,1,5,1,4.026690,0.503647,7,5,9
81770,0,1,1,3,1,4.026479,0.503629,7,5,9
81780,0,1,3,5,1,4.026562,0.503641,7,5,9
81790,0,1,1,3,1,4.026634,0.503647,7,5,9
81800,0,0,0,0,0,4.026398,0.503625,7,5,9
81810,9,5,6,21,1,4.027117,0.503711,7,5,9
81820,0,0,0,1,1,4.027314,0.503738,7,5,9
81830,1,0,0,2,1,4.027009,0.503712,7,5,9
81840,0,0,0,1,1,4.027048,0.503713,7,5,9
81850,0,1,0,2,1,4.026723,0.503673,7,5,9
81860,2,1,1,5,1,4.026674,0.503669,7,5,9
81870,0,1,0,2,1,4.027026,0.503709,7,5,9
81880,0,0,0,0,0,4.026726,0.503673,7,5,9
81890,0,0,0,1,1,4.026658,0.503665,7,5,9
81900,0,0,0,0,0,4.026417,0.503637,7,5,9
81910,2,0,1,4,1,4.026157,0.503606,7,5,9
81920,0,0,0,1,1,4.026705,0.503677,7,5,9
81930,0,4,0,5,1,4.026491,0.503646,7,5,9
81940,0,0,2,3,1,4.026686,0.503656,7,5,9
81950,1,0,1,3,1,4.026782,0.503672,7,5,9
81960,0,0,0,0,0,4.026612,0.503648,7,5,9
81970,0,0,0,1,1,4.026379,0.503618,7,5,9
81980,1,0,0,2,1,4.026034,0.503585,7,5,9
81990,0,0,0,1,1,4.025884,0.503571,7,5,9
82000,0,0,0,1,1,4.025752,0.503550,7,5,9
82010,1,3,2,7,1,4.026838,0.503686,7,5,9
82020,0,1,0,2,1,4.027030,0.503711,7,5,9
82030,1,4,1,7,1,4.026905,0.503692,7,5,9
82040,2,3,4,10,1,4.026993,0.503696,7,5,9
82050,0,1,0,2,1,4.026954,0.503693,7,5,9
82060,0,0,0,0,0,4.026694,0.503664,7,5,9
82070,1,2,2,6,1,4.026574,0.503634,7,5,9
82080,0,0,1,2,1,4.026752,0.503658,7,5,9
82090,0,0,0,1,1,4.026457,0.503631,7,5,9
82100,3,1,2,7,1,4.026409,0.503623,7,5,9
82110,0,0,1,2,1,4.026268,0.503612,7,5,9
82120,0,1,2,4,1,4.025886,0.503578,7,5,9
82130,2,0,1,4,1,4.025861,0.503573,7,5,9
82140,0,0,0,0,0,4.025595,0.503549,7,5,9
82150,0,0,0,1,1,4.025223,0.503512,7,5,9
82160,0,0,0,1,1,4.024951,0.503490,7,5,9
82170,2,1,0,4,1,4.024879,0.503478,7,5,9
82180,0,0,0,1,1,4.024890,0.503476,7,5,9
82190,0,0,0,0,0,4.024507,0.503445,7,5,9
82200,4,3,3,11,1,4.024623,0.503462,7,5,9
82210,3,1,2,7,1,4.025155,0.503527,7,5,9
82220,2,2,1,6,1,4.025026,0.503517,7,5,9
82230,0,0,0,0,0,4.025036,0.503517,7,5,9
82240,0,0,0,0,0,4.024823,0.503499,7,5,9
82250,0,1,1,3,1,4.024753,0.503490,7,5,9
82260,0,0,1,2,1,4.024463,0.503459,7,5,9
82270,0,0,0,0,0,4.024118,0.503430,7,5,9
82280,0,0,0,1,1,4.023861,0.503403,7,5,9
82290,1,3,3,8,1,4.024137,0.503432,7,5,9
82300,0,0,1,2,1,4.024681,0.503495,7,5,9
82310,0,0,0,0,0,4.024968,0.503532,7,5,9
82320,5,2,8,16,1,4.024941,0.503525,7,5,9
82330,0,2,1,4,1,4.025741,0.503624,7,5,9
82340,0,0,0,0,0,4.025382,0.503582,7,5,9
82350,2,4,1,8,1,4.025393,0.503583,7,5,9
82360,0,0,0,1,1,4.025232,0.503567,7,5,9
82370,0,0,0,0,0,4.024840,0.503524,7,5,9
82380,0,0,0,1,1,4.024581,0.503487,7,5,9
82390,0,0,0,0,0,4.024280,0.503451,7,5,9
82400,2,0,0,3,1,4.024043,0.503422,7,5,9
82410,0,0,0,1,1,4.024010,0.503418,7,5,9
82420,0,0,1,2,1,4.023881,0.503402,7,5,9
82430,1,0,1,3,1,4.023907,0.503411,7,5,9
82440,2,0,0,3,1,4.023863,0.503402,7,5,9
82450,1,0,1,3,1,4.023570,0.503366,7,5,9
82460,2,0,1,4,1,4.023447,0.503352,7,5,9
82470,0,0,0,0,0,4.023156,0.503329,7,5,9
82480,1,4,3,9,1,4.023313,0.503346,7,5,9
82490,0,0,0,0,0,4.023126,0.503337,7,5,9
82500,3,4,0,8,1,4.023021,0.503321,7,5,9
82510,1,1,1,4,1,4.022980,0.503317,7,5,9
82520,0,0,0,1,1,4.022682,0.503286,7,5,9
82530,0,0,0,1,1,4.022481,0.503263,7,5,9
82540,0,1,1,3,1,4.022301,0.503246,7,5,9
82550,0,0,0,1,1,4.022243,0.503237,7,5,9
82560,0,0,0,1,1,4.022265,0.503246,7,5,9
82570,0,1,0,2,1,4.021950,0.503211,7,5,9
82580,1,0,0,2,1,4.021830,0.503196,7,5,9
82590,0,0,0,1,1,4.021740,0.503184,7,5,9
82600,0,0,0,1,1,4.021531,0.503154,7,5,9
82610,0,0,0,1,1,4.021264,0.503132,7,5,9
82620,0,1,1,3,1,4.021174,0.503122,7,5,9
82630,0,0,2,3,1,4.020920,0.503077,7,5,9
82640,0,0,0,0,0,4.020839,0.503069,7,5,9
82650,1,0,0,2,1,4.020756,0.503054,7,5,9
82660,1,0,2,4,1,4.020548,0.503034,7,5,9
82670,0,0,0,0,0,4.020251,0.502996,7,5,9
82680,0,0,0,1,1,4.020224,0.502990,7,5,9
82690,0,0,0,1,1,4.019980,0.502954,7,5,9
82700,1,0,0,2,1,4.019688,0.502922,7,5,9
82710,2,1,2,6,1,4.019536,0.502903,7,5,9
82720,1,2,1,5,1,4.019606,0.502908,7,5,9
82730,1,1,3,6,1,4.019495,0.502891,7,5,9
82740,0,1,0,2,1,4.019411,0.502883,7,5,9
82750,2,0,1,4,1,4.019142,0.502859,7,5,9
82760,1,1,0,3,1,4.018868,0.502833,7,5,9
82770,0,0,0,0,0,4.018806,0.502834,7,5,9
82780,0,0,0,1,1,4.018682,0.502820,7,5,9
82790,0,1,1,3,1,4.018526,0.502799,7,5,9
82800,1,0,0,2,1,4.018385,0.502784,7,5,9
82810,1,0,2,4,1,4.018141,0.502753,7,5,9
82820,4,8,4,17,1,4.018313,0.502765,7,5,9
82830,14,13,5,33,1,4.021234,0.503114,7,6,9
82840,5,8,9,23,1,4.023358,0.503369,7,6,9
82850,1,0,0,2,1,4.024216,0.503466,7,6,9
82860,5,2,1,9,1,4.023978,0.503437,7,6,9
82870,5,3,9,18,1,4.025291,0.503590,7,6,9
82880,0,0,0,1,1,4.025601,0.503632,7,6,9
82890,0,0,0,0,0,4.025493,0.503619,7,6,9
82900,2,2,5,10,1,4.025456,0.503606,7,6,9
82910,0,2,0,3,1,4.025859,0.503655,7,6,9
82920,0,0,0,0,0,4.025578,0.503616,7,6,9
82930,3,3,0,7,1,4.025557,0.503613,7,6,9
82940,0,2,0,3,1,4.026745,0.503748,7,6,9
82950,1,1,0,3,1,4.026649,0.503740,7,6,9
82960,0,0,0,0,0,4.026380,0.503713,7,6,9
82970,5,2,4,12,1,4.026349,0.503709,7,6,9
82980,4,4,8,17,1,4.028075,0.503913,7,6,9
82990,6,2,4,13,1,4.028738,0.503989,7,6,9
83000,6,2,3,12,1,4.030400,0.504198,7,6,9
83010,1,1,1,4,1,4.031479,0.504332,7,6,9
83020,0,1,1,3,1,4.031287,0.504308,7,6,9
83030,2,0,1,4,1,4.031265,0.504307,7,6,9
83040,3,3,2,9,1,4.031133,0.504292,7,6,9
83050,0,0,0,1,1,4.031851,0.504374,7,6,9
83060,1,0,1,3,1,4.031515,0.504343,7,6,9
83070,1,1,1,4,1,4.031275,0.504315,7,6,9
83080,5,4,6,16,1,4.031637,0.504348,7,6,9
83090,5,2,2,10,1,4.031664,0.504343,7,6,9
83100,0,0,0,0,0,4.031555,0.504330,7,6,9
83110,0,0,0,1,1,4.031244,0.504295,7,6,9
83120,0,0,0,0,0,4.031071,0.504271,7,6,9
83130,3,1,4,9,1,4.030982,0.504253,7,6,9
83140,0,0,0,0,0,4.030925,0.504245,7,6,9
83150,0,1,1,3,1,4.031302,0.504283,7,6,9
83160,3,1,0,5,1,4.031234,0.504280,7,6,9
83170,0,0,0,0,0,4.030951,0.504253,7,6,9
83180,1,2,0,4,1,4.030733,0.504225,7,6,9
83190,1,1,0,3,1,4.030425,0.504195,7,6,9
83200,0,1,0,2,1,4.030146,0.504159,7,6,9
83210,0,0,0,1,1,4.029926,0.504125,7,6,9
83220,0,0,0,0,0,4.029711,0.504101,7,6,9
83230,0,0,0,0,0,4.029395,0.504068,7,6,9
83240,0,0,0,0,0,4.029117,0.504029,7,6,9
83250,0,0,0,0,0,4.028934,0.504013,7,6,9
83260,0,0,0,1,1,4.028578,0.503983,7,6,9
83270,0,0,0,0,0,4.028588,0.503987,7,6,9
83280,0,0,0,1,1,4.028400,0.503970,7,6,9
83290,0,0,0,0,0,4.028205,0.503950,7,6,9
83300,0,0,0,1,1,4.027933,0.503915,7,6,9
83310,0,1,0,2,1,4.027720,0.503899,7,6,9
83320,0,0,0,0,0,4.027418,0.503864,7,6,9
83330,0,0,1,2,1,4.027177,0.503829,7,6,9
83340,5,3,2,11,1,4.027282,0.503839,7,6,9
83350,0,2,4,7,1,4.027370,0.503850,7,6,9
83360,0,1,1,3,1,4.027243,0.503830,7,6,9
83370,1,0,0,2,1,4.027059,0.503814,7,6,9
83380,0,1,0,2,1,4.027022,0.503805,7,6,9
83390,1,2,1,5,1,4.026915,0.503792,7,6,9
83400,0,0,0,1,1,4.026855,0.503784,7,6,9
83410,1,1,1,4,1,4.026507,0.503746,7,6,9
83420,0,1,0,2,1,4.026427,0.503728,7,6,9
83430,0,0,0,0,0,4.026646,0.503747,7,6,9
83440,0,0,0,0,0,4.026577,0.503735,7,6,9
83450,0,0,0,1,1,4.026823,0.503763,7,6,9
83460,0,1,0,2,1,4.026567,0.503733,7,6,9
83470,0,0,0,1,1,4.026364,0.503710,7,6,9
83480,1,0,0,2,1,4.026092,0.503686,7,6,9
83490,1,0,0,2,1,4.025923,0.503672,7,6,9
83500,1,2,1,5,1,4.025906,0.503676,7,6,9
83510,1,1,0,3,1,4.026335,0.503726,7,6,9
83520,8,6,4,19,1,4.027211,0.503833,7,6,9
83530,0,0,2,3,1,4.027658,0.503892,7,6,9
83540,0,0,0,0,0,4.027348,0.503855,7,6,9
83550,4,2,3,10,1,4.027734,0.503905,7,6,9
83560,1,3,3,8,1,4.027775,0.503901,7,6,9
83570,0,0,0,0,0,4.027808,0.503903,7,6,9
83580,0,0,0,1,1,4.027522,0.503870,7,6,9
83590,0,0,0,0,0,4.027168,0.503841,7,6,9
83600,1,1,1,4,1,4.026987,0.503818,7,6,9
83610,0,0,0,0,0,4.026782,0.503796,7,6,9
83620,2,0,1,4,1,4.026702,0.503793,7,6,9
83630,0,0,0,0,0,4.026451,0.503758,7,6,9
83640,1,3,2,7,1,4.026262,0.503732,7,6,9
83650,4,9,9,23,1,4.027770,0.503912,7,6,9
83660,11,5,9,26,1,4.030273,0.504206,7,6,9
83670,0,0,0,0,0,4.031937,0.504408,7,6,9
83680,3,3,1,8,1,4.031816,0.504395,7,6,9
83690,3,3,2,9,1,4.031577,0.504366,7,6,9
83700,0,0,0,1,1,4.032500,0.504484,7,6,9
83710,3,4,2,10,1,4.032694,0.504500,7,6,9
83720,0,0,0,1,1,4.032757,0.504521,7,6,9
83730,0,0,0,0,0,4.032941,0.504549,7,6,9
83740,3,1,2,7,1,4.033115,0.504558,7,6,9
83750,0,4,1,6,1,4.033126,0.504560,7,6,9
83760,3,3,2,9,1,4.033047,0.504547,7,6,9
83770,4,1,1,7,1,4.033145,0.504555,7,6,9
83780,0,0,0,0,0,4.032965,0.504533,7,6,9
83790,0,0,2,3,1,4.032934,0.504524,7,6,9
83800,1,1,1,4,1,4.032754,0.504511,7,6,9
83810,0,0,0,0,0,4.032467,0.504481,7,6,9
83820,0,0,0,0,0,4.032308,0.504463,7,6,9
83830,2,3,3,9,1,4.032256,0.504458,7,6,9
83840,9,3,7,20,1,4.033157,0.504562,7,6,9
83850,0,0,1,2,1,4.033139,0.504573,7,6,9
83860,1,0,0,2,1,4.033073,0.504561,7,6,9
83870,0,0,0,0,0,4.033042,0.504565,7,6,9
83880,3,3,1,8,1,4.033071,0.504564,7,6,9
83890,1,0,2,4,1,4.032902,0.504554,7,6,9
83900,0,1,0,2,1,4.033298,0.504598,7,6,9
83910,3,0,1,5,1,4.033483,0.504613,7,6,9
83920,0,0,0,0,0,4.033255,0.504588,7,6,9
83930,9,5,9,24,1,4.033421,0.504603,7,6,9
83940,4,10,10,25,1,4.035792,0.504888,7,6,9
83950,0,0,0,1,1,4.036936,0.505036,7,6,9
83960,0,0,0,1,1,4.037163,0.505050,7,6,9
83970,1,2,1,5,1,4.036956,0.505027,7,6,9
83980,0,0,0,1,1,4.036869,0.505018,7,6,9
83990,0,0,1,2,1,4.036820,0.505012,7,6,9
84000,0,0,0,0,0,4.036665,0.505000,7,6,9
84010,0,0,0,0,0,4.036449,0.504975,7,6,9
84020,0,1,0,2,1,4.036146,0.504948,7,6,9
84030,2,0,1,4,1,4.035951,0.504927,7,6,9
84040,7,8,4,20,1,4.036179,0.504948,7,6,9
84050,1,2,4,8,1,4.036220,0.504957,7,6,9
84060,7,5,2,15,1,4.036401,0.504989,7,6,9
84070,4,4,4,13,1,4.037423,0.505112,7,6,9
84080,1,2,0,4,1,4.037606,0.505133,7,6,9
84090,0,0,0,0,0,4.037475,0.505117,7,6,9
84100,1,0,0,2,1,4.037244,0.505081,7,6,9
84110,1,1,2,5,1,4.036898,0.505052,7,6,9
84120,0,0,0,0,0,4.036733,0.505034,7,6,9
84130,2,1,2,6,1,4.036683,0.505028,7,6,9
84140,0,0,1,2,1,4.036796,0.505041,7,6,9
84150,0,0,0,1,1,4.036912,0.505047,7,6,9
84160,1,3,3,8,1,4.037061,0.505068,7,6,9
84170,1,0,0,2,1,4.037249,0.505080,7,6,9
84180,0,3,2,6,1,4.037071,0.505052,7,6,9
84190,0,0,0,1,1,4.036739,0.505015,7,6,9
84200,0,1,1,3,1,4.036497,0.504985,7,6,9
84210,0,0,0,1,1,4.036323,0.504962,7,6,9
84220,0,2,0,3,1,4.036097,0.504938,7,6,9
84230,0,0,0,1,1,4.035739,0.504903,7,6,9
84240,0,0,0,0,0,4.035685,0.504900,7,6,9
84250,0,0,0,0,0,4.035349,0.504864,7,6,9
84260,3,2,0,6,1,4.035164,0.504838,7,6,9
84270,4,2,1,8,1,4.035642,0.504892,7,6,9
84280,0,0,0,0,0,4.035606,0.504898,7,6,9
84290,1,1,2,5,1,4.035342,0.504873,7,6,9
84300,2,1,2,6,1,4.035391,0.504874,7,6,9
84310,0,0,2,3,1,4.035156,0.504850,7,6,9
84320,0,1,0,2,1,4.034853,0.504827,7,6,9
84330,0,1,0,2,1,4.034585,0.504802,7,6,9
84340,2,1,0,4,1,4.034388,0.504769,7,6,9
84350,2,1,1,5,1,4.034180,0.504733,7,6,9
84360,4,1,1,7,1,4.034111,0.504719,7,6,9
84370,3,2,4,10,1,4.035109,0.504835,7,6,9
84380,1,3,5,10,1,4.035442,0.504875,7,6,9
84390,0,1,0,2,1,4.035471,0.504877,7,6,9
84400,3,6,3,13,1,4.035310,0.504855,7,6,9
84410,0,0,0,1,1,4.035638,0.504904,7,6,9
84420,0,0,2,3,1,4.035762,0.504918,7,6,9
84430,3,0,2,6,1,4.035758,0.504905,7,6,9
84440,1,4,0,6,1,4.035722,0.504902,7,6,9
84450,5,8,5,19,1,4.035773,0.504906,7,6,9
84460,0,0,0,0,0,4.036559,0.505006,7,6,9
84470,3,0,0,4,1,4.036387,0.504986,7,6,9
84480,3,1,3,8,1,4.036239,0.504957,7,6,9
84490,2,2,3,8,1,4.036151,0.504948,7,6,9
84500,1,2,0,4,1,4.036286,0.504958,7,6,9
84510,0,0,0,1,1,4.036197,0.504952,7,6,9
84520,0,0,0,0,0,4.035907,0.504920,7,6,9
84530,2,0,2,5,1,4.035624,0.504888,7,6,9
84540,0,1,0,2,1,4.035477,0.504866,7,6,9
84550,0,2,0,3,1,4.035189,0.504826,7,6,9
84560,3,2,1,7,1,4.035108,0.504809,7,6,9
84570,0,0,2,3,1,4.035159,0.504816,7,6,9
84580,0,0,1,2,1,4.034911,0.504783,7,6,9
84590,3,0,0,4,1,4.034629,0.504763,7,6,9
84600,2,1,4,8,1,4.034524,0.504749,7,6,9
84610,0,0,0,0,0,4.034412,0.504735,7,6,9
84620,1,1,1,4,1,4.034389,0.504731,7,6,9
84630,0,0,0,0,0,4.034197,0.504713,7,6,9
84640,2,3,2,8,1,4.034229,0.504709,7,6,9
84650,3,3,5,12,1,4.035289,0.504833,7,6,9
84660,0,0,0,1,1,4.035409,0.504852,7,6,9
84670,0,0,0,0,0,4.035634,0.504878,7,6,9
84680,0,0,0,1,1,4.035371,0.504839,7,6,9
84690,0,0,0,1,1,4.035197,0.504829,7,6,9
84700,0,0,0,0,0,4.034973,0.504804,7,6,9
84710,0,0,0,0,0,4.034696,0.504774,7,6,9
84720,2,0,0,3,1,4.034448,0.504743,7,6,9
84730,6,7,6,20,1,4.034975,0.504798,7,6,9
84740,2,2,1,6,1,4.035336,0.504853,7,6,9
84750,0,1,0,2,1,4.035695,0.504896,7,6,9
84760,1,2,2,6,1,4.035411,0.504861,7,6,9
84770,0,0,0,0,0,4.035191,0.504834,7,6,9
84780,0,0,1,2,1,4.035504,0.504870,7,6,9
84790,3,0,4,8,1,4.035485,0.504865,7,6,9
84800,0,1,0,2,1,4.035173,0.504833,7,6,9
84810,0,0,1,2,1,4.035170,0.504829,7,6,9
84820,0,0,0,0,0,4.035010,0.504821,7,6,9
84830,2,0,2,5,1,4.034857,0.504795,7,6,9
84840,0,1,0,2,1,4.034665,0.504773,7,6,9
84850,0,0,2,3,1,4.034364,0.504737,7,6,9
84860,2,1,1,5,1,4.034325,0.504722,7,6,9
84870,0,0,0,1,1,4.034504,0.504746,7,6,9
84880,0,0,2,3,1,4.034241,0.504711,7,6,9
84890,0,0,0,1,1,4.034147,0.504693,7,6,9
84900,0,0,0,0,0,4.033917,0.504677,7,6,9
84910,1,0,1,3,1,4.033615,0.504644,7,6,9
84920,1,1,2,5,1,4.033659,0.504643,7,6,9
84930,0,0,0,0,0,4.033329,0.504612,7,6,9
84940,4,4,2,11,1,4.033576,0.504640,7,6,9
84950,2,0,0,3,1,4.033571,0.504642,7,6,9
84960,0,2,0,3,1,4.033588,0.504640,7,6,9
84970,3,1,1,6,1,4.033455,0.504624,7,6,9
84980,0,0,0,0,0,4.033286,0.504605,7,6,9
84990,5,3,2,11,1,4.033176,0.504577,7,6,9
85000,3,2,1,7,1,4.034127,0.504684,7,6,9
85010,0,1,0,2,1,4.034053,0.504672,7,6,9
85020,0,0,1,2,1,4.033985,0.504662,7,6,9
85030,0,0,2,3,1,4.034024,0.504666,7,6,9
85040,0,1,2,4,1,4.033860,0.504649,7,6,9
85050,0,0,0,0,0,4.033690,0.504636,7,6,9
85060,2,0,0,3,1,4.033411,0.504607,7,6,9
85070,0,0,1,2,1,4.033094,0.504566,7,6,9
85080,0,1,0,2,1,4.032933,0.504541,7,6,9
85090,0,2,1,4,1,4.032827,0.504520,7,6,9
85100,0,0,0,0,0,4.032682,0.504506,7,6,9
85110,1,0,0,2,1,4.032705,0.504498,7,6,9
85120,0,0,0,1,1,4.032605,0.504480,7,6,9
85130,0,0,0,1,1,4.032359,0.504451,7,6,9
85140,4,5,3,13,1,4.032284,0.504436,7,6,9
85150,2,1,2,6,1,4.032287,0.504432,7,6,9
85160,0,0,0,0,0,4.032038,0.504408,7,6,9
85170,3,2,3,9,1,4.031930,0.504392,7,6,9
85180,0,1,0,2,1,4.031914,0.504382,7,6,9
85190,1,0,0,2,1,4.031696,0.504359,7,6,9
85200,0,1,1,3,1,4.031469,0.504321,7,6,9
85210,1,0,0,2,1,4.031192,0.504290,7,6,9
85220,0,0,0,0,0,4.030947,0.504262,7,6,9
85230,0,0,0,1,1,4.030719,0.504235,7,6,9
85240,0,0,0,1,1,4.030494,0.504214,7,6,9
85250,2,1,1,5,1,4.030491,0.504208,7,6,9
85260,0,0,0,0,0,4.030213,0.504174,7,6,9
85270,0,0,0,0,0,4.030016,0.504157,7,6,9
85280,0,0,0,1,1,4.029879,0.504143,7,6,9
85290,1,2,2,6,1,4.029776,0.504112,7,6,9
85300,1,0,0,2,1,4.029670,0.504102,7,6,9
85310,2,4,1,8,1,4.029952,0.504129,7,6,9
85320,0,0,0,0,0,4.029723,0.504109,7,6,9
85330,2,0,2,5,1,4.029549,0.504085,7,6,9
85340,0,0,0,0,0,4.029307,0.504064,7,6,9
85350,0,0,0,1,1,4.029255,0.504056,7,6,9
85360,0,1,0,2,1,4.029214,0.504045,7,6,9
85370,0,0,0,0,0,4.028969,0.504017,7,6,9
85380,0,0,0,0,0,4.028678,0.503989,7,6,9
85390,0,1,0,2,1,4.028417,0.503962,7,6,9
85400,1,0,1,3,1,4.028088,0.503931,7,6,9
85410,0,0,0,0,0,4.027945,0.503914,7,6,9
85420,0,0,0,0,0,4.027743,0.503898,7,6,9
85430,0,1,1,3,1,4.027417,0.503867,7,6,9
85440,0,0,0,0,0,4.027281,0.503848,7,6,9
85450,1,0,2,4,1,4.027303,0.503843,7,6,9
85460,0,0,0,1,1,4.027214,0.503832,7,6,9
85470,0,0,0,0,0,4.026878,0.503797,7,6,9
85480,2,0,4,7,1,4.026859,0.503788,7,6,9
85490,0,0,0,0,0,4.027579,0.503877,7,6,9
85500,4,3,3,11,1,4.027339,0.503848,7,6,9
85510,0,1,0,2,1,4.027426,0.503862,7,6,9
85520,0,2,0,3,1,4.027131,0.503830,7,6,9
85530,3,6,4,14,1,4.027383,0.503857,7,6,9
85540,0,0,0,1,1,4.027867,0.503919,7,6,9
85550,1,1,0,3,1,4.027584,0.503891,7,6,9
85560,0,0,0,1,1,4.027699,0.503897,7,6,9
85570,0,0,0,1,1,4.027894,0.503917,7,6,9
85580,0,0,2,3,1,4.027644,0.503882,7,6,9
85590,0,0,0,1,1,4.027328,0.503848,7,6,9
85600,0,0,0,0,0,4.027072,0.503817,7,6,9
85610,2,2,5,10,1,4.027372,0.503839,7,6,9
85620,1,0,0,2,1,4.027584,0.503875,7,6,9
85630,0,1,1,3,1,4.027320,0.503833,7,6,9
85640,1,0,2,4,1,4.027141,0.503812,7,6,9
85650,0,0,0,1,1,4.026866,0.503776,7,6,9
85660,0,0,0,1,1,4.027004,0.503791,7,6,9
85670,1,1,1,4,1,4.026979,0.503792,7,6,9
85680,0,0,0,0,0,4.026915,0.503783,7,6,9
85690,5,0,0,6,1,4.026749,0.503768,7,6,9
85700,0,0,1,2,1,4.026566,0.503748,7,6,9
85710,3,3,2,9,1,4.026862,0.503776,7,6,9
85720,2,1,1,5,1,4.026711,0.503765,7,6,9
85730,0,0,0,0,0,4.026744,0.503769,7,6,9
85740,0,0,0,1,1,4.027274,0.503829,7,6,9
85750,7,4,3,15,1,4.027302,0.503817,7,6,9
85760,0,3,0,4,1,4.027010,0.503788,7,6,9
85770,0,0,0,1,1,4.026947,0.503786,7,6,9
85780,4,4,3,12,1,4.027051,0.503790,7,6,9
85790,0,1,2,4,1,4.027787,0.503886,7,6,9
85800,0,0,0,0,0,4.027814,0.503895,7,6,9
85810,0,2,3,6,1,4.027844,0.503897,7,6,9
85820,0,0,1,2,1,4.027523,0.503865,7,6,9
85830,3,2,1,7,1,4.027432,0.503849,7,6,9
85840,0,0,2,3,1,4.027319,0.503835,7,6,9
85850,1,0,1,3,1,4.027348,0.503835,7,6,9
85860,0,0,3,4,1,4.027091,0.503807,7,6,9
85870,0,0,1,2,1,4.026824,0.503784,7,6,9
85880,0,0,0,1,1,4.026643,0.503766,7,6,9
85890,1,0,1,3,1,4.026273,0.503733,7,6,9
85900,3,0,3,7,1,4.026101,0.503710,7,6,9
85910,0,0,0,1,1,4.026073,0.503714,7,6,9
85920,3,0,1,5,1,4.025863,0.503683,7,6,9
85930,1,0,0,2,1,4.025613,0.503657,7,6,9
85940,0,0,0,0,0,4.025425,0.503637,7,6,9
85950,10,6,5,22,1,4.026170,0.503714,7,6,9
85960,2,1,2,6,1,4.027798,0.503914,7,6,9
85970,0,2,0,3,1,4.027637,0.503905,7,6,9
85980,0,0,0,0,0,4.027623,0.503906,7,6,9
85990,1,4,0,6,1,4.027337,0.503879,7,6,9
86000,0,0,0,1,1,4.027230,0.503869,7,6,9
86010,0,0,0,0,0,4.026922,0.503834,7,6,9
86020,0,0,0,1,1,4.027136,0.503858,7,6,9
86030,1,0,0,2,1,4.026808,0.503819,7,6,9
86040,0,0,0,0,0,4.027904,0.503951,7,6,9
86050,0,1,0,2,1,4.027875,0.503946,7,6,9
86060,1,2,6,10,1,4.027900,0.503948,7,6,9
86070,1,0,0,2,1,4.028209,0.503986,7,6,9
86080,4,2,3,10,1,4.027920,0.503948,7,6,9
86090,0,0,1,2,1,4.027958,0.503952,7,6,9
86100,0,0,0,1,1,4.027839,0.503940,7,6,9
86110,0,0,0,0,0,4.027670,0.503926,7,6,9
86120,2,5,4,12,1,4.028009,0.503954,7,6,9
86130,0,0,0,1,1,4.028108,0.503961,7,6,9
86140,4,3,4,12,1,4.028082,0.503947,7,6,9
86150,0,0,0,1,1,4.027936,0.503932,7,6,9
86160,0,0,0,1,1,4.027878,0.503922,7,6,9
86170,1,1,3,6,1,4.027644,0.503885,7,6,9
86180,0,0,0,1,1,4.027440,0.503862,7,6,9
86190,0,0,0,0,0,4.027433,0.503862,7,6,9
86200,0,0,0,0,0,4.027313,0.503852,7,6,9
86210,0,0,0,1,1,4.027110,0.503825,7,6,9
86220,4,2,5,12,1,4.027686,0.503884,7,6,9
86230,0,1,1,3,1,4.028145,0.503941,7,6,9
86240,0,0,0,0,0,4.028064,0.503931,7,6,9
86250,0,0,0,0,0,4.027773,0.503900,7,6,9
86260,3,1,0,5,1,4.027761,0.503894,7,6,9
86270,0,0,0,1,1,4.027593,0.503880,7,6,9
86280,0,0,0,1,1,4.027756,0.503899,7,6,9
86290,0,0,0,1,1,4.027571,0.503875,7,6,9
86300,1,3,2,7,1,4.027483,0.503866,7,6,9
86310,1,3,0,5,1,4.027238,0.503834,7,6,9
86320,1,2,0,4,1,4.027094,0.503816,7,6,9
86330,0,0,0,0,0,4.026906,0.503787,7,6,9
86340,4,0,4,9,1,4.026947,0.503792,7,6,9
86350,1,0,0,2,1,4.027138,0.503820,7,6,9
86360,0,0,1,2,1,4.026928,0.503793,7,6,9
86370,0,0,0,1,1,4.026785,0.503775,7,6,9
86380,2,0,1,4,1,4.026869,0.503780,7,6,9
86390,0,0,0,0,0,4.026776,0.503760,7,6,9
86400,0,0,0,0,0,4.026551,0.503731,7,6,9
