Tempo(s),Fila1,Fila2,Fila3,TotalSistema,ServidorOcupado,E[N],E[W]
10,2,2,0,5,1,4.590642,0.454519
20,7,4,2,14,1,6.971220,0.628038
30,7,1,1,10,1,8.141972,0.780381
40,20,2,2,25,1,10.496684,0.997310
50,12,6,1,20,1,12.484812,1.219220
60,9,3,3,16,1,13.072365,1.287918
70,1,0,0,2,1,12.167813,1.201336
80,5,1,0,7,1,11.547566,1.141910
90,0,1,0,2,1,10.556593,1.053319
100,5,3,1,10,1,10.206968,1.015619
110,0,0,0,0,0,10.574510,1.069114
120,5,2,1,9,1,10.118733,1.031647
130,4,1,1,7,1,9.826126,0.998746
140,9,4,3,17,1,10.390526,1.057944
150,15,6,4,26,1,11.231360,1.124636
160,5,3,7,16,1,11.945077,1.195255
170,7,5,1,14,1,12.611167,1.260375
180,0,0,0,0,0,12.410186,1.247255
190,1,0,0,2,1,12.255142,1.222298
200,7,3,3,14,1,12.361671,1.219100
210,11,2,2,16,1,12.695732,1.249346
220,6,6,1,14,1,12.743612,1.260043
230,1,0,1,3,1,12.500541,1.237145
240,2,0,0,3,1,12.231640,1.210055
250,8,3,3,15,1,12.025097,1.187312
260,12,5,1,19,1,12.372659,1.217597
270,15,8,2,26,1,12.733845,1.246154
280,16,4,3,24,1,13.216811,1.298494
290,8,4,1,14,1,13.513140,1.332023
300,9,6,1,17,1,13.556464,1.336929
310,10,8,1,20,1,13.611571,1.342108
320,28,8,4,41,1,14.156784,1.390049
330,35,8,13,57,1,15.296144,1.499622
340,19,12,6,38,1,16.320370,1.608851
350,8,4,3,16,1,16.685195,1.649200
360,14,8,6,29,1,16.641808,1.644538
370,14,8,3,26,1,16.996170,1.682789
380,8,2,0,11,1,16.888734,1.677396
390,23,6,2,32,1,17.037990,1.684364
400,19,9,7,36,1,17.190545,1.694484
410,25,10,3,39,1,17.748508,1.749673
420,12,7,2,22,1,18.010477,1.779440
430,5,5,2,13,1,17.978177,1.781248
440,7,3,0,11,1,17.852322,1.769149
450,0,1,0,2,1,17.648696,1.755507
460,6,4,1,12,1,17.427058,1.735162
470,0,0,0,1,1,17.158678,1.714044
480,14,7,1,23,1,16.920518,1.687482
490,3,0,3,7,1,16.862562,1.686256
500,0,0,0,0,0,16.580793,1.659407
510,8,5,4,18,1,16.393774,1.640342
520,18,6,4,29,1,16.498561,1.651762
530,10,8,3,22,1,16.633153,1.663629
540,17,7,0,25,1,16.712123,1.672141
550,24,4,4,33,1,17.029714,1.702043
560,24,2,7,34,1,17.307662,1.732313
570,33,10,4,48,1,17.763316,1.774775
580,23,14,8,46,1,18.243433,1.820577
590,27,8,4,40,1,18.627129,1.859246
600,26,9,10,46,1,18.994152,1.896570
610,19,5,4,29,1,19.389602,1.940551
620,17,5,3,26,1,19.575400,1.959120
630,3,2,1,7,1,19.504070,1.954751
640,15,9,5,30,1,19.387627,1.937854
650,21,11,5,38,1,19.691307,1.968222
660,24,9,6,40,1,19.991796,1.999786
670,50,20,6,77,1,20.635682,2.060493
680,37,8,5,51,1,21.303260,2.130953
690,43,15,9,68,1,21.932473,2.191025
700,38,20,7,66,1,22.568684,2.255258
710,38,13,13,65,1,23.174717,2.315515
720,38,18,6,63,1,23.747556,2.372778
730,43,25,3,72,1,24.470663,2.445391
740,44,25,10,80,1,25.227893,2.517007
750,33,15,7,56,1,25.745417,2.571114
760,41,17,4,63,1,26.244943,2.621735
770,38,21,14,74,1,26.734344,2.667891
780,55,17,14,87,1,27.388139,2.731809
790,48,15,8,72,1,28.002479,2.797415
800,42,21,5,69,1,28.537213,2.851226
810,41,14,13,69,1,29.047225,2.900783
820,30,17,6,54,1,29.425594,2.941483
830,17,6,5,29,1,29.632197,2.965363
840,24,16,2,43,1,29.745205,2.975229
850,27,11,6,45,1,29.869439,2.992577
860,28,17,7,53,1,30.093677,3.013924
870,37,9,6,53,1,30.367128,3.037411
880,29,12,6,48,1,30.580870,3.057045
890,30,8,8,47,1,30.765594,3.079327
900,19,9,2,31,1,30.898163,3.094630
910,3,2,1,7,1,30.775849,3.087084
920,4,2,0,7,1,30.491449,3.060789
930,1,2,1,5,1,30.235162,3.035593
940,3,0,0,4,1,29.948282,3.013744
950,6,1,3,11,1,29.683195,2.986553
960,10,4,2,17,1,29.488659,2.965236
970,3,1,0,5,1,29.278436,2.947595
980,6,0,1,8,1,29.061591,2.924662
990,3,2,0,6,1,28.812356,2.902048
1000,4,2,3,10,1,28.570981,2.877529
1010,4,2,2,9,1,28.357127,2.854081
1020,3,2,1,7,1,28.184626,2.840182
1030,8,6,4,19,1,28.023250,2.820949
1040,13,5,6,25,1,28.027765,2.819313
1050,19,5,3,28,1,27.938380,2.810433
1060,15,2,1,19,1,27.926993,2.810730
1070,13,2,4,20,1,27.875572,2.808820
1080,24,9,5,39,1,27.951241,2.811525
1090,26,5,3,35,1,28.079698,2.824554
1100,6,5,3,15,1,28.091499,2.828176
1110,4,1,0,6,1,27.935398,2.815352
1120,2,0,0,3,1,27.720183,2.795732
1130,4,0,0,5,1,27.495164,2.777538
1140,9,9,1,20,1,27.384332,2.763156
1150,30,8,5,44,1,27.405611,2.760968
1160,22,10,5,38,1,27.544265,2.775000
1170,29,7,9,46,1,27.665457,2.785593
1180,23,14,7,45,1,27.771782,2.794943
1190,31,9,4,45,1,27.956690,2.811736
1200,21,5,7,34,1,28.043905,2.822975
1210,34,11,6,52,1,28.244664,2.841846
1220,27,12,9,49,1,28.437070,2.862005
1230,26,15,7,49,1,28.601745,2.882673
1240,19,6,5,31,1,28.720226,2.897964
1250,26,11,3,41,1,28.801624,2.905733
1260,6,3,4,14,1,28.810343,2.910369
1270,0,0,0,0,0,28.627576,2.893976
1280,2,0,0,3,1,28.429323,2.874371
1290,2,1,0,4,1,28.231495,2.858381
1300,1,0,1,3,1,28.038554,2.841672
1310,4,1,0,6,1,27.861238,2.825815
1320,14,6,2,23,1,27.767001,2.812280
1330,12,6,5,24,1,27.739703,2.807534
1340,3,3,1,8,1,27.603003,2.794291
1350,6,4,1,12,1,27.437710,2.777513
1360,2,0,1,4,1,27.375746,2.772434
1370,3,2,0,6,1,27.236101,2.758239
1380,4,4,4,13,1,27.085541,2.742538
1390,5,3,0,9,1,26.932244,2.726372
1400,18,4,1,24,1,26.846193,2.717815
1410,5,1,1,8,1,26.763760,2.710205
1420,11,12,3,27,1,26.716426,2.703822
1430,14,8,4,27,1,26.715587,2.701788
1440,8,0,0,9,1,26.668686,2.697970
1450,4,1,1,7,1,26.553530,2.685730
1460,2,1,0,4,1,26.396130,2.672748
1470,2,2,2,7,1,26.227994,2.659526
1480,12,4,0,17,1,26.102208,2.647428
1490,1,1,0,3,1,25.985496,2.637313
1500,2,2,0,5,1,25.835737,2.621853
1510,5,1,1,8,1,25.699566,2.605677
1520,0,0,0,1,1,25.580161,2.594718
1530,0,0,0,0,0,25.431781,2.580280
1540,6,2,2,11,1,25.309976,2.565988
1550,13,4,0,18,1,25.273843,2.562264
1560,0,0,0,0,0,25.161092,2.550774
1570,0,0,0,0,0,25.011262,2.537492
1580,14,3,0,18,1,24.938292,2.528881
1590,20,7,3,31,1,24.902158,2.522420
1600,10,2,5,18,1,24.898980,2.523812
1610,14,5,1,21,1,24.866721,2.518743
1620,28,15,3,47,1,24.971288,2.527869
1630,25,14,6,46,1,25.121922,2.542136
1640,26,4,6,37,1,25.191807,2.549967
1650,32,6,6,45,1,25.264760,2.559046
1660,28,12,7,48,1,25.404330,2.570787
1670,52,17,11,81,1,25.660876,2.592792
1680,37,21,6,65,1,25.953590,2.624257
1690,48,21,4,74,1,26.192556,2.648087
1700,31,17,7,56,1,26.375192,2.668442
1710,30,11,8,50,1,26.553634,2.687106
1720,24,14,8,47,1,26.678926,2.699438
1730,23,6,3,33,1,26.774903,2.709440
1740,24,6,2,33,1,26.805478,2.713768
1750,17,7,2,27,1,26.819808,2.714870
1760,15,7,3,26,1,26.803696,2.712893
1770,1,0,0,2,1,26.760333,2.710334
1780,3,1,0,5,1,26.628268,2.696303
1790,5,0,0,6,1,26.507125,2.684152
1800,0,0,0,1,1,26.380455,2.669336
1810,15,2,3,21,1,26.273120,2.658152
1820,15,3,4,23,1,26.266747,2.658371
1830,28,12,1,42,1,26.287817,2.657976
1840,30,5,0,36,1,26.348984,2.664293
1850,22,12,8,43,1,26.399211,2.668773
1860,38,13,3,55,1,26.511742,2.679409
1870,15,12,2,30,1,26.605389,2.689738
1880,19,6,5,31,1,26.611692,2.689206
1890,16,6,8,31,1,26.615595,2.690169
1900,20,18,5,44,1,26.702809,2.697540
1910,33,11,7,52,1,26.825614,2.708798
1920,39,13,5,58,1,26.949877,2.718777
1930,28,21,13,63,1,27.105612,2.734792
1940,42,17,17,77,1,27.312538,2.755399
1950,42,24,7,74,1,27.574715,2.783018
1960,43,18,8,70,1,27.835711,2.808359
1970,58,23,6,88,1,28.093215,2.831456
1980,50,29,9,89,1,28.385060,2.860028
1990,71,31,13,116,1,28.744483,2.893935
2000,71,29,14,115,1,29.146138,2.934864
2010,63,26,17,107,1,29.547845,2.977897
2020,84,31,12,128,1,29.986242,3.021058
2030,89,29,13,132,1,30.472227,3.067775
2040,79,32,21,133,1,30.996505,3.119530
2050,97,30,17,145,1,31.493179,3.169728
2060,102,28,14,145,1,32.025038,3.222370
2070,86,23,17,127,1,32.517073,3.273531
2080,78,28,20,127,1,32.935996,3.316721
2090,74,23,13,111,1,33.354912,3.359441
2100,76,28,12,117,1,33.802748,3.404267
2110,84,33,21,139,1,34.277705,3.450172
2120,82,35,21,139,1,34.737661,3.498187
2130,80,42,15,138,1,35.221213,3.545592
2140,74,33,23,131,1,35.633814,3.588704
2150,51,24,16,92,1,35.995521,3.626710
2160,57,28,11,97,1,36.281856,3.655773
2170,66,29,5,101,1,36.583969,3.686256
2180,68,27,8,104,1,36.868430,3.712901
2190,55,24,12,92,1,37.149887,3.743191
2200,56,23,14,94,1,37.380075,3.766945
2210,64,23,19,107,1,37.646817,3.793173
2220,53,23,7,84,1,37.919616,3.821570
2230,39,16,6,62,1,38.083873,3.841114
2240,59,22,9,91,1,38.288168,3.859660
2250,71,24,15,111,1,38.588695,3.890164
2260,79,19,18,117,1,38.925148,3.924116
2270,82,28,15,126,1,39.303886,3.961628
2280,83,40,16,140,1,39.721806,3.998663
2290,107,46,20,174,1,40.226579,4.044203
2300,81,49,21,152,1,40.787063,4.102609
2310,83,53,12,149,1,41.260535,4.150851
2320,76,39,18,134,1,41.686781,4.195260
2330,81,29,16,127,1,42.067583,4.234382
2340,89,31,17,138,1,42.479447,4.273880
2350,84,39,23,147,1,42.917138,4.319469
2360,74,42,17,134,1,43.351153,4.364148
2370,88,49,19,157,1,43.745515,4.404285
2380,105,42,22,170,1,44.238925,4.453081
2390,91,34,16,142,1,44.674838,4.501765
2400,104,37,20,162,1,45.117904,4.542833
2410,107,37,22,167,1,45.601046,4.592884
2420,105,42,25,173,1,46.084634,4.640294
2430,107,44,32,184,1,46.655292,4.698788
2440,112,45,27,185,1,47.230716,4.756994
2450,125,54,22,202,1,47.823349,4.815552
2460,116,57,28,202,1,48.437773,4.876086
2470,105,59,29,194,1,49.067948,4.942211
2480,105,45,30,181,1,49.623886,4.997857
2490,109,55,26,191,1,50.179140,5.049754
2500,119,58,25,203,1,50.763452,5.108015
2510,122,46,27,196,1,51.365557,5.167230
2520,122,44,21,188,1,51.923649,5.225126
2530,117,47,17,182,1,52.452215,5.278604
2540,104,50,18,173,1,52.947818,5.330458
2550,115,48,21,185,1,53.417621,5.376552
2560,122,32,17,172,1,53.910299,5.429204
2570,131,34,26,192,1,54.420717,5.476165
2580,129,46,15,191,1,54.936117,5.526384
2590,139,43,15,198,1,55.466868,5.578998
2600,120,46,17,184,1,56.010782,5.634888
2610,115,42,27,185,1,56.510272,5.684787
2620,104,39,27,171,1,56.942098,5.726339
2630,103,53,27,184,1,57.429907,5.771960
2640,132,67,23,223,1,57.978810,5.820811
2650,134,63,21,219,1,58.587588,5.880060
2660,139,49,33,222,1,59.189651,5.939956
2670,136,37,34,208,1,59.777642,6.000237
2680,149,41,24,215,1,60.343624,6.055375
2690,146,50,24,221,1,60.947852,6.115701
2700,132,45,30,208,1,61.505220,6.169717
2710,116,41,33,191,1,62.022269,6.226121
2720,109,43,32,185,1,62.468463,6.271517
2730,104,36,18,159,1,62.862635,6.312392
2740,105,42,27,175,1,63.243933,6.347792
2750,101,40,31,173,1,63.679580,6.391665
2760,114,48,27,190,1,64.090951,6.431232
2770,114,35,23,173,1,64.489224,6.471116
2780,121,34,26,182,1,64.891486,6.511165
2790,130,44,30,205,1,65.385458,6.557348
2800,125,49,29,204,1,65.897786,6.610555
2810,125,52,24,202,1,66.372668,6.659069
2820,148,56,28,233,1,66.931818,6.713656
2830,145,52,28,226,1,67.496223,6.772116
2840,154,55,30,240,1,68.073428,6.828743
2850,168,52,34,255,1,68.683621,6.889393
2860,168,51,32,252,1,69.348863,6.952876
2870,167,54,28,250,1,69.991087,7.015241
2880,184,70,25,280,1,70.667769,7.076852
2890,185,73,29,288,1,71.423268,7.147273
2900,168,77,33,279,1,72.142693,7.220245
2910,175,81,31,288,1,72.878437,7.291853
2920,172,74,38,285,1,73.625989,7.366131
2930,190,76,32,299,1,74.382942,7.440072
2940,176,69,39,285,1,75.118037,7.513337
2950,194,75,34,304,1,75.870150,7.587529
2960,173,66,38,278,1,76.597919,7.666526
2970,185,65,43,294,1,77.285449,7.732711
2980,195,68,43,307,1,78.027427,7.804314
2990,197,68,49,315,1,78.817153,7.882243
3000,188,65,43,297,1,79.574867,7.958548
3010,197,72,45,315,1,80.331349,8.032868
3020,205,69,30,305,1,81.096080,8.109608
3030,199,85,32,317,1,81.836916,8.180722
3040,204,82,28,315,1,82.609174,8.258472
3050,191,87,35,314,1,83.396515,8.335552
3060,209,93,44,347,1,84.200673,8.410448
3070,209,76,44,330,1,85.056611,8.498740
3080,222,84,40,347,1,85.869189,8.576616
3090,210,89,46,346,1,86.745309,8.662756
3100,218,93,39,351,1,87.594753,8.749033
3110,213,90,45,349,1,88.460538,8.834975
3120,221,87,44,353,1,89.283278,8.914328
3130,247,85,43,376,1,90.157736,9.000820
3140,233,97,43,374,1,91.042020,9.090884
3150,221,93,33,348,1,91.902515,9.180051
3160,205,93,34,333,1,92.676569,9.258867
3170,210,76,38,325,1,93.439686,9.337783
3180,213,83,39,336,1,94.187119,9.412200
3190,208,76,38,323,1,94.928397,9.483327
3200,194,85,32,312,1,95.626046,9.555140
3210,184,73,29,287,1,96.279417,9.621947
3220,156,72,28,257,1,96.808608,9.676053
3230,151,71,31,254,1,97.308792,9.727265
3240,155,64,29,249,1,97.757167,9.773605
3250,154,72,35,262,1,98.239530,9.821838
3260,163,83,31,278,1,98.758016,9.871562
3270,174,90,38,303,1,99.328728,9.926195
3280,174,85,40,300,1,99.963508,9.992390
3290,177,69,44,291,1,100.552452,10.055551
3300,184,71,42,298,1,101.139490,10.114256
3310,175,68,35,279,1,101.698745,10.172026
3320,165,75,28,269,1,102.209832,10.227144
3330,164,65,31,261,1,102.702748,10.279536
3340,161,60,32,254,1,103.177459,10.328569
3350,165,50,32,248,1,103.625415,10.373689
3360,167,53,34,255,1,104.044584,10.416239
3370,135,70,27,233,1,104.453945,10.457807
3380,145,76,31,253,1,104.859510,10.498686
3390,162,69,28,260,1,105.301476,10.546636
3400,160,61,34,256,1,105.739822,10.593924
3410,161,57,32,251,1,106.192046,10.639173
3420,166,58,33,258,1,106.616108,10.682852
3430,186,65,32,284,1,107.095333,10.726107
3440,174,76,31,282,1,107.594254,10.778225
3450,164,79,26,270,1,108.101225,10.828012
3460,156,74,29,260,1,108.566498,10.873305
3470,168,72,26,267,1,109.005398,10.913750
3480,166,68,28,263,1,109.433734,10.952500
3490,165,63,31,260,1,109.870615,11.000931
3500,167,70,38,276,1,110.330489,11.047569
3510,177,66,31,275,1,110.796502,11.097672
3520,171,71,34,277,1,111.294065,11.146506
3530,155,66,31,253,1,111.731886,11.193165
3540,167,62,34,264,1,112.131148,11.229928
3550,163,58,21,243,1,112.527657,11.277545
3560,169,63,20,253,1,112.908189,11.312745
3570,150,66,26,243,1,113.269036,11.352024
3580,145,55,28,229,1,113.603118,11.385436
3590,160,57,27,245,1,113.941280,11.414158
3600,168,55,30,254,1,114.320311,11.452391
3610,179,47,28,255,1,114.706032,11.490975
3620,170,49,34,254,1,115.108886,11.532233
3630,158,63,32,254,1,115.505825,11.569387
3640,160,64,27,252,1,115.868926,11.605385
3650,144,63,22,230,1,116.220411,11.647570
3660,127,66,30,224,1,116.539188,11.682327
3670,122,67,39,229,1,116.851748,11.712301
3680,151,49,39,240,1,117.183827,11.741355
3690,142,54,28,225,1,117.502468,11.773539
3700,137,55,21,214,1,117.782266,11.804707
3710,140,53,27,221,1,118.045874,11.830736
3720,152,62,29,244,1,118.372265,11.858904
3730,151,53,28,233,1,118.692359,11.887082
3740,151,47,30,229,1,119.006549,11.919139
3750,160,57,30,248,1,119.314922,11.947422
3760,180,63,31,275,1,119.679651,11.979435
3770,173,68,34,276,1,120.080756,12.019553
3780,178,68,36,283,1,120.503999,12.059971
3790,178,70,34,283,1,120.954605,12.101527
3800,185,67,34,287,1,121.393101,12.147622
3810,177,67,39,284,1,121.825498,12.190229
3820,180,65,31,277,1,122.247732,12.234061
3830,176,72,34,283,1,122.664448,12.275098
3840,162,65,33,261,1,123.056548,12.316239
3850,149,61,38,249,1,123.394349,12.352590
3860,157,65,27,250,1,123.739915,12.386185
3870,159,58,23,241,1,124.048203,12.418619
3880,178,57,27,263,1,124.377162,12.449909
3890,165,69,36,271,1,124.726224,12.480322
3900,158,69,34,262,1,125.099746,12.517999
3910,160,59,35,255,1,125.441764,12.549633
3920,169,55,35,260,1,125.792181,12.584355
3930,182,58,31,272,1,126.150398,12.617608
3940,211,58,32,302,1,126.546265,12.647885
3950,228,65,42,336,1,127.041133,12.693830
3960,228,62,45,336,1,127.561448,12.749062
3970,218,72,39,330,1,128.084937,12.799789
3980,213,74,42,330,1,128.595318,12.854041
3990,195,100,47,343,1,129.121898,12.904104
4000,210,89,47,347,1,129.646674,12.955598
4010,217,82,45,345,1,130.185625,13.008830
4020,219,78,45,343,1,130.725085,13.065358
4030,220,68,41,330,1,131.241429,13.123492
4040,211,68,41,321,1,131.733310,13.174309
4050,192,61,37,291,1,132.151591,13.223322
4060,189,63,37,290,1,132.540241,13.266768
4070,197,70,39,307,1,132.963862,13.309794
4080,204,69,39,313,1,133.401815,13.349998
4090,210,77,42,330,1,133.859487,13.392170
4100,210,80,45,336,1,134.353952,13.438017
4110,215,97,45,358,1,134.866167,13.488258
4120,210,92,41,344,1,135.377468,13.542020
4130,207,99,43,350,1,135.895953,13.591570
4140,209,95,45,350,1,136.401425,13.639484
4150,231,96,51,379,1,136.966729,13.691394
4160,233,81,48,363,1,137.517730,13.747147
4170,246,74,43,364,1,138.054621,13.799175
4180,248,78,41,368,1,138.613361,13.853713
4190,248,78,48,375,1,139.174684,13.909169
4200,247,70,48,366,1,139.730744,13.962769
4210,247,78,48,374,1,140.281144,14.014799
4220,264,86,51,402,1,140.863970,14.070393
4230,258,89,43,391,1,141.477269,14.132692
4240,262,102,45,410,1,142.101862,14.189103
4250,278,100,51,430,1,142.750969,14.250619
4260,277,106,53,437,1,143.430045,14.316455
4270,272,110,58,441,1,144.143485,14.388066
4280,276,105,58,440,1,144.826134,14.458966
4290,277,104,55,437,1,145.511611,14.532868
4300,278,109,56,444,1,146.197180,14.598330
4310,276,112,53,442,1,146.898823,14.668781
4320,292,102,48,443,1,147.577869,14.736637
4330,284,97,54,436,1,148.274250,14.810323
4340,277,90,54,422,1,148.935859,14.875078
4350,275,95,57,428,1,149.566041,14.937717
4360,275,100,55,431,1,150.219191,15.003337
4370,248,101,51,401,1,150.819597,15.067478
4380,241,101,52,395,1,151.381251,15.126383
4390,232,99,50,382,1,151.915888,15.182251
4400,221,91,54,367,1,152.419530,15.237105
4410,229,92,52,374,1,152.914282,15.286922
4420,233,107,46,387,1,153.418887,15.338418
4430,235,93,43,372,1,153.929563,15.390177
4440,219,95,44,359,1,154.406438,15.439601
4450,235,89,46,371,1,154.865637,15.483432
4460,239,93,48,381,1,155.354176,15.536463
4470,237,94,46,378,1,155.854548,15.587547
4480,241,98,43,383,1,156.345808,15.633883
4490,220,94,44,359,1,156.836498,15.685746
4500,218,84,48,351,1,157.281133,15.733358
4510,228,76,46,351,1,157.715882,15.777535
4520,218,79,59,357,1,158.146398,15.819540
4530,217,80,58,356,1,158.580661,15.866823
4540,217,83,59,360,1,159.018931,15.912759
4550,223,93,61,378,1,159.490460,15.956060
4560,232,86,59,378,1,159.970108,16.005786
4570,241,89,56,387,1,160.462437,16.053269
4580,232,94,51,378,1,160.962038,16.097610
4590,226,90,48,365,1,161.421710,16.149208
4600,224,96,42,363,1,161.853366,16.194842
4610,218,101,47,367,1,162.293176,16.236714
4620,201,90,48,340,1,162.707948,16.284542
4630,186,92,41,320,1,163.081626,16.325087
4640,186,80,40,307,1,163.412939,16.362452
4650,183,91,37,312,1,163.704667,16.390558
4660,179,95,42,317,1,164.026931,16.421370
4670,195,99,45,340,1,164.374793,16.448750
4680,205,100,41,347,1,164.755519,16.487530
4690,214,92,34,341,1,165.136155,16.527359
4700,236,89,32,358,1,165.519312,16.565324
4710,252,76,40,369,1,165.942963,16.606990
4720,255,68,44,368,1,166.376538,16.648941
4730,242,61,48,352,1,166.794346,16.695671
4740,212,67,52,332,1,167.175990,16.739495
4750,204,76,51,332,1,167.520859,16.771152
4760,199,66,39,305,1,167.866282,16.814181
4770,190,54,34,279,1,168.120886,16.845285
4780,193,57,36,287,1,168.367965,16.869972
4790,180,69,38,288,1,168.614350,16.897064
4800,186,78,44,309,1,168.874022,16.919832
4810,186,88,38,313,1,169.175890,16.948244
4820,179,85,38,303,1,169.470261,16.983318
4830,183,91,32,307,1,169.761698,17.011743
4840,171,84,33,289,1,170.031872,17.033453
4850,168,86,32,287,1,170.277230,17.063257
4860,180,89,43,313,1,170.544085,17.087458
4870,166,87,42,296,1,170.823598,17.119270
4880,178,81,47,307,1,171.078941,17.139504
4890,184,84,44,313,1,171.336941,17.163528
4900,199,90,43,333,1,171.633448,17.188602
4910,194,97,43,335,1,171.972975,17.221850
4920,203,85,41,330,1,172.290780,17.253626
4930,215,87,40,343,1,172.611132,17.284955
4940,229,83,44,357,1,172.977679,17.317399
4950,219,85,42,347,1,173.337417,17.351619
4960,226,88,41,356,1,173.704293,17.390765
4970,225,84,40,350,1,174.045727,17.421398
4980,238,81,39,359,1,174.411112,17.460746
4990,227,89,46,363,1,174.783524,17.495181
5000,234,88,43,366,1,175.164748,17.535413
5010,209,89,36,335,1,175.532162,17.576019
5020,224,84,36,345,1,175.847330,17.606829
5030,233,82,32,348,1,176.190039,17.636886
5040,219,90,27,337,1,176.512918,17.671277
5050,223,97,26,347,1,176.827229,17.700248
5060,207,106,33,347,1,177.168807,17.735808
5070,202,102,33,338,1,177.486580,17.770389
5080,198,92,36,327,1,177.788057,17.801232
5090,201,79,32,313,1,178.072738,17.830043
5100,220,74,33,328,1,178.349294,17.854885
5110,238,76,40,355,1,178.685312,17.882880
5120,232,78,41,352,1,179.021810,17.918630
5130,239,80,44,364,1,179.377886,17.951436
5140,233,88,49,371,1,179.735240,17.982970
5150,236,96,47,380,1,180.116465,18.021445
5160,254,95,52,402,1,180.540602,18.058960
5170,259,108,56,424,1,180.990759,18.094526
5180,259,111,57,428,1,181.465023,18.136349
5190,239,103,54,397,1,181.917268,18.184369
5200,225,100,53,379,1,182.319411,18.228786
5210,231,105,57,394,1,182.712299,18.264219
5220,226,99,49,375,1,183.105733,18.307767
5230,217,97,49,364,1,183.449782,18.341822
5240,227,95,52,375,1,183.799361,18.378884
5250,238,101,60,400,1,184.192931,18.414733
5260,242,104,61,408,1,184.615164,18.455201
5270,256,103,61,421,1,185.062462,18.492210
5280,262,107,45,415,1,185.506760,18.536282
5290,251,97,41,390,1,185.922429,18.584514
5300,245,93,48,387,1,186.303506,18.621567
5310,244,105,50,400,1,186.698287,18.664556
5320,251,110,52,414,1,187.116866,18.700438
5330,244,114,47,406,1,187.544953,18.742891
5340,245,119,41,406,1,187.954545,18.786308
5350,261,108,38,408,1,188.375891,18.831957
5360,247,99,35,382,1,188.771582,18.875045
5370,245,98,38,382,1,189.128775,18.911821
5380,269,94,45,409,1,189.512275,18.947353
5390,275,102,45,423,1,189.940299,18.988393
5400,299,103,44,447,1,190.394076,19.034120
5410,298,112,50,461,1,190.877921,19.082149
5420,306,118,48,473,1,191.378526,19.132910
5430,297,110,50,458,1,191.889650,19.187905
5440,299,124,56,480,1,192.408352,19.232350
5450,288,128,58,475,1,192.929054,19.289012
5460,278,120,54,453,1,193.427483,19.344165
5470,299,114,59,473,1,193.903598,19.383627
5480,314,112,53,480,1,194.420020,19.436682
5490,298,101,55,455,1,194.914174,19.488932
5500,295,100,51,447,1,195.383992,19.532717
5510,290,98,53,442,1,195.848179,19.581975
5520,290,100,57,448,1,196.304318,19.629365
5530,287,111,55,454,1,196.752113,19.672721
5540,282,126,71,480,1,197.235943,19.713631
5550,281,127,76,485,1,197.759289,19.761686
5560,291,131,71,494,1,198.291907,19.816716
5570,293,128,73,495,1,198.823055,19.869820
5580,293,119,62,475,1,199.337067,19.924423
5590,292,107,55,455,1,199.817876,19.979286
5600,293,103,59,456,1,200.267813,20.028212
5610,308,109,61,479,1,200.750996,20.070806
5620,309,113,65,488,1,201.252638,20.122399
5630,309,101,73,484,1,201.753417,20.176058
5640,306,105,66,478,1,202.250579,20.227568
5650,305,109,61,476,1,202.741585,20.282415
5660,305,122,63,491,1,203.237270,20.329833
5670,297,123,63,484,1,203.742947,20.380046
5680,288,134,62,485,1,204.234151,20.428450
5690,291,122,60,474,1,204.714750,20.475073
5700,296,121,61,479,1,205.206687,20.519949
5710,306,128,56,491,1,205.704691,20.565427
5720,320,129,56,506,1,206.220440,20.615196
5730,316,130,54,501,1,206.738752,20.667383
5740,309,143,50,503,1,207.255502,20.720136
5750,310,130,55,496,1,207.752546,20.768753
5760,312,134,60,507,1,208.272371,20.818924
5770,313,128,55,497,1,208.777253,20.875193
5780,314,122,57,494,1,209.271819,20.929355
5790,324,114,59,498,1,209.766331,20.980619
5800,318,124,62,505,1,210.264548,21.033345
5810,313,127,62,503,1,210.763263,21.085762
5820,294,120,55,470,1,211.236405,21.136715
5830,276,112,59,448,1,211.662917,21.180460
5840,259,119,67,446,1,212.061337,21.224669
5850,274,125,64,464,1,212.485186,21.265240
5860,290,124,62,477,1,212.932021,21.309566
5870,268,118,66,453,1,213.368337,21.362308
5880,283,132,62,478,1,213.792357,21.401438
5890,275,126,61,463,1,214.233736,21.451417
5900,254,120,64,439,1,214.645866,21.491542
5910,259,117,61,438,1,215.013586,21.526491
5920,248,114,56,419,1,215.378122,21.565498
5930,258,115,52,426,1,215.728303,21.600149
5940,269,113,47,430,1,216.086099,21.636657
5950,260,124,42,427,1,216.446838,21.672366
5960,264,121,42,428,1,216.799746,21.710209
5970,279,122,43,445,1,217.155640,21.743973
5980,270,127,56,454,1,217.552285,21.783642
5990,286,129,52,468,1,217.956108,21.821476
6000,299,124,57,481,1,218.388330,21.859600
6010,291,120,55,467,1,218.805801,21.905730
6020,310,122,50,483,1,219.231709,21.941759
6030,320,120,55,496,1,219.671018,21.980954
6040,313,113,62,489,1,220.128606,22.028178
6050,327,111,59,498,1,220.570493,22.071642
6060,329,122,63,515,1,221.043375,22.117477
6070,326,121,65,513,1,221.529524,22.167560
6080,325,122,66,514,1,222.007145,22.215695
6090,319,130,54,504,1,222.481091,22.268586
6100,317,139,61,518,1,222.966504,22.318237
6110,321,131,62,515,1,223.437007,22.362733
6120,332,129,56,518,1,223.915355,22.408378
6130,323,124,60,508,1,224.377794,22.456829
6140,314,121,68,504,1,224.832777,22.504169
6150,319,119,65,504,1,225.288563,22.552692
6160,314,125,65,505,1,225.734566,22.596934
6170,312,123,68,504,1,226.190542,22.636297
6180,312,128,71,512,1,226.650008,22.684455
6190,305,129,64,499,1,227.095763,22.737861
6200,293,128,63,485,1,227.519901,22.783961
6210,292,126,64,483,1,227.941954,22.829119
6220,287,118,74,480,1,228.355766,22.875664
6230,297,118,68,484,1,228.756542,22.913169
6240,293,102,68,464,1,229.152232,22.959007
6250,295,97,62,455,1,229.506539,22.995541
6260,298,103,64,466,1,229.878092,23.031223
6270,312,105,59,477,1,230.265489,23.066649
6280,283,101,66,451,1,230.629885,23.107880
6290,275,102,58,436,1,230.962271,23.145904
6300,275,98,51,425,1,231.281610,23.182991
6310,265,95,44,405,1,231.570693,23.219626
6320,275,88,43,407,1,231.852550,23.245576
6330,268,90,42,401,1,232.136444,23.277999
6340,255,95,57,408,1,232.408625,23.302611
6350,223,95,64,383,1,232.668405,23.331876
6360,224,94,53,372,1,232.891144,23.356687
6370,233,93,57,384,1,233.115814,23.377273
6380,252,96,51,400,1,233.361281,23.398475
6390,253,101,44,399,1,233.627724,23.423623
6400,240,104,49,394,1,233.878384,23.450128
6410,244,104,46,395,1,234.125641,23.473353
6420,245,90,54,390,1,234.371444,23.495334
6430,280,93,53,427,1,234.646952,23.512598
6440,301,86,46,434,1,234.951173,23.542275
6450,294,92,45,432,1,235.270088,23.576721
6460,307,103,45,456,1,235.601654,23.604744
6470,284,98,44,427,1,235.919290,23.642356
6480,262,98,43,404,1,236.183710,23.672438
6490,247,85,52,385,1,236.427434,23.700809
6500,248,70,60,379,1,236.650374,23.727093
6510,241,75,59,376,1,236.873365,23.751184
6520,249,79,63,392,1,237.098875,23.771504
6530,227,87,53,368,1,237.311576,23.800043
6540,236,77,47,361,1,237.504699,23.818210
6550,218,86,43,348,1,237.666956,23.833648
6560,213,77,36,327,1,237.809118,23.856190
6570,218,73,37,329,1,237.955370,23.876215
6580,197,64,41,303,1,238.074366,23.893861
6590,197,68,39,305,1,238.171124,23.905989
6600,191,75,32,299,1,238.265327,23.917128
6610,200,86,26,313,1,238.368174,23.921865
6620,206,78,29,314,1,238.482880,23.934336
6630,197,76,32,306,1,238.597383,23.948235
6640,186,72,32,291,1,238.697801,23.960715
6650,188,70,33,292,1,238.775533,23.970190
6660,182,67,31,281,1,238.847404,23.974013
6670,176,67,30,274,1,238.906700,23.982357
6680,170,66,29,266,1,238.949222,23.986127
6690,161,73,36,271,1,238.993175,23.989322
6700,158,76,38,273,1,239.033950,23.993640
6710,140,69,43,253,1,239.072860,24.000642
6720,156,71,41,269,1,239.103496,24.005012
6730,170,70,49,290,1,239.167076,24.007315
6740,178,61,41,281,1,239.240115,24.014869
6750,171,47,34,253,1,239.287394,24.024481
6760,184,67,38,290,1,239.335211,24.020935
6770,149,74,35,259,1,239.391787,24.035748
6780,145,69,25,240,1,239.418107,24.039315
6790,148,52,20,221,1,239.406064,24.041873
6800,144,46,17,208,1,239.352677,24.039557
6810,142,47,25,215,1,239.314490,24.038049
6820,145,48,30,224,1,239.288697,24.034594
6830,148,58,25,232,1,239.273602,24.035043
6840,156,66,25,248,1,239.282986,24.034415
6850,154,62,24,241,1,239.286532,24.033559
6860,166,69,35,271,1,239.307016,24.030537
6870,162,65,36,264,1,239.346051,24.038176
6880,154,56,46,257,1,239.370187,24.044309
6890,150,70,36,257,1,239.406180,24.047067
6900,157,65,42,265,1,239.443575,24.049968
6910,175,65,43,284,1,239.482663,24.047798
6920,188,65,39,293,1,239.549719,24.049153
6930,181,67,32,281,1,239.625183,24.056941
6940,171,71,31,274,1,239.663596,24.060313
6950,178,65,25,269,1,239.712314,24.066806
6960,186,71,33,291,1,239.783196,24.070312
6970,198,70,39,308,1,239.880025,24.075392
6980,181,77,45,304,1,239.975350,24.088298
6990,195,77,44,317,1,240.079590,24.103476
7000,211,74,50,336,1,240.209804,24.109497
7010,202,81,45,329,1,240.349434,24.123730
7020,184,78,46,309,1,240.473831,24.137469
7030,199,94,41,335,1,240.583141,24.139695
7040,198,89,41,329,1,240.717335,24.156487
7050,192,90,36,319,1,240.827178,24.167389
7060,197,97,40,335,1,240.950559,24.181369
7070,213,89,37,340,1,241.087975,24.192977
7080,204,82,40,327,1,241.222373,24.208746
7090,194,76,42,313,1,241.334965,24.227125
7100,207,73,48,329,1,241.445974,24.236423
7110,199,81,49,330,1,241.574662,24.247157
7120,199,83,47,330,1,241.705728,24.262580
7130,201,84,47,333,1,241.817821,24.273702
7140,212,76,47,336,1,241.942392,24.285736
7150,218,66,39,324,1,242.065598,24.303434
7160,211,66,43,321,1,242.188063,24.313889
7170,197,76,36,310,1,242.289824,24.325334
7180,205,73,38,317,1,242.388228,24.336099
7190,195,69,38,303,1,242.476866,24.348603
7200,191,73,43,308,1,242.568217,24.361712
7210,183,79,47,310,1,242.663967,24.372880
7220,180,80,36,297,1,242.748703,24.381921
7230,182,73,30,286,1,242.807373,24.390037
7240,175,70,27,273,1,242.857009,24.396564
7250,175,76,29,281,1,242.904212,24.400476
7260,166,77,37,281,1,242.962855,24.407903
7270,173,73,40,287,1,243.023287,24.414157
7280,181,80,47,309,1,243.095328,24.418207
7290,181,79,47,308,1,243.181613,24.424032
7300,172,74,42,289,1,243.257847,24.433896
7310,184,72,30,287,1,243.325569,24.439543
7320,172,71,32,276,1,243.370002,24.444194
7330,160,62,42,265,1,243.404825,24.445200
7340,149,54,44,248,1,243.422301,24.450826
7350,157,61,38,257,1,243.434276,24.452883
7360,138,56,34,229,1,243.438452,24.458494
7370,138,57,38,234,1,243.422946,24.455447
7380,149,64,34,248,1,243.420174,24.453017
7390,133,71,27,232,1,243.418071,24.454982
7400,157,73,27,258,1,243.426912,24.451733
7410,175,71,36,283,1,243.469215,24.452519
7420,188,69,35,293,1,243.524506,24.455943
7430,192,74,28,295,1,243.601663,24.463552
7440,194,79,29,303,1,243.669679,24.467271
7450,159,88,35,283,1,243.725645,24.476054
7460,166,81,43,291,1,243.779611,24.481993
7470,157,76,39,273,1,243.832370,24.489127
7480,183,65,34,283,1,243.877131,24.493152
7490,174,75,33,283,1,243.931615,24.497825
7500,184,73,34,292,1,243.986040,24.499870
7510,191,60,30,282,1,244.053669,24.504887
7520,183,49,23,256,1,244.087697,24.508498
7530,182,57,26,266,1,244.101330,24.505486
7540,182,69,33,285,1,244.147965,24.507757
7550,164,68,36,269,1,244.195886,24.518311
7560,172,61,30,264,1,244.217494,24.524910
7570,177,57,29,264,1,244.250614,24.532655
7580,184,59,30,274,1,244.282837,24.532823
7590,175,63,24,263,1,244.311605,24.533626
7600,169,65,29,264,1,244.341268,24.535821
7610,164,72,36,273,1,244.377490,24.539001
7620,155,81,32,269,1,244.411499,24.544223
7630,154,63,21,239,1,244.420141,24.547863
7640,140,69,22,232,1,244.412174,24.548537
7650,126,58,30,215,1,244.394458,24.548550
7660,129,49,44,223,1,244.363874,24.542439
7670,135,54,31,221,1,244.334930,24.543893
7680,137,52,32,222,1,244.312456,24.546628
7690,151,50,32,234,1,244.287870,24.539518
7700,153,54,27,235,1,244.276855,24.540828
7710,152,58,24,235,1,244.256521,24.540237
7720,141,55,27,224,1,244.243872,24.539775
7730,143,58,28,230,1,244.223395,24.535973
7740,154,52,32,239,1,244.216576,24.531638
7750,160,51,31,243,1,244.211976,24.535167
7760,171,52,27,251,1,244.217717,24.535279
7770,191,57,30,279,1,244.237414,24.534256
7780,195,58,29,283,1,244.282574,24.538650
7790,177,61,29,268,1,244.327822,24.545901
7800,169,73,27,270,1,244.361007,24.551303
7810,166,67,39,273,1,244.391613,24.551387
7820,173,63,36,273,1,244.433004,24.558556
7830,171,64,38,274,1,244.469247,24.560159
7840,171,57,30,259,1,244.507625,24.563240
7850,156,61,25,243,1,244.523104,24.568738
7860,152,64,32,249,1,244.519826,24.565434
7870,163,70,37,271,1,244.536414,24.564133
7880,176,69,32,278,1,244.575067,24.563804
7890,175,55,28,259,1,244.608128,24.571056
7900,200,66,33,300,1,244.656042,24.567606
7910,203,75,37,316,1,244.734209,24.574390
7920,209,77,34,321,1,244.835316,24.585973
7930,203,83,40,327,1,244.933874,24.592315
7940,228,72,40,341,1,245.048717,24.602476
7950,242,69,44,356,1,245.175137,24.614423
7960,216,72,42,331,1,245.303705,24.630315
7970,215,73,45,334,1,245.414151,24.643452
7980,196,84,35,316,1,245.511348,24.658979
7990,195,76,35,307,1,245.589384,24.669162
8000,200,83,36,320,1,245.673954,24.676279
8010,199,75,42,317,1,245.766774,24.686085
8020,213,73,44,331,1,245.862089,24.692739
8030,225,74,43,343,1,245.983080,24.698887
8040,226,72,42,341,1,246.096740,24.711717
8050,211,78,44,334,1,246.213934,24.724900
8060,205,78,43,327,1,246.316860,24.736648
8070,182,82,40,305,1,246.408617,24.746656
8080,196,75,38,310,1,246.481943,24.752043
8090,181,77,38,297,1,246.551581,24.758907
8100,182,74,34,291,1,246.613497,24.766531
8110,183,69,38,291,1,246.668662,24.770714
8120,193,74,38,306,1,246.739640,24.776181
8130,193,76,47,317,1,246.826083,24.781062
8140,193,71,48,313,1,246.905603,24.790453
8150,196,66,49,312,1,246.995712,24.803044
8160,182,66,45,294,1,247.067729,24.811370
8170,162,57,44,264,1,247.110674,24.818605
8180,160,52,43,256,1,247.127129,24.817992
8190,180,65,40,286,1,247.147789,24.810811
8200,186,75,34,296,1,247.208018,24.814917
8210,192,75,40,308,1,247.272885,24.821920
8220,185,83,42,311,1,247.338913,24.826007
8230,179,86,48,314,1,247.412326,24.835990
8240,163,89,41,294,1,247.478663,24.846468
8250,160,86,40,287,1,247.537417,24.852852
8260,150,82,35,268,1,247.574593,24.860090
8270,172,79,40,292,1,247.615910,24.858983
8280,183,70,37,291,1,247.669836,24.861566
8290,201,77,37,316,1,247.739201,24.867812
8300,223,76,37,337,1,247.838110,24.873716
8310,207,67,42,317,1,247.935182,24.888159
8320,205,65,43,314,1,248.017790,24.894535
8330,198,69,42,310,1,248.095739,24.899247
8340,182,70,34,287,1,248.147353,24.909415
8350,166,62,30,259,1,248.180651,24.919234
8360,146,62,33,242,1,248.190046,24.920954
8370,157,64,28,250,1,248.184182,24.920542
8380,167,79,20,267,1,248.194715,24.918491
8390,171,70,24,266,1,248.213033,24.921107
8400,175,61,31,268,1,248.230118,24.924788
8410,180,57,37,275,1,248.258467,24.928108
8420,192,68,35,296,1,248.301303,24.923965
8430,191,76,40,308,1,248.363730,24.931010
8440,183,77,40,301,1,248.431043,24.936172
8450,168,65,33,267,1,248.477815,24.946683
8460,141,54,32,228,1,248.483934,24.947179
8470,137,52,38,228,1,248.456886,24.947600
8480,159,65,35,260,1,248.453238,24.942387
8490,140,66,28,235,1,248.449783,24.940746
8500,135,59,32,227,1,248.430457,24.942817
8510,128,49,22,200,1,248.398967,24.942480
8520,144,48,26,219,1,248.352046,24.937060
8530,153,47,39,240,1,248.330612,24.931560
8540,149,58,43,251,1,248.324302,24.927001
8550,157,64,42,264,1,248.344180,24.928593
8560,167,65,37,270,1,248.367821,24.929978
8570,181,62,41,285,1,248.400476,24.931979
8580,181,65,35,282,1,248.449550,24.937964
8590,166,52,31,250,1,248.470487,24.945203
8600,137,53,26,217,1,248.460345,24.947274
8610,146,63,20,230,1,248.432391,24.941441
8620,140,61,24,226,1,248.403776,24.939325
8630,136,60,33,230,1,248.371835,24.936583
8640,132,57,36,226,1,248.346579,24.931325
8650,136,56,36,229,1,248.319708,24.928225
8660,150,53,35,239,1,248.310105,24.925994
8670,143,61,33,238,1,248.298224,24.923537
8680,159,51,28,239,1,248.284661,24.922644
8690,160,45,27,233,1,248.278086,24.926194
8700,166,52,30,249,1,248.272138,24.925771
8710,178,47,36,262,1,248.282591,24.925845
8720,188,49,32,270,1,248.299499,24.928291
8730,183,62,40,286,1,248.328763,24.925669
8740,163,56,41,261,1,248.364432,24.934584
8750,162,50,34,247,1,248.374417,24.937190
8760,181,53,26,261,1,248.378964,24.936104
8770,177,56,18,252,1,248.386030,24.939270
8780,166,41,28,236,1,248.389128,24.938040
8790,178,47,34,260,1,248.390042,24.934032
8800,149,56,39,245,1,248.389123,24.935538
8810,153,54,40,248,1,248.383012,24.930837
8820,145,59,34,239,1,248.374599,24.932441
8830,155,53,29,238,1,248.360698,24.932638
8840,172,61,30,264,1,248.356709,24.927315
8850,181,64,39,285,1,248.380902,24.927943
8860,184,57,49,291,1,248.425205,24.929464
8870,180,70,50,301,1,248.475116,24.935221
8880,190,71,39,301,1,248.527224,24.940351
8890,192,74,37,304,1,248.578055,24.944226
8900,207,73,39,320,1,248.644833,24.951111
8910,206,77,46,330,1,248.730335,24.959594
8920,185,84,47,317,1,248.810772,24.970939
8930,190,78,41,310,1,248.885925,24.978661
8940,199,87,36,323,1,248.954516,24.985444
8950,210,79,38,328,1,249.037003,24.992500
8960,211,84,47,343,1,249.131339,25.000468
8970,231,89,55,376,1,249.251567,25.005162
8980,212,90,54,357,1,249.374605,25.016578
8990,214,97,47,359,1,249.500100,25.029637
9000,192,97,47,337,1,249.614706,25.043558
9010,202,100,42,345,1,249.714390,25.049841
9020,225,92,48,366,1,249.835609,25.056898
9030,223,88,47,359,1,249.962143,25.070064
9040,214,83,44,342,1,250.078859,25.085028
9050,209,82,37,329,1,250.169521,25.095706
9060,197,58,41,297,1,250.233728,25.104561
9070,197,62,42,302,1,250.294267,25.110545
9080,196,70,42,309,1,250.355409,25.113814
9090,180,81,31,293,1,250.406787,25.119990
9100,181,80,40,302,1,250.452992,25.122046
9110,173,77,44,295,1,250.509978,25.128507
9120,192,84,50,327,1,250.581861,25.132592
9130,185,80,39,305,1,250.654474,25.142002
9140,179,79,30,289,1,250.706021,25.147641
9150,165,82,31,279,1,250.737506,25.151817
9160,162,77,34,274,1,250.766390,25.154078
9170,170,75,36,282,1,250.797603,25.153273
9180,155,72,39,267,1,250.820382,25.159050
9190,173,73,35,282,1,250.842737,25.160385
9200,172,73,37,283,1,250.883912,25.164980
9210,158,74,39,272,1,250.912837,25.170539
9220,160,76,39,276,1,250.940224,25.173474
9230,167,79,34,281,1,250.965354,25.174541
9240,174,85,27,287,1,250.996910,25.177622
9250,166,68,25,260,1,251.020128,25.185329
9260,148,70,26,245,1,251.018586,25.188359
9270,146,62,35,244,1,251.010406,25.186626
9280,137,50,31,219,1,250.992598,25.188287
9290,162,46,28,237,1,250.962558,25.184360
9300,147,57,29,234,1,250.949066,25.180194
9310,132,55,38,226,1,250.937758,25.177882
9320,141,47,32,221,1,250.910988,25.172938
9330,145,59,28,233,1,250.884806,25.166976
9340,136,54,27,218,1,250.857590,25.170379
9350,139,59,28,227,1,250.825279,25.168126
9360,154,57,29,241,1,250.806874,25.164569
9370,161,57,33,252,1,250.801208,25.159600
9380,143,57,35,236,1,250.794245,25.160970
9390,142,64,36,243,1,250.779757,25.155129
9400,164,76,37,278,1,250.792128,25.153066
9410,167,71,22,261,1,250.815134,25.156368
9420,154,71,17,243,1,250.811515,25.156461
9430,151,72,28,252,1,250.812953,25.154384
9440,153,65,30,249,1,250.806620,25.157681
9450,158,62,27,248,1,250.803641,25.159170
9460,146,69,28,244,1,250.803646,25.160420
9470,161,75,31,268,1,250.808122,25.156521
9480,152,75,29,257,1,250.813744,25.159667
9490,164,71,23,259,1,250.824756,25.162284
9500,165,64,34,264,1,250.839899,25.163985
9510,165,54,30,250,1,250.848251,25.165535
9520,174,61,31,267,1,250.847754,25.165665
9530,183,70,28,282,1,250.861677,25.162209
9540,166,69,29,265,1,250.885359,25.166356
9550,158,76,23,258,1,250.899276,25.170579
9560,156,66,23,246,1,250.904442,25.173126
9570,165,58,37,261,1,250.910683,25.169971
9580,157,66,38,262,1,250.918463,25.171196
9590,167,81,36,285,1,250.950869,25.171731
9600,172,77,30,280,1,250.986896,25.176317
9610,170,69,38,278,1,251.017455,25.181141
9620,182,60,37,280,1,251.045357,25.185695
9630,179,66,40,286,1,251.078595,25.190520
9640,181,67,40,289,1,251.114565,25.193781
9650,170,72,40,283,1,251.155404,25.199364
9660,173,71,32,277,1,251.189218,25.203979
9670,163,74,37,275,1,251.212582,25.204666
9680,155,84,34,274,1,251.240142,25.208912
9690,154,71,37,263,1,251.258447,25.211183
9700,145,76,30,252,1,251.267953,25.214657
9710,128,53,27,209,1,251.255204,25.217196
9720,126,48,19,194,1,251.203827,25.217152
9730,116,50,21,188,1,251.148658,25.209174
9740,132,46,27,206,1,251.089361,25.202605
9750,143,45,24,213,1,251.040170,25.194977
9760,116,39,22,178,1,250.977572,25.193264
9770,107,45,20,173,1,250.896607,25.184522
9780,111,60,20,192,1,250.828623,25.173466
9790,101,54,20,176,1,250.754818,25.166998
9800,90,47,26,164,1,250.669849,25.161726
9810,116,45,26,188,1,250.594656,25.150479
9820,123,41,21,186,1,250.527130,25.145922
9830,115,37,20,173,1,250.458847,25.143081
9840,113,33,26,173,1,250.380090,25.136101
9850,96,32,21,150,1,250.288122,25.130354
9860,96,25,20,142,1,250.173959,25.119811
9870,81,27,21,130,1,250.056182,25.110947
9880,67,23,22,113,1,249.933647,25.099045
9890,84,32,15,132,1,249.800380,25.087593
9900,90,29,7,127,1,249.683347,25.073949
9910,105,32,17,155,1,249.577273,25.062428
9920,91,47,18,157,1,249.489065,25.050168
9930,89,40,15,145,1,249.389025,25.041540
9940,100,41,15,157,1,249.296269,25.028583
9950,109,46,16,172,1,249.209091,25.016449
9960,104,41,26,172,1,249.132449,25.010928
9970,95,34,22,152,1,249.040341,25.000576
9980,69,35,20,125,1,248.930811,24.994512
9990,78,35,18,132,1,248.810992,24.983132
10000,96,33,14,144,1,248.698291,24.966951
10010,98,28,20,147,1,248.594751,24.955708
10020,83,35,22,141,1,248.489616,24.946557
10030,82,29,23,135,1,248.373249,24.938771
10040,85,18,15,119,1,248.250220,24.927313
10050,72,22,11,106,1,248.121440,24.914031
10060,64,29,12,106,1,247.977525,24.900225
10070,70,41,14,126,1,247.842436,24.883084
10080,83,33,8,125,1,247.727748,24.871471
10090,80,27,14,122,1,247.604940,24.858301
10100,88,28,12,129,1,247.479531,24.842650
10110,86,28,14,129,1,247.366222,24.832168
10120,84,32,11,128,1,247.251040,24.823712
10130,83,32,15,131,1,247.135756,24.810565
10140,88,44,14,147,1,247.034804,24.796897
10150,98,48,16,163,1,246.943421,24.787386
10160,101,41,15,158,1,246.863365,24.775098
10170,86,42,12,141,1,246.771598,24.768245
10180,89,39,18,147,1,246.673735,24.755892
10190,81,27,19,128,1,246.568086,24.745933
10200,78,23,15,117,1,246.452956,24.736725
10210,73,29,20,123,1,246.328616,24.721724
10220,80,25,14,120,1,246.205373,24.710482
10230,83,31,15,130,1,246.088522,24.698423
10240,79,35,13,128,1,245.970694,24.685784
10250,60,37,10,108,1,245.843272,24.673392
10260,78,29,17,125,1,245.716741,24.658676
10270,66,32,10,109,1,245.594761,24.649481
10280,75,25,16,117,1,245.465650,24.633790
10290,67,33,24,125,1,245.344548,24.618670
10300,62,29,11,103,1,245.217271,24.605817
10310,58,28,12,99,1,245.077021,24.594295
10320,78,32,16,127,1,244.955315,24.577934
10330,93,33,12,139,1,244.845613,24.566370
10340,90,39,13,143,1,244.750143,24.554091
10350,85,37,16,139,1,244.651762,24.543431
10360,74,32,14,121,1,244.541431,24.537276
10370,86,37,15,139,1,244.427442,24.522911
10380,77,41,13,132,1,244.317202,24.511062
10390,62,30,16,109,1,244.206049,24.500308
10400,55,26,16,98,1,244.069566,24.489845
10410,62,33,10,106,1,243.928545,24.475144
10420,75,16,15,107,1,243.791937,24.460651
10430,63,25,18,107,1,243.657174,24.448933
10440,66,27,10,104,1,243.518035,24.434892
10450,63,13,13,90,1,243.387699,24.424783
10460,69,21,15,106,1,243.252693,24.409044
10470,67,34,10,112,1,243.129073,24.394221
10480,76,40,18,135,1,243.011109,24.378807
10490,107,29,23,160,1,242.915554,24.363787
10500,103,31,21,156,1,242.837368,24.355877
10510,90,38,19,148,1,242.748742,24.347151
10520,85,33,17,136,1,242.651768,24.336196
10530,81,31,18,131,1,242.550699,24.326687
10540,73,27,11,112,1,242.439115,24.316122
10550,82,27,15,125,1,242.314234,24.301910
10560,72,33,18,124,1,242.205990,24.293756
10570,85,29,13,128,1,242.094816,24.280462
10580,78,40,17,136,1,241.990668,24.271100
10590,83,39,19,142,1,241.894822,24.260730
10600,83,41,17,142,1,241.800455,24.253033
10610,76,46,18,141,1,241.707223,24.244301
10620,98,41,17,157,1,241.625171,24.236459
10630,97,36,12,146,1,241.542727,24.231092
10640,85,29,18,133,1,241.441351,24.222677
10650,82,49,14,146,1,241.345931,24.209381
10660,90,34,16,141,1,241.255329,24.198628
10670,93,42,24,160,1,241.172729,24.188455
10680,88,36,21,146,1,241.084406,24.183845
10690,111,34,15,161,1,240.997521,24.172791
10700,105,32,18,156,1,240.923043,24.165025
10710,103,31,17,152,1,240.841969,24.156825
10720,88,39,16,144,1,240.759637,24.149629
10730,81,38,17,137,1,240.663636,24.141736
10740,99,39,14,153,1,240.573312,24.129901
10750,98,29,13,141,1,240.482886,24.122564
10760,78,31,13,123,1,240.373976,24.112694
10770,81,33,18,133,1,240.266534,24.100050
10780,80,21,16,118,1,240.160424,24.089563
10790,89,33,25,148,1,240.062343,24.078313
10800,95,36,17,149,1,239.976947,24.069457
10810,89,37,20,147,1,239.889888,24.061552
10820,85,40,21,147,1,239.797454,24.052436
10830,96,36,17,150,1,239.709215,24.045077
10840,105,25,19,150,1,239.621875,24.036248
10850,100,39,21,161,1,239.546744,24.027088
10860,99,40,25,165,1,239.470472,24.021367
10870,96,50,19,166,1,239.403991,24.013744
10880,103,51,17,172,1,239.336180,24.009088
10890,118,52,16,187,1,239.276214,23.998802
10900,121,48,19,189,1,239.230706,23.993289
10910,122,40,26,189,1,239.183698,23.988951
10920,130,53,32,216,1,239.154703,23.981794
10930,134,64,32,231,1,239.139317,23.977770
10940,161,57,33,252,1,239.140393,23.975842
10950,183,71,36,291,1,239.166503,23.973793
10960,191,75,38,305,1,239.222480,23.978036
10970,183,90,41,315,1,239.284536,23.986178
10980,188,82,39,310,1,239.352685,23.993395
10990,185,70,33,289,1,239.406459,24.000483
11000,196,60,31,288,1,239.451682,24.004525
11010,182,57,27,267,1,239.485803,24.009422
11020,171,67,27,266,1,239.504527,24.010588
11030,152,66,28,247,1,239.519019,24.012859
11040,166,73,28,268,1,239.538441,24.007121
11050,182,62,24,269,1,239.560715,24.006039
11060,187,59,32,279,1,239.588830,24.009464
11070,179,65,31,276,1,239.617343,24.012710
11080,180,61,33,275,1,239.644574,24.014089
11090,171,66,34,272,1,239.670876,24.016029
11100,164,62,35,262,1,239.692580,24.017943
11110,155,71,29,256,1,239.710537,24.020782
11120,166,72,28,267,1,239.727689,24.021806
11130,171,70,27,269,1,239.750402,24.022957
11140,171,67,30,269,1,239.776334,24.027889
11150,171,70,39,281,1,239.805191,24.029872
11160,170,76,47,294,1,239.843944,24.030259
11170,172,89,41,303,1,239.897678,24.035386
11180,182,83,31,297,1,239.953908,24.043779
11190,193,79,34,307,1,240.008007,24.048511
11200,202,69,37,309,1,240.065020,24.052675
11210,177,73,43,294,1,240.122694,24.060777
11220,181,69,40,291,1,240.171209,24.069034
11230,156,79,43,279,1,240.207920,24.074816
11240,163,71,40,275,1,240.241069,24.076587
11250,145,70,42,258,1,240.268806,24.078891
11260,154,61,37,253,1,240.279287,24.082681
11270,132,60,39,232,1,240.288863,24.085949
11280,136,56,27,220,1,240.274373,24.087656
11290,144,51,22,218,1,240.262602,24.086209
11300,130,51,22,204,1,240.238178,24.086272
11310,105,51,16,173,1,240.191454,24.086015
11320,102,50,12,165,1,240.126598,24.079666
11330,103,39,16,159,1,240.061292,24.075828
11340,88,38,16,143,1,239.981927,24.070574
11350,99,35,15,150,1,239.894734,24.060702
11360,113,44,21,179,1,239.831073,24.048945
11370,119,47,25,192,1,239.789715,24.042832
11380,137,57,20,215,1,239.757593,24.035531
11390,133,61,17,212,1,239.731231,24.032201
11400,144,64,25,234,1,239.719168,24.029672
11410,144,62,24,231,1,239.710800,24.028361
11420,138,58,23,220,1,239.696881,24.030501
11430,142,54,23,220,1,239.679539,24.029974
11440,134,49,24,208,1,239.661091,24.028280
11450,138,54,28,221,1,239.648708,24.027826
11460,123,43,24,191,1,239.620928,24.027508
11470,126,51,27,205,1,239.589083,24.022788
11480,118,64,31,214,1,239.566893,24.020297
11490,137,68,27,233,1,239.554178,24.016242
11500,141,67,23,232,1,239.549383,24.014452
11510,130,70,27,228,1,239.542940,24.014800
11520,135,75,37,248,1,239.543611,24.013979
11530,142,66,36,245,1,239.546178,24.014811
11540,153,68,38,260,1,239.563386,24.013146
11550,157,59,30,247,1,239.576032,24.015407
11560,158,67,39,265,1,239.587687,24.012568
11570,171,64,37,273,1,239.609016,24.015284
11580,188,62,39,290,1,239.651603,24.017218
11590,196,63,36,296,1,239.700157,24.024117
11600,204,79,37,321,1,239.755286,24.025859
11610,186,84,34,305,1,239.822375,24.033990
11620,188,79,33,301,1,239.880049,24.038274
11630,200,84,33,318,1,239.941118,24.044143
11640,205,82,30,318,1,240.005430,24.049096
11650,199,72,34,306,1,240.067155,24.055446
11660,197,66,31,295,1,240.119515,24.061478
11670,186,66,30,283,1,240.161983,24.068584
11680,180,68,31,280,1,240.189708,24.068839
11690,184,71,35,291,1,240.228262,24.072247
11700,183,70,44,298,1,240.275724,24.073250
11710,177,68,40,286,1,240.316549,24.077095
11720,181,58,38,278,1,240.346814,24.082147
11730,189,68,38,296,1,240.385281,24.085138
11740,201,65,36,303,1,240.435190,24.088043
11750,164,69,29,263,1,240.465600,24.094749
11760,161,80,29,271,1,240.490350,24.094725
11770,165,81,32,279,1,240.514564,24.093010
11780,183,67,27,278,1,240.547207,24.097269
11790,173,70,35,279,1,240.576785,24.099991
11800,178,73,35,287,1,240.612731,24.103556
11810,168,72,42,283,1,240.654345,24.107689
11820,162,66,43,272,1,240.683917,24.111842
11830,169,82,49,301,1,240.719971,24.112354
11840,172,86,38,297,1,240.769007,24.117028
11850,189,88,36,314,1,240.830538,24.122749
11860,193,87,35,316,1,240.893257,24.130629
11870,183,74,32,290,1,240.947874,24.139324
11880,186,83,35,305,1,240.998003,24.142680
11890,194,82,32,309,1,241.053048,24.147548
11900,174,89,32,296,1,241.106679,24.152478
11910,173,90,35,299,1,241.154339,24.155795
11920,167,84,38,290,1,241.200123,24.158317
11930,166,89,32,288,1,241.237371,24.163030
11940,165,75,30,271,1,241.264604,24.165927
11950,177,65,34,277,1,241.295025,24.168941
11960,176,65,36,278,1,241.318682,24.171480
11970,169,67,38,275,1,241.350267,24.175825
11980,175,68,29,273,1,241.375505,24.179127
11990,174,58,31,264,1,241.397502,24.182710
12000,155,63,31,250,1,241.412757,24.185212
12010,166,72,22,261,1,241.418376,24.183923
12020,166,79,27,273,1,241.442384,24.184277
12030,177,71,29,278,1,241.468700,24.187685
12040,178,72,29,280,1,241.502330,24.193436
12050,160,73,35,269,1,241.530929,24.196265
12060,167,70,34,272,1,241.551105,24.198049
12070,168,73,40,282,1,241.580306,24.200738
12080,188,77,37,303,1,241.623144,24.202786
12090,163,73,41,278,1,241.663539,24.208403
12100,157,71,31,260,1,241.688015,24.213025
12110,157,65,37,260,1,241.703341,24.211920
12120,154,68,30,253,1,241.710690,24.213823
12130,160,62,27,250,1,241.720487,24.216769
12140,149,45,25,220,1,241.717999,24.220480
12150,149,55,26,231,1,241.709158,24.217357
12160,145,58,28,232,1,241.698996,24.214705
12170,153,54,27,235,1,241.689755,24.216334
12180,154,53,31,239,1,241.684527,24.216767
12190,133,60,28,222,1,241.674218,24.218282
12200,129,57,26,213,1,241.653664,24.215982
12210,121,48,20,190,1,241.623876,24.214545
12220,129,57,17,204,1,241.591816,24.208311
12230,134,52,23,210,1,241.562494,24.204738
12240,156,52,27,236,1,241.547388,24.201005
12250,171,52,38,262,1,241.554471,24.199896
12260,178,58,41,278,1,241.577712,24.199419
12270,157,68,46,272,1,241.606801,24.203683
12280,135,74,32,242,1,241.623429,24.208868
12290,122,67,32,222,1,241.614632,24.207159
12300,145,60,29,235,1,241.604432,24.206692
12310,148,54,27,230,1,241.600241,24.205840
12320,131,45,36,213,1,241.584375,24.207560
12330,127,47,36,211,1,241.565920,24.207835
12340,141,59,37,238,1,241.550396,24.206238
12350,142,64,24,231,1,241.552899,24.205465
12360,145,59,30,235,1,241.547175,24.204458
12370,148,57,39,245,1,241.545626,24.204459
12380,133,63,33,230,1,241.545056,24.206908
12390,132,71,23,227,1,241.531028,24.206635
12400,121,65,32,219,1,241.518433,24.204742
12410,127,55,34,217,1,241.494663,24.203881
12420,134,36,26,197,1,241.472202,24.204321
12430,125,45,15,186,1,241.432056,24.200446
12440,116,53,18,188,1,241.391704,24.198499
12450,108,49,21,179,1,241.343005,24.196103
12460,98,42,22,163,1,241.287008,24.193359
12470,107,40,18,166,1,241.222185,24.184085
12480,97,49,16,163,1,241.161456,24.176199
12490,101,48,19,169,1,241.098135,24.169027
12500,113,46,17,177,1,241.044313,24.163390
12510,114,39,24,178,1,240.994557,24.157774
12520,119,38,23,181,1,240.943508,24.152224
12530,119,36,24,180,1,240.894111,24.148771
12540,133,42,28,204,1,240.849383,24.141538
12550,124,38,27,190,1,240.808385,24.139504
12560,124,43,21,189,1,240.765876,24.134618
12570,122,46,17,186,1,240.722717,24.130246
12580,121,40,23,185,1,240.679212,24.124685
12590,115,44,30,190,1,240.638634,24.122109
12600,112,51,29,193,1,240.602052,24.118588
12610,108,40,24,173,1,240.558536,24.114371
12620,121,44,27,193,1,240.515831,24.109660
12630,107,45,36,189,1,240.478720,24.105129
12640,125,54,30,210,1,240.448210,24.100687
12650,134,51,15,201,1,240.419416,24.098139
12660,109,39,21,170,1,240.377440,24.096749
12670,108,50,23,182,1,240.325215,24.087655
12680,106,48,23,178,1,240.276425,24.085196
12690,95,49,32,177,1,240.229261,24.080804
12700,109,51,30,191,1,240.187738,24.076215
12710,109,39,20,169,1,240.142425,24.074096
12720,106,37,24,168,1,240.077498,24.068109
12730,111,45,16,173,1,240.019146,24.062212
12740,107,36,18,162,1,239.963455,24.055824
12750,112,39,23,175,1,239.914366,24.048020
12760,121,47,19,188,1,239.867343,24.040241
12770,131,49,25,206,1,239.833854,24.033636
12780,129,46,35,211,1,239.806904,24.029954
12790,137,46,36,220,1,239.785898,24.027622
12800,133,59,30,223,1,239.768359,24.026014
12810,134,52,24,211,1,239.750132,24.025465
12820,130,46,23,200,1,239.723768,24.024098
12830,140,45,20,206,1,239.698511,24.020776
12840,148,47,19,215,1,239.672753,24.015156
12850,149,53,33,236,1,239.662256,24.010884
12860,118,58,40,217,1,239.650336,24.010029
12870,119,64,38,222,1,239.638899,24.008848
12880,147,66,30,244,1,239.631507,24.004338
12890,156,64,27,248,1,239.635856,24.005861
12900,158,66,29,254,1,239.642249,24.005350
12910,145,60,29,235,1,239.643795,24.008454
12920,140,48,27,216,1,239.630632,24.011197
12930,150,57,29,237,1,239.619424,24.007246
12940,146,56,30,233,1,239.620825,24.008095
12950,147,53,29,230,1,239.612469,24.008151
12960,143,61,39,244,1,239.610920,24.006475
12970,157,55,39,252,1,239.619028,24.004100
12980,152,53,30,236,1,239.620364,24.003089
12990,169,56,29,255,1,239.625118,24.002608
13000,166,60,33,260,1,239.639887,24.005537
13010,171,59,35,266,1,239.654022,24.008400
13020,171,65,34,271,1,239.674444,24.009858
13030,186,55,33,275,1,239.697675,24.011599
13040,197,70,36,304,1,239.734171,24.011349
13050,185,65,35,286,1,239.773389,24.018935
13060,170,74,32,277,1,239.804163,24.022907
13070,162,68,32,263,1,239.827906,24.026358
13080,164,65,28,258,1,239.839245,24.028933
13090,154,62,28,245,1,239.846801,24.032047
13100,160,70,24,255,1,239.852867,24.028759
13110,156,57,30,244,1,239.865089,24.029950
13120,158,62,41,262,1,239.881320,24.031726
13130,161,58,34,254,1,239.898205,24.036135
13140,155,65,31,252,1,239.906320,24.037830
13150,163,64,30,258,1,239.925453,24.038795
13160,151,72,27,251,1,239.938652,24.043560
13170,152,73,25,251,1,239.947967,24.045553
13180,152,65,21,239,1,239.949482,24.045118
13190,147,59,26,233,1,239.945358,24.043936
13200,150,59,37,247,1,239.942327,24.041405
13210,141,60,35,237,1,239.940738,24.041392
13220,129,66,41,237,1,239.936313,24.040731
13230,148,69,41,259,1,239.945623,24.039807
13240,160,72,42,275,1,239.961311,24.040981
13250,158,56,31,246,1,239.982092,24.044847
13260,157,60,34,252,1,239.984660,24.046341
13270,155,56,30,242,1,239.986703,24.047781
13280,167,54,32,254,1,239.997816,24.046861
13290,178,48,30,257,1,240.009105,24.046869
13300,170,62,35,268,1,240.022611,24.048550
13310,161,75,36,273,1,240.042541,24.049607
13320,144,68,37,250,1,240.059919,24.056018
13330,159,59,43,262,1,240.072315,24.056138
13340,191,59,44,295,1,240.100282,24.055832
13350,176,58,34,269,1,240.132244,24.063153
13360,157,66,36,260,1,240.151740,24.066875
13370,159,69,46,275,1,240.170602,24.068726
13380,160,71,40,272,1,240.197653,24.071579
13390,175,76,44,296,1,240.228670,24.074828
13400,200,76,43,320,1,240.279350,24.079328
13410,210,78,34,323,1,240.342764,24.083665
13420,219,82,45,347,1,240.420123,24.087243
13430,222,83,42,348,1,240.500306,24.096501
13440,228,80,53,362,1,240.584934,24.105844
13450,239,80,51,371,1,240.678054,24.116217
13460,236,89,44,370,1,240.771244,24.124621
13470,231,100,44,376,1,240.870115,24.131082
13480,232,100,37,370,1,240.967766,24.142267
13490,228,91,44,364,1,241.061877,24.152739
13500,248,88,43,380,1,241.161729,24.162170
13510,250,86,36,373,1,241.260008,24.170908
13520,237,97,38,373,1,241.357723,24.180485
13530,226,105,46,378,1,241.453416,24.188964
13540,221,107,54,383,1,241.561796,24.199073
13550,234,108,51,394,1,241.669685,24.209133
13560,240,104,51,396,1,241.785729,24.220727
13570,258,92,45,396,1,241.895676,24.229742
13580,246,90,44,381,1,242.001296,24.242080
13590,241,98,53,393,1,242.108484,24.251178
13600,249,94,50,394,1,242.214761,24.261436
13610,239,99,54,393,1,242.325523,24.273930
13620,239,87,53,380,1,242.425671,24.283753
13630,224,105,50,380,1,242.531437,24.291104
13640,249,107,45,402,1,242.638673,24.298962
13650,252,107,47,407,1,242.765170,24.309821
13660,245,104,46,396,1,242.881239,24.321241
13670,236,101,53,391,1,242.995959,24.332348
13680,237,109,54,401,1,243.110238,24.343054
13690,241,113,52,407,1,243.229275,24.354059
13700,261,110,50,422,1,243.353029,24.363223
13710,274,97,38,410,1,243.478214,24.376981
13720,278,86,46,411,1,243.598711,24.387600
13730,278,86,53,418,1,243.723937,24.398516
13740,268,93,58,420,1,243.855402,24.410590
13750,269,98,61,429,1,243.985707,24.421127
13760,272,103,57,433,1,244.119495,24.435213
13770,286,118,58,463,1,244.266046,24.448621
13780,302,118,57,478,1,244.430458,24.464350
13790,300,120,63,484,1,244.599767,24.482524
13800,302,121,61,485,1,244.769377,24.501972
13810,308,122,64,495,1,244.945660,24.516579
13820,299,127,66,493,1,245.128506,24.537886
13830,287,127,63,478,1,245.299900,24.558402
13840,299,124,63,487,1,245.466783,24.574556
13850,300,121,61,483,1,245.639358,24.591457
13860,289,117,57,464,1,245.803863,24.609684
13870,304,121,55,481,1,245.969363,24.624988
13880,285,124,59,469,1,246.129640,24.640480
13890,287,122,59,469,1,246.292037,24.654764
13900,277,128,56,462,1,246.450246,24.670227
13910,289,125,58,473,1,246.611212,24.684901
13920,279,118,53,451,1,246.762542,24.703229
13930,291,116,54,462,1,246.911316,24.719347
13940,280,118,53,452,1,247.055842,24.736105
13950,282,106,53,442,1,247.194727,24.751055
13960,266,108,51,426,1,247.330332,24.765676
13970,269,106,50,426,1,247.457283,24.777121
13980,244,99,48,392,1,247.571956,24.793375
13990,263,91,45,400,1,247.676319,24.805754
14000,246,98,49,394,1,247.783092,24.815710
14010,229,101,44,375,1,247.880615,24.827048
14020,230,101,53,385,1,247.976721,24.833452
14030,242,108,51,402,1,248.081685,24.843406
14040,239,105,47,392,1,248.192003,24.856556
14050,237,105,47,390,1,248.291135,24.866457
14060,250,104,49,404,1,248.396721,24.876297
14070,232,109,45,387,1,248.503591,24.887682
14080,245,116,38,400,1,248.604778,24.898498
14090,254,107,42,404,1,248.713673,24.906721
14100,257,105,38,401,1,248.819267,24.918332
14110,259,98,42,400,1,248.930618,24.928750
14120,285,97,50,433,1,249.050146,24.937688
14130,282,94,47,424,1,249.176434,24.951194
14140,271,92,49,413,1,249.293615,24.963081
14150,262,99,47,409,1,249.407716,24.972715
14160,238,105,43,387,1,249.509262,24.984274
14170,242,113,50,406,1,249.612326,24.993511
14180,236,115,46,398,1,249.720245,25.003764
14190,241,108,51,401,1,249.825367,25.016562
14200,254,99,61,415,1,249.939749,25.025345
14210,279,103,65,448,1,250.068281,25.035370
14220,296,98,59,454,1,250.212374,25.046954
14230,312,122,61,496,1,250.369525,25.056498
14240,316,120,63,500,1,250.536595,25.074438
14250,311,122,54,488,1,250.704537,25.092641
14260,311,121,58,491,1,250.871452,25.110389
14270,286,120,60,467,1,251.033614,25.128895
14280,280,106,63,450,1,251.180169,25.147602
14290,274,109,57,441,1,251.312385,25.162053
14300,247,101,63,412,1,251.435318,25.177865
14310,253,100,58,412,1,251.548119,25.189666
14320,255,114,51,421,1,251.665981,25.201620
14330,251,108,48,408,1,251.782987,25.216484
14340,261,113,43,418,1,251.897804,25.227604
14350,265,129,38,433,1,252.021657,25.239629
14360,267,119,41,428,1,252.147252,25.249892
14370,280,109,34,424,1,252.267671,25.262455
14380,254,102,40,397,1,252.372411,25.275383
14390,279,86,52,418,1,252.480394,25.284763
14400,296,92,43,432,1,252.598491,25.296916
14410,297,92,49,439,1,252.730872,25.308213
14420,296,94,48,439,1,252.862562,25.323135
14430,310,104,43,458,1,253.003555,25.336174
14440,287,108,48,444,1,253.143989,25.351443
14450,281,100,56,438,1,253.274401,25.362720
14460,276,105,63,445,1,253.407183,25.375992
14470,264,105,63,433,1,253.532618,25.387299
14480,268,118,60,447,1,253.655509,25.397824
14490,282,110,63,456,1,253.786972,25.412194
14500,281,108,57,447,1,253.920399,25.425883
14510,290,104,49,444,1,254.054654,25.439303
14520,308,95,51,455,1,254.190655,25.454477
14530,300,96,55,452,1,254.328646,25.468447
14540,297,96,57,451,1,254.462638,25.482367
14550,273,93,60,427,1,254.592091,25.500395
14560,279,98,59,437,1,254.709820,25.511808
14570,274,97,68,440,1,254.833611,25.524881
14580,276,92,63,432,1,254.959963,25.539613
14590,282,93,51,427,1,255.075136,25.549191
14600,277,106,53,437,1,255.199018,25.559116
14610,258,102,45,406,1,255.314027,25.573412
14620,288,105,43,437,1,255.425405,25.582612
14630,260,111,45,417,1,255.540013,25.596341
14640,283,105,41,430,1,255.653160,25.605543
14650,290,101,43,435,1,255.771889,25.616357
14660,291,107,53,452,1,255.898840,25.625193
14670,294,103,53,451,1,256.033500,25.638653
14680,281,99,56,437,1,256.163290,25.652326
14690,281,98,61,441,1,256.283629,25.664003
14700,278,112,63,454,1,256.414356,25.675145
14710,272,113,53,439,1,256.542095,25.688437
14720,286,106,56,449,1,256.665481,25.699546
14730,266,101,51,419,1,256.785367,25.714673
14740,267,101,49,418,1,256.895321,25.724436
14750,269,95,49,414,1,257.003544,25.736473
14760,274,96,48,419,1,257.119352,25.745949
14770,269,96,43,409,1,257.218976,25.756600
14780,264,100,50,415,1,257.319908,25.765985
14790,283,110,52,446,1,257.433192,25.772071
14800,266,120,48,435,1,257.551995,25.783247
14810,270,120,53,444,1,257.675181,25.794689
14820,270,117,53,441,1,257.803590,25.807873
14830,259,121,53,434,1,257.925622,25.819723
14840,259,111,58,429,1,258.045647,25.830848
14850,257,113,54,425,1,258.158591,25.845795
14860,268,114,57,440,1,258.272407,25.855602
14870,262,114,56,433,1,258.390085,25.866841
14880,271,122,55,449,1,258.510014,25.878480
14890,276,115,60,452,1,258.639137,25.888429
14900,288,117,64,470,1,258.774962,25.900094
14910,295,116,65,477,1,258.916414,25.914584
14920,291,120,68,480,1,259.066747,25.928745
14930,289,121,63,474,1,259.213609,25.942560
14940,269,118,66,454,1,259.350349,25.956752
14950,268,127,61,457,1,259.480781,25.968227
14960,285,117,60,463,1,259.611230,25.980921
14970,290,121,66,478,1,259.751613,25.992177
14980,301,128,73,503,1,259.900838,26.005187
14990,299,119,70,489,1,260.055173,26.023225
15000,289,111,73,474,1,260.203949,26.040185
15010,270,126,76,473,1,260.345397,26.054501
15020,262,130,70,463,1,260.484393,26.068225
15030,267,124,69,461,1,260.622866,26.083806
15040,271,122,68,462,1,260.756922,26.095993
15050,276,116,67,460,1,260.881219,26.107377
15060,278,104,61,444,1,261.009876,26.122323
15070,299,105,54,459,1,261.136228,26.133565
15080,312,120,57,490,1,261.276218,26.147041
15090,307,123,57,488,1,261.427358,26.162848
15100,302,122,54,479,1,261.574182,26.177875
15110,302,126,57,486,1,261.721872,26.192642
15120,311,131,64,507,1,261.875743,26.208028
15130,318,124,57,500,1,262.034267,26.224573
15140,313,116,64,494,1,262.186537,26.239972
15150,326,116,66,509,1,262.347702,26.253312
15160,306,113,56,476,1,262.497907,26.270412
15170,306,113,56,476,1,262.635691,26.281587
15180,290,117,54,462,1,262.770756,26.297171
15190,281,122,47,451,1,262.899940,26.311473
15200,286,105,49,441,1,263.017391,26.320960
15210,292,105,42,440,1,263.137518,26.333142
15220,286,98,35,420,1,263.249791,26.345924
15230,282,98,35,416,1,263.350698,26.356702
15240,282,100,45,428,1,263.459149,26.364945
15250,281,106,54,442,1,263.568925,26.374706
15260,266,111,52,430,1,263.682979,26.386281
15270,258,102,60,421,1,263.788221,26.395589
15280,243,104,48,396,1,263.883808,26.406181
15290,232,99,57,389,1,263.965873,26.415418
15300,225,94,59,379,1,264.039195,26.420670
15310,250,105,56,412,1,264.126513,26.426978
15320,254,99,56,410,1,264.223312,26.436136
15330,254,101,49,405,1,264.315803,26.446589
15340,261,103,57,422,1,264.411120,26.453701
15350,289,98,54,442,1,264.519705,26.462831
15360,291,96,48,436,1,264.635377,26.475431
15370,278,88,55,422,1,264.741163,26.487558
15380,286,93,46,426,1,264.843439,26.498472
15390,273,101,45,420,1,264.948014,26.509960
15400,266,108,51,426,1,265.049961,26.519461
15410,262,114,53,430,1,265.157350,26.531230
15420,269,99,54,423,1,265.261519,26.544399
15430,249,104,63,417,1,265.365072,26.554577
15440,261,100,59,421,1,265.463738,26.563234
15450,256,99,53,409,1,265.559064,26.572417
15460,252,113,53,419,1,265.657549,26.582089
15470,231,102,48,382,1,265.747487,26.591594
15480,223,93,55,372,1,265.823612,26.599888
15490,227,96,52,376,1,265.894691,26.607333
15500,257,89,52,399,1,265.978290,26.612595
15510,264,83,44,392,1,266.063876,26.622007
15520,269,79,55,404,1,266.147981,26.628009
15530,249,67,53,370,1,266.231184,26.638384
15540,253,68,56,378,1,266.301475,26.646094
15550,247,86,52,386,1,266.379717,26.653398
15560,236,92,52,381,1,266.460504,26.663700
15570,243,94,54,392,1,266.539003,26.672059
15580,221,110,52,384,1,266.616491,26.679801
15590,213,97,63,374,1,266.686668,26.684756
15600,207,92,54,354,1,266.749877,26.691756
15610,219,77,52,349,1,266.805205,26.696939
15620,246,83,53,383,1,266.865377,26.699015
15630,232,81,53,367,1,266.936127,26.708992
15640,245,84,53,383,1,267.006914,26.713331
15650,224,82,55,362,1,267.074629,26.722831
15660,214,87,54,356,1,267.131712,26.729728
15670,228,83,54,366,1,267.187134,26.735604
15680,225,91,62,379,1,267.254513,26.738411
15690,229,95,54,379,1,267.323055,26.744237
15700,220,80,53,354,1,267.386114,26.752073
15710,233,86,45,365,1,267.448531,26.756264
15720,223,84,44,352,1,267.502919,26.763912
15730,218,92,41,352,1,267.560852,26.768849
15740,240,86,40,367,1,267.617238,26.771078
15750,238,89,38,366,1,267.680024,26.778374
15760,235,90,33,359,1,267.737704,26.782777
15770,233,89,30,353,1,267.792396,26.787733
15780,225,92,35,353,1,267.845181,26.794876
15790,222,100,34,357,1,267.899259,26.798582
15800,220,100,44,365,1,267.956244,26.803428
15810,230,89,50,370,1,268.023408,26.809972
15820,241,92,48,382,1,268.091097,26.817586
15830,248,86,58,393,1,268.165848,26.824380
15840,251,88,59,399,1,268.249879,26.832441
15850,259,92,57,409,1,268.335020,26.841800
15860,260,89,57,407,1,268.426121,26.852771
15870,280,94,50,425,1,268.517726,26.859050
15880,280,99,44,424,1,268.614407,26.868716
15890,280,102,40,423,1,268.711433,26.879094
15900,265,104,44,414,1,268.805696,26.887503
15910,283,112,44,440,1,268.904255,26.894482
15920,278,118,45,442,1,269.011049,26.905161
15930,252,112,56,421,1,269.114089,26.917492
15940,277,109,52,439,1,269.217515,26.927326
15950,272,104,52,429,1,269.326950,26.939113
15960,278,105,58,442,1,269.433117,26.949559
15970,305,103,59,468,1,269.551020,26.958309
15980,310,107,67,485,1,269.682336,26.967052
15990,313,110,71,495,1,269.823629,26.980001
16000,310,107,83,501,1,269.966651,26.992279
16010,318,106,78,503,1,270.113041,27.007593
16020,329,109,74,513,1,270.260817,27.024226
16030,316,107,72,496,1,270.409015,27.040564
16040,313,106,63,483,1,270.546646,27.057026
16050,326,115,52,494,1,270.683919,27.070247
16060,328,111,50,490,1,270.817614,27.082773
16070,324,107,58,490,1,270.954632,27.093609
16080,331,108,55,495,1,271.091381,27.110150
16090,330,106,57,494,1,271.230020,27.123508
16100,355,104,53,513,1,271.376275,27.137290
16110,349,115,61,526,1,271.529599,27.152286
16120,353,120,55,529,1,271.690399,27.168197
16130,347,122,49,519,1,271.846642,27.185844
16140,338,135,61,535,1,272.007764,27.200271
16150,345,138,65,549,1,272.178981,27.215539
16160,343,151,64,559,1,272.354463,27.233593
16170,328,145,69,543,1,272.526980,27.249833
16180,316,146,69,532,1,272.692901,27.267099
16190,327,149,59,536,1,272.856919,27.282153
16200,322,146,63,532,1,273.014801,27.299121
16210,329,146,63,539,1,273.177711,27.315749
16220,332,150,62,545,1,273.343122,27.331448
16230,362,157,58,578,1,273.524626,27.347576
16240,373,154,56,584,1,273.712217,27.365661
16250,390,158,60,609,1,273.907048,27.384470
16260,385,144,63,593,1,274.112362,27.405337
16270,377,134,57,569,1,274.299818,27.426610
16280,391,136,62,590,1,274.486236,27.444915
16290,367,143,69,580,1,274.676106,27.464913
16300,365,149,73,588,1,274.867927,27.483758
16310,357,145,76,579,1,275.059321,27.503403
16320,365,150,69,585,1,275.245352,27.520825
16330,345,160,70,576,1,275.429494,27.540757
16340,345,154,70,570,1,275.614058,27.561574
16350,351,166,69,587,1,275.802407,27.579566
16360,337,161,69,568,1,275.991229,27.600304
16370,342,166,69,578,1,276.171686,27.618012
16380,344,164,76,585,1,276.357667,27.637116
16390,347,159,73,580,1,276.542748,27.656131
16400,364,167,89,621,1,276.740899,27.673584
16410,375,154,88,618,1,276.949073,27.693726
16420,377,153,84,615,1,277.156248,27.715962
16430,375,155,84,615,1,277.358702,27.735533
16440,358,159,85,603,1,277.559355,27.757455
16450,348,157,84,590,1,277.753826,27.777578
16460,366,166,79,612,1,277.951914,27.794685
16470,363,169,78,611,1,278.158183,27.814974
16480,360,168,75,604,1,278.356051,27.835267
16490,371,155,77,604,1,278.556020,27.853237
16500,370,143,75,589,1,278.744769,27.873294
16510,376,133,71,581,1,278.928133,27.892475
16520,359,135,73,568,1,279.102148,27.912918
16530,370,135,72,578,1,279.279591,27.929480
16540,357,134,75,567,1,279.456269,27.948837
16550,347,140,73,561,1,279.626789,27.968425
16560,356,139,69,565,1,279.798025,27.984365
16570,340,148,70,559,1,279.969907,28.002061
16580,339,148,69,557,1,280.138990,28.018124
16590,338,134,77,550,1,280.302638,28.037193
16600,353,138,78,570,1,280.473693,28.051425
16610,334,142,77,554,1,280.646564,28.070064
16620,333,149,71,554,1,280.810657,28.085628
16630,329,148,71,549,1,280.972769,28.102177
16640,304,147,73,525,1,281.128754,28.122509
16650,312,158,72,543,1,281.280490,28.134470
16660,314,151,73,539,1,281.437389,28.151005
16670,322,156,82,561,1,281.599145,28.165659
16680,323,152,84,560,1,281.767970,28.183218
16690,338,155,82,576,1,281.938730,28.197759
16700,350,162,72,585,1,282.113618,28.215924
16710,361,154,75,591,1,282.294442,28.233330
16720,369,162,75,607,1,282.485960,28.250962
16730,393,169,75,638,1,282.688670,28.268698
16740,379,161,88,629,1,282.895159,28.289516
16750,379,162,86,628,1,283.098894,28.307185
16760,394,165,87,647,1,283.307390,28.325500
16770,399,175,83,658,1,283.528694,28.348474
16780,426,170,84,681,1,283.759800,28.370063
16790,421,170,85,677,1,283.996445,28.395416
16800,423,150,85,659,1,284.226616,28.419109
16810,427,148,81,657,1,284.447417,28.441019
16820,450,149,86,686,1,284.673137,28.460038
16830,461,156,92,710,1,284.918259,28.484717
16840,464,162,100,727,1,285.176122,28.509317
16850,438,153,96,688,1,285.425472,28.534080
16860,441,164,99,705,1,285.667693,28.557115
16870,446,170,99,716,1,285.916660,28.580823
16880,439,168,95,703,1,286.165652,28.607414
16890,450,172,106,729,1,286.422281,28.631887
16900,449,171,103,724,1,286.683524,28.659365
16910,456,168,96,721,1,286.939123,28.686787
16920,451,179,89,720,1,287.195985,28.712132
16930,442,178,89,710,1,287.449884,28.738029
16940,435,180,85,701,1,287.696774,28.764244
16950,421,186,88,696,1,287.938493,28.789603
16960,437,181,86,705,1,288.177874,28.812691
16970,433,198,86,718,1,288.426804,28.837922
16980,414,193,91,699,1,288.672027,28.865333
16990,415,178,87,681,1,288.910089,28.888458
17000,418,189,86,694,1,289.146132,28.909682
17010,424,184,94,703,1,289.385215,28.931208
17020,435,175,86,697,1,289.627042,28.955389
17030,424,185,86,696,1,289.869446,28.980818
17040,449,183,80,713,1,290.113153,29.005187
17050,460,182,82,725,1,290.368615,29.028349
17060,466,180,79,726,1,290.620309,29.053516
17070,474,177,83,735,1,290.876904,29.078832
17080,477,182,72,732,1,291.138690,29.107393
17090,475,181,71,728,1,291.397193,29.132560
17100,471,174,66,712,1,291.649411,29.157950
17110,480,170,69,720,1,291.899809,29.182306
17120,480,182,74,737,1,292.157127,29.204966
17130,471,192,82,746,1,292.419327,29.227771
17140,480,196,83,760,1,292.687916,29.253943
17150,482,192,88,763,1,292.964365,29.282094
17160,471,190,91,753,1,293.234211,29.307708
17170,485,180,94,760,1,293.507799,29.335745
17180,474,194,103,772,1,293.781165,29.362051
17190,478,195,105,779,1,294.059587,29.390400
17200,509,199,102,811,1,294.349663,29.416495
17210,514,197,100,812,1,294.650408,29.446049
17220,500,190,99,790,1,294.948402,29.477722
17230,509,191,96,797,1,295.239979,29.506702
17240,496,196,92,785,1,295.529851,29.534997
17250,488,206,91,786,1,295.813213,29.562641
17260,482,199,83,765,1,296.090036,29.593058
17270,473,208,94,776,1,296.365641,29.619756
17280,498,203,96,798,1,296.650321,29.644103
17290,493,203,94,791,1,296.937800,29.674729
17300,510,206,104,821,1,297.236576,29.700996
17310,504,211,108,824,1,297.541181,29.730588
17320,518,205,97,821,1,297.842282,29.759314
17330,521,199,108,829,1,298.143283,29.790778
17340,528,200,114,843,1,298.454242,29.821003
17350,531,196,106,834,1,298.766527,29.854627
17360,508,198,108,815,1,299.065696,29.885911
17370,485,194,106,786,1,299.354357,29.916835
17380,493,205,107,806,1,299.641364,29.944839
17390,516,213,104,834,1,299.937924,29.972076
17400,524,226,111,862,1,300.254715,30.000299
17410,511,224,118,854,1,300.579817,30.032624
17420,523,217,116,857,1,300.895802,30.063693
17430,513,218,111,843,1,301.211061,30.097622
17440,518,218,110,847,1,301.519520,30.127249
17450,506,209,108,824,1,301.825473,30.159733
17460,515,217,102,835,1,302.125676,30.189053
17470,508,210,105,824,1,302.428631,30.221585
17480,511,214,107,833,1,302.727317,30.249716
17490,493,212,110,816,1,303.026898,30.280010
17500,516,221,105,843,1,303.328308,30.308757
17510,510,225,106,842,1,303.638295,30.338879
17520,542,240,114,897,1,303.963845,30.364668
17530,547,232,112,892,1,304.298630,30.399169
17540,539,222,111,873,1,304.624837,30.432121
17550,539,238,116,894,1,304.953458,30.460806
17560,568,235,107,911,1,305.296241,30.492637
17570,573,233,103,910,1,305.639052,30.524989
17580,577,234,105,917,1,305.985397,30.558386
17590,580,246,110,937,1,306.340472,30.590917
17600,582,242,112,937,1,306.697129,30.625688
17610,600,251,112,964,1,307.059848,30.659673
17620,592,256,117,966,1,307.431204,30.696083
17630,596,258,119,974,1,307.805497,30.734352
17640,613,249,121,984,1,308.185362,30.772308
17650,599,239,128,967,1,308.562570,30.810521
17660,598,236,130,965,1,308.935830,30.847295
17670,593,235,128,957,1,309.302263,30.882164
17680,605,238,129,973,1,309.673064,30.917293
17690,623,231,138,993,1,310.052319,30.953264
17700,609,226,135,971,1,310.432522,30.996495
17710,602,221,130,954,1,310.802242,31.034137
17720,615,228,132,976,1,311.174805,31.068213
17730,617,228,133,979,1,311.551689,31.103768
17740,621,244,133,999,1,311.932448,31.140408
17750,631,249,131,1012,1,312.326337,31.178708
17760,638,259,127,1025,1,312.726450,31.218329
17770,640,270,133,1044,1,313.133241,31.257388
17780,647,278,133,1059,1,313.550756,31.298921
17790,644,283,125,1053,1,313.971690,31.343432
17800,650,282,133,1066,1,314.389177,31.383908
17810,655,290,135,1081,1,314.815488,31.425791
17820,664,290,135,1090,1,315.245433,31.469974
17830,646,292,139,1078,1,315.676090,31.514407
17840,655,298,142,1096,1,316.105184,31.554626
17850,635,293,138,1067,1,316.534175,31.600308
17860,617,290,145,1053,1,316.952148,31.642065
17870,633,277,151,1062,1,317.364964,31.681537
17880,649,271,146,1067,1,317.781954,31.722663
17890,647,270,153,1071,1,318.197804,31.764029
17900,658,268,163,1090,1,318.621510,31.806002
17910,657,273,161,1092,1,319.051291,31.846096
17920,657,279,148,1085,1,319.479079,31.890782
17930,654,268,148,1071,1,319.899774,31.932808
17940,630,259,145,1035,1,320.306061,31.977133
17950,626,264,144,1035,1,320.707772,32.017801
17960,641,275,140,1057,1,321.112738,32.055231
17970,618,264,135,1018,1,321.511911,32.099389
17980,613,254,134,1002,1,321.893115,32.139261
17990,610,268,127,1006,1,322.276694,32.176159
18000,633,279,123,1036,1,322.664945,32.211556
18010,630,279,120,1030,1,323.059291,32.249881
18020,647,273,122,1043,1,323.456119,32.289169
18030,644,277,134,1056,1,323.860830,32.328526
18040,647,274,135,1057,1,324.266930,32.370171
18050,655,275,134,1065,1,324.673405,32.409703
18060,677,271,132,1081,1,325.091293,32.450374
18070,665,268,134,1068,1,325.503995,32.491961
18080,655,274,129,1059,1,325.913683,32.534146
18090,667,263,129,1060,1,326.316845,32.574782
18100,650,256,137,1044,1,326.720000,32.617217
18110,657,254,143,1055,1,327.120398,32.655060
18120,658,258,151,1068,1,327.527615,32.696283
18130,651,268,144,1064,1,327.937946,32.737817
18140,644,279,141,1065,1,328.341062,32.777189
18150,636,296,141,1074,1,328.750055,32.818771
18160,627,303,140,1071,1,329.159538,32.860222
18170,616,297,148,1062,1,329.561348,32.899823
18180,628,296,147,1072,1,329.964891,32.939054
18190,633,306,148,1088,1,330.380312,32.981279
18200,643,314,145,1103,1,330.797276,33.024203
18210,648,307,143,1099,1,331.221438,33.066216
18220,629,309,136,1075,1,331.636457,33.111670
18230,642,326,131,1100,1,332.050496,33.151222
18240,654,311,133,1099,1,332.471207,33.191074
18250,661,303,131,1096,1,332.887228,33.233546
18260,666,287,128,1082,1,333.302109,33.279180
18270,670,274,126,1071,1,333.710187,33.321593
18280,681,266,125,1073,1,334.110056,33.362823
18290,680,270,137,1088,1,334.519328,33.402441
18300,685,266,148,1100,1,334.932965,33.442128
18310,682,271,150,1104,1,335.351030,33.484081
18320,697,272,153,1123,1,335.777122,33.524644
18330,698,265,152,1116,1,336.204031,33.567662
18340,709,257,151,1118,1,336.631306,33.610168
18350,722,270,155,1148,1,337.063886,33.650823
18360,733,270,154,1158,1,337.510515,33.695443
18370,728,267,158,1154,1,337.953584,33.742274
18380,700,269,149,1119,1,338.385384,33.789821
18390,703,267,149,1120,1,338.808859,33.832869
18400,709,266,133,1109,1,339.229222,33.875607
18410,730,274,122,1127,1,339.651339,33.917049
18420,712,275,114,1102,1,340.072084,33.963325
18430,719,269,111,1100,1,340.489010,34.006462
18440,696,269,113,1079,1,340.893538,34.048547
18450,708,266,112,1087,1,341.296260,34.088240
18460,699,274,118,1092,1,341.704050,34.126407
18470,707,274,115,1097,1,342.115413,34.166775
18480,704,277,122,1104,1,342.525502,34.206460
18490,712,281,117,1111,1,342.939800,34.246934
18500,702,292,116,1111,1,343.356511,34.287093
18510,697,293,124,1115,1,343.773218,34.326694
18520,667,296,125,1089,1,344.180197,34.370324
18530,671,285,138,1095,1,344.583631,34.411379
18540,648,294,136,1079,1,344.985025,34.450933
18550,664,291,137,1093,1,345.381683,34.492612
18560,672,303,143,1119,1,345.798364,34.529233
18570,667,316,143,1127,1,346.219422,34.571676
18580,674,325,139,1139,1,346.642041,34.612788
18590,690,319,132,1142,1,347.070645,34.653565
18600,692,313,140,1146,1,347.499880,34.694961
18610,702,309,146,1158,1,347.932572,34.735023
18620,711,314,145,1171,1,348.373890,34.779485
18630,697,301,139,1138,1,348.807649,34.826740
18640,703,305,130,1139,1,349.231167,34.868681
18650,715,301,130,1147,1,349.659650,34.909436
18660,716,300,134,1151,1,350.083283,34.951574
18670,710,295,134,1140,1,350.508190,34.995336
18680,732,282,129,1144,1,350.931463,35.038188
18690,734,260,132,1127,1,351.354191,35.083235
18700,730,268,129,1128,1,351.766106,35.124394
18710,723,272,131,1127,1,352.179016,35.165651
18720,731,282,136,1150,1,352.598267,35.205476
18730,743,278,137,1159,1,353.022948,35.246968
18740,746,270,145,1162,1,353.452983,35.288242
18750,760,271,147,1179,1,353.885886,35.332622
18760,751,270,142,1164,1,354.318664,35.376426
18770,738,265,145,1149,1,354.746446,35.419167
18780,728,266,144,1139,1,355.168088,35.460917
18790,713,257,142,1113,1,355.578796,35.505349
18800,702,266,138,1107,1,355.978851,35.545890
18810,713,268,149,1131,1,356.387294,35.584813
18820,719,266,148,1134,1,356.798690,35.625352
18830,702,255,138,1096,1,357.202341,35.667765
18840,716,272,145,1134,1,357.606377,35.704163
18850,713,277,142,1133,1,358.018567,35.745157
18860,707,271,142,1121,1,358.427363,35.786950
18870,712,273,145,1131,1,358.833135,35.824840
18880,704,267,133,1105,1,359.236918,35.868407
18890,712,271,127,1111,1,359.633595,35.906335
18900,712,272,127,1112,1,360.031755,35.947447
18910,716,275,127,1119,1,360.433607,35.985510
18920,708,280,121,1110,1,360.832387,36.028016
18930,708,279,119,1107,1,361.228860,36.069154
18940,679,275,117,1072,1,361.610428,36.111661
18950,707,280,109,1097,1,361.991561,36.145177
18960,705,277,110,1093,1,362.380896,36.184652
18970,700,283,106,1090,1,362.763862,36.222539
18980,688,280,101,1070,1,363.146279,36.262851
18990,698,283,111,1093,1,363.525131,36.298037
19000,690,276,117,1084,1,363.903087,36.335423
19010,702,274,121,1098,1,364.287802,36.371955
19020,709,275,123,1108,1,364.675119,36.410465
19030,705,273,120,1099,1,365.064925,36.449988
19040,696,273,124,1094,1,365.450864,36.488361
19050,683,262,126,1072,1,365.824854,36.528986
19060,681,256,125,1063,1,366.193623,36.567178
19070,685,268,126,1080,1,366.559852,36.602626
19080,688,269,138,1096,1,366.939839,36.639639
19090,691,262,137,1091,1,367.320899,36.677909
19100,682,265,134,1082,1,367.694595,36.715636
19110,711,263,134,1109,1,368.077287,36.749844
19120,688,281,132,1102,1,368.464904,36.789728
19130,700,282,132,1115,1,368.849880,36.827619
19140,709,274,141,1125,1,369.241386,36.865777
19150,710,267,144,1122,1,369.633937,36.904424
19160,716,279,146,1142,1,370.034601,36.943109
19170,730,272,149,1152,1,370.441387,36.980864
19180,722,266,151,1140,1,370.845749,37.022228
19190,740,263,146,1150,1,371.247485,37.063716
19200,723,278,144,1146,1,371.651762,37.102180
19210,728,277,145,1151,1,372.054864,37.138401
19220,712,283,145,1141,1,372.460781,37.179727
19230,727,269,141,1138,1,372.859047,37.217585
19240,732,284,138,1155,1,373.261605,37.255484
19250,728,304,136,1169,1,373.669430,37.293325
19260,734,299,138,1172,1,374.078908,37.332296
19270,728,303,135,1167,1,374.491583,37.372745
19280,718,314,139,1172,1,374.903489,37.416215
19290,699,313,138,1151,1,375.310802,37.457486
19300,696,316,141,1154,1,375.713689,37.498121
19310,691,314,139,1145,1,376.117568,37.538662
19320,697,318,147,1163,1,376.522193,37.576755
19330,698,317,153,1169,1,376.932194,37.617323
19340,698,315,164,1178,1,377.346987,37.658952
19350,717,324,167,1209,1,377.772017,37.696549
19360,711,307,170,1189,1,378.194451,37.740689
19370,727,297,172,1197,1,378.610846,37.780725
19380,730,298,170,1199,1,379.036067,37.825341
19390,755,298,166,1220,1,379.466354,37.866762
19400,757,297,161,1216,1,379.899593,37.911401
19410,773,296,163,1233,1,380.333405,37.953172
19420,763,293,161,1218,1,380.769302,37.996906
19430,751,291,159,1202,1,381.194632,38.039977
19440,733,290,154,1178,1,381.613944,38.082057
19450,745,283,149,1178,1,382.021064,38.121747
19460,736,296,145,1178,1,382.430098,38.165346
19470,747,284,145,1177,1,382.837450,38.208975
19480,744,283,148,1176,1,383.242660,38.249652
19490,737,291,146,1175,1,383.651384,38.291071
19500,736,295,149,1181,1,384.056782,38.331570
19510,733,301,151,1186,1,384.467860,38.372833
19520,751,302,152,1206,1,384.885137,38.410394
19530,741,310,154,1206,1,385.306962,38.450566
19540,730,310,151,1192,1,385.726121,38.494009
19550,718,301,142,1162,1,386.130726,38.538952
19560,716,309,138,1164,1,386.524615,38.579878
19570,713,325,141,1180,1,386.926635,38.618269
19580,726,330,142,1199,1,387.337285,38.659293
19590,693,335,145,1174,1,387.743550,38.703034
19600,689,329,147,1166,1,388.147328,38.745150
19610,685,318,147,1151,1,388.535118,38.783302
19620,683,307,145,1136,1,388.920454,38.821210
19630,691,317,141,1150,1,389.304385,38.857791
19640,683,320,135,1139,1,389.689125,38.896230
19650,698,310,135,1144,1,390.070721,38.932971
19660,705,304,136,1146,1,390.455792,38.972629
19670,728,300,138,1167,1,390.849064,39.009149
19680,727,287,140,1155,1,391.240883,39.050868
19690,724,285,137,1147,1,391.625004,39.088255
19700,732,280,135,1148,1,392.006918,39.128195
19710,731,289,131,1152,1,392.392231,39.167486
19720,738,296,125,1160,1,392.777238,39.205555
19730,743,298,122,1164,1,393.163914,39.241211
19740,750,297,137,1185,1,393.561676,39.278963
19750,750,289,141,1181,1,393.962700,39.319622
19760,742,285,146,1174,1,394.358186,39.356945
19770,761,284,149,1195,1,394.754859,39.392198
19780,749,288,156,1194,1,395.158560,39.432326
19790,737,286,145,1169,1,395.551491,39.475560
19800,755,293,144,1193,1,395.947178,39.513296
19810,747,276,152,1176,1,396.342299,39.552768
19820,757,280,150,1188,1,396.735756,39.590081
19830,745,277,146,1169,1,397.131088,39.630371
19840,726,266,149,1142,1,397.511933,39.671411
19850,719,282,148,1150,1,397.886348,39.708019
19860,726,290,144,1161,1,398.271034,39.747648
19870,726,283,148,1158,1,398.656894,39.785997
19880,714,285,146,1146,1,399.035700,39.826041
19890,704,284,151,1140,1,399.408460,39.860684
19900,708,277,158,1144,1,399.781397,39.897543
19910,714,278,162,1155,1,400.157007,39.933867
19920,711,290,167,1169,1,400.537894,39.972520
19930,704,290,165,1160,1,400.919952,40.012893
19940,703,293,171,1168,1,401.303880,40.051851
19950,716,289,177,1183,1,401.690848,40.087503
19960,728,297,180,1206,1,402.086316,40.124603
19970,739,287,179,1206,1,402.488576,40.164787
19980,726,296,189,1212,1,402.891699,40.205459
19990,726,304,185,1216,1,403.294703,40.245918
20000,729,306,181,1217,1,403.705367,40.285333
20010,711,295,172,1179,1,404.103505,40.331139
20020,713,311,172,1197,1,404.496664,40.368003
20030,718,311,171,1201,1,404.894706,40.404748
20040,720,304,169,1194,1,405.287486,40.447410
20050,717,301,168,1187,1,405.679024,40.485518
20060,706,302,159,1168,1,406.063397,40.526942
20070,709,299,155,1164,1,406.442759,40.565651
20080,704,304,155,1164,1,406.819861,40.602924
20090,690,303,156,1150,1,407.194272,40.638918
20100,697,294,148,1140,1,407.559514,40.678440
20110,696,292,143,1132,1,407.924832,40.713324
20120,678,299,144,1122,1,408.283583,40.750180
20130,691,296,140,1128,1,408.641556,40.786149
20140,686,293,145,1125,1,408.998532,40.822829
20150,694,301,143,1139,1,409.357375,40.858886
20160,688,302,144,1135,1,409.718671,40.895594
20170,684,311,148,1144,1,410.077331,40.932038
20180,693,308,154,1156,1,410.443018,40.968577
20190,693,317,164,1175,1,410.815571,41.006409
20200,690,312,158,1161,1,411.193335,41.049022
20210,683,313,156,1153,1,411.566560,41.086112
20220,673,307,153,1134,1,411.930229,41.124482
20230,670,300,157,1128,1,412.285036,41.163391
20240,685,292,158,1136,1,412.641986,41.197233
20250,667,295,156,1119,1,412.992822,41.233309
20260,668,295,153,1117,1,413.338803,41.267071
20270,672,304,152,1129,1,413.689195,41.299239
20280,664,301,158,1124,1,414.041003,41.335615
20290,666,289,156,1112,1,414.387012,41.371007
20300,673,293,152,1119,1,414.728368,41.402473
20310,687,291,153,1132,1,415.079720,41.436565
20320,678,284,149,1112,1,415.426997,41.473305
20330,684,284,155,1124,1,415.778826,41.506833
20340,660,290,150,1101,1,416.121916,41.544381
20350,665,289,143,1098,1,416.457010,41.578277
20360,665,275,145,1086,1,416.785945,41.612579
20370,664,260,148,1073,1,417.111057,41.644662
20380,676,260,152,1089,1,417.439807,41.675680
20390,693,260,151,1105,1,417.772431,41.706063
20400,686,266,154,1107,1,418.107009,41.738885
20410,691,272,154,1118,1,418.448499,41.774441
20420,685,281,154,1121,1,418.788558,41.807811
20430,700,284,158,1143,1,419.136647,41.839120
20440,689,279,157,1126,1,419.490990,41.875346
20450,687,273,156,1117,1,419.836277,41.909032
20460,668,282,162,1113,1,420.174363,41.941998
20470,665,290,155,1111,1,420.508851,41.973786
20480,669,300,149,1119,1,420.849761,42.007648
20490,669,311,150,1131,1,421.193962,42.041223
20500,673,314,151,1139,1,421.543805,42.074951
20510,672,307,151,1131,1,421.895338,42.110282
20520,670,317,154,1142,1,422.243652,42.146726
20530,670,317,154,1142,1,422.593481,42.184349
20540,678,301,149,1129,1,422.940056,42.222265
20550,672,300,153,1126,1,423.283822,42.259697
20560,674,297,147,1119,1,423.621459,42.295083
20570,687,289,148,1125,1,423.959069,42.328617
20580,691,296,142,1130,1,424.300692,42.359881
20590,702,297,148,1148,1,424.648257,42.394614
20600,721,297,152,1171,1,425.006954,42.426346
20610,718,290,144,1153,1,425.367626,42.462181
20620,699,294,141,1135,1,425.714510,42.499313
20630,717,285,136,1139,1,426.062199,42.532000
20640,742,279,143,1165,1,426.411445,42.562783
20650,735,293,142,1171,1,426.770087,42.595942
20660,742,302,136,1181,1,427.128977,42.631390
20670,740,306,140,1187,1,427.491926,42.667449
20680,734,322,139,1196,1,427.862187,42.704444
20690,738,326,146,1211,1,428.235144,42.736142
20700,751,321,155,1228,1,428.618400,42.771957
20710,731,326,159,1217,1,429.001052,42.811423
20720,739,316,162,1218,1,429.381688,42.849244
20730,746,314,158,1219,1,429.760426,42.887289
20740,736,311,162,1210,1,430.136208,42.925658
20750,733,327,166,1227,1,430.516531,42.960349
20760,736,322,155,1214,1,430.897440,42.999024
20770,726,308,153,1188,1,431.268147,43.038541
20780,743,306,153,1203,1,431.635362,43.075230
20790,727,300,149,1177,1,431.999264,43.114279
20800,725,289,148,1163,1,432.351123,43.152956
20810,725,300,146,1172,1,432.706659,43.187653
20820,699,292,141,1133,1,433.051866,43.226913
20830,715,292,133,1141,1,433.391713,43.259837
20840,723,294,135,1153,1,433.736208,43.293640
20850,720,291,136,1148,1,434.081372,43.327301
20860,729,287,139,1156,1,434.422670,43.360784
20870,739,289,135,1164,1,434.773223,43.395605
20880,724,279,140,1144,1,435.118643,43.432612
20890,722,290,147,1160,1,435.465521,43.466652
20900,725,300,149,1175,1,435.811759,43.498965
20910,735,302,150,1188,1,436.171229,43.532390
20920,741,301,151,1194,1,436.535323,43.569600
20930,739,289,151,1180,1,436.898724,43.609238
20940,756,287,149,1193,1,437.259883,43.641581
20950,747,280,148,1176,1,437.618887,43.677245
20960,760,289,142,1192,1,437.973020,43.710132
20970,762,291,153,1207,1,438.337291,43.744238
20980,749,283,153,1186,1,438.701707,43.782106
20990,754,290,153,1198,1,439.061780,43.818083
21000,747,287,147,1182,1,439.417048,43.856706
21010,752,270,151,1174,1,439.768057,43.891780
21020,749,268,152,1170,1,440.115127,43.927920
21030,749,269,158,1177,1,440.463621,43.960657
21040,750,285,151,1187,1,440.816632,43.994678
21050,740,285,158,1184,1,441.169610,44.032661
21060,737,290,156,1184,1,441.522310,44.069574
21070,741,300,156,1198,1,441.879769,44.105084
21080,740,309,161,1211,1,442.238615,44.139686
21090,741,302,153,1197,1,442.600138,44.178946
21100,742,313,146,1202,1,442.960590,44.213081
21110,743,301,154,1199,1,443.318202,44.250279
21120,742,304,159,1206,1,443.675667,44.285580
21130,728,319,160,1208,1,444.032797,44.319591
21140,737,326,155,1219,1,444.398259,44.357992
21150,744,319,151,1215,1,444.761637,44.392626
21160,751,306,154,1212,1,445.125129,44.429784
21170,760,297,158,1216,1,445.485195,44.465763
21180,744,292,159,1196,1,445.846677,44.505029
21190,754,288,156,1199,1,446.201860,44.541151
21200,743,284,156,1184,1,446.551357,44.578385
21210,746,282,154,1183,1,446.897676,44.614254
21220,734,281,155,1171,1,447.241401,44.651544
21230,738,277,150,1166,1,447.581676,44.685341
21240,753,284,142,1180,1,447.924697,44.718570
21250,736,276,144,1157,1,448.262268,44.756722
21260,746,282,146,1175,1,448.603238,44.789537
21270,751,281,147,1180,1,448.945311,44.824355
21280,760,291,147,1199,1,449.290617,44.856128
21290,750,292,144,1187,1,449.642007,44.892718
21300,765,293,139,1198,1,449.991813,44.925360
21310,777,298,149,1225,1,450.350801,44.957444
21320,779,303,145,1228,1,450.713624,44.995175
21330,767,294,148,1210,1,451.073040,45.034885
21340,765,299,154,1219,1,451.432476,45.069540
21350,747,296,153,1197,1,451.789086,45.107286
21360,739,300,159,1199,1,452.137460,45.141258
21370,730,287,152,1170,1,452.481444,45.179434
21380,736,282,148,1167,1,452.810598,45.209587
21390,737,287,147,1172,1,453.142747,45.244684
21400,726,291,152,1170,1,453.476739,45.277219
21410,738,289,150,1178,1,453.814941,45.314190
21420,723,292,153,1169,1,454.153418,45.348864
21430,717,287,149,1154,1,454.482481,45.384079
21440,705,285,155,1146,1,454.807569,45.418476
21450,697,286,153,1137,1,455.125805,45.451555
21460,716,294,159,1170,1,455.450848,45.481292
21470,710,299,148,1158,1,455.781741,45.515212
21480,707,295,145,1148,1,456.103101,45.547544
21490,705,298,152,1156,1,456.426525,45.577753
21500,703,295,152,1151,1,456.751651,45.609826
21510,701,292,157,1151,1,457.074045,45.643321
21520,732,274,147,1154,1,457.396461,45.677031
21530,714,276,139,1130,1,457.715631,45.711266
21540,717,280,130,1128,1,458.028482,45.741477
21550,728,287,130,1146,1,458.343635,45.769373
21560,741,294,121,1157,1,458.667449,45.802163
21570,730,298,131,1160,1,458.989560,45.832873
21580,723,286,125,1135,1,459.303317,45.866357
21590,764,290,137,1192,1,459.630997,45.892104
21600,759,284,145,1189,1,459.967230,45.925071
21610,757,269,136,1163,1,460.298263,45.960280
21620,737,272,145,1155,1,460.622214,45.993508
21630,714,284,142,1141,1,460.940704,46.026191
21640,701,274,147,1123,1,461.250586,46.058865
21650,704,275,156,1136,1,461.560860,46.088178
21660,730,275,162,1168,1,461.879689,46.117494
21670,728,275,163,1167,1,462.206070,46.150753
21680,738,265,167,1171,1,462.532065,46.183973
21690,744,269,162,1176,1,462.862001,46.215460
21700,749,271,166,1187,1,463.191493,46.245625
21710,750,278,162,1191,1,463.528223,46.280130
21720,744,280,156,1181,1,463.861792,46.315810
21730,758,292,157,1208,1,464.199131,46.347395
21740,788,301,146,1236,1,464.547406,46.378581
21750,790,296,153,1240,1,464.905046,46.414747
21760,780,299,149,1229,1,465.256986,46.451837
21770,787,297,149,1234,1,465.608668,46.490181
21780,773,297,141,1212,1,465.956063,46.529380
21790,766,292,141,1200,1,466.294706,46.564507
21800,780,305,139,1225,1,466.634812,46.595298
21810,779,308,140,1228,1,466.981234,46.630135
21820,770,299,144,1214,1,467.327363,46.663874
21830,789,296,141,1227,1,467.667447,46.696582
21840,763,287,140,1191,1,468.006869,46.732429
21850,764,287,139,1191,1,468.335967,46.764253
21860,764,293,137,1195,1,468.664716,46.797752
21870,766,302,142,1211,1,469.001690,46.828866
21880,766,293,142,1202,1,469.340168,46.862053
21890,748,293,146,1188,1,469.669982,46.894803
21900,745,291,144,1181,1,469.995257,46.926672
21910,758,286,150,1195,1,470.322192,46.956994
21920,766,301,151,1219,1,470.656323,46.989104
21930,773,295,140,1209,1,470.993326,47.023426
21940,764,308,133,1206,1,471.330587,47.055634
21950,754,307,123,1185,1,471.656690,47.089939
21960,751,314,130,1196,1,471.987247,47.120834
21970,755,315,134,1205,1,472.318899,47.152480
21980,757,314,134,1206,1,472.653809,47.186808
21990,761,317,136,1215,1,472.990577,47.220036
22000,764,322,136,1223,1,473.331201,47.251933
22010,769,314,133,1217,1,473.671239,47.285057
22020,762,308,140,1211,1,474.006829,47.317737
22030,776,313,143,1233,1,474.346902,47.348933
22040,752,291,145,1189,1,474.681112,47.386625
22050,741,291,153,1186,1,475.005138,47.417936
22060,739,284,159,1183,1,475.327103,47.447752
22070,746,289,162,1198,1,475.651117,47.477772
22080,754,293,165,1213,1,475.981315,47.509911
22090,741,290,168,1200,1,476.315074,47.546273
22100,739,280,164,1184,1,476.638322,47.582017
22110,738,270,166,1175,1,476.957778,47.612655
22120,739,268,170,1178,1,477.275151,47.644374
22130,746,279,172,1198,1,477.597467,47.674007
22140,757,281,175,1214,1,477.929087,47.707148
22150,755,285,169,1210,1,478.262555,47.739613
22160,741,290,162,1194,1,478.590092,47.776220
22170,723,295,157,1176,1,478.909672,47.812466
22180,697,297,152,1147,1,479.217629,47.849062
22190,703,297,149,1150,1,479.521826,47.881838
22200,701,295,147,1144,1,479.825123,47.913663
22210,703,290,139,1133,1,480.120532,47.943193
22220,697,284,133,1115,1,480.407979,47.974730
22230,709,285,132,1127,1,480.696496,48.000769
22240,715,282,125,1123,1,480.984663,48.032379
22250,713,281,126,1121,1,481.273225,48.062088
22260,714,278,128,1121,1,481.558273,48.091662
22270,717,284,133,1135,1,481.850587,48.119373
22280,711,271,132,1115,1,482.138405,48.149008
22290,722,263,133,1119,1,482.420974,48.174882
22300,742,261,133,1137,1,482.711458,48.201977
22310,738,263,137,1139,1,483.005822,48.230755
22320,741,258,141,1141,1,483.297577,48.258840
22330,750,272,149,1172,1,483.597182,48.287277
22340,734,274,151,1160,1,483.901972,48.318606
22350,742,276,150,1169,1,484.207727,48.347224
22360,739,286,155,1181,1,484.515218,48.377960
22370,710,287,152,1150,1,484.819197,48.411369
22380,726,285,150,1162,1,485.120876,48.438931
22390,702,287,149,1139,1,485.413912,48.469304
22400,702,275,146,1124,1,485.703093,48.498644
22410,691,279,149,1120,1,485.986487,48.529352
22420,701,273,142,1117,1,486.267401,48.555488
22430,702,276,145,1124,1,486.549000,48.582557
22440,712,280,139,1132,1,486.834122,48.611708
22450,689,268,136,1094,1,487.113585,48.642241
22460,698,276,135,1110,1,487.385061,48.669164
22470,695,273,138,1107,1,487.659705,48.697486
22480,695,279,140,1115,1,487.936410,48.725798
22490,708,280,129,1118,1,488.216500,48.750118
22500,709,280,129,1119,1,488.498568,48.777233
22510,715,284,127,1127,1,488.778924,48.804610
22520,706,290,126,1123,1,489.061776,48.832452
22530,678,295,129,1103,1,489.336392,48.861421
22540,680,307,129,1117,1,489.613779,48.887201
22550,676,302,131,1110,1,489.892978,48.912080
22560,691,309,133,1134,1,490.173061,48.937262
22570,690,297,127,1115,1,490.456039,48.967066
22580,701,297,132,1131,1,490.737686,48.996303
22590,704,296,135,1136,1,491.019811,49.022339
22600,690,302,139,1132,1,491.306469,49.048610
22610,681,300,140,1122,1,491.589423,49.080362
22620,687,305,142,1135,1,491.873092,49.107417
22630,684,291,142,1118,1,492.153694,49.137852
22640,697,281,144,1123,1,492.434153,49.168056
22650,715,282,142,1140,1,492.718355,49.195382
22660,720,284,148,1153,1,493.009109,49.225096
22670,722,282,149,1154,1,493.297514,49.251106
22680,725,278,145,1149,1,493.588298,49.279305
22690,722,282,142,1147,1,493.878342,49.307647
22700,730,278,133,1142,1,494.162611,49.337148
22710,730,271,140,1142,1,494.450093,49.366102
22720,738,282,136,1157,1,494.734766,49.393473
22730,718,285,134,1138,1,495.023047,49.425112
22740,721,279,133,1134,1,495.308120,49.456214
22750,714,289,133,1137,1,495.587812,49.480700
22760,722,280,138,1141,1,495.869519,49.511032
22770,732,298,144,1175,1,496.161680,49.538933
22780,735,299,142,1177,1,496.460159,49.568769
22790,734,295,143,1173,1,496.758028,49.599847
22800,726,293,137,1157,1,497.047592,49.630314
22810,742,292,145,1180,1,497.339342,49.657304
22820,728,305,140,1174,1,497.636823,49.688996
22830,744,308,148,1201,1,497.938675,49.714603
22840,744,300,152,1197,1,498.245376,49.745911
22850,765,300,161,1227,1,498.555411,49.773420
22860,760,293,157,1211,1,498.868495,49.804931
22870,767,290,148,1206,1,499.180622,49.836780
22880,770,297,145,1213,1,499.491361,49.869145
22890,765,287,140,1193,1,499.799697,49.902141
22900,770,283,146,1200,1,500.103110,49.932686
22910,753,279,143,1176,1,500.406611,49.965636
22920,732,289,141,1163,1,500.698364,49.995672
22930,713,284,139,1137,1,500.977667,50.028604
22940,703,275,145,1124,1,501.254179,50.057990
22950,715,281,135,1132,1,501.527847,50.084260
22960,715,291,144,1151,1,501.804992,50.110005
22970,712,281,137,1131,1,502.080661,50.140179
22980,688,285,137,1111,1,502.348336,50.167812
22990,674,282,146,1103,1,502.609951,50.197021
23000,660,274,148,1083,1,502.867611,50.223654
23010,634,285,150,1070,1,503.117151,50.247950
23020,628,298,146,1073,1,503.363417,50.274754
23030,639,291,149,1080,1,503.610557,50.299246
23040,660,283,153,1097,1,503.864555,50.321806
23050,658,288,157,1104,1,504.121567,50.347502
23060,651,287,162,1101,1,504.382185,50.375522
23070,657,293,167,1118,1,504.648653,50.400636
23080,683,287,156,1127,1,504.914577,50.427877
23090,693,288,160,1142,1,505.185222,50.454280
23100,713,303,158,1175,1,505.467114,50.478096
23110,729,316,155,1201,1,505.760909,50.503974
23120,735,321,162,1219,1,506.062630,50.529769
23130,742,309,159,1211,1,506.367325,50.562408
23140,750,300,157,1208,1,506.669597,50.592841
23150,757,306,158,1222,1,506.976898,50.621812
23160,737,312,152,1202,1,507.276708,50.655712
23170,745,310,140,1196,1,507.577948,50.684513
23180,747,305,146,1199,1,507.874242,50.715224
23190,745,299,142,1187,1,508.167907,50.746546
23200,732,312,138,1183,1,508.456519,50.775179
23210,717,313,134,1165,1,508.742379,50.804630
23220,739,311,138,1189,1,509.029396,50.828077
23230,739,304,146,1190,1,509.321419,50.858361
23240,744,302,143,1190,1,509.612262,50.887654
23250,723,300,146,1170,1,509.901041,50.919146
23260,720,301,147,1169,1,510.184198,50.946796
23270,696,298,141,1136,1,510.462026,50.977196
23280,696,281,143,1121,1,510.723831,51.003590
23290,697,284,135,1117,1,510.983560,51.030213
23300,706,289,130,1126,1,511.245537,51.051592
23310,705,282,134,1122,1,511.510450,51.078733
23320,715,277,133,1126,1,511.773150,51.104340
23330,708,276,132,1117,1,512.031840,51.133924
23340,717,268,129,1115,1,512.291603,51.159676
23350,700,270,125,1096,1,512.543819,51.186207
23360,707,270,122,1100,1,512.794704,51.209540
23370,698,270,126,1095,1,513.048832,51.235823
23380,692,259,126,1078,1,513.292808,51.261969
23390,701,261,126,1089,1,513.536363,51.283694
23400,695,264,135,1095,1,513.782787,51.304392
23410,691,261,137,1090,1,514.030889,51.330949
23420,681,255,141,1078,1,514.272183,51.358360
23430,704,258,151,1114,1,514.517637,51.376771
23440,703,250,145,1099,1,514.773684,51.403684
23450,702,254,148,1105,1,515.025120,51.431013
23460,707,250,147,1105,1,515.276592,51.456156
23470,706,261,139,1107,1,515.529332,51.483178
23480,700,275,135,1111,1,515.779328,51.504449
23490,698,267,135,1101,1,516.027457,51.530791
23500,701,278,137,1117,1,516.282861,51.553917
23510,718,279,133,1131,1,516.543162,51.578627
23520,721,280,139,1141,1,516.808853,51.606065
23530,713,284,142,1140,1,517.076220,51.634767
23540,716,293,140,1150,1,517.347243,51.659671
23550,723,294,142,1160,1,517.615396,51.685383
23560,697,295,143,1136,1,517.882815,51.713433
23570,690,302,146,1139,1,518.147674,51.738817
23580,688,292,156,1137,1,518.408754,51.763603
23590,709,287,156,1153,1,518.673827,51.789227
23600,702,289,160,1152,1,518.945445,51.818573
23610,703,288,157,1149,1,519.214606,51.847017
23620,714,277,157,1149,1,519.483358,51.876517
23630,706,283,158,1148,1,519.753121,51.901074
23640,712,286,152,1151,1,520.022130,51.928625
23650,717,289,152,1159,1,520.291040,51.952658
23660,692,293,158,1144,1,520.556104,51.982448
23670,697,302,154,1154,1,520.820188,52.005121
23680,722,305,149,1177,1,521.093307,52.030450
23690,730,296,148,1175,1,521.363194,52.059187
23700,729,298,151,1179,1,521.641451,52.088540
23710,713,289,145,1148,1,521.907482,52.116892
23720,702,279,140,1122,1,522.167965,52.147106
23730,706,289,139,1135,1,522.426414,52.172506
23740,723,305,144,1173,1,522.690759,52.194983
23750,735,310,145,1191,1,522.968498,52.223188
23760,750,298,148,1197,1,523.252535,52.251582
23770,745,303,147,1196,1,523.534416,52.279762
23780,758,300,145,1204,1,523.817053,52.303404
23790,768,295,153,1217,1,524.105645,52.329837
23800,754,296,154,1205,1,524.393094,52.360329
23810,751,314,151,1217,1,524.681881,52.388099
23820,734,309,143,1187,1,524.966380,52.420714
23830,729,320,142,1192,1,525.245172,52.449024
23840,734,330,147,1212,1,525.529012,52.471904
23850,731,322,150,1204,1,525.816425,52.498437
23860,727,317,151,1196,1,526.101779,52.529600
23870,717,331,150,1199,1,526.381161,52.557749
23880,716,325,153,1195,1,526.664714,52.587634
23890,717,316,157,1191,1,526.943780,52.614872
23900,726,316,159,1202,1,527.222797,52.642985
23910,741,312,160,1214,1,527.510724,52.670228
23920,745,318,154,1218,1,527.799162,52.696861
23930,749,296,161,1207,1,528.085278,52.727223
23940,773,288,166,1228,1,528.371449,52.752969
23950,774,281,162,1218,1,528.661234,52.783257
23960,784,286,164,1235,1,528.954138,52.810115
23970,776,284,161,1222,1,529.246196,52.843712
23980,758,287,156,1202,1,529.530447,52.871907
23990,758,284,152,1195,1,529.807698,52.899623
24000,752,293,145,1191,1,530.081812,52.928127
24010,760,292,136,1189,1,530.355915,52.955750
24020,760,312,136,1209,1,530.635416,52.980828
24030,753,312,134,1200,1,530.915989,53.007995
24040,724,315,137,1177,1,531.189805,53.036029
24050,719,330,130,1180,1,531.460767,53.064659
24060,721,338,129,1189,1,531.732434,53.089175
24070,712,333,127,1173,1,532.003929,53.115655
24080,724,330,125,1180,1,532.271737,53.143310
24090,694,316,130,1141,1,532.530842,53.171418
24100,709,311,126,1147,1,532.783449,53.195131
24110,702,295,136,1134,1,533.033928,53.218411
24120,716,305,139,1161,1,533.288227,53.239428
24130,736,299,143,1179,1,533.551170,53.263071
24140,748,301,141,1191,1,533.821567,53.287678
24150,757,286,150,1194,1,534.096359,53.316029
24160,744,285,151,1181,1,534.367670,53.345797
24170,749,280,156,1186,1,534.635722,53.371932
24180,746,271,161,1179,1,534.904455,53.396813
24190,769,272,155,1197,1,535.175970,53.423295
24200,769,274,154,1198,1,535.450896,53.453865
24210,762,272,152,1187,1,535.720274,53.479912
24220,762,274,146,1183,1,535.989464,53.507264
24230,746,276,142,1165,1,536.253810,53.536779
24240,744,284,142,1171,1,536.513846,53.561232
24250,752,289,144,1186,1,536.778251,53.587445
24260,755,285,141,1182,1,537.045025,53.615659
24270,748,285,137,1171,1,537.307171,53.642528
24280,741,276,134,1152,1,537.561445,53.672364
24290,724,276,134,1135,1,537.810688,53.699050
24300,723,281,131,1136,1,538.055179,53.720626
24310,724,298,140,1163,1,538.305026,53.740971
24320,731,299,144,1175,1,538.565458,53.764580
24330,722,300,145,1168,1,538.828225,53.790408
24340,696,299,146,1142,1,539.083812,53.818389
24350,688,291,152,1132,1,539.330444,53.842607
24360,689,279,154,1123,1,539.572367,53.865471
24370,688,294,154,1137,1,539.811625,53.886965
24380,680,303,153,1137,1,540.056245,53.911202
24390,700,298,144,1143,1,540.305768,53.934825
24400,703,302,143,1149,1,540.551457,53.957845
24410,712,304,149,1166,1,540.804142,53.981783
24420,728,299,138,1166,1,541.058528,54.003242
24430,736,305,136,1178,1,541.314653,54.028627
24440,742,300,139,1182,1,541.575199,54.053129
24450,731,304,144,1180,1,541.836663,54.078164
24460,739,295,144,1179,1,542.095816,54.103851
24470,727,295,143,1166,1,542.352608,54.131731
24480,722,296,145,1164,1,542.608686,54.157774
24490,714,298,140,1153,1,542.858684,54.185198
24500,714,289,143,1147,1,543.104773,54.211348
24510,712,290,139,1142,1,543.349397,54.239119
24520,723,298,141,1163,1,543.599607,54.261485
24530,725,301,141,1168,1,543.852536,54.285667
24540,728,297,152,1178,1,544.108408,54.307935
24550,738,306,156,1201,1,544.372694,54.333251
24560,735,304,150,1190,1,544.637202,54.360135
24570,744,301,145,1191,1,544.899830,54.386611
24580,728,303,139,1171,1,545.160146,54.415066
24590,730,304,141,1176,1,545.416175,54.441104
24600,726,302,141,1170,1,545.669318,54.466191
24610,736,310,138,1185,1,545.927830,54.490710
24620,720,330,145,1196,1,546.188616,54.516339
24630,728,326,151,1206,1,546.453715,54.544167
24640,736,323,151,1211,1,546.724723,54.569048
24650,747,330,150,1228,1,546.995425,54.594119
24660,741,327,145,1214,1,547.270554,54.624275
24670,754,314,146,1215,1,547.539694,54.649190
24680,755,314,147,1217,1,547.810301,54.678453
24690,756,316,143,1216,1,548.083665,54.708433
24700,761,329,152,1243,1,548.361829,54.731373
24710,754,329,151,1235,1,548.642875,54.759909
24720,758,325,145,1229,1,548.920819,54.787029
24730,758,325,154,1238,1,549.196283,54.814123
24740,779,313,155,1248,1,549.474126,54.840569
24750,771,310,167,1249,1,549.755983,54.869407
24760,772,305,164,1242,1,550.034817,54.896394
24770,779,302,164,1246,1,550.313137,54.924879
24780,769,302,157,1229,1,550.590244,54.957006
24790,753,314,160,1228,1,550.863777,54.984349
24800,745,315,152,1213,1,551.132965,55.010595
24810,748,310,159,1218,1,551.400991,55.037168
24820,750,305,152,1208,1,551.667027,55.063099
24830,758,300,151,1210,1,551.932832,55.090114
24840,753,289,152,1195,1,552.198084,55.118403
24850,752,280,147,1180,1,552.453879,55.145748
24860,755,291,144,1191,1,552.707531,55.170665
24870,748,298,139,1186,1,552.962631,55.197720
24880,736,295,142,1174,1,553.213084,55.224754
24890,727,296,145,1169,1,553.460377,55.247485
24900,715,285,147,1148,1,553.704823,55.277022
24910,719,293,156,1169,1,553.946466,55.303178
24920,719,282,161,1163,1,554.192119,55.329069
24930,716,296,164,1177,1,554.437487,55.352050
24940,735,304,159,1199,1,554.693225,55.373629
24950,736,303,159,1199,1,554.951390,55.399661
24960,720,308,159,1188,1,555.206110,55.426900
24970,704,296,158,1159,1,555.450005,55.452395
24980,701,289,162,1153,1,555.686499,55.475820
24990,705,295,154,1155,1,555.927276,55.500338
25000,693,293,143,1130,1,556.160035,55.526273
25010,711,295,144,1151,1,556.392177,55.546381
25020,701,306,134,1142,1,556.626529,55.573141
25030,695,304,134,1134,1,556.858249,55.597420
25040,704,303,129,1137,1,557.090215,55.623055
25050,721,296,126,1144,1,557.326621,55.645584
25060,719,301,125,1146,1,557.560560,55.669420
25070,727,295,128,1151,1,557.795375,55.692899
25080,731,295,126,1153,1,558.032897,55.717980
25090,740,300,128,1169,1,558.269264,55.741836
25100,744,307,127,1179,1,558.513766,55.763399
25110,748,303,128,1180,1,558.763543,55.789260
25120,748,294,128,1171,1,559.010570,55.816843
25130,730,289,128,1148,1,559.249288,55.844928
25140,736,281,127,1145,1,559.480738,55.868072
25150,737,285,125,1148,1,559.713424,55.892670
25160,728,280,124,1133,1,559.943769,55.921918
25170,712,275,136,1124,1,560.173163,55.943525
25180,729,284,136,1150,1,560.401098,55.961435
25190,743,285,143,1172,1,560.641001,55.982760
25200,740,285,140,1166,1,560.884007,56.009498
25210,735,279,136,1151,1,561.122569,56.033130
25220,749,286,140,1176,1,561.361306,56.054338
25230,735,278,151,1165,1,561.601942,56.081951
25240,736,283,149,1169,1,561.843289,56.105417
25250,753,283,159,1196,1,562.089199,56.126675
25260,756,278,165,1200,1,562.342333,56.151540
25270,768,291,171,1231,1,562.601498,56.174121
25280,746,295,172,1214,1,562.863160,56.202279
25290,721,299,173,1194,1,563.117538,56.229266
25300,690,289,171,1151,1,563.358352,56.260451
25310,679,293,165,1138,1,563.587211,56.285779
25320,683,304,170,1158,1,563.818265,56.306440
25330,672,308,172,1153,1,564.053248,56.331491
25340,668,298,165,1132,1,564.282759,56.355552
25350,663,296,157,1117,1,564.504947,56.381547
25360,682,293,155,1131,1,564.727295,56.403782
25370,674,305,149,1129,1,564.949803,56.426699
25380,669,321,153,1144,1,565.176329,56.446019
25390,679,318,152,1150,1,565.405044,56.470222
25400,672,307,149,1129,1,565.632740,56.497212
25410,678,288,139,1106,1,565.850533,56.521658
25420,686,284,139,1110,1,566.062584,56.541754
25430,681,271,134,1087,1,566.272783,56.566330
25440,694,259,127,1081,1,566.477186,56.587439
25450,698,262,131,1092,1,566.682121,56.604157
25460,712,260,134,1107,1,566.893921,56.623117
25470,697,262,134,1094,1,567.103445,56.648514
25480,696,258,134,1089,1,567.309400,56.669778
25490,697,251,132,1081,1,567.513049,56.690144
25500,696,253,129,1079,1,567.713386,56.707959
25510,689,253,129,1072,1,567.910727,56.730584
25520,675,267,129,1072,1,568.107467,56.747151
25530,667,272,128,1068,1,568.304629,56.768869
25540,655,273,127,1056,1,568.497960,56.791981
25550,630,257,127,1015,1,568.680604,56.813359
25560,628,259,123,1011,1,568.854736,56.830999
25570,621,254,132,1008,1,569.024346,56.847077
25580,643,251,130,1025,1,569.195742,56.861335
25590,644,253,138,1036,1,569.380108,56.878443
25600,623,246,136,1006,1,569.557244,56.899048
25610,623,255,137,1016,1,569.730605,56.913946
25620,618,244,139,1002,1,569.902821,56.931839
25630,612,237,142,992,1,570.069219,56.952036
25640,601,246,140,988,1,570.233146,56.969101
25650,607,260,134,1002,1,570.401736,56.984855
25660,609,258,135,1003,1,570.571894,57.002542
25670,603,262,130,996,1,570.744123,57.023098
25680,613,276,136,1026,1,570.913735,57.037845
25690,612,274,121,1008,1,571.084856,57.056293
25700,594,267,117,979,1,571.247118,57.073634
25710,589,260,117,967,1,571.402212,57.091146
25720,585,260,118,964,1,571.553746,57.105862
25730,589,255,116,961,1,571.704119,57.121127
25740,604,256,118,979,1,571.857262,57.133786
25750,622,250,126,999,1,572.016564,57.145731
25760,615,243,119,978,1,572.176932,57.164656
25770,619,242,115,977,1,572.333128,57.181612
25780,632,244,123,1000,1,572.495509,57.193644
25790,634,238,122,995,1,572.660243,57.210123
25800,624,222,118,965,1,572.816847,57.232660
25810,634,224,123,982,1,572.971777,57.247715
25820,644,229,120,994,1,573.130278,57.262463
25830,645,233,124,1003,1,573.293489,57.277017
25840,617,217,130,965,1,573.453462,57.296343
25850,607,226,124,958,1,573.604578,57.311017
25860,582,234,122,939,1,573.749960,57.327113
25870,578,233,123,935,1,573.890184,57.342692
25880,571,244,125,941,1,574.028571,57.357202
25890,571,250,128,950,1,574.170122,57.369592
25900,584,250,121,956,1,574.315533,57.385025
25910,552,255,117,925,1,574.456918,57.404704
25920,543,258,114,916,1,574.588682,57.416780
25930,533,261,111,906,1,574.719496,57.432967
25940,533,246,105,885,1,574.841172,57.448682
25950,535,241,99,876,1,574.957996,57.458601
25960,544,232,107,884,1,575.072927,57.468331
25970,568,228,106,903,1,575.194576,57.476743
25980,560,227,108,896,1,575.316980,57.488991
25990,542,230,105,878,1,575.437766,57.505056
26000,533,226,100,860,1,575.547324,57.517567
26010,536,217,98,852,1,575.653409,57.529067
26020,544,221,94,860,1,575.764580,57.538202
26030,535,217,94,847,1,575.871386,57.547786
26040,541,215,95,852,1,575.975176,57.557289
26050,532,224,102,859,1,576.081768,57.566411
26060,529,225,98,853,1,576.190102,57.577473
26070,543,230,100,874,1,576.301200,57.588591
26080,529,227,104,861,1,576.415683,57.599385
26090,533,229,103,866,1,576.527002,57.609201
26100,538,227,105,871,1,576.639218,57.620430
26110,527,221,108,857,1,576.749493,57.629922
26120,524,224,107,856,1,576.856696,57.639549
26130,521,228,106,856,1,576.962334,57.650784
26140,520,228,100,849,1,577.067943,57.664660
26150,527,227,103,858,1,577.174414,57.671128
26160,529,226,103,859,1,577.281924,57.682329
26170,551,213,102,867,1,577.390805,57.691904
26180,548,225,112,886,1,577.503312,57.701842
26190,557,227,108,893,1,577.624083,57.712827
26200,587,233,107,928,1,577.752391,57.725005
26210,604,240,117,962,1,577.891543,57.734306
26220,596,236,114,947,1,578.034894,57.750188
26230,584,235,123,943,1,578.175606,57.762507
26240,569,238,115,923,1,578.313354,57.779369
26250,568,243,115,927,1,578.444733,57.792515
26260,557,253,112,923,1,578.578894,57.804839
26270,581,246,110,938,1,578.712684,57.816467
26280,566,243,112,922,1,578.847613,57.833266
26290,566,258,117,942,1,578.984105,57.842746
26300,567,253,120,941,1,579.122155,57.855680
26310,574,249,124,948,1,579.260123,57.869045
26320,581,243,120,945,1,579.398456,57.880470
26330,566,238,108,913,1,579.532075,57.896696
26340,577,234,102,914,1,579.658585,57.907380
26350,575,227,102,905,1,579.784823,57.920452
26360,563,235,105,904,1,579.907414,57.933379
26370,567,231,106,905,1,580.029479,57.947132
26380,578,233,105,917,1,580.155199,57.957299
26390,587,241,102,931,1,580.286528,57.971538
26400,594,254,103,952,1,580.423624,57.984597
26410,605,259,105,970,1,580.567652,57.999008
26420,586,249,104,940,1,580.707302,58.014516
26430,583,255,115,954,1,580.845593,58.025502
26440,584,248,115,948,1,580.987369,58.038810
26450,588,244,113,946,1,581.123271,58.053505
26460,596,237,115,949,1,581.265479,58.066638
26470,601,247,120,969,1,581.407325,58.078200
26480,610,244,130,985,1,581.554977,58.092097
26490,630,237,129,997,1,581.709616,58.105157
26500,628,235,130,994,1,581.865507,58.118344
26510,625,230,134,990,1,582.020340,58.132521
26520,627,227,128,983,1,582.174764,58.147971
26530,634,243,135,1013,1,582.331598,58.155779
26540,634,254,134,1023,1,582.494900,58.170585
26550,626,264,132,1023,1,582.660826,58.184996
26560,647,264,134,1046,1,582.832494,58.200419
26570,635,276,127,1039,1,583.007445,58.218577
26580,644,279,122,1046,1,583.178331,58.238079
26590,643,279,129,1052,1,583.355584,58.259748
26600,649,284,129,1063,1,583.533060,58.273563
26610,655,277,126,1059,1,583.710400,58.293709
26620,655,269,126,1051,1,583.889280,58.311384
26630,658,259,132,1050,1,584.063640,58.327951
26640,661,270,135,1067,1,584.240348,58.344096
26650,653,280,143,1077,1,584.423031,58.360183
26660,684,267,146,1098,1,584.614409,58.372765
26670,693,263,147,1104,1,584.808614,58.393720
26680,688,248,154,1091,1,585.000322,58.413332
26690,692,259,150,1102,1,585.191571,58.431805
26700,673,257,147,1078,1,585.383207,58.449661
26710,680,267,155,1103,1,585.571138,58.466055
26720,677,269,158,1105,1,585.767094,58.485872
26730,679,275,150,1105,1,585.960835,58.503721
26740,685,268,149,1103,1,586.155619,58.524951
26750,686,261,148,1096,1,586.347137,58.545637
26760,683,261,145,1090,1,586.537891,58.566683
26770,696,264,143,1104,1,586.727710,58.586544
26780,668,266,139,1074,1,586.915287,58.608147
26790,663,265,139,1068,1,587.095153,58.625265
26800,667,265,148,1081,1,587.278074,58.642032
26810,670,261,148,1080,1,587.460891,58.659009
26820,676,261,145,1083,1,587.644712,58.677177
26830,689,269,145,1104,1,587.832584,58.691164
26840,695,278,147,1121,1,588.032962,58.708365
26850,701,280,146,1128,1,588.232786,58.728351
26860,688,281,142,1112,1,588.431514,58.747135
26870,708,285,142,1136,1,588.631545,58.762774
26880,692,276,146,1115,1,588.831465,58.782988
26890,696,268,139,1104,1,589.025179,58.803019
26900,700,278,125,1104,1,589.215834,58.822744
26910,715,283,128,1127,1,589.412126,58.836483
26920,710,280,130,1121,1,589.609949,58.855614
26930,717,288,124,1130,1,589.808873,58.873983
26940,717,288,128,1134,1,590.013416,58.894658
26950,723,290,129,1143,1,590.221205,58.912166
26960,722,280,128,1131,1,590.423033,58.934970
26970,715,291,125,1132,1,590.623293,58.955872
26980,708,284,131,1124,1,590.822444,58.974700
26990,708,291,136,1136,1,591.023636,58.991986
27000,712,306,140,1159,1,591.228217,59.008520
27010,716,315,150,1182,1,591.442395,59.028412
27020,726,317,150,1194,1,591.665885,59.048797
27030,731,323,153,1208,1,591.890056,59.071213
27040,732,317,153,1203,1,592.116572,59.094953
27050,729,329,158,1217,1,592.346259,59.117702
27060,739,337,167,1244,1,592.582429,59.139789
27070,736,327,170,1234,1,592.819265,59.158452
27080,710,319,173,1203,1,593.049351,59.186257
27090,697,307,171,1176,1,593.269259,59.214355
27100,683,303,165,1152,1,593.479823,59.237595
27110,690,310,166,1167,1,593.688739,59.256525
27120,691,307,166,1165,1,593.900708,59.278596
27130,692,300,151,1144,1,594.105359,59.299063
27140,695,292,148,1136,1,594.304360,59.320276
27150,695,298,153,1147,1,594.507295,59.339482
27160,705,294,156,1156,1,594.711081,59.356809
27170,723,303,159,1186,1,594.918396,59.373835
27180,710,294,145,1150,1,595.127345,59.398440
27190,674,304,146,1125,1,595.325700,59.419806
27200,669,298,141,1109,1,595.517079,59.439821
27210,673,297,141,1112,1,595.707648,59.459101
27220,680,289,147,1117,1,595.897732,59.479206
27230,690,286,151,1128,1,596.090800,59.495464
27240,682,293,158,1134,1,596.287054,59.513785
27250,668,289,158,1116,1,596.483240,59.536679
27260,691,297,157,1146,1,596.679494,59.554128
27270,680,298,151,1130,1,596.879472,59.576310
27280,683,293,148,1125,1,597.072393,59.596697
27290,679,294,144,1118,1,597.264316,59.617857
27300,687,292,146,1126,1,597.456369,59.635759
27310,675,282,145,1103,1,597.644685,59.657648
27320,673,286,146,1106,1,597.828867,59.675200
27330,674,286,134,1095,1,598.013361,59.694528
27340,666,285,130,1082,1,598.191564,59.713664
27350,653,287,126,1067,1,598.367756,59.729764
27360,651,282,129,1063,1,598.540497,59.747483
27370,655,296,130,1082,1,598.711375,59.760220
27380,652,283,138,1074,1,598.886215,59.778583
27390,628,280,140,1049,1,599.054775,59.800679
27400,644,286,134,1065,1,599.218417,59.814438
27410,657,293,133,1084,1,599.392415,59.828141
27420,675,297,124,1097,1,599.571181,59.844283
27430,678,292,124,1095,1,599.752513,59.864165
27440,685,283,130,1099,1,599.931415,59.880320
27450,675,270,134,1080,1,600.111191,59.900265
27460,685,276,137,1099,1,600.290216,59.915126
27470,692,273,139,1105,1,600.470744,59.932533
27480,689,256,144,1090,1,600.651888,59.955663
27490,698,254,145,1098,1,600.830641,59.972239
27500,695,241,147,1084,1,601.008889,59.992902
27510,685,232,147,1065,1,601.181929,60.013262
27520,696,229,143,1069,1,601.348844,60.031052
27530,689,235,147,1072,1,601.523109,60.048050
27540,679,248,151,1079,1,601.696492,60.066703
27550,658,239,147,1045,1,601.862652,60.087247
27560,656,247,143,1047,1,602.020312,60.101934
27570,669,249,150,1069,1,602.186484,60.116818
27580,653,248,143,1045,1,602.348578,60.135432
27590,649,245,130,1025,1,602.505611,60.154845
27600,653,253,128,1035,1,602.661399,60.169563
27610,647,262,123,1033,1,602.815947,60.186770
27620,642,272,128,1043,1,602.968899,60.200552
27630,642,268,131,1042,1,603.126548,60.217414
27640,659,270,125,1055,1,603.287339,60.231327
27650,648,264,127,1040,1,603.448105,60.250458
27660,654,273,128,1056,1,603.609165,60.265485
27670,653,274,128,1056,1,603.769425,60.280868
27680,650,268,125,1044,1,603.928554,60.297660
27690,647,267,122,1037,1,604.086196,60.312999
27700,644,264,130,1039,1,604.243030,60.329344
27710,664,255,134,1054,1,604.402490,60.343343
27720,671,255,134,1061,1,604.564534,60.359773
27730,676,264,129,1070,1,604.733240,60.377739
27740,669,272,134,1076,1,604.902039,60.395713
27750,681,271,135,1088,1,605.073307,60.412412
27760,676,266,136,1079,1,605.246931,60.429347
27770,683,268,138,1090,1,605.420070,60.444278
27780,664,259,129,1053,1,605.589776,60.463646
27790,638,258,121,1018,1,605.745272,60.483334
27800,641,260,119,1021,1,605.893922,60.497123
27810,638,271,113,1023,1,606.042041,60.511077
27820,650,263,112,1026,1,606.190764,60.525091
27830,661,274,110,1046,1,606.344603,60.537661
27840,676,277,109,1063,1,606.505921,60.555105
27850,701,270,112,1084,1,606.672126,60.570213
27860,686,266,113,1066,1,606.840563,60.589887
27870,693,266,108,1068,1,607.009859,60.608562
27880,711,271,112,1095,1,607.178103,60.623222
27890,712,279,117,1109,1,607.357531,60.642257
27900,700,265,123,1089,1,607.534711,60.661283
27910,708,260,132,1101,1,607.706036,60.676686
27920,726,270,137,1134,1,607.890728,60.691037
27930,732,284,142,1159,1,608.081857,60.706248
27940,733,279,144,1157,1,608.278309,60.726548
27950,720,280,149,1150,1,608.475067,60.745359
27960,724,279,151,1155,1,608.670654,60.766006
27970,733,292,154,1180,1,608.871798,60.784821
27980,735,305,152,1193,1,609.078530,60.804412
27990,733,314,152,1200,1,609.290435,60.823000
28000,720,309,153,1183,1,609.499808,60.846108
28010,732,311,153,1197,1,609.704216,60.865032
28020,706,322,145,1174,1,609.912429,60.886506
28030,696,318,141,1156,1,610.111598,60.908378
28040,701,324,150,1176,1,610.309479,60.926868
28050,692,317,149,1159,1,610.506484,60.950694
28060,669,313,149,1132,1,610.696207,60.970104
28070,657,312,150,1120,1,610.879392,60.990164
28080,672,319,150,1142,1,611.066091,61.006669
28090,668,309,150,1128,1,611.251432,61.027595
28100,687,304,158,1150,1,611.440279,61.043447
28110,690,297,159,1147,1,611.633404,61.064282
28120,702,303,153,1159,1,611.827579,61.081751
28130,699,303,143,1146,1,612.021902,61.102922
28140,703,299,142,1145,1,612.210328,61.120035
28150,705,297,134,1137,1,612.397148,61.141758
28160,701,283,134,1119,1,612.580239,61.161156
28170,707,288,132,1128,1,612.761491,61.177770
28180,708,293,135,1137,1,612.947649,61.197908
28190,704,303,140,1148,1,613.134410,61.215505
28200,710,300,139,1150,1,613.323048,61.233940
28210,708,308,141,1158,1,613.514680,61.252240
28220,710,298,139,1148,1,613.704426,61.274687
28230,711,289,133,1134,1,613.891633,61.295147
28240,713,287,134,1135,1,614.075190,61.315676
28250,717,284,140,1142,1,614.259949,61.332206
28260,708,291,149,1149,1,614.445754,61.349057
28270,706,288,149,1144,1,614.633679,61.368070
28280,707,290,147,1145,1,614.822654,61.386105
28290,717,290,145,1153,1,615.012679,61.406412
28300,730,284,144,1159,1,615.204282,61.423843
28310,739,291,148,1179,1,615.399404,61.442925
28320,734,280,148,1163,1,615.596181,61.464340
28330,740,291,142,1174,1,615.789435,61.477819
28340,732,306,143,1182,1,615.987581,61.496553
28350,725,305,144,1175,1,616.188117,61.516826
28360,711,308,144,1164,1,616.382754,61.538243
28370,713,307,150,1171,1,616.575334,61.554689
28380,704,306,141,1152,1,616.765300,61.573257
28390,704,306,142,1153,1,616.950339,61.591117
28400,699,309,143,1152,1,617.138028,61.613356
28410,693,305,144,1143,1,617.322997,61.632291
28420,692,296,140,1129,1,617.505121,61.650942
28430,689,294,138,1122,1,617.681752,61.671427
28440,678,292,145,1116,1,617.856722,61.690663
28450,678,290,148,1117,1,618.031378,61.708352
28460,686,281,149,1117,1,618.208272,61.724315
28470,692,291,147,1131,1,618.386864,61.742613
28480,694,294,143,1132,1,618.565956,61.758363
28490,711,297,144,1153,1,618.747845,61.773960
28500,720,307,149,1177,1,618.941002,61.789167
28510,703,298,146,1148,1,619.131491,61.810385
28520,712,287,143,1143,1,619.317980,61.829688
28530,699,297,144,1141,1,619.501593,61.848055
28540,712,299,149,1161,1,619.686496,61.863304
28550,710,290,153,1154,1,619.874440,61.880156
28560,712,289,155,1157,1,620.062666,61.898984
28570,710,301,154,1166,1,620.252498,61.917972
28580,715,298,155,1169,1,620.446325,61.937791
28590,723,296,153,1173,1,620.640394,61.957634
28600,745,306,154,1206,1,620.838658,61.973354
28610,729,299,156,1185,1,621.041365,61.993194
28620,736,299,155,1191,1,621.240953,62.012291
28630,737,316,151,1205,1,621.442990,62.029470
28640,740,315,152,1208,1,621.646494,62.049390
28650,734,324,153,1212,1,621.852118,62.068657
28660,742,331,156,1230,1,622.061398,62.087857
28670,744,327,149,1221,1,622.266562,62.112051
28680,754,319,146,1220,1,622.474631,62.136103
28690,755,318,149,1223,1,622.684835,62.158206
28700,769,323,153,1246,1,622.896495,62.177859
28710,778,315,159,1253,1,623.116076,62.199384
28720,767,310,166,1244,1,623.332268,62.220139
28730,776,308,157,1242,1,623.548735,62.242218
28740,772,297,152,1222,1,623.758411,62.264701
28750,760,281,154,1196,1,623.962581,62.286850
28760,773,290,159,1223,1,624.163284,62.301517
28770,771,286,153,1211,1,624.369624,62.320855
28780,791,283,154,1229,1,624.576354,62.339368
28790,789,286,159,1235,1,624.785430,62.359413
28800,791,292,153,1237,1,624.998502,62.382666
28810,805,295,151,1252,1,625.213157,62.401970
28820,807,291,149,1248,1,625.432057,62.424076
28830,791,296,148,1236,1,625.645831,62.446318
28840,801,305,149,1256,1,625.860238,62.468408
28850,808,304,150,1263,1,626.080302,62.489117
28860,790,303,152,1246,1,626.297668,62.513448
28870,792,302,148,1243,1,626.511015,62.534134
28880,805,311,153,1270,1,626.730827,62.551575
28890,806,317,157,1281,1,626.955297,62.574020
28900,817,316,153,1287,1,627.184445,62.596933
28910,803,317,143,1264,1,627.409498,62.622247
28920,818,298,140,1257,1,627.628129,62.642813
28930,828,304,141,1274,1,627.850406,62.664174
28940,823,297,142,1263,1,628.070486,62.687911
28950,806,295,149,1251,1,628.288174,62.710761
28960,811,302,147,1261,1,628.502757,62.731787
28970,796,292,149,1238,1,628.715440,62.755867
28980,794,293,152,1240,1,628.926742,62.779377
28990,790,289,152,1232,1,629.135812,62.798771
29000,768,283,150,1202,1,629.337623,62.821766
29010,778,286,147,1212,1,629.536158,62.842272
29020,770,286,151,1208,1,629.736748,62.859955
29030,773,299,153,1226,1,629.939723,62.876796
29040,764,305,159,1229,1,630.143186,62.895415
29050,762,312,155,1230,1,630.350216,62.917417
29060,766,327,161,1255,1,630.560122,62.933869
29070,759,329,156,1245,1,630.772882,62.955146
29080,753,330,156,1240,1,630.983635,62.974926
29090,744,340,152,1237,1,631.193313,62.996543
29100,724,337,143,1205,1,631.396514,63.020973
29110,712,325,147,1185,1,631.590690,63.043853
29120,716,318,138,1173,1,631.776756,63.064195
29130,730,315,135,1181,1,631.963175,63.082842
29140,742,314,134,1191,1,632.152469,63.102425
29150,742,306,133,1182,1,632.340597,63.120162
29160,734,311,135,1181,1,632.527393,63.139063
29170,724,307,130,1162,1,632.710449,63.159968
29180,735,310,131,1177,1,632.892777,63.179720
29190,736,306,138,1181,1,633.082380,63.197604
29200,750,311,139,1201,1,633.273868,63.215893
29210,760,312,137,1210,1,633.470263,63.234672
29220,761,303,144,1209,1,633.666055,63.254687
29230,718,302,138,1159,1,633.853908,63.275638
29240,708,308,141,1158,1,634.033474,63.292737
29250,699,317,147,1164,1,634.215008,63.312841
29260,690,314,145,1150,1,634.393508,63.333074
29270,687,315,149,1152,1,634.570288,63.350111
29280,678,312,152,1143,1,634.744959,63.368449
29290,682,312,152,1147,1,634.917566,63.385933
29300,667,299,153,1120,1,635.088488,63.403897
29310,672,303,148,1124,1,635.254899,63.419898
29320,688,311,158,1158,1,635.429786,63.433722
29330,686,303,158,1148,1,635.606511,63.449242
29340,699,308,163,1171,1,635.784766,63.466426
29350,711,312,166,1190,1,635.970771,63.481793
29360,714,305,163,1183,1,636.157427,63.504135
29370,725,300,167,1193,1,636.345910,63.522340
29380,710,284,165,1160,1,636.529138,63.542612
29390,710,287,169,1167,1,636.708879,63.560592
29400,715,285,171,1172,1,636.890754,63.578570
29410,706,283,171,1161,1,637.072312,63.596732
29420,714,275,163,1153,1,637.248399,63.616938
29430,706,263,160,1130,1,637.420851,63.636996
29440,703,271,158,1133,1,637.589784,63.655193
29450,716,276,160,1153,1,637.759718,63.670899
29460,726,278,151,1156,1,637.935993,63.688964
29470,736,273,142,1152,1,638.112200,63.707239
29480,747,266,142,1156,1,638.288758,63.724901
29490,733,261,139,1134,1,638.463817,63.746298
29500,729,267,135,1132,1,638.631797,63.763967
29510,738,275,136,1150,1,638.800637,63.780643
29520,742,279,139,1161,1,638.975942,63.797101
29530,744,269,138,1152,1,639.151306,63.815938
29540,738,272,139,1150,1,639.325257,63.837008
29550,743,271,135,1150,1,639.497298,63.854866
29560,743,283,130,1157,1,639.672270,63.870427
29570,743,274,132,1150,1,639.846795,63.889181
29580,746,273,135,1155,1,640.020331,63.908698
29590,731,276,145,1153,1,640.193505,63.926884
29600,731,279,147,1158,1,640.368557,63.943748
29610,731,282,153,1167,1,640.543715,63.959760
29620,722,276,149,1148,1,640.720493,63.980032
29630,721,277,147,1146,1,640.890460,63.997467
29640,723,271,147,1142,1,641.060420,64.014901
29650,718,278,147,1144,1,641.230577,64.030629
29660,689,283,148,1121,1,641.395627,64.049729
29670,686,293,146,1126,1,641.557813,64.065524
29680,681,294,146,1122,1,641.719863,64.082168
29690,677,302,150,1130,1,641.880076,64.100784
29700,676,297,144,1118,1,642.042786,64.118787
29710,696,293,140,1130,1,642.204942,64.130914
29720,705,290,141,1137,1,642.370615,64.147273
29730,709,301,130,1141,1,642.536524,64.163008
29740,711,300,132,1144,1,642.704419,64.181098
29750,707,298,124,1130,1,642.871843,64.199140
29760,727,292,120,1140,1,643.038530,64.215169
29770,741,288,117,1147,1,643.208625,64.230245
29780,742,259,123,1125,1,643.374451,64.250067
29790,738,252,120,1111,1,643.532517,64.267820
29800,740,247,123,1111,1,643.688273,64.283619
29810,749,240,120,1110,1,643.844296,64.298799
29820,757,244,129,1131,1,644.005316,64.310600
29830,752,245,130,1128,1,644.166207,64.326912
29840,745,248,130,1124,1,644.325848,64.341808
29850,749,257,130,1137,1,644.490254,64.357179
29860,739,263,142,1145,1,644.655613,64.370062
29870,735,264,145,1145,1,644.823034,64.389610
29880,733,265,155,1154,1,644.992952,64.405963
29890,726,267,162,1156,1,645.162602,64.423365
29900,721,278,159,1159,1,645.336274,64.439016
29910,716,270,164,1151,1,645.504728,64.459096
29920,707,267,164,1139,1,645.673081,64.474432
29930,697,273,164,1135,1,645.837672,64.491759
29940,685,278,169,1133,1,645.999853,64.506049
29950,695,274,167,1137,1,646.163320,64.521542
29960,689,265,173,1128,1,646.324864,64.537920
29970,701,259,160,1121,1,646.486205,64.551911
29980,705,260,161,1127,1,646.645778,64.568737
29990,697,261,152,1111,1,646.801938,64.587372
30000,699,271,144,1115,1,646.956738,64.603076
30010,693,266,142,1102,1,647.109972,64.621419
30020,706,284,137,1128,1,647.265375,64.633097
30030,700,289,136,1126,1,647.423972,64.650040
30040,707,286,131,1125,1,647.581883,64.666699
30050,693,286,129,1109,1,647.736443,64.683023
30060,708,285,131,1125,1,647.892312,64.696684
30070,714,284,125,1124,1,648.050907,64.712982
30080,715,289,131,1136,1,648.209532,64.726274
30090,705,290,135,1131,1,648.368731,64.742632
30100,707,288,139,1135,1,648.528754,64.758857
30110,721,281,142,1145,1,648.690804,64.773995
30120,704,278,140,1123,1,648.851314,64.791773
30130,706,273,146,1126,1,649.007788,64.805281
30140,705,270,141,1117,1,649.164525,64.821607
30150,691,269,140,1101,1,649.317761,64.838658
30160,726,267,144,1138,1,649.472047,64.848727
30170,717,276,150,1144,1,649.634248,64.864956
30180,719,282,156,1158,1,649.800080,64.881761
30190,724,282,154,1161,1,649.969664,64.897653
30200,735,291,148,1175,1,650.140016,64.911690
30210,740,300,153,1194,1,650.317628,64.928814
30220,747,291,157,1196,1,650.499577,64.947872
30230,754,292,153,1200,1,650.679751,64.965037
30240,758,297,158,1214,1,650.863237,64.982747
30250,753,304,162,1220,1,651.048794,65.002380
30260,751,299,166,1217,1,651.235766,65.020867
30270,757,306,159,1223,1,651.424722,65.039123
30280,745,315,162,1223,1,651.612399,65.055964
30290,752,304,162,1219,1,651.797837,65.075156
30300,751,301,160,1213,1,651.982904,65.098387
30310,755,301,166,1223,1,652.169170,65.114873
30320,747,289,172,1209,1,652.354410,65.136404
30330,743,286,168,1198,1,652.534261,65.156540
30340,751,290,160,1202,1,652.715545,65.175746
30350,731,296,158,1186,1,652.893106,65.194794
30360,731,289,153,1174,1,653.067310,65.213078
30370,733,281,150,1165,1,653.238023,65.231229
30380,732,281,145,1159,1,653.404204,65.248926
30390,728,275,145,1149,1,653.568899,65.268619
30400,728,269,141,1139,1,653.728716,65.284180
30410,718,280,145,1144,1,653.890290,65.299272
30420,717,274,143,1135,1,654.050138,65.317623
30430,725,276,143,1145,1,654.208323,65.333664
30440,712,262,142,1117,1,654.364173,65.353330
30450,707,266,145,1119,1,654.517635,65.370399
30460,712,269,145,1127,1,654.672393,65.386955
30470,703,272,147,1123,1,654.827592,65.401839
30480,689,278,144,1112,1,654.980864,65.416745
30490,698,273,149,1121,1,655.130139,65.429966
30500,689,272,156,1118,1,655.282514,65.443925
30510,694,271,155,1121,1,655.434295,65.459326
30520,705,265,147,1118,1,655.587948,65.473199
30530,702,265,140,1108,1,655.735921,65.490147
30540,694,255,138,1088,1,655.880531,65.505903
30550,686,270,123,1080,1,656.021734,65.519604
30560,685,276,129,1091,1,656.162702,65.531140
30570,697,277,134,1109,1,656.307025,65.542369
30580,705,267,136,1109,1,656.454021,65.557506
30590,704,262,133,1100,1,656.602213,65.573619
30600,693,269,128,1091,1,656.746121,65.588661
30610,710,262,126,1099,1,656.888295,65.601604
30620,704,268,128,1101,1,657.032110,65.614710
30630,705,268,132,1106,1,657.176867,65.628982
30640,694,254,138,1087,1,657.320072,65.645237
30650,679,252,139,1071,1,657.454354,65.662099
30660,690,238,144,1073,1,657.589111,65.676013
30670,692,232,139,1064,1,657.723569,65.692250
30680,691,242,141,1075,1,657.857685,65.705671
30690,688,244,141,1074,1,657.992662,65.720889
30700,688,245,146,1080,1,658.128251,65.733816
30710,691,235,145,1072,1,658.263614,65.746293
30720,694,242,140,1077,1,658.398136,65.757189
30730,708,244,138,1091,1,658.537228,65.772390
30740,719,244,146,1110,1,658.681870,65.783443
30750,708,240,137,1086,1,658.825743,65.798267
30760,705,241,144,1091,1,658.965012,65.811562
30770,696,250,148,1095,1,659.106549,65.822307
30780,698,241,143,1083,1,659.245689,65.837513
30790,701,243,148,1093,1,659.384092,65.850509
30800,706,241,147,1095,1,659.525715,65.864467
30810,708,237,139,1085,1,659.664220,65.877687
30820,714,239,150,1104,1,659.804783,65.888337
30830,704,242,153,1100,1,659.948367,65.904200
30840,698,253,151,1103,1,660.092002,65.917506
30850,697,255,149,1102,1,660.236240,65.933647
30860,698,263,142,1104,1,660.378639,65.944482
30870,691,267,135,1094,1,660.518315,65.959527
30880,697,267,129,1094,1,660.658626,65.972288
30890,689,275,125,1090,1,660.796805,65.985263
30900,673,278,124,1076,1,660.933348,66.002555
30910,681,282,124,1088,1,661.070186,66.015609
30920,677,285,127,1090,1,661.206299,66.028591
30930,677,280,121,1079,1,661.343665,66.044684
30940,674,290,121,1086,1,661.480717,66.057973
30950,688,288,123,1100,1,661.619117,66.069692
30960,696,293,124,1114,1,661.761523,66.082876
30970,691,297,130,1119,1,661.906929,66.094869
30980,703,297,140,1141,1,662.058518,66.107906
30990,700,294,139,1134,1,662.211280,66.122978
31000,706,300,136,1143,1,662.364827,66.138129
31010,718,298,138,1155,1,662.522189,66.156856
31020,721,300,143,1165,1,662.681971,66.169434
31030,729,308,139,1177,1,662.846904,66.183804
31040,706,306,136,1149,1,663.006154,66.200802
31050,693,292,131,1117,1,663.155905,66.218768
31060,708,286,133,1128,1,663.304252,66.232974
31070,696,280,132,1109,1,663.448218,66.247380
31080,710,283,134,1128,1,663.595313,66.262738
31090,724,279,135,1139,1,663.745957,66.276322
31100,717,274,128,1120,1,663.893945,66.292407
31110,707,271,133,1112,1,664.038328,66.305579
31120,702,266,137,1106,1,664.179925,66.321238
31130,703,266,141,1111,1,664.324927,66.334472
31140,691,250,141,1083,1,664.463622,66.351331
31150,694,245,140,1080,1,664.595638,66.364970
31160,681,248,135,1065,1,664.726000,66.378230
31170,655,255,134,1045,1,664.850550,66.393463
31180,650,256,136,1043,1,664.972016,66.405197
31190,653,253,139,1046,1,665.093523,66.415234
31200,647,258,136,1042,1,665.213988,66.427719
31210,643,264,138,1046,1,665.336464,66.438704
31220,644,263,132,1040,1,665.456015,66.454498
31230,645,263,125,1034,1,665.575848,66.469682
31240,626,262,118,1007,1,665.689412,66.484877
31250,636,278,123,1038,1,665.802733,66.490060
31260,637,280,125,1043,1,665.925251,66.504236
31270,635,274,124,1034,1,666.044970,66.520044
31280,632,276,124,1033,1,666.160184,66.532852
31290,617,273,125,1016,1,666.274274,66.544911
31300,625,271,127,1024,1,666.386349,66.556343
31310,636,267,135,1039,1,666.502951,66.566529
31320,621,264,132,1018,1,666.619332,66.580302
31330,631,263,137,1032,1,666.735716,66.590679
31340,643,266,142,1052,1,666.854381,66.602769
31350,646,256,138,1041,1,666.977073,66.616960
31360,664,257,143,1065,1,667.099114,66.626416
31370,661,246,144,1052,1,667.224353,66.640648
31380,657,252,142,1052,1,667.346887,66.654398
31390,674,246,139,1060,1,667.471378,66.664948
31400,673,236,133,1043,1,667.592405,66.680031
31410,682,238,130,1051,1,667.711926,66.692843
31420,683,239,133,1056,1,667.832413,66.705751
31430,682,227,137,1047,1,667.954983,66.718018
31440,674,225,132,1032,1,668.072769,66.729596
31450,663,229,139,1032,1,668.185773,66.740272
31460,652,241,143,1037,1,668.300476,66.751117
31470,654,255,149,1059,1,668.419287,66.763433
31480,661,258,147,1067,1,668.546423,66.774250
31490,664,251,153,1069,1,668.674906,66.784355
31500,668,265,158,1092,1,668.806577,66.794990
31510,651,269,157,1078,1,668.937522,66.809154
31520,647,275,149,1072,1,669.066777,66.823149
31530,644,282,146,1073,1,669.194282,66.836968
31540,665,280,148,1094,1,669.325040,66.848361
31550,673,285,147,1106,1,669.461268,66.860511
31560,674,278,138,1091,1,669.596448,66.875309
31570,681,268,140,1090,1,669.732963,66.890663
31580,692,270,136,1099,1,669.865225,66.904111
31590,680,270,135,1086,1,669.998068,66.920367
31600,682,275,140,1098,1,670.131566,66.934784
31610,673,271,137,1082,1,670.264663,66.948526
31620,657,271,137,1066,1,670.391152,66.960338
31630,658,265,140,1064,1,670.516871,66.971863
31640,668,268,142,1079,1,670.643399,66.981777
31650,664,276,136,1077,1,670.772149,66.994239
31660,658,273,138,1070,1,670.901174,67.008632
31670,646,269,140,1056,1,671.024924,67.021440
31680,635,265,137,1038,1,671.144957,67.033032
31690,624,266,135,1026,1,671.257673,67.045583
31700,637,264,139,1041,1,671.371258,67.056108
31710,635,266,132,1034,1,671.488994,67.068950
31720,630,268,134,1033,1,671.602662,67.080962
31730,622,274,129,1026,1,671.715335,67.095831
31740,623,275,130,1029,1,671.828621,67.108649
31750,608,258,136,1003,1,671.938403,67.121328
31760,609,255,128,993,1,672.041943,67.131271
31770,598,250,133,982,1,672.141074,67.142252
31780,603,260,134,998,1,672.239822,67.150239
31790,630,274,137,1042,1,672.349907,67.156617
31800,637,272,137,1047,1,672.468110,67.168237
31810,636,259,131,1027,1,672.582642,67.183920
31820,659,258,126,1044,1,672.693661,67.192080
31830,666,265,124,1056,1,672.812841,67.203165
31840,676,262,124,1063,1,672.932740,67.216220
31850,672,261,120,1054,1,673.054749,67.228431
31860,676,262,129,1068,1,673.175474,67.238195
31870,686,265,125,1077,1,673.299737,67.248735
31880,701,263,117,1082,1,673.427566,67.263635
31890,721,256,118,1096,1,673.557571,67.272431
31900,723,262,116,1102,1,673.689408,67.287521
31910,709,266,114,1090,1,673.821960,67.301417
31920,702,278,123,1104,1,673.956484,67.315721
31930,700,269,131,1101,1,674.089741,67.328425
31940,679,257,125,1062,1,674.216702,67.349134
31950,685,259,128,1073,1,674.341606,67.359738
31960,675,263,125,1064,1,674.466143,67.373044
31970,682,285,126,1094,1,674.592226,67.381872
31980,686,289,136,1112,1,674.724562,67.394272
31990,672,292,139,1104,1,674.860672,67.408944
32000,654,296,143,1094,1,674.991207,67.422428
32010,642,297,134,1074,1,675.118320,67.438726
32020,640,286,124,1051,1,675.238696,67.453509
32030,650,300,118,1069,1,675.360054,67.464181
32040,649,300,124,1074,1,675.482254,67.476621
32050,651,297,124,1073,1,675.606787,67.487401
32060,673,285,124,1083,1,675.732014,67.497199
32070,667,285,123,1076,1,675.858522,67.512382
32080,671,278,125,1075,1,675.982675,67.521653
32090,686,274,125,1086,1,676.107763,67.531019
32100,683,260,126,1070,1,676.231764,67.544270
32110,688,245,128,1062,1,676.350817,67.557026
32120,680,244,127,1052,1,676.469108,67.570337
32130,670,237,130,1038,1,676.582227,67.583971
32140,665,234,132,1032,1,676.695207,67.594859
32150,654,242,131,1028,1,676.805282,67.607348
32160,638,237,127,1003,1,676.912490,67.620181
32170,634,234,135,1004,1,677.013811,67.631374
32180,625,242,131,999,1,677.114170,67.644361
32190,634,236,126,997,1,677.213256,67.655331
32200,631,235,128,995,1,677.310984,67.664904
32210,624,242,129,996,1,677.408619,67.676568
32220,603,241,130,975,1,677.503160,67.689601
32230,590,237,133,961,1,677.594218,67.701026
32240,606,239,136,982,1,677.686645,67.706712
32250,627,232,141,1001,1,677.783660,67.714326
32260,637,225,143,1006,1,677.883911,67.722264
32270,640,229,135,1005,1,677.984160,67.735445
32280,659,222,132,1014,1,678.087193,67.743662
32290,647,219,131,998,1,678.187240,67.756822
32300,652,228,132,1013,1,678.288910,67.762807
32310,653,231,122,1007,1,678.391630,67.773508
32320,670,245,131,1047,1,678.498005,67.778499
32330,661,247,125,1034,1,678.608098,67.791194
32340,652,251,132,1036,1,678.719053,67.803766
32350,644,250,129,1024,1,678.827515,67.816507
32360,649,253,130,1033,1,678.935927,67.824636
32370,659,257,133,1050,1,679.046210,67.831697
32380,655,265,131,1052,1,679.158092,67.841431
32390,645,271,131,1048,1,679.271094,67.855671
32400,646,273,127,1047,1,679.384178,67.867827
32410,651,265,126,1043,1,679.496103,67.878820
32420,669,261,127,1058,1,679.611488,67.890996
32430,686,244,121,1052,1,679.728374,67.904995
32440,681,243,110,1035,1,679.841256,67.920058
32450,663,244,104,1012,1,679.947785,67.932394
32460,649,252,104,1006,1,680.048782,67.945013
32470,630,250,108,989,1,680.146259,67.954561
32480,631,242,112,986,1,680.241701,67.965788
32490,611,252,122,986,1,680.334054,67.974197
32500,612,248,134,995,1,680.430274,67.981530
32510,601,251,134,987,1,680.526695,67.989720
32520,607,255,141,1004,1,680.625081,67.998315
32530,612,268,141,1022,1,680.726796,68.007662
32540,604,262,156,1023,1,680.830829,68.017448
32550,608,255,150,1014,1,680.934422,68.028653
32560,631,250,156,1038,1,681.042127,68.037554
32570,646,252,155,1054,1,681.153027,68.044480
32580,644,253,148,1046,1,681.265879,68.056609
32590,670,262,138,1071,1,681.381806,68.065708
32600,677,268,130,1076,1,681.502179,68.075877
32610,680,268,131,1080,1,681.621344,68.085092
32620,690,274,126,1091,1,681.745215,68.097281
32630,701,275,132,1109,1,681.874464,68.107713
32640,714,280,129,1124,1,682.008336,68.118607
32650,710,267,125,1103,1,682.140270,68.133269
32660,713,261,120,1095,1,682.266918,68.147611
32670,715,266,116,1098,1,682.394778,68.159781
32680,719,276,118,1114,1,682.525401,68.170977
32690,709,272,121,1103,1,682.653657,68.183395
32700,709,260,128,1098,1,682.781937,68.198941
32710,702,257,133,1093,1,682.906786,68.210811
32720,687,254,135,1077,1,683.030976,68.225114
32730,700,252,127,1080,1,683.150329,68.236435
32740,699,254,125,1079,1,683.271354,68.247298
32750,703,261,125,1090,1,683.393802,68.257679
32760,692,269,127,1089,1,683.517409,68.269634
32770,687,274,129,1091,1,683.640332,68.281312
32780,685,287,133,1106,1,683.765400,68.291956
32790,687,284,134,1106,1,683.895371,68.307252
32800,708,285,135,1129,1,684.027185,68.319610
32810,716,300,133,1150,1,684.168812,68.331077
32820,704,303,134,1142,1,684.310610,68.349217
32830,701,301,133,1136,1,684.450199,68.364848
32840,711,301,142,1155,1,684.591729,68.374226
32850,696,304,142,1143,1,684.730983,68.389199
32860,687,309,145,1142,1,684.870851,68.405482
32870,694,316,145,1156,1,685.013102,68.421586
32880,690,305,143,1139,1,685.154941,68.433075
32890,679,305,139,1124,1,685.292236,68.448060
32900,681,303,144,1129,1,685.426110,68.460625
32910,675,303,143,1122,1,685.560110,68.472995
32920,691,297,156,1145,1,685.696740,68.481887
32930,699,290,148,1138,1,685.837239,68.496154
32940,673,296,147,1117,1,685.971491,68.510835
32950,660,284,145,1090,1,686.097312,68.525712
32960,671,273,144,1089,1,686.218339,68.539071
32970,696,274,148,1119,1,686.343726,68.546844
32980,705,276,154,1136,1,686.477871,68.560268
32990,704,279,152,1136,1,686.613159,68.572768
33000,706,275,156,1138,1,686.746878,68.586980
33010,714,274,159,1148,1,686.884842,68.601200
33020,715,271,153,1140,1,687.023071,68.616900
33030,719,277,145,1142,1,687.160913,68.632975
33040,710,283,148,1142,1,687.297491,68.644982
33050,712,282,155,1150,1,687.436174,68.660103
33060,708,279,149,1137,1,687.572607,68.673755
33070,705,275,143,1124,1,687.708201,68.688153
33080,682,271,143,1097,1,687.835431,68.705865
33090,679,266,141,1087,1,687.957010,68.721144
33100,674,263,138,1076,1,688.076955,68.733770
33110,679,263,131,1074,1,688.192851,68.750140
33120,664,257,126,1048,1,688.304068,68.765628
33130,672,259,129,1061,1,688.414626,68.773789
33140,681,250,131,1063,1,688.530541,68.783316
33150,685,244,124,1054,1,688.642235,68.795739
33160,667,244,120,1032,1,688.747705,68.809406
33170,664,249,121,1035,1,688.853733,68.817531
33180,647,245,121,1014,1,688.955002,68.829326
33190,650,235,120,1006,1,689.051556,68.840443
33200,638,235,121,995,1,689.144990,68.852283
33210,636,239,125,1001,1,689.239054,68.860250
33220,638,239,134,1012,1,689.334383,68.870621
33230,633,250,136,1020,1,689.431274,68.876386
33240,638,249,133,1021,1,689.529759,68.886452
33250,633,247,128,1009,1,689.628378,68.900465
33260,637,251,128,1017,1,689.725001,68.910551
33270,637,234,125,997,1,689.819809,68.924182
33280,629,233,124,987,1,689.912309,68.934269
33290,616,234,123,974,1,689.998719,68.944575
33300,632,238,122,993,1,690.086898,68.950506
33310,632,240,126,999,1,690.179187,68.961813
33320,640,239,126,1006,1,690.272098,68.970287
33330,642,239,126,1008,1,690.367764,68.979862
33340,657,242,126,1026,1,690.467367,68.987971
33350,643,244,134,1022,1,690.568088,68.996605
33360,640,240,142,1023,1,690.666467,69.005832
33370,636,239,148,1024,1,690.766303,69.013759
33380,621,246,148,1016,1,690.865877,69.024759
33390,621,238,151,1011,1,690.962931,69.033648
33400,611,242,147,1001,1,691.056928,69.045123
33410,631,236,145,1013,1,691.153271,69.051670
33420,637,250,142,1030,1,691.254776,69.059765
33430,621,246,144,1012,1,691.351779,69.070715
33440,617,244,141,1003,1,691.448349,69.081001
33450,611,242,137,991,1,691.539544,69.093227
33460,619,247,144,1011,1,691.631269,69.100552
33470,627,249,131,1008,1,691.726299,69.111509
33480,608,239,119,967,1,691.812262,69.123004
33490,616,250,121,988,1,691.895197,69.128008
33500,601,248,124,974,1,691.982027,69.136496
33510,607,250,127,985,1,692.069545,69.143815
33520,604,241,134,980,1,692.157167,69.151764
33530,608,237,134,980,1,692.245672,69.159389
33540,606,242,134,983,1,692.332618,69.168094
33550,626,248,135,1010,1,692.420887,69.176108
33560,639,236,132,1008,1,692.514462,69.185683
33570,641,231,130,1003,1,692.606632,69.199235
33580,647,222,136,1006,1,692.699516,69.208534
33590,643,226,133,1003,1,692.792207,69.217813
33600,678,234,130,1043,1,692.890710,69.221909
33610,670,232,128,1031,1,692.991705,69.233665
33620,686,238,127,1052,1,693.096012,69.246369
33630,692,233,122,1048,1,693.200275,69.258245
33640,673,227,123,1024,1,693.301674,69.271686
33650,674,233,121,1029,1,693.401827,69.282739
33660,672,230,118,1021,1,693.499720,69.293977
33670,666,234,122,1023,1,693.595546,69.303568
33680,647,250,116,1014,1,693.691399,69.313368
33690,657,251,121,1030,1,693.788520,69.322061
33700,645,251,125,1022,1,693.886431,69.333300
33710,649,249,128,1027,1,693.983583,69.343229
33720,644,242,129,1016,1,694.078624,69.351920
33730,655,250,123,1029,1,694.176791,69.360924
33740,660,263,117,1041,1,694.277209,69.370152
33750,645,261,118,1025,1,694.378917,69.383824
33760,649,271,122,1043,1,694.478522,69.391328
33770,639,276,124,1040,1,694.582021,69.401481
33780,642,267,128,1038,1,694.683091,69.410775
33790,644,273,120,1038,1,694.784410,69.420300
33800,663,271,129,1064,1,694.889698,69.428784
33810,672,271,131,1075,1,694.999485,69.440182
33820,667,270,125,1063,1,695.110095,69.454124
33830,667,263,128,1059,1,695.217801,69.466338
33840,675,256,129,1061,1,695.326235,69.478010
33850,658,254,133,1046,1,695.433005,69.487054
33860,682,253,135,1071,1,695.540301,69.495946
33870,708,251,131,1091,1,695.656294,69.504887
33880,695,246,129,1071,1,695.771023,69.520263
33890,682,240,134,1057,1,695.877866,69.533621
33900,685,237,138,1061,1,695.984409,69.544693
33910,694,243,135,1073,1,696.092924,69.556576
33920,690,260,136,1087,1,696.205577,69.567234
33930,691,266,138,1096,1,696.320881,69.579591
33940,689,268,133,1091,1,696.436437,69.590129
33950,671,271,131,1074,1,696.548735,69.603619
33960,667,267,128,1063,1,696.661300,69.614063
33970,673,277,134,1085,1,696.774040,69.622886
33980,643,288,137,1069,1,696.888132,69.633074
33990,649,290,133,1073,1,696.999829,69.642204
34000,651,293,131,1076,1,697.111844,69.652185
34010,651,299,141,1092,1,697.226606,69.661418
34020,655,296,134,1086,1,697.339269,69.674329
34030,655,286,135,1077,1,697.452628,69.688537
34040,662,286,145,1094,1,697.566779,69.698937
34050,653,284,144,1082,1,697.682663,69.712169
34060,650,287,149,1087,1,697.797078,69.724640
34070,647,286,137,1071,1,697.908620,69.737029
34080,644,283,140,1068,1,698.015923,69.748176
34090,652,268,140,1061,1,698.123730,69.757737
34100,637,259,144,1041,1,698.227674,69.768548
34110,645,263,146,1055,1,698.329113,69.776248
34120,657,267,139,1064,1,698.435763,69.785286
34130,650,265,138,1054,1,698.539699,69.797527
34140,650,269,129,1049,1,698.645468,69.808929
34150,656,266,123,1046,1,698.748913,69.815604
34160,650,273,122,1046,1,698.850253,69.825338
34170,650,269,126,1046,1,698.951520,69.835066
34180,644,255,125,1025,1,699.051667,69.848969
34190,647,269,130,1047,1,699.148444,69.855797
34200,637,274,127,1039,1,699.250110,69.864748
34210,643,271,124,1039,1,699.349480,69.873673
34220,619,273,122,1015,1,699.443220,69.885301
34230,604,270,114,989,1,699.531582,69.896188
34240,602,256,112,971,1,699.614568,69.904088
34250,613,267,116,997,1,699.694961,69.907855
34260,622,263,112,998,1,699.784181,69.917602
34270,615,264,118,998,1,699.872657,69.926664
34280,611,254,116,982,1,699.955966,69.935821
34290,612,246,105,964,1,700.034594,69.943898
34300,627,251,107,986,1,700.115411,69.950768
34310,621,254,118,994,1,700.200380,69.956219
34320,623,251,122,997,1,700.286472,69.961580
34330,622,250,125,998,1,700.372019,69.972386
34340,609,251,127,988,1,700.456523,69.982273
34350,636,253,132,1022,1,700.543237,69.987494
34360,651,252,131,1035,1,700.638748,69.992375
34370,637,250,118,1006,1,700.734823,70.002604
34380,606,253,119,979,1,700.821358,70.014117
34390,603,246,120,970,1,700.900571,70.019406
34400,626,238,120,985,1,700.979379,70.025470
34410,646,241,110,998,1,701.065514,70.033282
34420,649,233,111,994,1,701.150139,70.044400
34430,659,238,119,1017,1,701.238246,70.049157
34440,636,239,117,993,1,701.327570,70.058102
34450,637,240,120,998,1,701.410846,70.064207
34460,627,233,126,987,1,701.495826,70.073328
34470,617,233,135,986,1,701.578338,70.081795
34480,612,222,134,969,1,701.657833,70.091992
34490,614,231,134,980,1,701.736426,70.099864
34500,589,238,140,968,1,701.814131,70.107445
34510,611,251,151,1014,1,701.899103,70.111287
34520,616,245,161,1023,1,701.991204,70.121524
34530,618,251,160,1030,1,702.086425,70.131666
34540,629,240,151,1021,1,702.178932,70.140726
34550,623,233,148,1005,1,702.269149,70.151789
34560,629,240,145,1015,1,702.357185,70.161213
34570,637,242,138,1018,1,702.447469,70.169442
34580,637,234,139,1011,1,702.538337,70.179555
34590,644,240,136,1021,1,702.629379,70.185630
34600,645,246,129,1021,1,702.721713,70.194673
34610,652,250,128,1031,1,702.814249,70.200697
34620,655,252,118,1026,1,702.908774,70.213606
34630,649,257,120,1027,1,703.001044,70.221427
34640,635,257,124,1017,1,703.093914,70.233157
34650,631,260,120,1012,1,703.182690,70.244274
34660,631,250,125,1007,1,703.269249,70.253347
34670,649,254,127,1031,1,703.361698,70.258555
34680,657,269,127,1054,1,703.458370,70.265400
34690,650,271,128,1050,1,703.560542,70.278057
34700,648,279,130,1058,1,703.660895,70.289520
34710,639,260,135,1035,1,703.761063,70.301572
34720,651,268,139,1059,1,703.860370,70.308681
34730,648,269,145,1063,1,703.963036,70.318150
34740,646,260,136,1043,1,704.063670,70.330045
34750,637,253,142,1033,1,704.158022,70.340098
34760,642,261,138,1042,1,704.254092,70.348908
34770,650,261,143,1055,1,704.352899,70.358395
34780,665,254,144,1064,1,704.455691,70.368888
34790,658,264,144,1067,1,704.558432,70.378566
34800,669,266,145,1081,1,704.664155,70.389351
34810,681,267,143,1092,1,704.772977,70.398628
34820,674,281,145,1101,1,704.883280,70.406840
34830,683,279,148,1111,1,704.998342,70.415328
34840,673,281,145,1100,1,705.112404,70.426341
34850,670,289,154,1114,1,705.225833,70.436079
34860,671,289,147,1108,1,705.342358,70.450770
34870,674,290,140,1105,1,705.457094,70.462456
34880,675,295,142,1113,1,705.571193,70.473069
34890,663,293,140,1097,1,705.684712,70.487862
34900,667,292,140,1100,1,705.797453,70.497734
34910,681,291,138,1111,1,705.912599,70.508855
34920,685,286,139,1111,1,706.027968,70.522217
34930,700,283,135,1119,1,706.142983,70.533527
34940,693,281,132,1107,1,706.259629,70.548025
34950,691,291,129,1112,1,706.374725,70.557326
34960,699,283,125,1108,1,706.491523,70.568410
34970,672,266,128,1067,1,706.601201,70.582413
34980,650,259,129,1039,1,706.699464,70.592654
34990,635,263,128,1027,1,706.792953,70.600805
35000,656,268,125,1050,1,706.886895,70.606584
35010,633,265,133,1032,1,706.982946,70.617813
35020,635,265,133,1034,1,707.076420,70.627576
35030,648,271,126,1046,1,707.172407,70.637791
35040,650,266,127,1044,1,707.269295,70.648700
35050,649,264,132,1046,1,707.365816,70.657155
35060,662,264,129,1056,1,707.465542,70.668146
35070,630,273,132,1036,1,707.560992,70.679515
35080,632,278,133,1044,1,707.655753,70.688197
35090,636,275,135,1047,1,707.751888,70.697017
35100,632,261,141,1035,1,707.847379,70.709999
35110,637,261,140,1039,1,707.941780,70.719048
35120,628,271,141,1041,1,708.039155,70.727187
35130,633,267,148,1049,1,708.135975,70.734869
35140,620,278,160,1059,1,708.236169,70.742688
35150,623,284,162,1070,1,708.335693,70.750641
35160,621,287,158,1067,1,708.437764,70.759453
35170,641,286,155,1083,1,708.542857,70.770576
35180,641,293,149,1084,1,708.650742,70.780371
35190,647,283,146,1077,1,708.756365,70.793758
35200,666,281,138,1086,1,708.865591,70.805696
35210,683,280,139,1103,1,708.975231,70.814862
35220,697,270,143,1111,1,709.087881,70.824732
35230,691,260,145,1097,1,709.198324,70.838799
35240,699,253,133,1086,1,709.305575,70.849334
35250,703,246,128,1078,1,709.412397,70.860228
35260,720,242,118,1081,1,709.515658,70.871167
35270,715,233,122,1071,1,709.620885,70.883307
35280,704,222,125,1052,1,709.722251,70.895663
35290,683,214,124,1022,1,709.815323,70.907992
35300,665,224,126,1016,1,709.903141,70.916786
35310,656,230,122,1009,1,709.988340,70.927324
35320,644,233,122,1000,1,710.073118,70.936014
35330,626,229,113,969,1,710.149665,70.945086
35340,626,236,117,980,1,710.224727,70.953206
35350,625,232,127,985,1,710.301970,70.960140
35360,632,244,125,1002,1,710.380971,70.966649
35370,648,240,129,1018,1,710.465383,70.971494
35380,662,236,135,1034,1,710.551947,70.978959
35390,664,241,137,1043,1,710.645245,70.988100
35400,664,237,132,1034,1,710.738801,70.998269
35410,658,240,132,1031,1,710.829251,71.007726
35420,651,239,134,1025,1,710.918274,71.019244
35430,663,237,134,1035,1,711.008914,71.027318
35440,668,243,132,1044,1,711.102338,71.037472
35450,656,247,126,1030,1,711.194258,71.048878
35460,641,251,129,1022,1,711.281515,71.058015
35470,632,258,133,1024,1,711.368029,71.066077
35480,635,266,132,1034,1,711.458848,71.074370
35490,630,262,124,1017,1,711.544181,71.085916
35500,632,245,128,1006,1,711.627438,71.095253
35510,624,243,129,997,1,711.708572,71.102578
35520,636,237,132,1006,1,711.790332,71.112565
35530,637,237,126,1001,1,711.872197,71.119963
35540,642,247,131,1021,1,711.955126,71.126667
35550,664,239,126,1030,1,712.044417,71.134408
35560,665,235,137,1038,1,712.135927,71.143569
35570,656,231,129,1017,1,712.223777,71.153565
35580,673,233,130,1037,1,712.312490,71.161847
35590,690,241,122,1054,1,712.405277,71.167141
35600,663,247,115,1026,1,712.497628,71.180981
35610,657,244,113,1015,1,712.586177,71.191844
35620,651,245,115,1012,1,712.670118,71.202845
35630,631,249,114,995,1,712.752071,71.213647
35640,638,244,117,1000,1,712.834217,71.221073
35650,626,259,121,1007,1,712.917625,71.230622
35660,624,258,123,1006,1,713.000887,71.238759
35670,619,253,120,993,1,713.080573,71.245939
35680,622,255,123,1001,1,713.159481,71.253242
35690,610,265,124,1000,1,713.241893,71.262491
35700,596,265,130,992,1,713.321284,71.272236
35710,611,268,140,1020,1,713.403841,71.278507
35720,620,277,136,1034,1,713.491477,71.287081
35730,628,280,141,1050,1,713.581626,71.293314
35740,631,280,141,1053,1,713.675565,71.301322
35750,633,277,141,1052,1,713.770866,71.312058
35760,625,276,142,1044,1,713.864519,71.323027
35770,610,272,137,1020,1,713.951688,71.335739
35780,593,272,128,994,1,714.034645,71.346435
35790,601,266,136,1004,1,714.114703,71.353853
35800,604,263,138,1006,1,714.196520,71.360451
35810,624,254,132,1011,1,714.280378,71.369244
35820,636,253,132,1022,1,714.364679,71.377485
35830,630,258,132,1021,1,714.453251,71.385754
35840,635,259,131,1026,1,714.539276,71.392774
35850,624,257,133,1015,1,714.624519,71.401507
35860,629,253,124,1007,1,714.708383,71.412887
35870,646,257,121,1025,1,714.791446,71.418020
35880,650,263,120,1034,1,714.879491,71.425840
35890,657,272,120,1050,1,714.970300,71.434532
35900,653,267,113,1034,1,715.061127,71.445414
35910,647,259,116,1023,1,715.149034,71.456401
35920,641,268,118,1028,1,715.235124,71.463827
35930,640,260,119,1020,1,715.322671,71.473783
35940,637,252,122,1012,1,715.405841,71.483103
35950,637,248,122,1008,1,715.486853,71.491214
35960,632,245,127,1005,1,715.568482,71.498393
35970,629,239,131,1000,1,715.649445,71.509081
35980,630,242,138,1011,1,715.728129,71.515171
35990,617,247,143,1008,1,715.810552,71.525409
36000,622,257,149,1029,1,715.894642,71.531047
36010,608,259,146,1014,1,715.978244,71.539814
36020,599,260,143,1003,1,716.059547,71.549740
36030,591,263,141,996,1,716.140288,71.561396
36040,573,270,140,984,1,716.216136,71.569188
36050,568,271,138,978,1,716.289061,71.576886
36060,574,264,134,973,1,716.360322,71.586601
36070,569,267,131,968,1,716.433310,71.595693
36080,584,264,130,979,1,716.504246,71.603192
36090,594,265,128,988,1,716.579727,71.609955
36100,599,264,119,983,1,716.652040,71.619177
36110,608,257,128,994,1,716.729198,71.625513
36120,602,247,133,983,1,716.804669,71.636041
36130,609,245,124,979,1,716.876672,71.643448
36140,625,241,115,982,1,716.949060,71.648515
36150,628,231,111,971,1,717.019018,71.656708
36160,613,232,110,956,1,717.088611,71.663675
36170,615,243,113,972,1,717.157235,71.667377
36180,623,252,109,985,1,717.228333,71.670932
36190,626,251,111,989,1,717.303670,71.676100
36200,614,248,111,974,1,717.375583,71.682905
36210,638,256,105,1000,1,717.449969,71.686199
36220,610,250,114,975,1,717.524009,71.695591
36230,605,249,116,971,1,717.593535,71.703345
36240,594,253,122,970,1,717.662237,71.711411
36250,588,258,116,963,1,717.730976,71.714934
36260,593,254,116,964,1,717.799121,71.721957
36270,582,248,119,950,1,717.865641,71.730991
36280,589,251,123,964,1,717.931184,71.735777
36290,598,244,116,959,1,717.995496,71.742022
36300,606,236,118,961,1,718.063174,71.747615
36310,606,247,115,969,1,718.131770,71.753498
36320,598,234,109,942,1,718.197604,71.763251
36330,597,230,109,937,1,718.258808,71.771356
36340,606,224,108,939,1,718.319235,71.778001
36350,611,218,102,932,1,718.379976,71.785862
36360,622,223,105,951,1,718.442104,71.792873
36370,633,216,103,953,1,718.507667,71.799636
36380,632,216,101,950,1,718.570938,71.807945
36390,616,221,108,946,1,718.635807,71.816808
36400,616,223,105,945,1,718.699126,71.824923
36410,613,219,107,940,1,718.760881,71.832685
36420,597,213,111,922,1,718.821738,71.841539
36430,602,219,118,940,1,718.878993,71.845695
36440,592,219,115,927,1,718.935965,71.853371
36450,606,223,122,952,1,718.998481,71.858448
36460,587,231,122,941,1,719.060481,71.864262
36470,593,239,127,960,1,719.125175,71.869163
36480,605,253,127,986,1,719.195813,71.874069
36490,620,254,122,997,1,719.270148,71.877376
36500,618,251,132,1002,1,719.347686,71.886713
36510,618,247,133,999,1,719.425488,71.895288
36520,595,248,124,968,1,719.498929,71.904214
36530,588,265,127,981,1,719.568665,71.908442
36540,582,266,129,978,1,719.641407,71.916118
36550,582,262,123,968,1,719.711673,71.923153
36560,570,261,120,952,1,719.777998,71.932154
36570,576,253,122,952,1,719.841283,71.938884
36580,569,254,125,949,1,719.904304,71.946374
36590,583,264,128,976,1,719.970720,71.951451
36600,590,271,132,994,1,720.043658,71.958753
36610,604,267,125,997,1,720.118607,71.966452
36620,603,272,125,1001,1,720.194456,71.974241
36630,642,255,131,1029,1,720.274448,71.978320
36640,641,245,133,1020,1,720.357414,71.986624
36650,634,239,136,1010,1,720.437731,71.995252
36660,619,239,138,997,1,720.513706,72.003054
36670,609,243,143,996,1,720.588841,72.009399
36680,620,234,145,1000,1,720.664391,72.015392
36690,613,229,143,986,1,720.737097,72.024633
36700,608,242,145,996,1,720.810611,72.027482
36710,607,242,138,988,1,720.884461,72.037425
36720,592,234,128,955,1,720.952336,72.045398
36730,592,244,124,961,1,721.015735,72.049983
36740,593,243,122,959,1,721.083325,72.057535
36750,600,240,115,956,1,721.145474,72.062388
36760,610,234,110,955,1,721.210304,72.069272
36770,609,236,114,960,1,721.275291,72.075389
36780,586,233,111,931,1,721.338202,72.084431
36790,586,223,109,919,1,721.393563,72.092718
36800,590,223,105,919,1,721.447138,72.097498
36810,592,241,111,945,1,721.504101,72.100463
36820,590,244,114,949,1,721.567096,72.108533
36830,579,252,111,943,1,721.628445,72.113111
36840,573,247,109,930,1,721.686503,72.120883
36850,576,246,110,933,1,721.742554,72.125715
36860,572,247,111,931,1,721.800840,72.132139
36870,584,241,106,932,1,721.857528,72.138208
36880,594,244,110,949,1,721.915327,72.143802
36890,584,249,115,949,1,721.975417,72.149820
36900,576,238,116,931,1,722.034452,72.156123
36910,581,235,115,932,1,722.091193,72.162197
36920,567,234,112,914,1,722.146931,72.170124
36930,584,228,113,926,1,722.200176,72.176630
36940,585,231,115,932,1,722.254848,72.182691
36950,583,232,124,940,1,722.313407,72.189531
36960,589,225,121,936,1,722.370839,72.197040
36970,573,229,111,914,1,722.425099,72.206768
36980,570,217,108,896,1,722.473876,72.212629
36990,570,219,113,903,1,722.521363,72.216214
37000,559,228,114,902,1,722.568253,72.221690
37010,566,229,120,916,1,722.619865,72.225883
37020,548,229,119,897,1,722.669666,72.233991
37030,548,226,120,895,1,722.717867,72.238623
37040,559,232,118,910,1,722.767484,72.243786
37050,548,230,121,900,1,722.815768,72.249791
37060,547,224,129,901,1,722.863450,72.253981
37070,541,229,132,903,1,722.910635,72.258706
37080,532,221,125,879,1,722.955471,72.263586
37090,556,216,120,893,1,722.999148,72.266402
37100,561,221,115,898,1,723.044592,72.271343
37110,556,211,118,886,1,723.090770,72.278304
37120,546,218,114,879,1,723.133465,72.281217
37130,545,219,118,883,1,723.176804,72.284974
37140,552,218,113,884,1,723.219955,72.288518
37150,554,222,107,884,1,723.263485,72.292100
37160,563,235,109,908,1,723.310729,72.293914
37170,556,237,101,895,1,723.358438,72.300831
37180,565,232,106,904,1,723.405636,72.306336
37190,562,225,112,900,1,723.454567,72.311624
37200,566,231,107,905,1,723.504535,72.315268
37210,585,227,111,924,1,723.558064,72.319656
37220,591,235,103,930,1,723.613206,72.324789
37230,577,238,99,915,1,723.667726,72.332384
37240,570,232,105,908,1,723.718036,72.338587
37250,571,230,110,912,1,723.768441,72.343440
37260,566,219,107,893,1,723.816315,72.348234
37270,559,220,105,885,1,723.860837,72.352305
37280,562,219,103,885,1,723.906155,72.358590
37290,555,205,108,869,1,723.949800,72.366841
37300,553,205,108,867,1,723.987928,72.371047
37310,555,194,116,866,1,724.025210,72.373618
37320,551,186,127,865,1,724.062776,72.378156
37330,547,189,128,865,1,724.100356,72.381145
37340,556,192,122,871,1,724.139768,72.384511
37350,549,195,126,871,1,724.178996,72.389603
37360,542,190,122,855,1,724.218143,72.394298
37370,551,190,111,853,1,724.252419,72.397732
37380,536,196,107,840,1,724.284618,72.400183
37390,527,191,105,824,1,724.314388,72.404522
37400,524,206,95,826,1,724.342184,72.406340
37410,540,203,84,828,1,724.367898,72.408918
37420,534,195,90,820,1,724.392734,72.411215
37430,531,191,98,821,1,724.417913,72.413739
37440,536,192,101,830,1,724.445032,72.417617
37450,521,197,107,826,1,724.472590,72.420379
37460,526,198,109,834,1,724.502458,72.423565
37470,517,204,107,829,1,724.532208,72.428092
37480,517,196,109,823,1,724.558748,72.430945
37490,500,188,106,795,1,724.581100,72.433766
37500,515,190,101,807,1,724.600238,72.437616
37510,503,196,105,805,1,724.624355,72.441192
37520,521,198,98,818,1,724.645888,72.443736
37530,518,206,91,816,1,724.671448,72.448227
37540,530,203,95,829,1,724.696470,72.448032
37550,529,206,94,830,1,724.722881,72.448364
37560,531,198,86,816,1,724.751204,72.455058
37570,524,195,88,808,1,724.775680,72.458475
37580,509,207,90,807,1,724.796668,72.461542
37590,512,211,86,810,1,724.819468,72.463055
37600,498,214,89,802,1,724.840235,72.466100
37610,497,227,89,814,1,724.860982,72.465482
37620,500,231,90,822,1,724.883767,72.468921
37630,491,231,89,812,1,724.906167,72.470010
37640,508,238,90,837,1,724.933045,72.472510
37650,497,235,90,823,1,724.961248,72.478029
37660,493,225,88,807,1,724.986526,72.482293
37670,504,216,85,806,1,725.008487,72.486032
37680,493,218,82,794,1,725.027911,72.488747
37690,491,206,82,780,1,725.045617,72.491675
37700,504,209,76,790,1,725.060502,72.492782
37710,478,202,79,760,1,725.073539,72.496204
37720,475,199,84,759,1,725.082379,72.497283
37730,484,203,83,771,1,725.091482,72.495314
37740,481,203,90,775,1,725.105043,72.494177
37750,489,201,93,784,1,725.118941,72.493651
37760,504,209,97,811,1,725.137554,72.493213
37770,495,205,96,797,1,725.159259,72.496156
37780,495,205,93,794,1,725.177868,72.497638
37790,510,191,90,792,1,725.195918,72.498681
37800,501,184,93,779,1,725.211459,72.500048
37810,495,184,94,774,1,725.225582,72.502807
37820,499,193,100,793,1,725.240592,72.502588
37830,504,188,100,793,1,725.257609,72.504295
37840,503,194,99,797,1,725.274547,72.505419
37850,501,180,101,783,1,725.291381,72.507300
37860,494,184,110,789,1,725.306088,72.508010
37870,493,186,112,792,1,725.323679,72.509200
37880,490,176,104,771,1,725.338207,72.513721
37890,481,180,104,766,1,725.349985,72.515860
37900,494,179,101,775,1,725.361630,72.515882
37910,480,174,100,755,1,725.370728,72.519665
37920,495,164,102,762,1,725.380135,72.520228
37930,499,177,100,777,1,725.393502,72.517746
37940,523,189,99,812,1,725.411445,72.513049
37950,515,186,98,800,1,725.431455,72.514484
37960,517,180,96,794,1,725.449629,72.516499
37970,514,173,94,782,1,725.465664,72.517727
37980,515,174,92,782,1,725.479768,72.518954
37990,505,180,90,776,1,725.492916,72.520848
38000,509,174,94,778,1,725.506103,72.522746
38010,525,171,96,793,1,725.521832,72.523944
38020,521,176,96,794,1,725.540435,72.525239
38030,522,186,95,804,1,725.558599,72.526872
38040,506,189,97,793,1,725.577882,72.530904
38050,523,194,88,806,1,725.596489,72.530484
38060,535,200,96,832,1,725.621324,72.528403
38070,540,211,101,853,1,725.652112,72.529775
38080,543,216,93,853,1,725.685524,72.531791
38090,529,220,98,848,1,725.718104,72.535819
38100,531,205,98,835,1,725.745054,72.536619
38110,547,205,102,855,1,725.778001,72.537068
38120,544,211,106,862,1,725.813971,72.540484
38130,546,213,117,877,1,725.853864,72.543721
38140,540,206,108,855,1,725.892304,72.549665
38150,555,198,107,861,1,725.928473,72.550059
38160,565,209,113,888,1,725.969204,72.550721
38170,560,211,108,880,1,726.010354,72.556935
38180,563,212,106,882,1,726.051108,72.562159
38190,537,220,114,872,1,726.090075,72.564166
38200,539,227,110,877,1,726.129430,72.566212
38210,543,225,107,876,1,726.168332,72.572390
38220,542,221,105,869,1,726.205965,72.576352
38230,537,225,107,870,1,726.243143,72.577802
38240,518,222,110,851,1,726.277341,72.580663
38250,523,216,114,854,1,726.308276,72.583577
38260,515,208,119,843,1,726.340618,72.587580
38270,527,216,117,861,1,726.372634,72.590033
38280,518,214,113,846,1,726.404341,72.596626
38290,533,208,109,851,1,726.435880,72.599789
38300,530,212,112,855,1,726.468983,72.604625
38310,556,212,115,884,1,726.507006,72.606542
38320,549,211,112,873,1,726.545591,72.609273
38330,544,219,113,877,1,726.584647,72.612999
38340,542,216,109,868,1,726.622132,72.619407
38350,545,211,113,870,1,726.659769,72.623747
38360,538,199,115,853,1,726.695108,72.628236
38370,544,207,117,869,1,726.731212,72.630531
38380,541,218,128,888,1,726.771271,72.633789
38390,536,229,125,891,1,726.813321,72.639516
38400,529,230,117,877,1,726.854597,72.644975
38410,532,223,117,873,1,726.892775,72.650314
38420,525,211,107,844,1,726.928856,72.657710
38430,524,222,109,856,1,726.960039,72.658569
38440,492,230,104,827,1,726.990749,72.663348
38450,517,221,107,846,1,727.018553,72.665948
38460,510,206,105,822,1,727.045390,72.671283
38470,516,204,102,823,1,727.068555,72.672097
38480,504,193,111,809,1,727.091881,72.676514
38490,506,193,112,812,1,727.111428,72.680175
38500,501,194,116,812,1,727.133367,72.682753
38510,492,190,116,799,1,727.153137,72.687001
38520,502,176,110,789,1,727.169405,72.686937
38530,499,193,111,804,1,727.187954,72.688611
38540,511,211,105,828,1,727.211571,72.686078
38550,525,209,106,841,1,727.238415,72.686508
38560,530,208,105,844,1,727.268419,72.687256
38570,519,211,100,831,1,727.296408,72.692136
38580,535,215,100,851,1,727.326111,72.695114
38590,522,214,102,839,1,727.356798,72.699509
38600,521,215,102,839,1,727.384826,72.701943
38610,529,208,106,844,1,727.413638,72.706150
38620,522,198,107,828,1,727.441701,72.709529
38630,517,205,115,838,1,727.468815,72.710554
38640,514,211,111,837,1,727.497649,72.716455
38650,507,211,102,821,1,727.523514,72.720554
38660,509,199,101,810,1,727.547201,72.721614
38670,493,204,104,802,1,727.566246,72.723338
38680,501,212,107,821,1,727.586136,72.724395
38690,506,214,106,827,1,727.609786,72.726016
38700,509,218,105,833,1,727.635420,72.728775
38710,502,216,103,822,1,727.661503,72.731391
38720,500,212,99,812,1,727.684900,72.735804
38730,505,198,103,807,1,727.707975,72.738682
38740,505,208,103,817,1,727.728985,72.738163
38750,502,196,97,796,1,727.748571,72.740317
38760,507,195,98,801,1,727.766729,72.743079
38770,517,189,99,806,1,727.785184,72.743432
38780,523,187,103,814,1,727.805845,72.743631
38790,525,184,100,810,1,727.827833,72.747713
38800,528,187,100,816,1,727.849385,72.753437
38810,519,197,96,813,1,727.871575,72.753789
38820,508,186,92,787,1,727.890224,72.756224
38830,500,181,87,769,1,727.903502,72.760556
38840,506,173,86,766,1,727.912958,72.760011
38850,522,179,80,782,1,727.923145,72.760476
38860,511,183,81,776,1,727.937507,72.761171
38870,528,187,82,798,1,727.950406,72.762095
38880,525,197,82,805,1,727.970103,72.764446
38890,524,198,84,807,1,727.990956,72.765604
38900,546,212,87,846,1,728.015236,72.763739
38910,542,210,85,838,1,728.044865,72.767458
38920,522,205,88,816,1,728.070516,72.772274
38930,513,212,95,821,1,728.091947,72.775359
38940,519,208,97,825,1,728.116685,72.778587
38950,516,214,102,833,1,728.143401,72.780706
38960,528,209,106,844,1,728.172308,72.780990
38970,542,219,110,872,1,728.206205,72.781214
38980,559,214,114,888,1,728.244553,72.784123
38990,564,213,120,898,1,728.286337,72.786444
39000,569,216,120,906,1,728.333487,72.792659
39010,551,224,118,894,1,728.377019,72.798326
39020,557,228,115,901,1,728.419831,72.801869
39030,570,236,114,921,1,728.466554,72.806176
39040,570,233,115,919,1,728.516337,72.811535
39050,561,240,112,914,1,728.564392,72.818585
39060,562,241,110,914,1,728.611908,72.823530
39070,552,241,113,907,1,728.659304,72.829208
39080,545,243,103,892,1,728.702565,72.835218
39090,570,248,108,927,1,728.748678,72.834622
39100,561,235,104,901,1,728.795475,72.844336
39110,556,225,106,888,1,728.838065,72.849347
39120,574,229,101,905,1,728.881572,72.850726
39130,575,227,102,905,1,728.925126,72.857508
39140,576,220,107,904,1,728.969378,72.862871
39150,574,215,110,900,1,729.014450,72.868873
39160,578,222,108,909,1,729.059212,72.872239
39170,564,217,107,889,1,729.100917,72.880322
39180,567,227,116,911,1,729.143568,72.880130
39190,575,242,115,933,1,729.192341,72.881482
39200,577,239,118,935,1,729.244989,72.886940
39210,576,238,123,938,1,729.298231,72.889484
39220,577,241,118,937,1,729.350356,72.894890
39230,569,245,119,934,1,729.403003,72.899419
39240,568,240,113,922,1,729.453919,72.906746
39250,587,246,110,944,1,729.505318,72.908737
39260,593,256,118,968,1,729.562924,72.911721
39270,602,256,116,975,1,729.626049,72.916371
39280,619,254,117,991,1,729.689033,72.919894
39290,624,252,120,997,1,729.757442,72.927670
39300,611,246,124,982,1,729.822349,72.934354
39310,615,230,124,970,1,729.887776,72.941832
39320,617,220,128,966,1,729.946731,72.948292
39330,630,214,127,972,1,730.010541,72.953754
39340,622,217,133,973,1,730.072046,72.960098
39350,614,216,127,958,1,730.132693,72.965614
39360,617,220,133,971,1,730.189694,72.971508
39370,619,224,127,971,1,730.251969,72.976262
39380,623,214,132,970,1,730.313469,72.982976
39390,635,225,128,989,1,730.376595,72.988926
39400,657,233,129,1020,1,730.446291,72.995163
39410,654,239,129,1023,1,730.519580,73.001389
39420,641,248,124,1014,1,730.591034,73.007431
39430,645,254,131,1031,1,730.664789,73.013705
39440,650,253,135,1039,1,730.741192,73.021723
39450,636,242,135,1014,1,730.815308,73.030992
39460,644,238,136,1019,1,730.888215,73.036996
39470,640,233,140,1014,1,730.961731,73.045465
39480,636,241,130,1008,1,731.032349,73.051980
39490,619,235,129,984,1,731.100516,73.059729
39500,636,253,127,1017,1,731.168998,73.063628
39510,631,255,127,1014,1,731.242065,73.074639
39520,630,246,128,1005,1,731.310572,73.084455
39530,623,244,121,989,1,731.377887,73.092487
39540,592,244,119,956,1,731.439145,73.102131
39550,594,231,115,941,1,731.492385,73.108017
39560,598,230,116,945,1,731.546713,73.114381
39570,605,237,117,960,1,731.603259,73.119858
39580,597,231,122,951,1,731.660595,73.127630
39590,571,239,120,931,1,731.712059,73.136107
39600,581,235,121,938,1,731.764406,73.140240
39610,586,244,125,956,1,731.819589,73.143550
39620,580,239,119,939,1,731.873553,73.152275
39630,571,230,119,921,1,731.924053,73.159545
39640,574,229,111,915,1,731.969935,73.165431
39650,565,247,111,924,1,732.017687,73.167446
39660,587,244,108,940,1,732.067921,73.170078
39670,582,243,107,933,1,732.118799,73.175726
39680,612,243,109,965,1,732.174881,73.177838
39690,611,246,117,975,1,732.233934,73.182460
39700,605,245,120,971,1,732.293701,73.188996
39710,602,238,119,960,1,732.352367,73.196528
39720,601,243,119,964,1,732.409988,73.203770
39730,613,237,118,969,1,732.470815,73.208018
39740,637,242,124,1004,1,732.535268,73.210419
39750,637,244,132,1014,1,732.605106,73.217409
39760,643,249,131,1024,1,732.678501,73.224939
39770,650,247,132,1030,1,732.752976,73.233129
39780,652,251,133,1037,1,732.828277,73.241586
39790,654,255,132,1042,1,732.906436,73.250327
39800,663,262,139,1065,1,732.987939,73.254804
39810,658,260,139,1058,1,733.071210,73.266080
39820,659,266,138,1064,1,733.151899,73.275626
39830,650,270,147,1068,1,733.236144,73.282953
39840,659,271,141,1072,1,733.319720,73.291867
39850,653,265,139,1058,1,733.403421,73.302265
39860,667,280,139,1087,1,733.488907,73.307143
39870,686,272,144,1103,1,733.578774,73.312459
39880,670,278,146,1095,1,733.666867,73.321275
39890,658,278,150,1087,1,733.756263,73.331873
39900,670,281,143,1095,1,733.846151,73.340868
39910,684,280,135,1100,1,733.936918,73.348848
39920,690,272,135,1098,1,734.029565,73.357384
39930,715,260,131,1107,1,734.120893,73.365971
39940,714,263,132,1110,1,734.214671,73.373703
39950,715,258,129,1103,1,734.310567,73.384766
39960,714,252,129,1096,1,734.402634,73.393428
39970,699,246,121,1067,1,734.489411,73.405966
39980,700,259,118,1078,1,734.574589,73.412288
39990,722,259,116,1098,1,734.663792,73.419196
40000,735,253,117,1106,1,734.756039,73.427142
40010,718,251,123,1093,1,734.847891,73.438718
40020,711,254,127,1093,1,734.937933,73.446261
40030,704,259,127,1091,1,735.027434,73.457051
40040,698,264,127,1090,1,735.116023,73.465549
40050,703,262,132,1098,1,735.205905,73.475826
40060,700,258,127,1086,1,735.295946,73.486669
40070,687,268,131,1087,1,735.383279,73.495958
40080,688,260,137,1086,1,735.471437,73.504779
40090,680,257,135,1073,1,735.557569,73.517614
40100,678,257,134,1070,1,735.641865,73.527148
40110,667,265,136,1069,1,735.726657,73.535999
40120,677,263,139,1080,1,735.811036,73.545724
40130,677,265,130,1073,1,735.895899,73.556230
40140,665,256,130,1052,1,735.977849,73.565712
40150,658,269,128,1056,1,736.058873,73.572354
40160,652,280,125,1058,1,736.137659,73.579505
40170,650,290,130,1071,1,736.219358,73.586947
40180,654,272,121,1048,1,736.300398,73.597069
40190,644,287,117,1049,1,736.376137,73.604465
40200,624,286,120,1031,1,736.453219,73.610531
40210,620,286,121,1028,1,736.527341,73.620144
40220,635,291,122,1049,1,736.602384,73.625824
40230,634,295,127,1057,1,736.679540,73.632995
40240,624,282,124,1031,1,736.755167,73.643490
40250,644,274,123,1042,1,736.828840,73.649947
40260,626,265,125,1017,1,736.901380,73.659767
40270,628,250,122,1001,1,736.969796,73.669173
40280,622,253,128,1004,1,737.035080,73.673878
40290,620,253,127,1001,1,737.100769,73.684107
40300,620,252,130,1003,1,737.166698,73.691070
40310,602,244,123,970,1,737.229874,73.701778
40320,607,238,126,972,1,737.287060,73.707500
40330,603,232,122,958,1,737.344171,73.715042
40340,604,238,122,965,1,737.399429,73.720206
40350,594,237,119,951,1,737.453626,73.727639
40360,592,232,115,940,1,737.505734,73.734314
40370,592,235,114,942,1,737.554742,73.741226
40380,592,238,108,939,1,737.605600,73.746680
40390,579,231,107,918,1,737.651210,73.753617
40400,585,225,103,914,1,737.695615,73.759520
40410,589,225,106,921,1,737.739671,73.764840
40420,585,230,101,917,1,737.784423,73.770412
40430,569,233,100,903,1,737.827717,73.776932
40440,556,227,94,878,1,737.864942,73.782115
40450,550,225,95,871,1,737.900106,73.786362
40460,527,232,96,856,1,737.932209,73.791762
40470,532,240,98,871,1,737.964321,73.792785
40480,532,239,109,881,1,737.997304,73.795173
40490,524,238,105,868,1,738.031144,73.800563
40500,522,236,101,860,1,738.062865,73.805558
40510,522,232,95,850,1,738.091703,73.809717
40520,516,228,91,836,1,738.117221,73.812633
40530,527,225,92,845,1,738.142969,73.812294
40540,521,226,89,837,1,738.166360,73.814997
40550,517,223,91,832,1,738.189717,73.817515
40560,536,228,79,844,1,738.214018,73.817216
40570,550,229,73,853,1,738.240652,73.818243
40580,565,225,78,869,1,738.270924,73.820180
40590,552,227,83,863,1,738.302646,73.822262
40600,553,220,90,864,1,738.331313,73.823494
40610,553,210,94,858,1,738.361969,73.826925
40620,551,215,99,866,1,738.391624,73.829166
40630,568,216,98,883,1,738.426124,73.832981
40640,575,214,102,892,1,738.462211,73.836228
40650,573,220,110,904,1,738.502342,73.840788
40660,555,218,114,888,1,738.539210,73.846838
40670,549,231,112,893,1,738.574774,73.850940
40680,563,229,120,913,1,738.615522,73.853564
40690,552,233,124,910,1,738.659284,73.857579
40700,555,242,130,928,1,738.705120,73.864160
40710,562,248,127,938,1,738.754709,73.870209
40720,561,243,130,935,1,738.803399,73.874534
40730,552,243,139,935,1,738.852037,73.879581
40740,558,234,131,924,1,738.901800,73.883833
40750,561,243,132,937,1,738.950200,73.888311
40760,576,224,130,931,1,738.997120,73.892098
40770,608,226,137,972,1,739.049173,73.892412
40780,604,229,125,959,1,739.105592,73.895882
40790,613,224,122,960,1,739.158067,73.899139
40800,613,215,121,950,1,739.211584,73.905580
40810,613,218,126,958,1,739.264507,73.909246
40820,602,219,126,948,1,739.317926,73.915315
40830,607,232,128,968,1,739.371937,73.917099
40840,622,234,126,983,1,739.430065,73.921648
40850,616,247,131,995,1,739.490051,73.927107
40860,629,248,138,1016,1,739.556045,73.931721
40870,630,246,140,1017,1,739.623603,73.938480
40880,630,263,144,1038,1,739.693917,73.944792
40890,633,264,142,1040,1,739.767179,73.952302
40900,634,270,146,1051,1,739.841943,73.960324
40910,644,273,143,1061,1,739.919893,73.968123
40920,645,262,137,1045,1,739.996819,73.977265
40930,649,252,144,1046,1,740.071512,73.985641
40940,645,252,151,1049,1,740.146523,73.992783
40950,657,256,146,1060,1,740.223497,73.996690
40960,673,254,145,1073,1,740.303066,74.003206
40970,691,260,153,1105,1,740.389427,74.008053
40980,673,257,148,1079,1,740.475859,74.016881
40990,678,253,151,1083,1,740.559433,74.028131
41000,672,256,150,1079,1,740.643207,74.038859
41010,667,245,147,1060,1,740.723594,74.047984
41020,651,245,146,1043,1,740.799192,74.057352
41030,666,245,148,1060,1,740.873954,74.063748
41040,659,241,132,1033,1,740.947395,74.073261
41050,649,241,141,1032,1,741.017937,74.079236
41060,648,239,146,1034,1,741.089143,74.087623
41070,638,251,144,1034,1,741.160762,74.095870
41080,651,244,137,1033,1,741.232560,74.100348
41090,665,247,134,1047,1,741.305698,74.108927
41100,680,243,135,1059,1,741.380179,74.111691
41110,689,240,133,1063,1,741.457879,74.120005
41120,690,239,136,1066,1,741.537023,74.126121
41130,686,234,138,1059,1,741.617167,74.137743
41140,704,239,136,1080,1,741.697743,74.145624
41150,695,240,140,1076,1,741.780402,74.155694
41160,713,246,128,1088,1,741.864375,74.165536
41170,709,241,132,1083,1,741.949675,74.175870
41180,697,232,130,1060,1,742.028736,74.185579
41190,674,237,130,1042,1,742.104511,74.194600
41200,652,232,140,1025,1,742.175068,74.202558
41210,648,239,139,1027,1,742.243908,74.211425
41220,647,243,133,1024,1,742.312321,74.217008
41230,645,251,133,1030,1,742.381780,74.224856
41240,658,250,131,1040,1,742.451933,74.230614
41250,641,248,131,1021,1,742.521821,74.240124
41260,654,258,132,1045,1,742.591673,74.245312
41270,641,256,133,1031,1,742.662460,74.255270
41280,654,259,131,1045,1,742.732950,74.260702
41290,662,263,130,1056,1,742.809903,74.268220
41300,678,253,127,1059,1,742.887189,74.275410
41310,679,245,121,1046,1,742.962305,74.283643
41320,678,244,125,1048,1,743.035279,74.288965
41330,673,253,128,1055,1,743.110203,74.297718
41340,666,254,127,1048,1,743.184070,74.307802
41350,661,251,129,1042,1,743.255867,74.315522
41360,666,248,131,1046,1,743.328111,74.322209
41370,660,240,141,1042,1,743.400095,74.328331
41380,663,246,153,1063,1,743.474836,74.332933
41390,657,256,148,1062,1,743.553058,74.339680
41400,677,251,145,1074,1,743.632131,74.347230
41410,690,252,150,1093,1,743.715025,74.357496
41420,681,265,145,1092,1,743.798321,74.367803
41430,667,270,140,1078,1,743.879974,74.377764
41440,675,263,141,1080,1,743.961321,74.386080
41450,683,265,141,1090,1,744.044219,74.392397
41460,676,275,142,1094,1,744.129012,74.398187
41470,683,275,140,1099,1,744.214888,74.408211
41480,694,282,131,1108,1,744.300783,74.418596
41490,677,276,122,1076,1,744.383923,74.429243
41500,673,264,120,1058,1,744.463320,74.438798
41510,668,271,126,1066,1,744.539265,74.445497
41520,658,266,124,1049,1,744.615549,74.453844
41530,658,265,125,1049,1,744.690549,74.462779
41540,664,264,127,1056,1,744.763640,74.470448
41550,665,258,124,1048,1,744.836817,74.479380
41560,659,260,125,1045,1,744.909017,74.486600
41570,654,265,129,1049,1,744.980121,74.491919
41580,657,271,124,1053,1,745.052066,74.497682
41590,659,276,126,1062,1,745.127677,74.505244
41600,661,277,126,1065,1,745.202481,74.512009
41610,657,274,124,1056,1,745.277989,74.520635
41620,657,271,136,1065,1,745.352867,74.525617
41630,653,281,133,1068,1,745.429266,74.535049
41640,664,289,138,1092,1,745.509806,74.540061
41650,648,286,142,1077,1,745.592243,74.548306
41660,641,293,150,1085,1,745.673215,74.555689
41670,663,276,145,1085,1,745.753575,74.563905
41680,693,276,144,1114,1,745.838663,74.569375
41690,704,267,144,1116,1,745.927359,74.576458
41700,703,276,156,1136,1,746.019118,74.584026
41710,679,280,155,1115,1,746.110677,74.595330
41720,678,289,156,1124,1,746.201163,74.602413
41730,668,279,158,1106,1,746.290113,74.612562
41740,664,267,149,1081,1,746.373950,74.623808
41750,671,258,150,1080,1,746.453730,74.631072
41760,674,260,131,1066,1,746.531183,74.639535
41770,701,267,128,1097,1,746.611018,74.645376
41780,690,276,131,1098,1,746.695969,74.654587
41790,674,272,134,1081,1,746.775299,74.664487
41800,658,270,131,1060,1,746.852279,74.675402
41810,663,278,122,1064,1,746.928439,74.681055
41820,673,280,122,1076,1,747.005150,74.688013
41830,681,273,126,1081,1,747.085933,74.695558
41840,698,266,124,1089,1,747.167661,74.704446
41850,701,272,127,1101,1,747.249856,74.711418
41860,679,273,134,1087,1,747.335881,74.720736
41870,692,279,140,1112,1,747.419101,74.728346
41880,695,293,141,1130,1,747.508044,74.735814
41890,689,281,146,1117,1,747.597445,74.745113
41900,691,280,148,1120,1,747.685667,74.752332
41910,699,282,149,1131,1,747.775854,74.762601
41920,713,279,151,1144,1,747.869379,74.769815
41930,722,278,147,1148,1,747.963476,74.776909
41940,733,264,146,1144,1,748.056689,74.786945
41950,724,276,141,1142,1,748.149096,74.795475
41960,720,277,143,1141,1,748.243265,74.805964
41970,742,277,152,1172,1,748.340001,74.813501
41980,735,278,153,1167,1,748.441361,74.823461
41990,727,270,149,1147,1,748.538617,74.833189
42000,724,275,144,1144,1,748.634441,74.842595
42010,717,273,144,1135,1,748.727583,74.851555
42020,726,278,148,1153,1,748.821603,74.859713
42030,737,277,146,1161,1,748.919176,74.869295
42040,725,288,149,1163,1,749.015915,74.877903
42050,733,289,152,1175,1,749.118020,74.886157
42060,738,293,148,1180,1,749.220765,74.894832
42070,755,289,149,1194,1,749.325162,74.905809
42080,748,297,142,1188,1,749.430768,74.915304
42090,759,297,139,1196,1,749.535868,74.925639
42100,761,296,132,1190,1,749.641452,74.936022
42110,756,289,143,1189,1,749.745879,74.947357
42120,740,287,135,1163,1,749.847830,74.960045
42130,753,289,133,1176,1,749.948396,74.967614
42140,745,282,136,1164,1,750.048795,74.978902
42150,756,280,127,1164,1,750.146476,74.988317
42160,756,272,138,1167,1,750.247124,74.997673
42170,758,270,133,1162,1,750.345159,75.008191
42180,741,266,140,1148,1,750.441560,75.018012
42190,735,271,143,1150,1,750.536394,75.025898
42200,736,267,146,1150,1,750.629859,75.035248
42210,728,267,143,1139,1,750.721916,75.046767
42220,718,270,137,1126,1,750.812345,75.058479
42230,711,275,139,1126,1,750.901963,75.065844
42240,713,278,139,1131,1,750.992206,75.072561
42250,708,273,136,1118,1,751.080353,75.084222
42260,678,275,136,1090,1,751.163982,75.094186
42270,679,279,128,1087,1,751.243636,75.102865
42280,684,277,129,1091,1,751.324419,75.110769
42290,692,276,128,1097,1,751.406046,75.120355
42300,691,292,122,1106,1,751.489194,75.128317
42310,693,286,125,1105,1,751.570761,75.133813
42320,685,278,127,1091,1,751.652767,75.144147
42330,683,278,131,1093,1,751.733317,75.153269
42340,700,269,130,1100,1,751.815155,75.160746
42350,717,272,133,1123,1,751.898398,75.166944
42360,723,286,132,1142,1,751.986762,75.174896
42370,736,287,137,1161,1,752.080773,75.183590
42380,745,277,138,1161,1,752.177674,75.194879
42390,748,272,145,1166,1,752.274289,75.207203
42400,737,279,146,1163,1,752.370813,75.216503
42410,748,271,142,1162,1,752.467229,75.224728
42420,764,271,144,1180,1,752.566093,75.232844
42430,760,280,150,1191,1,752.667100,75.242061
42440,754,267,151,1173,1,752.769244,75.253873
42450,734,272,151,1158,1,752.867124,75.265436
42460,732,273,148,1154,1,752.963724,75.275630
42470,735,280,153,1169,1,753.060828,75.283570
42480,729,274,154,1158,1,753.157041,75.294257
42490,711,282,152,1146,1,753.250758,75.304340
42500,696,295,150,1142,1,753.342065,75.315422
42510,684,293,148,1126,1,753.431395,75.323117
42520,694,302,150,1147,1,753.521766,75.330917
42530,686,313,151,1151,1,753.613273,75.339893
42540,692,315,147,1155,1,753.709890,75.349734
42550,704,320,141,1166,1,753.807037,75.358920
42560,700,326,137,1164,1,753.903428,75.369800
42570,708,324,143,1176,1,753.999922,75.376797
42580,694,319,140,1154,1,754.096227,75.387138
42590,699,319,133,1152,1,754.189302,75.397332
42600,706,316,136,1159,1,754.285086,75.407621
42610,703,316,134,1154,1,754.379167,75.416147
42620,692,301,131,1125,1,754.470406,75.427042
42630,679,308,130,1118,1,754.556449,75.435472
42640,694,322,122,1139,1,754.645628,75.442800
42650,689,314,128,1132,1,754.733810,75.453567
42660,709,307,132,1149,1,754.825205,75.462355
42670,700,303,127,1131,1,754.916599,75.474503
42680,697,303,135,1136,1,755.007402,75.483408
42690,689,306,133,1129,1,755.095577,75.492404
42700,660,314,135,1110,1,755.180794,75.500221
42710,667,317,131,1116,1,755.262387,75.508559
42720,664,319,136,1120,1,755.347942,75.518177
42730,678,326,131,1136,1,755.435285,75.525323
42740,672,313,129,1115,1,755.522894,75.533910
42750,674,299,132,1106,1,755.606023,75.544345
42760,660,290,136,1087,1,755.686621,75.551877
42770,655,290,136,1082,1,755.763256,75.559542
42780,657,297,139,1094,1,755.840273,75.566540
42790,663,285,128,1077,1,755.918417,75.575769
42800,677,268,128,1074,1,755.992731,75.583732
42810,689,253,126,1069,1,756.067585,75.591397
42820,694,257,129,1081,1,756.142151,75.598326
42830,713,249,127,1090,1,756.220126,75.604713
42840,715,245,140,1101,1,756.299989,75.612173
42850,717,241,134,1093,1,756.380103,75.621068
42860,711,242,133,1087,1,756.457068,75.628414
42870,703,245,125,1074,1,756.531718,75.635882
42880,688,241,124,1054,1,756.602069,75.645917
42890,683,242,125,1051,1,756.669851,75.655167
42900,666,256,126,1049,1,756.738404,75.663258
42910,650,250,131,1032,1,756.804632,75.671469
42920,664,250,127,1042,1,756.869987,75.676420
42930,660,252,122,1035,1,756.935509,75.683678
42940,649,256,128,1034,1,757.000693,75.688964
42950,659,271,122,1053,1,757.067772,75.693383
42960,663,286,139,1089,1,757.140994,75.698241
42970,647,291,143,1082,1,757.218162,75.706840
42980,668,296,144,1109,1,757.298374,75.710108
42990,663,300,145,1109,1,757.381316,75.718757
43000,680,291,149,1121,1,757.463999,75.727204
43010,678,285,150,1114,1,757.546857,75.735844
43020,653,289,149,1092,1,757.628553,75.745952
43030,626,294,153,1074,1,757.703871,75.754014
43040,621,304,149,1075,1,757.777188,75.762580
43050,639,304,156,1100,1,757.853506,75.767399
43060,638,308,149,1096,1,757.932939,75.774992
43070,641,308,154,1104,1,758.010492,75.783102
43080,649,304,152,1106,1,758.089739,75.791381
43090,640,299,147,1087,1,758.167258,75.800014
43100,643,297,138,1079,1,758.243326,75.808151
43110,629,297,138,1065,1,758.315946,75.814360
43120,615,305,138,1059,1,758.387747,75.819081
43130,647,305,139,1092,1,758.460712,75.821460
43140,656,314,143,1114,1,758.540635,75.827522
43150,656,312,144,1113,1,758.622819,75.836622
43160,650,308,149,1108,1,758.703727,75.843662
43170,666,303,147,1117,1,758.784934,75.850030
43180,688,292,143,1124,1,758.868359,75.856269
43190,669,295,147,1112,1,758.952134,75.864825
43200,663,293,153,1110,1,759.031599,75.872249
43210,684,294,154,1133,1,759.115272,75.879918
43220,709,296,154,1160,1,759.206526,75.887643
43230,717,289,159,1166,1,759.298315,75.898229
43240,704,288,149,1142,1,759.390593,75.909566
43250,717,282,148,1148,1,759.480383,75.916969
43260,722,273,144,1140,1,759.569634,75.928881
43270,732,277,144,1154,1,759.658577,75.938129
43280,747,270,132,1150,1,759.749482,75.948626
43290,732,281,129,1143,1,759.838328,75.960320
43300,719,296,126,1142,1,759.925739,75.967485
43310,726,291,119,1137,1,760.012809,75.975669
43320,721,288,116,1126,1,760.101156,75.986786
43330,718,296,118,1133,1,760.187768,75.996678
43340,718,298,123,1140,1,760.272252,76.002148
43350,715,303,117,1136,1,760.360055,76.010230
43360,720,306,117,1144,1,760.449361,76.019164
43370,697,304,120,1122,1,760.532545,76.029413
43380,705,317,114,1137,1,760.616689,76.038531
43390,693,319,113,1126,1,760.702925,76.048034
43400,694,329,111,1135,1,760.788726,76.056091
43410,690,313,118,1122,1,760.871426,76.065239
43420,689,301,119,1110,1,760.953352,76.075361
43430,689,295,120,1105,1,761.033933,76.086400
43440,699,299,126,1125,1,761.114749,76.093082
43450,702,289,120,1112,1,761.199006,76.100284
43460,686,291,121,1099,1,761.279065,76.110744
43470,705,296,118,1120,1,761.359796,76.115493
43480,724,290,126,1141,1,761.443848,76.119525
43490,715,277,131,1124,1,761.528888,76.127682
43500,716,270,136,1123,1,761.612609,76.135357
43510,701,256,136,1094,1,761.691959,76.145395
43520,705,259,128,1093,1,761.767611,76.153138
43530,699,268,133,1101,1,761.844366,76.159942
43540,699,268,133,1101,1,761.920852,76.169343
43550,707,280,138,1126,1,762.000731,76.176809
43560,705,282,141,1129,1,762.084381,76.184827
43570,702,281,139,1123,1,762.167606,76.194551
43580,677,269,146,1093,1,762.247511,76.206740
43590,658,260,149,1068,1,762.320609,76.219296
43600,646,264,149,1060,1,762.389050,76.227716
43610,642,260,146,1049,1,762.456144,76.234252
43620,628,259,141,1029,1,762.519772,76.241315
43630,628,259,146,1034,1,762.582470,76.246713
43640,618,259,143,1021,1,762.643403,76.253682
43650,623,257,147,1028,1,762.703691,76.260760
43660,652,258,144,1055,1,762.767245,76.263798
43670,663,249,148,1061,1,762.833544,76.269557
43680,657,245,143,1046,1,762.900458,76.276949
43690,686,242,135,1064,1,762.969204,76.281730
43700,677,245,129,1052,1,763.036460,76.289331
43710,679,244,125,1049,1,763.101228,76.295286
43720,675,258,123,1057,1,763.169204,76.301737
43730,666,262,123,1052,1,763.235372,76.309054
43740,676,255,119,1051,1,763.300557,76.315749
43750,675,257,123,1056,1,763.368009,76.322670
43760,685,251,126,1063,1,763.436180,76.329664
43770,669,265,127,1062,1,763.503226,76.337417
43780,676,268,128,1073,1,763.570670,76.342419
43790,674,268,125,1068,1,763.638633,76.349566
43800,680,273,123,1077,1,763.708593,76.356913
43810,676,267,126,1070,1,763.778985,76.365871
43820,674,257,122,1054,1,763.847477,76.374813
43830,672,253,131,1057,1,763.914060,76.381996
43840,690,249,131,1071,1,763.981547,76.386829
43850,697,259,133,1090,1,764.052638,76.391327
43860,697,259,130,1087,1,764.126994,76.400332
43870,706,262,127,1096,1,764.202180,76.406285
43880,709,254,120,1084,1,764.277136,76.413956
43890,706,241,115,1063,1,764.347469,76.422210
43900,695,250,117,1063,1,764.415955,76.429757
43910,687,259,122,1069,1,764.483568,76.438782
43920,659,251,122,1033,1,764.548840,76.448618
43930,657,254,120,1032,1,764.610940,76.452914
43940,667,259,115,1042,1,764.670865,76.458908
43950,660,256,117,1034,1,764.733824,76.466597
43960,655,252,118,1026,1,764.794548,76.471975
43970,665,256,117,1039,1,764.854496,76.477101
43980,672,250,120,1043,1,764.917020,76.483181
43990,680,253,128,1062,1,764.983460,76.488957
44000,663,252,135,1051,1,765.050726,76.496380
44010,657,250,135,1043,1,765.113864,76.500609
44020,655,251,128,1035,1,765.175345,76.505021
44030,663,239,131,1034,1,765.235827,76.510550
44040,644,233,135,1013,1,765.293508,76.516320
44050,655,237,132,1025,1,765.351515,76.518996
44060,641,244,133,1019,1,765.409605,76.525503
44070,642,241,142,1026,1,765.469815,76.529269
44080,610,260,142,1013,1,765.527918,76.537165
44090,612,264,135,1012,1,765.583882,76.541375
44100,613,261,134,1009,1,765.637998,76.547310
44110,600,252,136,989,1,765.691436,76.553177
44120,600,258,142,1001,1,765.744571,76.558840
44130,616,261,142,1020,1,765.801341,76.561571
44140,609,252,140,1002,1,765.857008,76.566100
44150,618,266,143,1028,1,765.911636,76.571045
44160,616,260,139,1016,1,765.970731,76.578171
44170,629,264,134,1028,1,766.027536,76.584375
44180,652,253,133,1039,1,766.090216,76.589259
44190,649,249,127,1026,1,766.150056,76.595939
44200,657,251,124,1033,1,766.209119,76.602021
44210,673,255,130,1059,1,766.272288,76.605742
44220,663,243,127,1034,1,766.337138,76.613963
44230,656,251,123,1031,1,766.396393,76.620930
44240,632,255,132,1020,1,766.455281,76.630112
44250,632,239,130,1002,1,766.510085,76.637846
44260,624,234,127,986,1,766.560039,76.642843
44270,635,246,132,1014,1,766.612785,76.645177
44280,616,242,133,992,1,766.665936,76.652226
44290,606,247,136,990,1,766.716536,76.657634
44300,605,265,137,1008,1,766.769554,76.662419
44310,604,274,142,1021,1,766.824258,76.663913
44320,577,281,135,994,1,766.879420,76.670643
44330,569,273,129,972,1,766.930227,76.676937
44340,564,281,116,962,1,766.974691,76.681386
44350,565,279,119,964,1,767.019517,76.684142
44360,562,275,121,959,1,767.061517,76.690765
44370,577,276,121,975,1,767.105615,76.694832
44380,604,284,128,1017,1,767.158097,76.695763
44390,618,289,122,1030,1,767.216639,76.699720
44400,631,276,126,1034,1,767.278444,76.704177
44410,637,270,118,1026,1,767.335751,76.708184
44420,639,256,118,1014,1,767.393040,76.713399
44430,635,238,118,992,1,767.446109,76.722680
44440,628,242,122,993,1,767.496680,76.728949
44450,614,243,121,979,1,767.546168,76.735282
44460,603,245,119,968,1,767.589382,76.741505
44470,613,241,116,971,1,767.634956,76.744685
44480,601,244,130,976,1,767.681152,76.748963
44490,599,242,135,977,1,767.728851,76.754253
44500,600,237,135,973,1,767.776519,76.761610
44510,590,221,137,949,1,767.822294,76.768776
44520,597,226,134,958,1,767.863217,76.771492
44530,598,229,142,970,1,767.906564,76.772209
44540,601,230,140,972,1,767.951494,76.776188
44550,576,214,130,921,1,767.992328,76.783893
44560,569,209,131,910,1,768.023896,76.790327
44570,584,206,129,920,1,768.056599,76.793082
44580,603,199,122,925,1,768.092411,76.795977
44590,609,207,116,933,1,768.128706,76.799436
44600,612,209,105,927,1,768.167198,76.802771
44610,610,214,111,936,1,768.203766,76.806431
44620,615,224,105,945,1,768.243091,76.811054
44630,630,228,100,959,1,768.282980,76.814013
44640,622,223,100,946,1,768.323535,76.818587
44650,615,223,102,941,1,768.362866,76.824243
44660,603,233,100,937,1,768.400372,76.828167
44670,597,236,107,941,1,768.439248,76.830853
44680,598,248,102,949,1,768.479615,76.831625
44690,571,253,117,942,1,768.518867,76.836757
44700,556,255,117,929,1,768.556131,76.840142
44710,556,256,124,937,1,768.592174,76.842890
44720,551,258,123,933,1,768.629916,76.846495
44730,551,261,124,937,1,768.667867,76.851324
44740,550,259,126,936,1,768.706739,76.854355
44750,545,262,126,934,1,768.744900,76.859032
44760,531,267,135,934,1,768.781515,76.864585
44770,540,268,137,946,1,768.819551,76.867704
44780,542,264,133,940,1,768.859823,76.870533
44790,544,259,123,927,1,768.897007,76.875627
44800,535,250,118,904,1,768.929676,76.881813
44810,529,247,114,891,1,768.958463,76.886924
44820,524,252,114,891,1,768.985129,76.890965
44830,535,246,117,899,1,769.014336,76.893544
44840,538,237,119,895,1,769.043625,76.898875
44850,554,226,115,896,1,769.071671,76.901680
44860,569,224,111,905,1,769.102769,76.901534
44870,577,216,110,904,1,769.132694,76.905042
44880,604,225,114,944,1,769.169047,76.906280
44890,600,214,119,934,1,769.206733,76.911935
44900,604,196,114,915,1,769.240769,76.916711
44910,604,194,113,912,1,769.274065,76.921754
44920,588,196,116,901,1,769.303815,76.925929
44930,562,195,108,866,1,769.328618,76.932006
44940,551,187,108,847,1,769.347136,76.936768
44950,540,188,105,834,1,769.363310,76.941637
44960,533,196,108,838,1,769.377933,76.941216
44970,510,200,103,814,1,769.389318,76.944065
44980,482,204,97,784,1,769.394785,76.945295
44990,474,208,98,781,1,769.397736,76.944220
45000,462,209,93,765,1,769.398675,76.945510
45010,463,207,93,764,1,769.396582,76.946838
45020,460,211,99,771,1,769.395119,76.945323
45030,452,200,97,750,1,769.394315,76.947121
45040,450,189,97,737,1,769.387994,76.947512
45050,451,189,103,744,1,769.382121,76.946411
45060,445,193,104,743,1,769.375916,76.944593
45070,445,196,102,744,1,769.371529,76.946031
45080,448,199,106,754,1,769.368130,76.945347
45090,464,200,101,766,1,769.365732,76.942716
45100,458,193,87,739,1,769.361364,76.943814
45110,464,193,89,747,1,769.355195,76.943195
45120,472,206,88,767,1,769.350971,76.941918
45130,466,198,89,754,1,769.348900,76.942733
45140,475,194,91,761,1,769.348719,76.939474
45150,480,187,86,754,1,769.347104,76.942550
45160,471,185,81,738,1,769.341204,76.941617
45170,483,192,84,760,1,769.337659,76.941431
45180,484,198,87,770,1,769.337847,76.940256
45190,464,191,96,752,1,769.335040,76.941336
45200,465,180,101,747,1,769.331121,76.941964
45210,478,184,100,763,1,769.326712,76.941010
45220,474,179,96,750,1,769.323612,76.942230
45230,459,186,98,744,1,769.317743,76.939429
45240,454,203,104,762,1,769.314727,76.935894
45250,439,205,103,748,1,769.311168,76.937238
45260,445,215,97,758,1,769.306190,76.937249
45270,425,201,86,713,1,769.299297,76.940977
45280,439,209,87,736,1,769.290154,76.938701
45290,425,222,93,741,1,769.283548,76.935829
45300,412,222,83,718,1,769.275242,76.936695
45310,412,223,83,719,1,769.262896,76.933930
45320,423,218,86,728,1,769.252746,76.931725
45330,439,200,91,731,1,769.244153,76.930355
45340,456,206,91,754,1,769.237149,76.926599
45350,461,207,91,760,1,769.234448,76.927177
45360,467,201,93,762,1,769.233007,76.926862
45370,472,195,95,763,1,769.231472,76.925521
45380,500,197,93,791,1,769.232994,76.922960
45390,499,189,89,778,1,769.234572,76.923627
45400,508,199,96,804,1,769.239374,76.921735
45410,526,209,97,833,1,769.251573,76.922108
45420,525,206,102,834,1,769.266004,76.924399
45430,495,197,94,787,1,769.275058,76.928183
45440,488,196,90,775,1,769.276085,76.929979
45450,508,197,94,800,1,769.280375,76.927699
45460,493,199,95,788,1,769.286315,76.929139
45470,487,194,99,781,1,769.290652,76.931265
45480,498,193,97,789,1,769.295166,76.933069
45490,477,202,99,779,1,769.299044,76.935316
45500,474,192,100,767,1,769.298172,76.936412
45510,469,194,97,761,1,769.296831,76.937460
45520,467,191,97,756,1,769.293517,76.938141
45530,467,195,97,760,1,769.290793,76.937697
45540,462,186,97,746,1,769.286604,76.938628
45550,466,183,93,743,1,769.280178,76.936801
45560,448,185,87,721,1,769.272516,76.937722
45570,440,192,88,721,1,769.262009,76.936162
45580,448,193,83,725,1,769.251248,76.936772
45590,461,186,87,735,1,769.242347,76.934697
45600,444,181,90,716,1,769.233189,76.935467
45610,450,178,86,715,1,769.219819,76.935645
45620,453,185,91,730,1,769.211760,76.932812
45630,446,191,94,732,1,769.204362,76.931058
45640,434,186,94,715,1,769.193583,76.932338
45650,440,175,98,714,1,769.181284,76.930936
45660,424,177,106,708,1,769.168747,76.928500
45670,420,181,101,703,1,769.153994,76.927022
45680,419,196,105,721,1,769.141487,76.924926
45690,421,200,104,726,1,769.131054,76.922197
45700,428,195,110,734,1,769.123763,76.922139
45710,438,189,106,734,1,769.116117,76.921204
45720,436,196,108,741,1,769.108691,76.919113
45730,432,199,93,725,1,769.101329,76.917029
45740,440,197,92,730,1,769.092310,76.915285
45750,446,195,94,736,1,769.083627,76.912734
45760,457,192,90,740,1,769.076319,76.909817
45770,441,196,81,719,1,769.068528,76.909877
45780,448,193,86,728,1,769.058926,76.908581
45790,451,194,82,728,1,769.049709,76.907826
45800,434,196,79,710,1,769.039225,76.910304
45810,427,184,81,693,1,769.022902,76.909509
45820,417,188,82,688,1,769.007741,76.907656
45830,403,189,83,676,1,768.988403,76.906895
45840,404,177,87,669,1,768.967022,76.905426
45850,392,186,87,666,1,768.945258,76.903415
45860,397,190,84,672,1,768.923653,76.900582
45870,402,178,90,671,1,768.905167,76.897055
45880,412,175,89,677,1,768.884196,76.894453
45890,414,164,83,662,1,768.863159,76.892683
45900,404,167,82,654,1,768.840323,76.890230
45910,399,158,79,637,1,768.815194,76.889056
45920,405,152,73,631,1,768.785938,76.885124
45930,405,156,69,631,1,768.755246,76.882388
45940,404,155,68,628,1,768.725107,76.878870
45950,399,160,67,627,1,768.693933,76.878261
45960,394,152,68,615,1,768.661972,76.877404
45970,388,150,71,610,1,768.626417,76.874013
45980,365,140,81,587,1,768.588493,76.871054
45990,368,142,84,595,1,768.549844,76.864511
46000,363,153,86,603,1,768.513396,76.862033
46010,366,158,85,610,1,768.477981,76.857487
46020,360,156,76,593,1,768.441111,76.852795
46030,350,153,65,569,1,768.400648,76.851084
46040,344,135,58,538,1,768.353390,76.849026
46050,326,137,63,527,1,768.301966,76.844715
46060,326,128,64,519,1,768.248759,76.841392
46070,333,124,67,525,1,768.194452,76.837291
46080,322,124,61,508,1,768.140547,76.834064
46090,312,120,61,494,1,768.080694,76.831240
46100,311,121,58,491,1,768.021161,76.826114
46110,311,132,57,501,1,767.961602,76.818818
46120,305,130,54,490,1,767.901865,76.813670
46130,300,126,61,488,1,767.842016,76.807678
46140,307,128,64,500,1,767.782920,76.803427
46150,313,124,66,504,1,767.725631,76.798190
46160,328,123,60,512,1,767.669431,76.791731
46170,329,125,56,511,1,767.614095,76.787521
46180,341,141,58,541,1,767.560079,76.778786
46190,325,157,53,536,1,767.509761,76.773581
46200,326,155,52,534,1,767.459310,76.768197
46210,317,148,52,518,1,767.407428,76.765495
46220,312,155,58,526,1,767.355564,76.759803
46230,327,146,60,534,1,767.303783,76.752625
46240,321,127,66,515,1,767.251085,76.747017
46250,306,115,70,492,1,767.192983,76.741865
46260,314,114,63,492,1,767.133404,76.733909
46270,313,103,62,479,1,767.073770,76.727276
46280,302,101,51,455,1,767.007474,76.721469
46290,296,104,48,449,1,766.939698,76.716343
46300,288,102,44,435,1,766.869367,76.709966
46310,278,102,49,430,1,766.799018,76.702593
46320,293,103,58,455,1,766.731002,76.692969
46330,288,116,63,468,1,766.666538,76.685854
46340,284,127,63,475,1,766.602301,76.678432
46350,269,132,65,467,1,766.539672,76.673818
46360,271,128,61,461,1,766.473172,76.668155
46370,284,134,60,479,1,766.408810,76.662704
46380,288,135,57,481,1,766.346318,76.656614
46390,299,129,61,490,1,766.284562,76.651919
46400,310,119,63,493,1,766.225451,76.643027
46410,310,126,60,497,1,766.166079,76.636589
46420,329,128,64,522,1,766.110660,76.629225
46430,329,116,58,504,1,766.054788,76.626108
46440,330,123,59,513,1,765.999130,76.618226
46450,320,135,59,515,1,765.946095,76.612093
46460,306,122,61,490,1,765.890086,76.608301
46470,308,122,66,497,1,765.830736,76.602690
46480,318,124,72,515,1,765.775285,76.595161
46490,327,116,76,520,1,765.721889,76.590311
46500,314,109,74,498,1,765.666683,76.588904
46510,330,113,79,523,1,765.611923,76.579963
46520,329,122,80,532,1,765.561635,76.574599
46530,321,114,69,505,1,765.508142,76.572208
46540,307,122,71,501,1,765.451303,76.566188
46550,315,126,64,506,1,765.393933,76.560610
46560,298,119,60,478,1,765.335037,76.557510
46570,308,116,65,490,1,765.274999,76.549197
46580,301,127,67,496,1,765.216370,76.542178
46590,295,119,63,478,1,765.157798,76.538944
46600,279,105,74,459,1,765.093077,76.534272
46610,264,100,70,435,1,765.025602,76.529323
46620,275,102,67,445,1,764.956530,76.521587
46630,277,105,66,449,1,764.889132,76.513034
46640,289,110,54,454,1,764.820624,76.504207
46650,281,120,51,453,1,764.753586,76.498480
46660,296,117,55,469,1,764.688245,76.490463
46670,313,127,55,496,1,764.629434,76.482937
46680,310,127,57,495,1,764.572682,76.479386
46690,323,119,57,500,1,764.514749,76.472112
46700,308,110,60,479,1,764.454742,76.467907
46710,291,110,52,454,1,764.391271,76.463027
46720,300,109,56,466,1,764.325484,76.456932
46730,293,112,58,464,1,764.262777,76.450654
46740,295,122,60,478,1,764.197956,76.443838
46750,292,123,57,473,1,764.137198,76.438409
46760,290,125,59,475,1,764.074549,76.433935
46770,293,132,62,488,1,764.014026,76.427385
46780,308,141,63,513,1,763.957198,76.418917
46790,312,145,69,527,1,763.904533,76.412173
46800,332,147,66,546,1,763.856653,76.404440
46810,321,137,62,521,1,763.807841,76.402002
46820,318,138,62,519,1,763.755817,76.397936
46830,329,142,63,535,1,763.705718,76.391778
46840,320,144,59,524,1,763.656108,76.387953
46850,311,144,59,515,1,763.604313,76.384072
46860,309,138,58,506,1,763.551978,76.380462
46870,336,124,64,525,1,763.499340,76.373398
46880,340,127,71,539,1,763.451089,76.365960
46890,341,113,74,529,1,763.401449,76.361479
46900,327,105,70,503,1,763.348804,76.359791
46910,297,105,62,465,1,763.289882,76.356334
46920,291,114,57,463,1,763.225067,76.351147
46930,293,112,51,457,1,763.160855,76.344391
46940,297,103,54,455,1,763.093412,76.335361
46950,284,101,58,444,1,763.026665,76.329329
46960,291,119,59,470,1,762.960954,76.323400
46970,305,115,65,486,1,762.901530,76.315987
46980,318,120,72,511,1,762.846954,76.306785
46990,315,141,70,527,1,762.794583,76.302354
47000,314,143,68,526,1,762.743767,76.296292
47010,332,141,72,546,1,762.693702,76.289169
47020,325,128,68,522,1,762.645174,76.285122
47030,320,144,66,531,1,762.594239,76.280347
47040,315,149,74,539,1,762.545835,76.276150
47050,320,140,75,536,1,762.497953,76.272653
47060,336,137,70,544,1,762.451816,76.267871
47070,317,136,67,521,1,762.400520,76.262735
47080,314,120,59,494,1,762.345981,76.259705
47090,308,114,59,482,1,762.286990,76.253798
47100,311,122,58,492,1,762.228288,76.247435
47110,311,122,63,497,1,762.172119,76.242459
47120,289,125,59,474,1,762.112290,76.239544
47130,298,136,60,495,1,762.053908,76.232241
47140,293,132,55,481,1,761.994774,76.229070
47150,304,126,57,488,1,761.935488,76.222162
47160,311,124,58,494,1,761.877652,76.213299
47170,310,121,67,499,1,761.820788,76.207928
47180,319,124,60,504,1,761.766347,76.201831
47190,316,124,61,502,1,761.711749,76.196525
47200,310,132,57,500,1,761.656802,76.191185
47210,299,129,60,489,1,761.600048,76.187924
47220,305,134,54,494,1,761.542099,76.181152
47230,281,128,63,473,1,761.482475,76.177280
47240,291,135,66,493,1,761.422960,76.168900
47250,291,129,63,484,1,761.365426,76.164591
47260,295,133,60,489,1,761.308261,76.157737
47270,295,135,67,498,1,761.251825,76.152731
47280,305,129,58,493,1,761.197012,76.148692
47290,288,119,58,466,1,761.136434,76.146169
47300,278,117,65,461,1,761.073554,76.139550
47310,273,113,61,448,1,761.008219,76.133329
47320,285,105,61,452,1,760.942845,76.127747
47330,292,106,62,461,1,760.877673,76.118968
47340,307,111,56,475,1,760.814768,76.110738
47350,303,118,60,482,1,760.755129,76.103158
47360,305,108,54,468,1,760.695339,76.099582
47370,300,110,60,471,1,760.634485,76.093166
47380,279,105,57,442,1,760.570364,76.089476
47390,294,106,57,458,1,760.504731,76.080816
47400,279,102,51,433,1,760.438946,76.075512
47410,266,118,51,436,1,760.370823,76.068049
47420,259,113,46,419,1,760.300957,76.062818
47430,274,111,52,438,1,760.231423,76.054090
47440,276,113,48,438,1,760.163309,76.047430
47450,263,94,53,411,1,760.094137,76.041305
47460,275,96,63,435,1,760.023892,76.032347
47470,281,100,59,441,1,759.955287,76.023555
47480,277,96,61,435,1,759.886515,76.017470
47490,270,98,56,425,1,759.816226,76.011233
47500,275,97,52,425,1,759.745773,76.003859
47510,271,93,59,424,1,759.675067,75.995179
47520,276,94,62,433,1,759.605305,75.988994
47530,284,90,64,439,1,759.538599,75.980556
47540,281,84,59,425,1,759.467804,75.973788
47550,280,86,54,421,1,759.397497,75.966270
47560,294,98,60,453,1,759.329577,75.956435
47570,307,111,60,479,1,759.266711,75.949502
47580,302,114,52,469,1,759.207635,75.945185
47590,293,111,54,459,1,759.144460,75.939179
47600,295,106,54,456,1,759.079401,75.933304
47610,282,114,50,447,1,759.012947,75.926651
47620,287,118,56,462,1,758.948436,75.920193
47630,293,132,68,494,1,758.890419,75.912471
47640,309,134,68,512,1,758.836469,75.907069
47650,320,145,70,536,1,758.787474,75.898180
47660,345,149,75,570,1,758.744269,75.891624
47670,349,142,74,566,1,758.704914,75.887366
47680,337,131,70,539,1,758.662317,75.885012
47690,349,131,74,555,1,758.616860,75.878233
47700,331,134,78,544,1,758.572107,75.876140
47710,333,120,80,534,1,758.525740,75.873248
47720,348,121,80,550,1,758.480785,75.866361
47730,348,125,79,553,1,758.436959,75.862451
47740,363,121,89,574,1,758.395441,75.855751
47750,352,117,95,565,1,758.356379,75.852635
47760,354,117,91,563,1,758.314753,75.849739
47770,340,121,87,549,1,758.272365,75.846289
47780,353,123,91,568,1,758.231190,75.839627
47790,335,138,81,555,1,758.191332,75.836589
47800,349,138,74,562,1,758.148436,75.830549
47810,356,147,73,577,1,758.108766,75.825150
47820,363,164,76,604,1,758.074923,75.815578
47830,356,166,75,598,1,758.041223,75.812523
47840,352,163,73,589,1,758.007089,75.810058
47850,359,177,71,608,1,757.973234,75.805561
47860,362,179,70,612,1,757.940141,75.800508
47870,373,178,64,616,1,757.911004,75.797117
47880,372,161,62,596,1,757.878136,75.796362
47890,388,165,69,623,1,757.845748,75.791063
47900,380,159,69,609,1,757.814984,75.789568
47910,391,157,71,620,1,757.785321,75.785967
47920,400,158,70,629,1,757.758462,75.781697
47930,408,157,69,635,1,757.731626,75.778696
47940,391,147,67,606,1,757.703267,75.778230
47950,384,148,66,599,1,757.671143,75.774700
47960,378,148,74,601,1,757.640080,75.773172
47970,387,140,72,600,1,757.607467,75.770066
47980,372,133,73,579,1,757.571723,75.769174
47990,383,146,77,607,1,757.535902,75.764010
48000,371,151,78,601,1,757.503180,75.762156
48010,372,151,72,596,1,757.470561,75.759522
48020,385,153,70,609,1,757.437541,75.754324
48030,370,149,70,590,1,757.405327,75.752677
48040,365,147,64,577,1,757.369506,75.750984
48050,361,136,72,570,1,757.331906,75.746748
48060,368,138,74,581,1,757.293837,75.738997
48070,371,148,78,598,1,757.258881,75.734081
48080,387,157,82,627,1,757.227612,75.729219
48090,381,163,88,633,1,757.200071,75.727723
48100,363,159,87,610,1,757.172469,75.725276
48110,360,166,89,616,1,757.142683,75.722768
48120,356,160,83,600,1,757.110529,75.722383
48130,349,155,88,593,1,757.077087,75.716833
48140,354,159,90,604,1,757.043442,75.713781
48150,378,157,78,614,1,757.013276,75.709976
48160,369,163,77,610,1,756.982582,75.708634
48170,375,158,80,614,1,756.951928,75.705251
48180,392,156,78,627,1,756.923341,75.701290
48190,405,164,71,641,1,756.899703,75.698610
48200,383,161,77,622,1,756.874575,75.700179
48210,393,160,78,632,1,756.845702,75.695090
48220,393,177,75,646,1,756.821019,75.693561
48230,403,177,79,660,1,756.800644,75.690893
48240,426,177,77,681,1,756.783398,75.684615
48250,423,183,86,693,1,756.769530,75.680874
48260,448,181,86,716,1,756.758897,75.679967
48270,448,179,81,709,1,756.749918,75.679225
48280,434,159,86,680,1,756.736698,75.678843
48290,439,163,85,688,1,756.721196,75.674627
48300,440,162,82,685,1,756.706683,75.672078
48310,444,156,78,679,1,756.691431,75.674156
48320,447,152,78,678,1,756.675776,75.672902
48330,429,154,83,667,1,756.659742,75.671924
48340,420,160,82,663,1,756.639862,75.669935
48350,424,150,83,658,1,756.620785,75.668182
48360,421,145,87,654,1,756.600036,75.665636
48370,414,145,91,651,1,756.577608,75.664644
48380,409,145,94,649,1,756.556398,75.663772
48390,401,152,91,645,1,756.535909,75.663129
48400,405,153,86,645,1,756.512783,75.660658
48410,441,159,87,688,1,756.495406,75.655010
48420,436,152,86,675,1,756.478847,75.653666
48430,433,157,81,672,1,756.460422,75.651041
48440,428,168,83,680,1,756.443815,75.647193
48450,440,166,77,684,1,756.428874,75.646478
48460,431,159,79,670,1,756.412478,75.647024
48470,416,151,78,646,1,756.392703,75.646449
48480,408,151,78,638,1,756.368036,75.643981
48490,407,152,74,634,1,756.343207,75.643057
48500,420,153,77,651,1,756.317782,75.639264
48510,427,144,71,643,1,756.293644,75.637940
48520,435,148,74,658,1,756.272374,75.634408
48530,427,156,78,662,1,756.252604,75.632274
48540,438,156,74,669,1,756.234191,75.629807
48550,417,161,73,652,1,756.213829,75.630262
48560,401,164,78,644,1,756.192664,75.628455
48570,398,178,76,653,1,756.170690,75.627034
48580,374,185,68,628,1,756.146702,75.625879
48590,368,181,72,622,1,756.120081,75.623058
48600,349,177,73,600,1,756.091471,75.619728
48610,375,191,81,648,1,756.063974,75.612931
48620,366,197,76,640,1,756.041719,75.610859
48630,368,186,83,638,1,756.016871,75.609617
48640,364,175,84,624,1,755.991303,75.610789
48650,374,178,80,633,1,755.965351,75.606948
48660,394,187,85,667,1,755.941445,75.602845
48670,422,190,79,692,1,755.924730,75.598686
48680,425,189,79,694,1,755.912284,75.598372
48690,425,175,83,684,1,755.897862,75.599257
48700,441,172,84,698,1,755.885992,75.597447
48710,446,173,75,695,1,755.873417,75.596343
48720,442,167,81,691,1,755.860757,75.595696
48730,442,172,75,690,1,755.847063,75.594479
48740,454,177,80,712,1,755.836002,75.593681
48750,460,180,79,720,1,755.826844,75.591523
48760,463,179,82,725,1,755.819993,75.590836
48770,462,189,79,731,1,755.815611,75.589311
48780,457,194,86,738,1,755.811362,75.588574
48790,463,195,90,749,1,755.809109,75.589122
48800,466,186,94,747,1,755.805892,75.588489
48810,475,182,90,748,1,755.803860,75.588594
48820,468,184,87,740,1,755.802331,75.587355
48830,462,177,97,737,1,755.799867,75.588036
48840,454,165,87,707,1,755.793059,75.588747
48850,461,167,83,712,1,755.782064,75.587336
48860,444,167,74,686,1,755.769284,75.587448
48870,440,177,73,691,1,755.755817,75.586563
48880,466,190,77,734,1,755.745477,75.581042
48890,442,181,80,704,1,755.737094,75.582521
48900,444,182,77,704,1,755.725845,75.582167
48910,427,173,75,676,1,755.713779,75.583277
48920,437,161,80,679,1,755.699547,75.580770
48930,434,164,86,685,1,755.684898,75.579920
48940,444,170,91,706,1,755.671758,75.576133
48950,447,181,99,728,1,755.663679,75.573779
48960,451,181,90,723,1,755.658604,75.570491
48970,459,194,88,742,1,755.655705,75.568194
48980,446,191,84,722,1,755.650195,75.569494
48990,436,193,87,717,1,755.642597,75.568733
49000,450,184,88,723,1,755.633993,75.567101
49010,464,174,82,721,1,755.625628,75.569501
49020,485,167,74,727,1,755.619455,75.567341
49030,476,169,89,735,1,755.614816,75.565797
49040,470,164,92,727,1,755.608963,75.565673
49050,469,152,94,716,1,755.602294,75.567162
49060,457,147,91,696,1,755.591627,75.568405
49070,456,153,82,692,1,755.578275,75.567375
49080,432,153,89,675,1,755.564362,75.567676
49090,436,157,90,684,1,755.547906,75.564642
49100,453,150,84,688,1,755.532827,75.562824
49110,449,159,77,686,1,755.518611,75.562939
49120,440,154,79,674,1,755.504714,75.562470
49130,445,162,81,689,1,755.489863,75.560521
49140,437,160,87,685,1,755.476713,75.560126
49150,430,162,84,677,1,755.462592,75.558096
49160,441,159,87,688,1,755.445751,75.554719
49170,420,153,86,660,1,755.428716,75.555164
49180,422,151,88,662,1,755.409685,75.552337
49190,392,163,81,637,1,755.388683,75.550695
49200,387,163,81,632,1,755.363949,75.546990
49210,404,167,87,659,1,755.340381,75.543863
49220,403,178,93,675,1,755.322702,75.540711
49230,419,182,89,691,1,755.307351,75.537793
49240,442,183,87,713,1,755.296736,75.533969
49250,426,173,92,692,1,755.285642,75.533932
49260,434,166,100,701,1,755.274150,75.531862
49270,425,166,102,694,1,755.262633,75.530096
49280,424,158,95,678,1,755.247787,75.530603
49290,428,168,102,699,1,755.233334,75.526704
49300,428,178,104,711,1,755.222486,75.524853
49310,418,175,104,698,1,755.212503,75.525845
49320,424,182,96,703,1,755.201798,75.524467
49330,426,184,84,695,1,755.192496,75.523383
49340,434,193,80,708,1,755.181806,75.521089
49350,423,192,78,694,1,755.169764,75.520190
49360,426,192,72,691,1,755.158243,75.519037
49370,426,177,66,670,1,755.142550,75.517314
49380,422,181,65,669,1,755.125331,75.515439
49390,406,170,69,646,1,755.105090,75.515402
49400,402,159,76,638,1,755.082516,75.513143
49410,392,169,77,639,1,755.059472,75.510685
49420,401,169,77,648,1,755.037382,75.507100
49430,408,172,83,664,1,755.017406,75.503879
49440,406,179,93,679,1,754.999480,75.501933
49450,421,177,90,689,1,754.984172,75.501165
49460,424,185,93,703,1,754.973534,75.498422
49470,424,180,86,691,1,754.962220,75.497138
49480,437,174,87,699,1,754.949630,75.495879
49490,444,170,96,711,1,754.939710,75.495496
49500,433,169,101,704,1,754.929683,75.495714
49510,423,162,95,681,1,754.917799,75.496812
49520,403,176,100,680,1,754.902012,75.494317
49530,403,173,95,672,1,754.886017,75.493784
49540,384,179,98,662,1,754.867695,75.492408
49550,361,169,89,620,1,754.844698,75.492392
49560,361,158,76,596,1,754.814464,75.490433
49570,358,160,82,601,1,754.782422,75.484943
49580,352,155,85,593,1,754.749367,75.483767
49590,348,158,80,587,1,754.715269,75.479746
49600,355,144,80,580,1,754.679832,75.476505
49610,371,137,82,591,1,754.644901,75.472097
49620,362,137,78,578,1,754.609922,75.467076
49630,355,151,79,586,1,754.574477,75.461401
49640,366,145,76,588,1,754.540706,75.458023
49650,377,148,70,596,1,754.507190,75.454670
49660,353,150,72,576,1,754.472104,75.450705
49670,342,149,73,565,1,754.434915,75.448960
49680,341,145,71,558,1,754.396230,75.446001
49690,328,151,63,543,1,754.354563,75.443199
49700,332,150,65,548,1,754.311126,75.436880
49710,324,155,74,554,1,754.272240,75.432383
49720,323,154,71,549,1,754.233032,75.429523
49730,334,153,69,557,1,754.193328,75.424338
49740,334,146,80,561,1,754.153765,75.420684
49750,332,152,84,569,1,754.115701,75.415966
49760,316,149,75,541,1,754.073838,75.412840
49770,314,150,74,539,1,754.032200,75.408674
49780,309,144,74,528,1,753.987863,75.403028
49790,314,161,70,546,1,753.945607,75.395318
49800,316,155,66,538,1,753.902560,75.391013
49810,325,143,65,534,1,753.857413,75.386347
49820,327,140,66,534,1,753.814010,75.382309
49830,328,142,62,533,1,753.768857,75.378096
49840,333,134,66,534,1,753.725329,75.374196
49850,342,120,59,522,1,753.681265,75.370697
49860,337,114,62,514,1,753.634762,75.366197
49870,337,126,58,522,1,753.586891,75.360049
49880,353,118,64,536,1,753.543652,75.354365
49890,352,128,62,543,1,753.500574,75.352172
49900,342,126,70,539,1,753.458394,75.346896
49910,318,134,68,521,1,753.413272,75.344045
49920,314,130,70,515,1,753.365882,75.340965
49930,294,122,67,484,1,753.315302,75.338471
49940,283,127,66,477,1,753.260825,75.335284
49950,275,127,64,467,1,753.204464,75.328288
49960,280,122,65,468,1,753.147468,75.324094
49970,275,129,64,469,1,753.090099,75.317601
49980,268,124,56,449,1,753.030815,75.312876
49990,257,115,54,427,1,752.967025,75.308453
50000,280,110,52,443,1,752.903691,75.299706
50010,276,104,50,431,1,752.840490,75.293082
50020,284,99,53,437,1,752.776853,75.288221
50030,282,101,59,443,1,752.713545,75.280684
50040,285,106,58,450,1,752.651915,75.273164
50050,294,110,61,466,1,752.594723,75.265488
50060,290,101,54,446,1,752.534273,75.257937
50070,275,98,62,436,1,752.472299,75.253693
50080,242,93,64,400,1,752.405741,75.247185
50090,242,93,67,403,1,752.335548,75.240464
50100,246,96,64,407,1,752.267519,75.232158
50110,241,88,59,389,1,752.197519,75.228009
50120,255,96,54,406,1,752.127321,75.219486
50130,264,101,50,416,1,752.061014,75.213453
50140,267,98,54,420,1,751.992237,75.206873
50150,241,105,47,394,1,751.922877,75.201885
50160,250,103,49,403,1,751.852436,75.194688
50170,229,101,48,379,1,751.779547,75.189794
50180,217,103,45,366,1,751.704006,75.184784
50190,221,107,48,377,1,751.628916,75.176072
50200,218,100,46,365,1,751.552094,75.170184
50210,223,91,41,356,1,751.474994,75.161720
50220,238,96,42,377,1,751.397723,75.152642
50230,237,94,39,371,1,751.322141,75.144481
50240,209,89,42,341,1,751.243877,75.140241
50250,203,88,46,338,1,751.160870,75.132534
50260,218,88,47,354,1,751.080138,75.121316
50270,213,76,45,335,1,751.000020,75.115243
50280,209,78,40,328,1,750.917717,75.108502
50290,206,81,44,332,1,750.834921,75.099620
50300,211,88,45,345,1,750.753603,75.091035
50310,214,92,45,352,1,750.670567,75.081234
50320,205,96,45,347,1,750.590468,75.075757
50330,209,101,44,355,1,750.510418,75.066106
50340,215,104,44,364,1,750.432966,75.059400
50350,211,92,42,346,1,750.354743,75.049933
50360,217,96,48,362,1,750.276210,75.041032
50370,223,93,48,365,1,750.199581,75.032918
50380,216,91,42,350,1,750.120977,75.025798
50390,227,99,54,381,1,750.043532,75.015518
50400,195,116,54,366,1,749.968811,75.007894
50410,198,102,46,347,1,749.890897,75.001439
50420,197,97,40,335,1,749.809873,74.993779
50430,221,83,36,341,1,749.728115,74.985302
50440,216,72,40,329,1,749.645183,74.977897
50450,205,72,37,315,1,749.559601,74.970523
50460,207,78,39,325,1,749.474338,74.962587
50470,179,76,36,292,1,749.387882,74.957204
50480,167,65,47,280,1,749.296918,74.948399
50490,172,74,51,298,1,749.204919,74.937560
50500,184,72,46,303,1,749.114852,74.927658
50510,195,75,39,310,1,749.028043,74.917488
50520,209,77,39,326,1,748.941761,74.906483
50530,193,72,37,303,1,748.856843,74.899470
50540,194,75,37,307,1,748.769537,74.889845
50550,180,85,41,307,1,748.682102,74.879172
50560,199,75,45,320,1,748.595704,74.870529
50570,194,70,48,313,1,748.509605,74.862063
50580,190,70,42,303,1,748.423187,74.853862
50590,169,74,46,290,1,748.334771,74.846496
50600,171,76,36,284,1,748.243231,74.837486
50610,175,73,32,281,1,748.149932,74.829187
50620,185,68,28,282,1,748.057103,74.817091
50630,188,73,31,293,1,747.966529,74.808769
50640,182,68,32,283,1,747.875906,74.802067
50650,172,75,29,277,1,747.782963,74.793063
50660,167,69,28,265,1,747.689888,74.784341
50670,166,65,33,265,1,747.594642,74.773631
50680,147,57,33,238,1,747.498089,74.765594
50690,146,56,40,243,1,747.398558,74.754751
50700,164,57,29,251,1,747.299261,74.743784
50710,163,53,29,246,1,747.200200,74.735937
50720,172,55,32,260,1,747.101852,74.726539
50730,160,58,33,252,1,747.003501,74.717877
50740,145,64,33,243,1,746.903800,74.707459
50750,155,62,32,250,1,746.806679,74.697300
50760,156,52,29,238,1,746.707256,74.689707
50770,151,56,31,239,1,746.606705,74.680528
50780,145,59,37,242,1,746.506965,74.669812
50790,145,75,35,256,1,746.408549,74.659082
50800,136,81,34,252,1,746.311458,74.650543
50810,167,81,36,285,1,746.218805,74.639361
50820,184,78,35,298,1,746.129397,74.630562
50830,194,70,34,299,1,746.040427,74.621806
50840,196,85,40,322,1,745.953761,74.611666
50850,183,83,39,306,1,745.869096,74.603488
50860,175,77,44,297,1,745.782034,74.595804
50870,190,71,39,301,1,745.693459,74.586941
50880,182,65,40,288,1,745.605302,74.577826
50890,188,62,41,292,1,745.516636,74.568221
50900,194,62,48,305,1,745.429907,74.558957
50910,183,65,53,302,1,745.343044,74.551145
50920,192,78,49,320,1,745.257731,74.541437
50930,181,73,42,297,1,745.171730,74.535613
50940,192,73,35,301,1,745.082898,74.526724
50950,188,71,34,294,1,744.994278,74.518149
50960,202,75,29,307,1,744.906677,74.507628
50970,193,68,25,287,1,744.818317,74.500395
50980,170,73,26,270,1,744.726219,74.491033
50990,155,76,33,265,1,744.633482,74.483360
51000,146,74,34,255,1,744.538554,74.476052
51010,134,75,31,241,1,744.441733,74.468845
51020,144,77,29,251,1,744.344372,74.460999
51030,171,78,38,288,1,744.251870,74.450135
51040,167,70,37,275,1,744.161727,74.440675
51050,174,66,37,278,1,744.070149,74.430197
51060,194,69,35,299,1,743.981323,74.419412
51070,191,51,34,277,1,743.892614,74.413303
51080,181,61,37,280,1,743.801743,74.403917
51090,192,68,37,298,1,743.713024,74.393436
51100,180,79,37,297,1,743.626167,74.384743
51110,186,81,32,300,1,743.538032,74.375631
51120,202,83,37,323,1,743.453274,74.366130
51130,210,77,32,320,1,743.369775,74.357919
51140,226,76,32,335,1,743.287786,74.347242
51150,222,73,34,330,1,743.207562,74.339650
51160,216,74,39,330,1,743.127365,74.330462
51170,196,77,50,324,1,743.046967,74.324451
51180,180,72,38,291,1,742.961725,74.317809
51190,165,71,29,266,1,742.870060,74.310378
51200,179,67,25,272,1,742.777773,74.300706
51210,168,69,37,275,1,742.685808,74.292518
51220,176,73,40,290,1,742.594507,74.282220
51230,178,71,34,284,1,742.506223,74.272224
51240,192,68,29,290,1,742.416752,74.263125
51250,203,68,29,301,1,742.330296,74.253168
51260,217,69,31,318,1,742.245048,74.241885
51270,202,66,31,300,1,742.160177,74.234696
51280,205,63,33,302,1,742.072871,74.226539
51290,198,62,33,294,1,741.985706,74.218250
51300,197,73,32,303,1,741.900017,74.211122
51310,196,78,26,301,1,741.814286,74.202253
51320,204,84,30,319,1,741.729762,74.192782
51330,191,72,37,301,1,741.644961,74.185308
51340,189,65,43,298,1,741.558915,74.176552
51350,170,54,40,265,1,741.468901,74.169567
51360,162,63,37,263,1,741.376913,74.159783
51370,149,68,33,251,1,741.282016,74.151153
51380,146,70,29,246,1,741.186542,74.141309
51390,140,70,29,240,1,741.088770,74.132535
51400,131,55,28,215,1,740.987837,74.124165
51410,140,53,30,224,1,740.886305,74.113282
51420,161,57,29,248,1,740.789337,74.102280
51430,155,57,30,243,1,740.692659,74.094478
51440,148,58,29,236,1,740.596551,74.084571
51450,148,67,32,248,1,740.499315,74.074983
51460,147,56,28,232,1,740.401268,74.064450
51470,154,48,21,224,1,740.302359,74.054551
51480,138,42,23,204,1,740.199282,74.045387
51490,114,49,25,189,1,740.094211,74.035303
51500,119,45,22,187,1,739.986575,74.025824
51510,131,48,29,209,1,739.882144,74.013360
51520,118,48,22,189,1,739.775808,74.003580
51530,133,49,22,205,1,739.671807,73.993027
51540,124,48,21,194,1,739.566790,73.983235
51550,119,46,19,185,1,739.460461,73.973024
51560,123,54,20,198,1,739.355150,73.961766
51570,144,50,27,222,1,739.251702,73.948543
51580,139,53,31,224,1,739.151068,73.939476
51590,145,62,27,235,1,739.051203,73.929482
51600,133,62,25,221,1,738.950888,73.921018
51610,140,81,22,244,1,738.851935,73.909825
51620,140,69,32,242,1,738.755815,73.899203
51630,170,71,37,279,1,738.664267,73.888466
51640,176,63,34,274,1,738.575535,73.880874
51650,164,59,30,254,1,738.483388,73.872796
51660,150,64,34,249,1,738.388594,73.864024
51670,164,62,36,263,1,738.295258,73.852681
51680,155,74,36,266,1,738.204077,73.843127
51690,152,70,37,260,1,738.111925,73.835047
51700,171,75,34,281,1,738.021586,73.824434
51710,193,59,41,294,1,737.934703,73.815596
51720,188,61,32,282,1,737.846861,73.808376
51730,184,54,38,277,1,737.759359,73.799761
51740,196,57,35,289,1,737.672512,73.788643
51750,196,63,41,301,1,737.586073,73.777996
51760,183,61,45,290,1,737.500116,73.770107
51770,196,64,44,305,1,737.414633,73.760983
51780,188,58,45,292,1,737.329080,73.753846
51790,185,58,36,280,1,737.241908,73.747402
51800,187,63,38,289,1,737.154706,73.738817
51810,173,65,29,268,1,737.066414,73.730692
51820,159,80,38,278,1,736.975879,73.721488
51830,161,72,40,274,1,736.887239,73.712759
51840,169,69,36,275,1,736.797801,73.703523
51850,172,63,36,272,1,736.708318,73.693999
51860,180,78,31,290,1,736.620308,73.682490
51870,180,90,31,302,1,736.535536,73.674149
51880,182,69,33,285,1,736.449192,73.666644
51890,174,72,40,287,1,736.361502,73.656591
51900,167,84,30,282,1,736.274048,73.647697
51910,164,92,34,291,1,736.186233,73.639193
51920,181,94,40,316,1,736.103271,73.628904
51930,212,93,46,352,1,736.026005,73.619471
51940,196,82,51,330,1,735.949743,73.613399
51950,193,79,48,321,1,735.869863,73.605122
51960,163,78,51,293,1,735.786879,73.600502
51970,177,70,56,304,1,735.701682,73.591834
51980,193,84,56,334,1,735.621973,73.583007
51990,191,81,49,322,1,735.542956,73.575665
52000,200,85,38,324,1,735.464346,73.568505
52010,193,92,37,323,1,735.385358,73.560458
52020,197,87,40,325,1,735.306596,73.551020
52030,176,91,40,308,1,735.225803,73.544631
52040,181,87,35,304,1,735.142064,73.536957
52050,186,83,36,306,1,735.060201,73.530460
52060,191,86,34,312,1,734.978357,73.522268
52070,216,78,37,332,1,734.900025,73.513156
52080,209,83,46,339,1,734.824787,73.503508
52090,194,80,43,318,1,734.747662,73.497483
52100,164,83,46,294,1,734.665735,73.492246
52110,177,79,46,303,1,734.582350,73.482066
52120,171,71,46,289,1,734.497168,73.474669
52130,169,62,39,271,1,734.410403,73.469086
52140,145,75,34,255,1,734.318890,73.459362
52150,153,82,28,264,1,734.228318,73.449874
52160,147,79,37,264,1,734.139144,73.442075
52170,159,68,36,264,1,734.049397,73.434077
52180,164,59,40,264,1,733.959678,73.426081
52190,154,62,32,249,1,733.868771,73.417122
52200,161,63,34,259,1,733.777047,73.406814
52210,148,66,30,245,1,733.683652,73.398591
52220,160,55,35,251,1,733.589863,73.389343
52230,154,63,31,249,1,733.497642,73.381095
52240,159,64,24,248,1,733.405342,73.373822
52250,137,70,27,235,1,733.310814,73.363375
52260,138,75,32,246,1,733.217603,73.353201
52270,154,65,36,256,1,733.124731,73.343202
52280,151,64,34,250,1,733.033936,73.334253
52290,158,71,31,261,1,732.942142,73.324082
52300,160,76,27,264,1,732.852342,73.316075
52310,169,68,30,268,1,732.761748,73.306585
52320,158,69,27,255,1,732.670495,73.297870
52330,160,66,27,254,1,732.579940,73.288385
52340,147,64,23,235,1,732.486958,73.280058
52350,151,60,33,245,1,732.394416,73.269673
52360,146,53,34,234,1,732.300867,73.261848
52370,165,76,40,282,1,732.209926,73.248127
52380,163,83,38,285,1,732.123225,73.238329
52390,180,72,40,293,1,732.038947,73.230313
52400,184,58,37,280,1,731.952337,73.222063
52410,187,58,39,285,1,731.866339,73.213315
52420,170,61,38,270,1,731.778324,73.206182
52430,172,64,31,268,1,731.689393,73.197280
52440,183,66,24,274,1,731.600637,73.187558
52450,195,66,24,286,1,731.515511,73.176664
52460,180,68,29,278,1,731.431277,73.168094
52470,178,66,41,286,1,731.345902,73.159409
52480,175,62,40,278,1,731.258825,73.150833
52490,160,50,37,248,1,731.170529,73.143529
52500,152,41,29,223,1,731.075322,73.134696
52510,140,55,35,231,1,730.979583,73.126089
52520,140,65,35,241,1,730.885149,73.115244
52530,139,56,29,225,1,730.790623,73.105922
52540,156,59,28,244,1,730.696229,73.094247
52550,155,59,27,242,1,730.604011,73.085853
52560,162,61,28,252,1,730.512287,73.078063
52570,163,46,38,248,1,730.421672,73.068854
52580,166,49,28,244,1,730.331039,73.059782
52590,143,46,26,216,1,730.236769,73.053682
52600,148,51,30,230,1,730.140559,73.043912
52610,146,50,26,223,1,730.044007,73.034247
52620,126,47,18,192,1,729.944413,73.026361
52630,114,62,24,201,1,729.843415,73.015557
52640,104,58,24,187,1,729.741463,73.006600
52650,98,42,23,164,1,729.635934,72.997007
52660,86,25,26,138,1,729.525963,72.987246
52670,75,22,16,114,1,729.411815,72.978454
52680,64,28,11,104,1,729.294646,72.968664
52690,53,21,16,91,1,729.174496,72.957466
52700,40,10,9,60,1,729.050198,72.948761
52710,45,12,11,69,1,728.924365,72.934224
52720,29,10,3,43,1,728.795681,72.923416
52730,18,9,4,32,1,728.666383,72.912961
52740,17,10,1,29,1,728.533865,72.900937
52750,7,3,0,11,1,728.399038,72.888542
52760,11,9,2,23,1,728.264050,72.872399
52770,19,5,5,30,1,728.131828,72.860403
52780,8,7,0,16,1,727.998080,72.848806
52790,3,1,1,6,1,727.861779,72.836262
52800,5,1,2,9,1,727.725863,72.822514
52810,14,2,4,21,1,727.589969,72.807250
52820,18,9,2,30,1,727.457524,72.793160
52830,24,8,1,34,1,727.325599,72.778572
52840,27,13,5,46,1,727.196316,72.765627
52850,21,13,6,41,1,727.067160,72.751041
52860,11,3,0,15,1,726.935129,72.737546
52870,12,8,2,23,1,726.801239,72.723728
52880,6,5,2,14,1,726.667839,72.710922
52890,2,1,0,4,1,726.531905,72.698687
52900,13,6,1,21,1,726.396952,72.683388
52910,23,12,1,37,1,726.266109,72.670150
52920,45,27,6,79,1,726.139175,72.655380
52930,75,31,11,118,1,726.020794,72.639820
52940,54,36,11,102,1,725.906065,72.629569
52950,44,20,8,73,1,725.785978,72.620017
52960,43,23,6,73,1,725.661947,72.608010
52970,43,18,14,76,1,725.538067,72.594647
52980,53,30,14,98,1,725.418768,72.580647
52990,69,20,14,104,1,725.300417,72.570031
53000,87,26,12,126,1,725.185905,72.556649
53010,60,33,13,107,1,725.071432,72.546557
53020,55,23,12,91,1,724.952933,72.536062
53030,56,18,10,85,1,724.832881,72.523085
53040,64,28,18,111,1,724.714012,72.509132
53050,65,29,11,106,1,724.596419,72.499274
53060,54,31,9,95,1,724.478551,72.486516
53070,45,19,13,78,1,724.358467,72.476134
53080,47,19,8,75,1,724.236585,72.465161
53090,38,20,8,67,1,724.113540,72.452022
53100,35,18,4,58,1,723.987977,72.439315
53110,35,18,7,61,1,723.863690,72.427554
53120,29,17,7,54,1,723.738912,72.417380
53130,27,10,4,42,1,723.611282,72.406510
53140,22,3,4,30,1,723.483160,72.393000
53150,24,9,2,36,1,723.353011,72.379832
53160,5,2,1,9,1,723.219794,72.367175
53170,0,1,2,4,1,723.085448,72.354677
53180,1,0,1,3,1,722.950381,72.340880
53190,0,0,0,1,1,722.814858,72.329760
53200,5,2,0,8,1,722.679613,72.317170
53210,17,2,3,23,1,722.547384,72.303249
53220,15,7,5,28,1,722.415905,72.290626
53230,3,4,1,9,1,722.284717,72.279664
53240,8,5,0,14,1,722.151661,72.264166
53250,16,8,3,28,1,722.020123,72.250586
53260,28,14,2,45,1,721.892606,72.237274
53270,12,7,3,23,1,721.763065,72.226338
53280,12,8,2,23,1,721.630529,72.213744
53290,12,4,2,19,1,721.500287,72.202192
53300,0,0,0,0,0,721.366376,72.190815
53310,14,4,2,21,1,721.233359,72.175460
53320,23,9,7,40,1,721.103936,72.161415
53330,36,15,3,55,1,720.978621,72.148459
53340,28,12,7,48,1,720.853021,72.136016
53350,34,10,7,52,1,720.727400,72.123707
53360,33,8,7,49,1,720.601319,72.112568
53370,28,10,6,45,1,720.474948,72.099100
53380,13,6,3,23,1,720.346482,72.088262
53390,15,4,0,20,1,720.216371,72.074961
53400,26,6,5,38,1,720.085966,72.058795
53410,29,9,2,41,1,719.957771,72.047442
53420,17,10,7,35,1,719.830006,72.036131
53430,16,12,5,34,1,719.701312,72.023377
53440,8,7,1,17,1,719.572382,72.011948
53450,11,3,1,16,1,719.439791,71.998803
53460,15,3,5,24,1,719.308545,71.985524
53470,7,4,2,14,1,719.178151,71.972733
53480,20,10,5,36,1,719.049067,71.958593
53490,22,17,7,47,1,718.922938,71.944346
53500,31,12,8,52,1,718.796464,71.930468
53510,20,9,6,36,1,718.670228,71.918499
53520,30,9,2,42,1,718.542857,71.903592
53530,23,10,3,37,1,718.415741,71.890459
53540,30,15,12,58,1,718.290569,71.875372
53550,33,11,4,49,1,718.165776,71.863950
53560,18,7,2,28,1,718.037776,71.852341
53570,11,3,3,18,1,717.907919,71.839337
53580,12,2,4,19,1,717.777844,71.826446
53590,3,0,1,5,1,717.646650,71.811968
53600,13,4,4,22,1,717.515459,71.797625
53610,5,2,0,8,1,717.384934,71.785225
53620,11,2,0,14,1,717.254868,71.769791
53630,8,3,4,16,1,717.123950,71.757352
53640,2,1,1,5,1,716.992226,71.746840
53650,0,0,0,0,0,716.859083,71.736184
53660,6,0,3,10,1,716.726417,71.723032
53670,22,5,6,34,1,716.596289,71.708396
53680,6,6,4,17,1,716.468497,71.698005
53690,8,1,1,11,1,716.337088,71.685781
53700,0,1,0,2,1,716.204841,71.674407
53710,1,2,1,5,1,716.072177,71.661387
53720,7,3,1,12,1,715.941047,71.648521
53730,11,7,3,22,1,715.810453,71.634641
53740,20,4,4,29,1,715.681134,71.620356
53750,21,7,5,34,1,715.554185,71.607242
53760,2,2,0,5,1,715.424923,71.594430
53770,0,0,0,1,1,715.292350,71.581953
53780,4,1,1,7,1,715.160352,71.568600
53790,9,2,1,13,1,715.029264,71.556138
53800,5,4,0,10,1,714.898025,71.544724
53810,1,0,0,2,1,714.766389,71.532073
53820,0,1,1,3,1,714.634265,71.520702
53830,10,4,3,18,1,714.504161,71.505011
53840,11,9,3,24,1,714.375774,71.491887
53850,5,2,0,8,1,714.245635,71.479251
53860,0,0,0,1,1,714.113615,71.469349
53870,5,1,0,7,1,713.981656,71.457725
53880,12,5,2,20,1,713.850571,71.443665
53890,9,6,0,16,1,713.720606,71.431841
53900,18,10,2,31,1,713.592607,71.417959
53910,16,6,3,26,1,713.465054,71.405314
53920,11,7,4,23,1,713.336196,71.392142
53930,21,8,1,31,1,713.208339,71.377348
53940,13,4,2,20,1,713.080997,71.365123
53950,31,13,7,52,1,712.956123,71.350497
53960,54,12,13,80,1,712.836896,71.336306
53970,40,22,9,72,1,712.719837,71.323921
53980,32,12,7,52,1,712.599199,71.313689
53990,23,9,5,38,1,712.475895,71.302265
54000,40,15,5,61,1,712.353162,71.289047
54010,36,8,4,49,1,712.230533,71.277161
54020,49,21,11,82,1,712.109792,71.263088
54030,65,19,8,93,1,711.993923,71.251087
54040,49,25,11,86,1,711.878373,71.240569
54050,45,31,11,88,1,711.763118,71.228761
54060,48,20,9,78,1,711.645115,71.217997
54070,40,9,5,55,1,711.526073,71.205943
54080,24,9,5,39,1,711.403856,71.194756
54090,33,13,10,57,1,711.281434,71.180650
54100,43,17,4,65,1,711.160982,71.166744
54110,37,14,8,60,1,711.041165,71.155665
54120,40,15,6,62,1,710.920027,71.143928
54130,44,20,8,73,1,710.801846,71.131171
54140,47,23,11,82,1,710.684108,71.119511
54150,40,24,13,78,1,710.568940,71.107845
54160,43,15,7,66,1,710.451354,71.098170
54170,35,8,8,52,1,710.330444,71.086060
54180,26,7,3,37,1,710.207301,71.074909
54190,19,10,6,36,1,710.082497,71.060703
54200,17,8,4,30,1,709.957511,71.048448
54210,24,7,5,37,1,709.832331,71.035124
54220,38,10,5,54,1,709.709166,71.021871
54230,38,16,15,70,1,709.589173,71.007495
54240,36,11,8,56,1,709.469611,70.998142
54250,48,15,7,71,1,709.349896,70.986283
54260,33,20,6,60,1,709.231430,70.975465
54270,41,14,9,65,1,709.113307,70.962588
54280,34,23,10,68,1,708.995077,70.952447
54290,28,9,4,42,1,708.874533,70.943644
54300,26,8,7,42,1,708.753151,70.930832
54310,26,8,5,40,1,708.630332,70.918661
54320,27,8,5,41,1,708.508465,70.905279
54330,17,5,2,25,1,708.384743,70.894062
54340,19,15,6,41,1,708.260355,70.879906
54350,42,15,8,66,1,708.140392,70.865542
54360,41,14,11,67,1,708.023289,70.853292
54370,42,23,8,74,1,707.907034,70.840997
54380,64,16,7,88,1,707.790957,70.828981
54390,61,23,14,99,1,707.678228,70.817560
54400,55,24,8,88,1,707.565624,70.808106
54410,59,20,6,86,1,707.451949,70.796982
54420,41,17,11,70,1,707.336510,70.786071
54430,37,17,8,63,1,707.218413,70.775023
54440,32,17,10,60,1,707.100327,70.763586
54450,24,14,12,51,1,706.979854,70.752820
54460,39,21,5,66,1,706.859955,70.737951
54470,49,16,14,80,1,706.743222,70.723791
54480,47,19,5,72,1,706.627356,70.713356
54490,37,10,14,62,1,706.510191,70.703570
54500,10,2,1,14,1,706.387315,70.692302
54510,4,0,0,5,1,706.259204,70.679731
54520,4,1,0,6,1,706.130610,70.667371
54530,2,4,3,10,1,706.001716,70.655369
54540,17,5,2,25,1,705.876026,70.640965
54550,9,4,2,16,1,705.749091,70.631103
54560,15,6,3,25,1,705.624995,70.616342
54570,20,6,3,30,1,705.501813,70.604393
54580,28,13,2,44,1,705.378627,70.590502
54590,16,11,11,39,1,705.257075,70.578845
54600,19,8,5,33,1,705.133880,70.567671
54610,7,7,2,17,1,705.010495,70.558028
54620,4,4,0,9,1,704.882757,70.547173
54630,6,0,2,9,1,704.756508,70.534914
54640,13,7,4,25,1,704.631144,70.522356
54650,12,8,3,24,1,704.505862,70.510581
54660,15,5,6,27,1,704.382551,70.498358
54670,19,9,1,30,1,704.258632,70.484396
54680,11,4,3,19,1,704.135200,70.473064
54690,19,7,0,27,1,704.010262,70.459646
54700,21,11,8,41,1,703.886227,70.445030
54710,28,16,6,51,1,703.766009,70.431700
54720,31,14,9,55,1,703.647091,70.419660
54730,18,5,3,27,1,703.525738,70.408535
54740,19,4,5,29,1,703.402388,70.397725
54750,12,4,0,17,1,703.278191,70.385670
54760,3,4,2,10,1,703.152389,70.373712
54770,9,4,4,18,1,703.026067,70.359259
54780,16,7,3,27,1,702.901449,70.347034
54790,8,3,0,12,1,702.776325,70.336942
54800,8,0,0,9,1,702.649922,70.325179
54810,2,2,0,5,1,702.523809,70.311776
54820,8,2,0,11,1,702.398633,70.298595
54830,20,10,4,35,1,702.275006,70.285057
54840,30,9,7,47,1,702.153338,70.273126
54850,23,11,8,43,1,702.033177,70.261859
54860,21,7,2,31,1,701.910698,70.250615
54870,3,0,0,4,1,701.786362,70.238160
54880,3,3,3,10,1,701.660412,70.225287
54890,9,1,0,11,1,701.535258,70.212367
54900,17,4,0,22,1,701.410806,70.198876
54910,0,0,0,1,1,701.285209,70.187319
54920,11,3,2,17,1,701.158839,70.174405
54930,2,1,1,5,1,701.032528,70.164438
54940,7,5,0,13,1,700.906125,70.152031
54950,4,3,1,9,1,700.781409,70.139537
54960,5,2,3,11,1,700.654875,70.125329
54970,13,5,2,21,1,700.530887,70.112909
54980,13,7,2,23,1,700.409238,70.099574
54990,8,5,1,15,1,700.286383,70.089564
55000,2,1,0,4,1,700.160955,70.077254
55010,1,2,0,4,1,700.034664,70.066515
55020,5,4,1,11,1,699.908399,70.052973
55030,11,6,1,19,1,699.783601,70.040089
55040,5,1,0,7,1,699.658223,70.029184
55050,2,2,0,5,1,699.531896,70.017165
55060,2,0,0,3,1,699.405716,70.004779
55070,1,1,0,3,1,699.279509,69.992516
55080,9,4,2,16,1,699.154491,69.977575
55090,8,7,1,17,1,699.030913,69.965195
55100,0,0,0,0,0,698.905388,69.954780
55110,1,0,0,2,1,698.779355,69.941900
55120,11,2,2,16,1,698.653691,69.930580
55130,2,1,0,4,1,698.528409,69.918409
55140,6,1,1,9,1,698.402274,69.907041
55150,23,6,3,33,1,698.279322,69.893326
55160,18,8,5,32,1,698.158530,69.881351
55170,22,11,3,37,1,698.036594,69.868880
55180,12,4,1,18,1,697.914657,69.857551
55190,8,6,1,16,1,697.790928,69.845914
55200,0,0,0,1,1,697.666717,69.833722
55210,15,6,0,22,1,697.542290,69.821129
55220,15,4,5,25,1,697.420504,69.808294
55230,27,12,5,45,1,697.299531,69.794276
55240,22,9,3,35,1,697.181790,69.781973
55250,28,8,5,42,1,697.062289,69.768484
55260,32,9,6,48,1,696.944403,69.756421
55270,27,13,15,56,1,696.826169,69.745081
55280,25,7,4,37,1,696.708587,69.733553
55290,14,2,2,19,1,696.586218,69.722304
55300,2,0,1,4,1,696.461519,69.711956
55310,20,7,8,36,1,696.340316,69.698803
55320,24,10,3,38,1,696.222225,69.687728
55330,37,11,8,57,1,696.104377,69.675290
55340,35,8,9,53,1,695.988031,69.664641
55350,25,15,6,47,1,695.870932,69.654042
55360,38,8,4,51,1,695.754254,69.643610
55370,25,16,4,46,1,695.638035,69.631335
55380,25,10,10,46,1,695.521899,69.619698
55390,34,8,4,47,1,695.404015,69.609269
55400,32,14,7,54,1,695.288023,69.597269
55410,36,13,10,60,1,695.172672,69.586213
55420,55,19,14,89,1,695.061198,69.572906
55430,47,18,15,81,1,694.951987,69.561083
55440,46,23,12,82,1,694.840233,69.551392
55450,53,7,13,74,1,694.729682,69.539184
55460,42,18,12,73,1,694.617104,69.528155
55470,42,21,6,70,1,694.505825,69.517631
55480,43,14,10,68,1,694.393199,69.506220
55490,59,29,15,104,1,694.283427,69.490958
55500,64,22,22,109,1,694.177194,69.480064
55510,66,28,16,111,1,694.073158,69.469389
55520,57,24,11,93,1,693.966315,69.460562
55530,46,13,8,68,1,693.857274,69.450513
55540,55,24,7,87,1,693.745734,69.437710
55550,54,22,6,83,1,693.635571,69.427047
55560,62,19,12,94,1,693.525873,69.416431
55570,56,16,14,87,1,693.417203,69.405668
55580,59,24,11,95,1,693.309583,69.394884
55590,65,25,11,102,1,693.202175,69.382748
55600,50,17,17,85,1,693.094850,69.371620
55610,30,21,5,57,1,692.984518,69.361939
55620,52,14,5,72,1,692.871933,69.349910
55630,34,24,8,67,1,692.760129,69.340080
55640,50,16,2,69,1,692.646954,69.327494
55650,65,23,10,99,1,692.537882,69.313200
55660,70,30,10,111,1,692.431883,69.302580
55670,59,32,13,105,1,692.327763,69.293519
55680,69,37,19,126,1,692.224418,69.282417
55690,87,29,14,131,1,692.122131,69.270924
55700,94,30,18,143,1,692.023135,69.261130
55710,93,36,18,148,1,691.924029,69.250205
55720,86,46,17,150,1,691.827082,69.239621
55730,95,54,28,178,1,691.732440,69.228150
55740,108,49,22,180,1,691.640488,69.219310
55750,125,49,24,199,1,691.550744,69.209076
55760,116,49,21,187,1,691.463204,69.202790
55770,122,55,18,196,1,691.372777,69.193729
55780,109,47,16,173,1,691.281230,69.186419
55790,102,34,13,150,1,691.187008,69.179212
55800,106,37,17,161,1,691.090905,69.170575
55810,124,46,9,180,1,690.997424,69.160340
55820,119,50,12,182,1,690.907368,69.150447
55830,114,55,22,192,1,690.816269,69.140575
55840,126,53,21,201,1,690.727465,69.131057
55850,127,47,20,195,1,690.639982,69.123778
55860,113,45,23,182,1,690.550132,69.115889
55870,102,41,18,162,1,690.457554,69.107478
55880,103,48,21,173,1,690.363870,69.097596
55890,105,48,18,172,1,690.270369,69.087484
55900,89,43,18,151,1,690.176271,69.079663
55910,95,26,15,137,1,690.077529,69.070511
55920,80,33,18,132,1,689.978709,69.060856
55930,78,24,14,117,1,689.877402,69.050087
55940,80,28,15,124,1,689.776192,69.039698
55950,70,29,17,117,1,689.674510,69.030621
55960,72,25,16,114,1,689.572016,69.021339
55970,66,27,17,111,1,689.470520,69.010428
55980,67,26,11,105,1,689.367923,68.999900
55990,58,15,15,89,1,689.264116,68.989869
56000,45,24,3,73,1,689.156117,68.981020
56010,29,16,8,54,1,689.045014,68.970627
56020,33,15,8,57,1,688.930919,68.959318
56030,39,15,6,61,1,688.818978,68.947855
56040,29,13,5,48,1,688.704495,68.938108
56050,28,4,3,36,1,688.588147,68.927312
56060,42,11,6,60,1,688.473599,68.913864
56070,24,4,3,32,1,688.359537,68.903665
56080,35,13,5,54,1,688.245068,68.889859
56090,32,15,8,56,1,688.132310,68.879298
56100,49,20,11,81,1,688.022822,68.867098
56110,38,18,10,67,1,687.914557,68.856127
56120,41,21,7,70,1,687.804375,68.845701
56130,50,24,13,88,1,687.696200,68.833757
56140,53,16,14,84,1,687.590250,68.822036
56150,47,10,8,66,1,687.480855,68.812793
56160,37,16,9,63,1,687.369337,68.801128
56170,59,24,9,93,1,687.260868,68.787563
56180,76,21,14,112,1,687.157012,68.776300
56190,81,27,12,121,1,687.055466,68.765145
56200,98,33,18,150,1,686.957990,68.753787
56210,86,33,18,138,1,686.861189,68.743476
56220,77,25,11,114,1,686.760613,68.734012
56230,48,16,9,74,1,686.656045,68.726350
56240,48,19,10,78,1,686.547591,68.714995
56250,56,23,16,96,1,686.441523,68.702290
56260,45,23,8,77,1,686.335630,68.694003
56270,47,18,11,77,1,686.228212,68.684341
56280,60,23,15,99,1,686.122868,68.673053
56290,55,22,13,91,1,686.017037,68.663060
56300,57,19,8,85,1,685.911034,68.652317
56310,50,21,14,86,1,685.804468,68.641152
56320,61,19,10,91,1,685.697885,68.630474
56330,52,24,10,87,1,685.592898,68.619833
56340,49,21,10,81,1,685.486003,68.610464
56350,44,17,12,74,1,685.377258,68.600422
56360,25,18,14,58,1,685.267221,68.590737
56370,25,16,8,50,1,685.155049,68.579498
56380,38,14,4,57,1,685.042648,68.566775
56390,41,15,6,63,1,684.931875,68.555798
56400,49,22,5,77,1,684.822666,68.544248
56410,42,14,7,64,1,684.713279,68.533410
56420,28,14,14,57,1,684.602614,68.522930
56430,31,11,13,56,1,684.490529,68.510607
56440,39,16,7,63,1,684.378715,68.500012
56450,60,11,7,79,1,684.269896,68.489230
56460,51,17,11,80,1,684.163421,68.479291
56470,46,18,5,70,1,684.054462,68.468131
56480,28,15,8,52,1,683.944351,68.457341
56490,32,6,7,46,1,683.832729,68.445915
56500,29,11,8,49,1,683.720422,68.435027
56510,36,18,9,64,1,683.609562,68.424768
56520,26,9,5,41,1,683.498584,68.415223
56530,40,15,6,62,1,683.387934,68.402319
56540,47,13,9,70,1,683.278119,68.390711
56550,42,12,8,63,1,683.167957,68.380158
56560,36,10,7,54,1,683.057080,68.370984
56570,41,14,6,62,1,682.946821,68.359815
56580,50,18,13,82,1,682.838240,68.347968
56590,56,29,11,97,1,682.733677,68.338095
56600,63,22,18,104,1,682.630686,68.328137
56610,79,25,13,118,1,682.529085,68.317352
56620,74,31,13,119,1,682.428537,68.308242
56630,80,28,13,122,1,682.329210,68.299254
56640,57,27,17,102,1,682.227967,68.289591
56650,51,29,16,97,1,682.125283,68.280628
56660,35,22,5,63,1,682.019249,68.273259
56670,30,16,11,58,1,681.909781,68.262047
56680,52,14,8,75,1,681.801931,68.250997
56690,57,22,7,87,1,681.696313,68.239207
56700,57,28,13,99,1,681.592043,68.226468
56710,56,30,7,94,1,681.490262,68.216389
56720,65,28,11,105,1,681.387563,68.203810
56730,70,14,4,89,1,681.284484,68.195285
56740,41,17,10,69,1,681.178792,68.185777
56750,51,14,10,76,1,681.071364,68.175973
56760,61,22,13,97,1,680.968029,68.165737
56770,57,20,12,90,1,680.864555,68.154646
56780,53,21,8,83,1,680.758709,68.144279
56790,61,26,10,98,1,680.655271,68.133553
56800,65,30,11,107,1,680.552515,68.123255
56810,69,32,13,115,1,680.451421,68.112523
56820,102,44,11,158,1,680.354741,68.099355
56830,94,38,22,155,1,680.263223,68.089463
56840,110,39,26,176,1,680.172900,68.079093
56850,123,55,23,202,1,680.085453,68.069371
56860,136,57,31,225,1,680.002782,68.059408
56870,148,55,43,247,1,679.925077,68.049465
56880,154,59,39,253,1,679.849808,68.040964
56890,165,68,36,270,1,679.776044,68.034050
56900,169,79,24,273,1,679.703572,68.025830
56910,183,76,24,284,1,679.633549,68.020487
56920,174,66,26,267,1,679.562739,68.013031
56930,169,63,31,264,1,679.490093,68.005153
56940,162,73,36,272,1,679.417782,67.997786
56950,163,72,37,273,1,679.346498,67.990045
56960,164,65,32,262,1,679.275709,67.982950
56970,183,62,30,276,1,679.203649,67.976445
56980,185,66,29,281,1,679.134399,67.969624
56990,193,58,27,279,1,679.064780,67.964198
57000,184,60,47,292,1,678.994608,67.956210
57010,181,60,40,282,1,678.926621,67.948203
57020,156,69,38,264,1,678.855826,67.942301
57030,173,67,33,274,1,678.785711,67.934200
57040,170,70,33,274,1,678.715060,67.927835
57050,179,77,34,291,1,678.646053,67.920918
57060,175,91,39,306,1,678.579986,67.912867
57070,175,88,39,303,1,678.515038,67.905643
57080,183,80,32,296,1,678.448731,67.899473
57090,179,74,35,289,1,678.380362,67.892264
57100,192,80,41,314,1,678.313911,67.885366
57110,178,82,49,310,1,678.248963,67.879809
57120,174,80,41,296,1,678.183529,67.873845
57130,169,67,42,279,1,678.115082,67.867936
57140,171,71,36,279,1,678.044755,67.860412
57150,157,66,42,266,1,677.974248,67.854178
57160,162,66,32,261,1,677.902354,67.847329
57170,153,61,27,242,1,677.827489,67.841489
57180,160,68,28,257,1,677.751854,67.832484
57190,170,58,26,255,1,677.677720,67.825766
57200,167,63,33,264,1,677.603404,67.817487
57210,178,61,29,269,1,677.531590,67.810646
57220,171,65,35,272,1,677.460653,67.801638
57230,150,67,35,253,1,677.387642,67.794559
57240,133,71,33,238,1,677.312608,67.787395
57250,130,63,29,223,1,677.233710,67.780081
57260,127,49,21,198,1,677.150875,67.773795
57270,108,38,21,168,1,677.063301,67.764783
57280,102,35,21,159,1,676.974874,67.755330
57290,104,42,25,172,1,676.886310,67.746219
57300,105,39,30,175,1,676.798453,67.736588
57310,86,53,22,162,1,676.711043,67.727711
57320,103,42,16,162,1,676.621546,67.717326
57330,82,31,16,130,1,676.528667,67.709912
57340,55,40,8,104,1,676.431126,67.701439
57350,49,19,11,80,1,676.329468,67.693972
57360,36,22,8,67,1,676.223520,67.683475
57370,60,28,9,98,1,676.119813,67.670841
57380,84,22,13,120,1,676.020779,67.659975
57390,64,28,16,109,1,675.923142,67.651136
57400,61,29,14,105,1,675.823794,67.642362
57410,79,23,13,116,1,675.724433,67.632053
57420,63,31,8,103,1,675.624249,67.621308
57430,67,30,14,112,1,675.525710,67.610610
57440,78,23,17,119,1,675.427527,67.601480
57450,96,38,24,159,1,675.333242,67.589443
57460,98,33,17,149,1,675.243368,67.581733
57470,98,38,10,147,1,675.152371,67.571557
57480,106,42,17,166,1,675.062669,67.561746
57490,116,39,23,179,1,674.975399,67.550767
57500,105,43,26,175,1,674.891495,67.540833
57510,87,48,23,159,1,674.803176,67.532925
57520,97,38,20,156,1,674.714303,67.523082
57530,94,33,14,142,1,674.622302,67.514688
57540,84,31,9,125,1,674.529210,67.504893
57550,96,33,20,150,1,674.435381,67.495611
57560,85,40,13,139,1,674.343281,67.487206
57570,100,52,13,166,1,674.251865,67.476523
57580,98,39,17,155,1,674.162248,67.469070
57590,99,32,20,152,1,674.072178,67.460164
57600,97,33,23,154,1,673.981877,67.451118
57610,96,39,15,151,1,673.891355,67.441932
57620,77,34,15,127,1,673.799483,67.433900
57630,76,30,16,123,1,673.703389,67.425327
57640,93,30,14,138,1,673.609299,67.413794
57650,74,25,15,115,1,673.513908,67.406930
57660,66,32,15,114,1,673.417654,67.396117
57670,89,39,16,145,1,673.323304,67.385379
57680,91,42,13,147,1,673.232457,67.376628
57690,81,31,23,136,1,673.139659,67.368150
57700,66,24,16,107,1,673.044342,67.361756
57710,48,18,16,83,1,672.944142,67.353353
57720,35,11,5,52,1,672.839716,67.344759
57730,19,10,4,34,1,672.731395,67.335308
57740,13,2,3,19,1,672.619693,67.325517
57750,18,9,3,31,1,672.507635,67.314406
57760,20,8,6,35,1,672.398259,67.302864
57770,24,9,4,38,1,672.288551,67.291756
57780,33,12,6,52,1,672.180885,67.281318
57790,32,17,6,56,1,672.074195,67.270395
57800,49,17,19,86,1,671.969763,67.256437
57810,78,26,15,120,1,671.871805,67.242780
57820,58,34,18,111,1,671.775886,67.234102
57830,68,31,18,118,1,671.678833,67.222866
57840,89,24,21,135,1,671.585556,67.212358
57850,82,35,18,136,1,671.492202,67.202773
57860,69,43,12,125,1,671.398622,67.193747
57870,78,38,17,134,1,671.304733,67.184574
57880,85,35,20,141,1,671.212743,67.176055
57890,68,28,17,114,1,671.118289,67.168567
57900,77,24,18,120,1,671.020990,67.158819
57910,79,29,16,125,1,670.926020,67.150232
57920,79,30,14,124,1,670.831450,67.141569
57930,53,26,12,92,1,670.733731,67.133055
57940,47,14,12,74,1,670.633558,67.123946
57950,49,14,12,76,1,670.530778,67.112721
57960,45,23,7,76,1,670.428596,67.102251
57970,29,21,6,57,1,670.324380,67.092621
57980,34,15,12,62,1,670.218079,67.081392
57990,38,17,5,61,1,670.112832,67.069922
58000,38,14,5,58,1,670.007457,67.057861
58010,33,18,7,59,1,669.903124,67.046599
58020,43,15,6,65,1,669.797237,67.035876
58030,42,16,9,68,1,669.693723,67.025159
58040,39,22,6,68,1,669.589690,67.013351
58050,43,17,9,70,1,669.487162,67.003311
58060,35,21,11,68,1,669.383072,66.994155
58070,29,12,10,52,1,669.278123,66.986181
58080,34,11,7,53,1,669.172328,66.976160
58090,45,13,5,64,1,669.067642,66.965787
58100,34,20,11,66,1,668.962946,66.954145
58110,44,22,7,74,1,668.858215,66.943307
58120,35,11,7,54,1,668.754600,66.932465
58130,32,13,7,53,1,668.649217,66.922254
58140,41,25,7,74,1,668.546461,66.909426
58150,41,21,12,75,1,668.444884,66.898559
58160,58,28,13,100,1,668.343687,66.886581
58170,48,27,16,92,1,668.244252,66.876620
58180,60,19,15,95,1,668.143785,66.865867
58190,59,22,15,97,1,668.046332,66.856680
58200,64,25,8,98,1,667.949123,66.847977
58210,65,23,8,97,1,667.850737,66.837317
58220,68,24,9,102,1,667.753103,66.826388
58230,84,33,18,136,1,667.658990,66.815239
58240,90,30,18,139,1,667.567565,66.805392
58250,84,31,12,128,1,667.477589,66.797068
58260,74,26,19,120,1,667.384189,66.789434
58270,75,23,14,113,1,667.290609,66.779945
58280,87,32,15,135,1,667.197849,66.768360
58290,90,37,21,149,1,667.108554,66.759416
58300,75,37,16,129,1,667.017694,66.752148
58310,89,33,16,139,1,666.927256,66.742516
58320,82,32,21,136,1,666.836872,66.733921
58330,99,46,19,165,1,666.748691,66.723485
58340,106,45,21,173,1,666.662622,66.715207
58350,115,48,20,184,1,666.578421,66.705971
58360,136,50,23,210,1,666.498284,66.697257
58370,123,53,20,197,1,666.417473,66.689734
58380,123,57,13,194,1,666.336820,66.681540
58390,121,43,20,185,1,666.255668,66.673068
58400,142,46,28,217,1,666.176113,66.663385
58410,137,48,25,211,1,666.098334,66.656850
58420,124,56,28,209,1,666.020251,66.649143
58430,122,66,35,224,1,665.942130,66.638920
58440,129,55,27,212,1,665.864891,66.634378
58450,134,52,31,218,1,665.786478,66.627322
58460,117,51,33,202,1,665.709252,66.620726
58470,121,45,24,191,1,665.629750,66.613787
58480,104,40,24,169,1,665.546940,66.606289
58490,93,43,28,165,1,665.461836,66.598789
58500,97,46,26,170,1,665.376081,66.589172
58510,106,55,25,187,1,665.292189,66.580995
58520,101,47,24,173,1,665.208958,66.573112
58530,103,37,22,163,1,665.124060,66.565176
58540,123,43,18,185,1,665.039703,66.555473
58550,124,51,25,201,1,664.959463,66.546296
58560,110,41,29,181,1,664.878816,66.537649
58570,112,43,27,183,1,664.795920,66.529685
58580,116,58,18,193,1,664.714536,66.520623
58590,109,42,20,172,1,664.632190,66.513056
58600,109,33,17,160,1,664.547258,66.505229
58610,113,41,12,167,1,664.462058,66.494650
58620,108,45,10,164,1,664.378031,66.487482
58630,89,46,18,154,1,664.292789,66.479283
58640,99,46,18,164,1,664.207811,66.469863
58650,97,46,14,158,1,664.122816,66.462483
58660,117,44,20,182,1,664.039379,66.452764
58670,112,39,24,176,1,663.956767,66.444715
58680,110,45,24,180,1,663.875068,66.435058
58690,99,45,20,165,1,663.791302,66.428706
58700,74,25,21,121,1,663.702020,66.420215
58710,63,29,17,110,1,663.607803,66.411344
58720,73,25,16,115,1,663.514042,66.401386
58730,74,38,7,120,1,663.420977,66.391612
58740,51,26,12,90,1,663.325905,66.382541
58750,64,25,16,106,1,663.229974,66.372141
58760,71,26,11,109,1,663.135392,66.362215
58770,76,28,10,115,1,663.041637,66.352599
58780,47,28,17,93,1,662.945709,66.342991
58790,65,24,10,100,1,662.849921,66.333622
58800,62,29,18,110,1,662.755940,66.325338
58810,103,27,16,147,1,662.665974,66.313392
58820,90,31,23,145,1,662.578456,66.306431
58830,83,30,24,138,1,662.489396,66.300443
58840,83,27,21,132,1,662.399379,66.291651
58850,96,32,25,154,1,662.311490,66.282621
58860,105,39,21,166,1,662.226157,66.273283
58870,103,47,19,170,1,662.142349,66.265451
58880,103,37,20,161,1,662.058150,66.260169
58890,89,32,20,142,1,661.971574,66.252396
58900,80,26,18,125,1,661.882072,66.245117
58910,74,29,12,116,1,661.789610,66.237429
58920,72,28,15,116,1,661.696114,66.228849
58930,86,23,9,119,1,661.604823,66.219701
58940,79,30,12,122,1,661.512744,66.211375
58950,94,24,11,130,1,661.421698,66.202252
58960,83,24,11,119,1,661.330843,66.194496
58970,92,33,17,143,1,661.239937,66.183814
58980,89,34,16,140,1,661.152252,66.174466
58990,77,33,20,131,1,661.062645,66.166497
59000,77,29,16,123,1,660.973608,66.157127
59010,75,29,13,118,1,660.881905,66.148274
59020,65,34,18,118,1,660.791053,66.138386
59030,61,36,10,108,1,660.698627,66.128676
59040,60,29,11,101,1,660.603793,66.119511
59050,75,24,16,116,1,660.509894,66.107861
59060,84,24,19,128,1,660.418753,66.098058
59070,73,28,9,111,1,660.327126,66.089437
59080,57,26,15,99,1,660.233403,66.081055
59090,68,27,13,109,1,660.138948,66.071703
59100,63,29,15,108,1,660.045966,66.061045
59110,66,31,16,114,1,659.953942,66.052384
59120,63,25,13,102,1,659.859649,66.043831
59130,73,31,14,119,1,659.766292,66.034254
59140,90,38,21,150,1,659.678270,66.023088
59150,78,35,15,129,1,659.589260,66.014952
59160,88,32,6,127,1,659.498176,66.006608
59170,70,23,12,106,1,659.404464,65.998559
59180,81,34,19,135,1,659.312876,65.986704
59190,87,46,10,144,1,659.224087,65.977139
59200,86,39,17,143,1,659.137319,65.968334
59210,80,34,20,135,1,659.051300,65.959047
59220,74,33,16,124,1,658.962543,65.950824
59230,64,34,8,107,1,658.870306,65.942586
59240,76,40,23,140,1,658.780025,65.932204
59250,91,37,9,138,1,658.692989,65.922927
59260,78,44,12,135,1,658.604183,65.914810
59270,71,26,9,107,1,658.514067,65.908786
59280,68,31,14,114,1,658.420432,65.899961
59290,60,28,6,95,1,658.326356,65.892093
59300,49,22,8,80,1,658.229500,65.883056
59310,48,21,7,77,1,658.131843,65.873493
59320,50,23,8,82,1,658.034820,65.864550
59330,56,19,11,87,1,657.937175,65.854544
59340,56,20,15,92,1,657.841398,65.845058
59350,61,19,11,92,1,657.746113,65.834289
59360,60,19,10,90,1,657.650369,65.824918
59370,42,24,10,77,1,657.553779,65.816794
59380,44,19,8,72,1,657.453665,65.807539
59390,43,21,7,72,1,657.354822,65.797413
59400,33,17,4,55,1,657.254424,65.786577
59410,30,7,7,45,1,657.152906,65.777625
59420,33,18,9,61,1,657.050686,65.765832
59430,53,17,18,89,1,656.952539,65.755555
59440,58,24,17,100,1,656.859036,65.744414
59450,48,9,4,62,1,656.762450,65.736287
59460,54,13,18,86,1,656.665468,65.724799
59470,59,26,13,99,1,656.571492,65.714056
59480,69,23,16,109,1,656.479381,65.704607
59490,60,23,20,104,1,656.387053,65.695909
59500,52,21,11,85,1,656.292371,65.687859
59510,60,18,12,91,1,656.197914,65.678395
59520,55,22,9,87,1,656.102569,65.669063
59530,63,23,15,102,1,656.007919,65.658807
59540,42,18,8,69,1,655.911804,65.651164
59550,43,5,5,54,1,655.811809,65.641476
59560,26,9,8,44,1,655.710842,65.631360
59570,37,12,5,55,1,655.609969,65.619820
59580,28,25,14,68,1,655.509460,65.609199
59590,51,18,5,75,1,655.411716,65.599406
59600,46,16,15,78,1,655.314419,65.589768
59610,54,18,6,79,1,655.218696,65.578856
59620,43,12,8,64,1,655.120456,65.571326
59630,38,21,7,67,1,655.021983,65.559809
59640,50,21,10,82,1,654.925713,65.550164
59650,52,22,9,84,1,654.829636,65.539878
59660,40,13,10,64,1,654.733605,65.532456
59670,45,17,11,74,1,654.636484,65.523824
59680,41,21,9,72,1,654.541047,65.513163
59690,36,20,2,59,1,654.441279,65.503826
59700,39,17,7,64,1,654.343577,65.492720
59710,44,18,6,69,1,654.245133,65.483515
59720,45,30,7,83,1,654.147253,65.472282
59730,49,20,12,82,1,654.051350,65.461796
59740,37,13,7,58,1,653.954673,65.453098
59750,37,14,4,56,1,653.855259,65.443686
59760,28,10,5,44,1,653.754504,65.434797
59770,25,13,10,49,1,653.652581,65.424695
59780,21,7,6,35,1,653.551164,65.415739
59790,24,5,2,32,1,653.447318,65.405116
59800,1,1,3,6,1,653.342404,65.396356
59810,3,1,1,6,1,653.234456,65.384556
59820,3,3,2,9,1,653.126858,65.374213
59830,3,4,1,9,1,653.018687,65.364907
59840,0,1,0,2,1,652.910106,65.355339
59850,9,4,1,15,1,652.802106,65.343206
59860,8,9,3,21,1,652.696916,65.331356
59870,0,1,0,2,1,652.590043,65.321959
59880,17,8,6,32,1,652.483567,65.310089
59890,31,7,6,45,1,652.380079,65.300703
59900,33,18,10,62,1,652.280121,65.290905
59910,33,9,9,52,1,652.180734,65.281492
59920,37,13,4,55,1,652.081958,65.272030
59930,48,18,10,77,1,651.984550,65.260852
59940,47,23,5,76,1,651.889054,65.252046
59950,57,19,11,88,1,651.794144,65.241445
59960,29,15,6,51,1,651.697935,65.233439
59970,15,8,3,27,1,651.595150,65.224772
59980,19,5,3,28,1,651.491038,65.214558
59990,14,7,3,25,1,651.387020,65.204026
60000,18,7,4,30,1,651.283684,65.195193
60010,19,2,7,29,1,651.180087,65.185573
60020,13,12,1,27,1,651.075567,65.174882
60030,7,2,2,12,1,650.970079,65.166593
60040,4,4,2,11,1,650.863802,65.155508
60050,13,7,3,24,1,650.758359,65.145484
60060,0,0,0,1,1,650.652586,65.137380
60070,8,13,7,29,1,650.547194,65.125189
60080,29,10,3,43,1,650.444728,65.114920
60090,36,8,5,50,1,650.344486,65.103572
60100,38,18,8,65,1,650.246887,65.094657
60110,30,11,6,48,1,650.148059,65.086270
60120,29,16,8,54,1,650.048333,65.075949
60130,44,23,8,76,1,649.949595,65.064970
60140,30,17,8,56,1,649.852639,65.056335
60150,39,7,3,50,1,649.752721,65.046104
60160,18,10,2,31,1,649.651567,65.037264
60170,17,8,5,31,1,649.547308,65.026815
60180,6,1,1,9,1,649.442573,65.017507
60190,3,1,1,6,1,649.335439,65.007094
60200,16,5,2,24,1,649.229296,64.994834
60210,19,6,2,28,1,649.126607,64.984110
60220,6,5,4,16,1,649.022100,64.974392
60230,6,3,3,13,1,648.916522,64.963702
60240,0,0,0,1,1,648.809843,64.954954
60250,12,3,1,17,1,648.703827,64.943896
60260,9,1,0,11,1,648.599131,64.934050
60270,3,2,1,7,1,648.492795,64.923823
60280,9,4,1,15,1,648.386993,64.912032
60290,10,4,1,16,1,648.282121,64.901737
60300,1,1,1,4,1,648.175513,64.891698
60310,4,0,0,5,1,648.069129,64.882543
60320,1,3,0,5,1,647.962246,64.873014
60330,2,4,1,8,1,647.855378,64.863916
60340,14,4,4,23,1,647.749167,64.852624
60350,18,6,1,26,1,647.646626,64.842452
60360,32,16,7,56,1,647.545292,64.830788
60370,42,16,5,64,1,647.448252,64.820845
60380,48,18,8,75,1,647.353013,64.809793
60390,43,18,8,70,1,647.257925,64.800691
60400,39,29,12,81,1,647.162587,64.789844
60410,48,26,14,89,1,647.070001,64.780993
60420,61,36,13,111,1,646.977937,64.770905
60430,67,29,9,106,1,646.888254,64.764489
60440,74,23,18,116,1,646.798045,64.754373
60450,73,42,11,127,1,646.711329,64.744070
60460,76,32,13,122,1,646.625217,64.736402
60470,78,32,12,123,1,646.537268,64.727692
60480,73,25,13,112,1,646.451163,64.718631
60490,66,36,13,116,1,646.363183,64.709704
60500,73,22,15,111,1,646.275533,64.701559
60510,70,23,12,106,1,646.186454,64.693164
60520,75,19,18,113,1,646.098281,64.683789
60530,54,25,12,92,1,646.008140,64.675394
60540,44,17,8,70,1,645.915235,64.668006
60550,41,18,7,67,1,645.820448,64.659893
60560,59,19,9,88,1,645.727625,64.648556
60570,55,17,10,83,1,645.635125,64.639283
60580,54,24,7,86,1,645.543131,64.630487
60590,43,12,13,69,1,645.449559,64.621320
60600,30,19,7,57,1,645.354818,64.613103
60610,41,15,10,67,1,645.258640,64.604314
60620,58,19,5,83,1,645.163737,64.593306
60630,58,22,13,94,1,645.071379,64.583620
60640,61,31,11,104,1,644.982483,64.573748
60650,69,35,10,115,1,644.894449,64.563323
60660,64,24,20,109,1,644.806924,64.555187
60670,64,25,8,98,1,644.716871,64.546159
60680,53,23,12,89,1,644.626834,64.537346
60690,74,31,13,119,1,644.537698,64.527771
60700,70,24,14,109,1,644.451154,64.518030
60710,74,28,12,115,1,644.363879,64.509281
60720,62,35,8,106,1,644.275317,64.502317
60730,57,31,12,101,1,644.187374,64.494351
60740,65,23,11,100,1,644.098674,64.485458
60750,55,25,14,95,1,644.008098,64.476696
60760,57,22,9,89,1,643.917437,64.469306
60770,64,35,13,113,1,643.827836,64.458411
60780,67,38,12,118,1,643.741381,64.451017
60790,72,28,10,111,1,643.653010,64.443324
60800,69,28,15,113,1,643.566554,64.435929
60810,80,31,14,126,1,643.479585,64.427102
60820,74,34,19,128,1,643.393698,64.418808
60830,76,31,19,127,1,643.309228,64.410761
60840,92,30,14,137,1,643.225581,64.399829
60850,84,31,15,131,1,643.142883,64.392173
60860,65,33,12,111,1,643.057528,64.385097
60870,61,28,13,103,1,642.969605,64.376387
60880,81,27,18,127,1,642.883360,64.368691
60890,84,24,18,127,1,642.798437,64.359328
60900,66,35,9,111,1,642.712633,64.351042
60910,59,19,11,90,1,642.623535,64.342319
60920,51,20,11,83,1,642.532400,64.334027
60930,71,24,11,107,1,642.442044,64.323276
60940,70,28,16,115,1,642.355106,64.313819
60950,80,30,30,141,1,642.270746,64.302613
60960,80,24,26,131,1,642.187539,64.295537
60970,70,30,14,115,1,642.103309,64.286247
60980,90,42,12,145,1,642.019746,64.276497
60990,86,43,7,137,1,641.937128,64.268740
61000,82,34,10,127,1,641.852778,64.261127
61010,73,47,13,134,1,641.769443,64.252349
61020,82,32,23,138,1,641.685236,64.244434
61030,86,35,25,147,1,641.602853,64.234698
61040,85,47,29,162,1,641.522411,64.226000
61050,107,56,18,182,1,641.445878,64.217378
61060,108,46,18,173,1,641.369969,64.209872
61070,96,41,17,155,1,641.290894,64.201943
61080,100,28,14,143,1,641.209066,64.194476
61090,110,24,14,149,1,641.128129,64.186887
61100,92,41,19,153,1,641.047852,64.178102
61110,113,41,24,179,1,640.970029,64.169983
61120,154,49,33,237,1,640.898839,64.158956
61130,128,52,26,207,1,640.829592,64.151487
61140,131,66,30,228,1,640.759728,64.144167
61150,132,64,25,222,1,640.691521,64.137328
61160,136,63,28,228,1,640.624082,64.129935
61170,130,49,33,213,1,640.555771,64.123821
61180,125,46,30,202,1,640.483916,64.116826
61190,136,49,30,216,1,640.413770,64.109478
61200,142,43,33,219,1,640.343967,64.103004
61210,150,47,33,231,1,640.276318,64.094858
61220,148,56,39,244,1,640.210866,64.086723
61230,156,65,49,271,1,640.148125,64.078127
61240,162,63,44,270,1,640.087530,64.071527
61250,167,70,33,271,1,640.027666,64.065106
61260,167,75,30,273,1,639.966858,64.057962
61270,175,77,30,283,1,639.907296,64.051258
61280,166,79,37,283,1,639.849703,64.045692
61290,166,86,35,288,1,639.792107,64.040754
61300,158,88,36,283,1,639.733872,64.034497
61310,170,71,33,275,1,639.674930,64.030260
61320,173,67,34,275,1,639.615274,64.024800
61330,179,70,33,283,1,639.556172,64.018561
61340,176,69,33,279,1,639.497927,64.013242
61350,174,68,33,276,1,639.438238,64.006944
61360,155,73,29,258,1,639.378422,64.001886
61370,159,63,26,249,1,639.315218,63.996906
61380,154,72,24,251,1,639.251293,63.990392
61390,147,70,17,235,1,639.186727,63.985170
61400,152,78,18,249,1,639.122579,63.978216
61410,144,83,24,252,1,639.058725,63.971709
61420,163,74,33,271,1,638.997404,63.965351
61430,158,68,32,259,1,638.936933,63.959496
61440,158,66,31,256,1,638.873712,63.953469
61450,152,70,31,254,1,638.810390,63.946807
61460,171,74,40,286,1,638.750639,63.938628
61470,185,83,38,307,1,638.695022,63.932946
61480,189,75,35,300,1,638.640164,63.926612
61490,185,71,33,290,1,638.584807,63.923142
61500,178,69,30,278,1,638.527054,63.917454
61510,202,76,31,310,1,638.471035,63.909340
61520,197,89,29,316,1,638.418083,63.903614
61530,200,84,40,325,1,638.365866,63.897961
61540,177,83,45,306,1,638.313060,63.893912
61550,198,76,49,324,1,638.260484,63.886977
61560,194,85,48,328,1,638.209757,63.880747
61570,194,81,39,315,1,638.158271,63.876519
61580,193,86,37,317,1,638.105602,63.870925
61590,203,84,34,322,1,638.054069,63.866276
61600,196,78,41,316,1,638.001084,63.860444
61610,178,75,42,296,1,637.947657,63.855916
61620,183,94,37,315,1,637.893342,63.849536
61630,198,86,36,321,1,637.840941,63.843556
61640,200,77,29,307,1,637.789114,63.839395
61650,205,70,36,312,1,637.735674,63.834036
61660,210,77,39,327,1,637.683457,63.827660
61670,213,87,41,342,1,637.634289,63.822004
61680,202,84,36,323,1,637.584966,63.818300
61690,203,83,38,325,1,637.533910,63.812663
61700,194,96,36,327,1,637.483565,63.806579
61710,196,97,38,332,1,637.433803,63.802623
61720,197,90,45,333,1,637.385096,63.797635
61730,199,87,45,332,1,637.336092,63.793341
61740,203,84,52,340,1,637.287444,63.788359
61750,189,87,52,329,1,637.239165,63.785895
61760,210,83,46,340,1,637.190304,63.779236
61770,219,94,45,359,1,637.144330,63.773075
61780,230,89,41,361,1,637.099847,63.768820
61790,226,91,48,366,1,637.055787,63.763161
61800,218,99,51,369,1,637.011665,63.761007
61810,223,100,53,377,1,636.969865,63.756194
61820,223,97,52,373,1,636.926959,63.751683
61830,225,88,48,362,1,636.881993,63.748308
61840,232,83,48,364,1,636.838410,63.742904
61850,226,83,52,362,1,636.793808,63.737193
61860,223,86,51,361,1,636.749709,63.734832
61870,214,87,46,348,1,636.703314,63.730178
61880,195,87,37,320,1,636.654220,63.728038
61890,189,102,26,318,1,636.602822,63.723089
61900,200,100,30,331,1,636.552138,63.717387
61910,196,123,31,351,1,636.503639,63.711801
61920,212,97,33,343,1,636.457894,63.706286
61930,231,85,33,350,1,636.410785,63.700737
61940,256,84,35,376,1,636.366858,63.693860
61950,255,82,39,377,1,636.324755,63.689328
61960,248,94,41,384,1,636.283207,63.685675
61970,253,110,40,404,1,636.243988,63.679786
61980,256,110,42,409,1,636.205571,63.677166
61990,241,109,40,391,1,636.166754,63.674505
62000,233,102,39,375,1,636.126608,63.671300
62010,230,98,48,377,1,636.085455,63.668405
62020,242,91,49,383,1,636.043727,63.663705
62030,228,103,47,379,1,636.003161,63.658710
62040,213,103,43,360,1,635.959846,63.654571
62050,207,92,40,340,1,635.912866,63.651091
62060,205,80,39,325,1,635.863436,63.646852
62070,220,76,42,339,1,635.815185,63.641500
62080,197,81,39,318,1,635.765155,63.638227
62090,204,84,38,327,1,635.713039,63.632282
62100,193,79,38,311,1,635.661358,63.627919
62110,215,68,36,320,1,635.610669,63.621400
62120,222,63,40,326,1,635.560305,63.615837
62130,220,68,41,330,1,635.511068,63.610694
62140,205,73,40,319,1,635.461990,63.607001
62150,191,79,39,310,1,635.410327,63.602025
62160,200,84,39,324,1,635.359008,63.596469
62170,199,87,31,318,1,635.307999,63.591456
62180,218,87,30,336,1,635.257454,63.585977
62190,221,89,23,334,1,635.210259,63.582165
62200,196,87,29,313,1,635.160612,63.578515
62210,200,85,39,325,1,635.109514,63.573084
62220,178,91,46,316,1,635.059324,63.568254
62230,178,87,40,306,1,635.007262,63.562624
62240,177,96,38,312,1,634.954299,63.556699
62250,179,90,39,309,1,634.901635,63.551213
62260,170,86,40,297,1,634.847176,63.546468
62270,190,80,41,312,1,634.793520,63.539759
62280,185,71,39,296,1,634.740270,63.535236
62290,160,71,38,270,1,634.682722,63.530487
62300,155,69,35,260,1,634.624208,63.525130
62310,162,68,33,264,1,634.564508,63.520573
62320,180,68,34,283,1,634.505671,63.513143
62330,177,63,32,273,1,634.448053,63.508895
62340,171,66,38,276,1,634.391987,63.505414
62350,181,66,46,294,1,634.336940,63.498364
62360,193,77,52,323,1,634.284625,63.491689
62370,187,79,49,316,1,634.233885,63.486600
62380,182,83,41,307,1,634.182166,63.481413
62390,192,85,38,316,1,634.130160,63.475892
62400,185,84,33,303,1,634.078496,63.471423
62410,177,75,43,296,1,634.024167,63.465567
62420,209,75,45,330,1,633.972692,63.458776
62430,203,66,54,324,1,633.924344,63.453723
62440,192,64,44,301,1,633.872667,63.448541
62450,181,67,40,289,1,633.818409,63.443608
62460,170,66,37,274,1,633.762212,63.439397
62470,166,64,33,264,1,633.703842,63.434153
62480,148,69,28,246,1,633.643969,63.428658
62490,144,69,26,240,1,633.582589,63.423926
62500,157,66,28,252,1,633.521421,63.416980
62510,156,62,29,248,1,633.459439,63.410663
62520,153,47,26,227,1,633.395840,63.404489
62530,162,47,28,238,1,633.332352,63.397312
62540,147,50,26,224,1,633.269202,63.392705
62550,124,60,27,212,1,633.202959,63.386165
62560,133,64,23,221,1,633.136186,63.379369
62570,152,53,23,229,1,633.070952,63.372727
62580,137,55,22,215,1,633.004770,63.366598
62590,147,65,26,239,1,632.940176,63.358905
62600,145,64,25,235,1,632.876864,63.354279
62610,148,77,25,251,1,632.815603,63.348136
62620,154,84,29,268,1,632.756768,63.341932
62630,161,87,37,286,1,632.699778,63.335913
62640,166,78,35,280,1,632.644860,63.330607
62650,187,74,34,296,1,632.589752,63.322955
62660,187,74,33,295,1,632.535327,63.316789
62670,192,71,31,295,1,632.481744,63.311718
62680,193,80,40,314,1,632.429953,63.305614
62690,212,86,46,345,1,632.380977,63.299489
62700,209,97,47,354,1,632.333982,63.295583
62710,209,94,46,350,1,632.288425,63.291417
62720,223,95,45,364,1,632.243746,63.285723
62730,213,84,42,340,1,632.199699,63.282314
62740,212,66,46,325,1,632.152746,63.277402
62750,188,66,46,301,1,632.101541,63.272973
62760,173,79,42,295,1,632.048123,63.268323
62770,164,84,31,280,1,631.993627,63.263967
62780,176,82,28,287,1,631.937841,63.259179
62790,171,71,29,272,1,631.882215,63.254206
62800,164,69,29,263,1,631.823769,63.249857
62810,159,65,36,261,1,631.764925,63.244863
62820,173,64,38,276,1,631.707001,63.239053
62830,185,60,42,288,1,631.651032,63.232331
62840,177,66,32,276,1,631.596744,63.226281
62850,193,79,35,308,1,631.543280,63.218905
62860,191,93,32,317,1,631.492728,63.212928
62870,183,84,39,307,1,631.442421,63.207278
62880,180,80,43,304,1,631.389987,63.201316
62890,170,65,45,281,1,631.336227,63.197031
62900,164,72,37,274,1,631.280408,63.193344
62910,169,72,41,283,1,631.224515,63.187135
62920,156,72,40,269,1,631.167062,63.180871
62930,150,91,41,283,1,631.112039,63.174248
62940,143,99,33,276,1,631.057001,63.168628
62950,150,83,37,271,1,631.000335,63.163347
62960,150,64,35,250,1,630.940435,63.158948
62970,162,59,27,249,1,630.880518,63.152940
62980,143,59,27,230,1,630.817658,63.147942
62990,141,55,31,228,1,630.754806,63.141840
63000,159,54,27,241,1,630.691354,63.134776
63010,140,62,27,230,1,630.629710,63.128895
63020,144,69,35,249,1,630.568268,63.120127
63030,150,71,36,258,1,630.507603,63.112641
63040,169,70,36,276,1,630.450334,63.105396
63050,172,72,31,276,1,630.394110,63.099358
63060,164,59,29,253,1,630.337014,63.094334
63070,157,61,28,247,1,630.276123,63.087429
63080,146,58,26,231,1,630.214409,63.082643
63090,135,54,38,228,1,630.150310,63.075017
63100,118,44,45,208,1,630.084909,63.069762
63110,111,51,37,200,1,630.017212,63.063776
63120,112,50,24,187,1,629.947885,63.058126
63130,134,51,26,212,1,629.879062,63.049628
63140,146,56,27,230,1,629.813611,63.042167
63150,159,51,20,231,1,629.750118,63.035702
63160,155,51,33,240,1,629.687174,63.030291
63170,145,60,37,243,1,629.626751,63.024532
63180,135,62,37,235,1,629.564568,63.017999
63190,139,56,37,233,1,629.501217,63.010350
63200,144,63,38,246,1,629.439877,63.003203
63210,137,64,33,235,1,629.378792,62.997977
63220,142,64,30,237,1,629.315923,62.992074
63230,143,62,28,234,1,629.253003,62.986763
63240,162,64,24,251,1,629.192393,62.979989
63250,153,49,30,233,1,629.131199,62.974651
63260,169,60,34,264,1,629.070788,62.966502
63270,189,65,35,290,1,629.015303,62.959046
63280,190,62,40,293,1,628.961538,62.952859
63290,187,67,36,291,1,628.907588,62.947749
63300,176,62,34,273,1,628.853116,62.943980
63310,161,57,22,241,1,628.793888,62.939137
63320,159,50,27,237,1,628.732298,62.933659
63330,153,50,24,228,1,628.669764,62.927688
63340,154,53,24,232,1,628.606534,62.921747
63350,142,60,18,221,1,628.542777,62.915555
63360,136,52,22,211,1,628.477875,62.908452
63370,137,50,30,218,1,628.412878,62.901440
63380,139,51,30,221,1,628.348070,62.894745
63390,150,51,30,232,1,628.283972,62.888419
63400,145,61,32,239,1,628.222034,62.881812
63410,125,62,34,222,1,628.159882,62.875879
63420,137,68,32,238,1,628.097329,62.869113
63430,144,76,27,248,1,628.036248,62.862295
63440,157,72,24,254,1,627.976213,62.855682
63450,151,74,26,252,1,627.917009,62.850242
63460,170,74,30,275,1,627.859240,62.842667
63470,177,85,37,300,1,627.805644,62.836401
63480,182,79,42,304,1,627.753991,62.831223
63490,190,76,36,303,1,627.703175,62.826524
63500,192,65,32,290,1,627.650889,62.822470
63510,206,59,32,298,1,627.599541,62.816926
63520,171,55,33,260,1,627.544864,62.813423
63530,167,57,41,266,1,627.487953,62.807124
63540,155,68,41,265,1,627.430366,62.801351
63550,156,65,34,256,1,627.371627,62.795462
63560,156,63,31,251,1,627.313058,62.789096
63570,157,69,31,258,1,627.254389,62.782622
63580,156,70,35,262,1,627.196301,62.776996
63590,173,74,43,291,1,627.140991,62.772538
63600,183,72,39,295,1,627.088443,62.767368
63610,159,66,31,257,1,627.032941,62.763384
63620,148,62,25,236,1,626.973100,62.757977
63630,151,61,22,235,1,626.911177,62.752065
63640,155,71,29,256,1,626.851855,62.744736
63650,159,82,31,273,1,626.796113,62.738752
63660,163,83,38,285,1,626.741949,62.734012
63670,160,74,39,274,1,626.689107,62.727924
63680,145,70,29,245,1,626.630260,62.723307
63690,136,62,25,224,1,626.568696,62.718416
63700,123,56,19,199,1,626.503262,62.712448
63710,117,59,26,203,1,626.437486,62.706839
63720,124,46,22,193,1,626.371143,62.701173
63730,125,56,13,195,1,626.304018,62.695035
63740,121,67,15,204,1,626.237511,62.688466
63750,117,59,25,202,1,626.171680,62.680389
63760,110,56,24,191,1,626.104504,62.674344
63770,103,61,24,189,1,626.035506,62.667427
63780,104,55,30,190,1,625.967355,62.660693
63790,110,44,26,181,1,625.898848,62.654415
63800,107,47,23,178,1,625.828400,62.646862
63810,115,38,19,173,1,625.756997,62.639507
63820,118,43,23,185,1,625.687915,62.632091
63830,111,37,27,176,1,625.618532,62.624939
63840,91,30,20,142,1,625.544288,62.619658
63850,85,36,23,145,1,625.469066,62.612117
63860,82,27,24,134,1,625.392570,62.603959
63870,92,39,22,154,1,625.317210,62.595424
63880,74,50,19,144,1,625.241964,62.587882
63890,73,49,21,144,1,625.166820,62.580448
63900,83,35,22,141,1,625.091372,62.572591
63910,75,33,22,131,1,625.014894,62.565416
63920,75,28,16,120,1,624.937417,62.558924
63930,61,28,12,102,1,624.855071,62.551943
63940,55,21,15,92,1,624.771525,62.543276
63950,59,22,13,95,1,624.688844,62.534499
63960,61,16,18,96,1,624.606351,62.525644
63970,60,30,11,102,1,624.523496,62.516263
63980,58,29,12,100,1,624.441116,62.507714
63990,65,27,10,103,1,624.358776,62.499363
64000,56,31,15,103,1,624.278259,62.490414
64010,63,18,15,97,1,624.196556,62.482421
64020,61,31,10,103,1,624.115888,62.474239
64030,69,28,9,107,1,624.035740,62.466011
64040,90,29,12,132,1,623.957064,62.457930
64050,93,32,16,142,1,623.881372,62.450051
64060,89,33,17,140,1,623.806057,62.442112
64070,86,29,15,131,1,623.730265,62.434321
64080,83,42,18,144,1,623.654612,62.425861
64090,85,34,22,142,1,623.580268,62.418995
64100,79,29,20,129,1,623.504340,62.411580
64110,78,41,17,137,1,623.427424,62.403969
64120,70,34,13,118,1,623.349319,62.398284
64130,79,23,14,117,1,623.271586,62.390298
64140,56,31,8,96,1,623.190087,62.383493
64150,34,19,8,62,1,623.104666,62.377365
64160,27,9,6,43,1,623.014914,62.368662
64170,43,22,5,71,1,622.926427,62.359210
64180,44,12,9,66,1,622.840919,62.350834
64190,40,10,7,58,1,622.753637,62.343058
64200,28,15,7,51,1,622.665073,62.335251
64210,47,21,9,78,1,622.577611,62.323764
64220,50,18,13,82,1,622.493728,62.314676
64230,38,11,13,63,1,622.407758,62.307322
64240,24,13,9,47,1,622.319422,62.299440
64250,46,16,6,69,1,622.231616,62.290445
64260,33,15,4,53,1,622.143849,62.281939
64270,36,16,9,62,1,622.056206,62.273834
64280,45,18,7,71,1,621.969506,62.264659
64290,36,9,7,53,1,621.882038,62.256183
64300,24,11,5,41,1,621.792295,62.247770
64310,21,9,0,31,1,621.701615,62.240231
64320,10,12,2,25,1,621.608497,62.230220
64330,10,2,4,17,1,621.514782,62.222473
64340,14,10,7,32,1,621.422629,62.212753
64350,30,10,10,51,1,621.332631,62.202377
64360,30,22,7,60,1,621.244935,62.193297
64370,27,17,7,52,1,621.155951,62.184764
64380,30,9,4,44,1,621.066880,62.176223
64390,13,1,3,18,1,620.975016,62.168562
64400,6,1,2,10,1,620.879785,62.159790
64410,12,4,3,20,1,620.784924,62.150379
64420,15,9,8,33,1,620.692364,62.140328
64430,27,12,6,46,1,620.601851,62.131159
64440,31,14,6,52,1,620.511271,62.120149
64450,49,16,7,73,1,620.425509,62.110299
64460,44,23,8,76,1,620.341290,62.101471
64470,47,22,4,74,1,620.256556,62.093364
64480,49,18,11,79,1,620.172787,62.085931
64490,40,21,14,76,1,620.088334,62.078237
64500,31,21,7,60,1,620.003719,62.069466
64510,32,11,8,52,1,619.915461,62.062257
64520,42,11,3,57,1,619.828874,62.053193
64530,49,20,11,81,1,619.743304,62.043267
64540,50,21,10,82,1,619.660431,62.035056
64550,50,23,9,83,1,619.576547,62.026263
64560,59,23,10,93,1,619.493046,62.016739
64570,63,30,8,102,1,619.412039,62.008331
64580,68,23,19,111,1,619.332820,61.999717
64590,58,24,21,104,1,619.253961,61.993926
64600,67,24,19,111,1,619.174308,61.986134
64610,78,35,17,131,1,619.098372,61.977753
64620,77,37,15,130,1,619.022613,61.969870
64630,73,34,22,130,1,618.946160,61.962494
64640,83,37,13,134,1,618.870484,61.955387
64650,80,41,18,140,1,618.795997,61.947152
64660,89,36,12,138,1,618.721965,61.939730
64670,83,27,17,128,1,618.647103,61.933951
64680,82,37,20,140,1,618.572311,61.926261
64690,78,30,14,123,1,618.496911,61.919852
64700,111,35,15,162,1,618.422968,61.910140
64710,120,34,18,173,1,618.351897,61.902057
64720,130,35,27,193,1,618.285328,61.894712
64730,111,43,30,185,1,618.218604,61.887448
64740,116,57,31,205,1,618.152733,61.879313
64750,116,57,25,199,1,618.089034,61.872735
64760,128,56,21,206,1,618.024909,61.866210
64770,121,44,22,188,1,617.959095,61.859421
64780,124,44,20,189,1,617.893036,61.851365
64790,123,45,17,186,1,617.826315,61.846301
64800,112,47,18,178,1,617.758977,61.840028
64810,94,38,21,154,1,617.690024,61.834835
64820,107,27,22,157,1,617.618345,61.827458
64830,105,30,12,148,1,617.547134,61.820988
64840,116,35,19,171,1,617.476766,61.812406
64850,107,42,24,174,1,617.407976,61.805224
64860,100,51,26,178,1,617.339447,61.798258
64870,110,52,20,183,1,617.272239,61.792188
64880,122,60,17,200,1,617.206945,61.785546
64890,128,55,20,204,1,617.142578,61.777949
64900,110,43,25,179,1,617.076124,61.772431
64910,114,52,27,194,1,617.010216,61.764870
64920,128,52,19,200,1,616.944379,61.758556
64930,116,44,22,183,1,616.878843,61.753890
64940,106,38,27,172,1,616.811177,61.748057
64950,111,33,25,170,1,616.742181,61.741330
64960,111,40,20,172,1,616.673196,61.734890
64970,104,46,20,171,1,616.603433,61.727990
64980,106,44,19,170,1,616.535078,61.720852
64990,110,42,25,178,1,616.465859,61.714387
65000,115,48,20,184,1,616.399181,61.707131
65010,119,47,20,187,1,616.333342,61.700530
65020,104,35,20,160,1,616.265098,61.695303
65030,104,38,29,172,1,616.197127,61.689247
65040,101,46,33,181,1,616.128813,61.681828
65050,98,45,30,174,1,616.061530,61.675651
65060,111,50,28,190,1,615.995745,61.668295
65070,113,52,25,191,1,615.930683,61.661676
65080,130,55,26,212,1,615.866495,61.653722
65090,131,47,32,211,1,615.804863,61.647352
65100,141,47,33,222,1,615.743689,61.641028
65110,132,56,29,218,1,615.683204,61.634868
65120,143,60,28,232,1,615.623332,61.627917
65130,145,63,28,237,1,615.565461,61.622871
65140,130,57,29,217,1,615.505605,61.616964
65150,145,45,21,212,1,615.442668,61.610937
65160,139,56,15,211,1,615.381466,61.605557
65170,121,61,22,205,1,615.318125,61.599395
65180,100,41,26,168,1,615.252132,61.594197
65190,125,47,25,198,1,615.186121,61.585970
65200,133,49,29,212,1,615.122930,61.579728
65210,124,50,36,211,1,615.060176,61.572112
65220,124,53,28,206,1,614.998453,61.566207
65230,126,57,25,209,1,614.934798,61.559446
65240,130,46,25,202,1,614.871556,61.553011
65250,133,44,13,191,1,614.806862,61.546619
65260,145,51,19,216,1,614.744052,61.539283
65270,147,46,30,224,1,614.681824,61.532760
65280,130,50,32,213,1,614.621319,61.526316
65290,138,52,32,223,1,614.561588,61.521270
65300,138,55,28,222,1,614.500870,61.515465
65310,143,55,27,226,1,614.439954,61.508508
65320,132,51,22,206,1,614.377655,61.503204
65330,127,47,18,193,1,614.313521,61.497622
65340,99,36,19,155,1,614.244198,61.491991
65350,106,35,15,157,1,614.174217,61.484504
65360,112,37,17,167,1,614.104585,61.476487
65370,106,47,20,174,1,614.035757,61.470246
65380,114,43,19,177,1,613.968551,61.462473
65390,114,27,20,162,1,613.901091,61.456744
65400,107,41,23,172,1,613.833178,61.448995
65410,107,52,15,175,1,613.766433,61.442303
65420,89,44,15,149,1,613.697164,61.435923
65430,83,37,24,145,1,613.625187,61.429553
65440,83,35,28,147,1,613.553875,61.421464
65450,90,35,21,147,1,613.482077,61.414736
65460,91,35,15,142,1,613.410280,61.406787
65470,88,39,17,145,1,613.338072,61.399643
65480,83,40,21,145,1,613.267341,61.392646
65490,79,26,22,128,1,613.193338,61.384946
65500,83,31,14,129,1,613.118868,61.376262
65510,80,34,8,123,1,613.043684,61.369101
65520,62,23,20,106,1,612.967582,61.362504
65530,44,35,13,93,1,612.888434,61.354945
65540,57,18,19,95,1,612.809311,61.345984
65550,56,27,16,100,1,612.730059,61.337759
65560,61,28,17,107,1,612.652131,61.330323
65570,59,28,14,102,1,612.574076,61.322031
65580,57,27,19,104,1,612.496264,61.313577
65590,62,28,11,102,1,612.420030,61.305561
65600,90,27,12,130,1,612.344383,61.295921
65610,88,34,19,142,1,612.271733,61.287050
65620,85,32,21,139,1,612.200040,61.279397
65630,97,35,23,156,1,612.129969,61.272281
65640,103,36,19,159,1,612.060135,61.265001
65650,80,23,19,123,1,611.988449,61.260338
65660,74,36,15,126,1,611.913622,61.251158
65670,75,30,22,128,1,611.840663,61.243566
65680,91,28,19,139,1,611.766481,61.236225
65690,90,41,18,150,1,611.695048,61.229718
65700,98,52,23,174,1,611.625324,61.220678
65710,102,41,22,166,1,611.557806,61.214750
65720,100,37,25,163,1,611.490089,61.208895
65730,91,34,20,146,1,611.421981,61.203560
65740,78,37,18,134,1,611.350430,61.196947
65750,85,30,16,132,1,611.278159,61.190076
65760,95,29,15,140,1,611.205472,61.182046
65770,90,30,16,137,1,611.134309,61.174633
65780,95,30,18,144,1,611.062810,61.166909
65790,72,34,15,122,1,610.990149,61.161115
65800,77,27,15,120,1,610.914515,61.154465
65810,79,27,20,127,1,610.840522,61.147048
65820,86,32,29,148,1,610.768586,61.138908
65830,84,42,25,152,1,610.698181,61.131386
65840,99,36,21,157,1,610.628721,61.123215
65850,98,39,27,165,1,610.560179,61.116810
65860,98,38,33,170,1,610.492737,61.109585
65870,99,51,16,167,1,610.425238,61.103748
65880,92,43,22,158,1,610.357466,61.097883
65890,108,39,27,175,1,610.290037,61.089361
65900,114,47,27,189,1,610.225863,61.082093
65910,110,51,28,190,1,610.161785,61.075948
65920,111,50,30,192,1,610.098163,61.068736
65930,99,46,30,176,1,610.032837,61.062466
65940,116,43,22,182,1,609.967430,61.055632
65950,119,47,21,188,1,609.903346,61.048560
65960,121,57,26,205,1,609.840704,61.042373
65970,127,54,26,208,1,609.780127,61.035190
65980,142,46,26,215,1,609.720207,61.029184
65990,144,45,27,217,1,609.660023,61.023243
66000,135,54,24,214,1,609.600389,61.016248
66010,141,63,23,228,1,609.541194,61.009667
66020,139,60,26,226,1,609.482088,61.003187
66030,137,55,29,222,1,609.423618,60.997789
66040,137,64,34,236,1,609.364655,60.991879
66050,148,77,28,254,1,609.310003,60.985938
66060,152,79,34,266,1,609.257886,60.980252
66070,149,66,32,248,1,609.205065,60.974864
66080,139,64,34,238,1,609.149606,60.969675
66090,136,62,32,231,1,609.093952,60.964465
66100,143,57,27,228,1,609.036317,60.959057
66110,148,64,24,237,1,608.979643,60.952638
66120,147,66,28,242,1,608.922949,60.947509
66130,159,67,31,258,1,608.867465,60.941670
66140,149,64,34,248,1,608.813025,60.936398
66150,156,67,35,259,1,608.758912,60.930697
66160,145,66,36,248,1,608.705911,60.926950
66170,149,58,38,246,1,608.650703,60.922061
66180,143,59,36,239,1,608.595336,60.917616
66190,122,60,40,223,1,608.538208,60.913087
66200,117,57,30,205,1,608.479125,60.907992
66210,132,50,22,205,1,608.417925,60.902594
66220,129,41,18,189,1,608.356421,60.896704
66230,91,26,15,133,1,608.289152,60.892354
66240,79,28,19,127,1,608.217344,60.886261
66250,91,33,12,137,1,608.145758,60.878165
66260,60,34,13,108,1,608.072832,60.872234
66270,61,37,21,120,1,607.998245,60.863287
66280,65,32,19,117,1,607.924350,60.854777
66290,63,26,18,108,1,607.849290,60.848265
66300,65,28,9,103,1,607.773662,60.840225
66310,58,31,7,97,1,607.697712,60.832429
66320,42,22,9,74,1,607.618328,60.825116
66330,49,20,5,75,1,607.537946,60.817886
66340,47,19,6,73,1,607.456282,60.810527
66350,43,18,8,70,1,607.374899,60.802462
66360,38,19,3,61,1,607.293837,60.794521
66370,36,17,9,63,1,607.211529,60.787096
66380,41,10,9,61,1,607.129267,60.779310
66390,40,18,10,69,1,607.048177,60.772007
66400,59,16,9,85,1,606.969167,60.763171
66410,46,26,7,80,1,606.890469,60.756106
66420,45,23,11,80,1,606.811549,60.748104
66430,50,12,14,77,1,606.732181,60.740423
66440,53,22,7,83,1,606.652928,60.732662
66450,57,19,10,87,1,606.573233,60.725131
66460,43,22,13,79,1,606.494269,60.718038
66470,51,24,13,89,1,606.415500,60.708496
66480,60,25,12,98,1,606.339295,60.700675
66490,37,14,6,58,1,606.260024,60.693734
66500,29,17,8,55,1,606.176094,60.685321
66510,33,18,3,55,1,606.091810,60.677513
66520,25,15,8,49,1,606.009026,60.669671
66530,32,9,4,46,1,605.926157,60.661730
66540,36,13,4,54,1,605.843427,60.653346
66550,49,19,10,79,1,605.762378,60.643853
66560,47,14,4,66,1,605.682907,60.636525
66570,34,8,5,48,1,605.601256,60.630073
66580,18,5,4,28,1,605.515950,60.622433
66590,29,12,3,45,1,605.431828,60.612816
66600,42,12,2,57,1,605.348617,60.604019
66610,43,13,8,65,1,605.266267,60.595218
66620,33,14,9,57,1,605.184748,60.586683
66630,47,17,7,72,1,605.102950,60.577846
66640,62,19,15,97,1,605.025073,60.569494
66650,42,30,7,80,1,604.946771,60.561736
66660,46,24,4,75,1,604.868128,60.554762
66670,53,22,12,88,1,604.789092,60.546658
66680,63,19,14,97,1,604.712802,60.538555
66690,81,25,14,121,1,604.637800,60.529129
66700,77,27,15,120,1,604.565203,60.520580
66710,115,44,26,186,1,604.496907,60.510827
66720,126,44,21,192,1,604.434875,60.504881
66730,128,47,21,197,1,604.374269,60.497988
66740,145,45,21,212,1,604.313371,60.491793
66750,136,52,28,217,1,604.254758,60.486370
66760,122,42,32,197,1,604.195415,60.480783
66770,134,47,26,208,1,604.135378,60.474764
66780,115,55,23,194,1,604.075606,60.469588
66790,101,52,35,189,1,604.013751,60.463205
66800,94,49,34,178,1,603.950710,60.457973
66810,94,40,17,152,1,603.886052,60.453031
66820,87,34,22,144,1,603.818535,60.446715
66830,95,30,23,149,1,603.749894,60.439562
66840,98,44,24,167,1,603.682762,60.431836
66850,104,39,17,161,1,603.617211,60.424903
66860,116,33,26,176,1,603.552196,60.417933
66870,125,47,31,204,1,603.489575,60.410027
66880,132,53,26,212,1,603.431259,60.403276
66890,137,67,28,233,1,603.374064,60.396367
66900,126,72,26,225,1,603.318058,60.390662
66910,134,63,26,224,1,603.261788,60.383846
66920,134,52,24,211,1,603.203320,60.378979
66930,125,45,29,200,1,603.143575,60.373531
66940,121,57,21,200,1,603.082414,60.366949
66950,117,61,17,196,1,603.022298,60.360833
66960,117,49,22,189,1,602.961475,60.355908
66970,112,33,19,165,1,602.897187,60.349735
66980,97,30,23,151,1,602.831907,60.343913
66990,81,34,21,137,1,602.762500,60.337587
67000,102,41,21,165,1,602.696027,60.328851
67010,104,40,22,167,1,602.629966,60.322049
67020,127,45,19,192,1,602.567153,60.314582
67030,116,52,20,189,1,602.504805,60.308062
67040,124,53,30,208,1,602.444506,60.300398
67050,134,66,34,235,1,602.387580,60.293251
67060,143,59,34,237,1,602.333745,60.288665
67070,158,52,39,250,1,602.279921,60.282099
67080,150,49,36,236,1,602.225363,60.278160
67090,145,50,29,225,1,602.170935,60.274052
67100,141,51,29,222,1,602.114616,60.267418
67110,154,58,41,254,1,602.060729,60.259859
67120,152,60,35,248,1,602.008959,60.255028
67130,159,70,29,259,1,601.958724,60.250262
67140,149,68,24,242,1,601.906765,60.245502
67150,153,55,29,238,1,601.852513,60.240154
67160,169,48,37,255,1,601.798448,60.234465
67170,161,45,39,246,1,601.746813,60.229199
67180,162,56,31,250,1,601.693840,60.222812
67190,136,70,25,232,1,601.640604,60.219449
67200,150,66,28,245,1,601.586619,60.214037
67210,156,56,31,244,1,601.532723,60.209352
67220,157,59,29,246,1,601.479931,60.203880
67230,153,63,31,248,1,601.427280,60.197885
67240,147,72,26,246,1,601.375235,60.193026
67250,138,76,28,243,1,601.321219,60.188507
67260,121,65,32,219,1,601.266585,60.183746
67270,137,54,32,224,1,601.209044,60.177889
67280,134,45,26,206,1,601.151351,60.173359
67290,145,50,34,230,1,601.094039,60.167255
67300,141,56,34,232,1,601.039363,60.160253
67310,160,61,27,249,1,600.985109,60.153114
67320,154,56,25,236,1,600.932454,60.148372
67330,134,44,26,205,1,600.875647,60.143930
67340,151,47,26,225,1,600.818506,60.137219
67350,158,49,27,235,1,600.763274,60.130789
67360,150,51,32,234,1,600.709335,60.125829
67370,130,51,30,212,1,600.653840,60.121516
67380,148,45,30,224,1,600.596381,60.114328
67390,135,59,35,230,1,600.540737,60.108661
67400,118,56,29,204,1,600.484382,60.104441
67410,145,57,26,229,1,600.428241,60.097207
67420,125,57,27,210,1,600.372467,60.092062
67430,113,47,31,192,1,600.313650,60.085632
67440,142,52,27,222,1,600.256031,60.078787
67450,134,53,25,213,1,600.198663,60.072324
67460,147,58,25,231,1,600.143919,60.065678
67470,144,51,22,218,1,600.088479,60.060657
67480,154,51,27,233,1,600.032740,60.053645
67490,148,61,27,237,1,599.978753,60.047255
67500,150,56,28,235,1,599.924627,60.041741
67510,146,53,27,227,1,599.870497,60.036584
67520,141,47,36,225,1,599.813765,60.029386
67530,146,51,33,231,1,599.758872,60.023529
67540,139,50,22,212,1,599.702608,60.018603
67550,147,59,19,226,1,599.647357,60.011288
67560,144,64,20,229,1,599.592481,60.006145
67570,140,59,25,225,1,599.537520,60.000548
67580,161,62,31,255,1,599.484459,59.994520
67590,146,56,37,240,1,599.432639,59.991371
67600,138,49,29,217,1,599.378233,59.987339
67610,139,46,31,217,1,599.321331,59.981637
67620,123,50,27,201,1,599.263630,59.977631
67630,120,52,34,207,1,599.205207,59.971154
67640,128,55,38,222,1,599.148177,59.964729
67650,145,59,34,239,1,599.095218,59.959155
67660,155,64,27,247,1,599.043215,59.953234
67670,151,76,20,248,1,598.991199,59.948642
67680,149,85,26,261,1,598.940929,59.943869
67690,161,87,27,276,1,598.892251,59.938635
67700,166,78,33,278,1,598.843833,59.934934
67710,174,70,32,277,1,598.796091,59.931300
67720,181,70,38,290,1,598.748178,59.925788
67730,167,55,32,255,1,598.700995,59.922210
67740,153,62,34,250,1,598.649391,59.916417
67750,158,75,37,271,1,598.599241,59.910240
67760,159,63,30,253,1,598.549278,59.906825
67770,162,72,27,262,1,598.498713,59.901137
67780,150,65,30,246,1,598.447893,59.896927
67790,161,58,24,244,1,598.396126,59.891473
67800,176,55,34,266,1,598.346271,59.886476
67810,165,50,33,249,1,598.295688,59.882554
67820,167,55,36,259,1,598.244964,59.877293
67830,150,57,33,241,1,598.194321,59.872923
67840,145,54,29,229,1,598.141098,59.868295
67850,141,62,31,235,1,598.088071,59.863951
67860,150,59,30,240,1,598.034496,59.858315
67870,152,75,33,261,1,597.983999,59.852282
67880,156,55,27,239,1,597.931823,59.847846
67890,155,56,32,244,1,597.879593,59.842169
67900,143,70,37,251,1,597.827988,59.836202
67910,151,66,34,252,1,597.776906,59.831787
67920,135,66,32,234,1,597.724784,59.827003
67930,133,69,26,229,1,597.670061,59.821341
67940,133,73,26,233,1,597.616621,59.816249
67950,137,56,23,217,1,597.561606,59.811791
67960,128,41,20,190,1,597.503640,59.807038
67970,130,41,18,190,1,597.443830,59.801219
67980,135,51,23,210,1,597.385890,59.794883
67990,127,57,17,202,1,597.328296,59.790166
68000,113,57,10,181,1,597.268610,59.784887
68010,104,51,18,174,1,597.205168,59.778793
68020,104,42,14,161,1,597.141740,59.773139
68030,113,37,17,168,1,597.079065,59.766856
68040,101,41,23,166,1,597.015890,59.760700
68050,95,41,24,161,1,596.952145,59.754310
68060,102,44,15,162,1,596.888162,59.748248
68070,112,48,15,176,1,596.824371,59.740449
68080,118,44,18,181,1,596.762002,59.734285
68090,129,46,18,194,1,596.700021,59.726492
68100,100,34,21,156,1,596.637414,59.722148
68110,115,44,24,184,1,596.575362,59.715489
68120,119,56,14,190,1,596.516141,59.708851
68130,133,52,15,201,1,596.458309,59.703317
68140,120,49,16,186,1,596.399248,59.698186
68150,112,65,23,201,1,596.340719,59.691355
68160,105,64,22,192,1,596.281465,59.686292
68170,113,68,32,214,1,596.223787,59.680159
68180,118,70,33,222,1,596.168985,59.674490
68190,115,54,29,199,1,596.112573,59.669711
68200,134,43,30,208,1,596.054478,59.663799
68210,137,42,29,209,1,595.997659,59.657753
68220,132,56,27,216,1,595.940435,59.651929
68230,131,59,27,218,1,595.885732,59.646708
68240,149,60,32,242,1,595.832170,59.640200
68250,150,61,33,245,1,595.780506,59.634758
68260,147,65,35,248,1,595.729523,59.630084
68270,156,62,34,253,1,595.678798,59.624998
68280,152,59,37,249,1,595.628619,59.619355
68290,149,69,45,264,1,595.578699,59.613564
68300,144,64,46,255,1,595.530935,59.608600
68310,150,72,46,269,1,595.481546,59.602950
68320,140,55,42,238,1,595.432120,59.599130
68330,143,57,35,236,1,595.378870,59.593442
68340,159,70,36,266,1,595.328261,59.586710
68350,141,63,26,231,1,595.276406,59.583083
68360,123,58,32,214,1,595.222059,59.579380
68370,133,51,31,216,1,595.165907,59.574536
68380,139,47,27,214,1,595.110962,59.569289
68390,133,61,21,216,1,595.055268,59.564403
68400,142,69,22,234,1,595.001390,59.558304
68410,131,44,23,199,1,594.945285,59.553638
68420,135,44,22,202,1,594.887469,59.548888
68430,125,48,18,192,1,594.829218,59.543570
68440,119,46,21,187,1,594.770778,59.537363
68450,103,40,20,164,1,594.710212,59.532685
68460,103,31,24,159,1,594.647243,59.526024
68470,99,38,22,160,1,594.583339,59.520227
68480,97,31,20,149,1,594.518997,59.513603
68490,83,36,16,136,1,594.452129,59.507422
68500,102,32,15,150,1,594.386570,59.499981
68510,77,31,17,126,1,594.319211,59.494620
68520,79,40,12,132,1,594.251593,59.486886
68530,79,32,16,128,1,594.183421,59.480227
68540,81,30,14,126,1,594.115143,59.472775
68550,71,31,14,117,1,594.045859,59.466264
68560,86,24,14,125,1,593.977995,59.459115
68570,92,45,10,148,1,593.910966,59.451875
68580,93,46,17,157,1,593.846447,59.445408
68590,103,32,15,151,1,593.781478,59.439502
68600,101,38,17,157,1,593.717387,59.432991
68610,96,45,18,160,1,593.654308,59.425974
68620,114,50,11,176,1,593.591438,59.418025
68630,95,51,19,166,1,593.529442,59.411031
68640,88,58,25,172,1,593.467659,59.405271
68650,93,55,15,164,1,593.405772,59.399934
68660,87,42,18,148,1,593.342289,59.394523
68670,69,33,14,117,1,593.274812,59.388885
68680,69,23,14,107,1,593.203904,59.382038
68690,83,38,18,140,1,593.135602,59.374240
68700,81,25,15,122,1,593.067853,59.368920
68710,53,26,15,95,1,592.997006,59.363289
68720,51,17,13,82,1,592.923601,59.355758
68730,50,17,8,76,1,592.849985,59.348034
68740,58,16,9,84,1,592.775453,59.340563
68750,43,29,10,83,1,592.701029,59.332067
68760,40,20,11,72,1,592.625408,59.324834
68770,54,20,11,86,1,592.550780,59.317008
68780,62,21,12,96,1,592.478028,59.309630
68790,68,21,19,109,1,592.406137,59.301734
68800,71,30,10,112,1,592.336797,59.294353
68810,79,32,11,123,1,592.268449,59.286812
68820,73,39,14,127,1,592.201017,59.279536
68830,78,25,13,117,1,592.132313,59.273512
68840,60,25,14,100,1,592.062086,59.266129
68850,74,31,13,119,1,591.992225,59.257232
68860,61,28,10,100,1,591.920913,59.251033
68870,72,27,11,111,1,591.850492,59.242942
68880,76,35,18,130,1,591.782337,59.234476
68890,68,26,17,112,1,591.713831,59.228127
68900,79,21,21,122,1,591.645675,59.220350
68910,73,29,10,113,1,591.575870,59.213441
68920,66,17,20,104,1,591.507539,59.206593
68930,69,23,7,100,1,591.436732,59.199669
68940,63,31,6,101,1,591.364766,59.193145
68950,62,27,11,101,1,591.294203,59.186504
68960,58,25,17,101,1,591.223740,59.179700
68970,69,30,18,118,1,591.155108,59.172049
68980,92,43,15,151,1,591.089507,59.164187
68990,90,40,11,142,1,591.023250,59.157289
69000,86,49,26,162,1,590.958703,59.149877
69010,111,38,30,180,1,590.898077,59.141656
69020,117,34,21,173,1,590.838130,59.136506
69030,131,37,29,198,1,590.780047,59.128971
69040,120,51,23,195,1,590.722830,59.122979
69050,117,58,28,204,1,590.666904,59.117546
69060,123,47,30,201,1,590.610558,59.111300
69070,130,51,27,209,1,590.554815,59.106056
69080,126,58,30,215,1,590.499728,59.101477
69090,127,47,27,202,1,590.444674,59.096901
69100,132,60,29,222,1,590.389933,59.090644
69110,114,48,21,184,1,590.333792,59.086130
69120,120,43,23,187,1,590.275740,59.080569
69130,98,42,20,161,1,590.215003,59.076364
69140,115,40,23,179,1,590.153921,59.068874
69150,91,41,24,157,1,590.093190,59.063471
69160,86,37,23,147,1,590.028851,59.057964
69170,84,24,16,125,1,589.962951,59.052043
69180,92,32,11,136,1,589.897407,59.044620
69190,79,34,11,125,1,589.831399,59.039372
69200,86,28,18,133,1,589.764790,59.032526
69210,70,28,16,115,1,589.697720,59.027426
69220,75,35,10,121,1,589.630203,59.020318
69230,73,32,12,118,1,589.563101,59.014105
69240,79,30,13,123,1,589.495428,59.007579
69250,80,27,11,119,1,589.427825,59.000718
69260,68,27,20,116,1,589.359633,58.993543
69270,74,31,14,120,1,589.291484,58.985690
69280,85,35,12,133,1,589.224438,58.979482
69290,86,42,16,145,1,589.159604,58.973495
69300,83,37,18,139,1,589.094543,58.966208
69310,77,38,24,140,1,589.029234,58.959493
69320,88,41,18,148,1,588.964236,58.952638
69330,98,45,24,168,1,588.901712,58.944925
69340,100,47,20,168,1,588.840658,58.938635
69350,110,33,31,175,1,588.781215,58.932933
69360,125,27,33,186,1,588.722054,58.926748
69370,123,32,29,185,1,588.664425,58.921142
69380,118,40,32,191,1,588.606569,58.915258
69390,122,58,31,212,1,588.552209,58.907770
69400,135,66,22,224,1,588.499232,58.901950
69410,143,55,24,223,1,588.445567,58.897506
69420,157,52,30,240,1,588.394472,58.892384
69430,143,57,30,231,1,588.344744,58.887569
69440,147,64,31,243,1,588.293374,58.883014
69450,161,58,32,252,1,588.244074,58.877223
69460,170,59,30,260,1,588.196307,58.872265
69470,158,75,32,266,1,588.149336,58.868150
69480,147,79,29,256,1,588.102090,58.863583
69490,162,82,34,279,1,588.056727,58.858017
69500,176,76,30,283,1,588.012522,58.852907
69510,170,72,30,273,1,587.968552,58.848753
69520,171,67,30,269,1,587.923803,58.845199
69530,158,63,29,251,1,587.877759,58.842192
69540,177,69,36,283,1,587.831077,58.835733
69550,182,72,36,291,1,587.788613,58.831560
69560,192,69,40,302,1,587.746394,58.826565
69570,182,68,32,283,1,587.705091,58.823439
69580,192,68,32,293,1,587.662786,58.819197
69590,198,83,37,319,1,587.621673,58.813637
69600,207,88,42,338,1,587.584212,58.808696
69610,189,88,40,318,1,587.547216,58.806170
69620,193,74,36,304,1,587.507695,58.802291
69630,187,72,35,295,1,587.466430,58.797478
69640,183,73,41,298,1,587.425075,58.793162
69650,183,75,41,300,1,587.382951,58.788094
69660,189,69,38,297,1,587.342027,58.785089
69670,197,61,34,293,1,587.299718,58.781607
69680,196,56,28,281,1,587.257342,58.778456
69690,207,51,28,287,1,587.213372,58.774216
69700,203,66,29,299,1,587.170879,58.768943
69710,193,78,29,301,1,587.129725,58.764732
69720,186,85,26,298,1,587.088565,58.760942
69730,209,90,29,329,1,587.048797,58.756027
69740,210,88,40,339,1,587.012801,58.752332
69750,206,79,37,323,1,586.976114,58.750339
69760,199,79,39,318,1,586.938270,58.747555
69770,210,73,37,321,1,586.900211,58.743738
69780,205,58,39,303,1,586.860509,58.740515
69790,232,60,48,341,1,586.822427,58.735516
69800,225,69,53,348,1,586.787988,58.731472
69810,214,85,56,356,1,586.754711,58.727544
69820,212,87,48,348,1,586.720416,58.723599
69830,206,86,47,340,1,586.685603,58.718845
69840,223,80,35,339,1,586.650550,58.716003
69850,220,88,35,344,1,586.614947,58.712011
69860,207,93,31,332,1,586.579413,58.708195
69870,196,98,34,329,1,586.543286,58.704320
69880,200,90,38,329,1,586.506737,58.700991
69890,208,68,48,325,1,586.470351,58.696838
69900,220,63,54,338,1,586.433629,58.691811
69910,237,66,53,357,1,586.398658,58.687968
69920,228,72,50,351,1,586.364726,58.684565
69930,244,84,49,378,1,586.332911,58.680618
69940,239,84,50,374,1,586.302367,58.676883
69950,240,91,52,384,1,586.272927,58.673426
69960,239,109,53,402,1,586.245617,58.669847
69970,243,99,52,395,1,586.218922,58.667673
69980,238,107,48,394,1,586.190956,58.664783
69990,234,109,43,387,1,586.163465,58.662613
70000,224,99,45,369,1,586.134040,58.661171
70010,222,100,48,371,1,586.101980,58.657369
70020,230,95,45,371,1,586.071237,58.654201
70030,256,100,43,400,1,586.042191,58.649360
70040,273,102,44,420,1,586.017474,58.645539
70050,282,114,47,444,1,585.995579,58.642001
70060,277,111,39,428,1,585.974257,58.640448
70070,268,112,43,424,1,585.951631,58.638680
70080,265,110,43,419,1,585.928589,58.635865
70090,252,106,47,406,1,585.903739,58.633540
70100,250,105,44,400,1,585.877349,58.630474
70110,263,108,45,417,1,585.851218,58.627016
70120,253,108,44,406,1,585.825733,58.626050
70130,255,104,51,411,1,585.800395,58.623424
70140,260,97,56,414,1,585.775680,58.620694
70150,262,94,55,412,1,585.750148,58.618969
70160,254,109,58,422,1,585.726504,58.616011
70170,264,105,57,427,1,585.703230,58.613676
70180,244,114,60,419,1,585.678995,58.610910
70190,240,126,65,432,1,585.655669,58.609405
70200,254,130,67,452,1,585.635120,58.605922
70210,275,132,66,474,1,585.618558,58.603173
70220,282,120,60,463,1,585.600792,58.601890
70230,265,113,59,438,1,585.581685,58.600890
70240,287,105,58,451,1,585.562562,58.598804
70250,283,107,50,441,1,585.542945,58.597419
70260,280,101,48,430,1,585.521521,58.595352
70270,271,106,45,423,1,585.498002,58.594077
70280,275,113,39,428,1,585.475509,58.591820
70290,259,111,35,406,1,585.451230,58.590635
70300,248,101,40,390,1,585.425025,58.588673
70310,250,101,38,390,1,585.397207,58.585466
70320,248,97,40,386,1,585.368283,58.582231
70330,247,90,44,382,1,585.339108,58.580555
70340,235,82,44,362,1,585.308068,58.578776
70350,224,88,48,361,1,585.277309,58.575691
70360,217,84,51,353,1,585.245420,58.572825
70370,223,96,51,371,1,585.212803,58.569971
70380,223,105,49,378,1,585.182099,58.567141
70390,231,107,48,387,1,585.152937,58.563549
70400,218,109,50,378,1,585.124522,58.560948
70410,223,100,44,368,1,585.095585,58.558211
70420,233,95,38,367,1,585.064746,58.556117
70430,230,87,29,347,1,585.032281,58.553443
70440,237,70,26,334,1,584.998210,58.550192
70450,246,76,29,352,1,584.963603,58.546472
70460,253,88,28,370,1,584.932288,58.541667
70470,254,89,29,373,1,584.901873,58.537868
70480,237,85,38,361,1,584.871396,58.535310
70490,238,73,47,359,1,584.839817,58.531395
70500,248,69,51,369,1,584.808557,58.528093
70510,242,82,47,372,1,584.778586,58.525336
70520,247,89,38,375,1,584.748693,58.523168
70530,255,92,42,390,1,584.718644,58.519656
70540,245,93,40,379,1,584.689589,58.516326
70550,237,87,43,368,1,584.658878,58.513661
70560,225,79,38,343,1,584.625918,58.511600
70570,220,88,45,354,1,584.592275,58.506982
70580,212,94,48,355,1,584.559558,58.503700
70590,218,103,51,373,1,584.528644,58.499936
70600,199,101,52,353,1,584.497903,58.498014
70610,194,98,43,336,1,584.463526,58.494981
70620,215,104,47,367,1,584.431135,58.491318
70630,223,96,44,364,1,584.400258,58.489132
70640,240,98,43,382,1,584.370539,58.484825
70650,247,91,45,384,1,584.341525,58.481915
70660,245,88,46,380,1,584.313017,58.479055
70670,244,94,50,389,1,584.285193,58.476512
70680,226,96,52,375,1,584.255964,58.474822
70690,236,93,46,376,1,584.227005,58.472413
70700,237,95,47,380,1,584.197859,58.469324
70710,239,93,52,385,1,584.169757,58.466256
70720,253,85,44,383,1,584.141972,58.463468
70730,251,94,47,393,1,584.114557,58.460469
70740,256,100,42,399,1,584.088774,58.457964
70750,248,96,30,375,1,584.059739,58.455548
70760,236,111,40,388,1,584.030772,58.450905
70770,225,113,41,380,1,584.002292,58.448296
70780,221,116,54,392,1,583.973387,58.444653
70790,230,116,60,407,1,583.947370,58.442125
70800,243,111,66,421,1,583.924424,58.439409
70810,246,103,69,419,1,583.901847,58.435904
70820,252,99,60,412,1,583.877614,58.433224
70830,251,108,56,416,1,583.853533,58.429900
70840,245,103,51,400,1,583.829244,58.428123
70850,256,105,53,415,1,583.803557,58.424638
70860,255,104,54,414,1,583.779272,58.421129
70870,263,97,63,424,1,583.755966,58.417553
70880,285,94,61,441,1,583.733887,58.413688
70890,302,95,51,449,1,583.714332,58.412138
70900,314,99,52,466,1,583.696055,58.409973
70910,323,113,54,491,1,583.681244,58.406013
70920,315,111,47,474,1,583.666057,58.404982
70930,310,113,52,476,1,583.650359,58.402829
70940,296,117,57,471,1,583.634148,58.400872
70950,309,110,53,473,1,583.618222,58.398285
70960,296,114,58,469,1,583.602491,58.396047
70970,302,118,61,482,1,583.587192,58.394758
70980,316,120,59,496,1,583.574252,58.393129
70990,310,108,61,480,1,583.560286,58.391809
71000,311,119,58,489,1,583.546638,58.389451
71010,319,120,57,497,1,583.534214,58.388203
71020,321,122,61,505,1,583.522381,58.386685
71030,331,108,59,499,1,583.511262,58.385403
71040,332,116,59,508,1,583.500416,58.383408
71050,318,115,63,497,1,583.488701,58.382396
71060,311,114,61,487,1,583.475947,58.381608
71070,299,120,62,482,1,583.462023,58.380457
71080,282,122,64,469,1,583.446682,58.379163
71090,294,122,59,476,1,583.430868,58.378316
71100,312,129,70,512,1,583.417587,58.374764
71110,319,122,75,517,1,583.409260,58.374172
71120,311,125,73,510,1,583.398862,58.372388
71130,292,112,81,486,1,583.386468,58.372129
71140,278,117,76,472,1,583.371525,58.370301
71150,276,122,75,474,1,583.354869,58.369286
71160,263,124,73,461,1,583.338402,58.368372
71170,265,119,65,450,1,583.320082,58.367765
71180,277,124,64,466,1,583.302914,58.365714
71190,283,117,61,462,1,583.286317,58.365525
71200,287,114,60,462,1,583.269942,58.364045
71210,293,115,62,471,1,583.253461,58.362145
71220,299,129,60,489,1,583.239009,58.359956
71230,305,121,58,485,1,583.226460,58.358859
71240,290,129,59,479,1,583.212162,58.357014
71250,293,140,64,498,1,583.198988,58.354953
71260,274,142,61,478,1,583.184952,58.355428
71270,281,128,64,474,1,583.170456,58.353808
71280,282,129,75,487,1,583.154936,58.351677
71290,289,124,75,489,1,583.141099,58.350615
71300,300,116,70,487,1,583.128390,58.349092
71310,310,109,76,496,1,583.115918,58.348167
71320,320,119,73,513,1,583.104693,58.346547
71330,334,124,69,528,1,583.096984,58.344789
71340,349,121,65,536,1,583.089555,58.344777
71350,334,117,70,522,1,583.082175,58.344279
71360,338,132,64,535,1,583.075395,58.343105
71370,357,135,59,552,1,583.069117,58.341081
71380,339,145,60,545,1,583.065122,58.340595
71390,341,150,64,556,1,583.060425,58.340120
71400,348,147,69,565,1,583.057980,58.339789
71410,366,140,77,584,1,583.056527,58.338167
71420,358,138,79,576,1,583.055104,58.338429
71430,354,132,82,569,1,583.052873,58.338364
71440,364,128,81,574,1,583.051722,58.339634
71450,345,133,77,556,1,583.048274,58.340019
71460,335,143,74,553,1,583.043162,58.338114
71470,326,153,77,557,1,583.038015,58.337839
71480,335,148,77,561,1,583.035696,58.337766
71490,327,152,70,550,1,583.030913,58.337936
71500,310,161,68,540,1,583.025569,58.337559
71510,312,152,70,535,1,583.019158,58.337648
71520,323,150,70,544,1,583.013833,58.337600
71530,325,148,63,537,1,583.008573,58.337884
71540,333,146,64,544,1,583.002042,58.337389
71550,353,138,66,558,1,582.997939,58.336728
71560,358,127,68,554,1,582.993481,58.337174
71570,336,138,63,538,1,582.989073,58.337136
71580,325,131,59,516,1,582.981826,58.338444
71590,319,121,54,495,1,582.970796,58.336519
71600,324,126,58,509,1,582.959695,58.335484
71610,324,138,60,523,1,582.950092,58.334110
71620,317,119,60,497,1,582.940297,58.333614
71630,320,127,64,512,1,582.929119,58.331593
71640,313,136,69,519,1,582.919049,58.331151
71650,314,134,70,519,1,582.910533,58.329478
71660,320,134,67,522,1,582.902297,58.328486
71670,333,146,71,551,1,582.896252,58.326736
71680,333,150,75,559,1,582.892263,58.327064
71690,347,143,75,566,1,582.889016,58.326734
71700,327,145,71,544,1,582.885436,58.327591
71710,320,131,75,527,1,582.879113,58.327279
71720,303,132,80,516,1,582.870145,58.326701
71730,307,131,77,516,1,582.860637,58.326639
71740,315,135,71,522,1,582.851802,58.325180
71750,320,134,69,524,1,582.844428,58.323705
71760,327,144,69,541,1,582.836268,58.321988
71770,348,146,67,562,1,582.832487,58.320466
71780,342,150,65,558,1,582.828860,58.319122
71790,348,139,63,551,1,582.824947,58.320189
71800,359,141,71,572,1,582.821989,58.318425
71810,355,133,73,562,1,582.819549,58.317850
71820,350,124,63,538,1,582.815894,58.318292
71830,354,119,66,540,1,582.809068,58.317198
71840,349,121,71,542,1,582.803902,58.316351
71850,353,128,65,547,1,582.798012,58.315350
71860,348,136,59,544,1,582.793301,58.314306
71870,339,139,56,535,1,582.788066,58.314264
71880,327,141,53,522,1,582.779965,58.313854
71890,312,120,52,485,1,582.768919,58.314611
71900,305,130,56,492,1,582.755537,58.313104
71910,302,131,55,489,1,582.742732,58.312792
71920,308,127,52,488,1,582.729694,58.311887
71930,304,128,52,485,1,582.716154,58.311419
71940,286,132,52,471,1,582.702162,58.311230
71950,291,136,56,484,1,582.688337,58.310571
71960,301,129,62,493,1,582.674978,58.308823
71970,298,133,58,490,1,582.662524,58.307409
71980,297,133,56,487,1,582.650513,58.305147
71990,322,127,58,508,1,582.638380,58.302307
72000,336,123,50,510,1,582.629346,58.301073
72010,323,118,48,490,1,582.617499,58.299963
72020,325,117,53,496,1,582.604266,58.298148
72030,313,113,47,474,1,582.590308,58.298204
72040,297,118,49,465,1,582.574712,58.295990
72050,292,119,56,468,1,582.558519,58.293555
72060,279,121,53,454,1,582.542799,58.293433
72070,266,131,52,450,1,582.524287,58.291414
72080,248,133,54,436,1,582.505353,58.289999
72090,246,136,51,434,1,582.484901,58.288028
72100,246,145,51,443,1,582.465211,58.285648
72110,263,150,50,464,1,582.446651,58.283057
72120,277,133,50,461,1,582.429872,58.281373
72130,279,121,48,449,1,582.413091,58.280012
72140,288,111,51,451,1,582.394919,58.278915
72150,291,109,59,460,1,582.377333,58.276180
72160,304,93,56,454,1,582.359750,58.275224
72170,285,96,53,435,1,582.341104,58.274160
72180,263,91,51,406,1,582.320156,58.272947
72190,264,102,48,415,1,582.296484,58.269684
72200,252,104,55,412,1,582.272770,58.267063
72210,255,101,63,420,1,582.249662,58.265472
72220,254,102,64,421,1,582.227085,58.263692
72230,263,95,67,426,1,582.206167,58.262723
72240,254,97,60,412,1,582.183970,58.261383
72250,258,100,56,415,1,582.160833,58.259465
72260,256,97,56,410,1,582.137140,58.256846
72270,268,102,53,424,1,582.114096,58.253566
72280,270,104,52,427,1,582.092114,58.250635
72290,261,97,54,413,1,582.069213,58.249466
72300,248,108,42,399,1,582.043909,58.246928
72310,248,103,44,396,1,582.018374,58.245253
72320,254,101,46,402,1,581.992350,58.243530
72330,261,100,46,408,1,581.967320,58.240455
72340,277,101,59,438,1,581.945355,58.236800
72350,266,103,61,431,1,581.924634,58.234157
72360,254,109,57,421,1,581.902934,58.232624
72370,257,112,53,423,1,581.880110,58.230978
72380,270,102,49,422,1,581.857533,58.229035
72390,248,99,49,397,1,581.833974,58.228120
72400,264,99,48,412,1,581.810763,58.224262
72410,250,92,54,397,1,581.786408,58.222945
72420,242,94,49,386,1,581.761008,58.221202
72430,248,90,39,378,1,581.733940,58.218567
72440,237,91,39,368,1,581.704329,58.216402
72450,252,89,35,377,1,581.674292,58.212344
72460,241,86,36,364,1,581.644622,58.210253
72470,249,81,43,374,1,581.614579,58.206677
72480,250,87,52,390,1,581.587277,58.202492
72490,228,91,61,381,1,581.560511,58.200450
72500,236,90,55,382,1,581.532098,58.197761
72510,235,89,45,370,1,581.504602,58.194843
72520,238,89,34,362,1,581.474080,58.192505
72530,247,100,36,384,1,581.445042,58.187425
72540,251,102,44,398,1,581.419090,58.184099
72550,247,96,49,393,1,581.394012,58.182146
72560,243,100,60,404,1,581.367989,58.178573
72570,263,96,60,420,1,581.344884,58.176495
72580,257,99,68,425,1,581.323562,58.173554
72590,249,100,61,411,1,581.301379,58.171649
72600,263,96,55,415,1,581.278726,58.169697
72610,267,103,60,431,1,581.257481,58.166603
72620,261,102,54,418,1,581.235388,58.164467
72630,264,104,49,418,1,581.211984,58.162440
72640,261,113,52,427,1,581.190204,58.161537
72650,272,104,52,429,1,581.169034,58.160213
72660,281,106,50,438,1,581.148443,58.157987
72670,275,108,53,437,1,581.128666,58.155601
72680,269,99,52,421,1,581.108640,58.154552
72690,274,98,51,424,1,581.087205,58.151920
72700,257,86,46,390,1,581.063296,58.150963
72710,261,73,43,378,1,581.036721,58.148777
72720,257,72,43,373,1,581.008999,58.146397
72730,222,79,50,352,1,580.978922,58.144581
72740,230,89,53,373,1,580.948727,58.140752
72750,238,97,50,386,1,580.920988,58.136610
72760,243,107,50,401,1,580.895143,58.133618
72770,240,99,47,387,1,580.869417,58.131597
72780,229,96,44,370,1,580.841710,58.130656
72790,213,102,46,362,1,580.812364,58.127074
72800,215,90,47,353,1,580.782133,58.125161
72810,212,89,47,349,1,580.750122,58.122989
72820,216,91,45,353,1,580.719135,58.119642
72830,236,87,43,367,1,580.689890,58.116788
72840,218,84,39,342,1,580.658213,58.115368
72850,233,89,35,358,1,580.626691,58.111328
72860,236,89,35,361,1,580.595713,58.108221
72870,236,90,37,364,1,580.565646,58.104088
72880,240,95,44,380,1,580.537649,58.100880
72890,235,94,45,375,1,580.510542,58.097363
72900,248,95,44,388,1,580.483928,58.093816
72910,252,93,47,393,1,580.458075,58.091143
72920,236,91,45,373,1,580.429775,58.089500
72930,223,91,43,358,1,580.400320,58.087423
72940,242,102,47,392,1,580.372239,58.084128
72950,232,108,40,381,1,580.345336,58.082066
72960,245,101,42,389,1,580.318230,58.079267
72970,245,100,48,394,1,580.291678,58.076285
72980,249,101,44,395,1,580.265985,58.073866
72990,241,95,51,388,1,580.239928,58.072128
73000,237,104,53,395,1,580.213982,58.069524
73010,241,94,42,378,1,580.188049,58.068037
73020,242,80,51,374,1,580.160537,58.064799
73030,241,80,51,373,1,580.132534,58.062865
73040,244,64,49,358,1,580.103274,58.060646
73050,224,71,51,347,1,580.073224,58.058029
73060,229,72,41,343,1,580.040486,58.054825
73070,202,75,34,312,1,580.006764,58.052635
73080,213,79,35,328,1,579.971341,58.049083
73090,199,78,37,315,1,579.935299,58.046025
73100,199,69,45,314,1,579.899470,58.041875
73110,200,63,41,305,1,579.862390,58.038157
73120,203,64,34,302,1,579.824136,58.034559
73130,183,66,28,278,1,579.784334,58.032395
73140,179,70,30,280,1,579.743683,58.029033
73150,169,68,38,276,1,579.702790,58.025330
73160,153,56,34,244,1,579.659243,58.022630
73170,152,64,29,246,1,579.612411,58.017062
73180,142,58,23,224,1,579.565725,58.013254
73190,133,55,21,210,1,579.516468,58.009664
73200,134,59,23,217,1,579.466248,58.004629
73210,136,56,18,211,1,579.416951,57.999449
73220,141,48,15,205,1,579.366301,57.993657
73230,124,58,24,207,1,579.314680,57.987690
73240,121,52,25,199,1,579.262309,57.982599
73250,129,59,17,206,1,579.211679,57.976572
73260,138,64,16,219,1,579.160550,57.970417
73270,143,62,25,231,1,579.112760,57.965389
73280,164,57,32,254,1,579.066609,57.959574
73290,163,59,30,253,1,579.022444,57.954434
73300,163,61,31,256,1,578.978248,57.950716
73310,164,67,35,267,1,578.934471,57.945536
73320,175,65,35,276,1,578.892135,57.941608
73330,164,64,29,258,1,578.849982,57.938251
73340,160,70,32,263,1,578.806707,57.933280
73350,174,61,36,272,1,578.765070,57.928789
73360,164,61,37,263,1,578.722267,57.924577
73370,156,72,42,271,1,578.679708,57.919125
73380,152,77,33,263,1,578.637093,57.914852
73390,157,77,38,273,1,578.595048,57.910874
73400,155,77,35,268,1,578.552181,57.906498
73410,168,70,35,274,1,578.511109,57.901275
73420,173,78,36,288,1,578.469972,57.896519
73430,180,67,35,283,1,578.430265,57.893959
73440,172,68,34,275,1,578.389099,57.890305
73450,165,61,28,255,1,578.346156,57.886394
73460,183,54,28,266,1,578.303290,57.880441
73470,180,43,31,255,1,578.260722,57.876173
73480,165,47,30,243,1,578.216170,57.872732
73490,153,62,27,243,1,578.169887,57.869039
73500,139,67,32,239,1,578.124810,57.864756
73510,148,56,26,231,1,578.077933,57.860845
73520,166,61,32,260,1,578.032226,57.855318
73530,173,56,32,262,1,577.988179,57.850902
73540,174,69,31,275,1,577.946085,57.845815
73550,185,76,24,286,1,577.906651,57.841468
73560,169,66,28,264,1,577.866218,57.838752
73570,165,66,33,265,1,577.824113,57.834688
73580,164,59,35,259,1,577.781944,57.831562
73590,163,70,36,270,1,577.739400,57.826903
73600,167,75,35,278,1,577.697254,57.821734
73610,171,79,36,287,1,577.657269,57.817567
73620,191,74,31,297,1,577.618506,57.813995
73630,209,65,36,311,1,577.581259,57.809788
73640,211,74,36,322,1,577.545817,57.805605
73650,226,79,46,352,1,577.513368,57.801879
73660,218,95,47,361,1,577.483960,57.797829
73670,223,94,43,361,1,577.454941,57.793898
73680,221,98,49,369,1,577.426070,57.790609
73690,219,105,50,375,1,577.398050,57.786464
73700,207,106,46,360,1,577.369469,57.784068
73710,223,92,38,354,1,577.339095,57.781100
73720,227,89,41,358,1,577.309261,57.777951
73730,239,97,47,384,1,577.281456,57.775397
73740,240,86,50,377,1,577.255396,57.772626
73750,228,101,51,381,1,577.228788,57.770662
73760,219,100,44,364,1,577.201219,57.768759
73770,220,92,39,352,1,577.171338,57.767250
73780,221,94,40,356,1,577.140891,57.763569
73790,230,98,43,372,1,577.111524,57.759292
73800,225,102,42,370,1,577.083310,57.757245
73810,229,102,40,372,1,577.055526,57.754379
73820,218,108,38,365,1,577.027179,57.751848
73830,231,94,46,372,1,576.999068,57.748245
73840,230,91,44,366,1,576.971075,57.745750
73850,244,91,44,380,1,576.943971,57.743109
73860,263,89,47,400,1,576.918895,57.739889
73870,277,97,42,417,1,576.895263,57.737204
73880,288,89,45,423,1,576.874252,57.734782
73890,299,95,43,438,1,576.853913,57.732818
73900,292,93,38,424,1,576.833122,57.731747
73910,278,90,37,406,1,576.810906,57.729908
73920,267,92,35,395,1,576.786917,57.728204
73930,247,96,42,386,1,576.762524,57.725991
73940,247,93,53,394,1,576.736685,57.723710
73950,242,94,49,386,1,576.712137,57.721325
73960,251,100,51,403,1,576.686704,57.717835
73970,258,92,46,397,1,576.662893,57.716070
73980,255,91,41,388,1,576.638585,57.714567
73990,252,96,47,396,1,576.614439,57.712066
74000,259,86,46,392,1,576.589427,57.709556
74010,254,92,48,395,1,576.565365,57.707062
74020,261,87,43,392,1,576.540432,57.704950
74030,247,89,37,374,1,576.514791,57.702845
74040,228,86,46,361,1,576.486774,57.700814
74050,229,83,50,363,1,576.458123,57.697783
74060,230,84,56,371,1,576.429700,57.694619
74070,231,78,51,361,1,576.401124,57.691752
74080,226,91,40,358,1,576.371627,57.689027
74090,215,93,48,357,1,576.342887,57.686377
74100,211,86,42,340,1,576.312328,57.683077
74110,192,87,49,329,1,576.280923,57.680706
74120,170,71,33,275,1,576.244279,57.679758
74130,149,62,29,241,1,576.201007,57.676743
74140,150,63,24,238,1,576.155432,57.672173
74150,151,64,24,240,1,576.109102,57.666827
74160,158,74,29,262,1,576.065198,57.661180
74170,151,70,30,252,1,576.022768,57.658170
74180,162,79,30,272,1,575.979941,57.652942
74190,175,75,30,281,1,575.940537,57.648135
74200,165,77,33,276,1,575.901168,57.644887
74210,167,66,33,267,1,575.860870,57.641002
74220,171,65,31,268,1,575.819090,57.636501
74230,189,61,30,281,1,575.778117,57.630994
74240,190,70,30,291,1,575.738421,57.627402
74250,198,59,30,288,1,575.699954,57.623545
74260,180,67,24,272,1,575.659822,57.619210
74270,194,75,21,291,1,575.621481,57.615520
74280,187,76,23,287,1,575.583016,57.611352
74290,203,72,31,307,1,575.545529,57.606739
74300,191,69,38,299,1,575.508730,57.603127
74310,185,61,36,283,1,575.469545,57.599586
74320,189,62,38,290,1,575.431352,57.595833
74330,174,74,34,283,1,575.393203,57.592085
74340,169,77,27,274,1,575.353077,57.588062
74350,171,70,20,262,1,575.312141,57.584345
74360,147,60,25,233,1,575.267568,57.580109
74370,138,57,37,233,1,575.221241,57.575155
74380,134,61,38,234,1,575.174663,57.570098
74390,149,63,32,245,1,575.129179,57.564842
74400,147,62,38,248,1,575.085391,57.559135
74410,139,68,33,241,1,575.039517,57.555234
74420,143,72,34,250,1,574.995598,57.550754
74430,151,72,33,257,1,574.952456,57.546352
74440,156,54,30,241,1,574.908487,57.542485
74450,156,61,32,250,1,574.863851,57.536928
74460,146,64,36,247,1,574.819981,57.533536
74470,140,67,38,246,1,574.775965,57.528195
74480,149,69,27,246,1,574.731621,57.523518
74490,136,59,28,224,1,574.685796,57.520007
74500,125,58,27,211,1,574.638189,57.515931
74510,121,53,24,199,1,574.588444,57.512412
74520,114,43,19,177,1,574.536935,57.507945
74530,124,49,17,191,1,574.484602,57.502468
74540,131,57,24,213,1,574.434497,57.497213
74550,142,56,22,221,1,574.386847,57.492823
74560,141,54,27,223,1,574.339841,57.488033
74570,153,56,23,233,1,574.293952,57.482970
74580,157,55,24,237,1,574.248490,57.477718
74590,151,44,33,229,1,574.202383,57.473250
74600,126,42,33,202,1,574.154898,57.469107
74610,136,54,24,215,1,574.105407,57.463144
74620,140,54,26,221,1,574.057851,57.457529
74630,128,59,30,218,1,574.009692,57.452009
74640,122,71,29,223,1,573.961985,57.446842
74650,137,63,28,229,1,573.915432,57.442021
74660,146,58,27,232,1,573.869929,57.438384
74670,144,67,29,241,1,573.824574,57.433684
74680,145,63,35,244,1,573.780479,57.430033
74690,154,62,34,251,1,573.737152,57.425921
74700,153,73,36,263,1,573.694368,57.421631
74710,160,73,37,271,1,573.652603,57.416752
74720,178,72,37,288,1,573.613700,57.412313
74730,168,74,35,278,1,573.574846,57.408494
74740,165,82,34,282,1,573.535544,57.403862
74750,148,85,29,263,1,573.495857,57.401035
74760,158,82,30,271,1,573.454518,57.396353
74770,166,80,31,278,1,573.415193,57.392641
74780,191,70,38,300,1,573.376879,57.387877
74790,199,63,42,305,1,573.340602,57.385008
74800,193,66,40,300,1,573.304468,57.382459
74810,197,72,38,308,1,573.267954,57.378490
74820,195,79,38,313,1,573.232768,57.375576
74830,194,80,32,307,1,573.197707,57.371906
74840,190,83,37,311,1,573.162262,57.368428
74850,203,86,33,323,1,573.128101,57.364388
74860,179,88,32,300,1,573.092550,57.362357
74870,187,76,31,295,1,573.056138,57.358168
74880,188,72,35,296,1,573.018983,57.354213
74890,209,69,36,315,1,572.983016,57.351066
74900,200,70,39,310,1,572.948419,57.347902
74910,214,68,40,323,1,572.913365,57.343620
74920,204,70,39,314,1,572.879939,57.341570
74930,216,85,36,338,1,572.847330,57.337992
74940,202,87,36,326,1,572.815078,57.335217
74950,166,74,37,278,1,572.778996,57.332670
74960,158,69,33,261,1,572.738188,57.329726
74970,163,63,25,252,1,572.696828,57.326038
74980,163,65,22,251,1,572.653335,57.321830
74990,160,66,28,255,1,572.611011,57.318351
75000,176,61,33,271,1,572.569855,57.313688
75010,175,59,36,271,1,572.530659,57.310445
75020,175,66,36,278,1,572.491413,57.306050
75030,160,61,36,258,1,572.451600,57.302822
75040,155,53,35,244,1,572.408488,57.299416
75050,156,57,38,252,1,572.365642,57.295730
75060,156,62,29,248,1,572.322761,57.292118
75070,166,68,23,258,1,572.279841,57.287660
75080,161,60,23,245,1,572.236232,57.283669
75090,164,59,30,254,1,572.192148,57.278942
75100,152,51,33,237,1,572.149066,57.275920
75110,143,57,34,235,1,572.104862,57.272021
75120,143,67,33,244,1,572.059690,57.266956
75130,134,64,35,234,1,572.015247,57.262270
75140,158,57,30,246,1,571.970842,57.256596
75150,174,59,30,264,1,571.928356,57.251878
75160,172,49,30,252,1,571.886729,57.248237
75170,183,51,36,271,1,571.844578,57.243247
75180,182,72,34,289,1,571.805430,57.238863
75190,165,70,38,274,1,571.766362,57.235630
75200,156,82,38,277,1,571.726980,57.231223
75210,151,91,37,280,1,571.687816,57.226685
75220,151,89,33,274,1,571.647559,57.222724
75230,170,83,36,290,1,571.609550,57.218759
75240,173,86,37,297,1,571.573166,57.214120
75250,184,81,37,303,1,571.537634,57.211469
75260,176,82,35,294,1,571.500852,57.208464
75270,197,73,46,317,1,571.466582,57.203428
75280,194,71,44,310,1,571.431764,57.200772
75290,189,69,51,310,1,571.396121,57.197349
75300,192,72,49,314,1,571.361532,57.194791
75310,176,81,45,303,1,571.326173,57.191852
75320,189,88,38,316,1,571.291327,57.187824
75330,186,87,33,307,1,571.255796,57.184715
75340,197,82,35,315,1,571.220287,57.180469
75350,186,75,41,303,1,571.186050,57.177870
75360,194,88,42,325,1,571.152690,57.174522
75370,191,99,39,330,1,571.119288,57.170715
75380,194,93,34,322,1,571.086571,57.167964
75390,191,83,36,311,1,571.052063,57.164350
75400,178,76,39,294,1,571.016156,57.160747
75410,175,85,48,309,1,570.981390,57.157259
75420,165,88,41,295,1,570.945128,57.155063
75430,175,83,49,308,1,570.909428,57.152619
75440,185,85,40,311,1,570.874147,57.149610
75450,191,89,32,313,1,570.840310,57.145607
75460,189,95,35,320,1,570.806241,57.142264
75470,198,95,39,333,1,570.774520,57.138778
75480,210,85,47,343,1,570.743245,57.134047
75490,198,90,42,331,1,570.712682,57.132268
75500,201,90,34,326,1,570.680168,57.129687
75510,195,99,38,333,1,570.647986,57.125775
75520,198,96,44,339,1,570.616779,57.122643
75530,201,84,43,329,1,570.585891,57.120678
75540,213,80,41,335,1,570.553966,57.116869
75550,211,74,41,327,1,570.522255,57.114443
75560,204,74,41,320,1,570.489595,57.111619
75570,201,70,40,312,1,570.456253,57.108197
75580,209,78,50,338,1,570.423524,57.103778
75590,218,78,47,344,1,570.392526,57.099381
75600,204,85,55,345,1,570.361831,57.096225
75610,187,79,58,325,1,570.330961,57.094790
75620,191,80,54,326,1,570.298123,57.091419
75630,201,80,53,335,1,570.266223,57.088746
75640,214,86,43,344,1,570.235674,57.084924
75650,212,93,35,341,1,570.205853,57.081779
75660,201,80,31,313,1,570.174088,57.080102
75670,191,84,32,308,1,570.139066,57.077720
75680,182,93,41,317,1,570.105579,57.073529
75690,196,84,41,322,1,570.073466,57.070004
75700,206,76,37,320,1,570.041753,57.067726
75710,225,73,31,330,1,570.009196,57.064534
75720,239,68,32,340,1,569.978845,57.061789
75730,231,78,37,347,1,569.948211,57.058789
75740,205,67,42,315,1,569.916366,57.056573
75750,192,80,48,321,1,569.883162,57.052939
75760,175,90,45,311,1,569.850007,57.049158
75770,169,101,31,302,1,569.815331,57.046206
75780,176,98,41,316,1,569.781538,57.043342
75790,173,88,43,305,1,569.747465,57.040600
75800,174,79,52,306,1,569.713396,57.036879
75810,190,85,51,327,1,569.680502,57.032900
75820,184,82,49,316,1,569.647516,57.030944
75830,178,84,49,312,1,569.614174,57.027899
75840,180,75,44,300,1,569.579627,57.025109
75850,200,77,47,325,1,569.546067,57.020761
75860,191,85,53,330,1,569.514661,57.017232
75870,205,89,48,343,1,569.484867,57.013488
75880,211,95,48,355,1,569.456465,57.010110
75890,218,86,46,351,1,569.428086,57.007185
75900,228,81,40,350,1,569.398312,57.005023
75910,238,75,48,362,1,569.370445,57.003277
75920,243,73,42,359,1,569.343195,57.001141
75930,247,77,46,371,1,569.317826,56.997916
75940,250,79,47,377,1,569.291867,56.996060
75950,248,86,44,379,1,569.265772,56.994040
75960,245,89,57,392,1,569.241940,56.991494
75970,281,91,53,426,1,569.220316,56.987894
75980,248,82,54,385,1,569.198536,56.985930
75990,250,81,44,376,1,569.173078,56.984423
76000,252,89,49,391,1,569.147688,56.980146
76010,254,101,47,403,1,569.125520,56.977093
76020,273,102,45,421,1,569.104891,56.974869
76030,252,93,47,393,1,569.083424,56.973011
76040,244,92,49,386,1,569.059253,56.970883
76050,232,95,46,374,1,569.034697,56.969541
76060,224,106,50,381,1,569.009509,56.966786
76070,236,101,49,387,1,568.985339,56.965407
76080,227,107,40,375,1,568.961194,56.963056
76090,219,103,44,367,1,568.934679,56.961142
76100,216,96,42,355,1,568.907899,56.957777
76110,221,83,42,347,1,568.879027,56.953829
76120,198,81,34,314,1,568.847124,56.952424
76130,194,86,31,312,1,568.813926,56.949091
76140,177,94,30,302,1,568.780378,56.945798
76150,178,91,35,305,1,568.745565,56.942454
76160,204,86,38,329,1,568.713745,56.938211
76170,201,75,31,308,1,568.681150,56.935837
76180,195,66,28,290,1,568.645294,56.933660
76190,188,66,32,287,1,568.609163,56.930856
76200,198,74,32,305,1,568.573661,56.926694
76210,193,82,38,314,1,568.539747,56.923589
76220,197,88,38,324,1,568.506226,56.919401
76230,193,79,45,318,1,568.473586,56.916348
76240,179,78,41,299,1,568.439695,56.913095
76250,182,82,44,309,1,568.405210,56.909783
76260,177,79,35,292,1,568.370148,56.906712
76270,190,71,40,302,1,568.334512,56.902910
76280,206,78,44,329,1,568.302369,56.898339
76290,205,73,46,325,1,568.270777,56.895540
76300,210,79,44,334,1,568.239448,56.892395
76310,210,82,41,334,1,568.209087,56.889420
76320,217,96,38,352,1,568.179788,56.885508
76330,192,97,37,327,1,568.149528,56.883738
76340,197,96,38,332,1,568.118239,56.879999
76350,212,88,42,343,1,568.087261,56.875323
76360,225,84,37,347,1,568.057995,56.872086
76370,225,84,44,354,1,568.029975,56.869197
76380,222,81,38,342,1,568.001211,56.867278
76390,211,84,44,340,1,567.971505,56.865860
76400,216,79,52,348,1,567.941906,56.862440
76410,223,85,48,357,1,567.913910,56.859480
76420,220,74,53,348,1,567.886120,56.857359
76430,215,78,55,349,1,567.856418,56.854525
76440,246,91,53,391,1,567.830537,56.849616
76450,221,93,46,361,1,567.806362,56.847634
76460,215,93,39,348,1,567.777942,56.845226
76470,199,95,37,332,1,567.747599,56.843594
76480,197,100,37,335,1,567.717397,56.840561
76490,185,103,39,328,1,567.686890,56.837869
76500,183,100,32,316,1,567.655025,56.834521
76510,193,88,39,321,1,567.622491,56.830883
76520,205,79,38,323,1,567.589671,56.827960
76530,216,72,33,322,1,567.557539,56.824659
76540,212,70,36,319,1,567.525831,56.821401
76550,214,74,45,334,1,567.494337,56.816827
76560,209,76,57,343,1,567.464415,56.814045
76570,205,80,53,339,1,567.434040,56.811070
76580,200,77,41,319,1,567.403464,56.808445
76590,200,82,32,315,1,567.371794,56.804820
76600,212,80,38,331,1,567.339695,56.801375
76610,210,85,42,338,1,567.309708,56.798141
76620,212,85,42,340,1,567.280595,56.795885
76630,201,90,45,337,1,567.250041,56.792818
76640,217,99,44,361,1,567.221589,56.788402
76650,218,99,51,369,1,567.195354,56.785099
76660,197,97,50,345,1,567.167938,56.783903
76670,196,96,53,346,1,567.139504,56.780603
76680,194,83,45,323,1,567.108461,56.778450
76690,195,81,47,324,1,567.076048,56.775937
76700,202,78,44,325,1,567.044562,56.772850
76710,191,82,52,326,1,567.013236,56.769705
76720,194,87,49,331,1,566.982239,56.765778
76730,180,77,42,300,1,566.949162,56.763420
76740,175,80,36,292,1,566.913778,56.759942
76750,185,79,34,299,1,566.878133,56.756735
76760,186,77,34,298,1,566.843102,56.753737
76770,199,60,28,288,1,566.807643,56.751214
76780,193,53,31,278,1,566.770433,56.748589
76790,194,55,31,281,1,566.733183,56.744998
76800,194,69,37,301,1,566.697700,56.739586
76810,185,78,34,298,1,566.663802,56.736775
76820,188,82,37,308,1,566.629811,56.732697
76830,189,90,35,315,1,566.596072,56.729384
76840,187,79,30,297,1,566.561589,56.726366
76850,188,79,30,298,1,566.526689,56.722566
76860,192,71,34,298,1,566.492337,56.718601
76870,175,68,43,287,1,566.456067,56.715403
76880,194,75,49,319,1,566.422140,56.711111
76890,189,76,47,313,1,566.389687,56.707853
76900,213,78,43,335,1,566.357629,56.703453
76910,216,80,47,344,1,566.329890,56.700593
76920,210,77,49,337,1,566.300325,56.696444
76930,203,82,47,333,1,566.270353,56.692697
76940,227,88,41,357,1,566.241582,56.688849
76950,238,101,39,379,1,566.215674,56.686541
76960,253,107,37,398,1,566.192429,56.683690
76970,248,108,38,395,1,566.169821,56.681639
76980,242,104,39,386,1,566.146395,56.679580
76990,245,96,38,380,1,566.122511,56.677033
77000,235,90,33,359,1,566.096303,56.675433
77010,241,84,37,363,1,566.069743,56.672986
77020,249,95,36,381,1,566.044303,56.669326
77030,234,90,41,366,1,566.018760,56.666907
77040,238,92,39,370,1,565.993149,56.664408
77050,218,87,44,350,1,565.965686,56.662681
77060,232,90,48,371,1,565.939584,56.658955
77070,250,97,47,395,1,565.915636,56.656034
77080,253,106,41,401,1,565.893532,56.652930
77090,250,117,39,407,1,565.872199,56.651006
77100,242,112,44,399,1,565.851256,56.650005
77110,253,113,41,408,1,565.830688,56.647643
77120,250,122,47,420,1,565.810373,56.646116
77130,251,116,53,421,1,565.791685,56.644604
77140,269,119,51,440,1,565.773428,56.642474
77150,257,120,48,426,1,565.756836,56.641392
77160,273,109,49,432,1,565.739630,56.638559
77170,271,92,54,418,1,565.720895,56.637262
77180,263,79,50,393,1,565.700011,56.635751
77190,249,77,48,375,1,565.676509,56.634712
77200,242,75,45,363,1,565.650868,56.632576
77210,246,95,39,381,1,565.624972,56.628580
77220,224,94,41,360,1,565.599358,56.627035
77230,215,88,40,344,1,565.571820,56.625150
77240,237,89,45,372,1,565.545529,56.621701
77250,236,82,45,364,1,565.520539,56.619925
77260,246,85,46,378,1,565.495616,56.617054
77270,240,91,47,379,1,565.470972,56.614137
77280,212,92,39,344,1,565.444099,56.613272
77290,220,90,32,343,1,565.415754,56.611012
77300,207,81,35,324,1,565.385792,56.608883
77310,219,80,33,333,1,565.355355,56.605973
77320,220,83,39,343,1,565.326321,56.602837
77330,214,81,37,333,1,565.297042,56.600336
77340,197,80,38,316,1,565.265473,56.597972
77350,177,87,39,304,1,565.233315,56.594889
77360,187,84,40,312,1,565.199008,56.591079
77370,178,91,42,312,1,565.166953,56.588519
77380,172,87,44,304,1,565.133387,56.585222
77390,172,93,48,314,1,565.100092,56.581732
77400,168,87,41,297,1,565.066269,56.578703
77410,180,92,36,309,1,565.032440,56.574721
77420,190,93,41,325,1,565.000742,56.569928
77430,183,87,33,304,1,564.968160,56.567169
77440,175,83,34,293,1,564.933831,56.564234
77450,173,79,33,286,1,564.898853,56.560723
77460,168,77,37,283,1,564.861870,56.558035
77470,163,71,36,271,1,564.825004,56.554773
77480,175,68,30,274,1,564.787819,56.550967
77490,179,63,32,275,1,564.750279,56.547199
77500,181,61,36,279,1,564.712909,56.543667
77510,183,75,42,301,1,564.677833,56.538977
77520,175,80,43,299,1,564.642489,56.536889
77530,184,86,50,321,1,564.609318,56.532974
77540,191,83,49,324,1,564.577890,56.530913
77550,213,70,51,335,1,564.547797,56.527380
77560,214,78,42,335,1,564.518314,56.523761
77570,214,75,46,336,1,564.489711,56.519867
77580,207,82,44,334,1,564.460389,56.516047
77590,211,67,45,324,1,564.430750,56.513653
77600,204,69,40,314,1,564.399320,56.510789
77610,213,71,43,328,1,564.367654,56.506297
77620,215,73,47,336,1,564.338674,56.503459
77630,207,76,45,329,1,564.307889,56.501170
77640,222,85,50,358,1,564.278924,56.497605
77650,225,79,46,351,1,564.252374,56.495229
77660,229,86,44,360,1,564.225089,56.492270
77670,227,86,41,355,1,564.198350,56.489510
77680,217,77,38,333,1,564.169781,56.487224
77690,213,87,43,344,1,564.140936,56.483380
77700,222,82,33,338,1,564.113243,56.480671
77710,212,74,31,318,1,564.083762,56.479093
77720,216,85,30,332,1,564.053161,56.475584
77730,204,84,44,333,1,564.023380,56.472083
77740,212,89,50,352,1,563.995343,56.469413
77750,212,85,51,349,1,563.967887,56.467673
77760,203,79,54,337,1,563.938993,56.465207
77770,194,78,44,317,1,563.909040,56.463362
77780,196,85,54,336,1,563.878406,56.459050
77790,203,83,48,335,1,563.849920,56.455098
77800,195,96,50,342,1,563.821005,56.452267
77810,215,103,43,362,1,563.793524,56.448707
77820,203,105,47,356,1,563.767179,56.445480
77830,207,92,49,349,1,563.739628,56.442640
77840,202,83,46,332,1,563.711789,56.441295
77850,202,78,41,322,1,563.680933,56.439068
77860,205,73,38,317,1,563.650244,56.436059
77870,209,74,40,324,1,563.617863,56.432009
77880,204,75,42,322,1,563.586808,56.428746
77890,189,77,38,305,1,563.554966,56.426274
77900,177,78,34,290,1,563.519772,56.422814
77910,187,88,32,308,1,563.486434,56.418524
77920,182,90,37,310,1,563.454144,56.415572
77930,172,82,34,289,1,563.420327,56.412902
77940,169,79,32,281,1,563.384276,56.409863
77950,172,72,29,274,1,563.347659,56.406549
77960,170,78,32,281,1,563.310802,56.403574
77970,178,75,34,288,1,563.274848,56.399458
77980,168,71,26,266,1,563.237614,56.396952
77990,199,69,29,298,1,563.200158,56.392106
78000,192,63,28,284,1,563.164386,56.389818
78010,179,59,30,269,1,563.127667,56.386493
78020,172,78,27,278,1,563.089511,56.381650
78030,176,78,25,280,1,563.052714,56.377957
78040,186,79,21,287,1,563.016460,56.375113
78050,191,71,23,286,1,562.980798,56.370882
78060,183,78,25,287,1,562.945655,56.368004
78070,171,80,30,282,1,562.909434,56.365091
78080,157,81,46,285,1,562.873687,56.360851
78090,172,83,41,297,1,562.838858,56.356849
78100,174,74,44,293,1,562.804331,56.352949
78110,182,80,33,296,1,562.769822,56.349484
78120,199,75,41,316,1,562.737538,56.346314
78130,215,82,40,338,1,562.707837,56.342393
78140,194,86,42,323,1,562.678439,56.339295
78150,189,94,40,324,1,562.647686,56.336063
78160,180,90,37,308,1,562.617153,56.333141
78170,189,86,40,316,1,562.585111,56.329995
78180,186,86,43,316,1,562.553181,56.326934
78190,185,82,48,316,1,562.521396,56.323958
78200,191,83,56,331,1,562.490365,56.320265
78210,204,83,51,339,1,562.460273,56.315801
78220,213,90,41,345,1,562.432023,56.312964
78230,206,90,39,336,1,562.403655,56.309970
78240,199,77,36,313,1,562.373108,56.307335
78250,187,73,38,299,1,562.340398,56.304700
78260,184,62,43,290,1,562.305819,56.301588
78270,180,64,40,285,1,562.270929,56.298158
78280,191,67,36,295,1,562.235556,56.294031
78290,194,63,30,288,1,562.200517,56.291450
78300,178,58,32,269,1,562.164282,56.288100
78310,151,54,29,235,1,562.123617,56.285243
78320,127,59,30,217,1,562.079948,56.281293
78330,127,53,29,210,1,562.035882,56.276871
78340,123,63,26,213,1,561.990897,56.272717
78350,129,65,24,219,1,561.946707,56.267995
78360,137,53,25,216,1,561.901833,56.264715
78370,90,37,27,155,1,561.854199,56.261661
78380,71,35,28,135,1,561.801991,56.257501
78390,94,41,19,155,1,561.748085,56.252021
78400,103,43,15,162,1,561.696029,56.246440
78410,111,42,23,177,1,561.645417,56.240931
78420,110,44,18,173,1,561.596342,56.236653
78430,106,46,19,172,1,561.547299,56.232307
78440,120,46,21,188,1,561.499306,56.227132
78450,144,51,24,220,1,561.453180,56.220853
78460,153,51,31,236,1,561.409671,56.215553
78470,162,52,26,241,1,561.368960,56.210750
78480,138,44,27,210,1,561.325878,56.206857
78490,124,51,32,208,1,561.280030,56.203045
78500,133,54,24,212,1,561.235750,56.199104
78510,140,60,27,228,1,561.192190,56.193872
78520,134,52,28,215,1,561.148490,56.190633
78530,138,55,26,220,1,561.104464,56.186143
78540,166,56,31,254,1,561.063308,56.180723
78550,162,52,37,252,1,561.024536,56.176975
78560,156,57,41,255,1,560.985129,56.172089
78570,157,62,37,257,1,560.946627,56.167580
78580,167,61,33,262,1,560.908705,56.163416
78590,157,66,24,248,1,560.869983,56.159672
78600,149,70,28,248,1,560.829768,56.155565
78610,148,61,37,247,1,560.790460,56.150690
78620,144,43,31,219,1,560.748326,56.147749
78630,146,41,27,215,1,560.704823,56.143384
78640,114,53,24,192,1,560.659828,56.140370
78650,107,57,17,182,1,560.612264,56.135884
78660,131,48,20,200,1,560.565720,56.130142
78670,128,49,29,207,1,560.520103,56.125779
78680,127,51,25,204,1,560.474968,56.121750
78690,139,42,17,199,1,560.428621,56.116886
78700,134,38,19,192,1,560.382669,56.112489
78710,146,38,29,214,1,560.337860,56.107279
78720,129,48,31,209,1,560.293384,56.102745
78730,119,51,25,196,1,560.249103,56.099586
78740,131,39,23,194,1,560.202566,56.095702
78750,118,44,20,183,1,560.154381,56.091652
78760,119,51,29,200,1,560.107949,56.086208
78770,127,43,28,199,1,560.061836,56.081795
78780,143,57,24,225,1,560.017780,56.077088
78790,132,61,29,223,1,559.975222,56.072461
78800,134,55,30,220,1,559.932640,56.068259
78810,149,55,35,240,1,559.890413,56.063166
78820,150,44,36,231,1,559.849372,56.059973
78830,131,55,28,215,1,559.807672,56.055859
78840,138,72,24,235,1,559.765784,56.050801
78850,128,67,24,220,1,559.722432,56.046735
78860,143,63,26,233,1,559.680147,56.041851
78870,145,55,27,228,1,559.638845,56.038133
78880,166,66,35,268,1,559.599317,56.032245
78890,164,75,40,280,1,559.563880,56.027977
78900,156,62,31,250,1,559.526420,56.025496
78910,167,70,34,272,1,559.488150,56.020731
78920,154,59,40,254,1,559.450279,56.017712
78930,149,44,41,235,1,559.410570,56.013869
78940,156,45,35,237,1,559.369312,56.010226
78950,145,64,29,239,1,559.328983,56.006178
78960,131,66,26,224,1,559.286831,56.002516
78970,128,53,26,208,1,559.243280,55.999424
78980,119,41,19,180,1,559.197478,55.996319
78990,115,38,19,173,1,559.148582,55.992691
79000,109,45,19,174,1,559.098858,55.987276
79010,97,47,18,163,1,559.049455,55.981822
79020,90,43,23,157,1,558.999320,55.977147
79030,78,34,13,126,1,558.945431,55.973230
79040,90,26,24,141,1,558.891511,55.967182
79050,85,37,18,141,1,558.839071,55.961708
79060,77,39,11,128,1,558.785507,55.957185
79070,76,30,12,119,1,558.729810,55.952448
79080,67,30,21,119,1,558.674770,55.947351
79090,56,25,19,101,1,558.618754,55.942652
79100,63,20,9,93,1,558.560485,55.936807
79110,48,19,16,84,1,558.500068,55.931454
79120,65,19,6,91,1,558.439707,55.924904
79130,70,24,13,108,1,558.382040,55.917915
79140,71,30,16,118,1,558.325595,55.911686
79150,58,31,15,105,1,558.269238,55.906457
79160,61,19,13,94,1,558.211611,55.900888
79170,61,21,16,99,1,558.152921,55.894011
79180,41,19,20,81,1,558.094021,55.889092
79190,29,26,10,66,1,558.032168,55.882888
79200,48,18,5,72,1,557.970788,55.876166
79210,43,16,11,71,1,557.909144,55.869771
79220,38,12,11,62,1,557.846536,55.863421
79230,35,16,10,62,1,557.783842,55.857274
79240,43,20,10,74,1,557.722314,55.850114
79250,54,20,11,86,1,557.661502,55.842745
79260,52,21,8,82,1,557.602030,55.837626
79270,55,14,17,87,1,557.543130,55.831507
79280,46,31,13,91,1,557.483718,55.825054
79290,65,24,17,107,1,557.426467,55.818395
79300,64,18,8,91,1,557.368008,55.813095
79310,56,15,13,85,1,557.309459,55.807152
79320,62,22,12,97,1,557.250290,55.801077
79330,52,25,9,87,1,557.192149,55.795597
79340,74,23,12,110,1,557.133894,55.789472
79350,75,16,18,110,1,557.077130,55.783638
79360,62,33,13,109,1,557.020585,55.778107
79370,80,35,21,137,1,556.965651,55.771189
79380,77,24,23,125,1,556.911500,55.767023
79390,82,40,24,147,1,556.858773,55.761101
79400,92,35,19,147,1,556.806684,55.756438
79410,86,29,18,134,1,556.754947,55.751810
79420,89,35,21,146,1,556.703085,55.745483
79430,90,36,19,146,1,556.651069,55.740054
79440,98,35,21,155,1,556.599392,55.733956
79450,113,35,16,165,1,556.548587,55.729141
79460,140,45,23,209,1,556.502525,55.723185
79470,137,48,28,214,1,556.459117,55.719391
79480,142,52,32,227,1,556.416294,55.714041
79490,142,47,30,220,1,556.374500,55.710268
79500,157,54,23,235,1,556.333903,55.706615
79510,143,61,28,233,1,556.292744,55.702905
79520,140,61,22,224,1,556.250854,55.698351
79530,140,58,23,222,1,556.208965,55.694988
79540,134,44,26,205,1,556.165901,55.691088
79550,127,61,29,218,1,556.122987,55.686781
79560,123,64,29,217,1,556.080761,55.682684
79570,125,69,25,220,1,556.037998,55.677481
79580,141,73,27,242,1,555.997069,55.672533
79590,155,64,31,251,1,555.959391,55.668401
79600,164,60,36,261,1,555.922110,55.664799
79610,146,64,31,242,1,555.883303,55.661884
79620,157,64,29,251,1,555.843857,55.657435
79630,153,70,32,256,1,555.805503,55.653796
79640,159,63,32,255,1,555.767463,55.650117
79650,175,64,32,272,1,555.730591,55.645926
79660,183,64,30,278,1,555.695890,55.642093
79670,173,71,30,275,1,555.661077,55.639227
79680,171,78,26,276,1,555.626066,55.635782
79690,176,77,36,290,1,555.591459,55.632447
79700,171,71,39,282,1,555.557306,55.629647
79710,157,71,33,262,1,555.522298,55.626902
79720,159,73,24,257,1,555.485469,55.623274
79730,172,70,24,267,1,555.449457,55.618471
79740,161,76,29,267,1,555.413633,55.615573
79750,179,77,34,291,1,555.378559,55.611633
79760,163,51,37,252,1,555.342354,55.609185
79770,169,46,38,254,1,555.304497,55.605036
79780,158,54,33,246,1,555.266415,55.601283
79790,143,49,32,225,1,555.225675,55.597473
79800,167,55,37,260,1,555.186656,55.592162
79810,198,62,37,298,1,555.151985,55.586519
79820,207,61,31,300,1,555.119814,55.582940
79830,196,55,37,289,1,555.086783,55.579833
79840,194,58,39,292,1,555.052682,55.575991
79850,193,59,51,304,1,555.021439,55.572227
79860,175,58,50,284,1,554.988511,55.569409
79870,174,60,53,288,1,554.954423,55.565569
79880,163,63,46,273,1,554.919174,55.562379
79890,156,71,43,271,1,554.883720,55.559517
79900,152,69,29,251,1,554.847552,55.556652
79910,163,71,31,266,1,554.809558,55.551795
79920,174,74,31,280,1,554.774256,55.548042
79930,184,73,33,291,1,554.740480,55.544095
79940,178,78,33,290,1,554.708830,55.540987
79950,162,77,33,273,1,554.674393,55.538712
79960,146,71,36,254,1,554.638272,55.535991
79970,159,76,36,272,1,554.601828,55.531776
79980,168,67,40,276,1,554.566508,55.528717
79990,185,61,38,285,1,554.531700,55.525084
80000,187,57,38,283,1,554.498026,55.522120
80010,190,69,44,304,1,554.464889,55.518307
80020,201,87,42,331,1,554.434889,55.514321
80030,202,99,47,349,1,554.408694,55.511412
80040,213,98,39,351,1,554.383664,55.508688
80050,220,92,40,353,1,554.358038,55.506253
80060,225,93,45,364,1,554.333456,55.503783
80070,223,87,45,356,1,554.308947,55.501042
80080,198,90,44,333,1,554.282232,55.499052
80090,202,86,42,331,1,554.254630,55.496349
80100,198,84,50,333,1,554.226843,55.492934
80110,191,98,39,329,1,554.198835,55.491230
80120,185,100,38,324,1,554.170981,55.488502
80130,176,93,43,313,1,554.141514,55.486860
80140,174,101,30,306,1,554.111153,55.483949
80150,174,97,36,308,1,554.080299,55.480227
80160,186,92,36,315,1,554.049978,55.476766
80170,182,80,42,305,1,554.019509,55.475023
80180,189,79,39,308,1,553.989356,55.472202
80190,196,82,36,315,1,553.958680,55.468913
80200,186,91,39,317,1,553.928240,55.466410
80210,188,91,35,315,1,553.898387,55.463412
80220,193,80,37,311,1,553.869445,55.461197
80230,206,78,48,333,1,553.839978,55.457476
80240,197,65,49,312,1,553.810541,55.455695
80250,222,69,50,342,1,553.782762,55.452143
80260,221,73,42,337,1,553.755846,55.448955
80270,209,75,39,324,1,553.727626,55.446189
80280,200,82,39,322,1,553.699118,55.443740
80290,192,82,30,305,1,553.668756,55.440760
80300,185,66,30,282,1,553.636768,55.438861
80310,175,63,36,275,1,553.603556,55.435595
80320,181,58,44,284,1,553.569652,55.431569
80330,182,80,35,298,1,553.536043,55.427503
80340,187,89,29,306,1,553.504296,55.424039
80350,183,99,27,310,1,553.473409,55.420108
80360,175,74,24,274,1,553.440648,55.417647
80370,188,74,26,289,1,553.407380,55.414099
80380,197,77,33,308,1,553.375423,55.410890
80390,218,84,36,339,1,553.346165,55.406709
80400,205,87,33,326,1,553.318477,55.403859
80410,213,88,30,332,1,553.290689,55.401826
80420,203,80,37,321,1,553.263023,55.398702
80430,205,85,38,329,1,553.234464,55.396730
80440,211,88,36,336,1,553.206403,55.393497
80450,210,90,36,337,1,553.178983,55.390743
80460,196,89,40,326,1,553.151207,55.389055
80470,177,82,43,303,1,553.121275,55.386049
80480,173,74,38,286,1,553.089527,55.383481
80490,184,72,32,289,1,553.057391,55.379703
80500,178,70,23,272,1,553.022331,55.376734
80510,155,68,29,253,1,552.985961,55.374253
80520,146,63,36,246,1,552.947496,55.370805
80530,143,72,35,251,1,552.909178,55.366339
80540,148,74,34,257,1,552.872161,55.362898
80550,134,65,27,227,1,552.832186,55.359505
80560,139,60,17,217,1,552.792130,55.355898
80570,130,61,26,218,1,552.751500,55.351957
80580,134,60,27,222,1,552.709784,55.348045
80590,134,57,32,224,1,552.670070,55.343096
80600,142,59,39,241,1,552.630346,55.338834
80610,162,55,26,244,1,552.592622,55.334978
80620,167,64,24,256,1,552.554601,55.331505
80630,167,60,18,246,1,552.518442,55.328218
80640,176,60,33,270,1,552.480613,55.323527
80650,168,60,37,266,1,552.445251,55.321420
80660,163,61,35,260,1,552.409463,55.317689
80670,164,62,32,259,1,552.372920,55.314363
80680,168,61,27,257,1,552.337089,55.310766
80690,159,66,27,253,1,552.300864,55.306854
80700,155,69,30,255,1,552.264089,55.302132
80710,139,73,30,243,1,552.226610,55.298850
80720,136,60,32,229,1,552.187787,55.294747
80730,137,54,39,231,1,552.147949,55.291366
80740,136,50,30,217,1,552.107546,55.287996
80750,148,49,23,221,1,552.067303,55.283065
80760,129,60,24,214,1,552.025796,55.279654
80770,118,47,22,188,1,551.982254,55.276380
80780,127,46,22,196,1,551.938188,55.273191
80790,125,38,18,182,1,551.893197,55.269224
80800,137,44,23,205,1,551.848920,55.263547
80810,121,57,26,205,1,551.806719,55.258695
80820,111,39,27,178,1,551.762815,55.254014
80830,112,38,27,178,1,551.716116,55.250013
80840,103,37,22,163,1,551.668659,55.245593
80850,110,36,21,168,1,551.620407,55.241025
80860,103,36,23,163,1,551.572738,55.236515
80870,99,43,21,164,1,551.524488,55.232494
80880,102,47,23,173,1,551.477411,55.227017
80890,105,31,28,165,1,551.429868,55.222656
80900,108,38,27,174,1,551.382670,55.217647
80910,104,45,25,175,1,551.336100,55.213315
80920,118,45,22,186,1,551.288948,55.208788
80930,119,49,21,190,1,551.244680,55.204072
80940,100,44,25,170,1,551.198035,55.200415
80950,114,48,18,181,1,551.150911,55.194320
80960,115,48,24,188,1,551.105416,55.189754
80970,122,50,32,205,1,551.061308,55.184576
80980,113,52,23,189,1,551.017430,55.180992
80990,109,46,18,174,1,550.972057,55.176711
81000,113,41,15,170,1,550.925214,55.172215
81010,103,41,24,169,1,550.877867,55.167122
81020,91,36,28,156,1,550.829975,55.162112
81030,91,31,17,140,1,550.780185,55.157457
81040,84,33,15,133,1,550.728660,55.153241
81050,86,29,16,132,1,550.677404,55.148303
81060,75,30,16,122,1,550.625410,55.142881
81070,70,27,16,114,1,550.572585,55.137922
81080,61,28,14,104,1,550.518082,55.132862
81090,79,31,10,121,1,550.463796,55.127211
81100,87,35,14,137,1,550.411209,55.122615
81110,90,31,15,137,1,550.359644,55.116693
81120,94,33,18,146,1,550.308601,55.110754
81130,102,31,20,154,1,550.259250,55.104850
81140,114,30,24,169,1,550.211842,55.099617
81150,106,38,20,165,1,550.165485,55.095509
81160,116,44,21,182,1,550.119733,55.090373
81170,122,42,21,186,1,550.074169,55.085869
81180,148,40,19,208,1,550.030029,55.080216
81190,159,40,19,219,1,549.987921,55.075718
81200,144,48,19,212,1,549.946733,55.071787
81210,135,55,17,208,1,549.904875,55.067790
81220,147,58,18,224,1,549.863344,55.062739
81230,139,56,26,222,1,549.822845,55.059556
81240,143,48,37,229,1,549.783211,55.054492
81250,152,49,31,233,1,549.744550,55.050475
81260,128,49,24,202,1,549.703607,55.047180
81270,122,54,27,204,1,549.661129,55.042849
81280,127,56,26,210,1,549.619448,55.038937
81290,132,49,27,209,1,549.577840,55.034829
81300,131,48,25,205,1,549.534809,55.030917
81310,134,42,24,201,1,549.492294,55.026582
81320,132,41,25,199,1,549.448841,55.022289
81330,139,50,25,215,1,549.406593,55.017710
81340,136,49,23,209,1,549.365673,55.012180
81350,126,47,27,201,1,549.322600,55.008535
81360,119,43,27,190,1,549.279640,55.005036
81370,120,47,21,189,1,549.235284,55.000788
81380,112,44,27,184,1,549.190176,54.996058
81390,111,54,33,199,1,549.145139,54.992147
81400,99,51,28,179,1,549.101060,54.988265
81410,112,53,26,192,1,549.056522,54.983728
81420,132,56,29,218,1,549.013863,54.979108
81430,135,52,31,219,1,548.973139,54.974547
81440,115,53,25,194,1,548.931023,54.970455
81450,108,53,26,188,1,548.887098,54.966858
81460,110,43,24,178,1,548.842648,54.962735
81470,114,47,25,187,1,548.797355,54.958054
81480,109,47,36,193,1,548.753394,54.953507
81490,125,49,28,203,1,548.709445,54.948421
81500,130,54,18,203,1,548.667744,54.944573
81510,138,55,24,218,1,548.625372,54.938566
81520,139,65,28,233,1,548.585151,54.933989
81530,125,58,24,208,1,548.544863,54.930755
81540,130,59,23,213,1,548.503675,54.927498
81550,139,61,19,220,1,548.462996,54.922808
81560,169,65,18,253,1,548.425159,54.917863
81570,175,56,26,258,1,548.389458,54.914211
81580,174,55,30,260,1,548.354792,54.910259
81590,174,50,39,264,1,548.320210,54.907191
81600,151,42,34,228,1,548.283194,54.903745
81610,141,48,38,228,1,548.244258,54.899365
81620,152,52,42,247,1,548.206145,54.894462
81630,139,59,28,227,1,548.168008,54.891442
81640,133,52,27,213,1,548.127558,54.888257
81650,129,45,24,199,1,548.085411,54.884297
81660,126,57,19,203,1,548.043335,54.879805
81670,129,62,25,217,1,548.001825,54.875908
81680,139,61,23,224,1,547.961134,54.871959
81690,127,55,25,208,1,547.920253,54.868394
81700,127,63,24,215,1,547.878723,54.863553
81710,132,59,20,212,1,547.837812,54.859313
81720,131,55,27,214,1,547.796850,54.855067
81730,140,55,26,222,1,547.757080,54.851143
81740,138,59,32,230,1,547.716961,54.846982
81750,134,46,37,218,1,547.677108,54.843183
81760,135,46,32,214,1,547.636243,54.838746
81770,129,55,28,213,1,547.595900,54.834697
81780,133,52,27,213,1,547.555053,54.830866
81790,131,58,22,212,1,547.513876,54.827002
81800,144,56,26,227,1,547.473930,54.823194
81810,141,45,21,208,1,547.433541,54.819744
81820,132,50,26,209,1,547.392485,54.815489
81830,121,48,32,202,1,547.350215,54.811448
81840,138,43,20,202,1,547.308065,54.807486
81850,122,53,24,200,1,547.265330,54.803197
81860,126,56,28,211,1,547.222657,54.798244
81870,140,61,22,224,1,547.182740,54.793232
81880,127,60,23,211,1,547.142509,54.789865
81890,129,52,30,212,1,547.101319,54.785329
81900,114,46,25,186,1,547.058427,54.781024
81910,105,50,18,174,1,547.013470,54.776446
81920,103,51,17,172,1,546.967778,54.771862
81930,96,47,21,165,1,546.922548,54.767056
81940,105,40,23,169,1,546.876804,54.763403
81950,110,46,23,180,1,546.831316,54.757768
81960,101,43,22,167,1,546.785357,54.753892
81970,101,46,17,165,1,546.739432,54.750154
81980,100,39,28,168,1,546.693351,54.744995
81990,96,47,25,169,1,546.647906,54.740034
82000,100,46,24,171,1,546.602066,54.735234
82010,109,43,27,180,1,546.556832,54.729626
82020,138,48,30,217,1,546.514840,54.724477
82030,159,55,31,246,1,546.476134,54.719657
82040,132,57,24,214,1,546.439096,54.717676
82050,151,57,26,235,1,546.400064,54.712490
82060,153,60,30,244,1,546.363112,54.707980
82070,145,70,24,240,1,546.325861,54.704441
82080,148,59,17,225,1,546.287206,54.700362
82090,148,49,27,225,1,546.248553,54.696683
82100,141,59,26,227,1,546.209436,54.693291
82110,131,56,32,220,1,546.170501,54.690050
82120,129,52,36,218,1,546.131188,54.685838
82130,110,57,29,197,1,546.089768,54.681482
82140,109,49,28,187,1,546.046233,54.677580
82150,106,41,26,174,1,546.001538,54.672696
82160,128,42,17,188,1,545.956447,54.667506
82170,104,52,22,179,1,545.912509,54.663230
82180,106,54,24,185,1,545.868650,54.658497
82190,109,42,20,172,1,545.823682,54.654385
82200,97,33,18,149,1,545.776472,54.650448
82210,100,27,21,149,1,545.727983,54.645850
82220,89,31,20,141,1,545.678981,54.641600
82230,89,36,18,144,1,545.630672,54.637020
82240,78,28,13,120,1,545.580216,54.633555
82250,85,35,22,143,1,545.530288,54.628679
82260,95,30,20,146,1,545.481329,54.623235
82270,81,23,17,122,1,545.430930,54.618378
82280,65,25,21,112,1,545.378730,54.613740
82290,72,37,15,125,1,545.326806,54.608465
82300,64,30,14,109,1,545.274369,54.603005
82310,62,26,12,101,1,545.221309,54.598414
82320,74,31,13,119,1,545.167599,54.592627
82330,66,31,18,116,1,545.115263,54.587244
82340,71,35,11,118,1,545.063743,54.581279
82350,85,25,16,127,1,545.011285,54.576017
82360,85,32,20,138,1,544.961212,54.570994
82370,94,22,18,135,1,544.911799,54.566103
82380,80,35,10,126,1,544.862086,54.561116
82390,90,22,18,131,1,544.812454,54.556468
82400,71,25,23,120,1,544.761966,54.551934
82410,77,34,18,130,1,544.711128,54.547231
82420,84,24,17,126,1,544.660783,54.542644
82430,84,34,18,137,1,544.610538,54.537339
82440,88,39,15,143,1,544.561084,54.532244
82450,85,38,23,147,1,544.512134,54.527002
82460,81,36,25,143,1,544.464779,54.522516
82470,91,36,23,151,1,544.417494,54.517639
82480,88,39,18,146,1,544.369595,54.513694
82490,87,31,14,133,1,544.320016,54.509315
82500,96,39,21,157,1,544.272100,54.503250
82510,102,31,18,152,1,544.225369,54.498760
82520,104,41,25,171,1,544.179179,54.493398
82530,100,48,24,173,1,544.134275,54.489090
82540,112,50,19,182,1,544.090122,54.484131
82550,122,51,15,189,1,544.047246,54.479498
82560,119,45,19,184,1,544.004165,54.475043
82570,112,38,21,172,1,543.959643,54.471566
82580,129,43,20,193,1,543.916538,54.466844
82590,115,49,17,182,1,543.873620,54.462735
82600,113,52,20,186,1,543.830015,54.458756
82610,109,43,20,173,1,543.786057,54.454939
82620,105,33,21,160,1,543.740822,54.450994
82630,98,32,18,149,1,543.692130,54.445778
82640,80,32,16,129,1,543.643096,54.440991
82650,98,31,22,152,1,543.594008,54.435010
82660,87,24,24,136,1,543.545629,54.429893
82670,103,28,18,150,1,543.497130,54.424566
82680,103,36,15,155,1,543.449886,54.420287
82690,109,34,24,168,1,543.404421,54.415066
82700,114,49,27,191,1,543.360177,54.408980
82710,110,49,22,182,1,543.317162,54.404268
82720,119,46,18,184,1,543.273191,54.399396
82730,125,51,22,199,1,543.231534,54.394294
82740,153,48,31,233,1,543.191751,54.388788
82750,151,57,27,236,1,543.154288,54.385226
82760,162,53,29,245,1,543.117615,54.381348
82770,162,59,30,252,1,543.081728,54.378470
82780,164,57,33,255,1,543.046116,54.375356
82790,162,66,33,262,1,543.011840,54.372047
82800,162,62,35,260,1,542.977336,54.368583
82810,176,65,40,282,1,542.944930,54.365067
82820,174,57,43,275,1,542.913323,54.363143
82830,157,58,41,257,1,542.880168,54.360603
82840,175,55,40,271,1,542.846233,54.357064
82850,189,53,36,279,1,542.814489,54.353220
82860,183,48,40,272,1,542.783345,54.349765
82870,201,64,46,312,1,542.753447,54.345317
82880,192,70,47,310,1,542.724534,54.343661
82890,179,67,45,292,1,542.695413,54.342247
82900,193,62,39,295,1,542.666174,54.338982
82910,184,61,34,280,1,542.635517,54.336888
82920,181,72,28,282,1,542.604352,54.333102
82930,159,75,26,261,1,542.571419,54.330386
82940,152,64,26,243,1,542.536550,54.327279
82950,132,56,31,220,1,542.498959,54.324227
82960,131,55,29,216,1,542.460663,54.321892
82970,121,48,25,195,1,542.419667,54.317974
82980,126,32,26,185,1,542.377147,54.313969
82990,131,37,28,197,1,542.334928,54.308683
83000,132,50,26,209,1,542.295075,54.303897
83010,131,40,18,190,1,542.253719,54.301123
83020,121,38,19,179,1,542.210602,54.297516
83030,105,47,21,174,1,542.166409,54.292558
83040,112,24,18,155,1,542.120333,54.287934
83050,101,37,17,156,1,542.074421,54.283393
83060,97,34,19,151,1,542.027212,54.278395
83070,101,35,21,158,1,541.980131,54.273017
83080,95,30,17,143,1,541.933169,54.269090
83090,93,35,23,152,1,541.885487,54.263717
83100,89,24,27,141,1,541.838414,54.259452
83110,88,35,23,147,1,541.790572,54.255437
83120,92,38,15,146,1,541.742885,54.250390
83130,102,40,16,159,1,541.695645,54.245651
83140,106,32,13,152,1,541.648997,54.241427
83150,89,32,13,135,1,541.600955,54.237587
83160,76,34,12,123,1,541.551963,54.233325
83170,59,29,13,102,1,541.499800,54.228875
83180,58,30,14,103,1,541.446608,54.223734
83190,62,29,13,105,1,541.394329,54.218489
83200,57,25,7,90,1,541.340966,54.214049
83210,54,18,17,90,1,541.287656,54.208179
83220,48,15,6,70,1,541.232578,54.202719
83230,28,17,7,53,1,541.174565,54.197617
83240,33,14,6,54,1,541.116135,54.192212
83250,48,21,13,83,1,541.058764,54.185348
83260,49,28,12,90,1,541.003798,54.180681
83270,81,25,7,114,1,540.950436,54.173894
83280,82,27,10,120,1,540.899083,54.168351
83290,65,19,17,102,1,540.847856,54.164123
83300,67,18,7,93,1,540.793779,54.159544
83310,55,24,5,85,1,540.739603,54.154565
83320,55,16,16,88,1,540.684893,54.149011
83330,33,10,8,52,1,540.628264,54.143785
83340,27,12,9,49,1,540.569481,54.137758
83350,14,9,6,30,1,540.509351,54.132312
83360,12,2,3,18,1,540.447995,54.126418
83370,9,6,1,17,1,540.385616,54.119575
83380,1,0,1,3,1,540.321682,54.114073
83390,5,1,0,7,1,540.257219,54.108387
83400,9,5,1,16,1,540.193764,54.101957
83410,15,8,3,27,1,540.131664,54.095078
83420,8,2,0,11,1,540.068534,54.089265
83430,6,7,2,16,1,540.004808,54.083067
83440,5,4,2,12,1,539.941653,54.076667
83450,9,2,2,14,1,539.878390,54.070386
83460,6,6,1,14,1,539.815091,54.064037
83470,12,2,2,17,1,539.752086,54.057717
83480,2,1,0,4,1,539.688749,54.051882
83490,1,0,0,2,1,539.624672,54.046038
83500,0,0,0,1,1,539.560750,54.039237
83510,2,0,2,5,1,539.496967,54.032256
83520,7,0,3,11,1,539.433534,54.026865
83530,13,2,0,16,1,539.371152,54.020413
83540,8,0,0,9,1,539.308180,54.013901
83550,0,0,0,0,0,539.243923,54.008621
83560,8,7,3,19,1,539.181409,54.001379
83570,28,7,6,42,1,539.120723,53.994968
83580,20,7,6,34,1,539.060406,53.988140
83590,12,3,4,20,1,538.998565,53.982842
83600,19,3,3,26,1,538.936102,53.976124
83610,11,0,2,14,1,538.873313,53.969373
83620,4,5,0,10,1,538.810120,53.963487
83630,4,5,1,11,1,538.747635,53.957930
83640,0,0,0,0,0,538.683995,53.952579
83650,16,8,2,27,1,538.620619,53.945124
83660,9,8,5,23,1,538.559414,53.939113
83670,8,1,2,12,1,538.497072,53.932537
83680,1,1,1,4,1,538.433540,53.927067
83690,8,5,2,16,1,538.371265,53.920497
83700,5,3,1,10,1,538.309312,53.914928
83710,15,3,1,20,1,538.245981,53.907930
83720,14,7,6,28,1,538.184733,53.901528
83730,25,13,7,46,1,538.124301,53.895852
83740,22,10,8,41,1,538.066156,53.889825
83750,25,10,2,38,1,538.007284,53.883725
83760,25,17,1,44,1,537.948241,53.877867
83770,27,11,5,44,1,537.889788,53.871229
83780,26,8,11,46,1,537.831762,53.865601
83790,23,10,10,44,1,537.773191,53.859532
83800,8,6,2,17,1,537.712563,53.854480
83810,11,10,5,27,1,537.651170,53.847742
83820,5,5,2,13,1,537.589034,53.842925
83830,5,5,1,12,1,537.526315,53.837147
83840,7,3,0,11,1,537.464045,53.831415
83850,4,4,1,10,1,537.400587,53.825371
83860,4,0,1,6,1,537.337576,53.819371
83870,6,7,1,15,1,537.274504,53.812143
83880,1,1,2,5,1,537.211597,53.805511
83890,2,1,0,4,1,537.148341,53.799551
83900,7,0,0,8,1,537.085160,53.792571
83910,3,2,2,8,1,537.022828,53.786254
83920,4,1,1,7,1,536.960462,53.779997
83930,9,7,5,22,1,536.897829,53.772688
83940,8,6,3,18,1,536.835842,53.766405
83950,10,2,2,15,1,536.773129,53.761141
83960,7,1,1,10,1,536.710646,53.755321
83970,12,6,3,22,1,536.648703,53.749171
83980,14,12,4,31,1,536.588018,53.742442
83990,14,5,3,23,1,536.527850,53.736663
84000,27,6,8,42,1,536.469264,53.729952
84010,22,12,2,37,1,536.410027,53.725034
84020,28,11,10,50,1,536.351161,53.719704
84030,33,17,8,59,1,536.293440,53.713785
84040,36,13,15,65,1,536.236747,53.708353
84050,32,16,7,56,1,536.180042,53.702535
84060,29,9,5,44,1,536.122152,53.697111
84070,30,8,4,43,1,536.064003,53.691725
84080,40,18,7,66,1,536.005887,53.684870
84090,39,17,4,61,1,535.949845,53.678736
84100,33,13,6,53,1,535.892980,53.673478
84110,56,14,10,81,1,535.836793,53.666051
84120,50,28,12,91,1,535.783299,53.660364
84130,53,28,15,97,1,535.731055,53.654292
84140,60,20,16,97,1,535.679465,53.649115
84150,60,23,18,102,1,535.627279,53.643815
84160,64,23,11,99,1,535.575179,53.638971
84170,58,26,12,97,1,535.522565,53.633692
84180,59,32,12,104,1,535.470059,53.628168
84190,50,23,17,91,1,535.418185,53.623729
84200,78,28,15,122,1,535.367717,53.617708
84210,86,39,9,135,1,535.319175,53.612837
84220,79,26,19,125,1,535.271578,53.607550
84230,56,33,13,103,1,535.220968,53.603237
84240,75,25,13,114,1,535.171204,53.597224
84250,76,31,13,121,1,535.121741,53.591878
84260,63,21,18,103,1,535.070753,53.587017
84270,80,12,18,111,1,535.019810,53.582160
84280,67,33,8,109,1,534.969519,53.576732
84290,80,29,12,122,1,534.919786,53.570915
84300,79,23,8,111,1,534.869748,53.566976
84310,57,26,12,96,1,534.819070,53.562273
84320,52,21,13,87,1,534.765562,53.556523
84330,67,24,10,102,1,534.712689,53.551091
84340,59,26,11,97,1,534.661109,53.546806
84350,64,32,14,111,1,534.609693,53.540884
84360,79,22,19,121,1,534.560925,53.534783
84370,73,27,16,117,1,534.510900,53.529636
84380,77,28,10,116,1,534.461052,53.524699
84390,84,36,20,141,1,534.413331,53.519720
84400,82,31,23,137,1,534.367172,53.515659
84410,88,29,25,143,1,534.320300,53.510702
84420,80,35,22,138,1,534.274191,53.505123
84430,94,34,20,149,1,534.228146,53.499423
84440,89,41,21,152,1,534.182208,53.493989
84450,95,41,17,154,1,534.136342,53.489324
84460,89,42,21,153,1,534.091187,53.484983
84470,95,30,18,144,1,534.046090,53.480394
84480,85,25,12,123,1,533.997473,53.476595
84490,83,41,19,144,1,533.949919,53.471823
84500,95,22,14,132,1,533.902928,53.466918
84510,65,30,20,116,1,533.854715,53.462018
84520,70,23,11,105,1,533.803878,53.456791
84530,63,22,18,104,1,533.753058,53.451882
84540,90,21,8,120,1,533.703927,53.446130
84550,69,27,11,108,1,533.654395,53.441984
84560,59,30,8,98,1,533.603351,53.437496
84570,62,22,12,97,1,533.551820,53.432453
84580,61,21,12,95,1,533.500444,53.427299
84590,68,18,12,99,1,533.448134,53.421608
84600,49,14,10,74,1,533.395689,53.416979
84610,39,19,10,69,1,533.341101,53.411440
84620,41,10,6,58,1,533.285201,53.405580
84630,38,13,6,58,1,533.229022,53.401398
84640,42,20,8,71,1,533.174043,53.395883
84650,30,5,5,41,1,533.116732,53.390387
84660,30,10,7,48,1,533.059426,53.385586
84670,39,14,7,61,1,533.003035,53.379550
84680,27,21,11,60,1,532.947419,53.374287
84690,45,8,6,60,1,532.892011,53.368854
84700,34,11,7,53,1,532.835547,53.363632
84710,40,14,9,64,1,532.779461,53.358131
84720,27,4,6,38,1,532.722368,53.353035
84730,16,6,5,28,1,532.663854,53.347732
84740,8,4,0,13,1,532.603408,53.341858
84750,1,0,0,2,1,532.541232,53.337134
84760,4,2,0,7,1,532.478826,53.331315
84770,2,0,0,3,1,532.416631,53.325517
84780,5,1,0,7,1,532.354993,53.319649
84790,0,0,0,0,0,532.293818,53.313574
84800,18,6,5,30,1,532.233021,53.306594
84810,17,8,6,32,1,532.174006,53.300988
84820,25,13,6,45,1,532.115264,53.294339
84830,16,5,8,30,1,532.057357,53.289159
84840,33,17,5,56,1,532.000028,53.283156
84850,42,17,6,66,1,531.944405,53.276946
84860,51,16,13,81,1,531.890698,53.270803
84870,50,22,9,82,1,531.837954,53.265259
84880,53,22,10,86,1,531.786016,53.258728
84890,53,23,16,93,1,531.733786,53.253174
84900,58,25,14,98,1,531.682778,53.248056
84910,47,21,10,79,1,531.630744,53.242961
84920,47,17,12,77,1,531.577967,53.237603
84930,51,17,9,78,1,531.524126,53.232766
84940,38,26,7,72,1,531.470185,53.228045
84950,32,11,9,53,1,531.415479,53.223435
84960,33,20,7,61,1,531.359685,53.218339
84970,40,27,8,76,1,531.305417,53.212832
84980,37,21,12,71,1,531.251169,53.207012
84990,39,14,8,62,1,531.195454,53.201360
85000,49,21,5,76,1,531.140639,53.194858
85010,50,21,13,85,1,531.088609,53.189700
85020,56,22,7,86,1,531.035871,53.183970
85030,41,14,9,65,1,530.982455,53.179425
85040,42,14,14,71,1,530.928062,53.173529
85050,47,15,9,72,1,530.874734,53.167678
85060,51,17,13,82,1,530.821211,53.161056
85070,67,12,5,85,1,530.768278,53.156560
85080,45,24,6,76,1,530.714459,53.152286
85090,47,22,4,74,1,530.661218,53.148321
85100,58,22,12,93,1,530.608502,53.142906
85110,86,28,11,126,1,530.558851,53.136736
85120,87,27,11,126,1,530.511429,53.131477
85130,84,25,13,123,1,530.463301,53.126397
85140,84,22,19,126,1,530.416044,53.121842
85150,75,23,14,113,1,530.367943,53.117703
85160,73,30,16,120,1,530.319024,53.112669
85170,68,32,16,117,1,530.270276,53.107340
85180,64,27,17,109,1,530.221165,53.102475
85190,62,28,15,106,1,530.172160,53.097932
85200,70,35,28,134,1,530.124478,53.092460
85210,79,46,19,145,1,530.078350,53.087270
85220,93,39,23,156,1,530.033906,53.082497
85230,95,35,21,152,1,529.989678,53.078308
85240,99,48,17,165,1,529.946016,53.072741
85250,114,51,16,182,1,529.904805,53.067795
85260,108,53,21,183,1,529.864381,53.064298
85270,81,34,26,142,1,529.821369,53.061228
85280,89,22,31,143,1,529.776139,53.056564
85290,93,35,26,155,1,529.731575,53.051407
85300,86,35,19,141,1,529.687034,53.047186
85310,84,35,19,139,1,529.641810,53.042710
85320,79,26,17,123,1,529.595877,53.038474
85330,78,38,28,145,1,529.549348,53.032996
85340,87,37,30,155,1,529.504695,53.028141
85350,94,29,22,146,1,529.460850,53.024239
85360,81,35,14,131,1,529.415638,53.020013
85370,78,26,15,120,1,529.367792,53.015399
85380,77,14,11,103,1,529.318610,53.011459
85390,68,30,15,114,1,529.268814,53.006338
85400,92,37,21,151,1,529.223059,52.999882
85410,86,40,19,146,1,529.178376,52.994776
85420,99,32,18,150,1,529.134094,52.989712
85430,95,32,16,144,1,529.089081,52.985195
85440,79,29,20,129,1,529.044046,52.981483
85450,78,31,28,138,1,528.998803,52.976198
85460,85,29,21,136,1,528.953340,52.971512
85470,81,40,27,149,1,528.908548,52.966087
85480,105,36,21,163,1,528.864951,52.961340
85490,98,34,19,152,1,528.820899,52.957540
85500,98,31,17,147,1,528.776610,52.954398
85510,94,31,25,151,1,528.732052,52.949555
85520,97,36,18,152,1,528.687762,52.945297
85530,99,40,9,149,1,528.642709,52.940714
85540,89,39,13,142,1,528.597773,52.936391
85550,84,22,17,124,1,528.550801,52.932174
85560,72,30,17,120,1,528.502867,52.927302
85570,64,35,13,113,1,528.455393,52.923034
85580,66,20,17,104,1,528.406204,52.918099
85590,52,30,19,102,1,528.356512,52.912680
85600,74,28,7,110,1,528.307745,52.908221
85610,62,26,18,107,1,528.258195,52.903311
85620,51,25,22,99,1,528.207942,52.898393
85630,68,31,14,114,1,528.158297,52.892794
85640,57,25,11,94,1,528.109220,52.888303
85650,50,21,10,82,1,528.057710,52.883383
85660,53,20,5,79,1,528.005427,52.878818
85670,49,19,8,77,1,527.952795,52.873167
85680,48,26,12,87,1,527.901071,52.867298
85690,62,23,11,97,1,527.850210,52.862010
85700,85,32,13,131,1,527.802565,52.855500
85710,100,35,22,158,1,527.758339,52.850630
85720,110,33,24,168,1,527.716775,52.846212
85730,108,39,18,166,1,527.674684,52.841680
85740,90,38,19,148,1,527.631923,52.837883
85750,78,35,24,138,1,527.586387,52.833129
85760,76,42,27,146,1,527.541879,52.828663
85770,92,35,17,145,1,527.498158,52.824523
85780,105,48,16,170,1,527.455661,52.819518
85790,118,50,14,183,1,527.414937,52.815123
85800,99,46,15,161,1,527.373258,52.811742
85810,107,41,22,171,1,527.330749,52.807415
85820,117,28,24,170,1,527.289541,52.803095
85830,115,33,19,168,1,527.247742,52.798962
85840,114,34,13,162,1,527.205636,52.794429
85850,99,37,19,156,1,527.162150,52.790004
85860,74,33,19,127,1,527.117239,52.786976
85870,84,31,14,130,1,527.070774,52.782437
85880,64,32,20,117,1,527.023799,52.778032
85890,79,29,15,124,1,526.976138,52.773988
85900,83,38,20,142,1,526.929631,52.769322
85910,86,29,18,134,1,526.884260,52.765261
85920,84,36,12,133,1,526.838441,52.760479
85930,85,31,19,136,1,526.792985,52.756164
85940,78,25,18,122,1,526.746436,52.751985
85950,64,28,17,110,1,526.697958,52.747552
85960,82,28,12,123,1,526.650270,52.742644
85970,78,32,17,128,1,526.603841,52.738538
85980,66,34,17,118,1,526.556661,52.734172
85990,79,32,22,134,1,526.509691,52.729029
86000,83,35,13,132,1,526.463817,52.724610
86010,76,23,11,111,1,526.416690,52.719943
86020,42,20,7,70,1,526.366142,52.716897
86030,45,20,7,73,1,526.312260,52.711491
86040,32,18,10,61,1,526.259033,52.706151
86050,53,21,12,87,1,526.206287,52.700062
86060,62,21,18,102,1,526.156332,52.694988
86070,79,30,18,128,1,526.108563,52.689398
86080,77,27,27,132,1,526.062595,52.684601
86090,94,34,20,149,1,526.018161,52.679100
86100,98,34,19,152,1,525.974244,52.674570
86110,89,27,22,139,1,525.930096,52.670201
86120,75,45,15,136,1,525.884903,52.665605
86130,89,33,21,144,1,525.840655,52.661532
86140,80,31,16,128,1,525.795504,52.657369
86150,97,29,17,144,1,525.750515,52.652487
86160,89,38,18,146,1,525.706337,52.647503
86170,114,41,16,172,1,525.664248,52.642361
86180,112,38,19,170,1,525.622486,52.638170
86190,107,39,21,168,1,525.580417,52.633643
86200,110,42,22,175,1,525.539761,52.629929
86210,109,33,19,162,1,525.499261,52.626659
86220,115,37,15,168,1,525.457575,52.622842
86230,102,37,12,152,1,525.414977,52.619545
86240,102,36,22,161,1,525.370414,52.615012
86250,86,40,19,146,1,525.326475,52.611824
86260,80,39,16,136,1,525.282030,52.607547
86270,93,36,21,151,1,525.238305,52.603464
86280,109,35,22,167,1,525.196144,52.598988
86290,101,44,15,161,1,525.154134,52.594284
86300,99,42,21,163,1,525.112744,52.589885
86310,93,32,20,146,1,525.069554,52.586344
86320,101,44,22,168,1,525.027752,52.581477
86330,111,47,17,176,1,524.987083,52.576663
86340,125,47,16,189,1,524.946955,52.572513
86350,135,43,27,206,1,524.909331,52.568004
86360,124,44,30,199,1,524.871186,52.565334
86370,117,50,25,193,1,524.833017,52.561685
86380,135,62,20,218,1,524.796375,52.557458
86390,134,53,14,202,1,524.759749,52.554268
86400,126,45,12,184,1,524.721054,52.551906
